Location,Permission,Fishing_Ground,Facilitated.by,Dive_Site,Transect,lat,lon,aca_geomorphology,slope_mean_2020_bio_oracle_3,terrain_ruggedness_index_2020_bio_oracle_3,topographic_position_index_2020_bio_oracle_3,DESIG,ADOPT_2024,Median..year.,Timescale..years.,NO_TAKE,NO_TK_AREA,STATUS_YR,Geomorphology,OBJECTI,grav_NC,pop_cnt,nm_prts,reef_vl,sedimnt,nutrint,cml_scr,tp_thrt,Region,is_bcu,grv_NC_,pp_cnt_,nm_prt_,rf_vl_r,sdmnt_r,ntrnt_r,score,scoreth,scorpfc,scoretr,scorecn,scorecy,biomass_kg,biomass_kg_ha,abundance_ind_250m2,FRic,FEve,FDiv,FDis,RaoQ,Year,dhw_max_6_year_max,dhw_max_6_year_mean,sst_mean_6_year_mean,sst_median_6_year_mean,sst_q90_6_year_mean,sst_sd_6_year_mean,andrello_sediments,closest_ID,closest_Lat,closest_Lon,Grav_tot,cryptoBRout,crypto5BRout,crypto15BRout,pareBRout,pare5BRout,pare15BRout,residBRout,resid15BRout,resid35BRout,transiBRout,transi15BRout,transi35BRout,cryptoBROF,crypto5BROF,crypto15BROF,pareBROF,pare5BROF,pare15BROF,residBROF,resid15BROF,resid35BROF,transiBROF,transi15BROF,transi35BROF,cryptoBRbtw,crypto5BRbtw,crypto15BRbtw,pareBRbtw,pare5BRbtw,pare15BRbtw,residBRbtw,resid15BRbtw,resid35BRbtw,transiBRbtw,transi15BRbtw,transi35BRbtw,cryptoBRin,crypto5BRin,crypto15BRin,pareBRin,pare5BRin,pare15BRin,residBRin,resid15BRin,resid35BRin,transiBRin,transi15BRin,transi35BRin,cryptoBRIF,crypto5BRIF,crypto15BRIF,pareBRIF,pare5BRIF,pare15BRIF,residBRIF,resid15BRIF,resid35BRIF,transiBRIF,transi15BRIF,transi35BRIF,cryptoLR,crypto5LR,crypto15LR,pare5LR,pare15LR,pareLR,transiLR,transi15LR,transi35LR,residLR,resid15LR,resid35LR
Kadavu,Ono,Kadavu 1,FLMMA/Kokomo,Birdland,KAD_BIRD_Transect 1,-18.84763115,178.5021932,Back Reef Slope,1.3203984,99.25547,89.51445,Locally Managed Marine Area,2005-2009,2007,18,Part,19.22,1985,Back Reef Slope,49542,0.571425896,0.535405524,0,0,0.599143004,0.545648849,0.375270546,Sediments,Melanesia,non-refugia,1.160336377,293.8462265,0,0,4.663125992,0.000226514,-0.05091,-0.68252,0.13163,-0.09355,-0.01837,-0.11807,1.451507947,58.06031789,66,3.45E-17,0.693077301,0.922580016,0.188832049,0.038823021,2024,7.5160098,4.1760702,27.2834,27.252199,28.9597,1.27774,13.862197,V9899,-18.82,178.6,7,11,61,12,10,43,49,10,70,14,0,11,0,110,1943,533,272,1854,993,180,582,29,0,327,0,466.6647753,8223.666704,2819.25,2362.177247,798.2307055,308.5110462,3265.276875,1710.998474,15598.87571,0,4196.587701,0,67,50,6,52,30,35,52,102,52,24,54,34,705,1003,290,1414,1024,249,935,548,93,540,1011,560,0,0,0,0,0,0,0,0,0,0,0,0
Kadavu,Ono,Kadavu 1,FLMMA/Kokomo,Birdland,KAD_BIRD_Transect 2,-18.84763115,178.5021932,Back Reef Slope,1.3203984,99.25547,89.51445,Locally Managed Marine Area,2005-2009,2007,18,Part,19.22,1985,Back Reef Slope,49542,0.571425896,0.535405524,0,0,0.599143004,0.545648849,0.375270546,Sediments,Melanesia,non-refugia,1.160336377,293.8462265,0,0,4.663125992,0.000226514,-0.05091,-0.68252,0.13163,-0.09355,-0.01837,-0.11807,1.424900381,56.99601525,74,5.80E-15,0.727472948,0.904248203,0.168337256,0.032395584,2024,7.5160098,4.1760702,27.2834,27.252199,28.9597,1.27774,13.862197,V9899,-18.82,178.6,7,11,61,12,10,43,49,10,70,14,0,11,0,110,1943,533,272,1854,993,180,582,29,0,327,0,466.6647753,8223.666704,2819.25,2362.177247,798.2307055,308.5110462,3265.276875,1710.998474,15598.87571,0,4196.587701,0,67,50,6,52,30,35,52,102,52,24,54,34,705,1003,290,1414,1024,249,935,548,93,540,1011,560,0,0,0,0,0,0,0,0,0,0,0,0
Kadavu,Ono,Kadavu 1,FLMMA/Kokomo,Birdland,KAD_BIRD_Transect 3,-18.84763115,178.5021932,Back Reef Slope,1.3203984,99.25547,89.51445,Locally Managed Marine Area,2005-2009,2007,18,Part,19.22,1985,Back Reef Slope,49542,0.571425896,0.535405524,0,0,0.599143004,0.545648849,0.375270546,Sediments,Melanesia,non-refugia,1.160336377,293.8462265,0,0,4.663125992,0.000226514,-0.05091,-0.68252,0.13163,-0.09355,-0.01837,-0.11807,3.12222548,124.8890192,71,3.06E-14,0.726008574,0.923662264,0.196622883,0.040675379,2024,7.5160098,4.1760702,27.2834,27.252199,28.9597,1.27774,13.862197,V9899,-18.82,178.6,7,11,61,12,10,43,49,10,70,14,0,11,0,110,1943,533,272,1854,993,180,582,29,0,327,0,466.6647753,8223.666704,2819.25,2362.177247,798.2307055,308.5110462,3265.276875,1710.998474,15598.87571,0,4196.587701,0,67,50,6,52,30,35,52,102,52,24,54,34,705,1003,290,1414,1024,249,935,548,93,540,1011,560,0,0,0,0,0,0,0,0,0,0,0,0
Kadavu,Ono,Kadavu 1,FLMMA/Kokomo,Birdland,KAD_BIRD_Transect 4,-18.84763115,178.5021932,Back Reef Slope,1.3203984,99.25547,89.51445,Locally Managed Marine Area,2005-2009,2007,18,Part,19.22,1985,Back Reef Slope,49542,0.571425896,0.535405524,0,0,0.599143004,0.545648849,0.375270546,Sediments,Melanesia,non-refugia,1.160336377,293.8462265,0,0,4.663125992,0.000226514,-0.05091,-0.68252,0.13163,-0.09355,-0.01837,-0.11807,3.301631175,132.065247,146,2.88E-13,0.643224884,0.929278902,0.194746642,0.043168751,2024,7.5160098,4.1760702,27.2834,27.252199,28.9597,1.27774,13.862197,V9899,-18.82,178.6,7,11,61,12,10,43,49,10,70,14,0,11,0,110,1943,533,272,1854,993,180,582,29,0,327,0,466.6647753,8223.666704,2819.25,2362.177247,798.2307055,308.5110462,3265.276875,1710.998474,15598.87571,0,4196.587701,0,67,50,6,52,30,35,52,102,52,24,54,34,705,1003,290,1414,1024,249,935,548,93,540,1011,560,0,0,0,0,0,0,0,0,0,0,0,0
Kadavu,Dravuni,Kadavu 1,FLMMA/Kokomo,Catherine,KAD_CAT_Transect 1,-18.7013889,178.5322222,Sheltered Reef Slope,1.8246502,256.33005,231.32104,Locally Managed Marine Area,2000-2004,2002,23,Part,19.22,1985,Sheltered Reef Slope,49455,0.634133094,0.457011503,0,0,0.411780933,0.48458718,0.331252118,Fishing,Melanesia,non-refugia,1.749591113,90.88370705,0,0,0.00050645,3.27E-06,-0.0587,-0.63161,0.13694,-0.06705,-0.38448,-0.11242,23.36219802,934.4879208,180,6.05E-13,0.739975377,0.910448809,0.242449601,0.061982776,2024,7.9225402,4.2185998,27.3444,27.309601,28.999599,1.2636,0,V9869,-18.74,178.52,10,87,51,24,75,47,95,75,125,92,9,26,15,1055,2545,1226,2138,2572,1923,1595,1220,244,180,486,224,1130.537932,1431.841776,3078.666667,20629.73236,4859.052848,31.0231445,22739.43404,194.5863487,18686.68545,0,6.99596118,100.1990338,22,28,20,18,24,28,18,35,23,0,11,1,625,3158,1252,588,4942,2496,570,1350,125,0,417,16,20,285,45,462,84,32,0,0,0,30,32,4
Kadavu,Dravuni,Kadavu 1,FLMMA/Kokomo,Catherine,KAD_CAT_Transect 2,-18.7013889,178.5322222,Sheltered Reef Slope,1.8246502,256.33005,231.32104,Locally Managed Marine Area,2000-2004,2002,23,Part,19.22,1985,Sheltered Reef Slope,49455,0.634133094,0.457011503,0,0,0.411780933,0.48458718,0.331252118,Fishing,Melanesia,non-refugia,1.749591113,90.88370705,0,0,0.00050645,3.27E-06,-0.0587,-0.63161,0.13694,-0.06705,-0.38448,-0.11242,68.69886225,2747.95449,280,1.59E-11,0.654996973,0.868004837,0.208304476,0.055230625,2024,7.9225402,4.2185998,27.3444,27.309601,28.999599,1.2636,0,V9869,-18.74,178.52,10,87,51,24,75,47,95,75,125,92,9,26,15,1055,2545,1226,2138,2572,1923,1595,1220,244,180,486,224,1130.537932,1431.841776,3078.666667,20629.73236,4859.052848,31.0231445,22739.43404,194.5863487,18686.68545,0,6.99596118,100.1990338,22,28,20,18,24,28,18,35,23,0,11,1,625,3158,1252,588,4942,2496,570,1350,125,0,417,16,20,285,45,462,84,32,0,0,0,30,32,4
Kadavu,Dravuni,Kadavu 1,FLMMA/Kokomo,Catherine,KAD_CAT_Transect 3,-18.7013889,178.5322222,Sheltered Reef Slope,1.8246502,256.33005,231.32104,Locally Managed Marine Area,2000-2004,2002,23,Part,19.22,1985,Sheltered Reef Slope,49455,0.634133094,0.457011503,0,0,0.411780933,0.48458718,0.331252118,Fishing,Melanesia,non-refugia,1.749591113,90.88370705,0,0,0.00050645,3.27E-06,-0.0587,-0.63161,0.13694,-0.06705,-0.38448,-0.11242,6.663883823,266.5553529,74,1.94E-15,0.759616102,0.917512308,0.15026592,0.034398124,2024,7.9225402,4.2185998,27.3444,27.309601,28.999599,1.2636,0,V9869,-18.74,178.52,10,87,51,24,75,47,95,75,125,92,9,26,15,1055,2545,1226,2138,2572,1923,1595,1220,244,180,486,224,1130.537932,1431.841776,3078.666667,20629.73236,4859.052848,31.0231445,22739.43404,194.5863487,18686.68545,0,6.99596118,100.1990338,22,28,20,18,24,28,18,35,23,0,11,1,625,3158,1252,588,4942,2496,570,1350,125,0,417,16,20,285,45,462,84,32,0,0,0,30,32,4
Kadavu,Dravuni,Kadavu 1,FLMMA/Kokomo,Catherine,KAD_CAT_Transect 4,-18.7013889,178.5322222,Sheltered Reef Slope,1.8246502,256.33005,231.32104,Locally Managed Marine Area,2000-2004,2002,23,Part,19.22,1985,Sheltered Reef Slope,49455,0.634133094,0.457011503,0,0,0.411780933,0.48458718,0.331252118,Fishing,Melanesia,non-refugia,1.749591113,90.88370705,0,0,0.00050645,3.27E-06,-0.0587,-0.63161,0.13694,-0.06705,-0.38448,-0.11242,54.67675774,2187.07031,278,7.93E-15,0.726509897,0.865741411,0.149897139,0.029985302,2024,7.9225402,4.2185998,27.3444,27.309601,28.999599,1.2636,0,V9869,-18.74,178.52,10,87,51,24,75,47,95,75,125,92,9,26,15,1055,2545,1226,2138,2572,1923,1595,1220,244,180,486,224,1130.537932,1431.841776,3078.666667,20629.73236,4859.052848,31.0231445,22739.43404,194.5863487,18686.68545,0,6.99596118,100.1990338,22,28,20,18,24,28,18,35,23,0,11,1,625,3158,1252,588,4942,2496,570,1350,125,0,417,16,20,285,45,462,84,32,0,0,0,30,32,4
Kadavu,Dravuni,Kadavu 1,FLMMA/Kokomo,Catherine,KAD_CAT_Transect 5,-18.7013889,178.5322222,Sheltered Reef Slope,1.8246502,256.33005,231.32104,Locally Managed Marine Area,2000-2004,2002,23,Part,19.22,1985,Sheltered Reef Slope,49455,0.634133094,0.457011503,0,0,0.411780933,0.48458718,0.331252118,Fishing,Melanesia,non-refugia,1.749591113,90.88370705,0,0,0.00050645,3.27E-06,-0.0587,-0.63161,0.13694,-0.06705,-0.38448,-0.11242,28.79252441,1151.700976,179,5.50E-13,0.690244806,0.9414445,0.15891172,0.031858622,2024,7.9225402,4.2185998,27.3444,27.309601,28.999599,1.2636,0,V9869,-18.74,178.52,10,87,51,24,75,47,95,75,125,92,9,26,15,1055,2545,1226,2138,2572,1923,1595,1220,244,180,486,224,1130.537932,1431.841776,3078.666667,20629.73236,4859.052848,31.0231445,22739.43404,194.5863487,18686.68545,0,6.99596118,100.1990338,22,28,20,18,24,28,18,35,23,0,11,1,625,3158,1252,588,4942,2496,570,1350,125,0,417,16,20,285,45,462,84,32,0,0,0,30,32,4
Kadavu,Nukuvou,Kadavu 2,FLMMA/Matava,NukuvouCOW,KAD_COW_Transect 1,-19.01829737,178.4898473,NA,3.9523728,288.60309,155.06244,Locally Managed Marine Area,2000-2004,2002,23,Part,10.87,2003,Back Reef Slope,49740,0.496694199,0.612993626,0,0.89839915,0.721292482,0.55745951,0.547806495,Tourism,Melanesia,non-refugia,0.692938407,719.7486448,0,638,32.64180756,0.000358743,-0.06755,-0.5708,0.12037,-0.10968,-0.59643,-0.2335,4.477802731,179.1121092,53,2.12E-15,0.77189715,0.88363597,0.17952282,0.039386609,2024,7.6159301,3.9809501,27.2136,27.1786,28.9056,1.28687,34.568253,V9871,-19.06,178.52,5,69,98,19,60,74,86,60,152,74,9,77,18,830,3007,1018,1672,2374,1146,1180,1275,196,135,1182,304,1090.674742,4087.721367,3968.333333,3559.202134,3238.796019,1444.602142,3708.478889,1774.414125,1312.505088,3793.120878,1240.462885,3937.645937,34,62,12,40,39,48,40,64,45,5,21,10,440,1887,601,1170,1698,825,925,525,118,135,246,168,0,64,0,106,60,0,0,3,0,0,22,0
Kadavu,Nukuvou,Kadavu 2,FLMMA/Matava,NukuvouCOW,KAD_COW_Transect 2,-19.01829737,178.4898473,NA,3.9523728,288.60309,155.06244,Locally Managed Marine Area,2000-2004,2002,23,Part,10.87,2003,Back Reef Slope,49740,0.496694199,0.612993626,0,0.89839915,0.721292482,0.55745951,0.547806495,Tourism,Melanesia,non-refugia,0.692938407,719.7486448,0,638,32.64180756,0.000358743,-0.06755,-0.5708,0.12037,-0.10968,-0.59643,-0.2335,3.230690601,129.227624,53,2.39E-16,0.836158999,0.940400707,0.172241027,0.031696554,2024,7.6159301,3.9809501,27.2136,27.1786,28.9056,1.28687,34.568253,V9871,-19.06,178.52,5,69,98,19,60,74,86,60,152,74,9,77,18,830,3007,1018,1672,2374,1146,1180,1275,196,135,1182,304,1090.674742,4087.721367,3968.333333,3559.202134,3238.796019,1444.602142,3708.478889,1774.414125,1312.505088,3793.120878,1240.462885,3937.645937,34,62,12,40,39,48,40,64,45,5,21,10,440,1887,601,1170,1698,825,925,525,118,135,246,168,0,64,0,106,60,0,0,3,0,0,22,0
Kadavu,Nukuvou,Kadavu 2,FLMMA/Matava,NukuvouCOW,KAD_COW_Transect 3,-19.01829737,178.4898473,NA,3.9523728,288.60309,155.06244,Locally Managed Marine Area,2000-2004,2002,23,Part,10.87,2003,Back Reef Slope,49740,0.496694199,0.612993626,0,0.89839915,0.721292482,0.55745951,0.547806495,Tourism,Melanesia,non-refugia,0.692938407,719.7486448,0,638,32.64180756,0.000358743,-0.06755,-0.5708,0.12037,-0.10968,-0.59643,-0.2335,6.567899419,262.7159768,63,2.69E-14,0.716287918,0.904447634,0.194373334,0.043186464,2024,7.6159301,3.9809501,27.2136,27.1786,28.9056,1.28687,34.568253,V9871,-19.06,178.52,5,69,98,19,60,74,86,60,152,74,9,77,18,830,3007,1018,1672,2374,1146,1180,1275,196,135,1182,304,1090.674742,4087.721367,3968.333333,3559.202134,3238.796019,1444.602142,3708.478889,1774.414125,1312.505088,3793.120878,1240.462885,3937.645937,34,62,12,40,39,48,40,64,45,5,21,10,440,1887,601,1170,1698,825,925,525,118,135,246,168,0,64,0,106,60,0,0,3,0,0,22,0
Kadavu,Nukuvou,Kadavu 2,FLMMA/Matava,NukuvouCOW,KAD_COW_Transect 4,-19.01829737,178.4898473,NA,3.9523728,288.60309,155.06244,Locally Managed Marine Area,2000-2004,2002,23,Part,10.87,2003,Back Reef Slope,49740,0.496694199,0.612993626,0,0.89839915,0.721292482,0.55745951,0.547806495,Tourism,Melanesia,non-refugia,0.692938407,719.7486448,0,638,32.64180756,0.000358743,-0.06755,-0.5708,0.12037,-0.10968,-0.59643,-0.2335,12.51662483,500.664993,137,3.62E-12,0.685026205,0.916050178,0.211728072,0.050971855,2024,7.6159301,3.9809501,27.2136,27.1786,28.9056,1.28687,34.568253,V9871,-19.06,178.52,5,69,98,19,60,74,86,60,152,74,9,77,18,830,3007,1018,1672,2374,1146,1180,1275,196,135,1182,304,1090.674742,4087.721367,3968.333333,3559.202134,3238.796019,1444.602142,3708.478889,1774.414125,1312.505088,3793.120878,1240.462885,3937.645937,34,62,12,40,39,48,40,64,45,5,21,10,440,1887,601,1170,1698,825,925,525,118,135,246,168,0,64,0,106,60,0,0,3,0,0,22,0
Kadavu,Dravuni,Kadavu 1,FLMMA/Kokomo,FijiGold,KAD_FIGO_Transect 1,-18.7133333,178.5438889,Outer Reef Flat,1.8246502,256.33005,231.32104,Locally Managed Marine Area,2000-2004,2002,23,Part,19.22,1985,Sheltered Reef Slope,49455,0.634133094,0.457011503,0,0,0.411780933,0.48458718,0.331252118,Fishing,Melanesia,non-refugia,1.749591113,90.88370705,0,0,0.00050645,3.27E-06,-0.0587,-0.63161,0.13694,-0.06705,-0.38448,-0.11242,19.6418764,785.6750559,229,1.08E-13,0.668743205,0.957669482,0.194163795,0.04497602,2024,7.9225402,4.2185998,27.3444,27.309601,28.999599,1.2636,0,V9869,-18.74,178.52,10,87,51,24,75,47,95,75,125,92,9,26,15,1055,2545,1226,2138,2572,1923,1595,1220,244,180,486,224,1130.537932,1431.841776,3078.666667,20629.73236,4859.052848,31.0231445,22739.43404,194.5863487,18686.68545,0,6.99596118,100.1990338,22,28,20,18,24,28,18,35,23,0,11,1,625,3158,1252,588,4942,2496,570,1350,125,0,417,16,20,285,45,462,84,32,0,0,0,30,32,4
Kadavu,Dravuni,Kadavu 1,FLMMA/Kokomo,FijiGold,KAD_FIGO_Transect 2,-18.7133333,178.5438889,Outer Reef Flat,1.8246502,256.33005,231.32104,Locally Managed Marine Area,2000-2004,2002,23,Part,19.22,1985,Sheltered Reef Slope,49455,0.634133094,0.457011503,0,0,0.411780933,0.48458718,0.331252118,Fishing,Melanesia,non-refugia,1.749591113,90.88370705,0,0,0.00050645,3.27E-06,-0.0587,-0.63161,0.13694,-0.06705,-0.38448,-0.11242,27.66931647,1106.772659,411,5.15E-14,0.58273838,0.960267246,0.143929522,0.031283088,2024,7.9225402,4.2185998,27.3444,27.309601,28.999599,1.2636,0,V9869,-18.74,178.52,10,87,51,24,75,47,95,75,125,92,9,26,15,1055,2545,1226,2138,2572,1923,1595,1220,244,180,486,224,1130.537932,1431.841776,3078.666667,20629.73236,4859.052848,31.0231445,22739.43404,194.5863487,18686.68545,0,6.99596118,100.1990338,22,28,20,18,24,28,18,35,23,0,11,1,625,3158,1252,588,4942,2496,570,1350,125,0,417,16,20,285,45,462,84,32,0,0,0,30,32,4
Kadavu,Dravuni,Kadavu 1,FLMMA/Kokomo,FijiGold,KAD_FIGO_Transect 3,-18.7133333,178.5438889,Outer Reef Flat,1.8246502,256.33005,231.32104,Locally Managed Marine Area,2000-2004,2002,23,Part,19.22,1985,Sheltered Reef Slope,49455,0.634133094,0.457011503,0,0,0.411780933,0.48458718,0.331252118,Fishing,Melanesia,non-refugia,1.749591113,90.88370705,0,0,0.00050645,3.27E-06,-0.0587,-0.63161,0.13694,-0.06705,-0.38448,-0.11242,6.10504946,244.2019784,250,5.26E-13,0.6491692,0.953580764,0.130167932,0.028510042,2024,7.9225402,4.2185998,27.3444,27.309601,28.999599,1.2636,0,V9869,-18.74,178.52,10,87,51,24,75,47,95,75,125,92,9,26,15,1055,2545,1226,2138,2572,1923,1595,1220,244,180,486,224,1130.537932,1431.841776,3078.666667,20629.73236,4859.052848,31.0231445,22739.43404,194.5863487,18686.68545,0,6.99596118,100.1990338,22,28,20,18,24,28,18,35,23,0,11,1,625,3158,1252,588,4942,2496,570,1350,125,0,417,16,20,285,45,462,84,32,0,0,0,30,32,4
Kadavu,Dravuni,Kadavu 1,FLMMA/Kokomo,FijiGold,KAD_FIGO_Transect 4,-18.7133333,178.5438889,Outer Reef Flat,1.8246502,256.33005,231.32104,Locally Managed Marine Area,2000-2004,2002,23,Part,19.22,1985,Sheltered Reef Slope,49455,0.634133094,0.457011503,0,0,0.411780933,0.48458718,0.331252118,Fishing,Melanesia,non-refugia,1.749591113,90.88370705,0,0,0.00050645,3.27E-06,-0.0587,-0.63161,0.13694,-0.06705,-0.38448,-0.11242,11.3233357,452.9334279,375,7.26E-13,0.720101006,0.980957346,0.127936697,0.029225957,2024,7.9225402,4.2185998,27.3444,27.309601,28.999599,1.2636,0,V9869,-18.74,178.52,10,87,51,24,75,47,95,75,125,92,9,26,15,1055,2545,1226,2138,2572,1923,1595,1220,244,180,486,224,1130.537932,1431.841776,3078.666667,20629.73236,4859.052848,31.0231445,22739.43404,194.5863487,18686.68545,0,6.99596118,100.1990338,22,28,20,18,24,28,18,35,23,0,11,1,625,3158,1252,588,4942,2496,570,1350,125,0,417,16,20,285,45,462,84,32,0,0,0,30,32,4
Kadavu,Dravuni,Kadavu 1,FLMMA/Kokomo,FijiGold,KAD_FIGO_Transect 5,-18.7133333,178.5438889,Outer Reef Flat,1.8246502,256.33005,231.32104,Locally Managed Marine Area,2000-2004,2002,23,Part,19.22,1985,Sheltered Reef Slope,49455,0.634133094,0.457011503,0,0,0.411780933,0.48458718,0.331252118,Fishing,Melanesia,non-refugia,1.749591113,90.88370705,0,0,0.00050645,3.27E-06,-0.0587,-0.63161,0.13694,-0.06705,-0.38448,-0.11242,13.44233476,537.6933905,349,5.20E-14,0.663673307,0.97630435,0.127987662,0.028649166,2024,7.9225402,4.2185998,27.3444,27.309601,28.999599,1.2636,0,V9869,-18.74,178.52,10,87,51,24,75,47,95,75,125,92,9,26,15,1055,2545,1226,2138,2572,1923,1595,1220,244,180,486,224,1130.537932,1431.841776,3078.666667,20629.73236,4859.052848,31.0231445,22739.43404,194.5863487,18686.68545,0,6.99596118,100.1990338,22,28,20,18,24,28,18,35,23,0,11,1,625,3158,1252,588,4942,2496,570,1350,125,0,417,16,20,285,45,462,84,32,0,0,0,30,32,4
Kadavu,Dravuni,Kadavu 1,FLMMA/Kokomo,FijiGold,KAD_FIGO_Transect 6,-18.7133333,178.5438889,Outer Reef Flat,1.8246502,256.33005,231.32104,Locally Managed Marine Area,2000-2004,2002,23,Part,19.22,1985,Sheltered Reef Slope,49455,0.634133094,0.457011503,0,0,0.411780933,0.48458718,0.331252118,Fishing,Melanesia,non-refugia,1.749591113,90.88370705,0,0,0.00050645,3.27E-06,-0.0587,-0.63161,0.13694,-0.06705,-0.38448,-0.11242,9.411321205,376.4528482,196,1.55E-12,0.690810543,0.932286956,0.181818685,0.03885381,2024,7.9225402,4.2185998,27.3444,27.309601,28.999599,1.2636,0,V9869,-18.74,178.52,10,87,51,24,75,47,95,75,125,92,9,26,15,1055,2545,1226,2138,2572,1923,1595,1220,244,180,486,224,1130.537932,1431.841776,3078.666667,20629.73236,4859.052848,31.0231445,22739.43404,194.5863487,18686.68545,0,6.99596118,100.1990338,22,28,20,18,24,28,18,35,23,0,11,1,625,3158,1252,588,4942,2496,570,1350,125,0,417,16,20,285,45,462,84,32,0,0,0,30,32,4
Kadavu,Nukuvou,Kadavu 2,FLMMA/Matava,Lupes,KAD_LUPE_Transect 1,-19.02048259,178.4895541,NA,7.4294782,543.73291,157.43689,Locally Managed Marine Area,2000-2004,2002,23,Part,10.87,2003,Back Reef Slope,49740,0.496694199,0.612993626,0,0.89839915,0.721292482,0.55745951,0.547806495,Tourism,Melanesia,non-refugia,0.692938407,719.7486448,0,638,32.64180756,0.000358743,-0.06755,-0.5708,0.12037,-0.10968,-0.59643,-0.2335,13.34418073,533.7672291,739,7.47E-16,0.788698289,0.80866587,0.028708267,0.004724888,2024,7.5496898,3.99488,27.196899,27.1602,28.8913,1.2873,30.951447,V9871,-19.06,178.52,5,69,98,19,60,74,86,60,152,74,9,77,18,830,3007,1018,1672,2374,1146,1180,1275,196,135,1182,304,1090.674742,4087.721367,3968.333333,3559.202134,3238.796019,1444.602142,3708.478889,1774.414125,1312.505088,3793.120878,1240.462885,3937.645937,34,62,12,40,39,48,40,64,45,5,21,10,440,1887,601,1170,1698,825,925,525,118,135,246,168,0,64,0,106,60,0,0,3,0,0,22,0
Kadavu,Nukuvou,Kadavu 2,FLMMA/Matava,Lupes,KAD_LUPE_Transect 2,-19.02048259,178.4895541,NA,7.4294782,543.73291,157.43689,Locally Managed Marine Area,2000-2004,2002,23,Part,10.87,2003,Back Reef Slope,49740,0.496694199,0.612993626,0,0.89839915,0.721292482,0.55745951,0.547806495,Tourism,Melanesia,non-refugia,0.692938407,719.7486448,0,638,32.64180756,0.000358743,-0.06755,-0.5708,0.12037,-0.10968,-0.59643,-0.2335,7.996179275,319.847171,210,2.29E-13,0.706809596,0.852823956,0.159831219,0.032014258,2024,7.5496898,3.99488,27.196899,27.1602,28.8913,1.2873,34.568253,V9871,-19.06,178.52,5,69,98,19,60,74,86,60,152,74,9,77,18,830,3007,1018,1672,2374,1146,1180,1275,196,135,1182,304,1090.674742,4087.721367,3968.333333,3559.202134,3238.796019,1444.602142,3708.478889,1774.414125,1312.505088,3793.120878,1240.462885,3937.645937,34,62,12,40,39,48,40,64,45,5,21,10,440,1887,601,1170,1698,825,925,525,118,135,246,168,0,64,0,106,60,0,0,3,0,0,22,0
Kadavu,Nukuvou,Kadavu 2,FLMMA/Matava,Lupes,KAD_LUPE_Transect 3,-19.02048259,178.4895541,NA,7.4294782,543.73291,157.43689,Locally Managed Marine Area,2000-2004,2002,23,Part,10.87,2003,Back Reef Slope,49740,0.496694199,0.612993626,0,0.89839915,0.721292482,0.55745951,0.547806495,Tourism,Melanesia,non-refugia,0.692938407,719.7486448,0,638,32.64180756,0.000358743,-0.06755,-0.5708,0.12037,-0.10968,-0.59643,-0.2335,5.226710936,209.0684374,198,3.04E-15,0.668060941,0.965686746,0.180328931,0.03748289,2024,7.5496898,3.99488,27.196899,27.1602,28.8913,1.2873,34.568253,V9871,-19.06,178.52,5,69,98,19,60,74,86,60,152,74,9,77,18,830,3007,1018,1672,2374,1146,1180,1275,196,135,1182,304,1090.674742,4087.721367,3968.333333,3559.202134,3238.796019,1444.602142,3708.478889,1774.414125,1312.505088,3793.120878,1240.462885,3937.645937,34,62,12,40,39,48,40,64,45,5,21,10,440,1887,601,1170,1698,825,925,525,118,135,246,168,0,64,0,106,60,0,0,3,0,0,22,0
Kadavu,Nukuvou,Kadavu 2,FLMMA/Matava,Lupes,KAD_LUPE_Transect 4,-19.02048259,178.4895541,NA,7.4294782,543.73291,157.43689,Locally Managed Marine Area,2000-2004,2002,23,Part,10.87,2003,Back Reef Slope,49740,0.496694199,0.612993626,0,0.89839915,0.721292482,0.55745951,0.547806495,Tourism,Melanesia,non-refugia,0.692938407,719.7486448,0,638,32.64180756,0.000358743,-0.06755,-0.5708,0.12037,-0.10968,-0.59643,-0.2335,10.70393321,428.1573285,385,1.67E-13,0.76586264,0.885079525,0.080437651,0.015684574,2024,7.5496898,3.99488,27.196899,27.1602,28.8913,1.2873,34.568253,V9871,-19.06,178.52,5,69,98,19,60,74,86,60,152,74,9,77,18,830,3007,1018,1672,2374,1146,1180,1275,196,135,1182,304,1090.674742,4087.721367,3968.333333,3559.202134,3238.796019,1444.602142,3708.478889,1774.414125,1312.505088,3793.120878,1240.462885,3937.645937,34,62,12,40,39,48,40,64,45,5,21,10,440,1887,601,1170,1698,825,925,525,118,135,246,168,0,64,0,106,60,0,0,3,0,0,22,0
Kadavu,Nukuvou,Kadavu 2,FLMMA/Matava,Lupes,KAD_LUPE_Transect 5,-19.02048259,178.4895541,NA,7.4294782,543.73291,157.43689,Locally Managed Marine Area,2000-2004,2002,23,Part,10.87,2003,Back Reef Slope,49740,0.496694199,0.612993626,0,0.89839915,0.721292482,0.55745951,0.547806495,Tourism,Melanesia,non-refugia,0.692938407,719.7486448,0,638,32.64180756,0.000358743,-0.06755,-0.5708,0.12037,-0.10968,-0.59643,-0.2335,6.006230444,240.2492177,169,1.73E-13,0.731955412,0.918594401,0.200371595,0.043925706,2024,7.5496898,3.99488,27.196899,27.1602,28.8913,1.2873,34.568253,V9871,-19.06,178.52,5,69,98,19,60,74,86,60,152,74,9,77,18,830,3007,1018,1672,2374,1146,1180,1275,196,135,1182,304,1090.674742,4087.721367,3968.333333,3559.202134,3238.796019,1444.602142,3708.478889,1774.414125,1312.505088,3793.120878,1240.462885,3937.645937,34,62,12,40,39,48,40,64,45,5,21,10,440,1887,601,1170,1698,825,925,525,118,135,246,168,0,64,0,106,60,0,0,3,0,0,22,0
Kadavu,Ono,Kadavu 1,FLMMA/Kokomo,Maidive,KAD_MaiDive_Transect 2,-18.9059233,178.52366,NA,1.8360801,136.29086,98.372093,Locally Managed Marine Area,2005-2009,2007,18,Part,19.22,1985,Back Reef Slope,49638,0.535989212,0.587497253,0,0,0.716915551,0.575590072,0.402665348,Sediments,Melanesia,non-refugia,0.919120934,542.0655398,0,0,30.78005219,0.000664594,-0.05061,-0.65222,0.12631,-0.11568,-0.01837,-0.1571,5.81558214,232.6232856,72,8.91E-17,0.729933248,0.91910555,0.190878759,0.039084086,2024,7.6854501,4.20643,27.2533,27.2232,28.937901,1.2875299,28.426659,V9848,-18.98,178.44,0,86,93,27,80,62,109,80,162,98,33,76,27,1340,3057,1518,2316,2210,1350,1790,1752,304,1170,1830,856,1913.859851,8643.099576,389,466.51872,5921.125399,905.341898,521.7194439,7439.157003,37792.17725,15.08333333,569.7405981,1288.636515,12,46,9,14,29,35,14,47,33,1,13,5,85,1511,509,384,1312,576,260,538,164,15,459,136,0,27,90,22,15,28,0,27,8,20,29,2
Kadavu,Ono,Kadavu 1,FLMMA/Kokomo,Maidive,KAD_MaiDive_Transect 3,-18.9059233,178.52366,NA,1.8360801,136.29086,98.372093,Locally Managed Marine Area,2005-2009,2007,18,Part,19.22,1985,Back Reef Slope,49638,0.535989212,0.587497253,0,0,0.716915551,0.575590072,0.402665348,Sediments,Melanesia,non-refugia,0.919120934,542.0655398,0,0,30.78005219,0.000664594,-0.05061,-0.65222,0.12631,-0.11568,-0.01837,-0.1571,15.65314248,626.1256993,150,2.52E-16,0.653629687,0.910395062,0.167935984,0.031723517,2024,7.6854501,4.20643,27.2533,27.2232,28.937901,1.2875299,28.426659,V9848,-18.98,178.44,0,86,93,27,80,62,109,80,162,98,33,76,27,1340,3057,1518,2316,2210,1350,1790,1752,304,1170,1830,856,1913.859851,8643.099576,389,466.51872,5921.125399,905.341898,521.7194439,7439.157003,37792.17725,15.08333333,569.7405981,1288.636515,12,46,9,14,29,35,14,47,33,1,13,5,85,1511,509,384,1312,576,260,538,164,15,459,136,0,27,90,22,15,28,0,27,8,20,29,2
Kadavu,Ono,Kadavu 1,FLMMA/Kokomo,Maidive,KAD_MaiDive_Transect 4,-18.9059233,178.52366,NA,1.8360801,136.29086,98.372093,Locally Managed Marine Area,2005-2009,2007,18,Part,19.22,1985,Back Reef Slope,49638,0.535989212,0.587497253,0,0,0.716915551,0.575590072,0.402665348,Sediments,Melanesia,non-refugia,0.919120934,542.0655398,0,0,30.78005219,0.000664594,-0.05061,-0.65222,0.12631,-0.11568,-0.01837,-0.1571,15.10800862,604.3203449,142,6.63E-16,0.722906745,0.936045498,0.159100122,0.029492113,2024,7.6854501,4.20643,27.2533,27.2232,28.937901,1.2875299,28.426659,V9848,-18.98,178.44,0,86,93,27,80,62,109,80,162,98,33,76,27,1340,3057,1518,2316,2210,1350,1790,1752,304,1170,1830,856,1913.859851,8643.099576,389,466.51872,5921.125399,905.341898,521.7194439,7439.157003,37792.17725,15.08333333,569.7405981,1288.636515,12,46,9,14,29,35,14,47,33,1,13,5,85,1511,509,384,1312,576,260,538,164,15,459,136,0,27,90,22,15,28,0,27,8,20,29,2
Kadavu,Ono,Kadavu 1,FLMMA/Kokomo,Maidive,KAD_MaiDive_Transect 5,-18.9059233,178.52366,NA,1.8360801,136.29086,98.372093,Locally Managed Marine Area,2005-2009,2007,18,Part,19.22,1985,Back Reef Slope,49638,0.535989212,0.587497253,0,0,0.716915551,0.575590072,0.402665348,Sediments,Melanesia,non-refugia,0.919120934,542.0655398,0,0,30.78005219,0.000664594,-0.05061,-0.65222,0.12631,-0.11568,-0.01837,-0.1571,5.035650028,201.4260011,55,1.53E-20,0.677064192,0.921122849,0.134839445,0.022433197,2024,7.6854501,4.20643,27.2533,27.2232,28.937901,1.2875299,28.426659,V9848,-18.98,178.44,0,86,93,27,80,62,109,80,162,98,33,76,27,1340,3057,1518,2316,2210,1350,1790,1752,304,1170,1830,856,1913.859851,8643.099576,389,466.51872,5921.125399,905.341898,521.7194439,7439.157003,37792.17725,15.08333333,569.7405981,1288.636515,12,46,9,14,29,35,14,47,33,1,13,5,85,1511,509,384,1312,576,260,538,164,15,459,136,0,27,90,22,15,28,0,27,8,20,29,2
Kadavu,Ono,Kadavu 1,FLMMA/Kokomo,Maidive,KAD_MaiDive_Transect 6,-18.9059233,178.52366,NA,1.8360801,136.29086,98.372093,Locally Managed Marine Area,2005-2009,2007,18,Part,19.22,1985,Back Reef Slope,49638,0.535989212,0.587497253,0,0,0.716915551,0.575590072,0.402665348,Sediments,Melanesia,non-refugia,0.919120934,542.0655398,0,0,30.78005219,0.000664594,-0.05061,-0.65222,0.12631,-0.11568,-0.01837,-0.1571,9.613782171,384.5512868,115,8.30E-17,0.617209785,0.934195045,0.177316419,0.032614695,2024,7.6854501,4.20643,27.2533,27.2232,28.937901,1.2875299,28.426659,V9848,-18.98,178.44,0,86,93,27,80,62,109,80,162,98,33,76,27,1340,3057,1518,2316,2210,1350,1790,1752,304,1170,1830,856,1913.859851,8643.099576,389,466.51872,5921.125399,905.341898,521.7194439,7439.157003,37792.17725,15.08333333,569.7405981,1288.636515,12,46,9,14,29,35,14,47,33,1,13,5,85,1511,509,384,1312,576,260,538,164,15,459,136,0,27,90,22,15,28,0,27,8,20,29,2
Kadavu,Ono,Kadavu 1,FLMMA/Kokomo,Narikoso,KAD_OnoBack_Transect 1,-18.9158333,178.5330556,Back Reef Slope,1.8360801,136.29086,98.372093,Locally Managed Marine Area,2005-2009,2007,18,Part,19.22,1985,Inner Reef Flat,49638,0.535989212,0.587497253,0,0,0.716915551,0.575590072,0.402665348,Sediments,Melanesia,non-refugia,0.919120934,542.0655398,0,0,30.78005219,0.000664594,-0.05061,-0.65222,0.12631,-0.11568,-0.01837,-0.1571,4.003732314,160.1492925,81,4.25E-19,0.681201014,0.971573968,0.165648774,0.028361533,2024,7.6854501,4.20643,27.2533,27.2232,28.937901,1.2875299,26.442694,V9848,-18.98,178.44,0,86,93,27,80,62,109,80,162,98,33,76,27,1340,3057,1518,2316,2210,1350,1790,1752,304,1170,1830,856,1913.859851,8643.099576,389,466.51872,5921.125399,905.341898,521.7194439,7439.157003,37792.17725,15.08333333,569.7405981,1288.636515,12,46,9,14,29,35,14,47,33,1,13,5,85,1511,509,384,1312,576,260,538,164,15,459,136,0,27,90,22,15,28,0,27,8,20,29,2
Kadavu,Ono,Kadavu 1,FLMMA/Kokomo,Narikoso,KAD_OnoBack_Transect 2,-18.9158333,178.5330556,Back Reef Slope,1.8360801,136.29086,98.372093,Locally Managed Marine Area,2005-2009,2007,18,Part,19.22,1985,Inner Reef Flat,49638,0.535989212,0.587497253,0,0,0.716915551,0.575590072,0.402665348,Sediments,Melanesia,non-refugia,0.919120934,542.0655398,0,0,30.78005219,0.000664594,-0.05061,-0.65222,0.12631,-0.11568,-0.01837,-0.1571,4.665088164,186.6035265,87,2.46E-16,0.713884081,0.90975942,0.170405037,0.031046519,2024,7.6854501,4.20643,27.2533,27.2232,28.937901,1.2875299,26.442694,V9848,-18.98,178.44,0,86,93,27,80,62,109,80,162,98,33,76,27,1340,3057,1518,2316,2210,1350,1790,1752,304,1170,1830,856,1913.859851,8643.099576,389,466.51872,5921.125399,905.341898,521.7194439,7439.157003,37792.17725,15.08333333,569.7405981,1288.636515,12,46,9,14,29,35,14,47,33,1,13,5,85,1511,509,384,1312,576,260,538,164,15,459,136,0,27,90,22,15,28,0,27,8,20,29,2
Kadavu,Ono,Kadavu 1,FLMMA/Kokomo,Narikoso,KAD_OnoBack_Transect 3,-18.9158333,178.5330556,Back Reef Slope,1.8360801,136.29086,98.372093,Locally Managed Marine Area,2005-2009,2007,18,Part,19.22,1985,Inner Reef Flat,49638,0.535989212,0.587497253,0,0,0.716915551,0.575590072,0.402665348,Sediments,Melanesia,non-refugia,0.919120934,542.0655398,0,0,30.78005219,0.000664594,-0.05061,-0.65222,0.12631,-0.11568,-0.01837,-0.1571,4.288524655,171.5409862,96,9.96E-16,0.704830783,0.908772131,0.173830028,0.034239275,2024,7.6854501,4.20643,27.2533,27.2232,28.937901,1.2875299,26.442694,V9848,-18.98,178.44,0,86,93,27,80,62,109,80,162,98,33,76,27,1340,3057,1518,2316,2210,1350,1790,1752,304,1170,1830,856,1913.859851,8643.099576,389,466.51872,5921.125399,905.341898,521.7194439,7439.157003,37792.17725,15.08333333,569.7405981,1288.636515,12,46,9,14,29,35,14,47,33,1,13,5,85,1511,509,384,1312,576,260,538,164,15,459,136,0,27,90,22,15,28,0,27,8,20,29,2
Kadavu,Ono,Kadavu 1,FLMMA/Kokomo,Narikoso,KAD_OnoBack_Transect 4,-18.9158333,178.5330556,Back Reef Slope,1.8360801,136.29086,98.372093,Locally Managed Marine Area,2005-2009,2007,18,Part,19.22,1985,Inner Reef Flat,49638,0.535989212,0.587497253,0,0,0.716915551,0.575590072,0.402665348,Sediments,Melanesia,non-refugia,0.919120934,542.0655398,0,0,30.78005219,0.000664594,-0.05061,-0.65222,0.12631,-0.11568,-0.01837,-0.1571,1.707255515,68.2902206,63,7.24E-18,0.691522452,0.945291861,0.206875448,0.046354501,2024,7.6854501,4.20643,27.2533,27.2232,28.937901,1.2875299,26.442694,V9848,-18.98,178.44,0,86,93,27,80,62,109,80,162,98,33,76,27,1340,3057,1518,2316,2210,1350,1790,1752,304,1170,1830,856,1913.859851,8643.099576,389,466.51872,5921.125399,905.341898,521.7194439,7439.157003,37792.17725,15.08333333,569.7405981,1288.636515,12,46,9,14,29,35,14,47,33,1,13,5,85,1511,509,384,1312,576,260,538,164,15,459,136,0,27,90,22,15,28,0,27,8,20,29,2
Kadavu,Ono,Kadavu 1,FLMMA/Kokomo,Narikoso,KAD_OnoBack_Transect 5,-18.9158333,178.5330556,Back Reef Slope,1.8360801,136.29086,98.372093,Locally Managed Marine Area,2005-2009,2007,18,Part,19.22,1985,Inner Reef Flat,49638,0.535989212,0.587497253,0,0,0.716915551,0.575590072,0.402665348,Sediments,Melanesia,non-refugia,0.919120934,542.0655398,0,0,30.78005219,0.000664594,-0.05061,-0.65222,0.12631,-0.11568,-0.01837,-0.1571,4.466886415,178.6754566,86,6.95E-16,0.600355228,0.90140806,0.182527317,0.037278172,2024,7.6854501,4.20643,27.2533,27.2232,28.937901,1.2875299,26.442694,V9848,-18.98,178.44,0,86,93,27,80,62,109,80,162,98,33,76,27,1340,3057,1518,2316,2210,1350,1790,1752,304,1170,1830,856,1913.859851,8643.099576,389,466.51872,5921.125399,905.341898,521.7194439,7439.157003,37792.17725,15.08333333,569.7405981,1288.636515,12,46,9,14,29,35,14,47,33,1,13,5,85,1511,509,384,1312,576,260,538,164,15,459,136,0,27,90,22,15,28,0,27,8,20,29,2
Kadavu,Nukuvou,Kadavu 2,FLMMA/Matava,RobertsReef,KAD_ROB_Transect 1,-19.02253742,178.4892083,NA,7.4294782,543.73291,157.43689,Locally Managed Marine Area,2000-2004,2002,23,Part,10.87,2003,Back Reef Slope,49740,0.496694199,0.612993626,0,0.89839915,0.721292482,0.55745951,0.547806495,Tourism,Melanesia,non-refugia,0.692938407,719.7486448,0,638,32.64180756,0.000358743,-0.06755,-0.5708,0.12037,-0.10968,-0.59643,-0.2335,5.503267895,220.1307158,180,8.18E-14,0.612007761,0.889932226,0.176643483,0.03661134,2024,7.5496898,3.99488,27.196899,27.1602,28.8913,1.2873,30.951447,V9871,-19.06,178.52,5,69,98,19,60,74,86,60,152,74,9,77,18,830,3007,1018,1672,2374,1146,1180,1275,196,135,1182,304,1090.674742,4087.721367,3968.333333,3559.202134,3238.796019,1444.602142,3708.478889,1774.414125,1312.505088,3793.120878,1240.462885,3937.645937,34,62,12,40,39,48,40,64,45,5,21,10,440,1887,601,1170,1698,825,925,525,118,135,246,168,0,64,0,106,60,0,0,3,0,0,22,0
Kadavu,Nukuvou,Kadavu 2,FLMMA/Matava,RobertsReef,KAD_ROB_Transect 2,-19.02253742,178.4892083,NA,7.4294782,543.73291,157.43689,Locally Managed Marine Area,2000-2004,2002,23,Part,10.87,2003,Back Reef Slope,49740,0.496694199,0.612993626,0,0.89839915,0.721292482,0.55745951,0.547806495,Tourism,Melanesia,non-refugia,0.692938407,719.7486448,0,638,32.64180756,0.000358743,-0.06755,-0.5708,0.12037,-0.10968,-0.59643,-0.2335,6.323436178,252.9374471,196,3.79E-13,0.74604822,0.883594456,0.169003185,0.037011879,2024,7.5496898,3.99488,27.196899,27.1602,28.8913,1.2873,30.951447,V9871,-19.06,178.52,5,69,98,19,60,74,86,60,152,74,9,77,18,830,3007,1018,1672,2374,1146,1180,1275,196,135,1182,304,1090.674742,4087.721367,3968.333333,3559.202134,3238.796019,1444.602142,3708.478889,1774.414125,1312.505088,3793.120878,1240.462885,3937.645937,34,62,12,40,39,48,40,64,45,5,21,10,440,1887,601,1170,1698,825,925,525,118,135,246,168,0,64,0,106,60,0,0,3,0,0,22,0
Kadavu,Nukuvou,Kadavu 2,FLMMA/Matava,RobertsReef,KAD_ROB_Transect 3,-19.02253742,178.4892083,NA,7.4294782,543.73291,157.43689,Locally Managed Marine Area,2000-2004,2002,23,Part,10.87,2003,Back Reef Slope,49740,0.496694199,0.612993626,0,0.89839915,0.721292482,0.55745951,0.547806495,Tourism,Melanesia,non-refugia,0.692938407,719.7486448,0,638,32.64180756,0.000358743,-0.06755,-0.5708,0.12037,-0.10968,-0.59643,-0.2335,4.753424626,190.136985,113,4.02E-14,0.700159195,0.946711592,0.211656734,0.04901461,2024,7.5496898,3.99488,27.196899,27.1602,28.8913,1.2873,30.951447,V9871,-19.06,178.52,5,69,98,19,60,74,86,60,152,74,9,77,18,830,3007,1018,1672,2374,1146,1180,1275,196,135,1182,304,1090.674742,4087.721367,3968.333333,3559.202134,3238.796019,1444.602142,3708.478889,1774.414125,1312.505088,3793.120878,1240.462885,3937.645937,34,62,12,40,39,48,40,64,45,5,21,10,440,1887,601,1170,1698,825,925,525,118,135,246,168,0,64,0,106,60,0,0,3,0,0,22,0
Kadavu,Nukuvou,Kadavu 2,FLMMA/Matava,RobertsReef,KAD_ROB_Transect 4,-19.02253742,178.4892083,NA,7.4294782,543.73291,157.43689,Locally Managed Marine Area,2000-2004,2002,23,Part,10.87,2003,Back Reef Slope,49740,0.496694199,0.612993626,0,0.89839915,0.721292482,0.55745951,0.547806495,Tourism,Melanesia,non-refugia,0.692938407,719.7486448,0,638,32.64180756,0.000358743,-0.06755,-0.5708,0.12037,-0.10968,-0.59643,-0.2335,4.327020976,173.0808391,89,1.09E-12,0.777255956,0.921184186,0.20744978,0.050039598,2024,7.5496898,3.99488,27.196899,27.1602,28.8913,1.2873,30.951447,V9871,-19.06,178.52,5,69,98,19,60,74,86,60,152,74,9,77,18,830,3007,1018,1672,2374,1146,1180,1275,196,135,1182,304,1090.674742,4087.721367,3968.333333,3559.202134,3238.796019,1444.602142,3708.478889,1774.414125,1312.505088,3793.120878,1240.462885,3937.645937,34,62,12,40,39,48,40,64,45,5,21,10,440,1887,601,1170,1698,825,925,525,118,135,246,168,0,64,0,106,60,0,0,3,0,0,22,0
Kadavu,Nukuvou,Kadavu 2,FLMMA/Matava,RobertsReef,KAD_ROB_Transect 5,-19.02253742,178.4892083,NA,7.4294782,543.73291,157.43689,Locally Managed Marine Area,2000-2004,2002,23,Part,10.87,2003,Back Reef Slope,49740,0.496694199,0.612993626,0,0.89839915,0.721292482,0.55745951,0.547806495,Tourism,Melanesia,non-refugia,0.692938407,719.7486448,0,638,32.64180756,0.000358743,-0.06755,-0.5708,0.12037,-0.10968,-0.59643,-0.2335,17.60703188,704.2812751,104,2.05E-12,0.716325178,0.896546928,0.237592379,0.064839419,2024,7.5496898,3.99488,27.196899,27.1602,28.8913,1.2873,30.951447,V9871,-19.06,178.52,5,69,98,19,60,74,86,60,152,74,9,77,18,830,3007,1018,1672,2374,1146,1180,1275,196,135,1182,304,1090.674742,4087.721367,3968.333333,3559.202134,3238.796019,1444.602142,3708.478889,1774.414125,1312.505088,3793.120878,1240.462885,3937.645937,34,62,12,40,39,48,40,64,45,5,21,10,440,1887,601,1170,1698,825,925,525,118,135,246,168,0,64,0,106,60,0,0,3,0,0,22,0
Kadavu,Soso,Kadavu 3,FLMMA/Matava,Soso1,KAD_SO1_Transect 1,-19.050175,178.2953433,Outer Reef Flat,5.6637535,426.80042,103.3162,Locally Managed Marine Area,2005-2009,2007,18,Part,4.56,2005,Inner Reef Flat,49807,0.446554663,0.571159059,0,0,0.731278505,0.546459566,0.382575299,Sediments,Melanesia,non-refugia,0.511425537,450.3673286,0,0,36.69154358,0.000232939,-0.06438,-0.5281,0.11545,-0.13044,-0.54189,-0.27593,8.687954824,347.518193,143,5.10E-14,0.625306756,0.920689494,0.172749275,0.032093651,2024,7.6047802,4.0736399,27.2348,27.196501,28.9168,1.27416,35.152096,V9864,-19.06,178.28,4,52,106,18,43,76,91,43,145,55,5,62,8,665,2848,918,1268,2448,1323,1020,1114,175,150,936,152,2931.43164,4732.486918,3630.166667,1413.472836,4267.567656,1676.272556,1709.402061,5652.93437,3439.946774,36.27628205,1476.326521,81.16877281,49,57,8,28,30,38,28,66,37,11,39,9,640,1580,399,792,662,519,580,449,95,315,465,88,0,16,0,0,21,0,0,24,8,0,15,0
Kadavu,Soso,Kadavu 3,FLMMA/Matava,Soso1,KAD_SO1_Transect 2,-19.050175,178.2953433,Outer Reef Flat,5.6637535,426.80042,103.3162,Locally Managed Marine Area,2005-2009,2007,18,Part,4.56,2005,Inner Reef Flat,49807,0.446554663,0.571159059,0,0,0.731278505,0.546459566,0.382575299,Sediments,Melanesia,non-refugia,0.511425537,450.3673286,0,0,36.69154358,0.000232939,-0.06438,-0.5281,0.11545,-0.13044,-0.54189,-0.27593,6.902819488,276.1127795,90,1.05E-13,0.74132604,0.906634786,0.172434704,0.033556109,2024,7.6047802,4.0736399,27.2348,27.196501,28.9168,1.27416,35.152096,V9864,-19.06,178.28,4,52,106,18,43,76,91,43,145,55,5,62,8,665,2848,918,1268,2448,1323,1020,1114,175,150,936,152,2931.43164,4732.486918,3630.166667,1413.472836,4267.567656,1676.272556,1709.402061,5652.93437,3439.946774,36.27628205,1476.326521,81.16877281,49,57,8,28,30,38,28,66,37,11,39,9,640,1580,399,792,662,519,580,449,95,315,465,88,0,16,0,0,21,0,0,24,8,0,15,0
Kadavu,Soso,Kadavu 3,FLMMA/Matava,Soso1,KAD_SO1_Transect 3,-19.050175,178.2953433,Outer Reef Flat,5.6637535,426.80042,103.3162,Locally Managed Marine Area,2005-2009,2007,18,Part,4.56,2005,Inner Reef Flat,49807,0.446554663,0.571159059,0,0,0.731278505,0.546459566,0.382575299,Sediments,Melanesia,non-refugia,0.511425537,450.3673286,0,0,36.69154358,0.000232939,-0.06438,-0.5281,0.11545,-0.13044,-0.54189,-0.27593,3.573927032,142.9570813,92,2.85E-16,0.700011495,0.924660465,0.217873935,0.051143957,2024,7.6047802,4.0736399,27.2348,27.196501,28.9168,1.27416,35.152096,V9864,-19.06,178.28,4,52,106,18,43,76,91,43,145,55,5,62,8,665,2848,918,1268,2448,1323,1020,1114,175,150,936,152,2931.43164,4732.486918,3630.166667,1413.472836,4267.567656,1676.272556,1709.402061,5652.93437,3439.946774,36.27628205,1476.326521,81.16877281,49,57,8,28,30,38,28,66,37,11,39,9,640,1580,399,792,662,519,580,449,95,315,465,88,0,16,0,0,21,0,0,24,8,0,15,0
Kadavu,Soso,Kadavu 3,FLMMA/Matava,Soso1,KAD_SO1_Transect 4,-19.050175,178.2953433,Outer Reef Flat,5.6637535,426.80042,103.3162,Locally Managed Marine Area,2005-2009,2007,18,Part,4.56,2005,Inner Reef Flat,49807,0.446554663,0.571159059,0,0,0.731278505,0.546459566,0.382575299,Sediments,Melanesia,non-refugia,0.511425537,450.3673286,0,0,36.69154358,0.000232939,-0.06438,-0.5281,0.11545,-0.13044,-0.54189,-0.27593,5.924927057,236.9970823,130,1.56E-16,0.653948836,0.953655102,0.220535323,0.051464975,2024,7.6047802,4.0736399,27.2348,27.196501,28.9168,1.27416,35.152096,V9864,-19.06,178.28,4,52,106,18,43,76,91,43,145,55,5,62,8,665,2848,918,1268,2448,1323,1020,1114,175,150,936,152,2931.43164,4732.486918,3630.166667,1413.472836,4267.567656,1676.272556,1709.402061,5652.93437,3439.946774,36.27628205,1476.326521,81.16877281,49,57,8,28,30,38,28,66,37,11,39,9,640,1580,399,792,662,519,580,449,95,315,465,88,0,16,0,0,21,0,0,24,8,0,15,0
Kadavu,Soso,Kadavu 3,FLMMA/Matava,Soso2,KAD_SO2_Transect 1,-19.05842,178.30866,Inner Reef Flat,5.6637535,426.80042,103.3162,Locally Managed Marine Area,2005-2009,2007,18,Part,1.39,2004,Inner Reef Flat,49808,0.457511566,0.607919994,0,0.759029966,0.715922466,0.522838244,0.510537039,Tourism,Melanesia,non-refugia,0.546164877,684.8199158,0,34,30.43134689,7.06E-05,-0.03975,-0.53409,0.11601,-0.10105,0.15401,-0.27593,2.49735704,99.89428159,92,1.39E-18,0.595984598,0.907808424,0.102095193,0.017641539,2024,7.6047802,4.0736399,27.2348,27.196501,28.9168,1.27416,34.170807,V9864,-19.06,178.28,4,52,106,18,43,76,91,43,145,55,5,62,8,665,2848,918,1268,2448,1323,1020,1114,175,150,936,152,2931.43164,4732.486918,3630.166667,1413.472836,4267.567656,1676.272556,1709.402061,5652.93437,3439.946774,36.27628205,1476.326521,81.16877281,49,57,8,28,30,38,28,66,37,11,39,9,640,1580,399,792,662,519,580,449,95,315,465,88,0,16,0,0,21,0,0,24,8,0,15,0
Kadavu,Soso,Kadavu 3,FLMMA/Matava,Soso2,KAD_SO2_Transect 2,-19.05842,178.30866,Inner Reef Flat,5.6637535,426.80042,103.3162,Locally Managed Marine Area,2005-2009,2007,18,Part,1.39,2004,Inner Reef Flat,49808,0.457511566,0.607919994,0,0.759029966,0.715922466,0.522838244,0.510537039,Tourism,Melanesia,non-refugia,0.546164877,684.8199158,0,34,30.43134689,7.06E-05,-0.03975,-0.53409,0.11601,-0.10105,0.15401,-0.27593,0.9294593,37.17837201,87,4.00E-20,0.66100574,0.9446148,0.099456104,0.016527619,2024,7.6047802,4.0736399,27.2348,27.196501,28.9168,1.27416,34.170807,V9864,-19.06,178.28,4,52,106,18,43,76,91,43,145,55,5,62,8,665,2848,918,1268,2448,1323,1020,1114,175,150,936,152,2931.43164,4732.486918,3630.166667,1413.472836,4267.567656,1676.272556,1709.402061,5652.93437,3439.946774,36.27628205,1476.326521,81.16877281,49,57,8,28,30,38,28,66,37,11,39,9,640,1580,399,792,662,519,580,449,95,315,465,88,0,16,0,0,21,0,0,24,8,0,15,0
Kadavu,Soso,Kadavu 3,FLMMA/Matava,Soso2,KAD_SO2_Transect 3,-19.05842,178.30866,Inner Reef Flat,5.6637535,426.80042,103.3162,Locally Managed Marine Area,2005-2009,2007,18,Part,1.39,2004,Inner Reef Flat,49808,0.457511566,0.607919994,0,0.759029966,0.715922466,0.522838244,0.510537039,Tourism,Melanesia,non-refugia,0.546164877,684.8199158,0,34,30.43134689,7.06E-05,-0.03975,-0.53409,0.11601,-0.10105,0.15401,-0.27593,3.071803443,122.8721377,93,8.82E-20,0.720435799,0.971843401,0.126652481,0.020813992,2024,7.6047802,4.0736399,27.2348,27.196501,28.9168,1.27416,34.170807,V9864,-19.06,178.28,4,52,106,18,43,76,91,43,145,55,5,62,8,665,2848,918,1268,2448,1323,1020,1114,175,150,936,152,2931.43164,4732.486918,3630.166667,1413.472836,4267.567656,1676.272556,1709.402061,5652.93437,3439.946774,36.27628205,1476.326521,81.16877281,49,57,8,28,30,38,28,66,37,11,39,9,640,1580,399,792,662,519,580,449,95,315,465,88,0,16,0,0,21,0,0,24,8,0,15,0
Kadavu,Soso,Kadavu 3,FLMMA/Matava,Soso2,KAD_SO2_Transect 4,-19.05842,178.30866,Inner Reef Flat,5.6637535,426.80042,103.3162,Locally Managed Marine Area,2005-2009,2007,18,Part,1.39,2004,Inner Reef Flat,49808,0.457511566,0.607919994,0,0.759029966,0.715922466,0.522838244,0.510537039,Tourism,Melanesia,non-refugia,0.546164877,684.8199158,0,34,30.43134689,7.06E-05,-0.03975,-0.53409,0.11601,-0.10105,0.15401,-0.27593,2.140094448,85.60377791,96,1.64E-17,0.645780227,0.873920357,0.119710556,0.022168534,2024,7.6047802,4.0736399,27.2348,27.196501,28.9168,1.27416,34.170807,V9864,-19.06,178.28,4,52,106,18,43,76,91,43,145,55,5,62,8,665,2848,918,1268,2448,1323,1020,1114,175,150,936,152,2931.43164,4732.486918,3630.166667,1413.472836,4267.567656,1676.272556,1709.402061,5652.93437,3439.946774,36.27628205,1476.326521,81.16877281,49,57,8,28,30,38,28,66,37,11,39,9,640,1580,399,792,662,519,580,449,95,315,465,88,0,16,0,0,21,0,0,24,8,0,15,0
Kadavu,Ono,Kadavu 1,FLMMA/Kokomo,Vurro,KAD_VURRO_Transect 1,-18.86538489,178.5245489,NA,1.0907691,88.83326,73.211754,Locally Managed Marine Area,2005-2009,2007,18,Part,19.22,1985,Back Reef Slope,49587,0.551385065,0.592534252,0,0,0.69282404,0.574392423,0.401855963,Sediments,Melanesia,non-refugia,1.01353283,573.2444122,0,0,22.55356407,0.000634106,-0.05104,-0.67409,0.12897,-0.11091,-0.01837,-0.12752,4.461593654,178.4637461,133,2.50E-12,0.65928515,0.914395594,0.176239254,0.039679347,2024,7.64253,4.21804,27.274401,27.2442,28.952999,1.284,17.44282,V9899,-18.82,178.6,7,11,61,12,10,43,49,10,70,14,0,11,0,110,1943,533,272,1854,993,180,582,29,0,327,0,466.6647753,8223.666704,2819.25,2362.177247,798.2307055,308.5110462,3265.276875,1710.998474,15598.87571,0,4196.587701,0,67,50,6,52,30,35,52,102,52,24,54,34,705,1003,290,1414,1024,249,935,548,93,540,1011,560,0,0,0,0,0,0,0,0,0,0,0,0
Kadavu,Ono,Kadavu 1,FLMMA/Kokomo,Vurro,KAD_VURRO_Transect 2,-18.86538489,178.5245489,NA,1.0907691,88.83326,73.211754,Locally Managed Marine Area,2005-2009,2007,18,Part,19.22,1985,Back Reef Slope,49587,0.551385065,0.592534252,0,0,0.69282404,0.574392423,0.401855963,Sediments,Melanesia,non-refugia,1.01353283,573.2444122,0,0,22.55356407,0.000634106,-0.05104,-0.67409,0.12897,-0.11091,-0.01837,-0.12752,9.730166087,389.2066435,127,1.18E-11,0.695312823,0.906078575,0.252595553,0.068960844,2024,7.64253,4.21804,27.274401,27.2442,28.952999,1.284,17.44282,V9899,-18.82,178.6,7,11,61,12,10,43,49,10,70,14,0,11,0,110,1943,533,272,1854,993,180,582,29,0,327,0,466.6647753,8223.666704,2819.25,2362.177247,798.2307055,308.5110462,3265.276875,1710.998474,15598.87571,0,4196.587701,0,67,50,6,52,30,35,52,102,52,24,54,34,705,1003,290,1414,1024,249,935,548,93,540,1011,560,0,0,0,0,0,0,0,0,0,0,0,0
Kadavu,Ono,Kadavu 1,FLMMA/Kokomo,Vurro,KAD_VURRO_Transect 3,-18.86538489,178.5245489,NA,1.0907691,88.83326,73.211754,Locally Managed Marine Area,2005-2009,2007,18,Part,19.22,1985,Back Reef Slope,49587,0.551385065,0.592534252,0,0,0.69282404,0.574392423,0.401855963,Sediments,Melanesia,non-refugia,1.01353283,573.2444122,0,0,22.55356407,0.000634106,-0.05104,-0.67409,0.12897,-0.11091,-0.01837,-0.12752,8.90542422,356.2169688,286,4.69E-12,0.605922627,0.89554106,0.187268496,0.038707559,2024,7.64253,4.21804,27.274401,27.2442,28.952999,1.284,17.44282,V9899,-18.82,178.6,7,11,61,12,10,43,49,10,70,14,0,11,0,110,1943,533,272,1854,993,180,582,29,0,327,0,466.6647753,8223.666704,2819.25,2362.177247,798.2307055,308.5110462,3265.276875,1710.998474,15598.87571,0,4196.587701,0,67,50,6,52,30,35,52,102,52,24,54,34,705,1003,290,1414,1024,249,935,548,93,540,1011,560,0,0,0,0,0,0,0,0,0,0,0,0
Kadavu,Ono,Kadavu 1,FLMMA/Kokomo,Vurro,KAD_VURRO_Transect 4,-18.86538489,178.5245489,NA,1.0907691,88.83326,73.211754,Locally Managed Marine Area,2005-2009,2007,18,Part,19.22,1985,Back Reef Slope,49587,0.551385065,0.592534252,0,0,0.69282404,0.574392423,0.401855963,Sediments,Melanesia,non-refugia,1.01353283,573.2444122,0,0,22.55356407,0.000634106,-0.05104,-0.67409,0.12897,-0.11091,-0.01837,-0.12752,4.213938942,168.5575577,82,1.04E-15,0.665766543,0.909901678,0.196211477,0.041736019,2024,7.64253,4.21804,27.274401,27.2442,28.952999,1.284,17.44282,V9899,-18.82,178.6,7,11,61,12,10,43,49,10,70,14,0,11,0,110,1943,533,272,1854,993,180,582,29,0,327,0,466.6647753,8223.666704,2819.25,2362.177247,798.2307055,308.5110462,3265.276875,1710.998474,15598.87571,0,4196.587701,0,67,50,6,52,30,35,52,102,52,24,54,34,705,1003,290,1414,1024,249,935,548,93,540,1011,560,0,0,0,0,0,0,0,0,0,0,0,0
Kadavu,Ono,Kadavu 1,FLMMA/Kokomo,Vurro,KAD_VURRO_Transect 5,-18.86538489,178.5245489,NA,1.0907691,88.83326,73.211754,Locally Managed Marine Area,2005-2009,2007,18,Part,19.22,1985,Back Reef Slope,49587,0.551385065,0.592534252,0,0,0.69282404,0.574392423,0.401855963,Sediments,Melanesia,non-refugia,1.01353283,573.2444122,0,0,22.55356407,0.000634106,-0.05104,-0.67409,0.12897,-0.11091,-0.01837,-0.12752,10.55970489,422.3881955,145,1.78E-13,0.65259036,0.899415655,0.183168604,0.036905844,2024,7.64253,4.21804,27.274401,27.2442,28.952999,1.284,17.44282,V9899,-18.82,178.6,7,11,61,12,10,43,49,10,70,14,0,11,0,110,1943,533,272,1854,993,180,582,29,0,327,0,466.6647753,8223.666704,2819.25,2362.177247,798.2307055,308.5110462,3265.276875,1710.998474,15598.87571,0,4196.587701,0,67,50,6,52,30,35,52,102,52,24,54,34,705,1003,290,1414,1024,249,935,548,93,540,1011,560,0,0,0,0,0,0,0,0,0,0,0,0
Kadavu,Ono,Kadavu 1,FLMMA/Kokomo,Vurro,KAD_VURRO_Transect 6,-18.86538489,178.5245489,NA,1.0907691,88.83326,73.211754,Locally Managed Marine Area,2005-2009,2007,18,Part,19.22,1985,Back Reef Slope,49587,0.551385065,0.592534252,0,0,0.69282404,0.574392423,0.401855963,Sediments,Melanesia,non-refugia,1.01353283,573.2444122,0,0,22.55356407,0.000634106,-0.05104,-0.67409,0.12897,-0.11091,-0.01837,-0.12752,5.827875272,233.1150109,165,8.94E-13,0.696200605,0.951824536,0.201891131,0.046983263,2024,7.64253,4.21804,27.274401,27.2442,28.952999,1.284,17.44282,V9899,-18.82,178.6,7,11,61,12,10,43,49,10,70,14,0,11,0,110,1943,533,272,1854,993,180,582,29,0,327,0,466.6647753,8223.666704,2819.25,2362.177247,798.2307055,308.5110462,3265.276875,1710.998474,15598.87571,0,4196.587701,0,67,50,6,52,30,35,52,102,52,24,54,34,705,1003,290,1414,1024,249,935,548,93,540,1011,560,0,0,0,0,0,0,0,0,0,0,0,0
Yasawa,Kuata,Namara,Barefoot Manta,KuataBack,KUA_Back_Transect 1,-17.36312074,177.1327823,NA,0.22318776,21.863625,4.6390557,qoliqoli,Non-Adopter,Non-Adopter,Non-Adopter,None,0,None,Sheltered Reef Slope,48009,0.50113315,0.64664078,0,0.856198256,0.723241871,0.667772189,0.565831041,Tourism,Melanesia,non-refugia,0.719159072,1001.772951,0,253,33.34032822,0.007387417,-0.04951,-0.4121,0.1828,-0.49671,-0.54904,-0.10966,6.054761759,242.1904704,167,6.61E-13,0.675031084,0.777468038,0.167026239,0.03812365,2024,8.5515203,3.05423,28.304701,28.3654,29.6367,1.04562,55.602348,V9981,-17.38,177.08,15,21,33,4,13,15,17,13,38,12,0,4,1,190,498,155,364,212,156,260,152,32,0,63,8,5023.158095,3086.041893,136773.1381,606407.34,7227.178042,5416.180072,612119.7692,375954.6337,1275.185145,0,0,1255.398346,138,73,24,101,53,77,101,114,159,14,35,21,1845,3668,1756,2884,2390,1791,2160,1713,420,300,1422,472,0,43,0,64,6,0,0,0,0,0,5,0
Yasawa,Kuata,Namara,Barefoot Manta,KuataBack,KUA_Back_Transect 2,-17.36312074,177.1327823,NA,0.22318776,21.863625,4.6390557,qoliqoli,Non-Adopter,Non-Adopter,Non-Adopter,None,0,None,Sheltered Reef Slope,48009,0.50113315,0.64664078,0,0.856198256,0.723241871,0.667772189,0.565831041,Tourism,Melanesia,non-refugia,0.719159072,1001.772951,0,253,33.34032822,0.007387417,-0.04951,-0.4121,0.1828,-0.49671,-0.54904,-0.10966,15.70664709,628.2658834,173,5.70E-12,0.6633922,0.886850465,0.270805568,0.085199584,2024,8.5515203,3.05423,28.304701,28.3654,29.6367,1.04562,55.602348,V9981,-17.38,177.08,15,21,33,4,13,15,17,13,38,12,0,4,1,190,498,155,364,212,156,260,152,32,0,63,8,5023.158095,3086.041893,136773.1381,606407.34,7227.178042,5416.180072,612119.7692,375954.6337,1275.185145,0,0,1255.398346,138,73,24,101,53,77,101,114,159,14,35,21,1845,3668,1756,2884,2390,1791,2160,1713,420,300,1422,472,0,43,0,64,6,0,0,0,0,0,5,0
Yasawa,Kuata,Namara,Barefoot Manta,KuataBack,KUA_Back_Transect 3,-17.36312074,177.1327823,NA,0.22318776,21.863625,4.6390557,qoliqoli,Non-Adopter,Non-Adopter,Non-Adopter,None,0,None,Sheltered Reef Slope,48009,0.50113315,0.64664078,0,0.856198256,0.723241871,0.667772189,0.565831041,Tourism,Melanesia,non-refugia,0.719159072,1001.772951,0,253,33.34032822,0.007387417,-0.04951,-0.4121,0.1828,-0.49671,-0.54904,-0.10966,4.90819847,196.3279388,146,1.59E-15,0.64500721,0.937747925,0.209437964,0.04663965,2024,8.5515203,3.05423,28.304701,28.3654,29.6367,1.04562,55.602348,V9981,-17.38,177.08,15,21,33,4,13,15,17,13,38,12,0,4,1,190,498,155,364,212,156,260,152,32,0,63,8,5023.158095,3086.041893,136773.1381,606407.34,7227.178042,5416.180072,612119.7692,375954.6337,1275.185145,0,0,1255.398346,138,73,24,101,53,77,101,114,159,14,35,21,1845,3668,1756,2884,2390,1791,2160,1713,420,300,1422,472,0,43,0,64,6,0,0,0,0,0,5,0
Yasawa,Kuata,Namara,Barefoot Manta,KuataBack,KUA_Back_Transect 4,-17.36312074,177.1327823,NA,0.22318776,21.863625,4.6390557,qoliqoli,Non-Adopter,Non-Adopter,Non-Adopter,None,0,None,Sheltered Reef Slope,48009,0.50113315,0.64664078,0,0.856198256,0.723241871,0.667772189,0.565831041,Tourism,Melanesia,non-refugia,0.719159072,1001.772951,0,253,33.34032822,0.007387417,-0.04951,-0.4121,0.1828,-0.49671,-0.54904,-0.10966,7.471324994,298.8529998,124,2.92E-14,0.649199,0.816686669,0.157282364,0.029484386,2024,8.5515203,3.05423,28.304701,28.3654,29.6367,1.04562,55.602348,V9981,-17.38,177.08,15,21,33,4,13,15,17,13,38,12,0,4,1,190,498,155,364,212,156,260,152,32,0,63,8,5023.158095,3086.041893,136773.1381,606407.34,7227.178042,5416.180072,612119.7692,375954.6337,1275.185145,0,0,1255.398346,138,73,24,101,53,77,101,114,159,14,35,21,1845,3668,1756,2884,2390,1791,2160,1713,420,300,1422,472,0,43,0,64,6,0,0,0,0,0,5,0
Yasawa,Kuata,Namara,Barefoot Manta,KuataGoat,KUA_GOAT_Transect 1,-17.33537481,177.1509809,Deep Lagoon,0.16416138,16.897337,-2.3884435,qoliqoli,Non-Adopter,Non-Adopter,Non-Adopter,None,0,,Deep Lagoon,47926,0.497143713,0.647062056,0,0.757802769,0.854733706,0.695336539,0.575346464,Sediments,Melanesia,non-refugia,0.697049597,1005.858948,0,33,178.8015289,0.014073923,-0.01278,-0.3972,0.18457,-0.55469,0.47781,-0.1116,10.32615019,413.0460077,482,7.96E-13,0.53042349,0.838582263,0.135104458,0.025940894,2024,8.7239704,3.08673,28.311899,28.375799,29.655399,1.05889,114.89727,V9942,-17.3,177.16,11,38,68,16,26,35,58,26,83,36,0,13,0,505,3073,861,808,2438,1581,720,1004,129,0,324,0,128439.2215,1022.51302,5358.466667,6728.134268,4350.923264,2869.418449,1227.375846,25343.28577,23552.07202,0,45.41280889,0,72,91,31,50,74,109,50,142,86,24,77,38,855,3182,1721,1368,2640,2268,920,1887,230,615,1767,488,0,15,50,34,60,0,0,0,0,0,23,0
Yasawa,Kuata,Namara,Barefoot Manta,KuataGoat,KUA_GOAT_Transect 2,-17.33537481,177.1509809,Deep Lagoon,0.16416138,16.897337,-2.3884435,qoliqoli,Non-Adopter,Non-Adopter,Non-Adopter,None,0,,Deep Lagoon,47926,0.497143713,0.647062056,0,0.757802769,0.854733706,0.695336539,0.575346464,Sediments,Melanesia,non-refugia,0.697049597,1005.858948,0,33,178.8015289,0.014073923,-0.01278,-0.3972,0.18457,-0.55469,0.47781,-0.1116,4.916714197,196.6685679,347,4.04E-15,0.588729493,0.884569152,0.157991011,0.027940595,2024,8.7239704,3.08673,28.311899,28.375799,29.655399,1.05889,114.89727,V9942,-17.3,177.16,11,38,68,16,26,35,58,26,83,36,0,13,0,505,3073,861,808,2438,1581,720,1004,129,0,324,0,128439.2215,1022.51302,5358.466667,6728.134268,4350.923264,2869.418449,1227.375846,25343.28577,23552.07202,0,45.41280889,0,72,91,31,50,74,109,50,142,86,24,77,38,855,3182,1721,1368,2640,2268,920,1887,230,615,1767,488,0,15,50,34,60,0,0,0,0,0,23,0
Yasawa,Kuata,Namara,Barefoot Manta,KuataGoat,KUA_GOAT_Transect 3,-17.33537481,177.1509809,Deep Lagoon,0.16416138,16.897337,-2.3884435,qoliqoli,Non-Adopter,Non-Adopter,Non-Adopter,None,0,,Deep Lagoon,47926,0.497143713,0.647062056,0,0.757802769,0.854733706,0.695336539,0.575346464,Sediments,Melanesia,non-refugia,0.697049597,1005.858948,0,33,178.8015289,0.014073923,-0.01278,-0.3972,0.18457,-0.55469,0.47781,-0.1116,4.859528947,194.3811579,331,8.03E-13,0.686235127,0.9080854,0.179581448,0.03941677,2024,8.7239704,3.08673,28.311899,28.375799,29.655399,1.05889,114.89727,V9942,-17.3,177.16,11,38,68,16,26,35,58,26,83,36,0,13,0,505,3073,861,808,2438,1581,720,1004,129,0,324,0,128439.2215,1022.51302,5358.466667,6728.134268,4350.923264,2869.418449,1227.375846,25343.28577,23552.07202,0,45.41280889,0,72,91,31,50,74,109,50,142,86,24,77,38,855,3182,1721,1368,2640,2268,920,1887,230,615,1767,488,0,15,50,34,60,0,0,0,0,0,23,0
Yasawa,Kuata,Namara,Barefoot Manta,KuataGoat,KUA_GOAT_Transect 4,-17.33537481,177.1509809,Deep Lagoon,0.16416138,16.897337,-2.3884435,qoliqoli,Non-Adopter,Non-Adopter,Non-Adopter,None,0,,Deep Lagoon,47926,0.497143713,0.647062056,0,0.757802769,0.854733706,0.695336539,0.575346464,Sediments,Melanesia,non-refugia,0.697049597,1005.858948,0,33,178.8015289,0.014073923,-0.01278,-0.3972,0.18457,-0.55469,0.47781,-0.1116,7.780960981,311.2384392,416,8.85E-13,0.666241398,0.930060827,0.169522915,0.035348172,2024,8.7239704,3.08673,28.311899,28.375799,29.655399,1.05889,114.89727,V9942,-17.3,177.16,11,38,68,16,26,35,58,26,83,36,0,13,0,505,3073,861,808,2438,1581,720,1004,129,0,324,0,128439.2215,1022.51302,5358.466667,6728.134268,4350.923264,2869.418449,1227.375846,25343.28577,23552.07202,0,45.41280889,0,72,91,31,50,74,109,50,142,86,24,77,38,855,3182,1721,1368,2640,2268,920,1887,230,615,1767,488,0,15,50,34,60,0,0,0,0,0,23,0
Yasawa,Kuata,Namara,Barefoot Manta,KuataMPA,KUA_MPA_Transect 1,-17.36183827,177.1359799,Terrestrial Reef Flat,0.22318776,21.863625,4.6390557,qoliqoli,Non-Adopter,Non-Adopter,Non-Adopter,None,0,None,Terrestrial Reef Flat,48009,0.50113315,0.64664078,0,0.856198256,0.723241871,0.667772189,0.565831041,Tourism,Melanesia,non-refugia,0.719159072,1001.772951,0,253,33.34032822,0.007387417,-0.04951,-0.4121,0.1828,-0.49671,-0.54904,-0.10966,4.876677379,195.0670952,129,2.17E-15,0.619521839,0.965642245,0.179342447,0.041748147,2024,8.5515203,3.05423,28.304701,28.3654,29.6367,1.04562,63.649574,V9981,-17.38,177.08,15,21,33,4,13,15,17,13,38,12,0,4,1,190,498,155,364,212,156,260,152,32,0,63,8,5023.158095,3086.041893,136773.1381,606407.34,7227.178042,5416.180072,612119.7692,375954.6337,1275.185145,0,0,1255.398346,138,73,24,101,53,77,101,114,159,14,35,21,1845,3668,1756,2884,2390,1791,2160,1713,420,300,1422,472,0,43,0,64,6,0,0,0,0,0,5,0
Yasawa,Kuata,Namara,Barefoot Manta,KuataMPA,KUA_MPA_Transect 2,-17.36183827,177.1359799,Terrestrial Reef Flat,0.22318776,21.863625,4.6390557,qoliqoli,Non-Adopter,Non-Adopter,Non-Adopter,None,0,None,Terrestrial Reef Flat,48009,0.50113315,0.64664078,0,0.856198256,0.723241871,0.667772189,0.565831041,Tourism,Melanesia,non-refugia,0.719159072,1001.772951,0,253,33.34032822,0.007387417,-0.04951,-0.4121,0.1828,-0.49671,-0.54904,-0.10966,4.674106154,186.9642462,67,3.30E-17,0.64816336,0.786462867,0.123613227,0.021750073,2024,8.5515203,3.05423,28.304701,28.3654,29.6367,1.04562,63.649574,V9981,-17.38,177.08,15,21,33,4,13,15,17,13,38,12,0,4,1,190,498,155,364,212,156,260,152,32,0,63,8,5023.158095,3086.041893,136773.1381,606407.34,7227.178042,5416.180072,612119.7692,375954.6337,1275.185145,0,0,1255.398346,138,73,24,101,53,77,101,114,159,14,35,21,1845,3668,1756,2884,2390,1791,2160,1713,420,300,1422,472,0,43,0,64,6,0,0,0,0,0,5,0
Yasawa,Kuata,Namara,Barefoot Manta,KuataMPA,KUA_MPA_Transect 3,-17.36183827,177.1359799,Terrestrial Reef Flat,0.22318776,21.863625,4.6390557,qoliqoli,Non-Adopter,Non-Adopter,Non-Adopter,None,0,None,Terrestrial Reef Flat,48009,0.50113315,0.64664078,0,0.856198256,0.723241871,0.667772189,0.565831041,Tourism,Melanesia,non-refugia,0.719159072,1001.772951,0,253,33.34032822,0.007387417,-0.04951,-0.4121,0.1828,-0.49671,-0.54904,-0.10966,7.576776533,303.0710613,135,6.38E-15,0.72096285,0.899680745,0.200848763,0.045090101,2024,8.5515203,3.05423,28.304701,28.3654,29.6367,1.04562,63.649574,V9981,-17.38,177.08,15,21,33,4,13,15,17,13,38,12,0,4,1,190,498,155,364,212,156,260,152,32,0,63,8,5023.158095,3086.041893,136773.1381,606407.34,7227.178042,5416.180072,612119.7692,375954.6337,1275.185145,0,0,1255.398346,138,73,24,101,53,77,101,114,159,14,35,21,1845,3668,1756,2884,2390,1791,2160,1713,420,300,1422,472,0,43,0,64,6,0,0,0,0,0,5,0
Yasawa,Kuata,Namara,Barefoot Manta,KuataMPA,KUA_MPA_Transect 4,-17.36183827,177.1359799,Terrestrial Reef Flat,0.22318776,21.863625,4.6390557,qoliqoli,Non-Adopter,Non-Adopter,Non-Adopter,None,0,None,Terrestrial Reef Flat,48009,0.50113315,0.64664078,0,0.856198256,0.723241871,0.667772189,0.565831041,Tourism,Melanesia,non-refugia,0.719159072,1001.772951,0,253,33.34032822,0.007387417,-0.04951,-0.4121,0.1828,-0.49671,-0.54904,-0.10966,7.38720621,295.4882484,101,3.27E-16,0.750397753,0.937015048,0.227721523,0.054813431,2024,8.5515203,3.05423,28.304701,28.3654,29.6367,1.04562,63.649574,V9981,-17.38,177.08,15,21,33,4,13,15,17,13,38,12,0,4,1,190,498,155,364,212,156,260,152,32,0,63,8,5023.158095,3086.041893,136773.1381,606407.34,7227.178042,5416.180072,612119.7692,375954.6337,1275.185145,0,0,1255.398346,138,73,24,101,53,77,101,114,159,14,35,21,1845,3668,1756,2884,2390,1791,2160,1713,420,300,1422,472,0,43,0,64,6,0,0,0,0,0,5,0
Yasawa,Kuata,Namara,Barefoot Manta,KuataMPA,KUA_MPA_Transect 5,-17.36183827,177.1359799,Terrestrial Reef Flat,0.22318776,21.863625,4.6390557,qoliqoli,Non-Adopter,Non-Adopter,Non-Adopter,None,0,None,Terrestrial Reef Flat,48009,0.50113315,0.64664078,0,0.856198256,0.723241871,0.667772189,0.565831041,Tourism,Melanesia,non-refugia,0.719159072,1001.772951,0,253,33.34032822,0.007387417,-0.04951,-0.4121,0.1828,-0.49671,-0.54904,-0.10966,4.63184197,185.2736788,161,1.31E-14,0.757279164,0.913111614,0.217592998,0.050083623,2024,8.5515203,3.05423,28.304701,28.3654,29.6367,1.04562,63.649574,V9981,-17.38,177.08,15,21,33,4,13,15,17,13,38,12,0,4,1,190,498,155,364,212,156,260,152,32,0,63,8,5023.158095,3086.041893,136773.1381,606407.34,7227.178042,5416.180072,612119.7692,375954.6337,1275.185145,0,0,1255.398346,138,73,24,101,53,77,101,114,159,14,35,21,1845,3668,1756,2884,2390,1791,2160,1713,420,300,1422,472,0,43,0,64,6,0,0,0,0,0,5,0
Yasawa,Kuata,Namara,Barefoot Manta,KuataNonMPA,KUA_noMPA_Transect 1,-17.3660347,177.1399643,Terrestrial Reef Flat,0.16416138,16.897337,-2.3884435,qoliqoli,Non-Adopter,Non-Adopter,Non-Adopter,None,0,None,Terrestrial Reef Flat,48009,0.50113315,0.64664078,0,0.856198256,0.723241871,0.667772189,0.565831041,Tourism,Melanesia,non-refugia,0.719159072,1001.772951,0,253,33.34032822,0.007387417,-0.04951,-0.4121,0.1828,-0.49671,-0.54904,-0.10966,1.691622626,67.66490503,57,5.42E-16,0.756300263,0.904957782,0.182407189,0.037539789,2024,8.7239704,3.08673,28.311899,28.375799,29.655399,1.05889,63.649574,V9981,-17.38,177.08,15,21,33,4,13,15,17,13,38,12,0,4,1,190,498,155,364,212,156,260,152,32,0,63,8,5023.158095,3086.041893,136773.1381,606407.34,7227.178042,5416.180072,612119.7692,375954.6337,1275.185145,0,0,1255.398346,138,73,24,101,53,77,101,114,159,14,35,21,1845,3668,1756,2884,2390,1791,2160,1713,420,300,1422,472,0,43,0,64,6,0,0,0,0,0,5,0
Yasawa,Kuata,Namara,Barefoot Manta,KuataNonMPA,KUA_noMPA_Transect 2,-17.3660347,177.1399643,Terrestrial Reef Flat,0.16416138,16.897337,-2.3884435,qoliqoli,Non-Adopter,Non-Adopter,Non-Adopter,None,0,None,Terrestrial Reef Flat,48009,0.50113315,0.64664078,0,0.856198256,0.723241871,0.667772189,0.565831041,Tourism,Melanesia,non-refugia,0.719159072,1001.772951,0,253,33.34032822,0.007387417,-0.04951,-0.4121,0.1828,-0.49671,-0.54904,-0.10966,1.271896398,50.87585594,62,3.34E-17,0.726523285,0.883148693,0.160018086,0.029553907,2024,8.7239704,3.08673,28.311899,28.375799,29.655399,1.05889,63.649574,V9981,-17.38,177.08,15,21,33,4,13,15,17,13,38,12,0,4,1,190,498,155,364,212,156,260,152,32,0,63,8,5023.158095,3086.041893,136773.1381,606407.34,7227.178042,5416.180072,612119.7692,375954.6337,1275.185145,0,0,1255.398346,138,73,24,101,53,77,101,114,159,14,35,21,1845,3668,1756,2884,2390,1791,2160,1713,420,300,1422,472,0,43,0,64,6,0,0,0,0,0,5,0
Yasawa,Kuata,Namara,Barefoot Manta,KuataNonMPA,KUA_noMPA_Transect 3,-17.3660347,177.1399643,Terrestrial Reef Flat,0.16416138,16.897337,-2.3884435,qoliqoli,Non-Adopter,Non-Adopter,Non-Adopter,None,0,None,Terrestrial Reef Flat,48009,0.50113315,0.64664078,0,0.856198256,0.723241871,0.667772189,0.565831041,Tourism,Melanesia,non-refugia,0.719159072,1001.772951,0,253,33.34032822,0.007387417,-0.04951,-0.4121,0.1828,-0.49671,-0.54904,-0.10966,3.403598155,136.1439262,63,2.70E-16,0.742049441,0.851883249,0.140238532,0.028019676,2024,8.7239704,3.08673,28.311899,28.375799,29.655399,1.05889,63.649574,V9981,-17.38,177.08,15,21,33,4,13,15,17,13,38,12,0,4,1,190,498,155,364,212,156,260,152,32,0,63,8,5023.158095,3086.041893,136773.1381,606407.34,7227.178042,5416.180072,612119.7692,375954.6337,1275.185145,0,0,1255.398346,138,73,24,101,53,77,101,114,159,14,35,21,1845,3668,1756,2884,2390,1791,2160,1713,420,300,1422,472,0,43,0,64,6,0,0,0,0,0,5,0
Yasawa,Kuata,Namara,Barefoot Manta,KuataNonMPA,KUA_noMPA_Transect 4,-17.3660347,177.1399643,Terrestrial Reef Flat,0.16416138,16.897337,-2.3884435,qoliqoli,Non-Adopter,Non-Adopter,Non-Adopter,None,0,None,Terrestrial Reef Flat,48009,0.50113315,0.64664078,0,0.856198256,0.723241871,0.667772189,0.565831041,Tourism,Melanesia,non-refugia,0.719159072,1001.772951,0,253,33.34032822,0.007387417,-0.04951,-0.4121,0.1828,-0.49671,-0.54904,-0.10966,1.720363404,68.81453616,47,1.18E-15,0.706387951,0.804755707,0.151376609,0.031862106,2024,8.7239704,3.08673,28.311899,28.375799,29.655399,1.05889,63.649574,V9981,-17.38,177.08,15,21,33,4,13,15,17,13,38,12,0,4,1,190,498,155,364,212,156,260,152,32,0,63,8,5023.158095,3086.041893,136773.1381,606407.34,7227.178042,5416.180072,612119.7692,375954.6337,1275.185145,0,0,1255.398346,138,73,24,101,53,77,101,114,159,14,35,21,1845,3668,1756,2884,2390,1791,2160,1713,420,300,1422,472,0,43,0,64,6,0,0,0,0,0,5,0
Yasawa,Kuata,Namara,Barefoot Manta,KuataNonMPA,KUA_noMPA_Transect 5,-17.3660347,177.1399643,Terrestrial Reef Flat,0.16416138,16.897337,-2.3884435,qoliqoli,Non-Adopter,Non-Adopter,Non-Adopter,None,0,None,Terrestrial Reef Flat,48009,0.50113315,0.64664078,0,0.856198256,0.723241871,0.667772189,0.565831041,Tourism,Melanesia,non-refugia,0.719159072,1001.772951,0,253,33.34032822,0.007387417,-0.04951,-0.4121,0.1828,-0.49671,-0.54904,-0.10966,0.632091874,25.28367497,54,1.22E-15,0.791175968,0.88898215,0.185264472,0.039510227,2024,8.7239704,3.08673,28.311899,28.375799,29.655399,1.05889,63.649574,V9981,-17.38,177.08,15,21,33,4,13,15,17,13,38,12,0,4,1,190,498,155,364,212,156,260,152,32,0,63,8,5023.158095,3086.041893,136773.1381,606407.34,7227.178042,5416.180072,612119.7692,375954.6337,1275.185145,0,0,1255.398346,138,73,24,101,53,77,101,114,159,14,35,21,1845,3668,1756,2884,2390,1791,2160,1713,420,300,1422,472,0,43,0,64,6,0,0,0,0,0,5,0
Lau,Totoya,Totoya,Fijian LMMA/Captain Cook Cruises,CoralGarden,Lau_Totoya_BT_Transect 1,-19.00218046,-179.8781898,NA,10.61112,863.71924,-192.91789,qoliqoli,2010-2014,2012,13,None,0,None,Outer Reef Flat,49692,0.06399955,0.492362078,0,0,0.732915257,0.629447423,0.319787385,Sediments,Melanesia,non-refugia,0.009458145,163.7047529,0,0,37.5112648,0.002929408,-0.07671,-0.89297,0.15016,-0.55246,-0.42444,0.19743,8.8319061,353.276244,193,4.39E-17,0.686258307,0.949771403,0.148556074,0.025340009,2024,9.1705198,4.49721,27.214199,27.1525,28.888399,1.30302,34.549911,V9797,-19.14,179.8,4,80,82,27,91,48,56,91,122,94,35,82,40,1730,2959,1704,2656,2042,1356,2090,1812,339,1155,2325,1320,569.443935,28363.80575,15788.2,716.9896048,75901.45898,13276.2758,885.1393749,990.5060371,3137.821466,2736.855321,7654.647965,7058.606476,73,94,9,43,68,73,43,88,84,1,6,2,885,1182,410,1166,1526,984,765,509,210,15,36,16,15,47,0,106,0,32,0,0,0,30,0,2
Lau,Totoya,Totoya,Fijian LMMA/Captain Cook Cruises,CoralGarden,Lau_Totoya_BT_Transect 2,-19.00218046,-179.8781898,NA,10.61112,863.71924,-192.91789,qoliqoli,2010-2014,2012,13,None,0,None,Outer Reef Flat,49692,0.06399955,0.492362078,0,0,0.732915257,0.629447423,0.319787385,Sediments,Melanesia,non-refugia,0.009458145,163.7047529,0,0,37.5112648,0.002929408,-0.07671,-0.89297,0.15016,-0.55246,-0.42444,0.19743,4.285752089,171.4300836,98,6.12E-15,0.654377686,0.896342499,0.171744378,0.033516401,2024,9.1705198,4.49721,27.214199,27.1525,28.888399,1.30302,34.549911,V9797,-19.14,179.8,4,80,82,27,91,48,56,91,122,94,35,82,40,1730,2959,1704,2656,2042,1356,2090,1812,339,1155,2325,1320,569.443935,28363.80575,15788.2,716.9896048,75901.45898,13276.2758,885.1393749,990.5060371,3137.821466,2736.855321,7654.647965,7058.606476,73,94,9,43,68,73,43,88,84,1,6,2,885,1182,410,1166,1526,984,765,509,210,15,36,16,15,47,0,106,0,32,0,0,0,30,0,2
Lau,Totoya,Totoya,Fijian LMMA/Captain Cook Cruises,CoralGarden,Lau_Totoya_BT_Transect 3,-19.00218046,-179.8781898,NA,10.61112,863.71924,-192.91789,qoliqoli,2010-2014,2012,13,None,0,None,Outer Reef Flat,49692,0.06399955,0.492362078,0,0,0.732915257,0.629447423,0.319787385,Sediments,Melanesia,non-refugia,0.009458145,163.7047529,0,0,37.5112648,0.002929408,-0.07671,-0.89297,0.15016,-0.55246,-0.42444,0.19743,17.40211683,696.084673,262,9.36E-15,0.666701362,0.920673171,0.2110421,0.046928259,2024,9.1705198,4.49721,27.214199,27.1525,28.888399,1.30302,34.549911,V9797,-19.14,179.8,4,80,82,27,91,48,56,91,122,94,35,82,40,1730,2959,1704,2656,2042,1356,2090,1812,339,1155,2325,1320,569.443935,28363.80575,15788.2,716.9896048,75901.45898,13276.2758,885.1393749,990.5060371,3137.821466,2736.855321,7654.647965,7058.606476,73,94,9,43,68,73,43,88,84,1,6,2,885,1182,410,1166,1526,984,765,509,210,15,36,16,15,47,0,106,0,32,0,0,0,30,0,2
Lau,Totoya,Totoya,Fijian LMMA/Captain Cook Cruises,CoralGarden,Lau_Totoya_BT_Transect 4,-19.00218046,-179.8781898,NA,10.61112,863.71924,-192.91789,qoliqoli,2010-2014,2012,13,None,0,None,Outer Reef Flat,49692,0.06399955,0.492362078,0,0,0.732915257,0.629447423,0.319787385,Sediments,Melanesia,non-refugia,0.009458145,163.7047529,0,0,37.5112648,0.002929408,-0.07671,-0.89297,0.15016,-0.55246,-0.42444,0.19743,4.814227134,192.5690854,134,3.71E-16,0.658317804,0.934312899,0.133389575,0.022297714,2024,9.1705198,4.49721,27.214199,27.1525,28.888399,1.30302,34.549911,V9797,-19.14,179.8,4,80,82,27,91,48,56,91,122,94,35,82,40,1730,2959,1704,2656,2042,1356,2090,1812,339,1155,2325,1320,569.443935,28363.80575,15788.2,716.9896048,75901.45898,13276.2758,885.1393749,990.5060371,3137.821466,2736.855321,7654.647965,7058.606476,73,94,9,43,68,73,43,88,84,1,6,2,885,1182,410,1166,1526,984,765,509,210,15,36,16,15,47,0,106,0,32,0,0,0,30,0,2
Lau,Totoya,Totoya,Fijian LMMA/Captain Cook Cruises,ReefCorner,Lau_Totoya_Joe_Transect 1,-18.99945678,-179.8721369,Back Reef Slope,10.61112,863.71924,-192.91789,qoliqoli,2010-2014,2012,13,None,0,None,Back Reef Slope,49640,0.063699875,0.571268957,0,0,0,0,0.105828139,Coastal pop,Melanesia,non-refugia,0.009359818,450.8471918,0,0,0,0,-0.07258,-0.84888,0.15274,-0.49148,-0.42444,0.18083,7.402435139,296.0974055,184,1.17E-12,0.627133818,0.899714492,0.194849781,0.049127413,2024,9.1705198,4.49721,27.214199,27.1525,28.888399,1.30302,35.842247,V9797,-19.14,179.8,4,80,82,27,91,48,56,91,122,94,35,82,40,1730,2959,1704,2656,2042,1356,2090,1812,339,1155,2325,1320,569.443935,28363.80575,15788.2,716.9896048,75901.45898,13276.2758,885.1393749,990.5060371,3137.821466,2736.855321,7654.647965,7058.606476,73,94,9,43,68,73,43,88,84,1,6,2,885,1182,410,1166,1526,984,765,509,210,15,36,16,15,47,0,106,0,32,0,0,0,30,0,2
Lau,Totoya,Totoya,Fijian LMMA/Captain Cook Cruises,ReefCorner,Lau_Totoya_Joe_Transect 2,-18.99945678,-179.8721369,Back Reef Slope,10.61112,863.71924,-192.91789,qoliqoli,2010-2014,2012,13,None,0,None,Back Reef Slope,49640,0.063699875,0.571268957,0,0,0,0,0.105828139,Coastal pop,Melanesia,non-refugia,0.009359818,450.8471918,0,0,0,0,-0.07258,-0.84888,0.15274,-0.49148,-0.42444,0.18083,2.713647074,108.5458829,150,5.01E-13,0.617833292,0.839407989,0.122084406,0.026798855,2024,9.1705198,4.49721,27.214199,27.1525,28.888399,1.30302,35.842247,V9797,-19.14,179.8,4,80,82,27,91,48,56,91,122,94,35,82,40,1730,2959,1704,2656,2042,1356,2090,1812,339,1155,2325,1320,569.443935,28363.80575,15788.2,716.9896048,75901.45898,13276.2758,885.1393749,990.5060371,3137.821466,2736.855321,7654.647965,7058.606476,73,94,9,43,68,73,43,88,84,1,6,2,885,1182,410,1166,1526,984,765,509,210,15,36,16,15,47,0,106,0,32,0,0,0,30,0,2
Lau,Totoya,Totoya,Fijian LMMA/Captain Cook Cruises,ReefCorner,Lau_Totoya_Joe_Transect 3,-18.99945678,-179.8721369,Back Reef Slope,10.61112,863.71924,-192.91789,qoliqoli,2010-2014,2012,13,None,0,None,Back Reef Slope,49640,0.063699875,0.571268957,0,0,0,0,0.105828139,Coastal pop,Melanesia,non-refugia,0.009359818,450.8471918,0,0,0,0,-0.07258,-0.84888,0.15274,-0.49148,-0.42444,0.18083,5.561681131,222.4672452,127,2.12E-12,0.698894993,0.930817003,0.222400036,0.052262892,2024,9.1705198,4.49721,27.214199,27.1525,28.888399,1.30302,35.842247,V9797,-19.14,179.8,4,80,82,27,91,48,56,91,122,94,35,82,40,1730,2959,1704,2656,2042,1356,2090,1812,339,1155,2325,1320,569.443935,28363.80575,15788.2,716.9896048,75901.45898,13276.2758,885.1393749,990.5060371,3137.821466,2736.855321,7654.647965,7058.606476,73,94,9,43,68,73,43,88,84,1,6,2,885,1182,410,1166,1526,984,765,509,210,15,36,16,15,47,0,106,0,32,0,0,0,30,0,2
Lau,Totoya,Totoya,Fijian LMMA/Captain Cook Cruises,ReefCorner,Lau_Totoya_Joe_Transect 4,-18.99945678,-179.8721369,Back Reef Slope,10.61112,863.71924,-192.91789,qoliqoli,2010-2014,2012,13,None,0,None,Back Reef Slope,49640,0.063699875,0.571268957,0,0,0,0,0.105828139,Coastal pop,Melanesia,non-refugia,0.009359818,450.8471918,0,0,0,0,-0.07258,-0.84888,0.15274,-0.49148,-0.42444,0.18083,4.491618995,179.6647598,112,6.85E-13,0.757980505,0.907376992,0.217767722,0.050118072,2024,9.1705198,4.49721,27.214199,27.1525,28.888399,1.30302,35.842247,V9797,-19.14,179.8,4,80,82,27,91,48,56,91,122,94,35,82,40,1730,2959,1704,2656,2042,1356,2090,1812,339,1155,2325,1320,569.443935,28363.80575,15788.2,716.9896048,75901.45898,13276.2758,885.1393749,990.5060371,3137.821466,2736.855321,7654.647965,7058.606476,73,94,9,43,68,73,43,88,84,1,6,2,885,1182,410,1166,1526,984,765,509,210,15,36,16,15,47,0,106,0,32,0,0,0,30,0,2
Lau,Totoya,Totoya,Fijian LMMA/Captain Cook Cruises,ReefCorner,Lau_Totoya_Joe_Transect 5,-18.99945678,-179.8721369,Back Reef Slope,10.61112,863.71924,-192.91789,qoliqoli,2010-2014,2012,13,None,0,None,Back Reef Slope,49640,0.063699875,0.571268957,0,0,0,0,0.105828139,Coastal pop,Melanesia,non-refugia,0.009359818,450.8471918,0,0,0,0,-0.07258,-0.84888,0.15274,-0.49148,-0.42444,0.18083,4.952696907,198.1078763,163,1.66E-12,0.673450984,0.903557903,0.192792043,0.04053244,2024,9.1705198,4.49721,27.214199,27.1525,28.888399,1.30302,35.842247,V9797,-19.14,179.8,4,80,82,27,91,48,56,91,122,94,35,82,40,1730,2959,1704,2656,2042,1356,2090,1812,339,1155,2325,1320,569.443935,28363.80575,15788.2,716.9896048,75901.45898,13276.2758,885.1393749,990.5060371,3137.821466,2736.855321,7654.647965,7058.606476,73,94,9,43,68,73,43,88,84,1,6,2,885,1182,410,1166,1526,984,765,509,210,15,36,16,15,47,0,106,0,32,0,0,0,30,0,2
Lau,Vanua Balavu,Daliconi,Fijian LMMA/Captain Cook Cruises,VBBay,Lau_VanuaBalavu_Transect 1,-17.20382191,-178.9734533,Back Reef Slope,0.4948923,42.277264,12.657234,Locally Managed Marine Area,Non-Adopter,Non-Adopter,Non-Adopter,Part,4.66,2007,Back Reef Slope,47764,0.013279392,0.663968056,0,0.759029966,0.704097396,0.562544912,0.45048662,Tourism,Melanesia,refugia,0.000403359,1178.724392,0,34,26.18201828,0.000429278,0.0396,-0.12626,0.23237,0.09724,0.7605,0.07336,1.951703151,78.06812604,91,2.08E-13,0.688147833,0.88061563,0.166694792,0.032029489,2024,7.4421301,3.28825,27.8605,27.8461,29.256701,1.0885299,3.0756044,V9720,-17.14,-178.84,2,28,70,12,27,46,37,27,78,45,5,50,15,400,1906,523,754,1134,561,535,662,114,90,924,160,9687.693002,3405.185794,11156.16667,39741.35591,48529.31804,25210.43976,22685.17666,6199.740257,2167.82088,236.6476011,691.3406574,375.6553002,40,82,9,32,36,17,32,82,46,7,48,15,395,1273,368,878,1260,165,595,343,90,120,513,216,0,28,0,38,0,0,0,0,0,0,8,0
Lau,Vanua Balavu,Daliconi,Fijian LMMA/Captain Cook Cruises,VBBay,Lau_VanuaBalavu_Transect 2,-17.20382191,-178.9734533,Back Reef Slope,0.4948923,42.277264,12.657234,Locally Managed Marine Area,Non-Adopter,Non-Adopter,Non-Adopter,Part,4.66,2007,Back Reef Slope,47764,0.013279392,0.663968056,0,0.759029966,0.704097396,0.562544912,0.45048662,Tourism,Melanesia,refugia,0.000403359,1178.724392,0,34,26.18201828,0.000429278,0.0396,-0.12626,0.23237,0.09724,0.7605,0.07336,1.886342077,75.45368308,107,8.70E-14,0.723966092,0.908698062,0.148362968,0.029719916,2024,7.4421301,3.28825,27.8605,27.8461,29.256701,1.0885299,3.0756044,V9720,-17.14,-178.84,2,28,70,12,27,46,37,27,78,45,5,50,15,400,1906,523,754,1134,561,535,662,114,90,924,160,9687.693002,3405.185794,11156.16667,39741.35591,48529.31804,25210.43976,22685.17666,6199.740257,2167.82088,236.6476011,691.3406574,375.6553002,40,82,9,32,36,17,32,82,46,7,48,15,395,1273,368,878,1260,165,595,343,90,120,513,216,0,28,0,38,0,0,0,0,0,0,8,0
VanuaLevu,Savusavu,Savusavu,Bua Provincial Councial/KorosunDive,GoldenNuggets,SAV_GNU_Transect 4,-16.82430488,179.2706002,NA,3.6456804,289.92941,140.46001,Locally Managed Marine Area,2005-2009,2007,18,Part,20.6,2004,Deep Lagoon,47273,0.382892248,0.858634332,0.998223313,0.865429702,0.794854348,0.642768964,0.757133818,Industrial dev,Melanesia,refugia,0.353583294,7645.003204,2,306,79.11255646,0.004097039,0.02434,-0.10809,0.22032,0.16556,0.38748,-0.02834,4.122328944,164.8931578,214,2.96E-12,0.563657569,0.836772713,0.113717274,0.025260883,2023,8.2347403,2.5048299,27.803801,27.770901,29.3599,1.20778,56.710823,V9994,-16.82,179.16,10,15,44,4,14,36,25,14,37,13,1,1,1,135,675,161,372,1118,597,230,243,31,15,3,8,29905.73043,18080.48411,327,16263.98534,162.3865676,99.06378495,17088.71717,460.2365627,214.1349248,256965.9912,275158.8505,129466.6713,78,91,25,49,59,84,49,145,70,15,84,42,840,3316,1264,1338,2510,1248,895,1402,124,435,1767,776,0,24,0,4,0,0,0,0,0,0,0,0
VanuaLevu,Savusavu,Savusavu,Bua Provincial Councial/KorosunDive,GoldenNuggets,SAV_GNU_Transect 5,-16.82430488,179.2706002,NA,3.6456804,289.92941,140.46001,Locally Managed Marine Area,2005-2009,2007,18,Part,20.6,2004,Deep Lagoon,47273,0.382892248,0.858634332,0.998223313,0.865429702,0.794854348,0.642768964,0.757133818,Industrial dev,Melanesia,refugia,0.353583294,7645.003204,2,306,79.11255646,0.004097039,0.02434,-0.10809,0.22032,0.16556,0.38748,-0.02834,12.87821711,515.1286844,321,1.37E-11,0.624414628,0.932639499,0.192272814,0.047226391,2023,8.2347403,2.5048299,27.803801,27.770901,29.3599,1.20778,56.710823,V9994,-16.82,179.16,10,15,44,4,14,36,25,14,37,13,1,1,1,135,675,161,372,1118,597,230,243,31,15,3,8,29905.73043,18080.48411,327,16263.98534,162.3865676,99.06378495,17088.71717,460.2365627,214.1349248,256965.9912,275158.8505,129466.6713,78,91,25,49,59,84,49,145,70,15,84,42,840,3316,1264,1338,2510,1248,895,1402,124,435,1767,776,0,24,0,4,0,0,0,0,0,0,0,0
VanuaLevu,Savusavu,Savusavu,Bua Provincial Councial/KorosunDive,GoldenNuggets,SAV_GNU_Transect 6,-16.82430488,179.2706002,NA,3.6456804,289.92941,140.46001,Locally Managed Marine Area,2005-2009,2007,18,Part,20.6,2004,Deep Lagoon,47273,0.382892248,0.858634332,0.998223313,0.865429702,0.794854348,0.642768964,0.757133818,Industrial dev,Melanesia,refugia,0.353583294,7645.003204,2,306,79.11255646,0.004097039,0.02434,-0.10809,0.22032,0.16556,0.38748,-0.02834,2.626506023,105.0602409,180,2.77E-14,0.600811937,0.912924317,0.152263768,0.032546768,2023,8.2347403,2.5048299,27.803801,27.770901,29.3599,1.20778,56.710823,V9994,-16.82,179.16,10,15,44,4,14,36,25,14,37,13,1,1,1,135,675,161,372,1118,597,230,243,31,15,3,8,29905.73043,18080.48411,327,16263.98534,162.3865676,99.06378495,17088.71717,460.2365627,214.1349248,256965.9912,275158.8505,129466.6713,78,91,25,49,59,84,49,145,70,15,84,42,840,3316,1264,1338,2510,1248,895,1402,124,435,1767,776,0,24,0,4,0,0,0,0,0,0,0,0
VanuaLevu,Savusavu,Savusavu,Bua Provincial Councial/KorosunDive,GoldenNuggets,SAV_GNU_Transect 7,-16.82430488,179.2706002,NA,3.6456804,289.92941,140.46001,Locally Managed Marine Area,2005-2009,2007,18,Part,20.6,2004,Deep Lagoon,47273,0.382892248,0.858634332,0.998223313,0.865429702,0.794854348,0.642768964,0.757133818,Industrial dev,Melanesia,refugia,0.353583294,7645.003204,2,306,79.11255646,0.004097039,0.02434,-0.10809,0.22032,0.16556,0.38748,-0.02834,7.7948713,311.794852,303,2.06E-14,0.637307139,0.954423604,0.105075837,0.023988912,2023,8.2347403,2.5048299,27.803801,27.770901,29.3599,1.20778,56.710823,V9994,-16.82,179.16,10,15,44,4,14,36,25,14,37,13,1,1,1,135,675,161,372,1118,597,230,243,31,15,3,8,29905.73043,18080.48411,327,16263.98534,162.3865676,99.06378495,17088.71717,460.2365627,214.1349248,256965.9912,275158.8505,129466.6713,78,91,25,49,59,84,49,145,70,15,84,42,840,3316,1264,1338,2510,1248,895,1402,124,435,1767,776,0,24,0,4,0,0,0,0,0,0,0,0
VanuaLevu,Savusavu,Savusavu,Bua Provincial Councial/KorosunDive,GoldenNuggets,SAV_GNU_Transect 8,-16.82430488,179.2706002,NA,3.6456804,289.92941,140.46001,Locally Managed Marine Area,2005-2009,2007,18,Part,20.6,2004,Deep Lagoon,47273,0.382892248,0.858634332,0.998223313,0.865429702,0.794854348,0.642768964,0.757133818,Industrial dev,Melanesia,refugia,0.353583294,7645.003204,2,306,79.11255646,0.004097039,0.02434,-0.10809,0.22032,0.16556,0.38748,-0.02834,8.347657112,333.9062845,237,1.82E-11,0.64930773,0.939660396,0.198687145,0.04975008,2023,8.2347403,2.5048299,27.803801,27.770901,29.3599,1.20778,56.710823,V9994,-16.82,179.16,10,15,44,4,14,36,25,14,37,13,1,1,1,135,675,161,372,1118,597,230,243,31,15,3,8,29905.73043,18080.48411,327,16263.98534,162.3865676,99.06378495,17088.71717,460.2365627,214.1349248,256965.9912,275158.8505,129466.6713,78,91,25,49,59,84,49,145,70,15,84,42,840,3316,1264,1338,2510,1248,895,1402,124,435,1767,776,0,24,0,4,0,0,0,0,0,0,0,0
VanuaLevu,Savusavu,Savusavu,Bua Provincial Councial/KorosunDive,SplitRock,SAV_SLR_Transect 1,-16.80662252,179.2922599,NA,3.6456804,289.92941,140.46001,Locally Managed Marine Area,2005-2009,2007,18,Part,20.6,2004,Sheltered Reef Slope,47273,0.382892248,0.858634332,0.998223313,0.865429702,0.794854348,0.642768964,0.757133818,Industrial dev,Melanesia,refugia,0.353583294,7645.003204,2,306,79.11255646,0.004097039,0.02434,-0.10809,0.22032,0.16556,0.38748,-0.02834,7.31509018,292.6036072,128,4.83E-13,0.65932416,0.946403686,0.161353228,0.036723099,2023,8.2347403,2.5048299,27.803801,27.770901,29.3599,1.20778,75.724457,V9994,-16.82,179.16,10,15,44,4,14,36,25,14,37,13,1,1,1,135,675,161,372,1118,597,230,243,31,15,3,8,29905.73043,18080.48411,327,16263.98534,162.3865676,99.06378495,17088.71717,460.2365627,214.1349248,256965.9912,275158.8505,129466.6713,78,91,25,49,59,84,49,145,70,15,84,42,840,3316,1264,1338,2510,1248,895,1402,124,435,1767,776,0,24,0,4,0,0,0,0,0,0,0,0
VanuaLevu,Savusavu,Savusavu,Bua Provincial Councial/KorosunDive,SplitRock,SAV_SLR_Transect 2,-16.80662252,179.2922599,NA,3.6456804,289.92941,140.46001,Locally Managed Marine Area,2005-2009,2007,18,Part,20.6,2004,Sheltered Reef Slope,47273,0.382892248,0.858634332,0.998223313,0.865429702,0.794854348,0.642768964,0.757133818,Industrial dev,Melanesia,refugia,0.353583294,7645.003204,2,306,79.11255646,0.004097039,0.02434,-0.10809,0.22032,0.16556,0.38748,-0.02834,3.636284323,145.4513729,154,3.22E-18,0.509863216,0.931332366,0.226140178,0.062118353,2023,8.2347403,2.5048299,27.803801,27.770901,29.3599,1.20778,75.724457,V9994,-16.82,179.16,10,15,44,4,14,36,25,14,37,13,1,1,1,135,675,161,372,1118,597,230,243,31,15,3,8,29905.73043,18080.48411,327,16263.98534,162.3865676,99.06378495,17088.71717,460.2365627,214.1349248,256965.9912,275158.8505,129466.6713,78,91,25,49,59,84,49,145,70,15,84,42,840,3316,1264,1338,2510,1248,895,1402,124,435,1767,776,0,24,0,4,0,0,0,0,0,0,0,0
VanuaLevu,Savusavu,Savusavu,Bua Provincial Councial/KorosunDive,SplitRock,SAV_SLR_Transect 3,-16.80662252,179.2922599,NA,3.6456804,289.92941,140.46001,Locally Managed Marine Area,2005-2009,2007,18,Part,20.6,2004,Sheltered Reef Slope,47273,0.382892248,0.858634332,0.998223313,0.865429702,0.794854348,0.642768964,0.757133818,Industrial dev,Melanesia,refugia,0.353583294,7645.003204,2,306,79.11255646,0.004097039,0.02434,-0.10809,0.22032,0.16556,0.38748,-0.02834,1.670039179,66.80156717,59,7.38E-16,0.748397449,0.957261514,0.192250288,0.042236418,2023,8.2347403,2.5048299,27.803801,27.770901,29.3599,1.20778,75.724457,V9994,-16.82,179.16,10,15,44,4,14,36,25,14,37,13,1,1,1,135,675,161,372,1118,597,230,243,31,15,3,8,29905.73043,18080.48411,327,16263.98534,162.3865676,99.06378495,17088.71717,460.2365627,214.1349248,256965.9912,275158.8505,129466.6713,78,91,25,49,59,84,49,145,70,15,84,42,840,3316,1264,1338,2510,1248,895,1402,124,435,1767,776,0,24,0,4,0,0,0,0,0,0,0,0
VanuaLevu,Savusavu,Savusavu,Bua Provincial Councial/KorosunDive,SplitRock,SAV_SLR_Transect 4,-16.80662252,179.2922599,NA,3.6456804,289.92941,140.46001,Locally Managed Marine Area,2005-2009,2007,18,Part,20.6,2004,Sheltered Reef Slope,47273,0.382892248,0.858634332,0.998223313,0.865429702,0.794854348,0.642768964,0.757133818,Industrial dev,Melanesia,refugia,0.353583294,7645.003204,2,306,79.11255646,0.004097039,0.02434,-0.10809,0.22032,0.16556,0.38748,-0.02834,7.735085067,309.4034027,132,8.51E-13,0.686499387,0.870616214,0.156097135,0.034328032,2023,8.2347403,2.5048299,27.803801,27.770901,29.3599,1.20778,75.724457,V9994,-16.82,179.16,10,15,44,4,14,36,25,14,37,13,1,1,1,135,675,161,372,1118,597,230,243,31,15,3,8,29905.73043,18080.48411,327,16263.98534,162.3865676,99.06378495,17088.71717,460.2365627,214.1349248,256965.9912,275158.8505,129466.6713,78,91,25,49,59,84,49,145,70,15,84,42,840,3316,1264,1338,2510,1248,895,1402,124,435,1767,776,0,24,0,4,0,0,0,0,0,0,0,0
VanuaLevu,Savusavu,Savusavu,Bua Provincial Councial/KorosunDive,SplitRock,SAV_SLR_Transect 5,-16.80662252,179.2922599,NA,3.6456804,289.92941,140.46001,Locally Managed Marine Area,2005-2009,2007,18,Part,20.6,2004,Sheltered Reef Slope,47273,0.382892248,0.858634332,0.998223313,0.865429702,0.794854348,0.642768964,0.757133818,Industrial dev,Melanesia,refugia,0.353583294,7645.003204,2,306,79.11255646,0.004097039,0.02434,-0.10809,0.22032,0.16556,0.38748,-0.02834,9.038151819,361.5260727,162,7.42E-13,0.741331153,0.936204871,0.222706134,0.054055218,2023,8.2347403,2.5048299,27.803801,27.770901,29.3599,1.20778,75.724457,V9994,-16.82,179.16,10,15,44,4,14,36,25,14,37,13,1,1,1,135,675,161,372,1118,597,230,243,31,15,3,8,29905.73043,18080.48411,327,16263.98534,162.3865676,99.06378495,17088.71717,460.2365627,214.1349248,256965.9912,275158.8505,129466.6713,78,91,25,49,59,84,49,145,70,15,84,42,840,3316,1264,1338,2510,1248,895,1402,124,435,1767,776,0,24,0,4,0,0,0,0,0,0,0,0
VanuaLevu,Savusavu,Wailevu,Bua Provincial Councial/CousteuDive,AliceWonderland,WAI_ALI_Transect 1,-16.82817665,179.1878434,NA,2.4705825,181.01839,84.630943,qoliqoli,2010-2014,2012,13,None,0,None,Outer Reef Flat,47272,0.40875803,0.389497399,0,0.666660561,0.761641165,0.591399038,0.469659366,Sediments,Melanesia,refugia,0.41026912,20.42838669,0,1,52.88097382,0.001066607,0.03692,-0.06416,0.21814,-0.10596,0.76408,-0.02734,5.40166645,216.066658,165,1.34E-13,0.603443552,0.881568584,0.139149772,0.023510392,2023,8.6780796,2.8404,27.8165,27.7808,29.375601,1.21342,49.357456,V9994,-16.82,179.16,10,15,44,4,14,36,25,14,37,13,1,1,1,135,675,161,372,1118,597,230,243,31,15,3,8,29905.73043,18080.48411,327,16263.98534,162.3865676,99.06378495,17088.71717,460.2365627,214.1349248,256965.9912,275158.8505,129466.6713,78,91,25,49,59,84,49,145,70,15,84,42,840,3316,1264,1338,2510,1248,895,1402,124,435,1767,776,0,24,0,4,0,0,0,0,0,0,0,0
VanuaLevu,Savusavu,Wailevu,Bua Provincial Councial/CousteuDive,AliceWonderland,WAI_ALI_Transect 2,-16.82817665,179.1878434,NA,2.4705825,181.01839,84.630943,qoliqoli,2010-2014,2012,13,None,0,None,Outer Reef Flat,47272,0.40875803,0.389497399,0,0.666660561,0.761641165,0.591399038,0.469659366,Sediments,Melanesia,refugia,0.41026912,20.42838669,0,1,52.88097382,0.001066607,0.03692,-0.06416,0.21814,-0.10596,0.76408,-0.02734,6.459806133,258.3922453,102,8.77E-16,0.648720068,0.910117989,0.15885946,0.030069337,2023,8.6780796,2.8404,27.8165,27.7808,29.375601,1.21342,49.357456,V9994,-16.82,179.16,10,15,44,4,14,36,25,14,37,13,1,1,1,135,675,161,372,1118,597,230,243,31,15,3,8,29905.73043,18080.48411,327,16263.98534,162.3865676,99.06378495,17088.71717,460.2365627,214.1349248,256965.9912,275158.8505,129466.6713,78,91,25,49,59,84,49,145,70,15,84,42,840,3316,1264,1338,2510,1248,895,1402,124,435,1767,776,0,24,0,4,0,0,0,0,0,0,0,0
VanuaLevu,Savusavu,Wailevu,Bua Provincial Councial/CousteuDive,AliceWonderland,WAI_ALI_Transect 3,-16.82817665,179.1878434,NA,2.4705825,181.01839,84.630943,qoliqoli,2010-2014,2012,13,None,0,None,Outer Reef Flat,47272,0.40875803,0.389497399,0,0.666660561,0.761641165,0.591399038,0.469659366,Sediments,Melanesia,refugia,0.41026912,20.42838669,0,1,52.88097382,0.001066607,0.03692,-0.06416,0.21814,-0.10596,0.76408,-0.02734,8.803881974,352.155279,154,1.24E-13,0.64416277,0.939440446,0.210872675,0.04665873,2023,8.6780796,2.8404,27.8165,27.7808,29.375601,1.21342,49.357456,V9994,-16.82,179.16,10,15,44,4,14,36,25,14,37,13,1,1,1,135,675,161,372,1118,597,230,243,31,15,3,8,29905.73043,18080.48411,327,16263.98534,162.3865676,99.06378495,17088.71717,460.2365627,214.1349248,256965.9912,275158.8505,129466.6713,78,91,25,49,59,84,49,145,70,15,84,42,840,3316,1264,1338,2510,1248,895,1402,124,435,1767,776,0,24,0,4,0,0,0,0,0,0,0,0
VanuaLevu,Savusavu,Wailevu,Bua Provincial Councial/CousteuDive,AliceWonderland,WAI_ALI_Transect 4,-16.82817665,179.1878434,NA,2.4705825,181.01839,84.630943,qoliqoli,2010-2014,2012,13,None,0,None,Outer Reef Flat,47272,0.40875803,0.389497399,0,0.666660561,0.761641165,0.591399038,0.469659366,Sediments,Melanesia,refugia,0.41026912,20.42838669,0,1,52.88097382,0.001066607,0.03692,-0.06416,0.21814,-0.10596,0.76408,-0.02734,8.593009315,343.7203726,177,3.35E-14,0.627817152,0.924967674,0.202375236,0.043818609,2023,8.6780796,2.8404,27.8165,27.7808,29.375601,1.21342,49.357456,V9994,-16.82,179.16,10,15,44,4,14,36,25,14,37,13,1,1,1,135,675,161,372,1118,597,230,243,31,15,3,8,29905.73043,18080.48411,327,16263.98534,162.3865676,99.06378495,17088.71717,460.2365627,214.1349248,256965.9912,275158.8505,129466.6713,78,91,25,49,59,84,49,145,70,15,84,42,840,3316,1264,1338,2510,1248,895,1402,124,435,1767,776,0,24,0,4,0,0,0,0,0,0,0,0
VanuaLevu,Savusavu,Wailevu,Bua Provincial Councial/CousteuDive,AliceWonderland,WAI_ALI_Transect 5,-16.82817665,179.1878434,NA,2.4705825,181.01839,84.630943,qoliqoli,2010-2014,2012,13,None,0,None,Outer Reef Flat,47272,0.40875803,0.389497399,0,0.666660561,0.761641165,0.591399038,0.469659366,Sediments,Melanesia,refugia,0.41026912,20.42838669,0,1,52.88097382,0.001066607,0.03692,-0.06416,0.21814,-0.10596,0.76408,-0.02734,5.364711673,214.5884669,156,3.49E-13,0.736681626,0.931463214,0.146971061,0.029954235,2023,8.6780796,2.8404,27.8165,27.7808,29.375601,1.21342,49.357456,V9994,-16.82,179.16,10,15,44,4,14,36,25,14,37,13,1,1,1,135,675,161,372,1118,597,230,243,31,15,3,8,29905.73043,18080.48411,327,16263.98534,162.3865676,99.06378495,17088.71717,460.2365627,214.1349248,256965.9912,275158.8505,129466.6713,78,91,25,49,59,84,49,145,70,15,84,42,840,3316,1264,1338,2510,1248,895,1402,124,435,1767,776,0,24,0,4,0,0,0,0,0,0,0,0
VanuaLevu,Savusavu,Wailevu,Bua Provincial Councial/CousteuDive,MysteryReef,WAI_MYS_Transect 1,-16.82181319,179.1888587,NA,2.4705825,181.01839,84.630943,qoliqoli,2010-2014,2012,13,None,0,None,Outer Reef Flat,47272,0.40875803,0.389497399,0,0.666660561,0.761641165,0.591399038,0.469659366,Sediments,Melanesia,refugia,0.41026912,20.42838669,0,1,52.88097382,0.001066607,0.03692,-0.06416,0.21814,-0.10596,0.76408,-0.02734,8.88293629,355.3174516,101,1.45E-16,0.593443597,0.924699818,0.204755243,0.044123699,2023,8.6780796,2.8404,27.8165,27.7808,29.375601,1.21342,55.227169,V9994,-16.82,179.16,10,15,44,4,14,36,25,14,37,13,1,1,1,135,675,161,372,1118,597,230,243,31,15,3,8,29905.73043,18080.48411,327,16263.98534,162.3865676,99.06378495,17088.71717,460.2365627,214.1349248,256965.9912,275158.8505,129466.6713,78,91,25,49,59,84,49,145,70,15,84,42,840,3316,1264,1338,2510,1248,895,1402,124,435,1767,776,0,24,0,4,0,0,0,0,0,0,0,0
VanuaLevu,Savusavu,Wailevu,Bua Provincial Councial/CousteuDive,MysteryReef,WAI_MYS_Transect 2,-16.82181319,179.1888587,NA,2.4705825,181.01839,84.630943,qoliqoli,2010-2014,2012,13,None,0,None,Outer Reef Flat,47272,0.40875803,0.389497399,0,0.666660561,0.761641165,0.591399038,0.469659366,Sediments,Melanesia,refugia,0.41026912,20.42838669,0,1,52.88097382,0.001066607,0.03692,-0.06416,0.21814,-0.10596,0.76408,-0.02734,9.709628286,388.3851315,201,5.10E-13,0.633582242,0.91478338,0.187371621,0.039354014,2023,8.6780796,2.8404,27.8165,27.7808,29.375601,1.21342,55.227169,V9994,-16.82,179.16,10,15,44,4,14,36,25,14,37,13,1,1,1,135,675,161,372,1118,597,230,243,31,15,3,8,29905.73043,18080.48411,327,16263.98534,162.3865676,99.06378495,17088.71717,460.2365627,214.1349248,256965.9912,275158.8505,129466.6713,78,91,25,49,59,84,49,145,70,15,84,42,840,3316,1264,1338,2510,1248,895,1402,124,435,1767,776,0,24,0,4,0,0,0,0,0,0,0,0
VanuaLevu,Savusavu,Wailevu,Bua Provincial Councial/CousteuDive,MysteryReef,WAI_MYS_Transect 3,-16.82181319,179.1888587,NA,2.4705825,181.01839,84.630943,qoliqoli,2010-2014,2012,13,None,0,None,Outer Reef Flat,47272,0.40875803,0.389497399,0,0.666660561,0.761641165,0.591399038,0.469659366,Sediments,Melanesia,refugia,0.41026912,20.42838669,0,1,52.88097382,0.001066607,0.03692,-0.06416,0.21814,-0.10596,0.76408,-0.02734,8.0431684,321.726736,186,6.50E-12,0.699780525,0.873820155,0.183011447,0.038161362,2023,8.6780796,2.8404,27.8165,27.7808,29.375601,1.21342,55.227169,V9994,-16.82,179.16,10,15,44,4,14,36,25,14,37,13,1,1,1,135,675,161,372,1118,597,230,243,31,15,3,8,29905.73043,18080.48411,327,16263.98534,162.3865676,99.06378495,17088.71717,460.2365627,214.1349248,256965.9912,275158.8505,129466.6713,78,91,25,49,59,84,49,145,70,15,84,42,840,3316,1264,1338,2510,1248,895,1402,124,435,1767,776,0,24,0,4,0,0,0,0,0,0,0,0
VanuaLevu,Savusavu,Wailevu,Bua Provincial Councial/CousteuDive,MysteryReef,WAI_MYS_transect 4,-16.82181319,179.1888587,NA,2.4705825,181.01839,84.630943,qoliqoli,2010-2014,2012,13,None,0,None,Outer Reef Flat,47272,0.40875803,0.389497399,0,0.666660561,0.761641165,0.591399038,0.469659366,Sediments,Melanesia,refugia,0.41026912,20.42838669,0,1,52.88097382,0.001066607,0.03692,-0.06416,0.21814,-0.10596,0.76408,-0.02734,11.30531675,452.2126702,525,5.37E-13,0.622470684,0.95559185,0.099335721,0.019363269,2023,8.6780796,2.8404,27.8165,27.7808,29.375601,1.21342,55.227169,V9994,-16.82,179.16,10,15,44,4,14,36,25,14,37,13,1,1,1,135,675,161,372,1118,597,230,243,31,15,3,8,29905.73043,18080.48411,327,16263.98534,162.3865676,99.06378495,17088.71717,460.2365627,214.1349248,256965.9912,275158.8505,129466.6713,78,91,25,49,59,84,49,145,70,15,84,42,840,3316,1264,1338,2510,1248,895,1402,124,435,1767,776,0,24,0,4,0,0,0,0,0,0,0,0
VanuaLevu,Savusavu,Wailevu,Bua Provincial Councial/CousteuDive,MysteryReef,WAI_MYS_Transect 5,-16.82181319,179.1888587,NA,2.4705825,181.01839,84.630943,qoliqoli,2010-2014,2012,13,None,0,None,Outer Reef Flat,47272,0.40875803,0.389497399,0,0.666660561,0.761641165,0.591399038,0.469659366,Sediments,Melanesia,refugia,0.41026912,20.42838669,0,1,52.88097382,0.001066607,0.03692,-0.06416,0.21814,-0.10596,0.76408,-0.02734,19.50492164,780.1968656,259,1.01E-11,0.638099787,0.936587325,0.191909052,0.042033625,2023,8.6780796,2.8404,27.8165,27.7808,29.375601,1.21342,55.227169,V9994,-16.82,179.16,10,15,44,4,14,36,25,14,37,13,1,1,1,135,675,161,372,1118,597,230,243,31,15,3,8,29905.73043,18080.48411,327,16263.98534,162.3865676,99.06378495,17088.71717,460.2365627,214.1349248,256965.9912,275158.8505,129466.6713,78,91,25,49,59,84,49,145,70,15,84,42,840,3316,1264,1338,2510,1248,895,1402,124,435,1767,776,0,24,0,4,0,0,0,0,0,0,0,0
Yasawa,Muaira,Muaira,Barefoot Manta,YaCOW,YA_COW_Transect 1,-17.16472821,177.1946053,Outer Reef Flat,0.063202888,8.5026398,-0.33094046,qoliqoli,Non-Adopter,Non-Adopter,Non-Adopter,None,0,None,Outer Reef Flat,47746,0.470154146,0.587112609,0,0.92371236,0.580678976,0.561052457,0.520451758,Tourism,Melanesia,non-refugia,0.585998662,540.2162622,0,1217,3.152070761,0.000401614,-0.00432,-0.26223,0.18872,-0.287,0.28977,-0.11919,12.71996214,508.7984855,552,3.35E-11,0.717610537,0.949483999,0.092988445,0.02444957,2024,8.3470097,2.9928401,28.202801,28.2474,29.573999,1.07531,2.1401651,V9945,-17.14,177.16,8,40,68,8,18,53,68,18,83,36,0,6,0,335,1350,316,478,1514,756,295,385,72,0,114,0,8973.979236,2871.195948,894.5,213.4468008,7958.406082,1614.429001,245.8434926,664.5255368,396.3117262,0,34.83598908,0,14,70,6,32,32,37,32,83,31,20,44,5,135,1116,293,878,924,327,595,333,46,795,399,40,0,80,0,54,6,0,0,0,0,0,2,0
Yasawa,Muaira,Muaira,Barefoot Manta,YaCOW,YA_COW_Transect 2,-17.16472821,177.1946053,Outer Reef Flat,0.063202888,8.5026398,-0.33094046,qoliqoli,Non-Adopter,Non-Adopter,Non-Adopter,None,0,None,Outer Reef Flat,47746,0.470154146,0.587112609,0,0.92371236,0.580678976,0.561052457,0.520451758,Tourism,Melanesia,non-refugia,0.585998662,540.2162622,0,1217,3.152070761,0.000401614,-0.00432,-0.26223,0.18872,-0.287,0.28977,-0.11919,10.45000306,418.0001222,572,1.04E-10,0.624825464,0.896254482,0.181197109,0.045761211,2024,8.3470097,2.9928401,28.202801,28.2474,29.573999,1.07531,2.1401651,V9945,-17.14,177.16,8,40,68,8,18,53,68,18,83,36,0,6,0,335,1350,316,478,1514,756,295,385,72,0,114,0,8973.979236,2871.195948,894.5,213.4468008,7958.406082,1614.429001,245.8434926,664.5255368,396.3117262,0,34.83598908,0,14,70,6,32,32,37,32,83,31,20,44,5,135,1116,293,878,924,327,595,333,46,795,399,40,0,80,0,54,6,0,0,0,0,0,2,0
Yasawa,Muaira,Muaira,Barefoot Manta,YaCOW,YA_COW_Transect 3,-17.16472821,177.1946053,Outer Reef Flat,0.063202888,8.5026398,-0.33094046,qoliqoli,Non-Adopter,Non-Adopter,Non-Adopter,None,0,None,Outer Reef Flat,47746,0.470154146,0.587112609,0,0.92371236,0.580678976,0.561052457,0.520451758,Tourism,Melanesia,non-refugia,0.585998662,540.2162622,0,1217,3.152070761,0.000401614,-0.00432,-0.26223,0.18872,-0.287,0.28977,-0.11919,14.50746841,580.2987364,838,9.24E-12,0.669463144,0.97528502,0.096293721,0.02183845,2024,8.3470097,2.9928401,28.202801,28.2474,29.573999,1.07531,2.1401651,V9945,-17.14,177.16,8,40,68,8,18,53,68,18,83,36,0,6,0,335,1350,316,478,1514,756,295,385,72,0,114,0,8973.979236,2871.195948,894.5,213.4468008,7958.406082,1614.429001,245.8434926,664.5255368,396.3117262,0,34.83598908,0,14,70,6,32,32,37,32,83,31,20,44,5,135,1116,293,878,924,327,595,333,46,795,399,40,0,80,0,54,6,0,0,0,0,0,2,0
Yasawa,Muaira,Muaira,Barefoot Manta,YaCOW,YA_COW_Transect 4,-17.16472821,177.1946053,Outer Reef Flat,0.063202888,8.5026398,-0.33094046,qoliqoli,Non-Adopter,Non-Adopter,Non-Adopter,None,0,None,Outer Reef Flat,47746,0.470154146,0.587112609,0,0.92371236,0.580678976,0.561052457,0.520451758,Tourism,Melanesia,non-refugia,0.585998662,540.2162622,0,1217,3.152070761,0.000401614,-0.00432,-0.26223,0.18872,-0.287,0.28977,-0.11919,58.31175675,2332.47027,646,9.41E-11,0.604137071,0.952473718,0.123892264,0.034682119,2024,8.3470097,2.9928401,28.202801,28.2474,29.573999,1.07531,2.1401651,V9945,-17.14,177.16,8,40,68,8,18,53,68,18,83,36,0,6,0,335,1350,316,478,1514,756,295,385,72,0,114,0,8973.979236,2871.195948,894.5,213.4468008,7958.406082,1614.429001,245.8434926,664.5255368,396.3117262,0,34.83598908,0,14,70,6,32,32,37,32,83,31,20,44,5,135,1116,293,878,924,327,595,333,46,795,399,40,0,80,0,54,6,0,0,0,0,0,2,0
Yasawa,Muaira,Muaira,Barefoot Manta,YaCOW,YA_COW_Transect 5,-17.16472821,177.1946053,Outer Reef Flat,0.063202888,8.5026398,-0.33094046,qoliqoli,Non-Adopter,Non-Adopter,Non-Adopter,None,0,None,Outer Reef Flat,47746,0.470154146,0.587112609,0,0.92371236,0.580678976,0.561052457,0.520451758,Tourism,Melanesia,non-refugia,0.585998662,540.2162622,0,1217,3.152070761,0.000401614,-0.00432,-0.26223,0.18872,-0.287,0.28977,-0.11919,18.53466702,741.3866808,876,2.57E-10,0.704922553,0.909937677,0.060245562,0.015414586,2024,8.3470097,2.9928401,28.202801,28.2474,29.573999,1.07531,2.1401651,V9945,-17.14,177.16,8,40,68,8,18,53,68,18,83,36,0,6,0,335,1350,316,478,1514,756,295,385,72,0,114,0,8973.979236,2871.195948,894.5,213.4468008,7958.406082,1614.429001,245.8434926,664.5255368,396.3117262,0,34.83598908,0,14,70,6,32,32,37,32,83,31,20,44,5,135,1116,293,878,924,327,595,333,46,795,399,40,0,80,0,54,6,0,0,0,0,0,2,0
Yasawa,Muaira,Muaira,Barefoot Manta,LittleWonders,YA_LIW_Transect 1,-17.15925308,177.1671203,Sheltered Reef Slope,0.070601173,7.5770392,4.7067151,qoliqoli,Non-Adopter,Non-Adopter,Non-Adopter,None,0,None,Sheltered Reef Slope,47746,0.470154146,0.587112609,0,0.92371236,0.580678976,0.561052457,0.520451758,Tourism,Melanesia,non-refugia,0.585998662,540.2162622,0,1217,3.152070761,0.000401614,-0.00432,-0.26223,0.18872,-0.287,0.28977,-0.11919,2.446017863,97.8407145,88,1.61E-17,0.646312134,0.906026708,0.176437706,0.0328034,2024,8.3153896,2.84781,28.2246,28.2666,29.5746,1.05427,1.8904194,V9945,-17.14,177.16,8,40,68,8,18,53,68,18,83,36,0,6,0,335,1350,316,478,1514,756,295,385,72,0,114,0,8973.979236,2871.195948,894.5,213.4468008,7958.406082,1614.429001,245.8434926,664.5255368,396.3117262,0,34.83598908,0,14,70,6,32,32,37,32,83,31,20,44,5,135,1116,293,878,924,327,595,333,46,795,399,40,0,80,0,54,6,0,0,0,0,0,2,0
Yasawa,Muaira,Muaira,Barefoot Manta,LittleWonders,YA_LIW_Transect 2,-17.15925308,177.1671203,Sheltered Reef Slope,0.070601173,7.5770392,4.7067151,qoliqoli,Non-Adopter,Non-Adopter,Non-Adopter,None,0,None,Sheltered Reef Slope,47746,0.470154146,0.587112609,0,0.92371236,0.580678976,0.561052457,0.520451758,Tourism,Melanesia,non-refugia,0.585998662,540.2162622,0,1217,3.152070761,0.000401614,-0.00432,-0.26223,0.18872,-0.287,0.28977,-0.11919,2.383086935,95.32347738,80,4.43E-17,0.672739516,0.942388838,0.158344843,0.027279686,2024,8.3153896,2.84781,28.2246,28.2666,29.5746,1.05427,1.8904194,V9945,-17.14,177.16,8,40,68,8,18,53,68,18,83,36,0,6,0,335,1350,316,478,1514,756,295,385,72,0,114,0,8973.979236,2871.195948,894.5,213.4468008,7958.406082,1614.429001,245.8434926,664.5255368,396.3117262,0,34.83598908,0,14,70,6,32,32,37,32,83,31,20,44,5,135,1116,293,878,924,327,595,333,46,795,399,40,0,80,0,54,6,0,0,0,0,0,2,0
Yasawa,Muaira,Muaira,Barefoot Manta,LittleWonders,YA_LIW_Transect 3,-17.15925308,177.1671203,Sheltered Reef Slope,0.070601173,7.5770392,4.7067151,qoliqoli,Non-Adopter,Non-Adopter,Non-Adopter,None,0,None,Sheltered Reef Slope,47746,0.470154146,0.587112609,0,0.92371236,0.580678976,0.561052457,0.520451758,Tourism,Melanesia,non-refugia,0.585998662,540.2162622,0,1217,3.152070761,0.000401614,-0.00432,-0.26223,0.18872,-0.287,0.28977,-0.11919,2.111239344,84.44957376,86,2.60E-15,0.745273775,0.948594331,0.16849962,0.032322724,2024,8.3153896,2.84781,28.2246,28.2666,29.5746,1.05427,1.8904194,V9945,-17.14,177.16,8,40,68,8,18,53,68,18,83,36,0,6,0,335,1350,316,478,1514,756,295,385,72,0,114,0,8973.979236,2871.195948,894.5,213.4468008,7958.406082,1614.429001,245.8434926,664.5255368,396.3117262,0,34.83598908,0,14,70,6,32,32,37,32,83,31,20,44,5,135,1116,293,878,924,327,595,333,46,795,399,40,0,80,0,54,6,0,0,0,0,0,2,0
Yasawa,Muaira,Muaira,Barefoot Manta,LittleWonders,YA_LIW_Transect 4,-17.15925308,177.1671203,Sheltered Reef Slope,0.070601173,7.5770392,4.7067151,qoliqoli,Non-Adopter,Non-Adopter,Non-Adopter,None,0,None,Sheltered Reef Slope,47746,0.470154146,0.587112609,0,0.92371236,0.580678976,0.561052457,0.520451758,Tourism,Melanesia,non-refugia,0.585998662,540.2162622,0,1217,3.152070761,0.000401614,-0.00432,-0.26223,0.18872,-0.287,0.28977,-0.11919,6.772522983,270.9009193,142,8.26E-12,0.672824275,0.927337468,0.203325373,0.044056238,2024,8.3153896,2.84781,28.2246,28.2666,29.5746,1.05427,1.8904194,V9945,-17.14,177.16,8,40,68,8,18,53,68,18,83,36,0,6,0,335,1350,316,478,1514,756,295,385,72,0,114,0,8973.979236,2871.195948,894.5,213.4468008,7958.406082,1614.429001,245.8434926,664.5255368,396.3117262,0,34.83598908,0,14,70,6,32,32,37,32,83,31,20,44,5,135,1116,293,878,924,327,595,333,46,795,399,40,0,80,0,54,6,0,0,0,0,0,2,0
Yasawa,Muaira,Muaira,Barefoot Manta,LittleWonders,YA_LIW_Transect 5,-17.15925308,177.1671203,Sheltered Reef Slope,0.070601173,7.5770392,4.7067151,qoliqoli,Non-Adopter,Non-Adopter,Non-Adopter,None,0,None,Sheltered Reef Slope,47746,0.470154146,0.587112609,0,0.92371236,0.580678976,0.561052457,0.520451758,Tourism,Melanesia,non-refugia,0.585998662,540.2162622,0,1217,3.152070761,0.000401614,-0.00432,-0.26223,0.18872,-0.287,0.28977,-0.11919,0.866406559,34.65626236,90,4.12E-17,0.696502746,0.893991945,0.093782777,0.016659907,2024,8.3153896,2.84781,28.2246,28.2666,29.5746,1.05427,1.8904194,V9945,-17.14,177.16,8,40,68,8,18,53,68,18,83,36,0,6,0,335,1350,316,478,1514,756,295,385,72,0,114,0,8973.979236,2871.195948,894.5,213.4468008,7958.406082,1614.429001,245.8434926,664.5255368,396.3117262,0,34.83598908,0,14,70,6,32,32,37,32,83,31,20,44,5,135,1116,293,878,924,327,595,333,46,795,399,40,0,80,0,54,6,0,0,0,0,0,2,0
Yasawa,Muaira,Muaira,Barefoot Manta,MantaChannel,YA_MAC_Transect 1,-17.1716061,177.1884218,NA,0.063202888,8.5026398,-0.33094046,qoliqoli,Non-Adopter,Non-Adopter,Non-Adopter,None,0,None,Sheltered Reef Slope,47746,0.470154146,0.587112609,0,0.92371236,0.580678976,0.561052457,0.520451758,Tourism,Melanesia,non-refugia,0.585998662,540.2162622,0,1217,3.152070761,0.000401614,-0.00432,-0.26223,0.18872,-0.287,0.28977,-0.11919,14.85526462,594.2105847,491,1.09E-12,0.565470467,0.900665797,0.112834181,0.023731028,2024,8.3470097,2.9928401,28.202801,28.2474,29.573999,1.07531,2.3729947,V9945,-17.14,177.16,8,40,68,8,18,53,68,18,83,36,0,6,0,335,1350,316,478,1514,756,295,385,72,0,114,0,8973.979236,2871.195948,894.5,213.4468008,7958.406082,1614.429001,245.8434926,664.5255368,396.3117262,0,34.83598908,0,14,70,6,32,32,37,32,83,31,20,44,5,135,1116,293,878,924,327,595,333,46,795,399,40,0,80,0,54,6,0,0,0,0,0,2,0
Yasawa,Muaira,Muaira,Barefoot Manta,MantaChannel,YA_MAC_Transect 2,-17.1716061,177.1884218,NA,0.063202888,8.5026398,-0.33094046,qoliqoli,Non-Adopter,Non-Adopter,Non-Adopter,None,0,None,Sheltered Reef Slope,47746,0.470154146,0.587112609,0,0.92371236,0.580678976,0.561052457,0.520451758,Tourism,Melanesia,non-refugia,0.585998662,540.2162622,0,1217,3.152070761,0.000401614,-0.00432,-0.26223,0.18872,-0.287,0.28977,-0.11919,32.4609576,1298.438304,249,2.04E-13,0.579189791,0.835454782,0.194798657,0.054244693,2024,8.3470097,2.9928401,28.202801,28.2474,29.573999,1.07531,2.3729947,V9945,-17.14,177.16,8,40,68,8,18,53,68,18,83,36,0,6,0,335,1350,316,478,1514,756,295,385,72,0,114,0,8973.979236,2871.195948,894.5,213.4468008,7958.406082,1614.429001,245.8434926,664.5255368,396.3117262,0,34.83598908,0,14,70,6,32,32,37,32,83,31,20,44,5,135,1116,293,878,924,327,595,333,46,795,399,40,0,80,0,54,6,0,0,0,0,0,2,0
Yasawa,Muaira,Muaira,Barefoot Manta,MantaChannel,YA_MAC_Transect 3,-17.1716061,177.1884218,NA,0.063202888,8.5026398,-0.33094046,qoliqoli,Non-Adopter,Non-Adopter,Non-Adopter,None,0,None,Sheltered Reef Slope,47746,0.470154146,0.587112609,0,0.92371236,0.580678976,0.561052457,0.520451758,Tourism,Melanesia,non-refugia,0.585998662,540.2162622,0,1217,3.152070761,0.000401614,-0.00432,-0.26223,0.18872,-0.287,0.28977,-0.11919,4.605525676,184.221027,302,3.29E-13,0.627385702,0.884459759,0.089677278,0.016929961,2024,8.3470097,2.9928401,28.202801,28.2474,29.573999,1.07531,2.3729947,V9945,-17.14,177.16,8,40,68,8,18,53,68,18,83,36,0,6,0,335,1350,316,478,1514,756,295,385,72,0,114,0,8973.979236,2871.195948,894.5,213.4468008,7958.406082,1614.429001,245.8434926,664.5255368,396.3117262,0,34.83598908,0,14,70,6,32,32,37,32,83,31,20,44,5,135,1116,293,878,924,327,595,333,46,795,399,40,0,80,0,54,6,0,0,0,0,0,2,0
Yasawa,Muaira,Muaira,Barefoot Manta,MantaChannel,YA_MAC_Transect 4,-17.1716061,177.1884218,NA,0.063202888,8.5026398,-0.33094046,qoliqoli,Non-Adopter,Non-Adopter,Non-Adopter,None,0,None,Sheltered Reef Slope,47746,0.470154146,0.587112609,0,0.92371236,0.580678976,0.561052457,0.520451758,Tourism,Melanesia,non-refugia,0.585998662,540.2162622,0,1217,3.152070761,0.000401614,-0.00432,-0.26223,0.18872,-0.287,0.28977,-0.11919,13.89638914,555.8555656,207,5.21E-15,0.579987774,0.766591613,0.124201039,0.030890462,2024,8.3470097,2.9928401,28.202801,28.2474,29.573999,1.07531,2.3729947,V9945,-17.14,177.16,8,40,68,8,18,53,68,18,83,36,0,6,0,335,1350,316,478,1514,756,295,385,72,0,114,0,8973.979236,2871.195948,894.5,213.4468008,7958.406082,1614.429001,245.8434926,664.5255368,396.3117262,0,34.83598908,0,14,70,6,32,32,37,32,83,31,20,44,5,135,1116,293,878,924,327,595,333,46,795,399,40,0,80,0,54,6,0,0,0,0,0,2,0
Yasawa,Muaira,Muaira,Barefoot Manta,MantaChannel,YA_MAC_Transect 5,-17.1716061,177.1884218,NA,0.063202888,8.5026398,-0.33094046,qoliqoli,Non-Adopter,Non-Adopter,Non-Adopter,None,0,None,Sheltered Reef Slope,47746,0.470154146,0.587112609,0,0.92371236,0.580678976,0.561052457,0.520451758,Tourism,Melanesia,non-refugia,0.585998662,540.2162622,0,1217,3.152070761,0.000401614,-0.00432,-0.26223,0.18872,-0.287,0.28977,-0.11919,8.670929086,346.8371634,332,9.22E-12,0.630120838,0.940187482,0.112430153,0.02487635,2024,8.3470097,2.9928401,28.202801,28.2474,29.573999,1.07531,2.3729947,V9945,-17.14,177.16,8,40,68,8,18,53,68,18,83,36,0,6,0,335,1350,316,478,1514,756,295,385,72,0,114,0,8973.979236,2871.195948,894.5,213.4468008,7958.406082,1614.429001,245.8434926,664.5255368,396.3117262,0,34.83598908,0,14,70,6,32,32,37,32,83,31,20,44,5,135,1116,293,878,924,327,595,333,46,795,399,40,0,80,0,54,6,0,0,0,0,0,2,0
Yasawa,Muaira,Muaira,Barefoot Manta,ValiBeach,YA_VAL_Transect 1,-17.16406392,177.1918663,Sheltered Reef Slope,0.063202888,8.5026398,-0.33094046,qoliqoli,Non-Adopter,Non-Adopter,Non-Adopter,None,0,None,Sheltered Reef Slope,47746,0.470154146,0.587112609,0,0.92371236,0.580678976,0.561052457,0.520451758,Tourism,Melanesia,non-refugia,0.585998662,540.2162622,0,1217,3.152070761,0.000401614,-0.00432,-0.26223,0.18872,-0.287,0.28977,-0.11919,6.894540415,275.7816166,209,1.19E-11,0.693243972,0.92004661,0.188968218,0.043780506,2024,8.3470097,2.9928401,28.202801,28.2474,29.573999,1.07531,2.1401651,V9945,-17.14,177.16,8,40,68,8,18,53,68,18,83,36,0,6,0,335,1350,316,478,1514,756,295,385,72,0,114,0,8973.979236,2871.195948,894.5,213.4468008,7958.406082,1614.429001,245.8434926,664.5255368,396.3117262,0,34.83598908,0,14,70,6,32,32,37,32,83,31,20,44,5,135,1116,293,878,924,327,595,333,46,795,399,40,0,80,0,54,6,0,0,0,0,0,2,0
Yasawa,Muaira,Muaira,Barefoot Manta,ValiBeach,YA_VAL_Transect 2,-17.16406392,177.1918663,Sheltered Reef Slope,0.063202888,8.5026398,-0.33094046,qoliqoli,Non-Adopter,Non-Adopter,Non-Adopter,None,0,None,Sheltered Reef Slope,47746,0.470154146,0.587112609,0,0.92371236,0.580678976,0.561052457,0.520451758,Tourism,Melanesia,non-refugia,0.585998662,540.2162622,0,1217,3.152070761,0.000401614,-0.00432,-0.26223,0.18872,-0.287,0.28977,-0.11919,10.94454432,437.7817727,280,4.07E-11,0.617996756,0.924436605,0.230021921,0.064728961,2024,8.3470097,2.9928401,28.202801,28.2474,29.573999,1.07531,2.1401651,V9945,-17.14,177.16,8,40,68,8,18,53,68,18,83,36,0,6,0,335,1350,316,478,1514,756,295,385,72,0,114,0,8973.979236,2871.195948,894.5,213.4468008,7958.406082,1614.429001,245.8434926,664.5255368,396.3117262,0,34.83598908,0,14,70,6,32,32,37,32,83,31,20,44,5,135,1116,293,878,924,327,595,333,46,795,399,40,0,80,0,54,6,0,0,0,0,0,2,0
Yasawa,Muaira,Muaira,Barefoot Manta,ValiBeach,YA_VAL_Transect 3,-17.16406392,177.1918663,Sheltered Reef Slope,0.063202888,8.5026398,-0.33094046,qoliqoli,Non-Adopter,Non-Adopter,Non-Adopter,None,0,None,Sheltered Reef Slope,47746,0.470154146,0.587112609,0,0.92371236,0.580678976,0.561052457,0.520451758,Tourism,Melanesia,non-refugia,0.585998662,540.2162622,0,1217,3.152070761,0.000401614,-0.00432,-0.26223,0.18872,-0.287,0.28977,-0.11919,6.115967849,244.6387139,151,7.15E-13,0.655057469,0.946487823,0.180287459,0.041187503,2024,8.3470097,2.9928401,28.202801,28.2474,29.573999,1.07531,2.1401651,V9945,-17.14,177.16,8,40,68,8,18,53,68,18,83,36,0,6,0,335,1350,316,478,1514,756,295,385,72,0,114,0,8973.979236,2871.195948,894.5,213.4468008,7958.406082,1614.429001,245.8434926,664.5255368,396.3117262,0,34.83598908,0,14,70,6,32,32,37,32,83,31,20,44,5,135,1116,293,878,924,327,595,333,46,795,399,40,0,80,0,54,6,0,0,0,0,0,2,0
Yasawa,Muaira,Muaira,Barefoot Manta,ValiBeach,YA_VAL_Transect 4,-17.16406392,177.1918663,Sheltered Reef Slope,0.063202888,8.5026398,-0.33094046,qoliqoli,Non-Adopter,Non-Adopter,Non-Adopter,None,0,None,Sheltered Reef Slope,47746,0.470154146,0.587112609,0,0.92371236,0.580678976,0.561052457,0.520451758,Tourism,Melanesia,non-refugia,0.585998662,540.2162622,0,1217,3.152070761,0.000401614,-0.00432,-0.26223,0.18872,-0.287,0.28977,-0.11919,6.936473133,277.4589253,385,2.87E-12,0.727844005,0.959490578,0.130628981,0.027418648,2024,8.3470097,2.9928401,28.202801,28.2474,29.573999,1.07531,2.1401651,V9945,-17.14,177.16,8,40,68,8,18,53,68,18,83,36,0,6,0,335,1350,316,478,1514,756,295,385,72,0,114,0,8973.979236,2871.195948,894.5,213.4468008,7958.406082,1614.429001,245.8434926,664.5255368,396.3117262,0,34.83598908,0,14,70,6,32,32,37,32,83,31,20,44,5,135,1116,293,878,924,327,595,333,46,795,399,40,0,80,0,54,6,0,0,0,0,0,2,0
Yasawa,Muaira,Muaira,Barefoot Manta,ValiBeach,YA_VAL_Transect 5,-17.16406392,177.1918663,Sheltered Reef Slope,0.063202888,8.5026398,-0.33094046,qoliqoli,Non-Adopter,Non-Adopter,Non-Adopter,None,0,None,Sheltered Reef Slope,47746,0.470154146,0.587112609,0,0.92371236,0.580678976,0.561052457,0.520451758,Tourism,Melanesia,non-refugia,0.585998662,540.2162622,0,1217,3.152070761,0.000401614,-0.00432,-0.26223,0.18872,-0.287,0.28977,-0.11919,4.846512379,193.8604952,338,5.15E-13,0.704180868,0.95030734,0.128348586,0.026328081,2024,8.3470097,2.9928401,28.202801,28.2474,29.573999,1.07531,2.1401651,V9945,-17.14,177.16,8,40,68,8,18,53,68,18,83,36,0,6,0,335,1350,316,478,1514,756,295,385,72,0,114,0,8973.979236,2871.195948,894.5,213.4468008,7958.406082,1614.429001,245.8434926,664.5255368,396.3117262,0,34.83598908,0,14,70,6,32,32,37,32,83,31,20,44,5,135,1116,293,878,924,327,595,333,46,795,399,40,0,80,0,54,6,0,0,0,0,0,2,0
Yasawa,Muaira,Muaira,Barefoot Manta,Vuvui,YA_VUI_Transect 1,-17.19002182,177.1993791,Terrestrial Reef Flat,0.072848953,10.474944,-5.7781749,qoliqoli,Non-Adopter,Non-Adopter,Non-Adopter,None,0,,Terrestrial Reef Flat,47746,0.470154146,0.587112609,0,0.92371236,0.580678976,0.561052457,0.520451758,Tourism,Melanesia,non-refugia,0.585998662,540.2162622,0,1217,3.152070761,0.000401614,-0.00432,-0.26223,0.18872,-0.287,0.28977,-0.11919,3.577594186,143.1037675,92,4.65E-17,0.687729642,0.906213167,0.166188323,0.031328369,2024,8.44874,3.02895,28.224001,28.2703,29.5959,1.07726,4.416532,V9946,-17.22,177.16,26,35,67,9,36,56,65,36,80,39,0,5,0,290,1082,396,974,1336,750,635,396,67,0,57,0,16629.12144,3927.255031,635,10335.48565,2240.725338,12670.71891,10970.3301,10674.77704,2642.652716,0,6382.667154,0,22,91,7,37,53,62,37,119,23,12,48,12,215,1942,344,1030,1578,489,725,666,36,255,564,128,0,50,0,64,3,0,0,0,0,0,2,1
Yasawa,Muaira,Muaira,Barefoot Manta,Vuvui,YA_VUI_Transect 2,-17.19002182,177.1993791,Terrestrial Reef Flat,0.072848953,10.474944,-5.7781749,qoliqoli,Non-Adopter,Non-Adopter,Non-Adopter,None,0,,Terrestrial Reef Flat,47746,0.470154146,0.587112609,0,0.92371236,0.580678976,0.561052457,0.520451758,Tourism,Melanesia,non-refugia,0.585998662,540.2162622,0,1217,3.152070761,0.000401614,-0.00432,-0.26223,0.18872,-0.287,0.28977,-0.11919,5.834502968,233.3801187,129,1.13E-14,0.689457027,0.904451188,0.187588251,0.039825452,2024,8.44874,3.02895,28.224001,28.2703,29.5959,1.07726,4.416532,V9946,-17.22,177.16,26,35,67,9,36,56,65,36,80,39,0,5,0,290,1082,396,974,1336,750,635,396,67,0,57,0,16629.12144,3927.255031,635,10335.48565,2240.725338,12670.71891,10970.3301,10674.77704,2642.652716,0,6382.667154,0,22,91,7,37,53,62,37,119,23,12,48,12,215,1942,344,1030,1578,489,725,666,36,255,564,128,0,50,0,64,3,0,0,0,0,0,2,1
Yasawa,Muaira,Muaira,Barefoot Manta,Vuvui,YA_VUI_Transect 3,-17.19002182,177.1993791,Terrestrial Reef Flat,0.072848953,10.474944,-5.7781749,qoliqoli,Non-Adopter,Non-Adopter,Non-Adopter,None,0,,Terrestrial Reef Flat,47746,0.470154146,0.587112609,0,0.92371236,0.580678976,0.561052457,0.520451758,Tourism,Melanesia,non-refugia,0.585998662,540.2162622,0,1217,3.152070761,0.000401614,-0.00432,-0.26223,0.18872,-0.287,0.28977,-0.11919,4.85796656,194.3186624,219,4.60E-15,0.679224012,0.860341542,0.171178543,0.033489361,2024,8.44874,3.02895,28.224001,28.2703,29.5959,1.07726,4.416532,V9946,-17.22,177.16,26,35,67,9,36,56,65,36,80,39,0,5,0,290,1082,396,974,1336,750,635,396,67,0,57,0,16629.12144,3927.255031,635,10335.48565,2240.725338,12670.71891,10970.3301,10674.77704,2642.652716,0,6382.667154,0,22,91,7,37,53,62,37,119,23,12,48,12,215,1942,344,1030,1578,489,725,666,36,255,564,128,0,50,0,64,3,0,0,0,0,0,2,1
Yasawa,Muaira,Muaira,Barefoot Manta,Vuvui,YA_VUI_Transect 4,-17.19002182,177.1993791,Terrestrial Reef Flat,0.072848953,10.474944,-5.7781749,qoliqoli,Non-Adopter,Non-Adopter,Non-Adopter,None,0,,Terrestrial Reef Flat,47746,0.470154146,0.587112609,0,0.92371236,0.580678976,0.561052457,0.520451758,Tourism,Melanesia,non-refugia,0.585998662,540.2162622,0,1217,3.152070761,0.000401614,-0.00432,-0.26223,0.18872,-0.287,0.28977,-0.11919,4.64647842,185.8591368,85,2.61E-15,0.683293669,0.933350414,0.186153033,0.037490069,2024,8.44874,3.02895,28.224001,28.2703,29.5959,1.07726,4.416532,V9946,-17.22,177.16,26,35,67,9,36,56,65,36,80,39,0,5,0,290,1082,396,974,1336,750,635,396,67,0,57,0,16629.12144,3927.255031,635,10335.48565,2240.725338,12670.71891,10970.3301,10674.77704,2642.652716,0,6382.667154,0,22,91,7,37,53,62,37,119,23,12,48,12,215,1942,344,1030,1578,489,725,666,36,255,564,128,0,50,0,64,3,0,0,0,0,0,2,1
Yasawa,Muaira,Muaira,Barefoot Manta,Vuvui,YA_VUI_Transect 5,-17.19002182,177.1993791,Terrestrial Reef Flat,0.072848953,10.474944,-5.7781749,qoliqoli,Non-Adopter,Non-Adopter,Non-Adopter,None,0,,Terrestrial Reef Flat,47746,0.470154146,0.587112609,0,0.92371236,0.580678976,0.561052457,0.520451758,Tourism,Melanesia,non-refugia,0.585998662,540.2162622,0,1217,3.152070761,0.000401614,-0.00432,-0.26223,0.18872,-0.287,0.28977,-0.11919,7.993483831,319.7393532,274,4.50E-15,0.750452881,0.97848574,0.195395007,0.045269963,2024,8.44874,3.02895,28.224001,28.2703,29.5959,1.07726,4.416532,V9946,-17.22,177.16,26,35,67,9,36,56,65,36,80,39,0,5,0,290,1082,396,974,1336,750,635,396,67,0,57,0,16629.12144,3927.255031,635,10335.48565,2240.725338,12670.71891,10970.3301,10674.77704,2642.652716,0,6382.667154,0,22,91,7,37,53,62,37,119,23,12,48,12,215,1942,344,1030,1578,489,725,666,36,255,564,128,0,50,0,64,3,0,0,0,0,0,2,1