"Species","SpecCode","AutoCtr","StockCode","FamCode","PopLWRef","LengthMin","LengthMax","Type","LmaxCompare","EsQ","Number","Sex","a","aTL","b","CoeffDetermination","SEa","SEb","SDa","SDb","LCLa","UCLa","LCLb","UCLb","Method","SpecimenType","Locality","DataRef","C_Code","Comment","Entered","DateEntered","Modified","DateModified","Expert","DateChecked","TS"
"Abudefduf sexfasciatus",5688,7570,5981,350,26587,6,14.5,"FL","No",NA,73,"unsexed",0.0249,NA,3.11,0.98208,NA,NA,NA,NA,NA,NA,NA,NA,"type I linear regression","fresh",NA,26587,"540",NA,3,1998-05-21,NA,1998-05-21,NA,NA,NA
"Abudefduf sexfasciatus",5688,7571,5981,350,55787,5,15,"FL",NA,NA,98,"mixed",0.02128,NA,3.15197,0.96236,NA,NA,NA,NA,NA,NA,NA,NA,"type I linear regression","fresh",NA,55787,"540","Error:  10.9%",1531,2005-12-06,NA,2005-12-06,NA,NA,NA
"Abudefduf vaigiensis",6630,8100,6950,350,26177,3,8.4,"TL",NA,"yes",166,"juvenile",0.03,NA,2.8,0.97812,NA,NA,NA,NA,NA,NA,NA,NA,"type I linear regression","fresh","Malatapay, Negros Oriental, 1995",26177,"608",NA,3,1998-02-26,3,2012-03-30,NA,NA,NA
"Abudefduf vaigiensis",6630,8101,6950,350,48600,7.8,17.9,"TL",NA,NA,103,"unsexed",0.00989,NA,3.267,0.87049,NA,NA,NA,NA,NA,NA,NA,NA,"type I linear regression","fresh","Lakshadweep lagoons, 1993-97",48600,"356",NA,3,2003-09-24,NA,2003-09-24,NA,NA,NA
"Abudefduf vaigiensis",6630,38491,6950,NA,108462,3.4,11.5,"SL",NA,NA,97,"unsexed",0.0874,NA,2.779,0.963,NA,NA,NA,NA,0.0701000019907951,0.108999997377396,2.66700005531311,2.89000010490417,"Type I linear regression","fresh","Davao Gulf / 2009-2012",NA,"608",NA,65,2016-11-03,NA,2016-11-03,NA,NA,NA
"Acanthurus blochii",4750,6670,4974,412,26587,2.5,37,"FL",NA,NA,89,"unsexed",0.0178,NA,3.144,0.98605,NA,NA,NA,NA,NA,NA,NA,NA,"type I linear regression","fresh","lagoon",26587,"540","Update of estimate in Ref. 5525.",3,1993-06-18,3,1998-05-21,NA,NA,NA
"Acanthurus blochii",4750,6671,4974,412,55787,2.5,38,"FL",NA,NA,249,"mixed",0.02506,NA,3.03193,0.99202,NA,NA,NA,NA,NA,NA,NA,NA,"type I linear regression","fresh",NA,55787,"540","Error:  9.8%",1531,2005-12-06,NA,2005-12-06,NA,NA,NA
"Acanthurus blochii",4750,39490,4974,NA,107958,19.3,34,"FL",NA,NA,348,"unsexed",0.0219,NA,3.07,0.96,NA,NA,NA,NA,0.0176999997347593,0.0269000008702278,3,3.13000011444092,"Type I linear regression","fresh","2009-2013",NA,"316",NA,65,2017-04-17,NA,2017-04-17,NA,NA,NA
"Acanthurus lineatus",1258,3137,1275,412,3807,NA,NA,NA,NA,NA,NA,"unsexed",0.0192,NA,3.072,0.97614,NA,NA,NA,NA,NA,NA,NA,NA,"type I linear regression","fresh","Woleai Atoll, Yap State, 1991",3807,"583","condition factor = 2.339",3,1992-06-14,NA,1994-01-27,NA,NA,NA
"Acanthurus lineatus",1258,3138,1275,412,27143,7.6,20.6,"SL",NA,"yes",94,"unsexed",0.109,NA,2.691,0.96236,NA,NA,NA,NA,NA,NA,NA,NA,"type I linear regression","fresh","Eastern coast, coral reefs",27143,"036",NA,3,1998-08-21,NA,2001-12-13,NA,NA,NA
"Acanthurus lineatus",1258,3139,1275,412,27543,NA,NA,"FL",NA,NA,1047,"mixed",0.0251,NA,3.03,0.99002,NA,NA,NA,NA,NA,NA,NA,NA,"type I linear regression","fresh","Tutuila Island",27543,"016",NA,3,2001-02-22,NA,2001-02-22,NA,NA,NA
"Acanthurus lineatus",1258,3140,1275,412,48600,8.2,27.4,"TL",NA,NA,54,"unsexed",0.0126,NA,3.064,0.95844,NA,NA,NA,NA,NA,NA,NA,NA,"type I linear regression","fresh","Lakshadweep lagoons, 1993-97",48600,"356",NA,3,2003-09-05,NA,2003-09-05,NA,NA,NA
"Acanthurus lineatus",1258,39492,1275,NA,107958,14.4,22.7,"FL",NA,NA,2614,"unsexed",0.0475,NA,2.81,0.84,NA,NA,NA,NA,0.0412999987602234,0.0546000003814697,2.75999999046326,2.85999989509583,"Type I linear regression","fresh","2009-2013",NA,"316",NA,65,2017-04-17,NA,2017-04-17,NA,NA,NA
"Acanthurus lineatus",1258,46997,1275,NA,125599,12.2,25.5,"FL",NA,NA,1987,"unsexed",0.0625,NA,2.71,0.88,NA,NA,NA,NA,0.0549999997019768,0.0710000023245811,2.66000008583069,2.75,"type I linear regression",NA,"2010 - 2015",NA,"016",NA,65,2022-02-11,NA,2022-02-11,NA,NA,NA
"Acanthurus mata",1255,3131,1271,412,26587,10,29.5,"FL",NA,NA,48,"unsexed",0.027,NA,2.945,0.9801,NA,NA,NA,NA,NA,NA,NA,NA,"type I linear regression","fresh","lagoon",26587,"540","Update of estimate in Ref. 5525.",3,1993-06-19,3,1998-05-21,NA,NA,NA
"Acanthurus mata",1255,3132,1271,412,55787,10,29.5,"FL",NA,NA,48,"mixed",0.02224,NA,3.00795,0.9801,NA,NA,NA,NA,NA,NA,NA,NA,"type I linear regression","fresh",NA,55787,"540","Error:  6.9%",1531,2005-12-06,NA,2005-12-06,NA,NA,NA
"Acanthurus mata",1255,36973,1271,NA,108462,10,19,"SL",NA,NA,23,"unsexed",0.0849,NA,2.713,0.971,NA,NA,NA,NA,0.0483000017702579,0.149299994111061,NA,NA,"Type I linear regression","fresh","Davao Gulf / 2009-2012",NA,"608",NA,65,2016-06-02,NA,2016-06-02,NA,NA,NA
"Acanthurus mata",1255,42144,1271,NA,116275,15,32,"TL",NA,NA,15,"unsexed",0.021,NA,3.004,0.98,NA,NA,NA,NA,NA,NA,NA,NA,"nonlinear regression","fresh","off Visakhapatnam / 2014-2014",116275,"356","Sampling was conducted from January to June.",2448,2019-01-10,NA,2019-01-10,NA,NA,NA
"Acanthurus nigrofuscus",4739,6656,4963,412,3807,NA,NA,NA,NA,NA,NA,"unsexed",0.044,NA,2.812,0.99401,NA,NA,NA,NA,NA,NA,NA,NA,"type I linear regression","fresh","Woleai Atoll, Yap State, 1991",3807,"583","condition factor = 2.726",3,1992-06-14,NA,1994-01-27,NA,NA,NA
"Acanthurus nigrofuscus",4739,6657,4963,412,5525,NA,NA,NA,NA,NA,NA,"unsexed",0.096,NA,2.52,0.9604,NA,NA,NA,NA,NA,NA,NA,NA,"type I linear regression","fresh","Northern coast",5543,"598",NA,3,1993-06-19,3,1995-09-18,NA,NA,NA
"Acanthurus nigrofuscus",4739,6658,4963,412,26587,4.5,17.5,"FL",NA,NA,114,"unsexed",0.0301,NA,2.967,0.98406,NA,NA,NA,NA,NA,NA,NA,NA,"type I linear regression","fresh","lagoon",26587,"540","Update of estimate in Ref. 5525.",3,1993-06-19,3,1998-05-21,NA,NA,NA
"Acanthurus nigrofuscus",4739,6659,4963,412,26849,5.7,16.5,"TL",NA,NA,140,"unsexed",0.0089,NA,3.278,0.97812,NA,NA,NA,NA,NA,NA,NA,NA,"type I linear regression","fresh",NA,26849,"638",NA,3,1998-06-17,NA,1998-06-17,NA,NA,NA
"Acanthurus nigrofuscus",4739,6660,4963,412,55787,4.5,18.7,"FL",NA,NA,124,"mixed",0.02637,NA,3.02837,0.9801,NA,NA,NA,NA,NA,NA,NA,NA,"type I linear regression","fresh",NA,55787,"540","Error:  8.7%",1531,2005-12-06,NA,2005-12-06,NA,NA,NA
"Acanthurus nigrofuscus",4739,38452,4963,NA,111300,5.2,17.3,"FL",NA,NA,39,"juvenile",0.024,NA,3.36,0.98,NA,NA,NA,NA,0.0206000003963709,0.0285999998450279,3.22000002861023,3.49000000953674,"Type I linear regression","fresh","Hawaiian islands / 2012-2014",NA,"840B",NA,65,2016-11-02,NA,2016-11-02,NA,NA,NA
"Acanthurus thompsoni",4734,6650,4958,412,30504,20.1,20.1,"TL",NA,NA,1,"unsexed",0.01533,NA,3,NA,NA,NA,NA,NA,NA,NA,NA,NA,"single L-W pair with b=3","fresh",NA,NA,NA,"Estimated from length-weight pairs in the BRAINS table.",1,1999-06-15,NA,1999-06-15,NA,NA,NA
"Acanthurus thompsoni",4734,6651,4958,412,30504,NA,NA,"SL",NA,"Yes",1,"unsexed",0.03689,NA,3,NA,NA,NA,NA,NA,NA,NA,NA,NA,"single L-W pair with b=3","fresh",NA,NA,NA,"Estimated from length-weight pairs in the BRAINS table.",1,1999-06-15,NA,1999-06-15,NA,NA,NA
"Acanthurus triostegus",1260,3141,1277,412,3807,NA,NA,NA,NA,NA,NA,"unsexed",0.0164,NA,3.137,0.9722,NA,NA,NA,NA,NA,NA,NA,NA,"type I linear regression","fresh","Woleai Atoll, Yap State, 1991",3807,"583","condition factor = 2.312",3,1992-06-14,NA,1994-01-27,NA,NA,NA
"Acanthurus triostegus",1260,3142,1277,412,26587,6.5,16.5,"FL",NA,"yes",21,"unsexed",0.132,NA,2.392,0.93896,NA,NA,NA,NA,NA,NA,NA,NA,"type I linear regression","fresh","lagoon",26587,"540","Update of estimate in Ref. 5525.",3,1993-06-19,3,2003-09-05,NA,NA,NA
"Acanthurus triostegus",1260,3143,1277,412,48600,3.5,19.2,"TL",NA,NA,1005,"unsexed",0.0213,NA,3.081,0.95063,NA,NA,NA,NA,NA,NA,NA,NA,"type I linear regression","fresh","Lakshadweep lagoons, 1993-97",48600,"356",NA,3,2003-09-05,NA,2003-09-05,NA,NA,NA
"Acanthurus triostegus",1260,3144,1277,412,55787,6.5,16.5,"FL",NA,NA,22,"mixed",0.08306,NA,2.56968,0.94478,NA,NA,NA,NA,NA,NA,NA,NA,"type I linear regression","fresh",NA,55787,"540","Error:  9.1%",1531,2005-12-06,NA,2005-12-06,NA,NA,NA
"Acanthurus triostegus",1260,35911,1277,NA,94645,8.5,22.3,"FL",NA,NA,115,"unsexed",0.0173,NA,3.156,NA,NA,NA,NA,NA,NA,NA,NA,NA,"type I linear regression","fresh",NA,96439,"840B",NA,3,2014-06-27,NA,2014-06-27,NA,NA,NA
"Acanthurus triostegus",1260,39495,1277,NA,107958,8,18.7,"FL",NA,NA,463,"unsexed",0.0365,NA,2.91,0.95,NA,NA,NA,NA,0.0307000000029802,0.0432000011205673,2.84999990463257,2.98000001907349,"Type I linear regression","fresh","2009-2013",NA,"316",NA,65,2017-04-17,NA,2017-04-17,NA,NA,NA
"Acanthurus triostegus",1260,38453,1277,NA,111300,3,16.6,"FL",NA,NA,159,"juvenile",0.0361,NA,3.13,0.99,NA,NA,NA,NA,0.0346000008285046,0.0375999994575977,3.09999990463257,3.16000008583069,"Type I linear regression","fresh","Hawaiian islands / 2012-2014",NA,"840B",NA,65,2016-11-02,NA,2016-11-02,NA,NA,NA
"Aethaloperca rogaa",6441,7968,6763,NA,82366,19,19,"SL",NA,NA,1,"unsexed",0.0299,NA,3,NA,NA,NA,NA,NA,NA,NA,NA,NA,"single L-W pair with b=3","fresh","Lihir Island group (seamount), 1999-2002",82366,"598","Estimated from 1 L-W pair (Table 1, Ref. 82366).",3,2009-10-02,NA,2009-10-02,NA,NA,NA
"Amblyglyphidodon curacao",5477,7317,5752,350,26587,7,9.5,"FL","No",NA,14,"unsexed",0.0413,NA,2.886,0.91012,NA,NA,NA,NA,NA,NA,NA,NA,"type I linear regression","fresh","lagoon",26587,"540","Update of estimate in Ref. 5525.",3,1993-06-17,3,1998-05-21,NA,NA,NA
"Amblyglyphidodon curacao",5477,7318,5752,350,55787,4.5,10.5,"FL",NA,NA,18,"mixed",0.0126,NA,3.43508,0.9722,NA,NA,NA,NA,NA,NA,NA,NA,"type I linear regression","fresh",NA,55787,"540","Error:  8.2%",1531,2005-12-06,NA,2005-12-06,NA,NA,NA
"Amblyglyphidodon curacao",5477,38495,5752,NA,108462,3.6,5.4,"SL",NA,NA,10,"unsexed",0.0969,NA,2.611,0.957,NA,NA,NA,NA,0.048700001090765,0.192900002002716,2.15799999237061,3.06399989128113,"Type I linear regression","fresh","Davao Gulf / 2009-2012",NA,"608",NA,65,2016-11-03,NA,2016-11-03,NA,NA,NA
"Amblyglyphidodon leucogaster",5691,7575,5984,350,30504,8.4,11.5,"SL",NA,NA,2,"unsexed",0.00481,NA,3,NA,NA,NA,NA,NA,NA,NA,NA,NA,"several L-W pairs with b=3","fresh",NA,NA,NA,"Estimated from length-weight pairs in the BRAINS table.",1,1999-06-15,NA,1999-06-15,NA,NA,NA
"Amblyglyphidodon leucogaster",5691,7576,5984,350,30504,11.4,14.4,"TL",NA,NA,2,"unsexed",0.02173,NA,3,NA,NA,NA,NA,NA,NA,NA,NA,NA,"several L-W pairs with b=3","fresh",NA,NA,NA,"Estimated from length-weight pairs in the BRAINS table.",1,1999-06-15,NA,1999-06-15,NA,NA,NA
"Amblyglyphidodon leucogaster",5691,7577,5984,350,55787,6.5,10.4,"FL",NA,NA,14,"mixed",0.02974,NA,2.93605,0.85748,NA,NA,NA,NA,NA,NA,NA,NA,"type I linear regression","fresh",NA,55787,"540","Error:  9.8%",1531,2005-12-06,NA,2005-12-06,NA,NA,NA
"Amphiprion chrysopterus",4551,6407,4736,350,30504,11.5,11.5,"TL",NA,NA,1,"unsexed",0.01447,NA,3,NA,NA,NA,NA,NA,NA,NA,NA,NA,"single L-W pair with b=3","fresh",NA,NA,NA,"Estimated from length-weight pairs in the BRAINS table.",1,1999-06-15,NA,1999-06-15,NA,NA,NA
"Amphiprion chrysopterus",4551,6408,4736,350,30504,NA,NA,"SL",NA,"Yes",1,"unsexed",0.03582,NA,3,NA,NA,NA,NA,NA,NA,NA,NA,NA,"single L-W pair with b=3","fresh",NA,NA,NA,"Estimated from length-weight pairs in the BRAINS table.",1,1999-06-15,NA,1999-06-15,NA,NA,NA
"Anampses twistii",4893,6859,5126,362,30504,11.2,11.2,"TL",NA,NA,1,"unsexed",0.01466,NA,3,NA,NA,NA,NA,NA,NA,NA,NA,NA,"single L-W pair with b=3","fresh",NA,NA,NA,"Estimated from length-weight pairs in the BRAINS table.",1,1999-06-15,NA,1999-06-15,NA,NA,NA
"Anampses twistii",4893,6860,5126,362,30504,NA,NA,"SL",NA,NA,1,"unsexed",0.02826,NA,3,NA,NA,NA,NA,NA,NA,NA,NA,NA,"single L-W pair with b=3","fresh",NA,NA,NA,"Estimated from length-weight pairs in the BRAINS table.",1,1999-06-15,NA,1999-06-15,NA,NA,NA
"Aphareus rutilans",83,466,98,323,3084,42,98,"FL",NA,NA,73,"unsexed",0.0154,NA,2.961,0.97023,NA,NA,NA,NA,NA,NA,NA,NA,"type I linear regression","fresh",NA,3084,"580",NA,3,1992-03-28,NA,1994-06-19,NA,NA,NA
"Aphareus rutilans",83,467,98,323,5525,NA,NA,"FL",NA,NA,NA,"unsexed",0.00336,NA,3.311,NA,NA,NA,NA,NA,NA,NA,NA,NA,"type I linear regression","fresh",NA,160,"548",NA,3,1993-06-16,3,1997-11-26,3,1997-11-26,NA
"Aphareus rutilans",83,468,98,323,5725,NA,NA,NA,NA,NA,77,"unsexed",0.061,NA,2.7,NA,NA,NA,NA,NA,NA,NA,NA,NA,"type I linear regression","fresh",NA,5725,"882",NA,3,1993-07-01,NA,1993-07-01,NA,NA,NA
"Aphareus rutilans",83,39526,98,NA,107958,29,90.5,"FL",NA,NA,86,"unsexed",0.0343,NA,2.77,0.99,NA,NA,NA,NA,0.0273000001907349,0.0430999994277954,2.71000003814697,2.82999992370605,"Type I linear regression","fresh","2009-2013",NA,"316",NA,65,2017-04-18,NA,2017-04-18,NA,NA,NA
"Aphareus rutilans",83,37275,98,NA,108462,10,52,"SL",NA,NA,12,"unsexed",0.0218,NA,2.988,0.999,NA,NA,NA,NA,0.0179999992251396,0.0263999998569489,2.91899991035461,3.05800008773804,"Type I linear regression","fresh","Davao Gulf / 2009-2012",NA,"608",NA,65,2016-08-30,NA,2016-08-30,NA,NA,NA
"Aphareus rutilans",83,41968,98,NA,118794,28,78,"FL",NA,NA,101,"unsexed",0.017,NA,2.59,0.948,NA,NA,NA,NA,NA,NA,NA,NA,"Type I linear regression","fresh","Palawan / 1998-2014",118794,"608",NA,2448,2018-10-31,NA,2018-10-31,NA,NA,NA
"Aphareus rutilans",83,46931,98,NA,125599,24.6,85,"FL",NA,NA,173,"unsexed",0.0395,NA,2.73,0.99,NA,NA,NA,NA,0.0329999998211861,0.0472000017762184,2.6800000667572,2.77999997138977,"type I linear regression",NA,"2010 -2015",NA,"016",NA,65,2022-02-09,NA,2022-02-09,NA,NA,NA
"Arothron manilensis",7187,8139,7298,448,26587,3.5,33,"TL","Yes",NA,38,"unsexed",0.0469,NA,2.704,0.97812,NA,NA,NA,NA,NA,NA,NA,NA,"type I linear regression","fresh","lagoon",26587,"540","Update of estimate in Ref. 5525.",3,1993-06-24,3,1998-05-22,NA,NA,NA
"Arothron manilensis",7187,8140,7298,448,55787,3.5,33,"FL",NA,NA,32,"mixed",0.02991,NA,2.90711,0.98406,NA,NA,NA,NA,NA,NA,NA,NA,"type I linear regression","fresh",NA,55787,"540","Error:  13.8%",1531,2005-12-06,NA,2005-12-06,NA,NA,NA
"Arothron nigropunctatus",6400,7931,6721,448,30504,NA,NA,"SL",NA,NA,1,"unsexed",0.00534,NA,3,NA,NA,NA,NA,NA,NA,NA,NA,NA,"single L-W pair with b=3","fresh",NA,NA,NA,"Estimated from length-weight pairs in the BRAINS table.",1,1999-06-15,NA,1999-06-15,NA,NA,NA
"Arothron nigropunctatus",6400,7932,6721,448,30504,21.2,21.2,"TL",NA,NA,1,"unsexed",0.02655,NA,3,NA,NA,NA,NA,NA,NA,NA,NA,NA,"single L-W pair with b=3","fresh",NA,NA,NA,"Estimated from length-weight pairs in the BRAINS table.",1,1999-06-15,NA,1999-06-15,NA,NA,NA
"Aulostomus chinensis",1309,3217,1327,253,26849,15.6,32.7,"TL",NA,NA,40,"Unsexed",1e-04,NA,3.793,0.97812,NA,NA,NA,NA,NA,NA,NA,NA,"type I linear regression","fresh",NA,26849,"638",NA,3,1998-06-17,3,2018-02-27,NA,NA,NA
"Aulostomus chinensis",1309,3218,1327,253,30840,33,69,"TL",NA,NA,4,"unsexed",0.00086,NA,3.16,0.98406,NA,NA,NA,NA,NA,NA,NA,NA,"type I linear regression","fresh",NA,NA,NA,"Estimated from length-weight pairs in the BRAINS table.",3,1999-08-06,NA,1999-08-06,NA,NA,NA
"Aulostomus chinensis",1309,3219,1327,253,55787,31.8,68,"FL",NA,NA,11,"mixed",0.00021,NA,3.51443,0.97812,NA,NA,NA,NA,NA,NA,NA,NA,"type I linear regression","fresh",NA,55787,"540","Error:  9.8%",1531,2005-12-06,NA,2005-12-06,NA,NA,NA
"Balistapus undulatus",6025,7820,6339,445,52323,NA,NA,"TL",NA,NA,NA,"mixed",0.0058,NA,3.554,NA,NA,NA,NA,NA,NA,NA,NA,NA,"type I linear regression","fresh","Presumably Philippines.",NA,"608","The high b indicates that this species gets more 'rounded' as it grows, which appears indeed to be the case judging from observations while diving (RF).",1,2005-12-08,NA,2005-12-08,NA,NA,NA
"Balistapus undulatus",6025,7821,6339,NA,82366,NA,NA,"SL",NA,NA,NA,"unsexed",0.0479,NA,3,NA,NA,NA,NA,NA,NA,NA,NA,NA,"other","fresh","Lihir Island group (seamount), 1999-2002",82366,"598","L-W from mean length and mean weight of 25 specimens (Table 1, Ref. 82366), with b = 3.",3,2009-10-02,NA,2009-10-02,NA,NA,NA
"Balistapus undulatus",6025,37218,6339,NA,108462,6.5,19,"SL",NA,NA,22,"unsexed",0.0565,NA,2.947,0.986,NA,NA,NA,NA,0.0373999997973442,0.0855000019073486,2.76799988746643,3.12700009346008,"Type I linear regression","fresh","Davao Gulf / 2009-2012",NA,"608",NA,65,2016-08-24,NA,2016-08-24,NA,NA,NA
"Balistapus undulatus",6025,46723,6339,NA,125700,8.4,16,"FL",NA,NA,48,"female",0.0346,NA,2.91,0.958,NA,NA,NA,NA,0.0217000003904104,0.0551999993622303,2.73000001907349,3.08999991416931,"Type I linear regression","fresh","Kavieng, New Ireland Province (2015)",125700,"598","Weight range: 17 - 105 g (Ref. 125700).",2,2022-01-31,NA,2022-01-31,NA,NA,NA
"Balistapus undulatus",6025,46722,6339,NA,125700,10.8,21.9,"FL",NA,NA,21,"male",0.066,NA,2.69,0.982,NA,NA,NA,NA,0.0399999991059303,0.108999997377396,2.51999998092651,2.86999988555908,"Type I linear regression","fresh","Kavieng, New Ireland Province (2015)",125700,"598","Weight range: 36-250 g Ref. 125700).",2,2022-01-31,NA,2022-01-31,NA,NA,NA
"Balistapus undulatus",6025,46721,6339,NA,125700,4.1,21.9,"FL",NA,NA,177,"mixed",0.0252,NA,3.03,0.99,NA,NA,NA,NA,0.0223999992012978,0.0284000001847744,2.98000001907349,3.0699999332428,"Type I linear regression","fresh","Kavieng, New Ireland Province (2015)",125700,"598","Weight range: 1.4-250 g (Ref. 125700).",2,2022-01-31,NA,2022-01-31,NA,NA,NA
"Balistoides viridescens",6026,7822,6340,445,55787,27.4,61,"FL",NA,NA,10,"mixed",0.02442,NA,3.01828,0.996,NA,NA,NA,NA,NA,NA,NA,NA,"type I linear regression","fresh",NA,55787,"540","Error:  3.9%",1531,2005-12-06,NA,2005-12-06,NA,NA,NA
"Balistoides viridescens",6026,37219,6340,NA,108462,4.9,26.5,"SL",NA,NA,12,"unsexed",0.0696,NA,2.929,0.998,NA,NA,NA,NA,0.0540999993681908,0.0894000008702278,2.82500004768372,3.03200006484985,"Type I linear regression","fresh","Davao Gulf / 2009-2012",NA,"608",NA,65,2016-08-24,NA,2016-08-24,NA,NA,NA
"Caesio caerulaurea",918,2461,934,459,26587,8.5,21,"FL",NA,NA,55,"unsexed",0.0221,NA,2.946,0.98804,NA,NA,NA,NA,NA,NA,NA,NA,"type I linear regression","fresh","lagoon",26587,"540","Update of estimate in Ref. 5525.",3,1993-06-16,3,1998-05-20,NA,NA,NA
"Caesio caerulaurea",918,2462,934,459,55787,6.7,21.4,"FL",NA,NA,90,"mixed",0.01996,NA,2.99141,0.99202,NA,NA,NA,NA,NA,NA,NA,NA,"type I linear regression","fresh",NA,55787,"540","Error:  6.1%",1531,2005-12-06,NA,2005-12-06,NA,NA,NA
"Caesio caerulaurea",918,37223,934,NA,108462,8.5,23,"SL",NA,NA,44,"unsexed",0.0223,NA,3.091,0.984,NA,NA,NA,NA,0.0159000009298325,0.0313999988138676,2.96900010108948,3.21300005912781,"Type I linear regression","fresh","Davao Gulf / 2009-2012",NA,"608",NA,65,2016-08-25,NA,2016-08-25,NA,NA,NA
"Caesio caerulaurea",918,46933,934,NA,125599,16.7,45.4,"FL",NA,NA,1101,"unsexed",0.0423,NA,2.77,0.9,NA,NA,NA,NA,0.0357000008225441,0.0500999987125397,2.72000002861023,2.82999992370605,"type I linear regression",NA,"2010 -2015",NA,"016",NA,65,2022-02-09,NA,2022-02-09,NA,NA,NA
"Caesio teres",923,37226,939,NA,108462,9,19.5,"SL",NA,NA,11,"unsexed",0.0169,NA,3.232,0.983,NA,NA,NA,NA,0.00749999983236194,0.0377000011503696,2.91499996185303,3.54800009727478,"Type I linear regression","fresh","Davao Gulf / 2009-2012",NA,"608",NA,65,2016-08-25,NA,2016-08-25,NA,NA,NA
"Caesio teres",923,46934,939,NA,125599,15.6,29,"FL",NA,NA,173,"unsexed",0.0189,NA,3.05,0.96,NA,NA,NA,NA,0.0140000004321337,0.0255999993532896,2.96000003814697,3.15000009536743,"type I linear regression",NA,"2010 -2015",NA,"016",NA,65,2022-02-09,NA,2022-02-09,NA,NA,NA
"Cantherhines dumerilii",5836,7680,6133,517,3807,NA,NA,NA,NA,NA,NA,"unsexed",0.0406,NA,2.792,0.92352,NA,NA,NA,NA,NA,NA,NA,NA,"type I linear regression","fresh","Woleai Atoll, Yap State, 1991",3807,"583","condition factor = 2.191",3,1992-06-15,NA,1994-01-31,NA,NA,NA
"Canthigaster solandri",6578,8071,6900,448,55787,3,7.5,"FL",NA,NA,10,"mixed",0.02989,NA,2.97881,0.9801,NA,NA,NA,NA,NA,NA,NA,NA,"type I linear regression","fresh",NA,55787,"540","Error:  10.1%",1531,2005-12-06,NA,2005-12-06,NA,NA,NA
"Canthigaster solandri",6578,47946,6900,NA,126022,5.5,12.1,"TL",NA,NA,45,"unsexed",0.0749,NA,2.5529,0.975,NA,NA,NA,NA,0.0502999983727932,0.111400000751019,2.36999988555908,2.73499989509583,"type I linear regression",NA,"Gulf of Mannar and Palk Bay / 2018-2019.",NA,NA,NA,65,2022-05-19,NA,2022-05-19,NA,NA,NA
"Centropyge bicolor",5454,7279,5724,460,30504,9.4,9.4,"TL",NA,NA,1,"unsexed",0.02107,NA,3,NA,NA,NA,NA,NA,NA,NA,NA,NA,"single L-W pair with b=3","fresh",NA,NA,NA,"Estimated from length-weight pairs in the BRAINS table.",1,1999-06-15,NA,1999-06-15,NA,NA,NA
"Centropyge bicolor",5454,7280,5724,460,30504,NA,NA,"SL",NA,"Yes",1,"unsexed",0.04148,NA,3,NA,NA,NA,NA,NA,NA,NA,NA,NA,"single L-W pair with b=3","fresh",NA,NA,NA,"Estimated from length-weight pairs in the BRAINS table.",1,1999-06-15,NA,1999-06-15,NA,NA,NA
"Centropyge flavissima",5457,45761,5727,NA,124696,2.7,12.3,"TL",NA,NA,51,"unsexed",0.02232,NA,3.125,0.993,NA,NA,NA,NA,0.0192399993538857,0.025900000706315,3.05200004577637,3.19899988174438,"type I linear regression",NA,"Northern Line Islands / 2006-2011.",NA,NA,NA,65,2021-08-02,NA,2021-08-02,NA,NA,NA
"Centropyge heraldi",5665,7556,5958,460,30504,NA,NA,"SL",NA,NA,1,"unsexed",0.00449,NA,3,NA,NA,NA,NA,NA,NA,NA,NA,NA,"single L-W pair with b=3","fresh",NA,NA,NA,"Estimated from length-weight pairs in the BRAINS table.",1,1999-06-15,NA,1999-06-15,NA,NA,NA
"Centropyge heraldi",5665,7557,5958,460,30504,9.4,9.4,"TL",NA,NA,1,"unsexed",0.02769,NA,3,NA,NA,NA,NA,NA,NA,NA,NA,NA,"single L-W pair with b=3","fresh",NA,NA,NA,"Estimated from length-weight pairs in the BRAINS table.",1,1999-06-15,NA,1999-06-15,NA,NA,NA
"Cephalopholis argus",6396,7925,6717,289,26587,25.5,44,"TL",NA,NA,13,"unsexed",0.0186,NA,2.987,0.94868,NA,NA,NA,NA,NA,NA,NA,NA,"type I linear regression","fresh","lagoon",26587,"540","Update of estimate in Ref. 5525.",3,1993-06-13,3,1998-05-22,NA,NA,NA
"Cephalopholis argus",6396,7926,6717,289,26849,4.2,18.6,"TL",NA,NA,14,"unsexed",0.0166,NA,3.0148,0.96432,NA,NA,NA,NA,NA,NA,NA,NA,"type I linear regression","fresh",NA,26849,"638",NA,3,1998-06-17,3,1998-06-17,NA,NA,NA
"Cephalopholis argus",6396,7927,6717,289,48600,8.1,29.8,"TL",NA,NA,69,"unsexed",0.00678,NA,3.274,0.9799,NA,NA,NA,NA,NA,NA,NA,NA,"type I linear regression","fresh","Lakshadweep lagoons, 1993-97",48600,"356",NA,3,2003-09-24,NA,2003-09-24,NA,NA,NA
"Cephalopholis argus",6396,7928,6717,289,55787,21.5,44,"FL",NA,NA,15,"mixed",0.00929,NA,3.18074,0.97614,NA,NA,NA,NA,NA,NA,NA,NA,"type I linear regression","fresh",NA,55787,"540","Error:  7.2%",1531,2005-12-06,NA,2005-12-06,NA,NA,NA
"Cephalopholis argus",6396,39565,6717,NA,107958,21.1,45.9,"TL",NA,NA,253,"unsexed",0.0119,NA,3.13,0.98,NA,NA,NA,NA,0.00963999982923269,0.0148000000044703,3.05999994277954,3.19000005722046,"Type I linear regression","fresh","2009-2013",NA,"316",NA,65,2017-04-19,NA,2017-04-19,NA,NA,NA
"Cephalopholis argus",6396,41356,6717,NA,116899,NA,NA,"FL",NA,NA,NA,"mixed",0.0109,NA,3.13,NA,NA,NA,NA,NA,NA,NA,NA,NA,"type I linear regression","fresh","Great Barrier Reef and eastern Torres Strait",116899,"036",NA,3,2018-01-31,NA,2018-01-31,NA,NA,NA
"Cephalopholis argus",6396,41943,6717,NA,118794,7.1,27,"TL",NA,NA,51,"unsexed",0.013,NA,3.06,0.958,NA,NA,NA,NA,NA,NA,NA,NA,"Type I linear regression","fresh","Palawan / 1998-2014",118794,"608",NA,2448,2018-10-31,NA,2018-10-31,NA,NA,NA
"Cephalopholis argus",6396,46644,6717,NA,125598,17.2,41.5,"FL",NA,NA,662,"unsexed",0.0117,NA,3.14,0.98,NA,NA,NA,NA,0.010499999858439,0.0130000002682209,3.09999990463257,3.17000007629395,"type I linear regression",NA,"Mariana Archipelago / 2011-2016.",NA,"580",NA,65,2021-12-06,NA,2021-12-06,NA,NA,NA
"Cephalopholis argus",6396,46938,6717,NA,125599,15.5,41,"FL",NA,NA,1178,"unsexed",0.0206,NA,2.96,0.97,NA,NA,NA,NA,0.0186000000685453,0.0227000005543232,2.9300000667572,2.99000000953674,"type I linear regression",NA,"2010 -2015",NA,"016",NA,65,2022-02-09,NA,2022-02-09,NA,NA,NA
"Cephalopholis argus",6396,48170,6717,NA,126304,17,56.8,"FL",NA,NA,377,"unsexed",0.008,NA,3.197,0.971,NA,NA,NA,NA,0.00700000021606684,0.00999999977648258,3.14000010490417,3.25399994850159,"type I linear regression",NA,"Gilbert island archipelago / 2013-2020.",NA,"296",NA,65,2022-06-08,NA,2022-06-08,NA,NA,NA
"Cephalopholis urodeta",6456,7985,6778,289,5525,NA,NA,NA,NA,NA,NA,"unsexed",0.0138,NA,3.173,0.9722,NA,NA,NA,NA,NA,NA,NA,NA,"type I linear regression","fresh","lagoon",2290,"540",NA,3,1993-06-13,3,1995-09-18,NA,NA,NA
"Cephalopholis urodeta",6456,7986,6778,289,55787,15,25.5,"FL",NA,NA,17,"mixed",0.02822,NA,2.81775,0.90821,NA,NA,NA,NA,NA,NA,NA,NA,"type I linear regression","fresh",NA,55787,"540","Error:  8.4%",1531,2005-12-06,NA,2005-12-06,NA,NA,NA
"Cetoscarus ocellatus",66097,39552,56504,NA,107958,18.7,48.5,"TL",NA,NA,161,"unsexed",0.0276,NA,2.92,0.99,NA,NA,NA,NA,0.0227000005543232,0.033500000834465,2.85999989509583,2.97000002861023,"Type I linear regression","fresh","2009-2013",NA,"316",NA,65,2017-04-18,NA,2017-04-18,NA,NA,NA
"Chaetodon auriga",5557,7420,5847,343,26587,4.5,19,"TL",NA,NA,74,"unsexed",0.0312,NA,2.953,0.99002,NA,NA,NA,NA,NA,NA,NA,NA,"type I linear regression","fresh","lagoon",26587,"540","Update of estimate in Ref. 5525.",3,1993-06-17,3,1998-05-22,NA,NA,NA
"Chaetodon auriga",5557,7421,5847,343,52323,NA,NA,"TL",NA,NA,NA,"mixed",0.023,NA,3.04,NA,NA,NA,NA,NA,NA,NA,NA,NA,"type I linear regression","fresh","Presumably Philippines.",NA,"608",NA,1,2005-12-08,NA,2005-12-08,NA,NA,NA
"Chaetodon auriga",5557,7422,5847,343,55787,2.4,19,"FL",NA,NA,246,"mixed",0.0404,NA,2.82943,0.98406,NA,NA,NA,NA,NA,NA,NA,NA,"type I linear regression","fresh",NA,55787,"540","Error:  10.3%",1531,2005-12-06,NA,2005-12-06,NA,NA,NA
"Chaetodon baronessa",5558,7423,5848,343,52323,NA,NA,"TL",NA,NA,NA,"mixed",0.0448,NA,2.828,NA,NA,NA,NA,NA,NA,NA,NA,NA,"type I linear regression","fresh","Presumably Philippines.",NA,"608",NA,1,2005-12-12,NA,2005-12-12,NA,NA,NA
"Chaetodon bennetti",5559,7424,5849,343,55787,3,12.6,"FL",NA,NA,20,"mixed",0.03839,NA,2.88508,0.98804,NA,NA,NA,NA,NA,NA,NA,NA,"type I linear regression","fresh",NA,55787,"540","Error:  7.9%",1531,2005-12-06,NA,2005-12-06,NA,NA,NA
"Chaetodon citrinellus",5561,7425,5851,343,26587,3.1,10,"TL",NA,NA,40,"unsexed",0.0409,NA,2.791,0.97614,NA,NA,NA,NA,NA,NA,NA,NA,"type I linear regression","fresh","lagoon",26587,"540","Update of estimate in Ref. 5525.",3,1993-06-17,3,1998-05-22,NA,NA,NA
"Chaetodon citrinellus",5561,7426,5851,343,55787,3,10.5,"FL",NA,NA,74,"mixed",0.0353,NA,2.83414,0.9722,NA,NA,NA,NA,NA,NA,NA,NA,"type I linear regression","fresh",NA,55787,"540","Error:  9.6%",1531,2005-12-06,NA,2005-12-06,NA,NA,NA
"Chaetodon ephippium",5562,7427,5852,343,52323,NA,NA,"TL",NA,NA,NA,"mixed",0.023,NA,3.04,NA,NA,NA,NA,NA,NA,NA,NA,NA,"type I linear regression","fresh","Presumably Philippines.",NA,"608",NA,1,2005-12-12,NA,2005-12-12,NA,NA,NA
"Chaetodon ephippium",5562,7428,5852,343,55787,3.4,17.5,"FL",NA,NA,63,"mixed",0.02249,NA,3.06092,0.99002,NA,NA,NA,NA,NA,NA,NA,NA,"type I linear regression","fresh",NA,55787,"540","Error:  6.7%",1531,2005-12-06,NA,2005-12-06,NA,NA,NA
"Chaetodon kleinii",5446,7271,5711,343,52323,NA,NA,"TL",NA,NA,NA,"mixed",0.0448,NA,2.828,NA,NA,NA,NA,NA,NA,NA,NA,NA,"type I linear regression","fresh","Presumably Philippines.",NA,"608",NA,1,2005-12-12,NA,2005-12-12,NA,NA,NA
"Chaetodon kleinii",5446,37248,5711,NA,108462,6.5,8.7,"SL",NA,NA,12,"unsexed",0.0449,NA,3.036,0.927,NA,NA,NA,NA,0.0132999997586012,0.152099996805191,2.43600010871887,3.63599991798401,"Type I linear regression","fresh","Davao Gulf / 2009-2012",NA,"608",NA,65,2016-08-26,NA,2016-08-26,NA,NA,NA
"Chaetodon lineolatus",5564,7429,5855,343,55787,2,20,"FL",NA,NA,89,"mixed",0.06926,NA,2.62151,0.97417,NA,NA,NA,NA,NA,NA,NA,NA,"type I linear regression","fresh",NA,55787,"540","Error:  13.3%",1531,2005-12-06,NA,2005-12-06,NA,NA,NA
"Chaetodon lunulatus",14300,45755,14140,NA,124696,7.5,26.7,"TL",NA,"Yes",23,"unsexed",0.24099,NA,2.099,0.796,NA,NA,NA,NA,0.0756900012493134,0.767289996147156,1.61699998378754,2.58100008964539,"type I linear regression",NA,"Northern Line Islands / 2006-2011.",NA,NA,NA,65,2021-08-02,NA,2021-08-02,NA,NA,NA
"Chaetodon mertensii",5567,7432,5857,343,26587,7,10,"TL",NA,NA,13,"unsexed",0.00422,NA,3.808,0.97614,NA,NA,NA,NA,NA,NA,NA,NA,"type I linear regression","fresh","lagoon",26587,"540","Update of estimate in Ref. 5525.",3,1993-06-17,3,1998-05-22,NA,NA,NA
"Chaetodon mertensii",5567,7433,5857,343,55787,7,10,"FL",NA,NA,15,"mixed",0.0043,NA,3.79338,0.96629,NA,NA,NA,NA,NA,NA,NA,NA,"type I linear regression","fresh",NA,55787,"540","Error:  5.4%",1531,2005-12-06,NA,2005-12-06,NA,NA,NA
"Chaetodon pelewensis",6606,8086,6926,343,26587,5,9,"TL",NA,NA,20,"unsexed",0.0385,NA,2.872,0.96629,NA,NA,NA,NA,NA,NA,NA,NA,"type I linear regression","fresh","lagoon",26587,"540","Update of estimate in Ref. 5525.",3,1993-06-17,3,1998-05-22,NA,NA,NA
"Chaetodon pelewensis",6606,8087,6926,343,55787,5,9,"FL",NA,NA,26,"mixed",0.01533,NA,3.29659,0.93509,NA,NA,NA,NA,NA,NA,NA,NA,"type I linear regression","fresh",NA,55787,"540","Error:  11.2%",1531,2005-12-06,NA,2005-12-06,NA,NA,NA
"Chaetodon plebeius",6613,8088,6933,343,26587,2,9.5,"TL",NA,NA,27,"unsexed",0.107,NA,2.36,0.95453,NA,NA,NA,NA,NA,NA,NA,NA,"type I linear regression","fresh","lagoon",26587,"540","Update of estimate in Ref. 5525.",3,1993-06-17,3,1998-05-22,NA,NA,NA
"Chaetodon plebeius",6613,8089,6933,343,55787,2,10,"FL",NA,NA,283,"mixed",0.06061,NA,2.62782,0.9604,NA,NA,NA,NA,NA,NA,NA,NA,"type I linear regression","fresh",NA,55787,"540","Error:  9%",1531,2005-12-06,NA,2005-12-06,NA,NA,NA
"Chaetodon speculum",5576,7434,5866,343,55787,2,11.5,"FL",NA,NA,444,"mixed",0.06637,NA,2.69302,0.96826,NA,NA,NA,NA,NA,NA,NA,NA,"type I linear regression","fresh",NA,55787,"540","Error:  8.9%",1531,2005-12-06,NA,2005-12-06,NA,NA,NA
"Chaetodon trifascialis",5578,7435,5868,343,26587,3,14,"TL",NA,NA,12,"unsexed",0.0468,NA,2.758,0.99401,NA,NA,NA,NA,NA,NA,NA,NA,"type I linear regression","fresh",NA,26587,"540",NA,3,1998-05-21,NA,1998-05-22,NA,NA,NA
"Chaetodon trifascialis",5578,7436,5868,343,55787,3,14,"FL",NA,NA,23,"mixed",0.02578,NA,2.96908,0.97023,NA,NA,NA,NA,NA,NA,NA,NA,"type I linear regression","fresh",NA,55787,"540","Error:  10.2%",1531,2005-12-06,NA,2005-12-06,NA,NA,NA
"Chaetodon ulietensis",5580,7441,5870,343,55787,3.3,12.1,"FL",NA,NA,36,"mixed",0.03114,NA,2.87412,0.99002,NA,NA,NA,NA,NA,NA,NA,NA,"type I linear regression","fresh",NA,55787,"540","Error:  6.9%",1531,2005-12-06,NA,2005-12-06,NA,NA,NA
"Chaetodon unimaculatus",5581,7442,5871,343,55787,4.5,18,"FL",NA,NA,13,"mixed",0.0533,NA,2.83328,0.996,NA,NA,NA,NA,NA,NA,NA,NA,"type I linear regression","fresh",NA,55787,"540","Error:  5.2%",1531,2005-12-06,NA,2005-12-06,NA,NA,NA
"Chaetodon vagabundus",5582,7443,5872,343,55787,4,14,"FL",NA,NA,65,"mixed",0.02776,NA,2.97346,0.9801,NA,NA,NA,NA,NA,NA,NA,NA,"type I linear regression","fresh",NA,55787,"540","Error:  6.4%",1531,2005-12-06,NA,2005-12-06,NA,NA,NA
"Cheilinus chlorourus",5598,7469,5890,362,26587,4.2,32,"FL",NA,NA,22,"unsexed",0.0293,NA,2.849,0.99401,NA,NA,NA,NA,NA,NA,NA,NA,"type I linear regression","fresh","lagoon",26587,"540","Update of estimate in Ref. 5525.",3,1993-06-17,3,1998-05-21,NA,NA,NA
"Cheilinus chlorourus",5598,7470,5890,362,55787,4.2,32,"FL",NA,NA,44,"mixed",0.01972,NA,2.99315,0.98804,NA,NA,NA,NA,NA,NA,NA,NA,"type I linear regression","fresh",NA,55787,"540","Error:  11.7%",1531,2005-12-06,NA,2005-12-06,NA,NA,NA
"Cheilinus chlorourus",5598,37255,5890,NA,108462,8,21.5,"SL",NA,NA,92,"unsexed",0.0407,NA,2.952,0.965,NA,NA,NA,NA,0.0296999998390675,0.0557999983429909,2.83400011062622,3.06900000572205,"Type I linear regression","fresh","Davao Gulf / 2009-2012",NA,"608",NA,65,2016-08-30,NA,2016-08-30,NA,NA,NA
"Cheilinus chlorourus",5598,44228,5890,NA,122754,NA,NA,"TL",NA,NA,100,"unsexed",0.03,NA,2.84,0.93,NA,NA,NA,NA,NA,NA,NA,NA,"nonlinear regression","fresh","off Tanjung Tiram, Southeast Sulawesi/2018",122754,"360","Sampling was from Jan to Jun 2018.",2448,2020-09-02,NA,2020-09-02,NA,NA,NA
"Cheilinus chlorourus",5598,46669,5890,NA,125598,16.4,25,"FL",NA,NA,115,"unsexed",0.0288,NA,2.88,0.94,NA,NA,NA,NA,0.0187999997287989,0.0441999994218349,2.74000000953674,3.01999998092651,"type I linear regression",NA,"Mariana Archipelago / 2011-2016.",NA,"580",NA,65,2021-12-07,NA,2021-12-07,NA,NA,NA
"Cheilinus fasciatus",5600,7474,5892,362,30504,27.7,27.7,"TL",NA,NA,1,"unsexed",0.01487,NA,3,NA,NA,NA,NA,NA,NA,NA,NA,NA,"single L-W pair with b=3","fresh",NA,124708,NA,"Estimated from length-weight pairs in the BRAINS table.",1,1999-06-15,NA,2021-08-05,NA,NA,NA
"Cheilinus fasciatus",5600,7475,5892,362,30504,NA,NA,"SL",NA,"Yes",1,"unsexed",0.0318,NA,3,NA,NA,NA,NA,NA,NA,NA,NA,NA,"single L-W pair with b=3","fresh",NA,NA,NA,"Estimated from length-weight pairs in the BRAINS table.",1,1999-06-15,NA,1999-06-15,NA,NA,NA
"Cheilinus fasciatus",5600,45794,5892,NA,124708,12.4,17.9,"OT",NA,NA,20,"unsexed",0.0418,NA,2.892,0.993,NA,NA,NA,NA,NA,NA,NA,NA,"Type I linear regression","fresh","Mischief Reef, South China Sea / 2013-2018.",NA,NA,"Length type = BL (body length).",2761,2021-08-05,NA,2021-08-05,NA,NA,NA
"Cheilinus trilobatus",5603,7476,5895,362,26849,2.6,13.4,"TL",NA,NA,42,"unsexed",0.021,NA,2.972,0.9801,NA,NA,NA,NA,NA,NA,NA,NA,"type I linear regression","fresh",NA,26849,"638",NA,3,1998-06-17,NA,1998-06-17,NA,NA,NA
"Cheilinus trilobatus",5603,7477,5895,362,55787,8.5,24,"FL",NA,NA,9,"mixed",0.01623,NA,3.05947,0.99401,NA,NA,NA,NA,NA,NA,NA,NA,"type I linear regression","fresh",NA,55787,"540","Error:  8.5%",1531,2005-12-06,NA,2005-12-06,NA,NA,NA
"Cheilinus trilobatus",5603,37257,5895,NA,108462,5.4,28,"SL",NA,NA,133,"unsexed",0.0315,NA,3.04,0.986,NA,NA,NA,NA,0.0263999998569489,0.0377000011503696,2.9779999256134,3.10199999809265,"Type I linear regression","fresh","Davao Gulf / 2009-2012",NA,"608",NA,65,2016-08-30,NA,2016-08-30,NA,NA,NA
"Cheilinus trilobatus",5603,44227,5895,NA,122754,NA,NA,"TL",NA,NA,146,"unsexed",0.1,NA,2.35,0.77,NA,NA,NA,NA,NA,NA,NA,NA,"nonlinear regression","fresh","off Tanjung Tiram, Southeast Sulawesi/2018",122754,"360","Sampling was from Jan to Jun 2018.",2448,2020-09-02,NA,2020-09-02,NA,NA,NA
"Cheilinus trilobatus",5603,46670,5895,NA,125598,15.5,35.2,"FL",NA,NA,1477,"unsexed",0.0451,NA,2.73,0.97,NA,NA,NA,NA,0.0417999997735023,0.048700001090765,2.70000004768372,2.75,"type I linear regression",NA,"Mariana Archipelago / 2011-2016.",NA,"580",NA,65,2021-12-07,NA,2021-12-07,NA,NA,NA
"Cheilinus trilobatus",5603,46940,5895,NA,125599,17,31.2,"FL",NA,NA,153,"unsexed",0.0401,NA,2.8,0.94,NA,NA,NA,NA,0.0280000008642673,0.0573999993503094,2.6800000667572,2.91000008583069,"type I linear regression",NA,"2010 -2015",NA,"016",NA,65,2022-02-09,NA,2022-02-09,NA,NA,NA
"Chlorurus bleekeri",4976,38497,5209,NA,108462,10,28,"SL",NA,NA,38,"unsexed",0.0415,NA,2.946,0.988,NA,NA,NA,NA,0.0303000006824732,0.0570000000298023,2.83699989318848,3.0550000667572,"Type I linear regression","fresh","Davao Gulf / 2009-2012",NA,"608",NA,65,2016-11-04,NA,2016-11-04,NA,NA,NA
"Chlorurus spilurus",66478,46944,57180,NA,125599,18,48.6,"FL",NA,NA,377,"unsexed",0.0166,NA,3.09,0.98,NA,NA,NA,NA,0.0142000000923872,0.0194000005722046,3.03999996185303,3.14000010490417,"type I linear regression",NA,"2010 -2015",NA,"016",NA,65,2022-02-09,NA,2022-02-09,NA,NA,NA
"Chromis atripectoralis",5450,7276,5718,350,26587,3.5,9,"FL",NA,NA,24,"unsexed",0.0204,NA,3.217,0.97812,NA,NA,NA,NA,NA,NA,NA,NA,"type I linear regression","fresh",NA,26587,"540",NA,3,1998-05-21,NA,1998-05-21,NA,NA,NA
"Chromis atripectoralis",5450,7277,5718,350,55787,3.5,9,"FL",NA,NA,24,"mixed",0.01791,NA,3.29073,0.97812,NA,NA,NA,NA,NA,NA,NA,NA,"type I linear regression","fresh",NA,55787,"540","Error:  10.4%",1531,2005-12-06,NA,2005-12-06,NA,NA,NA
"Chromis chrysura",6656,8113,6976,350,26587,5.5,12,"FL",NA,NA,58,"unsexed",0.0306,NA,3.09,0.95844,NA,NA,NA,NA,NA,NA,NA,NA,"type I linear regression","fresh","lagoon",26587,"540","Update of estimate in Ref. 5525.",3,1993-06-17,3,1998-05-21,NA,NA,NA
"Chromis chrysura",6656,8114,6976,350,55787,5.5,12,"FL",NA,NA,58,"mixed",0.02282,NA,3.22232,0.95844,NA,NA,NA,NA,NA,NA,NA,NA,"type I linear regression","fresh",NA,55787,"540","Error:  8.1%",1531,2005-12-06,NA,2005-12-06,NA,NA,NA
"Chromis ternatensis",5677,7564,5970,350,26587,5,7.5,"FL",NA,NA,30,"unsexed",0.043,NA,2.889,0.84824,NA,NA,NA,NA,NA,NA,NA,NA,"type I linear regression","fresh","lagoon",26587,"540","Update of estimate in Ref. 5525.",3,1993-06-17,3,1998-05-21,NA,NA,NA
"Chromis ternatensis",5677,7565,5970,350,55787,5,7.5,"FL",NA,NA,30,"mixed",0.01597,NA,3.408,0.84824,NA,NA,NA,NA,NA,NA,NA,NA,"type I linear regression","fresh",NA,55787,"540","Error:  8.7%",1531,2005-12-06,NA,2005-12-06,NA,NA,NA
"Chromis viridis",5679,7566,5972,350,26587,2,7,"FL",NA,NA,139,"unsexed",0.0642,NA,2.518,0.88925,NA,NA,NA,NA,NA,NA,NA,NA,"type I linear regression","fresh",NA,26587,"540","Update of estimate in Ref. 5525 (as <i>C. caerulea</i>).",3,1998-05-21,3,1999-07-06,NA,NA,NA
"Chromis viridis",5679,8130,5972,350,30504,6.3,6.3,"TL",NA,NA,1,"unsexed",0.0188,NA,3,NA,NA,NA,NA,NA,NA,NA,NA,NA,"single L-W pair with b=3","fresh",NA,NA,NA,"Estimated from length-weight pairs in the BRAINS table.",1,1999-06-15,NA,1999-06-15,NA,NA,NA
"Chromis viridis",5679,8131,5972,350,30504,NA,NA,"SL",NA,"Yes",1,"unsexed",0.0376,NA,3,NA,NA,NA,NA,NA,NA,NA,NA,NA,"single L-W pair with b=3","fresh",NA,NA,NA,"Estimated from length-weight pairs in the BRAINS table.",1,1999-06-15,NA,1999-06-15,NA,NA,NA
"Chromis viridis",5679,8132,5972,350,48600,3,9.8,"TL","yes",NA,1079,"unsexed",0.02445,NA,2.784,0.88925,NA,NA,NA,NA,NA,NA,NA,NA,"type I linear regression","fresh","Lakshadweep lagoons, 1993-97",48600,"356","Name applied to <i>Chromis caeruleus</i>.",3,2003-09-24,14,2013-04-26,NA,NA,NA
"Chromis viridis",5679,7567,5972,350,55787,2,7,"FL",NA,NA,144,"mixed",0.03507,NA,2.89965,0.86862,NA,NA,NA,NA,NA,NA,NA,NA,"type I linear regression","fresh",NA,55787,"540","Error:  16%",1531,2005-12-06,NA,2005-12-06,NA,NA,NA
"Chromis weberi",5680,7568,5973,350,30504,NA,NA,"SL",NA,"Yes",1,"unsexed",0.03906,NA,3,NA,NA,NA,NA,NA,NA,NA,NA,NA,"single L-W pair with b=3","fresh",NA,NA,NA,"Estimated from length-weight pairs in the BRAINS table.",1,1999-06-15,NA,1999-06-15,NA,NA,NA
"Chromis xanthura",5682,7569,5975,350,52323,NA,NA,"TL",NA,NA,NA,"mixed",0.009,NA,2.773,NA,NA,NA,NA,NA,NA,NA,NA,NA,"type I linear regression","fresh","Presumably Philippines.",NA,"608",NA,1,2005-12-12,NA,2005-12-12,NA,NA,NA
"Chrysiptera biocellata",5693,7578,5986,350,30504,6.6,8.1,"TL",NA,NA,2,"unsexed",0.02388,NA,3,NA,NA,NA,NA,NA,NA,NA,NA,NA,"several L-W pairs with b=3","fresh",NA,NA,NA,"Estimated from length-weight pairs in the BRAINS table.",1,1999-06-15,NA,1999-06-15,NA,NA,NA
"Chrysiptera biocellata",5693,7579,5986,350,30504,5.5,6.9,"SL",NA,"Yes",2,"unsexed",0.03992,NA,3,NA,NA,NA,NA,NA,NA,NA,NA,NA,"several L-W pairs with b=3","fresh",NA,NA,NA,"Estimated from length-weight pairs in the BRAINS table.",1,1999-06-15,NA,1999-06-15,NA,NA,NA
"Chrysiptera glauca",5696,7580,5989,350,30504,6.3,7.8,"TL",NA,NA,2,"unsexed",0.02166,NA,3,NA,NA,NA,NA,NA,NA,NA,NA,NA,"several L-W pairs with b=3","fresh",NA,NA,NA,"Estimated from length-weight pairs in the BRAINS table.",1,1999-06-15,NA,1999-06-15,NA,NA,NA
"Chrysiptera glauca",5696,7581,5989,350,30504,5.2,6.5,"SL",NA,"Yes",2,"unsexed",0.03796,NA,3,NA,NA,NA,NA,NA,NA,NA,NA,NA,"several L-W pairs with b=3","fresh",NA,NA,NA,"Estimated from length-weight pairs in the BRAINS table.",1,1999-06-15,NA,1999-06-15,NA,NA,NA
"Chrysiptera taupou",12451,9066,12779,350,26587,3.5,8,"FL",NA,NA,54,"unsexed",0.0377,NA,2.702,0.9025,NA,NA,NA,NA,NA,NA,NA,NA,"type I linear regression","fresh",NA,26587,"540","Update of estimate in Ref. 5525 (as <i>C. cyanea</i>).",3,1998-05-21,NA,1999-07-06,NA,NA,NA
"Chrysiptera taupou",12451,9067,12779,350,55787,3.5,8.2,"FL",NA,NA,85,"mixed",0.02199,NA,3.00115,0.89492,NA,NA,NA,NA,NA,NA,NA,NA,"type I linear regression","fresh",NA,55787,"540","Error:  13.5%",1531,2005-12-06,NA,2005-12-06,NA,NA,NA
"Coris aygula",5624,7496,5918,362,30504,46,48,"TL",NA,NA,2,"unsexed",0.01452,NA,3,NA,NA,NA,NA,NA,NA,NA,NA,NA,"several L-W pairs with b=3","fresh",NA,NA,NA,"Estimated from length-weight pairs in the BRAINS table.",1,1999-06-15,NA,1999-06-15,NA,NA,NA
"Coris aygula",5624,7497,5918,362,30504,40,42.5,"SL",NA,NA,2,"unsexed",0.02149,NA,3,NA,NA,NA,NA,NA,NA,NA,NA,NA,"several L-W pairs with b=3","fresh",NA,NA,NA,"Estimated from length-weight pairs in the BRAINS table.",1,1999-06-15,NA,1999-06-15,NA,NA,NA
"Coris aygula",5624,7498,5918,362,55787,32.5,55,"FL",NA,NA,11,"mixed",0.00266,NA,3.48857,0.98406,NA,NA,NA,NA,NA,NA,NA,NA,"type I linear regression","fresh",NA,55787,"540","Error:  5.2%",1531,2005-12-06,NA,2005-12-06,NA,NA,NA
"Coris gaimard",5625,7499,5919,362,30504,15.7,15.7,"TL",NA,NA,1,"unsexed",0.0109,NA,3,NA,NA,NA,NA,NA,NA,NA,NA,NA,"single L-W pair with b=3","fresh",NA,NA,NA,"Estimated from length-weight pairs in the BRAINS table.",1,1999-06-15,NA,1999-06-15,NA,NA,NA
"Coris gaimard",5625,7500,5919,362,30504,NA,NA,"SL",NA,NA,1,"unsexed",0.01715,NA,3,NA,NA,NA,NA,NA,NA,NA,NA,NA,"single L-W pair with b=3","fresh",NA,NA,NA,"Estimated from length-weight pairs in the BRAINS table.",1,1999-06-15,NA,1999-06-15,NA,NA,NA
"Ctenochaetus binotatus",6012,7806,6326,412,26587,8.5,15,"FL",NA,NA,13,"unsexed",0.081,NA,2.59,0.93122,NA,NA,NA,NA,NA,NA,NA,NA,"type I linear regression","fresh",NA,26587,"540",NA,3,1998-05-21,NA,1998-05-21,NA,NA,NA
"Ctenochaetus binotatus",6012,7807,6326,412,55787,8.5,15.3,"FL",NA,NA,18,"mixed",0.03916,NA,2.87463,0.93896,NA,NA,NA,NA,NA,NA,NA,NA,"type I linear regression","fresh",NA,55787,"540","Error:  9.3%",1531,2005-12-06,NA,2005-12-06,NA,NA,NA
"Ctenochaetus binotatus",6012,36974,6326,NA,108462,5,14,"SL",NA,NA,22,"unsexed",0.0615,NA,2.933,0.988,NA,NA,NA,NA,0.043699998408556,0.0865999981760979,2.78500008583069,3.08100008964539,"Type I linear regression","fresh","Davao Gulf / 2009-2012",NA,"608",NA,65,2016-06-06,NA,2016-09-27,NA,NA,NA
"Ctenochaetus striatus",1262,3147,1279,412,3807,NA,NA,NA,NA,NA,NA,"unsexed",0.021,NA,3.04,0.97614,NA,NA,NA,NA,NA,NA,NA,NA,"type I linear regression","fresh","Woleai Atoll, Yap State, 1991",3807,"583","condition factor = 2.384",3,1992-06-14,NA,1994-01-27,NA,NA,NA
"Ctenochaetus striatus",1262,3148,1279,412,26587,3.8,21,"FL",NA,NA,133,"unsexed",0.0254,NA,3.027,0.99002,NA,NA,NA,NA,NA,NA,NA,NA,"type I linear regression","fresh","lagoon",26587,"540","Update of estimate in Ref. 5525.",3,1993-06-19,3,1998-05-22,NA,NA,NA
"Ctenochaetus striatus",1262,3149,1279,412,26849,4.1,16,"TL",NA,NA,71,"unsexed",0.0137,NA,3.083,0.96629,NA,NA,NA,NA,NA,NA,NA,NA,"type I linear regression","fresh",NA,26849,"638",NA,3,1998-06-17,NA,1998-06-17,NA,NA,NA
"Ctenochaetus striatus",1262,3150,1279,412,27143,2.8,19.7,"SL",NA,NA,176,"unsexed",0.0409,NA,3.066,0.99202,NA,NA,NA,NA,NA,NA,NA,NA,"type I linear regression","fresh","Eastern coast, coral reefs",27143,"036",NA,3,1998-08-21,NA,2001-12-13,NA,NA,NA
"Ctenochaetus striatus",1262,3151,1279,412,55787,3.8,21,"FL",NA,NA,180,"mixed",0.02313,NA,3.06347,0.99002,NA,NA,NA,NA,NA,NA,NA,NA,"type I linear regression","fresh",NA,55787,"540","Error:  7.7%",1531,2005-12-06,NA,2005-12-06,NA,NA,NA
"Ctenochaetus striatus",1262,36975,1279,NA,108462,6.5,14,"SL",NA,"Yes",42,"unsexed",0.1016,NA,2.696,0.957,NA,NA,NA,NA,0.0659999996423721,0.156299993395805,2.51300001144409,2.87899994850159,"Type I linear regression","fresh","Davao Gulf / 2009-2012",NA,"608",NA,65,2016-06-06,NA,2022-01-31,NA,NA,NA
"Ctenochaetus striatus",1262,46999,1279,NA,125599,13.4,25.2,"FL",NA,NA,428,"unsexed",0.044,NA,2.82,0.87,NA,NA,NA,NA,0.0328000001609325,0.0592000000178814,2.72000002861023,2.92000007629395,"type I linear regression",NA,"2010 - 2015",NA,"016",NA,65,2022-02-11,NA,2022-02-11,NA,NA,NA
"Ctenochaetus striatus",1262,46720,1279,NA,125700,10.3,18.8,"FL",NA,NA,108,"mixed",0.0339,NA,2.86,0.953,NA,NA,NA,NA,0.0242999996989965,0.0472000017762184,2.74000000953674,2.99000000953674,"Type I linear regression","fresh","Kavieng, New Ireland Province (2015)",125700,"598","Weight range: 25-149 g (Ref, 125700).",2,2022-01-31,NA,2022-01-31,NA,NA,NA
"Dascyllus aruanus",5110,7036,5345,350,26587,2.4,6.5,"FL",NA,NA,105,"unsexed",0.0716,NA,2.635,0.91012,NA,NA,NA,NA,NA,NA,NA,NA,"type I linear regression","fresh","lagoon",26587,"540","Update of estimate in Ref. 5525.",3,1993-06-17,3,1998-05-21,NA,NA,NA
"Dascyllus aruanus",5110,7037,5345,350,26849,2.3,9,"TL",NA,NA,150,"unsexed",0.0289,NA,3.035,0.92544,NA,NA,NA,NA,NA,NA,NA,NA,"type I linear regression","fresh",NA,26849,"638",NA,3,1998-06-17,NA,1998-06-17,NA,NA,NA
"Dascyllus aruanus",5110,7038,5345,350,48600,1.3,10,"TL",NA,NA,770,"unsexed",0.0964,NA,2.333,0.87049,NA,NA,NA,NA,NA,NA,NA,NA,"type I linear regression","fresh","Lakshadweep lagoons, 1993-97",48600,"356",NA,3,2003-09-24,NA,2003-09-24,NA,NA,NA
"Dascyllus aruanus",5110,7039,5345,350,52323,NA,NA,"TL",NA,NA,NA,"mixed",0.0136,NA,2.686,NA,NA,NA,NA,NA,NA,NA,NA,NA,"type I linear regression","fresh","Presumably Philippines.",NA,"608",NA,1,2005-12-12,NA,2005-12-12,NA,NA,NA
"Dascyllus aruanus",5110,7040,5345,350,55787,2.4,6.5,"FL",NA,NA,112,"mixed",0.04151,NA,2.98888,0.89114,NA,NA,NA,NA,NA,NA,NA,NA,"type I linear regression","fresh",NA,55787,"540","Error:  12.9%",1531,2005-12-06,NA,2005-12-06,NA,NA,NA
"Dascyllus reticulatus",5113,7044,5348,350,26587,3.5,8,"FL",NA,NA,15,"unsexed",0.0612,NA,2.747,0.93896,NA,NA,NA,NA,NA,NA,NA,NA,"type I linear regression","fresh",NA,26587,"540",NA,3,1998-05-21,NA,1998-05-21,NA,NA,NA
"Dascyllus reticulatus",5113,7045,5348,350,55787,3.3,8,"FL",NA,NA,16,"mixed",0.03111,NA,3.13271,0.94284,NA,NA,NA,NA,NA,NA,NA,NA,"type I linear regression","fresh",NA,55787,"540","Error:  13.6%",1531,2005-12-06,NA,2005-12-06,NA,NA,NA
"Dascyllus trimaculatus",5112,7041,5347,350,30840,8.2,11.4,"SL",NA,NA,3,"unsexed",0.108,NA,2.75,0.95648,NA,NA,NA,NA,NA,NA,NA,NA,"type I linear regression","fresh",NA,NA,NA,"Estimated from length-weight pairs in the BRAINS table.",1,1999-06-15,3,1999-08-07,NA,NA,NA
"Dascyllus trimaculatus",5112,7042,5347,350,52323,NA,NA,"TL",NA,NA,NA,"mixed",0.0716,NA,2.635,NA,NA,NA,NA,NA,NA,NA,NA,NA,"type I linear regression","fresh","Presumably Philippines.",NA,"608",NA,1,2005-12-12,NA,2005-12-12,NA,NA,NA
"Dascyllus trimaculatus",5112,7043,5347,350,55787,5.5,13.5,"FL",NA,NA,10,"mixed",0.03132,NA,3.04325,0.99401,NA,NA,NA,NA,NA,NA,NA,NA,"type I linear regression","fresh",NA,55787,"540","Error:  5.7%",1531,2005-12-06,NA,2005-12-06,NA,NA,NA
"Dascyllus trimaculatus",5112,47945,5347,NA,126022,7,13.5,"TL",NA,NA,45,"unsexed",0.0721,NA,2.5769,0.962,NA,NA,NA,NA,0.0504000000655651,0.103100001811981,2.42000007629395,2.73399996757507,"type I linear regression",NA,"Gulf of Mannar and Palk Bay / 2018-2019.",NA,NA,NA,65,2022-05-19,NA,2022-05-19,NA,NA,NA
"Epibulus insidiator",5606,7483,5898,362,30504,10.5,27.5,"TL",NA,NA,2,"unsexed",0.01646,NA,3,NA,NA,NA,NA,NA,NA,NA,NA,NA,"several L-W pairs with b=3","fresh",NA,NA,NA,"Estimated from length-weight pairs in the BRAINS table.",1,1999-06-15,NA,1999-06-15,NA,NA,NA
"Epibulus insidiator",5606,7484,5898,362,30504,9.3,21,"SL",NA,NA,2,"unsexed",0.02959,NA,3,NA,NA,NA,NA,NA,NA,NA,NA,NA,"several L-W pairs with b=3","fresh",NA,NA,NA,"Estimated from length-weight pairs in the BRAINS table.",1,1999-06-15,NA,1999-06-15,NA,NA,NA
"Epibulus insidiator",5606,7485,5898,362,55787,8.7,35,"FL",NA,NA,19,"mixed",0.01614,NA,3.08102,0.97023,NA,NA,NA,NA,NA,NA,NA,NA,"type I linear regression","fresh",NA,55787,"540","Error:  11.6%",1531,2005-12-06,NA,2005-12-06,NA,NA,NA
"Epibulus insidiator",5606,37260,5898,NA,108462,9.5,19,"SL",NA,NA,15,"unsexed",0.0697,NA,2.747,0.973,NA,NA,NA,NA,0.0348000004887581,0.139799997210503,2.47399997711182,3.01999998092651,"Type I linear regression","fresh","Davao Gulf / 2009-2012",NA,"608",NA,65,2016-08-30,NA,2016-08-30,NA,NA,NA
"Epinephelus merra",4923,6885,5156,289,26587,6,25,"TL",NA,NA,213,"unsexed",0.0236,NA,2.824,0.95258,NA,NA,NA,NA,NA,NA,NA,NA,"type I linear regression","fresh","lagoon",26587,"540","Update of estimate in Ref. 5525.",3,1993-06-13,3,1998-05-22,NA,NA,NA
"Epinephelus merra",4923,6886,5156,289,26849,3.9,15.8,"TL",NA,NA,229,"unsexed",0.0096,NA,3.196,0.98208,NA,NA,NA,NA,NA,NA,NA,NA,"type I linear regression","fresh",NA,26849,"638",NA,3,1998-06-17,NA,1998-06-17,NA,NA,NA
"Epinephelus merra",4923,6887,5156,289,48600,7.5,21,"TL",NA,NA,310,"unsexed",0.00493,NA,3.413,0.95844,NA,NA,NA,NA,NA,NA,NA,NA,"type I linear regression","fresh","Lakshadweep lagoons, 1993-97",48600,"356",NA,3,2003-09-24,NA,2003-09-24,NA,NA,NA
"Epinephelus merra",4923,6888,5156,289,55787,5.5,25,"FL",NA,NA,291,"mixed",0.01584,NA,2.96636,0.99002,NA,NA,NA,NA,NA,NA,NA,NA,"type I linear regression","fresh",NA,55787,"540","Error:  9.5%",1531,2005-12-06,NA,2005-12-06,NA,NA,NA
"Epinephelus merra",4923,41949,5156,NA,118794,13.5,28,"TL",NA,NA,61,"unsexed",0.008,NA,3.24,0.954,NA,NA,NA,NA,NA,NA,NA,NA,"Type I linear regression","fresh","Palawan / 1998-2014",118794,"608",NA,2448,2018-10-31,NA,2018-10-31,NA,NA,NA
"Epinephelus merra",4923,46646,5156,NA,125598,15.3,28.9,"FL",NA,NA,259,"unsexed",0.0222,NA,2.89,0.94,NA,NA,NA,NA,0.0167999994009733,0.0294000003486872,2.79999995231628,2.98000001907349,"type I linear regression",NA,"Mariana Archipelago / 2011-2016.",NA,"580",NA,65,2021-12-06,NA,2021-12-06,NA,NA,NA
"Epinephelus merra",4923,46948,5156,NA,125599,14.8,36.5,"FL",NA,NA,137,"unsexed",0.0089,NA,3.18,0.95,NA,NA,NA,NA,0.00600000005215406,0.0132999997586012,3.05999994277954,3.30999994277954,"type I linear regression",NA,"2010-2015",NA,"016",NA,65,2022-02-09,NA,2022-02-09,NA,NA,NA
"Epinephelus merra",4923,48171,5156,NA,126304,10,30.2,"FL",NA,NA,212,"unsexed",0.009,NA,3.122,0.952,NA,NA,NA,NA,0.00700000021606684,0.0120000001043081,3.02099990844727,3.22199988365173,"type I linear regression",NA,"Gilbert island archipelago / 2013-2020.",NA,"296",NA,65,2022-06-08,NA,2022-06-08,NA,NA,NA
"Forcipiger flavissimus",5584,7445,5874,343,30504,13.6,15.3,"TL",NA,NA,3,"unsexed",0.01249,NA,3,NA,NA,NA,NA,NA,NA,NA,NA,NA,"several L-W pairs with b=3","fresh",NA,NA,NA,"Estimated from length-weight pairs in the BRAINS table.",1,1999-06-15,NA,1999-06-15,NA,NA,NA
"Forcipiger flavissimus",5584,7446,5874,343,30504,10.5,13.5,"SL",NA,NA,3,"unsexed",0.02101,NA,3,NA,NA,NA,NA,NA,NA,NA,NA,NA,"several L-W pairs with b=3","fresh",NA,NA,NA,"Estimated from length-weight pairs in the BRAINS table.",1,1999-06-15,NA,1999-06-15,NA,NA,NA
"Forcipiger longirostris",5585,7447,5875,343,30504,17.2,17.2,"TL",NA,NA,1,"unsexed",0.01384,NA,3,NA,NA,NA,NA,NA,NA,NA,NA,NA,"single L-W pair with b=3","fresh",NA,NA,NA,"Estimated from length-weight pairs in the BRAINS table.",1,1999-06-15,NA,1999-06-15,NA,NA,NA
"Forcipiger longirostris",5585,7448,5875,343,30504,NA,NA,"SL",NA,NA,1,"unsexed",0.01891,NA,3,NA,NA,NA,NA,NA,NA,NA,NA,NA,"single L-W pair with b=3","fresh",NA,NA,NA,"Estimated from length-weight pairs in the BRAINS table.",1,1999-06-15,NA,1999-06-15,NA,NA,NA
"Forcipiger longirostris",5585,7449,5875,343,52323,NA,NA,"TL",NA,NA,NA,"mixed",0.0271,NA,3.061,NA,NA,NA,NA,NA,NA,NA,NA,NA,"type I linear regression","fresh","Presumably Philippines.",NA,"608",NA,1,2005-12-12,NA,2005-12-12,NA,NA,NA
"Gnathodentex aureolineatus",1832,4352,2028,328,3807,NA,NA,NA,NA,NA,NA,"unsexed",0.009,NA,3.285,0.95063,NA,NA,NA,NA,NA,NA,NA,NA,"type I linear regression","fresh","Woleai Atoll, Yap State, 1991",3807,"583","condition factor = 2.172",3,1992-06-14,NA,1994-01-27,NA,NA,NA
"Gnathodentex aureolineatus",1832,4353,2028,328,26587,8.5,20.5,"FL",NA,NA,49,"unsexed",0.0217,NA,2.986,0.9722,NA,NA,NA,NA,NA,NA,NA,NA,"type I linear regression","fresh",NA,26587,"540",NA,3,1998-05-20,NA,1998-05-20,NA,NA,NA
"Gnathodentex aureolineatus",1832,4354,2028,328,55787,8.5,20.5,"FL",NA,NA,53,"mixed",0.01804,NA,3.06254,0.96629,NA,NA,NA,NA,NA,NA,NA,NA,"type I linear regression","fresh",NA,55787,"540","Error:  6.2%",1531,2005-12-06,NA,2005-12-06,NA,NA,NA
"Gnathodentex aureolineatus",1832,46952,2028,NA,125599,15,42.3,"FL",NA,NA,262,"unsexed",0.0265,NA,2.96,0.94,NA,NA,NA,NA,0.0199999995529652,0.0351000018417835,2.86999988555908,3.05999994277954,"type I linear regression",NA,"2010 - 2015",NA,"016",NA,65,2022-02-10,NA,2022-02-10,NA,NA,NA
"Gomphosus varius",5626,7501,5920,362,30504,10.5,20.7,"TL",NA,NA,2,"unsexed",0.00988,NA,3,NA,NA,NA,NA,NA,NA,NA,NA,NA,"several L-W pairs with b=3","fresh",NA,NA,NA,"Estimated from length-weight pairs in the BRAINS table.",1,1999-06-15,NA,1999-06-15,NA,NA,NA
"Gomphosus varius",5626,7502,5920,362,30504,9,18.5,"SL",NA,NA,2,"unsexed",0.01474,NA,3,NA,NA,NA,NA,NA,NA,NA,NA,NA,"several L-W pairs with b=3","fresh",NA,NA,NA,"Estimated from length-weight pairs in the BRAINS table.",1,1999-06-15,NA,1999-06-15,NA,NA,NA
"Gomphosus varius",5626,7503,5920,362,52323,NA,NA,"TL",NA,NA,NA,"mixed",2e-04,NA,3.378,NA,NA,NA,NA,NA,NA,NA,NA,NA,"type I linear regression","fresh","Presumably Philippines.",NA,"608",NA,1,2005-12-12,NA,2005-12-12,NA,NA,NA
"Gomphosus varius",5626,7504,5920,362,55787,5,21.2,"FL",NA,NA,22,"mixed",0.02437,NA,2.70269,0.99002,NA,NA,NA,NA,NA,NA,NA,NA,"type I linear regression","fresh",NA,55787,"540","Error:  8.6%",1531,2005-12-06,NA,2005-12-06,NA,NA,NA
"Halichoeres hortulanus",12663,9121,13008,362,30504,21.4,22.7,"TL",NA,NA,2,"unsexed",0.01485,NA,3,NA,NA,NA,NA,NA,NA,NA,NA,NA,"several L-W pairs with b=3","fresh",NA,NA,NA,"Estimated from length-weight pairs in the BRAINS table.",1,1999-06-15,NA,1999-06-15,NA,NA,NA
"Halichoeres hortulanus",12663,9122,13008,362,30504,18.6,20,"SL",NA,NA,2,"unsexed",0.02216,NA,3,NA,NA,NA,NA,NA,NA,NA,NA,NA,"several L-W pairs with b=3","fresh",NA,NA,NA,"Estimated from length-weight pairs in the BRAINS table.",1,1999-06-15,NA,1999-06-15,NA,NA,NA
"Halichoeres hortulanus",12663,9123,13008,362,48600,8.5,24.3,"TL",NA,NA,843,"unsexed",0.0119,NA,3.064,0.9293,NA,NA,NA,NA,NA,NA,NA,NA,"type I linear regression","fresh","Lakshadweep lagoons, 1993-97",48600,"356",NA,3,2003-09-05,NA,2003-09-05,NA,NA,NA
"Halichoeres margaritaceus",5630,7507,5924,362,30504,8.5,8.5,"TL",NA,NA,1,"unsexed",0.01058,NA,3,NA,NA,NA,NA,NA,NA,NA,NA,NA,"single L-W pair with b=3","fresh",NA,NA,NA,"Estimated from length-weight pairs in the BRAINS table.",1,1999-06-15,NA,1999-06-15,NA,NA,NA
"Halichoeres margaritaceus",5630,7508,5924,362,30504,NA,NA,"SL",NA,NA,1,"unsexed",0.01816,NA,3,NA,NA,NA,NA,NA,NA,NA,NA,NA,"single L-W pair with b=3","fresh",NA,NA,NA,"Estimated from length-weight pairs in the BRAINS table.",1,1999-06-15,NA,1999-06-15,NA,NA,NA
"Halichoeres trimaculatus",5634,7513,5928,362,26587,3.5,16,"TL",NA,NA,17,"unsexed",0.0227,NA,2.804,0.99002,NA,NA,NA,NA,NA,NA,NA,NA,"type I linear regression","fresh","lagoon",26587,"540","Update of estimate in Ref. 5525.",3,1993-06-17,3,1998-05-22,NA,NA,NA
"Halichoeres trimaculatus",5634,7514,5928,362,55787,3.5,16,"FL",NA,NA,22,"mixed",0.02749,NA,2.73584,0.98804,NA,NA,NA,NA,NA,NA,NA,NA,"type I linear regression","fresh",NA,55787,"540","Error:  10.8%",1531,2005-12-06,NA,2005-12-06,NA,NA,NA
"Hemigymnus fasciatus",5635,7515,5929,362,30504,23.8,23.8,"TL",NA,NA,1,"unsexed",0.01713,NA,3,NA,NA,NA,NA,NA,NA,NA,NA,NA,"single L-W pair with b=3","fresh",NA,NA,NA,"Estimated from length-weight pairs in the BRAINS table.",1,1999-06-15,NA,1999-06-15,NA,NA,NA
"Hemigymnus fasciatus",5635,7516,5929,362,30504,NA,NA,"SL",NA,NA,1,"unsexed",0.02888,NA,3,NA,NA,NA,NA,NA,NA,NA,NA,NA,"single L-W pair with b=3","fresh",NA,NA,NA,"Estimated from length-weight pairs in the BRAINS table.",1,1999-06-15,NA,1999-06-15,NA,NA,NA
"Hemigymnus melapterus",5636,7517,5930,362,30504,22.1,22.1,"TL",NA,NA,1,"unsexed",0.01816,NA,3,NA,NA,NA,NA,NA,NA,NA,NA,NA,"single L-W pair with b=3","fresh",NA,NA,NA,"Estimated from length-weight pairs in the BRAINS table.",1,1999-06-15,NA,1999-06-15,NA,NA,NA
"Hemigymnus melapterus",5636,7518,5930,362,30504,NA,NA,"SL",NA,NA,1,"unsexed",0.02858,NA,3,NA,NA,NA,NA,NA,NA,NA,NA,NA,"single L-W pair with b=3","fresh",NA,NA,NA,"Estimated from length-weight pairs in the BRAINS table.",1,1999-06-15,NA,1999-06-15,NA,NA,NA
"Hemigymnus melapterus",5636,7519,5930,362,55787,6.2,34.5,"FL",NA,NA,22,"mixed",0.02423,NA,2.92262,0.99401,NA,NA,NA,NA,NA,NA,NA,NA,"type I linear regression","fresh",NA,55787,"540","Error:  7.1%",1531,2005-12-06,NA,2005-12-06,NA,NA,NA
"Hemigymnus melapterus",5636,46672,5930,NA,125598,17.7,39.6,"FL",NA,NA,399,"unsexed",0.021,NA,2.96,0.98,NA,NA,NA,NA,0.0183000005781651,0.024100000038743,2.92000007629395,3.00999999046326,"type I linear regression",NA,"Mariana Archipelago / 2011-2016.",NA,"580",NA,65,2021-12-07,NA,2021-12-07,NA,NA,NA
"Heniochus acuminatus",5588,7452,5878,343,26587,3.5,17.5,"TL",NA,NA,77,"unsexed",0.0271,NA,3.061,0.97812,NA,NA,NA,NA,NA,NA,NA,NA,"type I linear regression","fresh","lagoon",26587,"540","Update of estimate in Ref. 5525.",3,1993-06-17,3,1998-05-22,NA,NA,NA
"Heniochus acuminatus",5588,7453,5878,343,55787,3.5,17.5,"FL",NA,NA,85,"mixed",0.0247,NA,3.1058,0.9801,NA,NA,NA,NA,NA,NA,NA,NA,"type I linear regression","fresh",NA,55787,"540","Error:  11.6%",1531,2005-12-06,NA,2005-12-06,NA,NA,NA
"Heniochus chrysostomus",5589,7454,5879,343,26587,5,14,"TL",NA,NA,13,"unsexed",0.0132,NA,3.369,0.9722,NA,NA,NA,NA,NA,NA,NA,NA,"type I linear regression","fresh","lagoon",26587,"540","Update of estimate in Ref. 5525.",3,1993-06-17,3,1998-05-22,NA,NA,NA
"Heniochus chrysostomus",5589,7455,5879,343,55787,5,14,"FL",NA,NA,24,"mixed",0.01613,NA,3.26217,0.96236,NA,NA,NA,NA,NA,NA,NA,NA,"type I linear regression","fresh",NA,55787,"540","Error:  12.8%",1531,2005-12-06,NA,2005-12-06,NA,NA,NA
"Heniochus monoceros",5590,7456,5880,343,26587,9,21,"TL",NA,NA,16,"unsexed",0.022,NA,3.125,0.97417,NA,NA,NA,NA,NA,NA,NA,NA,"type I linear regression","fresh","lagoon",26587,"540","Update of estimate in Ref. 5525.",3,1993-06-17,3,1998-05-22,NA,NA,NA
"Heniochus monoceros",5590,7457,5880,343,55787,9,21,"FL",NA,NA,29,"mixed",0.017,NA,3.21058,0.98208,NA,NA,NA,NA,NA,NA,NA,NA,"type I linear regression","fresh",NA,55787,"540","Error:  9.1%",1531,2005-12-06,NA,2005-12-06,NA,NA,NA
"Heniochus singularius",5591,7458,5881,343,30504,20.2,20.2,"TL",NA,"Yes",1,"unsexed",0.03009,NA,3,NA,NA,NA,NA,NA,NA,NA,NA,NA,"single L-W pair with b=3","fresh",NA,NA,NA,"Estimated from length-weight pairs in the BRAINS table.",1,1999-06-15,NA,1999-06-15,NA,NA,NA
"Heniochus singularius",5591,7459,5881,343,30504,NA,NA,"SL",NA,NA,1,"unsexed",0.04874,NA,3,NA,NA,NA,NA,NA,NA,NA,NA,NA,"single L-W pair with b=3","fresh",NA,NA,NA,"Estimated from length-weight pairs in the BRAINS table.",1,1999-06-15,NA,1999-06-15,NA,NA,NA
"Heniochus varius",5592,7460,5882,343,30504,NA,NA,"SL",NA,NA,1,"unsexed",0.00486,NA,3,NA,NA,NA,NA,NA,NA,NA,NA,NA,"single L-W pair with b=3","fresh",NA,NA,NA,"Estimated from length-weight pairs in the BRAINS table.",1,1999-06-15,NA,1999-06-15,NA,NA,NA
"Heniochus varius",5592,7461,5882,343,30504,15.6,15.6,"TL",NA,NA,1,"unsexed",0.02502,NA,3,NA,NA,NA,NA,NA,NA,NA,NA,NA,"single L-W pair with b=3","fresh",NA,NA,NA,"Estimated from length-weight pairs in the BRAINS table.",1,1999-06-15,NA,1999-06-15,NA,NA,NA
"Hipposcarus longiceps",5539,39557,5829,NA,107958,21.8,51,"TL",NA,NA,1626,"unsexed",0.0161,NA,3.05,0.99,NA,NA,NA,NA,0.0152000002563,0.0171000007539988,3.02999997138977,3.05999994277954,"Type I linear regression","fresh","2009-2013",NA,"316",NA,65,2017-04-19,NA,2017-04-19,NA,NA,NA
"Hipposcarus longiceps",5539,46674,5829,NA,125598,14.8,52.1,"TL",NA,NA,636,"unsexed",0.0148,NA,3.07,1,NA,NA,NA,NA,0.0141000002622604,0.0154999997466803,3.04999995231628,3.07999992370605,"type I linear regression",NA,"Mariana Archipelago / 2011-2016.",NA,"580",NA,65,2021-12-07,NA,2021-12-07,NA,NA,NA
"Kyphosus cinerascens",5805,7666,6100,NA,83530,26,28.6,"TL",NA,NA,2,"unsexed",0.0179,NA,3,NA,NA,NA,NA,NA,NA,NA,NA,NA,"several L-W pairs with b=3","fresh","'Raiatea Lagoon, Tokushima",NA,"392","Length type presumably total length.",3,2010-02-10,NA,2010-02-11,NA,NA,NA
"Kyphosus cinerascens",5805,39513,6100,NA,107958,19.2,50.7,"FL",NA,NA,768,"unsexed",0.0306,NA,2.94,0.98,NA,NA,NA,NA,0.0278999991714954,0.033500000834465,2.91000008583069,2.97000002861023,"Type I linear regression","fresh","2009-2013",NA,"316",NA,65,2017-04-18,NA,2017-04-18,NA,NA,NA
"Kyphosus cinerascens",5805,46666,6100,NA,125598,15.5,44.4,"FL",NA,NA,915,"unsexed",0.0235,NA,3.01,0.99,NA,NA,NA,NA,0.0217000003904104,0.0253999996930361,2.99000000953674,3.03999996185303,"type I linear regression",NA,"Mariana Archipelago / 2011-2016.",NA,"580",NA,65,2021-12-07,NA,2021-12-07,NA,NA,NA
"Kyphosus cinerascens",5805,46953,6100,NA,125599,16.2,53,"FL",NA,NA,679,"unsexed",0.0324,NA,2.92,0.99,NA,NA,NA,NA,0.0296999998390675,0.0353999994695187,2.90000009536743,2.95000004768372,"type I linear regression",NA,"2010 - 2015",NA,"016",NA,65,2022-02-10,NA,2022-02-10,NA,NA,NA
"Kyphosus cinerascens",5805,46719,6100,NA,125700,15.8,30.7,"FL",NA,NA,38,"mixed",0.0294,NA,2.94,0.979,NA,NA,NA,NA,0.0186999998986721,0.0461999997496605,2.78999996185303,3.07999992370605,"Type I linear regression","fresh","Kavieng, New Ireland Province (2015)",125700,"598",NA,2,2022-01-31,NA,2022-01-31,NA,NA,NA
"Labroides dimidiatus",5459,7284,5729,362,26587,4.5,10,"TL",NA,NA,28,"unsexed",0.00761,NA,3.105,0.94868,NA,NA,NA,NA,NA,NA,NA,NA,"type I linear regression","fresh","lagoon",26587,"540","Update of estimate in Ref. 5525.",3,1993-06-17,3,1998-05-23,NA,NA,NA
"Labroides dimidiatus",5459,7285,5729,362,52323,NA,NA,"TL",NA,NA,NA,"mixed",0.0043,NA,3.179,NA,NA,NA,NA,NA,NA,NA,NA,NA,"type I linear regression","fresh","Presumably Philippines.",NA,"608",NA,1,2005-12-12,NA,2005-12-12,NA,NA,NA
"Labroides dimidiatus",5459,7286,5729,362,55787,4.5,11.3,"FL",NA,NA,36,"mixed",0.00585,NA,3.23093,0.96236,NA,NA,NA,NA,NA,NA,NA,NA,"type I linear regression","fresh",NA,55787,"540","Error:  10.1%",1531,2005-12-06,NA,2005-12-06,NA,NA,NA
"Lethrinus harak",1851,4386,2047,328,26587,6,32,"FL",NA,NA,101,"unsexed",0.0178,NA,3.026,0.99401,NA,NA,NA,NA,NA,NA,NA,NA,"type I linear regression","fresh","lagoon",26587,"540","Update of estimate in Ref. 5525.",3,1993-06-16,3,1998-05-20,NA,NA,NA
"Lethrinus harak",1851,4387,2047,328,52323,NA,NA,"TL",NA,NA,NA,"mixed",0.0154,NA,3.043,NA,NA,NA,NA,NA,NA,NA,NA,NA,"type I linear regression","fresh","Presumably Philippines.",NA,"608",NA,1,2005-12-12,NA,2005-12-12,NA,NA,NA
"Lethrinus harak",1851,4388,2047,328,55787,6,32,"FL",NA,NA,111,"mixed",0.01701,NA,3.04226,0.99401,NA,NA,NA,NA,NA,NA,NA,NA,"type I linear regression","fresh",NA,55787,"540","Error:  6.1%",1531,2005-12-06,NA,2005-12-06,NA,NA,NA
"Lethrinus harak",1851,39577,2047,NA,107958,13.3,29.9,"FL",NA,NA,258,"unsexed",0.0281,NA,2.89,0.94,NA,NA,NA,NA,0.0214000009000301,0.0370000004768372,2.80999994277954,2.98000001907349,"Type I linear regression","fresh","2009-2013",NA,"316",NA,65,2017-04-19,NA,2017-04-19,NA,NA,NA
"Lethrinus harak",1851,37270,2047,NA,108462,7,27,"SL",NA,NA,59,"unsexed",0.0238,NA,3.059,0.99,NA,NA,NA,NA,0.0188999995589256,0.0299999993294477,2.97900009155273,3.14000010490417,"Type I linear regression","fresh","Davao Gulf / 2009-2012",NA,"608",NA,65,2016-08-30,NA,2016-08-30,NA,NA,NA
"Lethrinus harak",1851,41992,2047,NA,118794,11.6,36.5,"TL",NA,NA,273,"unsexed",0.015,NA,3,0.976,NA,NA,NA,NA,NA,NA,NA,NA,"Type I linear regression","fresh","Palawan / 1998-2014",118794,"608",NA,2448,2018-10-31,NA,2018-10-31,NA,NA,NA
"Lethrinus harak",1851,46956,2047,NA,125599,19.9,54.9,"FL",NA,NA,280,"unsexed",0.0317,NA,2.83,0.97,NA,NA,NA,NA,0.0258000008761883,0.0388999991118908,2.76999998092651,2.90000009536743,"type I linear regression",NA,"2010 - 2015",NA,"016",NA,65,2022-02-10,NA,2022-02-10,NA,NA,NA
"Lethrinus semicinctus",1849,4383,2045,328,26587,3,29,"FL",NA,NA,154,"unsexed",0.0134,NA,3.072,0.98605,NA,NA,NA,NA,NA,NA,NA,NA,"type I linear regression","fresh","lagoon",26587,"540","Update of estimate in Ref. 5525.",3,1993-06-17,3,1998-05-20,NA,NA,NA
"Lethrinus semicinctus",1849,4384,2045,328,55787,3,29,"FL",NA,NA,155,"mixed",0.01181,NA,3.11678,0.98605,NA,NA,NA,NA,NA,NA,NA,NA,"type I linear regression","fresh",NA,55787,"540","Error:  8.6%",1531,2005-12-06,NA,2005-12-06,NA,NA,NA
"Lethrinus xanthochilus",1852,4389,2048,328,26587,22,62.5,"FL",NA,NA,57,"unsexed",0.024,NA,2.915,0.98406,NA,NA,NA,NA,NA,NA,NA,NA,"type I linear regression","fresh","lagoon",26587,"540","Update of estimate in Ref. 5525.",3,1993-06-17,3,1998-05-20,NA,NA,NA
"Lethrinus xanthochilus",1852,4390,2048,328,55787,22,62.5,"FL",NA,NA,59,"mixed",0.02007,NA,2.9639,0.98406,NA,NA,NA,NA,NA,NA,NA,NA,"type I linear regression","fresh",NA,55787,"540","Error:  7.7%",1531,2005-12-06,NA,2005-12-06,NA,NA,NA
"Lethrinus xanthochilus",1852,39523,2048,NA,107958,21.5,58.4,"FL",NA,NA,271,"unsexed",0.0179,NA,3,0.99,NA,NA,NA,NA,0.015599999576807,0.0206000003963709,2.96000003814697,3.02999997138977,"Type I linear regression","fresh","2009-2013",NA,"316",NA,65,2017-04-18,NA,2017-04-18,NA,NA,NA
"Lethrinus xanthochilus",1852,46959,2048,NA,125599,19.8,52.5,"FL",NA,NA,2190,"unsexed",0.028,NA,2.85,0.97,NA,NA,NA,NA,0.0258000008761883,0.0303000006824732,2.82999992370605,2.88000011444092,"type I linear regression",NA,"2010 - 2015",NA,"016",NA,65,2022-02-10,NA,2022-02-10,NA,NA,NA
"Lutjanus argentimaculatus",1407,3613,1456,323,3678,NA,NA,"TL",NA,NA,NA,"unsexed",0.0071,NA,3.18,NA,NA,NA,NA,NA,NA,NA,NA,NA,"type I linear regression","fresh",NA,3670,"710",NA,3,1992-05-31,3,1995-09-18,NA,NA,NA
"Lutjanus argentimaculatus",1407,3614,1456,323,13622,48,82,"TL",NA,NA,37,"unsexed",0.0054,NA,3.206,NA,NA,NA,NA,NA,NA,NA,NA,NA,"type I linear regression","fresh",NA,160,"548",NA,3,1997-12-03,NA,1998-05-22,NA,NA,NA
"Lutjanus argentimaculatus",1407,3615,1456,323,26587,5.5,67.5,"FL",NA,NA,365,"unsexed",0.0336,NA,2.792,0.98605,NA,NA,NA,NA,NA,NA,NA,NA,"type I linear regression","fresh","lagoon",26587,"540","Update of estimate in Ref. 5525.",3,1993-06-16,3,1998-06-16,NA,NA,NA
"Lutjanus argentimaculatus",1407,3616,1456,323,37813,7.9,54,"SL",NA,NA,8,"unsexed",0.0459,NA,2.823,0.994,NA,NA,NA,NA,NA,NA,NA,NA,"type I linear regression","fresh","estuaries, 1993-99",37813,"710",NA,3,2011-09-30,NA,2011-09-30,NA,NA,NA
"Lutjanus argentimaculatus",1407,3617,1456,323,55787,5.5,68,"FL",NA,NA,308,"mixed",0.028,NA,2.84426,0.99401,NA,NA,NA,NA,NA,NA,NA,NA,"type I linear regression","fresh",NA,55787,"540","Error:  5.6%",1531,2005-12-06,NA,2005-12-06,NA,NA,NA
"Lutjanus argentimaculatus",1407,39530,1456,NA,107958,31.4,68.7,"FL",NA,NA,85,"unsexed",0.0188,NA,2.96,0.98,NA,NA,NA,NA,0.013399999588728,0.0263999998569489,2.86999988555908,3.04999995231628,"Type I linear regression","fresh","2009-2013",NA,"316",NA,65,2017-04-18,NA,2017-04-18,NA,NA,NA
"Lutjanus argentimaculatus",1407,37278,1456,NA,108462,16.5,57,"SL",NA,NA,14,"unsexed",0.0548,NA,2.818,0.996,NA,NA,NA,NA,0.0375000014901161,0.0802000015974045,2.70499992370605,2.93099999427795,"Type I linear regression","fresh","Davao Gulf / 2009-2012",NA,"608",NA,65,2016-08-30,NA,2016-08-30,NA,NA,NA
"Lutjanus argentimaculatus",1407,46518,1456,NA,115154,13,58,"TL",NA,NA,291,"unsexed",0.0295,NA,2.8353,0.93,NA,NA,NA,NA,NA,NA,NA,NA,"type I linear regression",NA,"Bushehr coastal waters / 2006-2008.",NA,"364","Coordinates: 28.1731, 51.1268",65,2021-11-02,NA,2021-11-02,NA,NA,NA
"Lutjanus argentimaculatus",1407,41969,1456,NA,118794,16.5,42.6,"TL",NA,NA,13,"unsexed",0.029,NA,2.81,0.996,NA,NA,NA,NA,NA,NA,NA,NA,"Type I linear regression","fresh","Palawan / 1998-2014",118794,"582",NA,2448,2018-10-31,NA,2018-10-31,NA,NA,NA
"Lutjanus argentimaculatus",1407,43635,1456,NA,119023,NA,NA,"TL",NA,NA,67,"unsexed",0.01265,NA,3.023,0.89,0.778999984264374,0.131999999284744,NA,NA,NA,NA,NA,NA,"type I or II with correction",NA,"Western Australia: North Coast, 2011-2016.",NA,"036",NA,65,2020-04-30,NA,2020-05-05,NA,NA,NA
"Lutjanus argentimaculatus",1407,43636,1456,NA,119023,NA,NA,"TL",NA,NA,73,"unsexed",0.01625,NA,2.9556,0.92,0.60699999332428,0.101999998092651,NA,NA,NA,NA,NA,NA,"type I or II with correction",NA,"Western Australia: Statewide, 2011-2016.",NA,"036",NA,65,2020-04-30,NA,2020-05-05,NA,NA,NA
"Lutjanus bohar",1417,3625,1468,323,3084,26,75,"FL",NA,NA,31,"unsexed",0.0121,NA,3.12,0.99002,NA,NA,NA,NA,NA,NA,NA,NA,"type I linear regression","fresh",NA,3084,"580","Significant allometric growth (P=0.05).",3,1992-03-28,1,1994-06-19,NA,NA,NA
"Lutjanus bohar",1417,3626,1468,323,26587,4,75,"FL",NA,NA,479,"unsexed",0.017,NA,3.035,0.98208,NA,NA,NA,NA,NA,NA,NA,NA,"type I linear regression","fresh","lagoon",26587,"540","Update of estimate in Ref. 5525.",3,1993-06-16,3,1998-05-19,NA,NA,NA
"Lutjanus bohar",1417,3627,1468,323,55787,4,75,"FL",NA,NA,510,"mixed",0.01563,NA,3.05865,0.99401,NA,NA,NA,NA,NA,NA,NA,NA,"type I linear regression","fresh",NA,55787,"540","Error:  6%",1531,2005-12-06,NA,2005-12-06,NA,NA,NA
"Lutjanus bohar",1417,46960,1468,NA,125599,13.8,69,"FL",NA,NA,166,"unsexed",0.0248,NA,2.92,0.99,NA,NA,NA,NA,0.0209999997168779,0.0293000005185604,2.88000011444092,2.97000002861023,"type I linear regression",NA,"2010 - 2015",NA,"016",NA,65,2022-02-10,NA,2022-02-10,NA,NA,NA
"Lutjanus fulvus",262,1211,276,323,26587,4,31,"FL",NA,NA,331,"unsexed",0.0243,NA,2.928,0.99002,NA,NA,NA,NA,NA,NA,NA,NA,"type I linear regression","fresh","lagoon",26587,"540","Update of estimate in Ref. 5525.",3,1993-06-16,3,1998-05-20,NA,NA,NA
"Lutjanus fulvus",262,1212,276,323,55787,4,31,"FL",NA,NA,318,"mixed",0.02106,NA,2.97433,0.98804,NA,NA,NA,NA,NA,NA,NA,NA,"type I linear regression","fresh",NA,55787,"540","Error:  8.3%",1531,2005-12-06,NA,2005-12-06,NA,NA,NA
"Lutjanus fulvus",262,36792,276,NA,107757,10.2,23.3,"FL",NA,NA,124,"unsexed",0.0134,NA,3.1,1,NA,NA,NA,NA,NA,NA,NA,NA,"Type I linear regression","fresh","Kamaili Wildlife Management Area",NA,"598",NA,65,2016-05-10,NA,2016-05-10,NA,NA,NA
"Lutjanus fulvus",262,39531,276,NA,107958,18.1,29.6,"FL",NA,NA,91,"unsexed",0.0134,NA,3.12,0.94,NA,NA,NA,NA,0.00803000014275312,0.0221999995410442,2.95000004768372,3.27999997138977,"Type I linear regression","fresh","2009-2013",NA,"316",NA,65,2017-04-18,NA,2017-04-18,NA,NA,NA
"Lutjanus fulvus",262,37282,276,NA,108462,7.3,26.5,"SL",NA,NA,35,"unsexed",0.0385,NA,2.933,0.993,NA,NA,NA,NA,0.0306000001728535,0.0487999990582466,2.84500002861023,3.01999998092651,"Type I linear regression","fresh","Davao Gulf / 2009-2012",NA,"608",NA,65,2016-08-30,NA,2016-08-30,NA,NA,NA
"Lutjanus fulvus",262,38473,276,NA,111300,3.3,20.5,"FL",NA,NA,87,"unsexed",0.0333,NA,3.09,0.99,NA,NA,NA,NA,0.0315000005066395,0.0351999998092651,3.04999995231628,3.11999988555908,"Type I linear regression","fresh","Hawaiian islands / 2012-2014",NA,"840B",NA,65,2016-11-03,NA,2016-11-03,NA,NA,NA
"Lutjanus fulvus",262,46961,276,NA,125599,12.2,36.6,"FL",NA,NA,495,"unsexed",0.027,NA,2.88,0.96,NA,NA,NA,NA,0.0230000000447035,0.0315999984741211,2.82999992370605,2.94000005722046,"type I linear regression",NA,"2010 - 2015",NA,"016",NA,65,2022-02-10,NA,2022-02-10,NA,NA,NA
"Lutjanus gibbus",265,1215,279,323,26587,15.5,40.5,"FL",NA,NA,501,"unsexed",0.0153,NA,3.091,0.97023,NA,NA,NA,NA,NA,NA,NA,NA,"type I linear regression","fresh","lagoon",26587,"540","Update of estimate in Ref. 5525.",3,1993-06-16,3,2008-10-29,NA,NA,NA
"Lutjanus gibbus",265,1216,279,323,50467,NA,NA,"TL",NA,NA,38,"unsexed",0.04,NA,2.58,0.88925,NA,NA,NA,NA,NA,NA,NA,NA,"type I linear regression","fresh","Lake Albufera, 2002 (spring)",50467,"724",NA,3,2008-10-29,NA,2008-10-29,NA,NA,NA
"Lutjanus gibbus",265,1217,279,323,50467,NA,NA,"TL",NA,NA,17,"unsexed",0.042,NA,2.68,0.85933,NA,NA,NA,NA,NA,NA,NA,NA,"type I linear regression","fresh","Lake Albufera, 2000 (summer)",50467,"724",NA,3,2008-10-29,NA,2008-10-29,NA,NA,NA
"Lutjanus gibbus",265,1218,279,323,55787,14.2,40.5,"FL",NA,NA,515,"mixed",0.0131,NA,3.138,0.98208,NA,NA,NA,NA,NA,NA,NA,NA,"type I linear regression","fresh",NA,55787,"540","Error:  6.3%",1531,2005-12-06,3,2008-10-29,NA,NA,NA
"Lutjanus gibbus",265,37340,279,NA,107674,15.1,31.2,"FL",NA,NA,NA,"mixed",0.011,NA,3.14,0.94,NA,NA,NA,NA,NA,NA,NA,NA,"type I linear regression","fresh","Bunaken Marine Park, North Sulawesi, 2014",107674,"360",NA,3,2016-08-31,NA,2016-08-31,NA,NA,NA
"Lutjanus gibbus",265,39532,279,NA,107958,17.2,43.5,"FL",NA,NA,1231,"unsexed",0.0176,NA,3.06,0.97,NA,NA,NA,NA,0.0160000007599592,0.0194000005722046,3.02999997138977,3.08999991416931,"Type I linear regression","fresh","2009-2013",NA,"316",NA,65,2017-04-18,NA,2017-04-18,NA,NA,NA
"Lutjanus gibbus",265,37283,279,NA,108462,8.5,38,"SL",NA,NA,13,"unsexed",0.0296,NA,3.047,0.989,NA,NA,NA,NA,0.0156999994069338,0.0557000003755093,2.83599996566772,3.25799989700317,"Type I linear regression","fresh","Davao Gulf / 2009-2012",NA,"608",NA,65,2016-08-30,NA,2016-08-30,NA,NA,NA
"Lutjanus gibbus",265,39440,279,NA,114793,19.8,33.5,"FL",NA,NA,109,"mixed",0.0286,NA,2.9,0.969,NA,NA,NA,NA,0.0208000000566244,0.0394000001251698,2.79999995231628,3,"Type I linear regression","fresh","Pohnpei State (Jul-Aug 2016)",114793,"583",NA,2,2017-03-30,NA,2017-03-30,NA,NA,NA
"Lutjanus gibbus",265,41348,279,NA,116899,NA,NA,"FL",NA,NA,NA,"mixed",0.00266,NA,3.58,NA,NA,NA,NA,NA,NA,NA,NA,NA,"type I linear regression","fresh","Great Barrier Reef and eastern Torres Strait",116899,"036",NA,3,2018-01-31,NA,2018-01-31,NA,NA,NA
"Lutjanus gibbus",265,46962,279,NA,125599,17,56.8,"FL",NA,NA,2296,"unsexed",0.0399,NA,2.8,0.96,NA,NA,NA,NA,0.0368999987840652,0.0430999994277954,2.77999997138977,2.8199999332428,"type I linear regression",NA,"2010 - 2015",NA,"016",NA,65,2022-02-10,NA,2022-02-10,NA,NA,NA
"Lutjanus gibbus",265,49138,279,NA,127365,25.3,48.5,"TL",NA,NA,128,"male",0.04496,NA,2.68679,0.93,NA,NA,NA,NA,0.0247900001704693,0.0815400034189224,2.51799988746643,2.85599994659424,"Type I linear regression","fresh","Southwest coast / 2017-2019.",NA,"356",NA,65,2022-10-17,NA,2022-10-17,NA,NA,NA
"Lutjanus monostigma",166,783,180,323,26587,25,43.5,"FL",NA,NA,13,"unsexed",0.0184,NA,2.97,0.94673,NA,NA,NA,NA,NA,NA,NA,NA,"type I linear regression","fresh",NA,26587,"540",NA,3,1998-05-20,NA,1998-05-20,NA,NA,NA
"Lutjanus monostigma",166,784,180,323,55787,25,53.5,"FL",NA,NA,15,"mixed",0.02218,NA,2.91252,0.9722,NA,NA,NA,NA,NA,NA,NA,NA,"type I linear regression","fresh",NA,55787,"540","Error:  9.4%",1531,2005-12-06,NA,2005-12-06,NA,NA,NA
"Lutjanus monostigma",166,46964,180,NA,125599,20.2,49,"FL",NA,NA,239,"unsexed",0.0266,NA,2.86,0.97,NA,NA,NA,NA,0.0218000002205372,0.032600000500679,2.79999995231628,2.91000008583069,"type I linear regression",NA,"2010 - 2015",NA,"016",NA,65,2022-02-10,NA,2022-02-10,NA,NA,NA
"Macolor macularis",186,39535,200,NA,107958,20.8,58.2,"FL",NA,NA,523,"unsexed",0.0274,NA,2.91,0.98,NA,NA,NA,NA,0.0240000002086163,0.031300000846386,2.88000011444092,2.95000004768372,"Type I linear regression","fresh","2009-2013",NA,"316",NA,65,2017-04-18,NA,2017-04-18,NA,NA,NA
"Macolor niger",187,868,201,323,30504,56.5,56.5,"TL",NA,NA,1,"unsexed",0.01453,NA,3,NA,NA,NA,NA,NA,NA,NA,NA,NA,"single L-W pair with b=3","fresh",NA,NA,NA,"Estimated from length-weight pairs in the BRAINS table.",1,1999-06-15,NA,1999-06-15,NA,NA,NA
"Macolor niger",187,869,201,323,30504,NA,NA,"SL",NA,"Yes",1,"unsexed",0.03076,NA,3,NA,NA,NA,NA,NA,NA,NA,NA,NA,"single L-W pair with b=3","fresh",NA,NA,NA,"Estimated from length-weight pairs in the BRAINS table.",1,1999-06-15,NA,1999-06-15,NA,NA,NA
"Macolor niger",187,39536,201,NA,107958,20.2,53.7,"FL",NA,NA,293,"unsexed",0.0217,NA,2.97,0.99,NA,NA,NA,NA,0.0188999995589256,0.0249000005424023,2.9300000667572,3.00999999046326,"Type I linear regression","fresh","2009-2013",NA,"316",NA,65,2017-04-18,NA,2017-04-18,NA,NA,NA
"Macolor niger",187,46967,201,NA,125599,16.7,51.4,"FL",NA,NA,104,"unsexed",0.0131,NA,3.12,0.99,NA,NA,NA,NA,0.0102000003680587,0.0168999992311001,3.04999995231628,3.19000005722046,"type I linear regression",NA,"2010 - 2015",NA,"016",NA,65,2022-02-10,NA,2022-02-10,NA,NA,NA
"Monotaxis grandoculis",1869,4407,2065,328,3807,NA,NA,NA,NA,NA,NA,"unsexed",0.036,NA,2.851,0.99202,NA,NA,NA,NA,NA,NA,NA,NA,"type I linear regression","fresh","Woleai Atoll, Yap State, 1991",3807,"583","condition factor = 2.316",3,1992-06-14,NA,1994-01-31,NA,NA,NA
"Monotaxis grandoculis",1869,10127,2065,328,26587,4,45,"FL",NA,NA,54,"unsexed",0.0239,NA,3.011,0.998,NA,NA,NA,NA,NA,NA,NA,NA,"type I linear regression","fresh","lagoon",26587,"540","Update of estimate in Ref. 5525.",3,1993-06-17,65,2011-07-15,NA,NA,NA
"Monotaxis grandoculis",1869,4408,2065,328,55787,4,45,"FL",NA,NA,63,"mixed",0.02296,NA,3.02223,0.998,NA,NA,NA,NA,NA,NA,NA,NA,"type I linear regression","fresh",NA,55787,"540","Error:  7.3%",1531,2005-12-06,NA,2017-03-30,NA,NA,NA
"Monotaxis grandoculis",1869,39524,2065,NA,107958,15,48,"FL",NA,NA,1581,"unsexed",0.043,NA,2.84,0.99,NA,NA,NA,NA,0.0408999994397163,0.0452999994158745,2.82999992370605,2.85999989509583,"Type I linear regression","fresh","2009-2013",NA,"316",NA,65,2017-04-18,NA,2017-04-18,NA,NA,NA
"Monotaxis grandoculis",1869,39439,2065,NA,114793,18.1,33,"FL",NA,NA,14,"female",0.0534,NA,2.77,0.994,NA,NA,NA,NA,0.034400001168251,0.0829000025987625,2.63000011444092,2.90000009536743,"Type I linear regression","fresh","Pohnpei State (Jul-Aug 2016)",114793,"583",NA,2,2017-03-30,NA,2017-03-30,NA,NA,NA
"Monotaxis grandoculis",1869,39438,2065,NA,114793,19.5,44.5,"FL",NA,NA,16,"male",0.044,NA,2.84,0.997,NA,NA,NA,NA,0.033100001513958,0.0586000010371208,2.75,2.92000007629395,"Type I linear regression","fresh","Pohnpei State (Jul-Aug 2016)",114793,"583",NA,2,2017-03-30,NA,2017-03-30,NA,NA,NA
"Monotaxis grandoculis",1869,41996,2065,NA,118794,14,57,"FL",NA,NA,69,"unsexed",0.013,NA,2.8,0.986,NA,NA,NA,NA,NA,NA,NA,NA,"Type I linear regression","fresh","Palawan / 1998-2014",118794,"608",NA,2448,2018-10-31,NA,2018-10-31,NA,NA,NA
"Monotaxis grandoculis",1869,43132,2065,NA,121521,11,34,"SL",NA,NA,23,"unsexed",0.0364,NA,3.025,0.995,NA,NA,NA,NA,0.0272000003606081,0.0493000000715256,2.92300009727478,3.12400007247925,"Type I linear regression",NA,"Davao Gulf / 2009-2012, 2016.",NA,"608",NA,65,2020-01-23,NA,2020-01-23,NA,NA,NA
"Monotaxis grandoculis",1869,46968,2065,NA,125599,16.5,46,"FL",NA,NA,674,"unsexed",0.0314,NA,2.93,0.99,NA,NA,NA,NA,0.0287999995052814,0.0342000015079975,2.91000008583069,2.96000003814697,"type I linear regression",NA,"2010 - 2015",NA,"016",NA,65,2022-02-10,NA,2022-02-10,NA,NA,NA
"Mulloidichthys flavolineatus",5983,7753,6292,332,26587,10,19.5,"FL",NA,NA,30,"unsexed",0.0152,NA,2.992,0.94868,NA,NA,NA,NA,NA,NA,NA,NA,"type I linear regression","fresh","lagoon",26587,"540","Update of estimate in Ref. 5525.",3,1993-06-17,3,1998-05-21,NA,NA,NA
"Mulloidichthys flavolineatus",5983,7754,6292,332,48600,9.9,30.3,"TL",NA,NA,316,"unsexed",0.00886,NA,3.0602,0.91968,NA,NA,NA,NA,NA,NA,NA,NA,"type I linear regression","fresh","Lakshadweep lagoons, 1993-97",48600,"356",NA,3,2003-09-24,NA,2003-09-24,NA,NA,NA
"Mulloidichthys flavolineatus",5983,7755,6292,332,55787,10,19.5,"FL",NA,NA,24,"mixed",0.01197,NA,3.10109,0.9044,NA,NA,NA,NA,NA,NA,NA,NA,"type I linear regression","fresh",NA,55787,"540","Error:  7.6%",1531,2005-12-06,NA,2005-12-06,NA,NA,NA
"Mulloidichthys flavolineatus",5983,37130,6292,NA,68980,13,27,"TL",NA,NA,37,"female",0.089,NA,2.366,0.817,NA,NA,NA,NA,NA,NA,NA,NA,"Type I linear regression","fresh","Guiuan, Samar (Dec 1983-Nov 1984)",68980,"608","Mean length = 18.72 cm TL.",2,2016-08-03,NA,2016-08-03,NA,NA,NA
"Mulloidichthys flavolineatus",5983,37129,6292,NA,68980,13,27,"TL",NA,NA,23,"male",0.027,NA,2.731,0.719,NA,NA,NA,NA,NA,NA,NA,NA,"Type I linear regression","fresh","Guiuan, Samar (Dec 1983-Nov 1984)",68980,"608","Mean length = 19.07 cm TL.",2,2016-08-03,NA,2016-08-03,NA,NA,NA
"Mulloidichthys flavolineatus",5983,39545,6292,NA,107958,13.5,29,"FL",NA,NA,143,"unsexed",0.0364,NA,2.77,0.85,NA,NA,NA,NA,0.0199999995529652,0.066200003027916,2.57999992370605,2.96000003814697,"Type I linear regression","fresh","2009-2013",NA,"316",NA,65,2017-04-18,NA,2017-04-18,NA,NA,NA
"Mulloidichthys flavolineatus",5983,37293,6292,NA,108462,13,19.5,"SL",NA,NA,16,"unsexed",0.0442,NA,2.762,0.944,NA,NA,NA,NA,0.0151000004261732,0.129199996590614,2.37599992752075,3.1470000743866,"Type I linear regression","fresh","Davao Gulf / 2009-2012",NA,"608",NA,65,2016-08-31,NA,2016-08-31,NA,NA,NA
"Mulloidichthys flavolineatus",5983,38477,6292,NA,111300,6.3,20.9,"FL",NA,NA,95,"unsexed",0.026,NA,3.21,0.98,NA,NA,NA,NA,0.022299999371171,0.0303000006824732,3.09999990463257,3.30999994277954,"Type I linear regression","fresh","Hawaiian islands / 2012-2014",NA,"840B",NA,65,2016-11-03,NA,2016-11-03,NA,NA,NA
"Mulloidichthys flavolineatus",5983,43429,6292,NA,121845,11,33.4,"TL",NA,NA,839,"unsexed",0.0058,NA,3.1821,0.969,NA,NA,NA,NA,NA,NA,3.14000010490417,3.22000002861023,NA,NA,"Hurghada fishing area, Red Sea / 2016.",NA,"818",NA,65,2020-03-09,NA,2020-03-09,NA,NA,NA
"Mulloidichthys flavolineatus",5983,46658,6292,NA,125598,8.3,31.4,"FL",NA,NA,2798,"unsexed",0.0138,NA,3.05,0.99,NA,NA,NA,NA,0.013399999588728,0.0142000000923872,3.01999998092651,3.05999994277954,"type I linear regression",NA,"Mariana Archipelago / 2011-2016.",NA,"580",NA,65,2021-12-07,NA,2021-12-07,NA,NA,NA
"Mulloidichthys vanicolensis",5984,7756,6293,332,52849,14,39,"TL",NA,NA,108,"female",0.0145,NA,2.905,0.98406,NA,NA,NA,NA,NA,NA,NA,NA,"type I linear regression","fresh","lagoon, 1988",52849,"480",NA,3,2005-01-30,NA,2005-01-30,NA,NA,NA
"Mulloidichthys vanicolensis",5984,7757,6293,332,52849,10,33,"TL",NA,NA,124,"male",0.0099,NA,3.015,0.95844,NA,NA,NA,NA,NA,NA,NA,NA,"type I linear regression","fresh","lagoon, 1988",52849,"480",NA,3,2005-01-30,NA,2005-01-30,NA,NA,NA
"Mulloidichthys vanicolensis",5984,39546,6293,NA,107958,13.6,28,"FL",NA,NA,50,"unsexed",0.0221,NA,2.96,0.94,NA,NA,NA,NA,0.0165999997407198,0.0295000001788139,2.86999988555908,3.05999994277954,"Type I linear regression","fresh","2009-2013",NA,"316",NA,65,2017-04-18,NA,2017-04-18,NA,NA,NA
"Mulloidichthys vanicolensis",5984,41998,6293,NA,118794,25.3,31,"TL",NA,"Yes",14,"unsexed",0.058,NA,2.51,0.565,NA,NA,NA,NA,NA,NA,NA,NA,"Type I linear regression","fresh","Palawan / 1998-2014",118794,"608",NA,2448,2018-10-31,NA,2018-10-31,NA,NA,NA
"Mulloidichthys vanicolensis",5984,43430,6293,NA,121845,15.3,31.2,"TL",NA,NA,225,"unsexed",0.0029,NA,3.4244,0.977,NA,NA,NA,NA,NA,NA,3.34999990463257,3.48000001907349,NA,NA,"Hurghada fishing area, Red Sea / 2016.",NA,"818",NA,65,2020-03-09,NA,2020-03-09,NA,NA,NA
"Mulloidichthys vanicolensis",5984,46659,6293,NA,125598,10.4,28,"FL",NA,NA,1026,"unsexed",0.0105,NA,3.19,0.99,NA,NA,NA,NA,0.00980000011622906,0.0113000003620982,3.17000007629395,3.22000002861023,"type I linear regression",NA,"Mariana Archipelago / 2011-2016.",NA,"580",NA,65,2021-12-07,NA,2021-12-07,NA,NA,NA
"Mulloidichthys vanicolensis",5984,46969,6293,NA,125599,18,39.8,"FL",NA,NA,127,"unsexed",0.0278,NA,2.88,0.93,NA,NA,NA,NA,0.0181000009179115,0.0427000001072884,2.74000000953674,3.01999998092651,"type I linear regression",NA,"2010 - 2015",NA,"016",NA,65,2022-02-10,NA,2022-02-10,NA,NA,NA
"Myripristis kuntee",7306,8184,7606,243,26587,6,14,"FL",NA,NA,81,"unsexed",0.0206,NA,3.151,0.90821,NA,NA,NA,NA,NA,NA,NA,NA,"type I linear regression","fresh","lagoon",26587,"540","Update of estimate in Ref. 5525.",3,1993-06-13,3,1998-05-17,NA,NA,NA
"Myripristis kuntee",7306,8185,7606,243,55787,6,14,"FL",NA,NA,81,"mixed",0.00991,NA,3.46765,0.90821,NA,NA,NA,NA,NA,NA,NA,NA,"type I linear regression","fresh",NA,55787,"540","Error:  13.5%",1531,2005-12-06,NA,2005-12-06,NA,NA,NA
"Myripristis violacea",7309,8188,7609,243,26587,3.5,17,"FL",NA,NA,121,"unsexed",0.0411,NA,2.903,0.98406,NA,NA,NA,NA,NA,NA,NA,NA,"type I linear regression","fresh","lagoon",26587,"540","Update of estimate in Ref. 5525.",3,1993-06-13,3,1998-05-17,NA,NA,NA
"Myripristis violacea",7309,8189,7609,243,55787,3.5,19.2,"FL",NA,NA,138,"mixed",0.0364,NA,2.94026,0.98208,NA,NA,NA,NA,NA,NA,NA,NA,"type I linear regression","fresh",NA,55787,"540","Error:  8.4%",1531,2005-12-06,NA,2005-12-06,NA,NA,NA
"Naso hexacanthus",1263,3152,1280,412,27143,5.7,53.4,"SL",NA,NA,61,"unsexed",0.0424,NA,2.854,0.998,NA,NA,NA,NA,NA,NA,NA,NA,"type I linear regression","fresh","Eastern coast, coral reefs",27143,"036",NA,3,1998-08-21,NA,2001-12-13,NA,NA,NA
"Naso hexacanthus",1263,3153,1280,412,55787,18.5,46,"FL",NA,NA,9,"mixed",0.02017,NA,2.95583,0.99202,NA,NA,NA,NA,NA,NA,NA,NA,"type I linear regression","fresh",NA,55787,"540","Error:  6.6%",1531,2005-12-06,NA,2005-12-06,NA,NA,NA
"Naso lituratus",1264,3154,1281,412,3807,NA,NA,NA,NA,NA,NA,"unsexed",0.0497,NA,2.839,0.98406,NA,NA,NA,NA,NA,NA,NA,NA,"type I linear regression","fresh","Woleai Atoll, Yap State, 1991",3807,"583","condition factor = 2.076",3,1992-06-14,NA,1994-01-27,NA,NA,NA
"Naso lituratus",1264,39497,1281,NA,107958,16,28.8,"FL",NA,NA,101,"unsexed",0.0205,NA,3.05,0.9,NA,NA,NA,NA,0.0189999993890524,0.0220999997109175,3.02999997138977,3.07999992370605,"Type I linear regression","fresh","2009-2013",NA,"316",NA,65,2017-04-17,NA,2017-04-17,NA,NA,NA
"Naso lituratus",1264,48453,1281,NA,121521,12,21,"SL",NA,NA,14,"unsexed",0.0663,NA,2.842,0.938,NA,NA,NA,NA,0.0186999998986721,0.23989999294281,2.38299989700317,3.29500007629395,"type I linear regression",NA,"Davao Gulf / 2009-2016.",NA,"608","Approximate coordinates: 7.04444, 125.693844",65,2022-07-14,NA,2022-07-14,NA,NA,NA
"Naso lituratus",1264,46974,1281,NA,125599,12.4,47.4,"FL",NA,NA,8806,"unsexed",0.0224,NA,3.02,0.93,NA,NA,NA,NA,0.0211999993771315,0.0236000008881092,3,3.03999996185303,"type I linear regression",NA,"2010 - 2015",NA,"016",NA,65,2022-02-11,NA,2022-02-11,NA,NA,NA
"Naso unicornis",1265,3155,1282,412,3807,NA,NA,NA,NA,NA,NA,"unsexed",0.0228,NA,2.922,0.95648,NA,NA,NA,NA,NA,NA,NA,NA,"type I linear regression","fresh","Woleai Atoll, Yap State, 1991",3807,"583","condition factor = 1.1794",3,1992-06-14,NA,1994-01-27,NA,NA,NA
"Naso unicornis",1265,3156,1282,412,26587,18.5,60,"FL",NA,NA,56,"unsexed",0.0216,NA,2.988,0.97812,NA,NA,NA,NA,NA,NA,NA,NA,"type I linear regression","fresh","lagoon",26587,"540","Update of estimate in Ref. 5525.",3,1993-06-19,3,1998-05-22,NA,NA,NA
"Naso unicornis",1265,3157,1282,412,26849,6.5,10.8,"TL",NA,NA,12,"unsexed",0.0328,NA,2.789,0.97614,NA,NA,NA,NA,NA,NA,NA,NA,"type I linear regression","fresh",NA,26849,"638",NA,3,1998-06-17,NA,1998-06-17,NA,NA,NA
"Naso unicornis",1265,3158,1282,412,27143,5,45.7,"SL",NA,NA,56,"unsexed",0.0592,NA,2.843,0.996,NA,NA,NA,NA,NA,NA,NA,NA,"type I linear regression","fresh","Eastern coast, coral reefs",27143,"036",NA,3,1998-08-21,NA,2001-12-13,NA,NA,NA
"Naso unicornis",1265,3159,1282,412,55787,18.5,60,"FL",NA,NA,66,"mixed",0.01788,NA,3.03545,0.97812,NA,NA,NA,NA,NA,NA,NA,NA,"type I linear regression","fresh",NA,55787,"540","Error:  6.8%",1531,2005-12-06,NA,2005-12-06,NA,NA,NA
"Naso unicornis",1265,39498,1282,NA,107958,18.6,57.2,"FL",NA,NA,779,"unsexed",0.0267,NA,2.92,0.99,NA,NA,NA,NA,0.0260000005364418,0.0274000000208616,2.92000007629395,2.9300000667572,"Type I linear regression","fresh","2009-2013",NA,"316",NA,65,2017-04-17,NA,2017-04-17,NA,NA,NA
"Naso unicornis",1265,37214,1282,NA,108462,6.2,25.5,NA,NA,NA,16,"unsexed",0.0314,NA,3.037,0.995,NA,NA,NA,NA,0.0221999995410442,0.0443000011146069,2.91300010681152,3.16100001335144,"Type I linear regression","fresh","Davao Gulf / 2009-2012",NA,"608",NA,65,2016-08-24,NA,2016-08-24,NA,NA,NA
"Naso unicornis",1265,38454,1282,NA,111300,6.3,14,"TL",NA,NA,90,"juvenile",0.0405,NA,2.89,0.96,NA,NA,NA,NA,0.0342999994754791,0.047800000756979,2.41000008583069,3.36999988555908,"Type I linear regression","fresh","Hawaiian islands / 2012-2014",NA,"840B",NA,65,2016-11-03,NA,2016-11-03,NA,NA,NA
"Naso unicornis",1265,46975,1282,NA,125599,16.4,55,"FL",NA,NA,5069,"unsexed",0.0329,NA,2.85,0.99,NA,NA,NA,NA,0.0320000015199184,0.0337999984622002,2.83999991416931,2.85999989509583,"type I linear regression",NA,"2010 - 2015",NA,"016",NA,65,2022-02-11,NA,2022-02-11,NA,NA,NA
"Neoniphon sammara",4911,6873,5144,243,26587,4.5,19,"FL",NA,NA,113,"unsexed",0.0309,NA,2.842,0.99002,NA,NA,NA,NA,NA,NA,NA,NA,"type I linear regression","fresh","lagoon",26587,"540","Update of estimate in Ref. 5525.",3,1993-06-13,3,1998-05-17,NA,NA,NA
"Neoniphon sammara",4911,6874,5144,243,48600,4.5,21.1,"TL",NA,NA,124,"unsexed",0.00489,NA,3.379,0.97812,NA,NA,NA,NA,NA,NA,NA,NA,"type I linear regression","fresh","Lakshadweep lagoons, 1993-97",48600,"356",NA,3,2003-09-05,NA,2003-09-05,NA,NA,NA
"Neoniphon sammara",4911,6875,5144,243,55787,3.5,19,"FL",NA,NA,138,"mixed",0.02762,NA,2.88835,0.99002,NA,NA,NA,NA,NA,NA,NA,NA,"type I linear regression","fresh",NA,55787,"540","Error:  7.3%",1531,2005-12-06,NA,2005-12-06,NA,NA,NA
"Neoniphon sammara",4911,49851,5144,NA,130564,14.5,21.9,"TL",NA,NA,263,"female",0.0204,NA,2.843,0.9505,NA,NA,NA,NA,NA,NA,2.72499990463257,2.96099996566772,"Type I linear regression","fresh","Hurghada/2022",NA,"818",NA,2448,2024-01-17,NA,2024-01-17,NA,NA,NA
"Neoniphon sammara",4911,49850,5144,NA,130564,14,21,"TL",NA,NA,274,"male",0.0308,NA,2.6975,0.9393,NA,NA,NA,NA,NA,NA,2.57100009918213,2.82399988174438,"Type I linear regression","fresh","Hurghada/2022",NA,"818",NA,2448,2024-01-17,NA,2024-01-17,NA,NA,NA
"Neopomacentrus violascens",5706,7584,5999,350,52323,NA,NA,"TL",NA,NA,NA,"mixed",0.0297,NA,2.868,NA,NA,NA,NA,NA,NA,NA,NA,NA,"type I linear regression","fresh","Presumably Philippines.",NA,"608",NA,1,2005-12-12,NA,2005-12-12,NA,NA,NA
"Oxycheilinus digramma",5599,7471,5891,362,30504,18,18.5,"TL",NA,NA,2,"unsexed",0.01449,NA,3,NA,NA,NA,NA,NA,NA,NA,NA,NA,"several L-W pairs with b=3","fresh",NA,NA,NA,"Estimated from length-weight pairs in the BRAINS table.",1,1999-06-15,NA,1999-06-15,NA,NA,NA
"Oxycheilinus digramma",5599,7472,5891,362,30504,15.5,16,"SL",NA,NA,2,"unsexed",0.02254,NA,3,NA,NA,NA,NA,NA,NA,NA,NA,NA,"several L-W pairs with b=3","fresh",NA,NA,NA,"Estimated from length-weight pairs in the BRAINS table.",1,1999-06-15,NA,2009-10-02,NA,NA,NA
"Oxycheilinus digramma",5599,7473,5891,NA,82366,18.5,18.5,"SL",NA,NA,1,"unsexed",0.0221,NA,3,NA,NA,NA,NA,NA,NA,NA,NA,NA,"single L-W pair with b=3","fresh","Lihir Island group (seamount), 1999-2002",82366,"598","Estimated from 1L-W pair (Table 1, Ref. 82366).",3,2009-10-02,NA,2009-10-02,NA,NA,NA
"Oxycheilinus digramma",5599,37265,5891,NA,108462,10,22,"SL",NA,NA,84,"unsexed",0.0389,NA,2.847,0.96,NA,NA,NA,NA,0.0272000003606081,0.0555999986827374,2.71900010108948,2.97499990463257,"Type I linear regression","fresh","Davao Gulf / 2009-2012",NA,"608",NA,65,2016-08-30,NA,2016-08-30,NA,NA,NA
"Oxymonacanthus longirostris",6559,8057,6880,517,30504,8.9,8.9,"TL",NA,NA,1,"unsexed",0.01319,NA,3,NA,NA,NA,NA,NA,NA,NA,NA,NA,"single L-W pair with b=3","fresh",NA,NA,NA,"Estimated from length-weight pairs in the BRAINS table.",1,1999-06-15,NA,1999-06-15,NA,NA,NA
"Oxymonacanthus longirostris",6559,8058,6880,517,30504,NA,NA,"SL",NA,NA,1,"unsexed",0.02204,NA,3,NA,NA,NA,NA,NA,NA,NA,NA,NA,"single L-W pair with b=3","fresh",NA,NA,NA,"Estimated from length-weight pairs in the BRAINS table.",1,1999-06-15,NA,1999-06-15,NA,NA,NA
"Paracirrhites arcatus",5835,45757,6132,NA,124696,3.2,12.7,"TL",NA,NA,333,"unsexed",0.01231,NA,3.172,0.982,NA,NA,NA,NA,0.0111400000751019,0.0136000001803041,3.125,3.21799993515015,"type I linear regression",NA,"Northern Line Islands / 2006-2011.",NA,NA,NA,65,2021-08-02,NA,2021-08-02,NA,NA,NA
"Paracirrhites arcatus",5835,49903,6132,NA,130794,3.4,11.8,"TL",NA,NA,215,"unsexed",0.0181,NA,3.002,0.927,NA,NA,NA,NA,0.0140000004321337,0.0232999995350838,2.88700008392334,3.11800003051758,"Type I linear regression","fresh","Society and Tuamotu Archipelagos / 2018, 2019, 2021.",NA,"258",NA,65,2024-03-20,NA,2024-03-20,NA,NA,NA
"Paracirrhites forsteri",5952,45758,6261,NA,124696,3.1,9,"TL",NA,NA,47,"unsexed",0.00727,NA,3.153,0.971,NA,NA,NA,NA,0.00557000003755093,0.00949000008404255,2.99000000953674,3.31599998474121,"type I linear regression",NA,"Northern Line Islands / 2006-2011.",NA,NA,NA,65,2021-08-02,NA,2021-08-02,NA,NA,NA
"Parapercis hexophtalma",7866,8394,8176,371,5525,NA,NA,NA,NA,NA,NA,"unsexed",0.0085,NA,3.159,0.95844,NA,NA,NA,NA,NA,NA,NA,NA,"type I linear regression","fresh","lagoon",2290,"540",NA,3,1993-06-18,3,1995-09-18,NA,NA,NA
"Parapercis hexophtalma",7866,8395,8176,371,55787,7,23,"FL",NA,NA,15,"mixed",0.00682,NA,3.15726,0.99202,NA,NA,NA,NA,NA,NA,NA,NA,"type I linear regression","fresh",NA,55787,"540","Error:  7.8%",1531,2005-12-06,NA,2005-12-06,NA,NA,NA
"Parascolopsis eriomma",5858,37306,6167,NA,108462,8.1,14,"SL",NA,NA,40,"unsexed",0.0441,NA,2.842,0.958,NA,NA,NA,NA,0.0276999995112419,0.0705000013113022,2.6470000743866,3.03699994087219,"Type I linear regression","fresh","Davao Gulf / 2009-2012",NA,"608",NA,65,2016-08-31,NA,2016-08-31,NA,NA,NA
"Parupeneus barberinoides",5986,7758,6295,332,52323,NA,NA,"TL",NA,NA,NA,"mixed",0.0123,NA,3.081,NA,NA,NA,NA,NA,NA,NA,NA,NA,"type I linear regression","fresh","Presumably Philippines.",NA,"608",NA,1,2005-12-12,NA,2005-12-12,NA,NA,NA
"Parupeneus barberinoides",5986,43134,6295,NA,121521,8.5,18,"SL",NA,NA,16,"unsexed",0.0222,NA,3.11,0.985,NA,NA,NA,NA,0.0125000001862645,0.0388999991118908,2.89299988746643,3.33200001716614,"Type I linear regression",NA,"Davao Gulf / 2009-2012, 2016.",NA,"608",NA,65,2020-01-23,NA,2020-01-23,NA,NA,NA
"Parupeneus barberinus",5987,7759,6296,332,7002,NA,NA,NA,NA,NA,72,"female",0.0194,NA,2.803,0.99401,NA,NA,NA,NA,NA,NA,NA,NA,"type I linear regression","fresh","Aqaba (seagrass bed, 10 m deep), 1982-83",7002,"400",NA,3,1994-05-29,NA,1994-05-29,NA,NA,NA
"Parupeneus barberinus",5987,7760,6296,332,7002,NA,NA,NA,NA,NA,99,"male",0.0167,NA,2.849,0.98208,NA,NA,NA,NA,NA,NA,NA,NA,"type I linear regression","fresh","Aqaba (seagrass bed, 10 m deep), 1982-83",7002,"400",NA,3,1994-05-29,NA,1994-05-29,NA,NA,NA
"Parupeneus barberinus",5987,7761,6296,332,26587,13.5,41,"FL",NA,NA,17,"unsexed",0.0151,NA,3.078,0.99401,NA,NA,NA,NA,NA,NA,NA,NA,"type I linear regression","fresh","lagoon",26587,"540","Update of estimate in Ref. 5525.",3,1993-06-17,3,1998-05-21,NA,NA,NA
"Parupeneus barberinus",5987,7762,6296,332,48600,9.6,33.6,"TL",NA,NA,111,"unsexed",0.00627,NA,3.195,0.97023,NA,NA,NA,NA,NA,NA,NA,NA,"type I linear regression","fresh","Lakshadweep lagoons, 1993-97",48600,"356",NA,3,2003-09-24,NA,2003-09-24,NA,NA,NA
"Parupeneus barberinus",5987,7763,6296,332,55787,8,41,"FL",NA,NA,19,"mixed",0.01307,NA,3.12249,0.996,NA,NA,NA,NA,NA,NA,NA,NA,"type I linear regression","fresh",NA,55787,"540","Error:  5.4%",1531,2005-12-06,NA,2005-12-06,NA,NA,NA
"Parupeneus barberinus",5987,39547,6296,NA,107958,16.2,37.4,"FL",NA,NA,822,"unsexed",0.0233,NA,2.93,0.97,NA,NA,NA,NA,0.0208999998867512,0.0261000003665686,2.89000010490417,2.96000003814697,"Type I linear regression","fresh","2009-2013",NA,"316",NA,65,2017-04-18,NA,2017-04-18,NA,NA,NA
"Parupeneus barberinus",5987,37294,6296,NA,108462,7.7,25,"SL",NA,NA,57,"unsexed",0.0317,NA,2.931,0.994,NA,NA,NA,NA,0.0265999995172024,0.0377000011503696,2.86700010299683,2.99399995803833,"Type I linear regression","fresh","Davao Gulf / 2009-2012",NA,"608",NA,65,2016-08-31,NA,2016-08-31,NA,NA,NA
"Parupeneus barberinus",5987,46660,6296,NA,125598,8.2,37.3,"FL",NA,NA,2737,"unsexed",0.0175,NA,3.01,0.99,NA,NA,NA,NA,0.017000000923872,0.0181000009179115,3,3.01999998092651,"type I linear regression",NA,"Mariana Archipelago / 2011-2016.",NA,"580",NA,65,2021-12-07,NA,2021-12-07,NA,NA,NA
"Parupeneus barberinus",5987,46701,6296,NA,125700,12.5,25.3,"FL",NA,NA,158,"mixed",0.014,NA,3.1,0.978,NA,NA,NA,NA,0.0113000003620982,0.017400000244379,3.01999998092651,3.17000007629395,"Type I linear regression","fresh","Kavieng, New Ireland Province (2015)",125700,"598","Weight range: 40-335 g (Ref. 125700).",2,2022-01-27,NA,2022-01-27,NA,NA,NA
"Parupeneus cyclostomus",5990,7769,6299,332,30504,25,25,"TL",NA,NA,1,"unsexed",0.01242,NA,3,NA,NA,NA,NA,NA,NA,NA,NA,NA,"single L-W pair with b=3","fresh",NA,NA,NA,"Estimated from length-weight pairs in the BRAINS table.",1,1999-06-15,NA,1999-06-15,NA,NA,NA
"Parupeneus cyclostomus",5990,7770,6299,332,30504,NA,NA,"SL",NA,NA,1,"unsexed",0.02425,NA,3,NA,NA,NA,NA,NA,NA,NA,NA,NA,"single L-W pair with b=3","fresh",NA,NA,NA,"Estimated from length-weight pairs in the BRAINS table.",1,1999-06-15,NA,1999-06-15,NA,NA,NA
"Parupeneus cyclostomus",5990,39548,6299,NA,107958,18.1,34.5,"FL",NA,NA,480,"unsexed",0.0136,NA,3.11,0.96,NA,NA,NA,NA,0.0113000003620982,0.0163000002503395,3.05999994277954,3.17000007629395,"Type I linear regression","fresh","2009-2013",NA,"316",NA,65,2017-04-18,NA,2017-04-18,NA,NA,NA
"Parupeneus cyclostomus",5990,43135,6299,NA,121521,11.5,31,"SL",NA,NA,31,"unsexed",0.0307,NA,2.96,0.988,NA,NA,NA,NA,0.0208999998867512,0.0450000017881393,2.83800005912781,3.08400011062622,"Type I linear regression",NA,"Davao Gulf / 2009-2012, 2016.",NA,"608",NA,65,2020-01-23,NA,2020-01-23,NA,NA,NA
"Parupeneus cyclostomus",5990,46662,6299,NA,125598,15,34.6,"FL",NA,NA,331,"unsexed",0.0152,NA,3.07,0.99,NA,NA,NA,NA,0.013399999588728,0.0173000004142523,3.02999997138977,3.10999989509583,"type I linear regression",NA,"Mariana Archipelago / 2011-2016.",NA,"580",NA,65,2021-12-07,NA,2021-12-07,NA,NA,NA
"Parupeneus multifasciatus",5993,7778,6302,332,26587,6.5,21,"FL","no","Yes",14,"unsexed",0.0915,NA,2.415,0.94284,NA,NA,NA,NA,NA,NA,NA,NA,"type I linear regression","fresh",NA,26587,"540","Update of estimate in Ref. 5525 (as <i>P. trifasciatus</i>).",3,1998-05-21,3,2012-03-30,NA,NA,NA
"Parupeneus multifasciatus",5993,7779,6302,332,55787,3.5,22.8,"FL","no",NA,53,"mixed",0.01136,NA,3.21082,0.96236,NA,NA,NA,NA,NA,NA,NA,NA,"type I linear regression","fresh",NA,55787,"540","Error:  17%",1531,2005-12-06,3,2012-03-30,NA,NA,NA
"Parupeneus multifasciatus",5993,35908,6302,NA,94645,7.2,22.8,"FL",NA,NA,50,"unsexed",0.00833,NA,3.23,NA,NA,NA,NA,NA,NA,NA,NA,NA,"type I linear regression","fresh","Hawaii",96443,"840B",NA,3,2014-06-27,NA,2014-06-27,NA,NA,NA
"Parupeneus multifasciatus",5993,37297,6302,NA,108462,7.2,19.5,"SL",NA,NA,25,"unsexed",0.0315,NA,2.907,0.971,NA,NA,NA,NA,0.0183000005781651,0.0544000007212162,2.69099998474121,3.12299990653992,"Type I linear regression","fresh","Davao Gulf / 2009-2012",NA,"608",NA,65,2016-08-31,NA,2016-08-31,NA,NA,NA
"Parupeneus multifasciatus",5993,45760,6302,NA,124696,2.7,12.3,"TL",NA,NA,51,"unsexed",0.02232,NA,3.125,0.993,NA,NA,NA,NA,0.0192399993538857,0.025900000706315,3.05200004577637,3.19899988174438,"type I linear regression",NA,"Northern Line Islands / 2006-2011.",NA,NA,NA,65,2021-08-02,NA,2021-08-02,NA,NA,NA
"Parupeneus multifasciatus",5993,46664,6302,NA,125598,11.1,27.1,"FL",NA,NA,726,"unsexed",0.0166,NA,3.07,0.94,NA,NA,NA,NA,0.0141000002622604,0.0196000002324581,3.00999999046326,3.13000011444092,"type I linear regression",NA,"Mariana Archipelago / 2011-2016.",NA,"580",NA,65,2021-12-07,NA,2021-12-07,NA,NA,NA
"Parupeneus pleurostigma",5994,7780,6303,332,30504,24.6,26,"TL",NA,NA,2,"unsexed",0.0119,NA,3,NA,NA,NA,NA,NA,NA,NA,NA,NA,"several L-W pairs with b=3","fresh",NA,NA,NA,"Estimated from length-weight pairs in the BRAINS table.",1,1999-06-15,NA,1999-06-15,NA,NA,NA
"Parupeneus pleurostigma",5994,7781,6303,332,30504,21.5,22.4,"SL",NA,NA,2,"unsexed",0.01821,NA,3,NA,NA,NA,NA,NA,NA,NA,NA,NA,"several L-W pairs with b=3","fresh",NA,NA,NA,"Estimated from length-weight pairs in the BRAINS table.",1,1999-06-15,NA,1999-06-15,NA,NA,NA
"Plagiotremus rhinorhynchos",6071,7839,6385,392,26587,6,9.5,"FL",NA,NA,16,"unsexed",0.00198,NA,3.549,0.91012,NA,NA,NA,NA,NA,NA,NA,NA,"type I linear regression","fresh",NA,26587,"540",NA,3,1998-05-21,NA,1998-05-21,NA,NA,NA
"Plagiotremus rhinorhynchos",6071,7840,6385,392,55787,6,9.5,"FL",NA,"yes",20,"mixed",0.0012,NA,3.79209,0.83357,NA,NA,NA,NA,NA,NA,NA,NA,"type I linear regression","fresh",NA,55787,"540","Error:  13.9%",1531,2005-12-06,3,2012-03-30,NA,NA,NA
"Plagiotremus tapeinosoma",6072,7841,6386,392,30504,10.7,10.7,"TL",NA,NA,1,"unsexed",0.00367,NA,3,NA,NA,NA,NA,NA,NA,NA,NA,NA,"single L-W pair with b=3","fresh",NA,NA,NA,"Estimated from length-weight pairs in the BRAINS table.",1,1999-06-15,NA,1999-06-15,NA,NA,NA
"Plagiotremus tapeinosoma",6072,7842,6386,392,30504,NA,NA,"SL",NA,NA,1,"unsexed",0.00559,NA,3,NA,NA,NA,NA,NA,NA,NA,NA,NA,"single L-W pair with b=3","fresh",NA,NA,NA,"Estimated from length-weight pairs in the BRAINS table.",1,1999-06-15,NA,1999-06-15,NA,NA,NA
"Plagiotremus tapeinosoma",6072,7843,6386,392,55787,5.5,9,"FL",NA,NA,10,"mixed",0.00566,NA,2.90832,0.84824,NA,NA,NA,NA,NA,NA,NA,NA,"type I linear regression","fresh",NA,55787,"540","Error:  15.9%",1531,2005-12-06,NA,2005-12-06,NA,NA,NA
"Plectroglyphidodon dickii",5709,7586,6002,350,52323,NA,NA,"TL",NA,NA,NA,"mixed",0.0612,NA,2.747,NA,NA,NA,NA,NA,NA,NA,NA,NA,"type I linear regression","fresh","Presumably Philippines.",NA,"608",NA,1,2005-12-12,NA,2005-12-12,NA,NA,NA
"Plectroglyphidodon dickii",5709,45762,6002,NA,124696,2.8,11.6,"TL",NA,NA,98,"unsexed",0.02486,NA,2.95,0.981,NA,NA,NA,NA,0.0211399998515844,0.0292399991303682,2.86700010299683,3.03299999237061,"type I linear regression",NA,"Northern Line Islands / 2006-2011.",NA,NA,NA,65,2021-08-02,NA,2021-08-02,NA,NA,NA
"Plectroglyphidodon fasciolatus",4347,37189,4532,NA,55787,8.5,12,"FL",NA,"Yes",11,"Unsexed",0.0028,NA,4.063,0.805,NA,NA,NA,NA,NA,NA,NA,NA,"type I linear regression","fresh",NA,55787,"540","error: 11.7%",3,2016-08-11 20:39:06,3,2016-08-11 20:58:44,NA,NA,NA
"Plectroglyphidodon johnstonianus",5711,7587,6004,350,26849,6.1,8.5,"TL","No",NA,33,"unsexed",0.0612,NA,2.635,0.82084,NA,NA,NA,NA,NA,NA,NA,NA,"type I linear regression","fresh",NA,26849,"638",NA,3,1998-06-17,NA,1998-06-17,NA,NA,NA
"Plectropomus laevis",7372,8231,7672,289,40637,107,107,"TL",NA,NA,1,"unsexed",0.0198,NA,3,NA,NA,NA,NA,NA,NA,NA,NA,NA,"single L-W pair with b=3","fresh",NA,NA,NA,"L-W relationship calculated from data in Ref. 40637.",3,2002-04-12,NA,2002-04-13,NA,NA,NA
"Plectropomus laevis",7372,8232,7672,289,55787,18.1,95,"FL",NA,NA,17,"mixed",0.00591,NA,3.23774,0.99202,NA,NA,NA,NA,NA,NA,NA,NA,"type I linear regression","fresh",NA,55787,"540","Error:  8.6%",1531,2005-12-06,NA,2005-12-06,NA,NA,NA
"Plectropomus laevis",7372,41359,7672,NA,116899,NA,NA,"FL",NA,NA,NA,"mixed",0.00616,NA,3.21,NA,NA,NA,NA,NA,NA,NA,NA,NA,"type I linear regression","fresh","Great Barrier Reef and eastern Torres Strait",116899,"036",NA,3,2018-01-31,NA,2018-01-31,NA,NA,NA
"Plectropomus leopardus",4826,6758,5055,289,2160,5,54,"SL",NA,NA,60,"unsexed",0.0114,NA,3.2,NA,NA,NA,NA,NA,NA,NA,NA,NA,"type I linear regression","fresh","Heron Is., Great Barrier Reef, 1971",2160,"036","a & b computed from Fig. 3 in Ref. 2160.",3,1992-03-18,32,1994-04-27,NA,NA,NA
"Plectropomus leopardus",4826,6759,5055,289,7069,NA,NA,"FL",NA,NA,NA,"unsexed",0.0079,NA,3.157,0.96629,NA,NA,NA,NA,NA,NA,NA,NA,"type I linear regression","fresh","Lizard Is., Great Barrier Reef, 1990-92",7069,"036",NA,3,1994-06-10,NA,1996-07-26,NA,NA,NA
"Plectropomus leopardus",4826,6760,5055,289,26587,24,91,"FL",NA,NA,138,"unsexed",0.0119,NA,3.057,0.98208,NA,NA,NA,NA,NA,NA,NA,NA,"type I linear regression","fresh","lagoon",26587,"540","Update of estimate in Ref. 5525.",3,1993-06-13,3,1998-05-17,NA,NA,NA
"Plectropomus leopardus",4826,6761,5055,289,55787,10.7,91,"FL",NA,NA,191,"mixed",0.01175,NA,3.05954,0.99002,NA,NA,NA,NA,NA,NA,NA,NA,"type I linear regression","fresh",NA,55787,"540","Error:  7.1%",1531,2005-12-06,NA,2005-12-06,NA,NA,NA
"Plectropomus leopardus",4826,39569,5055,NA,107958,36.4,90.7,"TL",NA,NA,77,"unsexed",0.00846,NA,3.16,0.99,NA,NA,NA,NA,0.00640999991446733,0.0111999996006489,3.08999991416931,3.22000002861023,"Type I linear regression","fresh","2009-2013",NA,"316",NA,65,2017-04-19,NA,2017-04-19,NA,NA,NA
"Plectropomus leopardus",4826,38523,5055,NA,108462,17,51,"SL",NA,NA,18,"unsexed",0.023,NA,3.046,0.982,NA,NA,NA,NA,0.0113000003620982,0.0471000000834465,2.82699990272522,3.26600003242493,"Type I linear regression","fresh","Davao Gulf / 2009-2012",NA,"608",NA,65,2016-11-09,NA,2016-11-09,NA,NA,NA
"Plectropomus leopardus",4826,41390,5055,NA,116899,NA,NA,"FL",NA,"Yes",NA,"mixed",0.00478,NA,3.3,NA,NA,NA,NA,NA,NA,NA,NA,NA,"type I linear regression","fresh","Great Barrier Reef and eastern Torres Strait",116899,"036",NA,3,2018-01-31,NA,2018-01-31,NA,NA,NA
"Plectropomus leopardus",4826,43682,5055,NA,119023,NA,NA,"TL",NA,NA,27,"unsexed",0.02048,NA,2.8963,0.87,1.41600000858307,0.226999998092651,NA,NA,NA,NA,NA,NA,"type I or II with correction",NA,"Western Australia: West Coast, 2011-2016.",NA,"036",NA,65,2020-04-30,NA,2020-05-05,NA,NA,NA
"Plectropomus leopardus",4826,43683,5055,NA,119023,NA,NA,"TL",NA,NA,29,"unsexed",0.02273,NA,2.8653,0.89,1.20000004768372,0.19200000166893,NA,NA,NA,NA,NA,NA,"type I or II with correction",NA,"Western Australia: Statewide, 2011-2016.",NA,"036",NA,65,2020-04-30,NA,2020-05-05,NA,NA,NA
"Plectropomus leopardus",4826,48384,5055,NA,126445,20,57.1,"SL",NA,NA,849,"unsexed",0.22,NA,2.23,0.88,NA,NA,NA,NA,NA,NA,NA,NA,"Type I linear regression","fresh","Sarappo Islands/2017",126445,"360","Sampling was conducted from February to October 2017.",2448,2022-06-28,NA,2022-06-28,NA,NA,NA
"Pomacanthus imperator",6504,8025,6825,460,30504,27.5,36,"TL",NA,NA,2,"unsexed",0.02758,NA,3,NA,NA,NA,NA,NA,NA,NA,NA,NA,"several L-W pairs with b=3","fresh",NA,NA,NA,"Estimated from length-weight pairs in the BRAINS table.",1,1999-06-15,NA,1999-06-15,NA,NA,NA
"Pomacanthus imperator",6504,8026,6825,460,30504,24,32,"SL",NA,"Yes",2,"unsexed",0.04036,NA,3,NA,NA,NA,NA,NA,NA,NA,NA,NA,"several L-W pairs with b=3","fresh",NA,NA,NA,"Estimated from length-weight pairs in the BRAINS table.",1,1999-06-15,NA,1999-06-15,NA,NA,NA
"Pomacanthus imperator",6504,8027,6825,460,52323,NA,NA,"TL",NA,NA,NA,"mixed",0.0371,NA,2.968,NA,NA,NA,NA,NA,NA,NA,NA,NA,"type I linear regression","fresh","Presumably Philippines.",NA,"608",NA,1,2005-12-12,NA,2005-12-12,NA,NA,NA
"Pomacanthus imperator",6504,41638,6825,NA,54838,2.59,29.6,"SL",NA,NA,200,"mixed",0.0959,NA,2.77,0.951,NA,NA,NA,NA,NA,NA,NA,NA,"Type I linear regression","fresh","Dongsha Islands (20°42'N; 121°43'E), South China Sea",54838,"156","LW plot includes what might be an influential outlier large  female and some very small juveniles.",3,2018-04-03,NA,2018-04-03,NA,NA,NA
"Pomacanthus imperator",6504,48737,6825,NA,126920,NA,NA,"TL",NA,NA,NA,"female",0.003,NA,2.772,0.878,NA,NA,NA,NA,NA,NA,NA,NA,"Type I linear regression","fresh","Shimoni and Kilifi/2014-2015",126920,"404",NA,2448,2022-08-20,NA,2022-08-20,NA,NA,NA
"Pomacanthus imperator",6504,48736,6825,NA,126920,NA,NA,"TL",NA,NA,NA,"male",0.022,NA,3.083,0.825,NA,NA,NA,NA,NA,NA,NA,NA,"Type I linear regression","fresh","Shimoni and Kilifi/2014-2015",126920,"404",NA,2448,2022-08-20,NA,2022-08-20,NA,NA,NA
"Pomacentrus brachialis",5718,7590,6011,350,26587,4,9.5,"FL","yes",NA,13,"unsexed",0.0135,NA,3.312,0.97812,NA,NA,NA,NA,NA,NA,NA,NA,"type I linear regression","fresh","lagoon",26587,"540","Update of estimate in Ref. 5525.",3,1993-06-29,3,2012-03-30,NA,NA,NA
"Pomacentrus brachialis",5718,7591,6011,350,52323,NA,NA,"TL",NA,NA,NA,"mixed",0.0066,NA,3.312,NA,NA,NA,NA,NA,NA,NA,NA,NA,"type I linear regression","fresh","Presumably Philippines.",NA,"608",NA,1,2005-12-12,NA,2005-12-12,NA,NA,NA
"Pomacentrus brachialis",5718,7592,6011,350,55787,4,9.5,"FL",NA,NA,13,"mixed",0.0116,NA,3.38668,0.97812,NA,NA,NA,NA,NA,NA,NA,NA,"type I linear regression","fresh",NA,55787,"540","Error:  10.5%",1531,2005-12-06,NA,2005-12-06,NA,NA,NA
"Pomacentrus coelestis",5720,7593,6013,350,26177,1.8,7.9,"TL",NA,NA,133,"unsexed",0.037,NA,2.63,0.9722,NA,NA,NA,NA,NA,NA,NA,NA,"type I linear regression","fresh","Malatapay, Negros Oriental, 1995",26177,"608",NA,3,1998-02-26,NA,1998-02-26,NA,NA,NA
"Pomacentrus coelestis",5720,45763,6013,NA,124696,1.8,6.8,"TL",NA,NA,135,"unsexed",0.01289,NA,3.073,0.973,NA,NA,NA,NA,0.0114200003445148,0.0145699996501207,2.98499989509583,3.16000008583069,"type I linear regression",NA,"Northern Line Islands / 2006-2011.",NA,NA,NA,65,2021-08-02,NA,2021-08-02,NA,NA,NA
"Pomacentrus moluccensis",5724,7596,6017,350,26587,3,8,"FL",NA,NA,83,"unsexed",0.0703,NA,2.646,0.91012,NA,NA,NA,NA,NA,NA,NA,NA,"type I linear regression","fresh","lagoon",26587,"540","Update of estimate in Ref. 5525.",3,1993-06-17,3,1998-05-21,NA,NA,NA
"Pomacentrus moluccensis",5724,7597,6017,350,55787,5,7.6,"FL",NA,NA,38,"mixed",0.03045,NA,3.01211,0.81541,NA,NA,NA,NA,NA,NA,NA,NA,"type I linear regression","fresh",NA,55787,"540","Error:  10.4%",1531,2005-12-06,NA,2005-12-06,NA,NA,NA
"Pomacentrus philippinus",5727,7600,6020,350,26587,3.5,10,"FL",NA,NA,88,"unsexed",0.0508,NA,2.707,0.76038,NA,NA,NA,NA,NA,NA,NA,NA,"type I linear regression","fresh","lagoon",26587,"540","Update of estimate in Ref. 5525.",3,1993-06-17,3,1998-05-21,NA,NA,NA
"Pomacentrus philippinus",5727,7601,6020,350,52323,NA,NA,"TL",NA,NA,NA,"mixed",0.0113,NA,2.681,NA,NA,NA,NA,NA,NA,NA,NA,NA,"type I linear regression","fresh","Presumably Philippines.",NA,"608",NA,1,2005-12-12,NA,2005-12-12,NA,NA,NA
"Pomacentrus philippinus",5727,7602,6020,350,55787,3.5,9.5,"FL",NA,NA,73,"mixed",0.02314,NA,3.05761,0.94478,NA,NA,NA,NA,NA,NA,NA,NA,"type I linear regression","fresh",NA,55787,"540","Error:  10.8%",1531,2005-12-06,NA,2005-12-06,NA,NA,NA
"Pomacentrus vaiuli",5730,7604,6023,350,26587,2.5,8.5,"FL",NA,NA,80,"unsexed",0.0619,NA,2.628,0.95063,NA,NA,NA,NA,NA,NA,NA,NA,"type I linear regression","fresh","lagoon",26587,"540","Update of estimate in Ref. 5525.",3,1993-06-17,3,1998-05-21,NA,NA,NA
"Pomacentrus vaiuli",5730,7605,6023,350,52323,NA,NA,"TL",NA,NA,NA,"mixed",0.0373,NA,2.89,NA,NA,NA,NA,NA,NA,NA,NA,NA,"type I linear regression","fresh","Presumably Philippines.",NA,"608",NA,1,2005-12-12,NA,2005-12-12,NA,NA,NA
"Pomacentrus vaiuli",5730,7606,6023,350,55787,2.5,8.5,"FL",NA,NA,84,"mixed",0.0472,NA,2.77525,0.94673,NA,NA,NA,NA,NA,NA,NA,NA,"type I linear regression","fresh",NA,55787,"540","Error:  13.1%",1531,2005-12-06,NA,2005-12-06,NA,NA,NA
"Priacanthus hamrur",5791,7657,6086,303,26587,4.5,38,"FL",NA,NA,100,"unsexed",0.0325,NA,2.775,0.99002,NA,NA,NA,NA,NA,NA,NA,NA,"type I linear regression","fresh","lagoon",26587,"540","Update of estimate in Ref. 5525.",3,1993-06-13,3,1998-05-18,NA,NA,NA
"Priacanthus hamrur",5791,37210,6086,NA,49326,14,27.7,"TL",NA,NA,284,"mixed",0.0175,NA,2.856,0.989,NA,NA,NA,NA,NA,NA,NA,NA,"Type I linear regression","fresh","West coast, 7°N to 20°N (1999-2001)",49326,"356",NA,2,2016-08-19,NA,2016-08-19,NA,NA,NA
"Priacanthus hamrur",5791,40967,6086,NA,55634,15.8,28.5,"TL",NA,NA,165,"female",0.02,NA,2.787,0.9,NA,NA,NA,NA,NA,NA,NA,NA,"Type I linear regression","fresh","Southern coast of Karnataka / 1999-2001",NA,"356",NA,65,2017-09-28,NA,2017-09-28,NA,NA,NA
"Priacanthus hamrur",5791,40966,6086,NA,55634,17,26.8,"TL",NA,NA,38,"male",0.017,NA,2.905,0.97,NA,NA,NA,NA,NA,NA,NA,NA,"Type I linear regression","fresh","Southern coast of Karnataka / 1999-2001",NA,"356",NA,65,2017-09-28,NA,2017-09-28,NA,NA,NA
"Priacanthus hamrur",5791,7658,6086,303,55787,4.5,33,"FL",NA,NA,106,"mixed",0.02997,NA,2.80085,0.99002,NA,NA,NA,NA,NA,NA,NA,NA,"type I linear regression","fresh",NA,55787,"540","Error:  5.7%",1531,2005-12-06,NA,2005-12-06,NA,NA,NA
"Pseudanthias squamipinnis",6568,8067,6889,289,30504,3.7,9,"SL","no",NA,3,"unsexed",0.0569,NA,2.65,0.998,NA,NA,NA,NA,NA,NA,NA,NA,"type I linear regression","fresh",NA,NA,NA,"Estimated from length-weight pairs in the BRAINS table.",1,1999-06-15,3,2012-03-30,NA,NA,NA
"Pseudobalistes fuscus",4466,6107,4663,445,26587,26,57,"FL","Yes","Yes",46,"unsexed",0.232,NA,2.452,0.95063,NA,NA,NA,NA,NA,NA,NA,NA,"type I linear regression","fresh","lagoon",540,"540","Update of estimate in Ref. 5525.",3,1993-06-23,3,1998-05-22,NA,NA,NA
"Pseudobalistes fuscus",4466,6108,4663,445,55787,16.3,58,"FL",NA,NA,76,"mixed",0.07255,NA,2.76028,0.97812,NA,NA,NA,NA,NA,NA,NA,NA,"type I linear regression","fresh",NA,55787,"540","Error:  6.2%",1531,2005-12-06,NA,2005-12-06,NA,NA,NA
"Pterocaesio digramma",933,2469,949,459,26587,8,15.5,"FL",NA,"yes",82,"juvenile",0.00794,NA,3.283,0.98208,NA,NA,NA,NA,NA,NA,NA,NA,"type I linear regression","fresh","lagoon",26587,"540","Update of estimate in Ref. 5525.",3,1993-06-16,3,2012-03-30,NA,NA,NA
"Pterocaesio digramma",933,2470,949,459,55787,8,15.5,"FL",NA,NA,82,"mixed",0.00691,NA,3.34132,0.98208,NA,NA,NA,NA,NA,NA,NA,NA,"type I linear regression","fresh",NA,55787,"540","Error:  5.2%",1531,2005-12-06,NA,2005-12-06,NA,NA,NA
"Pterocaesio digramma",933,37227,949,NA,108462,14.5,20,"SL",NA,"Yes",18,"unsexed",0.0057,NA,3.519,0.96,NA,NA,NA,NA,0.0020000000949949,0.0164000000804663,3.13899993896484,3.8989999294281,"Type I linear regression","fresh","Davao Gulf / 2009-2012",NA,"608",NA,65,2016-08-25,NA,2016-08-25,NA,NA,NA
"Pterocaesio tile",939,2472,955,459,30504,22.3,23.6,"TL",NA,NA,3,"unsexed",0.01121,NA,3,NA,NA,NA,NA,NA,NA,NA,NA,NA,"several L-W pairs with b=3","fresh",NA,NA,NA,"Estimated from length-weight pairs in the BRAINS table.",1,1999-06-15,NA,1999-06-15,NA,NA,NA
"Pterocaesio tile",939,2473,955,459,30504,19,20.5,"SL",NA,NA,3,"unsexed",0.01743,NA,3,NA,NA,NA,NA,NA,NA,NA,NA,NA,"several L-W pairs with b=3","fresh",NA,NA,NA,"Estimated from length-weight pairs in the BRAINS table.",1,1999-06-15,NA,1999-06-15,NA,NA,NA
"Pterocaesio tile",939,37229,955,NA,108462,5.7,17,"SL",NA,NA,18,"unsexed",0.013,NA,3.268,0.998,NA,NA,NA,NA,0.0107000004500151,0.0156999994069338,3.19000005722046,3.34500002861023,"Type I linear regression","fresh","Davao Gulf / 2009-2012",NA,"608",NA,65,2016-08-25,NA,2016-08-25,NA,NA,NA
"Pterocaesio trilineata",1886,10172,2082,459,26587,6,14,"FL",NA,NA,93,"unsexed",0.0124,NA,3.112,0.97417,NA,NA,NA,NA,NA,NA,NA,NA,"type I linear regression","fresh","lagoon",26587,"540","Update of estimate in Ref. 5525.",3,1993-06-16,65,2011-07-15,NA,NA,NA
"Pterocaesio trilineata",1886,10174,2082,459,55787,6,15,"FL",NA,NA,94,"mixed",0.01065,NA,3.17784,0.97417,NA,NA,NA,NA,NA,NA,NA,NA,"type I linear regression","fresh",NA,55787,"540","Error:  6.8%",1531,2005-12-06,65,2011-07-15,NA,NA,NA
"Pterois volitans",5195,39947,6124,NA,100732,9,35,"TL",NA,"Yes",455,"unsexed",0.104,NA,3.3,0.98,NA,NA,NA,NA,0.0989999994635582,0.109999999403954,3.35999989509583,3.33999991416931,"Type I linear regression","fresh","Parque Nacional Arrecife Alacranes / 2010-2011",NA,"484",NA,65,2017-05-10,NA,2017-05-10,NA,NA,NA
"Pterois volitans",5195,43055,6124,NA,104259,9,38.9,"TL",NA,NA,776,"unsexed",0.011,NA,3.33,0.97,NA,0.017000000923872,NA,NA,NA,NA,3.29999995231628,3.36999988555908,"Type I linear regression",NA,"southern Gulf of Mexico / 2010-2012.",NA,"484",NA,65,2020-01-21,NA,2020-01-21,NA,NA,NA
"Pterois volitans",5195,41635,6124,NA,117481,2.7,39.1,"TL",NA,NA,1991,"mixed",0.00521,NA,3.24,0.97,NA,NA,NA,NA,NA,NA,NA,NA,"Type I linear regression","fresh","Little Cayman / 2011.",NA,"136",NA,65,2018-03-23,NA,2018-03-23,NA,NA,NA
"Pterois volitans",5195,42795,6124,NA,118187,15.7,39.5,"TL",NA,NA,125,"unsexed",0.0036,NA,3.3,0.95,NA,NA,NA,NA,0.00300000002607703,0.00499999988824129,3.17000007629395,3.42000007629395,"Type I linear regression",NA,"Reserva de la Biosfera Banco Chinchorro / 2013.",NA,"484",NA,65,2019-10-25,NA,2019-10-25,NA,NA,NA
"Pterois volitans",5195,42794,6124,NA,118187,1,36.67,"TL",NA,NA,324,"unsexed",0.004,NA,3.27,0.98,NA,NA,NA,NA,0.00400000018998981,0.00499999988824129,3.22000002861023,3.3199999332428,"Type I linear regression",NA,"Reserva de la Biosfera Banco Chinchorro / 2012.",NA,"484",NA,65,2019-10-25,NA,2019-10-25,NA,NA,NA
"Pterois volitans",5195,42796,6124,NA,118187,10,39.5,"TL",NA,NA,449,"unsexed",0.0041,NA,3.25,0.97,NA,NA,NA,NA,0.00400000018998981,0.00499999988824129,3.20000004768372,3.29999995231628,"Type I linear regression",NA,"Reserva de la Biosfera Banco Chinchorro / 2012-2013.",NA,"484",NA,65,2019-10-25,NA,2019-10-25,NA,NA,NA
"Pterois volitans",5195,42799,6124,NA,118187,6,38,"TL",NA,NA,149,"unsexed",0.0041,NA,3.25,0.97,NA,NA,NA,NA,0.00300000002607703,0.00499999988824129,3.17000007629395,3.32999992370605,"Type I linear regression",NA,"Parque Nacional Arrecifes de Xcalak / 2012.",NA,"484",NA,65,2019-10-25,NA,2019-10-25,NA,NA,NA
"Pterois volitans",5195,42801,6124,NA,118187,6,38,"TL",NA,NA,368,"unsexed",0.0049,NA,3.19,0.98,NA,NA,NA,NA,0.00400000018998981,0.00499999988824129,3.14000010490417,3.23000001907349,"Type I linear regression",NA,"Parque Nacional Arrecifes de Xcalak / 2012-2013.",NA,"484",NA,65,2019-10-25,NA,2019-10-25,NA,NA,NA
"Pterois volitans",5195,42800,6124,NA,118187,7,37.8,"TL",NA,NA,219,"unsexed",0.0052,NA,3.16,0.98,NA,NA,NA,NA,0.00499999988824129,0.00600000005215406,3.10999989509583,3.21000003814697,"Type I linear regression",NA,"Parque Nacional Arrecifes de Xcalak / 2013.",NA,"484",NA,65,2019-10-25,NA,2019-10-25,NA,NA,NA
"Pterois volitans",5195,42931,6124,NA,121172,6,38,"TL",NA,NA,934,"unsexed",0.00453,NA,3.34,0.98,NA,NA,NA,NA,NA,NA,NA,NA,"Type I linear regression",NA,"northern Gulf of Mexico / 2013-2014",NA,"840",NA,65,2019-11-14,NA,2019-11-14,NA,NA,NA
"Pygoplites diacanthus",6572,8068,6893,460,30504,NA,NA,"SL",NA,NA,1,"unsexed",0.00514,NA,3,NA,NA,NA,NA,NA,NA,NA,NA,NA,"single L-W pair with b=3","fresh",NA,NA,NA,"Estimated from length-weight pairs in the BRAINS table.",1,1999-06-15,NA,1999-06-15,NA,NA,NA
"Pygoplites diacanthus",6572,8069,6893,460,30504,12.3,12.3,"TL",NA,NA,1,"unsexed",0.02762,NA,3,NA,NA,NA,NA,NA,NA,NA,NA,NA,"single L-W pair with b=3","fresh",NA,NA,NA,"Estimated from length-weight pairs in the BRAINS table.",1,1999-06-15,NA,1999-06-15,NA,NA,NA
"Rhinecanthus aculeatus",5839,7683,6136,445,3807,NA,NA,NA,NA,NA,NA,"unsexed",0.0179,NA,3.1,0.95258,NA,NA,NA,NA,NA,NA,NA,NA,"type I linear regression","fresh","Woleai Atoll, Yap State, 1991",3807,"583","condition factor = 2.394",3,1992-06-15,NA,1994-01-27,NA,NA,NA
"Rhinecanthus aculeatus",5839,7684,6136,445,48600,2.3,16.5,"TL",NA,"yes",36,"unsexed",0.0522,NA,2.641,0.95063,NA,NA,NA,NA,NA,NA,NA,NA,"type I linear regression","fresh","Lakshadweep lagoons, 1993-97",48600,"356",NA,3,2003-09-05,NA,2003-09-05,NA,NA,NA
"Sargocentron caudimaculatum",4907,37254,5140,NA,108462,10,15,"SL",NA,NA,18,"unsexed",0.0391,NA,2.941,0.927,NA,NA,NA,NA,0.0135000003501773,0.113399997353554,2.50500011444092,3.37700009346008,"Type I linear regression","fresh","Davao Gulf / 2009-2012",NA,"608",NA,65,2016-08-30,NA,2016-08-30,NA,NA,NA
"Sargocentron spiniferum",6507,8028,6828,243,26587,11.5,31.5,"FL",NA,NA,116,"unsexed",0.0236,NA,2.981,0.94868,NA,NA,NA,NA,NA,NA,NA,NA,"type I linear regression","fresh","lagoon",26587,"540","Update of estimate in Ref. 5525.",3,1993-06-13,3,1998-05-17,NA,NA,NA
"Sargocentron spiniferum",6507,8029,6828,243,55787,11.5,31.5,"FL",NA,NA,122,"mixed",0.01541,NA,3.11881,0.95063,NA,NA,NA,NA,NA,NA,NA,NA,"type I linear regression","fresh",NA,55787,"540","Error:  9%",1531,2005-12-06,NA,2005-12-06,NA,NA,NA
"Sargocentron spiniferum",6507,39511,6828,NA,107958,16,32.6,"FL",NA,NA,616,"unsexed",0.0238,NA,3,0.95,NA,NA,NA,NA,0.0198999997228384,0.0285000000149012,2.94000005722046,3.05999994277954,"Type I linear regression","fresh","2009-2013",NA,"316",NA,65,2017-04-18,NA,2017-04-18,NA,NA,NA
"Sargocentron spiniferum",6507,46638,6828,NA,125598,13.1,36.5,"FL",NA,NA,1029,"unsexed",0.028,NA,2.94,0.97,NA,NA,NA,NA,0.0253999996930361,0.0308999996632338,2.90000009536743,2.97000002861023,"type I linear regression",NA,"Mariana Archipelago / 2011-2016.",NA,"580",NA,65,2021-12-06,NA,2021-12-06,NA,NA,NA
"Sargocentron spiniferum",6507,46979,6828,NA,125599,12.7,36,"FL",NA,NA,692,"unsexed",0.0307,NA,2.91,0.98,NA,NA,NA,NA,0.0276999995112419,0.0339000001549721,2.88000011444092,2.94000005722046,"type I linear regression",NA,"2010 - 2015",NA,"016",NA,65,2022-02-11,NA,2022-02-11,NA,NA,NA
"Sargocentron spiniferum",6507,47782,6828,NA,125969,10.8,25.2,"TL",NA,NA,387,"unsexed",0.0165,NA,3.082,0.961,NA,NA,NA,NA,0.00480000022798777,0.0562999993562698,2.6470000743866,3.51699995994568,"type I linear regression",NA,"Visakhapatnam coast / 2013, 2016.",NA,"356","17.63, 83.265",65,2022-05-11,NA,2022-05-11,NA,NA,NA
"Sargocentron spiniferum",6507,48365,6828,NA,126389,17.7,45.8,"TL",NA,NA,685,"unsexed",0.0172,NA,2.9818,0.98,NA,NA,NA,NA,NA,NA,2.91000008583069,3.04999995231628,"Type I linear regression","fresh","Shalateen/2018-2019",126389,"818","Sampling was conducted from March 2018 to February 2019.",2448,2022-06-23,NA,2022-06-23,NA,NA,NA
"Scarus altipinnis",5540,7397,5830,364,3807,NA,NA,NA,NA,NA,NA,"unsexed",0.0233,NA,2.98,0.99202,NA,NA,NA,NA,NA,NA,NA,NA,"type I linear regression","fresh","Woleai Atoll, Yap State, 1991",3807,"583","condition factor = 2.980",3,1992-06-14,NA,1994-01-27,NA,NA,NA
"Scarus altipinnis",5540,7398,5830,364,26587,15.5,44.5,"FL",NA,NA,11,"unsexed",0.0188,NA,3.026,0.99002,NA,NA,NA,NA,NA,NA,NA,NA,"type I linear regression","fresh",NA,26587,"540",NA,3,1998-05-21,NA,1998-05-23,NA,NA,NA
"Scarus altipinnis",5540,7399,5830,364,55787,11,44.5,"FL",NA,NA,19,"mixed",0.0184,NA,3.02932,0.99401,NA,NA,NA,NA,NA,NA,NA,NA,"type I linear regression","fresh",NA,55787,"540","Error:  6.4%",1531,2005-12-06,NA,2005-12-06,NA,NA,NA
"Scarus altipinnis",5540,39558,5830,NA,107958,20.2,46,"TL",NA,NA,2431,"unsexed",0.0206,NA,3,0.98,NA,NA,NA,NA,0.0193000007420778,0.0219999998807907,2.99000000953674,3.01999998092651,"Type I linear regression","fresh","2009-2013",NA,"316",NA,65,2017-04-19,NA,2017-04-19,NA,NA,NA
"Scarus altipinnis",5540,46676,5830,NA,125598,17,51.5,"TL",NA,NA,839,"unsexed",0.0173,NA,3.05,0.99,NA,NA,NA,NA,0.0162000004202127,0.0184000004082918,3.02999997138977,3.0699999332428,"type I linear regression",NA,"Mariana Archipelago / 2011-2016.",NA,"580",NA,65,2021-12-07,NA,2021-12-07,NA,NA,NA
"Scarus altipinnis",5540,46980,5830,NA,125599,21.6,48,"FL",NA,NA,226,"unsexed",0.023,NA,2.99,0.98,NA,NA,NA,NA,0.0185000002384186,0.0285000000149012,2.9300000667572,3.04999995231628,"type I linear regression",NA,"2010 - 2015",NA,"016",NA,65,2022-02-11,NA,2022-02-11,NA,NA,NA
"Scarus dimidiatus",4973,38498,5206,NA,108462,10,26.5,"SL",NA,NA,25,"unsexed",0.0278,NA,3.049,0.973,NA,NA,NA,NA,0.0153000000864267,0.0504000000655651,2.83100008964539,3.26799988746643,"Type I linear regression","fresh","Davao Gulf / 2009-2012",NA,"608",NA,65,2016-11-04,NA,2016-11-04,NA,NA,NA
"Scarus forsteni",5545,39559,5835,NA,107958,19,39.1,"TL",NA,NA,1302,"unsexed",0.0142,NA,3.13,0.97,NA,NA,NA,NA,0.0127999996766448,0.0156999994069338,3.09999990463257,3.16000008583069,"Type I linear regression","fresh","2009-2013",NA,"316",NA,65,2017-04-19,NA,2017-04-19,NA,NA,NA
"Scarus forsteni",5545,46981,5835,NA,125599,21.4,46.6,"FL",NA,NA,166,"unsexed",0.0541,NA,2.73,0.93,NA,NA,NA,NA,0.0355999991297722,0.0816000029444695,2.60999989509583,2.84999990463257,"type I linear regression",NA,"2010 - 2015",NA,"016",NA,65,2022-02-11,NA,2022-02-11,NA,NA,NA
"Scarus frenatus",5546,7400,5836,364,13619,10.6,29.5,"SL",NA,NA,45,"mixed",0.032,NA,3.06,0.99002,NA,NA,NA,NA,NA,NA,NA,NA,"type I linear regression","fresh","Lizard Is. (14°40'S, 145°28'E) and Outer Barrier Reefs",13619,"036",NA,3,1997-12-26,NA,2010-05-21,NA,NA,NA
"Scarus frenatus",5546,46982,5836,NA,125599,16.2,44.5,"FL",NA,NA,1781,"unsexed",0.0136,NA,3.14,0.99,NA,NA,NA,NA,0.0129000004380941,0.0144999995827675,3.11999988555908,3.16000008583069,"type I linear regression",NA,"2010 - 2015",NA,"016",NA,65,2022-02-11,NA,2022-02-11,NA,NA,NA
"Scarus globiceps",4970,6937,5203,364,30504,34.2,34.2,"TL","yes",NA,1,"unsexed",0.0155,NA,3,NA,NA,NA,NA,NA,NA,NA,NA,NA,"single L-W pair with b=3","fresh",NA,NA,NA,"Estimated from length-weight pairs in the BRAINS table.",1,1999-06-15,3,2012-03-30,NA,NA,NA
"Scarus globiceps",4970,6938,5203,364,30504,NA,NA,"SL",NA,NA,1,"unsexed",0.02981,NA,3,NA,NA,NA,NA,NA,NA,NA,NA,NA,"single L-W pair with b=3","fresh",NA,NA,NA,"Estimated from length-weight pairs in the BRAINS table.",1,1999-06-15,NA,1999-06-15,NA,NA,NA
"Scarus globiceps",4970,39561,5203,NA,107958,17.1,37.2,"TL",NA,NA,100,"unsexed",0.0162,NA,3.09,0.98,NA,NA,NA,NA,0.0121999997645617,0.0215000007301569,3,3.1800000667572,"Type I linear regression","fresh","2009-2013",NA,"316",NA,65,2017-04-19,NA,2017-04-19,NA,NA,NA
"Scarus globiceps",4970,46983,5203,NA,125599,15.5,33.9,"FL",NA,NA,1264,"unsexed",0.0193,NA,3.04,0.95,NA,NA,NA,NA,0.0172000005841255,0.0217000003904104,3,3.0699999332428,"type I linear regression",NA,"2010 - 2015",NA,"016",NA,65,2022-02-11,NA,2022-02-11,NA,NA,NA
"Scarus niger",5550,7404,5840,364,13619,11.2,27.8,"SL",NA,NA,60,"mixed",0.0316,NA,3.09,0.992,NA,NA,NA,NA,NA,NA,NA,NA,"type I linear regression","fresh","Lizard Is. (14°40'S, 145°28'E) and Outer Barrier Reefs",13619,"036",NA,3,1997-12-26,3,2010-05-21,NA,NA,NA
"Scarus niger",5550,7405,5840,364,26587,15,43,"FL","Yes",NA,13,"unsexed",0.0142,NA,3.14,0.99401,NA,NA,NA,NA,NA,NA,NA,NA,"type I linear regression","fresh",NA,26587,"540",NA,3,1998-05-21,NA,1998-05-21,NA,NA,NA
"Scarus niger",5550,7406,5840,364,55787,15,43,"FL",NA,NA,13,"mixed",0.01335,NA,3.15996,0.99401,NA,NA,NA,NA,NA,NA,NA,NA,"type I linear regression","fresh",NA,55787,"540","Error:  6%",1531,2005-12-06,NA,2005-12-06,NA,NA,NA
"Scarus niger",5550,38500,5840,NA,108462,11,26,"SL",NA,NA,18,"unsexed",0.0142,NA,3.338,0.987,NA,NA,NA,NA,0.00760000012814999,0.0266999993473291,3.11500000953674,3.56200003623962,"Type I linear regression","fresh","Davao Gulf / 2009-2012",NA,"608",NA,65,2016-11-04,NA,2016-11-04,NA,NA,NA
"Scarus niger",5550,43875,5840,NA,122350,19.8,35.5,"TL",NA,NA,18,"unsexed",0.0411,NA,2.75,0.98,NA,0.150000005960464,NA,NA,NA,NA,2.44000005722046,3.05999994277954,"Type I linear regression","fresh","Egytian Red Sea coast / 2014-2016.",NA,"818",NA,65,2020-07-28,NA,2020-07-28,NA,NA,NA
"Scarus niger",5550,46984,5840,NA,125599,17.9,44.4,"TL",NA,NA,811,"unsexed",0.0148,NA,3.13,0.98,NA,NA,NA,NA,0.0131999999284744,0.0165999997407198,3.08999991416931,3.16000008583069,"type I linear regression",NA,"2010 - 2015",NA,"016",NA,65,2022-02-11,NA,2022-02-11,NA,NA,NA
"Scarus oviceps",5551,7407,5841,364,30504,20.8,20.8,"TL",NA,NA,1,"unsexed",0.018,NA,3,NA,NA,NA,NA,NA,NA,NA,NA,NA,"single L-W pair with b=3","fresh",NA,NA,NA,"Estimated from length-weight pairs in the BRAINS table.",1,1999-06-15,NA,1999-06-15,NA,NA,NA
"Scarus oviceps",5551,7408,5841,364,30504,NA,NA,"SL",NA,NA,1,"unsexed",0.02778,NA,3,NA,NA,NA,NA,NA,NA,NA,NA,NA,"single L-W pair with b=3","fresh",NA,NA,NA,"Estimated from length-weight pairs in the BRAINS table.",1,1999-06-15,NA,1999-06-15,NA,NA,NA
"Scarus oviceps",5551,41322,5841,NA,116914,19,26,"FL",NA,NA,24,"unsexed",0.0144,NA,3.1399,0.95,NA,NA,NA,NA,NA,NA,NA,NA,"Type I linear regression","fresh","Chuuk lagoon / 2014.",NA,"583",NA,65,2018-01-31,NA,2018-01-31,NA,NA,NA
"Scarus oviceps",5551,46985,5841,NA,125599,17,44.5,"TL",NA,NA,3995,"unsexed",0.0127,NA,3.18,0.97,NA,NA,NA,NA,0.0120000001043081,0.013399999588728,3.16000008583069,3.19000005722046,"type I linear regression",NA,"2010 - 2015",NA,"016",NA,65,2022-02-11,NA,2022-02-11,NA,NA,NA
"Scarus psittacus",5553,7409,5843,364,3807,NA,NA,NA,NA,NA,NA,"unsexed",0.0114,NA,3.163,0.99002,NA,NA,NA,NA,NA,NA,NA,NA,"type I linear regression","fresh","Woleai Atoll, Yap State, 1991",3807,"583","condition factor = 1.847",3,1992-06-14,NA,1994-01-27,NA,NA,NA
"Scarus psittacus",5553,7410,5843,364,13619,10.4,19.3,"SL",NA,NA,40,"mixed",0.0483,NA,2.9,0.9801,NA,NA,NA,NA,NA,NA,NA,NA,"type I linear regression","fresh","Lizard Is. (14°40'S, 145°28'E)",13619,"036",NA,3,1997-11-23,3,2010-05-21,NA,NA,NA
"Scarus psittacus",5553,7411,5843,364,26587,6.1,15,"FL",NA,NA,13,"unsexed",0.0222,NA,2.982,0.9801,NA,NA,NA,NA,NA,NA,NA,NA,"type I linear regression","fresh",NA,26587,"540",NA,3,1998-05-21,NA,1998-05-21,NA,NA,NA
"Scarus psittacus",5553,7412,5843,364,48600,4.3,22.6,"TL",NA,NA,2149,"unsexed",0.0258,NA,2.903,0.9006,NA,NA,NA,NA,NA,NA,NA,NA,"type I linear regression","fresh","Lakshadweep lagoons, 1993-97",48600,"356",NA,3,2003-09-05,NA,2003-09-05,NA,NA,NA
"Scarus psittacus",5553,7413,5843,364,55787,6.1,15,"FL",NA,NA,21,"mixed",0.01045,NA,3.31871,0.9409,NA,NA,NA,NA,NA,NA,NA,NA,"type I linear regression","fresh",NA,55787,"540","Error:  12.9%",1531,2005-12-06,NA,2005-12-06,NA,NA,NA
"Scarus psittacus",5553,35910,5843,NA,94645,4.6,31.3,"FL",NA,NA,99,"unsexed",0.0393,NA,3.005,NA,NA,NA,NA,NA,NA,NA,NA,NA,"type I linear regression","fresh","Great Barrier Reef",52229,"036",NA,3,2014-06-27,NA,2014-06-27,NA,NA,NA
"Scarus psittacus",5553,39562,5843,NA,107958,18,34,"TL",NA,NA,209,"unsexed",0.0141,NA,3.14,0.97,NA,NA,NA,NA,0.0111999996006489,0.0178999993950129,3.05999994277954,3.21000003814697,"Type I linear regression","fresh","2009-2013",NA,"316",NA,65,2017-04-19,NA,2017-04-19,NA,NA,NA
"Scarus psittacus",5553,46986,5843,NA,125599,18.2,43,"TL",NA,NA,311,"unsexed",0.0189,NA,3.03,0.95,NA,NA,NA,NA,0.0148999998345971,0.0240000002086163,2.95000004768372,3.09999990463257,"type I linear regression",NA,"2010 - 2015",NA,"016",NA,65,2022-02-11,NA,2022-02-11,NA,NA,NA
"Scarus rubroviolaceus",5555,7414,5845,364,3807,NA,NA,NA,NA,NA,NA,"unsexed",0.0136,NA,3.109,0.99401,NA,NA,NA,NA,NA,NA,NA,NA,"type I linear regression","fresh","Woleai Atoll, Yap State, 1991",3807,"583","condition factor = 1.917",3,1992-06-15,NA,1994-01-31,NA,NA,NA
"Scarus rubroviolaceus",5555,39563,5845,NA,107958,18.7,47.8,"TL",NA,NA,1713,"unsexed",0.0114,NA,3.18,0.99,NA,NA,NA,NA,0.0107000004500151,0.0121999997645617,3.16000008583069,3.20000004768372,"Type I linear regression","fresh","2009-2013",NA,"316",NA,65,2017-04-19,NA,2017-04-19,NA,NA,NA
"Scarus rubroviolaceus",5555,38505,5845,NA,108462,14.5,31,"SL",NA,NA,11,"unsexed",0.0147,NA,3.27,0.984,NA,NA,NA,NA,0.00529999984428287,0.0408000014722347,2.95700001716614,3.58200001716614,"Type I linear regression","fresh","Davao Gulf / 2009-2012",NA,"608",NA,65,2016-11-04,NA,2016-11-04,NA,NA,NA
"Scarus rubroviolaceus",5555,46987,5845,NA,125599,17.2,54,"TL",NA,NA,4570,"unsexed",0.0115,NA,3.18,0.99,NA,NA,NA,NA,0.0110999997705221,0.0119000002741814,3.17000007629395,3.19000005722046,"type I linear regression",NA,"2010 - 2015",NA,"016",NA,65,2022-02-11,NA,2022-02-11,NA,NA,NA
"Scarus schlegeli",4975,6939,5208,364,13619,2.2,24.8,"SL",NA,NA,384,"mixed",0.0245,NA,3.12,0.99202,NA,NA,NA,NA,NA,NA,NA,NA,"type I linear regression","fresh","Lizard Is. (14°40'S, 145°28'E)",13619,"036",NA,3,1997-11-23,3,2010-05-21,NA,NA,NA
"Scarus schlegeli",4975,6940,5208,364,26587,4.5,37,"TL","no",NA,68,"unsexed",0.0309,NA,2.87,0.96432,NA,NA,NA,NA,NA,NA,NA,NA,"type I linear regression","fresh","lagoon",26587,"540","Update of estimate in Ref. 5525.",3,1993-06-18,3,2012-03-30,NA,NA,NA
"Scarus schlegeli",4975,6941,5208,364,55787,4.5,37,"FL","no",NA,75,"mixed",0.02306,NA,2.96919,0.96629,NA,NA,NA,NA,NA,NA,NA,NA,"type I linear regression","fresh",NA,55787,"540","Error:  9.7%",1531,2005-12-06,3,2012-03-30,NA,NA,NA
"Scarus schlegeli",4975,39564,5208,NA,107958,18.2,36.2,"TL",NA,NA,1618,"unsexed",0.0187,NA,3.03,0.95,NA,NA,NA,NA,0.0167999994009733,0.0208000000566244,3,3.05999994277954,"Type I linear regression","fresh","2009-2013",NA,"316",NA,65,2017-04-19,NA,2017-04-19,NA,NA,NA
"Scarus tricolor",6438,38506,6759,NA,108462,13,22,"SL",NA,NA,25,"unsexed",0.0229,NA,3.106,0.934,NA,NA,NA,NA,0.00820000004023314,0.0636000037193298,2.74900007247925,3.46300005912781,"Type I linear regression","fresh","Davao Gulf / 2009-2012",NA,"608",NA,65,2016-11-04,NA,2016-11-04,NA,NA,NA
"Scarus tricolor",6438,46988,6759,NA,125599,17,52.7,"TL",NA,NA,100,"unsexed",0.0223,NA,2.99,0.98,NA,NA,NA,NA,0.0167999994009733,0.0296000000089407,2.90000009536743,3.0699999332428,"type I linear regression",NA,"2010 - 2015",NA,"016",NA,65,2022-02-11,NA,2022-02-11,NA,NA,NA
"Scolopsis bilineata",5885,7717,6194,324,26587,4.5,19,"FL",NA,NA,63,"unsexed",0.0149,NA,3.141,0.99202,NA,NA,NA,NA,NA,NA,NA,NA,"type I linear regression","fresh","lagoon",26587,"540","Update of estimate in Ref. 5525.",3,1993-06-17,3,1998-05-20,NA,NA,NA
"Scolopsis bilineata",5885,7718,6194,324,55787,3.5,19.4,"FL",NA,NA,104,"mixed",0.01383,NA,3.17378,0.99202,NA,NA,NA,NA,NA,NA,NA,NA,"type I linear regression","fresh",NA,55787,"540","Error:  8.3%",1531,2005-12-06,NA,2005-12-06,NA,NA,NA
"Scolopsis bilineata",5885,43138,6194,NA,121521,9.6,15,"SL",NA,NA,16,"unsexed",0.0188,NA,3.232,0.966,NA,NA,NA,NA,0.00779999978840351,0.0454000011086464,2.88299989700317,3.58200001716614,"Type I linear regression",NA,"Davao Gulf / 2009-2012, 2016.",NA,"608",NA,65,2020-01-23,NA,2020-01-23,NA,NA,NA
"Siganus doliatus",4623,6531,4810,413,26587,2,22.5,"FL",NA,NA,68,"unsexed",0.0143,NA,3.164,0.99202,NA,NA,NA,NA,NA,NA,NA,NA,"type I linear regression","fresh","lagoon",26587,"540","Update of estimate in Ref. 5525.",3,1993-06-18,3,1998-05-22,NA,NA,NA
"Siganus doliatus",4623,6532,4810,413,55787,2,22.5,"FL",NA,NA,669,"mixed",0.01036,NA,3.27208,0.96236,NA,NA,NA,NA,NA,NA,NA,NA,"type I linear regression","fresh",NA,55787,"540","Error:  6.1%",1531,2005-12-06,NA,2005-12-06,NA,NA,NA
"Siganus punctatus",4621,6528,4808,413,30504,21,21,"TL",NA,NA,1,"unsexed",0.01825,NA,3,NA,NA,NA,NA,NA,NA,NA,NA,NA,"single L-W pair with b=3","fresh",NA,NA,NA,"Estimated from length-weight pairs in the BRAINS table.",1,1999-06-15,NA,1999-06-15,NA,NA,NA
"Siganus punctatus",4621,6529,4808,413,30504,NA,NA,"SL",NA,"Yes",1,"unsexed",0.0344,NA,3,NA,NA,NA,NA,NA,NA,NA,NA,NA,"single L-W pair with b=3","fresh",NA,NA,NA,"Estimated from length-weight pairs in the BRAINS table.",1,1999-06-15,NA,1999-06-15,NA,NA,NA
"Siganus punctatus",4621,6530,4808,413,55787,10,36.5,"FL",NA,NA,27,"mixed",0.00949,NA,3.27616,0.98804,NA,NA,NA,NA,NA,NA,NA,NA,"type I linear regression","fresh",NA,55787,"540","Error:  7.7%",1531,2005-12-06,NA,2005-12-06,NA,NA,NA
"Siganus punctatus",4621,39573,4808,NA,107958,16.1,32,"FL",NA,NA,1408,"unsexed",0.0199,NA,3.07,0.95,NA,NA,NA,NA,0.0177999995648861,0.0221999995410442,3.03999996185303,3.10999989509583,"Type I linear regression","fresh","2009-2013",NA,"316",NA,65,2017-04-19,NA,2017-04-19,NA,NA,NA
"Siganus punctatus",4621,38527,4808,NA,108462,4,29,"SL",NA,NA,18,"unsexed",0.0206,NA,3.207,0.999,NA,NA,NA,NA,0.0175000000745058,0.0242999996989965,3.14299988746643,3.2720000743866,"Type I linear regression","fresh","Davao Gulf / 2009-2012",NA,"608",NA,65,2016-11-09,NA,2016-11-09,NA,NA,NA
"Siganus punctatus",4621,46990,4808,NA,125599,17.8,37.2,"FL",NA,NA,261,"unsexed",0.0039,NA,3.53,0.93,NA,NA,NA,NA,0.00270000007003546,0.00579999992623925,3.42000007629395,3.65000009536743,"type I linear regression",NA,"2010 - 2015",NA,"016",NA,65,2022-02-11,NA,2022-02-11,NA,NA,NA
"Stegastes albifasciatus",4340,5972,4525,350,52323,NA,NA,"TL",NA,NA,NA,"mixed",0.0296,NA,3,NA,NA,NA,NA,NA,NA,NA,NA,NA,"type I linear regression","fresh","Presumably Philippines.",NA,"608",NA,1,2005-12-12,NA,2005-12-12,NA,NA,NA
"Stegastes nigricans",4352,5976,4537,350,26587,2.5,12.5,"FL",NA,"Yes",178,"unsexed",0.168,NA,2.367,0.7921,NA,NA,NA,NA,NA,NA,NA,NA,"type I linear regression","fresh","lagoon",26587,"540","Update of estimate in Ref. 5525.",3,1993-06-17,3,2012-11-16,NA,NA,NA
"Stegastes nigricans",4352,5977,4537,350,26849,0.7,12.6,"TL",NA,NA,2140,"unsexed",0.022,NA,3.086,0.98804,NA,NA,NA,NA,NA,NA,NA,NA,"type I linear regression","fresh",NA,26849,"638",NA,3,1998-06-17,NA,1998-06-17,NA,NA,NA
"Stegastes nigricans",4352,5978,4537,350,55787,2.5,12.5,"FL",NA,NA,182,"mixed",0.03841,NA,3.01,0.9722,NA,NA,NA,NA,NA,NA,NA,NA,"type I linear regression","fresh",NA,55787,"540","Error:  9.4%",1531,2005-12-06,NA,2005-12-06,NA,NA,NA
"Stethojulis bandanensis",5640,7520,5934,362,30504,12,12,"TL","no",NA,1,"unsexed",0.01505,NA,3,NA,NA,NA,NA,NA,NA,NA,NA,NA,"single L-W pair with b=3","fresh",NA,NA,NA,"Estimated from length-weight pairs in the BRAINS table.",1,1999-06-15,3,2012-03-30,NA,NA,NA
"Stethojulis bandanensis",5640,7521,5934,362,30504,NA,NA,"SL",NA,NA,1,"unsexed",0.02246,NA,3,NA,NA,NA,NA,NA,NA,NA,NA,NA,"single L-W pair with b=3","fresh",NA,NA,NA,"Estimated from length-weight pairs in the BRAINS table.",1,1999-06-15,NA,1999-06-15,NA,NA,NA
"Stethojulis bandanensis",5640,7522,5934,362,52323,NA,NA,"TL",NA,NA,NA,"mixed",0.0128,NA,3.077,NA,NA,NA,NA,NA,NA,NA,NA,NA,"type I linear regression","fresh","Presumably Philippines.",NA,"608",NA,1,2005-12-12,NA,2005-12-12,NA,NA,NA
"Stethojulis bandanensis",5640,7523,5934,362,55787,3,10,"FL","no",NA,23,"mixed",0.03035,NA,2.581,0.85008,NA,NA,NA,NA,NA,NA,NA,NA,"type I linear regression","fresh",NA,55787,"540","Error:  25.9%",1531,2005-12-06,3,2012-03-30,NA,NA,NA
"Stethojulis trilineata",6622,8093,6943,362,48600,7.8,16.5,"TL",NA,NA,149,"unsexed",0.00716,NA,3.257,0.93896,NA,NA,NA,NA,NA,NA,NA,NA,"type I linear regression","fresh","Lakshadweep lagoons, 1993-97",48600,"356",NA,3,2003-09-24,NA,2003-09-24,NA,NA,NA
"Sufflamen bursa",6029,7823,6343,445,30504,17.2,17.2,"TL",NA,NA,1,"unsexed",0.02162,NA,3,NA,NA,NA,NA,NA,NA,NA,NA,NA,"single L-W pair with b=3","fresh",NA,NA,NA,"Estimated from length-weight pairs in the BRAINS table.",1,1999-06-15,NA,1999-06-15,NA,NA,NA
"Sufflamen bursa",6029,7824,6343,445,30504,NA,NA,"SL",NA,"Yes",1,"unsexed",0.03259,NA,3,NA,NA,NA,NA,NA,NA,NA,NA,NA,"single L-W pair with b=3","fresh",NA,NA,NA,"Estimated from length-weight pairs in the BRAINS table.",1,1999-06-15,NA,1999-06-15,NA,NA,NA
"Sufflamen chrysopterum",5842,7687,6139,445,3807,NA,NA,NA,NA,NA,NA,"unsexed",0.0153,NA,3.152,0.9604,NA,NA,NA,NA,NA,NA,NA,NA,"type I linear regression","fresh","Woleai Atoll, Yap State, 1991",3807,"583","condition factor = 2.191",3,1992-06-15,NA,1994-01-27,NA,NA,NA
"Sufflamen chrysopterum",5842,45753,6139,NA,124696,2.7,25.5,"TL",NA,NA,71,"unsexed",0.03406,NA,2.909,0.993,NA,NA,NA,NA,0.0295000001788139,0.0392999984323978,2.84999990463257,2.96900010108948,"type I linear regression",NA,"Northern Line Islands / 2006-2011.",NA,NA,NA,65,2021-08-02,NA,2021-08-02,NA,NA,NA
"Synodus variegatus",5398,7211,5657,160,5525,5,21.5,"FL",NA,NA,20,"unsexed",0.00268,NA,3.3,0.98804,NA,NA,NA,NA,NA,NA,NA,NA,"type I linear regression","fresh","lagoon",5525,"540",NA,3,1993-06-13,3,1995-09-18,NA,NA,NA
"Synodus variegatus",5398,7212,5657,160,26587,5,22.2,"FL",NA,NA,27,"unsexed",0.00495,NA,3.316,0.98406,NA,NA,NA,NA,NA,NA,NA,NA,"type I linear regression","fresh","lagoon",26587,"540","Update of estimate in Ref. 5525.",3,1993-06-13,3,1998-05-17,NA,NA,NA
"Synodus variegatus",5398,7213,5657,160,48600,10.8,20.5,"TL",NA,NA,52,"unsexed",0.00262,NA,3.431,0.95063,NA,NA,NA,NA,NA,NA,NA,NA,"type I linear regression","fresh","Lakshadweep lagoons, 1993-97",48600,"356",NA,3,2003-09-24,NA,2003-09-24,NA,NA,NA
"Synodus variegatus",5398,7214,5657,160,55787,5,22.2,"FL",NA,NA,37,"mixed",0.00314,NA,3.4838,0.98406,NA,NA,NA,NA,NA,NA,NA,NA,"type I linear regression","fresh",NA,55787,"540","Error:  10.6%",1531,2005-12-06,NA,2005-12-06,NA,NA,NA
"Synodus variegatus",5398,38533,5657,NA,108462,10,19,"SL",NA,NA,12,"unsexed",0.0108,NA,3.115,0.967,NA,NA,NA,NA,0.00370000000111759,0.0320999994874001,2.71199989318848,3.51799988746643,"Type I linear regression","fresh","Davao Gulf / 2009-2012",NA,"608",NA,65,2016-11-09,NA,2016-11-09,NA,NA,NA
"Thalassoma amblycephalum",5642,7526,5936,362,30504,14,14,"TL",NA,NA,1,"unsexed",0.00955,NA,3,NA,NA,NA,NA,NA,NA,NA,NA,NA,"single L-W pair with b=3","fresh",NA,NA,NA,"Estimated from length-weight pairs in the BRAINS table.",1,1999-06-15,NA,1999-06-15,NA,NA,NA
"Thalassoma amblycephalum",5642,7527,5936,362,30504,NA,NA,"SL",NA,NA,1,"unsexed",0.01723,NA,3,NA,NA,NA,NA,NA,NA,NA,NA,NA,"single L-W pair with b=3","fresh",NA,NA,NA,"Estimated from length-weight pairs in the BRAINS table.",1,1999-06-15,NA,1999-06-15,NA,NA,NA
"Thalassoma amblycephalum",5642,45759,5936,NA,124696,3.1,9,"TL",NA,NA,47,"unsexed",0.00727,NA,3.153,0.971,NA,NA,NA,NA,0.00557000003755093,0.00949000008404255,2.99000000953674,3.31599998474121,"type I linear regression",NA,"Northern Line Islands / 2006-2011.",NA,NA,NA,65,2021-08-02,NA,2021-08-02,NA,NA,NA
"Thalassoma hardwicke",5643,7528,5937,362,26849,3.9,9.2,"TL",NA,NA,12,"unsexed",0.0139,NA,3.048,0.99202,NA,NA,NA,NA,NA,NA,NA,NA,"type I linear regression","fresh",NA,26849,"638",NA,3,1998-06-17,NA,1998-06-17,NA,NA,NA
"Thalassoma hardwicke",5643,7529,5937,362,48600,7.8,16.5,"TL",NA,NA,149,"unsexed",0.00716,NA,3.257,0.93993,NA,NA,NA,NA,NA,NA,NA,NA,"type I linear regression","fresh","Lakshadweep lagoons, 1993-97",48600,"356",NA,3,2003-09-05,NA,2003-09-05,NA,NA,NA
"Thalassoma hardwicke",5643,7530,5937,362,52323,NA,NA,"TL",NA,NA,NA,"mixed",0.0246,NA,2.745,NA,NA,NA,NA,NA,NA,NA,NA,NA,"type I linear regression","fresh","Presumably Philippines.",NA,"608",NA,1,2005-12-12,NA,2005-12-12,NA,NA,NA
"Thalassoma hardwicke",5643,7531,5937,362,55787,5.5,16.3,"FL",NA,NA,10,"mixed",0.01783,NA,2.97765,0.99401,NA,NA,NA,NA,NA,NA,NA,NA,"type I linear regression","fresh",NA,55787,"540","Error:  7%",1531,2005-12-06,NA,2005-12-06,NA,NA,NA
"Thalassoma lunare",5645,7534,5939,362,26587,2.8,20,"FL",NA,NA,64,"unsexed",0.0238,NA,2.749,0.98208,NA,NA,NA,NA,NA,NA,NA,NA,"type I linear regression","fresh","lagoon",26587,"540","Update of estimate in Ref. 5525.",3,1993-06-17,3,1998-05-21,NA,NA,NA
"Thalassoma lunare",5645,7535,5939,362,26849,3.9,7.5,"TL",NA,NA,11,"unsexed",0.0183,NA,2.862,0.87049,NA,NA,NA,NA,NA,NA,NA,NA,"type I linear regression","fresh",NA,26849,"638",NA,3,1998-06-17,NA,1998-06-17,NA,NA,NA
"Thalassoma lunare",5645,7536,5939,362,55787,2.8,16.5,"FL",NA,NA,85,"mixed",0.0211,NA,2.83174,0.95453,NA,NA,NA,NA,NA,NA,NA,NA,"type I linear regression","fresh",NA,55787,"540","Error:  15.4%",1531,2005-12-06,NA,2005-12-06,NA,NA,NA
"Thalassoma lunare",5645,37266,5939,NA,108462,7.2,13.5,"SL",NA,NA,18,"unsexed",0.0354,NA,2.855,0.975,NA,NA,NA,NA,0.0205000005662441,0.061099998652935,2.61299991607666,3.09599995613098,"Type I linear regression","fresh","Davao Gulf / 2009-2012",NA,"608",NA,65,2016-08-30,NA,2016-08-30,NA,NA,NA
"Thalassoma lutescens",5646,7537,5940,362,26587,4.5,16.5,"FL",NA,NA,26,"unsexed",0.0123,NA,3.077,0.98804,NA,NA,NA,NA,NA,NA,NA,NA,"type I linear regression","fresh","lagoon",26587,"540","Update of estimate in Ref. 5525.",3,1993-06-17,3,1998-05-21,NA,NA,NA
"Thalassoma lutescens",5646,7538,5940,362,55787,4.5,17.6,"FL",NA,NA,51,"mixed",0.013,NA,3.04186,0.98804,NA,NA,NA,NA,NA,NA,NA,NA,"type I linear regression","fresh",NA,55787,"540","Error:  7.6%",1531,2005-12-06,NA,2005-12-06,NA,NA,NA
"Thalassoma quinquevittatum",5648,7540,5942,362,30504,7.3,13.1,"TL",NA,NA,2,"unsexed",0.01387,NA,3,NA,NA,NA,NA,NA,NA,NA,NA,NA,"several L-W pairs with b=3","fresh",NA,NA,NA,"Estimated from length-weight pairs in the BRAINS table.",1,1999-06-15,NA,1999-06-15,NA,NA,NA
"Thalassoma quinquevittatum",5648,7541,5942,362,30504,6.6,11.5,"SL",NA,NA,2,"unsexed",0.01961,NA,3,NA,NA,NA,NA,NA,NA,NA,NA,NA,"several L-W pairs with b=3","fresh",NA,NA,NA,"Estimated from length-weight pairs in the BRAINS table.",1,1999-06-15,NA,1999-06-15,NA,NA,NA
"Triaenodon obesus",907,2445,923,11,26587,52,108,"TL",NA,NA,20,"unsexed",0.00145,NA,3.382,0.8118,NA,NA,NA,NA,NA,NA,NA,NA,"type I linear regression","fresh",NA,26587,"540",NA,3,1998-05-16,NA,2002-06-30,NA,NA,NA
"Triaenodon obesus",907,2446,923,11,55787,52,108,"FL",NA,NA,20,"mixed",0.0018,NA,3.34393,0.94284,NA,NA,NA,NA,NA,NA,NA,NA,"type I linear regression","fresh",NA,55787,"540","Error:  10.7%",1531,2005-12-06,NA,2005-12-06,NA,NA,NA
"Zanclus cornutus",5950,7740,6259,520,5525,NA,NA,NA,NA,NA,NA,"unsexed",0.0172,NA,3.171,0.9063,NA,NA,NA,NA,NA,NA,NA,NA,"type I linear regression","fresh","Woleai atoll, Yap State",3807,"583",NA,3,1993-06-18,3,1995-09-18,NA,NA,NA
"Zanclus cornutus",5950,7741,6259,520,55787,6.5,15,"FL",NA,NA,11,"mixed",0.0147,NA,3.36991,0.97023,NA,NA,NA,NA,NA,NA,NA,NA,"type I linear regression","fresh",NA,55787,"540","Error:  2%",1531,2005-12-06,NA,2005-12-06,NA,NA,NA
"Zebrasoma scopas",5951,7742,6260,412,3807,NA,NA,NA,NA,NA,NA,"unsexed",0.0129,NA,3.293,0.98406,NA,NA,NA,NA,NA,NA,NA,NA,"type I linear regression","fresh","Woleai Atoll, Yap State, 1991",3807,"583","condition factor = 2.735",3,1992-06-15,NA,1994-01-31,NA,NA,NA
"Zebrasoma scopas",5951,7743,6260,412,26587,4,16,"TL",NA,NA,89,"unsexed",0.04,NA,2.867,0.98804,NA,NA,NA,NA,NA,NA,NA,NA,"type I linear regression","fresh","lagoon",26587,"540","Update of estimate in Ref. 5525.",3,1993-06-19,3,1998-05-23,NA,NA,NA
"Zebrasoma scopas",5951,7744,6260,412,26849,3.1,10.1,"TL",NA,NA,25,"unsexed",0.0304,NA,2.957,0.98605,NA,NA,NA,NA,NA,NA,NA,NA,"type I linear regression","fresh",NA,26849,"638",NA,3,1998-06-17,NA,1998-06-17,NA,NA,NA
"Zebrasoma scopas",5951,7745,6260,412,27143,2.4,15.7,"SL",NA,NA,70,"unsexed",0.0559,NA,2.948,0.99401,NA,NA,NA,NA,NA,NA,NA,NA,"type I linear regression","fresh","Eastern coast, coral reefs",27143,"036",NA,3,1998-08-21,NA,2001-12-13,NA,NA,NA
"Zebrasoma scopas",5951,7746,6260,412,55787,4,16,"FL",NA,NA,104,"mixed",0.02905,NA,2.99274,0.97812,NA,NA,NA,NA,NA,NA,NA,NA,"type I linear regression","fresh",NA,55787,"540","Error:  9.1%",1531,2005-12-06,NA,2005-12-06,NA,NA,NA
"Zebrasoma velifer",1266,3160,1283,412,26587,4,26.5,"FL",NA,NA,37,"unsexed",0.0339,NA,2.855,0.97812,NA,NA,NA,NA,NA,NA,NA,NA,"type I linear regression","fresh","lagoon",26587,"540","Update of estimate in Ref. 5525.",3,1993-06-19,3,1998-05-23,NA,NA,NA
"Zebrasoma velifer",1266,3161,1283,412,55787,4,24,"FL",NA,NA,77,"mixed",0.03425,NA,2.86581,0.99002,NA,NA,NA,NA,NA,NA,NA,NA,"type I linear regression","fresh",NA,55787,"540","Error:  8%",1531,2005-12-06,NA,2005-12-06,NA,NA,NA
"Zebrasoma velifer",1266,46995,1283,NA,125599,14.6,29,"FL",NA,NA,151,"unsexed",0.0421,NA,2.82,0.91,NA,NA,NA,NA,0.0270000007003546,0.0658000037074089,2.6800000667572,2.97000002861023,"type I linear regression",NA,"2010 - 2015",NA,"016",NA,65,2022-02-11,NA,2022-02-11,NA,NA,NA
