Filename,Frame,Time (mins),Period,Period time (mins),Length (mm),Precision (mm),RMS (mm),Range (mm),Direction (deg),Horz. Dir. (deg),Vert. Dir. (deg),Mid X (mm),Mid Y (mm),Mid Z (mm),OpCode,TapeReader,Family,Genus,Species,Code,Number,Stage,Activity,Comment,
GX010027_L.MP4,15214,8.4607,KAD_ROB_Transect 1,0.5884,,3.237,11.262,2325.967,24.048,,,-760.017,-567.628,-2123.746,KAD_ROB,Peter,Pomacentridae,Dascyllus,aruanus,37372073,1,AD,Passing,,
GX010027_L.MP4,15256,8.484,KAD_ROB_Transect 1,0.6117,,7.265,0.525,3513.427,24.244,,,1168.312,-848.281,-3203.067,KAD_ROB,Peter,Pomacentridae,Dascyllus,aruanus,37372073,1,AD,Passing,,
GX010027_L.MP4,15285,8.5002,KAD_ROB_Transect 1,0.6278,,1.997,13.961,1804.167,26.57,,,-674.391,-444.128,-1613.372,KAD_ROB,Peter,Pomacentridae,Pomacentrus,maafu,temp_code_005,1,AD,Passing,,
GX010027_L.MP4,15301,8.5091,KAD_ROB_Transect 1,0.6367,87.539,5.68,18.029,2104.018,29.469,75.199,2.507,808.383,-646.46,-1831.802,KAD_ROB,Peter,Pomacentridae,Dascyllus,aruanus,37372073,1,AD,Passing,,
GX010027_L.MP4,15322,8.5207,KAD_ROB_Transect 1,0.6484,,3.432,0.176,2314.987,21.376,,,410.63,-738.37,-2155.309,KAD_ROB,Peter,Pomacentridae,Dascyllus,aruanus,37372073,1,AD,Passing,,
GX010027_L.MP4,15322,8.5207,KAD_ROB_Transect 1,0.6484,,3.747,2.349,2444.476,23.832,,,504.202,-850.638,-2235.544,KAD_ROB,Peter,Pomacentridae,Pomacentrus,maafu,temp_code_005,1,AD,Passing,,
GX010027_L.MP4,15375,8.5502,KAD_ROB_Transect 1,0.6779,62.111,6.137,13.481,2409.736,27.232,58.621,28.561,-951.853,-556.693,-2142.638,KAD_ROB,Peter,Pomacentridae,Pomacentrus,maafu,temp_code_005,1,AD,Passing,,
GX010027_L.MP4,15442,8.5875,KAD_ROB_Transect 1,0.7152,41.03,3.879,19.041,2119.459,29.584,28.932,6.47,825.347,-643.214,-1843.145,KAD_ROB,Peter,Pomacentridae,Dascyllus,aruanus,37372073,1,AD,Passing,,
GX010027_L.MP4,15727,8.746,KAD_ROB_Transect 1,0.8737,,15.01,3.099,5107.654,23.018,,,-1336.533,1481.329,-4701.858,KAD_ROB,Peter,Pomacentridae,Pomacentrus,sp,,1,AD,Passing,,
GX010027_L.MP4,15727,8.746,KAD_ROB_Transect 1,0.8737,,30.957,1.488,7272.089,17.174,,,-497.483,2084.788,-6949.061,KAD_ROB,Peter,Zanclidae,Zanclus,cornutus,37437001,1,AD,Passing,,
GX010027_L.MP4,16095,8.9506,KAD_ROB_Transect 1,1.0783,140.983,5.483,2.906,3608.082,13.501,2.39,1.992,-676.574,-501.814,-3508.374,KAD_ROB,Peter,Zanclidae,Zanclus,cornutus,37437001,1,AD,Passing,,
GX010027_L.MP4,16133,8.9717,KAD_ROB_Transect 1,1.0994,236.375,17.99,2.687,3515.972,21.689,77.07,25.254,726.534,-1077.305,-3267.051,KAD_ROB,Peter,Scaridae,Scarus,sp,,1,AD,Passing,,
GX010027_L.MP4,16133,8.9717,KAD_ROB_Transect 1,1.0994,89.603,2.761,2.364,3366.532,13.886,1.817,4.902,-64.746,-805.315,-3268.151,KAD_ROB,Peter,Acanthuridae,Zebrasoma,scopas,37437036,1,AD,Passing,,
GX010027_L.MP4,16133,8.9717,KAD_ROB_Transect 1,1.0994,,7.286,1.582,3434.544,14.947,,,185.053,-868.229,-3317.835,KAD_ROB,Peter,Acanthuridae,Zebrasoma,scopas,37437036,1,AD,Passing,,
GX010027_L.MP4,16175,8.9951,KAD_ROB_Transect 1,1.1228,100.878,5.293,3.777,2961.015,12.915,17.13,37.085,661.306,-26.228,-2886.104,KAD_ROB,Peter,Pomacentridae,Chromis,xanthura,37372057,1,AD,Passing,,
GX010027_L.MP4,16184,9.0001,KAD_ROB_Transect 1,1.1278,161.16,4.92,3.892,2563.321,21.865,24.164,9.394,364.944,-882.142,-2378.919,KAD_ROB,Peter,Scaridae,Chlorurus,spilurus,temp_code_002,1,AD,Passing,,
GX010027_L.MP4,16185,9.0007,KAD_ROB_Transect 1,1.1283,131.358,8.732,0.223,3169.622,15.705,26.989,0.976,-489.207,-704.852,-3051.289,KAD_ROB,Peter,Scaridae,Chlorurus,bleekeri,37386011,1,AD,Passing,,
GX010027_L.MP4,16214,9.0168,KAD_ROB_Transect 1,1.1445,,2.101,9.927,1837.777,26.592,,,-534.59,-626.225,-1643.009,KAD_ROB,Peter,Acanthuridae,Ctenochaetus,striatus,37437022,1,AD,Passing,,
GX010027_L.MP4,16222,9.0212,KAD_ROB_Transect 1,1.1489,,4.088,2.186,2664.259,28.381,,,1064.076,-688.058,-2343.629,KAD_ROB,Peter,Acanthuridae,Acanthurus,sp,,1,AD,Passing,,
GX010027_L.MP4,16223,9.0218,KAD_ROB_Transect 1,1.1495,,2.309,17.815,1972,28.886,,,-716.76,-628.503,-1726.274,KAD_ROB,Peter,Pomacanthidae,Centropyge,flavissima,37365026,1,AD,Passing,,
GX010027_L.MP4,16223,9.0218,KAD_ROB_Transect 1,1.1495,134.481,2.251,1.878,2274.146,21.743,4.37,19.986,235.612,-808.834,-2112.349,KAD_ROB,Peter,Acanthuridae,Ctenochaetus,striatus,37437022,1,AD,Passing,,
GX010027_L.MP4,16229,9.0251,KAD_ROB_Transect 1,1.1528,83.252,3.206,15.066,2037.91,26.22,28.8,36.379,-542.526,-718.573,-1828.222,KAD_ROB,Peter,Pomacanthidae,Centropyge,flavissima,37365026,1,AD,Passing,,
GX010027_L.MP4,16229,9.0251,KAD_ROB_Transect 1,1.1528,80.98,2.999,6.971,2302.059,22.916,15.332,15.169,-304.47,-843.1,-2120.367,KAD_ROB,Peter,Chaetodontidae,Chaetodon,mertensii,37365044,1,AD,Passing,,
GX010027_L.MP4,16252,9.0379,KAD_ROB_Transect 1,1.1656,,1.836,6.781,1704.328,28.254,,,629.94,-504.97,-1500.971,KAD_ROB,Peter,Scaridae,Chlorurus,bleekeri,37386011,1,AD,Passing,,
GX010027_L.MP4,16347,9.0907,KAD_ROB_Transect 1,1.2184,,6.499,12.975,3449.9,27.698,,,-1315.694,914.9,-3055.114,KAD_ROB,Peter,Acanthuridae,Acanthurus,sp,,1,AD,Passing,,
GX010027_L.MP4,16348,9.0913,KAD_ROB_Transect 1,1.219,187.653,2.747,5.244,1331.704,20.178,84.422,20.965,366.522,-276.875,-1249.975,KAD_ROB,Peter,Scaridae,Chlorurus,spilurus,temp_code_002,1,AD,Passing,,
GX010027_L.MP4,16349,9.0919,KAD_ROB_Transect 1,1.2196,,2.222,3.207,1847.889,20.054,,,629.167,-76.347,-1735.803,KAD_ROB,Peter,Pomacentridae,Chromis,viridis,37372053,1,AD,Passing,,
GX010027_L.MP4,16349,9.0919,KAD_ROB_Transect 1,1.2196,,1.708,2.788,1612.342,23.578,,,624.791,-160.798,-1477.642,KAD_ROB,Peter,Pomacentridae,Pomacentrus,moluccensis,37372118,1,AD,Passing,,
GX010027_L.MP4,16358,9.0969,KAD_ROB_Transect 1,1.2246,,2.306,3.558,1848.49,13.615,,,426.898,-85.329,-1796.494,KAD_ROB,Peter,Pomacanthidae,Centropyge,flavissima,37365026,1,AD,Passing,,
GX010027_L.MP4,16358,9.0969,KAD_ROB_Transect 1,1.2246,,1.895,4.127,1683.723,19.719,,,568.093,-1.006,-1584.99,KAD_ROB,Peter,Pomacentridae,Pomacentrus,moluccensis,37372118,1,AD,Passing,,
GX010027_L.MP4,16358,9.0969,KAD_ROB_Transect 1,1.2246,,1.559,1.852,1527.16,23.145,,,599.806,-24.338,-1404.228,KAD_ROB,Peter,Pomacentridae,Pomacentrus,moluccensis,37372118,1,AD,Passing,,
GX010027_L.MP4,16392,9.1158,KAD_ROB_Transect 1,1.2435,,1.213,0.129,1286.657,17.531,,,382.812,-61.314,-1226.859,KAD_ROB,Peter,Pomacentridae,Pomacentrus,moluccensis,37372118,1,AD,Passing,,
GX010027_L.MP4,16405,9.123,KAD_ROB_Transect 1,1.2507,,1.104,2.442,1227.761,20.784,,,402.643,-167.032,-1147.77,KAD_ROB,Peter,Pomacentridae,Chromis,viridis,37372053,1,AD,Passing,,
GX010027_L.MP4,16405,9.123,KAD_ROB_Transect 1,1.2507,,1.238,1.449,1304.697,18.4,,,388.932,-136.116,-1237.917,KAD_ROB,Peter,Pomacentridae,Chromis,viridis,37372053,1,AD,Passing,,
GX010027_L.MP4,16405,9.123,KAD_ROB_Transect 1,1.2507,,1.275,0.234,1323.797,16.74,,,347.027,-158.714,-1267.605,KAD_ROB,Peter,Pomacentridae,Chromis,viridis,37372053,1,AD,Passing,,
GX010027_L.MP4,16405,9.123,KAD_ROB_Transect 1,1.2507,,1.299,0.152,1335.443,14.904,,,305.681,-157.375,-1290.426,KAD_ROB,Peter,Pomacentridae,Chromis,viridis,37372053,1,AD,Passing,,
GX010027_L.MP4,16405,9.123,KAD_ROB_Transect 1,1.2507,27.064,2.387,1.666,1282.014,17.355,56.07,9.841,354.53,-143.347,-1223.65,KAD_ROB,Peter,Pomacentridae,Pomacentrus,moluccensis,37372118,1,AD,Passing,,
GX010027_L.MP4,16405,9.123,KAD_ROB_Transect 1,1.2507,,1.319,0.688,1351.065,17.353,,,378.304,-139.592,-1289.487,KAD_ROB,Peter,Pomacentridae,Pomacentrus,moluccensis,37372118,1,AD,Passing,,
GX010027_L.MP4,16405,9.123,KAD_ROB_Transect 1,1.2507,,1.258,1.845,1320.082,19.245,,,412.113,-140.334,-1246.229,KAD_ROB,Peter,Pomacentridae,Pomacentrus,moluccensis,37372118,1,AD,Passing,,
GX010027_L.MP4,16411,9.1263,KAD_ROB_Transect 1,1.254,,4.339,6.244,2844.547,25.385,,,-1205.085,185.035,-2570.016,KAD_ROB,Peter,Pomacentridae,Pomacentrus,moluccensis,37372118,1,AD,Passing,,
GX010027_L.MP4,16431,9.1375,KAD_ROB_Transect 1,1.2652,,3.948,2.956,2687.075,24.343,,,-1104.97,-77.935,-2448.13,KAD_ROB,Peter,Pomacentridae,Pomacentrus,moluccensis,37372118,1,AD,Passing,,
GX010027_L.MP4,16452,9.1491,KAD_ROB_Transect 1,1.2768,,3.32,0.901,2355.333,21.819,,,-784.256,-390.231,-2186.379,KAD_ROB,Peter,Pomacentridae,Dascyllus,aruanus,37372073,1,AD,Passing,,
GX010027_L.MP4,16452,9.1491,KAD_ROB_Transect 1,1.2768,,4.191,2.343,2643.16,19.997,,,-782.716,-453.51,-2483.542,KAD_ROB,Peter,Blenniidae,Plagiotremus,flavus,temp_code_003,1,AD,Passing,,
GX010027_L.MP4,16452,9.1491,KAD_ROB_Transect 1,1.2768,,2.845,9.542,2212.452,25.354,,,-866.236,-384.854,-1999.116,KAD_ROB,Peter,Pomacentridae,Pomacentrus,moluccensis,37372118,1,AD,Passing,,
GX010027_L.MP4,16463,9.1553,KAD_ROB_Transect 1,1.2829,,4.42,0.411,2640.682,9.155,,,115.542,-405.473,-2606.807,KAD_ROB,Peter,Pomacentridae,Chromis,ternatensis,37372051,1,AD,Passing,,
GX010027_L.MP4,16463,9.1553,KAD_ROB_Transect 1,1.2829,,4.787,0.041,2937.849,21.876,,,-1093.711,-46.343,-2726.281,KAD_ROB,Peter,Pomacentridae,Dascyllus,aruanus,37372073,1,AD,Passing,,
GX010027_L.MP4,16490,9.1703,KAD_ROB_Transect 1,1.298,20.721,1.655,1.873,1935.008,17.792,0.313,15.87,181.566,-562.693,-1842.462,KAD_ROB,Peter,Pomacentridae,Dascyllus,aruanus,37372073,1,AD,Passing,,
GX010027_L.MP4,16490,9.1703,KAD_ROB_Transect 1,1.298,,2.747,2.544,2055.138,17.364,,,-97.737,-606.631,-1961.132,KAD_ROB,Peter,Pomacentridae,Dascyllus,aruanus,37372073,1,AD,Passing,,
GX010027_L.MP4,16490,9.1703,KAD_ROB_Transect 1,1.298,,2.587,2.021,1996.02,18.853,,,-147.814,-628.951,-1888.562,KAD_ROB,Peter,Pomacentridae,Dascyllus,aruanus,37372073,1,AD,Passing,,
GX010027_L.MP4,16490,9.1703,KAD_ROB_Transect 1,1.298,,3.271,0.106,2245.874,11.537,,,-178.994,-413.269,-2200.254,KAD_ROB,Peter,Pomacentridae,Dascyllus,aruanus,37372073,1,AD,Passing,,
GX010027_L.MP4,16490,9.1703,KAD_ROB_Transect 1,1.298,153.931,7.105,2.137,2937.297,6.895,23.51,8.825,-130.881,-327.442,-2916.053,KAD_ROB,Peter,Scaridae,Scarus,sp,,1,AD,Passing,,
GX010027_L.MP4,16521,9.1875,KAD_ROB_Transect 1,1.3152,,3.003,4.122,2160.743,16.892,,,-444.736,-444.376,-2067.257,KAD_ROB,Peter,Pomacentridae,Dascyllus,aruanus,37372073,1,AD,Passing,,
GX010027_L.MP4,16521,9.1875,KAD_ROB_Transect 1,1.3152,,3.025,8.786,2181.403,18.771,,,-509.054,-484.516,-2065.097,KAD_ROB,Peter,Pomacentridae,Dascyllus,aruanus,37372073,1,AD,Passing,,
GX010027_L.MP4,16521,9.1875,KAD_ROB_Transect 1,1.3152,132.15,3.935,0.667,2145.975,17.881,27.75,18.075,151.984,-641.117,-2042.321,KAD_ROB,Peter,Nemipteridae,Scolopsis,bilineata,37347031,1,AD,Passing,,
GX010027_L.MP4,16569,9.2142,KAD_ROB_Transect 1,1.3419,58.127,4.165,4.314,1919.588,21.764,56.991,33.596,-660.667,-264.744,-1782.764,KAD_ROB,Peter,Pomacentridae,Dascyllus,aruanus,37372073,1,AD,Passing,,
GX010027_L.MP4,16569,9.2142,KAD_ROB_Transect 1,1.3419,,2.618,2.147,2052.037,19.831,,,-659.907,-222.828,-1930.214,KAD_ROB,Peter,Pomacentridae,Dascyllus,aruanus,37372073,1,AD,Passing,,
GX010027_L.MP4,16579,9.2198,KAD_ROB_Transect 1,1.3475,,1.907,11.041,1727.66,23.979,,,-556.522,-429.02,-1578.302,KAD_ROB,Peter,Pomacentridae,Dascyllus,aruanus,37372073,1,AD,Passing,,
GX010027_L.MP4,16670,9.2704,KAD_ROB_Transect 1,1.3981,80.984,4.476,2.952,2368.971,16.942,29.683,40.422,-357.891,590.32,-2266.155,KAD_ROB,Peter,Pomacentridae,Amblyglyphidodon,orbicularis,temp_code_001,1,AD,Passing,,
GX010027_L.MP4,16858,9.3749,KAD_ROB_Transect 1,1.5026,159.414,8.867,4.48,3529.993,20.358,24.17,18.448,29.7,-1227.643,-3309.511,KAD_ROB,Peter,Acanthuridae,Ctenochaetus,striatus,37437022,1,AD,Passing,,
GX010027_L.MP4,16924,9.4116,KAD_ROB_Transect 1,1.5393,256.273,6.524,18.369,2315.746,26.532,64.759,19.626,-808.459,-645.315,-2071.869,KAD_ROB,Peter,Scaridae,Chlorurus,spilurus,temp_code_002,1,AD,Passing,,
GX010027_L.MP4,16962,9.4328,KAD_ROB_Transect 1,1.5604,,3.463,2.805,2391.901,17.711,,,-726.106,-48.601,-2278.508,KAD_ROB,Peter,Acanthuridae,Ctenochaetus,striatus,37437022,1,AD,Passing,,
GX010027_L.MP4,16962,9.4328,KAD_ROB_Transect 1,1.5604,,5.039,6.577,2960.615,25.201,,,1157.214,-501.547,-2678.534,KAD_ROB,Peter,Acanthuridae,Zebrasoma,scopas,37437036,1,AD,Passing,,
GX010027_L.MP4,16962,9.4328,KAD_ROB_Transect 1,1.5604,,4.834,0.095,2867.344,24.185,,,1052.587,-523.072,-2615.362,KAD_ROB,Peter,Acanthuridae,Zebrasoma,scopas,37437036,1,AD,Passing,,
GX010027_L.MP4,16989,9.4478,KAD_ROB_Transect 1,1.5755,,1.241,7.326,1336.034,22.123,,,231.51,-447.433,-1237.414,KAD_ROB,Peter,Labridae,Gomphosus,varius,37384106,1,AD,Passing,,
GX010027_L.MP4,17019,9.4645,KAD_ROB_Transect 1,1.5921,,2.511,1.107,1963.916,22.534,,,444.947,-608.088,-1813.62,KAD_ROB,Peter,Pomacentridae,Pomacentrus,maafu,temp_code_005,1,AD,Passing,,
GX010027_L.MP4,17019,9.4645,KAD_ROB_Transect 1,1.5921,112.089,6.715,3.419,2510.733,14.351,43.55,38.664,156.606,-602.304,-2432.382,KAD_ROB,Peter,Acanthuridae,Zebrasoma,scopas,37437036,1,AD,Passing,,
GX010027_L.MP4,17224,9.5785,KAD_ROB_Transect 1,1.7061,,6.355,1.981,3459.682,26.344,,,1532.716,-90.526,-3100.32,KAD_ROB,Peter,Pomacentridae,Chromis,xanthura,37372057,1,AD,Passing,,
GX010027_L.MP4,17229,9.5812,KAD_ROB_Transect 1,1.7089,,9.358,2.033,4186.049,28.418,,,1835.886,-775.54,-3681.178,KAD_ROB,Peter,Pomacentridae,Chromis,xanthura,37372057,1,AD,Passing,,
GX010027_L.MP4,17233,9.5835,KAD_ROB_Transect 1,1.7112,,6.335,1.043,3365.415,24.635,,,1345.852,-397.468,-3058.875,KAD_ROB,Peter,Pomacentridae,Amblyglyphidodon,orbicularis,temp_code_001,1,AD,Passing,,
GX010027_L.MP4,17292,9.6163,KAD_ROB_Transect 1,1.744,,6.706,0.178,3551.622,26.141,,,1558.073,142.758,-3188.424,KAD_ROB,Peter,Pomacentridae,Amblyglyphidodon,orbicularis,temp_code_001,1,AD,Passing,,
GX010027_L.MP4,17292,9.6163,KAD_ROB_Transect 1,1.744,,6.967,5.083,3713.823,29.383,,,1811.865,-195.654,-3235.946,KAD_ROB,Peter,Pomacentridae,Stegastes,lacrymatus,temp_code_006,1,AD,Passing,,
GX010027_L.MP4,17314,9.6285,KAD_ROB_Transect 1,1.7562,100.338,6.432,1.316,3338.793,19.963,15.364,3.156,-608.725,963.759,-3138.178,KAD_ROB,Peter,Pomacentridae,Chromis,xanthura,37372057,1,AD,Passing,,
GX010027_L.MP4,17371,9.6602,KAD_ROB_Transect 1,1.7879,,6.498,7.839,3304.695,26.477,,,936.535,-1139.144,-2957.408,KAD_ROB,Peter,Acanthuridae,Zebrasoma,scopas,37437036,1,AD,Passing,,
GX010027_L.MP4,17444,9.7008,KAD_ROB_Transect 1,1.8285,,5.387,3.667,2968.91,17.665,,,-656.386,-618.76,-2828.554,KAD_ROB,Peter,Acanthuridae,Acanthurus,sp,,1,AD,Passing,,
GX010027_L.MP4,17444,9.7008,KAD_ROB_Transect 1,1.8285,,12.302,7.63,4534.991,12.849,,,-326.36,-956.825,-4420.873,KAD_ROB,Peter,Acanthuridae,Zebrasoma,scopas,37437036,1,AD,Passing,,
GX010027_L.MP4,17450,9.7041,KAD_ROB_Transect 1,1.8318,69.277,6.385,4.179,3714.561,18.794,7.89,46.415,1184.487,170.542,-3516.514,KAD_ROB,Peter,Pomacentridae,Amblyglyphidodon,orbicularis,temp_code_001,1,AD,Passing,,
GX010027_L.MP4,17450,9.7041,KAD_ROB_Transect 1,1.8318,,5.791,0.312,3199.717,24.884,,,1269.035,-451.467,-2902.398,KAD_ROB,Peter,Pomacentridae,Dascyllus,reticulatus,37372074,1,AD,Passing,,
GX010027_L.MP4,17501,9.7325,KAD_ROB_Transect 1,1.8602,103.302,5.25,3.467,2072.384,18.477,51.357,26.554,-431.643,-495.036,-1965.553,KAD_ROB,Peter,Labridae,Labropsis,australis,37384132,1,AD,Passing,,
GX010027_L.MP4,17501,9.7325,KAD_ROB_Transect 1,1.8602,93.91,4.121,2.846,3324.701,13.714,8.822,7.802,60.777,-785.855,-3229.919,KAD_ROB,Peter,Acanthuridae,Zebrasoma,scopas,37437036,1,AD,Passing,,
GX010027_L.MP4,17508,9.7364,KAD_ROB_Transect 1,1.8641,116.62,9.671,4.301,2783.305,25.814,81.817,25.027,1211.949,7.71,-2505.575,KAD_ROB,Peter,Pomacentridae,Amblyglyphidodon,orbicularis,temp_code_001,1,AD,Passing,,
GX010027_L.MP4,17559,9.7648,KAD_ROB_Transect 1,1.8924,88.073,5.117,10.276,1993.836,24.902,72.202,21.025,-727.489,-419.037,-1808.466,KAD_ROB,Peter,Pomacentridae,Amblyglyphidodon,orbicularis,temp_code_001,1,AD,Passing,,
GX010027_L.MP4,17626,9.802,KAD_ROB_Transect 1,1.9297,,5.13,5.043,3160.911,27.039,,,-1423.623,193.482,-2815.532,KAD_ROB,Peter,Pomacentridae,Stegastes,lacrymatus,temp_code_006,1,AD,Passing,,
GX010027_L.MP4,17714,9.851,KAD_ROB_Transect 1,1.9786,,6.828,14.763,3632.606,29.14,,,-1600.416,751.502,-3173.285,KAD_ROB,Peter,Pomacentridae,Amblyglyphidodon,orbicularis,temp_code_001,1,AD,Passing,,
GX010027_L.MP4,17801,9.8993,KAD_ROB_Transect 1,2.027,138.654,5.855,1.336,3378.478,23.79,3.704,3.471,915.91,-1009.171,-3091.407,KAD_ROB,Peter,Scaridae,Chlorurus,spilurus,temp_code_002,1,AD,Passing,,
GX010027_L.MP4,17801,9.8993,KAD_ROB_Transect 1,2.027,,7.053,3.587,3461.243,25.907,,,1113.579,-1024.968,-3112.81,KAD_ROB,Peter,Labridae,Stethojulis,sp,,1,AD,Passing,,
GX010027_L.MP4,17806,9.9021,KAD_ROB_Transect 1,2.0298,,7.476,3.251,3530.268,6.555,,,-142.23,-379.101,-3506.97,KAD_ROB,Peter,Mullidae,Mulloidichthys,flavolineatus,37355019,1,AD,Passing,,
GX010027_L.MP4,17806,9.9021,KAD_ROB_Transect 1,2.0298,,6.733,0.648,3339.267,7.838,,,-352.375,-290.368,-3307.903,KAD_ROB,Peter,Mullidae,Mulloidichthys,flavolineatus,37355019,1,AD,Passing,,
GX010027_L.MP4,17806,9.9021,KAD_ROB_Transect 1,2.0298,,6.851,1.672,3366.362,8.609,,,-384.003,-328.239,-3328.242,KAD_ROB,Peter,Mullidae,Mulloidichthys,flavolineatus,37355019,1,AD,Passing,,
GX010027_L.MP4,17806,9.9021,KAD_ROB_Transect 1,2.0298,,6.711,2.238,3327.833,8.369,,,-345.224,-341.645,-3292.199,KAD_ROB,Peter,Mullidae,Mulloidichthys,flavolineatus,37355019,1,AD,Passing,,
GX010027_L.MP4,17806,9.9021,KAD_ROB_Transect 1,2.0298,,6.968,1.188,3398.685,9.822,,,-482.13,-323.995,-3348.677,KAD_ROB,Peter,Mullidae,Mulloidichthys,flavolineatus,37355019,1,AD,Passing,,
GX010027_L.MP4,17806,9.9021,KAD_ROB_Transect 1,2.0298,,6.768,2.766,3342.898,9.747,,,-450.168,-344.952,-3294.438,KAD_ROB,Peter,Mullidae,Mulloidichthys,flavolineatus,37355019,1,AD,Passing,,
GX010027_L.MP4,17806,9.9021,KAD_ROB_Transect 1,2.0298,,7.022,3.516,3405.752,8.737,,,-351.283,-381.714,-3366.012,KAD_ROB,Peter,Mullidae,Mulloidichthys,flavolineatus,37355019,1,AD,Passing,,
GX010027_L.MP4,17806,9.9021,KAD_ROB_Transect 1,2.0298,,6.834,1.339,3355.644,8.512,,,-304.805,-394.086,-3318.454,KAD_ROB,Peter,Mullidae,Mulloidichthys,flavolineatus,37355019,1,AD,Passing,,
GX010027_L.MP4,17806,9.9021,KAD_ROB_Transect 1,2.0298,,6.413,1.794,3247.032,7.446,,,-209.496,-366.845,-3219.434,KAD_ROB,Peter,Mullidae,Mulloidichthys,flavolineatus,37355019,1,AD,Passing,,
GX010027_L.MP4,17806,9.9021,KAD_ROB_Transect 1,2.0298,,6.655,0.052,3310.661,7.255,,,-95.709,-408.905,-3283.918,KAD_ROB,Peter,Mullidae,Mulloidichthys,flavolineatus,37355019,1,AD,Passing,,
GX010027_L.MP4,17806,9.9021,KAD_ROB_Transect 1,2.0298,,7.031,0.227,3406.424,7.538,,,-41.984,-446.885,-3376.722,KAD_ROB,Peter,Mullidae,Mulloidichthys,flavolineatus,37355019,1,AD,Passing,,
GX010027_L.MP4,17806,9.9021,KAD_ROB_Transect 1,2.0298,,7.255,0.361,3465.405,7.13,,,10.294,-432.011,-3438.356,KAD_ROB,Peter,Mullidae,Mulloidichthys,flavolineatus,37355019,1,AD,Passing,,
GX010027_L.MP4,17806,9.9021,KAD_ROB_Transect 1,2.0298,,7.3,1.685,3449.138,9.304,,,253.11,-498.88,-3403.47,KAD_ROB,Peter,Mullidae,Mulloidichthys,flavolineatus,37355019,1,AD,Passing,,
GX010027_L.MP4,17806,9.9021,KAD_ROB_Transect 1,2.0298,,6.357,2.713,3209.932,9.379,,,127.923,-509.071,-3166.725,KAD_ROB,Peter,Mullidae,Mulloidichthys,flavolineatus,37355019,1,AD,Passing,,
GX010027_L.MP4,17806,9.9021,KAD_ROB_Transect 1,2.0298,,6.832,0.466,3356.119,9.762,,,-427.901,-377.029,-3307.308,KAD_ROB,Peter,Mullidae,Mulloidichthys,flavolineatus,37355019,1,AD,Passing,,
GX010027_L.MP4,17806,9.9021,KAD_ROB_Transect 1,2.0298,,6.539,2.688,3275.743,9.732,,,-390.635,-394.375,-3228.369,KAD_ROB,Peter,Mullidae,Mulloidichthys,flavolineatus,37355019,1,AD,Passing,,
GX010027_L.MP4,17806,9.9021,KAD_ROB_Transect 1,2.0298,,6.765,0.743,3330.109,10.095,,,-367.15,-455.693,-3278.287,KAD_ROB,Peter,Mullidae,Mulloidichthys,flavolineatus,37355019,1,AD,Passing,,
GX010027_L.MP4,17806,9.9021,KAD_ROB_Transect 1,2.0298,,6.976,1.111,3391.61,10.907,,,-491.907,-414.124,-3330.098,KAD_ROB,Peter,Mullidae,Mulloidichthys,flavolineatus,37355019,1,AD,Passing,,
GX010027_L.MP4,17806,9.9021,KAD_ROB_Transect 1,2.0298,,6.549,0.792,3274.082,11.191,,,-450.107,-450.435,-3211.561,KAD_ROB,Peter,Mullidae,Mulloidichthys,flavolineatus,37355019,1,AD,Passing,,
GX010027_L.MP4,17806,9.9021,KAD_ROB_Transect 1,2.0298,,6.843,1.317,3360.52,12.574,,,-585.755,-440.198,-3279.667,KAD_ROB,Peter,Mullidae,Mulloidichthys,flavolineatus,37355019,1,AD,Passing,,
GX010027_L.MP4,17806,9.9021,KAD_ROB_Transect 1,2.0298,,5.476,3.69,2956.04,11.566,,,135.313,-578.696,-2895.682,KAD_ROB,Peter,Mullidae,Mulloidichthys,flavolineatus,37355019,1,AD,Passing,,
GX010027_L.MP4,17806,9.9021,KAD_ROB_Transect 1,2.0298,,5.368,2.174,2929.659,11.405,,,51.033,-578.761,-2871.469,KAD_ROB,Peter,Mullidae,Mulloidichthys,flavolineatus,37355019,1,AD,Passing,,
GX010027_L.MP4,17806,9.9021,KAD_ROB_Transect 1,2.0298,,5.35,1.62,2922.67,12.394,,,63.52,-625.764,-2854.187,KAD_ROB,Peter,Mullidae,Mulloidichthys,flavolineatus,37355019,1,AD,Passing,,
GX010027_L.MP4,17806,9.9021,KAD_ROB_Transect 1,2.0298,,5.311,0.557,2915.036,11.839,,,-17.276,-599.469,-2852.678,KAD_ROB,Peter,Mullidae,Mulloidichthys,flavolineatus,37355019,1,AD,Passing,,
GX010027_L.MP4,17806,9.9021,KAD_ROB_Transect 1,2.0298,,5.498,0.651,2972.253,11.218,,,-147.946,-560.68,-2915.14,KAD_ROB,Peter,Mullidae,Mulloidichthys,flavolineatus,37355019,1,AD,Passing,,
GX010027_L.MP4,17806,9.9021,KAD_ROB_Transect 1,2.0298,,4.321,4.804,2613.599,10.85,,,-234.274,-434.136,-2566.621,KAD_ROB,Peter,Mullidae,Mulloidichthys,flavolineatus,37355019,1,AD,Passing,,
GX010027_L.MP4,17806,9.9021,KAD_ROB_Transect 1,2.0298,,5.061,3.063,2847.716,10.189,,,-250.34,-438.804,-2802.547,KAD_ROB,Peter,Mullidae,Mulloidichthys,flavolineatus,37355019,1,AD,Passing,,
GX010027_L.MP4,17806,9.9021,KAD_ROB_Transect 1,2.0298,,4.744,0.266,2747.471,11.573,,,-278.287,-477.329,-2691.34,KAD_ROB,Peter,Mullidae,Mulloidichthys,flavolineatus,37355019,1,AD,Passing,,
GX010027_L.MP4,17806,9.9021,KAD_ROB_Transect 1,2.0298,,4.656,1.558,2723.211,11.093,,,-318.484,-417.624,-2672.085,KAD_ROB,Peter,Mullidae,Mulloidichthys,flavolineatus,37355019,1,AD,Passing,,
GX010027_L.MP4,17806,9.9021,KAD_ROB_Transect 1,2.0298,,10.998,3.619,4430.324,22.022,,,1596.538,-461.271,-4106.831,KAD_ROB,Peter,Mullidae,Mulloidichthys,flavolineatus,37355019,1,AD,Passing,,
GX010027_L.MP4,17806,9.9021,KAD_ROB_Transect 1,2.0298,,10.089,4.909,4311.712,24.943,,,1750.937,-492.636,-3909.269,KAD_ROB,Peter,Mullidae,Mulloidichthys,flavolineatus,37355019,1,AD,Passing,,
GX010027_L.MP4,17806,9.9021,KAD_ROB_Transect 1,2.0298,,9.651,2.534,4208.765,25.237,,,1712.058,-539.71,-3806.74,KAD_ROB,Peter,Mullidae,Mulloidichthys,flavolineatus,37355019,1,AD,Passing,,
GX010027_L.MP4,17806,9.9021,KAD_ROB_Transect 1,2.0298,,8.973,3.075,3999.07,23.601,,,1508.651,-538.26,-3664.261,KAD_ROB,Peter,Mullidae,Mulloidichthys,flavolineatus,37355019,1,AD,Passing,,
GX010027_L.MP4,17806,9.9021,KAD_ROB_Transect 1,2.0298,,7.596,1.391,3655.418,23.509,,,1361.255,-524.632,-3351.69,KAD_ROB,Peter,Mullidae,Mulloidichthys,flavolineatus,37355019,1,AD,Passing,,
GX010027_L.MP4,17806,9.9021,KAD_ROB_Transect 1,2.0298,,10.708,5.111,4297.95,19.339,,,1344.74,-468.688,-4055.167,KAD_ROB,Peter,Mullidae,Mulloidichthys,flavolineatus,37355019,1,AD,Passing,,
GX010027_L.MP4,17806,9.9021,KAD_ROB_Transect 1,2.0298,,10.412,1.941,4278.322,21.227,,,1475.272,-474.694,-3987.766,KAD_ROB,Peter,Mullidae,Mulloidichthys,flavolineatus,37355019,1,AD,Passing,,
GX010027_L.MP4,17806,9.9021,KAD_ROB_Transect 1,2.0298,,11.084,6.855,4359.309,19.404,,,1337.841,-557.093,-4111.375,KAD_ROB,Peter,Mullidae,Mulloidichthys,flavolineatus,37355019,1,AD,Passing,,
GX010027_L.MP4,17806,9.9021,KAD_ROB_Transect 1,2.0298,,11.029,11.056,4335.391,19.093,,,1294.23,-582.028,-4096.564,KAD_ROB,Peter,Mullidae,Mulloidichthys,flavolineatus,37355019,1,AD,Passing,,
GX010027_L.MP4,17806,9.9021,KAD_ROB_Transect 1,2.0298,,10.409,2.017,4233.677,20.913,,,1374.615,-630.181,-3954.406,KAD_ROB,Peter,Mullidae,Mulloidichthys,flavolineatus,37355019,1,AD,Passing,,
GX010027_L.MP4,17806,9.9021,KAD_ROB_Transect 1,2.0298,,9.591,0.986,4040.613,20.236,,,1258.632,-609.797,-3790.851,KAD_ROB,Peter,Mullidae,Mulloidichthys,flavolineatus,37355019,1,AD,Passing,,
GX010027_L.MP4,17806,9.9021,KAD_ROB_Transect 1,2.0298,,5.574,0.841,3031.862,23.305,,,913.798,-778.655,-2784.036,KAD_ROB,Peter,Mullidae,Mulloidichthys,flavolineatus,37355019,1,AD,Passing,,
GX010027_L.MP4,17806,9.9021,KAD_ROB_Transect 1,2.0298,,5.458,0.391,3010.6,23.622,,,956.509,-736.705,-2757.91,KAD_ROB,Peter,Mullidae,Mulloidichthys,flavolineatus,37355019,1,AD,Passing,,
GX010027_L.MP4,17806,9.9021,KAD_ROB_Transect 1,2.0298,,7.412,0.393,3576.349,25.978,,,1253.245,-941.779,-3214.452,KAD_ROB,Peter,Mullidae,Mulloidichthys,flavolineatus,37355019,1,AD,Passing,,
GX010027_L.MP4,17806,9.9021,KAD_ROB_Transect 1,2.0298,,5.764,6.02,3203.868,28.339,,,1302.17,-787.309,-2819.445,KAD_ROB,Peter,Mullidae,Mulloidichthys,flavolineatus,37355019,1,AD,Passing,,
GX010027_L.MP4,17806,9.9021,KAD_ROB_Transect 1,2.0298,,6.48,1.747,3426.49,28.65,,,1441.135,-790.455,-3006.516,KAD_ROB,Peter,Mullidae,Mulloidichthys,flavolineatus,37355019,1,AD,Passing,,
GX010027_L.MP4,17806,9.9021,KAD_ROB_Transect 1,2.0298,,5.869,1.49,3174.526,25.528,,,1148.925,-744.362,-2864.178,KAD_ROB,Peter,Mullidae,Mulloidichthys,flavolineatus,37355019,1,AD,Passing,,
GX010027_L.MP4,17806,9.9021,KAD_ROB_Transect 1,2.0298,,6.929,2.984,3487.862,25.511,,,1328.432,-703.126,-3147.39,KAD_ROB,Peter,Mullidae,Mulloidichthys,flavolineatus,37355019,1,AD,Passing,,
GX010027_L.MP4,17806,9.9021,KAD_ROB_Transect 1,2.0298,,7.076,0.193,3435.812,21.633,,,1054.503,-703.617,-3193.391,KAD_ROB,Peter,Mullidae,Mulloidichthys,flavolineatus,37355019,1,AD,Passing,,
GX010027_L.MP4,17806,9.9021,KAD_ROB_Transect 1,2.0298,,6.688,8.189,3288.95,19.749,,,799.827,-773.403,-3095.047,KAD_ROB,Peter,Mullidae,Mulloidichthys,flavolineatus,37355019,1,AD,Passing,,
GX010027_L.MP4,17806,9.9021,KAD_ROB_Transect 1,2.0298,,5.342,4.719,2903.86,17.575,,,502.166,-720.429,-2767.89,KAD_ROB,Peter,Mullidae,Mulloidichthys,flavolineatus,37355019,1,AD,Passing,,
GX010027_L.MP4,17806,9.9021,KAD_ROB_Transect 1,2.0298,,5.281,0.908,2888.517,12.978,,,278.519,-587.517,-2814.388,KAD_ROB,Peter,Mullidae,Mulloidichthys,flavolineatus,37355019,1,AD,Passing,,
GX010027_L.MP4,17806,9.9021,KAD_ROB_Transect 1,2.0298,,6.024,0.209,3098.721,13.144,,,268.011,-653.472,-3017.154,KAD_ROB,Peter,Mullidae,Mulloidichthys,flavolineatus,37355019,1,AD,Passing,,
GX010027_L.MP4,17806,9.9021,KAD_ROB_Transect 1,2.0298,,5.406,1.031,2925.732,14.694,,,258.68,-697.219,-2829.642,KAD_ROB,Peter,Mullidae,Mulloidichthys,flavolineatus,37355019,1,AD,Passing,,
GX010027_L.MP4,17806,9.9021,KAD_ROB_Transect 1,2.0298,,6.775,0.638,3288.903,14.28,,,523.665,-621.434,-3186.923,KAD_ROB,Peter,Mullidae,Mulloidichthys,flavolineatus,37355019,1,AD,Passing,,
GX010027_L.MP4,17806,9.9021,KAD_ROB_Transect 1,2.0298,,4.401,0.383,2626.505,13.155,,,157.704,-578.07,-2557.243,KAD_ROB,Peter,Mullidae,Mulloidichthys,flavolineatus,37355019,1,AD,Passing,,
GX010027_L.MP4,17806,9.9021,KAD_ROB_Transect 1,2.0298,,5.507,2.813,2973.471,11.929,,,-116.992,-605.101,-2908.9,KAD_ROB,Peter,Mullidae,Mulloidichthys,flavolineatus,37355019,1,AD,Passing,,
GX010027_L.MP4,17806,9.9021,KAD_ROB_Transect 1,2.0298,,4.973,2.043,2815.93,14.498,,,-305.252,-637.014,-2725.894,KAD_ROB,Peter,Mullidae,Mulloidichthys,flavolineatus,37355019,1,AD,Passing,,
GX010027_L.MP4,17806,9.9021,KAD_ROB_Transect 1,2.0298,,4.149,3.816,2567.544,16.641,,,-458.237,-576.487,-2459.668,KAD_ROB,Peter,Mullidae,Mulloidichthys,flavolineatus,37355019,1,AD,Passing,,
GX010027_L.MP4,17806,9.9021,KAD_ROB_Transect 1,2.0298,,5.286,1.575,2912.755,14.554,,,-421.387,-600.156,-2818.933,KAD_ROB,Peter,Mullidae,Mulloidichthys,flavolineatus,37355019,1,AD,Passing,,
GX010027_L.MP4,17883,9.9449,KAD_ROB_Transect 1,2.0726,109.11,5.852,8.46,2489.707,23.414,34.445,1.452,-585.126,-797.762,-2284.698,KAD_ROB,Peter,Mullidae,Mulloidichthys,flavolineatus,37355019,1,AD,Passing,measurement of point,frame 17806
GX010027_L.MP4,17883,9.9449,KAD_ROB_Transect 1,2.0726,100.452,8.617,7.656,2454.838,22.381,64.877,6.278,-379.652,-854.134,-2269.923,KAD_ROB,Peter,Mullidae,Mulloidichthys,flavolineatus,37355019,1,AD,Passing,measurement of point,frame 17806
GX010027_L.MP4,17883,9.9449,KAD_ROB_Transect 1,2.0726,109.666,8.668,8.512,2396.405,23.893,89.69,6.417,-451.301,-859.333,-2191.034,KAD_ROB,Peter,Mullidae,Mulloidichthys,flavolineatus,37355019,1,AD,Passing,measurement of point,frame 17806
GX010027_L.MP4,17883,9.9449,KAD_ROB_Transect 1,2.0726,106.557,7.287,9.876,2248.862,25.323,88.002,6.682,-562.896,-779.966,-2032.777,KAD_ROB,Peter,Mullidae,Mulloidichthys,flavolineatus,37355019,1,AD,Passing,measurement of point,frame 17806
GX010027_L.MP4,17934,9.9733,KAD_ROB_Transect 1,2.101,143.011,3.415,5.331,2765.525,20.534,6.135,0.817,-492.305,-835.837,-2589.815,KAD_ROB,Peter,Scaridae,Chlorurus,spilurus,temp_code_002,1,AD,Passing,,
GX010027_L.MP4,17934,9.9733,KAD_ROB_Transect 1,2.101,152.982,9.732,13.498,2682.394,24.38,80.431,11.102,-1075.542,-263.188,-2443.19,KAD_ROB,Peter,Acanthuridae,Zebrasoma,scopas,37437036,1,AD,Passing,,
GX010027_L.MP4,17979,9.9983,KAD_ROB_Transect 1,2.126,172.24,13.75,3.027,4099.655,16.131,26.286,6.484,-264.552,-1107.865,-3938.25,KAD_ROB,Peter,Scaridae,Chlorurus,spilurus,temp_code_002,1,AD,Passing,,
GX010027_L.MP4,18136,10.0856,KAD_ROB_Transect 1,2.2133,,7.787,3.49,3883.432,24.557,,,-1595.181,-247.451,-3532.026,KAD_ROB,Peter,Lethrinidae,Monotaxis,grandoculis,37351026,1,AD,Passing,,
GX010027_L.MP4,18224,10.1346,KAD_ROB_Transect 1,2.2623,,20.81,0.162,6272.691,19.301,,,-2045.787,-340.301,-5919.933,KAD_ROB,Peter,Acanthuridae,Acanthurus,sp,,1,AD,Passing,,
GX010027_L.MP4,18224,10.1346,KAD_ROB_Transect 1,2.2623,159.497,9.127,6.044,3892.95,18.668,11.154,7.48,-1132.091,-520.642,-3688.138,KAD_ROB,Peter,Lethrinidae,Monotaxis,grandoculis,37351026,1,AD,Passing,,
GX010027_L.MP4,18224,10.1346,KAD_ROB_Transect 1,2.2623,,12.895,3.427,4590.437,15.087,,,646.44,-1007.416,-4431.629,KAD_ROB,Peter,Scaridae,Scarus,sp,,1,AD,Passing,,
GX010027_L.MP4,18302,10.1779,KAD_ROB_Transect 1,2.3056,185.729,5.348,2.966,3075.646,17.317,14.958,2.098,-429.75,-808.368,-2936.231,KAD_ROB,Peter,Mullidae,Parupeneus,barberinus,37355022,1,AD,Passing,,
GX010027_L.MP4,18333,10.1952,KAD_ROB_Transect 1,2.3229,139.021,10.618,0.374,4155.889,26.651,0.424,22.898,1741.659,-664.606,-3714.342,KAD_ROB,Peter,Scaridae,Chlorurus,spilurus,temp_code_002,1,AD,Passing,,
GX010027_L.MP4,18399,10.2319,KAD_ROB_Transect 1,2.3596,,1.419,5.972,1458.612,24.23,,,-279.832,-529.965,-1329.804,KAD_ROB,Peter,Mullidae,Mulloidichthys,flavolineatus,37355019,1,AD,Passing,,
GX010027_L.MP4,18399,10.2319,KAD_ROB_Transect 1,2.3596,,1.777,0.217,1621.12,18.855,,,-293.818,-434.665,-1533.873,KAD_ROB,Peter,Mullidae,Mulloidichthys,flavolineatus,37355019,1,AD,Passing,,
GX010027_L.MP4,18399,10.2319,KAD_ROB_Transect 1,2.3596,,2.012,1.918,1732.477,17.765,,,-306.071,-431.929,-1649.617,KAD_ROB,Peter,Mullidae,Mulloidichthys,flavolineatus,37355019,1,AD,Passing,,
GX010027_L.MP4,18399,10.2319,KAD_ROB_Transect 1,2.3596,,1.617,0.149,1537.282,18.043,,,-194.973,-435.258,-1461.428,KAD_ROB,Peter,Mullidae,Mulloidichthys,flavolineatus,37355019,1,AD,Passing,,
GX010027_L.MP4,18399,10.2319,KAD_ROB_Transect 1,2.3596,,1.574,1.13,1519.699,18.843,,,-146.927,-469.155,-1437.982,KAD_ROB,Peter,Mullidae,Mulloidichthys,flavolineatus,37355019,1,AD,Passing,,
GX010027_L.MP4,18399,10.2319,KAD_ROB_Transect 1,2.3596,,1.799,2.491,1629.606,17.037,,,32.16,-477.287,-1557.812,KAD_ROB,Peter,Mullidae,Mulloidichthys,flavolineatus,37355019,1,AD,Passing,,
GX010027_L.MP4,18399,10.2319,KAD_ROB_Transect 1,2.3596,,1.512,5.156,1489.455,21.469,,,220.549,-499.338,-1385.82,KAD_ROB,Peter,Mullidae,Mulloidichthys,flavolineatus,37355019,1,AD,Passing,,
GX010027_L.MP4,18399,10.2319,KAD_ROB_Transect 1,2.3596,,2.713,5.045,2034.658,19.378,,,268.304,-620.613,-1919.033,KAD_ROB,Peter,Mullidae,Mulloidichthys,flavolineatus,37355019,1,AD,Passing,,
GX010027_L.MP4,18399,10.2319,KAD_ROB_Transect 1,2.3596,,2.784,1.674,2066.38,20.273,,,302.294,-650.159,-1937.999,KAD_ROB,Peter,Mullidae,Mulloidichthys,flavolineatus,37355019,1,AD,Passing,,
GX010027_L.MP4,18399,10.2319,KAD_ROB_Transect 1,2.3596,,2.394,1.919,1889.344,15.516,,,202.14,-464.312,-1820.213,KAD_ROB,Peter,Mullidae,Mulloidichthys,flavolineatus,37355019,1,AD,Passing,,
GX010027_L.MP4,18399,10.2319,KAD_ROB_Transect 1,2.3596,,2.601,3.244,1972.061,15.245,,,291.584,-429.9,-1902.416,KAD_ROB,Peter,Mullidae,Mulloidichthys,flavolineatus,37355019,1,AD,Passing,,
GX010027_L.MP4,18417,10.2419,KAD_ROB_Transect 1,2.3696,211.372,7.391,17.244,2162.22,18.433,65.266,2.893,189.562,-656.896,-2051.28,KAD_ROB,Peter,Mullidae,Mulloidichthys,flavolineatus,37355019,1,AD,Passing,,
GX010027_L.MP4,18417,10.2419,KAD_ROB_Transect 1,2.3696,106.556,5.242,1.3,1888.616,20.109,68.942,21.889,273.988,-588.686,-1773.485,KAD_ROB,Peter,Mullidae,Mulloidichthys,flavolineatus,37355019,1,AD,Passing,,
GX010027_L.MP4,18417,10.2419,KAD_ROB_Transect 1,2.3696,82.837,5.115,2.781,1883.024,17.049,56.5,13.855,292.653,-468.116,-1800.278,KAD_ROB,Peter,Mullidae,Mulloidichthys,flavolineatus,37355019,1,AD,Passing,,
GX010027_L.MP4,18417,10.2419,KAD_ROB_Transect 1,2.3696,,2.088,1.382,1764.823,20.571,,,384.533,-487.445,-1652.008,KAD_ROB,Peter,Mullidae,Mulloidichthys,flavolineatus,37355019,1,AD,Passing,,
GX010027_L.MP4,18417,10.2419,KAD_ROB_Transect 1,2.3696,,2.27,1.196,1841.215,19.194,,,416.548,-440.235,-1738.607,KAD_ROB,Peter,Mullidae,Mulloidichthys,flavolineatus,37355019,1,AD,Passing,,
GX010027_L.MP4,18417,10.2419,KAD_ROB_Transect 1,2.3696,,2.886,5.594,2102.134,19.276,,,524.552,-455.509,-1984.017,KAD_ROB,Peter,Mullidae,Mulloidichthys,flavolineatus,37355019,1,AD,Passing,,
GX010027_L.MP4,18417,10.2419,KAD_ROB_Transect 1,2.3696,,2.361,6.202,1917.411,23.634,,,622.52,-451.955,-1756.323,KAD_ROB,Peter,Mullidae,Mulloidichthys,flavolineatus,37355019,1,AD,Passing,,
GX010027_L.MP4,18417,10.2419,KAD_ROB_Transect 1,2.3696,,1.784,1.918,1619.799,17.641,,,-269.354,-411.291,-1543.384,KAD_ROB,Peter,Mullidae,Mulloidichthys,flavolineatus,37355019,1,AD,Passing,,
GX010027_L.MP4,18417,10.2419,KAD_ROB_Transect 1,2.3696,,1.661,0.87,1558.03,17.227,,,-175.01,-427.81,-1487.887,KAD_ROB,Peter,Mullidae,Mulloidichthys,flavolineatus,37355019,1,AD,Passing,,
GX010027_L.MP4,18417,10.2419,KAD_ROB_Transect 1,2.3696,,1.524,0.836,1488.266,17.242,,,-77.872,-435.033,-1421.133,KAD_ROB,Peter,Mullidae,Mulloidichthys,flavolineatus,37355019,1,AD,Passing,,
GX010027_L.MP4,18417,10.2419,KAD_ROB_Transect 1,2.3696,,1.001,4.431,1179.261,18.241,,,92.991,-357.867,-1119.795,KAD_ROB,Peter,Mullidae,Mulloidichthys,flavolineatus,37355019,1,AD,Passing,,
GX010027_L.MP4,18455,10.263,KAD_ROB_Transect 1,2.3907,153.807,8.966,1.265,3336.002,19.134,23.614,9.841,-1006.715,-426.847,-3151.704,KAD_ROB,Peter,Scaridae,Chlorurus,bleekeri,37386011,1,AD,Passing,,
GX010027_L.MP4,24883,13.8377,KAD_ROB_Transect 2,0.4482,208.499,3.489,3.467,2534.138,12.711,13.032,5.58,193.064,-523.085,-2472.037,KAD_ROB,Peter,Labridae,Cheilinus,fasciatus,37384066,1,AD,Passing,,
GX010027_L.MP4,24883,13.8377,KAD_ROB_Transect 2,0.4482,130.385,10.339,3.123,2679.173,10.504,87.923,43.103,135.02,-469.407,-2634.273,KAD_ROB,Peter,Mullidae,Mulloidichthys,flavolineatus,37355019,1,AD,Passing,,
GX010027_L.MP4,24883,13.8377,KAD_ROB_Transect 2,0.4482,200.813,4.836,4.389,2394.774,14.544,27.042,25.487,226.774,-557.006,-2318.029,KAD_ROB,Peter,Mullidae,Parupeneus,barberinus,37355022,1,AD,Passing,,
GX010027_L.MP4,24911,13.8533,KAD_ROB_Transect 2,0.4638,229.257,10.898,6.043,2972.334,17.707,42.977,3.215,900.333,-81.817,-2831.515,KAD_ROB,Peter,Labridae,Cheilinus,fasciatus,37384066,1,AD,Passing,,
GX010027_L.MP4,25356,14.1008,KAD_ROB_Transect 2,0.7113,,4.918,5.695,3023.903,24.063,,,-1225.658,132.315,-2761.204,KAD_ROB,Peter,Acanthuridae,Ctenochaetus,striatus,37437022,1,AD,Passing,,
GX010027_L.MP4,25410,14.1308,KAD_ROB_Transect 2,0.7413,116.077,9.927,3.196,2801.245,25.286,80.497,18.987,-1183.997,-172.681,-2532.845,KAD_ROB,Peter,Pomacentridae,Dascyllus,trimaculatus,37372075,1,AD,Passing,,
GX010027_L.MP4,25477,14.168,KAD_ROB_Transect 2,0.7786,73.631,7.249,3.828,2270.93,22.927,68.08,15.026,684.29,-560.667,-2091.536,KAD_ROB,Peter,Chaetodontidae,Chaetodon,lunulatus,37365059,1,AD,Passing,,
GX010027_L.MP4,25500,14.1808,KAD_ROB_Transect 2,0.7913,,2.523,7.089,2030.726,26.288,,,790.611,-429.8,-1820.455,KAD_ROB,Peter,Pomacentridae,Pomacentrus,maafu,temp_code_005,1,AD,Passing,,
GX010027_L.MP4,25577,14.2237,KAD_ROB_Transect 2,0.8342,,5.42,12.367,3160.115,27.698,,,-1259.877,-756.793,-2797.553,KAD_ROB,Peter,Pomacentridae,Amphiprion,barberi,temp_code_014,1,AD,Passing,,
GX010027_L.MP4,25645,14.2615,KAD_ROB_Transect 2,0.872,138.516,6.741,3.841,3113.44,24.259,15.219,0.445,-1143.152,-574.023,-2838.523,KAD_ROB,Peter,Pomacanthidae,Pygoplites,diacanthus,37365082,1,AD,Passing,,
GX010027_L.MP4,25694,14.2887,KAD_ROB_Transect 2,0.8992,82.178,7.957,7.301,2368.637,22.326,70.177,11.569,-661.786,-609.615,-2191.085,KAD_ROB,Peter,Pomacentridae,Stegastes,lacrymatus,temp_code_006,1,AD,Passing,,
GX010027_L.MP4,25742,14.3154,KAD_ROB_Transect 2,0.9259,50.074,4.148,0.561,1975.409,12.613,33.967,16.116,174.156,-394.624,-1927.74,KAD_ROB,Peter,Pomacentridae,Pomacentrus,moluccensis,37372118,1,AD,Passing,,
GX010027_L.MP4,25752,14.321,KAD_ROB_Transect 2,0.9315,,3.86,0.958,2494.629,21.225,,,783.68,-450.223,-2325.149,KAD_ROB,Peter,Pomacentridae,Pomacentrus,maafu,temp_code_005,1,AD,Passing,,
GX010027_L.MP4,25836,14.3677,KAD_ROB_Transect 2,0.9782,103.168,6.31,3.64,2393.456,16.594,38.174,14.657,19.104,-683.276,-2293.774,KAD_ROB,Peter,Nemipteridae,Scolopsis,bilineata,37347031,1,AD,Passing,,
GX010027_L.MP4,25836,14.3677,KAD_ROB_Transect 2,0.9782,149.732,4.414,1.569,2726.226,14.398,15.109,1.833,-342.44,-585.019,-2640.605,KAD_ROB,Peter,Nemipteridae,Scolopsis,bilineata,37347031,1,AD,Passing,,
GX010027_L.MP4,25970,14.4422,KAD_ROB_Transect 2,1.0527,,6.814,3.994,3581.484,24.512,,,-1427.704,-413.627,-3258.466,KAD_ROB,Peter,Mullidae,Mulloidichthys,flavolineatus,37355019,1,AD,Passing,,
GX010027_L.MP4,25970,14.4422,KAD_ROB_Transect 2,1.0527,,5.244,0.249,2916.267,5.717,,,10.826,-292.019,-2901.59,KAD_ROB,Peter,Mullidae,Mulloidichthys,flavolineatus,37355019,1,AD,Passing,,
GX010027_L.MP4,25970,14.4422,KAD_ROB_Transect 2,1.0527,,5.882,5.619,3108.789,4.546,,,66.259,-239.158,-3098.868,KAD_ROB,Peter,Mullidae,Mulloidichthys,flavolineatus,37355019,1,AD,Passing,,
GX010027_L.MP4,25970,14.4422,KAD_ROB_Transect 2,1.0527,,6.177,2.019,3181.121,5.76,,,182.881,-263.541,-3164.906,KAD_ROB,Peter,Mullidae,Mulloidichthys,flavolineatus,37355019,1,AD,Passing,,
GX010027_L.MP4,25970,14.4422,KAD_ROB_Transect 2,1.0527,,5.019,3.102,2841.89,6.604,,,52.75,-324.206,-2822.843,KAD_ROB,Peter,Mullidae,Mulloidichthys,flavolineatus,37355019,1,AD,Passing,,
GX010027_L.MP4,25970,14.4422,KAD_ROB_Transect 2,1.0527,,6.78,5.792,3344.776,5.902,,,295.251,-178.322,-3326.944,KAD_ROB,Peter,Mullidae,Mulloidichthys,flavolineatus,37355019,1,AD,Passing,,
GX010027_L.MP4,25970,14.4422,KAD_ROB_Transect 2,1.0527,,6.222,2.988,3198.017,5.142,,,218.606,-187.231,-3185.038,KAD_ROB,Peter,Mullidae,Mulloidichthys,flavolineatus,37355019,1,AD,Passing,,
GX010027_L.MP4,25970,14.4422,KAD_ROB_Transect 2,1.0527,,6.649,2.901,3320.106,4.55,,,160.126,-211.024,-3309.522,KAD_ROB,Peter,Mullidae,Mulloidichthys,flavolineatus,37355019,1,AD,Passing,,
GX010027_L.MP4,25970,14.4422,KAD_ROB_Transect 2,1.0527,,6.254,5.297,3218.6,3.676,,,94.096,-185.553,-3211.869,KAD_ROB,Peter,Mullidae,Mulloidichthys,flavolineatus,37355019,1,AD,Passing,,
GX010027_L.MP4,25970,14.4422,KAD_ROB_Transect 2,1.0527,,5.909,1.345,3123.871,3.47,,,21.678,-189.628,-3118.034,KAD_ROB,Peter,Mullidae,Mulloidichthys,flavolineatus,37355019,1,AD,Passing,,
GX010027_L.MP4,25970,14.4422,KAD_ROB_Transect 2,1.0527,,6.086,2.157,3175.857,3.035,,,49.197,-162.64,-3171.309,KAD_ROB,Peter,Mullidae,Mulloidichthys,flavolineatus,37355019,1,AD,Passing,,
GX010027_L.MP4,25970,14.4422,KAD_ROB_Transect 2,1.0527,,6.67,1.504,3341.317,2.525,,,51.571,-139.85,-3337.991,KAD_ROB,Peter,Mullidae,Mulloidichthys,flavolineatus,37355019,1,AD,Passing,,
GX010027_L.MP4,25970,14.4422,KAD_ROB_Transect 2,1.0527,,7.164,2.078,3470.434,2.8,,,131.095,-109.491,-3466.228,KAD_ROB,Peter,Mullidae,Mulloidichthys,flavolineatus,37355019,1,AD,Passing,,
GX010027_L.MP4,25970,14.4422,KAD_ROB_Transect 2,1.0527,,6.895,0.439,3404.098,2.001,,,79.562,-90.306,-3401.97,KAD_ROB,Peter,Mullidae,Mulloidichthys,flavolineatus,37355019,1,AD,Passing,,
GX010027_L.MP4,25970,14.4422,KAD_ROB_Transect 2,1.0527,,7.328,2.151,3507.858,3.559,,,198.613,-91.342,-3501.039,KAD_ROB,Peter,Mullidae,Mulloidichthys,flavolineatus,37355019,1,AD,Passing,,
GX010027_L.MP4,25970,14.4422,KAD_ROB_Transect 2,1.0527,,7.623,1.758,3587.474,3.061,,,183.966,-55.631,-3582.322,KAD_ROB,Peter,Mullidae,Mulloidichthys,flavolineatus,37355019,1,AD,Passing,,
GX010027_L.MP4,25970,14.4422,KAD_ROB_Transect 2,1.0527,,7.262,5.342,3487.408,4.071,,,245.82,-31.599,-3478.59,KAD_ROB,Peter,Mullidae,Mulloidichthys,flavolineatus,37355019,1,AD,Passing,,
GX010027_L.MP4,25970,14.4422,KAD_ROB_Transect 2,1.0527,,8.144,1.641,3692.924,6.378,,,407.667,-47.92,-3670.041,KAD_ROB,Peter,Mullidae,Mulloidichthys,flavolineatus,37355019,1,AD,Passing,,
GX010027_L.MP4,25970,14.4422,KAD_ROB_Transect 2,1.0527,,7.523,3.381,3533.336,7.348,,,448.333,-58.743,-3504.284,KAD_ROB,Peter,Mullidae,Mulloidichthys,flavolineatus,37355019,1,AD,Passing,,
GX010027_L.MP4,25970,14.4422,KAD_ROB_Transect 2,1.0527,,7.833,1.562,3605.908,8.302,,,514.514,-82.007,-3568.07,KAD_ROB,Peter,Mullidae,Mulloidichthys,flavolineatus,37355019,1,AD,Passing,,
GX010027_L.MP4,25970,14.4422,KAD_ROB_Transect 2,1.0527,,6.974,2.646,3393.15,6.966,,,403.965,-80.545,-3368.054,KAD_ROB,Peter,Mullidae,Mulloidichthys,flavolineatus,37355019,1,AD,Passing,,
GX010027_L.MP4,25970,14.4422,KAD_ROB_Transect 2,1.0527,,7.379,3.013,3501.135,6.279,,,368.678,-105.52,-3480.07,KAD_ROB,Peter,Mullidae,Mulloidichthys,flavolineatus,37355019,1,AD,Passing,,
GX010027_L.MP4,25970,14.4422,KAD_ROB_Transect 2,1.0527,,7.301,4.935,3473.855,7.593,,,446.105,-110.235,-3443.328,KAD_ROB,Peter,Mullidae,Mulloidichthys,flavolineatus,37355019,1,AD,Passing,,
GX010027_L.MP4,25970,14.4422,KAD_ROB_Transect 2,1.0527,,8.094,1.036,3679.698,6.578,,,420.338,29.913,-3655.488,KAD_ROB,Peter,Mullidae,Mulloidichthys,flavolineatus,37355019,1,AD,Passing,,
GX010027_L.MP4,25970,14.4422,KAD_ROB_Transect 2,1.0527,,7.089,7.044,3554.054,19.549,,,-1150.106,-304.501,-3349.005,KAD_ROB,Peter,Mullidae,Mulloidichthys,flavolineatus,37355019,1,AD,Passing,,
GX010027_L.MP4,25970,14.4422,KAD_ROB_Transect 2,1.0527,,6.881,6.208,3475.932,18.73,,,-1067.99,-326.175,-3291.673,KAD_ROB,Peter,Mullidae,Mulloidichthys,flavolineatus,37355019,1,AD,Passing,,
GX010027_L.MP4,25970,14.4422,KAD_ROB_Transect 2,1.0527,,6.719,4.586,3431.862,19.037,,,-1061.73,-356.474,-3243.969,KAD_ROB,Peter,Mullidae,Mulloidichthys,flavolineatus,37355019,1,AD,Passing,,
GX010027_L.MP4,25970,14.4422,KAD_ROB_Transect 2,1.0527,,7.948,3.081,3734.447,18.532,,,-1110.384,-421.392,-3540.561,KAD_ROB,Peter,Mullidae,Mulloidichthys,flavolineatus,37355019,1,AD,Passing,,
GX010027_L.MP4,25970,14.4422,KAD_ROB_Transect 2,1.0527,,7.506,3.911,3661.684,19.803,,,-1188.975,-355.893,-3444.94,KAD_ROB,Peter,Mullidae,Mulloidichthys,flavolineatus,37355019,1,AD,Passing,,
GX010027_L.MP4,25970,14.4422,KAD_ROB_Transect 2,1.0527,,8.152,1.133,3849.684,20.977,,,-1320.327,-397.08,-3594.319,KAD_ROB,Peter,Mullidae,Mulloidichthys,flavolineatus,37355019,1,AD,Passing,,
GX010027_L.MP4,25970,14.4422,KAD_ROB_Transect 2,1.0527,,7.446,3.988,3699.694,22.609,,,-1354.288,-436.55,-3415.123,KAD_ROB,Peter,Mullidae,Mulloidichthys,flavolineatus,37355019,1,AD,Passing,,
GX010027_L.MP4,25970,14.4422,KAD_ROB_Transect 2,1.0527,,6.14,1.115,3346.86,23.31,,,-1250.656,-437.453,-3073.429,KAD_ROB,Peter,Mullidae,Mulloidichthys,flavolineatus,37355019,1,AD,Passing,,
GX010027_L.MP4,25970,14.4422,KAD_ROB_Transect 2,1.0527,,6.236,1.376,3391.063,23.864,,,-1302.793,-431.727,-3100.911,KAD_ROB,Peter,Mullidae,Mulloidichthys,flavolineatus,37355019,1,AD,Passing,,
GX010027_L.MP4,25970,14.4422,KAD_ROB_Transect 2,1.0527,,8.53,2.797,3914.385,21.337,,,-1305.651,-571.218,-3645.737,KAD_ROB,Peter,Mullidae,Mulloidichthys,flavolineatus,37355019,1,AD,Passing,,
GX010027_L.MP4,25970,14.4422,KAD_ROB_Transect 2,1.0527,,8.004,1.768,3732.143,18.595,,,-1079.549,-502.936,-3537.022,KAD_ROB,Peter,Mullidae,Mulloidichthys,flavolineatus,37355019,1,AD,Passing,,
GX010027_L.MP4,25970,14.4422,KAD_ROB_Transect 2,1.0527,,6.492,9.679,3481.662,24.506,,,-1375.151,-442.892,-3167.772,KAD_ROB,Peter,Mullidae,Mulloidichthys,flavolineatus,37355019,1,AD,Passing,,
GX010027_L.MP4,25970,14.4422,KAD_ROB_Transect 2,1.0527,,6.028,5.416,3355.604,25.199,,,-1350.39,-468.281,-3035.99,KAD_ROB,Peter,Mullidae,Mulloidichthys,flavolineatus,37355019,1,AD,Passing,,
GX010027_L.MP4,25970,14.4422,KAD_ROB_Transect 2,1.0527,,6.846,6.927,3568.606,24.247,,,-1385.474,-479.704,-3253.505,KAD_ROB,Peter,Mullidae,Mulloidichthys,flavolineatus,37355019,1,AD,Passing,,
GX010027_L.MP4,26028,14.4745,KAD_ROB_Transect 2,1.085,,6.701,1.861,3653.153,26.434,,,-1626.034,-30.541,-3271.178,KAD_ROB,Peter,Pomacentridae,Stegastes,lacrymatus,temp_code_006,1,AD,Passing,,
GX010027_L.MP4,26075,14.5006,KAD_ROB_Transect 2,1.1111,87.151,3.086,1.163,1987.873,15.811,20.099,10.886,-409.723,-354.234,-1912.664,KAD_ROB,Peter,Mullidae,Mulloidichthys,flavolineatus,37355019,1,AD,Passing,measurement of point,frame 25970
GX010027_L.MP4,26075,14.5006,KAD_ROB_Transect 2,1.1111,86.411,3.694,0.67,2024.873,14.746,26.113,3.293,-350.465,-377.912,-1958.18,KAD_ROB,Peter,Mullidae,Mulloidichthys,flavolineatus,37355019,1,AD,Passing,measurement of point,frame 25970
GX010027_L.MP4,26075,14.5006,KAD_ROB_Transect 2,1.1111,89.047,3.042,2.79,1983.952,13.295,21.135,7.561,-216.282,-401.702,-1930.783,KAD_ROB,Peter,Mullidae,Mulloidichthys,flavolineatus,37355019,1,AD,Passing,measurement of point,frame 25970
GX010027_L.MP4,26075,14.5006,KAD_ROB_Transect 2,1.1111,79.201,3.97,1.57,1930.632,15.798,36.229,18.978,-347.148,-394.652,-1857.708,KAD_ROB,Peter,Mullidae,Mulloidichthys,flavolineatus,37355019,1,AD,Passing,measurement of point,frame 25970
GX010027_L.MP4,26101,14.5151,KAD_ROB_Transect 2,1.1256,,4.668,0.927,2925.016,26.841,,,1302.746,-218.475,-2609.759,KAD_ROB,Peter,Pomacentridae,Dascyllus,aruanus,37372073,1,AD,Passing,,
GX010027_L.MP4,26101,14.5151,KAD_ROB_Transect 2,1.1256,,6.571,0.05,3321.06,2.938,,,-167.197,-33.978,-3316.675,KAD_ROB,Peter,Pomacentridae,Dascyllus,reticulatus,37372074,1,AD,Passing,,
GX010027_L.MP4,26152,14.5434,KAD_ROB_Transect 2,1.1539,,2.935,2.202,2117.031,5.532,,,112.677,-171.385,-2107.072,KAD_ROB,Peter,Pomacentridae,Dascyllus,reticulatus,37372074,1,AD,Passing,,
GX010027_L.MP4,26203,14.5718,KAD_ROB_Transect 2,1.1823,,1.354,0.507,1388.541,15.478,,,-43.895,-368.725,-1337.969,KAD_ROB,Peter,Pomacentridae,Pomacentrus,moluccensis,37372118,1,AD,Passing,,
GX010027_L.MP4,26214,14.5779,KAD_ROB_Transect 2,1.1884,47.702,3.579,6.13,2185.23,22.153,16.188,8.28,-735.579,-371.335,-2023.923,KAD_ROB,Peter,Pomacentridae,Dascyllus,reticulatus,37372074,1,AD,Passing,,
GX010027_L.MP4,26260,14.6035,KAD_ROB_Transect 2,1.214,68.879,4.184,1.204,2110.138,8.31,26.763,4.469,136.288,-272.822,-2087.983,KAD_ROB,Peter,Pomacentridae,Dascyllus,reticulatus,37372074,1,AD,Passing,,
GX010027_L.MP4,26260,14.6035,KAD_ROB_Transect 2,1.214,47.222,3.858,2.624,1677.582,10.414,48.967,21.143,252.239,-168.288,-1649.951,KAD_ROB,Peter,Pomacentridae,Dascyllus,reticulatus,37372074,1,AD,Passing,,
GX010027_L.MP4,26260,14.6035,KAD_ROB_Transect 2,1.214,42.438,3.382,2.605,1496.785,14.676,61.143,17.207,96.157,-366.819,-1447.951,KAD_ROB,Peter,Pomacentridae,Dascyllus,reticulatus,37372074,1,AD,Passing,,
GX010027_L.MP4,26260,14.6035,KAD_ROB_Transect 2,1.214,58.322,4.421,9.496,1721.114,21.193,70.812,3.39,-461.031,-417.839,-1604.71,KAD_ROB,Peter,Pomacentridae,Dascyllus,reticulatus,37372074,1,AD,Passing,,
GX010027_L.MP4,26389,14.6752,KAD_ROB_Transect 2,1.2857,141.907,4.437,3.611,1930.88,20.421,43.283,2.23,366.844,-565.098,-1809.526,KAD_ROB,Peter,Mullidae,Mulloidichthys,flavolineatus,37355019,1,AD,Passing,,
GX010027_L.MP4,26389,14.6752,KAD_ROB_Transect 2,1.2857,141.103,6.314,17.771,2416.116,17.247,36.884,9.837,149.302,-700.62,-2307.478,KAD_ROB,Peter,Mullidae,Mulloidichthys,flavolineatus,37355019,1,AD,Passing,,
GX010027_L.MP4,26389,14.6752,KAD_ROB_Transect 2,1.2857,,1.482,7.823,1489.245,23.822,,,-344.164,-494.102,-1362.082,KAD_ROB,Peter,Mullidae,Mulloidichthys,flavolineatus,37355019,1,AD,Passing,,
GX010027_L.MP4,26389,14.6752,KAD_ROB_Transect 2,1.2857,,1.819,3.438,1673.362,23.116,,,-516.104,-407.396,-1538.768,KAD_ROB,Peter,Mullidae,Mulloidichthys,flavolineatus,37355019,1,AD,Passing,,
GX010027_L.MP4,26389,14.6752,KAD_ROB_Transect 2,1.2857,,1.29,0.187,1377.224,21.529,,,23.272,-505.618,-1280.842,KAD_ROB,Peter,Mullidae,Mulloidichthys,flavolineatus,37355019,1,AD,Passing,,
GX010027_L.MP4,26389,14.6752,KAD_ROB_Transect 2,1.2857,,2.765,0.671,2061.429,17.457,,,-215.471,-580.805,-1966.145,KAD_ROB,Peter,Mullidae,Mulloidichthys,flavolineatus,37355019,1,AD,Passing,,
GX010027_L.MP4,26389,14.6752,KAD_ROB_Transect 2,1.2857,,2.267,3.637,1879.284,24.88,,,580.379,-537.917,-1704.556,KAD_ROB,Peter,Mullidae,Mulloidichthys,flavolineatus,37355019,1,AD,Passing,,
GX010027_L.MP4,26389,14.6752,KAD_ROB_Transect 2,1.2857,,4.032,18.612,2692.131,31.543,,,1169.479,-786.035,-2293.913,KAD_ROB,Peter,Mullidae,Mulloidichthys,flavolineatus,37355019,1,AD,Passing,,
GX010027_L.MP4,26389,14.6752,KAD_ROB_Transect 2,1.2857,,2.763,0.015,2042.914,15.068,,,465.486,-256.868,-1972.522,KAD_ROB,Peter,Mullidae,Mulloidichthys,flavolineatus,37355019,1,AD,Passing,,
GX010027_L.MP4,26389,14.6752,KAD_ROB_Transect 2,1.2857,,2.683,0.418,2030.366,18.064,,,592.107,-215.036,-1930.17,KAD_ROB,Peter,Mullidae,Mulloidichthys,flavolineatus,37355019,1,AD,Passing,,
GX010027_L.MP4,26389,14.6752,KAD_ROB_Transect 2,1.2857,,2.676,1.479,2039.18,20.238,,,640.768,-296.083,-1913.115,KAD_ROB,Peter,Mullidae,Mulloidichthys,flavolineatus,37355019,1,AD,Passing,,
GX010027_L.MP4,26389,14.6752,KAD_ROB_Transect 2,1.2857,,3.189,0.917,2362.223,26.251,,,1035.446,-140.995,-2118.506,KAD_ROB,Peter,Mullidae,Mulloidichthys,flavolineatus,37355019,1,AD,Passing,,
GX010027_L.MP4,26389,14.6752,KAD_ROB_Transect 2,1.2857,,3.158,1.104,2385.326,28.203,,,1116.647,-155.896,-2102.041,KAD_ROB,Peter,Mullidae,Mulloidichthys,flavolineatus,37355019,1,AD,Passing,,
GX010027_L.MP4,26389,14.6752,KAD_ROB_Transect 2,1.2857,,3.07,2.444,2292.025,25.687,,,966.384,-231.705,-2065.38,KAD_ROB,Peter,Mullidae,Mulloidichthys,flavolineatus,37355019,1,AD,Passing,,
GX010027_L.MP4,26389,14.6752,KAD_ROB_Transect 2,1.2857,,2.588,0.279,2108.869,27.766,,,945.085,-269.403,-1865.895,KAD_ROB,Peter,Mullidae,Mulloidichthys,flavolineatus,37355019,1,AD,Passing,,
GX010027_L.MP4,26389,14.6752,KAD_ROB_Transect 2,1.2857,,3.092,1.34,2235.626,18.835,,,-660.184,-292.966,-2115.739,KAD_ROB,Peter,Mullidae,Mulloidichthys,flavolineatus,37355019,1,AD,Passing,,
GX010027_L.MP4,26389,14.6752,KAD_ROB_Transect 2,1.2857,,3.251,1.729,2270.665,16.026,,,-555.049,-292.655,-2182.245,KAD_ROB,Peter,Mullidae,Mulloidichthys,flavolineatus,37355019,1,AD,Passing,,
GX010027_L.MP4,26389,14.6752,KAD_ROB_Transect 2,1.2857,,4.626,0.903,2755.193,13.557,,,-626.44,-158.674,-2678.336,KAD_ROB,Peter,Mullidae,Mulloidichthys,flavolineatus,37355019,1,AD,Passing,,
GX010027_L.MP4,26389,14.6752,KAD_ROB_Transect 2,1.2857,,3.444,0.882,2322.575,12.833,,,-425.059,-293.635,-2264.389,KAD_ROB,Peter,Mullidae,Mulloidichthys,flavolineatus,37355019,1,AD,Passing,,
GX010027_L.MP4,26389,14.6752,KAD_ROB_Transect 2,1.2857,,3.169,0.449,2215.766,12.238,,,-372.034,-287.961,-2165.246,KAD_ROB,Peter,Mullidae,Mulloidichthys,flavolineatus,37355019,1,AD,Passing,,
GX010027_L.MP4,26389,14.6752,KAD_ROB_Transect 2,1.2857,,2.811,2.518,2085.255,13.678,,,-453.195,-195.512,-2026,KAD_ROB,Peter,Mullidae,Mulloidichthys,flavolineatus,37355019,1,AD,Passing,,
GX010027_L.MP4,26389,14.6752,KAD_ROB_Transect 2,1.2857,,3.229,0.783,2238.442,10.049,,,-329.66,-210.751,-2203.981,KAD_ROB,Peter,Mullidae,Mulloidichthys,flavolineatus,37355019,1,AD,Passing,,
GX010027_L.MP4,26389,14.6752,KAD_ROB_Transect 2,1.2857,,3.495,0.82,2337.359,8.462,,,-275.513,-207.275,-2311.79,KAD_ROB,Peter,Mullidae,Mulloidichthys,flavolineatus,37355019,1,AD,Passing,,
GX010027_L.MP4,26389,14.6752,KAD_ROB_Transect 2,1.2857,,4.25,1.745,2608.821,10.439,,,-429.867,-198.05,-2565.529,KAD_ROB,Peter,Mullidae,Mulloidichthys,flavolineatus,37355019,1,AD,Passing,,
GX010027_L.MP4,26389,14.6752,KAD_ROB_Transect 2,1.2857,,4.824,1.275,2797.591,9.424,,,-432.298,-153.134,-2759.743,KAD_ROB,Peter,Mullidae,Mulloidichthys,flavolineatus,37355019,1,AD,Passing,,
GX010027_L.MP4,26389,14.6752,KAD_ROB_Transect 2,1.2857,,4.038,2.831,2534.865,4.971,,,-139.792,-170.89,-2525.232,KAD_ROB,Peter,Mullidae,Mulloidichthys,flavolineatus,37355019,1,AD,Passing,,
GX010027_L.MP4,26389,14.6752,KAD_ROB_Transect 2,1.2857,,3.783,0.62,2446.437,4.184,,,-104.865,-145.889,-2439.83,KAD_ROB,Peter,Mullidae,Mulloidichthys,flavolineatus,37355019,1,AD,Passing,,
GX010027_L.MP4,26389,14.6752,KAD_ROB_Transect 2,1.2857,,5.141,3.931,2896.589,6.587,,,-311.263,-117.94,-2877.4,KAD_ROB,Peter,Mullidae,Mulloidichthys,flavolineatus,37355019,1,AD,Passing,,
GX010027_L.MP4,26389,14.6752,KAD_ROB_Transect 2,1.2857,,5.423,1.026,2984.158,6.997,,,-356.609,-72.256,-2961.893,KAD_ROB,Peter,Mullidae,Mulloidichthys,flavolineatus,37355019,1,AD,Passing,,
GX010027_L.MP4,26389,14.6752,KAD_ROB_Transect 2,1.2857,,5.733,1.886,3077.921,8.874,,,-470.073,-68.618,-3041.04,KAD_ROB,Peter,Mullidae,Mulloidichthys,flavolineatus,37355019,1,AD,Passing,,
GX010027_L.MP4,26389,14.6752,KAD_ROB_Transect 2,1.2857,,5.691,2.11,3067.458,9.582,,,-506.722,-64.637,-3024.625,KAD_ROB,Peter,Mullidae,Mulloidichthys,flavolineatus,37355019,1,AD,Passing,,
GX010027_L.MP4,26389,14.6752,KAD_ROB_Transect 2,1.2857,,9.08,0.652,3944.674,8.951,,,-612.729,32.79,-3896.657,KAD_ROB,Peter,Mullidae,Mulloidichthys,flavolineatus,37355019,1,AD,Passing,,
GX010027_L.MP4,26389,14.6752,KAD_ROB_Transect 2,1.2857,,4.583,1.516,2723.006,2.019,,,-15.337,-96.268,-2721.261,KAD_ROB,Peter,Mullidae,Mulloidichthys,flavolineatus,37355019,1,AD,Passing,,
GX010027_L.MP4,26389,14.6752,KAD_ROB_Transect 2,1.2857,,5.194,3.308,2917.783,1.473,,,16.617,-74.83,-2916.775,KAD_ROB,Peter,Mullidae,Mulloidichthys,flavolineatus,37355019,1,AD,Passing,,
GX010027_L.MP4,26389,14.6752,KAD_ROB_Transect 2,1.2857,,5.679,1.786,3066.884,0.31,,,-2.513,-18.21,-3066.829,KAD_ROB,Peter,Mullidae,Mulloidichthys,flavolineatus,37355019,1,AD,Passing,,
GX010027_L.MP4,26389,14.6752,KAD_ROB_Transect 2,1.2857,,5.439,1.279,2983.543,3.263,,,146.113,-88.272,-2978.655,KAD_ROB,Peter,Mullidae,Mulloidichthys,flavolineatus,37355019,1,AD,Passing,,
GX010027_L.MP4,26389,14.6752,KAD_ROB_Transect 2,1.2857,,5.791,1.595,3083.067,4.167,,,221.304,-36.52,-3074.897,KAD_ROB,Peter,Mullidae,Mulloidichthys,flavolineatus,37355019,1,AD,Passing,,
GX010027_L.MP4,26389,14.6752,KAD_ROB_Transect 2,1.2857,,4.91,1.927,2814.535,4.684,,,221.68,-62.267,-2805.101,KAD_ROB,Peter,Mullidae,Mulloidichthys,flavolineatus,37355019,1,AD,Passing,,
GX010027_L.MP4,26389,14.6752,KAD_ROB_Transect 2,1.2857,,6.932,1.321,3413.348,2.045,,,121.54,6.28,-3411.177,KAD_ROB,Peter,Mullidae,Mulloidichthys,flavolineatus,37355019,1,AD,Passing,,
GX010027_L.MP4,26389,14.6752,KAD_ROB_Transect 2,1.2857,,6.997,0.345,3434.802,1.198,,,69.997,13.918,-3434.061,KAD_ROB,Peter,Mullidae,Mulloidichthys,flavolineatus,37355019,1,AD,Passing,,
GX010027_L.MP4,26389,14.6752,KAD_ROB_Transect 2,1.2857,,7.292,4.202,3495.82,3.936,,,216.487,101.535,-3487.632,KAD_ROB,Peter,Mullidae,Mulloidichthys,flavolineatus,37355019,1,AD,Passing,,
GX010027_L.MP4,26389,14.6752,KAD_ROB_Transect 2,1.2857,,9.388,1.197,3988.443,5.804,,,391.725,93.614,-3968.056,KAD_ROB,Peter,Mullidae,Mulloidichthys,flavolineatus,37355019,1,AD,Passing,,
GX010027_L.MP4,26389,14.6752,KAD_ROB_Transect 2,1.2857,,8.391,2.332,3751.837,6.212,,,388.41,115.99,-3729.874,KAD_ROB,Peter,Mullidae,Mulloidichthys,flavolineatus,37355019,1,AD,Passing,,
GX010027_L.MP4,26389,14.6752,KAD_ROB_Transect 2,1.2857,,8.682,4.324,3812.513,7.392,,,474.162,123.41,-3780.899,KAD_ROB,Peter,Mullidae,Mulloidichthys,flavolineatus,37355019,1,AD,Passing,,
GX010027_L.MP4,26389,14.6752,KAD_ROB_Transect 2,1.2857,,5.96,0.24,3119.589,6.548,,,353.792,35.542,-3099.259,KAD_ROB,Peter,Mullidae,Mulloidichthys,flavolineatus,37355019,1,AD,Passing,,
GX010027_L.MP4,26389,14.6752,KAD_ROB_Transect 2,1.2857,,6.008,1.285,3136.777,5.834,,,317.5,27.302,-3120.548,KAD_ROB,Peter,Mullidae,Mulloidichthys,flavolineatus,37355019,1,AD,Passing,,
GX010027_L.MP4,26389,14.6752,KAD_ROB_Transect 2,1.2857,,5.791,0.385,3073.287,6.168,,,330.208,-2.954,-3055.495,KAD_ROB,Peter,Mullidae,Mulloidichthys,flavolineatus,37355019,1,AD,Passing,,
GX010027_L.MP4,26389,14.6752,KAD_ROB_Transect 2,1.2857,,6.569,1.499,3296.358,5.157,,,296.223,3.94,-3283.019,KAD_ROB,Peter,Mullidae,Mulloidichthys,flavolineatus,37355019,1,AD,Passing,,
GX010027_L.MP4,26389,14.6752,KAD_ROB_Transect 2,1.2857,,8.942,0.852,3875.191,6.762,,,425.05,163.664,-3848.331,KAD_ROB,Peter,Mullidae,Mulloidichthys,flavolineatus,37355019,1,AD,Passing,,
GX010027_L.MP4,26389,14.6752,KAD_ROB_Transect 2,1.2857,,8.658,2.165,3822.844,5.116,,,297.252,164.624,-3807.713,KAD_ROB,Peter,Mullidae,Mulloidichthys,flavolineatus,37355019,1,AD,Passing,,
GX010027_L.MP4,26389,14.6752,KAD_ROB_Transect 2,1.2857,,10.03,4.106,4121.224,6.221,,,381.115,230.377,-4097.092,KAD_ROB,Peter,Mullidae,Mulloidichthys,flavolineatus,37355019,1,AD,Passing,,
GX010027_L.MP4,26389,14.6752,KAD_ROB_Transect 2,1.2857,,8.81,4.565,3855.567,5.337,,,297.192,198.499,-3838.967,KAD_ROB,Peter,Mullidae,Mulloidichthys,flavolineatus,37355019,1,AD,Passing,,
GX010027_L.MP4,26389,14.6752,KAD_ROB_Transect 2,1.2857,,7.108,1.276,3462.41,4.387,,,-259.971,48.46,-3452.296,KAD_ROB,Peter,Mullidae,Mulloidichthys,flavolineatus,37355019,1,AD,Passing,,
GX010027_L.MP4,26389,14.6752,KAD_ROB_Transect 2,1.2857,,7.749,0.458,3622.858,5.98,,,-369.376,75.442,-3603.189,KAD_ROB,Peter,Mullidae,Mulloidichthys,flavolineatus,37355019,1,AD,Passing,,
GX010027_L.MP4,26389,14.6752,KAD_ROB_Transect 2,1.2857,,8.548,0.694,3815.968,6.415,,,-409.118,117.814,-3792.144,KAD_ROB,Peter,Mullidae,Mulloidichthys,flavolineatus,37355019,1,AD,Passing,,
GX010027_L.MP4,26389,14.6752,KAD_ROB_Transect 2,1.2857,,7.862,0.522,3647.089,7.499,,,-462.105,111.943,-3615.962,KAD_ROB,Peter,Mullidae,Mulloidichthys,flavolineatus,37355019,1,AD,Passing,,
GX010027_L.MP4,26389,14.6752,KAD_ROB_Transect 2,1.2857,,7.443,0.132,3541.616,8.103,,,-487.56,105.007,-3506.324,KAD_ROB,Peter,Mullidae,Mulloidichthys,flavolineatus,37355019,1,AD,Passing,,
GX010027_L.MP4,26399,14.6808,KAD_ROB_Transect 2,1.2913,,2.603,0.082,1989.515,17.458,,,128.716,-583.928,-1897.532,KAD_ROB,Peter,Pomacentridae,Chromis,viridis,37372053,1,AD,Passing,,
GX010027_L.MP4,26399,14.6808,KAD_ROB_Transect 2,1.2913,,2.6,2.17,1985.201,17.27,,,163.763,-567.265,-1895.366,KAD_ROB,Peter,Pomacentridae,Chromis,viridis,37372053,1,AD,Passing,,
GX010027_L.MP4,26399,14.6808,KAD_ROB_Transect 2,1.2913,,2.655,0.956,2009.202,16.394,,,89.927,-561.019,-1927.191,KAD_ROB,Peter,Pomacentridae,Chromis,viridis,37372053,1,AD,Passing,,
GX010027_L.MP4,26399,14.6808,KAD_ROB_Transect 2,1.2913,,2.653,2.176,2006.222,17.594,,,194.974,-575.353,-1912.036,KAD_ROB,Peter,Pomacentridae,Chromis,viridis,37372053,1,AD,Passing,,
GX010027_L.MP4,26399,14.6808,KAD_ROB_Transect 2,1.2913,,2.837,2.008,2076.015,15.787,,,166.311,-540.919,-1997.395,KAD_ROB,Peter,Pomacentridae,Chromis,viridis,37372053,1,AD,Passing,,
GX010027_L.MP4,26399,14.6808,KAD_ROB_Transect 2,1.2913,,2.653,0.15,2001.904,16.712,,,210.622,-536.883,-1917.033,KAD_ROB,Peter,Pomacentridae,Chromis,viridis,37372053,1,AD,Passing,,
GX010027_L.MP4,26399,14.6808,KAD_ROB_Transect 2,1.2913,,2.62,0.235,1990.791,17.041,,,191.856,-552.085,-1903.061,KAD_ROB,Peter,Pomacentridae,Chromis,viridis,37372053,1,AD,Passing,,
GX010027_L.MP4,26399,14.6808,KAD_ROB_Transect 2,1.2913,,2.726,0.932,2029.423,16.423,,,228.566,-527.411,-1946.318,KAD_ROB,Peter,Pomacentridae,Chromis,viridis,37372053,1,AD,Passing,,
GX010027_L.MP4,26399,14.6808,KAD_ROB_Transect 2,1.2913,,2.617,0.186,1990.792,17.962,,,228.425,-570.954,-1893.432,KAD_ROB,Peter,Pomacentridae,Chromis,viridis,37372053,1,AD,Passing,,
GX010027_L.MP4,26399,14.6808,KAD_ROB_Transect 2,1.2913,,2.347,1.111,1887.391,19.764,,,198.603,-607.569,-1775.855,KAD_ROB,Peter,Pomacentridae,Chromis,viridis,37372053,1,AD,Passing,,
GX010027_L.MP4,26477,14.7242,KAD_ROB_Transect 2,1.3347,,3.145,12.993,2334.825,29.952,,,978.12,-635.356,-2022.625,KAD_ROB,Peter,Pomacentridae,Dascyllus,reticulatus,37372074,1,AD,Passing,,
GX010027_L.MP4,26483,14.7275,KAD_ROB_Transect 2,1.338,,3.585,2.916,2412.275,25.221,,,736.15,-718.669,-2181.895,KAD_ROB,Peter,Pomacentridae,Dascyllus,reticulatus,37372074,1,AD,Passing,,
GX010027_L.MP4,26483,14.7275,KAD_ROB_Transect 2,1.338,,3.432,8.769,2385.347,27.327,,,807.677,-740.694,-2118.706,KAD_ROB,Peter,Pomacentridae,Dascyllus,reticulatus,37372074,1,AD,Passing,,
GX010027_L.MP4,26483,14.7275,KAD_ROB_Transect 2,1.338,,3.264,11.751,2335.646,27.885,,,845.968,-692.322,-2064.043,KAD_ROB,Peter,Pomacentridae,Dascyllus,reticulatus,37372074,1,AD,Passing,,
GX010027_L.MP4,26483,14.7275,KAD_ROB_Transect 2,1.338,,3.169,12.646,2323.885,29.134,,,914.932,-666.744,-2029.481,KAD_ROB,Peter,Pomacentridae,Dascyllus,reticulatus,37372074,1,AD,Passing,,
GX010027_L.MP4,26616,14.8015,KAD_ROB_Transect 2,1.412,,6.26,1.783,3185.446,21.888,,,761.098,-913.271,-2955.289,KAD_ROB,Peter,Pomacentridae,Dascyllus,aruanus,37372073,1,AD,Passing,,
GX010027_L.MP4,26616,14.8015,KAD_ROB_Transect 2,1.412,,6.363,1.307,3214.392,19.492,,,219.156,-1051.725,-3029.548,KAD_ROB,Peter,Pomacentridae,Dascyllus,aruanus,37372073,1,AD,Passing,,
GX010027_L.MP4,26616,14.8015,KAD_ROB_Transect 2,1.412,,6.674,1.285,3284.308,19.809,,,363.226,-1053.895,-3089.344,KAD_ROB,Peter,Pomacentridae,Dascyllus,aruanus,37372073,1,AD,Passing,,
GX010027_L.MP4,26717,14.8576,KAD_ROB_Transect 2,1.4681,,14.816,7.207,5133.826,24.436,,,-1558.49,1439.967,-4674.802,KAD_ROB,Peter,Pomacentridae,Dascyllus,trimaculatus,37372075,1,AD,Passing,,
GX010027_L.MP4,26777,14.891,KAD_ROB_Transect 2,1.5015,92.948,8.253,11.079,2901.721,24.13,58.537,40.782,-1042.676,565.72,-2648.164,KAD_ROB,Peter,Pomacentridae,Amblyglyphidodon,orbicularis,temp_code_001,1,AD,Passing,,
GX010027_L.MP4,26777,14.891,KAD_ROB_Transect 2,1.5015,79.758,2.654,9.15,1918.376,25.88,7.548,5.715,691.18,-472.698,-1725.976,KAD_ROB,Peter,Mullidae,Mulloidichthys,flavolineatus,37355019,1,AD,Passing,,
GX010027_L.MP4,26777,14.891,KAD_ROB_Transect 2,1.5015,,2.275,10.575,1916.339,27.25,,,718.047,-505.293,-1703.362,KAD_ROB,Peter,Mullidae,Mulloidichthys,flavolineatus,37355019,1,AD,Passing,,
GX010027_L.MP4,26922,14.9716,KAD_ROB_Transect 2,1.5821,,3.188,5.878,2237.995,19.752,,,-331.078,-681.231,-2105.929,KAD_ROB,Peter,Chaetodontidae,Chaetodon,mertensii,37365044,1,AD,Passing,,
GX010027_L.MP4,26931,14.9766,KAD_ROB_Transect 2,1.5871,,3.314,7.504,2298.63,21.337,,,-23.884,-837.273,-2140.585,KAD_ROB,Peter,Chaetodontidae,Chaetodon,mertensii,37365044,1,AD,Passing,,
GX010027_L.MP4,26936,14.9794,KAD_ROB_Transect 2,1.5899,,5.727,0.435,3125.943,15.815,,,-843.271,-122.987,-3007.538,KAD_ROB,Peter,Pomacentridae,Dascyllus,trimaculatus,37372075,1,AD,Passing,,
GX010027_L.MP4,26979,15.0033,KAD_ROB_Transect 2,1.6138,206.41,12.663,2.361,3938.352,11.939,27.665,29.776,-60.217,-812.511,-3853.157,KAD_ROB,Peter,Balistidae,Balistapus,undulatus,37465047,1,AD,Passing,,
GX010027_L.MP4,26979,15.0033,KAD_ROB_Transect 2,1.6138,,3.068,14.372,2335.363,27.587,,,-972.509,-474.327,-2069.58,KAD_ROB,Peter,Pomacanthidae,Centropyge,heraldi,37385027,1,AD,Passing,,
GX010027_L.MP4,26979,15.0033,KAD_ROB_Transect 2,1.6138,,6.725,1.159,3367.516,17.129,,,-852.519,-508.783,-3217.843,KAD_ROB,Peter,Chaetodontidae,Chaetodon,baronessa,37365034,1,AD,Passing,,
GX010027_L.MP4,26979,15.0033,KAD_ROB_Transect 2,1.6138,,4.853,2.106,2900.801,20.261,,,-957.376,-305.833,-2721.129,KAD_ROB,Peter,Chaetodontidae,Chaetodon,baronessa,37365034,1,AD,Passing,,
GX010027_L.MP4,27036,15.035,KAD_ROB_Transect 2,1.6455,,5.395,2.995,3012.035,19.397,,,-839.315,-545.952,-2840.746,KAD_ROB,Peter,Pomacentridae,Amblyglyphidodon,orbicularis,temp_code_001,1,AD,Passing,,
GX010027_L.MP4,27036,15.035,KAD_ROB_Transect 2,1.6455,,5.763,0.294,3046.124,21.889,,,560.845,-989.116,-2825.946,KAD_ROB,Peter,Pomacanthidae,Centropyge,heraldi,37385027,1,AD,Passing,,
GX010027_L.MP4,27036,15.035,KAD_ROB_Transect 2,1.6455,107.288,9.551,8.08,4351.284,22.83,6.206,3.291,-1215.448,-1171.771,-4010.401,KAD_ROB,Peter,Labridae,Thalassoma,sp,,1,AD,Passing,,
GX010027_L.MP4,27064,15.0506,KAD_ROB_Transect 2,1.6611,84.382,3.271,1.623,3343.097,6.654,0.006,44.204,-219.917,-318.879,-3320.58,KAD_ROB,Peter,Pomacentridae,Dascyllus,trimaculatus,37372075,1,AD,Passing,,
GX010027_L.MP4,27447,15.2636,KAD_ROB_Transect 2,1.8741,158.584,8.097,3.009,3602.344,15.316,18.73,8.557,115.165,-944.545,-3474.4,KAD_ROB,Peter,Lethrinidae,Monotaxis,grandoculis,37351026,1,AD,Passing,,
GX010027_L.MP4,27581,15.3381,KAD_ROB_Transect 2,1.9486,,6.414,1.693,3613.359,28.655,,,-1718.984,216.174,-3170.919,KAD_ROB,Peter,Pomacentridae,Amblyglyphidodon,orbicularis,temp_code_001,1,AD,Passing,,
GX010027_L.MP4,27626,15.3631,KAD_ROB_Transect 2,1.9736,,11.052,9.438,4422.952,24.471,,,-1362.196,1222.854,-4026.357,KAD_ROB,Peter,Pomacentridae,Dascyllus,trimaculatus,37372075,1,AD,Passing,,
GX010027_L.MP4,27626,15.3631,KAD_ROB_Transect 2,1.9736,,14.233,14.223,5262.788,27.079,,,-2182.285,985.768,-4686.452,KAD_ROB,Peter,Pomacentridae,Dascyllus,trimaculatus,37372075,1,AD,Passing,,
GX010027_L.MP4,27626,15.3631,KAD_ROB_Transect 2,1.9736,,16.66,0.447,5288.261,16.441,,,-830.849,1241.991,-5072.756,KAD_ROB,Peter,Pomacentridae,Dascyllus,reticulatus,37372074,1,AD,Passing,,
GX010027_L.MP4,27678,15.392,KAD_ROB_Transect 2,2.0026,87.603,6.874,2.743,3468.563,15.289,13.937,14.223,-631.756,661.382,-3345.801,KAD_ROB,Peter,Chaetodontidae,Chaetodon,baronessa,37365034,1,AD,Passing,,
GX010027_L.MP4,27678,15.392,KAD_ROB_Transect 2,2.0026,,12.52,10.175,4729.789,24.137,,,-1509.291,1206.993,-4316.956,KAD_ROB,Peter,Pomacentridae,Dascyllus,reticulatus,37372074,1,AD,Passing,,
GX010027_L.MP4,27678,15.392,KAD_ROB_Transect 2,2.0026,,12.435,0.713,4608.186,21.628,,,-1090.523,1299.636,-4284.517,KAD_ROB,Peter,Pomacentridae,Dascyllus,trimaculatus,37372075,1,AD,Passing,,
GX010027_L.MP4,27729,15.4204,KAD_ROB_Transect 2,2.0309,,5.47,6.701,3153.015,24.045,,,-1205.261,443.119,-2879.67,KAD_ROB,Peter,Pomacentridae,Amblyglyphidodon,orbicularis,temp_code_001,1,AD,Passing,,
GX010027_L.MP4,27729,15.4204,KAD_ROB_Transect 2,2.0309,86.224,5.708,1.856,3307.216,14.445,3.536,5.268,-824.37,-32.515,-3202.661,KAD_ROB,Peter,Chaetodontidae,Chaetodon,baronessa,37365034,1,AD,Passing,,
GX010027_L.MP4,28555,15.8798,KAD_ROB_Transect 2,2.4903,109.827,4.307,0.458,3065.966,14.02,9.932,38.595,-148.419,-727.803,-2974.63,KAD_ROB,Peter,Lethrinidae,Monotaxis,grandoculis,37351026,1,AD,Passing,,
GX010027_L.MP4,28592,15.9003,KAD_ROB_Transect 2,2.5108,248.311,10.142,6.18,2648.509,23.658,77.004,8.134,1021.708,292.568,-2425.926,KAD_ROB,Peter,Caesionidae,Caesio,teres,37346037,1,AD,Passing,,
GX010027_L.MP4,28643,15.9287,KAD_ROB_Transect 2,2.5392,,7.772,5.38,3597.362,10.881,,,-551.817,-397.844,-3532.454,KAD_ROB,Peter,Scaridae,Chlorurus,spilurus,temp_code_002,1,AD,Passing,,
GX010027_L.MP4,28665,15.9409,KAD_ROB_Transect 2,2.5514,219.582,2.648,5.63,2915.441,4.662,3.354,2.907,39.178,-233.677,-2905.797,KAD_ROB,Peter,Lethrinidae,Monotaxis,grandoculis,37351026,1,AD,Passing,,
GX010027_L.MP4,28673,15.9454,KAD_ROB_Transect 2,2.5559,,8.128,13.36,3882.249,27.705,,,1679.572,658.99,-3437.533,KAD_ROB,Peter,Chaetodontidae,Chaetodon,unimaculatus,37365061,1,AD,Passing,,
GX010027_L.MP4,28754,15.9904,KAD_ROB_Transect 2,2.6009,255.192,21.493,13.618,4208.742,26.865,59.152,13.473,1357.434,1332.132,-3754.505,KAD_ROB,Peter,Mullidae,Mulloidichthys,flavolineatus,37355019,1,AD,Passing,,
GX010027_L.MP4,28786,16.0082,KAD_ROB_Transect 2,2.6187,153.15,4.017,6.171,2226.807,21.89,23.024,4.233,-646.402,-520.982,-2066.256,KAD_ROB,Peter,Lethrinidae,Monotaxis,grandoculis,37351026,1,AD,Passing,,
GX010027_L.MP4,28838,16.0371,KAD_ROB_Transect 2,2.6476,,10.885,0.302,4221.128,20.634,,,908.936,1175.227,-3951.025,KAD_ROB,Peter,Mullidae,Mulloidichthys,flavolineatus,37355019,1,AD,Passing,,
GX010027_L.MP4,28949,16.0989,KAD_ROB_Transect 2,2.7094,176.241,8.331,7.101,3171.225,17.103,21.891,4.702,897.062,255.059,-3030.989,KAD_ROB,Peter,Scaridae,Scarus,sp,,1,AD,Passing,,
GX010027_L.MP4,28949,16.0989,KAD_ROB_Transect 2,2.7094,,7.692,4.286,3572.3,13.477,,,813.067,176.872,-3474.042,KAD_ROB,Peter,Scaridae,Scarus,sp,,1,AD,Passing,,
GX010027_L.MP4,28949,16.0989,KAD_ROB_Transect 2,2.7094,,6.492,3.131,3269.246,13.76,,,770.606,102.268,-3175.481,KAD_ROB,Peter,Scaridae,Scarus,sp,,1,AD,Passing,,
GX010027_L.MP4,28958,16.1039,KAD_ROB_Transect 2,2.7144,,9.099,9.491,3969.505,17.736,,,1207.362,-69.43,-3780.797,KAD_ROB,Peter,Scaridae,Scarus,sp,,1,AD,Passing,,
GX010027_L.MP4,28958,16.1039,KAD_ROB_Transect 2,2.7144,,5.253,2.401,2945.859,16.818,,,852.168,15.602,-2819.867,KAD_ROB,Peter,Scaridae,Scarus,sp,,1,AD,Passing,,
GX010027_L.MP4,28958,16.1039,KAD_ROB_Transect 2,2.7144,,5.646,6.373,3032.43,13.313,,,698.162,10.973,-2950.946,KAD_ROB,Peter,Scaridae,Scarus,sp,,1,AD,Passing,,
GX010027_L.MP4,28960,16.105,KAD_ROB_Transect 2,2.7155,,12.525,0.809,4692.101,16.951,,,-1252.339,547.798,-4488.582,KAD_ROB,Peter,Acanthuridae,Zebrasoma,scopas,37437036,1,AD,Passing,,
GX010027_L.MP4,28966,16.1083,KAD_ROB_Transect 2,2.7188,112.283,4.274,3.254,2567.413,17.906,7.922,12.217,767.558,-184.306,-2443.051,KAD_ROB,Peter,Scaridae,Chlorurus,spilurus,temp_code_002,1,AD,Passing,,
GX010027_L.MP4,28966,16.1083,KAD_ROB_Transect 2,2.7188,99.982,9.54,4.706,3711.338,18.929,13.168,0.655,1194.162,-153.384,-3510.624,KAD_ROB,Peter,Scaridae,Chlorurus,spilurus,temp_code_002,1,AD,Passing,,
GX010027_L.MP4,28966,16.1083,KAD_ROB_Transect 2,2.7188,135.08,12.775,4.783,3171.644,4.819,38.879,8.892,245.992,-102.403,-3160.431,KAD_ROB,Peter,Scaridae,Chlorurus,spilurus,temp_code_002,1,AD,Passing,,
GX010027_L.MP4,28966,16.1083,KAD_ROB_Transect 2,2.7188,126.367,8.676,2.337,2557.62,24.471,64.314,6.934,1052.936,-117.305,-2327.872,KAD_ROB,Peter,Mullidae,Parupeneus,barberinoides,37355021,1,AD,Passing,,
GX010027_L.MP4,28971,16.1111,KAD_ROB_Transect 2,2.7216,101.372,8.527,3.513,2741.57,26.077,50.321,10.936,1192.655,-173.138,-2462.479,KAD_ROB,Peter,Scaridae,Chlorurus,spilurus,temp_code_002,1,AD,Passing,,
GX010027_L.MP4,28990,16.1217,KAD_ROB_Transect 2,2.7322,126.56,7.556,2.53,3310.735,19.172,15.034,19.47,1065.851,-214.753,-3127.109,KAD_ROB,Peter,Labridae,Halichoeres,hortulanus,37384112,1,AD,Passing,,
GX010027_L.MP4,28990,16.1217,KAD_ROB_Transect 2,2.7322,122.705,10.838,3.917,3014.191,22.971,47.71,2.077,1155.555,-220.057,-2775.178,KAD_ROB,Peter,Mullidae,Parupeneus,barberinoides,37355021,1,AD,Passing,,
GX010027_L.MP4,29028,16.1428,KAD_ROB_Transect 2,2.7533,144.091,6.125,9.347,2906.949,22.435,14.395,18.237,1109.34,-8.23,-2686.941,KAD_ROB,Peter,Mullidae,Parupeneus,barberinoides,37355021,1,AD,Passing,,
GX010027_L.MP4,29064,16.1628,KAD_ROB_Transect 2,2.7733,139.689,6.934,3.127,2159.972,16.907,63.269,22.273,-9.349,-628.098,-2066.612,KAD_ROB,Peter,Scaridae,Chlorurus,spilurus,temp_code_002,1,AD,Passing,,
GX010027_L.MP4,29064,16.1628,KAD_ROB_Transect 2,2.7733,,3.644,0.337,2387.083,17.284,,,94.179,-704.282,-2278.878,KAD_ROB,Peter,Nemipteridae,Scolopsis,bilineata,37347031,1,AD,Passing,,
GX010027_L.MP4,29075,16.1689,KAD_ROB_Transect 2,2.7794,,14.217,7.937,4872.524,11.899,,,282.07,961.422,-4768.396,KAD_ROB,Peter,Acanthuridae,Acanthurus,sp,,1,AD,Passing,,
GX010027_L.MP4,29075,16.1689,KAD_ROB_Transect 2,2.7794,130.621,10.173,4.27,3486.989,5.88,23.667,1.738,-259.732,245.295,-3468.64,KAD_ROB,Peter,Acanthuridae,Ctenochaetus,striatus,37437022,1,AD,Passing,,
GX010027_L.MP4,29075,16.1689,KAD_ROB_Transect 2,2.7794,,8.398,3.856,3749.33,6.905,,,-10.293,448.432,-3722.403,KAD_ROB,Peter,Acanthuridae,Ctenochaetus,sp,,1,AD,Passing,,
GX010027_L.MP4,29075,16.1689,KAD_ROB_Transect 2,2.7794,,10.54,0.33,4246.462,5.876,,,-119.351,415.552,-4224.395,KAD_ROB,Peter,Labridae,Stethojulis,sp,,1,AD,Passing,,
GX010027_L.MP4,38073,21.1728,KAD_ROB_Transect 3,0.3292,,11.191,5.22,4546.163,29.321,,,1908.18,-1149.148,-3963.067,KAD_ROB,Peter,Scaridae,Scarus,sp,,1,AD,Passing,,
GX010027_L.MP4,38097,21.1862,KAD_ROB_Transect 3,0.3426,,5.999,3.229,3088.517,18.281,,,546.411,-801.726,-2932.168,KAD_ROB,Peter,Acanthuridae,Acanthurus,sp,,1,AD,Passing,,
GX010027_L.MP4,38167,21.2251,KAD_ROB_Transect 3,0.3815,225.7,6.078,9.086,2812.884,26.855,58.568,55.623,1116.199,-607.181,-2509.531,KAD_ROB,Peter,Labridae,Gomphosus,varius,37384106,1,AD,Passing,,
GX010027_L.MP4,38221,21.2551,KAD_ROB_Transect 3,0.4115,,3.468,12.58,2469.62,29.909,,,1059.788,-628.359,-2140.335,KAD_ROB,Peter,Labridae,Thalassoma,sp,,1,AD,Passing,,
GX010027_L.MP4,38516,21.4192,KAD_ROB_Transect 3,0.5756,,8.224,2.305,3669.805,19.704,,,935.851,-811.409,-3454.456,KAD_ROB,Peter,Pomacentridae,Dascyllus,reticulatus,37372074,1,AD,Passing,,
GX010027_L.MP4,38516,21.4192,KAD_ROB_Transect 3,0.5756,,10.037,3.976,4083.357,19.691,,,1106.629,-819.773,-3844.106,KAD_ROB,Peter,Pomacentridae,Dascyllus,reticulatus,37372074,1,AD,Passing,,
GX010027_L.MP4,38516,21.4192,KAD_ROB_Transect 3,0.5756,,18.139,2.493,5582.914,24.833,,,1685.845,-1632.465,-5065.759,KAD_ROB,Peter,Pomacentridae,Pomacentrus,sp,,1,AD,Passing,,
GX010027_L.MP4,38542,21.4336,KAD_ROB_Transect 3,0.59,,9.471,1.755,3921.444,17.965,,,809.514,-900.834,-3729.733,KAD_ROB,Peter,Pomacentridae,Pomacentrus,philippinus,37372123,1,AD,Passing,,
GX010027_L.MP4,38991,21.6833,KAD_ROB_Transect 3,0.8397,,9.204,1.342,3904.68,11.492,,,-214.86,-749.944,-3825.957,KAD_ROB,Peter,Pomacentridae,Chromis,viridis,37372053,1,AD,Passing,,
GX010027_L.MP4,39065,21.7245,KAD_ROB_Transect 3,0.8809,68.409,3.732,1.818,3006.007,22.58,5.163,8.081,507.884,-1036.497,-2775.574,KAD_ROB,Peter,Pomacentridae,Chromis,viridis,37372053,1,AD,Passing,,
GX010027_L.MP4,39135,21.7634,KAD_ROB_Transect 3,0.9198,92.392,6.049,12.781,2863.978,27.341,23.375,27.992,1101.917,-718.34,-2544.039,KAD_ROB,Peter,Pomacentridae,Chromis,viridis,37372053,1,AD,Passing,,
GX010027_L.MP4,39187,21.7923,KAD_ROB_Transect 3,0.9487,229.296,11.76,5.672,3412.982,20.855,38.84,17.716,-1211.054,98.417,-3189.375,KAD_ROB,Peter,Scaridae,Chlorurus,spilurus,temp_code_002,1,AD,Passing,,
GX010027_L.MP4,39229,21.8157,KAD_ROB_Transect 3,0.9721,77.069,3.066,1.627,2888.276,10.983,5.226,31.752,11.161,550.164,-2835.371,KAD_ROB,Peter,Pomacentridae,Chromis,viridis,37372053,1,AD,Passing,,
GX010027_L.MP4,39229,21.8157,KAD_ROB_Transect 3,0.9721,204.512,7.226,4.526,4653.793,11.504,3.88,42.085,-665.552,646.855,-4560.308,KAD_ROB,Peter,Scaridae,Scarus,dimidiatus,37386013,1,AD,Passing,,
GX010027_L.MP4,39252,21.8285,KAD_ROB_Transect 3,0.9849,63.395,4.821,4.594,3057.218,21.46,7.912,43.368,-808.405,772.991,-2845.268,KAD_ROB,Peter,Pomacentridae,Chromis,viridis,37372053,1,AD,Passing,,
GX010027_L.MP4,39307,21.8591,KAD_ROB_Transect 3,1.0155,187.598,8.483,5.389,4278.739,13.688,9.377,13.414,-732.472,-698.996,-4157.222,KAD_ROB,Peter,Acanthuridae,Ctenochaetus,striatus,37437022,1,AD,Passing,,
GX010027_L.MP4,39307,21.8591,KAD_ROB_Transect 3,1.0155,,9.662,1.999,4068.897,16.896,,,-1010.533,-616.566,-3892.89,KAD_ROB,Peter,Acanthuridae,Zebrasoma,scopas,37437036,1,AD,Passing,,
GX010027_L.MP4,39423,21.9236,KAD_ROB_Transect 3,1.08,220.785,12.136,17.051,2970.797,24.512,85.373,21.492,-785.71,-949.619,-2703.057,KAD_ROB,Peter,Labridae,Stethojulis,sp,,1,AD,Passing,,
GX010027_L.MP4,39472,21.9508,KAD_ROB_Transect 3,1.1072,,5.352,1.062,2931.928,16.911,,,41.583,-853.472,-2804.649,KAD_ROB,Peter,Chaetodontidae,Chaetodon,lunulatus,37365059,1,AD,Passing,,
GX010027_L.MP4,39490,21.9608,KAD_ROB_Transect 3,1.1172,,6.985,2.048,3366.767,20.773,,,423.009,-1118.481,-3147.25,KAD_ROB,Peter,Acanthuridae,Zebrasoma,scopas,37437036,1,AD,Passing,,
GX010027_L.MP4,39490,21.9608,KAD_ROB_Transect 3,1.1172,,6.274,1.972,3170.477,18.729,,,379.776,-946.302,-3002.034,KAD_ROB,Peter,Acanthuridae,Zebrasoma,scopas,37437036,1,AD,Passing,,
GX010027_L.MP4,39520,21.9775,KAD_ROB_Transect 3,1.1339,91.035,4.369,1.391,2161.707,17.349,28.418,14.873,-620.384,-175.041,-2063.361,KAD_ROB,Peter,Pomacentridae,Chromis,viridis,37372053,1,AD,Passing,,
GX010027_L.MP4,39520,21.9775,KAD_ROB_Transect 3,1.1339,111.546,5.596,8.766,2590.615,23.014,33.269,34.137,-598.2,-817.301,-2384.42,KAD_ROB,Peter,Acanthuridae,Zebrasoma,scopas,37437036,1,AD,Passing,,
GX010027_L.MP4,39520,21.9775,KAD_ROB_Transect 3,1.1339,117.224,4.551,9.256,2693.168,23.58,18.268,28.653,-546.416,-928.493,-2468.296,KAD_ROB,Peter,Acanthuridae,Zebrasoma,scopas,37437036,1,AD,Passing,,
GX010027_L.MP4,39529,21.9825,KAD_ROB_Transect 3,1.1389,67.786,4.045,6.785,2670.176,22.793,12.649,33.883,431.701,-940.065,-2461.657,KAD_ROB,Peter,Acanthuridae,Zebrasoma,scopas,37437036,1,AD,Passing,,
GX010027_L.MP4,39568,22.0042,KAD_ROB_Transect 3,1.1606,74.651,3.74,6.306,2392.082,25.357,17.155,36.361,633.054,-805.426,-2161.617,KAD_ROB,Peter,Labridae,Labropsis,australis,37384132,1,AD,Passing,,
GX010027_L.MP4,39611,22.0281,KAD_ROB_Transect 3,1.1845,,19.586,2.897,5846.445,24.617,,,-1379.65,2003.708,-5316.262,KAD_ROB,Peter,Pomacentridae,Pomacentrus,sp,,1,AD,Passing,,
GX010027_L.MP4,39928,22.2044,KAD_ROB_Transect 3,1.3608,,5.163,13.075,3007.607,25.536,,,-1031.95,783.294,-2714.264,KAD_ROB,Peter,Pomacentridae,Pomacentrus,philippinus,37372123,1,AD,Passing,,
GX010027_L.MP4,39971,22.2283,KAD_ROB_Transect 3,1.3847,81.539,2.48,3.666,2042.278,15.649,14.104,0.834,201.063,-512.873,-1966.579,KAD_ROB,Peter,Chaetodontidae,Chaetodon,baronessa,37365034,1,AD,Passing,,
GX010027_L.MP4,39971,22.2283,KAD_ROB_Transect 3,1.3847,91.978,2.774,3.667,2077.528,15.191,13.173,16.546,391.67,-378.076,-2004.938,KAD_ROB,Peter,Chaetodontidae,Chaetodon,baronessa,37365034,1,AD,Passing,,
GX010027_L.MP4,39983,22.235,KAD_ROB_Transect 3,1.3914,87.871,5.162,1.167,2109.856,18.032,39.41,12.408,623.501,-194.398,-2006.227,KAD_ROB,Peter,Pomacentridae,Amblyglyphidodon,orbicularis,temp_code_001,1,AD,Passing,,
GX010027_L.MP4,40003,22.2461,KAD_ROB_Transect 3,1.4025,56.074,4.049,2.58,2165.763,17.055,26.459,7.677,-331.17,-542.022,-2070.524,KAD_ROB,Peter,Pomacentridae,Chromis,ternatensis,37372051,1,AD,Passing,,
GX010027_L.MP4,40049,22.2717,KAD_ROB_Transect 3,1.4281,,14.531,5.585,5431.097,28.123,,,-2441.29,767.821,-4790.342,KAD_ROB,Peter,Scaridae,Chlorurus,sp,,1,AD,Passing,,
GX010027_L.MP4,40083,22.2906,KAD_ROB_Transect 3,1.447,159.497,5.489,4.084,2866.735,22.171,15.572,26.673,-1068.917,-166.71,-2654.768,KAD_ROB,Peter,Scaridae,Scarus,sp,,1,AD,Passing,,
GX010027_L.MP4,40117,22.3095,KAD_ROB_Transect 3,1.4659,,1.235,0.08,1308.282,12.326,,,102.483,-260.553,-1277.971,KAD_ROB,Peter,Pomacentridae,Amblyglyphidodon,orbicularis,temp_code_001,1,AD,Passing,,
GX010027_L.MP4,40121,22.3117,KAD_ROB_Transect 3,1.4681,40.895,3.181,1.243,1880.184,12.307,26.128,9.924,-204.306,-344.791,-1836.974,KAD_ROB,Peter,Pomacentridae,Dascyllus,reticulatus,37372074,1,AD,Passing,,
GX010027_L.MP4,40121,22.3117,KAD_ROB_Transect 3,1.4681,,2.304,4.525,1889.072,19.457,,,-523.25,-350.568,-1780.984,KAD_ROB,Peter,Pomacentridae,Dascyllus,reticulatus,37372074,1,AD,Passing,,
GX010027_L.MP4,40121,22.3117,KAD_ROB_Transect 3,1.4681,,6.538,1.251,3430.638,20.24,,,-1169.952,197.525,-3218.924,KAD_ROB,Peter,Pomacentridae,Stegastes,lacrymatus,temp_code_006,1,AD,Passing,,
GX010027_L.MP4,40147,22.3262,KAD_ROB_Transect 3,1.4826,74.102,4.284,2.539,1991.998,7.498,31.077,0.94,242.191,-94.388,-1974.965,KAD_ROB,Peter,Pomacentridae,Chromis,viridis,37372053,1,AD,Passing,,
GX010027_L.MP4,40181,22.3451,KAD_ROB_Transect 3,1.5015,,5.225,1.408,3197.817,26.982,,,-1444.158,137.793,-2849.817,KAD_ROB,Peter,Pomacentridae,Pomacentrus,maafu,temp_code_005,1,AD,Passing,,
GX010027_L.MP4,40235,22.3751,KAD_ROB_Transect 3,1.5315,,4.72,0.734,2775.07,21.302,,,-124.072,-1001.987,-2584.887,KAD_ROB,Peter,Chaetodontidae,Chaetodon,lunulatus,37365059,1,AD,Passing,,
GX010027_L.MP4,40235,22.3751,KAD_ROB_Transect 3,1.5315,92.928,3.02,3.373,3189.158,17.119,4.324,4.842,-193.87,-918.519,-3047.863,KAD_ROB,Peter,Acanthuridae,Zebrasoma,scopas,37437036,1,AD,Passing,,
GX010027_L.MP4,40282,22.4013,KAD_ROB_Transect 3,1.5577,,4.019,15.809,2715.481,31.728,,,1259.809,-673.756,-2309.279,KAD_ROB,Peter,Pomacentridae,Dascyllus,trimaculatus,37372075,1,AD,Passing,,
GX010027_L.MP4,40386,22.4591,KAD_ROB_Transect 3,1.6155,104.818,2.882,5.424,2663.577,21.319,3.01,26.247,128.197,-959.839,-2481.314,KAD_ROB,Peter,Pomacentridae,Neoglyphidodon,carlsoni,temp_code_008,1,AD,Passing,,
GX010027_L.MP4,40401,22.4674,KAD_ROB_Transect 3,1.6238,,5.6,7.785,3238.135,25.346,,,-1328.82,392.919,-2926.665,KAD_ROB,Peter,Pomacentridae,Stegastes,lacrymatus,temp_code_006,1,AD,Passing,,
GX010027_L.MP4,40436,22.4869,KAD_ROB_Transect 3,1.6433,,5.638,5.827,3174.01,22.803,,,-1143.438,451.844,-2926.214,KAD_ROB,Peter,Pomacentridae,Pomacentrus,maafu,temp_code_005,1,AD,Passing,,
GX010027_L.MP4,40475,22.5086,KAD_ROB_Transect 3,1.665,,1.857,4.06,1659.461,17.76,,,-177.441,-475.003,-1580.094,KAD_ROB,Peter,Pomacentridae,Stegastes,nigricans,37372135,1,AD,Passing,,
GX010027_L.MP4,40483,22.513,KAD_ROB_Transect 3,1.6694,79.964,2.874,1.275,1650.764,18.017,34.201,22.338,486.95,-153.545,-1569.818,KAD_ROB,Peter,Pomacentridae,Amblyglyphidodon,orbicularis,temp_code_001,1,AD,Passing,,
GX010027_L.MP4,40483,22.513,KAD_ROB_Transect 3,1.6694,67.153,4.708,7.718,1861.616,21.585,59.902,8.299,-587.855,-351.365,-1731.064,KAD_ROB,Peter,Pomacentridae,Chromis,ternatensis,37372051,1,AD,Passing,,
GX010027_L.MP4,40483,22.513,KAD_ROB_Transect 3,1.6694,94.268,7.249,4.338,2362.572,25.652,72.764,6.746,-1019.155,86.07,-2129.71,KAD_ROB,Peter,Pomacentridae,Pomacentrus,philippinus,37372123,1,AD,Passing,,
GX010027_L.MP4,40483,22.513,KAD_ROB_Transect 3,1.6694,123.488,4.691,2.513,2621.344,20.247,18.728,2.143,501.592,-755.89,-2459.366,KAD_ROB,Peter,Nemipteridae,Scolopsis,bilineata,37347031,1,AD,Passing,,
GX010027_L.MP4,40771,22.6732,KAD_ROB_Transect 3,1.8296,137.87,5.682,15.957,2284.668,24.341,81.946,44.279,-720.585,-606.201,-2081.582,KAD_ROB,Peter,Acanthuridae,Acanthurus,sp,,1,AD,Passing,,
GX010027_L.MP4,40811,22.6955,KAD_ROB_Transect 3,1.8518,128.9,2.994,1.999,2184.851,15.984,17.315,6.694,-71.832,-597.339,-2100.38,KAD_ROB,Peter,Acanthuridae,Ctenochaetus,striatus,37437022,1,AD,Passing,,
GX010027_L.MP4,40845,22.7144,KAD_ROB_Transect 3,1.8708,90.79,6.156,2.955,2142.443,9.125,43.874,7.848,-329.925,-81.219,-2115.328,KAD_ROB,Peter,Pomacentridae,Amblyglyphidodon,orbicularis,temp_code_001,1,AD,Passing,,
GX010027_L.MP4,40943,22.7689,KAD_ROB_Transect 3,1.9253,,10.109,19.752,4413.264,30.379,,,-1853.489,1241.066,-3808.049,KAD_ROB,Peter,Pomacentridae,Amblyglyphidodon,orbicularis,temp_code_001,1,AD,Passing,,
GX010027_L.MP4,40977,22.7878,KAD_ROB_Transect 3,1.9442,,5.232,2.542,2963.678,19.161,,,-838.367,491.683,-2799.782,KAD_ROB,Peter,Pomacentridae,Amblyglyphidodon,orbicularis,temp_code_001,1,AD,Passing,,
GX010027_L.MP4,40986,22.7928,KAD_ROB_Transect 3,1.9492,,4.715,16.865,2900.179,27.574,,,-1075.079,802.547,-2571.218,KAD_ROB,Peter,Pomacentridae,Stegastes,lacrymatus,temp_code_006,1,AD,Passing,,
GX010027_L.MP4,40993,22.7967,KAD_ROB_Transect 3,1.9531,,5.957,12.033,3254.772,25.348,,,-1150.117,784.906,-2941.886,KAD_ROB,Peter,Pomacentridae,Chromis,ternatensis,37372051,1,AD,Passing,,
GX010027_L.MP4,40993,22.7967,KAD_ROB_Transect 3,1.9531,,5.037,5.895,2944.978,22.786,,,-962.816,609.83,-2715.508,KAD_ROB,Peter,Pomacentridae,Chromis,ternatensis,37372051,1,AD,Passing,,
GX010027_L.MP4,41024,22.8139,KAD_ROB_Transect 3,1.9703,,4.327,0.57,2842.034,25.29,,,-1204.412,151.801,-2569.728,KAD_ROB,Peter,Pomacentridae,Pomacentrus,philippinus,37372123,1,AD,Passing,,
GX010027_L.MP4,41051,22.8289,KAD_ROB_Transect 3,1.9853,,9.469,6.787,4320.999,26.042,,,-1844.13,442.716,-3882.554,KAD_ROB,Peter,Pomacentridae,Amblyglyphidodon,orbicularis,temp_code_001,1,AD,Passing,,
GX010027_L.MP4,41203,22.9134,KAD_ROB_Transect 3,2.0698,,4.546,2.459,2736.219,14.962,,,-674.242,-212.387,-2643.328,KAD_ROB,Peter,Pomacentridae,Amblyglyphidodon,orbicularis,temp_code_001,1,AD,Passing,,
GX010027_L.MP4,41212,22.9185,KAD_ROB_Transect 3,2.0749,,7.081,1.234,3390.006,21.709,,,721.96,-1027.112,-3148.961,KAD_ROB,Peter,Siganidae,Siganus,doliatus,37438009,1,AD,Passing,,
GX010027_L.MP4,41301,22.9679,KAD_ROB_Transect 3,2.1243,,4.432,0.852,2647.577,15.898,,,-361.104,627.48,-2546.672,KAD_ROB,Peter,Pomacentridae,Chromis,ternatensis,37372051,1,AD,Passing,,
GX010027_L.MP4,41328,22.983,KAD_ROB_Transect 3,2.1394,77.902,3.2,0.731,1853.368,12.789,30.086,26.741,-242.051,331.266,-1807.387,KAD_ROB,Peter,Pomacentridae,Amblyglyphidodon,orbicularis,temp_code_001,1,AD,Passing,,
GX010027_L.MP4,41328,22.983,KAD_ROB_Transect 3,2.1394,63.661,4.773,2.311,2078.691,17.558,43.515,28.351,-484.433,398.214,-1981.844,KAD_ROB,Peter,Pomacentridae,Amblyglyphidodon,orbicularis,temp_code_001,1,AD,Passing,,
GX010027_L.MP4,41328,22.983,KAD_ROB_Transect 3,2.1394,69.413,3.847,4.471,1711.043,11.65,82.602,44.836,-342.975,-41.913,-1675.792,KAD_ROB,Peter,Pomacentridae,Stegastes,lacrymatus,temp_code_006,1,AD,Passing,,
GX010027_L.MP4,41398,23.0219,KAD_ROB_Transect 3,2.1783,263.308,23.527,1.833,4750.096,24.83,40.742,0.287,1679.08,-1076.803,-4310.986,KAD_ROB,Peter,Scaridae,Scarus,schlegeli,37386029,1,AD,Passing,,
GX010027_L.MP4,41434,23.0419,KAD_ROB_Transect 3,2.1983,,6.495,0.027,3314.594,16.646,,,-859.084,402.558,-3175.918,KAD_ROB,Peter,Pomacentridae,Amblyglyphidodon,orbicularis,temp_code_001,1,AD,Passing,,
GX010027_L.MP4,41437,23.0436,KAD_ROB_Transect 3,2.2,73.291,7.251,9.03,2477.77,24.91,69.51,29.327,-904.809,520.042,-2247.27,KAD_ROB,Peter,Pomacentridae,Chromis,ternatensis,37372051,1,AD,Passing,,
GX010027_L.MP4,41437,23.0436,KAD_ROB_Transect 3,2.2,,3.767,2.399,2618.222,28.97,,,-1101.284,627.421,-2290.983,KAD_ROB,Peter,Pomacentridae,Chromis,ternatensis,37372051,1,AD,Passing,,
GX010027_L.MP4,41437,23.0436,KAD_ROB_Transect 3,2.2,,4.707,2.276,2873.507,24.293,,,-1028.064,582.095,-2619.407,KAD_ROB,Peter,Pomacentridae,Chromis,ternatensis,37372051,1,AD,Passing,,
GX010027_L.MP4,41437,23.0436,KAD_ROB_Transect 3,2.2,,6.147,6.587,3321.429,24.188,,,-1205.234,630.236,-3030.198,KAD_ROB,Peter,Pomacentridae,Chromis,ternatensis,37372051,1,AD,Passing,,
GX010027_L.MP4,41437,23.0436,KAD_ROB_Transect 3,2.2,,6.231,7.148,3348.095,25.886,,,-1221.219,801.474,-3012.64,KAD_ROB,Peter,Pomacentridae,Chromis,ternatensis,37372051,1,AD,Passing,,
GX010027_L.MP4,41437,23.0436,KAD_ROB_Transect 3,2.2,,3.19,3.465,2356.684,27.689,,,-905.63,614.418,-2087.171,KAD_ROB,Peter,Pomacentridae,Chromis,ternatensis,37372051,1,AD,Passing,,
GX010027_L.MP4,41437,23.0436,KAD_ROB_Transect 3,2.2,,3.836,6.363,2591.36,26.516,,,-964.423,637.676,-2319.138,KAD_ROB,Peter,Pomacentridae,Chromis,ternatensis,37372051,1,AD,Passing,,
GX010027_L.MP4,41437,23.0436,KAD_ROB_Transect 3,2.2,,8.167,5.698,3812.131,23.984,,,-1275.116,878.45,-3483.497,KAD_ROB,Peter,Pomacentridae,Chromis,ternatensis,37372051,1,AD,Passing,,
GX010027_L.MP4,41437,23.0436,KAD_ROB_Transect 3,2.2,,5.849,7.579,3201.044,24.282,,,-1074.534,758.692,-2918.295,KAD_ROB,Peter,Pomacentridae,Chromis,ternatensis,37372051,1,AD,Passing,,
GX010027_L.MP4,41437,23.0436,KAD_ROB_Transect 3,2.2,,5.891,5.67,3187.959,22.244,,,-1005.235,666.053,-2951.095,KAD_ROB,Peter,Pomacentridae,Chromis,ternatensis,37372051,1,AD,Passing,,
GX010027_L.MP4,41437,23.0436,KAD_ROB_Transect 3,2.2,,5.713,4.818,3122.992,21.243,,,-944.383,621.607,-2911.156,KAD_ROB,Peter,Pomacentridae,Chromis,ternatensis,37372051,1,AD,Passing,,
GX010027_L.MP4,41437,23.0436,KAD_ROB_Transect 3,2.2,,6.194,3.335,3293.812,21.585,,,-1084.798,538.082,-3063.149,KAD_ROB,Peter,Pomacentridae,Chromis,ternatensis,37372051,1,AD,Passing,,
GX010027_L.MP4,41437,23.0436,KAD_ROB_Transect 3,2.2,,6.263,2.552,3245.969,20.317,,,-872.591,711.565,-3044.434,KAD_ROB,Peter,Pomacentridae,Chromis,ternatensis,37372051,1,AD,Passing,,
GX010027_L.MP4,41437,23.0436,KAD_ROB_Transect 3,2.2,,9.519,1.669,3975.468,17.225,,,-747.664,907.086,-3797.701,KAD_ROB,Peter,Pomacentridae,Chromis,ternatensis,37372051,1,AD,Passing,,
GX010027_L.MP4,41437,23.0436,KAD_ROB_Transect 3,2.2,,10.561,2.702,4214.815,17.642,,,-913.628,890.361,-4017.114,KAD_ROB,Peter,Pomacentridae,Chromis,ternatensis,37372051,1,AD,Passing,,
GX010027_L.MP4,41437,23.0436,KAD_ROB_Transect 3,2.2,,9.568,2.515,4010.905,18.236,,,-906.573,865.778,-3809.976,KAD_ROB,Peter,Pomacentridae,Chromis,ternatensis,37372051,1,AD,Passing,,
GX010027_L.MP4,41437,23.0436,KAD_ROB_Transect 3,2.2,,9.715,0.744,4012.728,15.496,,,-683.999,823.262,-3867.347,KAD_ROB,Peter,Pomacentridae,Chromis,ternatensis,37372051,1,AD,Passing,,
GX010027_L.MP4,41437,23.0436,KAD_ROB_Transect 3,2.2,,5.234,2.057,2930.75,16.76,,,-692.435,482.919,-2806.531,KAD_ROB,Peter,Pomacentridae,Chromis,ternatensis,37372051,1,AD,Passing,,
GX010027_L.MP4,41437,23.0436,KAD_ROB_Transect 3,2.2,,6.972,0.378,3397.683,15.114,,,-706.829,532.191,-3280.46,KAD_ROB,Peter,Pomacentridae,Chromis,ternatensis,37372051,1,AD,Passing,,
GX010027_L.MP4,41437,23.0436,KAD_ROB_Transect 3,2.2,,6.273,0.016,3197.364,12.563,,,-503.711,477.693,-3121.093,KAD_ROB,Peter,Pomacentridae,Chromis,ternatensis,37372051,1,AD,Passing,,
GX010027_L.MP4,41437,23.0436,KAD_ROB_Transect 3,2.2,,5.781,0.608,3082.353,14.046,,,-638.102,388.692,-2990.426,KAD_ROB,Peter,Pomacentridae,Chromis,ternatensis,37372051,1,AD,Passing,,
GX010027_L.MP4,41437,23.0436,KAD_ROB_Transect 3,2.2,,6.599,0.797,3331.757,19.005,,,-874.59,640.252,-3150.519,KAD_ROB,Peter,Pomacentridae,Chromis,ternatensis,37372051,1,AD,Passing,,
GX010027_L.MP4,41437,23.0436,KAD_ROB_Transect 3,2.2,,5.131,2.054,3057.203,29.338,,,-1178.053,923.634,-2665.629,KAD_ROB,Peter,Pomacentridae,Chromis,ternatensis,37372051,1,AD,Passing,,
GX010027_L.MP4,41437,23.0436,KAD_ROB_Transect 3,2.2,,6.311,15.051,3406.064,29.317,,,-1300.048,1042.927,-2970.429,KAD_ROB,Peter,Pomacentridae,Chromis,ternatensis,37372051,1,AD,Passing,,
GX010027_L.MP4,41494,23.0753,KAD_ROB_Transect 3,2.2317,96.953,6.767,4.171,2690.117,22.379,32.259,12.657,-1014.741,-139.111,-2487.504,KAD_ROB,Peter,Chaetodontidae,Forcipiger,flavissimus,37365068,1,AD,Passing,,
GX010027_L.MP4,41538,23.0997,KAD_ROB_Transect 3,2.2561,120.835,8.79,0.693,3396.646,19.513,34.312,43.029,-1024.765,-486.926,-3201.557,KAD_ROB,Peter,Zanclidae,Zanclus,cornutus,37437001,1,AD,Passing,,
GX010027_L.MP4,41554,23.1086,KAD_ROB_Transect 3,2.265,,13.904,1.986,4797.24,20.538,,,620.214,-1567.188,-4491.41,KAD_ROB,Peter,Acanthuridae,Zebrasoma,scopas,37437036,1,AD,Passing,,
GX010027_L.MP4,41560,23.112,KAD_ROB_Transect 3,2.2684,91.813,7.934,5.465,2523.479,20.589,50.921,9.698,-808.382,366.06,-2362.301,KAD_ROB,Peter,Pomacentridae,Amblyglyphidodon,orbicularis,temp_code_001,1,AD,Passing,,
GX010027_L.MP4,41572,23.1187,KAD_ROB_Transect 3,2.2751,,9.942,6.682,4142.85,27.538,,,1281.459,-1425.711,-3672.658,KAD_ROB,Peter,Scaridae,Chlorurus,spilurus,temp_code_002,1,AD,Passing,,
GX010027_L.MP4,41575,23.1203,KAD_ROB_Transect 3,2.2767,156.745,3.727,9.627,2717.844,22.801,6.756,31.441,-512.858,-919.95,-2505.463,KAD_ROB,Peter,Scaridae,Chlorurus,spilurus,temp_code_002,1,AD,Passing,,
GX010027_L.MP4,41686,23.182,KAD_ROB_Transect 3,2.3384,198.622,4.699,15.029,2700.938,28.629,28.754,45.932,-1156.702,-580.36,-2370.714,KAD_ROB,Peter,Scaridae,Chlorurus,spilurus,temp_code_002,1,AD,Passing,,
GX010027_L.MP4,41718,23.1998,KAD_ROB_Transect 3,2.3562,123.31,8.144,6.101,2903.616,24.071,39.846,28.157,676.872,-971.788,-2651.124,KAD_ROB,Peter,Siganidae,Siganus,punctatus,37438003,1,AD,Passing,,
GX010027_L.MP4,41721,23.2015,KAD_ROB_Transect 3,2.3579,,4.869,0.839,2796.497,22.474,,,447.767,-972.192,-2583.553,KAD_ROB,Peter,Scaridae,Scarus,sp,,1,AD,Passing,,
GX010027_L.MP4,41884,23.2922,KAD_ROB_Transect 3,2.4486,124.313,2.661,1.74,2218.522,16.961,1.427,25.769,-522.882,-381.403,-2122.02,KAD_ROB,Peter,Labridae,Halichoeres,hortulanus,37384112,1,AD,Passing,,
GX010027_L.MP4,42004,23.3589,KAD_ROB_Transect 3,2.5153,,10.493,1.106,4337.626,24.244,,,-1439.755,1046.295,-3955.675,KAD_ROB,Peter,Pomacentridae,Chromis,ternatensis,37372051,1,AD,Passing,,
GX010027_L.MP4,42004,23.3589,KAD_ROB_Transect 3,2.5153,,12.879,4.528,4790.621,22.392,,,-1505.004,1029.522,-4430.022,KAD_ROB,Peter,Pomacentridae,Chromis,ternatensis,37372051,1,AD,Passing,,
GX010027_L.MP4,42015,23.365,KAD_ROB_Transect 3,2.5214,,17.057,3.813,5387.262,15.205,,,1297.349,-562.699,-5198.35,KAD_ROB,Peter,Scaridae,Chlorurus,spilurus,temp_code_002,1,AD,Passing,,
GX010027_L.MP4,42057,23.3884,KAD_ROB_Transect 3,2.5448,244.486,17.012,2.065,3739.734,24.61,61.835,11.072,-1541.336,-222.99,-3400.024,KAD_ROB,Peter,Lethrinidae,Monotaxis,grandoculis,37351026,1,AD,Passing,,
GX010027_L.MP4,42108,23.4167,KAD_ROB_Transect 3,2.5731,97.441,5.043,3.336,2917.573,12.506,13.437,23.504,571.581,-269.134,-2848.349,KAD_ROB,Peter,Pomacentridae,Amblyglyphidodon,orbicularis,temp_code_001,1,AD,Passing,,
GX010027_L.MP4,42191,23.4629,KAD_ROB_Transect 3,2.6193,273.491,20.933,7.245,4242.9,27.208,66.346,11.429,-1928.55,-209.717,-3773.449,KAD_ROB,Peter,Scaridae,Chlorurus,spilurus,temp_code_002,1,AD,Passing,,
GX010027_L.MP4,42207,23.4718,KAD_ROB_Transect 3,2.6282,170.672,13.684,7.421,3422.171,28.405,68.777,6.729,-1584.37,-374.006,-3010.174,KAD_ROB,Peter,Acanthuridae,Zebrasoma,scopas,37437036,1,AD,Passing,,
GX010027_L.MP4,42269,23.5063,KAD_ROB_Transect 3,2.6627,168.234,7.705,5.291,3311.492,18.786,17.988,4.942,807.859,-696.168,-3135.074,KAD_ROB,Peter,Scaridae,Chlorurus,sp,,1,AD,Passing,,
GX010027_L.MP4,42269,23.5063,KAD_ROB_Transect 3,2.6627,,15.816,3.649,5218.271,11.602,,,1036.933,-164.53,-5111.56,KAD_ROB,Peter,Scaridae,Scarus,sp,,1,AD,Passing,,
GX010027_L.MP4,42296,23.5213,KAD_ROB_Transect 3,2.6777,,14.504,3.518,4884.96,14.886,,,536.582,-1137.217,-4720.344,KAD_ROB,Peter,Scaridae,Chlorurus,sp,,1,AD,Passing,,
GX010027_L.MP4,49532,27.5453,KAD_ROB_Transect 4,0.3782,93.111,2.775,1.905,2138.496,4.449,19.358,44.281,152.697,-64.854,-2132.051,KAD_ROB,Peter,Pomacentridae,Amblyglyphidodon,orbicularis,temp_code_001,1,AD,Passing,,
GX010027_L.MP4,49545,27.5525,KAD_ROB_Transect 4,0.3854,81.142,5.311,1.967,2339.675,12.976,29.37,13.698,-501.355,156.977,-2279.93,KAD_ROB,Peter,Pomacentridae,Chromis,viridis,37372053,1,AD,Passing,,
GX010027_L.MP4,49568,27.5653,KAD_ROB_Transect 4,0.3982,108.396,2.107,7.231,1886.285,12.509,13.507,10.511,89.398,-398.642,-1841.511,KAD_ROB,Peter,Acanthuridae,Ctenochaetus,striatus,37437022,1,AD,Passing,,
GX010027_L.MP4,49568,27.5653,KAD_ROB_Transect 4,0.3982,93.142,6.663,3.08,2024.839,9.44,78.739,31.532,132.497,-304.537,-1997.416,KAD_ROB,Peter,Acanthuridae,Zebrasoma,scopas,37437036,1,AD,Passing,,
GX010027_L.MP4,49581,27.5725,KAD_ROB_Transect 4,0.4054,83.723,4.874,8.499,2527.551,20.323,17.323,6.449,784.694,393.547,-2370.209,KAD_ROB,Peter,Pomacentridae,Chromis,viridis,37372053,1,AD,Passing,,
GX010027_L.MP4,49581,27.5725,KAD_ROB_Transect 4,0.4054,64.475,2.845,3.291,1902.351,16.07,17.316,12.406,-509.184,-134.312,-1828.013,KAD_ROB,Peter,Acanthuridae,Ctenochaetus,striatus,37437022,1,AD,Passing,,
GX010027_L.MP4,49964,27.7855,KAD_ROB_Transect 4,0.6184,,4.151,1.154,2605.106,16.927,,,-676.541,-344.334,-2492.048,KAD_ROB,Peter,Pomacentridae,Pomacentrus,moluccensis,37372118,1,AD,Passing,,
GX010027_L.MP4,50063,27.8406,KAD_ROB_Transect 4,0.6735,,14.359,2.912,4887.558,22.824,,,1010.501,-1606.765,-4503.933,KAD_ROB,Peter,Chaetodontidae,Chaetodon,baronessa,37365034,1,AD,Passing,,
GX010027_L.MP4,50120,27.8723,KAD_ROB_Transect 4,0.7051,94.916,9.124,0.389,3610.427,25.043,21.417,8.241,950.163,-1196.995,-3271.021,KAD_ROB,Peter,Chaetodontidae,Forcipiger,flavissimus,37365068,1,AD,Passing,,
GX010027_L.MP4,50120,27.8723,KAD_ROB_Transect 4,0.7051,,7.88,0.3,3615.192,19.887,,,68.126,-1229.837,-3398.893,KAD_ROB,Peter,Chaetodontidae,Forcipiger,flavissimus,37365068,1,AD,Passing,,
GX010027_L.MP4,50354,28.0024,KAD_ROB_Transect 4,0.8353,,2.488,2.042,1935.32,19.144,,,424.231,-473.12,-1828.018,KAD_ROB,Peter,Pomacentridae,Chromis,viridis,37372053,1,AD,Passing,,
GX010027_L.MP4,50354,28.0024,KAD_ROB_Transect 4,0.8353,,2.446,2.224,1920.256,19.729,,,423.096,-492.168,-1807.247,KAD_ROB,Peter,Pomacentridae,Chromis,viridis,37372053,1,AD,Passing,,
GX010027_L.MP4,50354,28.0024,KAD_ROB_Transect 4,0.8353,,2.433,1.206,1917.873,20.371,,,441.168,-502.122,-1797.632,KAD_ROB,Peter,Pomacentridae,Chromis,viridis,37372053,1,AD,Passing,,
GX010027_L.MP4,50354,28.0024,KAD_ROB_Transect 4,0.8353,,2.604,1.731,2002.007,21.926,,,539.713,-518.353,-1856.893,KAD_ROB,Peter,Pomacentridae,Chromis,viridis,37372053,1,AD,Passing,,
GX010027_L.MP4,50354,28.0024,KAD_ROB_Transect 4,0.8353,,2.573,0.983,1981.42,20.786,,,504.678,-490.701,-1852.171,KAD_ROB,Peter,Pomacentridae,Chromis,viridis,37372053,1,AD,Passing,,
GX010027_L.MP4,50354,28.0024,KAD_ROB_Transect 4,0.8353,,2.512,0.088,1952.417,20.307,,,479.992,-479.344,-1830.784,KAD_ROB,Peter,Pomacentridae,Chromis,viridis,37372053,1,AD,Passing,,
GX010027_L.MP4,50354,28.0024,KAD_ROB_Transect 4,0.8353,,2.559,1.868,1969.499,19.724,,,479.915,-460.959,-1853.678,KAD_ROB,Peter,Pomacentridae,Chromis,viridis,37372053,1,AD,Passing,,
GX010027_L.MP4,50354,28.0024,KAD_ROB_Transect 4,0.8353,,2.57,2.078,1967.287,18.515,,,427.839,-456.323,-1865.192,KAD_ROB,Peter,Pomacentridae,Chromis,viridis,37372053,1,AD,Passing,,
GX010027_L.MP4,50354,28.0024,KAD_ROB_Transect 4,0.8353,,2.698,3.73,2017.548,17.726,,,433.365,-436.494,-1921.501,KAD_ROB,Peter,Pomacentridae,Chromis,viridis,37372053,1,AD,Passing,,
GX010027_L.MP4,50354,28.0024,KAD_ROB_Transect 4,0.8353,,2.825,1.546,2071.55,18.036,,,480.531,-425.95,-1969.512,KAD_ROB,Peter,Pomacentridae,Chromis,viridis,37372053,1,AD,Passing,,
GX010027_L.MP4,50354,28.0024,KAD_ROB_Transect 4,0.8353,,2.479,2.694,1928.703,17.734,,,461.255,-364.923,-1836.837,KAD_ROB,Peter,Pomacentridae,Chromis,viridis,37372053,1,AD,Passing,,
GX010027_L.MP4,50354,28.0024,KAD_ROB_Transect 4,0.8353,,2.795,2.702,2072.084,20.187,,,551.081,-456.776,-1944.53,KAD_ROB,Peter,Pomacentridae,Chromis,viridis,37372053,1,AD,Passing,,
GX010027_L.MP4,50354,28.0024,KAD_ROB_Transect 4,0.8353,,2.699,1.541,2037.803,21.11,,,551.056,-485.899,-1900.758,KAD_ROB,Peter,Pomacentridae,Chromis,viridis,37372053,1,AD,Passing,,
GX010027_L.MP4,50354,28.0024,KAD_ROB_Transect 4,0.8353,,2.986,1.162,2140.538,18.711,,,537.334,-428.744,-2027.154,KAD_ROB,Peter,Pomacentridae,Chromis,viridis,37372053,1,AD,Passing,,
GX010027_L.MP4,50481,28.073,KAD_ROB_Transect 4,0.9059,,11.502,3.885,4482.659,19.58,,,1445.059,-412.976,-4223.208,KAD_ROB,Peter,Scaridae,Scarus,psittacus,37386024,1,AD,Passing,,
GX010027_L.MP4,50521,28.0953,KAD_ROB_Transect 4,0.9281,,9.063,2.426,3831.256,17.166,,,766.781,-833.202,-3660.101,KAD_ROB,Peter,Acanthuridae,Ctenochaetus,striatus,37437022,1,AD,Passing,,
GX010027_L.MP4,50521,28.0953,KAD_ROB_Transect 4,0.9281,118.096,5.297,2.083,3270.918,15.889,11.543,18.639,424.394,-788.517,-3145.955,KAD_ROB,Peter,Labridae,Oxycheilinus,digrammus,37384065,1,AD,Passing,,
GX010027_L.MP4,50529,28.0997,KAD_ROB_Transect 4,0.9326,237.574,13.545,2.887,3138.499,23.057,61.314,5.658,929.228,-804.598,-2887.79,KAD_ROB,Peter,Scaridae,Chlorurus,spilurus,temp_code_002,1,AD,Passing,,
GX010027_L.MP4,50529,28.0997,KAD_ROB_Transect 4,0.9326,125.663,10.588,2.461,3627.891,18.795,24.125,5.128,794.275,-857.531,-3434.437,KAD_ROB,Peter,Acanthuridae,Ctenochaetus,striatus,37437022,1,AD,Passing,,
GX010027_L.MP4,50547,28.1097,KAD_ROB_Transect 4,0.9426,,4.793,13.251,3023.593,30.74,,,-1357.359,-740.473,-2598.344,KAD_ROB,Peter,Chaetodontidae,Chaetodon,baronessa,37365034,1,AD,Passing,,
GX010027_L.MP4,50547,28.1097,KAD_ROB_Transect 4,0.9426,,9.45,3.22,4046.654,17.482,,,-1084.016,-552.406,-3859.425,KAD_ROB,Peter,Scaridae,Chlorurus,sp,,1,AD,Passing,,
GX010027_L.MP4,50557,28.1153,KAD_ROB_Transect 4,0.9482,160.853,9.638,12.562,3052.306,28.507,48.903,18.871,1204.82,-818.847,-2682.251,KAD_ROB,Peter,Scaridae,Chlorurus,spilurus,temp_code_002,1,AD,Passing,,
GX010027_L.MP4,50627,28.1542,KAD_ROB_Transect 4,0.9871,147.974,2.378,2.922,1916.045,17.674,17.821,18.343,28.94,-581.002,-1825.603,KAD_ROB,Peter,Scaridae,Scarus,schlegeli,37386029,1,AD,Passing,,
GX010027_L.MP4,50633,28.1576,KAD_ROB_Transect 4,0.9904,158.319,5.274,5.567,2423.958,21.159,26.041,13.818,844.697,-228.063,-2260.542,KAD_ROB,Peter,Scaridae,Chlorurus,spilurus,temp_code_002,1,AD,Passing,,
GX010027_L.MP4,50665,28.1754,KAD_ROB_Transect 4,1.0082,182.07,5.096,5.327,2249.804,10.091,29.626,14.955,390.956,-50.558,-2214.997,KAD_ROB,Peter,Scaridae,Chlorurus,spilurus,temp_code_002,1,AD,Passing,,
GX010027_L.MP4,50700,28.1948,KAD_ROB_Transect 4,1.0277,147.434,2.105,2.81,1682.126,21.859,18.915,12.972,341.64,-524.907,-1561.186,KAD_ROB,Peter,Scaridae,Scarus,schlegeli,37386029,1,AD,Passing,,
GX010027_L.MP4,50749,28.2221,KAD_ROB_Transect 4,1.0549,,3.094,0.459,2263.055,25.621,,,854.925,-477.351,-2040.259,KAD_ROB,Peter,Scaridae,Scarus,schlegeli,37386029,1,AD,Passing,,
GX010027_L.MP4,50777,28.2377,KAD_ROB_Transect 4,1.0705,98.982,5.266,3.302,3005.502,24.065,4.188,26.437,1012,-691.257,-2744.278,KAD_ROB,Peter,Labridae,Thalassoma,lutescens,37384168,1,AD,Passing,,
GX010027_L.MP4,50779,28.2388,KAD_ROB_Transect 4,1.0716,,4.323,17.144,2754.947,27.423,,,-948.673,-843.958,-2444.89,KAD_ROB,Peter,Acanthuridae,Ctenochaetus,sp,,1,AD,Passing,,
GX010027_L.MP4,50793,28.2466,KAD_ROB_Transect 4,1.0794,,4.008,1.315,2524.27,22.278,,,377.758,-880.593,-2335.336,KAD_ROB,Peter,Acanthuridae,Zebrasoma,scopas,37437036,1,AD,Passing,,
GX010027_L.MP4,50797,28.2488,KAD_ROB_Transect 4,1.0816,,6.473,3.718,3233.989,21.293,,,504.132,-1062.437,-3012.601,KAD_ROB,Peter,Pomacanthidae,Centropyge,heraldi,37385027,1,AD,Passing,,
GX010027_L.MP4,50831,28.2677,KAD_ROB_Transect 4,1.1005,,8.503,0.342,3811.889,23.233,,,1270.049,-807.086,-3502.297,KAD_ROB,Peter,Pomacanthidae,Centropyge,heraldi,37385027,1,AD,Passing,,
GX010027_L.MP4,50888,28.2994,KAD_ROB_Transect 4,1.1322,,7.724,8.875,3885.584,27.722,,,1807.487,7.049,-3439.579,KAD_ROB,Peter,Pomacentridae,Dascyllus,reticulatus,37372074,1,AD,Passing,,
GX010027_L.MP4,51087,28.41,KAD_ROB_Transect 4,1.2429,138.902,7.153,2.672,3331.317,24.67,8.59,21.39,1292.328,-513.042,-3027.268,KAD_ROB,Peter,Lethrinidae,Monotaxis,grandoculis,37351026,1,AD,Passing,,
GX010027_L.MP4,51178,28.4607,KAD_ROB_Transect 4,1.2935,,12.562,1.339,4781.86,24.053,,,1847.578,-623.114,-4366.276,KAD_ROB,Peter,Scaridae,Chlorurus,spilurus,temp_code_002,1,AD,Passing,,
GX010027_L.MP4,51213,28.4801,KAD_ROB_Transect 4,1.313,228.087,8.767,2.202,3902.661,17.631,11.879,13.811,920.313,-741.786,-3719.347,KAD_ROB,Peter,Siganidae,Siganus,punctatus,37438003,1,AD,Passing,,
GX010027_L.MP4,51264,28.5085,KAD_ROB_Transect 4,1.3413,273.221,9.926,14.15,3066.446,29.677,48.708,3.49,1369.21,-655.909,-2664.233,KAD_ROB,Peter,Siganidae,Siganus,punctatus,37438003,1,AD,Passing,,
GX010027_L.MP4,51323,28.5413,KAD_ROB_Transect 4,1.3742,72.994,6.641,5.201,2214.803,25.866,73.836,9.177,890.815,-374.314,-1992.911,KAD_ROB,Peter,Pomacentridae,Amblyglyphidodon,orbicularis,temp_code_001,1,AD,Passing,,
GX010027_L.MP4,51402,28.5852,KAD_ROB_Transect 4,1.4181,69.976,4.84,3.919,2467.758,23.437,16.38,6.677,964.143,-183.888,-2264.165,KAD_ROB,Peter,Pomacentridae,Amblyglyphidodon,orbicularis,temp_code_001,1,AD,Passing,,
GX010027_L.MP4,51441,28.6069,KAD_ROB_Transect 4,1.4398,91.137,6.554,3.659,2070.47,18.372,63.24,1.726,576.629,-305.565,-1964.937,KAD_ROB,Peter,Pomacentridae,Chromis,viridis,37372053,1,AD,Passing,,
GX010027_L.MP4,51494,28.6364,KAD_ROB_Transect 4,1.4692,75.323,2.535,5.069,2115.437,14.891,12.616,27.02,215.49,-499.099,-2044.392,KAD_ROB,Peter,Pomacentridae,Amblyglyphidodon,orbicularis,temp_code_001,1,AD,Passing,,
GX010027_L.MP4,51644,28.7198,KAD_ROB_Transect 4,1.5527,82.909,6.654,3.128,2521.963,22.062,38.806,18.954,940.07,-116.56,-2337.302,KAD_ROB,Peter,Pomacentridae,Chromis,viridis,37372053,1,AD,Passing,,
GX010027_L.MP4,51644,28.7198,KAD_ROB_Transect 4,1.5527,,2.012,0.346,1740.646,22.647,,,435.608,-510.321,-1606.134,KAD_ROB,Peter,Pomacentridae,Dascyllus,reticulatus,37372074,1,AD,Passing,,
GX010027_L.MP4,51644,28.7198,KAD_ROB_Transect 4,1.5527,,1.5,4.459,1483.587,22.968,,,319.435,-483.621,-1365.688,KAD_ROB,Peter,Pomacentridae,Dascyllus,reticulatus,37372074,1,AD,Passing,,
GX010027_L.MP4,51644,28.7198,KAD_ROB_Transect 4,1.5527,,1.836,7.128,1667.356,24.477,,,474.918,-502.577,-1517.216,KAD_ROB,Peter,Pomacentridae,Dascyllus,reticulatus,37372074,1,AD,Passing,,
GX010027_L.MP4,51644,28.7198,KAD_ROB_Transect 4,1.5527,42.2,2.642,8.848,1588.719,23.983,39.746,18.043,358.084,-537.377,-1451.561,KAD_ROB,Peter,Pomacentridae,Pomacentrus,maafu,temp_code_005,1,AD,Passing,,
GX010027_L.MP4,51669,28.7337,KAD_ROB_Transect 4,1.5666,,2.259,2.038,1906.201,25.039,,,753.596,-289.068,-1726.886,KAD_ROB,Peter,Pomacentridae,Chrysiptera,glauca,37372062,1,AD,Passing,,
GX010027_L.MP4,51836,28.8266,KAD_ROB_Transect 4,1.6594,,4.793,3.568,3062.386,30.087,,,1534.862,30.633,-2649.805,KAD_ROB,Peter,Pomacentridae,Amblyglyphidodon,orbicularis,temp_code_001,1,AD,Passing,,
GX010027_L.MP4,51915,28.8705,KAD_ROB_Transect 4,1.7034,109.531,3.313,2.322,2927.502,19.566,7.138,20.856,-80.06,-977.131,-2758.455,KAD_ROB,Peter,Pomacentridae,Stegastes,nigricans,37372135,1,AD,Passing,,
GX010027_L.MP4,52019,28.9283,KAD_ROB_Transect 4,1.7612,83.742,7.676,3.037,3313.735,16.458,17.723,4.348,-815.015,-466.03,-3177.956,KAD_ROB,Peter,Pomacentridae,Chromis,viridis,37372053,1,AD,Passing,,
GX010027_L.MP4,52019,28.9283,KAD_ROB_Transect 4,1.7612,130.059,8.869,7.229,3863.885,27.117,3.638,26.516,-1719.655,-380.383,-3439.143,KAD_ROB,Peter,Scaridae,Scarus,sp,,1,AD,Passing,,
GX010027_L.MP4,52188,29.0223,KAD_ROB_Transect 4,1.8552,,4.561,7.302,2737.167,25.944,,,718.497,-959.454,-2460.75,KAD_ROB,Peter,Pomacanthidae,Centropyge,flavissima,37365026,1,AD,Passing,,
GX010027_L.MP4,52460,29.1736,KAD_ROB_Transect 4,2.0064,,12.973,6.933,4802.789,0.934,,,-63.165,-49.032,-4802.123,KAD_ROB,Peter,Pomacentridae,Chromis,viridis,37372053,1,AD,Passing,,
GX010027_L.MP4,52512,29.2025,KAD_ROB_Transect 4,2.0354,82.529,5.978,3.565,2752.253,21.452,25.77,11.469,449.87,-900.456,-2561.58,KAD_ROB,Peter,Chaetodontidae,Chaetodon,baronessa,37365034,1,AD,Passing,,
GX010027_L.MP4,52571,29.2353,KAD_ROB_Transect 4,2.0682,81.798,3.299,3.997,1951.154,18.791,28.071,25.77,349.871,-522.117,-1847.156,KAD_ROB,Peter,Pomacentridae,Amblyglyphidodon,orbicularis,temp_code_001,1,AD,Passing,,
GX010027_L.MP4,52635,29.2709,KAD_ROB_Transect 4,2.1038,,4.546,4.852,2751.995,26.464,,,867.582,-868.261,-2463.109,KAD_ROB,Peter,Pomacentridae,Dascyllus,aruanus,37372073,1,AD,Passing,,
GX010027_L.MP4,52689,29.3009,KAD_ROB_Transect 4,2.1338,,9.212,2.022,3885.008,21.97,,,721.425,-1263.883,-3602.142,KAD_ROB,Peter,Pomacanthidae,Pygoplites,diacanthus,37365082,1,AD,Passing,,
GX010027_L.MP4,52749,29.3343,KAD_ROB_Transect 4,2.1672,190.56,5.096,2.951,2753.904,20.605,21.42,28.262,204.397,-947.384,-2577.726,KAD_ROB,Peter,Scaridae,Chlorurus,spilurus,temp_code_002,1,AD,Passing,,
GX010027_L.MP4,52805,29.3654,KAD_ROB_Transect 4,2.1983,75.717,3.565,4.624,2729.217,12.522,10.773,47.494,352.917,-474.964,-2664.299,KAD_ROB,Peter,Pomacentridae,Amblyglyphidodon,orbicularis,temp_code_001,1,AD,Passing,,
GX010027_L.MP4,52805,29.3654,KAD_ROB_Transect 4,2.1983,196.22,18.544,5.258,3444.863,1.518,55.434,21.641,-63.812,-65.255,-3443.654,KAD_ROB,Peter,Scaridae,Chlorurus,spilurus,temp_code_002,1,AD,Passing,,
GX010027_L.MP4,52805,29.3654,KAD_ROB_Transect 4,2.1983,92.735,6.134,3.87,3030.658,9.608,18.822,10.843,11.417,-505.686,-2988.149,KAD_ROB,Peter,Pomacentridae,Chromis,viridis,37372053,1,AD,Passing,,
GX010027_L.MP4,52853,29.3921,KAD_ROB_Transect 4,2.225,203.472,17.952,7.327,3750.276,28.393,75.744,0.775,1597.728,-792.164,-3299.138,KAD_ROB,Peter,Acanthuridae,Acanthurus,nigrofuscus,37437014,1,AD,Passing,,
GX010027_L.MP4,52940,29.4405,KAD_ROB_Transect 4,2.2734,61.235,3.925,1.319,2338.684,17.991,16.691,22.73,-718.993,69.3,-2224.34,KAD_ROB,Peter,Pomacentridae,Amblyglyphidodon,orbicularis,temp_code_001,1,AD,Passing,,
GX010027_L.MP4,52940,29.4405,KAD_ROB_Transect 4,2.2734,79.258,7.452,2.246,2873.739,24.342,32.742,15.626,-1183.952,-36.768,-2618.259,KAD_ROB,Peter,Pomacentridae,Amblyglyphidodon,orbicularis,temp_code_001,1,AD,Passing,,
GX010027_L.MP4,52940,29.4405,KAD_ROB_Transect 4,2.2734,87.53,3.991,4.132,2230.77,7.817,21.007,3.25,-282.68,-110.246,-2210.039,KAD_ROB,Peter,Pomacentridae,Chromis,viridis,37372053,1,AD,Passing,,
GX010027_L.MP4,52963,29.4533,KAD_ROB_Transect 4,2.2862,,5.193,2.741,3123.371,24.706,,,-1289.603,201.135,-2837.59,KAD_ROB,Peter,Pomacentridae,Amblyglyphidodon,orbicularis,temp_code_001,1,AD,Passing,,
GX010027_L.MP4,53101,29.5301,KAD_ROB_Transect 4,2.3629,,9.26,4.627,4007.8,27.156,,,1343.586,-1243.357,-3565.291,KAD_ROB,Peter,Acanthuridae,Ctenochaetus,sp,,1,AD,Passing,,
GX010027_L.MP4,53265,29.6213,KAD_ROB_Transect 4,2.4541,,5.693,12.92,3287.297,32.324,,,1572.595,-786.846,-2777.434,KAD_ROB,Peter,Pomacentridae,Dascyllus,aruanus,37372073,1,AD,Passing,,
GX010027_L.MP4,53315,29.6491,KAD_ROB_Transect 4,2.4819,,5.525,2.337,3015,25.012,,,779.389,-1010.335,-2731.666,KAD_ROB,Peter,Pomacentridae,Dascyllus,aruanus,37372073,1,AD,Passing,,
GX010027_L.MP4,53477,29.7392,KAD_ROB_Transect 4,2.572,,4.191,3.078,2606.332,21.747,,,42.902,-966.116,-2420.278,KAD_ROB,Peter,Pomacentridae,Dascyllus,aruanus,37372073,1,AD,Passing,,
GX010027_L.MP4,53477,29.7392,KAD_ROB_Transect 4,2.572,,4.494,3.867,2703.508,21.254,,,-60.753,-979.601,-2519.057,KAD_ROB,Peter,Pomacentridae,Dascyllus,aruanus,37372073,1,AD,Passing,,
GX010027_L.MP4,53477,29.7392,KAD_ROB_Transect 4,2.572,,5.514,3.597,2970.915,16.575,,,140.027,-837.548,-2846.97,KAD_ROB,Peter,Pomacentridae,Dascyllus,aruanus,37372073,1,AD,Passing,,
GX010027_L.MP4,53477,29.7392,KAD_ROB_Transect 4,2.572,,6.06,2.165,3117.716,14.894,,,155.113,-787.94,-3012.514,KAD_ROB,Peter,Pomacentridae,Dascyllus,aruanus,37372073,1,AD,Passing,,
GX010027_L.MP4,53547,29.7781,KAD_ROB_Transect 4,2.6109,,16.896,12.468,5693.364,27.199,,,-2269.295,1270.856,-5064.545,KAD_ROB,Peter,Labridae,Gomphosus,varius,37384106,1,AD,Passing,,
GX010027_L.MP4,53785,29.9104,KAD_ROB_Transect 4,2.7433,,18.913,10.93,5692.375,22.992,,,1739.459,1381.918,-5240.966,KAD_ROB,Peter,Pomacentridae,Amblyglyphidodon,orbicularis,temp_code_001,1,AD,Passing,,
GX010027_L.MP4,53880,29.9633,KAD_ROB_Transect 4,2.7961,303.556,7.39,7.124,3938.535,12.415,6.002,18.712,839.283,-111.987,-3846.442,KAD_ROB,Peter,Lutjanidae,Lutjanus,monostigma,37346045,1,AD,Passing,,
GX010027_L.MP4,53973,30.015,KAD_ROB_Transect 4,2.8478,,5.09,18.756,3008.334,29.421,,,1232.839,813.296,-2620.827,KAD_ROB,Peter,Pomacentridae,Chromis,viridis,37372053,1,AD,Passing,,
GX010027_L.MP4,54001,30.0306,KAD_ROB_Transect 4,2.8634,,3.814,2.293,2435.074,11.481,,,446.383,187.499,-2386.456,KAD_ROB,Peter,Pomacentridae,Amblyglyphidodon,orbicularis,temp_code_001,1,AD,Passing,,
GX010027_L.MP4,54045,30.055,KAD_ROB_Transect 4,2.8879,61.612,2.645,1.814,1872.652,12.176,15.758,5.04,379.343,-110.046,-1830.523,KAD_ROB,Peter,Pomacentridae,Amblyglyphidodon,orbicularis,temp_code_001,1,AD,Passing,,
GX010027_L.MP4,61867,34.4049,KAD_ROB_Transect 5,0.2653,,7.85,0.833,3645.853,20.264,,,-923.006,-863.684,-3419.701,KAD_ROB,Peter,Acanthuridae,Acanthurus,sp,,1,AD,Passing,,
GX010027_L.MP4,61946,34.4489,KAD_ROB_Transect 5,0.3092,130.1,8.164,7.95,2619.419,25.463,57.234,22.964,770.723,-821.139,-2364.968,KAD_ROB,Peter,Acanthuridae,Zebrasoma,scopas,37437036,1,AD,Passing,,
GX010027_L.MP4,62269,34.6285,KAD_ROB_Transect 5,0.4888,,11.847,16.775,4824.011,31.266,,,-2095.516,-1372.562,-4122.617,KAD_ROB,Peter,Labridae,Stethojulis,sp,,1,AD,Passing,,
GX010027_L.MP4,62277,34.6329,KAD_ROB_Transect 5,0.4933,,11.3,14.075,4527.788,26.414,,,-1510.898,-1334.348,-4054.326,KAD_ROB,Peter,Scaridae,Scarus,sp,,1,AD,Passing,,
GX010027_L.MP4,62374,34.6869,KAD_ROB_Transect 5,0.5472,,36.032,3.187,7961.959,21.768,,,-2111.626,2059.566,-7395.405,KAD_ROB,Peter,Acanthuridae,Acanthurus,sp,,1,AD,Passing,,
GX010027_L.MP4,62382,34.6913,KAD_ROB_Transect 5,0.5517,126.451,9.209,6.12,3346.647,16.514,25.756,12.439,420.841,-853.149,-3208.594,KAD_ROB,Peter,Scaridae,Chlorurus,spilurus,temp_code_002,1,AD,Passing,,
GX010027_L.MP4,62459,34.7341,KAD_ROB_Transect 5,0.5945,210.127,11.127,10.677,3069.674,30.508,86.616,17.35,1436.613,-603.807,-2644.704,KAD_ROB,Peter,Acanthuridae,Acanthurus,sp,,1,AD,Passing,,
GX010027_L.MP4,62518,34.767,KAD_ROB_Transect 5,0.6273,293.926,21.213,6.107,5082.146,21.949,34.964,32.483,-1806.824,586.504,-4713.768,KAD_ROB,Peter,Acanthuridae,Acanthurus,sp,,1,AD,Passing,,
GX010027_L.MP4,62627,34.8276,KAD_ROB_Transect 5,0.6879,286.559,11.531,5.26,2994.626,27.816,87.509,12.437,1396.003,-61.974,-2648.608,KAD_ROB,Peter,Scaridae,Scarus,schlegeli,37386029,1,AD,Passing,,
GX010027_L.MP4,62747,34.8943,KAD_ROB_Transect 5,0.7546,,8.667,6.71,4008.05,23.855,,,1617.969,-100.272,-3665.595,KAD_ROB,Peter,Acanthuridae,Acanthurus,sp,,1,AD,Passing,,
GX010027_L.MP4,62799,34.9232,KAD_ROB_Transect 5,0.7836,,8.047,2.958,3732.903,18.51,,,1184.636,-35.775,-3539.763,KAD_ROB,Peter,Acanthuridae,Zebrasoma,scopas,37437036,1,AD,Passing,,
GX010027_L.MP4,62837,34.9444,KAD_ROB_Transect 5,0.8047,,10.837,1.033,4747.363,28.363,,,-2224.754,367.339,-4177.677,KAD_ROB,Peter,Lethrinidae,Monotaxis,grandoculis,37351026,1,AD,Passing,possibly Aprion virescens,
GX010027_L.MP4,62866,34.9605,KAD_ROB_Transect 5,0.8208,,11.536,11.269,4913.268,31.485,,,-2440.299,791.141,-4190.374,KAD_ROB,Peter,Lethrinidae,Monotaxis,grandoculis,37351026,1,AD,Passing,possibly Aprion virescens,
GX010027_L.MP4,62882,34.9694,KAD_ROB_Transect 5,0.8297,456.333,22.998,8.805,4514.85,25.291,55.392,14.828,-1854.379,530.766,-4082.087,KAD_ROB,Peter,Lethrinidae,Monotaxis,grandoculis,37351026,1,AD,Passing,possibly Aprion virescens,
GX010027_L.MP4,62887,34.9722,KAD_ROB_Transect 5,0.8325,,6.474,1.441,3420.935,24.942,,,1397.942,-357.991,-3101.676,KAD_ROB,Peter,Acanthuridae,Zebrasoma,scopas,37437036,1,AD,Passing,,
GX010027_L.MP4,62917,34.9888,KAD_ROB_Transect 5,0.8492,351.743,24.719,18.592,4784.905,30.405,62.66,3.403,-2296.303,769.051,-4126.848,KAD_ROB,Peter,Lethrinidae,Monotaxis,grandoculis,37351026,1,AD,Passing,possibly Aprion virescens,
GX010027_L.MP4,63063,35.07,KAD_ROB_Transect 5,0.9304,,4.609,1.791,2711.997,5.928,,,178.542,214.235,-2697.62,KAD_ROB,Peter,Pomacentridae,Chromis,viridis,37372053,1,AD,Passing,,
GX010027_L.MP4,63105,35.0934,KAD_ROB_Transect 5,0.9537,89.103,4.53,7.138,2759.578,5.857,21.357,46.33,59.533,-275.233,-2745.173,KAD_ROB,Peter,Pomacentridae,Amblyglyphidodon,orbicularis,temp_code_001,1,AD,Passing,,
GX010027_L.MP4,63111,35.0967,KAD_ROB_Transect 5,0.9571,139.282,4.38,3.9,1799.224,24.601,69.518,18.35,638.295,-391.896,-1635.911,KAD_ROB,Peter,Pomacentridae,Stegastes,nigricans,37372135,1,AD,Passing,,
GX010027_L.MP4,63113,35.0978,KAD_ROB_Transect 5,0.9582,362.235,20.153,7.526,5911.314,17.218,16.383,14.196,874.507,1515.617,-5646.395,KAD_ROB,Peter,Lethrinidae,Monotaxis,grandoculis,37351026,1,AD,Passing,possibly Aprion virescens,
GX010027_L.MP4,63113,35.0978,KAD_ROB_Transect 5,0.9582,,28.73,7.884,6940.451,20.64,,,1701.004,1754.545,-6496,KAD_ROB,Peter,Lethrinidae,Monotaxis,grandoculis,37351026,1,AD,Passing,possibly Aprion virescens,
GX010027_L.MP4,63138,35.1117,KAD_ROB_Transect 5,0.9721,,4.539,1.423,2791.721,24.22,,,1070.877,-407.615,-2545.737,KAD_ROB,Peter,Acanthuridae,Ctenochaetus,striatus,37437022,1,AD,Passing,,
GX010027_L.MP4,63146,35.1162,KAD_ROB_Transect 5,0.9765,,23.514,3.519,6540.379,26.773,,,-2066.964,2095.978,-5840.471,KAD_ROB,Peter,Lutjanidae,Lutjanus,argentimaculatus,37346015,1,AD,Passing,possibly bohar,
GX010027_L.MP4,63169,35.129,KAD_ROB_Transect 5,0.9893,65.82,5.081,7.488,2631.971,14.187,28.403,46.088,482.136,-428.526,-2551.702,KAD_ROB,Peter,Chaetodontidae,Chaetodon,baronessa,37365034,1,AD,Passing,,
GX010027_L.MP4,63169,35.129,KAD_ROB_Transect 5,0.9893,,3.332,2.359,2261.314,14.309,,,167.406,-534.496,-2190.852,KAD_ROB,Peter,Chaetodontidae,Chaetodon,baronessa,37365034,1,AD,Passing,,
GX010027_L.MP4,63172,35.1307,KAD_ROB_Transect 5,0.991,,27.345,14.04,7111.588,26.381,,,-2449.977,1991.928,-6372.167,KAD_ROB,Peter,Lutjanidae,Lutjanus,argentimaculatus,37346015,1,AD,Passing,possibly bohar,
GX010027_L.MP4,63172,35.1307,KAD_ROB_Transect 5,0.991,,35.502,1.282,7773.845,15.46,,,-767.727,1920.413,-7493.682,KAD_ROB,Peter,Lutjanidae,Lutjanus,argentimaculatus,37346015,1,AD,Passing,possibly bohar,
GX010027_L.MP4,63172,35.1307,KAD_ROB_Transect 5,0.991,,27.775,1.433,6907.271,14.845,,,-131.485,1760.931,-6677.741,KAD_ROB,Peter,Lutjanidae,Lutjanus,argentimaculatus,37346015,1,AD,Passing,possibly bohar,
GX010027_L.MP4,63172,35.1307,KAD_ROB_Transect 5,0.991,,36.166,7.718,7862.986,19.644,,,-1460.875,2198.571,-7406.665,KAD_ROB,Peter,Lutjanidae,Lutjanus,argentimaculatus,37346015,1,AD,Passing,possibly bohar,
GX010027_L.MP4,63172,35.1307,KAD_ROB_Transect 5,0.991,,26.686,0.044,6855.544,23.686,,,-1822.468,2061.057,-6279.262,KAD_ROB,Peter,Lutjanidae,Lutjanus,argentimaculatus,37346015,1,AD,Passing,possibly bohar,
GX010027_L.MP4,63174,35.1318,KAD_ROB_Transect 5,0.9921,63.903,5.41,16.454,2196.135,30.337,57.387,10.356,927.037,-609.116,-1895.412,KAD_ROB,Peter,Acanthuridae,Ctenochaetus,striatus,37437022,1,AD,Passing,,
GX010027_L.MP4,63199,35.1457,KAD_ROB_Transect 5,1.006,,3.816,2.882,2468.129,20.369,,,-363.397,-779.784,-2313.34,KAD_ROB,Peter,Pomacentridae,Pomacentrus,coelestis,37372111,1,AD,Passing,,
GX010027_L.MP4,63200,35.1462,KAD_ROB_Transect 5,1.0066,61.739,5.847,3.9,1907.466,20.403,77.405,7.082,230.891,-623.601,-1787.802,KAD_ROB,Peter,Chaetodontidae,Chaetodon,baronessa,37365034,1,AD,Passing,,
GX010027_L.MP4,63213,35.1535,KAD_ROB_Transect 5,1.0138,46.254,2.222,13.979,1723.196,27.866,12.307,15.132,625.547,-507.368,-1523.375,KAD_ROB,Peter,Pomacentridae,Pomacentrus,sp,,1,AD,Passing,,
GX010027_L.MP4,63220,35.1573,KAD_ROB_Transect 5,1.0177,284.429,19.534,4.545,5580.793,21.102,12.751,2.638,-1845.614,794.2,-5206.554,KAD_ROB,Peter,Lethrinidae,Monotaxis,grandoculis,37351026,1,AD,Passing,possibly Aprion virescens,
GX010027_L.MP4,63220,35.1573,KAD_ROB_Transect 5,1.0177,,17.703,5.097,5545.491,17.476,,,-1368.085,946.506,-5290.08,KAD_ROB,Peter,Lethrinidae,Monotaxis,grandoculis,37351026,1,AD,Passing,possibly Aprion virescens,
GX010027_L.MP4,63248,35.1729,KAD_ROB_Transect 5,1.0333,73.973,1.304,7.124,1654.67,22.353,1.866,3.083,-193.225,-598.884,-1530.338,KAD_ROB,Peter,Pomacentridae,Plectroglyphidodon,johnstonianus,37372100,1,AD,Passing,,
GX010027_L.MP4,63254,35.1763,KAD_ROB_Transect 5,1.0366,,25.946,11.196,6962.124,23.567,,,-2460.651,1297.585,-6382.213,KAD_ROB,Peter,Lethrinidae,Monotaxis,grandoculis,37351026,1,AD,Passing,possibly Aprion virescens,
GX010027_L.MP4,63261,35.1801,KAD_ROB_Transect 5,1.0405,21.673,1.314,2.382,1506.885,17.913,6.832,20.965,163.743,-433.579,-1433.841,KAD_ROB,Peter,Pomacentridae,Dascyllus,reticulatus,37372074,1,AD,Passing,,
GX010027_L.MP4,63285,35.1935,KAD_ROB_Transect 5,1.0538,89.979,2.989,6.823,1573.088,23.505,47.355,7.321,423.187,-463.195,-1442.557,KAD_ROB,Peter,Chaetodontidae,Chaetodon,baronessa,37365034,1,AD,Passing,,
GX010027_L.MP4,63294,35.1985,KAD_ROB_Transect 5,1.0588,60.923,1.006,2.47,1270.611,21.021,7.645,11.352,149.891,-430.431,-1186.05,KAD_ROB,Peter,Scaridae,Chlorurus,spilurus,temp_code_002,1,AD,Passing,,
GX010027_L.MP4,63320,35.213,KAD_ROB_Transect 5,1.0733,,3.413,10.833,2461.407,30.575,,,1088.334,617.723,-2119.545,KAD_ROB,Peter,Pomacentridae,Dascyllus,reticulatus,37372074,1,AD,Passing,,
GX010027_L.MP4,63320,35.213,KAD_ROB_Transect 5,1.0733,,3.43,5.472,2456.155,28.753,,,1071.604,496.303,-2153.613,KAD_ROB,Peter,Pomacentridae,Dascyllus,aruanus,37372073,1,AD,Passing,,
GX010027_L.MP4,63359,35.2346,KAD_ROB_Transect 5,1.095,361.727,28.898,3.752,6373.795,18.829,20.916,8.688,-1636.144,1246.91,-6032.704,KAD_ROB,Peter,Lutjanidae,Lutjanus,monostigma,37346045,1,AD,Passing,,
GX020027_L.MP4,36,35.2552,KAD_ROB_Transect 5,1.1156,,2.427,10.017,2026.21,25.498,,,-805.754,-335.092,-1828.661,KAD_ROB,Peter,Pomacentridae,Pomacentrus,moluccensis,37372118,1,AD,Passing,,
GX020027_L.MP4,76,35.2775,KAD_ROB_Transect 5,1.1378,70.189,4.693,17.994,2117.738,26.263,43.141,6.6,-693.707,-630.02,-1899.121,KAD_ROB,Peter,Chaetodontidae,Chaetodon,baronessa,37365034,1,AD,Passing,,
GX020027_L.MP4,229,35.3625,KAD_ROB_Transect 5,1.2229,,2.917,2.883,2215.352,22.413,,,-803.731,-260.964,-2047.852,KAD_ROB,Peter,Pomacentridae,Stegastes,lacrymatus,temp_code_006,1,AD,Passing,,
GX020027_L.MP4,331,35.4193,KAD_ROB_Transect 5,1.2796,,4.288,2.854,2685.277,18.893,,,-812.917,-310.025,-2540.426,KAD_ROB,Peter,Pomacentridae,Dascyllus,aruanus,37372073,1,AD,Passing,,
GX020027_L.MP4,331,35.4193,KAD_ROB_Transect 5,1.2796,,4.61,0.219,2752.116,16.624,,,-691.129,-378.757,-2636.859,KAD_ROB,Peter,Pomacentridae,Dascyllus,aruanus,37372073,1,AD,Passing,,
GX020027_L.MP4,331,35.4193,KAD_ROB_Transect 5,1.2796,,4.578,0.475,2737.262,16.107,,,-665.629,-367.101,-2629.596,KAD_ROB,Peter,Pomacentridae,Dascyllus,aruanus,37372073,1,AD,Passing,,
GX020027_L.MP4,344,35.4265,KAD_ROB_Transect 5,1.2868,86.217,3.135,1.907,2117.842,20.31,5.642,7.777,-731.846,69.218,-1986.168,KAD_ROB,Peter,Pomacentridae,Amblyglyphidodon,orbicularis,temp_code_001,1,AD,Passing,,
GX020027_L.MP4,385,35.4493,KAD_ROB_Transect 5,1.3096,,3.77,0.58,2449.24,10.236,,,-434.966,-17,-2410.248,KAD_ROB,Peter,Pomacentridae,Chromis,viridis,37372053,1,AD,Passing,,
GX020027_L.MP4,385,35.4493,KAD_ROB_Transect 5,1.3096,,3.984,4.264,2518.677,6.205,,,-260.886,-79.235,-2503.876,KAD_ROB,Peter,Pomacentridae,Chromis,viridis,37372053,1,AD,Passing,,
GX020027_L.MP4,385,35.4493,KAD_ROB_Transect 5,1.3096,27.211,2.267,2.506,2283.293,7.423,4.802,24.445,-247.73,-160.129,-2264.159,KAD_ROB,Peter,Pomacentridae,Dascyllus,aruanus,37372073,1,AD,Passing,,
GX020027_L.MP4,385,35.4493,KAD_ROB_Transect 5,1.3096,,3.986,2.801,2520.161,7.082,,,-307.882,-43.154,-2500.912,KAD_ROB,Peter,Pomacentridae,Dascyllus,aruanus,37372073,1,AD,Passing,,
GX020027_L.MP4,385,35.4493,KAD_ROB_Transect 5,1.3096,,3.75,2.039,2437.078,7.846,,,-332.542,-10.658,-2414.26,KAD_ROB,Peter,Pomacentridae,Dascyllus,reticulatus,37372074,1,AD,Passing,,
GX020027_L.MP4,413,35.4649,KAD_ROB_Transect 5,1.3252,,3.237,1.877,2234.172,17.373,,,186.528,-641.759,-2131.871,KAD_ROB,Peter,Pomacentridae,Pomacentrus,sp,,1,AD,Passing,,
GX020027_L.MP4,417,35.4671,KAD_ROB_Transect 5,1.3274,,6.682,4.97,3395.162,19.57,,,1133.183,93.749,-3199.099,KAD_ROB,Peter,Pomacanthidae,Centropyge,heraldi,37385027,1,AD,Passing,,
GX020027_L.MP4,454,35.4877,KAD_ROB_Transect 5,1.348,,4.905,4.833,2895.477,21.402,,,1043.053,-170.231,-2695.709,KAD_ROB,Peter,Chaetodontidae,Chaetodon,lunulatus,37365059,1,AD,Passing,,
GX020027_L.MP4,462,35.4921,KAD_ROB_Transect 5,1.3525,,4.357,5.145,2644.267,23.479,,,606.076,-863.156,-2424.826,KAD_ROB,Peter,Chaetodontidae,Chaetodon,mertensii,37365044,1,AD,Passing,,
GX020027_L.MP4,477,35.5005,KAD_ROB_Transect 5,1.3608,211.372,19.388,7.195,4297.76,21.909,40.281,1.633,-1358.088,-852.788,-3987.366,KAD_ROB,Peter,Labridae,Cheilinus,fasciatus,37384066,1,AD,Passing,,
GX020027_L.MP4,505,35.516,KAD_ROB_Transect 5,1.3764,,3.624,8.604,2421.39,22.764,,,-466.403,-813.902,-2232.3,KAD_ROB,Peter,Pomacentridae,Dascyllus,aruanus,37372073,1,AD,Passing,,
GX020027_L.MP4,528,35.5288,KAD_ROB_Transect 5,1.3892,76.931,4.18,0.59,2494.518,22.677,10.133,3.149,802.461,-530.036,-2301.682,KAD_ROB,Peter,Pomacanthidae,Centropyge,flavissima,37365026,1,AD,Passing,,
GX020027_L.MP4,528,35.5288,KAD_ROB_Transect 5,1.3892,64.21,5.546,2.238,2366.176,14.412,30.002,1.826,369.96,-458.24,-2291.71,KAD_ROB,Peter,Pomacentridae,Pomacentrus,maafu,temp_code_005,1,AD,Passing,,
GX020027_L.MP4,542,35.5366,KAD_ROB_Transect 5,1.397,104.128,4.751,18.595,1964.484,29.594,69.203,13.006,752.054,-612.907,-1708.202,KAD_ROB,Peter,Chaetodontidae,Chaetodon,mertensii,37365044,1,AD,Passing,,
GX020027_L.MP4,549,35.5405,KAD_ROB_Transect 5,1.4008,,2.637,5.824,2124.445,28.521,,,930.873,-404.135,-1866.392,KAD_ROB,Peter,Pomacentridae,Stegastes,nigricans,37372135,1,AD,Passing,,
GX020027_L.MP4,549,35.5405,KAD_ROB_Transect 5,1.4008,110.989,5.976,2.977,2127.305,25.316,63.461,4.529,843.348,-340.943,-1923.005,KAD_ROB,Peter,Labridae,Thalassoma,quinquevittatum,37384170,1,AD,Passing,,
GX020027_L.MP4,592,35.5644,KAD_ROB_Transect 5,1.4248,,1.978,7.767,1736.27,21.163,,,-182.888,-600.501,-1618.822,KAD_ROB,Peter,Pomacentridae,Dascyllus,aruanus,37372073,1,AD,Passing,,
GX020027_L.MP4,622,35.5811,KAD_ROB_Transect 5,1.4414,89.422,2.816,4.778,2669.876,8.801,4.343,33.172,-320.876,-252.769,-2638.444,KAD_ROB,Peter,Chaetodontidae,Chaetodon,baronessa,37365034,1,AD,Passing,,
GX020027_L.MP4,648,35.5956,KAD_ROB_Transect 5,1.4559,83.978,2.235,5.544,2011.634,15.627,11.368,35.095,-84.246,-535.298,-1937.274,KAD_ROB,Peter,Chaetodontidae,Chaetodon,baronessa,37365034,1,AD,Passing,,
GX020027_L.MP4,665,35.605,KAD_ROB_Transect 5,1.4654,,3.194,3.604,2386.121,31.281,,,1080.293,605.393,-2039.618,KAD_ROB,Peter,Blenniidae,Plagiotremus,flavus,temp_code_003,1,AD,Passing,,
GX020027_L.MP4,915,35.744,KAD_ROB_Transect 5,1.6044,,4.52,2.974,2898.341,27.258,,,1327.447,3.394,-2576.48,KAD_ROB,Peter,Pomacentridae,Dascyllus,reticulatus,37372074,1,AD,Passing,,
GX020027_L.MP4,924,35.749,KAD_ROB_Transect 5,1.6094,,8.181,4.971,3696.732,21.313,,,-374.268,-1292.482,-3443.145,KAD_ROB,Peter,Acanthuridae,Zebrasoma,scopas,37437036,1,AD,Passing,,
GX020027_L.MP4,983,35.7819,KAD_ROB_Transect 5,1.6422,,6.509,0.527,3322.257,23.926,,,1124.194,-744.505,-3036.329,KAD_ROB,Peter,Pomacanthidae,Centropyge,flavissima,37365026,1,AD,Passing,,
GX020027_L.MP4,1052,35.8202,KAD_ROB_Transect 5,1.6806,,5.926,0.246,3080.339,17.277,,,710.177,-578.37,-2941.024,KAD_ROB,Peter,Acanthuridae,Acanthurus,sp,,1,AD,Passing,,
GX020027_L.MP4,1064,35.8269,KAD_ROB_Transect 5,1.6872,206.115,12.305,4.476,2773.456,18.654,77.793,17.555,-361.049,-810.277,-2627.766,KAD_ROB,Peter,Labridae,Oxycheilinus,digrammus,37384065,1,AD,Passing,,
GX020027_L.MP4,1114,35.8547,KAD_ROB_Transect 5,1.715,,3.323,10.844,2401.97,25.628,,,-908.024,-506.066,-2165.375,KAD_ROB,Peter,Pomacentridae,Pomacentrus,maafu,temp_code_005,1,AD,Passing,,
GX020027_L.MP4,1114,35.8547,KAD_ROB_Transect 5,1.715,,4.099,1.575,2689.249,21.827,,,-989.509,-144.943,-2496.383,KAD_ROB,Peter,Pomacentridae,Pomacentrus,maafu,temp_code_005,1,AD,Passing,,
GX020027_L.MP4,1141,35.8697,KAD_ROB_Transect 5,1.7301,101.974,3.333,2.754,2376.262,15.025,33.469,73.477,-292.851,-541.946,-2295.028,KAD_ROB,Peter,Acanthuridae,Ctenochaetus,striatus,37437022,1,AD,Passing,,
GX020027_L.MP4,1141,35.8697,KAD_ROB_Transect 5,1.7301,70.071,5.824,5.8,2332.813,15.815,34.437,0.013,-537.69,-339.262,-2244.506,KAD_ROB,Peter,Pomacentridae,Pomacentrus,maafu,temp_code_005,1,AD,Passing,,
GX020027_L.MP4,1185,35.8942,KAD_ROB_Transect 5,1.7545,97.87,6.952,3.335,2121.778,17.494,64.059,13.537,83.371,-632.346,-2023.643,KAD_ROB,Peter,Acanthuridae,Acanthurus,sp,,1,AD,Passing,,
GX020027_L.MP4,1217,35.912,KAD_ROB_Transect 5,1.7723,247.365,5.754,6.738,3555.019,16.366,7.246,28.831,-680.407,-735.184,-3410.969,KAD_ROB,Peter,Scaridae,Chlorurus,spilurus,temp_code_002,1,AD,Passing,,
GX020027_L.MP4,1300,35.9581,KAD_ROB_Transect 5,1.8185,101.933,3.45,5.178,2441.678,20.198,10.113,29.194,568.634,-622.363,-2291.53,KAD_ROB,Peter,Acanthuridae,Zebrasoma,scopas,37437036,1,AD,Passing,,
GX020027_L.MP4,1322,35.9704,KAD_ROB_Transect 5,1.8307,,12.721,12.228,4880.056,26.537,,,-1832.116,-1184.561,-4365.216,KAD_ROB,Peter,Pomacentridae,Chromis,viridis,37372053,1,AD,Passing,,
GX020027_L.MP4,1357,35.9898,KAD_ROB_Transect 5,1.8502,,3.512,3.334,2354.792,21.459,,,248.721,-826.059,-2191.075,KAD_ROB,Peter,Acanthuridae,Acanthurus,sp,,1,AD,Passing,,
GX020027_L.MP4,1357,35.9898,KAD_ROB_Transect 5,1.8502,221.786,8.168,5.83,3943.206,16.677,15.061,8.338,-363.057,-1071.806,-3777.34,KAD_ROB,Peter,Scaridae,Chlorurus,spilurus,temp_code_002,1,AD,Passing,,
GX020027_L.MP4,1357,35.9898,KAD_ROB_Transect 5,1.8502,,3.442,0.179,2341.341,21.485,,,97.285,-853.261,-2178.155,KAD_ROB,Peter,Acanthuridae,Zebrasoma,scopas,37437036,1,AD,Passing,,
GX020027_L.MP4,1421,36.0254,KAD_ROB_Transect 5,1.8858,66.8,5.241,7.472,1986.283,25.233,78.997,23.386,722.486,-441.57,-1796.761,KAD_ROB,Peter,Pomacentridae,Pomacentrus,moluccensis,37372118,1,AD,Passing,,
GX020027_L.MP4,1435,36.0332,KAD_ROB_Transect 5,1.8936,,5.653,17.284,3294.893,28.892,,,-1456.324,-644.647,-2884.418,KAD_ROB,Peter,Pomacentridae,Chromis,viridis,37372053,1,AD,Passing,,
GX020027_L.MP4,1460,36.0471,KAD_ROB_Transect 5,1.9075,289.142,14.045,6.849,3330.328,27.588,81.19,15.498,1513.132,-298.716,-2951.659,KAD_ROB,Peter,Scaridae,Scarus,dimidiatus,37386013,1,AD,Passing,,
GX020027_L.MP4,1531,36.0866,KAD_ROB_Transect 5,1.9469,,17.928,19.813,5917.693,30.509,,,-2461.198,-1725.853,-5097.355,KAD_ROB,Peter,Acanthuridae,Acanthurus,sp,,1,AD,Passing,,
GX020027_L.MP4,1542,36.0927,KAD_ROB_Transect 5,1.9531,97.763,5.659,7.023,2795.036,28.362,30.22,40.295,1159.031,-647.745,-2459.532,KAD_ROB,Peter,Mullidae,Mulloidichthys,flavolineatus,37355019,1,AD,Passing,,
GX020027_L.MP4,1542,36.0927,KAD_ROB_Transect 5,1.9531,103.376,4.483,8.117,2910.128,27.592,3.948,51.499,1151.585,-700.444,-2579.161,KAD_ROB,Peter,Mullidae,Mulloidichthys,flavolineatus,37355019,1,AD,Passing,,
GX020027_L.MP4,1542,36.0927,KAD_ROB_Transect 5,1.9531,126.294,6.492,4.991,2788.649,28.485,65.448,51.779,1138.529,-687.503,-2451.052,KAD_ROB,Peter,Mullidae,Mulloidichthys,flavolineatus,37355019,1,AD,Passing,,
GX020027_L.MP4,1542,36.0927,KAD_ROB_Transect 5,1.9531,107.135,6.663,13.847,2881.057,29.184,39.432,38.467,1212.11,-710.166,-2515.342,KAD_ROB,Peter,Mullidae,Mulloidichthys,flavolineatus,37355019,1,AD,Passing,,
GX020027_L.MP4,1542,36.0927,KAD_ROB_Transect 5,1.9531,127.971,7.522,12.086,2765.883,29.742,63.871,35.635,1232.83,-602.43,-2401.524,KAD_ROB,Peter,Mullidae,Mulloidichthys,flavolineatus,37355019,1,AD,Passing,,
GX020027_L.MP4,1542,36.0927,KAD_ROB_Transect 5,1.9531,96.732,6.062,5.538,2999.949,28.283,17.732,32.575,1314.537,-540.837,-2641.814,KAD_ROB,Peter,Mullidae,Mulloidichthys,flavolineatus,37355019,1,AD,Passing,,
GX020027_L.MP4,1593,36.1211,KAD_ROB_Transect 5,1.9814,194.999,17.592,4.011,3718.852,17.927,54.739,29.284,772.381,-844.86,-3538.29,KAD_ROB,Peter,Acanthuridae,Ctenochaetus,striatus,37437022,1,AD,Passing,,
GX020027_L.MP4,1688,36.1739,KAD_ROB_Transect 5,2.0343,74.149,4.778,2.981,2420.868,16.309,21.046,4.389,581.253,352.583,-2323.452,KAD_ROB,Peter,Pomacentridae,Chromis,viridis,37372053,1,AD,Passing,,
GX020027_L.MP4,1692,36.1761,KAD_ROB_Transect 5,2.0365,101.911,8.882,2.353,2513.89,22.868,64.909,5.198,838.001,-502.1,-2316.311,KAD_ROB,Peter,Pomacentridae,Amblyglyphidodon,orbicularis,temp_code_001,1,AD,Passing,,
GX020027_L.MP4,1730,36.1973,KAD_ROB_Transect 5,2.0576,101.035,7.315,15.632,2422.229,27.878,64.444,3.94,1006.115,520.096,-2141.127,KAD_ROB,Peter,Pomacentridae,Chromis,ternatensis,37372051,1,AD,Passing,,
GX020027_L.MP4,2158,36.4353,KAD_ROB_Transect 5,2.2956,217.978,15.496,3.275,4393.359,24.963,44.087,46.256,1574.496,-979.244,-3982.92,KAD_ROB,Peter,Scaridae,Chlorurus,spilurus,temp_code_002,1,AD,Passing,,
GX020027_L.MP4,2257,36.4903,KAD_ROB_Transect 5,2.3507,,9.221,3.567,4061.776,27.777,,,1576.517,-1049.837,-3593.114,KAD_ROB,Peter,Pomacentridae,Chromis,ternatensis,37372051,1,AD,Passing,,
GX020027_L.MP4,2575,36.6672,KAD_ROB_Transect 5,2.5275,,7.987,0.434,3637.414,22.416,,,1012.811,-949.637,-3362.02,KAD_ROB,Peter,Acanthuridae,Acanthurus,sp,,1,AD,Passing,,
GX020027_L.MP4,2715,36.745,KAD_ROB_Transect 5,2.6054,,2.893,2.112,2095.956,14.476,,,144.229,-504.873,-2029.121,KAD_ROB,Peter,Pomacentridae,Chromis,viridis,37372053,1,AD,Passing,,
GX020027_L.MP4,2715,36.745,KAD_ROB_Transect 5,2.6054,,2.648,0.037,1997.698,15.075,,,167.561,-492.94,-1928.66,KAD_ROB,Peter,Pomacentridae,Chromis,viridis,37372053,1,AD,Passing,,
GX020027_L.MP4,2715,36.745,KAD_ROB_Transect 5,2.6054,,2.569,0.91,1966.277,15.594,,,169.723,-501.694,-1893.605,KAD_ROB,Peter,Pomacentridae,Chromis,viridis,37372053,1,AD,Passing,,
GX020027_L.MP4,2715,36.745,KAD_ROB_Transect 5,2.6054,,2.528,0.06,1952.927,16.313,,,140.001,-531.494,-1873.99,KAD_ROB,Peter,Pomacentridae,Chromis,viridis,37372053,1,AD,Passing,,
GX020027_L.MP4,2715,36.745,KAD_ROB_Transect 5,2.6054,,2.541,0.238,1962.46,17.392,,,146.804,-569.018,-1872.409,KAD_ROB,Peter,Pomacentridae,Pomacentrus,moluccensis,37372118,1,AD,Passing,,
GX020027_L.MP4,2724,36.75,KAD_ROB_Transect 5,2.6104,,2.35,3.946,1884.069,18.262,,,153.9,-571.029,-1788.842,KAD_ROB,Peter,Pomacentridae,Dascyllus,aruanus,37372073,1,AD,Passing,,
