Filename,Frame,Time (mins),Period,Period time (mins),Length (mm),Precision (mm),RMS (mm),Range (mm),Direction (deg),Horz. Dir. (deg),Vert. Dir. (deg),Mid X (mm),Mid Y (mm),Mid Z (mm),OpCode,TapeReader,Family,Genus,Species,Code,Number,Stage,Activity,Comment
TY_BT_Cam1_Left_3101_01.MP4,12543,3.4877,Lau_Totoya_BT_Transect 1,0.1079,106.147,6.838,3.234,2146.306,20.815,46.099,3.842,669.638,-365.105,-2006.219,Lau_Totoya_BT,Peter,Acanthuridae,Acanthurus,nigrofuscus,37437014,1,AD,Passing,
TY_BT_Cam1_Left_3101_01.MP4,12543,3.4877,Lau_Totoya_BT_Transect 1,0.1079,,7.334,0.319,3332.702,10.834,,,-623.246,-42.631,-3273.63,Lau_Totoya_BT,Peter,Labridae,Thalassoma,hardwicke,37384165,1,AD,Passing,
TY_BT_Cam1_Left_3101_01.MP4,12588,3.5002,Lau_Totoya_BT_Transect 1,0.1204,92.72,6.008,6.378,2373.619,27.619,20.729,1.78,1097.741,-76.074,-2103.151,Lau_Totoya_BT,Peter,Labridae,Thalassoma,hardwicke,37384165,1,AD,Passing,
TY_BT_Cam1_Left_3101_01.MP4,12692,3.5291,Lau_Totoya_BT_Transect 1,0.1493,120.117,4.378,13.218,1747.44,15.348,41.9,6.991,-258.239,-383.695,-1685.122,Lau_Totoya_BT,Peter,Pomacentridae,Stegastes,nigricans,37372135,1,AD,Passing,
TY_BT_Cam1_Left_3101_01.MP4,12695,3.5299,Lau_Totoya_BT_Transect 1,0.1501,121.429,7.548,5.742,1973.462,17.427,73.239,6.087,-442.053,-392.321,-1882.877,Lau_Totoya_BT,Peter,Pomacentridae,Stegastes,nigricans,37372135,1,AD,Passing,
TY_BT_Cam1_Left_3101_01.MP4,12719,3.5366,Lau_Totoya_BT_Transect 1,0.1568,86.795,7.596,1.879,2442.536,5.569,35.975,9.24,-32.118,-234.852,-2431.007,Lau_Totoya_BT,Peter,Labridae,Thalassoma,hardwicke,37384165,1,AD,Passing,
TY_BT_Cam1_Left_3101_01.MP4,12719,3.5366,Lau_Totoya_BT_Transect 1,0.1568,126.214,4.463,5.563,1811.075,13.613,39.634,12.791,194.807,-379.138,-1760.199,Lau_Totoya_BT,Peter,Labridae,Gomphosus,varius,37384106,1,AD,Passing,
TY_BT_Cam1_Left_3101_01.MP4,12719,3.5366,Lau_Totoya_BT_Transect 1,0.1568,,4.816,2.071,2571.729,24.34,,,-992.437,-357.475,-2345.436,Lau_Totoya_BT,Peter,Labridae,Thalassoma,hardwicke,37384165,1,AD,Passing,
TY_BT_Cam1_Left_3101_01.MP4,12755,3.5466,Lau_Totoya_BT_Transect 1,0.1668,,2.656,1.694,1892.6,9.37,,,-52.243,-291.955,-1869.216,Lau_Totoya_BT,Peter,Pomacentridae,Stegastes,nigricans,37372135,1,AD,Passing,
TY_BT_Cam1_Left_3101_01.MP4,13007,3.6167,Lau_Totoya_BT_Transect 1,0.2369,84.631,6.003,4.26,1778.565,15.463,66.334,9.251,-468.596,-72.579,-1714.189,Lau_Totoya_BT,Peter,Labridae,Thalassoma,hardwicke,37384165,1,AD,Passing,
TY_BT_Cam1_Left_3101_01.MP4,13007,3.6167,Lau_Totoya_BT_Transect 1,0.2369,,3.272,4.807,2103.545,15.899,,,-533.054,-206.262,-2024.403,Lau_Totoya_BT,Peter,Pomacentridae,Stegastes,nigricans,37372135,1,AD,Passing,
TY_BT_Cam1_Left_3101_01.MP4,13015,3.6189,Lau_Totoya_BT_Transect 1,0.2391,,1.658,16.201,1416.359,16.789,,,-132.271,-378.638,-1358.385,Lau_Totoya_BT,Peter,Pomacentridae,Stegastes,nigricans,37372135,1,AD,Passing,
TY_BT_Cam1_Left_3101_01.MP4,13024,3.6214,Lau_Totoya_BT_Transect 1,0.2416,54.57,0.829,1.346,852.415,19.652,11.149,31.856,173.531,-228.191,-802.762,Lau_Totoya_BT,Peter,Labridae,Thalassoma,hardwicke,37384165,1,AD,Passing,
TY_BT_Cam1_Left_3101_01.MP4,13049,3.6283,Lau_Totoya_BT_Transect 1,0.2486,107.385,2.835,2.201,1323.866,6.823,44.359,1.295,37.516,-152.737,-1314.49,Lau_Totoya_BT,Peter,Pomacentridae,Stegastes,nigricans,37372135,1,AD,Passing,
TY_BT_Cam1_Left_3101_01.MP4,13075,3.6356,Lau_Totoya_BT_Transect 1,0.2558,,5.202,3.514,2709.002,22.427,,,1033.394,31.161,-2503.961,Lau_Totoya_BT,Peter,Pomacentridae,Stegastes,nigricans,37372135,1,AD,Passing,
TY_BT_Cam1_Left_3101_01.MP4,13152,3.657,Lau_Totoya_BT_Transect 1,0.2772,133.992,6.849,12.463,2038.55,28.036,67.78,1.163,957.173,-43.77,-1799.33,Lau_Totoya_BT,Peter,Labridae,Gomphosus,varius,37384106,1,AD,Passing,
TY_BT_Cam1_Left_3101_01.MP4,13174,3.6631,Lau_Totoya_BT_Transect 1,0.2833,94.277,3.085,6.161,1945.745,18.949,10.393,11.974,-622.313,109.244,-1840.303,Lau_Totoya_BT,Peter,Labridae,Thalassoma,hardwicke,37384165,1,AD,Passing,
TY_BT_Cam1_Left_3101_01.MP4,13215,3.6745,Lau_Totoya_BT_Transect 1,0.2947,115.466,3.102,4.613,1382.308,17.721,53.071,19.399,406.46,-108.717,-1316.718,Lau_Totoya_BT,Peter,Pomacentridae,Stegastes,nigricans,37372135,1,AD,Passing,
TY_BT_Cam1_Left_3101_01.MP4,13368,3.717,Lau_Totoya_BT_Transect 1,0.3373,109.745,6.166,18.06,2508.728,2.921,26.158,12.052,96.769,83.565,-2505.467,Lau_Totoya_BT,Peter,Pomacentridae,Stegastes,nigricans,37372135,1,AD,Passing,
TY_BT_Cam1_Left_3101_01.MP4,13443,3.7379,Lau_Totoya_BT_Transect 1,0.3581,,3.376,15.097,2113.757,19.687,,,-513.809,505.456,-1987.079,Lau_Totoya_BT,Peter,Labridae,Thalassoma,hardwicke,37384165,1,AD,Passing,
TY_BT_Cam1_Left_3101_01.MP4,13494,3.7521,Lau_Totoya_BT_Transect 1,0.3723,68.462,2.909,4.912,1526.085,20.375,32.78,15.04,-514.88,-131.173,-1430.604,Lau_Totoya_BT,Peter,Labridae,Thalassoma,hardwicke,37384165,1,AD,Passing,
TY_BT_Cam1_Left_3101_01.MP4,13524,3.7604,Lau_Totoya_BT_Transect 1,0.3807,,13.147,16.202,4411.02,17.921,,,-1288.948,-398.924,-4199.592,Lau_Totoya_BT,Peter,Acanthuridae,Zebrasoma,scopas,37437036,1,AD,Passing,
TY_BT_Cam1_Left_3101_01.MP4,13524,3.7604,Lau_Totoya_BT_Transect 1,0.3807,,10.141,12.935,3854.846,18.174,,,-1155.949,-307.927,-3664.533,Lau_Totoya_BT,Peter,Acanthuridae,Zebrasoma,scopas,37437036,1,AD,Passing,
TY_BT_Cam1_Left_3101_01.MP4,13576,3.7749,Lau_Totoya_BT_Transect 1,0.3951,84.039,7.058,16.662,2278.952,13.714,39.679,4.518,306.684,-444.813,-2213.981,Lau_Totoya_BT,Peter,Labridae,Thalassoma,hardwicke,37384165,1,AD,Passing,
TY_BT_Cam1_Left_3101_01.MP4,13647,3.7946,Lau_Totoya_BT_Transect 1,0.4149,114.299,3.781,5.356,1711.318,31.237,70.933,36.548,805.531,-372.438,-1463.222,Lau_Totoya_BT,Peter,Pomacentridae,Stegastes,nigricans,37372135,1,AD,Passing,
TY_BT_Cam1_Left_3101_01.MP4,13647,3.7946,Lau_Totoya_BT_Transect 1,0.4149,,2.312,1.141,1725.724,24.511,,,607.964,-368.255,-1572.543,Lau_Totoya_BT,Peter,Pomacentridae,Stegastes,nigricans,37372135,1,AD,Passing,
TY_BT_Cam1_Left_3101_01.MP4,13647,3.7946,Lau_Totoya_BT_Transect 1,0.4149,,2.086,1.194,1623.951,16.574,,,256.491,-375.979,-1558.868,Lau_Totoya_BT,Peter,Pomacentridae,Stegastes,nigricans,37372135,1,AD,Passing,
TY_BT_Cam1_Left_3101_01.MP4,13682,3.8044,Lau_Totoya_BT_Transect 1,0.4246,,1.834,3.597,1513.19,24.223,,,-522.71,-326.352,-1382.032,Lau_Totoya_BT,Peter,Pomacentridae,Stegastes,nigricans,37372135,1,AD,Passing,
TY_BT_Cam1_Left_3101_01.MP4,13702,3.8099,Lau_Totoya_BT_Transect 1,0.4302,150.799,3.067,6.175,1480.064,29.946,49.339,5.651,717.028,-178.105,-1282.474,Lau_Totoya_BT,Peter,Acanthuridae,Acanthurus,nigrofuscus,37437014,1,AD,Passing,
TY_BT_Cam1_Left_3101_01.MP4,13789,3.8341,Lau_Totoya_BT_Transect 1,0.4543,,7.701,3.318,3430.997,32.81,,,-1846.336,235.606,-2882.234,Lau_Totoya_BT,Peter,Acanthuridae,Zebrasoma,scopas,37437036,1,AD,Passing,
TY_BT_Cam1_Left_3101_01.MP4,13789,3.8341,Lau_Totoya_BT_Transect 1,0.4543,,10.003,8.724,3801.308,24.472,,,-1556.292,261.692,-3458.238,Lau_Totoya_BT,Peter,Acanthuridae,Zebrasoma,scopas,37437036,1,AD,Passing,
TY_BT_Cam1_Left_3101_01.MP4,13789,3.8341,Lau_Totoya_BT_Transect 1,0.4543,,16.514,2.778,4967.525,16.079,,,-1294.521,495.716,-4770.198,Lau_Totoya_BT,Peter,Acanthuridae,Zebrasoma,scopas,37437036,1,AD,Passing,
TY_BT_Cam1_Left_3101_01.MP4,13789,3.8341,Lau_Totoya_BT_Transect 1,0.4543,,18.88,8.075,5390.397,12.549,,,-1021.271,606.313,-5257.925,Lau_Totoya_BT,Peter,Acanthuridae,Zebrasoma,scopas,37437036,1,AD,Passing,
TY_BT_Cam1_Left_3101_01.MP4,13789,3.8341,Lau_Totoya_BT_Transect 1,0.4543,,18.547,2.156,5438.226,9.258,,,-648.837,620.573,-5363.6,Lau_Totoya_BT,Peter,Acanthuridae,Zebrasoma,scopas,37437036,1,AD,Passing,
TY_BT_Cam1_Left_3101_01.MP4,13789,3.8341,Lau_Totoya_BT_Transect 1,0.4543,,19.527,4.789,5679.426,6.957,,,-314.902,646.917,-5633.668,Lau_Totoya_BT,Peter,Acanthuridae,Zebrasoma,scopas,37437036,1,AD,Passing,
TY_BT_Cam1_Left_3101_01.MP4,13820,3.8427,Lau_Totoya_BT_Transect 1,0.463,95.644,4.785,4.348,2229.807,3.304,26.289,21.371,125.048,-29.616,-2226.1,Lau_Totoya_BT,Peter,Acanthuridae,Ctenochaetus,striatus,37437022,1,AD,Passing,
TY_BT_Cam1_Left_3101_01.MP4,13820,3.8427,Lau_Totoya_BT_Transect 1,0.463,88.209,6.986,10.802,1998.453,5.57,55.603,14.504,-193.316,-15.85,-1989.018,Lau_Totoya_BT,Peter,Pomacentridae,Stegastes,nigricans,37372135,1,AD,Passing,
TY_BT_Cam1_Left_3101_01.MP4,13820,3.8427,Lau_Totoya_BT_Transect 1,0.463,88.456,6.711,2.801,1883.089,9.066,67.657,18.403,247.068,-164.34,-1859.563,Lau_Totoya_BT,Peter,Labridae,Thalassoma,hardwicke,37384165,1,AD,Passing,
TY_BT_Cam1_Left_3101_01.MP4,13832,3.8461,Lau_Totoya_BT_Transect 1,0.4663,,1.232,4.42,1200.906,25.785,,,246.957,-453.551,-1084.195,Lau_Totoya_BT,Peter,Pomacentridae,Stegastes,nigricans,37372135,1,AD,Passing,
TY_BT_Cam1_Left_3101_01.MP4,13886,3.8611,Lau_Totoya_BT_Transect 1,0.4813,,5.063,7.635,2747.518,32.019,,,-1455.926,-34.461,-2329.795,Lau_Totoya_BT,Peter,Pomacentridae,Stegastes,nigricans,37372135,1,AD,Passing,
TY_BT_Cam1_Left_3101_01.MP4,13924,3.8716,Lau_Totoya_BT_Transect 1,0.4919,101.652,2.302,9.396,1448.942,18.381,23.434,10.178,-449.12,-84.018,-1375.015,Lau_Totoya_BT,Peter,Pomacentridae,Stegastes,nigricans,37372135,1,AD,Passing,
TY_BT_Cam1_Left_3101_01.MP4,14028,3.9006,Lau_Totoya_BT_Transect 1,0.5208,95.026,3.695,5.247,1383.096,6.198,61.051,9.371,59.215,-137.077,-1375.012,Lau_Totoya_BT,Peter,Acanthuridae,Acanthurus,nigrofuscus,37437014,1,AD,Passing,
TY_BT_Cam1_Left_3101_01.MP4,14057,3.9086,Lau_Totoya_BT_Transect 1,0.5289,99.663,3.393,2.573,1720.231,30.785,28.909,12.306,-853.704,-215.387,-1477.834,Lau_Totoya_BT,Peter,Pomacentridae,Pomacentrus,philippinus,37372123,1,AD,Passing,
TY_BT_Cam1_Left_3101_01.MP4,14110,3.9234,Lau_Totoya_BT_Transect 1,0.5436,92.582,2.632,4.286,1641.093,28.444,13.547,21.989,-769.516,137.204,-1442.986,Lau_Totoya_BT,Peter,Chaetodontidae,Chaetodon,lunulatus,37365059,1,AD,Passing,
TY_BT_Cam1_Left_3101_01.MP4,14110,3.9234,Lau_Totoya_BT_Transect 1,0.5436,84.362,3.208,3.421,1468.642,22.624,45.166,9.78,-564.42,-24.644,-1355.63,Lau_Totoya_BT,Peter,Pomacanthidae,Centropyge,flavissima,37365026,1,AD,Passing,
TY_BT_Cam1_Left_3101_01.MP4,14135,3.9303,Lau_Totoya_BT_Transect 1,0.5505,,3.289,9.39,2218.17,34.98,,,-1223.279,358.779,-1815.254,Lau_Totoya_BT,Peter,Chaetodontidae,Chaetodon,lunulatus,37365059,1,AD,Passing,
TY_BT_Cam1_Left_3101_01.MP4,14192,3.9462,Lau_Totoya_BT_Transect 1,0.5664,,2.184,0.64,1686.79,24.254,,,-692.703,-7.086,-1537.977,Lau_Totoya_BT,Peter,Pomacentridae,Stegastes,nigricans,37372135,1,AD,Passing,
TY_BT_Cam1_Left_3101_01.MP4,14202,3.9489,Lau_Totoya_BT_Transect 1,0.5692,101.96,5.426,5.485,1950.008,8.126,42.847,17.915,80.094,263.73,-1930.431,Lau_Totoya_BT,Peter,Pomacentridae,Stegastes,nigricans,37372135,1,AD,Passing,
TY_BT_Cam1_Left_3101_01.MP4,14222,3.9545,Lau_Totoya_BT_Transect 1,0.5747,107.137,3.49,8.306,1412.365,25.898,73.926,1.839,615.747,-37.274,-1270.528,Lau_Totoya_BT,Peter,Pomacentridae,Stegastes,nigricans,37372135,1,AD,Passing,
TY_BT_Cam1_Left_3101_01.MP4,14222,3.9545,Lau_Totoya_BT_Transect 1,0.5747,64.407,2.676,8.345,1244.016,25.512,76.611,12.641,524.831,-107.876,-1122.716,Lau_Totoya_BT,Peter,Labridae,Thalassoma,hardwicke,37384165,1,AD,Passing,
TY_BT_Cam1_Left_3101_01.MP4,14222,3.9545,Lau_Totoya_BT_Transect 1,0.5747,99.289,2.992,8.689,1243.128,5.971,60.813,12.593,28.242,-126.201,-1236.383,Lau_Totoya_BT,Peter,Pomacentridae,Stegastes,nigricans,37372135,1,AD,Passing,
TY_BT_Cam1_Left_3101_01.MP4,14239,3.9592,Lau_Totoya_BT_Transect 1,0.5795,,1.191,11.131,1192.113,25.595,,,-453.859,-236.632,-1076.639,Lau_Totoya_BT,Peter,Labridae,Thalassoma,hardwicke,37384165,1,AD,Passing,
TY_BT_Cam1_Left_3101_01.MP4,14272,3.9684,Lau_Totoya_BT_Transect 1,0.5886,95.353,4.464,1.725,2053.553,32.375,16.922,5.656,1096.605,81.046,-1734.349,Lau_Totoya_BT,Peter,Acanthuridae,Acanthurus,nigrofuscus,37437014,1,AD,Passing,
TY_BT_Cam1_Left_3101_01.MP4,14321,3.982,Lau_Totoya_BT_Transect 1,0.6023,,1.593,0.249,1400.611,22.881,,,495.88,-217.005,-1291.791,Lau_Totoya_BT,Peter,Pomacentridae,Stegastes,nigricans,37372135,1,AD,Passing,
TY_BT_Cam1_Left_3101_01.MP4,14321,3.982,Lau_Totoya_BT_Transect 1,0.6023,,1.28,4.864,1229.205,21.097,,,412.874,-151.867,-1147.788,Lau_Totoya_BT,Peter,Pomacentridae,Stegastes,nigricans,37372135,1,AD,Passing,
TY_BT_Cam1_Left_3101_01.MP4,14321,3.982,Lau_Totoya_BT_Transect 1,0.6023,,1.956,2.554,1577.627,21.97,,,571.983,-136.4,-1463.947,Lau_Totoya_BT,Peter,Pomacentridae,Stegastes,nigricans,37372135,1,AD,Passing,
TY_BT_Cam1_Left_3101_01.MP4,14365,3.9943,Lau_Totoya_BT_Transect 1,0.6145,192.17,7.705,5.182,3123.895,15.885,15.736,4.621,814.306,260.746,-3004.603,Lau_Totoya_BT,Peter,Scaridae,Chlorurus,spilurus,temp_code_002,1,AD,Passing,
TY_BT_Cam1_Left_3101_01.MP4,14375,3.997,Lau_Totoya_BT_Transect 1,0.6173,160.708,8.249,2.943,2443.562,17.199,40.583,9.776,680.322,243.336,-2334.297,Lau_Totoya_BT,Peter,Scaridae,Chlorurus,spilurus,temp_code_002,1,AD,Passing,
TY_BT_Cam1_Left_3101_01.MP4,14375,3.997,Lau_Totoya_BT_Transect 1,0.6173,130.926,4.533,3.961,1486.325,8.775,74.025,12.838,154.629,-165.846,-1468.927,Lau_Totoya_BT,Peter,Pomacentridae,Stegastes,nigricans,37372135,1,AD,Passing,
TY_BT_Cam1_Left_3101_01.MP4,14375,3.997,Lau_Totoya_BT_Transect 1,0.6173,110.412,4.227,5.852,1461.602,13.943,83.083,20.385,328.437,-127.15,-1418.535,Lau_Totoya_BT,Peter,Pomacentridae,Stegastes,nigricans,37372135,1,AD,Passing,
TY_BT_Cam1_Left_3101_01.MP4,14397,4.0032,Lau_Totoya_BT_Transect 1,0.6234,,2.183,1.151,1687.176,7.248,,,-171.145,-116.072,-1674.455,Lau_Totoya_BT,Peter,Pomacentridae,Stegastes,nigricans,37372135,1,AD,Passing,
TY_BT_Cam1_Left_3101_01.MP4,14397,4.0032,Lau_Totoya_BT_Transect 1,0.6234,,3.116,0.167,2080.119,8.359,,,-296.831,-44.776,-2058.344,Lau_Totoya_BT,Peter,Pomacentridae,Stegastes,nigricans,37372135,1,AD,Passing,
TY_BT_Cam1_Left_3101_01.MP4,14415,4.0082,Lau_Totoya_BT_Transect 1,0.6284,,3.952,6.277,2408.514,32.041,,,-1276.32,74.078,-2041.191,Lau_Totoya_BT,Peter,Pomacentridae,Stegastes,nigricans,37372135,1,AD,Passing,
TY_BT_Cam1_Left_3101_01.MP4,14483,4.0271,Lau_Totoya_BT_Transect 1,0.6473,111.379,5.663,5.664,2569.41,23.862,10.586,3.066,-975.171,359.714,-2349.79,Lau_Totoya_BT,Peter,Pomacentridae,Stegastes,nigricans,37372135,1,AD,Passing,
TY_BT_Cam1_Left_3101_01.MP4,14483,4.0271,Lau_Totoya_BT_Transect 1,0.6473,,15.258,6.285,4649.153,24.281,,,-1733.682,832.272,-4232.765,Lau_Totoya_BT,Peter,Acanthuridae,Zebrasoma,scopas,37437036,1,AD,Passing,
TY_BT_Cam1_Left_3101_01.MP4,14512,4.0351,Lau_Totoya_BT_Transect 1,0.6554,110.872,0.948,16.738,979.278,14.437,9.703,22.216,14.982,-243.694,-948.354,Lau_Totoya_BT,Peter,Pomacentridae,Stegastes,nigricans,37372135,1,AD,Passing,
TY_BT_Cam1_Left_3101_01.MP4,14582,4.0546,Lau_Totoya_BT_Transect 1,0.6748,,2.148,6.131,1677.223,3.334,,,38.326,-79.205,-1674.914,Lau_Totoya_BT,Peter,Pomacentridae,Stegastes,nigricans,37372135,1,AD,Passing,
TY_BT_Cam1_Left_3101_01.MP4,14603,4.0604,Lau_Totoya_BT_Transect 1,0.6807,68.291,1.78,9.367,1031.062,10.733,45.481,11.334,80.551,-174.297,-1013.026,Lau_Totoya_BT,Peter,Labridae,Thalassoma,hardwicke,37384165,1,AD,Passing,
TY_BT_Cam1_Left_3101_01.MP4,14647,4.0727,Lau_Totoya_BT_Transect 1,0.6929,107.503,2.426,10.41,2238.765,9.089,3.636,30.696,-350.832,-44.721,-2210.653,Lau_Totoya_BT,Peter,Pomacentridae,Stegastes,nigricans,37372135,1,AD,Passing,spawning morph
TY_BT_Cam1_Left_3101_01.MP4,14654,4.0746,Lau_Totoya_BT_Transect 1,0.6949,65.448,6.329,5.478,2051.962,31.511,72.706,14.044,1068.483,-92.7,-1749.371,Lau_Totoya_BT,Peter,Labridae,Thalassoma,hardwicke,37384165,1,AD,Passing,
TY_BT_Cam1_Left_3101_01.MP4,14667,4.0782,Lau_Totoya_BT_Transect 1,0.6985,,6.17,10.335,2955.408,25.857,,,-1263.093,-240.134,-2661.084,Lau_Totoya_BT,Peter,Labridae,Thalassoma,hardwicke,37384165,1,AD,Passing,
TY_BT_Cam1_Left_3101_01.MP4,14667,4.0782,Lau_Totoya_BT_Transect 1,0.6985,,3,8.055,1994.814,19.251,,,-609.352,-235.759,-1884.779,Lau_Totoya_BT,Peter,Labridae,Thalassoma,hardwicke,37384165,1,AD,Passing,
TY_BT_Cam1_Left_3101_01.MP4,14695,4.086,Lau_Totoya_BT_Transect 1,0.7063,,2.972,1.521,1981.788,19.69,,,-604.203,-272.566,-1867.654,Lau_Totoya_BT,Peter,Pomacentridae,Stegastes,nigricans,37372135,1,AD,Passing,
TY_BT_Cam1_Left_3101_01.MP4,14724,4.0941,Lau_Totoya_BT_Transect 1,0.7143,101.92,2.873,5.243,2030.879,16.163,11.445,27.032,-487.748,-285.826,-1950.609,Lau_Totoya_BT,Peter,Pomacentridae,Stegastes,nigricans,37372135,1,AD,Passing,
TY_BT_Cam1_Left_3101_01.MP4,14769,4.1066,Lau_Totoya_BT_Transect 1,0.7268,,2.647,1.29,1862.086,19.102,,,548.586,-254.267,-1761.184,Lau_Totoya_BT,Peter,Pomacentridae,Stegastes,nigricans,37372135,1,AD,Passing,
TY_BT_Cam1_Left_3101_01.MP4,14786,4.1113,Lau_Totoya_BT_Transect 1,0.7316,,1.049,4.201,1105.269,28.011,,,314.907,-406.527,-978.361,Lau_Totoya_BT,Peter,Pomacentridae,Stegastes,nigricans,37372135,1,AD,Passing,
TY_BT_Cam1_Left_3101_01.MP4,14786,4.1113,Lau_Totoya_BT_Transect 1,0.7316,,1.6,2.794,1414.182,27.506,,,517.291,-390.85,-1256.804,Lau_Totoya_BT,Peter,Pomacentridae,Stegastes,nigricans,37372135,1,AD,Passing,
TY_BT_Cam1_Left_3101_01.MP4,14928,4.1508,Lau_Totoya_BT_Transect 1,0.771,84.744,3.279,10.141,1522.658,24.635,43.741,10.796,-575.999,-266.564,-1384.072,Lau_Totoya_BT,Peter,Pomacentridae,Stegastes,nigricans,37372135,1,AD,Passing,
TY_BT_Cam1_Left_3101_01.MP4,14928,4.1508,Lau_Totoya_BT_Transect 1,0.771,,2.551,6.657,1827.859,16.437,,,-492.525,-146.923,-1754.11,Lau_Totoya_BT,Peter,Pomacentridae,Stegastes,nigricans,37372135,1,AD,Passing,
TY_BT_Cam1_Left_3101_01.MP4,14991,4.1683,Lau_Totoya_BT_Transect 1,0.7886,95.602,4.049,12.201,1568.348,21.273,60.163,20.358,-425.988,-377.24,-1461.486,Lau_Totoya_BT,Peter,Pomacentridae,Stegastes,nigricans,37372135,1,AD,Passing,
TY_BT_Cam1_Left_3101_01.MP4,14991,4.1683,Lau_Totoya_BT_Transect 1,0.7886,,1.689,4.393,1452.733,24.668,,,-557.754,-229.501,-1321.618,Lau_Totoya_BT,Peter,Pomacentridae,Stegastes,nigricans,37372135,1,AD,Passing,
TY_BT_Cam1_Left_3101_01.MP4,14991,4.1683,Lau_Totoya_BT_Transect 1,0.7886,,1.343,2.748,1247.344,15.658,,,-255.467,-211.711,-1202.407,Lau_Totoya_BT,Peter,Pomacentridae,Stegastes,nigricans,37372135,1,AD,Passing,
TY_BT_Cam1_Left_3101_01.MP4,15057,4.1867,Lau_Totoya_BT_Transect 1,0.8069,,15.016,2.779,4735.139,27.772,,,-2198.509,211.758,-4188.467,Lau_Totoya_BT,Peter,Scaridae,Chlorurus,spilurus,temp_code_002,1,AD,Passing,
TY_BT_Cam1_Left_3101_01.MP4,15070,4.1903,Lau_Totoya_BT_Transect 1,0.8105,,7.673,14.272,3462.847,33.91,,,-1918.743,-206.84,-2875.23,Lau_Totoya_BT,Peter,Labridae,Thalassoma,lunare,37384167,1,AD,Passing,
TY_BT_Cam1_Left_3101_01.MP4,15070,4.1903,Lau_Totoya_BT_Transect 1,0.8105,,10.079,10.438,3993.01,33.75,,,-2209.42,-178.891,-3321.233,Lau_Totoya_BT,Peter,Acanthuridae,Ctenochaetus,striatus,37437022,1,AD,Passing,
TY_BT_Cam1_Left_3101_01.MP4,15116,4.2031,Lau_Totoya_BT_Transect 1,0.8233,,1.838,0.421,1513.376,10.947,,,-53.095,-273.137,-1487.576,Lau_Totoya_BT,Peter,Pomacentridae,Stegastes,nigricans,37372135,1,AD,Passing,
TY_BT_Cam1_Left_3101_01.MP4,15116,4.2031,Lau_Totoya_BT_Transect 1,0.8233,,1.444,8.191,1322.197,22.246,,,459.879,-190.001,-1224.996,Lau_Totoya_BT,Peter,Pomacentridae,Stegastes,nigricans,37372135,1,AD,Passing,
TY_BT_Cam1_Left_3101_01.MP4,15158,4.2148,Lau_Totoya_BT_Transect 1,0.835,105.444,0.992,2.159,1071.372,21.133,1.882,8.186,-176.371,-343.642,-999.321,Lau_Totoya_BT,Peter,Pomacentridae,Stegastes,nigricans,37372135,1,AD,Passing,
TY_BT_Cam1_Left_3101_01.MP4,15181,4.2212,Lau_Totoya_BT_Transect 1,0.8414,124.49,1.432,5.259,1230.995,21.487,20.05,12.38,-40.01,-449.128,-1145.439,Lau_Totoya_BT,Peter,Pomacentridae,Stegastes,nigricans,37372135,1,AD,Passing,
TY_BT_Cam1_Left_3101_01.MP4,15192,4.2242,Lau_Totoya_BT_Transect 1,0.8445,126.449,5.908,0.206,1751.85,15.179,68.409,7.24,-283.951,-360.243,-1690.732,Lau_Totoya_BT,Peter,Pomacentridae,Stegastes,nigricans,37372135,1,AD,Passing,
TY_BT_Cam1_Left_3101_01.MP4,15192,4.2242,Lau_Totoya_BT_Transect 1,0.8445,111.109,5.645,18.625,2015.108,9.877,44.439,25.3,-49.646,-342.068,-1985.242,Lau_Totoya_BT,Peter,Pomacentridae,Stegastes,nigricans,37372135,1,AD,Passing,
TY_BT_Cam1_Left_3101_01.MP4,15208,4.2287,Lau_Totoya_BT_Transect 1,0.8489,,2.664,1.852,1860.358,21.048,,,505.729,-425.758,-1738.936,Lau_Totoya_BT,Peter,Pomacentridae,Stegastes,nigricans,37372135,1,AD,Passing,
TY_BT_Cam1_Left_3101_01.MP4,15240,4.2376,Lau_Totoya_BT_Transect 1,0.8578,86.224,1.699,6.231,1365.804,25.99,13.691,23.619,457.439,-385.957,-1227.683,Lau_Totoya_BT,Peter,Pomacentridae,Stegastes,nigricans,37372135,1,AD,Passing,
TY_BT_Cam1_Left_3101_01.MP4,15347,4.2673,Lau_Totoya_BT_Transect 1,0.8876,259.405,15.711,7.465,4049.457,36.125,6.996,7.599,-2329.587,-521.945,-3270.886,Lau_Totoya_BT,Peter,Scaridae,Chlorurus,spilurus,temp_code_002,1,AD,Passing,
TY_BT_Cam1_Left_3101_01.MP4,15347,4.2673,Lau_Totoya_BT_Transect 1,0.8876,,13.456,0.047,4490.062,30.743,,,-2241.471,-469.933,-3862.076,Lau_Totoya_BT,Peter,Scaridae,Scarus,oviceps,37386022,1,AD,Passing,
TY_BT_Cam1_Left_3101_01.MP4,15347,4.2673,Lau_Totoya_BT_Transect 1,0.8876,,11.255,10.512,4070.509,30.782,,,-1997.957,-567.866,-3500.676,Lau_Totoya_BT,Peter,Scaridae,Chlorurus,spilurus,temp_code_002,1,AD,Passing,
TY_BT_Cam1_Left_3101_01.MP4,15347,4.2673,Lau_Totoya_BT_Transect 1,0.8876,,7.43,1.698,3236.956,28.382,,,-1428.228,-554.541,-2851.409,Lau_Totoya_BT,Peter,Scaridae,Chlorurus,spilurus,temp_code_002,1,AD,Passing,
TY_BT_Cam1_Left_3101_01.MP4,15347,4.2673,Lau_Totoya_BT_Transect 1,0.8876,,5.476,1.563,2740.284,25.924,,,-1064.028,-535.028,-2467.944,Lau_Totoya_BT,Peter,Scaridae,Chlorurus,spilurus,temp_code_002,1,AD,Passing,
TY_BT_Cam1_Left_3101_01.MP4,15347,4.2673,Lau_Totoya_BT_Transect 1,0.8876,,10.836,3.981,3937.146,22.428,,,-1404.31,-510.419,-3642.596,Lau_Totoya_BT,Peter,Pomacentridae,Stegastes,nigricans,37372135,1,AD,Passing,
TY_BT_Cam1_Left_3101_01.MP4,15425,4.289,Lau_Totoya_BT_Transect 1,0.9092,117.645,8.822,5.328,2537.181,18.599,41.939,2.324,-479.076,-652.187,-2404.668,Lau_Totoya_BT,Peter,Acanthuridae,Acanthurus,nigrofuscus,37437014,1,AD,Passing,
TY_BT_Cam1_Left_3101_01.MP4,15490,4.3071,Lau_Totoya_BT_Transect 1,0.9273,112.524,2.282,12.885,1962.901,22.558,1.086,19.152,393.569,-641.955,-1812.726,Lau_Totoya_BT,Peter,Pomacentridae,Stegastes,nigricans,37372135,1,AD,Passing,
TY_BT_Cam1_Left_3101_01.MP4,15509,4.3124,Lau_Totoya_BT_Transect 1,0.9326,50.769,4.078,1.903,2343.709,20.973,11.334,10.176,670.748,-503.826,-2188.431,Lau_Totoya_BT,Peter,Labridae,Thalassoma,hardwicke,37384165,1,AD,Passing,
TY_BT_Cam1_Left_3101_01.MP4,15509,4.3124,Lau_Totoya_BT_Transect 1,0.9326,,5.564,1.296,2837.783,13.199,,,472.565,-426.046,-2765.534,Lau_Totoya_BT,Peter,Scaridae,Scarus,schlegeli,37386029,1,AD,Passing,
TY_BT_Cam1_Left_3101_01.MP4,15523,4.3163,Lau_Totoya_BT_Transect 1,0.9365,122.874,10.532,7.211,2624.087,8.989,45.785,1.945,-146.556,-382.907,-2591.859,Lau_Totoya_BT,Peter,Scaridae,Scarus,schlegeli,37386029,1,AD,Passing,
TY_BT_Cam1_Left_3101_01.MP4,15593,4.3357,Lau_Totoya_BT_Transect 1,0.956,116.834,1.584,16.545,1505.982,10.477,9.967,18.117,109.345,-251.063,-1480.876,Lau_Totoya_BT,Peter,Pomacentridae,Stegastes,nigricans,37372135,1,AD,Passing,
TY_BT_Cam1_Left_3101_01.MP4,15593,4.3357,Lau_Totoya_BT_Transect 1,0.956,,2.216,11.115,1693.221,11.771,,,-77.341,-326.262,-1659.69,Lau_Totoya_BT,Peter,Pomacentridae,Stegastes,nigricans,37372135,1,AD,Passing,
TY_BT_Cam1_Left_3101_01.MP4,15593,4.3357,Lau_Totoya_BT_Transect 1,0.956,,1.628,3.308,1443.118,30.53,,,-574.1,-448.072,-1245.885,Lau_Totoya_BT,Peter,Pomacentridae,Stegastes,nigricans,37372135,1,AD,Passing,
TY_BT_Cam1_Left_3101_01.MP4,15620,4.3432,Lau_Totoya_BT_Transect 1,0.9635,72.798,1.871,5.763,1336.079,20.579,20.948,12.185,407.396,-233.623,-1250.822,Lau_Totoya_BT,Peter,Labridae,Thalassoma,hardwicke,37384165,1,AD,Passing,
TY_BT_Cam1_Left_3101_01.MP4,15666,4.356,Lau_Totoya_BT_Transect 1,0.9763,,1.401,8.382,1283.734,21.438,,,-22.611,-461.15,-1197.832,Lau_Totoya_BT,Peter,Pomacentridae,Stegastes,nigricans,37372135,1,AD,Passing,
TY_BT_Cam1_Left_3101_01.MP4,15666,4.356,Lau_Totoya_BT_Transect 1,0.9763,,1.748,12.123,1464.075,19.299,,,-399.322,-264.591,-1383.492,Lau_Totoya_BT,Peter,Pomacentridae,Stegastes,nigricans,37372135,1,AD,Passing,
TY_BT_Cam1_Left_3101_01.MP4,15718,4.3705,Lau_Totoya_BT_Transect 1,0.9907,112.88,3.067,3.121,1382.163,21.991,61.015,25.322,405.159,-322.052,-1281.602,Lau_Totoya_BT,Peter,Pomacentridae,Stegastes,nigricans,37372135,1,AD,Passing,
TY_BT_Cam1_Left_3101_01.MP4,15718,4.3705,Lau_Totoya_BT_Transect 1,0.9907,,1.946,6.144,1567.413,10.746,,,61.774,-276,-1541.685,Lau_Totoya_BT,Peter,Pomacentridae,Stegastes,nigricans,37372135,1,AD,Passing,
TY_BT_Cam1_Left_3101_01.MP4,15768,4.3844,Lau_Totoya_BT_Transect 1,1.0046,111.589,3.352,8.846,1811.98,28.722,16.024,10.349,849.815,-189.819,-1589.042,Lau_Totoya_BT,Peter,Pomacentridae,Stegastes,nigricans,37372135,1,AD,Passing,
TY_BT_Cam1_Left_3101_01.MP4,15768,4.3844,Lau_Totoya_BT_Transect 1,1.0046,120.22,3.72,4.085,1659.421,19.579,40.922,21.626,539.856,-133.409,-1563.469,Lau_Totoya_BT,Peter,Pomacentridae,Stegastes,nigricans,37372135,1,AD,Passing,
TY_BT_Cam1_Left_3101_01.MP4,15850,4.4072,Lau_Totoya_BT_Transect 1,1.0274,77.118,3.617,6.919,2139.1,9.342,19.491,24.737,-299.824,-175.133,-2110.731,Lau_Totoya_BT,Peter,Labridae,Thalassoma,hardwicke,37384165,1,AD,Passing,
TY_BT_Cam1_Left_3101_01.MP4,15850,4.4072,Lau_Totoya_BT_Transect 1,1.0274,,4.892,5.264,2658.415,11.593,,,-427.735,-303.767,-2606.134,Lau_Totoya_BT,Peter,Pomacentridae,Pomacentrus,coelestis,37372111,1,AD,Passing,
TY_BT_Cam1_Left_3101_01.MP4,15896,4.42,Lau_Totoya_BT_Transect 1,1.0402,260.171,10.238,16.205,4188.749,13.671,10.684,23.329,-947.625,286.558,-4070.075,Lau_Totoya_BT,Peter,Scaridae,Scarus,frenatus,37386016,1,AD,Passing,
TY_BT_Cam1_Left_3101_01.MP4,15896,4.42,Lau_Totoya_BT_Transect 1,1.0402,269.523,3.697,5.881,3369.586,6.376,3.22,8.359,235.66,290.709,-3348.74,Lau_Totoya_BT,Peter,Scaridae,Chlorurus,spilurus,temp_code_002,1,AD,Passing,
TY_BT_Cam1_Left_3101_01.MP4,15896,4.42,Lau_Totoya_BT_Transect 1,1.0402,145.545,4.567,16.311,4538.034,7.909,2.056,2.894,184.714,596.477,-4494.869,Lau_Totoya_BT,Peter,Acanthuridae,Acanthurus,nigrofuscus,37437014,1,AD,Passing,
TY_BT_Cam1_Left_3101_01.MP4,15896,4.42,Lau_Totoya_BT_Transect 1,1.0402,,3.923,10.901,2329.657,16.692,,,-668.148,-22.327,-2231.677,Lau_Totoya_BT,Peter,Pomacentridae,Stegastes,nigricans,37372135,1,AD,Passing,
TY_BT_Cam1_Left_3101_01.MP4,15936,4.4311,Lau_Totoya_BT_Transect 1,1.0513,142.633,7.096,3.696,2676.006,36.435,0.515,2.475,-1582.559,-146.256,-2152.934,Lau_Totoya_BT,Peter,Acanthuridae,Ctenochaetus,striatus,37437022,1,AD,Passing,
TY_BT_Cam1_Left_3101_01.MP4,15936,4.4311,Lau_Totoya_BT_Transect 1,1.0513,,17.829,1.383,5291.029,10.635,,,803.654,587.2,-5196.569,Lau_Totoya_BT,Peter,Pomacentridae,Abudefduf,sexfasciatus,37372011,1,AD,Passing,
TY_BT_Cam1_Left_3101_01.MP4,15958,4.4372,Lau_Totoya_BT_Transect 1,1.0574,31.39,2.71,8.17,1493.367,28.435,38.873,7.747,-389.723,-594.781,-1313.2,Lau_Totoya_BT,Peter,Pomacentridae,Pomacentrus,coelestis,37372111,1,AD,Passing,
TY_BT_Cam1_Left_3101_01.MP4,16081,4.4714,Lau_Totoya_BT_Transect 1,1.0916,,2.444,3.326,1773.966,18.432,,,-437.983,-339.852,-1685.119,Lau_Totoya_BT,Peter,Pomacentridae,Stegastes,nigricans,37372135,1,AD,Passing,
TY_BT_Cam1_Left_3101_01.MP4,16081,4.4714,Lau_Totoya_BT_Transect 1,1.0916,,1.639,1.143,1409.623,13.33,,,221.842,-228.921,-1373.105,Lau_Totoya_BT,Peter,Pomacentridae,Stegastes,nigricans,37372135,1,AD,Passing,
TY_BT_Cam1_Left_3101_01.MP4,16081,4.4714,Lau_Totoya_BT_Transect 1,1.0916,,2.933,2.133,2007.9,8.677,,,226.422,-188.798,-1986.14,Lau_Totoya_BT,Peter,Pomacentridae,Stegastes,nigricans,37372135,1,AD,Passing,
TY_BT_Cam1_Left_3101_01.MP4,16146,4.4895,Lau_Totoya_BT_Transect 1,1.1097,47.157,2.144,9.392,1454.518,9.533,23.874,16.397,-21.192,-239.965,-1434.43,Lau_Totoya_BT,Peter,Labridae,Labroides,dimidiatus,37384028,1,AD,Passing,
TY_BT_Cam1_Left_3101_01.MP4,16180,4.4989,Lau_Totoya_BT_Transect 1,1.1192,75.056,4.303,5.209,2042.366,34.801,22.602,19.404,1159.998,-114.553,-1677.063,Lau_Totoya_BT,Peter,Labridae,Thalassoma,hardwicke,37384165,1,AD,Passing,
TY_BT_Cam1_Left_3101_01.MP4,16271,4.5242,Lau_Totoya_BT_Transect 1,1.1445,,3.079,2.23,2024.199,23.421,,,-761.406,-248.387,-1859.018,Lau_Totoya_BT,Peter,Pomacentridae,Stegastes,nigricans,37372135,1,AD,Passing,
TY_BT_Cam1_Left_3101_01.MP4,16271,4.5242,Lau_Totoya_BT_Transect 1,1.1445,,2.835,2.414,1927.441,20.921,,,-610.716,-306.046,-1802.329,Lau_Totoya_BT,Peter,Pomacentridae,Stegastes,nigricans,37372135,1,AD,Passing,
TY_BT_Cam1_Left_3101_01.MP4,16271,4.5242,Lau_Totoya_BT_Transect 1,1.1445,,3.132,5.382,2051.464,27.902,,,-879.463,-373.543,-1815.356,Lau_Totoya_BT,Peter,Pomacentridae,Stegastes,nigricans,37372135,1,AD,Passing,
TY_BT_Cam1_Left_3101_01.MP4,16271,4.5242,Lau_Totoya_BT_Transect 1,1.1445,,3.201,3.012,2068.389,18.853,,,-617.569,-243.399,-1958.979,Lau_Totoya_BT,Peter,Labridae,Thalassoma,hardwicke,37384165,1,AD,Passing,
TY_BT_Cam1_Left_3101_01.MP4,16318,4.5373,Lau_Totoya_BT_Transect 1,1.1575,112.244,7.594,2.17,2199.161,23.019,52.86,10.037,859.954,1.598,-2024.052,Lau_Totoya_BT,Peter,Pomacentridae,Stegastes,nigricans,37372135,1,AD,Passing,
TY_BT_Cam1_Left_3101_01.MP4,16335,4.542,Lau_Totoya_BT_Transect 1,1.1623,72.582,1.951,8.173,1576.545,3.61,15.913,20.91,-56.37,-81.694,-1573.417,Lau_Totoya_BT,Peter,Labridae,Thalassoma,hardwicke,37384165,1,AD,Passing,
TY_BT_Cam1_Left_3101_01.MP4,16373,4.5526,Lau_Totoya_BT_Transect 1,1.1728,92.892,3.693,4.469,1532.567,8.15,45.057,10.286,-114.115,-184.896,-1517.087,Lau_Totoya_BT,Peter,Monacanthidae,Oxymonacanthus,longirostris,37465062,1,AD,Passing,
TY_BT_Cam1_Left_3101_01.MP4,16373,4.5526,Lau_Totoya_BT_Transect 1,1.1728,80.576,2.262,3.293,1528.505,14.755,19.474,2.771,-347.693,-175.108,-1478.098,Lau_Totoya_BT,Peter,Monacanthidae,Oxymonacanthus,longirostris,37465062,1,AD,Passing,
TY_BT_Cam1_Left_3101_01.MP4,16402,4.5607,Lau_Totoya_BT_Transect 1,1.1809,93.059,3.825,5.546,1952.708,29.292,14.112,15.644,-952.239,-77.487,-1703.029,Lau_Totoya_BT,Peter,Pomacentridae,Stegastes,nigricans,37372135,1,AD,Passing,
TY_BT_Cam1_Left_3101_01.MP4,16582,4.6107,Lau_Totoya_BT_Transect 1,1.231,103.082,1.578,9.76,1736.161,5.681,1.066,27.617,99.048,-140.434,-1727.635,Lau_Totoya_BT,Peter,Labridae,Thalassoma,hardwicke,37384165,1,AD,Passing,
TY_BT_Cam1_Left_3101_01.MP4,16635,4.6255,Lau_Totoya_BT_Transect 1,1.2457,93.318,4.736,7.192,1747.178,30.125,73.345,17.177,-757.416,-441.86,-1511.196,Lau_Totoya_BT,Peter,Acanthuridae,Ctenochaetus,striatus,37437022,1,AD,Passing,
TY_BT_Cam1_Left_3101_01.MP4,16655,4.631,Lau_Totoya_BT_Transect 1,1.2513,,7.914,5.583,3398.897,27.777,,,1563.688,-234.078,-3008.752,Lau_Totoya_BT,Peter,Pomacentridae,Pomacentrus,coelestis,37372111,1,AD,Passing,
TY_BT_Cam1_Left_3101_01.MP4,16736,4.6535,Lau_Totoya_BT_Transect 1,1.2738,99.754,7.906,8.595,2335.848,16.602,44.176,9.737,534.235,-400.053,-2238.467,Lau_Totoya_BT,Peter,Pomacentridae,Stegastes,nigricans,37372135,1,AD,Passing,
TY_BT_Cam1_Left_3101_01.MP4,16753,4.6583,Lau_Totoya_BT_Transect 1,1.2785,105.456,8.125,3.72,3107.982,30.863,6.434,11.579,-1361.586,-829.469,-2667.886,Lau_Totoya_BT,Peter,Mullidae,Parupeneus,crassilabris,37355023,1,AD,Passing,
TY_BT_Cam1_Left_3101_01.MP4,16753,4.6583,Lau_Totoya_BT_Transect 1,1.2785,109.295,7.855,1.319,2768.159,27.908,26.459,11.798,-1056.259,-750.344,-2446.222,Lau_Totoya_BT,Peter,Pomacentridae,Stegastes,nigricans,37372135,1,AD,Passing,
TY_BT_Cam1_Left_3101_01.MP4,16791,4.6688,Lau_Totoya_BT_Transect 1,1.2891,97.384,2.946,3.721,1408.53,28.202,56.702,14.388,478.621,-462.593,-1241.324,Lau_Totoya_BT,Peter,Labridae,Thalassoma,hardwicke,37384165,1,AD,Passing,
TY_BT_Cam1_Left_3101_01.MP4,16851,4.6855,Lau_Totoya_BT_Transect 1,1.3057,122.607,7.223,16.664,2303.344,18.257,42.106,2.319,-224.814,-685.685,-2187.393,Lau_Totoya_BT,Peter,Acanthuridae,Acanthurus,nigrofuscus,37437014,1,AD,Passing,
TY_BT_Cam1_Left_3101_01.MP4,16851,4.6855,Lau_Totoya_BT_Transect 1,1.3057,,3.571,0.242,2220.017,16.43,,,-22.65,-614.147,-2133.257,Lau_Totoya_BT,Peter,Pomacentridae,Stegastes,nigricans,37372135,1,AD,Passing,
TY_BT_Cam1_Left_3101_01.MP4,16851,4.6855,Lau_Totoya_BT_Transect 1,1.3057,,3.146,1.052,2033.677,22.691,,,-495.323,-596.609,-1880.041,Lau_Totoya_BT,Peter,Pomacentridae,Stegastes,nigricans,37372135,1,AD,Passing,
TY_BT_Cam1_Left_3101_01.MP4,16928,4.7069,Lau_Totoya_BT_Transect 1,1.3272,104.813,2.661,2.084,1619.116,22.599,26.249,0,-311.577,-538.55,-1494.798,Lau_Totoya_BT,Peter,Pomacentridae,Stegastes,nigricans,37372135,1,AD,Passing,
TY_BT_Cam1_Left_3101_01.MP4,17036,4.737,Lau_Totoya_BT_Transect 1,1.3572,141.615,7.115,4.7,2224.36,20.501,47.974,16.729,-423.801,-653.663,-2083.481,Lau_Totoya_BT,Peter,Labridae,Thalassoma,hardwicke,37384165,1,AD,Passing,
TY_BT_Cam1_Left_3101_01.MP4,17036,4.737,Lau_Totoya_BT_Transect 1,1.3572,97.397,3.697,4.005,2269.519,17.326,18.204,4.825,55.163,-673.622,-2166.542,Lau_Totoya_BT,Peter,Mullidae,Parupeneus,crassilabris,37355023,1,AD,Passing,
TY_BT_Cam1_Left_3101_01.MP4,17036,4.737,Lau_Totoya_BT_Transect 1,1.3572,95.899,5.253,6.522,2513.011,16.488,21.658,2.267,-291.109,-651.102,-2409.677,Lau_Totoya_BT,Peter,Pomacentridae,Stegastes,nigricans,37372135,1,AD,Passing,
TY_BT_Cam1_Left_3101_01.MP4,17147,4.7678,Lau_Totoya_BT_Transect 1,1.3881,127.344,8.97,6.302,2945.673,35.27,30.889,5.232,-1418.003,-939.324,-2404.98,Lau_Totoya_BT,Peter,Labridae,Gomphosus,varius,37384106,1,AD,Passing,
TY_BT_Cam1_Left_3101_01.MP4,17234,4.792,Lau_Totoya_BT_Transect 1,1.4122,58.037,3.366,11.577,2178.483,24.078,1.148,17.031,-699.632,-548.123,-1988.936,Lau_Totoya_BT,Peter,Labridae,Thalassoma,hardwicke,37384165,1,AD,Passing,
TY_BT_Cam1_Left_3101_01.MP4,17234,4.792,Lau_Totoya_BT_Transect 1,1.4122,,5.178,1.787,2800.926,35.946,,,-1500.493,-658.034,-2271.717,Lau_Totoya_BT,Peter,Labridae,Thalassoma,hardwicke,37384165,1,AD,Passing,
TY_BT_Cam1_Left_3101_01.MP4,17342,4.822,Lau_Totoya_BT_Transect 1,1.4423,91.029,2.99,2.571,1852.328,22.432,5.725,2.309,706.148,30.977,-1712.166,Lau_Totoya_BT,Peter,Acanthuridae,Acanthurus,nigrofuscus,37437014,1,AD,Passing,
TY_BT_Cam1_Left_3101_01.MP4,17342,4.822,Lau_Totoya_BT_Transect 1,1.4423,88.9,3.195,1.363,1639.256,19.779,28.915,4.238,536.658,-140.424,-1542.543,Lau_Totoya_BT,Peter,Pomacentridae,Stegastes,nigricans,37372135,1,AD,Passing,
TY_BT_Cam1_Left_3101_01.MP4,17342,4.822,Lau_Totoya_BT_Transect 1,1.4423,87.034,3.185,1.124,2085.333,2.746,16.901,15.841,97.258,-22.849,-2082.938,Lau_Totoya_BT,Peter,Acanthuridae,Ctenochaetus,striatus,37437022,1,AD,Passing,
TY_BT_Cam1_Left_3101_01.MP4,17342,4.822,Lau_Totoya_BT_Transect 1,1.4423,,1.607,0.779,1474.418,31.415,,,751.271,-153.999,-1259.28,Lau_Totoya_BT,Peter,Pomacentridae,Stegastes,nigricans,37372135,1,AD,Passing,
TY_BT_Cam1_Left_3101_01.MP4,17342,4.822,Lau_Totoya_BT_Transect 1,1.4423,,2.951,1.614,2033.766,1.56,,,-51.45,-7.687,-2033.101,Lau_Totoya_BT,Peter,Pomacentridae,Stegastes,nigricans,37372135,1,AD,Passing,
TY_BT_Cam1_Left_3101_01.MP4,17342,4.822,Lau_Totoya_BT_Transect 1,1.4423,,2.215,8.349,1704.35,6.274,,,-174.267,-55.168,-1694.52,Lau_Totoya_BT,Peter,Pomacentridae,Stegastes,nigricans,37372135,1,AD,Passing,
TY_BT_Cam1_Left_3101_01.MP4,17363,4.8279,Lau_Totoya_BT_Transect 1,1.4481,88.934,1.901,12.232,1476.49,16.272,12.9,8.123,-382.68,-157.19,-1417.346,Lau_Totoya_BT,Peter,Pomacentridae,Stegastes,nigricans,37372135,1,AD,Passing,
TY_BT_Cam1_Left_3101_01.MP4,17363,4.8279,Lau_Totoya_BT_Transect 1,1.4481,87.308,4.933,10.567,1618.919,13.656,64.788,13.503,-364.652,-114.54,-1573.153,Lau_Totoya_BT,Peter,Pomacentridae,Stegastes,nigricans,37372135,1,AD,Passing,
TY_BT_Cam1_Left_3101_01.MP4,17400,4.8382,Lau_Totoya_BT_Transect 1,1.4584,108.742,3.387,3.976,1458.844,6.92,44.366,2.495,-33.478,-172.561,-1448.215,Lau_Totoya_BT,Peter,Pomacentridae,Stegastes,nigricans,37372135,1,AD,Passing,
TY_BT_Cam1_Left_3101_01.MP4,17511,4.869,Lau_Totoya_BT_Transect 1,1.4893,,2.057,1.676,1655.876,31.294,,,-756.252,-400.87,-1417.502,Lau_Totoya_BT,Peter,Labridae,Thalassoma,hardwicke,37384165,1,AD,Passing,
TY_BT_Cam1_Left_3101_01.MP4,17511,4.869,Lau_Totoya_BT_Transect 1,1.4893,,2.788,2.165,1914.254,25.03,,,-732.924,-333.756,-1736.605,Lau_Totoya_BT,Peter,Pomacentridae,Stegastes,nigricans,37372135,1,AD,Passing,
TY_BT_Cam1_Left_3101_01.MP4,17533,4.8751,Lau_Totoya_BT_Transect 1,1.4954,93.49,6.135,7.569,1974.05,13.074,47.053,7.219,428.596,-125.322,-1922.881,Lau_Totoya_BT,Peter,Pomacentridae,Stegastes,nigricans,37372135,1,AD,Passing,
TY_BT_Cam1_Left_3101_01.MP4,17533,4.8751,Lau_Totoya_BT_Transect 1,1.4954,105.225,7.929,12.361,2012.067,6.861,65.371,4.616,213.306,-110.816,-1997.657,Lau_Totoya_BT,Peter,Acanthuridae,Ctenochaetus,striatus,37437022,1,AD,Passing,
TY_BT_Cam1_Left_3101_01.MP4,17633,4.903,Lau_Totoya_BT_Transect 1,1.5232,129.814,7.792,8.736,1996.338,17.232,76.131,10.715,-580.138,-114.893,-1906.727,Lau_Totoya_BT,Peter,Labridae,Gomphosus,varius,37384106,1,AD,Passing,
TY_BT_Cam1_Left_3101_01.MP4,17698,4.921,Lau_Totoya_BT_Transect 1,1.5413,,3.59,0.862,2200.859,18.368,,,538.861,-423.526,-2091.419,Lau_Totoya_BT,Peter,Pomacentridae,Stegastes,nigricans,37372135,1,AD,Passing,
TY_BT_Cam1_Left_3101_01.MP4,17732,4.9305,Lau_Totoya_BT_Transect 1,1.5507,,1.89,4.911,1532.883,18.879,,,-118.412,-472.568,-1453.406,Lau_Totoya_BT,Peter,Pomacentridae,Stegastes,nigricans,37372135,1,AD,Passing,
TY_BT_Cam1_Left_3101_01.MP4,17765,4.9397,Lau_Totoya_BT_Transect 1,1.5599,106.14,3.661,1.57,1409.006,21.167,69.264,6.619,320.204,-395.373,-1313.944,Lau_Totoya_BT,Peter,Pomacentridae,Stegastes,nigricans,37372135,1,AD,Passing,
TY_BT_Cam1_Left_3101_01.MP4,17855,4.9647,Lau_Totoya_BT_Transect 1,1.5849,73.624,7.357,3.808,2058.319,16.255,58.025,2.579,-228.788,-528.759,-1976.044,Lau_Totoya_BT,Peter,Labridae,Thalassoma,hardwicke,37384165,1,AD,Passing,
TY_BT_Cam1_Left_3101_01.MP4,17884,4.9727,Lau_Totoya_BT_Transect 1,1.593,77.307,2.48,9.497,1619.742,32.921,6.517,13.2,780.574,-406.97,-1359.649,Lau_Totoya_BT,Peter,Labridae,Thalassoma,hardwicke,37384165,1,AD,Passing,
TY_BT_Cam1_Left_3101_01.MP4,18040,5.0161,Lau_Totoya_BT_Transect 1,1.6364,,1.065,3.677,1095.557,25.193,,,118.612,-444.797,-994.149,Lau_Totoya_BT,Peter,Pomacentridae,Stegastes,nigricans,37372135,1,AD,Passing,
TY_BT_Cam1_Left_3101_01.MP4,18073,5.0253,Lau_Totoya_BT_Transect 1,1.6455,,1.238,4.714,1196.485,22.21,,,-319.913,-312.752,-1109.692,Lau_Totoya_BT,Peter,Labridae,Thalassoma,hardwicke,37384165,1,AD,Passing,
TY_BT_Cam1_Left_3101_01.MP4,18073,5.0253,Lau_Totoya_BT_Transect 1,1.6455,,1.306,6.963,1227.197,18.529,,,-251.285,-290.945,-1165.427,Lau_Totoya_BT,Peter,Pomacentridae,Stegastes,nigricans,37372135,1,AD,Passing,
TY_BT_Cam1_Left_3101_01.MP4,18073,5.0253,Lau_Totoya_BT_Transect 1,1.6455,,1.945,1.162,1563.001,22.603,,,-531.611,-270.737,-1444.667,Lau_Totoya_BT,Peter,Pomacentridae,Stegastes,nigricans,37372135,1,AD,Passing,
TY_BT_Cam1_Left_3101_01.MP4,18471,5.136,Lau_Totoya_BT_Transect 1,1.7562,69.627,2.018,6.245,1423.134,33.062,15.803,2.02,654.032,-418.365,-1192.696,Lau_Totoya_BT,Peter,Pomacentridae,Stegastes,nigricans,37372135,1,AD,Passing,
TY_BT_Cam1_Left_3101_01.MP4,18605,5.1732,Lau_Totoya_BT_Transect 1,1.7935,48.081,4.041,6.149,2005.784,29.228,17.522,7.942,913.962,-352.009,-1750.409,Lau_Totoya_BT,Peter,Pomacentridae,Stegastes,albifasciatus,37372130,1,AD,Passing,
TY_BT_Cam1_Left_3101_01.MP4,18716,5.2041,Lau_Totoya_BT_Transect 1,1.8243,,3.689,8.493,2275.608,29.095,,,-1094.302,-151.572,-1989.453,Lau_Totoya_BT,Peter,Pomacentridae,Stegastes,nigricans,37372135,1,AD,Passing,
TY_BT_Cam1_Left_3101_01.MP4,18839,5.2383,Lau_Totoya_BT_Transect 1,1.8585,68.598,5.224,9.257,1870.156,25.339,50.057,8.744,-722.416,-344.546,-1690.232,Lau_Totoya_BT,Peter,Labridae,Thalassoma,hardwicke,37384165,1,AD,Passing,
TY_BT_Cam1_Left_3101_01.MP4,18856,5.243,Lau_Totoya_BT_Transect 1,1.8633,76.952,4.597,5.814,1955.264,10.691,34.147,18.635,227.988,-282.131,-1921.323,Lau_Totoya_BT,Peter,Labridae,Thalassoma,hardwicke,37384165,1,AD,Passing,
TY_BT_Cam1_Left_3101_01.MP4,18856,5.243,Lau_Totoya_BT_Transect 1,1.8633,73.354,7.272,8.883,2146.968,8.391,46.901,0.547,83.613,-301.958,-2123.982,Lau_Totoya_BT,Peter,Labridae,Thalassoma,hardwicke,37384165,1,AD,Passing,
TY_BT_Cam1_Left_3101_01.MP4,18991,5.2806,Lau_Totoya_BT_Transect 1,1.9008,50.166,2.19,10.24,1642.476,26.397,10.577,19.147,522.397,-510.212,-1471.228,Lau_Totoya_BT,Peter,Pomacentridae,Stegastes,albifasciatus,37372130,1,AD,Passing,
TY_BT_Cam1_Left_3101_01.MP4,19143,5.3228,Lau_Totoya_BT_Transect 1,1.9431,69.331,2.009,14.191,1825.066,12.149,9.867,21.728,97.75,-371.46,-1784.189,Lau_Totoya_BT,Peter,Pomacentridae,Chrysiptera,biocellata,37372058,1,AD,Passing,
TY_BT_Cam1_Left_3101_01.MP4,19225,5.3456,Lau_Totoya_BT_Transect 1,1.9659,,4.099,0.565,2377.049,19.791,,,777.139,-195.325,-2237.915,Lau_Totoya_BT,Peter,Pomacentridae,Chrysiptera,biocellata,37372058,1,AD,Passing,
TY_BT_Cam1_Left_3101_01.MP4,19241,5.3501,Lau_Totoya_BT_Transect 1,1.9703,97.289,9.211,1.11,2642.677,13.053,42.017,24.918,596.71,13.916,-2574.39,Lau_Totoya_BT,Peter,Labridae,Thalassoma,hardwicke,37384165,1,AD,Passing,
TY_BT_Cam1_Left_3101_01.MP4,19316,5.3709,Lau_Totoya_BT_Transect 1,1.9912,87.255,7.056,5.314,1900.618,18.017,75.717,5.467,571.138,-139.241,-1807.419,Lau_Totoya_BT,Peter,Pomacentridae,Chrysiptera,biocellata,37372058,1,AD,Passing,
TY_BT_Cam1_Left_3101_01.MP4,19361,5.3834,Lau_Totoya_BT_Transect 1,2.0037,,3.248,0.169,2112.837,12.399,,,450.15,69.248,-2063.165,Lau_Totoya_BT,Peter,Acanthuridae,Acanthurus,nigrofuscus,37437014,1,AD,Passing,
TY_BT_Cam1_Left_3101_01.MP4,19370,5.3859,Lau_Totoya_BT_Transect 1,2.0062,72.75,1.847,2.745,1857.043,9.227,2.648,23.528,-240.928,-174.995,-1833.014,Lau_Totoya_BT,Peter,Labridae,Thalassoma,hardwicke,37384165,1,AD,Passing,
TY_BT_Cam1_Left_3101_01.MP4,19560,5.4388,Lau_Totoya_BT_Transect 1,2.059,77.809,3.617,4.512,1978.113,10.814,21.262,4.341,-340.332,-148.029,-1942.985,Lau_Totoya_BT,Peter,Pomacentridae,Stegastes,lacrymatus,temp_code_006,1,AD,Passing,
TY_BT_Cam1_Left_3101_01.MP4,19666,5.4682,Lau_Totoya_BT_Transect 1,2.0885,94.141,5.694,13.001,3069.311,8.334,12.712,2.637,-425.887,128.523,-3036.902,Lau_Totoya_BT,Peter,Labridae,Thalassoma,hardwicke,37384165,1,AD,Passing,
TY_BT_Cam1_Left_3101_01.MP4,19909,5.5358,Lau_Totoya_BT_Transect 1,2.156,81.16,4.419,1.896,1605.096,12.763,56.157,17.17,219.453,-278.525,-1565.438,Lau_Totoya_BT,Peter,Pomacentridae,Chrysiptera,biocellata,37372058,1,AD,Passing,
TY_BT_Cam1_Left_3101_01.MP4,35128,9.7675,Lau_Totoya_BT_Transect 2,0.1538,140.064,7.873,0.635,2546.614,17.314,32.895,10.005,757.057,35.814,-2431.219,Lau_Totoya_BT,Peter,Holocentridae,Neoniphon,sammara,37261019,1,AD,Passing,
TY_BT_Cam1_Left_3101_01.MP4,35545,9.8835,Lau_Totoya_BT_Transect 2,0.2697,54.229,5.301,4.835,2165.504,31.047,33.235,8.512,941.176,-601.238,-1855.292,Lau_Totoya_BT,Peter,Pomacentridae,Plectroglyphidodon,dickii,37372098,1,AD,Passing,
TY_BT_Cam1_Left_3101_01.MP4,35599,9.8985,Lau_Totoya_BT_Transect 2,0.2847,95.843,3.892,5.687,2061.536,34.242,8.895,13.261,1019.849,-552.719,-1704.213,Lau_Totoya_BT,Peter,Acanthuridae,Ctenochaetus,striatus,37437022,1,AD,Passing,
TY_BT_Cam1_Left_3101_01.MP4,35714,9.9305,Lau_Totoya_BT_Transect 2,0.3167,130.703,3.02,12.44,2107.618,14.747,10.029,3.192,451.833,-289.297,-2038.187,Lau_Totoya_BT,Peter,Labridae,Gomphosus,varius,37384106,1,AD,Passing,
TY_BT_Cam1_Left_3101_01.MP4,35817,9.9591,Lau_Totoya_BT_Transect 2,0.3453,75.008,1.547,3.255,1273.716,25.868,12.171,11.55,449.467,-326.816,-1146.09,Lau_Totoya_BT,Peter,Labridae,Thalassoma,hardwicke,37384165,1,AD,Passing,
TY_BT_Cam1_Left_3101_01.MP4,36004,10.0111,Lau_Totoya_BT_Transect 2,0.3973,149.648,5.573,7.473,2872.496,35.797,9.919,50.05,-1679.192,-57.122,-2329.869,Lau_Totoya_BT,Peter,Labridae,Thalassoma,hardwicke,37384165,1,AD,Passing,
TY_BT_Cam1_Left_3101_01.MP4,36004,10.0111,Lau_Totoya_BT_Transect 2,0.3973,124.728,7.406,9.781,2632.654,31.408,23.457,15.667,-1368.879,91.908,-2246.906,Lau_Totoya_BT,Peter,Labridae,Thalassoma,hardwicke,37384165,1,AD,Passing,
TY_BT_Cam1_Left_3101_01.MP4,36020,10.0156,Lau_Totoya_BT_Transect 2,0.4018,101.592,1.853,10.151,1296.054,25.606,30.657,20.968,-216.96,-516.401,-1168.767,Lau_Totoya_BT,Peter,Pomacentridae,Stegastes,nigricans,37372135,1,AD,Passing,
TY_BT_Cam1_Left_3101_01.MP4,36085,10.0336,Lau_Totoya_BT_Transect 2,0.4199,,1.877,9.971,1526.144,21.66,,,297.954,-469.151,-1421.35,Lau_Totoya_BT,Peter,Pomacentridae,Stegastes,nigricans,37372135,1,AD,Passing,
TY_BT_Cam1_Left_3101_01.MP4,36121,10.0436,Lau_Totoya_BT_Transect 2,0.4299,88.182,1.658,5.718,1460.923,18.109,5.153,16.59,383.548,-243.1,-1388.556,Lau_Totoya_BT,Peter,Labridae,Thalassoma,hardwicke,37384165,1,AD,Passing,
TY_BT_Cam1_Left_3101_01.MP4,36152,10.0523,Lau_Totoya_BT_Transect 2,0.4385,106.93,3.335,11.021,2840.099,10.559,4.395,45.888,-501.209,140.166,-2792.007,Lau_Totoya_BT,Peter,Pomacentridae,Abudefduf,sexfasciatus,37372011,1,AD,Passing,
TY_BT_Cam1_Left_3101_01.MP4,36252,10.0801,Lau_Totoya_BT_Transect 2,0.4663,115.634,3.753,3.383,1983.299,3.372,27.674,31.191,63.69,97.745,-1979.864,Lau_Totoya_BT,Peter,Labridae,Halichoeres,hortulanus,37384112,1,AD,Passing,
TY_BT_Cam1_Left_3101_01.MP4,36551,10.1632,Lau_Totoya_BT_Transect 2,0.5494,119.902,1.416,9.076,1341.218,17.753,2.028,4.431,-321.072,-253.296,-1277.349,Lau_Totoya_BT,Peter,Acanthuridae,Ctenochaetus,binotatus,37437021,1,AD,Passing,
TY_BT_Cam1_Left_3101_01.MP4,36650,10.1907,Lau_Totoya_BT_Transect 2,0.577,70.746,3.703,10.838,1935.521,32.446,11.106,19.174,1036.561,-61.956,-1633.384,Lau_Totoya_BT,Peter,Labridae,Thalassoma,hardwicke,37384165,1,AD,Passing,
TY_BT_Cam1_Left_3101_01.MP4,36679,10.1988,Lau_Totoya_BT_Transect 2,0.585,104.62,5.326,0.506,2222.77,35.684,23.143,3.547,-1294.747,68.553,-1805.446,Lau_Totoya_BT,Peter,Chaetodontidae,Chaetodon,lineolatus,37365041,1,AD,Passing,
TY_BT_Cam1_Left_3101_01.MP4,36810,10.2352,Lau_Totoya_BT_Transect 2,0.6215,59.408,1.619,1.177,1055.547,27.753,52.169,14.116,453.353,-189.914,-934.122,Lau_Totoya_BT,Peter,Labridae,Thalassoma,hardwicke,37384165,1,AD,Passing,
TY_BT_Cam1_Left_3101_01.MP4,36810,10.2352,Lau_Totoya_BT_Transect 2,0.6215,87.153,4.729,0.694,1813.482,4.309,49.579,33.022,133.926,-25.071,-1808.356,Lau_Totoya_BT,Peter,Pomacentridae,Chromis,viridis,37372053,1,AD,Passing,
TY_BT_Cam1_Left_3101_01.MP4,36810,10.2352,Lau_Totoya_BT_Transect 2,0.6215,122.177,8.433,3.82,2749.387,16.157,31.087,12.846,621.033,446.787,-2640.8,Lau_Totoya_BT,Peter,Pomacentridae,Abudefduf,sexfasciatus,37372011,1,AD,Passing,
TY_BT_Cam1_Left_3101_01.MP4,36810,10.2352,Lau_Totoya_BT_Transect 2,0.6215,118.914,11.544,1.122,2562.338,11.419,57.791,6.796,244.181,444.684,-2511.614,Lau_Totoya_BT,Peter,Pomacentridae,Abudefduf,sexfasciatus,37372011,1,AD,Passing,
TY_BT_Cam1_Left_3101_01.MP4,36910,10.263,Lau_Totoya_BT_Transect 2,0.6493,109.574,1.593,8.73,1197.62,27.13,29.404,19.825,-295.541,-459.245,-1065.854,Lau_Totoya_BT,Peter,Pomacentridae,Stegastes,nigricans,37372135,1,AD,Passing,
TY_BT_Cam1_Left_3101_01.MP4,36937,10.2705,Lau_Totoya_BT_Transect 2,0.6568,82.367,6.148,7.155,2314.791,26.476,26.797,3.971,-1026.903,-102.37,-2072.015,Lau_Totoya_BT,Peter,Pomacentridae,Plectroglyphidodon,dickii,37372098,1,AD,Passing,
TY_BT_Cam1_Left_3101_01.MP4,36937,10.2705,Lau_Totoya_BT_Transect 2,0.6568,69.531,4.961,8.145,1761,28.333,65.233,9.279,-832.043,78.791,-1550.038,Lau_Totoya_BT,Peter,Pomacentridae,Abudefduf,sexfasciatus,37372011,1,AD,Passing,
TY_BT_Cam1_Left_3101_01.MP4,36957,10.2761,Lau_Totoya_BT_Transect 2,0.6623,,11.476,3.015,4108.756,25.072,,,1732.5,196.487,-3720.445,Lau_Totoya_BT,Peter,Acanthuridae,Ctenochaetus,striatus,37437022,1,AD,Passing,
TY_BT_Cam1_Left_3101_01.MP4,36962,10.2775,Lau_Totoya_BT_Transect 2,0.6637,306.325,17.612,4.458,3322.357,30.945,84.531,11.969,1708.314,17.65,-2849.458,Lau_Totoya_BT,Peter,Lethrinidae,Lethrinus,harak,37351017,1,AD,Passing,
TY_BT_Cam1_Left_3101_01.MP4,37160,10.3325,Lau_Totoya_BT_Transect 2,0.7188,122.53,1.275,13.746,1195.673,13.792,13.253,22.007,-144.441,-245.743,-1161.198,Lau_Totoya_BT,Peter,Pomacentridae,Stegastes,nigricans,37372135,1,AD,Passing,
TY_BT_Cam1_Left_3101_01.MP4,37212,10.347,Lau_Totoya_BT_Transect 2,0.7332,,1.231,1.968,1176.973,14.213,,,75.397,-271.824,-1142.669,Lau_Totoya_BT,Peter,Pomacentridae,Stegastes,nigricans,37372135,1,AD,Passing,
TY_BT_Cam1_Left_3101_01.MP4,37239,10.3545,Lau_Totoya_BT_Transect 2,0.7407,,3.338,3.865,2215.775,33.412,,,-1200.547,-206.126,-1850.907,Lau_Totoya_BT,Peter,Pomacentridae,Stegastes,nigricans,37372135,1,AD,Passing,
TY_BT_Cam1_Left_3101_01.MP4,37262,10.3609,Lau_Totoya_BT_Transect 2,0.7471,,4.851,2.401,2716.877,1.542,,,-41.501,77.181,-2715.463,Lau_Totoya_BT,Peter,Acanthuridae,Ctenochaetus,striatus,37437022,1,AD,Passing,
TY_BT_Cam1_Left_3101_01.MP4,37262,10.3609,Lau_Totoya_BT_Transect 2,0.7471,,5.441,6.433,2902.807,1.317,,,-66.642,20.811,-2901.967,Lau_Totoya_BT,Peter,Labridae,Thalassoma,hardwicke,37384165,1,AD,Passing,
TY_BT_Cam1_Left_3101_01.MP4,37262,10.3609,Lau_Totoya_BT_Transect 2,0.7471,,2.906,4.593,1978.965,14.477,,,13.235,-482.552,-1919.185,Lau_Totoya_BT,Peter,Pomacentridae,Stegastes,nigricans,37372135,1,AD,Passing,
TY_BT_Cam1_Left_3101_01.MP4,37334,10.3809,Lau_Totoya_BT_Transect 2,0.7672,107.9,5.475,9.571,2285.438,11.352,26.239,2.628,448,-40.949,-2240.724,Lau_Totoya_BT,Peter,Acanthuridae,Zebrasoma,scopas,37437036,1,AD,Passing,
TY_BT_Cam1_Left_3101_01.MP4,37423,10.4057,Lau_Totoya_BT_Transect 2,0.7919,,1.413,5.557,1296.885,24.508,,,-202.858,-490.871,-1183.134,Lau_Totoya_BT,Peter,Pomacentridae,Stegastes,nigricans,37372135,1,AD,Passing,
TY_BT_Cam1_Left_3101_01.MP4,37498,10.4265,Lau_Totoya_BT_Transect 2,0.8128,,2.573,6.09,1829.658,20.103,,,546.69,-300.07,-1720.098,Lau_Totoya_BT,Peter,Pomacentridae,Stegastes,nigricans,37372135,1,AD,Passing,
TY_BT_Cam1_Left_3101_01.MP4,37530,10.4354,Lau_Totoya_BT_Transect 2,0.8217,,3.202,2.748,2101.829,10.811,,,-393.343,-13.604,-2064.651,Lau_Totoya_BT,Peter,Pomacentridae,Stegastes,nigricans,37372135,1,AD,Passing,
TY_BT_Cam1_Left_3101_01.MP4,37553,10.4418,Lau_Totoya_BT_Transect 2,0.828,,5.577,0.539,3058.245,37.34,,,-1842.742,-197.252,-2432.746,Lau_Totoya_BT,Peter,Pomacentridae,Abudefduf,sexfasciatus,37372011,1,AD,Passing,
TY_BT_Cam1_Left_3101_01.MP4,37553,10.4418,Lau_Totoya_BT_Transect 2,0.828,,5.248,5.182,2926.739,36.302,,,-1730.331,-76.366,-2359.221,Lau_Totoya_BT,Peter,Pomacentridae,Abudefduf,vaigiensis,37372013,1,AD,Passing,
TY_BT_Cam1_Left_3101_01.MP4,37553,10.4418,Lau_Totoya_BT_Transect 2,0.828,,5.661,4.079,3050.808,37.189,,,-1807.484,-350.175,-2432.654,Lau_Totoya_BT,Peter,Labridae,Thalassoma,hardwicke,37384165,1,AD,Passing,
TY_BT_Cam1_Left_3101_01.MP4,37620,10.4605,Lau_Totoya_BT_Transect 2,0.8467,115.194,3.735,5.114,1338.433,8.512,74.034,10.839,85.316,-178.808,-1323.689,Lau_Totoya_BT,Peter,Pomacentridae,Stegastes,nigricans,37372135,1,AD,Passing,
TY_BT_Cam1_Left_3101_01.MP4,37635,10.4646,Lau_Totoya_BT_Transect 2,0.8509,77.895,6.684,3.36,2272.308,34.084,49.469,4.933,-1254.019,-221.487,-1881.957,Lau_Totoya_BT,Peter,Pomacentridae,Abudefduf,sexfasciatus,37372011,1,AD,Passing,
TY_BT_Cam1_Left_3101_01.MP4,37635,10.4646,Lau_Totoya_BT_Transect 2,0.8509,,4.365,1.861,2561.026,34.739,,,-1396.528,-410.446,-2107.154,Lau_Totoya_BT,Peter,Acanthuridae,Ctenochaetus,striatus,37437022,1,AD,Passing,
TY_BT_Cam1_Left_3101_01.MP4,37635,10.4646,Lau_Totoya_BT_Transect 2,0.8509,,5.959,0.624,2904.746,25.474,,,-1232.781,-186.245,-2623.569,Lau_Totoya_BT,Peter,Acanthuridae,Acanthurus,nigrofuscus,37437014,1,AD,Passing,
TY_BT_Cam1_Left_3101_01.MP4,37635,10.4646,Lau_Totoya_BT_Transect 2,0.8509,,5.299,1.899,2724.255,26.733,,,-1186.053,-292.995,-2434.953,Lau_Totoya_BT,Peter,Acanthuridae,Ctenochaetus,striatus,37437022,1,AD,Passing,
TY_BT_Cam1_Left_3101_01.MP4,37759,10.4991,Lau_Totoya_BT_Transect 2,0.8853,101.729,3.806,6.416,1605.994,6.239,40.503,2.25,-75.65,157.299,-1596.481,Lau_Totoya_BT,Peter,Pomacentridae,Abudefduf,vaigiensis,37372013,1,AD,Passing,
TY_BT_Cam1_Left_3101_01.MP4,37759,10.4991,Lau_Totoya_BT_Transect 2,0.8853,76.661,2.379,5.109,1591.449,6.767,21.249,9.773,-85.397,166.951,-1580.362,Lau_Totoya_BT,Peter,Pomacentridae,Abudefduf,vaigiensis,37372013,1,AD,Passing,
TY_BT_Cam1_Left_3101_01.MP4,37759,10.4991,Lau_Totoya_BT_Transect 2,0.8853,,13.975,5.987,4538.968,28.896,,,-2133.626,-483.293,-3976.971,Lau_Totoya_BT,Peter,Scaridae,Chlorurus,spilurus,temp_code_002,1,AD,Passing,
TY_BT_Cam1_Left_3101_01.MP4,37759,10.4991,Lau_Totoya_BT_Transect 2,0.8853,,6.196,7.572,2992.981,29.051,,,-1436.188,-206.31,-2617.773,Lau_Totoya_BT,Peter,Pomacentridae,Abudefduf,sexfasciatus,37372011,1,AD,Passing,
TY_BT_Cam1_Left_3101_01.MP4,37829,10.5186,Lau_Totoya_BT_Transect 2,0.9048,95.118,2.438,16.35,1608.349,21.357,27.128,41.413,537.266,-233.273,-1497.904,Lau_Totoya_BT,Peter,Pomacentridae,Stegastes,nigricans,37372135,1,AD,Passing,
TY_BT_Cam1_Left_3101_01.MP4,37903,10.5391,Lau_Totoya_BT_Transect 2,0.9254,96.489,5.603,6.84,2230.292,5.16,30.609,11.487,-81.669,-183.207,-2221.254,Lau_Totoya_BT,Peter,Acanthuridae,Zebrasoma,scopas,37437036,1,AD,Passing,
TY_BT_Cam1_Left_3101_01.MP4,37960,10.555,Lau_Totoya_BT_Transect 2,0.9412,123.838,4.716,2.468,1615.013,15.434,59.257,5.248,336.472,-267.424,-1556.771,Lau_Totoya_BT,Peter,Acanthuridae,Ctenochaetus,binotatus,37437021,1,AD,Passing,
TY_BT_Cam1_Left_3101_01.MP4,38108,10.5961,Lau_Totoya_BT_Transect 2,0.9824,109.814,8.569,5.547,2471.234,10.043,41.3,12.92,410.9,-129.994,-2433.364,Lau_Totoya_BT,Peter,Pomacentridae,Abudefduf,sexfasciatus,37372011,1,AD,Passing,
TY_BT_Cam1_Left_3101_01.MP4,38140,10.605,Lau_Totoya_BT_Transect 2,0.9913,88.732,3.892,4.677,1982.801,32.881,11.379,3.441,1012.19,-366.357,-1665.159,Lau_Totoya_BT,Peter,Labridae,Thalassoma,hardwicke,37384165,1,AD,Passing,
TY_BT_Cam1_Left_3101_01.MP4,38279,10.6437,Lau_Totoya_BT_Transect 2,1.0299,115.25,3.354,1.446,1794.694,33.82,34.193,28.549,896.377,-440.779,-1491.022,Lau_Totoya_BT,Peter,Labridae,Thalassoma,hardwicke,37384165,1,AD,Passing,
TY_BT_Cam1_Left_3101_01.MP4,38300,10.6495,Lau_Totoya_BT_Transect 2,1.0358,53.32,1.81,0.133,1756.149,17.001,6.355,10.272,-218.137,-464.834,-1679.406,Lau_Totoya_BT,Peter,Blenniidae,Plagiotremus,flavus,temp_code_003,1,AD,Passing,
TY_BT_Cam1_Left_3101_01.MP4,38367,10.6682,Lau_Totoya_BT_Transect 2,1.0544,,4.619,0.37,2630.568,33.89,,,-1426.87,-326.295,-2185.741,Lau_Totoya_BT,Peter,Pomacentridae,Stegastes,nigricans,37372135,1,AD,Passing,
TY_BT_Cam1_Left_3101_01.MP4,38506,10.7068,Lau_Totoya_BT_Transect 2,1.093,,5.152,1.35,2689.777,24.274,,,-1104.743,63.219,-2451.622,Lau_Totoya_BT,Peter,Acanthuridae,Ctenochaetus,striatus,37437022,1,AD,Passing,
TY_BT_Cam1_Left_3101_01.MP4,38563,10.7227,Lau_Totoya_BT_Transect 2,1.1089,104.311,4.312,4.88,1813.155,2.168,35.722,11.326,58.652,35.581,-1811.857,Lau_Totoya_BT,Peter,Acanthuridae,Acanthurus,nigrofuscus,37437014,1,AD,Passing,
TY_BT_Cam1_Left_3101_01.MP4,38632,10.7418,Lau_Totoya_BT_Transect 2,1.1281,58.459,3.776,12.42,1512.766,25.206,61.77,9.834,-554.701,-327.647,-1368.727,Lau_Totoya_BT,Peter,Labridae,Thalassoma,hardwicke,37384165,1,AD,Passing,
TY_BT_Cam1_Left_3101_01.MP4,38878,10.8102,Lau_Totoya_BT_Transect 2,1.1965,110.504,1.754,5.178,1911.139,22.42,3.847,5.138,-150.45,-713.203,-1766.68,Lau_Totoya_BT,Peter,Pomacentridae,Stegastes,nigricans,37372135,1,AD,Passing,
TY_BT_Cam1_Left_3101_01.MP4,38921,10.8222,Lau_Totoya_BT_Transect 2,1.2084,58.071,3.795,4.727,1875.264,23.345,39.012,42.479,-393.041,-630.657,-1721.745,Lau_Totoya_BT,Peter,Labridae,Thalassoma,hardwicke,37384165,1,AD,Passing,
TY_BT_Cam1_Left_3101_01.MP4,39057,10.86,Lau_Totoya_BT_Transect 2,1.2462,,5.19,1.148,2663.005,29.88,,,-907.41,-953.359,-2315.019,Lau_Totoya_BT,Peter,Acanthuridae,Zebrasoma,scopas,37437036,1,AD,Passing,
TY_BT_Cam1_Left_3101_01.MP4,39057,10.86,Lau_Totoya_BT_Transect 2,1.2462,,8.318,1.135,3393.418,26.345,,,-957.711,-1143.096,-3048.181,Lau_Totoya_BT,Peter,Acanthuridae,Ctenochaetus,striatus,37437022,1,AD,Passing,
TY_BT_Cam1_Left_3101_01.MP4,39270,10.9192,Lau_Totoya_BT_Transect 2,1.3055,139.675,7.952,8.332,2931.72,32.619,7.753,2.376,-1443.266,-643.768,-2469.318,Lau_Totoya_BT,Peter,Acanthuridae,Acanthurus,nigrofuscus,37437014,1,AD,Passing,
TY_BT_Cam1_Left_3101_01.MP4,39354,10.9426,Lau_Totoya_BT_Transect 2,1.3288,88.44,5.387,8.212,2062.49,26.981,41.602,6.19,-560.522,-749.278,-1838.005,Lau_Totoya_BT,Peter,Pomacentridae,Chrysiptera,glauca,37372062,1,AD,Passing,
TY_BT_Cam1_Left_3101_01.MP4,39469,10.9746,Lau_Totoya_BT_Transect 2,1.3608,115.312,8.012,11.081,3130.587,25.117,16.408,4.171,-995.18,-880.607,-2834.559,Lau_Totoya_BT,Peter,Pomacentridae,Stegastes,nigricans,37372135,1,AD,Passing,
TY_BT_Cam1_Left_3101_01.MP4,39572,11.0032,Lau_Totoya_BT_Transect 2,1.3894,123.929,4.325,10.477,2585.262,22.672,6.72,1.039,-699.868,-709.39,-2385.483,Lau_Totoya_BT,Peter,Acanthuridae,Ctenochaetus,striatus,37437022,1,AD,Passing,
TY_BT_Cam1_Left_3101_01.MP4,39572,11.0032,Lau_Totoya_BT_Transect 2,1.3894,217.574,16.934,18.589,2998.933,18.586,71.365,1.294,-671.074,-680.655,-2842.529,Lau_Totoya_BT,Peter,Acanthuridae,Ctenochaetus,striatus,37437022,1,AD,Passing,
TY_BT_Cam1_Left_3101_01.MP4,39572,11.0032,Lau_Totoya_BT_Transect 2,1.3894,219.222,12.728,7.661,3921.241,28.435,8.922,14.798,-1635.916,-899.953,-3448.187,Lau_Totoya_BT,Peter,Scaridae,Chlorurus,spilurus,temp_code_002,1,AD,Passing,
TY_BT_Cam1_Left_3101_01.MP4,39812,11.0699,Lau_Totoya_BT_Transect 2,1.4562,,3.63,5.942,2223.242,25.426,,,302.154,-892.878,-2013.524,Lau_Totoya_BT,Peter,Pomacentridae,Pomacentrus,coelestis,37372111,1,AD,Passing,
TY_BT_Cam1_Left_3101_01.MP4,39859,11.083,Lau_Totoya_BT_Transect 2,1.4692,100.363,5.267,8.992,1944.243,20.995,45.045,7.766,-95.138,-690.061,-1815.171,Lau_Totoya_BT,Peter,Acanthuridae,Acanthurus,nigrofuscus,37437014,1,AD,Passing,
TY_BT_Cam1_Left_3101_01.MP4,39925,11.1014,Lau_Totoya_BT_Transect 2,1.4876,76.459,5.802,4.084,2182.688,24.877,39.034,0.06,419.856,-816.562,-1980.17,Lau_Totoya_BT,Peter,Acanthuridae,Zebrasoma,scopas,37437036,1,AD,Passing,
TY_BT_Cam1_Left_3101_01.MP4,39962,11.1117,Lau_Totoya_BT_Transect 2,1.4979,76.308,6.636,5.003,2466.966,18.9,32.33,2.544,172.006,-780.363,-2333.96,Lau_Totoya_BT,Peter,Acanthuridae,Zebrasoma,scopas,37437036,1,AD,Passing,
TY_BT_Cam1_Left_3101_01.MP4,40354,11.2207,Lau_Totoya_BT_Transect 2,1.6069,,3.319,6.419,2103.326,27.967,,,758.762,-618.633,-1861.6,Lau_Totoya_BT,Peter,Pomacentridae,Stegastes,nigricans,37372135,1,AD,Passing,
TY_BT_Cam1_Left_3101_01.MP4,40817,11.3494,Lau_Totoya_BT_Transect 2,1.7356,,1.79,4.049,1565.39,34.022,,,-763.255,-421.459,-1300.1,Lau_Totoya_BT,Peter,Pomacentridae,Stegastes,nigricans,37372135,1,AD,Passing,
TY_BT_Cam1_Left_3101_01.MP4,40932,11.3814,Lau_Totoya_BT_Transect 2,1.7676,,7.5,9.234,3582.232,38.421,,,-2159.91,-521.318,-2809.875,Lau_Totoya_BT,Peter,Acanthuridae,Zebrasoma,scopas,37437036,1,AD,Passing,
TY_BT_Cam1_Left_3101_01.MP4,40932,11.3814,Lau_Totoya_BT_Transect 2,1.7676,,8.288,13.442,3428.914,28.719,,,-1532.539,-586.142,-3010.849,Lau_Totoya_BT,Peter,Acanthuridae,Zebrasoma,scopas,37437036,1,AD,Passing,
TY_BT_Cam1_Left_3101_01.MP4,40959,11.3889,Lau_Totoya_BT_Transect 2,1.7751,91.396,2.157,12.11,2346.978,17.198,1.236,0.777,176.806,-671.035,-2242.043,Lau_Totoya_BT,Peter,Pomacentridae,Stegastes,nigricans,37372135,1,AD,Passing,
TY_BT_Cam1_Left_3101_01.MP4,40959,11.3889,Lau_Totoya_BT_Transect 2,1.7751,,3.229,9.184,2083.333,19.924,,,-214.845,-664.393,-1962.829,Lau_Totoya_BT,Peter,Pomacentridae,Stegastes,nigricans,37372135,1,AD,Passing,
TY_BT_Cam1_Left_3101_01.MP4,40959,11.3889,Lau_Totoya_BT_Transect 2,1.7751,,2.535,12.32,1820.111,24.865,,,266.432,-707.082,-1655.854,Lau_Totoya_BT,Peter,Pomacentridae,Stegastes,nigricans,37372135,1,AD,Passing,
TY_BT_Cam1_Left_3101_01.MP4,40959,11.3889,Lau_Totoya_BT_Transect 2,1.7751,,5.652,10.307,2786.993,23.462,,,689.695,-853.2,-2561.973,Lau_Totoya_BT,Peter,Pomacentridae,Pomacentrus,coelestis,37372111,1,AD,Passing,
TY_BT_Cam1_Left_3101_01.MP4,40978,11.3942,Lau_Totoya_BT_Transect 2,1.7804,112.485,2.795,7.52,1962.496,22.759,10.346,46.255,-213.041,-728.711,-1809.692,Lau_Totoya_BT,Peter,Pomacentridae,Stegastes,nigricans,37372135,1,AD,Passing,
TY_BT_Cam1_Left_3101_01.MP4,41049,11.4139,Lau_Totoya_BT_Transect 2,1.8001,93.019,3.643,9.407,1459.339,22.963,69.697,22.218,-151.186,-548.908,-1343.693,Lau_Totoya_BT,Peter,Pomacentridae,Stegastes,nigricans,37372135,1,AD,Passing,
TY_BT_Cam1_Left_3101_01.MP4,41097,11.4272,Lau_Totoya_BT_Transect 2,1.8135,,4.449,5.839,2450.721,27.695,,,-918.298,-660.271,-2174.121,Lau_Totoya_BT,Peter,Labridae,Thalassoma,hardwicke,37384165,1,AD,Passing,
TY_BT_Cam1_Left_3101_01.MP4,41196,11.4548,Lau_Totoya_BT_Transect 2,1.841,82.484,2.263,6.211,2376.188,21.685,4.175,11.596,33.991,-877.367,-2208.017,Lau_Totoya_BT,Peter,Pomacentridae,Stegastes,nigricans,37372135,1,AD,Passing,
TY_BT_Cam1_Left_3101_01.MP4,41196,11.4548,Lau_Totoya_BT_Transect 2,1.841,103.062,7.381,6.215,2803.531,19.765,27.833,1.246,-39.605,-947.224,-2638.368,Lau_Totoya_BT,Peter,Labridae,Thalassoma,hardwicke,37384165,1,AD,Passing,
TY_BT_Cam1_Left_3101_01.MP4,41245,11.4684,Lau_Totoya_BT_Transect 2,1.8546,,3.361,5.686,2140.398,32.339,,,-834.661,-772.413,-1813.29,Lau_Totoya_BT,Peter,Pomacentridae,Stegastes,nigricans,37372135,1,AD,Passing,
TY_BT_Cam1_Left_3101_01.MP4,41289,11.4806,Lau_Totoya_BT_Transect 2,1.8669,,10.375,1.678,4126.062,37.515,,,-2376.128,-796.43,-3277.819,Lau_Totoya_BT,Peter,Acanthuridae,Ctenochaetus,striatus,37437022,1,AD,Passing,
TY_BT_Cam1_Left_3101_01.MP4,41422,11.5176,Lau_Totoya_BT_Transect 2,1.9038,,4.455,2.564,2626.56,36.931,,,-1454.715,-598.715,-2103.369,Lau_Totoya_BT,Peter,Pomacentridae,Stegastes,nigricans,37372135,1,AD,Passing,
TY_BT_Cam1_Left_3101_01.MP4,41570,11.5588,Lau_Totoya_BT_Transect 2,1.945,,10.13,8.104,4131.641,38.014,,,-2441.659,-695.595,-3259.586,Lau_Totoya_BT,Peter,Acanthuridae,Acanthurus,nigrofuscus,37437014,1,AD,Passing,
TY_BT_Cam1_Left_3101_01.MP4,41599,11.5668,Lau_Totoya_BT_Transect 2,1.9531,,6.337,4.406,3304.566,40.157,,,-1936.991,-872.681,-2531.137,Lau_Totoya_BT,Peter,Pomacentridae,Stegastes,nigricans,37372135,1,AD,Passing,
TY_BT_Cam1_Left_3101_01.MP4,41776,11.616,Lau_Totoya_BT_Transect 2,2.0023,,2.486,0.616,1904.585,36.662,,,-967.252,-588.47,-1531.526,Lau_Totoya_BT,Peter,Pomacentridae,Stegastes,nigricans,37372135,1,AD,Passing,
TY_BT_Cam1_Left_3101_01.MP4,41846,11.6355,Lau_Totoya_BT_Transect 2,2.0217,87.171,6.163,2.866,2246.707,22.956,38.402,14.389,-482.05,-731.777,-2068.773,Lau_Totoya_BT,Peter,Labridae,Thalassoma,hardwicke,37384165,1,AD,Passing,
TY_BT_Cam1_Left_3101_01.MP4,41904,11.6516,Lau_Totoya_BT_Transect 2,2.0379,76.562,3.368,9.278,2073.773,29.52,6.85,24.605,-774.159,-666.905,-1804.564,Lau_Totoya_BT,Peter,Chaetodontidae,Chaetodon,citrinellus,37365036,1,AD,Passing,
TY_BT_Cam1_Left_3101_01.MP4,41971,11.6703,Lau_Totoya_BT_Transect 2,2.0565,,1.527,15.992,1348.132,19.115,,,-223.62,-372.658,-1276.158,Lau_Totoya_BT,Peter,Pomacentridae,Stegastes,nigricans,37372135,1,AD,Passing,
TY_BT_Cam1_Left_3101_01.MP4,42071,11.6981,Lau_Totoya_BT_Transect 2,2.0843,73.96,2.317,3.018,1357.049,18.633,33.46,11.396,-268.594,-340.368,-1285.919,Lau_Totoya_BT,Peter,Labridae,Thalassoma,hardwicke,37384165,1,AD,Passing,
TY_BT_Cam1_Left_3101_01.MP4,42173,11.7264,Lau_Totoya_BT_Transect 2,2.1127,90.393,3.866,14.065,1497.314,26.756,73.538,5.908,394.879,-546.315,-1336.997,Lau_Totoya_BT,Peter,Pomacentridae,Stegastes,nigricans,37372135,1,AD,Passing,
TY_BT_Cam1_Left_3101_01.MP4,42202,11.7345,Lau_Totoya_BT_Transect 2,2.1207,111.696,10.624,10.487,2949.519,36.075,49.351,6.241,-1734.704,-85.43,-2383.94,Lau_Totoya_BT,Peter,Acanthuridae,Acanthurus,nigrofuscus,37437014,1,AD,Passing,
TY_BT_Cam1_Left_3101_01.MP4,42231,11.7426,Lau_Totoya_BT_Transect 2,2.1288,,8.179,5.295,3604.367,5.646,,,347.173,94.566,-3586.362,Lau_Totoya_BT,Peter,Mullidae,Parupeneus,crassilabris,37355023,1,AD,Passing,
TY_BT_Cam1_Left_3101_01.MP4,42347,11.7748,Lau_Totoya_BT_Transect 2,2.161,,5.883,19.979,2872.046,19.31,,,-909.434,290.732,-2708.7,Lau_Totoya_BT,Peter,Pomacentridae,Stegastes,nigricans,37372135,1,AD,Passing,
TY_BT_Cam1_Left_3101_02.MP4,33999,27.0879,Lau_Totoya_BT_Transect 3,0.1602,,2.407,5.563,1768.076,23.596,,,-664.154,-234.327,-1621.753,Lau_Totoya_BT,Peter,Pomacentridae,Pomacentrus,coelestis,37372111,1,AD,Passing,
TY_BT_Cam1_Left_3101_02.MP4,34026,27.0954,Lau_Totoya_BT_Transect 3,0.1677,106.342,4.58,4.902,2231.735,4.936,33.648,45.338,30.801,189.547,-2223.457,Lau_Totoya_BT,Peter,Pomacentridae,Amblyglyphidodon,curacao,37372017,1,AD,Passing,
TY_BT_Cam1_Left_3101_02.MP4,34026,27.0954,Lau_Totoya_BT_Transect 3,0.1677,68.378,2.181,6.107,1994.382,7.746,7.907,6.042,-168.71,209.268,-1976.184,Lau_Totoya_BT,Peter,Pomacentridae,Pomacentrus,callainus,temp_code_004,1,AD,Passing,
TY_BT_Cam1_Left_3101_02.MP4,34026,27.0954,Lau_Totoya_BT_Transect 3,0.1677,49.498,2.39,4.356,1585.785,28.744,4.835,20.759,-751.154,131.609,-1390.381,Lau_Totoya_BT,Peter,Pomacentridae,Amblyglyphidodon,curacao,37372017,1,AD,Passing,
TY_BT_Cam1_Left_3101_02.MP4,34026,27.0954,Lau_Totoya_BT_Transect 3,0.1677,69.271,4.001,2.683,1822.07,23.225,31.485,9.488,-671.895,254.575,-1674.421,Lau_Totoya_BT,Peter,Pomacentridae,Amblyglyphidodon,curacao,37372017,1,AD,Passing,
TY_BT_Cam1_Left_3101_02.MP4,34026,27.0954,Lau_Totoya_BT_Transect 3,0.1677,,9.625,2.817,3921.689,38.065,,,2096.537,-1185.218,-3095.066,Lau_Totoya_BT,Peter,Labridae,Coris,aygula,37384090,1,AD,Passing,
TY_BT_Cam1_Left_3101_02.MP4,34026,27.0954,Lau_Totoya_BT_Transect 3,0.1677,,4.769,8.834,2778.609,38.138,,,1594.835,-619.563,-2189.364,Lau_Totoya_BT,Peter,Pomacentridae,Stegastes,nigricans,37372135,1,AD,Passing,
TY_BT_Cam1_Left_3101_02.MP4,34026,27.0954,Lau_Totoya_BT_Transect 3,0.1677,,7.51,0.328,3599.522,37.456,,,-2188.742,56.087,-2857.065,Lau_Totoya_BT,Peter,Pomacentridae,Amblyglyphidodon,curacao,37372017,1,AD,Passing,
TY_BT_Cam1_Left_3101_02.MP4,34043,27.1001,Lau_Totoya_BT_Transect 3,0.1724,56.378,5.53,1.295,2944.53,37.56,5.379,52.143,1771.222,290.946,-2334.176,Lau_Totoya_BT,Peter,Pomacentridae,Chromis,viridis,37372053,1,AD,Passing,
TY_BT_Cam1_Left_3101_02.MP4,34043,27.1001,Lau_Totoya_BT_Transect 3,0.1724,78.969,7.024,2.302,3209.167,36.845,45.537,57.077,1880.313,409.579,-2568.155,Lau_Totoya_BT,Peter,Pomacentridae,Chromis,viridis,37372053,1,AD,Passing,
TY_BT_Cam1_Left_3101_02.MP4,34043,27.1001,Lau_Totoya_BT_Transect 3,0.1724,64.852,6.472,4.309,3153.314,31.747,1.588,53.82,1515.883,674.545,-2681.507,Lau_Totoya_BT,Peter,Pomacentridae,Chromis,viridis,37372053,1,AD,Passing,
TY_BT_Cam1_Left_3101_02.MP4,34043,27.1001,Lau_Totoya_BT_Transect 3,0.1724,109.754,4.547,2.485,2181.497,4.568,38.341,49.096,40.703,168.9,-2174.568,Lau_Totoya_BT,Peter,Pomacentridae,Amblyglyphidodon,curacao,37372017,1,AD,Passing,
TY_BT_Cam1_Left_3101_02.MP4,34043,27.1001,Lau_Totoya_BT_Transect 3,0.1724,,6.788,2.21,3388.122,38.23,,,2018.651,583.218,-2657.87,Lau_Totoya_BT,Peter,Pomacentridae,Chromis,viridis,37372053,1,AD,Passing,
TY_BT_Cam1_Left_3101_02.MP4,34043,27.1001,Lau_Totoya_BT_Transect 3,0.1724,,11.459,0.471,4259.829,35.972,,,2348.755,884.309,-3442.019,Lau_Totoya_BT,Peter,Pomacentridae,Chromis,viridis,37372053,1,AD,Passing,
TY_BT_Cam1_Left_3101_02.MP4,34043,27.1001,Lau_Totoya_BT_Transect 3,0.1724,,6.75,2.958,3071.369,25.867,,,1249.256,502.002,-2760.555,Lau_Totoya_BT,Peter,Pomacentridae,Chromis,viridis,37372053,1,AD,Passing,
TY_BT_Cam1_Left_3101_02.MP4,34043,27.1001,Lau_Totoya_BT_Transect 3,0.1724,,11.484,2.326,4060.325,28.181,,,1802.069,677.666,-3574.85,Lau_Totoya_BT,Peter,Pomacentridae,Chromis,viridis,37372053,1,AD,Passing,
TY_BT_Cam1_Left_3101_02.MP4,34043,27.1001,Lau_Totoya_BT_Transect 3,0.1724,,11.622,5.906,4076.351,27.569,,,1762.745,694.865,-3609.228,Lau_Totoya_BT,Peter,Pomacentridae,Chromis,viridis,37372053,1,AD,Passing,
TY_BT_Cam1_Left_3101_02.MP4,34043,27.1001,Lau_Totoya_BT_Transect 3,0.1724,,9.206,6.376,3692.523,34.051,,,1809.471,1019.398,-3053.092,Lau_Totoya_BT,Peter,Pomacentridae,Chromis,viridis,37372053,1,AD,Passing,
TY_BT_Cam1_Left_3101_02.MP4,34043,27.1001,Lau_Totoya_BT_Transect 3,0.1724,,8.637,3.497,3503.161,30.699,,,1558.641,895.884,-3006.688,Lau_Totoya_BT,Peter,Pomacentridae,Chromis,viridis,37372053,1,AD,Passing,
TY_BT_Cam1_Left_3101_02.MP4,34043,27.1001,Lau_Totoya_BT_Transect 3,0.1724,,9.382,0.58,3646.321,29.74,,,1596.413,870.279,-3160.654,Lau_Totoya_BT,Peter,Pomacentridae,Chromis,viridis,37372053,1,AD,Passing,
TY_BT_Cam1_Left_3101_02.MP4,34043,27.1001,Lau_Totoya_BT_Transect 3,0.1724,,8.812,3.277,3511.623,28.9,,,1425.969,939.45,-3068.475,Lau_Totoya_BT,Peter,Pomacentridae,Chromis,viridis,37372053,1,AD,Passing,
TY_BT_Cam1_Left_3101_02.MP4,34043,27.1001,Lau_Totoya_BT_Transect 3,0.1724,,9.643,0.223,3674.172,29.211,,,1435.487,1094.569,-3200.131,Lau_Totoya_BT,Peter,Pomacentridae,Chromis,viridis,37372053,1,AD,Passing,
TY_BT_Cam1_Left_3101_02.MP4,34043,27.1001,Lau_Totoya_BT_Transect 3,0.1724,,9.93,1.789,3720.414,27.554,,,1396.674,1026.172,-3292.075,Lau_Totoya_BT,Peter,Pomacentridae,Chromis,viridis,37372053,1,AD,Passing,
TY_BT_Cam1_Left_3101_02.MP4,34043,27.1001,Lau_Totoya_BT_Transect 3,0.1724,,10.354,0.582,3798.532,25.971,,,1363.618,974.08,-3408.894,Lau_Totoya_BT,Peter,Pomacentridae,Chromis,viridis,37372053,1,AD,Passing,
TY_BT_Cam1_Left_3101_02.MP4,34043,27.1001,Lau_Totoya_BT_Transect 3,0.1724,,11.326,0.769,3980.502,25.593,,,1444.232,955.619,-3584.046,Lau_Totoya_BT,Peter,Pomacentridae,Chromis,viridis,37372053,1,AD,Passing,
TY_BT_Cam1_Left_3101_02.MP4,34043,27.1001,Lau_Totoya_BT_Transect 3,0.1724,,18.787,0.198,5181.982,26.198,,,2076.614,988.933,-4643.557,Lau_Totoya_BT,Peter,Pomacentridae,Amblyglyphidodon,curacao,37372017,1,AD,Passing,
TY_BT_Cam1_Left_3101_02.MP4,34043,27.1001,Lau_Totoya_BT_Transect 3,0.1724,,7.99,0.544,3323.268,24.242,,,976.262,972.254,-3024.193,Lau_Totoya_BT,Peter,Pomacentridae,Chromis,viridis,37372053,1,AD,Passing,
TY_BT_Cam1_Left_3101_02.MP4,34043,27.1001,Lau_Totoya_BT_Transect 3,0.1724,,8.549,0.289,3439.705,24.766,,,1052.247,1003.952,-3117.119,Lau_Totoya_BT,Peter,Pomacentridae,Chromis,viridis,37372053,1,AD,Passing,
TY_BT_Cam1_Left_3101_02.MP4,34043,27.1001,Lau_Totoya_BT_Transect 3,0.1724,,11.126,0.825,3953.841,22.112,,,1075.919,1051.246,-3656.52,Lau_Totoya_BT,Peter,Pomacentridae,Chromis,viridis,37372053,1,AD,Passing,
TY_BT_Cam1_Left_3101_02.MP4,34043,27.1001,Lau_Totoya_BT_Transect 3,0.1724,,11.131,0.95,3958.656,21.69,,,1039.602,1052.51,-3671.84,Lau_Totoya_BT,Peter,Pomacentridae,Chromis,viridis,37372053,1,AD,Passing,
TY_BT_Cam1_Left_3101_02.MP4,34043,27.1001,Lau_Totoya_BT_Transect 3,0.1724,,10.316,0.007,3792.561,23.962,,,1219.033,963.13,-3459.748,Lau_Totoya_BT,Peter,Pomacentridae,Amblyglyphidodon,curacao,37372017,1,AD,Passing,
TY_BT_Cam1_Left_3101_02.MP4,34043,27.1001,Lau_Totoya_BT_Transect 3,0.1724,,11.747,0.056,4060.509,24.438,,,1435.256,896.082,-3691.18,Lau_Totoya_BT,Peter,Pomacentridae,Chromis,viridis,37372053,1,AD,Passing,
TY_BT_Cam1_Left_3101_02.MP4,34043,27.1001,Lau_Totoya_BT_Transect 3,0.1724,,10.5,4.018,3828.479,27.363,,,1171.07,1334.639,-3391.841,Lau_Totoya_BT,Peter,Pomacentridae,Amblyglyphidodon,curacao,37372017,1,AD,Passing,
TY_BT_Cam1_Left_3101_02.MP4,34043,27.1001,Lau_Totoya_BT_Transect 3,0.1724,,9.809,1.12,3699.805,26.673,,,1046.067,1310.717,-3297.926,Lau_Totoya_BT,Peter,Pomacentridae,Chromis,viridis,37372053,1,AD,Passing,
TY_BT_Cam1_Left_3101_02.MP4,34043,27.1001,Lau_Totoya_BT_Transect 3,0.1724,,8.72,0.197,3557.545,20.016,,,367.462,1181.846,-3335.316,Lau_Totoya_BT,Peter,Pomacentridae,Chromis,viridis,37372053,1,AD,Passing,
TY_BT_Cam1_Left_3101_02.MP4,34043,27.1001,Lau_Totoya_BT_Transect 3,0.1724,,9.328,0.74,3751.989,14.376,,,92.417,949.701,-3628.629,Lau_Totoya_BT,Peter,Pomacentridae,Amblyglyphidodon,curacao,37372017,1,AD,Passing,
TY_BT_Cam1_Left_3101_02.MP4,34099,27.1157,Lau_Totoya_BT_Transect 3,0.188,,1.491,8.096,1375.144,30.433,,,-549.297,-420.878,-1188.342,Lau_Totoya_BT,Peter,Pomacentridae,Pomacentrus,coelestis,37372111,1,AD,Passing,
TY_BT_Cam1_Left_3101_02.MP4,34370,27.1911,Lau_Totoya_BT_Transect 3,0.2633,57.612,5.4,3.084,2385.518,2.06,24.378,1.632,-43.489,73.892,-2383.977,Lau_Totoya_BT,Peter,Pomacentridae,Chromis,viridis,37372053,1,AD,Passing,
TY_BT_Cam1_Left_3101_02.MP4,34370,27.1911,Lau_Totoya_BT_Transect 3,0.2633,125.759,9.278,12.767,2788.063,20.834,40.235,28.215,-668.022,-732.81,-2605.769,Lau_Totoya_BT,Peter,Mullidae,Parupeneus,crassilabris,37355023,1,AD,Passing,
TY_BT_Cam1_Left_3101_02.MP4,34370,27.1911,Lau_Totoya_BT_Transect 3,0.2633,,7.354,1.001,3424.928,3.734,,,218.787,-22.003,-3417.862,Lau_Totoya_BT,Peter,Labridae,Thalassoma,hardwicke,37384165,1,AD,Passing,
TY_BT_Cam1_Left_3101_02.MP4,34370,27.1911,Lau_Totoya_BT_Transect 3,0.2633,,5.026,7.156,2759.233,4.947,,,229.189,-46.67,-2749.302,Lau_Totoya_BT,Peter,Pomacentridae,Chromis,viridis,37372053,1,AD,Passing,
TY_BT_Cam1_Left_3101_02.MP4,34370,27.1911,Lau_Totoya_BT_Transect 3,0.2633,,4.33,6.85,2530.434,5.185,,,220.367,76.876,-2519.647,Lau_Totoya_BT,Peter,Pomacentridae,Chromis,viridis,37372053,1,AD,Passing,
TY_BT_Cam1_Left_3101_02.MP4,34370,27.1911,Lau_Totoya_BT_Transect 3,0.2633,,5.118,4.643,2789.539,3.628,,,-77.404,176.057,-2782.902,Lau_Totoya_BT,Peter,Pomacentridae,Chromis,viridis,37372053,1,AD,Passing,
TY_BT_Cam1_Left_3101_02.MP4,34370,27.1911,Lau_Totoya_BT_Transect 3,0.2633,,4.634,5.69,2597.081,9.563,,,416.387,129.068,-2560.233,Lau_Totoya_BT,Peter,Pomacentridae,Chromis,viridis,37372053,1,AD,Passing,
TY_BT_Cam1_Left_3101_02.MP4,34370,27.1911,Lau_Totoya_BT_Transect 3,0.2633,,5.69,1.402,2901.979,10.077,,,476.207,194.171,-2856.047,Lau_Totoya_BT,Peter,Pomacentridae,Chromis,viridis,37372053,1,AD,Passing,
TY_BT_Cam1_Left_3101_02.MP4,34370,27.1911,Lau_Totoya_BT_Transect 3,0.2633,,5.641,15.041,2895.122,9.366,,,438.385,190.567,-2855.387,Lau_Totoya_BT,Peter,Pomacentridae,Chromis,viridis,37372053,1,AD,Passing,
TY_BT_Cam1_Left_3101_02.MP4,34370,27.1911,Lau_Totoya_BT_Transect 3,0.2633,,6.016,5.982,2988.449,9.983,,,450.471,274.287,-2941.542,Lau_Totoya_BT,Peter,Pomacentridae,Chromis,viridis,37372053,1,AD,Passing,
TY_BT_Cam1_Left_3101_02.MP4,34370,27.1911,Lau_Totoya_BT_Transect 3,0.2633,,5.613,3.626,2860.29,11.786,,,533.13,256.52,-2798.433,Lau_Totoya_BT,Peter,Pomacentridae,Chromis,viridis,37372053,1,AD,Passing,
TY_BT_Cam1_Left_3101_02.MP4,34370,27.1911,Lau_Totoya_BT_Transect 3,0.2633,,8.378,1.197,3526.29,13.085,,,715.802,375.01,-3432.451,Lau_Totoya_BT,Peter,Pomacentridae,Chromis,viridis,37372053,1,AD,Passing,
TY_BT_Cam1_Left_3101_02.MP4,34370,27.1911,Lau_Totoya_BT_Transect 3,0.2633,,7.136,6.311,3251.813,13.634,,,761.239,109.7,-3159.552,Lau_Totoya_BT,Peter,Pomacentridae,Chromis,viridis,37372053,1,AD,Passing,
TY_BT_Cam1_Left_3101_02.MP4,34370,27.1911,Lau_Totoya_BT_Transect 3,0.2633,,7.151,8.428,3239.142,14.821,,,813.607,176.518,-3130.323,Lau_Totoya_BT,Peter,Pomacentridae,Chromis,viridis,37372053,1,AD,Passing,
TY_BT_Cam1_Left_3101_02.MP4,34370,27.1911,Lau_Totoya_BT_Transect 3,0.2633,,5.997,5.216,2929.188,16.75,,,821.986,209.924,-2803.643,Lau_Totoya_BT,Peter,Pomacentridae,Chromis,viridis,37372053,1,AD,Passing,
TY_BT_Cam1_Left_3101_02.MP4,34370,27.1911,Lau_Totoya_BT_Transect 3,0.2633,,5.649,2,2846.753,16.474,,,804.139,88.345,-2729.388,Lau_Totoya_BT,Peter,Pomacentridae,Chromis,viridis,37372053,1,AD,Passing,
TY_BT_Cam1_Left_3101_02.MP4,34370,27.1911,Lau_Totoya_BT_Transect 3,0.2633,,6.287,1.764,3008.248,17.254,,,884.628,134.575,-2872.086,Lau_Totoya_BT,Peter,Pomacentridae,Chromis,viridis,37372053,1,AD,Passing,
TY_BT_Cam1_Left_3101_02.MP4,34370,27.1911,Lau_Totoya_BT_Transect 3,0.2633,,6.894,5.108,3156.061,18.804,,,1015.37,81.25,-2987.163,Lau_Totoya_BT,Peter,Pomacentridae,Chromis,viridis,37372053,1,AD,Passing,
TY_BT_Cam1_Left_3101_02.MP4,34370,27.1911,Lau_Totoya_BT_Transect 3,0.2633,,7.866,11.019,3375.553,19.29,,,1104.303,174.954,-3185.006,Lau_Totoya_BT,Peter,Pomacentridae,Chromis,viridis,37372053,1,AD,Passing,
TY_BT_Cam1_Left_3101_02.MP4,34370,27.1911,Lau_Totoya_BT_Transect 3,0.2633,,6.405,3.983,3015.007,22.75,,,1150.377,207.168,-2779.205,Lau_Totoya_BT,Peter,Pomacentridae,Chromis,viridis,37372053,1,AD,Passing,
TY_BT_Cam1_Left_3101_02.MP4,34370,27.1911,Lau_Totoya_BT_Transect 3,0.2633,,6.447,11.013,3022.444,22.954,,,1158.171,236.536,-2781.701,Lau_Totoya_BT,Peter,Pomacentridae,Chromis,viridis,37372053,1,AD,Passing,
TY_BT_Cam1_Left_3101_02.MP4,34370,27.1911,Lau_Totoya_BT_Transect 3,0.2633,,8.614,5.743,3536.261,16.566,,,933.378,402.509,-3387.025,Lau_Totoya_BT,Peter,Pomacentridae,Chromis,viridis,37372053,1,AD,Passing,
TY_BT_Cam1_Left_3101_02.MP4,34370,27.1911,Lau_Totoya_BT_Transect 3,0.2633,,5.639,5.573,2830.096,23.228,,,1116.139,9.718,-2600.689,Lau_Totoya_BT,Peter,Pomacentridae,Chromis,viridis,37372053,1,AD,Passing,
TY_BT_Cam1_Left_3101_02.MP4,34370,27.1911,Lau_Totoya_BT_Transect 3,0.2633,,10.705,4.661,3972.466,26.021,,,1728.791,-197.725,-3571.088,Lau_Totoya_BT,Peter,Pomacentridae,Chromis,viridis,37372053,1,AD,Passing,
TY_BT_Cam1_Left_3101_02.MP4,34370,27.1911,Lau_Totoya_BT_Transect 3,0.2633,,6.487,2.898,3071.168,28.345,,,1444.806,-179.83,-2704.12,Lau_Totoya_BT,Peter,Pomacentridae,Chromis,viridis,37372053,1,AD,Passing,
TY_BT_Cam1_Left_3101_02.MP4,34370,27.1911,Lau_Totoya_BT_Transect 3,0.2633,,6.601,0.174,3115.967,28.999,,,1510.423,-7.716,-2725.401,Lau_Totoya_BT,Peter,Pomacentridae,Chromis,viridis,37372053,1,AD,Passing,
TY_BT_Cam1_Left_3101_02.MP4,34370,27.1911,Lau_Totoya_BT_Transect 3,0.2633,,4.944,3.357,2842.071,36.289,,,1680.921,-48.703,-2291.179,Lau_Totoya_BT,Peter,Pomacentridae,Chromis,viridis,37372053,1,AD,Passing,
TY_BT_Cam1_Left_3101_02.MP4,34370,27.1911,Lau_Totoya_BT_Transect 3,0.2633,,9.307,9.293,3806.712,9.337,,,-526.599,-299.11,-3758.228,Lau_Totoya_BT,Peter,Mullidae,Parupeneus,multifasciatus,37355026,1,AD,Passing,
TY_BT_Cam1_Left_3101_02.MP4,34433,27.2086,Lau_Totoya_BT_Transect 3,0.2808,,4.572,8.746,2488.619,23.589,,,-581.701,-794.026,-2285.689,Lau_Totoya_BT,Peter,Pomacentridae,Stegastes,nigricans,37372135,1,AD,Passing,
TY_BT_Cam1_Left_3101_02.MP4,34479,27.2214,Lau_Totoya_BT_Transect 3,0.2936,108.794,10.077,1.696,3252.075,30.865,17.79,25.007,-1659.795,-168.851,-2791.516,Lau_Totoya_BT,Peter,Mullidae,Mulloidichthys,vanicolensis,37355020,1,AD,Passing,
TY_BT_Cam1_Left_3101_02.MP4,34479,27.2214,Lau_Totoya_BT_Transect 3,0.2936,154.483,12.536,4.783,3587.825,35.949,5.635,9.652,-2101.565,-141.085,-2904.48,Lau_Totoya_BT,Peter,Mullidae,Mulloidichthys,vanicolensis,37355020,1,AD,Passing,
TY_BT_Cam1_Left_3101_02.MP4,34479,27.2214,Lau_Totoya_BT_Transect 3,0.2936,135.184,12.008,4.872,3532.883,37.154,9.804,12.896,-2130.735,-113.17,-2815.746,Lau_Totoya_BT,Peter,Mullidae,Mulloidichthys,vanicolensis,37355020,1,AD,Passing,
TY_BT_Cam1_Left_3101_02.MP4,34479,27.2214,Lau_Totoya_BT_Transect 3,0.2936,139.928,11.919,1.286,3556.373,37.867,7.754,14.342,-2182.136,-61.424,-2807.543,Lau_Totoya_BT,Peter,Mullidae,Mulloidichthys,vanicolensis,37355020,1,AD,Passing,
TY_BT_Cam1_Left_3101_02.MP4,34479,27.2214,Lau_Totoya_BT_Transect 3,0.2936,,4.061,3.742,2362.671,21.013,,,-839.053,-103.501,-2206.24,Lau_Totoya_BT,Peter,Labridae,Thalassoma,hardwicke,37384165,1,AD,Passing,
TY_BT_Cam1_Left_3101_02.MP4,34479,27.2214,Lau_Totoya_BT_Transect 3,0.2936,,6.961,1.677,3174.324,27.76,,,-1469.584,-144.533,-2809.94,Lau_Totoya_BT,Peter,Mullidae,Mulloidichthys,vanicolensis,37355020,1,AD,Passing,
TY_BT_Cam1_Left_3101_02.MP4,34479,27.2214,Lau_Totoya_BT_Transect 3,0.2936,,8.549,6.373,3763.866,35.91,,,-2205.879,-67.337,-3048.975,Lau_Totoya_BT,Peter,Mullidae,Mulloidichthys,vanicolensis,37355020,1,AD,Passing,
TY_BT_Cam1_Left_3101_02.MP4,34479,27.2214,Lau_Totoya_BT_Transect 3,0.2936,,9.055,0.854,3871.047,35.725,,,-2260.001,-17.125,-3142.786,Lau_Totoya_BT,Peter,Mullidae,Mulloidichthys,vanicolensis,37355020,1,AD,Passing,
TY_BT_Cam1_Left_3101_02.MP4,34479,27.2214,Lau_Totoya_BT_Transect 3,0.2936,,9.674,3.19,3941.998,34.336,,,-2223.444,6.273,-3255.09,Lau_Totoya_BT,Peter,Mullidae,Mulloidichthys,vanicolensis,37355020,1,AD,Passing,
TY_BT_Cam1_Left_3101_02.MP4,34479,27.2214,Lau_Totoya_BT_Transect 3,0.2936,,9.716,4.844,3890.676,32.799,,,-2106.471,88.887,-3269.899,Lau_Totoya_BT,Peter,Mullidae,Mulloidichthys,vanicolensis,37355020,1,AD,Passing,
TY_BT_Cam1_Left_3101_02.MP4,34479,27.2214,Lau_Totoya_BT_Transect 3,0.2936,,11.069,0.544,4140.026,32.022,,,-2192.282,-92.104,-3510.731,Lau_Totoya_BT,Peter,Pomacentridae,Pomacentrus,coelestis,37372111,1,AD,Passing,
TY_BT_Cam1_Left_3101_02.MP4,34527,27.2347,Lau_Totoya_BT_Transect 3,0.307,77.528,7.612,6.71,2090.791,15.017,56.639,1.427,-398.014,367.52,-2019.386,Lau_Totoya_BT,Peter,Pomacentridae,Chromis,viridis,37372053,1,AD,Passing,
TY_BT_Cam1_Left_3101_02.MP4,34532,27.2361,Lau_Totoya_BT_Transect 3,0.3084,,10.728,8.842,3912.652,19.394,,,-1160.36,607.592,-3686.902,Lau_Totoya_BT,Peter,Labridae,Thalassoma,hardwicke,37384165,1,AD,Passing,
TY_BT_Cam1_Left_3101_02.MP4,34629,27.2631,Lau_Totoya_BT_Transect 3,0.3353,110.806,9.068,5.051,3354.372,30.191,29.26,47.267,1677.707,175.638,-2899.355,Lau_Totoya_BT,Peter,Labridae,Thalassoma,hardwicke,37384165,1,AD,Passing,
TY_BT_Cam1_Left_3101_02.MP4,34659,27.2714,Lau_Totoya_BT_Transect 3,0.3437,138.105,8.916,7.881,2666.639,13.813,36.66,6.509,286.799,-568.398,-2589.524,Lau_Totoya_BT,Peter,Acanthuridae,Ctenochaetus,binotatus,37437021,1,AD,Passing,
TY_BT_Cam1_Left_3101_02.MP4,34659,27.2714,Lau_Totoya_BT_Transect 3,0.3437,79.216,6.472,5.487,2404.075,16.805,28.742,0.588,644.287,-260.731,-2301.41,Lau_Totoya_BT,Peter,Labridae,Thalassoma,hardwicke,37384165,1,AD,Passing,
TY_BT_Cam1_Left_3101_02.MP4,34659,27.2714,Lau_Totoya_BT_Transect 3,0.3437,137.976,8.185,9.59,2357.146,8.601,48.737,25.823,-299.387,-186.128,-2330.635,Lau_Totoya_BT,Peter,Labridae,Thalassoma,hardwicke,37384165,1,AD,Passing,
TY_BT_Cam1_Left_3101_02.MP4,34659,27.2714,Lau_Totoya_BT_Transect 3,0.3437,57.104,2.441,6.024,2085.101,6.741,11.404,31.569,-53.695,-238.795,-2070.686,Lau_Totoya_BT,Peter,Labridae,Thalassoma,hardwicke,37384165,1,AD,Passing,
TY_BT_Cam1_Left_3101_02.MP4,34799,27.3103,Lau_Totoya_BT_Transect 3,0.3826,57.575,1.852,8.318,1530.139,25.104,7.021,38.379,464.01,-454.014,-1385.601,Lau_Totoya_BT,Peter,Pomacentridae,Chromis,viridis,37372053,1,AD,Passing,
TY_BT_Cam1_Left_3101_02.MP4,34799,27.3103,Lau_Totoya_BT_Transect 3,0.3826,69.613,2.634,7.602,1782.891,12.112,19.643,30.973,351.922,-126.893,-1743.201,Lau_Totoya_BT,Peter,Pomacentridae,Chromis,viridis,37372053,1,AD,Passing,
TY_BT_Cam1_Left_3101_02.MP4,34799,27.3103,Lau_Totoya_BT_Transect 3,0.3826,66.125,3.6,4.083,1831.474,21.903,24.006,9.837,658.509,-182.002,-1699.275,Lau_Totoya_BT,Peter,Pomacentridae,Chromis,viridis,37372053,1,AD,Passing,
TY_BT_Cam1_Left_3101_02.MP4,34799,27.3103,Lau_Totoya_BT_Transect 3,0.3826,46.845,2.862,9.427,1716.913,31.991,26.956,34.768,849.98,-323.905,-1456.163,Lau_Totoya_BT,Peter,Pomacentridae,Chromis,viridis,37372053,1,AD,Passing,
TY_BT_Cam1_Left_3101_02.MP4,34799,27.3103,Lau_Totoya_BT_Transect 3,0.3826,99.511,4.577,1.663,2056.573,23.763,26.38,17.435,806.558,190.29,-1882.219,Lau_Totoya_BT,Peter,Labridae,Thalassoma,hardwicke,37384165,1,AD,Passing,
TY_BT_Cam1_Left_3101_02.MP4,34799,27.3103,Lau_Totoya_BT_Transect 3,0.3826,108.576,6.651,0.623,2646.982,20.523,20.137,8.695,887.36,271.552,-2478.985,Lau_Totoya_BT,Peter,Labridae,Thalassoma,hardwicke,37384165,1,AD,Passing,
TY_BT_Cam1_Left_3101_02.MP4,34799,27.3103,Lau_Totoya_BT_Transect 3,0.3826,69.567,4.37,3.445,2255.112,29.227,8.319,30.904,1094.348,121.709,-1968.024,Lau_Totoya_BT,Peter,Pomacentridae,Chromis,viridis,37372053,1,AD,Passing,
TY_BT_Cam1_Left_3101_02.MP4,34799,27.3103,Lau_Totoya_BT_Transect 3,0.3826,56.567,3.289,6.986,2002.668,29.974,5.909,37.739,1000.29,22.777,-1734.814,Lau_Totoya_BT,Peter,Pomacentridae,Chromis,viridis,37372053,1,AD,Passing,
TY_BT_Cam1_Left_3101_02.MP4,34799,27.3103,Lau_Totoya_BT_Transect 3,0.3826,,1.601,9.98,1506.944,36.781,,,739.169,-509.881,-1210.177,Lau_Totoya_BT,Peter,Pomacentridae,Chromis,viridis,37372053,1,AD,Passing,
TY_BT_Cam1_Left_3101_02.MP4,34799,27.3103,Lau_Totoya_BT_Transect 3,0.3826,,3.106,2.094,2091.701,3.559,,,-123.625,52.787,-2087.378,Lau_Totoya_BT,Peter,Pomacentridae,Chromis,viridis,37372053,1,AD,Passing,
TY_BT_Cam1_Left_3101_02.MP4,34799,27.3103,Lau_Totoya_BT_Transect 3,0.3826,,4.098,0.739,2383.001,15.146,,,570.126,264.604,-2298.616,Lau_Totoya_BT,Peter,Pomacentridae,Chromis,viridis,37372053,1,AD,Passing,
TY_BT_Cam1_Left_3101_02.MP4,34799,27.3103,Lau_Totoya_BT_Transect 3,0.3826,,3.95,5.304,2333.824,14.476,,,467.702,362.881,-2257.5,Lau_Totoya_BT,Peter,Pomacentridae,Chromis,viridis,37372053,1,AD,Passing,
TY_BT_Cam1_Left_3101_02.MP4,34799,27.3103,Lau_Totoya_BT_Transect 3,0.3826,,2.923,4.651,1980.226,15.758,,,534.783,68.751,-1905.407,Lau_Totoya_BT,Peter,Pomacentridae,Chromis,viridis,37372053,1,AD,Passing,
TY_BT_Cam1_Left_3101_02.MP4,34799,27.3103,Lau_Totoya_BT_Transect 3,0.3826,,3.698,1.146,2251.981,18.314,,,704.085,83.943,-2137.437,Lau_Totoya_BT,Peter,Pomacentridae,Chromis,viridis,37372053,1,AD,Passing,
TY_BT_Cam1_Left_3101_02.MP4,34799,27.3103,Lau_Totoya_BT_Transect 3,0.3826,,3.205,4.184,2093.166,26.244,,,917.066,137.042,-1876.58,Lau_Totoya_BT,Peter,Pomacentridae,Chromis,viridis,37372053,1,AD,Passing,
TY_BT_Cam1_Left_3101_02.MP4,34799,27.3103,Lau_Totoya_BT_Transect 3,0.3826,,3.901,4.302,2329.67,27.571,,,1058.141,220.37,-2063.767,Lau_Totoya_BT,Peter,Pomacentridae,Chromis,viridis,37372053,1,AD,Passing,
TY_BT_Cam1_Left_3101_02.MP4,34831,27.3192,Lau_Totoya_BT_Transect 3,0.3915,131.993,6.475,3.765,3262.307,15.772,4.184,11.085,875.958,137.954,-3139.477,Lau_Totoya_BT,Peter,Acanthuridae,Zebrasoma,scopas,37437036,1,AD,Passing,
TY_BT_Cam1_Left_3101_02.MP4,34831,27.3192,Lau_Totoya_BT_Transect 3,0.3915,187.567,9.454,4.458,2945.445,18.509,26.835,1.63,932.135,-73.505,-2793.093,Lau_Totoya_BT,Peter,Acanthuridae,Ctenochaetus,striatus,37437022,1,AD,Passing,
TY_BT_Cam1_Left_3101_02.MP4,34864,27.3284,Lau_Totoya_BT_Transect 3,0.4007,68.943,5.645,5.212,2642.74,33.202,10.654,39.039,1441.789,-124.435,-2211.297,Lau_Totoya_BT,Peter,Pomacentridae,Plectroglyphidodon,dickii,37372098,1,AD,Passing,
TY_BT_Cam1_Left_3101_02.MP4,35073,27.3865,Lau_Totoya_BT_Transect 3,0.4588,,5.706,2.437,2828.531,20.045,,,929.272,292.939,-2655.415,Lau_Totoya_BT,Peter,Acanthuridae,Acanthurus,nigrofuscus,37437014,1,AD,Passing,
TY_BT_Cam1_Left_3101_02.MP4,35232,27.4307,Lau_Totoya_BT_Transect 3,0.503,95.639,1.839,5.644,1414.331,27.734,4.755,6.022,-562.223,-342.208,-1251.851,Lau_Totoya_BT,Peter,Pomacentridae,Stegastes,nigricans,37372135,1,AD,Passing,
TY_BT_Cam1_Left_3101_02.MP4,35285,27.4455,Lau_Totoya_BT_Transect 3,0.5177,96.843,9.419,12.106,2564.533,10.491,42.703,13.426,-432.414,-176.3,-2521.66,Lau_Totoya_BT,Peter,Pomacentridae,Stegastes,nigricans,37372135,1,AD,Passing,
TY_BT_Cam1_Left_3101_02.MP4,35402,27.478,Lau_Totoya_BT_Transect 3,0.5503,,3.032,1.035,2016.397,29.21,,,-859.642,-467.819,-1762.957,Lau_Totoya_BT,Peter,Pomacentridae,Stegastes,nigricans,37372135,1,AD,Passing,
TY_BT_Cam1_Left_3101_02.MP4,35402,27.478,Lau_Totoya_BT_Transect 3,0.5503,,2.406,8.495,1842.968,34.389,,,-931.319,-455.379,-1523.747,Lau_Totoya_BT,Peter,Pomacentridae,Stegastes,nigricans,37372135,1,AD,Passing,
TY_BT_Cam1_Left_3101_02.MP4,35402,27.478,Lau_Totoya_BT_Transect 3,0.5503,,1.563,1.566,1407.012,31.002,,,-453.945,-557.369,-1209.528,Lau_Totoya_BT,Peter,Pomacentridae,Stegastes,nigricans,37372135,1,AD,Passing,
TY_BT_Cam1_Left_3101_02.MP4,35429,27.4855,Lau_Totoya_BT_Transect 3,0.5578,101.641,2.169,15.139,1486.104,23.377,26.539,32.126,167.405,-565.402,-1364.112,Lau_Totoya_BT,Peter,Pomacentridae,Stegastes,nigricans,37372135,1,AD,Passing,
TY_BT_Cam1_Left_3101_02.MP4,35474,27.498,Lau_Totoya_BT_Transect 3,0.5703,107.041,4.801,9.659,2214.065,27.308,17.537,15.583,-971.816,295.505,-1967.317,Lau_Totoya_BT,Peter,Acanthuridae,Ctenochaetus,striatus,37437022,1,AD,Passing,
TY_BT_Cam1_Left_3101_02.MP4,35474,27.498,Lau_Totoya_BT_Transect 3,0.5703,122.674,8.881,10.421,2211.306,20.402,71.41,15.545,-750.792,174.869,-2072.584,Lau_Totoya_BT,Peter,Acanthuridae,Acanthurus,nigrofuscus,37437014,1,AD,Passing,
TY_BT_Cam1_Left_3101_02.MP4,35510,27.508,Lau_Totoya_BT_Transect 3,0.5803,128.846,5.569,8.344,1941.836,13.321,45.504,19.861,-446.738,-24.323,-1889.592,Lau_Totoya_BT,Peter,Pomacentridae,Stegastes,nigricans,37372135,1,AD,Passing,
TY_BT_Cam1_Left_3101_02.MP4,35525,27.5122,Lau_Totoya_BT_Transect 3,0.5845,,2.198,11.695,1669.893,21.051,,,353.058,-475.152,-1561.449,Lau_Totoya_BT,Peter,Pomacentridae,Stegastes,nigricans,37372135,1,AD,Passing,
TY_BT_Cam1_Left_3101_02.MP4,35648,27.5464,Lau_Totoya_BT_Transect 3,0.6187,,1.199,2.464,1159.572,17.552,,,-64.134,-336.827,-1107.719,Lau_Totoya_BT,Peter,Pomacentridae,Stegastes,nigricans,37372135,1,AD,Passing,
TY_BT_Cam1_Left_3101_02.MP4,35707,27.5628,Lau_Totoya_BT_Transect 3,0.6351,,4.225,1.779,2386.835,27.364,,,768.419,-769.755,-2124.615,Lau_Totoya_BT,Peter,Pomacentridae,Stegastes,nigricans,37372135,1,AD,Passing,
TY_BT_Cam1_Left_3101_02.MP4,35880,27.6109,Lau_Totoya_BT_Transect 3,0.6832,68.77,5.936,2.129,1967.448,17.663,48.747,17.164,-596.965,-1.917,-1874.695,Lau_Totoya_BT,Peter,Labridae,Thalassoma,hardwicke,37384165,1,AD,Passing,
TY_BT_Cam1_Left_3101_02.MP4,35904,27.6176,Lau_Totoya_BT_Transect 3,0.6899,101.262,1.571,13.798,1446.035,23.495,3.48,37.107,-91.236,-569.229,-1326.149,Lau_Totoya_BT,Peter,Pomacentridae,Stegastes,nigricans,37372135,1,AD,Passing,
TY_BT_Cam1_Left_3101_02.MP4,35972,27.6365,Lau_Totoya_BT_Transect 3,0.7088,105.823,2.364,5.26,1448.754,13.716,25.509,6.821,-328.99,-98.812,-1407.441,Lau_Totoya_BT,Peter,Pomacentridae,Amblyglyphidodon,curacao,37372017,1,AD,Passing,
TY_BT_Cam1_Left_3101_02.MP4,35972,27.6365,Lau_Totoya_BT_Transect 3,0.7088,,2.563,8,1831.956,15.068,,,-391.411,-260.202,-1770.637,Lau_Totoya_BT,Peter,Labridae,Thalassoma,hardwicke,37384165,1,AD,Passing,
TY_BT_Cam1_Left_3101_02.MP4,36034,27.6537,Lau_Totoya_BT_Transect 3,0.726,147.62,5.191,13.504,2303.161,32.685,11.736,19.386,-1239.979,-96.749,-1938.464,Lau_Totoya_BT,Peter,Labridae,Thalassoma,hardwicke,37384165,1,AD,Passing,
TY_BT_Cam1_Left_3101_02.MP4,36057,27.6601,Lau_Totoya_BT_Transect 3,0.7324,128.713,1.492,6.495,1132.856,32.763,34.767,7.783,-445.324,-421.34,-952.639,Lau_Totoya_BT,Peter,Acanthuridae,Ctenochaetus,striatus,37437022,1,AD,Passing,
TY_BT_Cam1_Left_3101_02.MP4,36730,27.8473,Lau_Totoya_BT_Transect 3,0.9195,85.8,4.22,6.123,2116.066,13.976,22.468,7.687,-426.575,281.43,-2053.428,Lau_Totoya_BT,Peter,Labridae,Thalassoma,hardwicke,37384165,1,AD,Passing,
TY_BT_Cam1_Left_3101_02.MP4,36730,27.8473,Lau_Totoya_BT_Transect 3,0.9195,68.939,1.499,4.842,1495.434,4.05,8.127,6.951,-57.515,88.598,-1491.699,Lau_Totoya_BT,Peter,Labridae,Thalassoma,hardwicke,37384165,1,AD,Passing,
TY_BT_Cam1_Left_3101_02.MP4,36730,27.8473,Lau_Totoya_BT_Transect 3,0.9195,,2.438,2.888,1796.498,8.333,,,-195.359,183.224,-1776.42,Lau_Totoya_BT,Peter,Pomacentridae,Stegastes,nigricans,37372135,1,AD,Passing,
TY_BT_Cam1_Left_3101_02.MP4,36793,27.8648,Lau_Totoya_BT_Transect 3,0.937,105.265,1.824,8.836,1475.445,12.215,14.164,7.125,-254.201,-181.226,-1442.039,Lau_Totoya_BT,Peter,Pomacentridae,Stegastes,nigricans,37372135,1,AD,Passing,
TY_BT_Cam1_Left_3101_02.MP4,36793,27.8648,Lau_Totoya_BT_Transect 3,0.937,61.4,2.121,8.206,1460.853,6.881,21.982,3.04,4.54,-174.968,-1450.33,Lau_Totoya_BT,Peter,Labridae,Thalassoma,hardwicke,37384165,1,AD,Passing,
TY_BT_Cam1_Left_3101_02.MP4,36851,27.8809,Lau_Totoya_BT_Transect 3,0.9532,93.411,4.983,17.881,2032.402,30.255,38.231,20.913,-1017.18,-118.099,-1755.579,Lau_Totoya_BT,Peter,Pomacentridae,Stegastes,nigricans,37372135,1,AD,Passing,
TY_BT_Cam1_Left_3101_02.MP4,36851,27.8809,Lau_Totoya_BT_Transect 3,0.9532,,2.086,8.519,1648.002,26.455,,,-705.764,-193.063,-1476.663,Lau_Totoya_BT,Peter,Pomacentridae,Stegastes,nigricans,37372135,1,AD,Passing,
TY_BT_Cam1_Left_3101_02.MP4,36892,27.8923,Lau_Totoya_BT_Transect 3,0.9646,116.236,3.921,1.595,1626.179,15.085,43.321,5.054,224.708,-358.618,-1570.146,Lau_Totoya_BT,Peter,Pomacentridae,Stegastes,nigricans,37372135,1,AD,Passing,
TY_BT_Cam1_Left_3101_02.MP4,36892,27.8923,Lau_Totoya_BT_Transect 3,0.9646,,2.248,1.055,1709.694,10.838,,,169.47,-262.654,-1680.877,Lau_Totoya_BT,Peter,Pomacentridae,Stegastes,nigricans,37372135,1,AD,Passing,
TY_BT_Cam1_Left_3101_02.MP4,36920,27.9001,Lau_Totoya_BT_Transect 3,0.9724,123.153,2.916,11.841,1712.825,30.267,4.942,1.569,-836.641,-212.926,-1479.346,Lau_Totoya_BT,Peter,Pomacentridae,Stegastes,nigricans,37372135,1,AD,Passing,
TY_BT_Cam1_Left_3101_02.MP4,36973,27.9148,Lau_Totoya_BT_Transect 3,0.9871,,2.061,1.876,1707.427,32.278,,,911.309,-21.64,-1443.729,Lau_Totoya_BT,Peter,Pomacentridae,Pomacentrus,callainus,temp_code_004,1,AD,Passing,
TY_BT_Cam1_Left_3101_02.MP4,36973,27.9148,Lau_Totoya_BT_Transect 3,0.9871,,2.888,4.814,1968.413,15.085,,,509.104,69.028,-1900.183,Lau_Totoya_BT,Peter,Pomacentridae,Stegastes,nigricans,37372135,1,AD,Passing,
TY_BT_Cam1_Left_3101_02.MP4,36995,27.9209,Lau_Totoya_BT_Transect 3,0.9932,67.092,2.306,3.228,1370.728,29.095,32.279,10.158,663,-68.447,-1197.765,Lau_Totoya_BT,Peter,Pomacentridae,Pomacentrus,callainus,temp_code_004,1,AD,Passing,
TY_BT_Cam1_Left_3101_02.MP4,36995,27.9209,Lau_Totoya_BT_Transect 3,0.9932,,1.413,1.342,1340.543,27.757,,,608.122,-133.891,-1187.147,Lau_Totoya_BT,Peter,Pomacentridae,Pomacentrus,callainus,temp_code_004,1,AD,Passing,
TY_BT_Cam1_Left_3101_02.MP4,37018,27.9273,Lau_Totoya_BT_Transect 3,0.9996,,2.785,1.143,1934.632,25.913,,,-841.105,96.365,-1739.557,Lau_Totoya_BT,Peter,Pomacentridae,Stegastes,nigricans,37372135,1,AD,Passing,
TY_BT_Cam1_Left_3101_02.MP4,37185,27.9738,Lau_Totoya_BT_Transect 3,1.046,,1.411,6.912,1332.66,30.161,,,-534.572,-395.95,-1154.747,Lau_Totoya_BT,Peter,Pomacentridae,Stegastes,nigricans,37372135,1,AD,Passing,
TY_BT_Cam1_Left_3101_02.MP4,37214,27.9818,Lau_Totoya_BT_Transect 3,1.0541,164.024,2.983,8.757,2592.469,11.659,2.688,44.644,250.147,-460.313,-2538.983,Lau_Totoya_BT,Peter,Labridae,Cheilinus,trilobatus,37384044,1,AD,Passing,
TY_BT_Cam1_Left_3101_02.MP4,37273,27.9982,Lau_Totoya_BT_Transect 3,1.0705,,1.498,4.547,1335.147,21.276,,,-204.566,-431.371,-1246.871,Lau_Totoya_BT,Peter,Pomacentridae,Stegastes,nigricans,37372135,1,AD,Passing,
TY_BT_Cam1_Left_3101_02.MP4,37306,28.0074,Lau_Totoya_BT_Transect 3,1.0797,114.438,2.692,4.958,1881.604,24.848,9.245,6.093,568.136,-549.905,-1707.413,Lau_Totoya_BT,Peter,Pomacentridae,Stegastes,nigricans,37372135,1,AD,Passing,
TY_BT_Cam1_Left_3101_02.MP4,37306,28.0074,Lau_Totoya_BT_Transect 3,1.0797,,3.931,6.918,2313.3,28.932,,,950.832,-577.516,-2028.238,Lau_Totoya_BT,Peter,Pomacentridae,Stegastes,nigricans,37372135,1,AD,Passing,
TY_BT_Cam1_Left_3101_02.MP4,37319,28.011,Lau_Totoya_BT_Transect 3,1.0833,,9.189,12.538,3726.154,13.73,,,865.345,-159.863,-3620.752,Lau_Totoya_BT,Peter,Pomacentridae,Abudefduf,sexfasciatus,37372011,1,AD,Passing,
TY_BT_Cam1_Left_3101_02.MP4,37373,28.0261,Lau_Totoya_BT_Transect 3,1.0983,103.205,3.242,10.097,2225.769,14.637,13.414,27.336,-362.787,-429.817,-2153.53,Lau_Totoya_BT,Peter,Acanthuridae,Zebrasoma,scopas,37437036,1,AD,Passing,
TY_BT_Cam1_Left_3101_02.MP4,37426,28.0408,Lau_Totoya_BT_Transect 3,1.1131,141.693,3.983,13.384,1932.957,32.445,39.462,33.257,-780.725,-682.534,-1631.239,Lau_Totoya_BT,Peter,Holocentridae,Neoniphon,sammara,37261019,1,AD,Passing,
TY_BT_Cam1_Left_3101_02.MP4,37447,28.0466,Lau_Totoya_BT_Transect 3,1.1189,,5.605,6.31,2994.083,36.262,,,1723.985,-389.947,-2416.682,Lau_Totoya_BT,Peter,Pomacentridae,Amblyglyphidodon,curacao,37372017,1,AD,Passing,
TY_BT_Cam1_Left_3101_02.MP4,37447,28.0466,Lau_Totoya_BT_Transect 3,1.1189,,5.427,4.035,2881.406,33.862,,,1578.32,-279.266,-2394.455,Lau_Totoya_BT,Peter,Pomacentridae,Amblyglyphidodon,curacao,37372017,1,AD,Passing,
TY_BT_Cam1_Left_3101_02.MP4,37512,28.0647,Lau_Totoya_BT_Transect 3,1.137,73.244,7.241,6.735,2704.69,13.925,32.35,35.348,524.401,-385.563,-2625.203,Lau_Totoya_BT,Peter,Labridae,Thalassoma,hardwicke,37384165,1,AD,Passing,
TY_BT_Cam1_Left_3101_02.MP4,37512,28.0647,Lau_Totoya_BT_Transect 3,1.137,,11.175,0.014,4032.387,21.701,,,-1453.629,-308.372,-3748.601,Lau_Totoya_BT,Peter,Pomacentridae,Stegastes,nigricans,37372135,1,AD,Passing,
TY_BT_Cam1_Left_3101_02.MP4,37512,28.0647,Lau_Totoya_BT_Transect 3,1.137,,7.549,7.735,3275.259,24.58,,,-1320.863,-315.234,-2980.481,Lau_Totoya_BT,Peter,Pomacentridae,Stegastes,nigricans,37372135,1,AD,Passing,
TY_BT_Cam1_Left_3101_02.MP4,37669,28.1084,Lau_Totoya_BT_Transect 3,1.1806,72.55,1.62,7.371,1520.081,25.467,13.308,5.643,158.436,-634.134,-1372.377,Lau_Totoya_BT,Peter,Pomacentridae,Stegastes,nigricans,37372135,1,AD,Passing,
TY_BT_Cam1_Left_3101_02.MP4,37669,28.1084,Lau_Totoya_BT_Transect 3,1.1806,95.904,1.389,5.186,1457.253,25.602,7.171,13.624,-139.16,-614.129,-1314.179,Lau_Totoya_BT,Peter,Pomacentridae,Stegastes,nigricans,37372135,1,AD,Passing,
TY_BT_Cam1_Left_3101_02.MP4,37776,28.1381,Lau_Totoya_BT_Transect 3,1.2104,,1.99,17.26,1585.168,18.507,,,467.364,-176.955,-1504.332,Lau_Totoya_BT,Peter,Pomacentridae,Stegastes,nigricans,37372135,1,AD,Passing,
TY_BT_Cam1_Left_3101_02.MP4,37860,28.1615,Lau_Totoya_BT_Transect 3,1.2337,109.975,5.885,12.693,2190.179,33.397,51.85,24.863,-1187.468,-207.98,-1828.537,Lau_Totoya_BT,Peter,Pomacentridae,Stegastes,nigricans,37372135,1,AD,Passing,
TY_BT_Cam1_Left_3101_02.MP4,37915,28.1768,Lau_Totoya_BT_Transect 3,1.249,,1.934,6.972,1554.369,24.705,,,-395.782,-506.309,-1415.299,Lau_Totoya_BT,Peter,Pomacentridae,Stegastes,nigricans,37372135,1,AD,Passing,
TY_BT_Cam1_Left_3101_02.MP4,38175,28.2491,Lau_Totoya_BT_Transect 3,1.3213,,1.887,1.278,1569.755,31.847,,,-592.246,-570.683,-1337.048,Lau_Totoya_BT,Peter,Pomacentridae,Stegastes,nigricans,37372135,1,AD,Passing,
TY_BT_Cam1_Left_3101_02.MP4,38175,28.2491,Lau_Totoya_BT_Transect 3,1.3213,,2.655,5.309,1865.932,29.141,,,-635.502,-639.21,-1633.783,Lau_Totoya_BT,Peter,Pomacentridae,Stegastes,nigricans,37372135,1,AD,Passing,
TY_BT_Cam1_Left_3101_02.MP4,38680,28.3895,Lau_Totoya_BT_Transect 3,1.4617,114.207,8.555,7.063,3677.729,13.842,13.651,10.656,-664.545,-576.725,-3570.918,Lau_Totoya_BT,Peter,Acanthuridae,Zebrasoma,scopas,37437036,1,AD,Passing,
TY_BT_Cam1_Left_3101_02.MP4,38688,28.3917,Lau_Totoya_BT_Transect 3,1.464,,9.298,6.504,3751.826,14.619,,,-204.729,-901.797,-3636.076,Lau_Totoya_BT,Peter,Chaetodontidae,Chaetodon,lunulatus,37365059,1,AD,Passing,
TY_BT_Cam1_Left_3101_02.MP4,38707,28.397,Lau_Totoya_BT_Transect 3,1.4692,,8.42,12.442,3554.815,15.676,,,-127.055,-930.585,-3428.495,Lau_Totoya_BT,Peter,Chaetodontidae,Chaetodon,lunulatus,37365059,1,AD,Passing,
TY_BT_Cam1_Left_3101_02.MP4,38825,28.4298,Lau_Totoya_BT_Transect 3,1.5021,70.33,5.29,3.957,2077.18,37.095,58.494,3.779,-1102.268,-595.462,-1656.837,Lau_Totoya_BT,Peter,Labridae,Thalassoma,hardwicke,37384165,1,AD,Passing,
TY_BT_Cam1_Left_3101_02.MP4,38827,28.4303,Lau_Totoya_BT_Transect 3,1.5026,,4.312,1.601,2484.255,11.052,,,-306.409,-349.304,-2440.415,Lau_Totoya_BT,Peter,Labridae,Thalassoma,hardwicke,37384165,1,AD,Passing,
TY_BT_Cam1_Left_3101_02.MP4,38925,28.4576,Lau_Totoya_BT_Transect 3,1.5299,91.799,2.229,12.774,2323.301,6.315,1.097,23.806,204.718,-152.973,-2309.203,Lau_Totoya_BT,Peter,Pomacentridae,Amblyglyphidodon,orbicularis,temp_code_001,1,AD,Passing,
TY_BT_Cam1_Left_3101_02.MP4,38925,28.4576,Lau_Totoya_BT_Transect 3,1.5299,70.613,5.6,11.355,2239.264,2.077,29.641,4.369,17.004,79.343,-2237.794,Lau_Totoya_BT,Peter,Pomacentridae,Chromis,viridis,37372053,1,AD,Passing,
TY_BT_Cam1_Left_3101_02.MP4,38925,28.4576,Lau_Totoya_BT_Transect 3,1.5299,73.872,2.609,14.149,2447.902,11.571,0.247,16.467,-308.998,381.601,-2398.15,Lau_Totoya_BT,Peter,Pomacentridae,Chromis,viridis,37372053,1,AD,Passing,
TY_BT_Cam1_Left_3101_02.MP4,38925,28.4576,Lau_Totoya_BT_Transect 3,1.5299,83.256,3.895,16.888,2488.137,14.844,12.561,16.438,-403.662,493.307,-2405.106,Lau_Totoya_BT,Peter,Pomacentridae,Chromis,viridis,37372053,1,AD,Passing,
TY_BT_Cam1_Left_3101_02.MP4,38925,28.4576,Lau_Totoya_BT_Transect 3,1.5299,70.632,5.397,10.237,1792.097,18.197,54.254,8.349,-526.063,-190.935,-1702.473,Lau_Totoya_BT,Peter,Acanthuridae,Zebrasoma,scopas,37437036,1,AD,Passing,
TY_BT_Cam1_Left_3101_02.MP4,38925,28.4576,Lau_Totoya_BT_Transect 3,1.5299,97.475,3.245,10.919,1856.309,23.392,12.11,5.449,-735.666,-44.422,-1703.733,Lau_Totoya_BT,Peter,Labridae,Thalassoma,hardwicke,37384165,1,AD,Passing,
TY_BT_Cam1_Left_3101_02.MP4,38925,28.4576,Lau_Totoya_BT_Transect 3,1.5299,136.855,7.011,13.615,2749.083,19.385,18.81,8.336,-905.961,-108.646,-2593.239,Lau_Totoya_BT,Peter,Acanthuridae,Zebrasoma,scopas,37437036,1,AD,Passing,
TY_BT_Cam1_Left_3101_02.MP4,38925,28.4576,Lau_Totoya_BT_Transect 3,1.5299,,7.154,18.538,3291.086,10.196,,,-80.364,597.257,-3235.44,Lau_Totoya_BT,Peter,Pomacentridae,Chromis,viridis,37372053,1,AD,Passing,
TY_BT_Cam1_Left_3101_02.MP4,38925,28.4576,Lau_Totoya_BT_Transect 3,1.5299,,7.12,13.808,3241.727,13.176,,,-259.416,711.626,-3151.997,Lau_Totoya_BT,Peter,Pomacentridae,Chromis,viridis,37372053,1,AD,Passing,
TY_BT_Cam1_Left_3101_02.MP4,38925,28.4576,Lau_Totoya_BT_Transect 3,1.5299,,5.514,12.358,2782.113,16.456,,,-458.303,657.829,-2664.089,Lau_Totoya_BT,Peter,Pomacentridae,Chromis,viridis,37372053,1,AD,Passing,
TY_BT_Cam1_Left_3101_02.MP4,38925,28.4576,Lau_Totoya_BT_Transect 3,1.5299,,6.231,13.417,2958.272,17.5,,,-550.264,716.6,-2816.925,Lau_Totoya_BT,Peter,Pomacentridae,Chromis,viridis,37372053,1,AD,Passing,
TY_BT_Cam1_Left_3101_02.MP4,38925,28.4576,Lau_Totoya_BT_Transect 3,1.5299,,6.628,11.577,3054.206,18.167,,,-547.918,797.003,-2897.024,Lau_Totoya_BT,Peter,Pomacentridae,Chromis,viridis,37372053,1,AD,Passing,
TY_BT_Cam1_Left_3101_02.MP4,38925,28.4576,Lau_Totoya_BT_Transect 3,1.5299,,9.822,16.221,3705.745,21.582,,,-966.408,982.836,-3439.86,Lau_Totoya_BT,Peter,Pomacentridae,Chromis,viridis,37372053,1,AD,Passing,
TY_BT_Cam1_Left_3101_02.MP4,38990,28.4757,Lau_Totoya_BT_Transect 3,1.5479,98.861,8.64,5.166,2978.322,33.673,6.974,9.622,-1617.596,-332.078,-2478.61,Lau_Totoya_BT,Peter,Pomacentridae,Amblyglyphidodon,curacao,37372017,1,AD,Passing,
TY_BT_Cam1_Left_3101_02.MP4,39125,28.5132,Lau_Totoya_BT_Transect 3,1.5855,,5.526,7.434,2784.963,33.249,,,-1103.7,-1040.541,-2335.624,Lau_Totoya_BT,Peter,Pomacentridae,Pomacentrus,coelestis,37372111,1,AD,Passing,
TY_BT_Cam1_Left_3101_02.MP4,39225,28.541,Lau_Totoya_BT_Transect 3,1.6133,,3.457,7.097,2298.079,34.729,,,-1304.721,-96.388,-1889.333,Lau_Totoya_BT,Peter,Pomacentridae,Pomacentrus,coelestis,37372111,1,AD,Passing,
TY_BT_Cam1_Left_3101_02.MP4,39283,28.5571,Lau_Totoya_BT_Transect 3,1.6294,,10.253,8.052,3983.445,10.631,,,541.877,-471.918,-3918.098,Lau_Totoya_BT,Peter,Chaetodontidae,Chaetodon,oxycephalus,37365048,1,AD,Passing,
TY_BT_Cam1_Left_3101_02.MP4,39283,28.5571,Lau_Totoya_BT_Transect 3,1.6294,,11.124,15.395,3968.519,22.245,,,1218.914,-855.253,-3678.578,Lau_Totoya_BT,Peter,Chaetodontidae,Chaetodon,oxycephalus,37365048,1,AD,Passing,
TY_BT_Cam1_Left_3101_02.MP4,39283,28.5571,Lau_Totoya_BT_Transect 3,1.6294,,12.576,18.638,4203.801,27.063,,,1537.478,-1114.189,-3750.558,Lau_Totoya_BT,Peter,Chaetodontidae,Chaetodon,oxycephalus,37365048,1,AD,Passing,
TY_BT_Cam1_Left_3101_02.MP4,39283,28.5571,Lau_Totoya_BT_Transect 3,1.6294,,11.963,9.145,4095.61,26.137,,,1411.719,-1100.426,-3683.765,Lau_Totoya_BT,Peter,Chaetodontidae,Chaetodon,oxycephalus,37365048,1,AD,Passing,
TY_BT_Cam1_Left_3101_02.MP4,39283,28.5571,Lau_Totoya_BT_Transect 3,1.6294,,10.926,19.416,3911.952,25.707,,,1357.431,-996.088,-3531.085,Lau_Totoya_BT,Peter,Chaetodontidae,Chaetodon,oxycephalus,37365048,1,AD,Passing,
TY_BT_Cam1_Left_3101_02.MP4,39292,28.5596,Lau_Totoya_BT_Transect 3,1.6319,75.687,6.198,10.932,1937.204,14.243,51.38,8.649,-407.181,-247.761,-1877.652,Lau_Totoya_BT,Peter,Pomacentridae,Amblyglyphidodon,curacao,37372017,1,AD,Passing,
TY_BT_Cam1_Left_3101_02.MP4,39307,28.5638,Lau_Totoya_BT_Transect 3,1.6361,,3.302,11.978,2111.389,23.76,,,235.572,-805.322,-1937.505,Lau_Totoya_BT,Peter,Pomacentridae,Chromis,viridis,37372053,1,AD,Passing,
TY_BT_Cam1_Left_3101_02.MP4,39355,28.5772,Lau_Totoya_BT_Transect 3,1.6494,85.101,7.325,16.389,2715.532,8.156,27.031,12.522,-236.179,-304.349,-2688.067,Lau_Totoya_BT,Peter,Pomacentridae,Amblyglyphidodon,curacao,37372017,1,AD,Passing,
TY_BT_Cam1_Left_3101_02.MP4,39355,28.5772,Lau_Totoya_BT_Transect 3,1.6494,,4.234,13.789,2476.535,9.298,,,-151.863,-354.903,-2446.264,Lau_Totoya_BT,Peter,Pomacentridae,Amblyglyphidodon,curacao,37372017,1,AD,Passing,
TY_BT_Cam1_Left_3101_02.MP4,39371,28.5816,Lau_Totoya_BT_Transect 3,1.6539,,5.104,16.984,2799.755,33.833,,,-1554.446,-102.092,-2326.349,Lau_Totoya_BT,Peter,Pomacentridae,Chrysiptera,glauca,37372062,1,AD,Passing,
TY_BT_Cam1_Left_3101_02.MP4,39371,28.5816,Lau_Totoya_BT_Transect 3,1.6539,,6.225,16.992,3176.201,36.617,,,-1852.508,-380.592,-2551.788,Lau_Totoya_BT,Peter,Pomacentridae,Pomacentrus,coelestis,37372111,1,AD,Passing,
TY_BT_Cam1_Left_3101_02.MP4,39477,28.6111,Lau_Totoya_BT_Transect 3,1.6833,77.036,5.393,18.514,2883.863,20.086,17.919,62.729,593.085,-793.186,-2708.463,Lau_Totoya_BT,Peter,Pomacentridae,Chromis,viridis,37372053,1,AD,Passing,
TY_BT_Cam1_Left_3101_02.MP4,39477,28.6111,Lau_Totoya_BT_Transect 3,1.6833,77.125,5.238,19.25,3162.019,11.451,14.538,47.852,308.972,-546.482,-3099.074,Lau_Totoya_BT,Peter,Pomacentridae,Chromis,viridis,37372053,1,AD,Passing,
TY_BT_Cam1_Left_3101_02.MP4,39604,28.6464,Lau_Totoya_BT_Transect 3,1.7187,132.657,10.501,13.162,4069.003,24.87,16.936,13.564,633.97,-1589.505,-3691.658,Lau_Totoya_BT,Peter,Holocentridae,Neoniphon,sammara,37261019,1,AD,Passing,
TY_BT_Cam1_Left_3101_02.MP4,39604,28.6464,Lau_Totoya_BT_Transect 3,1.7187,,10.419,10.702,3939.6,22.984,,,194.409,-1503.214,-3636.344,Lau_Totoya_BT,Peter,Holocentridae,Neoniphon,sammara,37261019,1,AD,Passing,
TY_BT_Cam1_Left_3101_02.MP4,39749,28.6867,Lau_Totoya_BT_Transect 3,1.759,,5.981,17.384,2871.617,24.515,,,-640.171,-988.582,-2618.982,Lau_Totoya_BT,Peter,Holocentridae,Neoniphon,sammara,37261019,1,AD,Passing,
TY_BT_Cam1_Left_3101_02.MP4,39814,28.7048,Lau_Totoya_BT_Transect 3,1.7771,,11.002,3.582,4018.148,24.364,,,-1653.902,-87.6,-3660.935,Lau_Totoya_BT,Peter,Pomacentridae,Abudefduf,sexfasciatus,37372011,1,AD,Passing,
TY_BT_Cam1_Left_3101_02.MP4,39836,28.7109,Lau_Totoya_BT_Transect 3,1.7832,,9.584,1.706,3701.281,22.896,,,1342.458,-499.686,-3412.858,Lau_Totoya_BT,Peter,Labridae,Thalassoma,hardwicke,37384165,1,AD,Passing,
TY_BT_Cam1_Left_3101_02.MP4,39867,28.7195,Lau_Totoya_BT_Transect 3,1.7918,132.375,6.053,13.351,2901.846,34.34,0.921,46.017,-1579.885,-428.369,-2396.075,Lau_Totoya_BT,Peter,Labridae,Thalassoma,hardwicke,37384165,1,AD,Passing,
TY_BT_Cam1_Left_3101_02.MP4,40315,28.8441,Lau_Totoya_BT_Transect 3,1.9164,221.803,21.588,8.824,5143.567,26.377,21.152,19.146,1502.095,-1722.112,-4608.071,Lau_Totoya_BT,Peter,Scaridae,Chlorurus,spilurus,temp_code_002,1,AD,Passing,
TY_BT_Cam1_Left_3101_02.MP4,40322,28.846,Lau_Totoya_BT_Transect 3,1.9183,,11.596,1.508,4245.286,37.143,,,2158.365,-1361.6,-3392.633,Lau_Totoya_BT,Peter,Pomacentridae,Stegastes,nigricans,37372135,1,AD,Passing,
TY_BT_Cam1_Left_3101_02.MP4,40322,28.846,Lau_Totoya_BT_Transect 3,1.9183,,11.01,2.015,4109.876,36.33,,,2091.262,-1226.239,-3318.741,Lau_Totoya_BT,Peter,Pomacentridae,Stegastes,nigricans,37372135,1,AD,Passing,
TY_BT_Cam1_Left_3101_02.MP4,40322,28.846,Lau_Totoya_BT_Transect 3,1.9183,,13.94,3.569,4681.031,36.922,,,2472.899,-1315.215,-3750.604,Lau_Totoya_BT,Peter,Pomacentridae,Stegastes,nigricans,37372135,1,AD,Passing,
TY_BT_Cam1_Left_3101_02.MP4,40322,28.846,Lau_Totoya_BT_Transect 3,1.9183,,11.239,1.944,4186.594,36.382,,,2230.108,-1071.408,-3377.318,Lau_Totoya_BT,Peter,Pomacentridae,Stegastes,nigricans,37372135,1,AD,Passing,
TY_BT_Cam1_Left_3101_02.MP4,40322,28.846,Lau_Totoya_BT_Transect 3,1.9183,,10.929,0.095,3921.903,29.823,,,1519.975,-1200.948,-3410.091,Lau_Totoya_BT,Peter,Pomacentridae,Stegastes,nigricans,37372135,1,AD,Passing,
TY_BT_Cam1_Left_3101_02.MP4,40364,28.8577,Lau_Totoya_BT_Transect 3,1.93,85.061,5.848,11.396,2524.495,18.841,27.843,27.465,161.031,-799.189,-2389.235,Lau_Totoya_BT,Peter,Pomacentridae,Chromis,viridis,37372053,1,AD,Passing,
TY_BT_Cam1_Left_3101_02.MP4,40455,28.883,Lau_Totoya_BT_Transect 3,1.9553,237.041,6.096,9.543,2987.254,25.975,13.113,26.311,-741.777,-1077.778,-2685.488,Lau_Totoya_BT,Peter,Mullidae,Mulloidichthys,vanicolensis,37355020,1,AD,Passing,
TY_BT_Cam1_Left_3101_02.MP4,40455,28.883,Lau_Totoya_BT_Transect 3,1.9553,220.271,6.866,13.232,2988.203,24.679,18.652,29.751,-770.163,-981.574,-2715.275,Lau_Totoya_BT,Peter,Mullidae,Mulloidichthys,vanicolensis,37355020,1,AD,Passing,
TY_BT_Cam1_Left_3101_02.MP4,40455,28.883,Lau_Totoya_BT_Transect 3,1.9553,182.869,3.66,9.154,2777.726,22.38,6.272,17.01,-357.733,-995.264,-2568.508,Lau_Totoya_BT,Peter,Lethrinidae,Lethrinus,xanthochilus,37351020,1,AD,Passing,
TY_BT_Cam1_Left_3101_02.MP4,40455,28.883,Lau_Totoya_BT_Transect 3,1.9553,260.826,4.78,12.151,2901.696,22.336,3.173,19.721,-692.207,-858.44,-2683.984,Lau_Totoya_BT,Peter,Lethrinidae,Lethrinus,xanthochilus,37351020,1,AD,Passing,
TY_BT_Cam1_Left_3101_02.MP4,40455,28.883,Lau_Totoya_BT_Transect 3,1.9553,210.475,6.244,8.898,3003.312,19.881,13.58,7.859,-699.6,-744.077,-2824.321,Lau_Totoya_BT,Peter,Mullidae,Mulloidichthys,vanicolensis,37355020,1,AD,Passing,
TY_BT_Cam1_Left_3101_02.MP4,40455,28.883,Lau_Totoya_BT_Transect 3,1.9553,204.329,3.395,10.861,3148.808,17.417,6.033,0.064,50.56,-941.162,-3004.438,Lau_Totoya_BT,Peter,Mullidae,Mulloidichthys,vanicolensis,37355020,1,AD,Passing,
TY_BT_Cam1_Left_3101_02.MP4,40455,28.883,Lau_Totoya_BT_Transect 3,1.9553,,6.717,11.321,3042.088,25.723,,,-787.773,-1042.362,-2747.215,Lau_Totoya_BT,Peter,Mullidae,Mulloidichthys,vanicolensis,37355020,1,AD,Passing,
TY_BT_Cam1_Left_3101_02.MP4,40455,28.883,Lau_Totoya_BT_Transect 3,1.9553,,5.623,10.735,2788.47,22.424,,,-545.763,-896.829,-2583.294,Lau_Totoya_BT,Peter,Mullidae,Mulloidichthys,vanicolensis,37355020,1,AD,Passing,
TY_BT_Cam1_Left_3101_02.MP4,40455,28.883,Lau_Totoya_BT_Transect 3,1.9553,,6.759,7.093,3043.196,25.305,,,-977.792,-840.639,-2756.5,Lau_Totoya_BT,Peter,Mullidae,Mulloidichthys,vanicolensis,37355020,1,AD,Passing,
TY_BT_Cam1_Left_3101_02.MP4,40455,28.883,Lau_Totoya_BT_Transect 3,1.9553,,6.467,9.392,2987.434,21.987,,,-885.29,-666.179,-2774.388,Lau_Totoya_BT,Peter,Mullidae,Mulloidichthys,vanicolensis,37355020,1,AD,Passing,
TY_BT_Cam1_Left_3101_02.MP4,40455,28.883,Lau_Totoya_BT_Transect 3,1.9553,,5.882,7.453,2878.327,17.967,,,-505.306,-712.871,-2742.489,Lau_Totoya_BT,Peter,Mullidae,Mulloidichthys,vanicolensis,37355020,1,AD,Passing,
TY_BT_Cam1_Left_3101_02.MP4,40455,28.883,Lau_Totoya_BT_Transect 3,1.9553,,5.847,8.551,2879.721,18.738,,,-365.143,-832.867,-2732.36,Lau_Totoya_BT,Peter,Mullidae,Mulloidichthys,vanicolensis,37355020,1,AD,Passing,
TY_BT_Cam1_Left_3101_02.MP4,40455,28.883,Lau_Totoya_BT_Transect 3,1.9553,,5.609,5.989,2824.339,22.735,,,-217.759,-1053.266,-2611.532,Lau_Totoya_BT,Peter,Mullidae,Mulloidichthys,vanicolensis,37355020,1,AD,Passing,
TY_BT_Cam1_Left_3101_02.MP4,40455,28.883,Lau_Totoya_BT_Transect 3,1.9553,,6.156,10.262,2964.138,22.923,,,-269.742,-1105.434,-2737.037,Lau_Totoya_BT,Peter,Mullidae,Mulloidichthys,vanicolensis,37355020,1,AD,Passing,
TY_BT_Cam1_Left_3101_02.MP4,40455,28.883,Lau_Totoya_BT_Transect 3,1.9553,,5.787,9.603,2862.049,20.911,,,-321.743,-952.759,-2679.562,Lau_Totoya_BT,Peter,Mullidae,Mulloidichthys,vanicolensis,37355020,1,AD,Passing,
TY_BT_Cam1_Left_3101_02.MP4,40455,28.883,Lau_Totoya_BT_Transect 3,1.9553,,6.282,12.26,2975.43,22.062,,,-434.151,-1012.529,-2763.962,Lau_Totoya_BT,Peter,Mullidae,Mulloidichthys,vanicolensis,37355020,1,AD,Passing,
TY_BT_Cam1_Left_3101_02.MP4,40455,28.883,Lau_Totoya_BT_Transect 3,1.9553,,15.833,8.165,4873.768,15.238,,,-870.52,-910.252,-4708.211,Lau_Totoya_BT,Peter,Mullidae,Mulloidichthys,vanicolensis,37355020,1,AD,Passing,
TY_BT_Cam1_Left_3101_02.MP4,40455,28.883,Lau_Totoya_BT_Transect 3,1.9553,,14.456,14.556,4716.485,13.184,,,-547.596,-897.101,-4597.888,Lau_Totoya_BT,Peter,Mullidae,Mulloidichthys,vanicolensis,37355020,1,AD,Passing,
TY_BT_Cam1_Left_3101_02.MP4,40455,28.883,Lau_Totoya_BT_Transect 3,1.9553,,12.58,5.367,4398.939,13.212,,,-411.298,-890.619,-4288.158,Lau_Totoya_BT,Peter,Mullidae,Mulloidichthys,vanicolensis,37355020,1,AD,Passing,
TY_BT_Cam1_Left_3101_02.MP4,40455,28.883,Lau_Totoya_BT_Transect 3,1.9553,,9.223,11.789,3760.187,12.573,,,-185.597,-774.182,-3674.942,Lau_Totoya_BT,Peter,Mullidae,Mulloidichthys,vanicolensis,37355020,1,AD,Passing,
TY_BT_Cam1_Left_3101_02.MP4,40455,28.883,Lau_Totoya_BT_Transect 3,1.9553,,9.472,5.134,3791.612,13.53,,,-291.282,-814.806,-3691.553,Lau_Totoya_BT,Peter,Mullidae,Mulloidichthys,vanicolensis,37355020,1,AD,Passing,
TY_BT_Cam1_Left_3101_02.MP4,40455,28.883,Lau_Totoya_BT_Transect 3,1.9553,,6.978,7.654,3203.747,15.352,,,-254.577,-789.736,-3094.431,Lau_Totoya_BT,Peter,Mullidae,Mulloidichthys,vanicolensis,37355020,1,AD,Passing,
TY_BT_Cam1_Left_3101_02.MP4,40455,28.883,Lau_Totoya_BT_Transect 3,1.9553,,8.598,12.656,3605.17,15.055,,,2.57,-914.6,-3487.227,Lau_Totoya_BT,Peter,Mullidae,Mulloidichthys,vanicolensis,37355020,1,AD,Passing,
TY_BT_Cam1_Left_3101_02.MP4,40455,28.883,Lau_Totoya_BT_Transect 3,1.9553,,7.622,10.166,3340.244,18.818,,,249.961,-1028.2,-3168.21,Lau_Totoya_BT,Peter,Mullidae,Mulloidichthys,vanicolensis,37355020,1,AD,Passing,
TY_BT_Cam1_Left_3101_02.MP4,40455,28.883,Lau_Totoya_BT_Transect 3,1.9553,,8.272,8.342,3519.082,16.457,,,68.161,-973.472,-3381.072,Lau_Totoya_BT,Peter,Mullidae,Mulloidichthys,vanicolensis,37355020,1,AD,Passing,
TY_BT_Cam1_Left_3101_02.MP4,40455,28.883,Lau_Totoya_BT_Transect 3,1.9553,,7.016,10.161,3221.664,16.038,,,106.774,-864.213,-3101.75,Lau_Totoya_BT,Peter,Mullidae,Mulloidichthys,vanicolensis,37355020,1,AD,Passing,
TY_BT_Cam1_Left_3101_02.MP4,40455,28.883,Lau_Totoya_BT_Transect 3,1.9553,,11.148,3.541,4102.671,15.082,,,416.292,-958.195,-3967.426,Lau_Totoya_BT,Peter,Mullidae,Mulloidichthys,vanicolensis,37355020,1,AD,Passing,
TY_BT_Cam1_Left_3101_02.MP4,40455,28.883,Lau_Totoya_BT_Transect 3,1.9553,,14.277,13.422,4717.201,14.023,,,238.488,-1089.216,-4583.527,Lau_Totoya_BT,Peter,Mullidae,Mulloidichthys,vanicolensis,37355020,1,AD,Passing,
TY_BT_Cam1_Left_3101_02.MP4,40455,28.883,Lau_Totoya_BT_Transect 3,1.9553,,12.641,8.628,4436.188,13.619,,,-157.799,-1005.574,-4317.834,Lau_Totoya_BT,Peter,Mullidae,Mulloidichthys,vanicolensis,37355020,1,AD,Passing,
TY_BT_Cam1_Left_3101_02.MP4,40455,28.883,Lau_Totoya_BT_Transect 3,1.9553,,11.945,5.404,4323.436,12.66,,,-88.463,-916.97,-4224.149,Lau_Totoya_BT,Peter,Mullidae,Mulloidichthys,vanicolensis,37355020,1,AD,Passing,
TY_BT_Cam1_Left_3101_02.MP4,40455,28.883,Lau_Totoya_BT_Transect 3,1.9553,,12.565,11.676,4450.604,12.193,,,-16.368,-912.614,-4356.001,Lau_Totoya_BT,Peter,Mullidae,Mulloidichthys,vanicolensis,37355020,1,AD,Passing,
TY_BT_Cam1_Left_3101_02.MP4,40455,28.883,Lau_Totoya_BT_Transect 3,1.9553,,14.414,1.878,4706.691,15.98,,,296.556,-1233.035,-4532.617,Lau_Totoya_BT,Peter,Mullidae,Mulloidichthys,vanicolensis,37355020,1,AD,Passing,
TY_BT_Cam1_Left_3101_02.MP4,40455,28.883,Lau_Totoya_BT_Transect 3,1.9553,,11.4,5.58,4181.404,14.614,,,228.694,-1004.543,-4052.497,Lau_Totoya_BT,Peter,Mullidae,Mulloidichthys,vanicolensis,37355020,1,AD,Passing,
TY_BT_Cam1_Left_3101_02.MP4,40894,29.0051,Lau_Totoya_BT_Transect 3,2.0774,196.767,5.336,2.042,2495.552,34.293,2.381,13.062,-1186.233,-754.9,-2061.736,Lau_Totoya_BT,Peter,Mullidae,Mulloidichthys,vanicolensis,37355020,1,AD,Passing,
TY_BT_Cam1_Left_3101_02.MP4,40894,29.0051,Lau_Totoya_BT_Transect 3,2.0774,243.919,8.575,4.715,2918.183,34.82,20.935,1.153,-1540.632,-634.831,-2395.669,Lau_Totoya_BT,Peter,Mullidae,Mulloidichthys,vanicolensis,37355020,1,AD,Passing,
TY_BT_Cam1_Left_3101_02.MP4,40894,29.0051,Lau_Totoya_BT_Transect 3,2.0774,177.741,13.39,4.764,3428.523,36.482,41.359,8.085,-1976.378,-499.474,-2756.67,Lau_Totoya_BT,Peter,Mullidae,Mulloidichthys,vanicolensis,37355020,1,AD,Passing,
TY_BT_Cam1_Left_3101_02.MP4,40894,29.0051,Lau_Totoya_BT_Transect 3,2.0774,,5.649,6.699,3015.307,37.721,,,-1726.388,-635.368,-2389.135,Lau_Totoya_BT,Peter,Mullidae,Mulloidichthys,vanicolensis,37355020,1,AD,Passing,
TY_BT_Cam1_Left_3101_02.MP4,40894,29.0051,Lau_Totoya_BT_Transect 3,2.0774,,7.961,1.527,3448.715,33.739,,,-1798.87,-640.099,-2871.929,Lau_Totoya_BT,Peter,Mullidae,Mulloidichthys,vanicolensis,37355020,1,AD,Passing,
TY_BT_Cam1_Left_3101_02.MP4,40894,29.0051,Lau_Totoya_BT_Transect 3,2.0774,,6.797,1.629,3214.71,34.467,,,-1739.043,-517.772,-2653.677,Lau_Totoya_BT,Peter,Mullidae,Mulloidichthys,vanicolensis,37355020,1,AD,Passing,
TY_BT_Cam1_Left_3101_02.MP4,40894,29.0051,Lau_Totoya_BT_Transect 3,2.0774,,11.624,6.659,4213.078,33.019,,,-2229.8,-524.34,-3535.971,Lau_Totoya_BT,Peter,Mullidae,Mulloidichthys,vanicolensis,37355020,1,AD,Passing,
TY_BT_Cam1_Left_3101_02.MP4,40894,29.0051,Lau_Totoya_BT_Transect 3,2.0774,,11.171,1.221,4001.99,27.206,,,-1733.123,-564.281,-3562.835,Lau_Totoya_BT,Peter,Mullidae,Mulloidichthys,vanicolensis,37355020,1,AD,Passing,
TY_BT_Cam1_Left_3101_02.MP4,40894,29.0051,Lau_Totoya_BT_Transect 3,2.0774,,11.295,8.001,4061.002,30.417,,,-1953.714,-618.554,-3506.014,Lau_Totoya_BT,Peter,Mullidae,Mulloidichthys,vanicolensis,37355020,1,AD,Passing,
TY_BT_Cam1_Left_3101_02.MP4,40894,29.0051,Lau_Totoya_BT_Transect 3,2.0774,,13.579,1.512,4485.75,30.49,,,-2196.827,-570.904,-3869.105,Lau_Totoya_BT,Peter,Mullidae,Mulloidichthys,vanicolensis,37355020,1,AD,Passing,
TY_BT_Cam1_Left_3101_02.MP4,40894,29.0051,Lau_Totoya_BT_Transect 3,2.0774,,20.102,0.829,5447.269,18.88,,,-1603.4,-699.949,-5158.674,Lau_Totoya_BT,Peter,Mullidae,Mulloidichthys,vanicolensis,37355020,1,AD,Passing,
TY_BT_Cam1_Left_3101_02.MP4,40894,29.0051,Lau_Totoya_BT_Transect 3,2.0774,,21.517,3.715,5665.515,18.245,,,-1648.547,-620.928,-5384.682,Lau_Totoya_BT,Peter,Mullidae,Mulloidichthys,vanicolensis,37355020,1,AD,Passing,
TY_BT_Cam1_Left_3101_02.MP4,40894,29.0051,Lau_Totoya_BT_Transect 3,2.0774,,20.369,0.556,5477.147,20.79,,,-1840.275,-594.69,-5124.341,Lau_Totoya_BT,Peter,Mullidae,Mulloidichthys,vanicolensis,37355020,1,AD,Passing,
TY_BT_Cam1_Left_3101_02.MP4,40894,29.0051,Lau_Totoya_BT_Transect 3,2.0774,,19.653,5.427,5368.513,23.305,,,-2043.506,-547.887,-4934.048,Lau_Totoya_BT,Peter,Mullidae,Mulloidichthys,vanicolensis,37355020,1,AD,Passing,
TY_BT_Cam1_Left_3101_02.MP4,40894,29.0051,Lau_Totoya_BT_Transect 3,2.0774,,22.947,0.498,5829.218,25.934,,,-2486.748,-528.374,-5245.635,Lau_Totoya_BT,Peter,Mullidae,Mulloidichthys,vanicolensis,37355020,1,AD,Passing,
TY_BT_Cam1_Left_3101_02.MP4,40894,29.0051,Lau_Totoya_BT_Transect 3,2.0774,,16.968,1.64,5007.391,27.563,,,-2264.382,-463.466,-4442.043,Lau_Totoya_BT,Peter,Mullidae,Mulloidichthys,vanicolensis,37355020,1,AD,Passing,
TY_BT_Cam1_Left_3101_02.MP4,40894,29.0051,Lau_Totoya_BT_Transect 3,2.0774,,18.282,0.844,5212.406,28.609,,,-2436.277,-513.539,-4579.302,Lau_Totoya_BT,Peter,Mullidae,Mulloidichthys,vanicolensis,37355020,1,AD,Passing,
TY_BT_Cam1_Left_3101_02.MP4,40894,29.0051,Lau_Totoya_BT_Transect 3,2.0774,,7.567,0.689,3672.702,39.393,,,-2271.998,-502.608,-2841.504,Lau_Totoya_BT,Peter,Mullidae,Mulloidichthys,vanicolensis,37355020,1,AD,Passing,
TY_BT_Cam1_Left_3101_02.MP4,40894,29.0051,Lau_Totoya_BT_Transect 3,2.0774,,11.119,2.187,3993.805,19.92,,,-1197.599,-622.528,-3758.816,Lau_Totoya_BT,Peter,Labridae,Thalassoma,hardwicke,37384165,1,AD,Passing,
TY_BT_Cam1_Left_3101_02.MP4,41090,29.0596,Lau_Totoya_BT_Transect 3,2.1319,,6.213,6.15,2914.077,24.783,,,-864.139,-846.779,-2651.052,Lau_Totoya_BT,Peter,Pomacentridae,Amblyglyphidodon,curacao,37372017,1,AD,Passing,
TY_BT_Cam1_Left_3101_02.MP4,41090,29.0596,Lau_Totoya_BT_Transect 3,2.1319,,8.867,1.423,3517.315,22.509,,,-1053.906,-817.771,-3254.541,Lau_Totoya_BT,Peter,Labridae,Thalassoma,hardwicke,37384165,1,AD,Passing,
TY_BT_Cam1_Left_3101_02.MP4,41090,29.0596,Lau_Totoya_BT_Transect 3,2.1319,,5.294,5.811,2700.438,31.167,,,-1025.041,-935.527,-2316.559,Lau_Totoya_BT,Peter,Pomacentridae,Stegastes,nigricans,37372135,1,AD,Passing,
TY_BT_Cam1_Left_3101_02.MP4,41239,29.101,Lau_Totoya_BT_Transect 3,2.1733,150.662,7.691,9.367,2058.758,14.05,71.627,23.855,-10.099,-499.714,-1997.165,Lau_Totoya_BT,Peter,Acanthuridae,Acanthurus,nigrofuscus,37437014,1,AD,Passing,
TY_BT_Cam1_Left_3101_02.MP4,41279,29.1121,Lau_Totoya_BT_Transect 3,2.1844,,1.34,0.089,1277.529,27.727,,,-452.209,-378.644,-1133.233,Lau_Totoya_BT,Peter,Pomacentridae,Stegastes,nigricans,37372135,1,AD,Passing,
TY_BT_Cam1_Left_3101_02.MP4,41279,29.1121,Lau_Totoya_BT_Transect 3,2.1844,,2.608,11.168,1839.842,24.14,,,-647.983,-371.965,-1681.303,Lau_Totoya_BT,Peter,Pomacentridae,Chrysiptera,glauca,37372062,1,AD,Passing,
TY_BT_Cam1_Left_3101_02.MP4,53015,32.3754,Lau_Totoya_BT_Transect 4,0.1007,91.355,3.48,3.081,1550.339,19.858,43.069,3.804,378.138,-366.533,-1458.155,Lau_Totoya_BT,Peter,Labridae,Thalassoma,hardwicke,37384165,1,AD,Passing,
TY_BT_Cam1_Left_3101_02.MP4,53015,32.3754,Lau_Totoya_BT_Transect 4,0.1007,,3.128,0.061,2071.366,11.994,,,128.819,-398.009,-2028.682,Lau_Totoya_BT,Peter,Pomacentridae,Stegastes,nigricans,37372135,1,AD,Passing,
TY_BT_Cam1_Left_3101_02.MP4,53015,32.3754,Lau_Totoya_BT_Transect 4,0.1007,,2.311,4.063,1719.109,22.92,,,513.718,-419.394,-1586.044,Lau_Totoya_BT,Peter,Pomacentridae,Stegastes,nigricans,37372135,1,AD,Passing,
TY_BT_Cam1_Left_3101_02.MP4,53165,32.4171,Lau_Totoya_BT_Transect 4,0.1424,117.169,9.917,5.973,2359.85,18.216,69.402,19.545,652.508,-344.1,-2241.589,Lau_Totoya_BT,Peter,Acanthuridae,Zebrasoma,scopas,37437036,1,AD,Passing,
TY_BT_Cam1_Left_3101_02.MP4,53295,32.4533,Lau_Totoya_BT_Transect 4,0.1785,72.526,3.095,5.526,1426.075,23.592,50.367,1.237,-261.803,-507.158,-1306.882,Lau_Totoya_BT,Peter,Labridae,Gomphosus,varius,37384106,1,AD,Passing,
TY_BT_Cam1_Left_3101_02.MP4,53516,32.5147,Lau_Totoya_BT_Transect 4,0.24,102.943,5.229,10.531,1899.531,1.553,40.273,2.721,15.197,49.169,-1898.834,Lau_Totoya_BT,Peter,Acanthuridae,Zebrasoma,scopas,37437036,1,AD,Passing,
TY_BT_Cam1_Left_3101_02.MP4,53516,32.5147,Lau_Totoya_BT_Transect 4,0.24,103.632,10.304,6.283,2761.065,11.004,41.054,16.312,385.256,359.649,-2710.297,Lau_Totoya_BT,Peter,Acanthuridae,Ctenochaetus,binotatus,37437021,1,AD,Passing,
TY_BT_Cam1_Left_3101_02.MP4,53552,32.5247,Lau_Totoya_BT_Transect 4,0.25,,2.525,6.687,1846.66,5.36,,,-140.502,-88.547,-1839.177,Lau_Totoya_BT,Peter,Pomacentridae,Stegastes,nigricans,37372135,1,AD,Passing,
TY_BT_Cam1_Left_3101_02.MP4,53602,32.5386,Lau_Totoya_BT_Transect 4,0.2639,78.392,2.71,6.381,1651.547,31.318,4.526,14.594,846.406,-143.29,-1410.912,Lau_Totoya_BT,Peter,Pomacentridae,Stegastes,nigricans,37372135,1,AD,Passing,
TY_BT_Cam1_Left_3101_02.MP4,53653,32.5528,Lau_Totoya_BT_Transect 4,0.2781,118.903,2.48,3.417,1476.841,30.246,33.466,22.447,665.497,-332.451,-1275.794,Lau_Totoya_BT,Peter,Acanthuridae,Ctenochaetus,binotatus,37437021,1,AD,Passing,
TY_BT_Cam1_Left_3101_02.MP4,53722,32.572,Lau_Totoya_BT_Transect 4,0.2972,136.909,2.085,10.49,1043.088,24.157,89.934,1.597,-239.376,-353.442,-951.741,Lau_Totoya_BT,Peter,Pomacentridae,Stegastes,nigricans,37372135,1,AD,Passing,
TY_BT_Cam1_Left_3101_02.MP4,53752,32.5803,Lau_Totoya_BT_Transect 4,0.3056,101.178,2.117,2.118,1390.57,10.756,25.563,0.297,-27.707,-258.028,-1366.14,Lau_Totoya_BT,Peter,Pomacentridae,Stegastes,nigricans,37372135,1,AD,Passing,
TY_BT_Cam1_Left_3101_02.MP4,53780,32.5881,Lau_Totoya_BT_Transect 4,0.3134,87.86,2.777,6.315,1936.716,4.777,15.966,4.21,72.112,-144.272,-1929.988,Lau_Totoya_BT,Peter,Acanthuridae,Ctenochaetus,striatus,37437022,1,AD,Passing,
TY_BT_Cam1_Left_3101_02.MP4,53834,32.6031,Lau_Totoya_BT_Transect 4,0.3284,93.126,3.432,7.556,1594.699,17.049,36.528,9.387,-446.822,-137.693,-1524.616,Lau_Totoya_BT,Peter,Pomacentridae,Stegastes,nigricans,37372135,1,AD,Passing,
TY_BT_Cam1_Left_3101_02.MP4,53834,32.6031,Lau_Totoya_BT_Transect 4,0.3284,30.231,1.474,4.488,1266.035,20.51,7.618,2.307,-404.182,-182.783,-1185.779,Lau_Totoya_BT,Peter,Pomacentridae,Plectroglyphidodon,dickii,37372098,1,AD,Passing,
TY_BT_Cam1_Left_3101_02.MP4,53913,32.6251,Lau_Totoya_BT_Transect 4,0.3503,,8.753,0.36,3589.002,31.573,,,1791.25,587.145,-3054.116,Lau_Totoya_BT,Peter,Acanthuridae,Zebrasoma,scopas,37437036,1,AD,Passing,
TY_BT_Cam1_Left_3101_02.MP4,53913,32.6251,Lau_Totoya_BT_Transect 4,0.3503,,11.126,3.512,3986.99,19.109,,,1076.864,761.085,-3762.606,Lau_Totoya_BT,Peter,Acanthuridae,Zebrasoma,scopas,37437036,1,AD,Passing,
TY_BT_Cam1_Left_3101_02.MP4,54022,32.6554,Lau_Totoya_BT_Transect 4,0.3807,,1.798,0.755,1496.937,18.59,,,460.641,-115.811,-1419.584,Lau_Totoya_BT,Peter,Pomacentridae,Stegastes,nigricans,37372135,1,AD,Passing,
TY_BT_Cam1_Left_3101_02.MP4,54137,32.6874,Lau_Totoya_BT_Transect 4,0.4126,,1.428,8.763,1292.321,13.338,,,-130.722,-260.054,-1259.118,Lau_Totoya_BT,Peter,Pomacentridae,Stegastes,nigricans,37372135,1,AD,Passing,
TY_BT_Cam1_Left_3101_02.MP4,54182,32.6999,Lau_Totoya_BT_Transect 4,0.4251,82.222,3.464,3.309,1583.287,10.411,37.752,10.787,-224.052,-177.937,-1557.221,Lau_Totoya_BT,Peter,Chaetodontidae,Chaetodon,lunulatus,37365059,1,AD,Passing,
TY_BT_Cam1_Left_3101_02.MP4,54182,32.6999,Lau_Totoya_BT_Transect 4,0.4251,131.79,5.116,7.145,1567.936,11.056,86.566,14.208,-87.555,-287.655,-1538.834,Lau_Totoya_BT,Peter,Pomacentridae,Stegastes,nigricans,37372135,1,AD,Passing,
TY_BT_Cam1_Left_3101_02.MP4,54196,32.7038,Lau_Totoya_BT_Transect 4,0.429,53.105,3.346,1.75,1446.641,23.92,54.316,0.607,-448.395,-378.15,-1322.39,Lau_Totoya_BT,Peter,Labridae,Thalassoma,hardwicke,37384165,1,AD,Passing,
TY_BT_Cam1_Left_3101_02.MP4,54196,32.7038,Lau_Totoya_BT_Transect 4,0.429,,1.894,1.66,1542.427,25.149,,,-542.973,-358.469,-1398.486,Lau_Totoya_BT,Peter,Pomacentridae,Stegastes,nigricans,37372135,1,AD,Passing,
TY_BT_Cam1_Left_3101_02.MP4,54218,32.7099,Lau_Totoya_BT_Transect 4,0.4352,106.495,0.946,1.327,977.293,25.392,11.879,18.697,-168.121,-383.873,-882.881,Lau_Totoya_BT,Peter,Pomacentridae,Stegastes,nigricans,37372135,1,AD,Passing,
TY_BT_Cam1_Left_3101_02.MP4,54269,32.7241,Lau_Totoya_BT_Transect 4,0.4493,118.547,1.11,9.821,1140.348,8.972,8.455,4.668,-10.391,-177.531,-1126.396,Lau_Totoya_BT,Peter,Pomacentridae,Stegastes,nigricans,37372135,1,AD,Passing,
TY_BT_Cam1_Left_3101_02.MP4,54320,32.7383,Lau_Totoya_BT_Transect 4,0.4635,,1.469,4.318,1371.326,29.119,,,613.273,-255.578,-1199.63,Lau_Totoya_BT,Peter,Pomacentridae,Stegastes,nigricans,37372135,1,AD,Passing,
TY_BT_Cam1_Left_3101_02.MP4,54320,32.7383,Lau_Totoya_BT_Transect 4,0.4635,,2.708,5.002,1966.747,31.989,,,1028.302,-157.372,-1669.109,Lau_Totoya_BT,Peter,Pomacentridae,Stegastes,nigricans,37372135,1,AD,Passing,
TY_BT_Cam1_Left_3101_02.MP4,54362,32.7499,Lau_Totoya_BT_Transect 4,0.4752,88.155,1.836,12.573,1359.852,25.04,16.972,19.405,-509.643,-267.457,-1232.042,Lau_Totoya_BT,Peter,Pomacentridae,Stegastes,nigricans,37372135,1,AD,Passing,
TY_BT_Cam1_Left_3101_02.MP4,54576,32.8094,Lau_Totoya_BT_Transect 4,0.5347,103.12,8.006,3.866,2086.875,25.298,89.121,3.221,-874.28,175.856,-1886.732,Lau_Totoya_BT,Peter,Pomacentridae,Stegastes,nigricans,37372135,1,AD,Passing,
TY_BT_Cam1_Left_3101_02.MP4,54576,32.8094,Lau_Totoya_BT_Transect 4,0.5347,89.778,7.51,4.465,2188.564,27.668,58.71,6.568,-993.959,211.734,-1938.305,Lau_Totoya_BT,Peter,Pomacentridae,Stegastes,nigricans,37372135,1,AD,Passing,
TY_BT_Cam1_Left_3101_02.MP4,54576,32.8094,Lau_Totoya_BT_Transect 4,0.5347,,3.816,1.681,2469.035,36.251,,,-1456.743,109.801,-1990.471,Lau_Totoya_BT,Peter,Pomacentridae,Stegastes,nigricans,37372135,1,AD,Passing,
TY_BT_Cam1_Left_3101_02.MP4,54576,32.8094,Lau_Totoya_BT_Transect 4,0.5347,,2.624,2.645,1945.875,32.639,,,-1049.461,18.229,-1638.514,Lau_Totoya_BT,Peter,Pomacentridae,Stegastes,nigricans,37372135,1,AD,Passing,
TY_BT_Cam1_Left_3101_02.MP4,54654,32.8311,Lau_Totoya_BT_Transect 4,0.5564,118.716,2.001,2.272,1534.792,15.063,12.959,2.916,-368.603,-152.387,-1482.058,Lau_Totoya_BT,Peter,Pomacentridae,Stegastes,nigricans,37372135,1,AD,Passing,
TY_BT_Cam1_Left_3101_02.MP4,54654,32.8311,Lau_Totoya_BT_Transect 4,0.5564,,1.713,4.471,1488.852,27.634,,,-674.777,-138.492,-1319.915,Lau_Totoya_BT,Peter,Pomacentridae,Stegastes,nigricans,37372135,1,AD,Passing,
TY_BT_Cam1_Left_3101_02.MP4,54702,32.8445,Lau_Totoya_BT_Transect 4,0.5697,93.911,1.389,8.762,1336.194,18.028,1.484,38.802,393.886,-125.948,-1270.593,Lau_Totoya_BT,Peter,Pomacentridae,Stegastes,nigricans,37372135,1,AD,Passing,
TY_BT_Cam1_Left_3101_02.MP4,54702,32.8445,Lau_Totoya_BT_Transect 4,0.5697,91.609,1.777,6.816,1401.687,13.691,15.041,6.145,-305.096,-130.298,-1361.861,Lau_Totoya_BT,Peter,Pomacentridae,Stegastes,nigricans,37372135,1,AD,Passing,
TY_BT_Cam1_Left_3101_02.MP4,54876,32.8929,Lau_Totoya_BT_Transect 4,0.6181,,1.238,7.11,1188.281,17.559,,,-268.152,-230.834,-1134.382,Lau_Totoya_BT,Peter,Pomacentridae,Stegastes,nigricans,37372135,1,AD,Passing,
TY_BT_Cam1_Left_3101_02.MP4,54921,32.9054,Lau_Totoya_BT_Transect 4,0.6306,,4.537,1.991,2494.256,24.351,,,972.056,350.073,-2270.213,Lau_Totoya_BT,Peter,Pomacentridae,Stegastes,nigricans,37372135,1,AD,Passing,
TY_BT_Cam1_Left_3101_02.MP4,54945,32.912,Lau_Totoya_BT_Transect 4,0.6373,97.756,1.784,7.924,1151.649,18.575,52.527,47.965,53.019,-362.994,-1091.659,Lau_Totoya_BT,Peter,Pomacentridae,Stegastes,nigricans,37372135,1,AD,Passing,
TY_BT_Cam1_Left_3101_02.MP4,55046,32.9401,Lau_Totoya_BT_Transect 4,0.6654,192.366,11.915,6.249,3719.956,26.403,8.52,0.628,-1544.33,592.751,-3331.931,Lau_Totoya_BT,Peter,Scaridae,Scarus,schlegeli,37386029,1,AD,Passing,
TY_BT_Cam1_Left_3101_02.MP4,55063,32.9449,Lau_Totoya_BT_Transect 4,0.6701,72.066,2.26,6.523,1968.824,6.611,9.309,8.526,169.368,150.662,-1955.731,Lau_Totoya_BT,Peter,Labridae,Labroides,bicolor,37384130,1,AD,Passing,
TY_BT_Cam1_Left_3101_02.MP4,55063,32.9449,Lau_Totoya_BT_Transect 4,0.6701,109.995,4.74,3.931,1996.844,7.621,31.547,1.689,176.279,197.607,-1979.208,Lau_Totoya_BT,Peter,Pomacentridae,Stegastes,nigricans,37372135,1,AD,Passing,
TY_BT_Cam1_Left_3101_02.MP4,55063,32.9449,Lau_Totoya_BT_Transect 4,0.6701,60.422,1.535,5.304,1586.184,3.115,6.007,4.505,75.778,-41.056,-1583.841,Lau_Totoya_BT,Peter,Labridae,Thalassoma,hardwicke,37384165,1,AD,Passing,
TY_BT_Cam1_Left_3101_02.MP4,55063,32.9449,Lau_Totoya_BT_Transect 4,0.6701,,3.369,0.836,2158.879,10.191,,,-266.795,286.652,-2123.066,Lau_Totoya_BT,Peter,Pomacentridae,Stegastes,nigricans,37372135,1,AD,Passing,
TY_BT_Cam1_Left_3101_02.MP4,55063,32.9449,Lau_Totoya_BT_Transect 4,0.6701,,2.549,0.979,1854.738,5.647,,,161.972,95.638,-1845.175,Lau_Totoya_BT,Peter,Pomacentridae,Stegastes,nigricans,37372135,1,AD,Passing,
TY_BT_Cam1_Left_3101_02.MP4,55147,32.9682,Lau_Totoya_BT_Transect 4,0.6935,65.104,3.186,4.714,1595.436,20.454,31.582,5.503,-543.995,-122.107,-1494.85,Lau_Totoya_BT,Peter,Labridae,Thalassoma,hardwicke,37384165,1,AD,Passing,
TY_BT_Cam1_Left_3101_02.MP4,55200,32.983,Lau_Totoya_BT_Transect 4,0.7082,,2.474,4.408,1827.321,3.142,,,96.783,37.169,-1824.377,Lau_Totoya_BT,Peter,Pomacentridae,Stegastes,nigricans,37372135,1,AD,Passing,
TY_BT_Cam1_Left_3101_02.MP4,55200,32.983,Lau_Totoya_BT_Transect 4,0.7082,,2.613,2.921,1875.328,8.055,,,-255.181,74.365,-1856.397,Lau_Totoya_BT,Peter,Pomacentridae,Stegastes,nigricans,37372135,1,AD,Passing,
TY_BT_Cam1_Left_3101_02.MP4,55224,32.9896,Lau_Totoya_BT_Transect 4,0.7149,99.799,1.228,8.927,1187.775,18.885,6.468,8.914,277.71,-265.863,-1123.834,Lau_Totoya_BT,Peter,Pomacentridae,Stegastes,nigricans,37372135,1,AD,Passing,
TY_BT_Cam1_Left_3101_02.MP4,55259,32.9994,Lau_Totoya_BT_Transect 4,0.7246,,3.311,2.635,2216.479,33.104,,,1208.498,82.365,-1856.213,Lau_Totoya_BT,Peter,Pomacentridae,Stegastes,nigricans,37372135,1,AD,Passing,
TY_BT_Cam1_Left_3101_02.MP4,55259,32.9994,Lau_Totoya_BT_Transect 4,0.7246,,16.193,9.498,4813.869,20.418,,,1182.435,1220.756,-4503.88,Lau_Totoya_BT,Peter,Acanthuridae,Zebrasoma,scopas,37437036,1,AD,Passing,
TY_BT_Cam1_Left_3101_02.MP4,55259,32.9994,Lau_Totoya_BT_Transect 4,0.7246,,18.754,1.426,5215.069,18.885,,,1170.959,1246.684,-4926.62,Lau_Totoya_BT,Peter,Acanthuridae,Zebrasoma,scopas,37437036,1,AD,Passing,
TY_BT_Cam1_Left_3101_02.MP4,55259,32.9994,Lau_Totoya_BT_Transect 4,0.7246,,19.303,12.318,5254.207,21.152,,,1514.963,1170.687,-4892.961,Lau_Totoya_BT,Peter,Scaridae,Chlorurus,spilurus,temp_code_002,1,AD,Passing,
TY_BT_Cam1_Left_3101_02.MP4,55259,32.9994,Lau_Totoya_BT_Transect 4,0.7246,,24.16,14.595,5900.024,21.106,,,1363.948,1663.384,-5493.914,Lau_Totoya_BT,Peter,Pomacentridae,Abudefduf,sexfasciatus,37372011,1,AD,Passing,
TY_BT_Cam1_Left_3101_02.MP4,55317,33.0155,Lau_Totoya_BT_Transect 4,0.7407,107.526,1.506,10.391,1288.069,26.933,9.618,33.095,-483.771,-326.138,-1148.356,Lau_Totoya_BT,Peter,Pomacentridae,Stegastes,nigricans,37372135,1,AD,Passing,
TY_BT_Cam1_Left_3101_02.MP4,55330,33.0191,Lau_Totoya_BT_Transect 4,0.7444,90.843,3.274,8.016,1589.225,24.076,36.606,14.583,-629.682,-154.392,-1450.965,Lau_Totoya_BT,Peter,Labridae,Thalassoma,hardwicke,37384165,1,AD,Passing,
TY_BT_Cam1_Left_3101_02.MP4,55330,33.0191,Lau_Totoya_BT_Transect 4,0.7444,,2.193,1.448,1678.025,18.392,,,-528.158,-26.906,-1592.512,Lau_Totoya_BT,Peter,Pomacentridae,Stegastes,nigricans,37372135,1,AD,Passing,
TY_BT_Cam1_Left_3101_02.MP4,55331,33.0194,Lau_Totoya_BT_Transect 4,0.7446,,1.535,15.21,1359.115,17.39,,,364.434,-171.28,-1298.092,Lau_Totoya_BT,Peter,Pomacentridae,Stegastes,nigricans,37372135,1,AD,Passing,
TY_BT_Cam1_Left_3101_02.MP4,55367,33.0294,Lau_Totoya_BT_Transect 4,0.7546,124.986,5.033,7.021,1648.41,2.645,64.514,22.656,47.174,59.68,-1646.654,Lau_Totoya_BT,Peter,Pomacentridae,Stegastes,nigricans,37372135,1,AD,Passing,
TY_BT_Cam1_Left_3101_02.MP4,55367,33.0294,Lau_Totoya_BT_Transect 4,0.7546,74.812,1.409,6.677,1513.108,32.388,41.341,75.198,786.835,-194.389,-1277.732,Lau_Totoya_BT,Peter,Pomacentridae,Stegastes,nigricans,37372135,1,AD,Passing,
TY_BT_Cam1_Left_3101_02.MP4,55446,33.0514,Lau_Totoya_BT_Transect 4,0.7766,117.151,3.029,2,1805.994,15.396,26.643,36.749,-289.373,382.312,-1741.182,Lau_Totoya_BT,Peter,Pomacentridae,Stegastes,nigricans,37372135,1,AD,Passing,
TY_BT_Cam1_Left_3101_02.MP4,55446,33.0514,Lau_Totoya_BT_Transect 4,0.7766,,1.767,1.111,1483.202,4,,,-30.56,108.101,-1478.941,Lau_Totoya_BT,Peter,Pomacentridae,Stegastes,nigricans,37372135,1,AD,Passing,
TY_BT_Cam1_Left_3101_02.MP4,55446,33.0514,Lau_Totoya_BT_Transect 4,0.7766,,2.84,3.41,1949.792,13.097,,,80.7,446.271,-1896.317,Lau_Totoya_BT,Peter,Pomacentridae,Stegastes,nigricans,37372135,1,AD,Passing,
TY_BT_Cam1_Left_3101_02.MP4,55495,33.065,Lau_Totoya_BT_Transect 4,0.7902,83.772,2.034,7.6,1366.72,28.096,23.895,22.106,-621.355,-167.934,-1205.67,Lau_Totoya_BT,Peter,Pomacentridae,Stegastes,nigricans,37372135,1,AD,Passing,
TY_BT_Cam1_Left_3101_02.MP4,55577,33.0878,Lau_Totoya_BT_Transect 4,0.813,112.765,1.063,19.818,1174.041,5.265,0.285,45.329,100.739,-38.192,-1169.087,Lau_Totoya_BT,Peter,Pomacentridae,Stegastes,nigricans,37372135,1,AD,Passing,
TY_BT_Cam1_Left_3101_02.MP4,55654,33.1092,Lau_Totoya_BT_Transect 4,0.8344,104.54,2.743,9.124,1625.844,7.658,26.262,19.64,117.35,-182.113,-1611.345,Lau_Totoya_BT,Peter,Pomacentridae,Stegastes,nigricans,37372135,1,AD,Passing,
TY_BT_Cam1_Left_3101_02.MP4,55654,33.1092,Lau_Totoya_BT_Transect 4,0.8344,83.534,5.283,6.82,2180.834,6.811,29.001,4.995,258.208,-15.14,-2165.441,Lau_Totoya_BT,Peter,Labridae,Thalassoma,hardwicke,37384165,1,AD,Passing,
TY_BT_Cam1_Left_3101_02.MP4,55654,33.1092,Lau_Totoya_BT_Transect 4,0.8344,,2.207,4.217,1694.476,9.877,,,273.183,-88.806,-1669.95,Lau_Totoya_BT,Peter,Pomacentridae,Stegastes,nigricans,37372135,1,AD,Passing,
TY_BT_Cam1_Left_3101_02.MP4,55709,33.1245,Lau_Totoya_BT_Transect 4,0.8497,252.692,5.557,12.176,2214.216,30.428,27.122,11.187,1120.168,52.761,-1909.239,Lau_Totoya_BT,Peter,Scaridae,Chlorurus,spilurus,temp_code_002,1,AD,Passing,
TY_BT_Cam1_Left_3101_02.MP4,55746,33.1348,Lau_Totoya_BT_Transect 4,0.86,52.877,3.432,2.536,1545.414,26.901,46.965,5.894,671.079,-196.409,-1378.18,Lau_Totoya_BT,Peter,Labridae,Thalassoma,hardwicke,37384165,1,AD,Passing,
TY_BT_Cam1_Left_3101_02.MP4,56006,33.2071,Lau_Totoya_BT_Transect 4,0.9323,,1.648,0.517,1412.787,14.135,,,67.024,-329.846,-1372.106,Lau_Totoya_BT,Peter,Pomacentridae,Stegastes,nigricans,37372135,1,AD,Passing,
TY_BT_Cam1_Left_3101_02.MP4,56026,33.2126,Lau_Totoya_BT_Transect 4,0.9379,98.589,1.778,5.334,1389.846,27.531,10.609,6.145,512.088,-387.922,-1232.459,Lau_Totoya_BT,Peter,Pomacentridae,Stegastes,nigricans,37372135,1,AD,Passing,
TY_BT_Cam1_Left_3101_02.MP4,56099,33.2329,Lau_Totoya_BT_Transect 4,0.9582,,1.611,2.738,1392.683,16.986,,,55.295,-394.72,-1334.43,Lau_Totoya_BT,Peter,Pomacentridae,Stegastes,nigricans,37372135,1,AD,Passing,
TY_BT_Cam1_Left_3101_02.MP4,56099,33.2329,Lau_Totoya_BT_Transect 4,0.9582,,1.823,1.334,1498.232,18.52,,,-206.543,-419.831,-1423.299,Lau_Totoya_BT,Peter,Labridae,Thalassoma,hardwicke,37384165,1,AD,Passing,
TY_BT_Cam1_Left_3101_02.MP4,56129,33.2413,Lau_Totoya_BT_Transect 4,0.9665,102.659,3.863,4.248,1702.905,25.185,38.497,2.121,673.736,-266.844,-1541.025,Lau_Totoya_BT,Peter,Labridae,Thalassoma,hardwicke,37384165,1,AD,Passing,
TY_BT_Cam1_Left_3101_02.MP4,56234,33.2705,Lau_Totoya_BT_Transect 4,0.9957,93.397,3.025,2.989,1537.412,29.12,40.241,5.525,-607.108,-437.244,-1343.083,Lau_Totoya_BT,Peter,Labridae,Thalassoma,hardwicke,37384165,1,AD,Passing,
TY_BT_Cam1_Left_3101_02.MP4,56281,33.2835,Lau_Totoya_BT_Transect 4,1.0088,96.088,1.95,2.543,1404.079,23.016,24.229,6.465,224.051,-501.169,-1292.311,Lau_Totoya_BT,Peter,Pomacentridae,Stegastes,nigricans,37372135,1,AD,Passing,
TY_BT_Cam1_Left_3101_02.MP4,56281,33.2835,Lau_Totoya_BT_Transect 4,1.0088,87.15,2.714,3.539,1572.758,20.366,30.628,17.022,179.856,-516.945,-1474.445,Lau_Totoya_BT,Peter,Pomacentridae,Pomacentrus,philippinus,37372123,1,AD,Passing,
TY_BT_Cam1_Left_3101_02.MP4,56307,33.2908,Lau_Totoya_BT_Transect 4,1.016,116.499,1.98,6.094,1584.27,21.776,4.854,3.274,477.952,-342.054,-1471.215,Lau_Totoya_BT,Peter,Pomacentridae,Stegastes,nigricans,37372135,1,AD,Passing,
TY_BT_Cam1_Left_3101_02.MP4,56352,33.3033,Lau_Totoya_BT_Transect 4,1.0285,,5.231,1.108,2724.598,25.167,,,1158.12,-19.69,-2466.132,Lau_Totoya_BT,Peter,Mullidae,Parupeneus,crassilabris,37355023,1,AD,Passing,
TY_BT_Cam1_Left_3101_02.MP4,56352,33.3033,Lau_Totoya_BT_Transect 4,1.0285,,9.208,0.1,3676.891,17.917,,,1117.873,194.623,-3497.429,Lau_Totoya_BT,Peter,Acanthuridae,Acanthurus,nigrofuscus,37437014,1,AD,Passing,
TY_BT_Cam1_Left_3101_02.MP4,56361,33.3058,Lau_Totoya_BT_Transect 4,1.031,,4.113,0.586,2388.039,22.993,,,932.802,8.241,-2198.304,Lau_Totoya_BT,Peter,Pomacentridae,Stegastes,nigricans,37372135,1,AD,Passing,
TY_BT_Cam1_Left_3101_02.MP4,56361,33.3058,Lau_Totoya_BT_Transect 4,1.031,,5.71,10.4,2845.422,21.44,,,1037.316,92.051,-2648.004,Lau_Totoya_BT,Peter,Pomacentridae,Stegastes,nigricans,37372135,1,AD,Passing,
TY_BT_Cam1_Left_3101_02.MP4,56361,33.3058,Lau_Totoya_BT_Transect 4,1.031,,5.366,8.711,2777.14,15.048,,,718.087,81.688,-2681.452,Lau_Totoya_BT,Peter,Pomacentridae,Stegastes,nigricans,37372135,1,AD,Passing,
TY_BT_Cam1_Left_3101_02.MP4,56361,33.3058,Lau_Totoya_BT_Transect 4,1.031,,4.522,5.649,2520.96,17.375,,,752.475,-8.388,-2406.024,Lau_Totoya_BT,Peter,Pomacentridae,Stegastes,nigricans,37372135,1,AD,Passing,
TY_BT_Cam1_Left_3101_02.MP4,56361,33.3058,Lau_Totoya_BT_Transect 4,1.031,,4.345,3.602,2474.098,15.288,,,640.84,-106.945,-2387.268,Lau_Totoya_BT,Peter,Pomacentridae,Stegastes,nigricans,37372135,1,AD,Passing,
TY_BT_Cam1_Left_3101_02.MP4,56361,33.3058,Lau_Totoya_BT_Transect 4,1.031,,3.034,1.385,2028.207,13.08,,,394.473,-222.336,-1977.013,Lau_Totoya_BT,Peter,Pomacentridae,Stegastes,nigricans,37372135,1,AD,Passing,
TY_BT_Cam1_Left_3101_02.MP4,56409,33.3191,Lau_Totoya_BT_Transect 4,1.0444,61.768,3.787,7.07,2043.993,24.617,11.151,3.725,-806.327,-273.399,-1858.225,Lau_Totoya_BT,Peter,Pomacentridae,Stegastes,nigricans,37372135,1,AD,Passing,
TY_BT_Cam1_Left_3101_02.MP4,56409,33.3191,Lau_Totoya_BT_Transect 4,1.0444,98.444,7.334,11.961,2095.986,22.239,60.479,14.276,-728.931,-312.966,-1940.069,Lau_Totoya_BT,Peter,Pomacentridae,Stegastes,nigricans,37372135,1,AD,Passing,
TY_BT_Cam1_Left_3101_02.MP4,56462,33.3339,Lau_Totoya_BT_Transect 4,1.0591,,1.633,2.923,1406.727,10.747,,,17.681,-253.059,-1383.665,Lau_Totoya_BT,Peter,Pomacentridae,Stegastes,nigricans,37372135,1,AD,Passing,
TY_BT_Cam1_Left_3101_02.MP4,56484,33.34,Lau_Totoya_BT_Transect 4,1.0652,102.096,1.932,6.728,1422.973,26.842,11.577,2.366,554.477,-324.609,-1269.66,Lau_Totoya_BT,Peter,Pomacentridae,Stegastes,nigricans,37372135,1,AD,Passing,
TY_BT_Cam1_Left_3101_02.MP4,56528,33.3522,Lau_Totoya_BT_Transect 4,1.0775,110.281,3.591,13.266,1674.413,20.893,35.262,4.58,-485.439,-347.74,-1564.316,Lau_Totoya_BT,Peter,Pomacentridae,Stegastes,nigricans,37372135,1,AD,Passing,
TY_BT_Cam1_Left_3101_02.MP4,56560,33.3611,Lau_Totoya_BT_Transect 4,1.0864,87.356,3.776,7.698,1932.212,23.389,19.805,4.665,732.414,-227.835,-1773.445,Lau_Totoya_BT,Peter,Pomacentridae,Stegastes,nigricans,37372135,1,AD,Passing,
TY_BT_Cam1_Left_3101_02.MP4,56646,33.385,Lau_Totoya_BT_Transect 4,1.1103,105.63,3.351,8.186,1743.069,9.402,28.851,12.849,35.869,-282.491,-1719.652,Lau_Totoya_BT,Peter,Pomacentridae,Stegastes,nigricans,37372135,1,AD,Passing,
TY_BT_Cam1_Left_3101_02.MP4,56678,33.3939,Lau_Totoya_BT_Transect 4,1.1192,113.683,6.176,8.104,2619.252,27.07,6.592,15.056,-1184.215,-135.768,-2332.313,Lau_Totoya_BT,Peter,Acanthuridae,Acanthurus,nigrofuscus,37437014,1,AD,Passing,
TY_BT_Cam1_Left_3101_02.MP4,56678,33.3939,Lau_Totoya_BT_Transect 4,1.1192,,4.888,5.26,2687.217,32.66,,,-1417.8,-290.562,-2264.19,Lau_Totoya_BT,Peter,Labridae,Thalassoma,hardwicke,37384165,1,AD,Passing,
TY_BT_Cam1_Left_3101_02.MP4,56678,33.3939,Lau_Totoya_BT_Transect 4,1.1192,,3.416,3.815,2182.517,29.435,,,-1050.854,-202.786,-1902.095,Lau_Totoya_BT,Peter,Labridae,Thalassoma,hardwicke,37384165,1,AD,Passing,
TY_BT_Cam1_Left_3101_02.MP4,56855,33.4431,Lau_Totoya_BT_Transect 4,1.1684,230.588,15.249,14.032,3645.159,23.704,28.845,0.03,-1427.512,-331.111,-3337.628,Lau_Totoya_BT,Peter,Scaridae,Scarus,frenatus,37386016,1,AD,Passing,
TY_BT_Cam1_Left_3101_02.MP4,56951,33.4698,Lau_Totoya_BT_Transect 4,1.1951,118.43,3.255,4.783,1531.139,32.62,57.446,2.809,732.053,-381.237,-1289.628,Lau_Totoya_BT,Peter,Pomacentridae,Stegastes,nigricans,37372135,1,AD,Passing,
TY_BT_Cam1_Left_3101_02.MP4,57022,33.4896,Lau_Totoya_BT_Transect 4,1.2148,73.313,3.699,3.102,1843.559,34.397,24.867,2.901,997.808,-298.387,-1521.202,Lau_Totoya_BT,Peter,Chaetodontidae,Chaetodon,citrinellus,37365036,1,AD,Passing,
TY_BT_Cam1_Left_3101_02.MP4,57022,33.4896,Lau_Totoya_BT_Transect 4,1.2148,91.138,5.067,3.805,1775.734,28.124,64.524,3.062,735.401,-399.811,-1566.068,Lau_Totoya_BT,Peter,Pomacentridae,Stegastes,nigricans,37372135,1,AD,Passing,
TY_BT_Cam1_Left_3101_02.MP4,57022,33.4896,Lau_Totoya_BT_Transect 4,1.2148,,2.701,4.079,1891.261,25.621,,,755.423,-302.609,-1707.229,Lau_Totoya_BT,Peter,Pomacentridae,Stegastes,nigricans,37372135,1,AD,Passing,
TY_BT_Cam1_Left_3101_02.MP4,57022,33.4896,Lau_Totoya_BT_Transect 4,1.2148,,2.739,2.358,1896.388,20.426,,,594.636,-279.405,-1778.941,Lau_Totoya_BT,Peter,Pomacentridae,Stegastes,nigricans,37372135,1,AD,Passing,
TY_BT_Cam1_Left_3101_02.MP4,57084,33.5068,Lau_Totoya_BT_Transect 4,1.2321,96.982,3.585,4.541,1573.926,31.368,63.848,15.128,699.351,-426.752,-1343.888,Lau_Totoya_BT,Peter,Pomacentridae,Stegastes,nigricans,37372135,1,AD,Passing,
TY_BT_Cam1_Left_3101_02.MP4,57084,33.5068,Lau_Totoya_BT_Transect 4,1.2321,104.337,1.892,5.13,1554.314,22.659,7.74,0.593,434.512,-412.016,-1434.341,Lau_Totoya_BT,Peter,Pomacentridae,Stegastes,nigricans,37372135,1,AD,Passing,
TY_BT_Cam1_Left_3101_02.MP4,57162,33.5285,Lau_Totoya_BT_Transect 4,1.2538,,7.728,3.326,3335.685,25.127,,,-1406.145,-151.509,-3021.026,Lau_Totoya_BT,Peter,Pomacentridae,Pomacentrus,coelestis,37372111,1,AD,Passing,
TY_BT_Cam1_Left_3101_02.MP4,57194,33.5374,Lau_Totoya_BT_Transect 4,1.2627,87.663,3.01,3.842,1863.892,17.012,17.622,2.457,434.749,-329.206,-1782.333,Lau_Totoya_BT,Peter,Pomacentridae,Stegastes,nigricans,37372135,1,AD,Passing,
TY_BT_Cam1_Left_3101_02.MP4,57207,33.541,Lau_Totoya_BT_Transect 4,1.2663,74.331,6.579,2.2,2228.191,29.967,54.72,26.83,-1029.196,-423.663,-1930.311,Lau_Totoya_BT,Peter,Labridae,Thalassoma,hardwicke,37384165,1,AD,Passing,
TY_BT_Cam1_Left_3101_02.MP4,57315,33.571,Lau_Totoya_BT_Transect 4,1.2963,56.169,2.99,4.631,1532.355,29.574,42.933,16.116,619.633,-433.634,-1332.715,Lau_Totoya_BT,Peter,Blenniidae,Plagiotremus,flavus,temp_code_003,1,AD,Passing,
TY_BT_Cam1_Left_3101_02.MP4,57370,33.5863,Lau_Totoya_BT_Transect 4,1.3116,72.516,4.301,2.5,2246.045,24.646,0.545,0.766,-904.479,-243.261,-2041.436,Lau_Totoya_BT,Peter,Pomacentridae,Stegastes,nigricans,37372135,1,AD,Passing,
TY_BT_Cam1_Left_3101_02.MP4,57388,33.5913,Lau_Totoya_BT_Transect 4,1.3166,,5.477,4.778,2934.944,35.445,,,-1673.334,-296.215,-2392.928,Lau_Totoya_BT,Peter,Labridae,Gomphosus,varius,37384106,1,AD,Passing,
TY_BT_Cam1_Left_3101_02.MP4,57597,33.6494,Lau_Totoya_BT_Transect 4,1.3747,94.682,6.151,2.753,2080.606,26.666,45.751,4.818,909.916,-209.7,-1859.301,Lau_Totoya_BT,Peter,Pomacentridae,Stegastes,nigricans,37372135,1,AD,Passing,
TY_BT_Cam1_Left_3101_02.MP4,57629,33.6583,Lau_Totoya_BT_Transect 4,1.3836,98.047,4.544,9.211,2512.782,24.831,1.362,36.287,-1023.961,-255.033,-2280.468,Lau_Totoya_BT,Peter,Mullidae,Parupeneus,multifasciatus,37355026,1,AD,Passing,
TY_BT_Cam1_Left_3101_02.MP4,57629,33.6583,Lau_Totoya_BT_Transect 4,1.3836,,4.17,5.68,2550.811,36.217,,,-1458.054,-368.632,-2060.298,Lau_Totoya_BT,Peter,Labridae,Stethojulis,bandanensis,37384154,1,AD,Passing,
TY_BT_Cam1_Left_3101_02.MP4,57782,33.7009,Lau_Totoya_BT_Transect 4,1.4261,87.826,3.392,8.976,1838.428,24.741,23.534,5.417,592.527,-490.804,-1669.682,Lau_Totoya_BT,Peter,Pomacentridae,Stegastes,nigricans,37372135,1,AD,Passing,
TY_BT_Cam1_Left_3101_02.MP4,57894,33.732,Lau_Totoya_BT_Transect 4,1.4573,,3.489,2.361,2160.834,24.223,,,-401.646,-778.018,-1975.492,Lau_Totoya_BT,Peter,Pomacentridae,Stegastes,nigricans,37372135,1,AD,Passing,
TY_BT_Cam1_Left_3101_02.MP4,57894,33.732,Lau_Totoya_BT_Transect 4,1.4573,,3.328,5.2,2111.601,22.849,,,-304.873,-748.964,-1950.632,Lau_Totoya_BT,Peter,Pomacentridae,Stegastes,nigricans,37372135,1,AD,Passing,
TY_BT_Cam1_Left_3101_02.MP4,57894,33.732,Lau_Totoya_BT_Transect 4,1.4573,,3.935,5.476,2335.912,19.512,,,-82.211,-762.048,-2206.583,Lau_Totoya_BT,Peter,Pomacentridae,Stegastes,nigricans,37372135,1,AD,Passing,
TY_BT_Cam1_Left_3101_02.MP4,58088,33.786,Lau_Totoya_BT_Transect 4,1.5112,116.365,6.967,8.918,3183.47,18.17,18.313,19.943,-331.5,-935.724,-3024.733,Lau_Totoya_BT,Peter,Mullidae,Parupeneus,multifasciatus,37355026,1,AD,Passing,
TY_BT_Cam1_Left_3101_02.MP4,58088,33.786,Lau_Totoya_BT_Transect 4,1.5112,84.784,7.284,11.15,2696.322,18.993,29.133,7.229,-292.055,-827.493,-2549.532,Lau_Totoya_BT,Peter,Labridae,Thalassoma,hardwicke,37384165,1,AD,Passing,
TY_BT_Cam1_Left_3101_02.MP4,58414,33.8766,Lau_Totoya_BT_Transect 4,1.6019,74.952,1.419,12.472,1428.328,21.269,10.346,0.019,-111.177,-506.045,-1331.044,Lau_Totoya_BT,Peter,Pomacentridae,Stegastes,nigricans,37372135,1,AD,Passing,
TY_BT_Cam1_Left_3101_02.MP4,58515,33.9047,Lau_Totoya_BT_Transect 4,1.63,,2.623,5.307,1850.989,27.589,,,591.737,-609.971,-1644.367,Lau_Totoya_BT,Peter,Pomacentridae,Chrysiptera,biocellata,37372058,1,AD,Passing,
TY_BT_Cam1_Left_3101_02.MP4,58718,33.9611,Lau_Totoya_BT_Transect 4,1.6864,,1.933,1.948,1557.257,13.124,,,-56.704,-339.515,-1518.737,Lau_Totoya_BT,Peter,Pomacentridae,Chrysiptera,biocellata,37372058,1,AD,Passing,
TY_BT_Cam1_Left_3101_02.MP4,58840,33.9951,Lau_Totoya_BT_Transect 4,1.7203,63.924,2.341,5.022,1602.836,32.57,5.02,10.628,-718.466,-477.826,-1350.767,Lau_Totoya_BT,Peter,Pomacentridae,Chrysiptera,biocellata,37372058,1,AD,Passing,
TY_BT_Cam1_Left_3101_02.MP4,59022,34.0457,Lau_Totoya_BT_Transect 4,1.7709,,4.481,3.19,2514.118,31.918,,,-1205.392,-546.904,-2137.456,Lau_Totoya_BT,Peter,Pomacentridae,Chrysiptera,biocellata,37372058,1,AD,Passing,
TY_BT_Cam1_Left_3101_02.MP4,59290,34.1202,Lau_Totoya_BT_Transect 4,1.8455,,0.908,0.142,964.892,14.916,,,48.238,-237.8,-933.885,Lau_Totoya_BT,Peter,Pomacentridae,Chrysiptera,biocellata,37372058,1,AD,Passing,
TY_BT_Cam1_Left_3101_02.MP4,59907,34.2918,Lau_Totoya_BT_Transect 4,2.017,68.264,1.534,2.084,1186.085,27.189,28.888,29.084,295.571,-454.256,-1055.029,Lau_Totoya_BT,Peter,Pomacentridae,Chrysiptera,biocellata,37372058,1,AD,Passing,
TY_BT_Cam1_Left_3101_02.MP4,59907,34.2918,Lau_Totoya_BT_Transect 4,2.017,,1.268,5.996,1241.715,28.884,,,409.44,-431.49,-1089.968,Lau_Totoya_BT,Peter,Pomacentridae,Chrysiptera,biocellata,37372058,1,AD,Passing,
TY_BT_Cam1_Left_3101_02.MP4,60252,34.3877,Lau_Totoya_BT_Transect 4,2.1129,,2.856,0.449,1932.177,21.679,,,-605.051,-367.356,-1797.851,Lau_Totoya_BT,Peter,Pomacentridae,Chrysiptera,biocellata,37372058,1,AD,Passing,
TY_BT_Cam1_Left_3101_02.MP4,60252,34.3877,Lau_Totoya_BT_Transect 4,2.1129,,1.408,0.903,1286.349,20.811,,,182.417,-411.5,-1205.025,Lau_Totoya_BT,Peter,Pomacentridae,Chrysiptera,biocellata,37372058,1,AD,Passing,
TY_BT_Cam1_Left_3101_02.MP4,60548,34.47,Lau_Totoya_BT_Transect 4,2.1952,,2.654,1.293,1892.267,8.752,,,-155.506,-230.588,-1871.716,Lau_Totoya_BT,Peter,Pomacentridae,Chrysiptera,biocellata,37372058,1,AD,Passing,
TY_BT_Cam1_Left_3101_02.MP4,60602,34.485,Lau_Totoya_BT_Transect 4,2.2103,73.953,4.113,10.443,1765.376,25.317,36.551,1.653,-750.728,-79.488,-1595.821,Lau_Totoya_BT,Peter,Labridae,Thalassoma,hardwicke,37384165,1,AD,Passing,
TY_BT_Cam1_Left_3101_02.MP4,60620,34.49,Lau_Totoya_BT_Transect 4,2.2153,42.32,2.698,4.692,1533.286,30.791,30.39,16.151,754.092,-217.767,-1317.152,Lau_Totoya_BT,Peter,Pomacentridae,Chrysiptera,biocellata,37372058,1,AD,Passing,
TY_BT_Cam1_Left_3101_02.MP4,60637,34.4947,Lau_Totoya_BT_Transect 4,2.22,64.84,1.667,9.515,1429.959,19.517,4.46,1.43,-413.253,-239.662,-1347.801,Lau_Totoya_BT,Peter,Pomacentridae,Chrysiptera,biocellata,37372058,1,AD,Passing,
