Filename,Frame,Time (mins),Period,Period time (mins),Length (mm),Precision (mm),RMS (mm),Range (mm),Direction (deg),Horz. Dir. (deg),Vert. Dir. (deg),Mid X (mm),Mid Y (mm),Mid Z (mm),OpCode,TapeReader,Family,Genus,Species,Code,Number,Stage,Activity,Comment,
SAV_GNU_CAM1_left_2009_1.MP4,20755,11.5421,SAV_GNU_Transect 4,0.1924,73.666,5.187,13.935,2777.274,27.457,21.821,28.405,-1138.669,-585.899,-2464.428,SAV_GNU_2009,Peter,Labridae,Labropsis,australis,37384132,1,AD,Passing,,
SAV_GNU_CAM1_left_2009_1.MP4,20764,11.5471,SAV_GNU_Transect 4,0.1974,,5.182,4.552,2868.286,8.96,,,227.792,-373.018,-2834.789,SAV_GNU_2009,Peter,Pomacentridae,Chromis,margaritifer,37372047,1,AD,Passing,,
SAV_GNU_CAM1_left_2009_1.MP4,20764,11.5471,SAV_GNU_Transect 4,0.1974,,3.86,5.444,2453.339,8.954,,,-117.655,-353.646,-2424.863,SAV_GNU_2009,Peter,Pomacentridae,Chromis,margaritifer,37372047,1,AD,Passing,,
SAV_GNU_CAM1_left_2009_1.MP4,20764,11.5471,SAV_GNU_Transect 4,0.1974,55.628,3.953,4.825,1888.659,20.884,41.212,19.179,630.222,-236.874,-1764.58,SAV_GNU_2009,Peter,Pomacentridae,Pomacentrus,moluccensis,37372118,1,AD,Passing,,
SAV_GNU_CAM1_left_2009_1.MP4,20764,11.5471,SAV_GNU_Transect 4,0.1974,,2.898,4.933,2101.758,15.125,,,-232.303,-488.721,-2030.904,SAV_GNU_2009,Peter,Pomacentridae,Pomacentrus,moluccensis,37372118,1,AD,Passing,,
SAV_GNU_CAM1_left_2009_1.MP4,20771,11.551,SAV_GNU_Transect 4,0.2013,31.331,2.9,6.853,2107.463,25.363,7.514,5.893,-713.473,-553.08,-1904.327,SAV_GNU_2009,Peter,Pomacentridae,Dascyllus,reticulatus,37372074,1,AD,Passing,,
SAV_GNU_CAM1_left_2009_1.MP4,20829,11.5832,SAV_GNU_Transect 4,0.2336,49.574,1.056,5.953,1305.759,17.469,10.123,17.782,-1.757,-391.968,-1245.538,SAV_GNU_2009,Peter,Pomacentridae,Chromis,atripes,37372037,1,AD,Passing,,
SAV_GNU_CAM1_left_2009_1.MP4,20838,11.5882,SAV_GNU_Transect 4,0.2386,48.899,1.372,5.758,1070.213,10.548,36.665,3.618,-156.331,-118.087,-1052.128,SAV_GNU_2009,Peter,Pomacentridae,Pomacentrus,moluccensis,37372118,1,AD,Passing,,
SAV_GNU_CAM1_left_2009_1.MP4,20838,11.5882,SAV_GNU_Transect 4,0.2386,,0.834,6.064,1045.135,7.456,,,-66.398,-114.153,-1036.758,SAV_GNU_2009,Peter,Pomacentridae,Pomacentrus,moluccensis,37372118,1,AD,Passing,,
SAV_GNU_CAM1_left_2009_1.MP4,20956,11.6539,SAV_GNU_Transect 4,0.3042,257.858,1.64,12.867,1284.278,17.253,27.827,5.99,-259.179,-279.12,-1226.494,SAV_GNU_2009,Peter,Pteroidae,Pterois,volitans,37287040,1,AD,Passing,,
SAV_GNU_CAM1_left_2009_1.MP4,21096,11.7317,SAV_GNU_Transect 4,0.382,,11.947,8.385,5000.019,25.432,,,-2129.664,-255.904,-4516.551,SAV_GNU_2009,Peter,Pomacentridae,Chromis,ternatensis,37372051,1,AD,Passing,,
SAV_GNU_CAM1_left_2009_1.MP4,21096,11.7317,SAV_GNU_Transect 4,0.382,,11.22,8.805,4911.183,26.691,,,-2186.394,-275.791,-4389.002,SAV_GNU_2009,Peter,Pomacentridae,Chromis,ternatensis,37372051,1,AD,Passing,,
SAV_GNU_CAM1_left_2009_1.MP4,21096,11.7317,SAV_GNU_Transect 4,0.382,,17.425,12.601,5989.539,23.677,,,-2401.104,-119.293,-5485.895,SAV_GNU_2009,Peter,Pomacentridae,Chromis,ternatensis,37372051,1,AD,Passing,,
SAV_GNU_CAM1_left_2009_1.MP4,21096,11.7317,SAV_GNU_Transect 4,0.382,,13.205,9.076,5330.688,26.101,,,-2343.496,110.918,-4786.643,SAV_GNU_2009,Peter,Pomacentridae,Chromis,ternatensis,37372051,1,AD,Passing,,
SAV_GNU_CAM1_left_2009_1.MP4,21096,11.7317,SAV_GNU_Transect 4,0.382,,12.27,5.318,5228.805,27.517,,,-2415.299,66.761,-4637.055,SAV_GNU_2009,Peter,Pomacentridae,Chromis,ternatensis,37372051,1,AD,Passing,,
SAV_GNU_CAM1_left_2009_1.MP4,21096,11.7317,SAV_GNU_Transect 4,0.382,,12.674,12.31,5174.442,25.345,,,-2214.919,-3.401,-4676.427,SAV_GNU_2009,Peter,Pomacentridae,Chromis,ternatensis,37372051,1,AD,Passing,,
SAV_GNU_CAM1_left_2009_1.MP4,21096,11.7317,SAV_GNU_Transect 4,0.382,,12.907,13.285,5377.658,27.726,,,-2498.498,150.259,-4759.636,SAV_GNU_2009,Peter,Pomacentridae,Chromis,ternatensis,37372051,1,AD,Passing,,
SAV_GNU_CAM1_left_2009_1.MP4,21096,11.7317,SAV_GNU_Transect 4,0.382,,13.783,6.791,5355.481,24.925,,,-2244.59,255.592,-4855.684,SAV_GNU_2009,Peter,Pomacentridae,Chromis,ternatensis,37372051,1,AD,Passing,,
SAV_GNU_CAM1_left_2009_1.MP4,21096,11.7317,SAV_GNU_Transect 4,0.382,,14.776,1.429,5427.47,23.123,,,-2106.961,341.797,-4990.122,SAV_GNU_2009,Peter,Pomacentridae,Chromis,ternatensis,37372051,1,AD,Passing,,
SAV_GNU_CAM1_left_2009_1.MP4,21096,11.7317,SAV_GNU_Transect 4,0.382,,15.761,9.016,5573.453,23.21,,,-2135.727,533.552,-5120.29,SAV_GNU_2009,Peter,Pomacentridae,Chromis,ternatensis,37372051,1,AD,Passing,,
SAV_GNU_CAM1_left_2009_1.MP4,21096,11.7317,SAV_GNU_Transect 4,0.382,,17.033,12.406,5812.777,24.089,,,-2269.713,711.72,-5303.794,SAV_GNU_2009,Peter,Pomacentridae,Chromis,ternatensis,37372051,1,AD,Passing,,
SAV_GNU_CAM1_left_2009_1.MP4,21096,11.7317,SAV_GNU_Transect 4,0.382,,23.469,9.837,6454.39,19.743,,,-1828.225,1212.119,-6070.215,SAV_GNU_2009,Peter,Pomacentridae,Chromis,ternatensis,37372051,1,AD,Passing,,
SAV_GNU_CAM1_left_2009_1.MP4,21096,11.7317,SAV_GNU_Transect 4,0.382,,21.673,17.33,6237.677,20.562,,,-1867.038,1169.351,-5835.701,SAV_GNU_2009,Peter,Pomacentridae,Chromis,ternatensis,37372051,1,AD,Passing,,
SAV_GNU_CAM1_left_2009_1.MP4,21096,11.7317,SAV_GNU_Transect 4,0.382,,26.333,9.598,6893.049,20.483,,,-2076.921,1252.108,-6452.344,SAV_GNU_2009,Peter,Pomacentridae,Chromis,ternatensis,37372051,1,AD,Passing,,
SAV_GNU_CAM1_left_2009_1.MP4,21096,11.7317,SAV_GNU_Transect 4,0.382,,16,10.004,5447.508,20.445,,,-1805.688,620.571,-5101.933,SAV_GNU_2009,Peter,Pomacentridae,Chromis,ternatensis,37372051,1,AD,Passing,,
SAV_GNU_CAM1_left_2009_1.MP4,21096,11.7317,SAV_GNU_Transect 4,0.382,,14.922,11.423,5326.556,21.025,,,-1867.13,427.002,-4970.281,SAV_GNU_2009,Peter,Pomacentridae,Chromis,ternatensis,37372051,1,AD,Passing,,
SAV_GNU_CAM1_left_2009_1.MP4,21096,11.7317,SAV_GNU_Transect 4,0.382,,17.075,8.298,5776.815,22.882,,,-2171.236,596.661,-5319.899,SAV_GNU_2009,Peter,Pomacentridae,Chromis,ternatensis,37372051,1,AD,Passing,,
SAV_GNU_CAM1_left_2009_1.MP4,21096,11.7317,SAV_GNU_Transect 4,0.382,,18.895,8.538,6052.475,22.476,,,-2226.181,653.192,-5590.162,SAV_GNU_2009,Peter,Pomacentridae,Chromis,ternatensis,37372051,1,AD,Passing,,
SAV_GNU_CAM1_left_2009_1.MP4,21096,11.7317,SAV_GNU_Transect 4,0.382,,24.65,12.217,6879.526,21.983,,,-2451.679,813.183,-6376.197,SAV_GNU_2009,Peter,Pomacentridae,Chromis,ternatensis,37372051,1,AD,Passing,,
SAV_GNU_CAM1_left_2009_1.MP4,21096,11.7317,SAV_GNU_Transect 4,0.382,,22.874,0.693,6599.98,22.166,,,-2332.254,896.877,-6108.677,SAV_GNU_2009,Peter,Pomacentridae,Chromis,ternatensis,37372051,1,AD,Passing,,
SAV_GNU_CAM1_left_2009_1.MP4,21096,11.7317,SAV_GNU_Transect 4,0.382,,19.714,13.705,6048.427,21.137,,,-2011.195,866.317,-5638.089,SAV_GNU_2009,Peter,Pomacentridae,Chromis,ternatensis,37372051,1,AD,Passing,,
SAV_GNU_CAM1_left_2009_1.MP4,21270,11.8285,SAV_GNU_Transect 4,0.4788,,6.458,9.064,3751.531,28.161,,,-1765.578,-119.069,-3307.951,SAV_GNU_2009,Peter,Pomacentridae,Chromis,ternatensis,37372051,1,AD,Passing,,
SAV_GNU_CAM1_left_2009_1.MP4,21270,11.8285,SAV_GNU_Transect 4,0.4788,,7.003,5.958,3946.095,28.601,,,-1886.883,-76.685,-3464.889,SAV_GNU_2009,Peter,Pomacentridae,Chromis,ternatensis,37372051,1,AD,Passing,,
SAV_GNU_CAM1_left_2009_1.MP4,21270,11.8285,SAV_GNU_Transect 4,0.4788,,6.665,4.936,3853.152,28.751,,,-1853.224,-12.737,-3378.191,SAV_GNU_2009,Peter,Pomacentridae,Chromis,ternatensis,37372051,1,AD,Passing,,
SAV_GNU_CAM1_left_2009_1.MP4,21270,11.8285,SAV_GNU_Transect 4,0.4788,,7.248,1.326,3949.228,27.396,,,-1814.765,107.283,-3505.926,SAV_GNU_2009,Peter,Pomacentridae,Chromis,ternatensis,37372051,1,AD,Passing,,
SAV_GNU_CAM1_left_2009_1.MP4,21270,11.8285,SAV_GNU_Transect 4,0.4788,,6.632,8.05,3750.939,27.051,,,-1704.233,-60.676,-3340.875,SAV_GNU_2009,Peter,Pomacentridae,Chromis,ternatensis,37372051,1,AD,Passing,,
SAV_GNU_CAM1_left_2009_1.MP4,21270,11.8285,SAV_GNU_Transect 4,0.4788,,7.237,1.137,3940.133,27.208,,,-1801.098,-26.239,-3504.284,SAV_GNU_2009,Peter,Pomacentridae,Chromis,ternatensis,37372051,1,AD,Passing,,
SAV_GNU_CAM1_left_2009_1.MP4,21270,11.8285,SAV_GNU_Transect 4,0.4788,,8.182,3.711,4191.913,26.945,,,-1899.478,4.482,-3736.857,SAV_GNU_2009,Peter,Pomacentridae,Chromis,ternatensis,37372051,1,AD,Passing,,
SAV_GNU_CAM1_left_2009_1.MP4,21270,11.8285,SAV_GNU_Transect 4,0.4788,,9.203,2.137,4489.256,27.406,,,-2066.342,9.742,-3985.417,SAV_GNU_2009,Peter,Pomacentridae,Chromis,ternatensis,37372051,1,AD,Passing,,
SAV_GNU_CAM1_left_2009_1.MP4,21270,11.8285,SAV_GNU_Transect 4,0.4788,,8.557,0.885,4223.409,25.677,,,-1829.951,25.343,-3806.287,SAV_GNU_2009,Peter,Pomacentridae,Chromis,ternatensis,37372051,1,AD,Passing,,
SAV_GNU_CAM1_left_2009_1.MP4,21270,11.8285,SAV_GNU_Transect 4,0.4788,,10.343,8.193,4621.779,24.854,,,-1942.074,61.118,-4193.501,SAV_GNU_2009,Peter,Pomacentridae,Chromis,ternatensis,37372051,1,AD,Passing,,
SAV_GNU_CAM1_left_2009_1.MP4,21270,11.8285,SAV_GNU_Transect 4,0.4788,,9.419,5.005,4466.525,26.094,,,-1964.398,44.846,-4011.107,SAV_GNU_2009,Peter,Pomacentridae,Chromis,ternatensis,37372051,1,AD,Passing,,
SAV_GNU_CAM1_left_2009_1.MP4,21270,11.8285,SAV_GNU_Transect 4,0.4788,,8.762,8.438,4150.14,23.158,,,-1628.455,124.543,-3815.271,SAV_GNU_2009,Peter,Pomacentridae,Chromis,ternatensis,37372051,1,AD,Passing,,
SAV_GNU_CAM1_left_2009_1.MP4,21270,11.8285,SAV_GNU_Transect 4,0.4788,,9.897,12.663,4449.733,23.757,,,-1785.425,176.669,-4071.999,SAV_GNU_2009,Peter,Pomacentridae,Chromis,ternatensis,37372051,1,AD,Passing,,
SAV_GNU_CAM1_left_2009_1.MP4,21270,11.8285,SAV_GNU_Transect 4,0.4788,,8.816,5.107,4154.955,23.191,,,-1624.56,210.222,-3818.411,SAV_GNU_2009,Peter,Pomacentridae,Chromis,ternatensis,37372051,1,AD,Passing,,
SAV_GNU_CAM1_left_2009_1.MP4,21270,11.8285,SAV_GNU_Transect 4,0.4788,,8.078,5.78,3834.039,19.285,,,-1257.847,159.804,-3618.306,SAV_GNU_2009,Peter,Pomacentridae,Chromis,ternatensis,37372051,1,AD,Passing,,
SAV_GNU_CAM1_left_2009_1.MP4,21270,11.8285,SAV_GNU_Transect 4,0.4788,,8.81,7.137,4017.37,19.497,,,-1328.559,196.208,-3786.251,SAV_GNU_2009,Peter,Pomacentridae,Chromis,ternatensis,37372051,1,AD,Passing,,
SAV_GNU_CAM1_left_2009_1.MP4,21270,11.8285,SAV_GNU_Transect 4,0.4788,,9.919,5.917,4307.502,20.592,,,-1495.693,256.866,-4031.314,SAV_GNU_2009,Peter,Pomacentridae,Chromis,ternatensis,37372051,1,AD,Passing,,
SAV_GNU_CAM1_left_2009_1.MP4,21270,11.8285,SAV_GNU_Transect 4,0.4788,,9.622,8.202,4147.75,17.967,,,-1248.891,293.57,-3944.352,SAV_GNU_2009,Peter,Pomacentridae,Chromis,ternatensis,37372051,1,AD,Passing,,
SAV_GNU_CAM1_left_2009_1.MP4,21270,11.8285,SAV_GNU_Transect 4,0.4788,121.864,11.734,9.211,3662.259,27.433,37.923,6.033,-1672.071,-225.592,-3250.45,SAV_GNU_2009,Peter,Acanthuridae,Ctenochaetus,striatus,37437022,1,AD,Passing,,
SAV_GNU_CAM1_left_2009_1.MP4,21270,11.8285,SAV_GNU_Transect 4,0.4788,,7.758,1.766,3949.534,25.545,,,-1656.675,409.144,-3561.86,SAV_GNU_2009,Peter,Pomacentridae,Dascyllus,trimaculatus,37372075,1,AD,Passing,,
SAV_GNU_CAM1_left_2009_1.MP4,21334,11.8641,SAV_GNU_Transect 4,0.5144,106.59,8.033,8.007,4141.404,14.921,0.485,67.999,-412.001,983.564,-4001.76,SAV_GNU_2009,Peter,Pomacentridae,Dascyllus,trimaculatus,37372075,1,AD,Passing,,
SAV_GNU_CAM1_left_2009_1.MP4,21360,11.8785,SAV_GNU_Transect 4,0.5289,52.718,4.816,4.106,2606.486,25.185,15.948,17.88,-1090.766,201.162,-2358.714,SAV_GNU_2009,Peter,Pomacentridae,Chromis,ternatensis,37372051,1,AD,Passing,measurement for frame 21096 & 21270,
SAV_GNU_CAM1_left_2009_1.MP4,21360,11.8785,SAV_GNU_Transect 4,0.5289,,4.397,2.211,2829.004,22.384,,,-1060.96,197.431,-2615.081,SAV_GNU_2009,Peter,Pomacentridae,Chromis,ternatensis,37372051,1,AD,Passing,,
SAV_GNU_CAM1_left_2009_1.MP4,21360,11.8785,SAV_GNU_Transect 4,0.5289,,4.363,0.376,2825.115,22.585,,,-1072.153,176.779,-2607.78,SAV_GNU_2009,Peter,Pomacentridae,Chromis,ternatensis,37372051,1,AD,Passing,,
SAV_GNU_CAM1_left_2009_1.MP4,21360,11.8785,SAV_GNU_Transect 4,0.5289,,4.262,0.357,2779.393,22.197,,,-1038.381,166.05,-2572.784,SAV_GNU_2009,Peter,Pomacentridae,Chromis,ternatensis,37372051,1,AD,Passing,,
SAV_GNU_CAM1_left_2009_1.MP4,21360,11.8785,SAV_GNU_Transect 4,0.5289,,5.642,10.276,3180.952,20.507,,,-1090.857,239.583,-2978.437,SAV_GNU_2009,Peter,Pomacentridae,Chromis,ternatensis,37372051,1,AD,Passing,,
SAV_GNU_CAM1_left_2009_1.MP4,21360,11.8785,SAV_GNU_Transect 4,0.5289,,3.966,2.886,2621.397,20.137,,,-887.653,172.553,-2460.491,SAV_GNU_2009,Peter,Pomacentridae,Chromis,ternatensis,37372051,1,AD,Passing,,
SAV_GNU_CAM1_left_2009_1.MP4,21360,11.8785,SAV_GNU_Transect 4,0.5289,,4.224,2.292,2700.098,20.344,,,-892.319,301.457,-2530.498,SAV_GNU_2009,Peter,Pomacentridae,Chromis,ternatensis,37372051,1,AD,Passing,,
SAV_GNU_CAM1_left_2009_1.MP4,21360,11.8785,SAV_GNU_Transect 4,0.5289,,4.231,6.037,2637.312,16.807,,,-706.159,297.812,-2523.503,SAV_GNU_2009,Peter,Pomacentridae,Chromis,ternatensis,37372051,1,AD,Passing,,
SAV_GNU_CAM1_left_2009_1.MP4,21360,11.8785,SAV_GNU_Transect 4,0.5289,,4.476,2.111,2934.452,25.178,,,-1219.946,275.621,-2654.576,SAV_GNU_2009,Peter,Pomacentridae,Chromis,ternatensis,37372051,1,AD,Passing,,
SAV_GNU_CAM1_left_2009_1.MP4,21360,11.8785,SAV_GNU_Transect 4,0.5289,,5.289,2.87,3175.231,24.466,,,-1270.008,352.639,-2888.739,SAV_GNU_2009,Peter,Pomacentridae,Chromis,ternatensis,37372051,1,AD,Passing,,
SAV_GNU_CAM1_left_2009_1.MP4,21360,11.8785,SAV_GNU_Transect 4,0.5289,,4.063,2.334,2667.188,21.224,,,-928.5,274.831,-2485.206,SAV_GNU_2009,Peter,Pomacentridae,Chromis,ternatensis,37372051,1,AD,Passing,,
SAV_GNU_CAM1_left_2009_1.MP4,21360,11.8785,SAV_GNU_Transect 4,0.5289,,4.748,2.991,2909.61,21.662,,,-1026.277,327.405,-2702.849,SAV_GNU_2009,Peter,Pomacentridae,Chromis,ternatensis,37372051,1,AD,Passing,,
SAV_GNU_CAM1_left_2009_1.MP4,21360,11.8785,SAV_GNU_Transect 4,0.5289,,5.181,4.572,3002.353,20.126,,,-967.291,373.932,-2817.561,SAV_GNU_2009,Peter,Pomacentridae,Chromis,ternatensis,37372051,1,AD,Passing,,
SAV_GNU_CAM1_left_2009_1.MP4,21360,11.8785,SAV_GNU_Transect 4,0.5289,,4.565,5.308,2737.867,15.924,,,-695.51,294.14,-2631.666,SAV_GNU_2009,Peter,Pomacentridae,Chromis,ternatensis,37372051,1,AD,Passing,,
SAV_GNU_CAM1_left_2009_1.MP4,21360,11.8785,SAV_GNU_Transect 4,0.5289,59.945,2.943,5.323,2205.192,15.991,4.882,11.65,-565.533,221.905,-2119.859,SAV_GNU_2009,Peter,Labridae,Thalassoma,lunare,37384167,1,AD,Passing,,
SAV_GNU_CAM1_left_2009_1.MP4,21429,11.9169,SAV_GNU_Transect 4,0.5672,55.409,3.88,7.855,2448.166,22.454,4.144,20.942,-932.69,-66.704,-2262.555,SAV_GNU_2009,Peter,Pomacentridae,Chromis,viridis,37372053,1,AD,Passing,,
SAV_GNU_CAM1_left_2009_1.MP4,21429,11.9169,SAV_GNU_Transect 4,0.5672,,5.416,3.65,3091.253,18.939,,,-1000.124,-68.235,-2924.199,SAV_GNU_2009,Peter,Pomacentridae,Chromis,viridis,37372053,1,AD,Passing,,
SAV_GNU_CAM1_left_2009_1.MP4,21429,11.9169,SAV_GNU_Transect 4,0.5672,,5.715,6.534,3185.526,19.022,,,-1036.896,-41.684,-3011.758,SAV_GNU_2009,Peter,Pomacentridae,Chromis,viridis,37372053,1,AD,Passing,,
SAV_GNU_CAM1_left_2009_1.MP4,21429,11.9169,SAV_GNU_Transect 4,0.5672,,3.562,1.905,2445.374,18.438,,,-766.26,-95.848,-2320.24,SAV_GNU_2009,Peter,Pomacentridae,Chromis,viridis,37372053,1,AD,Passing,,
SAV_GNU_CAM1_left_2009_1.MP4,21429,11.9169,SAV_GNU_Transect 4,0.5672,,3.933,2.499,2565.141,17.425,,,-758.081,-114.314,-2447.896,SAV_GNU_2009,Peter,Pomacentridae,Chromis,viridis,37372053,1,AD,Passing,,
SAV_GNU_CAM1_left_2009_1.MP4,21429,11.9169,SAV_GNU_Transect 4,0.5672,,4.45,6.859,2728.158,16.063,,,-752.831,-44.836,-2621.847,SAV_GNU_2009,Peter,Pomacentridae,Chromis,viridis,37372053,1,AD,Passing,,
SAV_GNU_CAM1_left_2009_1.MP4,21429,11.9169,SAV_GNU_Transect 4,0.5672,,4.737,4.403,2813.948,15.387,,,-746.458,-6.503,-2713.128,SAV_GNU_2009,Peter,Pomacentridae,Chromis,viridis,37372053,1,AD,Passing,,
SAV_GNU_CAM1_left_2009_1.MP4,21429,11.9169,SAV_GNU_Transect 4,0.5672,,2.939,2.984,2342.421,25.605,,,-995.33,-176.261,-2113.099,SAV_GNU_2009,Peter,Pomacentridae,Chromis,viridis,37372053,1,AD,Passing,,
SAV_GNU_CAM1_left_2009_1.MP4,21429,11.9169,SAV_GNU_Transect 4,0.5672,,4.169,4.659,2601.301,13.401,,,-597.885,-67.492,-2530.76,SAV_GNU_2009,Peter,Pomacentridae,Chromis,viridis,37372053,1,AD,Passing,,
SAV_GNU_CAM1_left_2009_1.MP4,21429,11.9169,SAV_GNU_Transect 4,0.5672,92.702,4.952,5.695,1820.356,20.316,83.671,8.701,-613.791,-150.649,-1707.121,SAV_GNU_2009,Peter,Lethrinidae,Monotaxis,grandoculis,37351026,1,AD,Passing,,
SAV_GNU_CAM1_left_2009_1.MP4,21456,11.9319,SAV_GNU_Transect 4,0.5822,54.991,1.467,6.789,1497.444,4.561,11.875,0.066,-76.422,-91.306,-1492.702,SAV_GNU_2009,Peter,Pomacentridae,Chromis,ternatensis,37372051,1,AD,Passing,,
SAV_GNU_CAM1_left_2009_1.MP4,21456,11.9319,SAV_GNU_Transect 4,0.5822,41.878,2.372,9.064,1499.733,6.225,29.738,8.493,-161.896,-15.358,-1490.89,SAV_GNU_2009,Peter,Pomacentridae,Chromis,ternatensis,37372051,1,AD,Passing,,
SAV_GNU_CAM1_left_2009_1.MP4,21456,11.9319,SAV_GNU_Transect 4,0.5822,45.523,1.831,10.468,1324.265,11.237,30.767,19.019,-227.222,-122.34,-1298.877,SAV_GNU_2009,Peter,Pomacentridae,Chromis,ternatensis,37372051,1,AD,Passing,,
SAV_GNU_CAM1_left_2009_1.MP4,21456,11.9319,SAV_GNU_Transect 4,0.5822,54.141,2.791,5.191,1791.604,19.9,22.735,14.359,-583.436,-177.45,-1684.624,SAV_GNU_2009,Peter,Pomacentridae,Chromis,ternatensis,37372051,1,AD,Passing,,
SAV_GNU_CAM1_left_2009_1.MP4,21456,11.9319,SAV_GNU_Transect 4,0.5822,51.984,3.158,6.326,1822.524,19.962,27.183,0.981,-610.824,-118.51,-1713.021,SAV_GNU_2009,Peter,Pomacentridae,Chromis,ternatensis,37372051,1,AD,Passing,,
SAV_GNU_CAM1_left_2009_1.MP4,21456,11.9319,SAV_GNU_Transect 4,0.5822,105.172,1.632,4.229,1868.878,2.85,4.333,8.492,-92.772,-5.3,-1866.566,SAV_GNU_2009,Peter,Pomacentridae,Dascyllus,trimaculatus,37372075,1,AD,Passing,,
SAV_GNU_CAM1_left_2009_1.MP4,21456,11.9319,SAV_GNU_Transect 4,0.5822,81.582,1.433,5.998,1549.42,9.293,1.608,17.988,237.741,78.023,-1529.083,SAV_GNU_2009,Peter,Labridae,Labroides,dimidiatus,37384028,1,AD,Passing,,
SAV_GNU_CAM1_left_2009_1.MP4,21517,11.9658,SAV_GNU_Transect 4,0.6162,136.699,1.812,9.627,1788.196,9.91,9.598,34.666,221.652,-213.497,-1761.515,SAV_GNU_2009,Peter,Balistidae,Balistapus,undulatus,37465047,1,AD,Passing,,
SAV_GNU_CAM1_left_2009_1.MP4,21517,11.9658,SAV_GNU_Transect 4,0.6162,54.696,1.205,6.519,1259.745,13.727,7.988,0.565,-244.51,-171.983,-1223.762,SAV_GNU_2009,Peter,Pomacentridae,Chromis,viridis,37372053,1,AD,Passing,,
SAV_GNU_CAM1_left_2009_1.MP4,21517,11.9658,SAV_GNU_Transect 4,0.6162,39.181,2.181,2.561,1199.512,12.943,58.515,2.16,-240.36,-120.057,-1169.035,SAV_GNU_2009,Peter,Pomacentridae,Chromis,viridis,37372053,1,AD,Passing,,
SAV_GNU_CAM1_left_2009_1.MP4,21517,11.9658,SAV_GNU_Transect 4,0.6162,44.821,2.113,3.839,1233.857,18.109,55.638,1.143,-350.954,-154.623,-1172.743,SAV_GNU_2009,Peter,Pomacentridae,Chromis,viridis,37372053,1,AD,Passing,,
SAV_GNU_CAM1_left_2009_1.MP4,21517,11.9658,SAV_GNU_Transect 4,0.6162,52.052,2.006,7.962,1167.831,19.467,81.903,18.456,-301.308,-246.344,-1101.071,SAV_GNU_2009,Peter,Pomacentridae,Chromis,ternatensis,37372051,1,AD,Passing,,
SAV_GNU_CAM1_left_2009_1.MP4,21517,11.9658,SAV_GNU_Transect 4,0.6162,,1.105,1.45,1232.13,15.157,,,-267.215,-175.225,-1189.973,SAV_GNU_2009,Peter,Pomacentridae,Chromis,viridis,37372053,1,AD,Passing,,
SAV_GNU_CAM1_left_2009_1.MP4,21517,11.9658,SAV_GNU_Transect 4,0.6162,,1.233,8.19,1348.29,21.293,,,-443.851,-201.694,-1257.061,SAV_GNU_2009,Peter,Pomacentridae,Chromis,viridis,37372053,1,AD,Passing,,
SAV_GNU_CAM1_left_2009_1.MP4,21517,11.9658,SAV_GNU_Transect 4,0.6162,27.248,1.4,5.149,1536.684,8.471,7.02,23.779,173.236,-145.73,-1519.918,SAV_GNU_2009,Peter,Pomacentridae,Plectroglyphidodon,dickii,37372098,1,AD,Passing,,
SAV_GNU_CAM1_left_2009_1.MP4,21517,11.9658,SAV_GNU_Transect 4,0.6162,26.64,1.568,6.904,1505.426,12.338,15.088,21.711,-141.261,-289.012,-1470.655,SAV_GNU_2009,Peter,Pomacentridae,Plectroglyphidodon,dickii,37372098,1,AD,Passing,,
SAV_GNU_CAM1_left_2009_1.MP4,21517,11.9658,SAV_GNU_Transect 4,0.6162,25.121,1.184,5.692,1451.369,11.338,5.232,15.939,-82.995,-273.003,-1423.044,SAV_GNU_2009,Peter,Pomacentridae,Plectroglyphidodon,dickii,37372098,1,AD,Passing,,
SAV_GNU_CAM1_left_2009_1.MP4,21517,11.9658,SAV_GNU_Transect 4,0.6162,26.725,1.877,8.459,1554.684,22.691,15.861,19.011,-472.916,-368.818,-1434.353,SAV_GNU_2009,Peter,Pomacentridae,Plectroglyphidodon,dickii,37372098,1,AD,Passing,,
SAV_GNU_CAM1_left_2009_1.MP4,21529,11.9725,SAV_GNU_Transect 4,0.6228,60.84,0.819,3.817,848.994,14.793,41.656,33.328,130.673,-172.965,-820.853,SAV_GNU_2009,Peter,Pomacentridae,Chromis,ternatensis,37372051,1,AD,Passing,,
SAV_GNU_CAM1_left_2009_1.MP4,21529,11.9725,SAV_GNU_Transect 4,0.6228,33.785,1.192,7.551,1386.726,8.066,9.255,12.259,-36.341,-191.143,-1373.009,SAV_GNU_2009,Peter,Pomacentridae,Chromis,viridis,37372053,1,AD,Passing,,
SAV_GNU_CAM1_left_2009_1.MP4,21529,11.9725,SAV_GNU_Transect 4,0.6228,39.65,3.394,5.998,1547.801,17.5,60.652,20.84,419.764,-201.05,-1476.166,SAV_GNU_2009,Peter,Pomacentridae,Chromis,atripes,37372037,1,AD,Passing,,
SAV_GNU_CAM1_left_2009_1.MP4,21529,11.9725,SAV_GNU_Transect 4,0.6228,36.997,1.41,6.864,1317.326,11.702,16.402,11.791,214.317,-159.539,-1289.947,SAV_GNU_2009,Peter,Pomacentridae,Chromis,viridis,37372053,1,AD,Passing,,
SAV_GNU_CAM1_left_2009_1.MP4,21529,11.9725,SAV_GNU_Transect 4,0.6228,29.025,1.14,11.565,1289.387,16.62,11.455,29.266,-124.374,-347.188,-1235.521,SAV_GNU_2009,Peter,Pomacentridae,Plectroglyphidodon,dickii,37372098,1,AD,Passing,,
SAV_GNU_CAM1_left_2009_1.MP4,21553,11.9859,SAV_GNU_Transect 4,0.6362,40.412,0.902,5.733,1085.873,15.784,4.981,50.416,76.917,-285.177,-1044.93,SAV_GNU_2009,Peter,Pomacentridae,Chromis,viridis,37372053,1,AD,Passing,,
SAV_GNU_CAM1_left_2009_1.MP4,21553,11.9859,SAV_GNU_Transect 4,0.6362,34.719,1.538,1.879,1298.191,20.816,17.608,0.337,396.607,-235.641,-1213.457,SAV_GNU_2009,Peter,Pomacentridae,Chromis,atripes,37372037,1,AD,Passing,,
SAV_GNU_CAM1_left_2009_1.MP4,21553,11.9859,SAV_GNU_Transect 4,0.6362,33.129,1.222,5.685,1166.243,20.962,28.324,35.836,201.895,-365.117,-1089.059,SAV_GNU_2009,Peter,Pomacentridae,Dascyllus,reticulatus,37372074,1,AD,Passing,,
SAV_GNU_CAM1_left_2009_1.MP4,21553,11.9859,SAV_GNU_Transect 4,0.6362,41.11,1.654,3.094,1200.811,21.771,42.545,6.829,244.772,-372.075,-1115.165,SAV_GNU_2009,Peter,Pomacentridae,Dascyllus,reticulatus,37372074,1,AD,Passing,,
SAV_GNU_CAM1_left_2009_1.MP4,21553,11.9859,SAV_GNU_Transect 4,0.6362,29.714,0.89,5.973,1128.244,18.014,7.625,32.74,-46.327,-345.815,-1072.94,SAV_GNU_2009,Peter,Pomacentridae,Plectroglyphidodon,dickii,37372098,1,AD,Passing,,
SAV_GNU_CAM1_left_2009_1.MP4,21553,11.9859,SAV_GNU_Transect 4,0.6362,,0.791,3.657,1049.792,19.715,,,36.823,-348.295,-989.646,SAV_GNU_2009,Peter,Pomacentridae,Pomacentrus,moluccensis,37372118,1,AD,Passing,,
SAV_GNU_CAM1_left_2009_1.MP4,22240,12.3679,SAV_GNU_Transect 4,1.0182,211.394,18.417,10.502,5129.779,8.523,20.662,15.065,25.735,-759.834,-5073.127,SAV_GNU_2009,Peter,Acanthuridae,Acanthurus,sp,,1,AD,Passing,,
SAV_GNU_CAM1_left_2009_1.MP4,22392,12.4524,SAV_GNU_Transect 4,1.1028,109.037,7.912,13.998,3471.235,25.098,18.556,24.86,-1342.223,-605.307,-3143.487,SAV_GNU_2009,Peter,Lutjanidae,Macolor,niger,37346048,1,J,Passing,,
SAV_GNU_CAM1_left_2009_1.MP4,22502,12.5136,SAV_GNU_Transect 4,1.1639,185.957,6.277,7.509,3380.007,10.225,12.724,2.885,-462.92,-381.752,-3326.322,SAV_GNU_2009,Peter,Acanthuridae,Acanthurus,sp,,1,AD,Passing,,
SAV_GNU_CAM1_left_2009_1.MP4,22502,12.5136,SAV_GNU_Transect 4,1.1639,205.754,3.775,5.455,3471.72,8.087,2.024,5.93,-326.228,-363.435,-3437.198,SAV_GNU_2009,Peter,Acanthuridae,Acanthurus,sp,,1,AD,Passing,,
SAV_GNU_CAM1_left_2009_1.MP4,22502,12.5136,SAV_GNU_Transect 4,1.1639,186.013,11.036,15.533,4081.332,11.412,17.656,5.12,552.522,-588.949,-4000.641,SAV_GNU_2009,Peter,Acanthuridae,Acanthurus,sp,,1,AD,Passing,,
SAV_GNU_CAM1_left_2009_1.MP4,22502,12.5136,SAV_GNU_Transect 4,1.1639,,11.488,8.396,4932.694,30.419,,,-2116.876,-1308.457,-4258.902,SAV_GNU_2009,Peter,Acanthuridae,Acanthurus,sp,,1,AD,Passing,,
SAV_GNU_CAM1_left_2009_1.MP4,22502,12.5136,SAV_GNU_Transect 4,1.1639,110.793,9.802,10.885,3440.639,17.052,24.897,8.682,-827.096,-577.826,-3289.38,SAV_GNU_2009,Peter,Acanthuridae,Ctenochaetus,striatus,37437022,1,AD,Passing,,
SAV_GNU_CAM1_left_2009_1.MP4,22521,12.5242,SAV_GNU_Transect 4,1.1745,,5.583,12.263,3357.578,30.559,,,-1356.81,-1024.463,-2895.32,SAV_GNU_2009,Peter,Labridae,Stethojulis,sp,,1,AD,Passing,,
SAV_GNU_CAM1_left_2009_1.MP4,22536,12.5325,SAV_GNU_Transect 4,1.1828,90.34,6.174,5.526,3124.77,21.191,14.28,5.587,-868.755,-721.902,-2913.471,SAV_GNU_2009,Peter,Pomacanthidae,Centropyge,bicolor,37365022,1,AD,Passing,,
SAV_GNU_CAM1_left_2009_1.MP4,22647,12.5942,SAV_GNU_Transect 4,1.2446,,2.89,8.992,2298.532,27.497,,,-894.255,-563.321,-2041.134,SAV_GNU_2009,Peter,Pomacentridae,Pomacentrus,coelestis,37372111,1,AD,Passing,,
SAV_GNU_CAM1_left_2009_1.MP4,22647,12.5942,SAV_GNU_Transect 4,1.2446,,3.171,10.359,2413.655,27.773,,,-917.446,-642.081,-2138.166,SAV_GNU_2009,Peter,Pomacentridae,Pomacentrus,coelestis,37372111,1,AD,Passing,,
SAV_GNU_CAM1_left_2009_1.MP4,22647,12.5942,SAV_GNU_Transect 4,1.2446,,3.119,10.422,2330.523,26.398,,,-753.946,-702.513,-2090.305,SAV_GNU_2009,Peter,Pomacentridae,Pomacentrus,coelestis,37372111,1,AD,Passing,,
SAV_GNU_CAM1_left_2009_1.MP4,22691,12.6187,SAV_GNU_Transect 4,1.269,206.018,16.976,15.68,5182.193,17.671,19.038,27.59,-1248.031,-957.509,-4937.684,SAV_GNU_2009,Peter,Acanthuridae,Acanthurus,sp,,1,AD,Passing,,
SAV_GNU_CAM1_left_2009_1.MP4,22877,12.7222,SAV_GNU_Transect 4,1.3725,,13.268,15.361,5155.318,29.276,,,2256.107,1142.844,-4492.348,SAV_GNU_2009,Peter,Pomacentridae,Pomacentrus,sp,,1,AD,Passing,,
SAV_GNU_CAM1_left_2009_1.MP4,22877,12.7222,SAV_GNU_Transect 4,1.3725,,10.409,13.174,4607.774,29.904,,,2093.479,961.654,-3990.508,SAV_GNU_2009,Peter,Pomacentridae,Pomacentrus,sp,,1,AD,Passing,,
SAV_GNU_CAM1_left_2009_1.MP4,22911,12.7411,SAV_GNU_Transect 4,1.3914,,3.924,12.586,2787.981,30.62,,,-1127.916,-853.193,-2402.646,SAV_GNU_2009,Peter,Balistidae,Sufflamen,chrysopterum,37465079,1,AD,Passing,,
SAV_GNU_CAM1_left_2009_1.MP4,22963,12.77,SAV_GNU_Transect 4,1.4203,,26.741,5.574,6918.697,15.903,,,1892.661,-82.767,-6654.274,SAV_GNU_2009,Peter,Serranidae,Plectropomus,leopardus,37311078,1,AD,Passing,,
SAV_GNU_CAM1_left_2009_1.MP4,23507,13.0725,SAV_GNU_Transect 4,1.7228,,10.773,2.81,4232.343,10.375,,,121.772,-735.886,-4166.098,SAV_GNU_2009,Peter,Scaridae,Chlorurus,sp,,1,AD,Passing,,
SAV_GNU_CAM1_left_2009_1.MP4,23507,13.0725,SAV_GNU_Transect 4,1.7228,,8.475,5.191,3717.668,12.142,,,144.88,-754.004,-3637.518,SAV_GNU_2009,Peter,Scaridae,Chlorurus,sp,,1,AD,Passing,,
SAV_GNU_CAM1_left_2009_1.MP4,23524,13.082,SAV_GNU_Transect 4,1.7323,,4.822,7.26,2785.656,21.913,,,274.315,-992.503,-2588.353,SAV_GNU_2009,Peter,Pomacentridae,Dascyllus,aruanus,37372073,1,AD,Passing,,
SAV_GNU_CAM1_left_2009_1.MP4,23524,13.082,SAV_GNU_Transect 4,1.7323,,5.932,6.185,3130.638,22.235,,,31.386,-1172.72,-2902.522,SAV_GNU_2009,Peter,Pomacentridae,Dascyllus,aruanus,37372073,1,AD,Passing,,
SAV_GNU_CAM1_left_2009_1.MP4,23524,13.082,SAV_GNU_Transect 4,1.7323,,6.798,11.325,3332.612,19.473,,,44.725,-1097.602,-3146.359,SAV_GNU_2009,Peter,Pomacentridae,Dascyllus,aruanus,37372073,1,AD,Passing,,
SAV_GNU_CAM1_left_2009_1.MP4,23524,13.082,SAV_GNU_Transect 4,1.7323,,6.015,8.848,3118.198,18.308,,,-3.641,-967.775,-2964.213,SAV_GNU_2009,Peter,Pomacentridae,Dascyllus,aruanus,37372073,1,AD,Passing,,
SAV_GNU_CAM1_left_2009_1.MP4,23524,13.082,SAV_GNU_Transect 4,1.7323,,6.103,4.796,3133.971,17.501,,,80.443,-927.149,-2992.608,SAV_GNU_2009,Peter,Pomacentridae,Dascyllus,aruanus,37372073,1,AD,Passing,,
SAV_GNU_CAM1_left_2009_1.MP4,23524,13.082,SAV_GNU_Transect 4,1.7323,,7.43,10.484,3462.496,16.578,,,206.897,-952.837,-3322.375,SAV_GNU_2009,Peter,Pomacentridae,Dascyllus,aruanus,37372073,1,AD,Passing,,
SAV_GNU_CAM1_left_2009_1.MP4,23524,13.082,SAV_GNU_Transect 4,1.7323,,7.197,8.389,3388.249,16.516,,,449.1,-839.242,-3251.801,SAV_GNU_2009,Peter,Pomacentridae,Dascyllus,aruanus,37372073,1,AD,Passing,,
SAV_GNU_CAM1_left_2009_1.MP4,23524,13.082,SAV_GNU_Transect 4,1.7323,,6.198,7.139,3177.871,19.516,,,-57.027,-1048.206,-2999.48,SAV_GNU_2009,Peter,Pomacentridae,Dascyllus,reticulatus,37372074,1,AD,Passing,,
SAV_GNU_CAM1_left_2009_1.MP4,23524,13.082,SAV_GNU_Transect 4,1.7323,,6.132,6.463,3161.91,19.793,,,-156.802,-1047.329,-2979.294,SAV_GNU_2009,Peter,Pomacentridae,Dascyllus,reticulatus,37372074,1,AD,Passing,,
SAV_GNU_CAM1_left_2009_1.MP4,23524,13.082,SAV_GNU_Transect 4,1.7323,,6.47,9.633,3242.982,18.494,,,-73.357,-1013.874,-3079.548,SAV_GNU_2009,Peter,Pomacentridae,Dascyllus,reticulatus,37372074,1,AD,Passing,,
SAV_GNU_CAM1_left_2009_1.MP4,23524,13.082,SAV_GNU_Transect 4,1.7323,,6.433,6.597,3230.573,18.242,,,-12.966,-999.011,-3072.199,SAV_GNU_2009,Peter,Pomacentridae,Dascyllus,reticulatus,37372074,1,AD,Passing,,
SAV_GNU_CAM1_left_2009_1.MP4,23524,13.082,SAV_GNU_Transect 4,1.7323,,7.17,8.185,3463.648,22.476,,,-129.226,-1305.102,-3205.755,SAV_GNU_2009,Peter,Pomacentridae,Pomacentrus,moluccensis,37372118,1,AD,Passing,,
SAV_GNU_CAM1_left_2009_1.MP4,23540,13.0909,SAV_GNU_Transect 4,1.7412,137.704,6.356,9.225,2634.316,21.982,32.982,5.749,-92.391,-981.716,-2442.809,SAV_GNU_2009,Peter,Scaridae,Scarus,schlegeli,37386029,1,AD,Passing,,
SAV_GNU_CAM1_left_2009_1.MP4,23555,13.0992,SAV_GNU_Transect 4,1.7495,42.837,3.455,7.311,2596.608,19.507,11.647,18.524,322.592,-804.815,-2447.566,SAV_GNU_2009,Peter,Pomacentridae,Dascyllus,aruanus,37372073,1,AD,Passing,measurement for frame 23524,
SAV_GNU_CAM1_left_2009_1.MP4,23599,13.1237,SAV_GNU_Transect 4,1.774,35.36,3.28,9.503,2119.518,18.772,23.324,37.948,233.49,-640.851,-2006.776,SAV_GNU_2009,Peter,Pomacentridae,Dascyllus,reticulatus,37372074,1,AD,Passing,measurement for frame 23524,
SAV_GNU_CAM1_left_2009_1.MP4,23599,13.1237,SAV_GNU_Transect 4,1.774,32.929,1.857,4.027,1985.879,22.913,4.322,13.926,281.895,-719.958,-1829.183,SAV_GNU_2009,Peter,Pomacentridae,Dascyllus,aruanus,37372073,1,AD,Passing,measurement for frame 23524,
SAV_GNU_CAM1_left_2009_1.MP4,23599,13.1237,SAV_GNU_Transect 4,1.774,,2.761,4.255,2046.653,18.402,,,254.072,-586.338,-1944.337,SAV_GNU_2009,Peter,Pomacentridae,Dascyllus,reticulatus,37372074,1,AD,Passing,measurement for frame 23524,
SAV_GNU_CAM1_left_2009_1.MP4,23599,13.1237,SAV_GNU_Transect 4,1.774,,3.115,9.567,2175.839,16.778,,,400.104,-475.901,-2085.116,SAV_GNU_2009,Peter,Pomacentridae,Dascyllus,reticulatus,37372074,1,AD,Passing,,
SAV_GNU_CAM1_left_2009_1.MP4,23631,13.1415,SAV_GNU_Transect 4,1.7918,34.699,3.094,2.899,2083.113,26.466,17.648,0.137,632.537,-679.541,-1864.801,SAV_GNU_2009,Peter,Pomacentridae,Pomacentrus,moluccensis,37372118,1,AD,Passing,,
SAV_GNU_CAM1_left_2009_1.MP4,23713,13.1871,SAV_GNU_Transect 4,1.8374,30.35,2.676,0.521,2206.572,25.157,4.163,22.961,533.678,-771.389,-1997.275,SAV_GNU_2009,Peter,Pomacentridae,Dascyllus,reticulatus,37372074,1,AD,Passing,,
SAV_GNU_CAM1_left_2009_1.MP4,23741,13.2026,SAV_GNU_Transect 4,1.853,59.886,5.833,8.785,2756.563,21.053,22.757,16.911,690.669,-709.632,-2572.555,SAV_GNU_2009,Peter,Pomacentridae,Dascyllus,reticulatus,37372074,1,AD,Passing,,
SAV_GNU_CAM1_left_2009_1.MP4,23741,13.2026,SAV_GNU_Transect 4,1.853,,4.595,5.139,2688.439,19.077,,,539.975,-683.096,-2543.524,SAV_GNU_2009,Peter,Pomacentridae,Dascyllus,reticulatus,37372074,1,AD,Passing,,
SAV_GNU_CAM1_left_2009_1.MP4,23741,13.2026,SAV_GNU_Transect 4,1.853,,4.684,4.502,2731.962,20.938,,,621.148,-743.067,-2554.533,SAV_GNU_2009,Peter,Pomacentridae,Dascyllus,reticulatus,37372074,1,AD,Passing,,
SAV_GNU_CAM1_left_2009_1.MP4,23741,13.2026,SAV_GNU_Transect 4,1.853,,2.985,0.346,2205.996,26.21,,,585.434,-770.953,-1982.25,SAV_GNU_2009,Peter,Pomacentridae,Dascyllus,reticulatus,37372074,1,AD,Passing,,
SAV_GNU_CAM1_left_2009_1.MP4,23741,13.2026,SAV_GNU_Transect 4,1.853,,4.186,8.924,2594.136,22.041,,,160.986,-950.557,-2408.333,SAV_GNU_2009,Peter,Pomacentridae,Dascyllus,reticulatus,37372074,1,AD,Passing,,
SAV_GNU_CAM1_left_2009_1.MP4,23741,13.2026,SAV_GNU_Transect 4,1.853,,3.846,1.338,2475.992,23.097,,,474.416,-838.54,-2280.859,SAV_GNU_2009,Peter,Pomacentridae,Dascyllus,reticulatus,37372074,1,AD,Passing,,
SAV_GNU_CAM1_left_2009_1.MP4,23741,13.2026,SAV_GNU_Transect 4,1.853,,5.377,6.212,2921.563,19.401,,,373.07,-884.964,-2759.2,SAV_GNU_2009,Peter,Pomacentridae,Dascyllus,reticulatus,37372074,1,AD,Passing,,
SAV_GNU_CAM1_left_2009_1.MP4,23766,13.2165,SAV_GNU_Transect 4,1.8669,44.423,3.975,4.097,2285.698,27.055,21.135,9.194,807.673,-654.623,-2035.571,SAV_GNU_2009,Peter,Pomacentridae,Dascyllus,reticulatus,37372074,1,AD,Passing,,
SAV_GNU_CAM1_left_2009_1.MP4,23766,13.2165,SAV_GNU_Transect 4,1.8669,,4.554,5.618,2684.202,19.541,,,612.967,-645.999,-2532.173,SAV_GNU_2009,Peter,Pomacentridae,Dascyllus,reticulatus,37372074,1,AD,Passing,,
SAV_GNU_CAM1_left_2009_1.MP4,23766,13.2165,SAV_GNU_Transect 4,1.8669,,4.745,2.408,2832.821,23.705,,,955.906,-608.767,-2596.252,SAV_GNU_2009,Peter,Pomacentridae,Dascyllus,reticulatus,37372074,1,AD,Passing,,
SAV_GNU_CAM1_left_2009_1.MP4,23766,13.2165,SAV_GNU_Transect 4,1.8669,,4.962,2.668,2895.629,24.512,,,937.873,-740.336,-2637.606,SAV_GNU_2009,Peter,Pomacentridae,Dascyllus,reticulatus,37372074,1,AD,Passing,,
SAV_GNU_CAM1_left_2009_1.MP4,23766,13.2165,SAV_GNU_Transect 4,1.8669,,4.229,1.309,2694.163,25.51,,,955.832,-648.127,-2434.097,SAV_GNU_2009,Peter,Pomacentridae,Dascyllus,reticulatus,37372074,1,AD,Passing,,
SAV_GNU_CAM1_left_2009_1.MP4,23766,13.2165,SAV_GNU_Transect 4,1.8669,,4.356,3.706,2792.014,27.39,,,1086.453,-675.355,-2481.704,SAV_GNU_2009,Peter,Pomacentridae,Dascyllus,reticulatus,37372074,1,AD,Passing,,
SAV_GNU_CAM1_left_2009_1.MP4,23766,13.2165,SAV_GNU_Transect 4,1.8669,,3.757,3.517,2606.946,28.471,,,1050.757,-654.508,-2294.274,SAV_GNU_2009,Peter,Pomacentridae,Dascyllus,reticulatus,37372074,1,AD,Passing,,
SAV_GNU_CAM1_left_2009_1.MP4,23766,13.2165,SAV_GNU_Transect 4,1.8669,43.217,3.69,4.679,2681.084,22.961,9.345,10.399,543.94,-893.347,-2468.658,SAV_GNU_2009,Peter,Pomacentridae,Pomacentrus,moluccensis,37372118,1,AD,Passing,,
SAV_GNU_CAM1_left_2009_1.MP4,23809,13.2404,SAV_GNU_Transect 4,1.8908,98.446,7.043,1.486,3499.83,30.06,16.192,39.595,1579.895,-759.827,-3029.093,SAV_GNU_2009,Peter,Labridae,Thalassoma,lunare,37384167,1,AD,Passing,,
SAV_GNU_CAM1_left_2009_1.MP4,23820,13.2466,SAV_GNU_Transect 4,1.8969,,15.571,12.443,5581.37,29.45,,,2412.328,1327.283,-4854.965,SAV_GNU_2009,Peter,Scaridae,Scarus,schlegeli,37386029,1,AD,Passing,,
SAV_GNU_CAM1_left_2009_1.MP4,23833,13.2538,SAV_GNU_Transect 4,1.9041,,8.251,16.625,4216.356,30.482,,,2083.333,498.47,-3631.653,SAV_GNU_2009,Peter,Scaridae,Chlorurus,spilurus,temp_code_002,1,AD,Passing,,
SAV_GNU_CAM1_left_2009_1.MP4,23833,13.2538,SAV_GNU_Transect 4,1.9041,,9.376,8.205,4057.607,19.48,,,1324.509,-261.711,-3826.402,SAV_GNU_2009,Peter,Pomacentridae,Chromis,sp,,1,AD,Passing,measurement - frame 23947,
SAV_GNU_CAM1_left_2009_1.MP4,23833,13.2538,SAV_GNU_Transect 4,1.9041,,13.46,12.766,5072.004,22.989,,,1979.753,-49.504,-4669.406,SAV_GNU_2009,Peter,Pomacentridae,Dascyllus,reticulatus,37372074,1,AD,Passing,measurement - frame 24041,
SAV_GNU_CAM1_left_2009_1.MP4,23833,13.2538,SAV_GNU_Transect 4,1.9041,,13.676,15.174,5040.307,21.299,,,1828.054,-82.453,-4696.394,SAV_GNU_2009,Peter,Pomacentridae,Dascyllus,reticulatus,37372074,1,AD,Passing,measurement - frame 24041,
SAV_GNU_CAM1_left_2009_1.MP4,23833,13.2538,SAV_GNU_Transect 4,1.9041,,9.233,7.933,4099.873,21.337,,,1490.665,71.46,-3818.608,SAV_GNU_2009,Peter,Pomacentridae,Dascyllus,reticulatus,37372074,1,AD,Passing,measurement - frame 24041,
SAV_GNU_CAM1_left_2009_1.MP4,23833,13.2538,SAV_GNU_Transect 4,1.9041,,7.363,0.119,3629.778,21.257,,,1312.026,115.249,-3382.394,SAV_GNU_2009,Peter,Pomacentridae,Dascyllus,reticulatus,37372074,1,AD,Passing,measurement - frame 24041,
SAV_GNU_CAM1_left_2009_1.MP4,23833,13.2538,SAV_GNU_Transect 4,1.9041,,9.177,6.208,4145.884,23,,,1619.462,52.634,-3816.141,SAV_GNU_2009,Peter,Pomacentridae,Dascyllus,reticulatus,37372074,1,AD,Passing,measurement - frame 24041,
SAV_GNU_CAM1_left_2009_1.MP4,23833,13.2538,SAV_GNU_Transect 4,1.9041,,11.657,0.981,4754.238,24.114,,,1942.282,37.853,-4339.227,SAV_GNU_2009,Peter,Pomacentridae,Dascyllus,reticulatus,37372074,1,AD,Passing,measurement - frame 24041,
SAV_GNU_CAM1_left_2009_1.MP4,23833,13.2538,SAV_GNU_Transect 4,1.9041,,17.843,12.092,5838.494,22.785,,,2248.119,263.198,-5381.886,SAV_GNU_2009,Peter,Pomacentridae,Dascyllus,reticulatus,37372074,1,AD,Passing,measurement - frame 24041,
SAV_GNU_CAM1_left_2009_1.MP4,23833,13.2538,SAV_GNU_Transect 4,1.9041,,14.721,13.515,5188,21.655,,,1862.483,462.067,-4820.061,SAV_GNU_2009,Peter,Pomacentridae,Dascyllus,reticulatus,37372074,1,AD,Passing,measurement - frame 24041,
SAV_GNU_CAM1_left_2009_1.MP4,23833,13.2538,SAV_GNU_Transect 4,1.9041,,10.708,6.535,4497.438,24.099,,,1797.223,393.288,-4103.932,SAV_GNU_2009,Peter,Pomacentridae,Dascyllus,reticulatus,37372074,1,AD,Passing,measurement - frame 24041,
SAV_GNU_CAM1_left_2009_1.MP4,23833,13.2538,SAV_GNU_Transect 4,1.9041,,14.527,12.787,5248.501,23.409,,,2051.178,394.106,-4814.988,SAV_GNU_2009,Peter,Pomacentridae,Dascyllus,reticulatus,37372074,1,AD,Passing,measurement - frame 24041,
SAV_GNU_CAM1_left_2009_1.MP4,23833,13.2538,SAV_GNU_Transect 4,1.9041,,12.934,8.431,4916.526,22.489,,,1861.123,288.131,-4541.523,SAV_GNU_2009,Peter,Pomacentridae,Dascyllus,reticulatus,37372074,1,AD,Passing,measurement - frame 24041,
SAV_GNU_CAM1_left_2009_1.MP4,23833,13.2538,SAV_GNU_Transect 4,1.9041,,15.175,11.802,5325.89,24.66,,,2069.791,827.791,-4836.924,SAV_GNU_2009,Peter,Pomacentridae,Dascyllus,reticulatus,37372074,1,AD,Passing,measurement - frame 24041,
SAV_GNU_CAM1_left_2009_1.MP4,23833,13.2538,SAV_GNU_Transect 4,1.9041,,12.2,8.128,4765.354,24.335,,,1854.513,662.692,-4339.381,SAV_GNU_2009,Peter,Pomacentridae,Dascyllus,reticulatus,37372074,1,AD,Passing,measurement - frame 24041,
SAV_GNU_CAM1_left_2009_1.MP4,23833,13.2538,SAV_GNU_Transect 4,1.9041,,12.877,8.974,4983.785,25.684,,,2068.726,639.022,-4488.89,SAV_GNU_2009,Peter,Pomacentridae,Dascyllus,reticulatus,37372074,1,AD,Passing,measurement - frame 24041,
SAV_GNU_CAM1_left_2009_1.MP4,23833,13.2538,SAV_GNU_Transect 4,1.9041,,9.996,6.754,4392.194,25.955,,,1852.243,529.86,-3947.127,SAV_GNU_2009,Peter,Pomacentridae,Dascyllus,reticulatus,37372074,1,AD,Passing,measurement - frame 24041,
SAV_GNU_CAM1_left_2009_1.MP4,23833,13.2538,SAV_GNU_Transect 4,1.9041,,10.747,16.796,4522.488,24.946,,,1845.78,497.112,-4098.643,SAV_GNU_2009,Peter,Pomacentridae,Dascyllus,reticulatus,37372074,1,AD,Passing,measurement - frame 24041,
SAV_GNU_CAM1_left_2009_1.MP4,23833,13.2538,SAV_GNU_Transect 4,1.9041,,10.259,8.681,4398.672,24.504,,,1768.49,464.059,-4000.676,SAV_GNU_2009,Peter,Pomacentridae,Dascyllus,reticulatus,37372074,1,AD,Passing,measurement - frame 24041,
SAV_GNU_CAM1_left_2009_1.MP4,23833,13.2538,SAV_GNU_Transect 4,1.9041,,9.587,8.598,4182.778,23.079,,,1576.7,465.106,-3846.209,SAV_GNU_2009,Peter,Pomacentridae,Dascyllus,reticulatus,37372074,1,AD,Passing,measurement - frame 24041,
SAV_GNU_CAM1_left_2009_1.MP4,23833,13.2538,SAV_GNU_Transect 4,1.9041,,7.117,13.021,3854.771,30.481,,,1849.614,647.432,-3319.491,SAV_GNU_2009,Peter,Pomacentridae,Dascyllus,reticulatus,37372074,1,AD,Passing,measurement - frame 24041,
SAV_GNU_CAM1_left_2009_1.MP4,23833,13.2538,SAV_GNU_Transect 4,1.9041,,7.318,5.13,3798.899,27.29,,,1695.092,413.805,-3374.472,SAV_GNU_2009,Peter,Pomacentridae,Dascyllus,reticulatus,37372074,1,AD,Passing,measurement - frame 24041,
SAV_GNU_CAM1_left_2009_1.MP4,23833,13.2538,SAV_GNU_Transect 4,1.9041,,5.981,12.858,3520.634,29.334,,,1700.638,299.518,-3068.059,SAV_GNU_2009,Peter,Pomacentridae,Dascyllus,reticulatus,37372074,1,AD,Passing,measurement - frame 24041,
SAV_GNU_CAM1_left_2009_1.MP4,23833,13.2538,SAV_GNU_Transect 4,1.9041,,7.774,1.981,3962.623,28.217,,,1820.359,457.17,-3489.938,SAV_GNU_2009,Peter,Pomacentridae,Dascyllus,reticulatus,37372074,1,AD,Passing,measurement - frame 24041,
SAV_GNU_CAM1_left_2009_1.MP4,23833,13.2538,SAV_GNU_Transect 4,1.9041,,12.011,15.326,4955.587,29.163,,,2259.571,869.16,-4323.972,SAV_GNU_2009,Peter,Pomacentridae,Dascyllus,reticulatus,37372074,1,AD,Passing,measurement - frame 24041,
SAV_GNU_CAM1_left_2009_1.MP4,23833,13.2538,SAV_GNU_Transect 4,1.9041,,6.916,4.576,3510.09,21.092,,,1263.038,-3.184,-3274.975,SAV_GNU_2009,Peter,Pomacentridae,Chromis,sp,,1,AD,Passing,measurement - frame 23947,
SAV_GNU_CAM1_left_2009_1.MP4,23833,13.2538,SAV_GNU_Transect 4,1.9041,,9.531,6.02,4041.888,16.114,,,1118.376,-72.734,-3883.4,SAV_GNU_2009,Peter,Pomacentridae,Chromis,sp,,1,AD,Passing,measurement - frame 23947,
SAV_GNU_CAM1_left_2009_1.MP4,23833,13.2538,SAV_GNU_Transect 4,1.9041,,11.321,12.799,4400.878,14.77,,,1117.654,115.24,-4255.032,SAV_GNU_2009,Peter,Pomacentridae,Chromis,sp,,1,AD,Passing,measurement - frame 23947,
SAV_GNU_CAM1_left_2009_1.MP4,23833,13.2538,SAV_GNU_Transect 4,1.9041,,12.025,5.415,4539.252,14.078,,,1102.227,-47.651,-4403.139,SAV_GNU_2009,Peter,Pomacentridae,Chromis,sp,,1,AD,Passing,measurement - frame 23947,
SAV_GNU_CAM1_left_2009_1.MP4,23833,13.2538,SAV_GNU_Transect 4,1.9041,,8.984,15.347,4291.962,28.902,,,1993.814,587.365,-3755.082,SAV_GNU_2009,Peter,Pomacentridae,Chromis,sp,,1,AD,Passing,measurement - frame 23947,
SAV_GNU_CAM1_left_2009_1.MP4,23833,13.2538,SAV_GNU_Transect 4,1.9041,,7.383,14.466,3990.854,31.191,,,1983.935,592.998,-3411.638,SAV_GNU_2009,Peter,Pomacentridae,Chromis,sp,,1,AD,Passing,measurement - frame 23947,
SAV_GNU_CAM1_left_2009_1.MP4,23833,13.2538,SAV_GNU_Transect 4,1.9041,,13.573,19.317,5331.015,30.359,,,2486.3,1056.491,-4595.852,SAV_GNU_2009,Peter,Pomacentridae,Chromis,sp,,1,AD,Passing,measurement - frame 23947,
SAV_GNU_CAM1_left_2009_1.MP4,23833,13.2538,SAV_GNU_Transect 4,1.9041,,6.962,6.026,3621.926,24.776,,,1499.499,248.255,-3287.586,SAV_GNU_2009,Peter,Pomacentridae,Chromis,sp,,1,AD,Passing,measurement - frame 23947,
SAV_GNU_CAM1_left_2009_1.MP4,23833,13.2538,SAV_GNU_Transect 4,1.9041,,10.406,10.847,4399.195,22.7,,,1682.725,241.157,-4057.486,SAV_GNU_2009,Peter,Pomacentridae,Chromis,sp,,1,AD,Passing,measurement - frame 23947,
SAV_GNU_CAM1_left_2009_1.MP4,23833,13.2538,SAV_GNU_Transect 4,1.9041,,10.684,8.398,4462.59,23.085,,,1722.911,321.545,-4104.01,SAV_GNU_2009,Peter,Pomacentridae,Chromis,sp,,1,AD,Passing,measurement - frame 23947,
SAV_GNU_CAM1_left_2009_1.MP4,23833,13.2538,SAV_GNU_Transect 4,1.9041,,11.37,16.015,4751.269,26.72,,,2076.899,517.065,-4241.898,SAV_GNU_2009,Peter,Pomacentridae,Chromis,sp,,1,AD,Passing,measurement - frame 23947,
SAV_GNU_CAM1_left_2009_1.MP4,23833,13.2538,SAV_GNU_Transect 4,1.9041,,8.313,7.09,4024.118,25.357,,,1718.858,-110.091,-3636.885,SAV_GNU_2009,Peter,Pomacentridae,Dascyllus,reticulatus,37372074,1,AD,Passing,measurement - frame 24041,
SAV_GNU_CAM1_left_2009_1.MP4,23918,13.3011,SAV_GNU_Transect 4,1.9514,,6.913,14.836,3760.168,28.151,,,-1621.67,-706.179,-3318.186,SAV_GNU_2009,Peter,Pomacentridae,Chromis,sp,,1,AD,Passing,measurement - frame 23947,
SAV_GNU_CAM1_left_2009_1.MP4,23947,13.3172,SAV_GNU_Transect 4,1.9675,80.641,5.886,11.131,2562.614,19.943,24.75,4.471,871.46,-67.287,-2408.946,SAV_GNU_2009,Peter,Pomacentridae,Chromis,sp,,1,AD,Passing,,
SAV_GNU_CAM1_left_2009_1.MP4,23947,13.3172,SAV_GNU_Transect 4,1.9675,75.391,4.842,11.537,2747.455,19.526,9.826,23.988,905.365,-153.606,-2589.445,SAV_GNU_2009,Peter,Pomacentridae,Chromis,sp,,1,AD,Passing,,
SAV_GNU_CAM1_left_2009_1.MP4,23947,13.3172,SAV_GNU_Transect 4,1.9675,78.267,7.118,11.658,2668.233,25.106,39.66,13.154,1109.023,227.434,-2416.156,SAV_GNU_2009,Peter,Pomacentridae,Chromis,sp,,1,AD,Passing,,
SAV_GNU_CAM1_left_2009_1.MP4,23947,13.3172,SAV_GNU_Transect 4,1.9675,,5.198,7.862,3126.778,25.523,,,1338.148,167.288,-2821.013,SAV_GNU_2009,Peter,Pomacentridae,Chromis,sp,,1,AD,Passing,,
SAV_GNU_CAM1_left_2009_1.MP4,23947,13.3172,SAV_GNU_Transect 4,1.9675,,5.21,12.123,3194.642,28.514,,,1453.855,471.653,-2805.279,SAV_GNU_2009,Peter,Pomacentridae,Chromis,sp,,1,AD,Passing,,
SAV_GNU_CAM1_left_2009_1.MP4,23989,13.3405,SAV_GNU_Transect 4,1.9909,63.157,6.203,10.656,3139.167,28.763,17.946,34.896,1506.953,103.751,-2751.853,SAV_GNU_2009,Peter,Pomacentridae,Dascyllus,reticulatus,37372074,1,AD,Passing,,
SAV_GNU_CAM1_left_2009_1.MP4,24041,13.3695,SAV_GNU_Transect 4,2.0198,74.967,5.472,18.789,2892.475,28.756,16.83,31.565,1375.459,210.718,-2535.768,SAV_GNU_2009,Peter,Pomacentridae,Dascyllus,reticulatus,37372074,1,AD,Passing,,
SAV_GNU_CAM1_left_2009_1.MP4,24158,13.4345,SAV_GNU_Transect 4,2.0849,,15.553,13.189,5161.406,16.082,,,1338.55,-482.99,-4961.362,SAV_GNU_2009,Peter,Acanthuridae,Acanthurus,sp,,1,AD,Passing,,
SAV_GNU_CAM1_left_2009_1.MP4,24216,13.4668,SAV_GNU_Transect 4,2.1171,293.459,27.683,7.698,4819.589,28.696,83.438,0.792,2257.954,-506.917,-4227.661,SAV_GNU_2009,Peter,Acanthuridae,Acanthurus,sp,,1,AD,Passing,,
SAV_GNU_CAM1_left_2009_1.MP4,24436,13.5891,SAV_GNU_Transect 4,2.2395,,15.022,17.332,5298.865,22.652,,,2001.279,419.118,-4888.476,SAV_GNU_2009,Peter,Pomacentridae,Dascyllus,reticulatus,37372074,1,AD,Passing,,
SAV_GNU_CAM1_left_2009_1.MP4,24436,13.5891,SAV_GNU_Transect 4,2.2395,,11.554,13.328,4780.255,26.248,,,2068.484,453.816,-4285.588,SAV_GNU_2009,Peter,Pomacentridae,Dascyllus,reticulatus,37372074,1,AD,Passing,,
SAV_GNU_CAM1_left_2009_1.MP4,24436,13.5891,SAV_GNU_Transect 4,2.2395,,12.36,14.211,5091.416,28.386,,,2382.658,444.163,-4477.519,SAV_GNU_2009,Peter,Pomacentridae,Dascyllus,reticulatus,37372074,1,AD,Passing,,
SAV_GNU_CAM1_left_2009_1.MP4,24436,13.5891,SAV_GNU_Transect 4,2.2395,,15.889,11.826,5506.167,23.586,,,2167.428,415.081,-5044.585,SAV_GNU_2009,Peter,Pomacentridae,Dascyllus,reticulatus,37372074,1,AD,Passing,,
SAV_GNU_CAM1_left_2009_1.MP4,24731,13.7532,SAV_GNU_Transect 4,2.4035,,13.05,15.394,4779.341,4.024,,,-321.519,114.456,-4767.14,SAV_GNU_2009,Peter,Scaridae,Scarus,schlegeli,37386029,1,AD,Passing,,
SAV_GNU_CAM1_left_2009_1.MP4,43245,24.049,SAV_GNU_Transect 5,0.2191,221.973,7.758,19.53,2591.604,23.823,54.94,13.47,-1002.051,-302.687,-2370.798,SAV_GNU_2009,Peter,Acanthuridae,Ctenochaetus,striatus,37437022,1,AD,Passing,,
SAV_GNU_CAM1_left_2009_1.MP4,43257,24.0557,SAV_GNU_Transect 5,0.2258,52.638,4.753,1.565,1961.127,23.838,53.136,5.733,692.623,-385.358,-1793.82,SAV_GNU_2009,Peter,Pomacentridae,Pomacentrus,moluccensis,37372118,1,AD,Passing,,
SAV_GNU_CAM1_left_2009_1.MP4,43282,24.0696,SAV_GNU_Transect 5,0.2397,,3.266,1.1,2454.424,26.561,,,1096.866,45.348,-2195.228,SAV_GNU_2009,Peter,Pomacentridae,Pomacentrus,moluccensis,37372118,1,AD,Passing,,
SAV_GNU_CAM1_left_2009_1.MP4,43289,24.0735,SAV_GNU_Transect 5,0.2436,,2.751,3.803,2203.399,26.364,,,945.982,-242.181,-1975.204,SAV_GNU_2009,Peter,Pomacentridae,Dascyllus,aruanus,37372073,1,AD,Passing,,
SAV_GNU_CAM1_left_2009_1.MP4,43289,24.0735,SAV_GNU_Transect 5,0.2436,,4.483,0.728,2801.039,22.777,,,1064.075,-198.81,-2583.415,SAV_GNU_2009,Peter,Pomacentridae,Plectroglyphidodon,dickii,37372098,1,AD,Passing,,
SAV_GNU_CAM1_left_2009_1.MP4,43347,24.1057,SAV_GNU_Transect 5,0.2758,,3.929,4.279,2732.811,27.024,,,1237.842,107.187,-2434.032,SAV_GNU_2009,Peter,Pomacentridae,Dascyllus,aruanus,37372073,1,AD,Passing,,
SAV_GNU_CAM1_left_2009_1.MP4,43371,24.1191,SAV_GNU_Transect 5,0.2892,,28.211,4.379,6935.046,20.437,,,-1250.563,2099.466,-6490.238,SAV_GNU_2009,Peter,Scaridae,Scarus,schlegeli,37386029,1,AD,Passing,,
SAV_GNU_CAM1_left_2009_1.MP4,43555,24.2214,SAV_GNU_Transect 5,0.3915,,2.186,8.168,1838.126,19.487,,,-475.403,-380.421,-1734.352,SAV_GNU_2009,Peter,Pomacentridae,Plectroglyphidodon,dickii,37372098,1,AD,Passing,,
SAV_GNU_CAM1_left_2009_1.MP4,43590,24.2409,SAV_GNU_Transect 5,0.411,36.505,3.583,3.288,1788.71,20.82,40.978,6.876,-631.076,-77.032,-1671.913,SAV_GNU_2009,Peter,Pomacentridae,Chromis,ternatensis,37372051,1,AD,Passing,,
SAV_GNU_CAM1_left_2009_1.MP4,43597,24.2448,SAV_GNU_Transect 5,0.4149,34.174,3.252,5.501,1591.147,21.249,54.471,0.685,-560.735,-134.566,-1482.976,SAV_GNU_2009,Peter,Pomacentridae,Chromis,viridis,37372053,1,AD,Passing,,
SAV_GNU_CAM1_left_2009_1.MP4,43597,24.2448,SAV_GNU_Transect 5,0.4149,39.977,3.39,2.352,1529.564,20.443,71.358,0.332,-523.249,-107.862,-1433.228,SAV_GNU_2009,Peter,Pomacentridae,Chromis,viridis,37372053,1,AD,Passing,,
SAV_GNU_CAM1_left_2009_1.MP4,43597,24.2448,SAV_GNU_Transect 5,0.4149,39.94,3.231,7.484,1757.659,21.25,39.119,19.143,-627.452,-110.159,-1638.149,SAV_GNU_2009,Peter,Pomacentridae,Chromis,viridis,37372053,1,AD,Passing,,
SAV_GNU_CAM1_left_2009_1.MP4,43597,24.2448,SAV_GNU_Transect 5,0.4149,,1.837,0.075,1693.955,20.08,,,-558.741,-155.066,-1591.617,SAV_GNU_2009,Peter,Pomacentridae,Chromis,viridis,37372053,1,AD,Passing,,
SAV_GNU_CAM1_left_2009_1.MP4,43597,24.2448,SAV_GNU_Transect 5,0.4149,,1.861,1.408,1698.637,19.286,,,-542.021,-138.413,-1603.877,SAV_GNU_2009,Peter,Pomacentridae,Chromis,viridis,37372053,1,AD,Passing,,
SAV_GNU_CAM1_left_2009_1.MP4,43597,24.2448,SAV_GNU_Transect 5,0.4149,,1.843,5.392,1700.222,20.086,,,-572.717,-107.475,-1597.247,SAV_GNU_2009,Peter,Pomacentridae,Chromis,viridis,37372053,1,AD,Passing,,
SAV_GNU_CAM1_left_2009_1.MP4,43597,24.2448,SAV_GNU_Transect 5,0.4149,,1.799,1.578,1662.271,19.247,,,-518.444,-171.189,-1570.049,SAV_GNU_2009,Peter,Pomacentridae,Chromis,viridis,37372053,1,AD,Passing,,
SAV_GNU_CAM1_left_2009_1.MP4,43597,24.2448,SAV_GNU_Transect 5,0.4149,,1.915,4.538,1735.358,20.308,,,-571.337,-184.161,-1628.228,SAV_GNU_2009,Peter,Pomacentridae,Chromis,viridis,37372053,1,AD,Passing,,
SAV_GNU_CAM1_left_2009_1.MP4,43597,24.2448,SAV_GNU_Transect 5,0.4149,25.231,1.613,8.325,1430.064,18.14,21.381,29.398,-221.552,-386.205,-1358.986,SAV_GNU_2009,Peter,Pomacentridae,Pomacentrus,moluccensis,37372118,1,J,Passing,,
SAV_GNU_CAM1_left_2009_1.MP4,43620,24.2576,SAV_GNU_Transect 5,0.4276,,3.12,9.747,2295.687,21.199,,,-771.377,-298.259,-2141.541,SAV_GNU_2009,Peter,Pomacentridae,Chromis,viridis,37372053,1,AD,Passing,,
SAV_GNU_CAM1_left_2009_1.MP4,43620,24.2576,SAV_GNU_Transect 5,0.4276,,3.291,10.591,2347.126,20.342,,,-751.624,-308.77,-2201.981,SAV_GNU_2009,Peter,Pomacentridae,Chromis,viridis,37372053,1,AD,Passing,,
SAV_GNU_CAM1_left_2009_1.MP4,43620,24.2576,SAV_GNU_Transect 5,0.4276,,2.876,10.548,2230.125,23.185,,,-816.082,-315.717,-2051.29,SAV_GNU_2009,Peter,Pomacentridae,Dascyllus,aruanus,37372073,1,AD,Passing,,
SAV_GNU_CAM1_left_2009_1.MP4,43643,24.2704,SAV_GNU_Transect 5,0.4404,,3.015,8.91,2353.818,24.727,,,-970.659,-156.458,-2138.644,SAV_GNU_2009,Peter,Pomacentridae,Chromis,viridis,37372053,1,AD,Passing,,
SAV_GNU_CAM1_left_2009_1.MP4,43643,24.2704,SAV_GNU_Transect 5,0.4404,,3.039,8.885,2326.855,23.243,,,-904.342,-150.832,-2138.613,SAV_GNU_2009,Peter,Pomacentridae,Chromis,viridis,37372053,1,AD,Passing,,
SAV_GNU_CAM1_left_2009_1.MP4,43643,24.2704,SAV_GNU_Transect 5,0.4404,,3.364,1.61,2466.422,23.554,,,-963.151,-200.246,-2261.742,SAV_GNU_2009,Peter,Pomacentridae,Chromis,viridis,37372053,1,AD,Passing,,
SAV_GNU_CAM1_left_2009_1.MP4,43643,24.2704,SAV_GNU_Transect 5,0.4404,,3.388,5.971,2454.123,22.624,,,-923.714,-185.876,-2266.037,SAV_GNU_2009,Peter,Pomacentridae,Chromis,viridis,37372053,1,AD,Passing,,
SAV_GNU_CAM1_left_2009_1.MP4,43643,24.2704,SAV_GNU_Transect 5,0.4404,,3.786,1.661,2608.025,22.432,,,-977.908,-175.081,-2411.397,SAV_GNU_2009,Peter,Pomacentridae,Chromis,viridis,37372053,1,AD,Passing,,
SAV_GNU_CAM1_left_2009_1.MP4,43724,24.3154,SAV_GNU_Transect 5,0.4855,163.75,4.311,3.219,1676.558,4.378,52.671,15.587,-4.592,-127.893,-1671.666,SAV_GNU_2009,Peter,Nemipteridae,Scolopsis,bilineata,37347031,1,AD,Passing,,
SAV_GNU_CAM1_left_2009_1.MP4,43847,24.3838,SAV_GNU_Transect 5,0.5539,38.848,1.47,8.215,1852.163,9.629,0.5,4.492,74.542,-300.69,-1826.071,SAV_GNU_2009,Peter,Pomacentridae,Dascyllus,aruanus,37372073,1,AD,Passing,,
SAV_GNU_CAM1_left_2009_1.MP4,43847,24.3838,SAV_GNU_Transect 5,0.5539,23.51,2.165,4.611,1599.256,8.72,22.315,2.226,22.63,-241.391,-1580.772,SAV_GNU_2009,Peter,Pomacentridae,Dascyllus,reticulatus,37372074,1,J,Passing,,
SAV_GNU_CAM1_left_2009_1.MP4,43847,24.3838,SAV_GNU_Transect 5,0.5539,28.326,2.546,5.345,1663.82,8.213,25.274,4.846,-81.867,-223.125,-1646.758,SAV_GNU_2009,Peter,Pomacentridae,Dascyllus,reticulatus,37372074,1,J,Passing,,
SAV_GNU_CAM1_left_2009_1.MP4,43847,24.3838,SAV_GNU_Transect 5,0.5539,30.188,2.842,5.729,1849.436,7.297,22.354,9.083,-39.029,-231.632,-1834.458,SAV_GNU_2009,Peter,Pomacentridae,Dascyllus,reticulatus,37372074,1,J,Passing,,
SAV_GNU_CAM1_left_2009_1.MP4,43847,24.3838,SAV_GNU_Transect 5,0.5539,25.262,1.277,4.734,1499.112,10.365,3.359,28.747,147.289,-225.964,-1474.647,SAV_GNU_2009,Peter,Pomacentridae,Dascyllus,reticulatus,37372074,1,J,Passing,,
SAV_GNU_CAM1_left_2009_1.MP4,43847,24.3838,SAV_GNU_Transect 5,0.5539,,1.935,5.053,1676.524,11.509,,,46.469,-324.739,-1644.116,SAV_GNU_2009,Peter,Pomacentridae,Dascyllus,aruanus,37372073,1,AD,Passing,,
SAV_GNU_CAM1_left_2009_1.MP4,43847,24.3838,SAV_GNU_Transect 5,0.5539,,1.886,5.286,1651.325,11.641,,,90.463,-314.267,-1618.619,SAV_GNU_2009,Peter,Pomacentridae,Dascyllus,aruanus,37372073,1,AD,Passing,,
SAV_GNU_CAM1_left_2009_1.MP4,43847,24.3838,SAV_GNU_Transect 5,0.5539,,1.848,9.055,1630.768,12.504,,,163.146,-306.803,-1593.317,SAV_GNU_2009,Peter,Pomacentridae,Dascyllus,aruanus,37372073,1,AD,Passing,,
SAV_GNU_CAM1_left_2009_1.MP4,43847,24.3838,SAV_GNU_Transect 5,0.5539,,2.032,2.848,1718.527,10.292,,,112.926,-278.799,-1691.997,SAV_GNU_2009,Peter,Pomacentridae,Dascyllus,aruanus,37372073,1,AD,Passing,,
SAV_GNU_CAM1_left_2009_1.MP4,43847,24.3838,SAV_GNU_Transect 5,0.5539,,1.89,6.299,1652.052,8.973,,,61.398,-243.788,-1632.811,SAV_GNU_2009,Peter,Pomacentridae,Dascyllus,reticulatus,37372074,1,J,Passing,,
SAV_GNU_CAM1_left_2009_1.MP4,43907,24.4172,SAV_GNU_Transect 5,0.5873,27.039,1.093,1.682,990.423,14.618,36.554,7.188,-62.413,-242.032,-958.364,SAV_GNU_2009,Peter,Pomacentridae,Dascyllus,aruanus,37372073,1,AD,Passing,,
SAV_GNU_CAM1_left_2009_1.MP4,43907,24.4172,SAV_GNU_Transect 5,0.5873,36.605,0.897,4.165,1185.241,12.026,7.034,3.58,-17.955,-246.298,-1159.229,SAV_GNU_2009,Peter,Pomacentridae,Dascyllus,aruanus,37372073,1,AD,Passing,,
SAV_GNU_CAM1_left_2009_1.MP4,43907,24.4172,SAV_GNU_Transect 5,0.5873,33.517,0.852,4.856,988.472,14.806,21.994,6.44,-2.283,-252.598,-955.649,SAV_GNU_2009,Peter,Pomacentridae,Dascyllus,aruanus,37372073,1,AD,Passing,,
SAV_GNU_CAM1_left_2009_1.MP4,43955,24.4439,SAV_GNU_Transect 5,0.6139,137.792,6.489,3.884,2127.154,9.664,47.709,0.872,-325.349,147.199,-2096.966,SAV_GNU_2009,Peter,Holocentridae,Myripristis,violacea,37261014,1,AD,Passing,possibly adusta,
SAV_GNU_CAM1_left_2009_1.MP4,43955,24.4439,SAV_GNU_Transect 5,0.6139,162.356,7.789,3.776,2171.191,1.551,59.226,18.669,-50.802,29.548,-2170.396,SAV_GNU_2009,Peter,Holocentridae,Myripristis,violacea,37261014,1,AD,Passing,possibly adusta,
SAV_GNU_CAM1_left_2009_1.MP4,43955,24.4439,SAV_GNU_Transect 5,0.6139,139.524,8.823,6.624,2404.383,7.938,57.669,23.185,-278.069,181.446,-2381.347,SAV_GNU_2009,Peter,Holocentridae,Myripristis,violacea,37261014,1,AD,Passing,possibly adusta,
SAV_GNU_CAM1_left_2009_1.MP4,43955,24.4439,SAV_GNU_Transect 5,0.6139,149.552,9.821,6.22,2499.287,6.433,52.45,9.917,173.16,220.045,-2483.553,SAV_GNU_2009,Peter,Holocentridae,Myripristis,violacea,37261014,1,AD,Passing,possibly adusta,
SAV_GNU_CAM1_left_2009_1.MP4,43955,24.4439,SAV_GNU_Transect 5,0.6139,118.402,6.341,6.556,2272.896,7.734,37.506,6.647,166.309,256.709,-2252.22,SAV_GNU_2009,Peter,Holocentridae,Myripristis,violacea,37261014,1,AD,Passing,possibly adusta,
SAV_GNU_CAM1_left_2009_1.MP4,43955,24.4439,SAV_GNU_Transect 5,0.6139,167.283,10.057,4.018,2351.609,10.679,86.114,17.509,400,172.924,-2310.879,SAV_GNU_2009,Peter,Holocentridae,Myripristis,violacea,37261014,1,AD,Passing,possibly adusta,
SAV_GNU_CAM1_left_2009_1.MP4,43955,24.4439,SAV_GNU_Transect 5,0.6139,141.28,8.492,3.379,2457.695,11.922,46.698,1.02,440.649,252.205,-2404.68,SAV_GNU_2009,Peter,Holocentridae,Myripristis,violacea,37261014,1,AD,Passing,possibly adusta,
SAV_GNU_CAM1_left_2009_1.MP4,43955,24.4439,SAV_GNU_Transect 5,0.6139,134.616,9.719,8.814,2350.889,15.063,79.168,3.569,517.661,324.447,-2270.119,SAV_GNU_2009,Peter,Holocentridae,Myripristis,violacea,37261014,1,AD,Passing,possibly adusta,
SAV_GNU_CAM1_left_2009_1.MP4,43955,24.4439,SAV_GNU_Transect 5,0.6139,137.288,8.988,5.387,2420.571,18.61,70.532,13.412,725.044,266.48,-2294.006,SAV_GNU_2009,Peter,Holocentridae,Myripristis,violacea,37261014,1,AD,Passing,possibly adusta,
SAV_GNU_CAM1_left_2009_1.MP4,43955,24.4439,SAV_GNU_Transect 5,0.6139,96.33,5.757,5.025,2540.955,21.738,25.419,4.387,916.827,212.202,-2360.265,SAV_GNU_2009,Peter,Holocentridae,Myripristis,violacea,37261014,1,AD,Passing,possibly adusta,
SAV_GNU_CAM1_left_2009_1.MP4,43955,24.4439,SAV_GNU_Transect 5,0.6139,,3.622,7.53,2384.578,10.468,,,-413.57,138.369,-2344.36,SAV_GNU_2009,Peter,Holocentridae,Myripristis,violacea,37261014,1,AD,Passing,possibly adusta,
SAV_GNU_CAM1_left_2009_1.MP4,43955,24.4439,SAV_GNU_Transect 5,0.6139,,4.072,6.823,2548.749,17.5,,,701.829,317.582,-2429.547,SAV_GNU_2009,Peter,Holocentridae,Myripristis,violacea,37261014,1,AD,Passing,possibly adusta,
SAV_GNU_CAM1_left_2009_1.MP4,43955,24.4439,SAV_GNU_Transect 5,0.6139,,3.284,4.612,2363.615,23.329,,,904.23,250.505,-2169.399,SAV_GNU_2009,Peter,Holocentridae,Myripristis,violacea,37261014,1,AD,Passing,possibly adusta,
SAV_GNU_CAM1_left_2009_1.MP4,43955,24.4439,SAV_GNU_Transect 5,0.6139,,3.03,2.095,2340.435,27.289,,,1016.366,352.315,-2078.584,SAV_GNU_2009,Peter,Holocentridae,Myripristis,violacea,37261014,1,AD,Passing,possibly adusta,
SAV_GNU_CAM1_left_2009_1.MP4,44070,24.5078,SAV_GNU_Transect 5,0.6779,142.202,3.381,13.091,1787.54,22.913,45.135,28.64,614.727,326.278,-1646.497,SAV_GNU_2009,Peter,Scaridae,Chlorurus,spilurus,temp_code_002,1,AD,Passing,,
SAV_GNU_CAM1_left_2009_1.MP4,44196,24.5779,SAV_GNU_Transect 5,0.748,,4.702,11.491,3067.698,28.735,,,-1313.081,682.162,-2687.237,SAV_GNU_2009,Peter,Holocentridae,Myripristis,violacea,37261014,1,AD,Passing,possibly adusta,
SAV_GNU_CAM1_left_2009_1.MP4,44208,24.5846,SAV_GNU_Transect 5,0.7546,131.915,4.589,3.268,2867.056,26.943,4.478,35.286,-1190.092,520.878,-2555.851,SAV_GNU_2009,Peter,Holocentridae,Myripristis,violacea,37261014,1,AD,Passing,possibly adusta,
SAV_GNU_CAM1_left_2009_1.MP4,44232,24.5979,SAV_GNU_Transect 5,0.768,350.696,21.099,1.711,4220.138,25.31,70.666,29.372,-1180.958,1363.934,-3815.048,SAV_GNU_2009,Peter,Scaridae,Chlorurus,sp,,1,AD,Passing,,
SAV_GNU_CAM1_left_2009_1.MP4,44248,24.6068,SAV_GNU_Transect 5,0.7769,145.739,4.936,10.288,2604.963,21.28,13.917,2.097,-943.611,58.377,-2427.349,SAV_GNU_2009,Peter,Holocentridae,Myripristis,violacea,37261014,1,AD,Passing,possibly adusta,
SAV_GNU_CAM1_left_2009_1.MP4,44248,24.6068,SAV_GNU_Transect 5,0.7769,126.083,4.575,15.387,2687.422,14.913,11.23,4.095,-669.512,173.411,-2596.905,SAV_GNU_2009,Peter,Holocentridae,Myripristis,violacea,37261014,1,AD,Passing,possibly adusta,
SAV_GNU_CAM1_left_2009_1.MP4,44248,24.6068,SAV_GNU_Transect 5,0.7769,,3.505,13.241,2401.445,16.863,,,-695.356,51.086,-2298.001,SAV_GNU_2009,Peter,Holocentridae,Myripristis,violacea,37261014,1,AD,Passing,possibly adusta,
SAV_GNU_CAM1_left_2009_1.MP4,44267,24.6174,SAV_GNU_Transect 5,0.7875,216.473,12.361,10.182,3079.918,24.376,64.623,7.161,1172.856,490.157,-2805.361,SAV_GNU_2009,Peter,Scaridae,Chlorurus,spilurus,temp_code_002,1,AD,Passing,,
SAV_GNU_CAM1_left_2009_1.MP4,44271,24.6196,SAV_GNU_Transect 5,0.7897,103.159,6.014,6.714,2954.34,25.277,15.024,8.136,-1161.084,493.141,-2671.483,SAV_GNU_2009,Peter,Holocentridae,Myripristis,violacea,37261014,1,AD,Passing,possibly adusta,
SAV_GNU_CAM1_left_2009_1.MP4,44271,24.6196,SAV_GNU_Transect 5,0.7897,,1.925,4.389,1744.142,20.106,,,-589.404,-103.36,-1638.277,SAV_GNU_2009,Peter,Pomacentridae,Plectroglyphidodon,dickii,37372098,1,AD,Passing,,
SAV_GNU_CAM1_left_2009_1.MP4,44271,24.6196,SAV_GNU_Transect 5,0.7897,160.357,1.047,0.349,876.477,13.673,51.624,6.267,86.872,-188.087,-851.639,SAV_GNU_2009,Peter,Synodontidae,Synodus,variegatus,37118023,1,AD,Passing,,
SAV_GNU_CAM1_left_2009_1.MP4,44310,24.6413,SAV_GNU_Transect 5,0.8114,166.536,10.703,13.871,2922.008,24.575,72.067,22.984,1127.555,453.227,-2657.318,SAV_GNU_2009,Peter,Scaridae,Chlorurus,spilurus,temp_code_002,1,AD,Passing,,
SAV_GNU_CAM1_left_2009_1.MP4,44439,24.713,SAV_GNU_Transect 5,0.8831,125.96,2.534,2.514,1787.917,15.549,18.851,17.569,398.29,-266.588,-1722.482,SAV_GNU_2009,Peter,Nemipteridae,Scolopsis,bilineata,37347031,1,AD,Passing,,
SAV_GNU_CAM1_left_2009_1.MP4,44456,24.7225,SAV_GNU_Transect 5,0.8926,230.815,11.312,6.837,2791.633,23.395,87.43,0.918,1088.946,207.185,-2562.125,SAV_GNU_2009,Peter,Scaridae,Chlorurus,spilurus,temp_code_002,1,AD,Passing,,
SAV_GNU_CAM1_left_2009_1.MP4,44456,24.7225,SAV_GNU_Transect 5,0.8926,242.929,15.315,8.24,3326.395,9.404,52.217,27.855,527.743,129.899,-3281.694,SAV_GNU_2009,Peter,Scaridae,Scarus,schlegeli,37386029,1,AD,Passing,,
SAV_GNU_CAM1_left_2009_1.MP4,44495,24.7442,SAV_GNU_Transect 5,0.9142,140.225,10.412,7.482,4058.124,21.12,11.994,17.157,-1460.43,72.029,-3785.541,SAV_GNU_2009,Peter,Holocentridae,Myripristis,violacea,37261014,1,AD,Passing,possibly adusta,
SAV_GNU_CAM1_left_2009_1.MP4,44495,24.7442,SAV_GNU_Transect 5,0.9142,139.051,13.093,11.204,4204.423,22.92,34.592,38.107,-1636.395,56.825,-3872.487,SAV_GNU_2009,Peter,Holocentridae,Myripristis,violacea,37261014,1,AD,Passing,possibly adusta,
SAV_GNU_CAM1_left_2009_1.MP4,44495,24.7442,SAV_GNU_Transect 5,0.9142,195.168,14.729,3.833,4264.921,24.901,27.45,3.333,-1795.572,27.398,-3868.426,SAV_GNU_2009,Peter,Holocentridae,Myripristis,violacea,37261014,1,AD,Passing,possibly adusta,
SAV_GNU_CAM1_left_2009_1.MP4,44603,24.8042,SAV_GNU_Transect 5,0.9743,155.209,4.167,10.743,2202.477,17.573,24.761,11.301,467.075,-473.338,-2099.69,SAV_GNU_2009,Peter,Acanthuridae,Ctenochaetus,striatus,37437022,1,AD,Passing,,
SAV_GNU_CAM1_left_2009_1.MP4,44603,24.8042,SAV_GNU_Transect 5,0.9743,97.79,8.682,9.28,2368.33,12.917,63.288,23.192,421.259,-320.674,-2308.397,SAV_GNU_2009,Peter,Acanthuridae,Zebrasoma,scopas,37437036,1,AD,Passing,,
SAV_GNU_CAM1_left_2009_1.MP4,44657,24.8343,SAV_GNU_Transect 5,1.0043,55.328,3.667,9.066,1552.237,19.691,80.647,4.248,-496.656,-163.955,-1461.469,SAV_GNU_2009,Peter,Pomacentridae,Amblyglyphidodon,orbicularis,temp_code_001,1,AD,Passing,,
SAV_GNU_CAM1_left_2009_1.MP4,44693,24.8543,SAV_GNU_Transect 5,1.0244,193.011,12.884,9.325,3034.671,16.511,53.709,0.935,-780.663,-366.585,-2909.537,SAV_GNU_2009,Peter,Acanthuridae,Ctenochaetus,striatus,37437022,1,AD,Passing,,
SAV_GNU_CAM1_left_2009_1.MP4,44693,24.8543,SAV_GNU_Transect 5,1.0244,147.805,5.508,14.572,4252.042,5.684,4.352,2.506,369.61,-201.85,-4231.135,SAV_GNU_2009,Peter,Acanthuridae,Ctenochaetus,striatus,37437022,1,AD,Passing,,
SAV_GNU_CAM1_left_2009_1.MP4,44693,24.8543,SAV_GNU_Transect 5,1.0244,,11.726,4.587,4898.742,24.673,,,-2020.173,-299.772,-4452.72,SAV_GNU_2009,Peter,Acanthuridae,Ctenochaetus,striatus,37437022,1,AD,Passing,,
SAV_GNU_CAM1_left_2009_1.MP4,44753,24.8876,SAV_GNU_Transect 5,1.0577,180.999,7.621,9.771,2880.972,11,32.058,31.942,-371.605,-405.089,-2828.041,SAV_GNU_2009,Peter,Scaridae,Chlorurus,spilurus,temp_code_002,1,AD,Passing,,
SAV_GNU_CAM1_left_2009_1.MP4,44780,24.9027,SAV_GNU_Transect 5,1.0727,116.782,10.423,5.633,3604.395,20.825,23.897,1.838,-1174.244,-513.04,-3368.918,SAV_GNU_2009,Peter,Scaridae,Chlorurus,spilurus,temp_code_002,1,AD,Passing,,
SAV_GNU_CAM1_left_2009_1.MP4,44849,24.941,SAV_GNU_Transect 5,1.1111,119.853,7.809,12.159,2714.184,20.556,39.705,11.005,-866.107,-397.609,-2541.37,SAV_GNU_2009,Peter,Serranidae,Cephalopholis,sp,,1,AD,Passing,,
SAV_GNU_CAM1_left_2009_1.MP4,44850,24.9416,SAV_GNU_Transect 5,1.1117,67.684,2.626,8.223,2060.563,7.732,14.765,18.161,119.249,-250.289,-2041.826,SAV_GNU_2009,Peter,Pomacentridae,Pomacentrus,vaiuli,37372126,1,AD,Passing,,
SAV_GNU_CAM1_left_2009_1.MP4,44903,24.9711,SAV_GNU_Transect 5,1.1411,105.139,7.339,6.812,2625.4,18.305,36.734,5.561,-636.343,524.406,-2492.547,SAV_GNU_2009,Peter,Pomacentridae,Chromis,xanthura,37372057,1,AD,Passing,,
SAV_GNU_CAM1_left_2009_1.MP4,44903,24.9711,SAV_GNU_Transect 5,1.1411,43.665,2.69,5.84,1582.43,11.621,31.46,11.074,268.716,-171.463,-1549.992,SAV_GNU_2009,Peter,Pomacentridae,Dascyllus,reticulatus,37372074,1,AD,Passing,,
SAV_GNU_CAM1_left_2009_1.MP4,44903,24.9711,SAV_GNU_Transect 5,1.1411,,1.596,5.733,1500.561,12.384,,,231.425,-217.826,-1466.519,SAV_GNU_2009,Peter,Pomacentridae,Dascyllus,reticulatus,37372074,1,AD,Passing,,
SAV_GNU_CAM1_left_2009_1.MP4,44903,24.9711,SAV_GNU_Transect 5,1.1411,,1.247,2.046,1315.626,14.615,,,157.129,-287.379,-1274.203,SAV_GNU_2009,Peter,Pomacentridae,Dascyllus,reticulatus,37372074,1,AD,Passing,,
SAV_GNU_CAM1_left_2009_1.MP4,44903,24.9711,SAV_GNU_Transect 5,1.1411,,1.37,3.788,1390.384,13.433,,,-21.691,-316.9,-1353.614,SAV_GNU_2009,Peter,Pomacentridae,Dascyllus,reticulatus,37372074,1,AD,Passing,,
SAV_GNU_CAM1_left_2009_1.MP4,44903,24.9711,SAV_GNU_Transect 5,1.1411,,1.371,4.831,1388.142,12.444,,,-103.127,-275.41,-1356.633,SAV_GNU_2009,Peter,Pomacentridae,Dascyllus,reticulatus,37372074,1,AD,Passing,,
SAV_GNU_CAM1_left_2009_1.MP4,44903,24.9711,SAV_GNU_Transect 5,1.1411,,1.761,4.256,1589.641,8.387,,,-34.326,-223.078,-1573.537,SAV_GNU_2009,Peter,Pomacentridae,Dascyllus,reticulatus,37372074,1,AD,Passing,,
SAV_GNU_CAM1_left_2009_1.MP4,44903,24.9711,SAV_GNU_Transect 5,1.1411,,2.304,2.415,1847.121,8.487,,,-136.161,-228.908,-1827.817,SAV_GNU_2009,Peter,Pomacentridae,Dascyllus,reticulatus,37372074,1,AD,Passing,,
SAV_GNU_CAM1_left_2009_1.MP4,44903,24.9711,SAV_GNU_Transect 5,1.1411,,2.149,10.69,1780.747,11.328,,,-264.923,-221.488,-1746.945,SAV_GNU_2009,Peter,Pomacentridae,Dascyllus,reticulatus,37372074,1,AD,Passing,,
SAV_GNU_CAM1_left_2009_1.MP4,44903,24.9711,SAV_GNU_Transect 5,1.1411,,1.27,0.7,1363.728,23.59,,,430.604,-330.354,-1251.08,SAV_GNU_2009,Peter,Pomacentridae,Pomacentrus,moluccensis,37372118,1,AD,Passing,,
SAV_GNU_CAM1_left_2009_1.MP4,44903,24.9711,SAV_GNU_Transect 5,1.1411,,2.149,6.611,1771.41,12.31,,,199.669,-313.689,-1731.943,SAV_GNU_2009,Peter,Pomacentridae,Pomacentrus,moluccensis,37372118,1,AD,Passing,,
SAV_GNU_CAM1_left_2009_1.MP4,44903,24.9711,SAV_GNU_Transect 5,1.1411,,1.381,6.502,1415.242,19.077,,,-233.753,-393.829,-1339.093,SAV_GNU_2009,Peter,Pomacentridae,Pomacentrus,moluccensis,37372118,1,AD,Passing,,
SAV_GNU_CAM1_left_2009_1.MP4,45008,25.0294,SAV_GNU_Transect 5,1.1995,,4.516,7.518,2671.322,15.298,,,-380.326,-583.159,-2579,SAV_GNU_2009,Peter,Pomacanthidae,Centropyge,bicolor,37365022,1,AD,Passing,,
SAV_GNU_CAM1_left_2009_1.MP4,45029,25.0411,SAV_GNU_Transect 5,1.2112,193.837,14.942,14.448,3367.47,6.628,41.078,5.131,-349.894,-169.293,-3344.962,SAV_GNU_2009,Peter,Scaridae,Chlorurus,spilurus,temp_code_002,1,AD,Passing,,
SAV_GNU_CAM1_left_2009_1.MP4,45033,25.0434,SAV_GNU_Transect 5,1.2134,,2.586,8.075,2021.136,22.179,,,-402.586,-640.69,-1874.148,SAV_GNU_2009,Peter,Pomacanthidae,Centropyge,bicolor,37365022,1,AD,Passing,,
SAV_GNU_CAM1_left_2009_1.MP4,45063,25.06,SAV_GNU_Transect 5,1.2301,168.8,4.416,10.068,2606.533,19.867,9.308,0.6,770.739,-436.544,-2451.409,SAV_GNU_2009,Peter,Acanthuridae,Ctenochaetus,striatus,37437022,1,AD,Passing,,
SAV_GNU_CAM1_left_2009_1.MP4,45063,25.06,SAV_GNU_Transect 5,1.2301,197.078,11.004,4.141,2884.33,25.355,82.911,16.64,1123.899,-512.324,-2606.479,SAV_GNU_2009,Peter,Acanthuridae,Ctenochaetus,binotatus,37437021,1,AD,Passing,,
SAV_GNU_CAM1_left_2009_1.MP4,45101,25.0812,SAV_GNU_Transect 5,1.2513,99.559,5.057,4.928,2342.374,9.272,25.926,3.168,-316.01,206.326,-2311.771,SAV_GNU_2009,Peter,Pomacanthidae,Centropyge,bicolor,37365022,1,AD,Passing,,
SAV_GNU_CAM1_left_2009_1.MP4,45139,25.1023,SAV_GNU_Transect 5,1.2724,110.682,3.19,14.277,2850.484,16.194,8.885,10.181,12.535,794.884,-2737.383,SAV_GNU_2009,Peter,Acanthuridae,Zebrasoma,scopas,37437036,1,AD,Passing,,
SAV_GNU_CAM1_left_2009_1.MP4,45153,25.1101,SAV_GNU_Transect 5,1.2802,40.614,1.557,9.895,1346.987,12.569,22.384,6.642,98.585,-276.054,-1314.705,SAV_GNU_2009,Peter,Pomacentridae,Chrysiptera,rollandi,37372067,1,AD,Passing,,
SAV_GNU_CAM1_left_2009_1.MP4,45177,25.1234,SAV_GNU_Transect 5,1.2935,137.837,5.873,7.608,2588.648,16.842,28.545,14.118,-23.705,749.642,-2477.615,SAV_GNU_2009,Peter,Scaridae,Chlorurus,spilurus,temp_code_002,1,AD,Passing,,
SAV_GNU_CAM1_left_2009_1.MP4,45177,25.1234,SAV_GNU_Transect 5,1.2935,169.343,7.672,8.76,2913.793,20.112,31.491,15.82,-628.66,780.161,-2736.115,SAV_GNU_2009,Peter,Pomacanthidae,Pygoplites,diacanthus,37365082,1,AD,Passing,,
SAV_GNU_CAM1_left_2009_1.MP4,45192,25.1318,SAV_GNU_Transect 5,1.3019,80.712,3.489,2.807,1808.04,18.641,39.012,21.766,-546.168,188.915,-1713.191,SAV_GNU_2009,Peter,Pomacanthidae,Centropyge,bicolor,37365022,1,AD,Passing,,
SAV_GNU_CAM1_left_2009_1.MP4,45218,25.1462,SAV_GNU_Transect 5,1.3163,91.931,1.787,8.381,2096.411,9.686,1.004,5.778,-143.322,322.279,-2066.527,SAV_GNU_2009,Peter,Acanthuridae,Zebrasoma,scopas,37437036,1,AD,Passing,,
SAV_GNU_CAM1_left_2009_1.MP4,45266,25.1729,SAV_GNU_Transect 5,1.343,26.865,1.481,6.345,1256.683,8.846,24.991,5.112,-32.405,-190.508,-1241.736,SAV_GNU_2009,Peter,Pomacentridae,Plectroglyphidodon,dickii,37372098,1,AD,Passing,,
SAV_GNU_CAM1_left_2009_1.MP4,45266,25.1729,SAV_GNU_Transect 5,1.343,,3.036,6.164,2203.53,19.219,,,710.15,-139.493,-2081.291,SAV_GNU_2009,Peter,Pomacentridae,Plectroglyphidodon,dickii,37372098,1,AD,Passing,,
SAV_GNU_CAM1_left_2009_1.MP4,45266,25.1729,SAV_GNU_Transect 5,1.343,,2.8,9.903,2073.544,15.942,,,549.594,-141.456,-1994.373,SAV_GNU_2009,Peter,Pomacentridae,Plectroglyphidodon,dickii,37372098,1,AD,Passing,,
SAV_GNU_CAM1_left_2009_1.MP4,45266,25.1729,SAV_GNU_Transect 5,1.343,,2.878,2.937,2091.012,13.602,,,467.207,-145.406,-2032.955,SAV_GNU_2009,Peter,Pomacentridae,Plectroglyphidodon,dickii,37372098,1,AD,Passing,,
SAV_GNU_CAM1_left_2009_1.MP4,45279,25.1802,SAV_GNU_Transect 5,1.3502,,3.548,5.173,2461.392,19.804,,,-821.366,-134.974,-2316.374,SAV_GNU_2009,Peter,Pomacentridae,Plectroglyphidodon,dickii,37372098,1,AD,Passing,,
SAV_GNU_CAM1_left_2009_1.MP4,45279,25.1802,SAV_GNU_Transect 5,1.3502,,2.469,6,1966.13,16.316,,,-544.942,-82.767,-1887.288,SAV_GNU_2009,Peter,Pomacentridae,Plectroglyphidodon,dickii,37372098,1,AD,Passing,,
SAV_GNU_CAM1_left_2009_1.MP4,45349,25.2191,SAV_GNU_Transect 5,1.3892,47.105,2.896,2.496,1514.41,27.011,73.594,19.54,481.77,-490.87,-1349.215,SAV_GNU_2009,Peter,Pomacentridae,Plectroglyphidodon,dickii,37372098,1,AD,Passing,,
SAV_GNU_CAM1_left_2009_1.MP4,45374,25.233,SAV_GNU_Transect 5,1.4031,89.499,4.931,4.98,2484.886,25.977,18.276,3.454,1072.683,-184.283,-2233.841,SAV_GNU_2009,Peter,Pomacanthidae,Centropyge,bicolor,37365022,1,AD,Passing,,
SAV_GNU_CAM1_left_2009_1.MP4,45374,25.233,SAV_GNU_Transect 5,1.4031,35.517,2.741,3.028,1510.596,16.256,42.179,14.118,-313.014,-284.303,-1450.205,SAV_GNU_2009,Peter,Pomacentridae,Chromis,atripes,37372037,1,AD,Passing,,
SAV_GNU_CAM1_left_2009_1.MP4,45386,25.2397,SAV_GNU_Transect 5,1.4097,42.871,4.227,6.615,2261.909,26.479,49.995,43.762,1007.899,-35.568,-2024.626,SAV_GNU_2009,Peter,Pomacentridae,Chromis,viridis,37372053,1,AD,Passing,,
SAV_GNU_CAM1_left_2009_1.MP4,45386,25.2397,SAV_GNU_Transect 5,1.4097,44.301,4.289,7.133,2302.432,25.13,26.08,26.75,977.589,-20.25,-2084.491,SAV_GNU_2009,Peter,Pomacentridae,Chromis,viridis,37372053,1,AD,Passing,,
SAV_GNU_CAM1_left_2009_1.MP4,45386,25.2397,SAV_GNU_Transect 5,1.4097,,3.275,10.883,2432.703,25.853,,,1051.979,145.25,-2188.673,SAV_GNU_2009,Peter,Pomacentridae,Chromis,viridis,37372053,1,AD,Passing,,
SAV_GNU_CAM1_left_2009_1.MP4,45386,25.2397,SAV_GNU_Transect 5,1.4097,,3.301,7.784,2396.819,23.855,,,964.675,103.556,-2191.671,SAV_GNU_2009,Peter,Pomacentridae,Chromis,viridis,37372053,1,AD,Passing,,
SAV_GNU_CAM1_left_2009_1.MP4,45386,25.2397,SAV_GNU_Transect 5,1.4097,,3.72,6.998,2567.964,25.105,,,1043.521,322.564,-2324.103,SAV_GNU_2009,Peter,Pomacentridae,Chromis,viridis,37372053,1,AD,Passing,,
SAV_GNU_CAM1_left_2009_1.MP4,45391,25.2424,SAV_GNU_Transect 5,1.4125,101.37,1.701,4.674,1541.48,18.942,0.077,2.194,-421.933,-268.983,-1458.005,SAV_GNU_2009,Peter,Scaridae,Chlorurus,spilurus,temp_code_002,1,AD,Passing,,
SAV_GNU_CAM1_left_2009_1.MP4,45391,25.2424,SAV_GNU_Transect 5,1.4125,113.144,3.279,3.536,1549.934,12.778,49.312,17.18,-92.505,-330.089,-1511.549,SAV_GNU_2009,Peter,Scaridae,Chlorurus,spilurus,temp_code_002,1,AD,Passing,,
SAV_GNU_CAM1_left_2009_1.MP4,45391,25.2424,SAV_GNU_Transect 5,1.4125,37.768,3.167,3.444,1599.184,14.971,42.644,9.194,-112.528,-397.493,-1544.903,SAV_GNU_2009,Peter,Pomacentridae,Pomacentrus,moluccensis,37372118,1,AD,Passing,,
SAV_GNU_CAM1_left_2009_1.MP4,45420,25.2586,SAV_GNU_Transect 5,1.4286,64.134,1.015,7.379,1248.976,20.419,2.853,35.161,-30.173,-434.701,-1170.498,SAV_GNU_2009,Peter,Labridae,Stethojulis,bandanensis,37384154,1,AD,Passing,,
SAV_GNU_CAM1_left_2009_1.MP4,45441,25.2702,SAV_GNU_Transect 5,1.4403,40.284,1.452,9.771,1912.651,19.949,4.118,1.565,76.375,-648.089,-1797.883,SAV_GNU_2009,Peter,Pomacentridae,Chromis,atripes,37372037,1,AD,Passing,,
SAV_GNU_CAM1_left_2009_1.MP4,45441,25.2702,SAV_GNU_Transect 5,1.4403,,2.053,2.209,1791.614,25.238,,,454.918,-607.241,-1623.018,SAV_GNU_2009,Peter,Pomacentridae,Chromis,atripes,37372037,1,AD,Passing,,
SAV_GNU_CAM1_left_2009_1.MP4,45441,25.2702,SAV_GNU_Transect 5,1.4403,,4.273,10.947,2629.155,16.817,,,746.021,-138.541,-2517.283,SAV_GNU_2009,Peter,Pomacentridae,Chromis,ternatensis,37372051,1,AD,Passing,,
SAV_GNU_CAM1_left_2009_1.MP4,45474,25.2886,SAV_GNU_Transect 5,1.4587,,2.133,2.126,1859.29,24.72,,,702.145,-327.3,-1690.215,SAV_GNU_2009,Peter,Pomacentridae,Chromis,atripes,37372037,1,AD,Passing,,
SAV_GNU_CAM1_left_2009_1.MP4,45474,25.2886,SAV_GNU_Transect 5,1.4587,66.957,3.979,4.648,2084.574,24.771,26.441,0.025,864.633,-123.644,-1892.768,SAV_GNU_2009,Peter,Labridae,Labroides,dimidiatus,37384028,1,AD,Passing,,
SAV_GNU_CAM1_left_2009_1.MP4,45555,25.3336,SAV_GNU_Transect 5,1.5037,146.302,5.317,13.068,2140.07,24.298,78.369,29.118,-879.676,40.524,-1950.495,SAV_GNU_2009,Peter,Zanclidae,Zanclus,cornutus,37437001,1,AD,Passing,,
SAV_GNU_CAM1_left_2009_1.MP4,45620,25.3698,SAV_GNU_Transect 5,1.5399,37.038,1.836,5.949,1673.39,15.693,16.413,19.31,-9.086,-452.534,-1611.014,SAV_GNU_2009,Peter,Pomacentridae,Chromis,atripes,37372037,1,AD,Passing,,
SAV_GNU_CAM1_left_2009_1.MP4,45620,25.3698,SAV_GNU_Transect 5,1.5399,32.748,1.509,6.049,1606.53,17.762,11.747,11.581,-124.044,-474.132,-1529.951,SAV_GNU_2009,Peter,Pomacentridae,Plectroglyphidodon,dickii,37372098,1,AD,Passing,,
SAV_GNU_CAM1_left_2009_1.MP4,45620,25.3698,SAV_GNU_Transect 5,1.5399,,2.135,4.086,1773.518,13.46,,,31.755,-404.762,-1726.42,SAV_GNU_2009,Peter,Pomacentridae,Plectroglyphidodon,dickii,37372098,1,AD,Passing,,
SAV_GNU_CAM1_left_2009_1.MP4,45845,25.4949,SAV_GNU_Transect 5,1.665,229.978,10.49,3.842,3011.645,26.235,74.969,18.819,-1298.464,-293.947,-2701.405,SAV_GNU_2009,Peter,Acanthuridae,Ctenochaetus,striatus,37437022,1,AD,Passing,,
SAV_GNU_CAM1_left_2009_1.MP4,45845,25.4949,SAV_GNU_Transect 5,1.665,158.238,11.465,12.301,4300.465,21.624,7.74,13.816,1521.692,-442.679,-3997.81,SAV_GNU_2009,Peter,Acanthuridae,Ctenochaetus,striatus,37437022,1,AD,Passing,,
SAV_GNU_CAM1_left_2009_1.MP4,45845,25.4949,SAV_GNU_Transect 5,1.665,180.37,14.804,4.784,3827.58,22.183,40.978,13.888,-1435.935,-163.121,-3544.271,SAV_GNU_2009,Peter,Labridae,Oxycheilinus,digrammus,37384065,1,AD,Passing,,
SAV_GNU_CAM1_left_2009_1.MP4,45847,25.496,SAV_GNU_Transect 5,1.6661,139.632,3.958,8.047,3183.418,12.265,8.979,10.471,-8.22,-676.206,-3110.76,SAV_GNU_2009,Peter,Mullidae,Parupeneus,multifasciatus,37355026,1,AD,Passing,,
SAV_GNU_CAM1_left_2009_1.MP4,45883,25.516,SAV_GNU_Transect 5,1.6861,,10.674,5.555,4244.321,16.584,,,1120.439,-444.511,-4069.556,SAV_GNU_2009,Peter,Acanthuridae,Ctenochaetus,sp,,1,AD,Passing,,
SAV_GNU_CAM1_left_2009_1.MP4,45901,25.5261,SAV_GNU_Transect 5,1.6961,,3.431,6.633,2566.058,26.666,,,-1102.626,341.456,-2291.785,SAV_GNU_2009,Peter,Acanthuridae,Ctenochaetus,striatus,37437022,1,AD,Passing,,
SAV_GNU_CAM1_left_2009_1.MP4,46002,25.5822,SAV_GNU_Transect 5,1.7523,101.701,5.122,8.194,2433.549,7.07,31.251,38.714,-214.268,-209.324,-2415.043,SAV_GNU_2009,Peter,Labridae,Thalassoma,lunare,37384167,1,AD,Passing,,
SAV_GNU_CAM1_left_2009_1.MP4,46002,25.5822,SAV_GNU_Transect 5,1.7523,87.34,7.833,6.321,2526.436,6.35,42.59,27.846,180.277,-213.512,-2510.934,SAV_GNU_2009,Peter,Acanthuridae,Zebrasoma,scopas,37437036,1,AD,Passing,,
SAV_GNU_CAM1_left_2009_1.MP4,46054,25.6111,SAV_GNU_Transect 5,1.7812,76.545,3.042,9.24,2753.199,6.76,7.973,2.932,-9.691,-323.931,-2734.06,SAV_GNU_2009,Peter,Pomacanthidae,Centropyge,bicolor,37365022,1,AD,Passing,,
SAV_GNU_CAM1_left_2009_1.MP4,46054,25.6111,SAV_GNU_Transect 5,1.7812,120.754,6.886,9.392,2256.176,14.887,47.986,12.98,436.948,-380.885,-2180.443,SAV_GNU_2009,Peter,Serranidae,Cephalopholis,urodeta,37311142,1,AD,Passing,,
SAV_GNU_CAM1_left_2009_1.MP4,46054,25.6111,SAV_GNU_Transect 5,1.7812,71.593,5.149,6.895,1904.985,12.712,50.069,8.348,-304.765,-287.843,-1858.287,SAV_GNU_2009,Peter,Labridae,Labroides,dimidiatus,37384028,1,AD,Passing,,
SAV_GNU_CAM1_left_2009_1.MP4,46058,25.6134,SAV_GNU_Transect 5,1.7834,,2.659,6.336,1996.71,13.86,,,119.457,-455.471,-1940.393,SAV_GNU_2009,Peter,Labridae,Thalassoma,lunare,37384167,1,AD,Passing,,
SAV_GNU_CAM1_left_2009_1.MP4,46075,25.6228,SAV_GNU_Transect 5,1.7929,86.18,4.376,2.994,1642.698,19.237,84.473,6.618,438.939,-316.623,-1550.98,SAV_GNU_2009,Peter,Pomacentridae,Pomacentrus,callainus,temp_code_004,1,AD,Passing,,
SAV_GNU_CAM1_left_2009_1.MP4,46077,25.6239,SAV_GNU_Transect 5,1.794,131.208,4.939,10.893,1796.778,18.485,69.273,0.251,-489.38,-291.628,-1704.075,SAV_GNU_2009,Peter,Acanthuridae,Zebrasoma,scopas,37437036,1,AD,Passing,,
SAV_GNU_CAM1_left_2009_1.MP4,46133,25.6551,SAV_GNU_Transect 5,1.8252,166.539,9.501,7.441,3139.333,15.376,29.816,1.528,-730.668,-398.815,-3026.959,SAV_GNU_2009,Peter,Acanthuridae,Acanthurus,sp,,1,AD,Passing,,
SAV_GNU_CAM1_left_2009_1.MP4,46133,25.6551,SAV_GNU_Transect 5,1.8252,40.806,1.429,10.531,1291.838,22.045,21.95,23.387,-338.122,-347.536,-1197.388,SAV_GNU_2009,Peter,Pomacanthidae,Centropyge,heraldi,37385027,1,AD,Passing,,
SAV_GNU_CAM1_left_2009_1.MP4,46133,25.6551,SAV_GNU_Transect 5,1.8252,118.147,4.566,5.25,3109.172,11.995,8.212,22.403,-528.654,-371.588,-3041.282,SAV_GNU_2009,Peter,Scaridae,Chlorurus,spilurus,temp_code_002,1,AD,Passing,,
SAV_GNU_CAM1_left_2009_1.MP4,46156,25.6679,SAV_GNU_Transect 5,1.8379,56.59,1.242,2.633,1318.95,12.739,15.553,18.449,4.897,-290.812,-1286.481,SAV_GNU_2009,Peter,Pomacentridae,Pomacentrus,vaiuli,37372126,1,AD,Passing,,
SAV_GNU_CAM1_left_2009_1.MP4,46172,25.6768,SAV_GNU_Transect 5,1.8468,118.216,2.92,2.945,1297.208,13.864,86.331,11.231,151.342,-271.504,-1259.417,SAV_GNU_2009,Peter,Balistidae,Sufflamen,bursa,37465078,1,AD,Passing,,
SAV_GNU_CAM1_left_2009_1.MP4,46217,25.7018,SAV_GNU_Transect 5,1.8719,124.696,5.32,7.8,1989.164,4.552,42.122,9.327,-149.811,-49.799,-1982.889,SAV_GNU_2009,Peter,Labridae,Oxycheilinus,digrammus,37384065,1,AD,Passing,,
SAV_GNU_CAM1_left_2009_1.MP4,46223,25.7051,SAV_GNU_Transect 5,1.8752,168.737,15.241,5.209,3119.758,6.689,56.024,18.111,-361.413,37.84,-3098.522,SAV_GNU_2009,Peter,Acanthuridae,Acanthurus,sp,,1,AD,Passing,,
SAV_GNU_CAM1_left_2009_1.MP4,46223,25.7051,SAV_GNU_Transect 5,1.8752,140.944,9.598,7.856,3192.312,8.467,27.035,0.281,-454.818,118.547,-3157.522,SAV_GNU_2009,Peter,Scaridae,Chlorurus,spilurus,temp_code_002,1,AD,Passing,,
SAV_GNU_CAM1_left_2009_1.MP4,46316,25.7568,SAV_GNU_Transect 5,1.9269,156.03,11.616,9.129,3064.383,12.093,39.432,6.048,411.801,-492.536,-2996.377,SAV_GNU_2009,Peter,Mullidae,Parupeneus,multifasciatus,37355026,1,AD,Passing,,
SAV_GNU_CAM1_left_2009_1.MP4,46361,25.7819,SAV_GNU_Transect 5,1.952,265.939,9.301,9.721,2768.662,26.014,71.052,11.195,-1126.707,-452.893,-2488.154,SAV_GNU_2009,Peter,Scaridae,Chlorurus,spilurus,temp_code_002,1,AD,Passing,,
SAV_GNU_CAM1_left_2009_1.MP4,46361,25.7819,SAV_GNU_Transect 5,1.952,185.125,7.889,10.428,3495.486,19.218,19.422,33.044,-1126.037,236.273,-3300.702,SAV_GNU_2009,Peter,Lethrinidae,Monotaxis,grandoculis,37351026,1,AD,Passing,,
SAV_GNU_CAM1_left_2009_1.MP4,46366,25.7846,SAV_GNU_Transect 5,1.9547,147.032,11.904,6.382,2755.022,15.202,84.566,30.251,-373.913,-618.146,-2658.615,SAV_GNU_2009,Peter,Scaridae,Chlorurus,spilurus,temp_code_002,1,AD,Passing,,
SAV_GNU_CAM1_left_2009_1.MP4,46542,25.8825,SAV_GNU_Transect 5,2.0526,125.187,0.777,3.699,946.673,10.812,16.068,12.834,80.762,-158.159,-929.867,SAV_GNU_2009,Peter,Scaridae,Chlorurus,spilurus,temp_code_002,1,AD,Passing,,
SAV_GNU_CAM1_left_2009_1.MP4,46664,25.9504,SAV_GNU_Transect 5,2.1205,227.537,12.707,17.043,3812.591,22.75,31.903,11.156,-963.346,-1116.128,-3515.974,SAV_GNU_2009,Peter,Scaridae,Scarus,dimidiatus,37386013,1,AD,Passing,,
SAV_GNU_CAM1_left_2009_1.MP4,46708,25.9748,SAV_GNU_Transect 5,2.1449,,5.988,0.414,3135.592,19.907,,,886.207,-583.755,-2950.56,SAV_GNU_2009,Peter,Lethrinidae,Monotaxis,grandoculis,37351026,1,AD,Passing,,
SAV_GNU_CAM1_left_2009_1.MP4,46708,25.9748,SAV_GNU_Transect 5,2.1449,227.79,14.733,3.899,3794.262,19.16,36.441,18.286,731.258,-1008.021,-3584.073,SAV_GNU_2009,Peter,Scaridae,Scarus,dimidiatus,37386013,1,AD,Passing,,
SAV_GNU_CAM1_left_2009_1.MP4,46725,25.9843,SAV_GNU_Transect 5,2.1544,161.663,7.151,4.922,2671.337,20.73,33.711,13.213,942.012,-81.894,-2498.389,SAV_GNU_2009,Peter,Scaridae,Scarus,schlegeli,37386029,1,AD,Passing,,
SAV_GNU_CAM1_left_2009_1.MP4,46814,26.0338,SAV_GNU_Transect 5,2.2039,214.944,2.354,6.866,1365.78,15.969,42.466,12.568,336.114,-167.965,-1313.077,SAV_GNU_2009,Peter,Scaridae,Chlorurus,spilurus,temp_code_002,1,AD,Passing,,
SAV_GNU_CAM1_left_2009_1.MP4,46877,26.0688,SAV_GNU_Transect 5,2.2389,40.028,2.01,0.846,1395.477,22.51,41.3,30.889,314.207,-432.091,-1289.157,SAV_GNU_2009,Peter,Pomacentridae,Chromis,atripes,37372037,1,AD,Passing,,
SAV_GNU_CAM1_left_2009_1.MP4,46929,26.0977,SAV_GNU_Transect 5,2.2678,99.763,4.525,13.012,2324.662,25.642,31.417,18.456,-738.59,-683.019,-2095.716,SAV_GNU_2009,Peter,Lethrinidae,Monotaxis,grandoculis,37351026,1,AD,Passing,,
SAV_GNU_CAM1_left_2009_1.MP4,47084,26.1839,SAV_GNU_Transect 5,2.354,153.917,6.211,8.153,3819.868,19.163,8.089,30.342,-314.802,-1213.763,-3608.195,SAV_GNU_2009,Peter,Acanthuridae,Ctenochaetus,striatus,37437022,1,AD,Passing,,
SAV_GNU_CAM1_left_2009_1.MP4,47084,26.1839,SAV_GNU_Transect 5,2.354,187.335,12.714,8.628,4471.712,21.113,21.537,44.246,-486.96,-1535.378,-4171.534,SAV_GNU_2009,Peter,Acanthuridae,Ctenochaetus,striatus,37437022,1,AD,Passing,,
SAV_GNU_CAM1_left_2009_1.MP4,47084,26.1839,SAV_GNU_Transect 5,2.354,152.454,7.372,5.736,3433.519,21.458,20.107,12.768,300.314,-1219.633,-3195.522,SAV_GNU_2009,Peter,Acanthuridae,Ctenochaetus,striatus,37437022,1,AD,Passing,,
SAV_GNU_CAM1_left_2009_1.MP4,47084,26.1839,SAV_GNU_Transect 5,2.354,121.921,10.286,6.994,3453.234,20.146,32.373,29.471,-459.899,-1096.823,-3241.959,SAV_GNU_2009,Peter,Acanthuridae,Zebrasoma,scopas,37437036,1,AD,Passing,,
SAV_GNU_CAM1_left_2009_1.MP4,47084,26.1839,SAV_GNU_Transect 5,2.354,97.32,5.391,5.006,3387.434,19.316,13.847,7.736,30.059,-1120.083,-3196.751,SAV_GNU_2009,Peter,Acanthuridae,Zebrasoma,scopas,37437036,1,AD,Passing,,
SAV_GNU_CAM1_left_2009_1.MP4,47114,26.2006,SAV_GNU_Transect 5,2.3707,,4.803,18.235,3091.601,26.091,,,-1336.347,-239.741,-2777.535,SAV_GNU_2009,Peter,Pomacentridae,Chromis,ternatensis,37372051,1,AD,Passing,,
SAV_GNU_CAM1_left_2009_1.MP4,47114,26.2006,SAV_GNU_Transect 5,2.3707,,5.254,15.84,3130.169,22.837,,,-1191.464,-225.778,-2885.723,SAV_GNU_2009,Peter,Pomacentridae,Chromis,ternatensis,37372051,1,AD,Passing,,
SAV_GNU_CAM1_left_2009_1.MP4,47114,26.2006,SAV_GNU_Transect 5,2.3707,,5.583,8.98,3212.654,21.684,,,-1180.807,-109.659,-2985.769,SAV_GNU_2009,Peter,Pomacentridae,Chromis,ternatensis,37372051,1,AD,Passing,,
SAV_GNU_CAM1_left_2009_1.MP4,47114,26.2006,SAV_GNU_Transect 5,2.3707,,5.41,11.924,3261.703,25.047,,,-1362.325,-214.019,-2955.837,SAV_GNU_2009,Peter,Pomacentridae,Dascyllus,reticulatus,37372074,1,AD,Passing,,
SAV_GNU_CAM1_left_2009_1.MP4,47114,26.2006,SAV_GNU_Transect 5,2.3707,,5.272,12.617,3156.413,23.086,,,-1230.468,-121.971,-2904.138,SAV_GNU_2009,Peter,Pomacentridae,Dascyllus,reticulatus,37372074,1,AD,Passing,,
SAV_GNU_CAM1_left_2009_1.MP4,47114,26.2006,SAV_GNU_Transect 5,2.3707,,4.888,8.075,2942.818,20.014,,,-996.373,-136.145,-2765.662,SAV_GNU_2009,Peter,Pomacentridae,Dascyllus,reticulatus,37372074,1,AD,Passing,,
SAV_GNU_CAM1_left_2009_1.MP4,47114,26.2006,SAV_GNU_Transect 5,2.3707,,5.694,12.012,3125.719,18.028,,,-910.315,-315.428,-2973.542,SAV_GNU_2009,Peter,Pomacentridae,Dascyllus,reticulatus,37372074,1,AD,Passing,,
SAV_GNU_CAM1_left_2009_1.MP4,47114,26.2006,SAV_GNU_Transect 5,2.3707,,6.129,12.237,3269.222,18.788,,,-998.193,-322.673,-3096.337,SAV_GNU_2009,Peter,Pomacentridae,Dascyllus,reticulatus,37372074,1,AD,Passing,,
SAV_GNU_CAM1_left_2009_1.MP4,47114,26.2006,SAV_GNU_Transect 5,2.3707,,5.738,14.873,3209.633,20.517,,,-1093.753,-251.059,-3007.062,SAV_GNU_2009,Peter,Pomacentridae,Dascyllus,reticulatus,37372074,1,AD,Passing,,
SAV_GNU_CAM1_left_2009_1.MP4,47114,26.2006,SAV_GNU_Transect 5,2.3707,,4.687,6.573,2969.536,23.773,,,-1173.648,-224.797,-2718.485,SAV_GNU_2009,Peter,Pomacentridae,Dascyllus,reticulatus,37372074,1,AD,Passing,,
SAV_GNU_CAM1_left_2009_1.MP4,47114,26.2006,SAV_GNU_Transect 5,2.3707,,5.294,13.977,2908.274,21.053,,,435.104,-939.039,-2717.894,SAV_GNU_2009,Peter,Pomacentridae,Pomacentrus,moluccensis,37372118,1,AD,Passing,,
SAV_GNU_CAM1_left_2009_1.MP4,47114,26.2006,SAV_GNU_Transect 5,2.3707,,5.757,15.165,3034.852,20.273,,,383.416,-967.893,-2850.702,SAV_GNU_2009,Peter,Pomacentridae,Pomacentrus,moluccensis,37372118,1,AD,Passing,,
SAV_GNU_CAM1_left_2009_1.MP4,47189,26.2423,SAV_GNU_Transect 5,2.4124,347.508,4.913,10.753,1888.044,21.013,59.514,11.16,-509.227,-446.122,-1762.49,SAV_GNU_2009,Peter,Scaridae,Chlorurus,spilurus,temp_code_002,1,AD,Passing,,
SAV_GNU_CAM1_left_2009_1.MP4,47483,26.4058,SAV_GNU_Transect 5,2.5759,159.249,11.771,6.392,3227.324,23.583,59.917,22.276,-1286.735,106.792,-2957.791,SAV_GNU_2009,Peter,Scaridae,Chlorurus,spilurus,temp_code_002,1,AD,Passing,,
SAV_GNU_CAM1_left_2009_1.MP4,47558,26.4475,SAV_GNU_Transect 5,2.6176,195.131,14.86,15.363,3894.333,14.002,43.363,40.77,-818.629,466.599,-3778.619,SAV_GNU_2009,Peter,Scaridae,Scarus,dimidiatus,37386013,1,AD,Passing,,
SAV_GNU_CAM1_left_2009_1.MP4,47584,26.462,SAV_GNU_Transect 5,2.6321,101.216,5.151,9.832,2784.906,23.824,8.163,15.09,-1124.907,2.701,-2547.603,SAV_GNU_2009,Peter,Scaridae,Chlorurus,sp,,1,AD,Passing,,
SAV_GNU_CAM1_left_2009_1.MP4,47593,26.467,SAV_GNU_Transect 5,2.6371,,4.713,10.499,3069.524,26.087,,,-1340.791,166.385,-2756.188,SAV_GNU_2009,Peter,Pomacentridae,Chromis,ternatensis,37372051,1,AD,Passing,,
SAV_GNU_CAM1_left_2009_1.MP4,47593,26.467,SAV_GNU_Transect 5,2.6371,,3.526,6.532,2580.8,24.882,,,-1081.976,100.996,-2340.866,SAV_GNU_2009,Peter,Pomacentridae,Dascyllus,reticulatus,37372074,1,AD,Passing,,
SAV_GNU_CAM1_left_2009_1.MP4,47662,26.5054,SAV_GNU_Transect 5,2.6755,163.355,13.723,9.592,3429.49,17.507,41.938,2.967,-976.307,-333.365,-3270.642,SAV_GNU_2009,Peter,Scaridae,Chlorurus,sp,,1,AD,Passing,,
SAV_GNU_CAM1_left_2009_1.MP4,47662,26.5054,SAV_GNU_Transect 5,2.6755,,13.145,0.136,5204.325,24.194,,,-2132.268,-32.47,-4747.355,SAV_GNU_2009,Peter,Scaridae,Chlorurus,spilurus,temp_code_002,1,AD,Passing,,
SAV_GNU_CAM1_left_2009_1.MP4,47690,26.5209,SAV_GNU_Transect 5,2.691,,1.803,3.066,1621.673,18.121,,,255.006,-429.041,-1542.958,SAV_GNU_2009,Peter,Pomacentridae,Dascyllus,reticulatus,37372074,1,AD,Passing,,
SAV_GNU_CAM1_left_2009_1.MP4,47690,26.5209,SAV_GNU_Transect 5,2.691,,1.271,5.136,1345.183,16.907,,,30.398,-384.925,-1288.575,SAV_GNU_2009,Peter,Pomacentridae,Dascyllus,reticulatus,37372074,1,AD,Passing,,
SAV_GNU_CAM1_left_2009_1.MP4,47771,26.566,SAV_GNU_Transect 5,2.7361,34.958,0.907,6.011,1067.263,20.396,15.001,44.094,-24.87,-371.108,-1000.355,SAV_GNU_2009,Peter,Pomacentridae,Chromis,atripes,37372037,1,AD,Passing,,
SAV_GNU_CAM1_left_2009_1.MP4,47878,26.6255,SAV_GNU_Transect 5,2.7956,,5.971,11.743,3482.508,26.185,,,-1511.559,-264.528,-3126.192,SAV_GNU_2009,Peter,Pomacentridae,Chromis,sp,,1,AD,Passing,,
SAV_GNU_CAM1_left_2009_1.MP4,47878,26.6255,SAV_GNU_Transect 5,2.7956,,5.63,7.625,3243.575,22.638,,,-1225.128,-228.44,-2994.604,SAV_GNU_2009,Peter,Pomacentridae,Chromis,sp,,1,AD,Passing,,
SAV_GNU_CAM1_left_2009_1.MP4,47878,26.6255,SAV_GNU_Transect 5,2.7956,,7.414,7.679,3813.558,23.529,,,-1517.551,-107.879,-3496.945,SAV_GNU_2009,Peter,Pomacentridae,Chromis,sp,,1,AD,Passing,,
SAV_GNU_CAM1_left_2009_1.MP4,47878,26.6255,SAV_GNU_Transect 5,2.7956,,8.119,8.656,4052.415,24.614,,,-1683.924,-100.807,-3684.604,SAV_GNU_2009,Peter,Pomacentridae,Chromis,sp,,1,AD,Passing,,
SAV_GNU_CAM1_left_2009_1.MP4,47878,26.6255,SAV_GNU_Transect 5,2.7956,,6.66,6.685,3456.174,19.573,,,-1131.518,-232.632,-3257.406,SAV_GNU_2009,Peter,Pomacentridae,Chromis,sp,,1,AD,Passing,,
SAV_GNU_CAM1_left_2009_1.MP4,47878,26.6255,SAV_GNU_Transect 5,2.7956,,6.379,14.217,3386.665,20.207,,,-1133.439,-276.696,-3179.348,SAV_GNU_2009,Peter,Pomacentridae,Chromis,sp,,1,AD,Passing,,
SAV_GNU_CAM1_left_2009_1.MP4,47971,26.6772,SAV_GNU_Transect 5,2.8473,96.846,2.972,9.797,1857.457,21.161,26.486,9.076,-440.429,-505.583,-1732.211,SAV_GNU_2009,Peter,Scaridae,Chlorurus,sp,,1,AD,Passing,,
SAV_GNU_CAM1_left_2009_1.MP4,47971,26.6772,SAV_GNU_Transect 5,2.8473,76.19,5.036,7.016,2905.199,18.372,7.118,1.636,-833.718,-378.657,-2757.121,SAV_GNU_2009,Peter,Pomacentridae,Chromis,sp,,1,AD,Passing,,
SAV_GNU_CAM1_left_2009_1.MP4,47971,26.6772,SAV_GNU_Transect 5,2.8473,74.351,6.319,7.053,2404.151,21.27,41.09,1.68,-668.906,-559.639,-2240.382,SAV_GNU_2009,Peter,Pomacentridae,Chromis,sp,,1,AD,Passing,,
SAV_GNU_CAM1_left_2009_1.MP4,47971,26.6772,SAV_GNU_Transect 5,2.8473,50.017,3.203,7.116,2334.071,22.557,4.381,11.441,-679.826,-582.637,-2155.518,SAV_GNU_2009,Peter,Pomacentridae,Chromis,sp,,1,AD,Passing,,
SAV_GNU_CAM1_left_2009_1.MP4,47971,26.6772,SAV_GNU_Transect 5,2.8473,63.529,3.51,7.434,2541.396,19.089,5.998,8.457,582.579,-592.757,-2401.652,SAV_GNU_2009,Peter,Pomacentridae,Chromis,sp,,1,AD,Passing,,
SAV_GNU_CAM1_left_2009_1.MP4,47971,26.6772,SAV_GNU_Transect 5,2.8473,63.989,6.389,9.073,2751.607,18.688,26.152,16.087,586.42,-658.356,-2606.534,SAV_GNU_2009,Peter,Pomacentridae,Chromis,sp,,1,AD,Passing,,
SAV_GNU_CAM1_left_2009_1.MP4,47971,26.6772,SAV_GNU_Transect 5,2.8473,55.263,3.28,6.572,2628.007,16.697,4.957,13.098,468.075,-592.463,-2517.204,SAV_GNU_2009,Peter,Pomacentridae,Chromis,sp,,1,AD,Passing,,
SAV_GNU_CAM1_left_2009_1.MP4,47971,26.6772,SAV_GNU_Transect 5,2.8473,55.27,4.818,6.25,2825.442,17.056,12.142,15.894,640.076,-526.386,-2701.174,SAV_GNU_2009,Peter,Pomacentridae,Chromis,viridis,37372053,1,AD,Passing,,
SAV_GNU_CAM1_left_2009_1.MP4,47971,26.6772,SAV_GNU_Transect 5,2.8473,61.42,4.184,7.062,2994.476,15.179,2.189,9.008,596.136,-509.314,-2890.002,SAV_GNU_2009,Peter,Pomacentridae,Chromis,viridis,37372053,1,AD,Passing,,
SAV_GNU_CAM1_left_2009_1.MP4,47971,26.6772,SAV_GNU_Transect 5,2.8473,63.261,3.423,6.388,2718.091,14.324,8.874,0.423,321.506,-590.653,-2633.587,SAV_GNU_2009,Peter,Pomacentridae,Chromis,sp,,1,AD,Passing,,
SAV_GNU_CAM1_left_2009_1.MP4,47971,26.6772,SAV_GNU_Transect 5,2.8473,64.96,5.576,10.402,2980.914,16.882,15.696,5.62,524.773,-688.453,-2852.454,SAV_GNU_2009,Peter,Pomacentridae,Chromis,viridis,37372053,1,AD,Passing,,
SAV_GNU_CAM1_left_2009_1.MP4,47971,26.6772,SAV_GNU_Transect 5,2.8473,61.581,5.136,7.896,2596.305,12.972,22.064,5.115,69.579,-578.637,-2530.047,SAV_GNU_2009,Peter,Pomacentridae,Chromis,viridis,37372053,1,AD,Passing,,
SAV_GNU_CAM1_left_2009_1.MP4,47971,26.6772,SAV_GNU_Transect 5,2.8473,,5.176,12.808,3261.812,27.344,,,-1462.061,-315.91,-2898.619,SAV_GNU_2009,Peter,Pomacentridae,Chromis,sp,,1,AD,Passing,,
SAV_GNU_CAM1_left_2009_1.MP4,47971,26.6772,SAV_GNU_Transect 5,2.8473,,3.906,10.194,2718.335,26.023,,,-1111.496,-422.702,-2444.432,SAV_GNU_2009,Peter,Pomacentridae,Chromis,sp,,1,AD,Passing,,
SAV_GNU_CAM1_left_2009_1.MP4,47971,26.6772,SAV_GNU_Transect 5,2.8473,,3.548,15.469,2555.33,26.388,,,-991.308,-545.141,-2291.254,SAV_GNU_2009,Peter,Pomacentridae,Chromis,sp,,1,AD,Passing,,
SAV_GNU_CAM1_left_2009_1.MP4,47971,26.6772,SAV_GNU_Transect 5,2.8473,,4.724,1.793,2949.355,25.139,,,-1103.342,-583.115,-2672.322,SAV_GNU_2009,Peter,Pomacentridae,Chromis,sp,,1,AD,Passing,,
SAV_GNU_CAM1_left_2009_1.MP4,47971,26.6772,SAV_GNU_Transect 5,2.8473,,4.626,14.322,2932.845,25.29,,,-1127.239,-536.429,-2653.895,SAV_GNU_2009,Peter,Pomacentridae,Chromis,sp,,1,AD,Passing,,
SAV_GNU_CAM1_left_2009_1.MP4,47971,26.6772,SAV_GNU_Transect 5,2.8473,,4.133,13.687,2808.468,26.493,,,-1151.614,-483.3,-2515.492,SAV_GNU_2009,Peter,Pomacentridae,Chromis,sp,,1,AD,Passing,,
SAV_GNU_CAM1_left_2009_1.MP4,47971,26.6772,SAV_GNU_Transect 5,2.8473,,6.793,7.9,3361.716,15.613,,,-760.033,-478.036,-3239.593,SAV_GNU_2009,Peter,Pomacentridae,Chromis,sp,,1,AD,Passing,,
SAV_GNU_CAM1_left_2009_1.MP4,47971,26.6772,SAV_GNU_Transect 5,2.8473,,6.802,5.449,3346.889,14.973,,,-680.491,-520.677,-3235.351,SAV_GNU_2009,Peter,Pomacentridae,Chromis,sp,,1,AD,Passing,,
SAV_GNU_CAM1_left_2009_1.MP4,47971,26.6772,SAV_GNU_Transect 5,2.8473,,6.021,6.781,3224.552,19.659,,,-966.222,-481.168,-3038.524,SAV_GNU_2009,Peter,Pomacentridae,Chromis,sp,,1,AD,Passing,,
SAV_GNU_CAM1_left_2009_1.MP4,47971,26.6772,SAV_GNU_Transect 5,2.8473,,4.17,7.04,2636.814,20.14,,,-753.954,-496.005,-2477.563,SAV_GNU_2009,Peter,Pomacentridae,Chromis,sp,,1,AD,Passing,,
SAV_GNU_CAM1_left_2009_1.MP4,47971,26.6772,SAV_GNU_Transect 5,2.8473,,3.586,8.391,2471.549,22.648,,,-795.857,-512.832,-2283.017,SAV_GNU_2009,Peter,Pomacentridae,Chromis,sp,,1,AD,Passing,,
SAV_GNU_CAM1_left_2009_1.MP4,47971,26.6772,SAV_GNU_Transect 5,2.8473,,5.238,9.456,3029.952,22.293,,,-984.477,-582.066,-2805.818,SAV_GNU_2009,Peter,Pomacentridae,Chromis,sp,,1,AD,Passing,,
SAV_GNU_CAM1_left_2009_1.MP4,47971,26.6772,SAV_GNU_Transect 5,2.8473,,3.647,11.145,2516.936,24.365,,,-835.699,-607.163,-2295.196,SAV_GNU_2009,Peter,Pomacentridae,Chromis,sp,,1,AD,Passing,,
SAV_GNU_CAM1_left_2009_1.MP4,47971,26.6772,SAV_GNU_Transect 5,2.8473,,3.405,1.319,2378.727,22.732,,,-676.513,-613.594,-2196.401,SAV_GNU_2009,Peter,Pomacentridae,Chromis,sp,,1,AD,Passing,,
SAV_GNU_CAM1_left_2009_1.MP4,47971,26.6772,SAV_GNU_Transect 5,2.8473,,3.509,13.21,2355.079,16.48,,,-512.994,-419.047,-2260.008,SAV_GNU_2009,Peter,Pomacentridae,Chromis,sp,,1,AD,Passing,,
SAV_GNU_CAM1_left_2009_1.MP4,47971,26.6772,SAV_GNU_Transect 5,2.8473,,3.655,4.7,2637.874,29.701,,,1183.016,-546.49,-2293.513,SAV_GNU_2009,Peter,Pomacentridae,Chromis,sp,,1,AD,Passing,,
SAV_GNU_CAM1_left_2009_1.MP4,47971,26.6772,SAV_GNU_Transect 5,2.8473,,3.812,1.59,2679.73,28.906,,,1184.174,-515.654,-2347.932,SAV_GNU_2009,Peter,Pomacentridae,Chromis,viridis,37372053,1,AD,Passing,,
SAV_GNU_CAM1_left_2009_1.MP4,47971,26.6772,SAV_GNU_Transect 5,2.8473,,4.909,3.715,2954.697,25.5,,,1143.106,-547.446,-2669.054,SAV_GNU_2009,Peter,Pomacentridae,Chromis,viridis,37372053,1,AD,Passing,,
SAV_GNU_CAM1_left_2009_1.MP4,47971,26.6772,SAV_GNU_Transect 5,2.8473,,2.626,2.528,2069.399,23.44,,,746.877,-338.608,-1899.982,SAV_GNU_2009,Peter,Pomacentridae,Chromis,sp,,1,AD,Passing,,
SAV_GNU_CAM1_left_2009_1.MP4,47971,26.6772,SAV_GNU_Transect 5,2.8473,,7.349,3.118,3644.697,24.131,,,1390.046,-523.501,-3328.293,SAV_GNU_2009,Peter,Pomacentridae,Chromis,sp,,1,AD,Passing,,
SAV_GNU_CAM1_left_2009_1.MP4,47971,26.6772,SAV_GNU_Transect 5,2.8473,,4.563,4.403,2759.343,22.997,,,897.036,-587.8,-2542.399,SAV_GNU_2009,Peter,Pomacentridae,Chromis,viridis,37372053,1,AD,Passing,,
SAV_GNU_CAM1_left_2009_1.MP4,47971,26.6772,SAV_GNU_Transect 5,2.8473,,3.536,12.779,2393.008,21.867,,,751.541,-470.338,-2222.714,SAV_GNU_2009,Peter,Pomacentridae,Chromis,sp,,1,AD,Passing,,
SAV_GNU_CAM1_left_2009_1.MP4,47971,26.6772,SAV_GNU_Transect 5,2.8473,,3.14,7.229,2264.464,23.287,,,759.518,-465.619,-2081.857,SAV_GNU_2009,Peter,Pomacentridae,Chromis,sp,,1,AD,Passing,,
SAV_GNU_CAM1_left_2009_1.MP4,47971,26.6772,SAV_GNU_Transect 5,2.8473,,2.882,2.196,2202.127,25.103,,,831.109,-418.799,-1995.803,SAV_GNU_2009,Peter,Pomacentridae,Chromis,sp,,1,AD,Passing,,
SAV_GNU_CAM1_left_2009_1.MP4,47971,26.6772,SAV_GNU_Transect 5,2.8473,,7.146,4.385,3501.895,22.116,,,1159.869,-613.967,-3246.693,SAV_GNU_2009,Peter,Pomacentridae,Chromis,sp,,1,AD,Passing,,
SAV_GNU_CAM1_left_2009_1.MP4,47971,26.6772,SAV_GNU_Transect 5,2.8473,,5.143,4.62,2965.149,22.798,,,1032.293,-493.639,-2735.471,SAV_GNU_2009,Peter,Pomacentridae,Chromis,viridis,37372053,1,AD,Passing,,
SAV_GNU_CAM1_left_2009_1.MP4,47971,26.6772,SAV_GNU_Transect 5,2.8473,,3.952,9.971,2644.136,26.101,,,1045.558,-500.554,-2376.491,SAV_GNU_2009,Peter,Pomacentridae,Chromis,sp,,1,AD,Passing,,
SAV_GNU_CAM1_left_2009_1.MP4,47971,26.6772,SAV_GNU_Transect 5,2.8473,,2.916,3.316,2214.242,24.759,,,836.109,-393.069,-2012.284,SAV_GNU_2009,Peter,Pomacentridae,Chromis,sp,,1,AD,Passing,,
SAV_GNU_CAM1_left_2009_1.MP4,47971,26.6772,SAV_GNU_Transect 5,2.8473,,6.5,5.814,3259.805,17.802,,,857.488,-495.622,-3105.705,SAV_GNU_2009,Peter,Pomacentridae,Chromis,viridis,37372053,1,AD,Passing,,
SAV_GNU_CAM1_left_2009_1.MP4,47971,26.6772,SAV_GNU_Transect 5,2.8473,,7.556,5.865,3550.234,18.518,,,1008.006,-491.968,-3368.391,SAV_GNU_2009,Peter,Pomacentridae,Chromis,viridis,37372053,1,AD,Passing,,
SAV_GNU_CAM1_left_2009_1.MP4,47971,26.6772,SAV_GNU_Transect 5,2.8473,,7.394,3.191,3481.2,19.715,,,904.001,-736.582,-3280.089,SAV_GNU_2009,Peter,Pomacentridae,Chromis,sp,,1,AD,Passing,,
SAV_GNU_CAM1_left_2009_1.MP4,47971,26.6772,SAV_GNU_Transect 5,2.8473,,5.608,1.343,2980.247,17.701,,,587.039,-679.046,-2841.858,SAV_GNU_2009,Peter,Pomacentridae,Chromis,sp,,1,AD,Passing,,
SAV_GNU_CAM1_left_2009_1.MP4,47971,26.6772,SAV_GNU_Transect 5,2.8473,,5.072,4.653,2831.602,18.19,,,599.052,-639.305,-2692.656,SAV_GNU_2009,Peter,Pomacentridae,Chromis,sp,,1,AD,Passing,,
SAV_GNU_CAM1_left_2009_1.MP4,47971,26.6772,SAV_GNU_Transect 5,2.8473,,5.319,7.098,2910.265,18.822,,,660.073,-656.815,-2757.271,SAV_GNU_2009,Peter,Pomacentridae,Chromis,sp,,1,AD,Passing,,
SAV_GNU_CAM1_left_2009_1.MP4,47971,26.6772,SAV_GNU_Transect 5,2.8473,,6.148,1.784,3154.301,19.691,,,786.682,-702.872,-2972.661,SAV_GNU_2009,Peter,Pomacentridae,Chromis,sp,,1,AD,Passing,,
SAV_GNU_CAM1_left_2009_1.MP4,47971,26.6772,SAV_GNU_Transect 5,2.8473,,3.902,10.59,2475.892,19.177,,,602.172,-537.405,-2340.646,SAV_GNU_2009,Peter,Pomacentridae,Chromis,sp,,1,AD,Passing,,
SAV_GNU_CAM1_left_2009_1.MP4,47971,26.6772,SAV_GNU_Transect 5,2.8473,,2.518,1.924,1944.558,17.668,,,422.693,-404.532,-1854.452,SAV_GNU_2009,Peter,Pomacentridae,Chromis,sp,,1,AD,Passing,,
SAV_GNU_CAM1_left_2009_1.MP4,47971,26.6772,SAV_GNU_Transect 5,2.8473,,3.763,2.583,2417.904,17.128,,,545.324,-448.765,-2312.465,SAV_GNU_2009,Peter,Pomacentridae,Chromis,sp,,1,AD,Passing,,
SAV_GNU_CAM1_left_2009_1.MP4,47971,26.6772,SAV_GNU_Transect 5,2.8473,,4.83,1.547,2814.53,21.239,,,843.191,-562.787,-2625.62,SAV_GNU_2009,Peter,Pomacentridae,Chromis,sp,,1,AD,Passing,,
SAV_GNU_CAM1_left_2009_1.MP4,47971,26.6772,SAV_GNU_Transect 5,2.8473,,4.015,3.013,2544.404,20.692,,,747.482,-490.148,-2382.229,SAV_GNU_2009,Peter,Pomacentridae,Chromis,sp,,1,AD,Passing,,
SAV_GNU_CAM1_left_2009_1.MP4,47971,26.6772,SAV_GNU_Transect 5,2.8473,,6.187,10.02,3183.998,18.851,,,875.417,-528.397,-3015.342,SAV_GNU_2009,Peter,Pomacentridae,Chromis,sp,,1,AD,Passing,,
SAV_GNU_CAM1_left_2009_1.MP4,47971,26.6772,SAV_GNU_Transect 5,2.8473,,8.849,7.324,3803.754,14.998,,,819.596,-530.654,-3676.304,SAV_GNU_2009,Peter,Pomacentridae,Chromis,sp,,1,AD,Passing,,
SAV_GNU_CAM1_left_2009_1.MP4,47971,26.6772,SAV_GNU_Transect 5,2.8473,,5.78,3.029,3023.527,15.194,,,285.622,-727.619,-2920.737,SAV_GNU_2009,Peter,Pomacentridae,Chromis,sp,,1,AD,Passing,,
SAV_GNU_CAM1_left_2009_1.MP4,47971,26.6772,SAV_GNU_Transect 5,2.8473,,5.978,0.51,3074.342,16.169,,,392.05,-749.366,-2955.728,SAV_GNU_2009,Peter,Pomacentridae,Chromis,sp,,1,AD,Passing,,
SAV_GNU_CAM1_left_2009_1.MP4,47971,26.6772,SAV_GNU_Transect 5,2.8473,,6.09,18.988,3105.234,16.98,,,493.472,-749.064,-2972.855,SAV_GNU_2009,Peter,Pomacentridae,Chromis,sp,,1,AD,Passing,,
SAV_GNU_CAM1_left_2009_1.MP4,47971,26.6772,SAV_GNU_Transect 5,2.8473,,4.895,2.273,2766.617,16.121,,,453.63,-609.388,-2660.27,SAV_GNU_2009,Peter,Pomacentridae,Chromis,sp,,1,AD,Passing,,
SAV_GNU_CAM1_left_2009_1.MP4,47971,26.6772,SAV_GNU_Transect 5,2.8473,,5.936,2.965,3063.989,14.702,,,325.675,-694.39,-2966.444,SAV_GNU_2009,Peter,Pomacentridae,Chromis,sp,,1,AD,Passing,,
SAV_GNU_CAM1_left_2009_1.MP4,47971,26.6772,SAV_GNU_Transect 5,2.8473,,3.505,0.131,2314.883,15.462,,,392.387,-467.513,-2232.968,SAV_GNU_2009,Peter,Pomacentridae,Chromis,sp,,1,AD,Passing,,
SAV_GNU_CAM1_left_2009_1.MP4,47971,26.6772,SAV_GNU_Transect 5,2.8473,,6.367,9.035,3194.611,13.824,,,103.834,-743.934,-3105.047,SAV_GNU_2009,Peter,Pomacentridae,Chromis,sp,,1,AD,Passing,,
SAV_GNU_CAM1_left_2009_1.MP4,47971,26.6772,SAV_GNU_Transect 5,2.8473,,6.516,7.845,3236.674,13.685,,,55.238,-751.285,-3147.789,SAV_GNU_2009,Peter,Pomacentridae,Chromis,sp,,1,AD,Passing,,
SAV_GNU_CAM1_left_2009_1.MP4,47971,26.6772,SAV_GNU_Transect 5,2.8473,,6.101,4.484,3129.087,13.962,,,-120.438,-733.276,-3039.571,SAV_GNU_2009,Peter,Pomacentridae,Chromis,sp,,1,AD,Passing,,
SAV_GNU_CAM1_left_2009_1.MP4,47971,26.6772,SAV_GNU_Transect 5,2.8473,,4.603,1.86,2692.098,13.635,,,-65.525,-620.839,-2618.713,SAV_GNU_2009,Peter,Pomacentridae,Chromis,sp,,1,AD,Passing,,
SAV_GNU_CAM1_left_2009_1.MP4,47971,26.6772,SAV_GNU_Transect 5,2.8473,,6.028,7.945,3109.374,12.697,,,-43.561,-669.985,-3036.022,SAV_GNU_2009,Peter,Pomacentridae,Chromis,sp,,1,AD,Passing,,
SAV_GNU_CAM1_left_2009_1.MP4,47971,26.6772,SAV_GNU_Transect 5,2.8473,,6.082,7.088,3123.986,13.139,,,-72.867,-694.318,-3044.98,SAV_GNU_2009,Peter,Pomacentridae,Chromis,sp,,1,AD,Passing,,
SAV_GNU_CAM1_left_2009_1.MP4,47971,26.6772,SAV_GNU_Transect 5,2.8473,,5.86,3.924,3062.806,13.219,,,-114.481,-679.152,-2984.364,SAV_GNU_2009,Peter,Pomacentridae,Chromis,sp,,1,AD,Passing,,
SAV_GNU_CAM1_left_2009_1.MP4,47971,26.6772,SAV_GNU_Transect 5,2.8473,,5.646,5.888,3002.228,13.846,,,-225.125,-670.705,-2917.678,SAV_GNU_2009,Peter,Pomacentridae,Chromis,sp,,1,AD,Passing,,
SAV_GNU_CAM1_left_2009_1.MP4,47971,26.6772,SAV_GNU_Transect 5,2.8473,,7.898,0.037,3584.52,13.638,,,-299.548,-776.479,-3486.565,SAV_GNU_2009,Peter,Pomacentridae,Chromis,sp,,1,AD,Passing,,
SAV_GNU_CAM1_left_2009_1.MP4,47971,26.6772,SAV_GNU_Transect 5,2.8473,,5.461,13.612,2949.964,14.51,,,-228.058,-691.728,-2858.634,SAV_GNU_2009,Peter,Pomacentridae,Chromis,sp,,1,AD,Passing,,
SAV_GNU_CAM1_left_2009_1.MP4,47971,26.6772,SAV_GNU_Transect 5,2.8473,,7.387,4.084,3465.428,12.11,,,-167.292,-694.069,-3391.087,SAV_GNU_2009,Peter,Pomacentridae,Chromis,sp,,1,AD,Passing,,
SAV_GNU_CAM1_left_2009_1.MP4,47971,26.6772,SAV_GNU_Transect 5,2.8473,,5.695,7.018,3018.517,11.924,,,-183.355,-584.386,-2955.726,SAV_GNU_2009,Peter,Pomacentridae,Chromis,sp,,1,AD,Passing,,
SAV_GNU_CAM1_left_2009_1.MP4,47971,26.6772,SAV_GNU_Transect 5,2.8473,,3.958,1.913,2483.382,13.674,,,-201.202,-541.926,-2415.165,SAV_GNU_2009,Peter,Pomacentridae,Chromis,sp,,1,AD,Passing,,
SAV_GNU_CAM1_left_2009_1.MP4,47971,26.6772,SAV_GNU_Transect 5,2.8473,,4.57,3.314,2682.506,12.215,,,-173.789,-529.923,-2623.893,SAV_GNU_2009,Peter,Pomacentridae,Chromis,viridis,37372053,1,AD,Passing,,
SAV_GNU_CAM1_left_2009_1.MP4,47971,26.6772,SAV_GNU_Transect 5,2.8473,,6.135,7.47,3140.071,12.319,,,-286.118,-593.603,-3070.15,SAV_GNU_2009,Peter,Pomacentridae,Chromis,viridis,37372053,1,AD,Passing,,
SAV_GNU_CAM1_left_2009_1.MP4,47971,26.6772,SAV_GNU_Transect 5,2.8473,,5.352,5.473,2921.19,9.514,,,93.232,-462.346,-2882.862,SAV_GNU_2009,Peter,Pomacentridae,Chromis,sp,,1,AD,Passing,,
SAV_GNU_CAM1_left_2009_1.MP4,47971,26.6772,SAV_GNU_Transect 5,2.8473,,10.109,4.774,4115.256,8.664,,,-113.503,-593.316,-4070.679,SAV_GNU_2009,Peter,Pomacentridae,Chromis,sp,,1,AD,Passing,,
SAV_GNU_CAM1_left_2009_1.MP4,47971,26.6772,SAV_GNU_Transect 5,2.8473,,5.848,6.387,3071.414,9.362,,,-211.467,-440.663,-3032.273,SAV_GNU_2009,Peter,Pomacentridae,Chromis,sp,,1,AD,Passing,,
SAV_GNU_CAM1_left_2009_1.MP4,47971,26.6772,SAV_GNU_Transect 5,2.8473,,4.764,4.255,2748.068,9.768,,,-152.204,-429.936,-2709.957,SAV_GNU_2009,Peter,Pomacentridae,Chromis,sp,,1,AD,Passing,,
SAV_GNU_CAM1_left_2009_1.MP4,47971,26.6772,SAV_GNU_Transect 5,2.8473,,9.135,5.546,3872.926,11.631,,,108.48,-758.213,-3796.433,SAV_GNU_2009,Peter,Pomacentridae,Chromis,sp,,1,AD,Passing,,
SAV_GNU_CAM1_left_2009_1.MP4,47971,26.6772,SAV_GNU_Transect 5,2.8473,,10.174,7.33,4109.452,10.819,,,-214.564,-724.944,-4039.309,SAV_GNU_2009,Peter,Pomacentridae,Chromis,sp,,1,AD,Passing,,
SAV_GNU_CAM1_left_2009_1.MP4,47971,26.6772,SAV_GNU_Transect 5,2.8473,,11.22,15.019,4331.173,10.173,,,-246.513,-707.272,-4265.919,SAV_GNU_2009,Peter,Pomacentridae,Chromis,sp,,1,AD,Passing,,
SAV_GNU_CAM1_left_2009_1.MP4,47971,26.6772,SAV_GNU_Transect 5,2.8473,,6.675,1.501,3269.982,12.352,,,221.256,-650.931,-3196.892,SAV_GNU_2009,Peter,Pomacentridae,Chromis,sp,,1,AD,Passing,,
SAV_GNU_CAM1_left_2009_1.MP4,47971,26.6772,SAV_GNU_Transect 5,2.8473,,5.914,0.14,3061.642,12.439,,,309.656,-570.381,-2992.062,SAV_GNU_2009,Peter,Pomacentridae,Chromis,sp,,1,AD,Passing,,
SAV_GNU_CAM1_left_2009_1.MP4,47971,26.6772,SAV_GNU_Transect 5,2.8473,,7.387,10.309,3457.376,12.956,,,104.68,-754.711,-3372.373,SAV_GNU_2009,Peter,Pomacentridae,Chromis,sp,,1,AD,Passing,,
SAV_GNU_CAM1_left_2009_1.MP4,47971,26.6772,SAV_GNU_Transect 5,2.8473,,5.64,2.292,2996.149,12.287,,,104.926,-617.325,-2929.985,SAV_GNU_2009,Peter,Pomacentridae,Chromis,sp,,1,AD,Passing,,
SAV_GNU_CAM1_left_2009_1.MP4,47971,26.6772,SAV_GNU_Transect 5,2.8473,,5.537,1.997,2972.327,10.692,,,60.743,-536.504,-2922.875,SAV_GNU_2009,Peter,Pomacentridae,Chromis,sp,,1,AD,Passing,,
SAV_GNU_CAM1_left_2009_1.MP4,47971,26.6772,SAV_GNU_Transect 5,2.8473,,5.125,9.378,2861.637,12.824,,,-426.048,-460.031,-2792.1,SAV_GNU_2009,Peter,Pomacentridae,Chromis,sp,,1,AD,Passing,,
SAV_GNU_CAM1_left_2009_1.MP4,47971,26.6772,SAV_GNU_Transect 5,2.8473,,12.98,0.741,4672.637,15.343,,,-903.514,-826.071,-4509.413,SAV_GNU_2009,Peter,Pomacentridae,Chromis,sp,,1,AD,Passing,,
SAV_GNU_CAM1_left_2009_1.MP4,47971,26.6772,SAV_GNU_Transect 5,2.8473,,11.148,7.287,4309.861,13.912,,,-722.171,-726.49,-4186.356,SAV_GNU_2009,Peter,Pomacentridae,Chromis,sp,,1,AD,Passing,,
SAV_GNU_CAM1_left_2009_1.MP4,47971,26.6772,SAV_GNU_Transect 5,2.8473,,13.841,19.37,4862.295,8.804,,,-545.113,-487.563,-4806.979,SAV_GNU_2009,Peter,Pomacentridae,Chromis,sp,,1,AD,Passing,,
SAV_GNU_CAM1_left_2009_1.MP4,47971,26.6772,SAV_GNU_Transect 5,2.8473,,11.461,14.606,4429.627,5.979,,,-12.572,-443.754,-4407.326,SAV_GNU_2009,Peter,Pomacentridae,Chromis,sp,,1,AD,Passing,,
SAV_GNU_CAM1_left_2009_1.MP4,47971,26.6772,SAV_GNU_Transect 5,2.8473,,12.821,7.72,4648.111,11.063,,,-639.251,-603.906,-4564.164,SAV_GNU_2009,Peter,Pomacentridae,Chromis,sp,,1,AD,Passing,,
SAV_GNU_CAM1_left_2009_1.MP4,47971,26.6772,SAV_GNU_Transect 5,2.8473,,14.174,13.423,4903.526,12.144,,,-812.511,-616.591,-4796.27,SAV_GNU_2009,Peter,Pomacentridae,Chromis,sp,,1,AD,Passing,,
SAV_GNU_CAM1_left_2009_1.MP4,47971,26.6772,SAV_GNU_Transect 5,2.8473,,5.738,0.909,3061.798,17.017,,,-653.857,-601.042,-2930.158,SAV_GNU_2009,Peter,Pomacentridae,Chromis,sp,,1,AD,Passing,,
SAV_GNU_CAM1_left_2009_1.MP4,47971,26.6772,SAV_GNU_Transect 5,2.8473,,5.816,6.03,3070.039,16.646,,,-576.607,-652.333,-2943.998,SAV_GNU_2009,Peter,Pomacentridae,Chromis,sp,,1,AD,Passing,,
SAV_GNU_CAM1_left_2009_1.MP4,47971,26.6772,SAV_GNU_Transect 5,2.8473,,8.253,5.866,3741.538,20.497,,,-929.304,-909.631,-3508.286,SAV_GNU_2009,Peter,Pomacentridae,Chromis,ternatensis,37372051,1,AD,Passing,,
SAV_GNU_CAM1_left_2009_1.MP4,47971,26.6772,SAV_GNU_Transect 5,2.8473,,5.006,3.342,2826.915,16.347,,,-450.593,-644.973,-2715.221,SAV_GNU_2009,Peter,Pomacentridae,Chromis,viridis,37372053,1,AD,Passing,,
SAV_GNU_CAM1_left_2009_1.MP4,47971,26.6772,SAV_GNU_Transect 5,2.8473,,4.54,7.679,2701.78,16.49,,,-568.896,-503.98,-2592.677,SAV_GNU_2009,Peter,Pomacentridae,Chromis,viridis,37372053,1,AD,Passing,,
SAV_GNU_CAM1_left_2009_1.MP4,47971,26.6772,SAV_GNU_Transect 5,2.8473,,6.701,2.146,3628.395,27.502,,,1621.462,-409.293,-3220.029,SAV_GNU_2009,Peter,Pomacentridae,Chromis,viridis,37372053,1,AD,Passing,,
SAV_GNU_CAM1_left_2009_1.MP4,47971,26.6772,SAV_GNU_Transect 5,2.8473,,6.304,4.223,3649.588,30.421,,,1794.389,-429.196,-3148.88,SAV_GNU_2009,Peter,Pomacentridae,Chromis,viridis,37372053,1,AD,Passing,,
SAV_GNU_CAM1_left_2009_1.MP4,47971,26.6772,SAV_GNU_Transect 5,2.8473,,7.282,3.391,3903.45,31.887,,,1846.684,-904.218,-3317.992,SAV_GNU_2009,Peter,Pomacentridae,Chromis,viridis,37372053,1,AD,Passing,,
SAV_GNU_CAM1_left_2009_1.MP4,47971,26.6772,SAV_GNU_Transect 5,2.8473,,14.619,19.512,5274.094,20.287,,,-1814.953,242.767,-4946.016,SAV_GNU_2009,Peter,Pomacentridae,Chromis,xanthura,37372057,1,AD,Passing,,
SAV_GNU_CAM1_left_2009_1.MP4,47971,26.6772,SAV_GNU_Transect 5,2.8473,,9.866,4.556,4735.029,29.286,,,-2284.9,396.219,-4128.286,SAV_GNU_2009,Peter,Pomacentridae,Chromis,xanthura,37372057,1,AD,Passing,,
SAV_GNU_CAM1_left_2009_1.MP4,47971,26.6772,SAV_GNU_Transect 5,2.8473,,19.157,0.118,5872.243,14.972,,,-1499.833,250.301,-5671.957,SAV_GNU_2009,Peter,Pomacentridae,Chromis,xanthura,37372057,1,AD,Passing,,
SAV_GNU_CAM1_left_2009_1.MP4,47971,26.6772,SAV_GNU_Transect 5,2.8473,,21.878,9.866,6337.689,16.952,,,-1820.857,338.796,-6061.023,SAV_GNU_2009,Peter,Pomacentridae,Chromis,xanthura,37372057,1,AD,Passing,,
SAV_GNU_CAM1_left_2009_1.MP4,47971,26.6772,SAV_GNU_Transect 5,2.8473,,21.47,15.457,6083.658,11.804,,,-1078.828,643.983,-5952.505,SAV_GNU_2009,Peter,Pomacentridae,Chromis,xanthura,37372057,1,AD,Passing,,
SAV_GNU_CAM1_left_2009_1.MP4,47971,26.6772,SAV_GNU_Transect 5,2.8473,,18.532,14.367,5599.443,12.382,,,-892.151,825.269,-5465.964,SAV_GNU_2009,Peter,Pomacentridae,Chromis,xanthura,37372057,1,AD,Passing,,
SAV_GNU_CAM1_left_2009_1.MP4,47971,26.6772,SAV_GNU_Transect 5,2.8473,,29.678,12.094,7150.28,10.99,,,-1074.489,866.69,-7015.755,SAV_GNU_2009,Peter,Pomacentridae,Chromis,xanthura,37372057,1,AD,Passing,,
SAV_GNU_CAM1_left_2009_1.MP4,47971,26.6772,SAV_GNU_Transect 5,2.8473,,29.554,8.522,7123.405,9.847,,,-582.741,1097.682,-7014.158,SAV_GNU_2009,Peter,Pomacentridae,Chromis,xanthura,37372057,1,AD,Passing,,
SAV_GNU_CAM1_left_2009_1.MP4,47971,26.6772,SAV_GNU_Transect 5,2.8473,,17.475,6.922,5542.366,4.653,,,-160.738,441.827,-5522.389,SAV_GNU_2009,Peter,Pomacentridae,Chromis,xanthura,37372057,1,AD,Passing,,
SAV_GNU_CAM1_left_2009_1.MP4,47971,26.6772,SAV_GNU_Transect 5,2.8473,,12.789,2.826,4679.098,6.06,,,-171.457,481.717,-4651.077,SAV_GNU_2009,Peter,Pomacentridae,Chromis,xanthura,37372057,1,AD,Passing,,
SAV_GNU_CAM1_left_2009_1.MP4,47971,26.6772,SAV_GNU_Transect 5,2.8473,,21.829,10.082,6155.871,7.344,,,104.597,804.126,-6102.228,SAV_GNU_2009,Peter,Pomacentridae,Chromis,xanthura,37372057,1,AD,Passing,,
SAV_GNU_CAM1_left_2009_1.MP4,47971,26.6772,SAV_GNU_Transect 5,2.8473,,19.454,9.119,5782.354,7.102,,,363.735,638.253,-5735.499,SAV_GNU_2009,Peter,Pomacentridae,Chromis,xanthura,37372057,1,AD,Passing,,
SAV_GNU_CAM1_left_2009_1.MP4,47971,26.6772,SAV_GNU_Transect 5,2.8473,,11.636,0.558,4432.229,14.535,,,1069.11,324.113,-4289.126,SAV_GNU_2009,Peter,Pomacentridae,Chromis,xanthura,37372057,1,AD,Passing,,
SAV_GNU_CAM1_left_2009_1.MP4,47971,26.6772,SAV_GNU_Transect 5,2.8473,,14.404,16.016,4932.698,9.528,,,751.672,338.039,-4863.356,SAV_GNU_2009,Peter,Pomacentridae,Chromis,xanthura,37372057,1,AD,Passing,,
SAV_GNU_CAM1_left_2009_1.MP4,47971,26.6772,SAV_GNU_Transect 5,2.8473,,19.246,17.532,5842.671,5.23,,,-493.775,222.559,-5817.513,SAV_GNU_2009,Peter,Pomacentridae,Chromis,xanthura,37372057,1,AD,Passing,,
SAV_GNU_CAM1_left_2009_1.MP4,47971,26.6772,SAV_GNU_Transect 5,2.8473,,5.452,11.909,3154.789,23.114,,,-1143.57,-463.886,-2903.403,SAV_GNU_2009,Peter,Pomacentridae,Chromis,sp,,1,AD,Passing,,
SAV_GNU_CAM1_left_2009_1.MP4,47971,26.6772,SAV_GNU_Transect 5,2.8473,378.539,23.811,12.152,6460.169,24.119,8.035,18.329,-2462.858,950.189,-5896.206,SAV_GNU_2009,Peter,Lutjanidae,Lutjanus,bohar,37346029,1,AD,Passing,,
SAV_GNU_CAM1_left_2009_1.MP4,47971,26.6772,SAV_GNU_Transect 5,2.8473,81.694,6.863,4.614,2578.432,26.174,45.766,17.297,1002.401,-537.316,-2314.044,SAV_GNU_2009,Peter,Pomacentridae,Pomacentrus,philippinus,37372123,1,AD,Passing,,
SAV_GNU_CAM1_left_2009_1.MP4,54774,30.4604,SAV_GNU_Transect 6,0.1685,75.728,5.176,11.495,1997.266,23.061,63.088,0.882,-719.062,308.235,-1837.665,SAV_GNU_2009,Peter,Pomacentridae,Pomacentrus,philippinus,37372123,1,AD,Passing,,
SAV_GNU_CAM1_left_2009_1.MP4,54794,30.4716,SAV_GNU_Transect 6,0.1796,166.337,7.79,10.222,3700.477,20.033,3.048,13.541,-1215.276,360.57,-3476.582,SAV_GNU_2009,Peter,Acanthuridae,Ctenochaetus,striatus,37437022,1,AD,Passing,,
SAV_GNU_CAM1_left_2009_1.MP4,54794,30.4716,SAV_GNU_Transect 6,0.1796,156.016,15.017,10.588,3497.416,16.044,44.233,8.868,-880.808,398.057,-3361.197,SAV_GNU_2009,Peter,Acanthuridae,Ctenochaetus,striatus,37437022,1,AD,Passing,,
SAV_GNU_CAM1_left_2009_1.MP4,54918,30.5405,SAV_GNU_Transect 6,0.2486,67.22,2.86,8.718,1911.723,14.11,17.039,0.549,-450.613,118.985,-1854.043,SAV_GNU_2009,Peter,Pomacentridae,Pomacentrus,moluccensis,37372118,1,AD,Passing,,
SAV_GNU_CAM1_left_2009_1.MP4,54938,30.5516,SAV_GNU_Transect 6,0.2597,73.53,2.845,2.719,2037.251,12.555,11.849,1.482,441.082,39.375,-1988.539,SAV_GNU_2009,Peter,Pomacentridae,Amblyglyphidodon,orbicularis,temp_code_001,1,AD,Passing,,
SAV_GNU_CAM1_left_2009_1.MP4,54962,30.565,SAV_GNU_Transect 6,0.2731,62.822,2.115,4.428,1737.49,15.786,3.299,8.507,472.464,14.411,-1671.958,SAV_GNU_2009,Peter,Labridae,Thalassoma,lunare,37384167,1,AD,Passing,,
SAV_GNU_CAM1_left_2009_1.MP4,54979,30.5744,SAV_GNU_Transect 6,0.2825,65.045,3.866,4.603,1679.318,12.765,46.443,8.349,339.676,149.36,-1637.81,SAV_GNU_2009,Peter,Pomacentridae,Pomacentrus,callainus,temp_code_004,1,AD,Passing,,
SAV_GNU_CAM1_left_2009_1.MP4,54989,30.58,SAV_GNU_Transect 6,0.2881,51.335,1.745,4.601,1521.202,17.686,1.971,7.368,-443.665,-129.362,-1449.305,SAV_GNU_2009,Peter,Pomacentridae,Chromis,xanthura,37372057,1,AD,Passing,,
SAV_GNU_CAM1_left_2009_1.MP4,55023,30.5989,SAV_GNU_Transect 6,0.307,29.534,1.896,5.478,1481.427,21.782,11.696,10.038,532.839,-135.176,-1375.659,SAV_GNU_2009,Peter,Pomacentridae,Amblyglyphidodon,orbicularis,temp_code_001,1,AD,Passing,,
SAV_GNU_CAM1_left_2009_1.MP4,55047,30.6122,SAV_GNU_Transect 6,0.3203,,2.46,1.727,2047.716,26.172,,,835.245,-336.352,-1839.123,SAV_GNU_2009,Peter,Pomacentridae,Pomacentrus,moluccensis,37372118,1,AD,Passing,,
SAV_GNU_CAM1_left_2009_1.MP4,55093,30.6378,SAV_GNU_Transect 6,0.3459,36.282,2.015,4.605,1737.883,21.318,3.582,24.74,503.03,-382.262,-1618.973,SAV_GNU_2009,Peter,Pomacentridae,Amblyglyphidodon,orbicularis,temp_code_001,1,AD,Passing,,
SAV_GNU_CAM1_left_2009_1.MP4,55093,30.6378,SAV_GNU_Transect 6,0.3459,67.123,1.96,2.44,1602.428,25.032,2.679,13.532,583.002,-346.141,-1451.919,SAV_GNU_2009,Peter,Labridae,Thalassoma,sp,,1,AD,Passing,,
SAV_GNU_CAM1_left_2009_1.MP4,55100,30.6417,SAV_GNU_Transect 6,0.3498,119.799,5.108,6.055,3758.251,19.849,22.507,72.517,1205.362,418.928,-3534.976,SAV_GNU_2009,Peter,Scaridae,Chlorurus,spilurus,temp_code_002,1,AD,Passing,,
SAV_GNU_CAM1_left_2009_1.MP4,55123,30.6545,SAV_GNU_Transect 6,0.3626,91.233,2.749,5.785,1713.752,7.831,26.741,20.121,188.905,-137.251,-1697.77,SAV_GNU_2009,Peter,Labridae,Hologymnosus,doliatus,37384127,1,AD,Passing,,
SAV_GNU_CAM1_left_2009_1.MP4,55158,30.674,SAV_GNU_Transect 6,0.382,58.917,2.337,5.302,1463.11,12.82,59.593,51.878,211.673,-246.139,-1426.64,SAV_GNU_2009,Peter,Chaetodontidae,Chaetodon,lunulatus,37365059,1,AD,Passing,,
SAV_GNU_CAM1_left_2009_1.MP4,55158,30.674,SAV_GNU_Transect 6,0.382,78.862,2.724,7.196,1620.34,14.209,39.299,36.541,368.382,-149.968,-1570.766,SAV_GNU_2009,Peter,Chaetodontidae,Chaetodon,lunulatus,37365059,1,AD,Passing,,
SAV_GNU_CAM1_left_2009_1.MP4,55196,30.6951,SAV_GNU_Transect 6,0.4032,91.017,2.278,3.354,1248.515,19.663,63.616,1.611,133.496,-398.341,-1175.71,SAV_GNU_2009,Peter,Pomacentridae,Pomacentrus,vaiuli,37372126,1,AD,Passing,,
SAV_GNU_CAM1_left_2009_1.MP4,55295,30.7502,SAV_GNU_Transect 6,0.4582,41.124,3.332,6.557,1522.249,18.359,59.387,11.743,453.099,-156.825,-1444.766,SAV_GNU_2009,Peter,Pomacentridae,Chromis,viridis,37372053,1,AD,Passing,,
SAV_GNU_CAM1_left_2009_1.MP4,55295,30.7502,SAV_GNU_Transect 6,0.4582,32.072,3.001,6.155,1556.072,19.084,45.211,13.738,488.072,-143.581,-1470.554,SAV_GNU_2009,Peter,Pomacentridae,Chromis,viridis,37372053,1,AD,Passing,,
SAV_GNU_CAM1_left_2009_1.MP4,55295,30.7502,SAV_GNU_Transect 6,0.4582,,1.363,3.235,1389.684,18.666,,,384.083,-219.06,-1317.465,SAV_GNU_2009,Peter,Pomacentridae,Chromis,viridis,37372053,1,AD,Passing,,
SAV_GNU_CAM1_left_2009_1.MP4,55295,30.7502,SAV_GNU_Transect 6,0.4582,,1.203,3.518,1305.7,20.737,,,427.962,-170.049,-1221.795,SAV_GNU_2009,Peter,Pomacentridae,Chromis,viridis,37372053,1,AD,Passing,,
SAV_GNU_CAM1_left_2009_1.MP4,55324,30.7663,SAV_GNU_Transect 6,0.4744,39.682,1.389,7.826,1266.49,20.648,14.112,18.2,380.593,-233.645,-1185.139,SAV_GNU_2009,Peter,Pomacentridae,Chromis,viridis,37372053,1,AD,Passing,,
SAV_GNU_CAM1_left_2009_1.MP4,55324,30.7663,SAV_GNU_Transect 6,0.4744,31.318,1.768,8.615,1371.54,18.428,31.874,29.637,139.412,-410.531,-1301.211,SAV_GNU_2009,Peter,Pomacentridae,Chromis,viridis,37372053,1,AD,Passing,,
SAV_GNU_CAM1_left_2009_1.MP4,55324,30.7663,SAV_GNU_Transect 6,0.4744,,1.232,5.266,1341.494,21.424,,,112.318,-471.992,-1250.686,SAV_GNU_2009,Peter,Pomacentridae,Chromis,viridis,37372053,1,AD,Passing,,
SAV_GNU_CAM1_left_2009_1.MP4,55324,30.7663,SAV_GNU_Transect 6,0.4744,,1.213,5.253,1313.542,19.909,,,204.371,-392.972,-1236.608,SAV_GNU_2009,Peter,Pomacentridae,Chromis,viridis,37372053,1,AD,Passing,,
SAV_GNU_CAM1_left_2009_1.MP4,55324,30.7663,SAV_GNU_Transect 6,0.4744,,1.433,5.409,1424.806,16.68,,,211.472,-344.631,-1366.229,SAV_GNU_2009,Peter,Pomacentridae,Chromis,viridis,37372053,1,AD,Passing,,
SAV_GNU_CAM1_left_2009_1.MP4,55324,30.7663,SAV_GNU_Transect 6,0.4744,,1.643,8.647,1535.361,14.628,,,118.237,-363.381,-1487.046,SAV_GNU_2009,Peter,Pomacentridae,Chromis,viridis,37372053,1,AD,Passing,,
SAV_GNU_CAM1_left_2009_1.MP4,55324,30.7663,SAV_GNU_Transect 6,0.4744,,1.349,10.888,1413.635,21.239,,,-58.338,-503.53,-1319.628,SAV_GNU_2009,Peter,Pomacentridae,Chromis,viridis,37372053,1,AD,Passing,,
SAV_GNU_CAM1_left_2009_1.MP4,55324,30.7663,SAV_GNU_Transect 6,0.4744,,2.648,4.389,2112.255,25.345,,,-652.837,-618.001,-1911.413,SAV_GNU_2009,Peter,Pomacentridae,Chromis,viridis,37372053,1,AD,Passing,,
SAV_GNU_CAM1_left_2009_1.MP4,55324,30.7663,SAV_GNU_Transect 6,0.4744,,2.506,8.87,2065.066,26.818,,,-623.85,-684.673,-1845.68,SAV_GNU_2009,Peter,Pomacentridae,Chromis,viridis,37372053,1,AD,Passing,,
SAV_GNU_CAM1_left_2009_1.MP4,55324,30.7663,SAV_GNU_Transect 6,0.4744,,2.38,4.848,1955.592,23.266,,,-519.614,-564.462,-1798.812,SAV_GNU_2009,Peter,Pomacentridae,Chromis,viridis,37372053,1,AD,Passing,,
SAV_GNU_CAM1_left_2009_1.MP4,55324,30.7663,SAV_GNU_Transect 6,0.4744,,2.377,15.004,1941.126,22.099,,,-493.455,-531.2,-1800.638,SAV_GNU_2009,Peter,Pomacentridae,Chromis,viridis,37372053,1,AD,Passing,,
SAV_GNU_CAM1_left_2009_1.MP4,55324,30.7663,SAV_GNU_Transect 6,0.4744,,2.506,9.112,1967.778,19.065,,,-416.898,-481.826,-1861.771,SAV_GNU_2009,Peter,Pomacentridae,Chromis,viridis,37372053,1,AD,Passing,,
SAV_GNU_CAM1_left_2009_1.MP4,55324,30.7663,SAV_GNU_Transect 6,0.4744,,3.313,1.191,2311.716,22.56,,,-451.774,-754.736,-2137.828,SAV_GNU_2009,Peter,Pomacentridae,Chromis,viridis,37372053,1,AD,Passing,,
SAV_GNU_CAM1_left_2009_1.MP4,55324,30.7663,SAV_GNU_Transect 6,0.4744,,2.827,10.687,2143.955,23.855,,,-500.611,-700.185,-1963.587,SAV_GNU_2009,Peter,Pomacentridae,Chromis,viridis,37372053,1,AD,Passing,,
SAV_GNU_CAM1_left_2009_1.MP4,55324,30.7663,SAV_GNU_Transect 6,0.4744,,2.033,14.14,1750.321,19.089,,,-284.009,-490.419,-1656.035,SAV_GNU_2009,Peter,Pomacentridae,Chromis,viridis,37372053,1,AD,Passing,,
SAV_GNU_CAM1_left_2009_1.MP4,55324,30.7663,SAV_GNU_Transect 6,0.4744,,2.119,11.079,1789.847,18.93,,,-306.718,-486.296,-1694.991,SAV_GNU_2009,Peter,Pomacentridae,Chromis,viridis,37372053,1,AD,Passing,,
SAV_GNU_CAM1_left_2009_1.MP4,55324,30.7663,SAV_GNU_Transect 6,0.4744,,2.444,5.266,1925.522,17.65,,,-123.224,-563.399,-1837.126,SAV_GNU_2009,Peter,Pomacentridae,Chromis,viridis,37372053,1,AD,Passing,,
SAV_GNU_CAM1_left_2009_1.MP4,55324,30.7663,SAV_GNU_Transect 6,0.4744,,1.639,3.091,1547.336,17.392,,,-189.692,-415.957,-1478.257,SAV_GNU_2009,Peter,Pomacentridae,Chromis,viridis,37372053,1,AD,Passing,,
SAV_GNU_CAM1_left_2009_1.MP4,55324,30.7663,SAV_GNU_Transect 6,0.4744,,1.7,5.057,1590.571,19.69,,,-190.566,-494.945,-1499.543,SAV_GNU_2009,Peter,Pomacentridae,Chromis,viridis,37372053,1,AD,Passing,,
SAV_GNU_CAM1_left_2009_1.MP4,55324,30.7663,SAV_GNU_Transect 6,0.4744,,1.915,6.684,1665.343,12.203,,,106.151,-329.162,-1629.034,SAV_GNU_2009,Peter,Pomacentridae,Chromis,viridis,37372053,1,AD,Passing,,
SAV_GNU_CAM1_left_2009_1.MP4,55324,30.7663,SAV_GNU_Transect 6,0.4744,,1.987,9.453,1698.135,12.384,,,151.697,-324.522,-1659.921,SAV_GNU_2009,Peter,Pomacentridae,Chromis,viridis,37372053,1,AD,Passing,,
SAV_GNU_CAM1_left_2009_1.MP4,55324,30.7663,SAV_GNU_Transect 6,0.4744,,1.825,6.785,1619.757,13.087,,,186.685,-309.448,-1578.925,SAV_GNU_2009,Peter,Pomacentridae,Chromis,viridis,37372053,1,AD,Passing,,
SAV_GNU_CAM1_left_2009_1.MP4,55324,30.7663,SAV_GNU_Transect 6,0.4744,,1.923,7.97,1668.563,10.339,,,62.957,-286.259,-1642.618,SAV_GNU_2009,Peter,Pomacentridae,Chromis,viridis,37372053,1,AD,Passing,,
SAV_GNU_CAM1_left_2009_1.MP4,55324,30.7663,SAV_GNU_Transect 6,0.4744,,2.079,8.614,1747.179,12.672,,,-21.124,-375.943,-1706.122,SAV_GNU_2009,Peter,Pomacentridae,Chromis,viridis,37372053,1,AD,Passing,,
SAV_GNU_CAM1_left_2009_1.MP4,55324,30.7663,SAV_GNU_Transect 6,0.4744,,1.814,7.281,1621.709,12.878,,,-89.9,-343.808,-1582.294,SAV_GNU_2009,Peter,Pomacentridae,Chromis,viridis,37372053,1,AD,Passing,,
SAV_GNU_CAM1_left_2009_1.MP4,55324,30.7663,SAV_GNU_Transect 6,0.4744,,1.806,3.857,1619.647,13.608,,,-74.242,-367.513,-1575.652,SAV_GNU_2009,Peter,Pomacentridae,Chromis,viridis,37372053,1,AD,Passing,,
SAV_GNU_CAM1_left_2009_1.MP4,55324,30.7663,SAV_GNU_Transect 6,0.4744,,2.167,10.557,1785.927,11.032,,,-118.288,-313.668,-1754.182,SAV_GNU_2009,Peter,Pomacentridae,Chromis,viridis,37372053,1,AD,Passing,,
SAV_GNU_CAM1_left_2009_1.MP4,55324,30.7663,SAV_GNU_Transect 6,0.4744,,2.118,12.97,1771.081,14.761,,,-232.096,-380.204,-1714.148,SAV_GNU_2009,Peter,Pomacentridae,Chromis,viridis,37372053,1,AD,Passing,,
SAV_GNU_CAM1_left_2009_1.MP4,55324,30.7663,SAV_GNU_Transect 6,0.4744,,4.669,10.575,2729.698,13.422,,,-476.988,-406.539,-2656.777,SAV_GNU_2009,Peter,Pomacentridae,Chromis,viridis,37372053,1,AD,Passing,,
SAV_GNU_CAM1_left_2009_1.MP4,55324,30.7663,SAV_GNU_Transect 6,0.4744,,4.917,15.538,2813.668,15.017,,,-555.458,-461.424,-2719.427,SAV_GNU_2009,Peter,Pomacentridae,Chromis,viridis,37372053,1,AD,Passing,,
SAV_GNU_CAM1_left_2009_1.MP4,55324,30.7663,SAV_GNU_Transect 6,0.4744,,4.842,6.479,2776.28,13.028,,,-421.858,-451.597,-2706.626,SAV_GNU_2009,Peter,Pomacentridae,Chromis,viridis,37372053,1,AD,Passing,,
SAV_GNU_CAM1_left_2009_1.MP4,55324,30.7663,SAV_GNU_Transect 6,0.4744,,4.54,15.87,2697.247,3.921,,,-73.376,-158.538,-2691.584,SAV_GNU_2009,Peter,Pomacentridae,Chromis,viridis,37372053,1,AD,Passing,,
SAV_GNU_CAM1_left_2009_1.MP4,55324,30.7663,SAV_GNU_Transect 6,0.4744,,4.684,7.248,2733.649,7.907,,,-248.774,-271.29,-2708.754,SAV_GNU_2009,Peter,Pomacentridae,Chromis,viridis,37372053,1,AD,Passing,,
SAV_GNU_CAM1_left_2009_1.MP4,55324,30.7663,SAV_GNU_Transect 6,0.4744,,4.448,10.51,2653.68,8.62,,,-225.224,-317.443,-2624.98,SAV_GNU_2009,Peter,Pomacentridae,Chromis,viridis,37372053,1,AD,Passing,,
SAV_GNU_CAM1_left_2009_1.MP4,55324,30.7663,SAV_GNU_Transect 6,0.4744,,5.141,6.078,2867.247,10.798,,,-358.253,-389.098,-2818.042,SAV_GNU_2009,Peter,Pomacentridae,Chromis,viridis,37372053,1,AD,Passing,,
SAV_GNU_CAM1_left_2009_1.MP4,55324,30.7663,SAV_GNU_Transect 6,0.4744,,4.09,9.127,2537.737,11.697,,,-380.278,-336.711,-2486.388,SAV_GNU_2009,Peter,Pomacentridae,Chromis,viridis,37372053,1,AD,Passing,,
SAV_GNU_CAM1_left_2009_1.MP4,55324,30.7663,SAV_GNU_Transect 6,0.4744,,3.525,2.531,2335.284,11.476,,,-277.874,-363.302,-2290.054,SAV_GNU_2009,Peter,Pomacentridae,Chromis,viridis,37372053,1,AD,Passing,,
SAV_GNU_CAM1_left_2009_1.MP4,55324,30.7663,SAV_GNU_Transect 6,0.4744,,4.441,0.647,2647.63,9.54,,,-206.105,-377.024,-2612.531,SAV_GNU_2009,Peter,Pomacentridae,Chromis,viridis,37372053,1,AD,Passing,,
SAV_GNU_CAM1_left_2009_1.MP4,55324,30.7663,SAV_GNU_Transect 6,0.4744,,4.197,5.659,2570.84,10.097,,,-302.061,-324.487,-2532.328,SAV_GNU_2009,Peter,Pomacentridae,Chromis,viridis,37372053,1,AD,Passing,,
SAV_GNU_CAM1_left_2009_1.MP4,55372,30.793,SAV_GNU_Transect 6,0.5011,37.274,1.58,11.411,1699.172,14.234,3.593,33.153,205.87,-363.544,-1647.009,SAV_GNU_2009,Peter,Pomacentridae,Chromis,viridis,37372053,1,AD,Passing,,
SAV_GNU_CAM1_left_2009_1.MP4,55372,30.793,SAV_GNU_Transect 6,0.5011,36.088,2.911,10.821,1581.354,13.235,51.682,42.022,131.263,-337.409,-1539.352,SAV_GNU_2009,Peter,Pomacentridae,Chromis,viridis,37372053,1,AD,Passing,,
SAV_GNU_CAM1_left_2009_1.MP4,55372,30.793,SAV_GNU_Transect 6,0.5011,,1.85,6.024,1631.025,12.624,,,190.178,-295.191,-1592.777,SAV_GNU_2009,Peter,Pomacentridae,Chromis,viridis,37372053,1,AD,Passing,,
SAV_GNU_CAM1_left_2009_1.MP4,55372,30.793,SAV_GNU_Transect 6,0.5011,,1.721,10.181,1570.804,15.693,,,302.263,-292.591,-1513.424,SAV_GNU_2009,Peter,Pomacentridae,Chromis,viridis,37372053,1,AD,Passing,,
SAV_GNU_CAM1_left_2009_1.MP4,55372,30.793,SAV_GNU_Transect 6,0.5011,,1.697,7.959,1570.633,18.984,,,316.939,-394.855,-1486.785,SAV_GNU_2009,Peter,Pomacentridae,Chromis,viridis,37372053,1,AD,Passing,,
SAV_GNU_CAM1_left_2009_1.MP4,55372,30.793,SAV_GNU_Transect 6,0.5011,,1.579,7.629,1515.614,19.076,,,192.993,-450.519,-1434.18,SAV_GNU_2009,Peter,Pomacentridae,Chromis,viridis,37372053,1,AD,Passing,,
SAV_GNU_CAM1_left_2009_1.MP4,55372,30.793,SAV_GNU_Transect 6,0.5011,,1.627,8.458,1547.088,19.988,,,169.615,-495.133,-1455.869,SAV_GNU_2009,Peter,Pomacentridae,Chromis,viridis,37372053,1,AD,Passing,,
SAV_GNU_CAM1_left_2009_1.MP4,55372,30.793,SAV_GNU_Transect 6,0.5011,,1.726,4.742,1638.504,24.725,,,571.681,-372.049,-1489.784,SAV_GNU_2009,Peter,Pomacentridae,Chromis,viridis,37372053,1,AD,Passing,,
SAV_GNU_CAM1_left_2009_1.MP4,55372,30.793,SAV_GNU_Transect 6,0.5011,,1.564,6.901,1523.912,22.758,,,400.844,-426.694,-1406.97,SAV_GNU_2009,Peter,Pomacentridae,Chromis,viridis,37372053,1,AD,Passing,,
SAV_GNU_CAM1_left_2009_1.MP4,55372,30.793,SAV_GNU_Transect 6,0.5011,,1.901,0.077,1682.473,18.169,,,-154.507,-495.029,-1600.559,SAV_GNU_2009,Peter,Pomacentridae,Chromis,viridis,37372053,1,AD,Passing,,
SAV_GNU_CAM1_left_2009_1.MP4,55372,30.793,SAV_GNU_Transect 6,0.5011,,3.301,6.381,2264.97,17.525,,,-315.219,-596.26,-2162.221,SAV_GNU_2009,Peter,Pomacentridae,Chromis,viridis,37372053,1,AD,Passing,,
SAV_GNU_CAM1_left_2009_1.MP4,55372,30.793,SAV_GNU_Transect 6,0.5011,,2.96,14.88,2135.901,17.584,,,-297.782,-564.384,-2038.35,SAV_GNU_2009,Peter,Pomacentridae,Chromis,viridis,37372053,1,AD,Passing,,
SAV_GNU_CAM1_left_2009_1.MP4,55372,30.793,SAV_GNU_Transect 6,0.5011,,3.105,12.948,2198.199,18.661,,,-334.402,-610.523,-2085.07,SAV_GNU_2009,Peter,Pomacentridae,Chromis,viridis,37372053,1,AD,Passing,,
SAV_GNU_CAM1_left_2009_1.MP4,55372,30.793,SAV_GNU_Transect 6,0.5011,,2.965,7.559,2146.577,19.108,,,-311.728,-621.701,-2030.789,SAV_GNU_2009,Peter,Pomacentridae,Chromis,viridis,37372053,1,AD,Passing,,
SAV_GNU_CAM1_left_2009_1.MP4,55372,30.793,SAV_GNU_Transect 6,0.5011,,2.471,1.621,1952.303,19.909,,,-340.07,-563.977,-1837.871,SAV_GNU_2009,Peter,Pomacentridae,Chromis,viridis,37372053,1,AD,Passing,,
SAV_GNU_CAM1_left_2009_1.MP4,55372,30.793,SAV_GNU_Transect 6,0.5011,,2.711,3.689,2151.222,26.713,,,-638.281,-718.84,-1924.479,SAV_GNU_2009,Peter,Pomacentridae,Chromis,viridis,37372053,1,AD,Passing,,
SAV_GNU_CAM1_left_2009_1.MP4,55372,30.793,SAV_GNU_Transect 6,0.5011,,2.318,15.108,1939.316,24.523,,,-512.11,-613.992,-1766.835,SAV_GNU_2009,Peter,Pomacentridae,Chromis,viridis,37372053,1,AD,Passing,,
SAV_GNU_CAM1_left_2009_1.MP4,55372,30.793,SAV_GNU_Transect 6,0.5011,,2.747,9.34,2151.471,26.401,,,-574.383,-757.387,-1930.098,SAV_GNU_2009,Peter,Pomacentridae,Chromis,viridis,37372053,1,AD,Passing,,
SAV_GNU_CAM1_left_2009_1.MP4,55372,30.793,SAV_GNU_Transect 6,0.5011,,2.405,8.025,1971.129,24.791,,,-421.272,-704.006,-1792.276,SAV_GNU_2009,Peter,Pomacentridae,Chromis,viridis,37372053,1,AD,Passing,,
SAV_GNU_CAM1_left_2009_1.MP4,55372,30.793,SAV_GNU_Transect 6,0.5011,,2.108,4.878,1813.594,22.974,,,-285.417,-641.138,-1672.305,SAV_GNU_2009,Peter,Pomacentridae,Chromis,viridis,37372053,1,AD,Passing,,
SAV_GNU_CAM1_left_2009_1.MP4,55372,30.793,SAV_GNU_Transect 6,0.5011,,2.26,4.784,1877.111,22.282,,,-305.165,-636.087,-1739.486,SAV_GNU_2009,Peter,Pomacentridae,Chromis,viridis,37372053,1,AD,Passing,,
SAV_GNU_CAM1_left_2009_1.MP4,55373,30.7935,SAV_GNU_Transect 6,0.5016,142.043,6.258,19.754,2082.751,23.697,74.858,0.823,-468.02,-693.992,-1907.14,SAV_GNU_2009,Peter,Balistidae,Balistapus,undulatus,37465047,1,AD,Passing,,
SAV_GNU_CAM1_left_2009_1.MP4,55461,30.8425,SAV_GNU_Transect 6,0.5506,46.27,1.402,5.283,1364.739,19.013,12.033,27.731,322.448,-306.121,-1290.283,SAV_GNU_2009,Peter,Pomacentridae,Chromis,ternatensis,37372051,1,AD,Passing,,
SAV_GNU_CAM1_left_2009_1.MP4,55461,30.8425,SAV_GNU_Transect 6,0.5506,40.241,1.386,5.928,1091.97,19.726,46.696,23.418,97.344,-355.48,-1027.889,SAV_GNU_2009,Peter,Pomacentridae,Chromis,ternatensis,37372051,1,AD,Passing,,
SAV_GNU_CAM1_left_2009_1.MP4,55461,30.8425,SAV_GNU_Transect 6,0.5506,33.247,1.34,6.881,1176.718,15.84,35.235,41.571,51.13,-317.082,-1132.037,SAV_GNU_2009,Peter,Pomacentridae,Chromis,ternatensis,37372051,1,AD,Passing,,
SAV_GNU_CAM1_left_2009_1.MP4,55461,30.8425,SAV_GNU_Transect 6,0.5506,37.191,2.545,7.597,1405.914,12.861,55.734,36.12,152.413,-273.306,-1370.646,SAV_GNU_2009,Peter,Pomacentridae,Chromis,ternatensis,37372051,1,AD,Passing,,
SAV_GNU_CAM1_left_2009_1.MP4,55461,30.8425,SAV_GNU_Transect 6,0.5506,32.567,2.82,5.624,1475.099,13.752,53.233,31.686,227.113,-267.164,-1432.815,SAV_GNU_2009,Peter,Pomacentridae,Chromis,ternatensis,37372051,1,AD,Passing,,
SAV_GNU_CAM1_left_2009_1.MP4,55467,30.8458,SAV_GNU_Transect 6,0.5539,45.362,1.217,9.387,1338.922,17.162,2.198,46.078,246.881,-308.454,-1279.304,SAV_GNU_2009,Peter,Pomacentridae,Chromis,viridis,37372053,1,AD,Passing,,
SAV_GNU_CAM1_left_2009_1.MP4,55467,30.8458,SAV_GNU_Transect 6,0.5539,44.529,1.447,6.806,1285.978,20.984,23.381,26.291,311.204,-339.451,-1200.693,SAV_GNU_2009,Peter,Pomacentridae,Chromis,ternatensis,37372051,1,AD,Passing,,
SAV_GNU_CAM1_left_2009_1.MP4,55482,30.8542,SAV_GNU_Transect 6,0.5622,49.31,2.527,5.138,1405.909,22.74,65.511,27.221,444.568,-312.586,-1296.623,SAV_GNU_2009,Peter,Pomacentridae,Pomacentrus,moluccensis,37372118,1,AD,Passing,,
SAV_GNU_CAM1_left_2009_1.MP4,55482,30.8542,SAV_GNU_Transect 6,0.5622,31.071,1.38,2.201,1338.964,24.589,10.762,4.46,378.535,-408.806,-1217.545,SAV_GNU_2009,Peter,Pomacentridae,Pomacentrus,moluccensis,37372118,1,AD,Passing,,
SAV_GNU_CAM1_left_2009_1.MP4,55539,30.8859,SAV_GNU_Transect 6,0.5939,258.843,11.459,10.963,3592.157,2.479,26.351,18.181,8.345,-155.137,-3588.796,SAV_GNU_2009,Peter,Lethrinidae,Lethrinus,semicinctus,37351016,1,AD,Passing,,
SAV_GNU_CAM1_left_2009_1.MP4,55556,30.8953,SAV_GNU_Transect 6,0.6034,144.129,6.935,13.133,3302.47,25.457,12.474,12.773,-1247.016,-678.17,-2981.836,SAV_GNU_2009,Peter,Labridae,Halichoeres,hortulanus,37384112,1,AD,Passing,,
SAV_GNU_CAM1_left_2009_1.MP4,55557,30.8959,SAV_GNU_Transect 6,0.6039,,3.78,0.113,2679.508,26.552,,,-1107.912,464.648,-2395.078,SAV_GNU_2009,Peter,Pomacentridae,Pomacentrus,maafu,temp_code_005,1,AD,Passing,,
SAV_GNU_CAM1_left_2009_1.MP4,55565,30.9003,SAV_GNU_Transect 6,0.6084,53.784,5.14,1.673,2213.86,23.547,41.488,1.021,-786.571,404.405,-2029.517,SAV_GNU_2009,Peter,Pomacentridae,Pomacentrus,callainus,temp_code_004,1,AD,Passing,,
SAV_GNU_CAM1_left_2009_1.MP4,55701,30.9759,SAV_GNU_Transect 6,0.684,,3.666,5.177,2591.554,23.239,,,-1019.373,-71.005,-2381.594,SAV_GNU_2009,Peter,Pomacentridae,Pomacentrus,moluccensis,37372118,1,AD,Passing,,
SAV_GNU_CAM1_left_2009_1.MP4,55701,30.9759,SAV_GNU_Transect 6,0.684,,2.912,6.791,2347.052,25.856,,,-1021.673,-54.205,-2112.321,SAV_GNU_2009,Peter,Pomacentridae,Pomacentrus,moluccensis,37372118,1,AD,Passing,,
SAV_GNU_CAM1_left_2009_1.MP4,55701,30.9759,SAV_GNU_Transect 6,0.684,,3.597,11.876,2523.438,21.603,,,-926.31,-62.038,-2346.453,SAV_GNU_2009,Peter,Pomacentridae,Pomacentrus,moluccensis,37372118,1,AD,Passing,,
SAV_GNU_CAM1_left_2009_1.MP4,55802,31.0321,SAV_GNU_Transect 6,0.7402,90.643,4,11.286,2595.054,19.631,11.596,25.768,622.766,-610.155,-2444.213,SAV_GNU_2009,Peter,Chaetodontidae,Chaetodon,vagabundus,37365062,1,AD,Passing,,
SAV_GNU_CAM1_left_2009_1.MP4,55832,31.0488,SAV_GNU_Transect 6,0.7569,89.36,8.622,10.467,3438.468,3.054,20.115,11.603,165.767,-77.978,-3433.585,SAV_GNU_2009,Peter,Acanthuridae,Acanthurus,sp,,1,AD,Passing,,
SAV_GNU_CAM1_left_2009_1.MP4,55832,31.0488,SAV_GNU_Transect 6,0.7569,121.97,8.372,10.777,3998.181,15.864,5.618,15.221,-1072.986,207.933,-3845.896,SAV_GNU_2009,Peter,Acanthuridae,Acanthurus,sp,,1,AD,Passing,,
SAV_GNU_CAM1_left_2009_1.MP4,55832,31.0488,SAV_GNU_Transect 6,0.7569,,7.454,5.367,3489.804,7.515,,,329.811,329.191,-3458.553,SAV_GNU_2009,Peter,Scaridae,Chlorurus,sp,,1,AD,Passing,,
SAV_GNU_CAM1_left_2009_1.MP4,55962,31.1211,SAV_GNU_Transect 6,0.8292,108.439,2.773,11.082,1582.584,13.722,83.09,54.853,342.495,-153.717,-1537.413,SAV_GNU_2009,Peter,Acanthuridae,Zebrasoma,scopas,37437036,1,AD,Passing,,
SAV_GNU_CAM1_left_2009_1.MP4,55990,31.1367,SAV_GNU_Transect 6,0.8447,113.682,2.383,12.947,1971.149,19.103,2.193,20.567,-535.057,-360.386,-1862.597,SAV_GNU_2009,Peter,Acanthuridae,Acanthurus,sp,,1,AD,Passing,,
SAV_GNU_CAM1_left_2009_1.MP4,55990,31.1367,SAV_GNU_Transect 6,0.8447,71.506,2.892,4.892,1527.219,9.866,55.837,41.027,256.891,-49.883,-1504.632,SAV_GNU_2009,Peter,Chaetodontidae,Chaetodon,baronessa,37365034,1,AD,Passing,,
SAV_GNU_CAM1_left_2009_1.MP4,55990,31.1367,SAV_GNU_Transect 6,0.8447,48.454,1.631,5.722,1662.698,9.404,8.354,5.618,191.294,-192.894,-1640.355,SAV_GNU_2009,Peter,Pomacentridae,Chromis,atripes,37372037,1,AD,Passing,,
SAV_GNU_CAM1_left_2009_1.MP4,55990,31.1367,SAV_GNU_Transect 6,0.8447,42.492,3.479,6.726,1633.217,4.793,40.228,8.388,128.628,-45.619,-1627.504,SAV_GNU_2009,Peter,Pomacentridae,Dascyllus,reticulatus,37372074,1,AD,Passing,,
SAV_GNU_CAM1_left_2009_1.MP4,55990,31.1367,SAV_GNU_Transect 6,0.8447,34.09,2.112,9.009,1568.869,3.809,22.378,15.62,87.194,-57.072,-1565.404,SAV_GNU_2009,Peter,Pomacentridae,Dascyllus,reticulatus,37372074,1,AD,Passing,,
SAV_GNU_CAM1_left_2009_1.MP4,55990,31.1367,SAV_GNU_Transect 6,0.8447,45.211,1.693,6.646,1637.477,6.455,12.815,14.212,68.019,-171.064,-1627.096,SAV_GNU_2009,Peter,Pomacentridae,Dascyllus,reticulatus,37372074,1,AD,Passing,,
SAV_GNU_CAM1_left_2009_1.MP4,55990,31.1367,SAV_GNU_Transect 6,0.8447,,2.428,4.732,1904.947,10.961,,,-265.798,-238.637,-1871.156,SAV_GNU_2009,Peter,Pomacentridae,Dascyllus,reticulatus,37372074,1,AD,Passing,,
SAV_GNU_CAM1_left_2009_1.MP4,55990,31.1367,SAV_GNU_Transect 6,0.8447,,1.878,5.001,1680.986,16.941,,,-450.268,-186.428,-1608.793,SAV_GNU_2009,Peter,Pomacentridae,Dascyllus,reticulatus,37372074,1,AD,Passing,,
SAV_GNU_CAM1_left_2009_1.MP4,55990,31.1367,SAV_GNU_Transect 6,0.8447,,2.126,5.834,1800.973,16.413,,,-474.791,-176.244,-1728.298,SAV_GNU_2009,Peter,Pomacentridae,Dascyllus,reticulatus,37372074,1,AD,Passing,,
SAV_GNU_CAM1_left_2009_1.MP4,55990,31.1367,SAV_GNU_Transect 6,0.8447,59.173,5.487,9.352,1853.366,18.181,86.169,23.884,27.747,-577.62,-1760.838,SAV_GNU_2009,Peter,Pomacentridae,Pomacentrus,moluccensis,37372118,1,AD,Passing,,
SAV_GNU_CAM1_left_2009_1.MP4,56022,31.1545,SAV_GNU_Transect 6,0.8625,46.27,1.024,5.227,1138.577,12.692,6.65,14.918,221.748,-115.777,-1110.756,SAV_GNU_2009,Peter,Pomacentridae,Dascyllus,reticulatus,37372074,1,AD,Passing,,
SAV_GNU_CAM1_left_2009_1.MP4,56022,31.1545,SAV_GNU_Transect 6,0.8625,44.815,2.183,5.027,1568.446,6.135,22.312,4.882,167.424,8.323,-1559.463,SAV_GNU_2009,Peter,Pomacentridae,Dascyllus,reticulatus,37372074,1,AD,Passing,,
SAV_GNU_CAM1_left_2009_1.MP4,56022,31.1545,SAV_GNU_Transect 6,0.8625,,1.03,0.635,1169.95,11.252,,,218.327,-62.132,-1147.718,SAV_GNU_2009,Peter,Pomacentridae,Dascyllus,reticulatus,37372074,1,AD,Passing,,
SAV_GNU_CAM1_left_2009_1.MP4,56234,31.2724,SAV_GNU_Transect 6,0.9804,197.544,15.186,7.521,3412.271,22.687,88.251,28.604,1278.69,-311.67,-3148.239,SAV_GNU_2009,Peter,Acanthuridae,Ctenochaetus,striatus,37437022,1,AD,Passing,,
SAV_GNU_CAM1_left_2009_1.MP4,56277,31.2963,SAV_GNU_Transect 6,1.0043,,18.913,16.327,5744.859,17.761,,,1672.894,543.744,-5468.928,SAV_GNU_2009,Peter,Acanthuridae,Acanthurus,sp,,1,AD,Passing,,
SAV_GNU_CAM1_left_2009_1.MP4,56277,31.2963,SAV_GNU_Transect 6,1.0043,,19.118,7.066,5760.469,15.383,,,1491.068,356.292,-5552.727,SAV_GNU_2009,Peter,Acanthuridae,Acanthurus,sp,,1,AD,Passing,,
SAV_GNU_CAM1_left_2009_1.MP4,56277,31.2963,SAV_GNU_Transect 6,1.0043,,24.111,11.507,6465.163,14.852,,,1598.515,461.814,-6247.384,SAV_GNU_2009,Peter,Acanthuridae,Acanthurus,sp,,1,AD,Passing,,
SAV_GNU_CAM1_left_2009_1.MP4,56547,31.4464,SAV_GNU_Transect 6,1.1545,,10.481,1.34,4858.543,28.896,,,-2309.049,-407.513,-4255.31,SAV_GNU_2009,Peter,Acanthuridae,Acanthurus,sp,,1,AD,Passing,,
SAV_GNU_CAM1_left_2009_1.MP4,56963,31.6778,SAV_GNU_Transect 6,1.3858,,3.222,6.357,2444.32,26.97,,,1104.084,-91.048,-2178.855,SAV_GNU_2009,Peter,Pomacentridae,Pomacentrus,moluccensis,37372118,1,AD,Passing,,
SAV_GNU_CAM1_left_2009_1.MP4,57074,31.7395,SAV_GNU_Transect 6,1.4476,211.917,5.16,8.017,3221.462,6.077,13.889,34.125,-323.181,108.972,-3203.357,SAV_GNU_2009,Peter,Acanthuridae,Acanthurus,nigrofuscus,37437014,1,AD,Passing,,
SAV_GNU_CAM1_left_2009_1.MP4,57122,31.7662,SAV_GNU_Transect 6,1.4743,112.08,8.577,7.58,3589.985,11.461,15.884,7.65,695.595,-158.047,-3518.403,SAV_GNU_2009,Peter,Nemipteridae,Scolopsis,bilineata,37347031,1,AD,Passing,,
SAV_GNU_CAM1_left_2009_1.MP4,57143,31.7779,SAV_GNU_Transect 6,1.4859,69.996,6.03,10.742,2646.6,24.675,29.426,14.925,893.228,650.343,-2404.93,SAV_GNU_2009,Peter,Pomacentridae,Chromis,weberi,37372054,1,AD,Passing,,
SAV_GNU_CAM1_left_2009_1.MP4,57143,31.7779,SAV_GNU_Transect 6,1.4859,50.974,3.903,7.762,2449.576,19.444,9.53,24.501,789.839,202.675,-2309.871,SAV_GNU_2009,Peter,Pomacentridae,Chromis,xanthura,37372057,1,AD,Passing,,
SAV_GNU_CAM1_left_2009_1.MP4,57143,31.7779,SAV_GNU_Transect 6,1.4859,,4.008,2.17,2830.204,26.582,,,-1262.481,110.263,-2530.62,SAV_GNU_2009,Peter,Pomacentridae,Chromis,xanthura,37372057,1,AD,Passing,,
SAV_GNU_CAM1_left_2009_1.MP4,57143,31.7779,SAV_GNU_Transect 6,1.4859,,3.756,9.337,2683.208,25.089,,,-1137.719,14.716,-2430.017,SAV_GNU_2009,Peter,Pomacentridae,Chromis,xanthura,37372057,1,AD,Passing,,
SAV_GNU_CAM1_left_2009_1.MP4,57143,31.7779,SAV_GNU_Transect 6,1.4859,,4.625,5.391,2955.819,23.514,,,-1177.649,-51.849,-2710.594,SAV_GNU_2009,Peter,Pomacentridae,Chromis,xanthura,37372057,1,AD,Passing,,
SAV_GNU_CAM1_left_2009_1.MP4,57154,31.784,SAV_GNU_Transect 6,1.492,71.518,4.667,7.182,2541.814,24.983,29.237,40.311,1047.385,-235.413,-2303.993,SAV_GNU_2009,Peter,Chaetodontidae,Chaetodon,baronessa,37365034,1,AD,Passing,,
SAV_GNU_CAM1_left_2009_1.MP4,57175,31.7957,SAV_GNU_Transect 6,1.5037,,6.861,8.905,3464.297,23.622,,,1225.935,663.715,-3171.422,SAV_GNU_2009,Peter,Pomacentridae,Chromis,xanthura,37372057,1,AD,Passing,,
SAV_GNU_CAM1_left_2009_1.MP4,57175,31.7957,SAV_GNU_Transect 6,1.5037,,3.104,10.552,2359.969,26.759,,,1009.798,339.037,-2105.9,SAV_GNU_2009,Peter,Pomacentridae,Plectroglyphidodon,dickii,37372098,1,AD,Passing,,
SAV_GNU_CAM1_left_2009_1.MP4,57175,31.7957,SAV_GNU_Transect 6,1.5037,,2.567,8.604,2093.047,24.956,,,858.883,212.929,-1896.794,SAV_GNU_2009,Peter,Pomacentridae,Pomacentrus,moluccensis,37372118,1,AD,Passing,,
SAV_GNU_CAM1_left_2009_1.MP4,57259,31.8424,SAV_GNU_Transect 6,1.5504,39.635,3.523,9.067,1662.221,22.855,86.804,32.602,590.101,261.921,-1531.716,SAV_GNU_2009,Peter,Pomacentridae,Chromis,viridis,37372053,1,AD,Passing,,
SAV_GNU_CAM1_left_2009_1.MP4,57259,31.8424,SAV_GNU_Transect 6,1.5504,43.958,3.318,6.275,1635.197,18.794,62.252,34.972,521.18,76.861,-1548.009,SAV_GNU_2009,Peter,Pomacentridae,Chromis,viridis,37372053,1,AD,Passing,,
SAV_GNU_CAM1_left_2009_1.MP4,57259,31.8424,SAV_GNU_Transect 6,1.5504,,2.455,9.694,2014.12,23.839,,,776.655,251.174,-1841.304,SAV_GNU_2009,Peter,Pomacentridae,Chromis,viridis,37372053,1,AD,Passing,,
SAV_GNU_CAM1_left_2009_1.MP4,57259,31.8424,SAV_GNU_Transect 6,1.5504,,1.484,7.45,1500.829,22.937,,,571.365,130.563,-1381.66,SAV_GNU_2009,Peter,Pomacentridae,Chromis,viridis,37372053,1,AD,Passing,,
SAV_GNU_CAM1_left_2009_1.MP4,57259,31.8424,SAV_GNU_Transect 6,1.5504,,1.917,2.567,1745.744,22.928,,,678.677,50.487,-1607.629,SAV_GNU_2009,Peter,Pomacentridae,Chromis,viridis,37372053,1,AD,Passing,,
SAV_GNU_CAM1_left_2009_1.MP4,57259,31.8424,SAV_GNU_Transect 6,1.5504,,1.721,1.046,1635.457,22.57,,,627.005,35.84,-1510.066,SAV_GNU_2009,Peter,Pomacentridae,Chromis,viridis,37372053,1,AD,Passing,,
SAV_GNU_CAM1_left_2009_1.MP4,57259,31.8424,SAV_GNU_Transect 6,1.5504,99.196,4.344,10.255,1698.595,22.029,86.063,3.805,623.165,-132.513,-1574.59,SAV_GNU_2009,Peter,Pomacentridae,Pomacentrus,moluccensis,37372118,1,AD,Passing,,
SAV_GNU_CAM1_left_2009_1.MP4,57569,32.0148,SAV_GNU_Transect 6,1.7228,167.234,15.009,16.886,4960.164,18.724,8.294,8.025,1586.262,-138.179,-4697.649,SAV_GNU_2009,Peter,Acanthuridae,Acanthurus,sp,,1,AD,Passing,,
SAV_GNU_CAM1_left_2009_1.MP4,57569,32.0148,SAV_GNU_Transect 6,1.7228,,13.324,11.711,4824.541,12.596,,,-1024.111,-222.27,-4709.351,SAV_GNU_2009,Peter,Acanthuridae,Acanthurus,sp,,1,AD,Passing,,
SAV_GNU_CAM1_left_2009_1.MP4,57642,32.0554,SAV_GNU_Transect 6,1.7634,214.871,7.817,11.377,3349.943,13.106,16.588,9.537,741.474,164.898,-3262.689,SAV_GNU_2009,Peter,Scaridae,Chlorurus,spilurus,temp_code_002,1,AD,Passing,,
SAV_GNU_CAM1_left_2009_1.MP4,57673,32.0726,SAV_GNU_Transect 6,1.7807,156.777,6.921,9.428,4043.102,11.148,0.082,7.198,775.377,99.095,-3966.818,SAV_GNU_2009,Peter,Acanthuridae,Acanthurus,sp,,1,AD,Passing,,
SAV_GNU_CAM1_left_2009_1.MP4,57673,32.0726,SAV_GNU_Transect 6,1.7807,152.711,7.269,6.482,2752.621,27.469,38.593,0.543,1243.539,-256.393,-2442.294,SAV_GNU_2009,Peter,Scaridae,Chlorurus,spilurus,temp_code_002,1,AD,Passing,,
SAV_GNU_CAM1_left_2009_1.MP4,57878,32.1866,SAV_GNU_Transect 6,1.8947,,15.764,9.527,5740.033,25.256,,,-2411.726,-405.302,-5193.004,SAV_GNU_2009,Peter,Acanthuridae,Acanthurus,sp,,1,AD,Passing,,
SAV_GNU_CAM1_left_2009_1.MP4,57878,32.1866,SAV_GNU_Transect 6,1.8947,,21.384,14.452,6495.84,22.431,,,-2416.041,-529.78,-6006.498,SAV_GNU_2009,Peter,Acanthuridae,Acanthurus,sp,,1,AD,Passing,,
SAV_GNU_CAM1_left_2009_1.MP4,58569,32.5709,SAV_GNU_Transect 6,2.2789,,2.392,5.786,1887.296,10.178,,,-213.14,-249.129,-1858.599,SAV_GNU_2009,Peter,Pomacentridae,Dascyllus,reticulatus,37372074,1,AD,Passing,,
SAV_GNU_CAM1_left_2009_1.MP4,58569,32.5709,SAV_GNU_Transect 6,2.2789,,2.404,7.096,1891.915,7.835,,,-152.48,-200.564,-1875.064,SAV_GNU_2009,Peter,Pomacentridae,Dascyllus,reticulatus,37372074,1,AD,Passing,,
SAV_GNU_CAM1_left_2009_1.MP4,58569,32.5709,SAV_GNU_Transect 6,2.2789,,2.481,6.22,1925.105,6.96,,,-101.532,-202.45,-1911.736,SAV_GNU_2009,Peter,Pomacentridae,Dascyllus,reticulatus,37372074,1,AD,Passing,,
SAV_GNU_CAM1_left_2009_1.MP4,58569,32.5709,SAV_GNU_Transect 6,2.2789,,2.341,4.594,1861.326,6.899,,,53.969,-209.649,-1848.694,SAV_GNU_2009,Peter,Pomacentridae,Dascyllus,reticulatus,37372074,1,AD,Passing,,
SAV_GNU_CAM1_left_2009_1.MP4,58569,32.5709,SAV_GNU_Transect 6,2.2789,,1.899,4.906,1658.185,9.779,,,7.501,-275.071,-1635.193,SAV_GNU_2009,Peter,Pomacentridae,Dascyllus,reticulatus,37372074,1,AD,Passing,,
SAV_GNU_CAM1_left_2009_1.MP4,58569,32.5709,SAV_GNU_Transect 6,2.2789,,2.219,5.468,1838.483,18.996,,,-367.12,-465.681,-1740.226,SAV_GNU_2009,Peter,Pomacentridae,Dascyllus,reticulatus,37372074,1,AD,Passing,,
SAV_GNU_CAM1_left_2009_1.MP4,58569,32.5709,SAV_GNU_Transect 6,2.2789,,2.212,4.648,1836.938,19.094,,,-379.645,-458.894,-1737.708,SAV_GNU_2009,Peter,Pomacentridae,Dascyllus,reticulatus,37372074,1,AD,Passing,,
SAV_GNU_CAM1_left_2009_1.MP4,58569,32.5709,SAV_GNU_Transect 6,2.2789,,2.592,1.698,1991.501,16.987,,,-384.608,-429.044,-1906.325,SAV_GNU_2009,Peter,Pomacentridae,Dascyllus,reticulatus,37372074,1,AD,Passing,,
SAV_GNU_CAM1_left_2009_1.MP4,58569,32.5709,SAV_GNU_Transect 6,2.2789,,2.608,3.123,2000.233,17.402,,,-389.068,-446.825,-1910.473,SAV_GNU_2009,Peter,Pomacentridae,Dascyllus,reticulatus,37372074,1,AD,Passing,,
SAV_GNU_CAM1_left_2009_1.MP4,58569,32.5709,SAV_GNU_Transect 6,2.2789,,2.032,2.082,1732.827,14.426,,,-309.089,-294.713,-1679.374,SAV_GNU_2009,Peter,Pomacentridae,Dascyllus,reticulatus,37372074,1,AD,Passing,,
SAV_GNU_CAM1_left_2009_1.MP4,58569,32.5709,SAV_GNU_Transect 6,2.2789,,2.276,0.04,1851.837,15.682,,,-370.783,-329.185,-1784.225,SAV_GNU_2009,Peter,Pomacentridae,Dascyllus,reticulatus,37372074,1,AD,Passing,,
SAV_GNU_CAM1_left_2009_1.MP4,58569,32.5709,SAV_GNU_Transect 6,2.2789,,2.786,1.496,2063.055,14.533,,,-365.44,-358.784,-1998.481,SAV_GNU_2009,Peter,Pomacentridae,Dascyllus,reticulatus,37372074,1,AD,Passing,,
SAV_GNU_CAM1_left_2009_1.MP4,58629,32.6042,SAV_GNU_Transect 6,2.3123,30.515,0.933,5.903,1101.482,17.436,9.932,3.505,-183.819,-274.111,-1050.874,SAV_GNU_2009,Peter,Pomacentridae,Dascyllus,reticulatus,37372074,1,AD,Passing,measurement for frame 58569,
SAV_GNU_CAM1_left_2009_1.MP4,58629,32.6042,SAV_GNU_Transect 6,2.3123,27.86,1.134,7.177,1205.926,18.024,12.144,5.942,-235.874,-289.12,-1146.748,SAV_GNU_2009,Peter,Pomacentridae,Dascyllus,reticulatus,37372074,1,AD,Passing,measurement for frame 58569,
SAV_GNU_CAM1_left_2009_1.MP4,58629,32.6042,SAV_GNU_Transect 6,2.3123,22.954,1,4.961,1155.949,14.705,13.404,5.597,-122.593,-266.598,-1118.086,SAV_GNU_2009,Peter,Pomacentridae,Dascyllus,reticulatus,37372074,1,AD,Passing,measurement for frame 58569,
SAV_GNU_CAM1_left_2009_1.MP4,58629,32.6042,SAV_GNU_Transect 6,2.3123,31.239,1.585,4.026,1184.751,10.401,37.266,23.706,-103.755,-187.032,-1165.285,SAV_GNU_2009,Peter,Pomacentridae,Dascyllus,reticulatus,37372074,1,AD,Passing,measurement for frame 58569,
SAV_GNU_CAM1_left_2009_1.MP4,58629,32.6042,SAV_GNU_Transect 6,2.3123,22.149,1.778,5.298,1135.366,13.017,54.466,20.906,-165.153,-195.257,-1106.19,SAV_GNU_2009,Peter,Pomacentridae,Dascyllus,reticulatus,37372074,1,AD,Passing,measurement for frame 58569,
SAV_GNU_CAM1_left_2009_1.MP4,58891,32.7499,SAV_GNU_Transect 6,2.458,144.407,11.838,5.89,3717.972,13.1,24.644,2.575,-781.051,-316.375,-3621.212,SAV_GNU_2009,Peter,Acanthuridae,Ctenochaetus,striatus,37437022,1,AD,Passing,,
SAV_GNU_CAM1_left_2009_1.MP4,58891,32.7499,SAV_GNU_Transect 6,2.458,,8.944,8.528,3900.86,5.85,,,-397.474,5.273,-3880.554,SAV_GNU_2009,Peter,Pomacentridae,Dascyllus,reticulatus,37372074,1,AD,Passing,,
SAV_GNU_CAM1_left_2009_1.MP4,58891,32.7499,SAV_GNU_Transect 6,2.458,,7.148,5.197,3455.602,5.83,,,-348.62,54.543,-3437.539,SAV_GNU_2009,Peter,Pomacentridae,Dascyllus,reticulatus,37372074,1,AD,Passing,,
SAV_GNU_CAM1_left_2009_1.MP4,58891,32.7499,SAV_GNU_Transect 6,2.458,,6.221,1.051,3199.543,7.732,,,-391.894,-165.489,-3171.136,SAV_GNU_2009,Peter,Pomacentridae,Dascyllus,aruanus,37372073,1,AD,Passing,,
SAV_GNU_CAM1_left_2009_1.MP4,58891,32.7499,SAV_GNU_Transect 6,2.458,,10.265,7.479,4194.457,9.051,,,-657.355,-40.624,-4142.427,SAV_GNU_2009,Peter,Pomacentridae,Dascyllus,reticulatus,37372074,1,AD,Passing,,
SAV_GNU_CAM1_left_2009_1.MP4,58891,32.7499,SAV_GNU_Transect 6,2.458,,8.236,5.445,3731.485,5.888,,,-374.405,-64.891,-3712.087,SAV_GNU_2009,Peter,Pomacentridae,Dascyllus,reticulatus,37372074,1,AD,Passing,,
SAV_GNU_CAM1_left_2009_1.MP4,58891,32.7499,SAV_GNU_Transect 6,2.458,,11.706,4.486,4533.78,13.533,,,-1058.49,-53.963,-4408.157,SAV_GNU_2009,Peter,Pomacentridae,Dascyllus,reticulatus,37372074,1,AD,Passing,,
SAV_GNU_CAM1_left_2009_1.MP4,58891,32.7499,SAV_GNU_Transect 6,2.458,,10.408,5.282,4332.936,17.221,,,-1277.221,-103.371,-4139.126,SAV_GNU_2009,Peter,Pomacentridae,Dascyllus,reticulatus,37372074,1,AD,Passing,,
SAV_GNU_CAM1_left_2009_1.MP4,58891,32.7499,SAV_GNU_Transect 6,2.458,,9.973,6.329,4203.863,15.922,,,-1144.601,-124.701,-4043.118,SAV_GNU_2009,Peter,Pomacentridae,Dascyllus,reticulatus,37372074,1,AD,Passing,,
SAV_GNU_CAM1_left_2009_1.MP4,58891,32.7499,SAV_GNU_Transect 6,2.458,,6.468,5.64,3436.366,20.338,,,-1186.501,-123.684,-3222.659,SAV_GNU_2009,Peter,Pomacentridae,Dascyllus,reticulatus,37372074,1,AD,Passing,,
SAV_GNU_CAM1_left_2009_1.MP4,58891,32.7499,SAV_GNU_Transect 6,2.458,,6.802,14.548,3510.598,19.747,,,-1173.916,-156.509,-3304.803,SAV_GNU_2009,Peter,Pomacentridae,Dascyllus,reticulatus,37372074,1,AD,Passing,,
SAV_GNU_CAM1_left_2009_1.MP4,58891,32.7499,SAV_GNU_Transect 6,2.458,,4.443,6.973,2841.494,22.254,,,-1055.285,-200.347,-2630.65,SAV_GNU_2009,Peter,Pomacentridae,Dascyllus,reticulatus,37372074,1,AD,Passing,,
SAV_GNU_CAM1_left_2009_1.MP4,58891,32.7499,SAV_GNU_Transect 6,2.458,,5.178,7.457,3244.104,26.228,,,-1429.686,-95.705,-2910.507,SAV_GNU_2009,Peter,Pomacentridae,Dascyllus,reticulatus,37372074,1,AD,Passing,,
SAV_GNU_CAM1_left_2009_1.MP4,58891,32.7499,SAV_GNU_Transect 6,2.458,,6.63,2.15,3577.558,23.067,,,-1400.696,-39.753,-3291.716,SAV_GNU_2009,Peter,Pomacentridae,Dascyllus,reticulatus,37372074,1,AD,Passing,,
SAV_GNU_CAM1_left_2009_1.MP4,58891,32.7499,SAV_GNU_Transect 6,2.458,,5.182,4.852,3102.028,22.392,,,-1170.245,-152.717,-2868.76,SAV_GNU_2009,Peter,Pomacentridae,Dascyllus,reticulatus,37372074,1,AD,Passing,,
SAV_GNU_CAM1_left_2009_1.MP4,59009,32.8156,SAV_GNU_Transect 6,2.5236,51.193,3.136,6.287,2525.951,21.327,10.543,52.431,-882.137,-256.495,-2352.97,SAV_GNU_2009,Peter,Pomacentridae,Dascyllus,reticulatus,37372074,1,AD,Passing,measurement of point,frame 58891
SAV_GNU_CAM1_Left_2009_2.MP4,9298,40.4059,SAV_GNU_Transect 7,0.2358,38.761,1.444,7.872,1773.259,21.923,1.085,11.928,-191.085,-633.888,-1645.029,SAV_GNU_2009,Peter,Pomacentridae,Dascyllus,reticulatus,37372074,1,AD,Passing,,
SAV_GNU_CAM1_Left_2009_2.MP4,9298,40.4059,SAV_GNU_Transect 7,0.2358,38.263,3.217,9.583,1875.66,22.645,33.143,15.763,-276.872,-666.972,-1731.067,SAV_GNU_2009,Peter,Pomacentridae,Dascyllus,reticulatus,37372074,1,AD,Passing,,
SAV_GNU_CAM1_Left_2009_2.MP4,9298,40.4059,SAV_GNU_Transect 7,0.2358,,2.166,6.706,1814.066,19.543,,,-54.686,-597.582,-1711.94,SAV_GNU_2009,Peter,Pomacentridae,Dascyllus,reticulatus,37372074,1,AD,Passing,,
SAV_GNU_CAM1_Left_2009_2.MP4,9298,40.4059,SAV_GNU_Transect 7,0.2358,,2.182,4.403,1832.052,21.19,,,-1.322,-655.446,-1710.79,SAV_GNU_2009,Peter,Pomacentridae,Dascyllus,reticulatus,37372074,1,AD,Passing,,
SAV_GNU_CAM1_Left_2009_2.MP4,9298,40.4059,SAV_GNU_Transect 7,0.2358,,2.218,0.2,1841.453,20.256,,,-0.243,-630.675,-1730.086,SAV_GNU_2009,Peter,Pomacentridae,Dascyllus,reticulatus,37372074,1,AD,Passing,,
SAV_GNU_CAM1_Left_2009_2.MP4,9298,40.4059,SAV_GNU_Transect 7,0.2358,,2.401,5.96,1914.528,18.992,,,-54.223,-613.522,-1812.752,SAV_GNU_2009,Peter,Pomacentridae,Dascyllus,reticulatus,37372074,1,AD,Passing,,
SAV_GNU_CAM1_Left_2009_2.MP4,9298,40.4059,SAV_GNU_Transect 7,0.2358,,3.04,3.929,2185.925,20.393,,,-368.947,-658.243,-2051.552,SAV_GNU_2009,Peter,Pomacentridae,Dascyllus,reticulatus,37372074,1,AD,Passing,,
SAV_GNU_CAM1_Left_2009_2.MP4,9298,40.4059,SAV_GNU_Transect 7,0.2358,,2.592,7.003,1986.688,17.443,,,-173.915,-562.039,-1897.576,SAV_GNU_2009,Peter,Pomacentridae,Dascyllus,reticulatus,37372074,1,AD,Passing,,
SAV_GNU_CAM1_Left_2009_2.MP4,9298,40.4059,SAV_GNU_Transect 7,0.2358,,3.297,2.129,2258.658,16.924,,,-45.466,-647.341,-2163.427,SAV_GNU_2009,Peter,Pomacentridae,Dascyllus,reticulatus,37372074,1,AD,Passing,,
SAV_GNU_CAM1_Left_2009_2.MP4,9298,40.4059,SAV_GNU_Transect 7,0.2358,,2.527,0.124,1949.437,16.854,,,150.581,-537.391,-1867.844,SAV_GNU_2009,Peter,Pomacentridae,Dascyllus,reticulatus,37372074,1,AD,Passing,,
SAV_GNU_CAM1_Left_2009_2.MP4,9298,40.4059,SAV_GNU_Transect 7,0.2358,,3.109,0.857,2169.989,14.449,,,217.714,-487.41,-2103.303,SAV_GNU_2009,Peter,Pomacentridae,Dascyllus,reticulatus,37372074,1,AD,Passing,,
SAV_GNU_CAM1_Left_2009_2.MP4,9298,40.4059,SAV_GNU_Transect 7,0.2358,,3.724,8.517,2399.997,13.191,,,28.26,-537.673,-2338.823,SAV_GNU_2009,Peter,Pomacentridae,Dascyllus,reticulatus,37372074,1,AD,Passing,,
SAV_GNU_CAM1_Left_2009_2.MP4,9369,40.4454,SAV_GNU_Transect 7,0.2753,110.581,6.227,5.284,3729.71,15.997,5.077,23.763,-777.545,-672.205,-3585.29,SAV_GNU_2009,Peter,Balistidae,Balistapus,undulatus,37465047,1,AD,Passing,,
SAV_GNU_CAM1_Left_2009_2.MP4,9369,40.4454,SAV_GNU_Transect 7,0.2753,30.685,1.994,2.233,1238.456,21.026,53.569,5.819,169.415,-410.781,-1155.997,SAV_GNU_2009,Peter,Pomacentridae,Dascyllus,reticulatus,37372074,1,AD,Passing,,
SAV_GNU_CAM1_Left_2009_2.MP4,9369,40.4454,SAV_GNU_Transect 7,0.2753,28.855,1.834,2.303,1486.912,21.483,27.035,15.442,80.961,-538.482,-1383.615,SAV_GNU_2009,Peter,Pomacentridae,Dascyllus,reticulatus,37372074,1,AD,Passing,,
SAV_GNU_CAM1_Left_2009_2.MP4,9369,40.4454,SAV_GNU_Transect 7,0.2753,41.41,2.258,1.878,1663.026,21.66,24.612,1.383,271.912,-550.317,-1545.597,SAV_GNU_2009,Peter,Pomacentridae,Dascyllus,reticulatus,37372074,1,AD,Passing,,
SAV_GNU_CAM1_Left_2009_2.MP4,9369,40.4454,SAV_GNU_Transect 7,0.2753,,1.584,3.728,1514.428,18.72,,,222.373,-426.503,-1436.015,SAV_GNU_2009,Peter,Pomacentridae,Dascyllus,reticulatus,37372074,1,AD,Passing,,
SAV_GNU_CAM1_Left_2009_2.MP4,9369,40.4454,SAV_GNU_Transect 7,0.2753,,2.625,2.805,1990.605,18.448,,,287.587,-552.96,-1890.512,SAV_GNU_2009,Peter,Pomacentridae,Dascyllus,reticulatus,37372074,1,AD,Passing,,
SAV_GNU_CAM1_Left_2009_2.MP4,9398,40.4615,SAV_GNU_Transect 7,0.2914,164.897,5.441,14.235,2708.722,19.934,21.833,20.581,599.885,-702.111,-2546.44,SAV_GNU_2009,Peter,Acanthuridae,Ctenochaetus,binotatus,37437021,1,AD,Passing,,
SAV_GNU_CAM1_Left_2009_2.MP4,9398,40.4615,SAV_GNU_Transect 7,0.2914,,5.696,12.828,3020.686,11.489,,,-273.704,-524.078,-2962.258,SAV_GNU_2009,Peter,Acanthuridae,Ctenochaetus,striatus,37437022,1,AD,Passing,,
SAV_GNU_CAM1_Left_2009_2.MP4,9409,40.4676,SAV_GNU_Transect 7,0.2975,,3.352,13.016,2283.039,20.315,,,269.084,-737.08,-2143.962,SAV_GNU_2009,Peter,Pomacentridae,Dascyllus,reticulatus,37372074,1,AD,Passing,,
SAV_GNU_CAM1_Left_2009_2.MP4,9409,40.4676,SAV_GNU_Transect 7,0.2975,,2.234,10.63,1850.7,22.774,,,405.205,-584.032,-1708.745,SAV_GNU_2009,Peter,Pomacentridae,Dascyllus,reticulatus,37372074,1,AD,Passing,,
SAV_GNU_CAM1_Left_2009_2.MP4,9409,40.4676,SAV_GNU_Transect 7,0.2975,,3.469,10.77,2343.9,23.013,,,399.887,-815.919,-2160.609,SAV_GNU_2009,Peter,Pomacentridae,Dascyllus,reticulatus,37372074,1,AD,Passing,,
SAV_GNU_CAM1_Left_2009_2.MP4,9409,40.4676,SAV_GNU_Transect 7,0.2975,,3.598,10.94,2367.131,20.357,,,447.211,-682.643,-2222.006,SAV_GNU_2009,Peter,Pomacentridae,Dascyllus,reticulatus,37372074,1,AD,Passing,,
SAV_GNU_CAM1_Left_2009_2.MP4,9409,40.4676,SAV_GNU_Transect 7,0.2975,,3.499,11.558,2371.545,23.66,,,631.824,-703.106,-2175.009,SAV_GNU_2009,Peter,Pomacentridae,Dascyllus,reticulatus,37372074,1,AD,Passing,,
SAV_GNU_CAM1_Left_2009_2.MP4,9409,40.4676,SAV_GNU_Transect 7,0.2975,,4.531,9.81,2969.259,27.652,,,1362.668,-194.777,-2630.912,SAV_GNU_2009,Peter,Pomacentridae,Dascyllus,reticulatus,37372074,1,AD,Passing,,
SAV_GNU_CAM1_Left_2009_2.MP4,9409,40.4676,SAV_GNU_Transect 7,0.2975,,5.73,13.729,3281.197,25.591,,,1386.375,-282.664,-2960.459,SAV_GNU_2009,Peter,Pomacentridae,Dascyllus,reticulatus,37372074,1,AD,Passing,,
SAV_GNU_CAM1_Left_2009_2.MP4,9409,40.4676,SAV_GNU_Transect 7,0.2975,,5.646,14.418,3163.073,22.902,,,1187.903,-310.983,-2914.997,SAV_GNU_2009,Peter,Pomacentridae,Dascyllus,reticulatus,37372074,1,AD,Passing,,
SAV_GNU_CAM1_Left_2009_2.MP4,9409,40.4676,SAV_GNU_Transect 7,0.2975,,5.233,11.482,3060.456,23.854,,,1193.802,-315.423,-2800.31,SAV_GNU_2009,Peter,Pomacentridae,Dascyllus,reticulatus,37372074,1,AD,Passing,,
SAV_GNU_CAM1_Left_2009_2.MP4,9409,40.4676,SAV_GNU_Transect 7,0.2975,,4.423,12.6,2952.622,28.561,,,1382.251,-276.124,-2594.439,SAV_GNU_2009,Peter,Pomacentridae,Dascyllus,reticulatus,37372074,1,AD,Passing,,
SAV_GNU_CAM1_Left_2009_2.MP4,9409,40.4676,SAV_GNU_Transect 7,0.2975,,5.107,12.443,2902.236,20.956,,,881.75,-536.885,-2712.425,SAV_GNU_2009,Peter,Pomacentridae,Dascyllus,reticulatus,37372074,1,AD,Passing,,
SAV_GNU_CAM1_Left_2009_2.MP4,9409,40.4676,SAV_GNU_Transect 7,0.2975,,5.928,11.684,3200.519,21.874,,,1116.006,-408.157,-2971.743,SAV_GNU_2009,Peter,Pomacentridae,Dascyllus,reticulatus,37372074,1,AD,Passing,,
SAV_GNU_CAM1_Left_2009_2.MP4,9568,40.5561,SAV_GNU_Transect 7,0.3859,160.843,12.583,18.003,3436.062,23.547,43.595,4.707,-956.712,-984.402,-3149.949,SAV_GNU_2009,Peter,Acanthuridae,Ctenochaetus,striatus,37437022,1,AD,Passing,,
SAV_GNU_CAM1_Left_2009_2.MP4,9631,40.5911,SAV_GNU_Transect 7,0.421,,3.052,1.94,2269.593,24.154,,,863.688,-333.144,-2072.223,SAV_GNU_2009,Peter,Pomacentridae,Dascyllus,aruanus,37372073,1,AD,Passing,,
SAV_GNU_CAM1_Left_2009_2.MP4,9631,40.5911,SAV_GNU_Transect 7,0.421,83.557,6.365,1.603,2134.916,22.477,66.345,5.65,766.768,-279.731,-1972.735,SAV_GNU_2009,Peter,Scaridae,Scarus,sp,,1,AD,Passing,,
SAV_GNU_CAM1_Left_2009_2.MP4,9666,40.6106,SAV_GNU_Transect 7,0.4404,118.978,4.121,11.541,2163.999,23.823,30.302,11.699,-681.249,-547.608,-1979.626,SAV_GNU_2009,Peter,Nemipteridae,Scolopsis,bilineata,37347031,1,AD,Passing,,
SAV_GNU_CAM1_Left_2009_2.MP4,9723,40.6423,SAV_GNU_Transect 7,0.4721,144.363,8.822,9.229,2938.12,21.987,59.362,41.102,1090.721,-142.596,-2724.435,SAV_GNU_2009,Peter,Scaridae,Chlorurus,spilurus,temp_code_002,1,AD,Passing,,
SAV_GNU_CAM1_Left_2009_2.MP4,9741,40.6523,SAV_GNU_Transect 7,0.4821,,3.032,6.613,2140.78,8.945,,,153.335,303.804,-2113.559,SAV_GNU_2009,Peter,Pomacentridae,Dascyllus,reticulatus,37372074,1,AD,Passing,,
SAV_GNU_CAM1_Left_2009_2.MP4,9824,40.6984,SAV_GNU_Transect 7,0.5283,76.372,1.609,9.809,1200.373,9.998,32.949,14.041,-187.708,-90.557,-1182.142,SAV_GNU_2009,Peter,Pomacentridae,Chromis,weberi,37372054,1,AD,Passing,,
SAV_GNU_CAM1_Left_2009_2.MP4,9981,40.7857,SAV_GNU_Transect 7,0.6156,200.04,6.298,6.056,2815.572,24.411,27.525,5.14,-727.122,-908.473,-2563.868,SAV_GNU_2009,Peter,Acanthuridae,Acanthurus,nigrofuscus,37437014,1,AD,Passing,,
SAV_GNU_CAM1_Left_2009_2.MP4,9981,40.7857,SAV_GNU_Transect 7,0.6156,192.828,6.986,8.157,2963.289,23.797,26.856,3.738,-808.036,-881.291,-2711.362,SAV_GNU_2009,Peter,Acanthuridae,Acanthurus,nigrofuscus,37437014,1,AD,Passing,,
SAV_GNU_CAM1_Left_2009_2.MP4,10154,40.882,SAV_GNU_Transect 7,0.7118,,3.042,3.617,2362.773,26.835,,,1061.745,110.184,-2107.903,SAV_GNU_2009,Peter,Pomacentridae,Pomacentrus,moluccensis,37372118,1,AD,Passing,,
SAV_GNU_CAM1_Left_2009_2.MP4,10176,40.8942,SAV_GNU_Transect 7,0.7241,177.224,12.699,5.427,2670.335,13.107,77.464,2.786,-493.16,-351.41,-2600.768,SAV_GNU_2009,Peter,Acanthuridae,Ctenochaetus,striatus,37437022,1,AD,Passing,,
SAV_GNU_CAM1_Left_2009_2.MP4,10187,40.9003,SAV_GNU_Transect 7,0.7302,139.285,8.135,5.766,3830.461,2.373,14.842,12.153,40.245,-153.428,-3827.176,SAV_GNU_2009,Peter,Balistidae,Balistapus,undulatus,37465047,1,AD,Passing,,
SAV_GNU_CAM1_Left_2009_2.MP4,10212,40.9142,SAV_GNU_Transect 7,0.7441,30.483,1.771,5.372,1372.619,17.801,30.613,18.559,9.284,-419.516,-1306.906,SAV_GNU_2009,Peter,Pomacentridae,Pomacentrus,moluccensis,37372118,1,AD,Passing,,
SAV_GNU_CAM1_Left_2009_2.MP4,10270,40.9465,SAV_GNU_Transect 7,0.7763,,3.109,9.734,2262.09,20.536,,,-687.006,-388.713,-2119.9,SAV_GNU_2009,Peter,Pomacentridae,Dascyllus,reticulatus,37372074,1,AD,Passing,,
SAV_GNU_CAM1_Left_2009_2.MP4,10294,40.9598,SAV_GNU_Transect 7,0.7897,37.436,2.44,5.964,1967.414,16.118,15.4,15.559,-220.918,-499.514,-1890.079,SAV_GNU_2009,Peter,Pomacentridae,Pomacentrus,moluccensis,37372118,1,AD,Passing,,
SAV_GNU_CAM1_Left_2009_2.MP4,10340,40.9854,SAV_GNU_Transect 7,0.8153,26.004,2.146,6.675,1732.14,20.821,17.409,7.139,-353.072,-504.384,-1619.026,SAV_GNU_2009,Peter,Pomacentridae,Chromis,sp,,1,AD,Passing,,
SAV_GNU_CAM1_Left_2009_2.MP4,10415,41.0271,SAV_GNU_Transect 7,0.857,,5.575,0.644,3296.164,26.774,,,1476.496,-145.265,-2943.392,SAV_GNU_2009,Peter,Acanthuridae,Acanthurus,sp,,1,AD,Passing,,
SAV_GNU_CAM1_Left_2009_2.MP4,10436,41.0388,SAV_GNU_Transect 7,0.8686,,2.847,6.873,2136.116,22.95,,,-427.733,-706.926,-1969.845,SAV_GNU_2009,Peter,Pomacentridae,Dascyllus,reticulatus,37372074,1,AD,Passing,,
SAV_GNU_CAM1_Left_2009_2.MP4,10436,41.0388,SAV_GNU_Transect 7,0.8686,,3.324,3.443,2297.22,20.644,,,-424.381,-681.282,-2152.435,SAV_GNU_2009,Peter,Pomacentridae,Dascyllus,reticulatus,37372074,1,AD,Passing,,
SAV_GNU_CAM1_Left_2009_2.MP4,10448,41.0454,SAV_GNU_Transect 7,0.8753,104.029,5.374,9.159,3469.429,20.88,1.635,24.326,-742.727,-988.653,-3241.582,SAV_GNU_2009,Peter,Chaetodontidae,Chaetodon,auriga,37365019,1,AD,Passing,,
SAV_GNU_CAM1_Left_2009_2.MP4,10454,41.0488,SAV_GNU_Transect 7,0.8787,,5.715,4.729,3015.213,17.807,,,260.081,-873.247,-2874.249,SAV_GNU_2009,Peter,Pomacentridae,Dascyllus,reticulatus,37372074,1,AD,Passing,,
SAV_GNU_CAM1_Left_2009_2.MP4,10506,41.0777,SAV_GNU_Transect 7,0.9076,,6.095,11.378,3398.775,25.02,,,1436.931,51.537,-3079.65,SAV_GNU_2009,Peter,Pomacentridae,Chromis,sp,,1,AD,Passing,,
SAV_GNU_CAM1_Left_2009_2.MP4,10506,41.0777,SAV_GNU_Transect 7,0.9076,,9.227,14.793,4245.256,25.077,,,1799.186,-2.579,-3845.143,SAV_GNU_2009,Peter,Pomacentridae,Chromis,sp,,1,AD,Passing,,
SAV_GNU_CAM1_Left_2009_2.MP4,10506,41.0777,SAV_GNU_Transect 7,0.9076,,6.906,8.624,3708.75,26.823,,,1672.353,75.904,-3309.426,SAV_GNU_2009,Peter,Pomacentridae,Chromis,sp,,1,AD,Passing,,
SAV_GNU_CAM1_Left_2009_2.MP4,10506,41.0777,SAV_GNU_Transect 7,0.9076,,8.06,16.027,3791.067,20.467,,,1324.705,-35.83,-3551.91,SAV_GNU_2009,Peter,Pomacentridae,Chromis,sp,,1,AD,Passing,,
SAV_GNU_CAM1_Left_2009_2.MP4,10506,41.0777,SAV_GNU_Transect 7,0.9076,,8.419,12.776,3869.757,20.306,,,1338.043,128.95,-3628.778,SAV_GNU_2009,Peter,Pomacentridae,Chromis,sp,,1,AD,Passing,,
SAV_GNU_CAM1_Left_2009_2.MP4,10506,41.0777,SAV_GNU_Transect 7,0.9076,,7.095,16.082,3752.653,26.922,,,1685.963,224.083,-3345.104,SAV_GNU_2009,Peter,Pomacentridae,Chromis,sp,,1,AD,Passing,,
SAV_GNU_CAM1_Left_2009_2.MP4,10506,41.0777,SAV_GNU_Transect 7,0.9076,,8.619,7.868,3945.464,22.933,,,1470.134,464.161,-3631.797,SAV_GNU_2009,Peter,Pomacentridae,Chromis,sp,,1,AD,Passing,,
SAV_GNU_CAM1_Left_2009_2.MP4,10506,41.0777,SAV_GNU_Transect 7,0.9076,,9.197,15.655,4123.258,23.77,,,1606.426,440.968,-3771.763,SAV_GNU_2009,Peter,Pomacentridae,Chromis,sp,,1,AD,Passing,,
SAV_GNU_CAM1_Left_2009_2.MP4,10506,41.0777,SAV_GNU_Transect 7,0.9076,,9.264,15.761,4230.426,25.623,,,1788.617,399.511,-3812.839,SAV_GNU_2009,Peter,Pomacentridae,Chromis,sp,,1,AD,Passing,,
SAV_GNU_CAM1_Left_2009_2.MP4,10506,41.0777,SAV_GNU_Transect 7,0.9076,,8.698,14.228,4203.352,27.548,,,1921.537,309.698,-3725.581,SAV_GNU_2009,Peter,Pomacentridae,Chromis,sp,,1,AD,Passing,,
SAV_GNU_CAM1_Left_2009_2.MP4,10506,41.0777,SAV_GNU_Transect 7,0.9076,,9.991,18.021,4175.904,17.873,,,1278.889,99.653,-3974.001,SAV_GNU_2009,Peter,Pomacentridae,Chromis,sp,,1,AD,Passing,,
SAV_GNU_CAM1_Left_2009_2.MP4,10506,41.0777,SAV_GNU_Transect 7,0.9076,,7.52,13.021,3985.369,29.383,,,1933.151,307.98,-3471.489,SAV_GNU_2009,Peter,Pomacentridae,Chromis,sp,,1,AD,Passing,,
SAV_GNU_CAM1_Left_2009_2.MP4,10506,41.0777,SAV_GNU_Transect 7,0.9076,,7.706,17.545,3964.112,28.594,,,1844.819,456.5,-3478.855,SAV_GNU_2009,Peter,Pomacentridae,Chromis,sp,,1,AD,Passing,,
SAV_GNU_CAM1_Left_2009_2.MP4,10506,41.0777,SAV_GNU_Transect 7,0.9076,,6.369,16.283,3570.418,27.986,,,1643.952,335.793,-3151.595,SAV_GNU_2009,Peter,Pomacentridae,Chromis,sp,,1,AD,Passing,,
SAV_GNU_CAM1_Left_2009_2.MP4,10506,41.0777,SAV_GNU_Transect 7,0.9076,,6.227,13.874,3555.914,29.014,,,1671.699,436.5,-3107.959,SAV_GNU_2009,Peter,Pomacentridae,Chromis,sp,,1,AD,Passing,,
SAV_GNU_CAM1_Left_2009_2.MP4,10506,41.0777,SAV_GNU_Transect 7,0.9076,,8.888,8.995,4474.574,31.282,,,2299.05,350.722,-3822.718,SAV_GNU_2009,Peter,Pomacentridae,Chromis,sp,,1,AD,Passing,,
SAV_GNU_CAM1_Left_2009_2.MP4,10543,41.0983,SAV_GNU_Transect 7,0.9281,189.418,6.034,3.448,3541.228,17.164,5.824,16.315,757.444,-719.987,-3383.517,SAV_GNU_2009,Peter,Acanthuridae,Ctenochaetus,striatus,37437022,1,AD,Passing,,
SAV_GNU_CAM1_Left_2009_2.MP4,10585,41.1216,SAV_GNU_Transect 7,0.9515,69.137,5.009,11.08,2292.654,26.524,34.534,4.785,1004.078,200.121,-2051.352,SAV_GNU_2009,Peter,Labridae,Labroides,dimidiatus,37384028,1,AD,Passing,,
SAV_GNU_CAM1_Left_2009_2.MP4,10627,41.145,SAV_GNU_Transect 7,0.9749,54.982,5.175,6.614,2177.696,26.555,49.885,10.52,961.633,151.846,-1947.965,SAV_GNU_2009,Peter,Pomacentridae,Chromis,margaritifer,37372047,1,AD,Passing,measurement of point,frame 10506
SAV_GNU_CAM1_Left_2009_2.MP4,10742,41.2089,SAV_GNU_Transect 7,1.0388,98.196,7.958,6.28,2574.508,8.272,36.843,9.381,205.065,-308.465,-2547.722,SAV_GNU_2009,Peter,Chaetodontidae,Chaetodon,vagabundus,37365062,1,AD,Passing,,
SAV_GNU_CAM1_Left_2009_2.MP4,10742,41.2089,SAV_GNU_Transect 7,1.0388,119.404,9.844,6.445,2497.351,14.666,86.048,29.4,557.961,-297.412,-2415.985,SAV_GNU_2009,Peter,Chaetodontidae,Chaetodon,vagabundus,37365062,1,AD,Passing,,
SAV_GNU_CAM1_Left_2009_2.MP4,10921,41.3085,SAV_GNU_Transect 7,1.1384,,5.955,1.022,3275.732,23.139,,,1262.651,-238.426,-3013.185,SAV_GNU_2009,Peter,Pomacentridae,Dascyllus,reticulatus,37372074,1,AD,Passing,,
SAV_GNU_CAM1_Left_2009_2.MP4,10921,41.3085,SAV_GNU_Transect 7,1.1384,,5.885,2.167,3240.249,22.67,,,1222.531,-243.325,-2990.89,SAV_GNU_2009,Peter,Pomacentridae,Dascyllus,reticulatus,37372074,1,AD,Passing,,
SAV_GNU_CAM1_Left_2009_2.MP4,10921,41.3085,SAV_GNU_Transect 7,1.1384,,6.23,0.668,3321.091,22.031,,,1216.191,-257.531,-3079.643,SAV_GNU_2009,Peter,Pomacentridae,Dascyllus,reticulatus,37372074,1,AD,Passing,,
SAV_GNU_CAM1_Left_2009_2.MP4,10921,41.3085,SAV_GNU_Transect 7,1.1384,,6.015,7.677,3195.029,19.612,,,1028.344,-292.325,-3010.857,SAV_GNU_2009,Peter,Pomacentridae,Dascyllus,reticulatus,37372074,1,AD,Passing,,
SAV_GNU_CAM1_Left_2009_2.MP4,10921,41.3085,SAV_GNU_Transect 7,1.1384,,5.514,1.903,3057.928,19.903,,,1004.102,-263.322,-2876.346,SAV_GNU_2009,Peter,Pomacentridae,Dascyllus,reticulatus,37372074,1,AD,Passing,,
SAV_GNU_CAM1_Left_2009_2.MP4,10921,41.3085,SAV_GNU_Transect 7,1.1384,,5.566,8.974,3079.571,20.174,,,1026.607,-260.616,-2891.698,SAV_GNU_2009,Peter,Pomacentridae,Dascyllus,reticulatus,37372074,1,AD,Passing,,
SAV_GNU_CAM1_Left_2009_2.MP4,10921,41.3085,SAV_GNU_Transect 7,1.1384,,5.978,2.782,3233.219,21.365,,,1150.938,-238.475,-3012.005,SAV_GNU_2009,Peter,Pomacentridae,Dascyllus,reticulatus,37372074,1,AD,Passing,,
SAV_GNU_CAM1_Left_2009_2.MP4,10921,41.3085,SAV_GNU_Transect 7,1.1384,,7.031,8.207,3689.055,26.068,,,1596.813,-266.381,-3314.869,SAV_GNU_2009,Peter,Pomacentridae,Dascyllus,reticulatus,37372074,1,AD,Passing,,
SAV_GNU_CAM1_Left_2009_2.MP4,10921,41.3085,SAV_GNU_Transect 7,1.1384,,6.25,4.346,3435.05,25.301,,,1445.04,-246.574,-3106.546,SAV_GNU_2009,Peter,Pomacentridae,Dascyllus,reticulatus,37372074,1,AD,Passing,,
SAV_GNU_CAM1_Left_2009_2.MP4,10921,41.3085,SAV_GNU_Transect 7,1.1384,,6.627,6.485,3522.312,24.784,,,1449.35,-269.47,-3198.976,SAV_GNU_2009,Peter,Pomacentridae,Dascyllus,reticulatus,37372074,1,AD,Passing,,
SAV_GNU_CAM1_Left_2009_2.MP4,10921,41.3085,SAV_GNU_Transect 7,1.1384,,6.384,0.982,3436.348,24.346,,,1388.191,-269.895,-3131.864,SAV_GNU_2009,Peter,Pomacentridae,Dascyllus,reticulatus,37372074,1,AD,Passing,,
SAV_GNU_CAM1_Left_2009_2.MP4,10942,41.3202,SAV_GNU_Transect 7,1.15,,11.33,13.383,4948.766,29.501,,,2404.115,-381.601,-4308.7,SAV_GNU_2009,Peter,Acanthuridae,Acanthurus,sp,,1,AD,Passing,,
SAV_GNU_CAM1_Left_2009_2.MP4,11006,41.3558,SAV_GNU_Transect 7,1.1856,192.996,16.851,10.515,3526.677,17.802,50.9,4.607,1024.5,-336.006,-3357.819,SAV_GNU_2009,Peter,Acanthuridae,Ctenochaetus,striatus,37437022,1,AD,Passing,,
SAV_GNU_CAM1_Left_2009_2.MP4,11024,41.3658,SAV_GNU_Transect 7,1.1956,163.77,15.412,11.47,2910.158,10.216,69.695,0.309,444.302,-262.686,-2864.02,SAV_GNU_2009,Peter,Acanthuridae,Ctenochaetus,striatus,37437022,1,AD,Passing,,
SAV_GNU_CAM1_Left_2009_2.MP4,11070,41.3914,SAV_GNU_Transect 7,1.2212,,2.616,1.11,2159.154,27.853,,,938.224,-362.993,-1910.476,SAV_GNU_2009,Peter,Pomacentridae,Dascyllus,aruanus,37372073,1,AD,Passing,,
SAV_GNU_CAM1_Left_2009_2.MP4,11070,41.3914,SAV_GNU_Transect 7,1.2212,,2.652,2.501,2141.211,25.936,,,889.97,-283.825,-1926.702,SAV_GNU_2009,Peter,Pomacentridae,Dascyllus,aruanus,37372073,1,AD,Passing,,
SAV_GNU_CAM1_Left_2009_2.MP4,11070,41.3914,SAV_GNU_Transect 7,1.2212,,3.204,1.454,2386.866,26.187,,,1003.241,-312.469,-2143.129,SAV_GNU_2009,Peter,Pomacentridae,Dascyllus,reticulatus,37372074,1,AD,Passing,,
SAV_GNU_CAM1_Left_2009_2.MP4,11070,41.3914,SAV_GNU_Transect 7,1.2212,,2.827,5.012,2164.936,23.751,,,801.835,-334.725,-1982.92,SAV_GNU_2009,Peter,Pomacentridae,Dascyllus,reticulatus,37372074,1,AD,Passing,,
SAV_GNU_CAM1_Left_2009_2.MP4,11070,41.3914,SAV_GNU_Transect 7,1.2212,,2.728,1.211,2205.296,27.298,,,957.419,-318.166,-1960.982,SAV_GNU_2009,Peter,Pomacentridae,Dascyllus,reticulatus,37372074,1,AD,Passing,,
SAV_GNU_CAM1_Left_2009_2.MP4,11122,41.4203,SAV_GNU_Transect 7,1.2501,42.237,1.411,8.783,1568.833,18.078,12.443,0.563,8.546,-486.759,-1491.386,SAV_GNU_2009,Peter,Pomacentridae,Dascyllus,reticulatus,37372074,1,AD,Passing,,
SAV_GNU_CAM1_Left_2009_2.MP4,11122,41.4203,SAV_GNU_Transect 7,1.2501,,1.749,7.33,1608.371,18.204,,,-43.119,-494.539,-1529.846,SAV_GNU_2009,Peter,Pomacentridae,Dascyllus,reticulatus,37372074,1,AD,Passing,,
SAV_GNU_CAM1_Left_2009_2.MP4,11122,41.4203,SAV_GNU_Transect 7,1.2501,,1.661,1.623,1583.142,21.367,,,-95.413,-563.016,-1476.567,SAV_GNU_2009,Peter,Pomacentridae,Dascyllus,reticulatus,37372074,1,AD,Passing,,
SAV_GNU_CAM1_Left_2009_2.MP4,11182,41.4536,SAV_GNU_Transect 7,1.2835,39.382,3.077,5.148,2186.953,22.352,11.292,14.222,590.158,-586.036,-2022.631,SAV_GNU_2009,Peter,Pomacentridae,Dascyllus,reticulatus,37372074,1,AD,Passing,,
SAV_GNU_CAM1_Left_2009_2.MP4,11182,41.4536,SAV_GNU_Transect 7,1.2835,,3.314,1.979,2290.615,23.236,,,484.064,-754.761,-2107.827,SAV_GNU_2009,Peter,Pomacentridae,Dascyllus,aruanus,37372073,1,AD,Passing,,
SAV_GNU_CAM1_Left_2009_2.MP4,11182,41.4536,SAV_GNU_Transect 7,1.2835,,3.42,5.03,2333.037,23.132,,,576.138,-704.325,-2148.268,SAV_GNU_2009,Peter,Pomacentridae,Dascyllus,aruanus,37372073,1,AD,Passing,,
SAV_GNU_CAM1_Left_2009_2.MP4,11182,41.4536,SAV_GNU_Transect 7,1.2835,,3.553,4.474,2389.504,22.721,,,681.742,-613.395,-2206.514,SAV_GNU_2009,Peter,Pomacentridae,Dascyllus,reticulatus,37372074,1,AD,Passing,,
SAV_GNU_CAM1_Left_2009_2.MP4,11182,41.4536,SAV_GNU_Transect 7,1.2835,,3.328,6.001,2313.848,22.589,,,701.714,-537.029,-2138.479,SAV_GNU_2009,Peter,Pomacentridae,Dascyllus,reticulatus,37372074,1,AD,Passing,,
SAV_GNU_CAM1_Left_2009_2.MP4,11182,41.4536,SAV_GNU_Transect 7,1.2835,,3.836,3.91,2475.41,21.173,,,685.12,-565.294,-2310.565,SAV_GNU_2009,Peter,Pomacentridae,Dascyllus,reticulatus,37372074,1,AD,Passing,,
SAV_GNU_CAM1_Left_2009_2.MP4,11182,41.4536,SAV_GNU_Transect 7,1.2835,,3.77,4.486,2425.017,18.531,,,563.035,-517.189,-2301.35,SAV_GNU_2009,Peter,Pomacentridae,Dascyllus,reticulatus,37372074,1,AD,Passing,,
SAV_GNU_CAM1_Left_2009_2.MP4,11182,41.4536,SAV_GNU_Transect 7,1.2835,,2.868,2.554,2128.343,23.733,,,515.356,-676.514,-1951.046,SAV_GNU_2009,Peter,Pomacentridae,Dascyllus,reticulatus,37372074,1,AD,Passing,,
SAV_GNU_CAM1_Left_2009_2.MP4,11204,41.4659,SAV_GNU_Transect 7,1.2957,,4.752,4.706,3079.146,28.102,,,1450.257,32.551,-2716.033,SAV_GNU_2009,Peter,Pomacentridae,Dascyllus,reticulatus,37372074,1,AD,Passing,,
SAV_GNU_CAM1_Left_2009_2.MP4,11204,41.4659,SAV_GNU_Transect 7,1.2957,,4.117,9.704,2810.312,28.88,,,1266.071,498.985,-2458.847,SAV_GNU_2009,Peter,Pomacentridae,Dascyllus,reticulatus,37372074,1,AD,Passing,,
SAV_GNU_CAM1_Left_2009_2.MP4,11204,41.4659,SAV_GNU_Transect 7,1.2957,,5.215,14.103,3256.372,30.409,,,1542.968,590.87,-2806.079,SAV_GNU_2009,Peter,Pomacentridae,Dascyllus,reticulatus,37372074,1,AD,Passing,,
SAV_GNU_CAM1_Left_2009_2.MP4,11204,41.4659,SAV_GNU_Transect 7,1.2957,,4.611,15.097,3055.679,31.001,,,1442.906,638.806,-2616.7,SAV_GNU_2009,Peter,Pomacentridae,Dascyllus,reticulatus,37372074,1,AD,Passing,,
SAV_GNU_CAM1_Left_2009_2.MP4,11204,41.4659,SAV_GNU_Transect 7,1.2957,,6.603,11.874,3437.224,25.517,,,1283.043,751.368,-3098.992,SAV_GNU_2009,Peter,Pomacentridae,Dascyllus,reticulatus,37372074,1,AD,Passing,,
SAV_GNU_CAM1_Left_2009_2.MP4,11204,41.4659,SAV_GNU_Transect 7,1.2957,,5.386,17.473,3138.941,26.902,,,1257.324,671.559,-2796.622,SAV_GNU_2009,Peter,Pomacentridae,Dascyllus,reticulatus,37372074,1,AD,Passing,,
SAV_GNU_CAM1_Left_2009_2.MP4,11204,41.4659,SAV_GNU_Transect 7,1.2957,,5.176,7.762,3089.061,27.333,,,1260.616,661.004,-2741.572,SAV_GNU_2009,Peter,Pomacentridae,Dascyllus,reticulatus,37372074,1,AD,Passing,,
SAV_GNU_CAM1_Left_2009_2.MP4,11204,41.4659,SAV_GNU_Transect 7,1.2957,,6.146,9.983,3434.707,28.979,,,1460.677,809.175,-3001.478,SAV_GNU_2009,Peter,Pomacentridae,Dascyllus,reticulatus,37372074,1,AD,Passing,,
SAV_GNU_CAM1_Left_2009_2.MP4,11204,41.4659,SAV_GNU_Transect 7,1.2957,,5.481,17.627,3033.568,23.319,,,943.326,754.094,-2782.807,SAV_GNU_2009,Peter,Pomacentridae,Dascyllus,reticulatus,37372074,1,AD,Passing,,
SAV_GNU_CAM1_Left_2009_2.MP4,11204,41.4659,SAV_GNU_Transect 7,1.2957,,6.994,11.789,3634.078,26.785,,,1519.311,624.078,-3241.719,SAV_GNU_2009,Peter,Pomacentridae,Dascyllus,reticulatus,37372074,1,AD,Passing,,
SAV_GNU_CAM1_Left_2009_2.MP4,11204,41.4659,SAV_GNU_Transect 7,1.2957,,5.212,11.475,3134.914,28.274,,,1326.075,679.251,-2758.229,SAV_GNU_2009,Peter,Pomacentridae,Dascyllus,reticulatus,37372074,1,AD,Passing,,
SAV_GNU_CAM1_Left_2009_2.MP4,11204,41.4659,SAV_GNU_Transect 7,1.2957,,6.796,11.141,3519.998,26.44,,,1361.503,788.827,-3148.721,SAV_GNU_2009,Peter,Pomacentridae,Dascyllus,reticulatus,37372074,1,AD,Passing,,
SAV_GNU_CAM1_Left_2009_2.MP4,11204,41.4659,SAV_GNU_Transect 7,1.2957,,5.87,12.759,3343.546,28.043,,,1430.825,662.634,-2948.382,SAV_GNU_2009,Peter,Pomacentridae,Dascyllus,reticulatus,37372074,1,AD,Passing,,
SAV_GNU_CAM1_Left_2009_2.MP4,11204,41.4659,SAV_GNU_Transect 7,1.2957,,5.872,12.804,3365.365,28.056,,,1477.135,580.531,-2967.615,SAV_GNU_2009,Peter,Pomacentridae,Dascyllus,reticulatus,37372074,1,AD,Passing,,
SAV_GNU_CAM1_Left_2009_2.MP4,11204,41.4659,SAV_GNU_Transect 7,1.2957,,4.765,11.498,3073.646,29.26,,,1431.962,464.988,-2679.659,SAV_GNU_2009,Peter,Pomacentridae,Dascyllus,reticulatus,37372074,1,AD,Passing,,
SAV_GNU_CAM1_Left_2009_2.MP4,11204,41.4659,SAV_GNU_Transect 7,1.2957,,5.286,12.552,2999.569,25.054,,,947.415,856.865,-2713.964,SAV_GNU_2009,Peter,Pomacentridae,Dascyllus,reticulatus,37372074,1,AD,Passing,,
SAV_GNU_CAM1_Left_2009_2.MP4,11204,41.4659,SAV_GNU_Transect 7,1.2957,,8.98,11.139,3924.248,24.859,,,1135.644,1210.693,-3555.876,SAV_GNU_2009,Peter,Pomacentridae,Dascyllus,reticulatus,37372074,1,AD,Passing,,
SAV_GNU_CAM1_Left_2009_2.MP4,11204,41.4659,SAV_GNU_Transect 7,1.2957,,5.945,14.464,3246.694,26.781,,,1143.38,924.039,-2894.798,SAV_GNU_2009,Peter,Pomacentridae,Dascyllus,reticulatus,37372074,1,AD,Passing,,
SAV_GNU_CAM1_Left_2009_2.MP4,11204,41.4659,SAV_GNU_Transect 7,1.2957,,6.479,9.392,3243.763,21.112,,,749.468,908.337,-3022.453,SAV_GNU_2009,Peter,Pomacentridae,Dascyllus,reticulatus,37372074,1,AD,Passing,,
SAV_GNU_CAM1_Left_2009_2.MP4,11204,41.4659,SAV_GNU_Transect 7,1.2957,,5.856,9.09,3054.719,18.103,,,654.631,698.794,-2900.768,SAV_GNU_2009,Peter,Pomacentridae,Dascyllus,reticulatus,37372074,1,AD,Passing,,
SAV_GNU_CAM1_Left_2009_2.MP4,11204,41.4659,SAV_GNU_Transect 7,1.2957,,7.441,7.957,3480.499,19.609,,,844.903,819.55,-3275.416,SAV_GNU_2009,Peter,Pomacentridae,Dascyllus,reticulatus,37372074,1,AD,Passing,,
SAV_GNU_CAM1_Left_2009_2.MP4,11204,41.4659,SAV_GNU_Transect 7,1.2957,,5.966,8.775,3097.68,19.639,,,721.286,762.299,-2914.492,SAV_GNU_2009,Peter,Pomacentridae,Dascyllus,reticulatus,37372074,1,AD,Passing,,
SAV_GNU_CAM1_Left_2009_2.MP4,11204,41.4659,SAV_GNU_Transect 7,1.2957,,6.528,11.693,3368.076,25.138,,,1131.134,888.251,-3045.568,SAV_GNU_2009,Peter,Pomacentridae,Dascyllus,reticulatus,37372074,1,AD,Passing,,
SAV_GNU_CAM1_Left_2009_2.MP4,11204,41.4659,SAV_GNU_Transect 7,1.2957,,7.67,13.869,3683.077,25.582,,,1282.554,953.518,-3318.27,SAV_GNU_2009,Peter,Pomacentridae,Dascyllus,reticulatus,37372074,1,AD,Passing,,
SAV_GNU_CAM1_Left_2009_2.MP4,11204,41.4659,SAV_GNU_Transect 7,1.2957,,6.097,18.54,3343.129,27.827,,,1286.28,895.376,-2953.015,SAV_GNU_2009,Peter,Pomacentridae,Dascyllus,reticulatus,37372074,1,AD,Passing,,
SAV_GNU_CAM1_Left_2009_2.MP4,11204,41.4659,SAV_GNU_Transect 7,1.2957,,7.47,14.18,3634.254,25.933,,,1254.004,989.386,-3264.413,SAV_GNU_2009,Peter,Pomacentridae,Dascyllus,reticulatus,37372074,1,AD,Passing,,
SAV_GNU_CAM1_Left_2009_2.MP4,11204,41.4659,SAV_GNU_Transect 7,1.2957,,7.859,4.856,3564.816,19.841,,,517.047,1107.182,-3348.839,SAV_GNU_2009,Peter,Pomacentridae,Dascyllus,reticulatus,37372074,1,AD,Passing,,
SAV_GNU_CAM1_Left_2009_2.MP4,11204,41.4659,SAV_GNU_Transect 7,1.2957,,7.523,14.385,3471.35,13.708,,,300.038,779.284,-3369.416,SAV_GNU_2009,Peter,Pomacentridae,Dascyllus,reticulatus,37372074,1,AD,Passing,,
SAV_GNU_CAM1_Left_2009_2.MP4,11204,41.4659,SAV_GNU_Transect 7,1.2957,125.817,9.061,10.774,3528.919,21.448,21.888,24.827,1075.833,712.501,-3284.539,SAV_GNU_2009,Peter,Labridae,Gomphosus,varius,37384106,1,AD,Passing,,
SAV_GNU_CAM1_Left_2009_2.MP4,11274,41.5048,SAV_GNU_Transect 7,1.3347,66.645,5.311,11.984,2173.669,25.708,89.507,35.946,873.528,355.016,-1958.507,SAV_GNU_2009,Peter,Pomacentridae,Dascyllus,reticulatus,37372074,1,AD,Passing,measurement of point,frame 11204
SAV_GNU_CAM1_Left_2009_2.MP4,11274,41.5048,SAV_GNU_Transect 7,1.3347,,4.389,5.905,2816.381,21.76,,,-1037.013,131.565,-2615.205,SAV_GNU_2009,Peter,Pomacentridae,Dascyllus,reticulatus,37372074,1,AD,Passing,,
SAV_GNU_CAM1_Left_2009_2.MP4,11274,41.5048,SAV_GNU_Transect 7,1.3347,105.792,4.958,10.883,2147.396,10.294,32.087,6.92,-372.572,-91.825,-2112.835,SAV_GNU_2009,Peter,Labridae,Hologymnosus,doliatus,37384127,1,AD,Passing,,
SAV_GNU_CAM1_Left_2009_2.MP4,11330,41.5359,SAV_GNU_Transect 7,1.3658,53.026,3.237,10.884,2068.074,4.37,26.37,42.393,49.46,-149.623,-2062.062,SAV_GNU_2009,Peter,Pomacentridae,Dascyllus,reticulatus,37372074,1,AD,Passing,,
SAV_GNU_CAM1_Left_2009_2.MP4,11330,41.5359,SAV_GNU_Transect 7,1.3658,47.598,1.625,8.487,1951.114,3.675,3.302,5.186,-39.743,-118.566,-1947.102,SAV_GNU_2009,Peter,Pomacentridae,Dascyllus,reticulatus,37372074,1,AD,Passing,,
SAV_GNU_CAM1_Left_2009_2.MP4,11354,41.5493,SAV_GNU_Transect 7,1.3792,,1.735,5.254,1594.709,17.06,,,-212.929,-410.527,-1526.18,SAV_GNU_2009,Peter,Pomacanthidae,Centropyge,bicolor,37365022,1,AD,Passing,,
SAV_GNU_CAM1_Left_2009_2.MP4,11369,41.5576,SAV_GNU_Transect 7,1.3875,78.459,1.084,15.547,1206.63,21.25,5.554,52.031,-216.678,-379.869,-1124.591,SAV_GNU_2009,Peter,Pomacentridae,Pomacentrus,callainus,temp_code_004,1,AD,Passing,,
SAV_GNU_CAM1_Left_2009_2.MP4,11420,41.586,SAV_GNU_Transect 7,1.4159,,8.718,0.146,4105.923,28.924,,,1729.368,-961.846,-3597.603,SAV_GNU_2009,Peter,Pomacentridae,Dascyllus,reticulatus,37372074,1,AD,Passing,,
SAV_GNU_CAM1_Left_2009_2.MP4,11420,41.586,SAV_GNU_Transect 7,1.4159,,7.393,2.871,3802.521,30.094,,,1627.139,-980.766,-3293.886,SAV_GNU_2009,Peter,Pomacentridae,Dascyllus,reticulatus,37372074,1,AD,Passing,,
SAV_GNU_CAM1_Left_2009_2.MP4,11420,41.586,SAV_GNU_Transect 7,1.4159,,11.738,1.932,4729.167,29.321,,,1847.54,-1379.985,-4128.832,SAV_GNU_2009,Peter,Pomacentridae,Dascyllus,reticulatus,37372074,1,AD,Passing,,
SAV_GNU_CAM1_Left_2009_2.MP4,11420,41.586,SAV_GNU_Transect 7,1.4159,,5.959,1.731,3466.079,31.31,,,1574.533,-862.987,-2964.76,SAV_GNU_2009,Peter,Pomacentridae,Dascyllus,reticulatus,37372074,1,AD,Passing,,
SAV_GNU_CAM1_Left_2009_2.MP4,11420,41.586,SAV_GNU_Transect 7,1.4159,98.694,8.755,8.329,3787.029,30.17,5.459,17.661,1689.041,-877.184,-3274.031,SAV_GNU_2009,Peter,Labridae,Oxycheilinus,sp,,1,AD,Passing,,
SAV_GNU_CAM1_Left_2009_2.MP4,11558,41.6627,SAV_GNU_Transect 7,1.4926,,5.355,2.384,3295.382,28.628,,,1564.847,-198.543,-2893.333,SAV_GNU_2009,Peter,Pomacentridae,Dascyllus,reticulatus,37372074,1,AD,Passing,,
SAV_GNU_CAM1_Left_2009_2.MP4,11575,41.6722,SAV_GNU_Transect 7,1.5021,,20.86,8.859,5999.287,17.179,,,-1392.579,-1072.895,-5735.945,SAV_GNU_2009,Peter,Serranidae,Plectropomus,leopardus,37311078,1,AD,Passing,,
SAV_GNU_CAM1_Left_2009_2.MP4,11575,41.6722,SAV_GNU_Transect 7,1.5021,124.023,6.943,9.262,2407.011,21.015,47.11,13.51,-288.278,-813.609,-2246.918,SAV_GNU_2009,Peter,Acanthuridae,Zebrasoma,scopas,37437036,1,AD,Passing,,
SAV_GNU_CAM1_Left_2009_2.MP4,11632,41.7039,SAV_GNU_Transect 7,1.5338,35.414,1.814,0.85,1766.152,10.697,9.32,5.875,-205.198,-255.644,-1735.463,SAV_GNU_2009,Peter,Pomacentridae,Dascyllus,reticulatus,37372074,1,AD,Passing,,
SAV_GNU_CAM1_Left_2009_2.MP4,11632,41.7039,SAV_GNU_Transect 7,1.5338,30.755,3.069,0.141,1738.414,13.148,30.329,0.406,-227.993,-323.09,-1692.842,SAV_GNU_2009,Peter,Pomacentridae,Dascyllus,reticulatus,37372074,1,AD,Passing,,
SAV_GNU_CAM1_Left_2009_2.MP4,11632,41.7039,SAV_GNU_Transect 7,1.5338,,2.449,1.691,1912.363,8.881,,,-213.728,-196.182,-1890.229,SAV_GNU_2009,Peter,Pomacentridae,Dascyllus,reticulatus,37372074,1,AD,Passing,,
SAV_GNU_CAM1_Left_2009_2.MP4,11632,41.7039,SAV_GNU_Transect 7,1.5338,,2.503,0.506,1939.774,10.194,,,-295.693,-166.881,-1909.827,SAV_GNU_2009,Peter,Pomacentridae,Dascyllus,reticulatus,37372074,1,AD,Passing,,
SAV_GNU_CAM1_Left_2009_2.MP4,11632,41.7039,SAV_GNU_Transect 7,1.5338,,2.154,1.049,1780.713,9.617,,,-207.261,-206.443,-1756.52,SAV_GNU_2009,Peter,Pomacentridae,Dascyllus,reticulatus,37372074,1,AD,Passing,,
SAV_GNU_CAM1_Left_2009_2.MP4,11632,41.7039,SAV_GNU_Transect 7,1.5338,,2.317,7.216,1859.293,11.882,,,-305.42,-223.586,-1820.357,SAV_GNU_2009,Peter,Pomacentridae,Dascyllus,reticulatus,37372074,1,AD,Passing,,
SAV_GNU_CAM1_Left_2009_2.MP4,11632,41.7039,SAV_GNU_Transect 7,1.5338,,2.66,1.642,2023.823,14.524,,,-450.962,-225.149,-1960.051,SAV_GNU_2009,Peter,Pomacentridae,Dascyllus,reticulatus,37372074,1,AD,Passing,,
SAV_GNU_CAM1_Left_2009_2.MP4,11632,41.7039,SAV_GNU_Transect 7,1.5338,,2.037,2.04,1734.944,13.34,,,-331.348,-217.913,-1689.01,SAV_GNU_2009,Peter,Pomacentridae,Dascyllus,reticulatus,37372074,1,AD,Passing,,
SAV_GNU_CAM1_Left_2009_2.MP4,11632,41.7039,SAV_GNU_Transect 7,1.5338,,1.81,0.113,1626.909,14.255,,,-330.396,-220.287,-1577.702,SAV_GNU_2009,Peter,Pomacentridae,Dascyllus,reticulatus,37372074,1,AD,Passing,,
SAV_GNU_CAM1_Left_2009_2.MP4,11632,41.7039,SAV_GNU_Transect 7,1.5338,,1.951,0.708,1692.566,13.743,,,-292.382,-269.497,-1645.195,SAV_GNU_2009,Peter,Pomacentridae,Dascyllus,reticulatus,37372074,1,AD,Passing,,
SAV_GNU_CAM1_Left_2009_2.MP4,11632,41.7039,SAV_GNU_Transect 7,1.5338,,1.81,18.593,1613.883,7.936,,,-34.531,-213.803,-1599.285,SAV_GNU_2009,Peter,Pomacentridae,Dascyllus,reticulatus,37372074,1,AD,Passing,,
SAV_GNU_CAM1_Left_2009_2.MP4,11632,41.7039,SAV_GNU_Transect 7,1.5338,,2.328,0.174,1857.274,11.431,,,-2.525,-360.862,-1821.878,SAV_GNU_2009,Peter,Pomacentridae,Dascyllus,reticulatus,37372074,1,AD,Passing,,
SAV_GNU_CAM1_Left_2009_2.MP4,11632,41.7039,SAV_GNU_Transect 7,1.5338,,2.678,2.749,2010.402,12.503,,,-258.306,-342.492,-1964.102,SAV_GNU_2009,Peter,Pomacentridae,Dascyllus,reticulatus,37372074,1,AD,Passing,,
SAV_GNU_CAM1_Left_2009_2.MP4,11632,41.7039,SAV_GNU_Transect 7,1.5338,,2.405,3.659,1901.814,14.465,,,-326.057,-338.196,-1842.88,SAV_GNU_2009,Peter,Pomacentridae,Dascyllus,reticulatus,37372074,1,AD,Passing,,
SAV_GNU_CAM1_Left_2009_2.MP4,11632,41.7039,SAV_GNU_Transect 7,1.5338,,2.042,10.086,1729.863,12.271,,,-169.512,-319.529,-1691.625,SAV_GNU_2009,Peter,Pomacentridae,Dascyllus,reticulatus,37372074,1,AD,Passing,,
SAV_GNU_CAM1_Left_2009_2.MP4,11632,41.7039,SAV_GNU_Transect 7,1.5338,,2.336,0.404,1864.39,12.324,,,-240.627,-309.722,-1822.668,SAV_GNU_2009,Peter,Pomacentridae,Dascyllus,reticulatus,37372074,1,AD,Passing,,
SAV_GNU_CAM1_Left_2009_2.MP4,11632,41.7039,SAV_GNU_Transect 7,1.5338,,3.078,3.414,2244.621,20.259,,,-669.21,-386.962,-2107.307,SAV_GNU_2009,Peter,Pomacentridae,Dascyllus,reticulatus,37372074,1,AD,Passing,,
SAV_GNU_CAM1_Left_2009_2.MP4,11632,41.7039,SAV_GNU_Transect 7,1.5338,,2.916,3.436,2117.334,14.127,,,-398.062,-321.398,-2054.593,SAV_GNU_2009,Peter,Pomacentridae,Dascyllus,reticulatus,37372074,1,AD,Passing,,
SAV_GNU_CAM1_Left_2009_2.MP4,11632,41.7039,SAV_GNU_Transect 7,1.5338,,2.711,2.242,2041.379,15.102,,,-431.606,-302.988,-1972.091,SAV_GNU_2009,Peter,Pomacentridae,Dascyllus,reticulatus,37372074,1,AD,Passing,,
SAV_GNU_CAM1_Left_2009_2.MP4,11632,41.7039,SAV_GNU_Transect 7,1.5338,,2.125,1.361,1771.984,14.044,,,-170.314,-388.001,-1720.574,SAV_GNU_2009,Peter,Pomacentridae,Dascyllus,reticulatus,37372074,1,AD,Passing,,
SAV_GNU_CAM1_Left_2009_2.MP4,11632,41.7039,SAV_GNU_Transect 7,1.5338,,2.107,9.774,1762.543,13.459,,,-186.822,-358.409,-1715.575,SAV_GNU_2009,Peter,Pomacentridae,Dascyllus,reticulatus,37372074,1,AD,Passing,,
SAV_GNU_CAM1_Left_2009_2.MP4,11632,41.7039,SAV_GNU_Transect 7,1.5338,45.592,2.054,1.167,1593.871,13.725,20.014,18.848,272.348,-262.37,-1548.358,SAV_GNU_2009,Peter,Pomacentridae,Pomacentrus,moluccensis,37372118,1,AD,Passing,,
SAV_GNU_CAM1_Left_2009_2.MP4,11632,41.7039,SAV_GNU_Transect 7,1.5338,72.481,2.164,4.774,1205.351,9.545,58.12,21.102,102.839,-171.388,-1188.664,SAV_GNU_2009,Peter,Pomacentridae,Pomacentrus,callainus,temp_code_004,1,AD,Passing,,
SAV_GNU_CAM1_Left_2009_2.MP4,11682,41.7317,SAV_GNU_Transect 7,1.5616,216.316,5.563,10.104,2093.344,23.69,55.98,0.388,840.292,36.387,-1916.944,SAV_GNU_2009,Peter,Scaridae,Scarus,schlegeli,37386029,1,AD,Passing,,
SAV_GNU_CAM1_Left_2009_2.MP4,11797,41.7956,SAV_GNU_Transect 7,1.6255,235.131,21.604,6.132,4000.552,21.615,66.389,0.739,-1467.247,137.517,-3719.233,SAV_GNU_2009,Peter,Acanthuridae,Acanthurus,sp,,1,AD,Passing,,
SAV_GNU_CAM1_Left_2009_2.MP4,11797,41.7956,SAV_GNU_Transect 7,1.6255,160.392,15.182,12.171,3354.293,23.474,81.165,12.26,-1219.719,-545.465,-3076.692,SAV_GNU_2009,Peter,Acanthuridae,Acanthurus,sp,,1,AD,Passing,,
SAV_GNU_CAM1_Left_2009_2.MP4,11797,41.7956,SAV_GNU_Transect 7,1.6255,,9.327,0.652,4150.023,19.342,,,-1373.986,53.09,-3915.614,SAV_GNU_2009,Peter,Acanthuridae,Acanthurus,sp,,1,AD,Passing,,
SAV_GNU_CAM1_Left_2009_2.MP4,11797,41.7956,SAV_GNU_Transect 7,1.6255,133.178,3.581,6.403,2038.781,17.664,26.925,2.889,-178.979,-592.184,-1942.657,SAV_GNU_2009,Peter,Mullidae,Parupeneus,barberinus,37355022,1,AD,Passing,,
SAV_GNU_CAM1_Left_2009_2.MP4,11842,41.8207,SAV_GNU_Transect 7,1.6505,93.263,8.836,9.084,3501.488,20.131,21.749,25.085,-1194.289,-161.17,-3287.57,SAV_GNU_2009,Peter,Acanthuridae,Acanthurus,sp,,1,AD,Passing,,
SAV_GNU_CAM1_Left_2009_2.MP4,11842,41.8207,SAV_GNU_Transect 7,1.6505,,7.566,6.16,3709.087,19.279,,,-1222.697,82.878,-3500.781,SAV_GNU_2009,Peter,Acanthuridae,Acanthurus,sp,,1,AD,Passing,,
SAV_GNU_CAM1_Left_2009_2.MP4,11938,41.8741,SAV_GNU_Transect 7,1.7039,,2.694,2.215,2192.976,25.148,,,-869.187,-328.229,-1986.435,SAV_GNU_2009,Peter,Pomacentridae,Pomacentrus,moluccensis,37372118,1,AD,Passing,,
SAV_GNU_CAM1_Left_2009_2.MP4,11972,41.893,SAV_GNU_Transect 7,1.7228,38.051,3.618,6.333,2431.217,19.443,5.294,5.216,-708.929,-390.353,-2292.566,SAV_GNU_2009,Peter,Pomacentridae,Chromis,viridis,37372053,1,AD,Passing,,
SAV_GNU_CAM1_Left_2009_2.MP4,11972,41.893,SAV_GNU_Transect 7,1.7228,,4.705,2.928,2852.88,18.817,,,-903.925,-161.456,-2701.07,SAV_GNU_2009,Peter,Pomacentridae,Chromis,viridis,37372053,1,AD,Passing,,
SAV_GNU_CAM1_Left_2009_2.MP4,11972,41.893,SAV_GNU_Transect 7,1.7228,,4.329,7.994,2724.949,19.023,,,-863.146,-199.211,-2576.944,SAV_GNU_2009,Peter,Pomacentridae,Chromis,viridis,37372053,1,AD,Passing,,
SAV_GNU_CAM1_Left_2009_2.MP4,11972,41.893,SAV_GNU_Transect 7,1.7228,,4.146,5.984,2690.792,20.391,,,-916.239,-188.646,-2522.951,SAV_GNU_2009,Peter,Pomacentridae,Chromis,viridis,37372053,1,AD,Passing,,
SAV_GNU_CAM1_Left_2009_2.MP4,11972,41.893,SAV_GNU_Transect 7,1.7228,,4.187,8.982,2784.678,23.431,,,-1089.596,-187.179,-2555.812,SAV_GNU_2009,Peter,Pomacentridae,Chromis,viridis,37372053,1,AD,Passing,,
SAV_GNU_CAM1_Left_2009_2.MP4,11972,41.893,SAV_GNU_Transect 7,1.7228,,4.676,5.097,2806.802,17.269,,,-799.774,-223.073,-2681.182,SAV_GNU_2009,Peter,Pomacentridae,Chromis,viridis,37372053,1,AD,Passing,,
SAV_GNU_CAM1_Left_2009_2.MP4,11972,41.893,SAV_GNU_Transect 7,1.7228,,4.658,9.66,2766.291,15.769,,,-683.597,-302.283,-2663.397,SAV_GNU_2009,Peter,Pomacentridae,Chromis,viridis,37372053,1,AD,Passing,,
SAV_GNU_CAM1_Left_2009_2.MP4,11972,41.893,SAV_GNU_Transect 7,1.7228,,4.679,7.852,2768.857,15.835,,,-672.328,-334.122,-2665.128,SAV_GNU_2009,Peter,Pomacentridae,Chromis,viridis,37372053,1,AD,Passing,,
SAV_GNU_CAM1_Left_2009_2.MP4,11972,41.893,SAV_GNU_Transect 7,1.7228,,5.066,5.904,2902.616,16.969,,,-755.872,-371.511,-2777.735,SAV_GNU_2009,Peter,Pomacentridae,Chromis,viridis,37372053,1,AD,Passing,,
SAV_GNU_CAM1_Left_2009_2.MP4,11972,41.893,SAV_GNU_Transect 7,1.7228,,3.624,6.501,2479.984,20.307,,,-806.501,-291.295,-2327.021,SAV_GNU_2009,Peter,Pomacentridae,Chromis,viridis,37372053,1,AD,Passing,,
SAV_GNU_CAM1_Left_2009_2.MP4,11972,41.893,SAV_GNU_Transect 7,1.7228,,3.66,2.18,2479.629,19.52,,,-774.83,-284.18,-2338.256,SAV_GNU_2009,Peter,Pomacentridae,Chromis,viridis,37372053,1,AD,Passing,,
SAV_GNU_CAM1_Left_2009_2.MP4,11972,41.893,SAV_GNU_Transect 7,1.7228,,4.429,10.263,2733.313,19.123,,,-811.579,-368.037,-2583.968,SAV_GNU_2009,Peter,Pomacentridae,Chromis,viridis,37372053,1,AD,Passing,,
SAV_GNU_CAM1_Left_2009_2.MP4,11972,41.893,SAV_GNU_Transect 7,1.7228,,3.969,3.932,2586.74,18.772,,,-793.746,-241.134,-2450.112,SAV_GNU_2009,Peter,Pomacentridae,Chromis,viridis,37372053,1,AD,Passing,,
SAV_GNU_CAM1_Left_2009_2.MP4,11972,41.893,SAV_GNU_Transect 7,1.7228,,4.231,2.155,2706.625,20.059,,,-893.863,-240.553,-2543.416,SAV_GNU_2009,Peter,Pomacentridae,Chromis,viridis,37372053,1,AD,Passing,,
SAV_GNU_CAM1_Left_2009_2.MP4,11972,41.893,SAV_GNU_Transect 7,1.7228,,3.878,4.102,2610.562,21.721,,,-923.258,-274.942,-2426.321,SAV_GNU_2009,Peter,Pomacentridae,Chromis,viridis,37372053,1,AD,Passing,,
SAV_GNU_CAM1_Left_2009_2.MP4,11972,41.893,SAV_GNU_Transect 7,1.7228,,3.783,6.732,2553.913,20.748,,,-861.791,-265.947,-2389.364,SAV_GNU_2009,Peter,Pomacentridae,Chromis,viridis,37372053,1,AD,Passing,,
SAV_GNU_CAM1_Left_2009_2.MP4,11972,41.893,SAV_GNU_Transect 7,1.7228,,3.923,1.409,2710.827,24.605,,,-1096.421,-258.094,-2465.731,SAV_GNU_2009,Peter,Pomacentridae,Chromis,viridis,37372053,1,AD,Passing,,
SAV_GNU_CAM1_Left_2009_2.MP4,11972,41.893,SAV_GNU_Transect 7,1.7228,,4.073,2.092,2729.355,23.253,,,-1047.322,-243.314,-2508.644,SAV_GNU_2009,Peter,Pomacentridae,Chromis,viridis,37372053,1,AD,Passing,,
SAV_GNU_CAM1_Left_2009_2.MP4,11972,41.893,SAV_GNU_Transect 7,1.7228,,4.196,2.791,2767.29,22.854,,,-1050.135,-218.766,-2550.931,SAV_GNU_2009,Peter,Pomacentridae,Chromis,viridis,37372053,1,AD,Passing,,
SAV_GNU_CAM1_Left_2009_2.MP4,11972,41.893,SAV_GNU_Transect 7,1.7228,,4.074,2.392,2715.954,22.682,,,-1019.874,-228.228,-2506.826,SAV_GNU_2009,Peter,Pomacentridae,Chromis,viridis,37372053,1,AD,Passing,,
SAV_GNU_CAM1_Left_2009_2.MP4,11972,41.893,SAV_GNU_Transect 7,1.7228,,16.563,5.553,5506.686,23.126,,,-1789.02,1235.353,-5059.339,SAV_GNU_2009,Peter,Acanthuridae,Ctenochaetus,sp,,1,AD,Passing,,
SAV_GNU_CAM1_Left_2009_2.MP4,11972,41.893,SAV_GNU_Transect 7,1.7228,34.575,3.292,9.641,1914.566,23.117,35.818,30.889,-530.754,-532.276,-1760.836,SAV_GNU_2009,Peter,Pomacentridae,Dascyllus,aruanus,37372073,1,AD,Passing,,
SAV_GNU_CAM1_Left_2009_2.MP4,11972,41.893,SAV_GNU_Transect 7,1.7228,,2.666,10.041,2058.461,21.519,,,-500.545,-557.733,-1917.198,SAV_GNU_2009,Peter,Pomacentridae,Dascyllus,aruanus,37372073,1,AD,Passing,,
SAV_GNU_CAM1_Left_2009_2.MP4,11972,41.893,SAV_GNU_Transect 7,1.7228,,4.428,6.641,2648.701,15.208,,,-442.938,-525.199,-2558.044,SAV_GNU_2009,Peter,Pomacentridae,Dascyllus,aruanus,37372073,1,AD,Passing,,
SAV_GNU_CAM1_Left_2009_2.MP4,11972,41.893,SAV_GNU_Transect 7,1.7228,184.199,7.861,3.563,3045.529,10.844,23.956,0.978,-449.26,-355.616,-2991.145,SAV_GNU_2009,Peter,Labridae,Halichoeres,hortulanus,37384112,1,AD,Passing,,
SAV_GNU_CAM1_Left_2009_2.MP4,11972,41.893,SAV_GNU_Transect 7,1.7228,,15.836,6.12,5650.226,26.804,,,-2288.216,1140.607,-5038.664,SAV_GNU_2009,Peter,Zanclidae,Zanclus,cornutus,37437001,1,AD,Passing,,
SAV_GNU_CAM1_Left_2009_2.MP4,11998,41.9074,SAV_GNU_Transect 7,1.7373,,14.839,0.949,4977.113,13.178,,,-245.474,1126.977,-4841.624,SAV_GNU_2009,Peter,Pomacentridae,Dascyllus,trimaculatus,37372075,1,AD,Passing,,
SAV_GNU_CAM1_Left_2009_2.MP4,11998,41.9074,SAV_GNU_Transect 7,1.7373,,19.424,2.444,5725.556,19.704,,,-969.909,1690.493,-5383.632,SAV_GNU_2009,Peter,Pomacentridae,Dascyllus,trimaculatus,37372075,1,AD,Passing,,
SAV_GNU_CAM1_Left_2009_2.MP4,11998,41.9074,SAV_GNU_Transect 7,1.7373,,12.192,0.121,4721.082,26.174,,,-1408.472,1550.662,-4230.87,SAV_GNU_2009,Peter,Pomacentridae,Dascyllus,trimaculatus,37372075,1,AD,Passing,,
SAV_GNU_CAM1_Left_2009_2.MP4,12063,41.9436,SAV_GNU_Transect 7,1.7734,148.792,7.081,7.018,3447.258,17.102,8.31,12.227,972.49,-286.353,-3294.822,SAV_GNU_2009,Peter,Acanthuridae,Ctenochaetus,striatus,37437022,1,AD,Passing,,
SAV_GNU_CAM1_Left_2009_2.MP4,12063,41.9436,SAV_GNU_Transect 7,1.7734,113.851,8.47,2.351,3731.874,27.448,6.262,13.489,-1603.849,621.918,-3311.762,SAV_GNU_2009,Peter,Zanclidae,Zanclus,cornutus,37437001,1,AD,Passing,,
SAV_GNU_CAM1_Left_2009_2.MP4,12063,41.9436,SAV_GNU_Transect 7,1.7734,,8.021,2.757,3968.263,25.721,,,-1600.489,650.037,-3572.534,SAV_GNU_2009,Peter,Zanclidae,Zanclus,cornutus,37437001,1,AD,Passing,,
SAV_GNU_CAM1_Left_2009_2.MP4,12073,41.9491,SAV_GNU_Transect 7,1.779,,4.347,4.53,2940.223,26.11,,,-1288.394,130.401,-2639.687,SAV_GNU_2009,Peter,Pomacanthidae,Centropyge,flavissima,37365026,1,AD,Passing,,
SAV_GNU_CAM1_Left_2009_2.MP4,12082,41.9541,SAV_GNU_Transect 7,1.784,57.971,3.305,13.58,3645.166,10.831,3.302,6.695,29.46,684.345,-3580.229,SAV_GNU_2009,Peter,Pomacentridae,Chromis,ternatensis,37372051,1,AD,Passing,,
SAV_GNU_CAM1_Left_2009_2.MP4,12082,41.9541,SAV_GNU_Transect 7,1.784,,8.704,12.308,3782.12,9.911,,,-72.1,661.712,-3723.086,SAV_GNU_2009,Peter,Pomacentridae,Chromis,ternatensis,37372051,1,AD,Passing,,
SAV_GNU_CAM1_Left_2009_2.MP4,12082,41.9541,SAV_GNU_Transect 7,1.784,,7.788,14.97,3579.318,7.592,,,9.774,486.878,-3546.036,SAV_GNU_2009,Peter,Pomacentridae,Chromis,ternatensis,37372051,1,AD,Passing,,
SAV_GNU_CAM1_Left_2009_2.MP4,12082,41.9541,SAV_GNU_Transect 7,1.784,,8.63,13.397,3785.502,7.066,,,8.691,480.48,-3754.875,SAV_GNU_2009,Peter,Pomacentridae,Chromis,ternatensis,37372051,1,AD,Passing,,
SAV_GNU_CAM1_Left_2009_2.MP4,12082,41.9541,SAV_GNU_Transect 7,1.784,,7.936,11.993,3606.274,7.943,,,170.652,482.382,-3569.79,SAV_GNU_2009,Peter,Pomacentridae,Chromis,ternatensis,37372051,1,AD,Passing,,
SAV_GNU_CAM1_Left_2009_2.MP4,12082,41.9541,SAV_GNU_Transect 7,1.784,,7.786,11.727,3558.231,9.558,,,171.068,579.426,-3506.567,SAV_GNU_2009,Peter,Pomacentridae,Chromis,ternatensis,37372051,1,AD,Passing,,
SAV_GNU_CAM1_Left_2009_2.MP4,12082,41.9541,SAV_GNU_Transect 7,1.784,,8.324,15.244,3682.926,9.133,,,327.505,498.626,-3634.289,SAV_GNU_2009,Peter,Pomacentridae,Chromis,ternatensis,37372051,1,AD,Passing,,
SAV_GNU_CAM1_Left_2009_2.MP4,12082,41.9541,SAV_GNU_Transect 7,1.784,,7.425,11.742,3465.315,9.389,,,376.214,435.495,-3417.194,SAV_GNU_2009,Peter,Pomacentridae,Chromis,ternatensis,37372051,1,AD,Passing,,
SAV_GNU_CAM1_Left_2009_2.MP4,12082,41.9541,SAV_GNU_Transect 7,1.784,,10.199,11.604,4113.118,9.683,,,-369.585,600.892,-4052.17,SAV_GNU_2009,Peter,Pomacentridae,Chromis,ternatensis,37372051,1,AD,Passing,,
SAV_GNU_CAM1_Left_2009_2.MP4,12082,41.9541,SAV_GNU_Transect 7,1.784,,9.478,13.47,3974.323,7.803,,,-242.994,497.347,-3935.587,SAV_GNU_2009,Peter,Pomacentridae,Chromis,ternatensis,37372051,1,AD,Passing,,
SAV_GNU_CAM1_Left_2009_2.MP4,12082,41.9541,SAV_GNU_Transect 7,1.784,,9.517,15.041,3955.81,11.182,,,-411.395,662.851,-3878.12,SAV_GNU_2009,Peter,Pomacentridae,Chromis,ternatensis,37372051,1,AD,Passing,,
SAV_GNU_CAM1_Left_2009_2.MP4,12082,41.9541,SAV_GNU_Transect 7,1.784,,10.27,16.251,4129.557,9.997,,,-460.037,565.879,-4064.651,SAV_GNU_2009,Peter,Pomacentridae,Chromis,ternatensis,37372051,1,AD,Passing,,
SAV_GNU_CAM1_Left_2009_2.MP4,12082,41.9541,SAV_GNU_Transect 7,1.784,,10.977,12.31,4290.229,8.528,,,-406.671,506.057,-4240.824,SAV_GNU_2009,Peter,Pomacentridae,Chromis,ternatensis,37372051,1,AD,Passing,,
SAV_GNU_CAM1_Left_2009_2.MP4,12082,41.9541,SAV_GNU_Transect 7,1.784,,10.968,12.415,4264.11,14.313,,,-736.079,771.028,-4128.721,SAV_GNU_2009,Peter,Pomacentridae,Chromis,ternatensis,37372051,1,AD,Passing,,
SAV_GNU_CAM1_Left_2009_2.MP4,12082,41.9541,SAV_GNU_Transect 7,1.784,,11.256,16.381,4325.777,13.509,,,-735.005,710.09,-4203.319,SAV_GNU_2009,Peter,Pomacentridae,Chromis,ternatensis,37372051,1,AD,Passing,,
SAV_GNU_CAM1_Left_2009_2.MP4,12082,41.9541,SAV_GNU_Transect 7,1.784,,11.131,18.948,4308.944,13.589,,,-776.639,666.07,-4185.711,SAV_GNU_2009,Peter,Pomacentridae,Chromis,ternatensis,37372051,1,AD,Passing,,
SAV_GNU_CAM1_Left_2009_2.MP4,12082,41.9541,SAV_GNU_Transect 7,1.784,,15.088,16.247,5019.183,15.235,,,-861.592,1017.862,-4838.782,SAV_GNU_2009,Peter,Pomacentridae,Chromis,ternatensis,37372051,1,AD,Passing,,
SAV_GNU_CAM1_Left_2009_2.MP4,12082,41.9541,SAV_GNU_Transect 7,1.784,,16.504,12.797,5269.299,17.343,,,-1034.071,1202.263,-5025.015,SAV_GNU_2009,Peter,Pomacentridae,Chromis,ternatensis,37372051,1,AD,Passing,,
SAV_GNU_CAM1_Left_2009_2.MP4,12082,41.9541,SAV_GNU_Transect 7,1.784,,12.569,11.542,4824.54,26.117,,,-1547.386,1471.828,-4326.143,SAV_GNU_2009,Peter,Pomacentridae,Chromis,ternatensis,37372051,1,AD,Passing,,
SAV_GNU_CAM1_Left_2009_2.MP4,12082,41.9541,SAV_GNU_Transect 7,1.784,,14.615,13.502,5121.887,24.568,,,-1460.972,1567.808,-4652.017,SAV_GNU_2009,Peter,Pomacentridae,Chromis,ternatensis,37372051,1,AD,Passing,,
SAV_GNU_CAM1_Left_2009_2.MP4,12082,41.9541,SAV_GNU_Transect 7,1.784,,16.093,8.812,5363.121,24.172,,,-1498.825,1624.432,-4886.493,SAV_GNU_2009,Peter,Pomacentridae,Chromis,ternatensis,37372051,1,AD,Passing,,
SAV_GNU_CAM1_Left_2009_2.MP4,12082,41.9541,SAV_GNU_Transect 7,1.784,,13.36,10.486,4859.304,23.24,,,-1351.489,1377.848,-4459.579,SAV_GNU_2009,Peter,Pomacentridae,Chromis,ternatensis,37372051,1,AD,Passing,,
SAV_GNU_CAM1_Left_2009_2.MP4,12082,41.9541,SAV_GNU_Transect 7,1.784,,14.095,14.097,4986.497,22.929,,,-1376.137,1389.487,-4587.016,SAV_GNU_2009,Peter,Pomacentridae,Chromis,ternatensis,37372051,1,AD,Passing,,
SAV_GNU_CAM1_Left_2009_2.MP4,12082,41.9541,SAV_GNU_Transect 7,1.784,,13.479,15.297,4919.595,23.821,,,-1470.821,1353.682,-4495.181,SAV_GNU_2009,Peter,Pomacentridae,Chromis,ternatensis,37372051,1,AD,Passing,,
SAV_GNU_CAM1_Left_2009_2.MP4,12082,41.9541,SAV_GNU_Transect 7,1.784,,18.257,17.428,5548.527,18.31,,,-1075.51,1392.58,-5262.143,SAV_GNU_2009,Peter,Pomacentridae,Chromis,ternatensis,37372051,1,AD,Passing,,
SAV_GNU_CAM1_Left_2009_2.MP4,12082,41.9541,SAV_GNU_Transect 7,1.784,,15.696,13.153,5134.635,12.244,,,-764.464,795.355,-5014.727,SAV_GNU_2009,Peter,Pomacentridae,Chromis,ternatensis,37372051,1,AD,Passing,,
SAV_GNU_CAM1_Left_2009_2.MP4,12082,41.9541,SAV_GNU_Transect 7,1.784,,4.864,9.936,2768.559,11.266,,,473.772,271.721,-2714.153,SAV_GNU_2009,Peter,Pomacentridae,Dascyllus,reticulatus,37372074,1,AD,Passing,,
SAV_GNU_CAM1_Left_2009_2.MP4,12082,41.9541,SAV_GNU_Transect 7,1.784,,7.464,9.431,3501.255,13.995,,,803.534,280.408,-3396.246,SAV_GNU_2009,Peter,Pomacentridae,Dascyllus,reticulatus,37372074,1,AD,Passing,,
SAV_GNU_CAM1_Left_2009_2.MP4,12082,41.9541,SAV_GNU_Transect 7,1.784,,7.033,9.391,3421.741,15.573,,,904.21,175.145,-3295.457,SAV_GNU_2009,Peter,Pomacentridae,Dascyllus,reticulatus,37372074,1,AD,Passing,,
SAV_GNU_CAM1_Left_2009_2.MP4,12082,41.9541,SAV_GNU_Transect 7,1.784,,6.256,13.921,3231.047,16.272,,,903.806,64.631,-3101.391,SAV_GNU_2009,Peter,Pomacentridae,Dascyllus,reticulatus,37372074,1,AD,Passing,,
SAV_GNU_CAM1_Left_2009_2.MP4,12182,42.0097,SAV_GNU_Transect 7,1.8396,380.708,18.79,12.191,5122.988,13.806,18.904,0.792,1036.934,647.554,-4974.983,SAV_GNU_2009,Peter,Tetraodontidae,Arothron,sp,,1,AD,Passing,,
SAV_GNU_CAM1_Left_2009_2.MP4,12238,42.0409,SAV_GNU_Transect 7,1.8708,99.556,4.479,15.124,1779.242,14.172,53.049,11.326,-435.289,-17.054,-1725.09,SAV_GNU_2009,Peter,Pomacentridae,Chromis,ternatensis,37372051,1,AD,Passing,measurement of point,frame 12082
SAV_GNU_CAM1_Left_2009_2.MP4,12238,42.0409,SAV_GNU_Transect 7,1.8708,60.118,2.777,5.379,1581.987,9.94,35.914,22.962,-270.49,37.588,-1558.238,SAV_GNU_2009,Peter,Pomacentridae,Chromis,ternatensis,37372051,1,AD,Passing,measurement of point,frame 12082
SAV_GNU_CAM1_Left_2009_2.MP4,12238,42.0409,SAV_GNU_Transect 7,1.8708,59.126,2.118,8.461,1556.906,8.425,23.474,22.368,-224.855,38.433,-1540.104,SAV_GNU_2009,Peter,Pomacentridae,Chromis,ternatensis,37372051,1,AD,Passing,measurement of point,frame 12082
SAV_GNU_CAM1_Left_2009_2.MP4,12238,42.0409,SAV_GNU_Transect 7,1.8708,51.856,4.078,6.346,1974.438,6.198,31.34,16.585,-191.36,-93.932,-1962.897,SAV_GNU_2009,Peter,Pomacentridae,Dascyllus,reticulatus,37372074,1,AD,Passing,measurement for frame,frame 12082
SAV_GNU_CAM1_Left_2009_2.MP4,12259,42.0526,SAV_GNU_Transect 7,1.8824,,1.278,6.767,1329.722,11.48,,,-211.267,-154.215,-1303.743,SAV_GNU_2009,Peter,Pomacentridae,Pomacentrus,moluccensis,37372118,1,AD,Passing,,
SAV_GNU_CAM1_Left_2009_2.MP4,12268,42.0576,SAV_GNU_Transect 7,1.8874,46.239,1.256,7.01,1155.188,8.246,26.889,27.979,37.144,-161.467,-1143.244,SAV_GNU_2009,Peter,Pomacentridae,Chromis,viridis,37372053,1,AD,Passing,,
SAV_GNU_CAM1_Left_2009_2.MP4,12268,42.0576,SAV_GNU_Transect 7,1.8874,45.259,1.457,6.689,1265.016,18.044,17.078,16.357,368.582,-132.957,-1202.803,SAV_GNU_2009,Peter,Pomacentridae,Chromis,viridis,37372053,1,AD,Passing,,
SAV_GNU_CAM1_Left_2009_2.MP4,12268,42.0576,SAV_GNU_Transect 7,1.8874,,1.707,8.425,1555.688,9.657,,,244.603,-84.866,-1533.992,SAV_GNU_2009,Peter,Pomacentridae,Chromis,viridis,37372053,1,AD,Passing,,
SAV_GNU_CAM1_Left_2009_2.MP4,12268,42.0576,SAV_GNU_Transect 7,1.8874,,1.748,8.211,1576.546,9.788,,,239.593,-113.943,-1554.063,SAV_GNU_2009,Peter,Pomacentridae,Chromis,viridis,37372053,1,AD,Passing,,
SAV_GNU_CAM1_Left_2009_2.MP4,12268,42.0576,SAV_GNU_Transect 7,1.8874,,1.792,4.754,1599.261,7.408,,,175.936,-101.269,-1586.325,SAV_GNU_2009,Peter,Pomacentridae,Chromis,viridis,37372053,1,AD,Passing,,
SAV_GNU_CAM1_Left_2009_2.MP4,12268,42.0576,SAV_GNU_Transect 7,1.8874,,6.85,6.416,3530.558,22.892,,,1356.494,-201.696,-3253.319,SAV_GNU_2009,Peter,Acanthuridae,Zebrasoma,scopas,37437036,1,AD,Passing,,
SAV_GNU_CAM1_Left_2009_2.MP4,12397,42.1293,SAV_GNU_Transect 7,1.9592,116.787,8.453,2.537,2565.513,27.405,83.969,2.219,1075.245,-488.108,-2277.598,SAV_GNU_2009,Peter,Acanthuridae,Zebrasoma,scopas,37437036,1,AD,Passing,,
SAV_GNU_CAM1_Left_2009_2.MP4,12694,42.2945,SAV_GNU_Transect 7,2.1243,175.229,5.548,6.929,2958.203,13.876,13.408,14.169,-703.087,-94.756,-2871.873,SAV_GNU_2009,Peter,Acanthuridae,Ctenochaetus,striatus,37437022,1,AD,Passing,,
SAV_GNU_CAM1_Left_2009_2.MP4,12766,42.3345,SAV_GNU_Transect 7,2.1644,211.405,4.601,14.713,3592.221,3.966,7.618,2.921,35.632,245.898,-3583.618,SAV_GNU_2009,Peter,Scaridae,Scarus,dimidiatus,37386013,1,AD,Passing,,
SAV_GNU_CAM1_Left_2009_2.MP4,12803,42.3551,SAV_GNU_Transect 7,2.185,168.698,7.267,17.8,2487.296,23.127,50.62,1.303,-831.833,-512.308,-2287.408,SAV_GNU_2009,Peter,Acanthuridae,Ctenochaetus,binotatus,37437021,1,AD,Passing,,
SAV_GNU_CAM1_Left_2009_2.MP4,12815,42.3618,SAV_GNU_Transect 7,2.1916,187.827,11.846,5.849,3156.528,10.916,70.376,48.298,-589.308,100.147,-3099.412,SAV_GNU_2009,Peter,Acanthuridae,Acanthurus,sp,,1,AD,Passing,,
SAV_GNU_CAM1_Left_2009_2.MP4,12815,42.3618,SAV_GNU_Transect 7,2.1916,77.97,4.44,14.727,2838.174,9.615,11.303,15.62,-471.036,-53.253,-2798.307,SAV_GNU_2009,Peter,Pomacentridae,Amblyglyphidodon,curacao,37372017,1,AD,Passing,,
SAV_GNU_CAM1_Left_2009_2.MP4,12815,42.3618,SAV_GNU_Transect 7,2.1916,,14.489,4.298,4975.554,8.046,,,-528.829,472.659,-4924.741,SAV_GNU_2009,Peter,Scaridae,Chlorurus,spilurus,temp_code_002,1,AD,Passing,,
SAV_GNU_CAM1_Left_2009_2.MP4,12815,42.3618,SAV_GNU_Transect 7,2.1916,,9.882,4.71,4131.725,16.736,,,1189.439,43.319,-3956.578,SAV_GNU_2009,Peter,Scaridae,Scarus,schlegeli,37386029,1,AD,Passing,,
SAV_GNU_CAM1_Left_2009_2.MP4,12832,42.3712,SAV_GNU_Transect 7,2.2011,145.758,5.019,6.283,2716.298,22.76,18.073,7.591,-747.532,-738.55,-2504.799,SAV_GNU_2009,Peter,Labridae,Bodianus,mesothorax,37384060,1,AD,Passing,,
SAV_GNU_CAM1_Left_2009_2.MP4,12842,42.3768,SAV_GNU_Transect 7,2.2066,,5.327,4.472,3337.926,30.929,,,-1456.093,918.565,-2859.682,SAV_GNU_2009,Peter,Pomacentridae,Chromis,sp,,1,AD,Passing,,
SAV_GNU_CAM1_Left_2009_2.MP4,12842,42.3768,SAV_GNU_Transect 7,2.2066,,6.56,6.534,3655.294,29.864,,,-1512.085,1025.657,-3165.88,SAV_GNU_2009,Peter,Pomacentridae,Chromis,sp,,1,AD,Passing,,
SAV_GNU_CAM1_Left_2009_2.MP4,12842,42.3768,SAV_GNU_Transect 7,2.2066,,6.965,0.691,3715.81,28.907,,,-1465.383,1051.606,-3248.696,SAV_GNU_2009,Peter,Pomacentridae,Chromis,sp,,1,AD,Passing,,
SAV_GNU_CAM1_Left_2009_2.MP4,12842,42.3768,SAV_GNU_Transect 7,2.2066,,5.088,1.054,3264.736,30.531,,,-1455.612,806.008,-2808.922,SAV_GNU_2009,Peter,Pomacentridae,Chromis,sp,,1,AD,Passing,,
SAV_GNU_CAM1_Left_2009_2.MP4,12842,42.3768,SAV_GNU_Transect 7,2.2066,,5.604,5.877,3397.896,29.836,,,-1472.848,841.514,-2944.192,SAV_GNU_2009,Peter,Pomacentridae,Chromis,sp,,1,AD,Passing,,
SAV_GNU_CAM1_Left_2009_2.MP4,12842,42.3768,SAV_GNU_Transect 7,2.2066,,5.677,2.329,3391.18,29.354,,,-1431.454,856.91,-2952.414,SAV_GNU_2009,Peter,Pomacentridae,Chromis,sp,,1,AD,Passing,,
SAV_GNU_CAM1_Left_2009_2.MP4,12842,42.3768,SAV_GNU_Transect 7,2.2066,,5.183,5.848,3209.27,28.855,,,-1327.48,808.992,-2807.623,SAV_GNU_2009,Peter,Pomacentridae,Chromis,sp,,1,AD,Passing,,
SAV_GNU_CAM1_Left_2009_2.MP4,12842,42.3768,SAV_GNU_Transect 7,2.2066,,5.554,0.452,3268.81,27.781,,,-1265.982,859.148,-2888.646,SAV_GNU_2009,Peter,Pomacentridae,Chromis,sp,,1,AD,Passing,,
SAV_GNU_CAM1_Left_2009_2.MP4,12842,42.3768,SAV_GNU_Transect 7,2.2066,,7.614,0.045,3799.415,27.021,,,-1375.756,1055.934,-3380.51,SAV_GNU_2009,Peter,Pomacentridae,Chromis,sp,,1,AD,Passing,,
SAV_GNU_CAM1_Left_2009_2.MP4,12842,42.3768,SAV_GNU_Transect 7,2.2066,,7.116,2.519,3653.698,27.027,,,-1283.643,1065.888,-3250.485,SAV_GNU_2009,Peter,Pomacentridae,Chromis,sp,,1,AD,Passing,,
SAV_GNU_CAM1_Left_2009_2.MP4,12842,42.3768,SAV_GNU_Transect 7,2.2066,,7.502,1.231,3705.936,26.034,,,-1214.364,1095.317,-3325.592,SAV_GNU_2009,Peter,Pomacentridae,Chromis,sp,,1,AD,Passing,,
SAV_GNU_CAM1_Left_2009_2.MP4,12842,42.3768,SAV_GNU_Transect 7,2.2066,,8.944,2.76,4002.87,24.797,,,-1204.592,1183.713,-3629.153,SAV_GNU_2009,Peter,Pomacentridae,Chromis,sp,,1,AD,Passing,,
SAV_GNU_CAM1_Left_2009_2.MP4,12842,42.3768,SAV_GNU_Transect 7,2.2066,,7.776,4.663,3709.838,24.946,,,-1052.818,1170.78,-3359.129,SAV_GNU_2009,Peter,Pomacentridae,Chromis,sp,,1,AD,Passing,,
SAV_GNU_CAM1_Left_2009_2.MP4,12842,42.3768,SAV_GNU_Transect 7,2.2066,,8.376,3.339,3829.577,23.567,,,-1074.527,1104.646,-3505.826,SAV_GNU_2009,Peter,Pomacentridae,Chromis,sp,,1,AD,Passing,,
SAV_GNU_CAM1_Left_2009_2.MP4,12842,42.3768,SAV_GNU_Transect 7,2.2066,,7.786,5.998,3663.91,22.465,,,-988.982,1004.364,-3381.923,SAV_GNU_2009,Peter,Pomacentridae,Chromis,sp,,1,AD,Passing,,
SAV_GNU_CAM1_Left_2009_2.MP4,12842,42.3768,SAV_GNU_Transect 7,2.2066,,8.202,0.875,3831.67,24.494,,,-1183.308,1073.736,-3482.61,SAV_GNU_2009,Peter,Pomacentridae,Chromis,sp,,1,AD,Passing,,
SAV_GNU_CAM1_Left_2009_2.MP4,12842,42.3768,SAV_GNU_Transect 7,2.2066,,7.672,0.251,3809.327,26.348,,,-1396.655,966.297,-3409.78,SAV_GNU_2009,Peter,Pomacentridae,Chromis,sp,,1,AD,Passing,,
SAV_GNU_CAM1_Left_2009_2.MP4,12842,42.3768,SAV_GNU_Transect 7,2.2066,,7.597,0.882,3727.807,25.033,,,-1263.015,958.372,-3373.85,SAV_GNU_2009,Peter,Pomacentridae,Chromis,sp,,1,AD,Passing,,
SAV_GNU_CAM1_Left_2009_2.MP4,12842,42.3768,SAV_GNU_Transect 7,2.2066,,7.328,0.758,3656.447,25.285,,,-1222.3,985.206,-3302.265,SAV_GNU_2009,Peter,Pomacentridae,Chromis,sp,,1,AD,Passing,,
SAV_GNU_CAM1_Left_2009_2.MP4,12842,42.3768,SAV_GNU_Transect 7,2.2066,,5.467,2.068,3199.076,26.604,,,-1184.716,816.87,-2857.142,SAV_GNU_2009,Peter,Pomacentridae,Chromis,sp,,1,AD,Passing,,
SAV_GNU_CAM1_Left_2009_2.MP4,12842,42.3768,SAV_GNU_Transect 7,2.2066,,6.175,4.732,3510.218,28.835,,,-1434.177,911.717,-3071.407,SAV_GNU_2009,Peter,Pomacentridae,Chromis,sp,,1,AD,Passing,,
SAV_GNU_CAM1_Left_2009_2.MP4,12842,42.3768,SAV_GNU_Transect 7,2.2066,,4.863,2.995,3104.959,28.643,,,-1297.193,740.58,-2722.059,SAV_GNU_2009,Peter,Pomacentridae,Chromis,sp,,1,AD,Passing,,
SAV_GNU_CAM1_Left_2009_2.MP4,12842,42.3768,SAV_GNU_Transect 7,2.2066,,4.634,2.895,3089.089,29.373,,,-1384.583,626.007,-2689.52,SAV_GNU_2009,Peter,Pomacentridae,Chromis,sp,,1,AD,Passing,,
SAV_GNU_CAM1_Left_2009_2.MP4,12842,42.3768,SAV_GNU_Transect 7,2.2066,,4.713,1.657,3041.613,27.716,,,-1274.748,624.018,-2690.172,SAV_GNU_2009,Peter,Pomacentridae,Chromis,sp,,1,AD,Passing,,
SAV_GNU_CAM1_Left_2009_2.MP4,12842,42.3768,SAV_GNU_Transect 7,2.2066,,4.677,0.029,2969.435,26.519,,,-1158.685,654.999,-2654.424,SAV_GNU_2009,Peter,Pomacentridae,Chromis,sp,,1,AD,Passing,,
SAV_GNU_CAM1_Left_2009_2.MP4,12842,42.3768,SAV_GNU_Transect 7,2.2066,,4.738,0.081,2940.134,25.158,,,-1072.356,652.671,-2658.658,SAV_GNU_2009,Peter,Pomacentridae,Chromis,sp,,1,AD,Passing,,
SAV_GNU_CAM1_Left_2009_2.MP4,12842,42.3768,SAV_GNU_Transect 7,2.2066,,4.487,0.32,2959.839,27.946,,,-1228.922,653.609,-2612.124,SAV_GNU_2009,Peter,Pomacentridae,Chromis,sp,,1,AD,Passing,,
SAV_GNU_CAM1_Left_2009_2.MP4,12917,42.4185,SAV_GNU_Transect 7,2.2484,202.491,9.287,4.205,2916.11,27.529,60.493,8.092,-1205.999,601.77,-2585.951,SAV_GNU_2009,Peter,Scaridae,Chlorurus,spilurus,temp_code_002,1,AD,Passing,,
SAV_GNU_CAM1_Left_2009_2.MP4,12958,42.4413,SAV_GNU_Transect 7,2.2712,53.792,4.028,6.936,1650.742,20.473,78.598,3.594,-574.374,-58.754,-1546.478,SAV_GNU_2009,Peter,Pomacentridae,Chromis,ternatensis,37372051,1,AD,Passing,measurement of point,frame 12842
SAV_GNU_CAM1_Left_2009_2.MP4,12958,42.4413,SAV_GNU_Transect 7,2.2712,44.06,2.564,8.118,1559.177,20.021,33.106,5.719,-521.036,-116.049,-1464.953,SAV_GNU_2009,Peter,Pomacentridae,Chromis,ternatensis,37372051,1,AD,Passing,measurement of point,frame 12842
SAV_GNU_CAM1_Left_2009_2.MP4,12958,42.4413,SAV_GNU_Transect 7,2.2712,61.941,4.495,8.91,1845.742,23.151,68.309,0.296,-725.141,27.298,-1697.112,SAV_GNU_2009,Peter,Pomacentridae,Chromis,viridis,37372053,1,AD,Passing,measurement of point,frame 12842
SAV_GNU_CAM1_Left_2009_2.MP4,12966,42.4457,SAV_GNU_Transect 7,2.2756,58.418,4.573,8.469,2332.175,21.957,22.815,3.364,-872.017,4.457,-2163.008,SAV_GNU_2009,Peter,Pomacentridae,Chromis,viridis,37372053,1,AD,Passing,measurement of point,frame 12842
SAV_GNU_CAM1_Left_2009_2.MP4,12987,42.4574,SAV_GNU_Transect 7,2.2873,230.048,14.409,3.719,3862.608,31.217,54.342,6.597,1795.682,-884.918,-3303.36,SAV_GNU_2009,Peter,Scaridae,Chlorurus,sp,,1,AD,Passing,,
SAV_GNU_CAM1_Left_2009_2.MP4,13000,42.4646,SAV_GNU_Transect 7,2.2945,130.81,8.346,3.613,3778.757,30.2,1.6,26.451,1719.263,-810.698,-3265.87,SAV_GNU_2009,Peter,Scaridae,Chlorurus,sp,,1,AD,Passing,,
SAV_GNU_CAM1_Left_2009_2.MP4,13005,42.4674,SAV_GNU_Transect 7,2.2973,71.945,1.749,7.418,1332.245,17.484,27.12,3.926,-312.132,-250.575,-1270.693,SAV_GNU_2009,Peter,Pomacentridae,Chromis,ternatensis,37372051,1,AD,Passing,measurement of point,frame 12842
SAV_GNU_CAM1_Left_2009_2.MP4,13025,42.4785,SAV_GNU_Transect 7,2.3084,248.518,18.674,15.595,5076.512,15.712,20.125,6.709,1020.18,-921.479,-4886.828,SAV_GNU_2009,Peter,Scaridae,Chlorurus,sp,,1,AD,Passing,,
SAV_GNU_CAM1_Left_2009_2.MP4,13025,42.4785,SAV_GNU_Transect 7,2.3084,175.727,16.581,9.992,4407.877,30.443,38.837,8.429,2156.344,-581.428,-3800.198,SAV_GNU_2009,Peter,Scaridae,Chlorurus,sp,,1,AD,Passing,,
SAV_GNU_CAM1_Left_2009_2.MP4,13025,42.4785,SAV_GNU_Transect 7,2.3084,213.609,20.728,8.969,4301.135,22.29,58.023,33.449,1436.5,-773.187,-3979.75,SAV_GNU_2009,Peter,Scaridae,Scarus,schlegeli,37386029,1,AD,Passing,,
SAV_GNU_CAM1_Left_2009_2.MP4,13027,42.4797,SAV_GNU_Transect 7,2.3095,40.568,2.211,5.887,1595.556,20.14,27.591,24.295,261.751,-482.995,-1497.999,SAV_GNU_2009,Peter,Pomacentridae,Chromis,ternatensis,37372051,1,AD,Passing,,
SAV_GNU_CAM1_Left_2009_2.MP4,13027,42.4797,SAV_GNU_Transect 7,2.3095,,1.618,0.745,1558.23,22.46,,,186.089,-559.768,-1442.259,SAV_GNU_2009,Peter,Pomacentridae,Pomacentrus,moluccensis,37372118,1,AD,Passing,,
SAV_GNU_CAM1_Left_2009_2.MP4,21510,47.1972,SAV_GNU_Transect 8,0.2658,148.223,13.16,19.047,3380.422,27.321,70.683,18.725,1517.17,-324.73,-3003.331,SAV_GNU_2009,Peter,Balistidae,Sufflamen,chrysopterum,37465079,1,AD,Passing,,
SAV_GNU_CAM1_Left_2009_2.MP4,21747,47.3289,SAV_GNU_Transect 8,0.3976,183.368,14.774,6.676,5269.902,14.042,10.139,1.17,-1180.992,490.073,-5112.431,SAV_GNU_2009,Peter,Acanthuridae,Ctenochaetus,striatus,37437022,1,AD,Passing,,
SAV_GNU_CAM1_Left_2009_2.MP4,21772,47.3429,SAV_GNU_Transect 8,0.4115,194.912,7.494,7.836,4955.695,14.751,0.995,3.394,665.044,1072.324,-4792.364,SAV_GNU_2009,Peter,Acanthuridae,Ctenochaetus,striatus,37437022,1,AD,Passing,,
SAV_GNU_CAM1_Left_2009_2.MP4,21786,47.3506,SAV_GNU_Transect 8,0.4193,198.893,8.367,12.35,3868.772,17.437,9.694,7.893,943.275,673.936,-3690.994,SAV_GNU_2009,Peter,Acanthuridae,Acanthurus,sp,,1,AD,Passing,,
SAV_GNU_CAM1_Left_2009_2.MP4,21786,47.3506,SAV_GNU_Transect 8,0.4193,143.261,10.391,14.333,4048.709,19.997,12.701,4.635,1184.395,717.06,-3804.613,SAV_GNU_2009,Peter,Acanthuridae,Acanthurus,sp,,1,AD,Passing,,
SAV_GNU_CAM1_Left_2009_2.MP4,21817,47.3679,SAV_GNU_Transect 8,0.4365,164.189,6.541,18.133,3906.899,11.515,6.119,13.834,648.998,432.479,-3828.266,SAV_GNU_2009,Peter,Acanthuridae,Acanthurus,sp,,1,AD,Passing,,
SAV_GNU_CAM1_Left_2009_2.MP4,21852,47.3873,SAV_GNU_Transect 8,0.456,186.198,10.61,3.416,3427.75,27.702,41.025,6.238,-1451.224,658.044,-3034.863,SAV_GNU_2009,Peter,Carangidae,Carangoides,orthogrammus,37337057,1,AD,Passing,,
SAV_GNU_CAM1_Left_2009_2.MP4,21950,47.4418,SAV_GNU_Transect 8,0.5105,152.139,3.123,10.551,2719.411,7.091,7.063,22.265,-274.481,-193.263,-2698.612,SAV_GNU_2009,Peter,Acanthuridae,Acanthurus,sp,,1,AD,Passing,,
SAV_GNU_CAM1_Left_2009_2.MP4,21950,47.4418,SAV_GNU_Transect 8,0.5105,,5.314,5.578,2955.63,11.587,,,-591.108,-43.651,-2895.589,SAV_GNU_2009,Peter,Pomacentridae,Chromis,margaritifer,37372047,1,AD,Passing,,
SAV_GNU_CAM1_Left_2009_2.MP4,21950,47.4418,SAV_GNU_Transect 8,0.5105,87.239,8.07,8.887,3433.636,27.182,11.451,17.204,1568.468,-15.378,-3054.428,SAV_GNU_2009,Peter,Nemipteridae,Scolopsis,bilineata,37347031,1,AD,Passing,,
SAV_GNU_CAM1_Left_2009_2.MP4,21984,47.4607,SAV_GNU_Transect 8,0.5294,68.364,5.613,8.887,3217.693,18.853,0.151,5.718,-912.205,-499.044,-3045.059,SAV_GNU_2009,Peter,Pomacanthidae,Centropyge,flavissima,37365026,1,AD,Passing,,
SAV_GNU_CAM1_Left_2009_2.MP4,21996,47.4674,SAV_GNU_Transect 8,0.5361,,3.518,5.754,2331.08,14.019,,,503.091,-247.466,-2262.652,SAV_GNU_2009,Peter,Pomacentridae,Pomacentrus,moluccensis,37372118,1,AD,Passing,,
SAV_GNU_CAM1_Left_2009_2.MP4,22000,47.4696,SAV_GNU_Transect 8,0.5383,53.053,4.081,4.911,2468.585,5.824,18.456,23.173,118.579,220.669,-2455.842,SAV_GNU_2009,Peter,Pomacentridae,Chromis,ternatensis,37372051,1,AD,Passing,,
SAV_GNU_CAM1_Left_2009_2.MP4,22000,47.4696,SAV_GNU_Transect 8,0.5383,50.964,2.926,4.09,2846.307,7.122,5.321,13.555,179.606,303.79,-2824.344,SAV_GNU_2009,Peter,Pomacentridae,Chromis,ternatensis,37372051,1,AD,Passing,,
SAV_GNU_CAM1_Left_2009_2.MP4,22000,47.4696,SAV_GNU_Transect 8,0.5383,39.35,2.974,4.393,2536.824,5.345,11.779,40.924,143.266,187.923,-2525.794,SAV_GNU_2009,Peter,Pomacentridae,Chromis,margaritifer,37372047,1,AD,Passing,,
SAV_GNU_CAM1_Left_2009_2.MP4,22000,47.4696,SAV_GNU_Transect 8,0.5383,,4.93,3.404,2791.552,8.078,,,207.254,344.032,-2762.508,SAV_GNU_2009,Peter,Pomacentridae,Chromis,ternatensis,37372051,1,AD,Passing,,
SAV_GNU_CAM1_Left_2009_2.MP4,22000,47.4696,SAV_GNU_Transect 8,0.5383,,4.384,2.9,2629.088,6.691,,,23.147,315.817,-2609.948,SAV_GNU_2009,Peter,Pomacentridae,Chromis,ternatensis,37372051,1,AD,Passing,,
SAV_GNU_CAM1_Left_2009_2.MP4,22000,47.4696,SAV_GNU_Transect 8,0.5383,,4.847,1.144,2782.925,5.355,,,20.034,269.925,-2769.731,SAV_GNU_2009,Peter,Pomacentridae,Chromis,ternatensis,37372051,1,AD,Passing,,
SAV_GNU_CAM1_Left_2009_2.MP4,22000,47.4696,SAV_GNU_Transect 8,0.5383,,5.31,1.564,2927.163,5.189,,,-38.626,273.438,-2914.107,SAV_GNU_2009,Peter,Pomacentridae,Chromis,ternatensis,37372051,1,AD,Passing,,
SAV_GNU_CAM1_Left_2009_2.MP4,22000,47.4696,SAV_GNU_Transect 8,0.5383,,5.536,2.931,2994.882,5.319,,,-89.528,274.641,-2980.919,SAV_GNU_2009,Peter,Pomacentridae,Chromis,ternatensis,37372051,1,AD,Passing,,
SAV_GNU_CAM1_Left_2009_2.MP4,22000,47.4696,SAV_GNU_Transect 8,0.5383,,4.411,5.03,2646.279,7.765,,,-299.097,206.264,-2621.219,SAV_GNU_2009,Peter,Pomacentridae,Chromis,ternatensis,37372051,1,AD,Passing,,
SAV_GNU_CAM1_Left_2009_2.MP4,22000,47.4696,SAV_GNU_Transect 8,0.5383,,4.719,3.371,2722.761,9.748,,,377.81,274.82,-2682.38,SAV_GNU_2009,Peter,Pomacentridae,Chromis,ternatensis,37372051,1,AD,Passing,,
SAV_GNU_CAM1_Left_2009_2.MP4,22000,47.4696,SAV_GNU_Transect 8,0.5383,,4.66,3.989,2709.542,9.8,,,420.987,198.865,-2669.24,SAV_GNU_2009,Peter,Pomacentridae,Chromis,ternatensis,37372051,1,AD,Passing,,
SAV_GNU_CAM1_Left_2009_2.MP4,22000,47.4696,SAV_GNU_Transect 8,0.5383,,4.431,1.58,2638.78,11.009,,,475.177,178.06,-2589.529,SAV_GNU_2009,Peter,Pomacentridae,Chromis,ternatensis,37372051,1,AD,Passing,,
SAV_GNU_CAM1_Left_2009_2.MP4,22000,47.4696,SAV_GNU_Transect 8,0.5383,,4.776,2.769,2777.874,15.927,,,738.692,198.772,-2670.469,SAV_GNU_2009,Peter,Pomacentridae,Chromis,ternatensis,37372051,1,AD,Passing,,
SAV_GNU_CAM1_Left_2009_2.MP4,22000,47.4696,SAV_GNU_Transect 8,0.5383,,6.012,6.643,3149.517,17.477,,,890.639,330.395,-3002.842,SAV_GNU_2009,Peter,Pomacentridae,Chromis,ternatensis,37372051,1,AD,Passing,,
SAV_GNU_CAM1_Left_2009_2.MP4,22000,47.4696,SAV_GNU_Transect 8,0.5383,,6.39,6.705,3260.811,17.753,,,944.46,323.036,-3104.276,SAV_GNU_2009,Peter,Pomacentridae,Chromis,ternatensis,37372051,1,AD,Passing,,
SAV_GNU_CAM1_Left_2009_2.MP4,22000,47.4696,SAV_GNU_Transect 8,0.5383,,6.891,6.304,3379.955,16.869,,,926.704,334.073,-3233.22,SAV_GNU_2009,Peter,Pomacentridae,Chromis,ternatensis,37372051,1,AD,Passing,,
SAV_GNU_CAM1_Left_2009_2.MP4,22000,47.4696,SAV_GNU_Transect 8,0.5383,,6.59,2.938,3282.929,15.376,,,815.794,316.154,-3164.198,SAV_GNU_2009,Peter,Pomacentridae,Chromis,ternatensis,37372051,1,AD,Passing,,
SAV_GNU_CAM1_Left_2009_2.MP4,22000,47.4696,SAV_GNU_Transect 8,0.5383,,6.373,6.048,3277.435,18.357,,,1002.68,257.385,-3109.657,SAV_GNU_2009,Peter,Pomacentridae,Chromis,ternatensis,37372051,1,AD,Passing,,
SAV_GNU_CAM1_Left_2009_2.MP4,22000,47.4696,SAV_GNU_Transect 8,0.5383,,9.003,0.976,4005.063,19.897,,,1363.007,1.421,-3765.998,SAV_GNU_2009,Peter,Pomacentridae,Chromis,ternatensis,37372051,1,AD,Passing,,
SAV_GNU_CAM1_Left_2009_2.MP4,22000,47.4696,SAV_GNU_Transect 8,0.5383,,5.201,7.439,2995.855,20.786,,,1054.162,149.218,-2800.29,SAV_GNU_2009,Peter,Pomacentridae,Chromis,ternatensis,37372051,1,AD,Passing,,
SAV_GNU_CAM1_Left_2009_2.MP4,22000,47.4696,SAV_GNU_Transect 8,0.5383,,4.319,14.292,2705.382,20.669,,,946.073,139.832,-2530.709,SAV_GNU_2009,Peter,Pomacentridae,Chromis,ternatensis,37372051,1,AD,Passing,,
SAV_GNU_CAM1_Left_2009_2.MP4,22000,47.4696,SAV_GNU_Transect 8,0.5383,,5.669,3.771,3124.126,20.275,,,1069.129,181.938,-2929.851,SAV_GNU_2009,Peter,Pomacentridae,Chromis,ternatensis,37372051,1,AD,Passing,,
SAV_GNU_CAM1_Left_2009_2.MP4,22000,47.4696,SAV_GNU_Transect 8,0.5383,,6.346,5.943,3174.548,13.996,,,553.397,544.444,-3078.163,SAV_GNU_2009,Peter,Pomacentridae,Chromis,ternatensis,37372051,1,AD,Passing,,
SAV_GNU_CAM1_Left_2009_2.MP4,22000,47.4696,SAV_GNU_Transect 8,0.5383,,4.416,6.167,2937.361,28.127,,,1360.264,269.598,-2589.419,SAV_GNU_2009,Peter,Pomacentridae,Chromis,ternatensis,37372051,1,AD,Passing,,
SAV_GNU_CAM1_Left_2009_2.MP4,22000,47.4696,SAV_GNU_Transect 8,0.5383,,4.534,5.179,2966.638,27.506,,,1357.309,197.325,-2630.536,SAV_GNU_2009,Peter,Pomacentridae,Chromis,ternatensis,37372051,1,AD,Passing,,
SAV_GNU_CAM1_Left_2009_2.MP4,22000,47.4696,SAV_GNU_Transect 8,0.5383,,4.723,6.963,3060.624,28.136,,,1433.119,181.692,-2698.254,SAV_GNU_2009,Peter,Pomacentridae,Chromis,ternatensis,37372051,1,AD,Passing,,
SAV_GNU_CAM1_Left_2009_2.MP4,22000,47.4696,SAV_GNU_Transect 8,0.5383,,5.932,5.154,3380.017,26.543,,,1482.705,299.947,-3022.603,SAV_GNU_2009,Peter,Pomacentridae,Chromis,ternatensis,37372051,1,AD,Passing,,
SAV_GNU_CAM1_Left_2009_2.MP4,22000,47.4696,SAV_GNU_Transect 8,0.5383,,5.163,9.304,3138.379,27.052,,,1379.105,379.017,-2793.536,SAV_GNU_2009,Peter,Pomacentridae,Chromis,ternatensis,37372051,1,AD,Passing,,
SAV_GNU_CAM1_Left_2009_2.MP4,22000,47.4696,SAV_GNU_Transect 8,0.5383,,4.997,5.872,2983.469,23.059,,,1155.844,182.785,-2744.394,SAV_GNU_2009,Peter,Pomacentridae,Chromis,ternatensis,37372051,1,AD,Passing,,
SAV_GNU_CAM1_Left_2009_2.MP4,22000,47.4696,SAV_GNU_Transect 8,0.5383,,6.178,8.43,3343.804,23.631,,,1303.001,326.269,-3062.15,SAV_GNU_2009,Peter,Pomacentridae,Chromis,ternatensis,37372051,1,AD,Passing,,
SAV_GNU_CAM1_Left_2009_2.MP4,22000,47.4696,SAV_GNU_Transect 8,0.5383,,5.314,18.413,3163.009,25.239,,,1348.28,44.997,-2860.898,SAV_GNU_2009,Peter,Pomacentridae,Chromis,ternatensis,37372051,1,AD,Passing,,
SAV_GNU_CAM1_Left_2009_2.MP4,22038,47.4908,SAV_GNU_Transect 8,0.5594,,2.232,5.03,1910.195,24.66,,,732.434,-307.329,-1737.22,SAV_GNU_2009,Peter,Pomacentridae,Pomacentrus,moluccensis,37372118,1,AD,Passing,,
SAV_GNU_CAM1_Left_2009_2.MP4,22074,47.5108,SAV_GNU_Transect 8,0.5795,35.127,2.612,1.238,1377.999,24.866,81.716,16.157,429.809,-388.605,-1250.253,SAV_GNU_2009,Peter,Pomacentridae,Pomacentrus,moluccensis,37372118,1,AD,Passing,,
SAV_GNU_CAM1_Left_2009_2.MP4,22084,47.5164,SAV_GNU_Transect 8,0.585,23.812,2.292,7.718,1500.545,19.032,32.165,7.073,292.286,-392.44,-1418.518,SAV_GNU_2009,Peter,Pomacentridae,Pomacentrus,moluccensis,37372118,1,AD,Passing,,
SAV_GNU_CAM1_Left_2009_2.MP4,22115,47.5336,SAV_GNU_Transect 8,0.6023,72.42,1.557,5.757,1446.315,6.372,15.792,10.815,-119.011,-107.718,-1437.38,SAV_GNU_2009,Peter,Acanthuridae,Zebrasoma,scopas,37437036,1,AD,Passing,,
SAV_GNU_CAM1_Left_2009_2.MP4,22189,47.5747,SAV_GNU_Transect 8,0.6434,134.052,2.58,7.139,1426.956,20.763,71.811,36.976,409.406,-297.136,-1334.279,SAV_GNU_2009,Peter,Labridae,Labroides,bicolor,37384130,1,AD,Passing,,
SAV_GNU_CAM1_Left_2009_2.MP4,22215,47.5892,SAV_GNU_Transect 8,0.6579,43.97,4.106,9.707,2799.837,21.996,9.678,45.197,-900.356,-537.662,-2596.029,SAV_GNU_2009,Peter,Pomacentridae,Dascyllus,reticulatus,37372074,1,AD,Passing,,
SAV_GNU_CAM1_Left_2009_2.MP4,22215,47.5892,SAV_GNU_Transect 8,0.6579,,5.55,11.8,2998.097,16.106,,,-583.398,-581.379,-2882.747,SAV_GNU_2009,Peter,Pomacentridae,Dascyllus,reticulatus,37372074,1,AD,Passing,,
SAV_GNU_CAM1_Left_2009_2.MP4,22215,47.5892,SAV_GNU_Transect 8,0.6579,,5.262,8.972,2947.586,20.27,,,-693.835,-738.286,-2767.994,SAV_GNU_2009,Peter,Pomacentridae,Dascyllus,reticulatus,37372074,1,AD,Passing,,
SAV_GNU_CAM1_Left_2009_2.MP4,22215,47.5892,SAV_GNU_Transect 8,0.6579,,5.179,6.137,2895.989,17.5,,,-591.269,-628.375,-2764.471,SAV_GNU_2009,Peter,Pomacentridae,Dascyllus,reticulatus,37372074,1,AD,Passing,,
SAV_GNU_CAM1_Left_2009_2.MP4,22284,47.6276,SAV_GNU_Transect 8,0.6963,42.68,3.575,13.784,2137.396,25.545,27.009,20.094,-611.257,-689.842,-1928.457,SAV_GNU_2009,Peter,Pomacentridae,Dascyllus,reticulatus,37372074,1,AD,Passing,,
SAV_GNU_CAM1_Left_2009_2.MP4,22430,47.7088,SAV_GNU_Transect 8,0.7774,68.606,6.511,13.883,2481.196,19.404,36.856,4.653,-824.303,-2.309,-2340.268,SAV_GNU_2009,Peter,Pomacentridae,Dascyllus,reticulatus,37372074,1,AD,Passing,,
SAV_GNU_CAM1_Left_2009_2.MP4,22430,47.7088,SAV_GNU_Transect 8,0.7774,,3.26,9.272,2357.779,20.658,,,-807.027,-192.684,-2206.967,SAV_GNU_2009,Peter,Pomacentridae,Dascyllus,reticulatus,37372074,1,AD,Passing,,
SAV_GNU_CAM1_Left_2009_2.MP4,22430,47.7088,SAV_GNU_Transect 8,0.7774,,5.04,13.825,3040.413,23.078,,,-1128.822,-371.16,-2798.591,SAV_GNU_2009,Peter,Pomacentridae,Dascyllus,reticulatus,37372074,1,AD,Passing,,
SAV_GNU_CAM1_Left_2009_2.MP4,22430,47.7088,SAV_GNU_Transect 8,0.7774,,3.644,9.83,2415.216,13.369,,,-557.399,43.823,-2349.608,SAV_GNU_2009,Peter,Pomacentridae,Dascyllus,reticulatus,37372074,1,AD,Passing,,
SAV_GNU_CAM1_Left_2009_2.MP4,22430,47.7088,SAV_GNU_Transect 8,0.7774,,5.682,11.974,3041.18,5.307,,,-182.675,225.873,-3027.274,SAV_GNU_2009,Peter,Pomacentridae,Dascyllus,reticulatus,37372074,1,AD,Passing,,
SAV_GNU_CAM1_Left_2009_2.MP4,22430,47.7088,SAV_GNU_Transect 8,0.7774,,7.211,17.348,3453.274,5.326,,,-18.111,333.652,-3437.07,SAV_GNU_2009,Peter,Pomacentridae,Dascyllus,reticulatus,37372074,1,AD,Passing,,
SAV_GNU_CAM1_Left_2009_2.MP4,22430,47.7088,SAV_GNU_Transect 8,0.7774,,6.073,12.561,3143.183,6.032,,,312.304,119.911,-3125.33,SAV_GNU_2009,Peter,Pomacentridae,Dascyllus,reticulatus,37372074,1,AD,Passing,,
SAV_GNU_CAM1_Left_2009_2.MP4,22430,47.7088,SAV_GNU_Transect 8,0.7774,,5.057,14.052,2838.813,6.502,,,207.715,256.546,-2819.557,SAV_GNU_2009,Peter,Pomacentridae,Dascyllus,reticulatus,37372074,1,AD,Passing,,
SAV_GNU_CAM1_Left_2009_2.MP4,22430,47.7088,SAV_GNU_Transect 8,0.7774,,4.857,9.617,2780.57,8.115,,,392.13,28.521,-2752.634,SAV_GNU_2009,Peter,Pomacentridae,Dascyllus,reticulatus,37372074,1,AD,Passing,,
SAV_GNU_CAM1_Left_2009_2.MP4,22430,47.7088,SAV_GNU_Transect 8,0.7774,,4.633,10.526,2705.601,9.663,,,423.82,-152.58,-2667.841,SAV_GNU_2009,Peter,Pomacentridae,Dascyllus,reticulatus,37372074,1,AD,Passing,,
SAV_GNU_CAM1_Left_2009_2.MP4,22466,47.7288,SAV_GNU_Transect 8,0.7975,162.191,4.759,3.088,2670.973,7.255,18.325,24.556,-328.407,-76.884,-2649.591,SAV_GNU_2009,Peter,Acanthuridae,Ctenochaetus,striatus,37437022,1,AD,Passing,,
SAV_GNU_CAM1_Left_2009_2.MP4,22505,47.7505,SAV_GNU_Transect 8,0.8192,,2.411,5.282,2033.955,27.306,,,826.718,-425.415,-1809.015,SAV_GNU_2009,Peter,Pomacentridae,Pomacentrus,coelestis,37372111,1,AD,Passing,,
SAV_GNU_CAM1_Left_2009_2.MP4,22505,47.7505,SAV_GNU_Transect 8,0.8192,,3.273,8.624,2381.489,24.541,,,950.456,-265.322,-2167.424,SAV_GNU_2009,Peter,Pomacentridae,Pomacentrus,coelestis,37372111,1,AD,Passing,,
SAV_GNU_CAM1_Left_2009_2.MP4,22577,47.7905,SAV_GNU_Transect 8,0.8592,48.866,0.862,5.838,951.944,11.839,19.215,27.098,185.798,-60.209,-931.692,SAV_GNU_2009,Peter,Pomacentridae,Dascyllus,reticulatus,37372074,1,AD,Passing,measurement of point,frame 22430
SAV_GNU_CAM1_Left_2009_2.MP4,22577,47.7905,SAV_GNU_Transect 8,0.8592,42.31,1.006,6.368,1269.256,4.019,3.916,28.267,-64.668,61.087,-1266.135,SAV_GNU_2009,Peter,Pomacentridae,Dascyllus,reticulatus,37372074,1,AD,Passing,measurement of point,frame 22430
SAV_GNU_CAM1_Left_2009_2.MP4,22845,47.9396,SAV_GNU_Transect 8,1.0082,,9.012,3.196,4435.852,27.354,,,-2037.076,-53.464,-3940.082,SAV_GNU_2009,Peter,Scaridae,Chlorurus,sp,,1,AD,Passing,,
SAV_GNU_CAM1_Left_2009_2.MP4,22942,47.9935,SAV_GNU_Transect 8,1.0622,90.507,4.318,4.422,2188.717,8.549,32.021,36.879,-236.126,-223.856,-2164.397,SAV_GNU_2009,Peter,Chaetodontidae,Chaetodon,lunulatus,37365059,1,AD,Passing,,
SAV_GNU_CAM1_Left_2009_2.MP4,22952,47.9991,SAV_GNU_Transect 8,1.0677,221.585,10.295,7.942,2380.811,7.636,68.193,11.075,90.984,-302.978,-2359.7,SAV_GNU_2009,Peter,Acanthuridae,Acanthurus,sp,,1,AD,Passing,,
SAV_GNU_CAM1_Left_2009_2.MP4,22952,47.9991,SAV_GNU_Transect 8,1.0677,65.944,2.559,1.178,1919.618,16.199,14.69,4.227,-388.878,-368.199,-1843.404,SAV_GNU_2009,Peter,Chaetodontidae,Chaetodon,pelewensis,37365049,1,AD,Passing,,
SAV_GNU_CAM1_Left_2009_2.MP4,22952,47.9991,SAV_GNU_Transect 8,1.0677,121.241,9.135,1.508,2522.054,5.978,45.813,7.466,-89.441,-246.97,-2508.338,SAV_GNU_2009,Peter,Scaridae,Chlorurus,sp,,1,AD,Passing,,
SAV_GNU_CAM1_Left_2009_2.MP4,22952,47.9991,SAV_GNU_Transect 8,1.0677,91.262,6.866,1.381,2169.631,10.318,48.784,7.684,345.517,-177.831,-2134.548,SAV_GNU_2009,Peter,Scaridae,Chlorurus,spilurus,temp_code_002,1,AD,Passing,,
SAV_GNU_CAM1_Left_2009_2.MP4,22952,47.9991,SAV_GNU_Transect 8,1.0677,37.04,1.904,2.96,1353.657,17.954,31.719,1.677,-296.181,-293.918,-1287.741,SAV_GNU_2009,Peter,Pomacentridae,Dascyllus,reticulatus,37372074,1,AD,Passing,,
SAV_GNU_CAM1_Left_2009_2.MP4,22952,47.9991,SAV_GNU_Transect 8,1.0677,22.716,1.154,5.775,1243.231,21.169,4.402,12.438,-300.097,-333.934,-1159.333,SAV_GNU_2009,Peter,Pomacentridae,Dascyllus,reticulatus,37372074,1,AD,Passing,,
SAV_GNU_CAM1_Left_2009_2.MP4,22952,47.9991,SAV_GNU_Transect 8,1.0677,,1.267,0.052,1339.801,17.092,,,-228.667,-315.498,-1281.888,SAV_GNU_2009,Peter,Pomacentridae,Dascyllus,reticulatus,37372074,1,AD,Passing,,
SAV_GNU_CAM1_Left_2009_2.MP4,22952,47.9991,SAV_GNU_Transect 8,1.0677,,3.589,0.248,2539.568,23.178,,,-964.287,-253.918,-2335.612,SAV_GNU_2009,Peter,Pomacentridae,Dascyllus,reticulatus,37372074,1,AD,Passing,,
SAV_GNU_CAM1_Left_2009_2.MP4,22952,47.9991,SAV_GNU_Transect 8,1.0677,,2.787,5.59,2171.764,22.438,,,-756.47,-331.004,-2008.669,SAV_GNU_2009,Peter,Pomacentridae,Dascyllus,reticulatus,37372074,1,AD,Passing,,
SAV_GNU_CAM1_Left_2009_2.MP4,22952,47.9991,SAV_GNU_Transect 8,1.0677,,1.172,3.326,1297.324,19.543,,,-139.751,-405.997,-1224.208,SAV_GNU_2009,Peter,Pomacentridae,Dascyllus,reticulatus,37372074,1,AD,Passing,,
SAV_GNU_CAM1_Left_2009_2.MP4,22952,47.9991,SAV_GNU_Transect 8,1.0677,67.355,1.973,1.683,2031.361,12.375,2.478,3.181,-271.154,-340.582,-1984.164,SAV_GNU_2009,Peter,Cirrhitidae,Paracirrhites,arcatus,37374009,1,AD,Passing,,
SAV_GNU_CAM1_Left_2009_2.MP4,22952,47.9991,SAV_GNU_Transect 8,1.0677,37.48,1.228,3.23,1348.8,20.014,10.721,36.769,-117.934,-446.299,-1267.348,SAV_GNU_2009,Peter,Cirrhitidae,Paracirrhites,arcatus,37374009,1,AD,Passing,,
SAV_GNU_CAM1_Left_2009_2.MP4,22952,47.9991,SAV_GNU_Transect 8,1.0677,50.976,2.083,1.499,2267.996,9.836,2.916,10.648,-194.109,-335.323,-2234.656,SAV_GNU_2009,Peter,Acanthuridae,Zebrasoma,scopas,37437036,1,AD,Passing,,
SAV_GNU_CAM1_Left_2009_2.MP4,23010,48.0313,SAV_GNU_Transect 8,1.1,48.991,0.862,9.761,895.907,13.339,32.768,21.906,-112.447,-173.436,-871.737,SAV_GNU_2009,Peter,Pomacentridae,Chromis,margaritifer,37372047,1,AD,Passing,,
SAV_GNU_CAM1_Left_2009_2.MP4,23010,48.0313,SAV_GNU_Transect 8,1.1,34.065,1.471,11.132,1101.693,16.378,39.244,11.577,-303.884,64.43,-1056.991,SAV_GNU_2009,Peter,Labridae,Labroides,dimidiatus,37384028,1,AD,Passing,,
SAV_GNU_CAM1_Left_2009_2.MP4,23030,48.0424,SAV_GNU_Transect 8,1.1111,41.666,0.985,3.96,1076.017,12.752,4.788,9.342,-234.475,-37.881,-1049.475,SAV_GNU_2009,Peter,Pomacentridae,Chromis,ternatensis,37372051,1,AD,Passing,,
SAV_GNU_CAM1_Left_2009_2.MP4,23030,48.0424,SAV_GNU_Transect 8,1.1111,37.264,1.33,5.12,1246.55,15.977,10.183,12.582,-338.346,57.055,-1198.396,SAV_GNU_2009,Peter,Pomacentridae,Chromis,ternatensis,37372051,1,AD,Passing,,
SAV_GNU_CAM1_Left_2009_2.MP4,23030,48.0424,SAV_GNU_Transect 8,1.1111,38.432,1.891,3.29,1232.407,10.688,38.935,6.283,-227.918,17.28,-1211.025,SAV_GNU_2009,Peter,Pomacentridae,Chromis,ternatensis,37372051,1,AD,Passing,,
SAV_GNU_CAM1_Left_2009_2.MP4,23030,48.0424,SAV_GNU_Transect 8,1.1111,77.822,1.922,7.482,1181.772,15.612,53.397,12.477,-174.134,-266.137,-1138.171,SAV_GNU_2009,Peter,Labridae,Labropsis,australis,37384132,1,AD,Passing,,
SAV_GNU_CAM1_Left_2009_2.MP4,23030,48.0424,SAV_GNU_Transect 8,1.1111,38.881,0.731,5.209,974.159,12.22,4.344,22.894,108.43,-175.393,-952.085,SAV_GNU_2009,Peter,Pomacentridae,Pomacentrus,coelestis,37372111,1,AD,Passing,,
SAV_GNU_CAM1_Left_2009_2.MP4,23074,48.0669,SAV_GNU_Transect 8,1.1356,64.357,0.795,8.513,1071.322,17.872,10.699,0.401,-65.078,-322.277,-1019.624,SAV_GNU_2009,Peter,Labridae,Labroides,dimidiatus,37384028,1,AD,Passing,,
SAV_GNU_CAM1_Left_2009_2.MP4,23083,48.0719,SAV_GNU_Transect 8,1.1406,179.629,8.425,14.566,3307.192,20.202,20.404,6.658,-1139.997,69.017,-3103.733,SAV_GNU_2009,Peter,Acanthuridae,Acanthurus,sp,,1,AD,Passing,,
SAV_GNU_CAM1_Left_2009_2.MP4,23083,48.0719,SAV_GNU_Transect 8,1.1406,215.069,10.417,13.162,2790.783,22.691,81.994,16.918,-1076.162,30.193,-2574.768,SAV_GNU_2009,Peter,Acanthuridae,Ctenochaetus,striatus,37437022,1,AD,Passing,,
SAV_GNU_CAM1_Left_2009_2.MP4,23104,48.0836,SAV_GNU_Transect 8,1.1523,133.342,12.94,14.552,3425.738,27.13,73.345,19.167,-1505.878,415.512,-3048.829,SAV_GNU_2009,Peter,Pomacentridae,Chromis,xanthura,37372057,1,AD,Passing,,
SAV_GNU_CAM1_Left_2009_2.MP4,23125,48.0953,SAV_GNU_Transect 8,1.1639,116.364,4.033,6.997,1747.605,25.729,72.297,2.711,-511.183,-560.58,-1574.346,SAV_GNU_2009,Peter,Chaetodontidae,Chaetodon,lunulatus,37365059,1,AD,Passing,,
SAV_GNU_CAM1_Left_2009_2.MP4,23125,48.0953,SAV_GNU_Transect 8,1.1639,94.965,2.419,3.282,1566.329,18.363,33.619,18.966,-142.424,-472.437,-1486.575,SAV_GNU_2009,Peter,Scaridae,Chlorurus,spilurus,temp_code_002,1,AD,Passing,,
SAV_GNU_CAM1_Left_2009_2.MP4,23125,48.0953,SAV_GNU_Transect 8,1.1639,146.511,5.398,5.239,2079.701,23.147,54.798,2.408,-586.947,-569.06,-1912.282,SAV_GNU_2009,Peter,Scaridae,Chlorurus,spilurus,temp_code_002,1,AD,Passing,,
SAV_GNU_CAM1_Left_2009_2.MP4,23125,48.0953,SAV_GNU_Transect 8,1.1639,45.679,1.959,0.515,1414.803,15.193,34.939,34.918,-20.724,-370.19,-1365.356,SAV_GNU_2009,Peter,Pomacentridae,Chromis,ternatensis,37372051,1,AD,Passing,,
SAV_GNU_CAM1_Left_2009_2.MP4,23142,48.1047,SAV_GNU_Transect 8,1.1734,120.24,2.163,7.299,1706.104,17.957,21.055,4.685,109.14,-514.56,-1622.993,SAV_GNU_2009,Peter,Serranidae,Cephalopholis,urodeta,37311142,1,AD,Passing,,
SAV_GNU_CAM1_Left_2009_2.MP4,23190,48.1314,SAV_GNU_Transect 8,1.2001,38.816,3.804,0.901,1748.532,15.723,58.495,37.043,457.397,-123.673,-1683.109,SAV_GNU_2009,Peter,Pomacentridae,Pomacentrus,moluccensis,37372118,1,AD,Passing,,
SAV_GNU_CAM1_Left_2009_2.MP4,23243,48.1609,SAV_GNU_Transect 8,1.2296,171.665,6.862,8.479,2306.804,21.074,63.374,18.811,-829.473,-0.835,-2152.514,SAV_GNU_2009,Peter,Acanthuridae,Ctenochaetus,striatus,37437022,1,AD,Passing,,
SAV_GNU_CAM1_Left_2009_2.MP4,23243,48.1609,SAV_GNU_Transect 8,1.2296,137.191,8.88,9.124,2366.889,13.193,61.215,3.302,-534.169,80.528,-2304.418,SAV_GNU_2009,Peter,Mullidae,Parupeneus,multifasciatus,37355026,1,AD,Passing,,
SAV_GNU_CAM1_Left_2009_2.MP4,23302,48.1937,SAV_GNU_Transect 8,1.2624,46.992,2.959,8.765,1541.673,23.889,53.845,8.608,581.825,226.428,-1409.597,SAV_GNU_2009,Peter,Pomacentridae,Chromis,viridis,37372053,1,AD,Passing,,
SAV_GNU_CAM1_Left_2009_2.MP4,23422,48.2604,SAV_GNU_Transect 8,1.3291,33.862,3.104,6.444,1442.139,20.373,81.295,20.067,390.019,-316.121,-1351.931,SAV_GNU_2009,Peter,Pomacentridae,Pomacentrus,moluccensis,37372118,1,AD,Passing,,
SAV_GNU_CAM1_Left_2009_2.MP4,23466,48.2849,SAV_GNU_Transect 8,1.3536,44.797,1.047,5.173,1070.804,14.445,13.048,0.295,250.879,-91.698,-1036.953,SAV_GNU_2009,Peter,Pomacentridae,Chromis,viridis,37372053,1,AD,Passing,,
SAV_GNU_CAM1_Left_2009_2.MP4,23466,48.2849,SAV_GNU_Transect 8,1.3536,46.947,1.022,0.508,916.328,15.829,43.26,16.995,164.293,-188.355,-881.582,SAV_GNU_2009,Peter,Pomacentridae,Chromis,viridis,37372053,1,AD,Passing,,
SAV_GNU_CAM1_Left_2009_2.MP4,23466,48.2849,SAV_GNU_Transect 8,1.3536,39.64,1.398,2.687,942.811,16.046,86.828,12.577,216.096,-145.66,-906.078,SAV_GNU_2009,Peter,Pomacentridae,Chromis,viridis,37372053,1,AD,Passing,,
SAV_GNU_CAM1_Left_2009_2.MP4,23466,48.2849,SAV_GNU_Transect 8,1.3536,27.75,1.342,7.584,1057.237,13.542,37.535,3.848,-203.401,-141.12,-1027.844,SAV_GNU_2009,Peter,Pomacentridae,Dascyllus,reticulatus,37372074,1,AD,Passing,,
SAV_GNU_CAM1_Left_2009_2.MP4,23466,48.2849,SAV_GNU_Transect 8,1.3536,21.886,0.807,1.862,1020.347,11.307,11.428,6.899,89.014,-179.169,-1000.541,SAV_GNU_2009,Peter,Pomacentridae,Plectroglyphidodon,dickii,37372098,1,AD,Passing,,
SAV_GNU_CAM1_Left_2009_2.MP4,23466,48.2849,SAV_GNU_Transect 8,1.3536,,1.1,0.457,1224.517,16.665,,,270.774,-218.958,-1173.959,SAV_GNU_2009,Peter,Pomacentridae,Plectroglyphidodon,dickii,37372098,1,AD,Passing,,
SAV_GNU_CAM1_Left_2009_2.MP4,23466,48.2849,SAV_GNU_Transect 8,1.3536,185.434,9.016,8.875,3428.137,22.025,17.675,2.867,1283.212,-78.297,-3177.949,SAV_GNU_2009,Peter,Scaridae,Scarus,dimidiatus,37386013,1,AD,Passing,,
SAV_GNU_CAM1_Left_2009_2.MP4,23466,48.2849,SAV_GNU_Transect 8,1.3536,116.946,3.558,7.448,1812.804,12.426,31.721,8.949,377.218,-99.334,-1770.338,SAV_GNU_2009,Peter,Nemipteridae,Scolopsis,bilineata,37347031,1,AD,Passing,,
SAV_GNU_CAM1_Left_2009_2.MP4,23487,48.2966,SAV_GNU_Transect 8,1.3653,120.349,7.802,9.803,2237.902,9.998,55.177,6.097,-387.467,-28.847,-2203.915,SAV_GNU_2009,Peter,Pomacanthidae,Centropyge,flavissima,37365026,1,AD,Passing,,
SAV_GNU_CAM1_Left_2009_2.MP4,23487,48.2966,SAV_GNU_Transect 8,1.3653,282.523,14.09,15.399,3398.711,24.457,77.502,27.858,1381.99,264.544,-3093.761,SAV_GNU_2009,Peter,Scaridae,Chlorurus,spilurus,temp_code_002,1,AD,Passing,,
SAV_GNU_CAM1_Left_2009_2.MP4,23487,48.2966,SAV_GNU_Transect 8,1.3653,34.897,1.75,7.611,1613.166,16.621,12.895,14.635,265.875,-377.116,-1545.768,SAV_GNU_2009,Peter,Pomacentridae,Pomacentrus,moluccensis,37372118,1,AD,Passing,,
SAV_GNU_CAM1_Left_2009_2.MP4,23515,48.3122,SAV_GNU_Transect 8,1.3808,111.307,5.857,8.92,1990.267,13.885,55.547,7.847,-445.633,-171.803,-1932.112,SAV_GNU_2009,Peter,Acanthuridae,Zebrasoma,scopas,37437036,1,AD,Passing,,
SAV_GNU_CAM1_Left_2009_2.MP4,23515,48.3122,SAV_GNU_Transect 8,1.3808,96.071,3.43,10.814,2194.519,15.062,22.831,38.655,-533.504,-201.466,-2119.127,SAV_GNU_2009,Peter,Acanthuridae,Zebrasoma,scopas,37437036,1,AD,Passing,,
SAV_GNU_CAM1_Left_2009_2.MP4,23532,48.3216,SAV_GNU_Transect 8,1.3903,45.916,3.711,0.969,2122.653,26.263,24.881,1.413,-854.664,389.594,-1903.529,SAV_GNU_2009,Peter,Pomacentridae,Chromis,ternatensis,37372051,1,AD,Passing,,
SAV_GNU_CAM1_Left_2009_2.MP4,23532,48.3216,SAV_GNU_Transect 8,1.3903,57.622,4.669,7.173,2123.121,22.784,84.658,45.756,-741.445,355.304,-1957.463,SAV_GNU_2009,Peter,Pomacentridae,Chromis,ternatensis,37372051,1,AD,Passing,,
SAV_GNU_CAM1_Left_2009_2.MP4,23532,48.3216,SAV_GNU_Transect 8,1.3903,59.668,3.498,16.136,2039.314,22.393,38.763,40.412,-721.356,288.454,-1885.535,SAV_GNU_2009,Peter,Pomacentridae,Chromis,ternatensis,37372051,1,AD,Passing,,
SAV_GNU_CAM1_Left_2009_2.MP4,23532,48.3216,SAV_GNU_Transect 8,1.3903,84.873,5.959,7.067,2128.902,18.89,71.9,31.335,-633.097,272.468,-2014.242,SAV_GNU_2009,Peter,Pomacentridae,Chromis,ternatensis,37372051,1,AD,Passing,,
SAV_GNU_CAM1_Left_2009_2.MP4,23532,48.3216,SAV_GNU_Transect 8,1.3903,55.854,3.933,1.69,1946.466,20.805,52.591,37.45,-639.852,261.857,-1819.546,SAV_GNU_2009,Peter,Pomacentridae,Chromis,ternatensis,37372051,1,AD,Passing,,
SAV_GNU_CAM1_Left_2009_2.MP4,23532,48.3216,SAV_GNU_Transect 8,1.3903,58.598,4.589,6.743,2047.508,21.418,60.109,36.391,-692.186,282.717,-1906.105,SAV_GNU_2009,Peter,Pomacentridae,Chromis,ternatensis,37372051,1,AD,Passing,,
SAV_GNU_CAM1_Left_2009_2.MP4,23532,48.3216,SAV_GNU_Transect 8,1.3903,,3.404,7.848,2288.126,11.922,,,-285.676,385.471,-2237.258,SAV_GNU_2009,Peter,Pomacentridae,Chromis,ternatensis,37372051,1,AD,Passing,,
SAV_GNU_CAM1_Left_2009_2.MP4,23560,48.3372,SAV_GNU_Transect 8,1.4058,64.347,1.985,3.332,2253.704,6.261,0.21,43.756,-56.309,239.24,-2240.263,SAV_GNU_2009,Peter,Chaetodontidae,Chaetodon,baronessa,37365034,1,AD,Passing,,
SAV_GNU_CAM1_Left_2009_2.MP4,23560,48.3372,SAV_GNU_Transect 8,1.4058,57.556,3.757,4.558,2633.17,8.441,13.046,3.046,-136.595,361.588,-2604.646,SAV_GNU_2009,Peter,Chaetodontidae,Chaetodon,baronessa,37365034,1,AD,Passing,,
SAV_GNU_CAM1_Left_2009_2.MP4,23560,48.3372,SAV_GNU_Transect 8,1.4058,81.945,5.182,6.354,2096.064,27.199,67.381,16.589,898.612,332.253,-1864.293,SAV_GNU_2009,Peter,Pomacentridae,Chromis,viridis,37372053,1,AD,Passing,,
SAV_GNU_CAM1_Left_2009_2.MP4,23560,48.3372,SAV_GNU_Transect 8,1.4058,76.866,5.586,5.189,2031.847,23.727,79.445,18.765,776.806,254.962,-1860.099,SAV_GNU_2009,Peter,Pomacentridae,Chromis,viridis,37372053,1,AD,Passing,,
SAV_GNU_CAM1_Left_2009_2.MP4,23560,48.3372,SAV_GNU_Transect 8,1.4058,59.897,5.679,3.597,2224.878,15.425,37.581,5.522,308.45,505.025,-2144.736,SAV_GNU_2009,Peter,Pomacentridae,Chromis,ternatensis,37372051,1,AD,Passing,,
SAV_GNU_CAM1_Left_2009_2.MP4,23560,48.3372,SAV_GNU_Transect 8,1.4058,,3.121,2.734,2264.763,23.562,,,770.664,483.293,-2074.044,SAV_GNU_2009,Peter,Pomacentridae,Chromis,viridis,37372053,1,AD,Passing,,
SAV_GNU_CAM1_Left_2009_2.MP4,23560,48.3372,SAV_GNU_Transect 8,1.4058,,3.66,0.897,2413.708,21.322,,,643.539,605.687,-2246.105,SAV_GNU_2009,Peter,Pomacentridae,Chromis,viridis,37372053,1,AD,Passing,,
SAV_GNU_CAM1_Left_2009_2.MP4,23560,48.3372,SAV_GNU_Transect 8,1.4058,,3.452,6.286,2303.66,17.443,,,451.578,531.137,-2195.637,SAV_GNU_2009,Peter,Pomacentridae,Chromis,viridis,37372053,1,AD,Passing,,
SAV_GNU_CAM1_Left_2009_2.MP4,23560,48.3372,SAV_GNU_Transect 8,1.4058,,4.621,6.714,2735.952,22.655,,,671.107,822.539,-2521.602,SAV_GNU_2009,Peter,Pomacentridae,Chromis,viridis,37372053,1,AD,Passing,,
SAV_GNU_CAM1_Left_2009_2.MP4,23560,48.3372,SAV_GNU_Transect 8,1.4058,,3.997,1.472,2515.224,21.336,,,493.577,779.907,-2339.761,SAV_GNU_2009,Peter,Pomacentridae,Chromis,viridis,37372053,1,AD,Passing,,
SAV_GNU_CAM1_Left_2009_2.MP4,23560,48.3372,SAV_GNU_Transect 8,1.4058,,2.572,0.771,1978.547,17.065,,,530.085,244.394,-1890.484,SAV_GNU_2009,Peter,Pomacentridae,Chromis,ternatensis,37372051,1,AD,Passing,measurement from frame 23576,
SAV_GNU_CAM1_Left_2009_2.MP4,23560,48.3372,SAV_GNU_Transect 8,1.4058,,3.063,1.935,2160.338,9.459,,,-222.173,285.376,-2129.85,SAV_GNU_2009,Peter,Pomacentridae,Chromis,ternatensis,37372051,1,AD,Passing,measurement from frame 23576,
SAV_GNU_CAM1_Left_2009_2.MP4,23560,48.3372,SAV_GNU_Transect 8,1.4058,,4.62,1.544,2698.119,15.52,,,-244.558,689.552,-2597.028,SAV_GNU_2009,Peter,Pomacentridae,Chromis,ternatensis,37372051,1,AD,Passing,measurement from frame 23576,
SAV_GNU_CAM1_Left_2009_2.MP4,23560,48.3372,SAV_GNU_Transect 8,1.4058,,5.13,7.8,2860.369,17.04,,,-36.043,848.273,-2731.455,SAV_GNU_2009,Peter,Pomacentridae,Chromis,ternatensis,37372051,1,AD,Passing,measurement from frame 23576,
SAV_GNU_CAM1_Left_2009_2.MP4,23560,48.3372,SAV_GNU_Transect 8,1.4058,,3.854,5.678,2454.092,16.493,,,-98.092,699.094,-2350.364,SAV_GNU_2009,Peter,Pomacentridae,Chromis,ternatensis,37372051,1,AD,Passing,measurement from frame 23576,
SAV_GNU_CAM1_Left_2009_2.MP4,23560,48.3372,SAV_GNU_Transect 8,1.4058,,3.892,4.853,2458.637,13.908,,,-83.356,594.521,-2384.217,SAV_GNU_2009,Peter,Pomacentridae,Chromis,ternatensis,37372051,1,AD,Passing,measurement from frame 23576,
SAV_GNU_CAM1_Left_2009_2.MP4,23560,48.3372,SAV_GNU_Transect 8,1.4058,,4.444,4.211,2652.251,18.389,,,129.156,836.641,-2513.521,SAV_GNU_2009,Peter,Pomacentridae,Chromis,ternatensis,37372051,1,AD,Passing,measurement from frame 23576,
SAV_GNU_CAM1_Left_2009_2.MP4,23560,48.3372,SAV_GNU_Transect 8,1.4058,,4.074,1.011,2522.148,17.916,,,238.71,747.74,-2396.901,SAV_GNU_2009,Peter,Pomacentridae,Chromis,ternatensis,37372051,1,AD,Passing,measurement from frame 23576,
SAV_GNU_CAM1_Left_2009_2.MP4,23560,48.3372,SAV_GNU_Transect 8,1.4058,,5.362,7.891,2941.166,19.93,,,148.987,1002.406,-2761.058,SAV_GNU_2009,Peter,Pomacentridae,Chromis,ternatensis,37372051,1,AD,Passing,measurement from frame 23576,
SAV_GNU_CAM1_Left_2009_2.MP4,23560,48.3372,SAV_GNU_Transect 8,1.4058,,4.511,4.179,2680.315,20.749,,,305.923,908.867,-2502.89,SAV_GNU_2009,Peter,Pomacentridae,Chromis,ternatensis,37372051,1,AD,Passing,measurement from frame 23576,
SAV_GNU_CAM1_Left_2009_2.MP4,23560,48.3372,SAV_GNU_Transect 8,1.4058,,6.631,6.512,3297.13,22.579,,,439.434,1199.313,-3039.673,SAV_GNU_2009,Peter,Pomacentridae,Chromis,ternatensis,37372051,1,AD,Passing,measurement from frame 23576,
SAV_GNU_CAM1_Left_2009_2.MP4,23560,48.3372,SAV_GNU_Transect 8,1.4058,,5.731,2.959,3042.341,21.759,,,510.666,1016.736,-2821.578,SAV_GNU_2009,Peter,Pomacentridae,Chromis,ternatensis,37372051,1,AD,Passing,measurement from frame 23576,
SAV_GNU_CAM1_Left_2009_2.MP4,23560,48.3372,SAV_GNU_Transect 8,1.4058,,4.314,8.146,2724.312,26.146,,,925.308,774.511,-2442.502,SAV_GNU_2009,Peter,Pomacentridae,Chromis,ternatensis,37372051,1,AD,Passing,measurement from frame 23576,
SAV_GNU_CAM1_Left_2009_2.MP4,23560,48.3372,SAV_GNU_Transect 8,1.4058,,3.536,9.407,2457.082,25.99,,,870.457,642.483,-2206.076,SAV_GNU_2009,Peter,Pomacentridae,Chromis,ternatensis,37372051,1,AD,Passing,measurement from frame 23576,
SAV_GNU_CAM1_Left_2009_2.MP4,23560,48.3372,SAV_GNU_Transect 8,1.4058,,6.225,4.368,3224.587,24.928,,,729.933,1158.043,-2919.605,SAV_GNU_2009,Peter,Pomacentridae,Chromis,ternatensis,37372051,1,AD,Passing,measurement from frame 23576,
SAV_GNU_CAM1_Left_2009_2.MP4,23560,48.3372,SAV_GNU_Transect 8,1.4058,49.744,4.586,5.394,3256.439,20.089,6.606,30.982,166.454,1106.056,-3058.321,SAV_GNU_2009,Peter,Pomacentridae,Dascyllus,reticulatus,37372074,1,AD,Passing,,
SAV_GNU_CAM1_Left_2009_2.MP4,23560,48.3372,SAV_GNU_Transect 8,1.4058,,3.826,2.747,2473.715,21.012,,,686.384,570.943,-2306.983,SAV_GNU_2009,Peter,Pomacentridae,Dascyllus,reticulatus,37372074,1,AD,Passing,,
SAV_GNU_CAM1_Left_2009_2.MP4,23560,48.3372,SAV_GNU_Transect 8,1.4058,,4.477,3.267,2765.908,24.312,,,969.67,607.028,-2518.234,SAV_GNU_2009,Peter,Pomacentridae,Dascyllus,reticulatus,37372074,1,AD,Passing,,
SAV_GNU_CAM1_Left_2009_2.MP4,23560,48.3372,SAV_GNU_Transect 8,1.4058,,8.256,6.028,3693.675,23.025,,,719.842,1266.093,-3394.418,SAV_GNU_2009,Peter,Pomacentridae,Dascyllus,reticulatus,37372074,1,AD,Passing,,
SAV_GNU_CAM1_Left_2009_2.MP4,23560,48.3372,SAV_GNU_Transect 8,1.4058,,6.455,3.726,3267.668,23.898,,,708.277,1130.163,-2983.074,SAV_GNU_2009,Peter,Pomacentridae,Dascyllus,reticulatus,37372074,1,AD,Passing,,
SAV_GNU_CAM1_Left_2009_2.MP4,23560,48.3372,SAV_GNU_Transect 8,1.4058,,8.509,12.093,3817.239,25.669,,,1010.435,1322.495,-3435.308,SAV_GNU_2009,Peter,Pomacentridae,Dascyllus,reticulatus,37372074,1,AD,Passing,,
SAV_GNU_CAM1_Left_2009_2.MP4,23560,48.3372,SAV_GNU_Transect 8,1.4058,,8.465,0.77,3729.655,21.22,,,399.063,1303.382,-3471.638,SAV_GNU_2009,Peter,Pomacentridae,Dascyllus,reticulatus,37372074,1,AD,Passing,,
SAV_GNU_CAM1_Left_2009_2.MP4,23560,48.3372,SAV_GNU_Transect 8,1.4058,,6.531,2.52,3244.726,20.701,,,531.266,1028.558,-3031.183,SAV_GNU_2009,Peter,Pomacentridae,Dascyllus,reticulatus,37372074,1,AD,Passing,,
SAV_GNU_CAM1_Left_2009_2.MP4,23560,48.3372,SAV_GNU_Transect 8,1.4058,,9.588,0.99,3966.493,21.514,,,694.532,1292.714,-3685.048,SAV_GNU_2009,Peter,Pomacentridae,Dascyllus,reticulatus,37372074,1,AD,Passing,,
SAV_GNU_CAM1_Left_2009_2.MP4,23576,48.3461,SAV_GNU_Transect 8,1.4147,56.342,3.687,4.659,1808.808,21.637,45.393,22.708,560.963,360.734,-1681.362,SAV_GNU_2009,Peter,Pomacentridae,Chromis,ternatensis,37372051,1,AD,Passing,measurement of point,
SAV_GNU_CAM1_Left_2009_2.MP4,23576,48.3461,SAV_GNU_Transect 8,1.4147,44.828,2.516,8.48,1886.202,25.329,1.968,16.968,701.514,398.785,-1704.877,SAV_GNU_2009,Peter,Pomacentridae,Chromis,ternatensis,37372051,1,AD,Passing,measurement of point,
SAV_GNU_CAM1_Left_2009_2.MP4,23576,48.3461,SAV_GNU_Transect 8,1.4147,131.982,8.959,16.637,2688.471,15.113,43.86,10.168,-697.597,68.548,-2595.484,SAV_GNU_2009,Peter,Chaetodontidae,Heniochus,varius,37365078,1,AD,Passing,,
SAV_GNU_CAM1_Left_2009_2.MP4,23732,48.4328,SAV_GNU_Transect 8,1.5015,113.039,7.69,6.118,2721.356,23.237,46.097,27.641,-607.604,-885.225,-2500.595,SAV_GNU_2009,Peter,Acanthuridae,Zebrasoma,scopas,37437036,1,AD,Passing,,
SAV_GNU_CAM1_Left_2009_2.MP4,23768,48.4528,SAV_GNU_Transect 8,1.5215,76.019,3.723,5.157,2236.252,6.933,19.382,1.016,111.645,-245.757,-2219.901,SAV_GNU_2009,Peter,Pomacentridae,Amblyglyphidodon,curacao,37372017,1,AD,Passing,,
SAV_GNU_CAM1_Left_2009_2.MP4,23768,48.4528,SAV_GNU_Transect 8,1.5215,154.904,4.686,7.594,2589.54,10.145,17.68,16.84,408.747,-202.461,-2549.05,SAV_GNU_2009,Peter,Acanthuridae,Ctenochaetus,striatus,37437022,1,AD,Passing,,
SAV_GNU_CAM1_Left_2009_2.MP4,23828,48.4862,SAV_GNU_Transect 8,1.5549,198.981,6.255,2.576,2941.089,15.066,17.944,17.756,726.237,-238.763,-2839.996,SAV_GNU_2009,Peter,Scaridae,Chlorurus,sp,,1,AD,Passing,,
SAV_GNU_CAM1_Left_2009_2.MP4,23828,48.4862,SAV_GNU_Transect 8,1.5549,68.567,4.377,6.425,1894.702,12.226,39.258,11.895,280.293,-287.099,-1851.73,SAV_GNU_2009,Peter,Pomacentridae,Dascyllus,reticulatus,37372074,1,AD,Passing,,
SAV_GNU_CAM1_Left_2009_2.MP4,23848,48.4973,SAV_GNU_Transect 8,1.566,,8.77,6.083,3852.081,20.579,,,-925.643,1002.468,-3602.329,SAV_GNU_2009,Peter,Pomacentridae,Chromis,weberi,37372054,1,AD,Passing,,
SAV_GNU_CAM1_Left_2009_2.MP4,23848,48.4973,SAV_GNU_Transect 8,1.566,48.905,2.482,1.88,1764.604,18.69,19.275,25.743,507.339,-249.705,-1671.551,SAV_GNU_2009,Peter,Pomacentridae,Dascyllus,reticulatus,37372074,1,AD,Passing,,
SAV_GNU_CAM1_Left_2009_2.MP4,23848,48.4973,SAV_GNU_Transect 8,1.566,,10.257,3.08,4283.749,24.907,,,-1237.952,1327.697,-3880.103,SAV_GNU_2009,Peter,Pomacentridae,Pomacentrus,philippinus,37372123,1,AD,Passing,,
SAV_GNU_CAM1_Left_2009_2.MP4,23848,48.4973,SAV_GNU_Transect 8,1.566,,5.563,1.076,3428.881,30.811,,,-1528.657,876.467,-2941.468,SAV_GNU_2009,Peter,Acanthuridae,Zebrasoma,scopas,37437036,1,AD,Passing,,
SAV_GNU_CAM1_Left_2009_2.MP4,23912,48.5329,SAV_GNU_Transect 8,1.6016,69.08,4.233,5.376,2512.574,17.368,11.406,11.081,702.165,263.662,-2398.015,SAV_GNU_2009,Peter,Pomacentridae,Chromis,ternatensis,37372051,1,AD,Passing,,
SAV_GNU_CAM1_Left_2009_2.MP4,23912,48.5329,SAV_GNU_Transect 8,1.6016,,4.571,3.871,2800.117,23.683,,,1003.806,517.56,-2562.257,SAV_GNU_2009,Peter,Pomacentridae,Chromis,ternatensis,37372051,1,AD,Passing,,
SAV_GNU_CAM1_Left_2009_2.MP4,23912,48.5329,SAV_GNU_Transect 8,1.6016,,3.148,9.658,2395.214,26.994,,,1052.695,280.11,-2133.172,SAV_GNU_2009,Peter,Pomacentridae,Dascyllus,reticulatus,37372074,1,AD,Passing,,
SAV_GNU_CAM1_Left_2009_2.MP4,23912,48.5329,SAV_GNU_Transect 8,1.6016,,4.626,7.491,2892.868,25.805,,,1174.078,465.657,-2602.574,SAV_GNU_2009,Peter,Pomacentridae,Dascyllus,reticulatus,37372074,1,AD,Passing,,
SAV_GNU_CAM1_Left_2009_2.MP4,23912,48.5329,SAV_GNU_Transect 8,1.6016,,4.747,6.241,3017.272,28.249,,,1342.413,497.667,-2655.972,SAV_GNU_2009,Peter,Pomacentridae,Dascyllus,reticulatus,37372074,1,AD,Passing,,
SAV_GNU_CAM1_Left_2009_2.MP4,23912,48.5329,SAV_GNU_Transect 8,1.6016,,6.119,12.616,3377.593,27.061,,,1390.192,666.47,-3005.215,SAV_GNU_2009,Peter,Pomacentridae,Dascyllus,reticulatus,37372074,1,AD,Passing,,
SAV_GNU_CAM1_Left_2009_2.MP4,23912,48.5329,SAV_GNU_Transect 8,1.6016,,7.289,0.205,3443.322,17.212,,,843.927,583.983,-3286.825,SAV_GNU_2009,Peter,Pomacentridae,Dascyllus,reticulatus,37372074,1,AD,Passing,,
SAV_GNU_CAM1_Left_2009_2.MP4,23912,48.5329,SAV_GNU_Transect 8,1.6016,60.892,5.516,7.361,2613.681,25.672,20.12,0.945,1111.326,216.82,-2355.689,SAV_GNU_2009,Peter,Pomacentridae,Pomacentrus,moluccensis,37372118,1,AD,Passing,,
SAV_GNU_CAM1_Left_2009_2.MP4,23912,48.5329,SAV_GNU_Transect 8,1.6016,109.802,4.74,7.641,2230.725,19.865,28.901,14.539,756.811,-42.684,-2097.987,SAV_GNU_2009,Peter,Acanthuridae,Zebrasoma,scopas,37437036,1,AD,Passing,,
SAV_GNU_CAM1_Left_2009_2.MP4,23992,48.5774,SAV_GNU_Transect 8,1.6461,196.165,5.237,4.491,2187.433,17.185,37.522,12.317,-43.657,-644.808,-2089.78,SAV_GNU_2009,Peter,Lutjanidae,Lutjanus,fulvus,37346043,1,AD,Passing,,
SAV_GNU_CAM1_Left_2009_2.MP4,24045,48.6069,SAV_GNU_Transect 8,1.6756,,6.045,0.777,3348.86,22.107,,,-1236.719,255.026,-3101.669,SAV_GNU_2009,Peter,Chaetodontidae,Chaetodon,lunulatus,37365059,1,AD,Passing,,
SAV_GNU_CAM1_Left_2009_2.MP4,24102,48.6386,SAV_GNU_Transect 8,1.7073,78.901,6.162,12.583,2054.868,21.472,70.305,3.182,740.556,-131.622,-1912.259,SAV_GNU_2009,Peter,Pomacentridae,Chromis,ternatensis,37372051,1,AD,Passing,,
SAV_GNU_CAM1_Left_2009_2.MP4,24102,48.6386,SAV_GNU_Transect 8,1.7073,,3.849,9.93,2503.271,18.098,,,775.296,-50.761,-2379.644,SAV_GNU_2009,Peter,Pomacentridae,Chromis,ternatensis,37372051,1,AD,Passing,,
SAV_GNU_CAM1_Left_2009_2.MP4,24102,48.6386,SAV_GNU_Transect 8,1.7073,,3.845,13.663,2547.471,21.041,,,910.514,96.346,-2377.244,SAV_GNU_2009,Peter,Pomacentridae,Chromis,viridis,37372053,1,AD,Passing,,
SAV_GNU_CAM1_Left_2009_2.MP4,24102,48.6386,SAV_GNU_Transect 8,1.7073,,3.399,12.251,2320.768,16.864,,,664.078,-102.007,-2221.386,SAV_GNU_2009,Peter,Pomacentridae,Chromis,viridis,37372053,1,AD,Passing,,
SAV_GNU_CAM1_Left_2009_2.MP4,24102,48.6386,SAV_GNU_Transect 8,1.7073,,5.191,11.603,2884.075,12.831,,,621.532,165.753,-2811.426,SAV_GNU_2009,Peter,Pomacentridae,Chromis,viridis,37372053,1,AD,Passing,,
SAV_GNU_CAM1_Left_2009_2.MP4,24102,48.6386,SAV_GNU_Transect 8,1.7073,,3.871,12.338,2471.723,4.047,,,-154.976,-70.274,-2465.859,SAV_GNU_2009,Peter,Pomacentridae,Chromis,weberi,37372054,1,AD,Passing,,
SAV_GNU_CAM1_Left_2009_2.MP4,24102,48.6386,SAV_GNU_Transect 8,1.7073,,7.899,18.524,3631.822,4.672,,,269.336,136.657,-3619.242,SAV_GNU_2009,Peter,Acanthuridae,Ctenochaetus,striatus,37437022,1,AD,Passing,,
SAV_GNU_CAM1_Left_2009_2.MP4,24102,48.6386,SAV_GNU_Transect 8,1.7073,168.727,14.798,16.117,3199.072,4.048,45.043,2.382,-62.482,-216.996,-3191.092,SAV_GNU_2009,Peter,Lethrinidae,Monotaxis,grandoculis,37351026,1,AD,Passing,,
SAV_GNU_CAM1_Left_2009_2.MP4,24102,48.6386,SAV_GNU_Transect 8,1.7073,170.138,12.954,19.966,4336.392,2.446,19.119,9.26,-184.106,18.828,-4332.441,SAV_GNU_2009,Peter,Lethrinidae,Monotaxis,grandoculis,37351026,1,AD,Passing,,
SAV_GNU_CAM1_Left_2009_2.MP4,24102,48.6386,SAV_GNU_Transect 8,1.7073,,12.599,14.458,4584.45,8.6,,,408.396,568.597,-4530.683,SAV_GNU_2009,Peter,Lethrinidae,Monotaxis,grandoculis,37351026,1,AD,Passing,,
SAV_GNU_CAM1_Left_2009_2.MP4,24102,48.6386,SAV_GNU_Transect 8,1.7073,134.866,8.142,17.666,4255.715,6.769,9.757,0.628,-499.582,44.865,-4226.052,SAV_GNU_2009,Peter,Nemipteridae,Scolopsis,bilineata,37347031,1,AD,Passing,,
SAV_GNU_CAM1_Left_2009_2.MP4,24102,48.6386,SAV_GNU_Transect 8,1.7073,125.244,7.609,17.9,3569.049,20.127,4.861,16.388,1180.4,-338.982,-3351.099,SAV_GNU_2009,Peter,Nemipteridae,Scolopsis,bilineata,37347031,1,AD,Passing,,
SAV_GNU_CAM1_Left_2009_2.MP4,24167,48.6747,SAV_GNU_Transect 8,1.7434,,12.002,13.369,4563.461,4.249,,,-293.698,185.485,-4550.221,SAV_GNU_2009,Peter,Chaetodontidae,Chaetodon,rafflesii,37365052,1,AD,Passing,,
SAV_GNU_CAM1_Left_2009_2.MP4,24167,48.6747,SAV_GNU_Transect 8,1.7434,238.192,17.515,7.782,4301.524,30.126,71.444,25.504,-1970.5,882.181,-3720.482,SAV_GNU_2009,Peter,Scaridae,Chlorurus,sp,,1,AD,Passing,,
SAV_GNU_CAM1_Left_2009_2.MP4,24167,48.6747,SAV_GNU_Transect 8,1.7434,192.844,11.707,11.562,4265.712,26.827,8.987,2.955,-1909.709,243.173,-3806.596,SAV_GNU_2009,Peter,Mullidae,Parupeneus,crassilabris,37355023,1,AD,Passing,,
SAV_GNU_CAM1_Left_2009_2.MP4,24167,48.6747,SAV_GNU_Transect 8,1.7434,220.075,21.162,13.803,4043.103,22.879,66.747,4.823,-1570.947,55.655,-3725.012,SAV_GNU_2009,Peter,Mullidae,Parupeneus,crassilabris,37355023,1,AD,Passing,,
SAV_GNU_CAM1_Left_2009_2.MP4,24249,48.7203,SAV_GNU_Transect 8,1.789,,7.272,2.742,3809.611,28.608,,,-1538.612,993.101,-3340.592,SAV_GNU_2009,Peter,Pomacentridae,Chromis,ternatensis,37372051,1,AD,Passing,,
SAV_GNU_CAM1_Left_2009_2.MP4,24249,48.7203,SAV_GNU_Transect 8,1.789,,7.977,1.397,3954.416,27.935,,,-1536.244,1049.173,-3489.498,SAV_GNU_2009,Peter,Pomacentridae,Chromis,ternatensis,37372051,1,AD,Passing,,
SAV_GNU_CAM1_Left_2009_2.MP4,24249,48.7203,SAV_GNU_Transect 8,1.789,,8.228,4.332,4083.341,29.45,,,-1651.296,1155.887,-3551.172,SAV_GNU_2009,Peter,Pomacentridae,Chromis,ternatensis,37372051,1,AD,Passing,,
SAV_GNU_CAM1_Left_2009_2.MP4,24249,48.7203,SAV_GNU_Transect 8,1.789,,11.643,5.094,4563.611,24.378,,,-1328.582,1351.717,-4151.419,SAV_GNU_2009,Peter,Pomacentridae,Chromis,ternatensis,37372051,1,AD,Passing,,
SAV_GNU_CAM1_Left_2009_2.MP4,24249,48.7203,SAV_GNU_Transect 8,1.789,,10.844,0.744,4397.299,24.542,,,-1257.146,1340.865,-3994.734,SAV_GNU_2009,Peter,Pomacentridae,Chromis,ternatensis,37372051,1,AD,Passing,,
SAV_GNU_CAM1_Left_2009_2.MP4,24322,48.7609,SAV_GNU_Transect 8,1.8296,171.283,8.102,12.789,3253.205,20.908,27.947,30.874,-1139.701,221.266,-3038.991,SAV_GNU_2009,Peter,Labridae,Halichoeres,trimaculatus,37384122,1,AD,Passing,,
SAV_GNU_CAM1_Left_2009_2.MP4,24322,48.7609,SAV_GNU_Transect 8,1.8296,172.968,12.393,16.973,3708.783,17.051,29.094,11.774,-859.762,665.904,-3545.766,SAV_GNU_2009,Peter,Lethrinidae,Monotaxis,grandoculis,37351026,1,AD,Passing,,
SAV_GNU_CAM1_Left_2009_2.MP4,24334,48.7676,SAV_GNU_Transect 8,1.8363,126.482,10.009,14.061,2798.861,21.588,70.011,22.654,-1029.55,20.995,-2602.539,SAV_GNU_2009,Peter,Chaetodontidae,Chaetodon,rafflesii,37365052,1,AD,Passing,,
SAV_GNU_CAM1_Left_2009_2.MP4,24349,48.7759,SAV_GNU_Transect 8,1.8446,107.987,3.562,11.628,2589.333,12.749,10.643,22.212,-413.287,-394.595,-2525.496,SAV_GNU_2009,Peter,Chaetodontidae,Chaetodon,rafflesii,37365052,1,AD,Passing,,
SAV_GNU_CAM1_Left_2009_2.MP4,24349,48.7759,SAV_GNU_Transect 8,1.8446,186.477,3.562,11.518,2350.654,15.959,8.079,3.562,-646.135,-15.737,-2260.052,SAV_GNU_2009,Peter,Lethrinidae,Monotaxis,grandoculis,37351026,1,AD,Passing,,
SAV_GNU_CAM1_Left_2009_2.MP4,24380,48.7932,SAV_GNU_Transect 8,1.8619,117.339,3.823,9.875,1961.768,20.295,32.933,12.582,454.583,-506.304,-1839.985,SAV_GNU_2009,Peter,Labridae,Hologymnosus,doliatus,37384127,1,AD,Passing,,
SAV_GNU_CAM1_Left_2009_2.MP4,24397,48.8026,SAV_GNU_Transect 8,1.8713,56.189,2.739,1.469,2050.247,18.226,0.644,15.95,-627.518,131.984,-1947.387,SAV_GNU_2009,Peter,Pomacentridae,Chromis,viridis,37372053,1,AD,Passing,,
SAV_GNU_CAM1_Left_2009_2.MP4,24405,48.8071,SAV_GNU_Transect 8,1.8758,,3.537,7.211,2608.107,26.91,,,-1115.333,395.725,-2324.146,SAV_GNU_2009,Peter,Pomacentridae,Chromis,ternatensis,37372051,1,AD,Passing,,
SAV_GNU_CAM1_Left_2009_2.MP4,24405,48.8071,SAV_GNU_Transect 8,1.8758,,3.079,4.599,2348.629,24.371,,,-917.157,321.646,-2138.089,SAV_GNU_2009,Peter,Pomacentridae,Chromis,ternatensis,37372051,1,AD,Passing,,
SAV_GNU_CAM1_Left_2009_2.MP4,24405,48.8071,SAV_GNU_Transect 8,1.8758,,4.473,9.949,2805.122,22.125,,,-966.26,437.563,-2596.842,SAV_GNU_2009,Peter,Pomacentridae,Chromis,ternatensis,37372051,1,AD,Passing,,
SAV_GNU_CAM1_Left_2009_2.MP4,24405,48.8071,SAV_GNU_Transect 8,1.8758,,4.836,12.096,2927.751,23.235,,,-1003.165,583.116,-2688.004,SAV_GNU_2009,Peter,Pomacentridae,Chromis,ternatensis,37372051,1,AD,Passing,,
SAV_GNU_CAM1_Left_2009_2.MP4,24405,48.8071,SAV_GNU_Transect 8,1.8758,,3.545,5.105,2430.08,21.895,,,-718.523,561.119,-2252.59,SAV_GNU_2009,Peter,Pomacentridae,Chromis,ternatensis,37372051,1,AD,Passing,,
SAV_GNU_CAM1_Left_2009_2.MP4,24405,48.8071,SAV_GNU_Transect 8,1.8758,,3.343,10.612,2313.956,19.216,,,-580.271,501.916,-2183.061,SAV_GNU_2009,Peter,Pomacentridae,Chromis,ternatensis,37372051,1,AD,Passing,,
SAV_GNU_CAM1_Left_2009_2.MP4,24405,48.8071,SAV_GNU_Transect 8,1.8758,,5.428,11.931,2988.674,18.863,,,-713.101,663.204,-2825.565,SAV_GNU_2009,Peter,Pomacentridae,Chromis,ternatensis,37372051,1,AD,Passing,,
SAV_GNU_CAM1_Left_2009_2.MP4,24405,48.8071,SAV_GNU_Transect 8,1.8758,,3.703,13.756,2413.242,16.162,,,-477.229,481.923,-2315.975,SAV_GNU_2009,Peter,Pomacentridae,Chromis,ternatensis,37372051,1,AD,Passing,,
SAV_GNU_CAM1_Left_2009_2.MP4,24411,48.8104,SAV_GNU_Transect 8,1.8791,43.724,3.237,14.709,1775.977,18.803,34.875,3.118,51.674,-570.079,-1681.2,SAV_GNU_2009,Peter,Pomacentridae,Pomacentrus,moluccensis,37372118,1,AD,Passing,,
SAV_GNU_CAM1_Left_2009_2.MP4,24537,48.8805,SAV_GNU_Transect 8,1.9492,160.177,15.355,9.979,4139.24,24.854,35.058,5.104,-1661.388,516.203,-3755.879,SAV_GNU_2009,Peter,Lethrinidae,Monotaxis,grandoculis,37351026,1,AD,Passing,,
SAV_GNU_CAM1_Left_2009_2.MP4,24553,48.8894,SAV_GNU_Transect 8,1.9581,165.386,14.003,6.53,4078.088,26.374,33.789,10.723,-1792.114,264.957,-3653.618,SAV_GNU_2009,Peter,Lutjanidae,Lutjanus,sp,,1,AD,Passing,,
SAV_GNU_CAM1_Left_2009_2.MP4,24553,48.8894,SAV_GNU_Transect 8,1.9581,,7.42,5.889,4044.085,28.463,,,-1913.861,242.073,-3554.315,SAV_GNU_2009,Peter,Mullidae,Parupeneus,multifasciatus,37355026,1,AD,Passing,,
SAV_GNU_CAM1_Left_2009_2.MP4,24639,48.9372,SAV_GNU_Transect 8,2.0059,207.579,19.55,3.526,4024.401,23.859,70.742,20.074,-1627.107,-48.601,-3680.484,SAV_GNU_2009,Peter,Lutjanidae,Lutjanus,gibbus,37346028,1,AD,Passing,,
SAV_GNU_CAM1_Left_2009_2.MP4,24656,48.9467,SAV_GNU_Transect 8,2.0153,188.209,17.498,10.586,4625.743,28.394,34.847,2.411,-2069.069,746.687,-4069.264,SAV_GNU_2009,Peter,Lethrinidae,Monotaxis,grandoculis,37351026,1,AD,Passing,,
SAV_GNU_CAM1_Left_2009_2.MP4,24657,48.9472,SAV_GNU_Transect 8,2.0159,,13.48,3.76,4850.09,13.278,,,-1084.271,274.153,-4719.382,SAV_GNU_2009,Peter,Lutjanidae,Lutjanus,gibbus,37346028,1,AD,Passing,,
SAV_GNU_CAM1_Left_2009_2.MP4,24893,49.0785,SAV_GNU_Transect 8,2.1471,204.877,15.833,17.854,5038.613,29.937,1.581,7.672,2357.978,873.331,-4366.332,SAV_GNU_2009,Peter,Lethrinidae,Monotaxis,grandoculis,37351026,1,AD,Passing,,
SAV_GNU_CAM1_Left_2009_2.MP4,25098,49.1925,SAV_GNU_Transect 8,2.2611,195.428,19.24,9.586,4020.185,24.897,57.358,18.084,1293.709,1091.148,-3646.588,SAV_GNU_2009,Peter,Acanthuridae,Ctenochaetus,striatus,37437022,1,AD,Passing,,
SAV_GNU_CAM1_Left_2009_2.MP4,25139,49.2153,SAV_GNU_Transect 8,2.2839,160.339,9.402,9.491,2798.578,13.373,39.722,6.823,-535.128,364.194,-2722.69,SAV_GNU_2009,Peter,Nemipteridae,Scolopsis,bilineata,37347031,1,AD,Passing,,
SAV_GNU_CAM1_Left_2009_2.MP4,25169,49.232,SAV_GNU_Transect 8,2.3006,164.821,9.368,5.219,2798.242,26.703,73.295,3.235,-1186.458,416.419,-2499.814,SAV_GNU_2009,Peter,Scaridae,Chlorurus,sp,,1,AD,Passing,,
SAV_GNU_CAM1_Left_2009_2.MP4,25169,49.232,SAV_GNU_Transect 8,2.3006,,4.091,2.573,2869.153,27.324,,,-1287.798,285.843,-2547.923,SAV_GNU_2009,Peter,Acanthuridae,Zebrasoma,scopas,37437036,1,AD,Passing,,
SAV_GNU_CAM1_Left_2009_2.MP4,25240,49.2714,SAV_GNU_Transect 8,2.3401,,5.083,10.206,3231.354,28.355,,,-1443.931,-508.602,-2845.704,SAV_GNU_2009,Peter,Acanthuridae,Acanthurus,sp,,1,AD,Passing,,
SAV_GNU_CAM1_Left_2009_2.MP4,25321,49.3165,SAV_GNU_Transect 8,2.3852,,14.342,2.023,4995.752,6.729,,,-560.129,189.819,-4960.622,SAV_GNU_2009,Peter,Acanthuridae,Acanthurus,sp,,1,AD,Passing,,
SAV_GNU_CAM1_Left_2009_2.MP4,25358,49.3371,SAV_GNU_Transect 8,2.4057,,9.686,18.644,4360.363,27.795,,,1896.622,748.049,-3854.35,SAV_GNU_2009,Peter,Scaridae,Scarus,dimidiatus,37386013,1,AD,Passing,,
SAV_GNU_CAM1_Left_2009_2.MP4,25581,49.4611,SAV_GNU_Transect 8,2.5297,,18.608,7.181,5834.905,20.466,,,2010.365,368.97,-5465.2,SAV_GNU_2009,Peter,Scaridae,Scarus,schlegeli,37386029,1,AD,Passing,,
SAV_GNU_CAM1_Left_2009_2.MP4,25594,49.4683,SAV_GNU_Transect 8,2.537,191.858,15.35,12.699,4582.576,13.781,20.206,13.023,-1054.003,-284.023,-4450.664,SAV_GNU_2009,Peter,Acanthuridae,Acanthurus,sp,,1,AD,Passing,,
SAV_GNU_CAM1_Left_2009_2.MP4,25779,49.5712,SAV_GNU_Transect 8,2.6399,109.783,3.526,6.767,3159.874,7.95,2.738,18.936,-363.682,-242.363,-3129.505,SAV_GNU_2009,Peter,Nemipteridae,Scolopsis,bilineata,37347031,1,AD,Passing,,
SAV_GNU_CAM1_Left_2009_2.MP4,25824,49.5962,SAV_GNU_Transect 8,2.6649,118.989,6.998,19.643,3102.97,23.34,16.465,4.165,-1224.072,-113.887,-2849.053,SAV_GNU_2009,Peter,Scaridae,Chlorurus,spilurus,temp_code_002,1,AD,Passing,,
SAV_GNU_CAM1_Left_2009_2.MP4,25824,49.5962,SAV_GNU_Transect 8,2.6649,,6.32,18.832,3365.977,19.286,,,-1104.124,-117.051,-3177.579,SAV_GNU_2009,Peter,Scaridae,Chlorurus,spilurus,temp_code_002,1,AD,Passing,,
