Filename,Frame,Time (mins),Period,Period time (mins),Length (mm),Precision (mm),RMS (mm),Range (mm),Direction (deg),Horz. Dir. (deg),Vert. Dir. (deg),Mid X (mm),Mid Y (mm),Mid Z (mm),OpCode,TapeReader,Family,Genus,Species,Code,Number,Stage,Activity,Comment,
WAI_ALI_CAM1_left_1.MP4,15856,8.8177,WAI_ALI_Transect 1,0.4021,,9.883,0.676,4534.012,25.822,,,-1947.021,-314.618,-4082.571,WAI_ALI,Peter,Acanthuridae,Acanthurus,nigrofuscus,37437014,1,AD,Passing,,
WAI_ALI_CAM1_left_1.MP4,15884,8.8333,WAI_ALI_Transect 1,0.4176,,7.662,2.718,3997.743,27.619,,,-1773.328,552.551,-3540.048,WAI_ALI,Peter,Pomacentridae,Chrysiptera,rollandi,37372067,1,AD,Passing,,
WAI_ALI_CAM1_left_1.MP4,15912,8.8488,WAI_ALI_Transect 1,0.4332,,13.68,1.433,4829.011,21.551,,,-1014.772,1472.67,-4485.625,WAI_ALI,Peter,Acanthuridae,Acanthurus,nigrofuscus,37437014,1,AD,Passing,,
WAI_ALI_CAM1_left_1.MP4,15912,8.8488,WAI_ALI_Transect 1,0.4332,,8.398,2.771,3783.531,21.579,,,-946.252,1034.178,-3514.284,WAI_ALI,Peter,Acanthuridae,Ctenochaetus,striatus,37437022,1,AD,Passing,,
WAI_ALI_CAM1_left_1.MP4,15912,8.8488,WAI_ALI_Transect 1,0.4332,,7.749,6.053,3681.189,22.835,,,-1077.491,951.458,-3388.937,WAI_ALI,Peter,Acanthuridae,Ctenochaetus,striatus,37437022,1,AD,Passing,,
WAI_ALI_CAM1_left_1.MP4,15957,8.8739,WAI_ALI_Transect 1,0.4582,130.265,9.056,14.324,4377.023,23.275,2.266,41.25,-1719.198,-189.246,-4020.806,WAI_ALI,Peter,Balistidae,Sufflamen,chrysopterum,37465079,1,AD,Passing,,
WAI_ALI_CAM1_left_1.MP4,15981,8.8872,WAI_ALI_Transect 1,0.4716,89.329,5.103,4.995,3396.039,14.063,2.748,31.497,-778.57,-273.524,-3294.252,WAI_ALI,Peter,Acanthuridae,Acanthurus,nigrofuscus,37437014,1,AD,Passing,,
WAI_ALI_CAM1_left_1.MP4,16249,9.0362,WAI_ALI_Transect 1,0.6206,,15.797,1.532,5460.921,20.792,,,-1865.347,-507.202,-5107.336,WAI_ALI,Peter,Acanthuridae,Acanthurus,nigrofuscus,37437014,1,AD,Passing,,
WAI_ALI_CAM1_left_1.MP4,16249,9.0362,WAI_ALI_Transect 1,0.6206,,22.183,5.478,6357.094,16.306,,,-1736.508,-388.668,-6102.961,WAI_ALI,Peter,Acanthuridae,Acanthurus,nigrofuscus,37437014,1,AD,Passing,,
WAI_ALI_CAM1_left_1.MP4,16341,9.0874,WAI_ALI_Transect 1,0.6718,,7.595,0.672,3544.734,16.223,,,-735.572,-649.609,-3406.183,WAI_ALI,Peter,Pomacanthidae,Centropyge,bicolor,37365022,1,AD,Passing,,
WAI_ALI_CAM1_left_1.MP4,16389,9.1141,WAI_ALI_Transect 1,0.6985,,12.169,6.417,4852.995,23.184,,,-1822.948,-554.124,-4463.336,WAI_ALI,Peter,Acanthuridae,Acanthurus,nigrofuscus,37437014,1,AD,Passing,,
WAI_ALI_CAM1_left_1.MP4,16419,9.1308,WAI_ALI_Transect 1,0.7152,77.366,6.763,10.373,2593.756,26.176,53.016,21.973,-1107.432,-287.732,-2327.74,WAI_ALI,Peter,Acanthuridae,Ctenochaetus,striatus,37437022,1,AD,Passing,,
WAI_ALI_CAM1_left_1.MP4,16454,9.1503,WAI_ALI_Transect 1,0.7346,84.492,5.476,10.68,2837.82,21.894,13.942,13.904,-988.558,-377.558,-2633.14,WAI_ALI,Peter,Acanthuridae,Ctenochaetus,striatus,37437022,1,AD,Passing,,
WAI_ALI_CAM1_left_1.MP4,16454,9.1503,WAI_ALI_Transect 1,0.7346,100.616,3.876,9.495,2603.554,26.545,70.795,64.877,-1119.184,-318.117,-2329.103,WAI_ALI,Peter,Acanthuridae,Ctenochaetus,striatus,37437022,1,AD,Passing,,
WAI_ALI_CAM1_left_1.MP4,16454,9.1503,WAI_ALI_Transect 1,0.7346,,5.307,1.896,2922.731,11.318,,,-441.035,-355.356,-2867.328,WAI_ALI,Peter,Acanthuridae,Ctenochaetus,striatus,37437022,1,AD,Passing,,
WAI_ALI_CAM1_left_1.MP4,16526,9.1903,WAI_ALI_Transect 1,0.7747,166.059,13.192,10.848,4021.146,22.644,25.474,1.72,-1547.185,55.442,-3711.167,WAI_ALI,Peter,Acanthuridae,Zebrasoma,velifer,37437037,1,AD,Passing,,
WAI_ALI_CAM1_left_1.MP4,16560,9.2092,WAI_ALI_Transect 1,0.7936,,8.233,4.379,3927.318,23.694,,,1568.14,192.216,-3595.527,WAI_ALI,Peter,Acanthuridae,Ctenochaetus,striatus,37437022,1,AD,Passing,,
WAI_ALI_CAM1_left_1.MP4,16613,9.2387,WAI_ALI_Transect 1,0.823,,4.131,5.597,2695.453,23.373,,,1054.27,-168.968,-2474.961,WAI_ALI,Peter,Acanthuridae,Acanthurus,nigrofuscus,37437014,1,AD,Passing,,
WAI_ALI_CAM1_left_1.MP4,16640,9.2537,WAI_ALI_Transect 1,0.8381,261.164,9.99,8.821,2758.331,26.416,83.648,1.498,1208.62,-212.311,-2470.335,WAI_ALI,Peter,Labridae,Cheilinus,chlorourus,37384064,1,AD,Passing,,
WAI_ALI_CAM1_left_1.MP4,16784,9.3338,WAI_ALI_Transect 1,0.9181,,7.768,10.518,3557.601,12.544,,,-37.07,-758.015,-3475.711,WAI_ALI,Peter,Pomacanthidae,Centropyge,bicolor,37365022,1,AD,Passing,,
WAI_ALI_CAM1_left_1.MP4,16784,9.3338,WAI_ALI_Transect 1,0.9181,,6.223,1.186,3642.431,29.811,,,-1666.704,-695.303,-3163.219,WAI_ALI,Peter,Pomacentridae,Pomacentrus,coelestis,37372111,1,AD,Passing,,
WAI_ALI_CAM1_left_1.MP4,16784,9.3338,WAI_ALI_Transect 1,0.9181,,7.579,6.279,3888.976,25.858,,,-1612.309,-512.698,-3501.676,WAI_ALI,Peter,Pomacentridae,Pomacentrus,coelestis,37372111,1,AD,Passing,,
WAI_ALI_CAM1_left_1.MP4,16784,9.3338,WAI_ALI_Transect 1,0.9181,,11.498,10.671,4789.437,25.006,,,-1923.998,-612.948,-4342.952,WAI_ALI,Peter,Pomacentridae,Pomacentrus,coelestis,37372111,1,AD,Passing,,
WAI_ALI_CAM1_left_1.MP4,16784,9.3338,WAI_ALI_Transect 1,0.9181,,7.524,8.247,3733.138,22.544,,,-1336.549,-498.319,-3449.874,WAI_ALI,Peter,Pomacentridae,Pomacentrus,coelestis,37372111,1,AD,Passing,,
WAI_ALI_CAM1_left_1.MP4,16784,9.3338,WAI_ALI_Transect 1,0.9181,,10.508,6.519,4579.137,24.788,,,-1845.778,-511.78,-4159.289,WAI_ALI,Peter,Pomacentridae,Pomacentrus,coelestis,37372111,1,AD,Passing,,
WAI_ALI_CAM1_left_1.MP4,16784,9.3338,WAI_ALI_Transect 1,0.9181,,12.69,9.094,5056.62,24.474,,,-2036.872,-471.244,-4604.181,WAI_ALI,Peter,Pomacentridae,Pomacentrus,coelestis,37372111,1,AD,Passing,,
WAI_ALI_CAM1_left_1.MP4,16784,9.3338,WAI_ALI_Transect 1,0.9181,,15.954,14.286,5466.988,20.567,,,-1833.642,-550.988,-5120.755,WAI_ALI,Peter,Pomacentridae,Pomacentrus,coelestis,37372111,1,AD,Passing,,
WAI_ALI_CAM1_left_1.MP4,16784,9.3338,WAI_ALI_Transect 1,0.9181,,12.335,7.668,4735.342,18.802,,,-1462.062,-419.985,-4484.356,WAI_ALI,Peter,Pomacentridae,Pomacentrus,coelestis,37372111,1,AD,Passing,,
WAI_ALI_CAM1_left_1.MP4,16784,9.3338,WAI_ALI_Transect 1,0.9181,,9.699,5.126,4088.94,15.75,,,-1018.607,-425.161,-3937.144,WAI_ALI,Peter,Pomacentridae,Pomacentrus,coelestis,37372111,1,AD,Passing,,
WAI_ALI_CAM1_left_1.MP4,16784,9.3338,WAI_ALI_Transect 1,0.9181,,16.658,6.815,5453.946,15.714,,,-1417.001,-396.181,-5251.731,WAI_ALI,Peter,Pomacentridae,Pomacentrus,coelestis,37372111,1,AD,Passing,,
WAI_ALI_CAM1_left_1.MP4,16784,9.3338,WAI_ALI_Transect 1,0.9181,,14.007,11.186,5031.513,16.888,,,-1429.452,-286.228,-4815.689,WAI_ALI,Peter,Pomacentridae,Pomacentrus,coelestis,37372111,1,AD,Passing,,
WAI_ALI_CAM1_left_1.MP4,16784,9.3338,WAI_ALI_Transect 1,0.9181,,7.95,9.488,3632.262,12.405,,,-642.04,-429.322,-3549.196,WAI_ALI,Peter,Pomacentridae,Pomacentrus,coelestis,37372111,1,AD,Passing,,
WAI_ALI_CAM1_left_1.MP4,16784,9.3338,WAI_ALI_Transect 1,0.9181,,9.632,6.116,4025.057,10.083,,,-592.839,-365.25,-3964.369,WAI_ALI,Peter,Pomacentridae,Pomacentrus,coelestis,37372111,1,AD,Passing,,
WAI_ALI_CAM1_left_1.MP4,16784,9.3338,WAI_ALI_Transect 1,0.9181,,11.325,7.653,4387.455,9.66,,,-631.072,-361.993,-4326.716,WAI_ALI,Peter,Pomacentridae,Pomacentrus,coelestis,37372111,1,AD,Passing,,
WAI_ALI_CAM1_left_1.MP4,16784,9.3338,WAI_ALI_Transect 1,0.9181,,12.261,4.506,4583.652,9.66,,,-693.78,-314.127,-4519.941,WAI_ALI,Peter,Pomacentridae,Pomacentrus,coelestis,37372111,1,AD,Passing,,
WAI_ALI_CAM1_left_1.MP4,16784,9.3338,WAI_ALI_Transect 1,0.9181,,14.107,4.418,4945.229,10.359,,,-840.597,-270.637,-4865.742,WAI_ALI,Peter,Pomacentridae,Pomacentrus,coelestis,37372111,1,AD,Passing,,
WAI_ALI_CAM1_left_1.MP4,16784,9.3338,WAI_ALI_Transect 1,0.9181,,7.023,9.369,3385.671,13.971,,,-569.751,-573.106,-3287.811,WAI_ALI,Peter,Pomacentridae,Pomacentrus,coelestis,37372111,1,AD,Passing,,
WAI_ALI_CAM1_left_1.MP4,16784,9.3338,WAI_ALI_Transect 1,0.9181,,9.633,5.585,4000.445,8.268,,,262.008,-496.452,-3960.864,WAI_ALI,Peter,Pomacentridae,Pomacentrus,coelestis,37372111,1,AD,Passing,,
WAI_ALI_CAM1_left_1.MP4,16790,9.3371,WAI_ALI_Transect 1,0.9215,61.467,4.802,9.648,3421.767,14.804,5.192,17.162,520.26,-702.699,-3308.177,WAI_ALI,Peter,Pomacanthidae,Centropyge,bicolor,37365022,1,AD,Passing,,
WAI_ALI_CAM1_left_1.MP4,17396,9.6741,WAI_ALI_Transect 1,1.2585,,4.018,6.805,2713.241,24.348,,,-1044.454,-390.672,-2473.493,WAI_ALI,Peter,Pomacentridae,Pomacentrus,coelestis,37372111,1,AD,Passing,,
WAI_ALI_CAM1_left_1.MP4,17396,9.6741,WAI_ALI_Transect 1,1.2585,,6.553,10.121,3418.402,21.126,,,-1127.058,-485.044,-3190.603,WAI_ALI,Peter,Pomacentridae,Pomacentrus,coelestis,37372111,1,AD,Passing,,
WAI_ALI_CAM1_left_1.MP4,17396,9.6741,WAI_ALI_Transect 1,1.2585,,7.172,5.481,3532.827,19.259,,,-1046.245,-499.855,-3337.123,WAI_ALI,Peter,Pomacentridae,Pomacentrus,coelestis,37372111,1,AD,Passing,,
WAI_ALI_CAM1_left_1.MP4,17396,9.6741,WAI_ALI_Transect 1,1.2585,,3.852,1.992,2495.527,18.082,,,-621.057,-453.443,-2374.096,WAI_ALI,Peter,Pomacentridae,Pomacentrus,coelestis,37372111,1,AD,Passing,,
WAI_ALI_CAM1_left_1.MP4,17396,9.6741,WAI_ALI_Transect 1,1.2585,,4.991,5.619,2845.296,14.911,,,-603.626,-403.434,-2751.107,WAI_ALI,Peter,Pomacentridae,Pomacentrus,coelestis,37372111,1,AD,Passing,,
WAI_ALI_CAM1_left_1.MP4,17396,9.6741,WAI_ALI_Transect 1,1.2585,,4.578,6.21,2698.897,12.671,,,-443.073,-382.197,-2634.702,WAI_ALI,Peter,Pomacentridae,Pomacentrus,coelestis,37372111,1,AD,Passing,,
WAI_ALI_CAM1_left_1.MP4,17396,9.6741,WAI_ALI_Transect 1,1.2585,,5.926,5.272,3111.149,12.081,,,-553.71,-330.568,-3043.579,WAI_ALI,Peter,Pomacentridae,Pomacentrus,coelestis,37372111,1,AD,Passing,,
WAI_ALI_CAM1_left_1.MP4,17396,9.6741,WAI_ALI_Transect 1,1.2585,,5.6,4.935,2999.401,9.947,,,-265.846,-433.017,-2956.05,WAI_ALI,Peter,Pomacentridae,Pomacentrus,coelestis,37372111,1,AD,Passing,,
WAI_ALI_CAM1_left_1.MP4,17396,9.6741,WAI_ALI_Transect 1,1.2585,,5.163,5.156,2867.685,9.341,,,42.172,-452.332,-2831.472,WAI_ALI,Peter,Pomacentridae,Pomacentrus,coelestis,37372111,1,AD,Passing,,
WAI_ALI_CAM1_left_1.MP4,17477,9.7192,WAI_ALI_Transect 1,1.3035,,6.026,4.022,3116.238,9.908,,,-31.513,-523.105,-3071.857,WAI_ALI,Peter,Pomacentridae,Pomacentrus,coelestis,37372111,1,AD,Passing,,
WAI_ALI_CAM1_left_1.MP4,17477,9.7192,WAI_ALI_Transect 1,1.3035,,6.582,5.871,3267.507,10.079,,,-191.35,-526.093,-3219.195,WAI_ALI,Peter,Pomacentridae,Pomacentrus,coelestis,37372111,1,AD,Passing,,
WAI_ALI_CAM1_left_1.MP4,17477,9.7192,WAI_ALI_Transect 1,1.3035,,13.158,7.15,4735.03,8.061,,,-281.349,-582.831,-4690.592,WAI_ALI,Peter,Pomacentridae,Pomacentrus,coelestis,37372111,1,AD,Passing,,
WAI_ALI_CAM1_left_1.MP4,17477,9.7192,WAI_ALI_Transect 1,1.3035,,5.6,0.35,3015.12,6.712,,,-194.142,-282.26,-2995.595,WAI_ALI,Peter,Pomacentridae,Pomacentrus,coelestis,37372111,1,AD,Passing,,
WAI_ALI_CAM1_left_1.MP4,17477,9.7192,WAI_ALI_Transect 1,1.3035,,6.614,5.042,3300.823,7.5,,,-338.262,-253.91,-3273.613,WAI_ALI,Peter,Pomacentridae,Pomacentrus,coelestis,37372111,1,AD,Passing,,
WAI_ALI_CAM1_left_1.MP4,17477,9.7192,WAI_ALI_Transect 1,1.3035,,10.279,4.13,4180.345,7.503,,,-455.982,-283.595,-4145.713,WAI_ALI,Peter,Pomacentridae,Pomacentrus,coelestis,37372111,1,AD,Passing,,
WAI_ALI_CAM1_left_1.MP4,17477,9.7192,WAI_ALI_Transect 1,1.3035,,21.73,9.041,6205.199,5.129,,,439.262,-314.365,-6181.644,WAI_ALI,Peter,Pomacentridae,Pomacentrus,coelestis,37372111,1,AD,Passing,,
WAI_ALI_CAM1_left_1.MP4,17558,9.7642,WAI_ALI_Transect 1,1.3486,,3.241,0.425,2309.924,23.046,,,-614.034,-655.412,-2128.179,WAI_ALI,Peter,Pomacentridae,Pomacentrus,coelestis,37372111,1,AD,Passing,,
WAI_ALI_CAM1_left_1.MP4,17558,9.7642,WAI_ALI_Transect 1,1.3486,,1.635,6.631,1537.162,15.425,,,-219.14,-339.294,-1483.147,WAI_ALI,Peter,Pomacentridae,Pomacentrus,coelestis,37372111,1,AD,Passing,,
WAI_ALI_CAM1_left_1.MP4,17657,9.8193,WAI_ALI_Transect 1,1.4036,184.472,8.25,10.8,4898.908,10.13,4.406,32.967,-819.772,-265.403,-4822.534,WAI_ALI,Peter,Scaridae,Chlorurus,bleekeri,37386011,1,AD,Passing,,
WAI_ALI_CAM1_left_1.MP4,17657,9.8193,WAI_ALI_Transect 1,1.4036,26.587,2.278,3.879,1681.386,20.12,25.467,4.984,67.621,-574.409,-1578.778,WAI_ALI,Peter,Pomacentridae,Pomacentrus,coelestis,37372111,1,AD,Passing,,
WAI_ALI_CAM1_left_1.MP4,17657,9.8193,WAI_ALI_Transect 1,1.4036,,4.787,0.241,2750.688,11.955,,,-201.74,-522.199,-2693.119,WAI_ALI,Peter,Pomacentridae,Pomacentrus,coelestis,37372111,1,AD,Passing,,
WAI_ALI_CAM1_left_1.MP4,17657,9.8193,WAI_ALI_Transect 1,1.4036,,7.207,4.586,3433.837,8.749,,,48.196,-506.594,-3395.92,WAI_ALI,Peter,Pomacentridae,Pomacentrus,coelestis,37372111,1,AD,Passing,,
WAI_ALI_CAM1_left_1.MP4,17657,9.8193,WAI_ALI_Transect 1,1.4036,,7.888,5.402,3606.888,8.961,,,-278.436,-473.867,-3564.767,WAI_ALI,Peter,Pomacentridae,Pomacentrus,coelestis,37372111,1,AD,Passing,,
WAI_ALI_CAM1_left_1.MP4,17657,9.8193,WAI_ALI_Transect 1,1.4036,,7.745,4.842,3572.835,7.966,,,83.396,-474.059,-3540.263,WAI_ALI,Peter,Pomacentridae,Pomacentrus,coelestis,37372111,1,AD,Passing,,
WAI_ALI_CAM1_left_1.MP4,17657,9.8193,WAI_ALI_Transect 1,1.4036,,9.746,8.113,4034.618,9.61,,,-454.304,-481.499,-3979.938,WAI_ALI,Peter,Pomacentridae,Pomacentrus,coelestis,37372111,1,AD,Passing,,
WAI_ALI_CAM1_left_1.MP4,17657,9.8193,WAI_ALI_Transect 1,1.4036,,13.33,2.814,4809.592,5.533,,,-257.675,-366.608,-4788.672,WAI_ALI,Peter,Pomacentridae,Pomacentrus,coelestis,37372111,1,AD,Passing,,
WAI_ALI_CAM1_left_1.MP4,17657,9.8193,WAI_ALI_Transect 1,1.4036,,10.607,4.754,4241.607,7.964,,,-458.839,-350.491,-4202.124,WAI_ALI,Peter,Pomacentridae,Pomacentrus,coelestis,37372111,1,AD,Passing,,
WAI_ALI_CAM1_left_1.MP4,17657,9.8193,WAI_ALI_Transect 1,1.4036,,11.147,8.685,4352.808,12.16,,,-807.563,-417.344,-4256.83,WAI_ALI,Peter,Pomacentridae,Pomacentrus,coelestis,37372111,1,AD,Passing,,
WAI_ALI_CAM1_left_1.MP4,17657,9.8193,WAI_ALI_Transect 1,1.4036,,6.255,2.633,3196.431,15.43,,,-632.182,-556.643,-3083.451,WAI_ALI,Peter,Pomacentridae,Pomacentrus,coelestis,37372111,1,AD,Passing,,
WAI_ALI_CAM1_left_1.MP4,17657,9.8193,WAI_ALI_Transect 1,1.4036,159.684,7.05,8.792,3049.091,16.727,22.577,3.555,368.73,-796.342,-2920.074,WAI_ALI,Peter,Acanthuridae,Zebrasoma,scopas,37437036,1,AD,Passing,,
WAI_ALI_CAM1_left_1.MP4,17787,9.8915,WAI_ALI_Transect 1,1.4759,87.336,6.34,6.314,3832.496,11.523,3.809,19.058,-765.417,-14.871,-3755.255,WAI_ALI,Peter,Acanthuridae,Acanthurus,nigrofuscus,37437014,1,AD,Passing,,
WAI_ALI_CAM1_left_1.MP4,17787,9.8915,WAI_ALI_Transect 1,1.4759,,28.972,11.188,7252.007,15.258,,,-1869.873,409.819,-6994.801,WAI_ALI,Peter,Acanthuridae,Acanthurus,lineatus,37437010,1,AD,Passing,,
WAI_ALI_CAM1_left_1.MP4,17787,9.8915,WAI_ALI_Transect 1,1.4759,,27.211,0.826,7080.208,16.99,,,-2031.222,419.904,-6769.576,WAI_ALI,Peter,Acanthuridae,Acanthurus,nigrofuscus,37437014,1,AD,Passing,,
WAI_ALI_CAM1_left_1.MP4,17787,9.8915,WAI_ALI_Transect 1,1.4759,,26.613,11.44,6884.095,11.747,,,-1371.587,315.008,-6738.715,WAI_ALI,Peter,Acanthuridae,Acanthurus,nigrofuscus,37437014,1,AD,Passing,,
WAI_ALI_CAM1_left_1.MP4,17787,9.8915,WAI_ALI_Transect 1,1.4759,,11.264,3.038,4611.615,20.068,,,-1582.196,41.35,-4331.505,WAI_ALI,Peter,Acanthuridae,Acanthurus,nigrofuscus,37437014,1,AD,Passing,,
WAI_ALI_CAM1_left_1.MP4,17787,9.8915,WAI_ALI_Transect 1,1.4759,,18.22,10.271,5646.999,9.911,,,-941.028,265.305,-5561.715,WAI_ALI,Peter,Scaridae,Chlorurus,spilurus,temp_code_002,1,AD,Passing,,
WAI_ALI_CAM1_left_1.MP4,17787,9.8915,WAI_ALI_Transect 1,1.4759,,13.518,16.956,5293.994,27.029,,,2400.179,182.754,-4715.094,WAI_ALI,Peter,Acanthuridae,Ctenochaetus,striatus,37437022,1,AD,Passing,,
WAI_ALI_CAM1_left_1.MP4,17787,9.8915,WAI_ALI_Transect 1,1.4759,,11.977,9.256,4935.809,26.335,,,2188.126,99.271,-4423.173,WAI_ALI,Peter,Acanthuridae,Ctenochaetus,striatus,37437022,1,AD,Passing,,
WAI_ALI_CAM1_left_1.MP4,17787,9.8915,WAI_ALI_Transect 1,1.4759,,19.946,11.313,5886.612,10.834,,,1106.18,-3.874,-5781.743,WAI_ALI,Peter,Acanthuridae,Ctenochaetus,striatus,37437022,1,AD,Passing,,
WAI_ALI_CAM1_left_1.MP4,17787,9.8915,WAI_ALI_Transect 1,1.4759,41.555,3.902,6.156,1958.765,18.166,32.949,7.987,335.297,-510.405,-1861.135,WAI_ALI,Peter,Pomacentridae,Pomacentrus,coelestis,37372111,1,AD,Passing,,
WAI_ALI_CAM1_left_1.MP4,17787,9.8915,WAI_ALI_Transect 1,1.4759,,2.15,4.777,1794.079,17.831,,,72.303,-537.809,-1710.045,WAI_ALI,Peter,Pomacentridae,Pomacentrus,coelestis,37372111,1,AD,Passing,,
WAI_ALI_CAM1_left_1.MP4,17787,9.8915,WAI_ALI_Transect 1,1.4759,,3.334,5.231,2270.397,15.038,,,-338.462,-473.457,-2194.535,WAI_ALI,Peter,Pomacentridae,Pomacentrus,coelestis,37372111,1,AD,Passing,,
WAI_ALI_CAM1_left_1.MP4,17787,9.8915,WAI_ALI_Transect 1,1.4759,,3.571,3.238,2355.761,14.438,,,-353.161,-460.305,-2283.2,WAI_ALI,Peter,Pomacentridae,Pomacentrus,coelestis,37372111,1,AD,Passing,,
WAI_ALI_CAM1_left_1.MP4,17787,9.8915,WAI_ALI_Transect 1,1.4759,,3.992,8.924,2527.556,16.13,,,-562.859,-410.203,-2429.704,WAI_ALI,Peter,Pomacentridae,Pomacentrus,coelestis,37372111,1,AD,Passing,,
WAI_ALI_CAM1_left_1.MP4,17787,9.8915,WAI_ALI_Transect 1,1.4759,,3.752,4.864,2462.35,18.171,,,-620.084,-443.664,-2341.33,WAI_ALI,Peter,Pomacentridae,Pomacentrus,coelestis,37372111,1,AD,Passing,,
WAI_ALI_CAM1_left_1.MP4,17787,9.8915,WAI_ALI_Transect 1,1.4759,,2.093,8.288,1828.961,23.601,,,-513.237,-515.651,-1678.032,WAI_ALI,Peter,Pomacentridae,Pomacentrus,coelestis,37372111,1,AD,Passing,,
WAI_ALI_CAM1_left_1.MP4,17787,9.8915,WAI_ALI_Transect 1,1.4759,,4.386,5.86,2629.556,8.55,,,-30.341,-379.441,-2601.858,WAI_ALI,Peter,Pomacentridae,Pomacentrus,coelestis,37372111,1,AD,Passing,,
WAI_ALI_CAM1_left_1.MP4,17787,9.8915,WAI_ALI_Transect 1,1.4759,,8.093,9.296,3694.139,16.297,,,1009.225,-222.745,-3546.62,WAI_ALI,Peter,Pomacentridae,Pomacentrus,coelestis,37372111,1,AD,Passing,,
WAI_ALI_CAM1_left_1.MP4,17787,9.8915,WAI_ALI_Transect 1,1.4759,,31.514,7.199,7560.709,5.102,,,-645.794,217.127,-7529.948,WAI_ALI,Peter,Scaridae,Scarus,schlegeli,37386029,1,AD,Passing,,
WAI_ALI_CAM1_left_1.MP4,17861,9.9327,WAI_ALI_Transect 1,1.5171,87.123,5.725,6.792,2668.93,23.32,23.837,12.442,-1033.182,-220.923,-2450.901,WAI_ALI,Peter,Acanthuridae,Ctenochaetus,striatus,37437022,1,AD,Passing,,
WAI_ALI_CAM1_left_1.MP4,17887,9.9472,WAI_ALI_Transect 1,1.5315,,4.68,4.431,2992.652,27.073,,,1336.544,-251.586,-2665.769,WAI_ALI,Peter,Pomacanthidae,Centropyge,bicolor,37365022,1,AD,Passing,,
WAI_ALI_CAM1_left_1.MP4,17887,9.9472,WAI_ALI_Transect 1,1.5315,145.898,10.15,12.048,3943.915,18.399,12.144,13.896,1243.193,-64.196,-3742.301,WAI_ALI,Peter,Acanthuridae,Ctenochaetus,striatus,37437022,1,AD,Passing,,
WAI_ALI_CAM1_left_1.MP4,17898,9.9533,WAI_ALI_Transect 1,1.5376,85.512,7.358,7.61,3118.855,16.842,19.621,15.673,839.856,-333.523,-2985.073,WAI_ALI,Peter,Pomacanthidae,Centropyge,bicolor,37365022,1,AD,Passing,,
WAI_ALI_CAM1_left_1.MP4,18010,10.0156,WAI_ALI_Transect 1,1.5999,82.514,3.667,9.372,2175.421,22.639,24.096,12.193,-510.537,-663.75,-2007.796,WAI_ALI,Peter,Chaetodontidae,Chaetodon,baronessa,37365034,1,AD,Passing,,
WAI_ALI_CAM1_left_1.MP4,18067,10.0473,WAI_ALI_Transect 1,1.6316,135.596,5.623,4.549,2141.1,28.26,71.556,10.564,812.479,-606.282,-1885.898,WAI_ALI,Peter,Acanthuridae,Acanthurus,nigrofuscus,37437014,1,AD,Passing,,
WAI_ALI_CAM1_left_1.MP4,18067,10.0473,WAI_ALI_Transect 1,1.6316,125.888,5.394,4.165,2311.476,26.095,40.898,12.393,919.959,-432.888,-2075.862,WAI_ALI,Peter,Acanthuridae,Acanthurus,nigrofuscus,37437014,1,AD,Passing,,
WAI_ALI_CAM1_left_1.MP4,18067,10.0473,WAI_ALI_Transect 1,1.6316,,7.214,5.673,3391.327,15.851,,,475.624,-781.898,-3265.504,WAI_ALI,Peter,Acanthuridae,Acanthurus,nigrofuscus,37437014,1,AD,Passing,,
WAI_ALI_CAM1_left_1.MP4,18067,10.0473,WAI_ALI_Transect 1,1.6316,,13.466,1.372,4734.67,11.447,,,272.77,-880.813,-4644.014,WAI_ALI,Peter,Acanthuridae,Acanthurus,nigrofuscus,37437014,1,AD,Passing,,
WAI_ALI_CAM1_left_1.MP4,18067,10.0473,WAI_ALI_Transect 1,1.6316,,14.287,9.085,4876.726,10.716,,,447.723,-769.575,-4794.764,WAI_ALI,Peter,Acanthuridae,Acanthurus,nigrofuscus,37437014,1,AD,Passing,,
WAI_ALI_CAM1_left_1.MP4,18067,10.0473,WAI_ALI_Transect 1,1.6316,,17.839,1.64,5423.429,13.86,,,743.486,-1044.511,-5269.707,WAI_ALI,Peter,Acanthuridae,Acanthurus,nigrofuscus,37437014,1,AD,Passing,,
WAI_ALI_CAM1_left_1.MP4,18067,10.0473,WAI_ALI_Transect 1,1.6316,,8.242,0.45,3668.763,11.678,,,91.667,-722.676,-3595.714,WAI_ALI,Peter,Acanthuridae,Acanthurus,nigrofuscus,37437014,1,AD,Passing,,
WAI_ALI_CAM1_left_1.MP4,18067,10.0473,WAI_ALI_Transect 1,1.6316,,9.677,5.137,4019.962,14.802,,,-787.686,-643.659,-3889.132,WAI_ALI,Peter,Acanthuridae,Acanthurus,nigrofuscus,37437014,1,AD,Passing,,
WAI_ALI_CAM1_left_1.MP4,18067,10.0473,WAI_ALI_Transect 1,1.6316,,11.885,2.48,4590.055,19.357,,,-1345.907,-692.168,-4333.364,WAI_ALI,Peter,Acanthuridae,Acanthurus,nigrofuscus,37437014,1,AD,Passing,,
WAI_ALI_CAM1_left_1.MP4,18067,10.0473,WAI_ALI_Transect 1,1.6316,192.361,15.866,5.187,3822.061,17.562,37.706,4.555,-957.426,-642.894,-3643.923,WAI_ALI,Peter,Acanthuridae,Ctenochaetus,striatus,37437022,1,AD,Passing,,
WAI_ALI_CAM1_left_1.MP4,18067,10.0473,WAI_ALI_Transect 1,1.6316,81.37,3.836,5.406,2118.072,18.849,27.099,6.483,-286.618,-621.367,-2004.49,WAI_ALI,Peter,Acanthuridae,Ctenochaetus,striatus,37437022,1,AD,Passing,,
WAI_ALI_CAM1_left_1.MP4,18067,10.0473,WAI_ALI_Transect 1,1.6316,,20.945,0.659,5885.321,15.128,,,1034.815,-1112.438,-5685.828,WAI_ALI,Peter,Acanthuridae,Ctenochaetus,striatus,37437022,1,AD,Passing,,
WAI_ALI_CAM1_left_1.MP4,18067,10.0473,WAI_ALI_Transect 1,1.6316,,11.879,2.316,4649.215,20.528,,,-1495.888,-630.916,-4356.543,WAI_ALI,Peter,Labridae,Gomphosus,varius,37384106,1,AD,Passing,,
WAI_ALI_CAM1_left_1.MP4,18067,10.0473,WAI_ALI_Transect 1,1.6316,,8.134,8.908,3612.093,17.083,,,599.014,-862.094,-3456.181,WAI_ALI,Peter,Cirrhitidae,Paracirrhites,arcatus,37374009,1,AD,Passing,,
WAI_ALI_CAM1_left_1.MP4,18116,10.0745,WAI_ALI_Transect 1,1.6589,,7.37,5.026,3902.694,28.163,,,-1703.734,-686.585,-3443.386,WAI_ALI,Peter,Pomacanthidae,Centropyge,heraldi,37385027,1,AD,Passing,,
WAI_ALI_CAM1_left_1.MP4,18145,10.0906,WAI_ALI_Transect 1,1.675,85.207,6.264,0.774,1959.462,21.031,82.521,3.083,32.674,-702.438,-1828.935,WAI_ALI,Peter,Pomacanthidae,Centropyge,heraldi,37385027,1,AD,Passing,,
WAI_ALI_CAM1_left_1.MP4,18195,10.1184,WAI_ALI_Transect 1,1.7028,83.923,5.255,6.331,2922.005,18.275,9.054,10.534,-862.226,-309.982,-2774.634,WAI_ALI,Peter,Pomacentridae,Chromis,weberi,37372054,1,AD,Passing,,
WAI_ALI_CAM1_left_1.MP4,18219,10.1318,WAI_ALI_Transect 1,1.7162,155.46,7.706,11.706,2446.926,25.381,75.636,5.503,-928.069,-488.639,-2210.739,WAI_ALI,Peter,Labridae,Gomphosus,varius,37384106,1,AD,Passing,,
WAI_ALI_CAM1_left_1.MP4,18354,10.2069,WAI_ALI_Transect 1,1.7912,186.591,15.244,7.115,5089.869,25.92,1.347,15.763,-2186.388,-411.854,-4577.865,WAI_ALI,Peter,Acanthuridae,Ctenochaetus,striatus,37437022,1,AD,Passing,,
WAI_ALI_CAM1_left_1.MP4,18354,10.2069,WAI_ALI_Transect 1,1.7912,,11.672,5.584,4839.22,24.998,,,-1957.904,-573.153,-4388.184,WAI_ALI,Peter,Acanthuridae,Ctenochaetus,striatus,37437022,1,AD,Passing,,
WAI_ALI_CAM1_left_1.MP4,18454,10.2625,WAI_ALI_Transect 1,1.8468,,14.62,9.025,4962.945,11.558,,,-646.27,-736.486,-4865.259,WAI_ALI,Peter,Pomacanthidae,Centropyge,bicolor,37365022,1,AD,Passing,,
WAI_ALI_CAM1_left_1.MP4,18454,10.2625,WAI_ALI_Transect 1,1.8468,,9.883,5.852,4130.479,19.23,,,-1113.146,-766.618,-3903.083,WAI_ALI,Peter,Mullidae,Parupeneus,multifasciatus,37355026,1,AD,Passing,,
WAI_ALI_CAM1_left_1.MP4,18454,10.2625,WAI_ALI_Transect 1,1.8468,,7.403,6.24,3660.615,26.254,,,1382.524,-829.954,-3286.322,WAI_ALI,Peter,Pomacentridae,Pomacentrus,coelestis,37372111,1,AD,Passing,,
WAI_ALI_CAM1_left_1.MP4,18454,10.2625,WAI_ALI_Transect 1,1.8468,,6.747,3.404,3663.289,30.008,,,1643.658,-796.681,-3175.433,WAI_ALI,Peter,Pomacentridae,Pomacentrus,coelestis,37372111,1,AD,Passing,,
WAI_ALI_CAM1_left_1.MP4,18491,10.2831,WAI_ALI_Transect 1,1.8674,,14.284,16.579,5021.474,19.065,,,1578.559,-426.605,-4747.774,WAI_ALI,Peter,Acanthuridae,Acanthurus,nigrofuscus,37437014,1,AD,Passing,,
WAI_ALI_CAM1_left_1.MP4,18491,10.2831,WAI_ALI_Transect 1,1.8674,,11.07,2.348,4290.432,16.234,,,1034.148,-591.22,-4121.747,WAI_ALI,Peter,Pomacanthidae,Centropyge,bicolor,37365022,1,AD,Passing,,
WAI_ALI_CAM1_left_1.MP4,18545,10.3131,WAI_ALI_Transect 1,1.8975,,9.084,0.762,3880.256,11.444,,,-544.528,-529.136,-3805.245,WAI_ALI,Peter,Chaetodontidae,Chaetodon,baronessa,37365034,1,AD,Passing,,
WAI_ALI_CAM1_left_1.MP4,18545,10.3131,WAI_ALI_Transect 1,1.8975,88.476,5.076,8.517,2505.696,11.1,23.143,3.547,24.697,-481.774,-2458.82,WAI_ALI,Peter,Pomacentridae,Chromis,weberi,37372054,1,AD,Passing,,
WAI_ALI_CAM1_left_1.MP4,18586,10.3359,WAI_ALI_Transect 1,1.9203,,10.72,11.316,4780.985,28.438,,,2276.193,66.756,-4203.844,WAI_ALI,Peter,Acanthuridae,Acanthurus,nigrofuscus,37437014,1,AD,Passing,,
WAI_ALI_CAM1_left_1.MP4,18586,10.3359,WAI_ALI_Transect 1,1.9203,86.713,7.047,3.381,2385.667,26.058,62.294,4.356,940.622,-462.036,-2143.166,WAI_ALI,Peter,Pomacanthidae,Centropyge,bicolor,37365022,1,AD,Passing,,
WAI_ALI_CAM1_left_1.MP4,18666,10.3804,WAI_ALI_Transect 1,1.9647,,8.237,5.34,3675.114,13.191,,,-538.071,-629.112,-3580.665,WAI_ALI,Peter,Acanthuridae,Acanthurus,nigrofuscus,37437014,1,AD,Passing,,
WAI_ALI_CAM1_left_1.MP4,18666,10.3804,WAI_ALI_Transect 1,1.9647,,9.532,1.81,4316.884,23.963,,,-1686.482,-463.803,-3946.663,WAI_ALI,Peter,Acanthuridae,Acanthurus,nigrofuscus,37437014,1,AD,Passing,,
WAI_ALI_CAM1_left_1.MP4,18666,10.3804,WAI_ALI_Transect 1,1.9647,,5.424,4.964,3009.582,16.429,,,-772.546,-345.911,-2888.097,WAI_ALI,Peter,Pomacentridae,Chromis,weberi,37372054,1,AD,Passing,,
WAI_ALI_CAM1_left_1.MP4,18666,10.3804,WAI_ALI_Transect 1,1.9647,,3.865,9.614,2725.081,27.338,,,-1133.083,-521.712,-2422.809,WAI_ALI,Peter,Pomacentridae,Chromis,margaritifer,37372047,1,AD,Passing,,
WAI_ALI_CAM1_left_1.MP4,18666,10.3804,WAI_ALI_Transect 1,1.9647,,9.049,6.671,3925.777,20.103,,,1201.91,-598.629,-3689.008,WAI_ALI,Peter,Acanthuridae,Ctenochaetus,striatus,37437022,1,AD,Passing,,
WAI_ALI_CAM1_left_1.MP4,18699,10.3987,WAI_ALI_Transect 1,1.9831,,5.023,5.879,2923.901,21.808,,,1008.225,-393.408,-2716.231,WAI_ALI,Peter,Pomacentridae,Chromis,weberi,37372054,1,AD,Passing,,
WAI_ALI_CAM1_left_1.MP4,18717,10.4087,WAI_ALI_Transect 1,1.9931,,8.867,5.492,4159.518,23.837,,,-1626.474,-409.524,-3806.371,WAI_ALI,Peter,Acanthuridae,Acanthurus,nigrofuscus,37437014,1,AD,Passing,,
WAI_ALI_CAM1_left_1.MP4,18717,10.4087,WAI_ALI_Transect 1,1.9931,78.754,4.737,4.943,2103.709,19.194,37.777,12.219,-636.763,-269.937,-1986.77,WAI_ALI,Peter,Pomacentridae,Chromis,weberi,37372054,1,AD,Passing,,
WAI_ALI_CAM1_left_1.MP4,18717,10.4087,WAI_ALI_Transect 1,1.9931,,7.352,7.074,3580.319,19.28,,,1181.756,44.86,-3379.368,WAI_ALI,Peter,Pomacentridae,Chromis,weberi,37372054,1,AD,Passing,,
WAI_ALI_CAM1_left_1.MP4,18717,10.4087,WAI_ALI_Transect 1,1.9931,,18.529,3.626,5916.613,20.496,,,-1994.679,-537.353,-5544.26,WAI_ALI,Peter,Acanthuridae,Ctenochaetus,striatus,37437022,1,AD,Passing,,
WAI_ALI_CAM1_left_1.MP4,18752,10.4282,WAI_ALI_Transect 1,2.0126,81.124,4.401,10.837,2449.258,27.965,20.892,7.158,-994.647,-574.291,-2163.268,WAI_ALI,Peter,Mullidae,Parupeneus,multifasciatus,37355026,1,AD,Passing,,
WAI_ALI_CAM1_left_1.MP4,18788,10.4482,WAI_ALI_Transect 1,2.0326,120.598,11.227,9.121,4347.202,25.208,4.694,23.512,1748.523,-608.813,-3933.215,WAI_ALI,Peter,Acanthuridae,Acanthurus,nigrofuscus,37437014,1,AD,Passing,,
WAI_ALI_CAM1_left_1.MP4,18788,10.4482,WAI_ALI_Transect 1,2.0326,,6.338,5.398,3627.936,29.536,,,1748.598,-362.94,-3157.942,WAI_ALI,Peter,Acanthuridae,Acanthurus,nigrofuscus,37437014,1,AD,Passing,,
WAI_ALI_CAM1_left_1.MP4,18788,10.4482,WAI_ALI_Transect 1,2.0326,,4.258,0.832,2756.715,26.108,,,1098.827,-504.293,-2477.448,WAI_ALI,Peter,Pomacentridae,Chromis,weberi,37372054,1,AD,Passing,,
WAI_ALI_CAM1_left_1.MP4,18788,10.4482,WAI_ALI_Transect 1,2.0326,,4.08,1.108,2565.832,16.502,,,728.759,1.353,-2460.163,WAI_ALI,Peter,Pomacentridae,Chromis,weberi,37372054,1,AD,Passing,,
WAI_ALI_CAM1_left_1.MP4,18788,10.4482,WAI_ALI_Transect 1,2.0326,169.406,4.293,4.725,2112.701,20.358,31.174,0.759,440.937,-588.009,-1980.738,WAI_ALI,Peter,Acanthuridae,Ctenochaetus,striatus,37437022,1,AD,Passing,,
WAI_ALI_CAM1_left_1.MP4,18788,10.4482,WAI_ALI_Transect 1,2.0326,,13.872,6.903,4999.667,22.455,,,1769.434,-699.847,-4623.417,WAI_ALI,Peter,Acanthuridae,Ctenochaetus,striatus,37437022,1,AD,Passing,,
WAI_ALI_CAM1_left_1.MP4,18788,10.4482,WAI_ALI_Transect 1,2.0326,,18.572,3.796,5974.499,23.42,,,2339.542,-385.059,-5483.878,WAI_ALI,Peter,Acanthuridae,Ctenochaetus,striatus,37437022,1,AD,Passing,,
WAI_ALI_CAM1_left_1.MP4,18788,10.4482,WAI_ALI_Transect 1,2.0326,,10.683,6.241,4239.435,14.369,,,998.954,-313.88,-4108.087,WAI_ALI,Peter,Pomacentridae,Dascyllus,reticulatus,37372074,1,AD,Passing,,
WAI_ALI_CAM1_left_1.MP4,18788,10.4482,WAI_ALI_Transect 1,2.0326,,11.631,7.103,4487.144,17.59,,,1311.437,-327.907,-4278.676,WAI_ALI,Peter,Pomacentridae,Dascyllus,reticulatus,37372074,1,AD,Passing,,
WAI_ALI_CAM1_left_1.MP4,18788,10.4482,WAI_ALI_Transect 1,2.0326,,17.531,3.724,5525.405,15.294,,,1428.096,-270.083,-5330.826,WAI_ALI,Peter,Pomacentridae,Dascyllus,reticulatus,37372074,1,AD,Passing,,
WAI_ALI_CAM1_left_1.MP4,18788,10.4482,WAI_ALI_Transect 1,2.0326,,22.253,8.024,6227.242,10.441,,,1118.581,-125.02,-6124.678,WAI_ALI,Peter,Pomacentridae,Dascyllus,reticulatus,37372074,1,AD,Passing,,
WAI_ALI_CAM1_left_1.MP4,18788,10.4482,WAI_ALI_Transect 1,2.0326,,13.513,9.708,4812.958,9.877,,,-715.039,-393.919,-4743.217,WAI_ALI,Peter,Pomacentridae,Dascyllus,reticulatus,37372074,1,AD,Passing,,
WAI_ALI_CAM1_left_1.MP4,18788,10.4482,WAI_ALI_Transect 1,2.0326,,12.29,8.03,4580.019,8.951,,,-592.605,-377.869,-4525.771,WAI_ALI,Peter,Pomacentridae,Dascyllus,reticulatus,37372074,1,AD,Passing,,
WAI_ALI_CAM1_left_1.MP4,18788,10.4482,WAI_ALI_Transect 1,2.0326,,12.457,12.746,4620.591,7.277,,,-426.45,-382.706,-4584.925,WAI_ALI,Peter,Pomacentridae,Dascyllus,reticulatus,37372074,1,AD,Passing,,
WAI_ALI_CAM1_left_1.MP4,18788,10.4482,WAI_ALI_Transect 1,2.0326,,15.633,12.166,5197.435,7.202,,,-327.64,-542.807,-5158.618,WAI_ALI,Peter,Pomacentridae,Dascyllus,reticulatus,37372074,1,AD,Passing,,
WAI_ALI_CAM1_left_1.MP4,18788,10.4482,WAI_ALI_Transect 1,2.0326,,13.195,9.989,4761.614,12.599,,,-935.154,-433.452,-4648.718,WAI_ALI,Peter,Pomacentridae,Dascyllus,reticulatus,37372074,1,AD,Passing,,
WAI_ALI_CAM1_left_1.MP4,18911,10.5166,WAI_ALI_Transect 1,2.101,,3.323,5.654,2255.428,12.395,,,432.589,-208.639,-2203.7,WAI_ALI,Peter,Pomacentridae,Dascyllus,reticulatus,37372074,1,AD,Passing,,
WAI_ALI_CAM1_left_1.MP4,18911,10.5166,WAI_ALI_Transect 1,2.101,,3.662,4.965,2392.334,15.708,,,587.038,-264.504,-2304.058,WAI_ALI,Peter,Pomacentridae,Dascyllus,reticulatus,37372074,1,AD,Passing,,
WAI_ALI_CAM1_left_1.MP4,18911,10.5166,WAI_ALI_Transect 1,2.101,,7.285,5.693,3448.266,12.383,,,679.452,-278.453,-3369.176,WAI_ALI,Peter,Pomacentridae,Dascyllus,reticulatus,37372074,1,AD,Passing,,
WAI_ALI_CAM1_left_1.MP4,18911,10.5166,WAI_ALI_Transect 1,2.101,,2.826,6.721,2129.773,21.833,,,-535.546,-575.74,-1979.305,WAI_ALI,Peter,Pomacentridae,Pomacentrus,coelestis,37372111,1,AD,Passing,,
WAI_ALI_CAM1_left_1.MP4,18916,10.5194,WAI_ALI_Transect 1,2.1038,75.349,3.087,3.765,2104.087,21.849,4.01,4.254,-750.924,-222.059,-1952.943,WAI_ALI,Peter,Pomacentridae,Chromis,weberi,37372054,1,AD,Passing,,
WAI_ALI_CAM1_left_1.MP4,18916,10.5194,WAI_ALI_Transect 1,2.1038,68.628,4.174,3.13,2396.129,18.104,14.82,2.938,-715.926,-204.599,-2277.504,WAI_ALI,Peter,Pomacentridae,Chromis,weberi,37372054,1,AD,Passing,,
WAI_ALI_CAM1_left_1.MP4,18916,10.5194,WAI_ALI_Transect 1,2.1038,,6.359,1.076,3217.105,10.08,,,-394.504,-389.23,-3169.012,WAI_ALI,Peter,Pomacentridae,Chromis,weberi,37372054,1,AD,Passing,,
WAI_ALI_CAM1_left_1.MP4,18961,10.5444,WAI_ALI_Transect 1,2.1288,,8.835,4.745,3802.768,12.812,,,73.144,-825.358,-3711.399,WAI_ALI,Peter,Acanthuridae,Acanthurus,nigrofuscus,37437014,1,AD,Passing,,
WAI_ALI_CAM1_left_1.MP4,18961,10.5444,WAI_ALI_Transect 1,2.1288,,12.987,3.943,4678.838,8.736,,,238.207,-651.172,-4627.176,WAI_ALI,Peter,Acanthuridae,Acanthurus,nigrofuscus,37437014,1,AD,Passing,,
WAI_ALI_CAM1_left_1.MP4,18961,10.5444,WAI_ALI_Transect 1,2.1288,104.709,3.394,6.403,2373.498,14.747,16.385,22.872,64.728,-600.71,-2295.311,WAI_ALI,Peter,Acanthuridae,Ctenochaetus,striatus,37437022,1,AD,Passing,,
WAI_ALI_CAM1_left_1.MP4,18961,10.5444,WAI_ALI_Transect 1,2.1288,99.81,4.807,4.112,2738.46,22.63,6.367,5.104,916.077,-520.704,-2527.614,WAI_ALI,Peter,Acanthuridae,Ctenochaetus,striatus,37437022,1,AD,Passing,,
WAI_ALI_CAM1_left_1.MP4,19039,10.5878,WAI_ALI_Transect 1,2.1722,,17.386,9.29,5395.892,16.821,,,-860.319,-1282.597,-5170.15,WAI_ALI,Peter,Chaetodontidae,Forcipiger,flavissimus,37365068,1,AD,Passing,,
WAI_ALI_CAM1_left_1.MP4,19056,10.5973,WAI_ALI_Transect 1,2.1816,183.815,11.571,5.343,3133.29,28.145,84.277,18.476,1388.935,-505.296,-2762.797,WAI_ALI,Peter,Labridae,Gomphosus,varius,37384106,1,AD,Passing,,
WAI_ALI_CAM1_left_1.MP4,19082,10.6117,WAI_ALI_Transect 1,2.1961,197.876,10.47,9.371,2462.325,12.734,65.625,5.699,125.848,-527.957,-2401.763,WAI_ALI,Peter,Serranidae,Cephalopholis,urodeta,37311142,1,AD,Passing,,
WAI_ALI_CAM1_left_1.MP4,19082,10.6117,WAI_ALI_Transect 1,2.1961,155.588,5.78,5.634,2272.707,17.776,42.345,26.321,524.028,-454.798,-2164.197,WAI_ALI,Peter,Cirrhitidae,Paracirrhites,forsteri,37374010,1,AD,Passing,,
WAI_ALI_CAM1_left_1.MP4,26200,14.5701,WAI_ALI_Transect 2,0.4638,172.105,13.793,16.931,4689.199,14.91,16.202,7.609,857.902,-848.319,-4531.329,WAI_ALI,Peter,Acanthuridae,Acanthurus,nigrofuscus,37437014,1,AD,Passing,,
WAI_ALI_CAM1_left_1.MP4,26200,14.5701,WAI_ALI_Transect 2,0.4638,,10.296,8.31,4088.917,13.319,,,541.532,-754.938,-3981.966,WAI_ALI,Peter,Pomacentridae,Chromis,margaritifer,37372047,1,AD,Passing,,
WAI_ALI_CAM1_left_1.MP4,26200,14.5701,WAI_ALI_Transect 2,0.4638,,15.829,12.228,5163.192,11.318,,,178.872,-977.298,-5066.7,WAI_ALI,Peter,Pomacentridae,Chromis,margaritifer,37372047,1,AD,Passing,,
WAI_ALI_CAM1_left_1.MP4,26200,14.5701,WAI_ALI_Transect 2,0.4638,,16.964,8.98,5355.245,9.297,,,449.074,-718.56,-5287.784,WAI_ALI,Peter,Pomacentridae,Chromis,margaritifer,37372047,1,AD,Passing,,
WAI_ALI_CAM1_left_1.MP4,26256,14.6013,WAI_ALI_Transect 2,0.4949,212.596,20.192,8.289,4178.019,15.847,40.372,18.013,612.129,-962.756,-4019.234,WAI_ALI,Peter,Acanthuridae,Ctenochaetus,striatus,37437022,1,AD,Passing,,
WAI_ALI_CAM1_left_1.MP4,26306,14.6291,WAI_ALI_Transect 2,0.5227,266.292,9.693,19.017,5122.243,13.34,4.938,8.06,-798.603,-871.18,-4984.039,WAI_ALI,Peter,Scaridae,Chlorurus,spilurus,temp_code_002,1,AD,Passing,,
WAI_ALI_CAM1_left_1.MP4,26390,14.6758,WAI_ALI_Transect 2,0.5695,184.223,4.138,7.688,2710.949,19.734,9.866,15.394,-647.632,-646.877,-2551.738,WAI_ALI,Peter,Acanthuridae,Acanthurus,nigrofuscus,37437014,1,AD,Passing,,
WAI_ALI_CAM1_left_1.MP4,26390,14.6758,WAI_ALI_Transect 2,0.5695,198.922,9.272,11.775,2856.472,26.101,58.07,9.744,-1062.62,-670.941,-2565.172,WAI_ALI,Peter,Acanthuridae,Acanthurus,nigrofuscus,37437014,1,AD,Passing,,
WAI_ALI_CAM1_left_1.MP4,26438,14.7025,WAI_ALI_Transect 2,0.5962,,5.362,4.337,3171.125,26.59,,,-1186.324,-768.05,-2838.797,WAI_ALI,Peter,Acanthuridae,Ctenochaetus,striatus,37437022,1,AD,Passing,,
WAI_ALI_CAM1_left_1.MP4,26455,14.7119,WAI_ALI_Transect 2,0.6056,,6.691,12.743,3783.598,27.946,,,-1741.998,-317.558,-3343.683,WAI_ALI,Peter,Pomacentridae,Chromis,margaritifer,37372047,1,AD,Passing,,
WAI_ALI_CAM1_left_1.MP4,26455,14.7119,WAI_ALI_Transect 2,0.6056,,8.323,8.672,4041.401,23.526,,,-1593.936,-233.63,-3706.441,WAI_ALI,Peter,Pomacentridae,Chromis,margaritifer,37372047,1,AD,Passing,,
WAI_ALI_CAM1_left_1.MP4,26455,14.7119,WAI_ALI_Transect 2,0.6056,,8.222,4.165,3972.044,22.097,,,-1489.296,-106.323,-3680.737,WAI_ALI,Peter,Pomacentridae,Chromis,margaritifer,37372047,1,AD,Passing,,
WAI_ALI_CAM1_left_1.MP4,26455,14.7119,WAI_ALI_Transect 2,0.6056,,9.418,7.989,4098.759,16.826,,,-1178.959,-117.711,-3923.777,WAI_ALI,Peter,Pomacentridae,Chromis,margaritifer,37372047,1,AD,Passing,,
WAI_ALI_CAM1_left_1.MP4,26455,14.7119,WAI_ALI_Transect 2,0.6056,106.405,9.829,12.771,3627.879,26.474,23.076,7.656,-1575.949,-363.305,-3247.445,WAI_ALI,Peter,Acanthuridae,Ctenochaetus,striatus,37437022,1,AD,Passing,,
WAI_ALI_CAM1_left_1.MP4,26455,14.7119,WAI_ALI_Transect 2,0.6056,,9.352,7.429,4080.7,17.571,,,-1196.841,-276.492,-3891.431,WAI_ALI,Peter,Pomacentridae,Dascyllus,reticulatus,37372074,1,AD,Passing,,
WAI_ALI_CAM1_left_1.MP4,26455,14.7119,WAI_ALI_Transect 2,0.6056,,9.938,7.896,4260.255,18.311,,,-1336.088,-64.267,-4044.813,WAI_ALI,Peter,Pomacentridae,Dascyllus,reticulatus,37372074,1,AD,Passing,,
WAI_ALI_CAM1_left_1.MP4,26536,14.757,WAI_ALI_Transect 2,0.6506,203.319,19.456,9.847,4995.644,19.876,22.384,1.348,-1664.946,-335.784,-4698.049,WAI_ALI,Peter,Acanthuridae,Acanthurus,nigrofuscus,37437014,1,AD,Passing,,
WAI_ALI_CAM1_left_1.MP4,26536,14.757,WAI_ALI_Transect 2,0.6506,234.011,20.872,8.652,4610.48,28.197,60.752,19.22,-2162.249,-265.364,-4063.347,WAI_ALI,Peter,Acanthuridae,Ctenochaetus,striatus,37437022,1,AD,Passing,,
WAI_ALI_CAM1_left_1.MP4,26536,14.757,WAI_ALI_Transect 2,0.6506,,18.219,3.181,5869.206,20.255,,,-1970.382,-474.52,-5508.176,WAI_ALI,Peter,Siganidae,Siganus,punctatus,37438003,1,AD,Passing,,
WAI_ALI_CAM1_left_1.MP4,26569,14.7753,WAI_ALI_Transect 2,0.669,50.276,2.846,5.615,2133.857,15.662,1.759,2.631,-571.526,-72.081,-2054.631,WAI_ALI,Peter,Pomacentridae,Chromis,margaritifer,37372047,1,AD,Passing,measurement of point,frame 26455
WAI_ALI_CAM1_left_1.MP4,26569,14.7753,WAI_ALI_Transect 2,0.669,49.956,4.058,7.141,2451.647,21.175,16.3,29.229,-856.683,-224.302,-2286.122,WAI_ALI,Peter,Pomacentridae,Dascyllus,reticulatus,37372074,1,AD,Passing,measurement of point,frame 26455
WAI_ALI_CAM1_left_1.MP4,26592,14.7881,WAI_ALI_Transect 2,0.6818,225.388,12.375,6.255,3680.306,11.911,26.401,0.062,584.994,-484.544,-3601.063,WAI_ALI,Peter,Acanthuridae,Ctenochaetus,striatus,37437022,1,AD,Passing,,
WAI_ALI_CAM1_left_1.MP4,26599,14.792,WAI_ALI_Transect 2,0.6857,,2.211,6.988,1933.282,25.958,,,-656.409,-527.181,-1740.341,WAI_ALI,Peter,Chaetodontidae,Chaetodon,baronessa,37365034,1,AD,Passing,,
WAI_ALI_CAM1_left_1.MP4,26599,14.792,WAI_ALI_Transect 2,0.6857,177.497,10.684,12.12,5116.836,12,7.865,6.268,716.45,-786.403,-5005.026,WAI_ALI,Peter,Scaridae,Chlorurus,bleekeri,37386011,1,AD,Passing,,
WAI_ALI_CAM1_left_1.MP4,26621,14.8042,WAI_ALI_Transect 2,0.6979,,8.804,4.413,4148.876,22.864,,,-1605.743,-126.707,-3823.442,WAI_ALI,Peter,Acanthuridae,Acanthurus,nigrofuscus,37437014,1,AD,Passing,,
WAI_ALI_CAM1_left_1.MP4,26621,14.8042,WAI_ALI_Transect 2,0.6979,124.051,9.636,7.861,3504.096,27.496,29.865,13.417,-1589.224,-302.633,-3108.291,WAI_ALI,Peter,Scaridae,Scarus,schlegeli,37386029,1,AD,Passing,,
WAI_ALI_CAM1_left_1.MP4,26626,14.807,WAI_ALI_Transect 2,0.7007,201.361,7.199,7.536,3931.386,10.748,8.677,6.005,-630.303,-374.48,-3862.419,WAI_ALI,Peter,Scaridae,Chlorurus,spilurus,temp_code_002,1,AD,Passing,,
WAI_ALI_CAM1_left_1.MP4,26626,14.807,WAI_ALI_Transect 2,0.7007,45.639,3.992,4.703,2288.473,18.133,16.931,7.442,-693.192,-163.632,-2174.815,WAI_ALI,Peter,Pomacentridae,Dascyllus,reticulatus,37372074,1,AD,Passing,,
WAI_ALI_CAM1_left_1.MP4,26626,14.807,WAI_ALI_Transect 2,0.7007,36.454,2.984,5.135,2151.629,18.598,5.506,17.429,-655.156,-204.12,-2039.268,WAI_ALI,Peter,Pomacentridae,Dascyllus,reticulatus,37372074,1,AD,Passing,,
WAI_ALI_CAM1_left_1.MP4,26626,14.807,WAI_ALI_Transect 2,0.7007,39.837,2.602,5.265,1969.141,19.337,2.078,5.941,-602.179,-250.041,-1858.057,WAI_ALI,Peter,Pomacentridae,Dascyllus,reticulatus,37372074,1,AD,Passing,,
WAI_ALI_CAM1_left_1.MP4,26640,14.8148,WAI_ALI_Transect 2,0.7085,,2.925,1.159,2131.224,16.803,,,-449.906,-412.813,-2041.883,WAI_ALI,Peter,Pomacanthidae,Centropyge,flavissima,37365026,1,AD,Passing,,
WAI_ALI_CAM1_left_1.MP4,26640,14.8148,WAI_ALI_Transect 2,0.7085,39.921,2.515,5.682,1793.376,21.478,17.901,22.459,-612.015,-237.946,-1668.837,WAI_ALI,Peter,Pomacentridae,Dascyllus,reticulatus,37372074,1,AD,Passing,,
WAI_ALI_CAM1_left_1.MP4,26703,14.8498,WAI_ALI_Transect 2,0.7435,64.608,1.864,4.767,1352.506,17.438,33.406,11.961,93.26,-394.441,-1290.346,WAI_ALI,Peter,Pomacentridae,Pomacentrus,vaiuli,37372126,1,AD,Passing,,
WAI_ALI_CAM1_left_1.MP4,26808,14.9082,WAI_ALI_Transect 2,0.8019,246.043,18.963,6.176,4297.031,20.362,38.121,7.003,-1455.308,342.919,-4028.518,WAI_ALI,Peter,Scaridae,Chlorurus,spilurus,temp_code_002,1,AD,Passing,,
WAI_ALI_CAM1_left_1.MP4,26825,14.9177,WAI_ALI_Transect 2,0.8114,211.936,11.469,6.539,2960.301,25.381,72.267,1.645,1264.337,-107.437,-2674.564,WAI_ALI,Peter,Acanthuridae,Ctenochaetus,striatus,37437022,1,AD,Passing,,
WAI_ALI_CAM1_left_1.MP4,26869,14.9421,WAI_ALI_Transect 2,0.8358,143.33,7.176,9.55,3606.549,8.625,12.145,4.903,537.559,59.639,-3565.763,WAI_ALI,Peter,Acanthuridae,Ctenochaetus,striatus,37437022,1,AD,Passing,,
WAI_ALI_CAM1_left_1.MP4,26876,14.946,WAI_ALI_Transect 2,0.8397,,4.61,9.606,3067.574,27.059,,,-1382.878,197.784,-2731.033,WAI_ALI,Peter,Pomacentridae,Dascyllus,reticulatus,37372074,1,AD,Passing,,
WAI_ALI_CAM1_left_1.MP4,26876,14.946,WAI_ALI_Transect 2,0.8397,,4.028,4.478,2834.958,26.489,,,-1260.943,104.537,-2536.944,WAI_ALI,Peter,Pomacentridae,Dascyllus,reticulatus,37372074,1,AD,Passing,,
WAI_ALI_CAM1_left_1.MP4,26876,14.946,WAI_ALI_Transect 2,0.8397,,4.348,8.276,2923.797,25.586,,,-1259.494,100.5,-2636.695,WAI_ALI,Peter,Pomacentridae,Dascyllus,reticulatus,37372074,1,AD,Passing,,
WAI_ALI_CAM1_left_1.MP4,26876,14.946,WAI_ALI_Transect 2,0.8397,,4.952,5.805,3037.91,22.715,,,-1167.104,129.549,-2801.782,WAI_ALI,Peter,Pomacentridae,Dascyllus,reticulatus,37372074,1,AD,Passing,,
WAI_ALI_CAM1_left_1.MP4,26876,14.946,WAI_ALI_Transect 2,0.8397,,5.145,3.081,3152.761,24.176,,,-1287.509,108.718,-2875.831,WAI_ALI,Peter,Pomacentridae,Dascyllus,reticulatus,37372074,1,AD,Passing,,
WAI_ALI_CAM1_left_1.MP4,26876,14.946,WAI_ALI_Transect 2,0.8397,,5.452,3.511,3245.635,23.928,,,-1313.772,94.77,-2966.339,WAI_ALI,Peter,Pomacentridae,Dascyllus,reticulatus,37372074,1,AD,Passing,,
WAI_ALI_CAM1_left_1.MP4,26876,14.946,WAI_ALI_Transect 2,0.8397,,5.897,0.384,3379.234,23.703,,,-1356.689,81.608,-3093.858,WAI_ALI,Peter,Pomacentridae,Dascyllus,reticulatus,37372074,1,AD,Passing,,
WAI_ALI_CAM1_left_1.MP4,26876,14.946,WAI_ALI_Transect 2,0.8397,,5.152,2.123,3131.152,23.993,,,-1250.097,252.755,-2859.63,WAI_ALI,Peter,Pomacentridae,Dascyllus,reticulatus,37372074,1,AD,Passing,,
WAI_ALI_CAM1_left_1.MP4,26876,14.946,WAI_ALI_Transect 2,0.8397,,5.727,0.15,3272.755,22.852,,,-1243.215,276.28,-3014.799,WAI_ALI,Peter,Pomacentridae,Dascyllus,reticulatus,37372074,1,AD,Passing,,
WAI_ALI_CAM1_left_1.MP4,26876,14.946,WAI_ALI_Transect 2,0.8397,,4.692,4.85,2941.687,22.747,,,-1120.839,204.462,-2712.091,WAI_ALI,Peter,Pomacentridae,Dascyllus,reticulatus,37372074,1,AD,Passing,,
WAI_ALI_CAM1_left_1.MP4,26876,14.946,WAI_ALI_Transect 2,0.8397,,5.297,1.708,3065.354,19.981,,,-1030.043,201.536,-2880.068,WAI_ALI,Peter,Pomacentridae,Dascyllus,reticulatus,37372074,1,AD,Passing,,
WAI_ALI_CAM1_left_1.MP4,26876,14.946,WAI_ALI_Transect 2,0.8397,,7.167,8.199,3619.787,20.47,,,-1245.672,238.99,-3390.286,WAI_ALI,Peter,Pomacentridae,Dascyllus,reticulatus,37372074,1,AD,Passing,,
WAI_ALI_CAM1_left_1.MP4,26876,14.946,WAI_ALI_Transect 2,0.8397,,4.109,9.231,2684.261,20.552,,,-930.676,157.592,-2512.82,WAI_ALI,Peter,Pomacentridae,Dascyllus,reticulatus,37372074,1,AD,Passing,,
WAI_ALI_CAM1_left_1.MP4,26876,14.946,WAI_ALI_Transect 2,0.8397,,5.314,6.285,3011.278,16.763,,,-860.621,127.96,-2882.837,WAI_ALI,Peter,Pomacentridae,Dascyllus,reticulatus,37372074,1,AD,Passing,,
WAI_ALI_CAM1_left_1.MP4,26876,14.946,WAI_ALI_Transect 2,0.8397,,5.341,7.214,2957.565,13.245,,,-633.933,250.842,-2877.916,WAI_ALI,Peter,Pomacentridae,Dascyllus,reticulatus,37372074,1,AD,Passing,,
WAI_ALI_CAM1_left_1.MP4,26876,14.946,WAI_ALI_Transect 2,0.8397,,5.313,7.014,2982.087,15.653,,,-776.243,223.185,-2870.623,WAI_ALI,Peter,Pomacentridae,Dascyllus,reticulatus,37372074,1,AD,Passing,,
WAI_ALI_CAM1_left_1.MP4,26876,14.946,WAI_ALI_Transect 2,0.8397,,7.269,4.272,3519.569,16.836,,,-935.08,419.323,-3367.07,WAI_ALI,Peter,Pomacentridae,Dascyllus,reticulatus,37372074,1,AD,Passing,,
WAI_ALI_CAM1_left_1.MP4,26876,14.946,WAI_ALI_Transect 2,0.8397,,6.377,3.149,3326.611,18.509,,,-999.666,352.904,-3153.167,WAI_ALI,Peter,Pomacentridae,Dascyllus,reticulatus,37372074,1,AD,Passing,,
WAI_ALI_CAM1_left_1.MP4,26876,14.946,WAI_ALI_Transect 2,0.8397,,7.704,6.34,3656.348,17.204,,,-1031.669,338.229,-3491.439,WAI_ALI,Peter,Pomacentridae,Dascyllus,reticulatus,37372074,1,AD,Passing,,
WAI_ALI_CAM1_left_1.MP4,26876,14.946,WAI_ALI_Transect 2,0.8397,,5.258,5.527,3007.814,18.235,,,-912.456,242.136,-2855.826,WAI_ALI,Peter,Pomacentridae,Dascyllus,reticulatus,37372074,1,AD,Passing,,
WAI_ALI_CAM1_left_1.MP4,26876,14.946,WAI_ALI_Transect 2,0.8397,,6.139,8.545,3301.803,19.42,,,-1075.174,234.166,-3113.048,WAI_ALI,Peter,Pomacentridae,Dascyllus,reticulatus,37372074,1,AD,Passing,,
WAI_ALI_CAM1_left_1.MP4,26876,14.946,WAI_ALI_Transect 2,0.8397,,5.969,3.79,3233.256,18.991,,,-1016.674,283.095,-3056.17,WAI_ALI,Peter,Pomacentridae,Dascyllus,reticulatus,37372074,1,AD,Passing,,
WAI_ALI_CAM1_left_1.MP4,26876,14.946,WAI_ALI_Transect 2,0.8397,,4.692,1.144,2875.158,20.687,,,-981.691,271.298,-2688.72,WAI_ALI,Peter,Pomacentridae,Dascyllus,reticulatus,37372074,1,AD,Passing,,
WAI_ALI_CAM1_left_1.MP4,26876,14.946,WAI_ALI_Transect 2,0.8397,,6.454,10.244,3401.966,20.398,,,-1141.893,332.005,-3187.354,WAI_ALI,Peter,Pomacentridae,Dascyllus,reticulatus,37372074,1,AD,Passing,,
WAI_ALI_CAM1_left_1.MP4,26876,14.946,WAI_ALI_Transect 2,0.8397,,7.021,2.974,3534.18,19.892,,,-1142.145,389.405,-3321.791,WAI_ALI,Peter,Pomacentridae,Dascyllus,reticulatus,37372074,1,AD,Passing,,
WAI_ALI_CAM1_left_1.MP4,26876,14.946,WAI_ALI_Transect 2,0.8397,,6.037,9.344,3297.723,21.281,,,-1140.515,375.186,-3071.39,WAI_ALI,Peter,Pomacentridae,Dascyllus,reticulatus,37372074,1,AD,Passing,,
WAI_ALI_CAM1_left_1.MP4,26876,14.946,WAI_ALI_Transect 2,0.8397,,5.258,9.987,3090.182,22.181,,,-1118.826,341.994,-2860.156,WAI_ALI,Peter,Pomacentridae,Dascyllus,reticulatus,37372074,1,AD,Passing,,
WAI_ALI_CAM1_left_1.MP4,27002,15.0161,WAI_ALI_Transect 2,0.9098,,11.811,4.49,4841.427,25.974,,,2087.104,-356.951,-4353.849,WAI_ALI,Peter,Scaridae,Chlorurus,spilurus,temp_code_002,1,AD,Passing,,
WAI_ALI_CAM1_left_1.MP4,27002,15.0161,WAI_ALI_Transect 2,0.9098,184.262,15.633,13.089,4865.759,17.612,14.167,4.884,1385.584,-497.55,-4637.694,WAI_ALI,Peter,Acanthuridae,Zebrasoma,velifer,37437037,1,AD,Passing,,
WAI_ALI_CAM1_left_1.MP4,27002,15.0161,WAI_ALI_Transect 2,0.9098,,14.167,3.052,5237.604,24.429,,,2130.474,-372.44,-4770.206,WAI_ALI,Peter,Acanthuridae,Zebrasoma,velifer,37437037,1,AD,Passing,,
WAI_ALI_CAM1_left_1.MP4,27120,15.0817,WAI_ALI_Transect 2,0.9754,50.389,2.607,10.395,1352.64,10.939,81.042,41.083,-47.888,-252.171,-1328.063,WAI_ALI,Peter,Pomacentridae,Dascyllus,reticulatus,37372074,1,AD,Passing,,
WAI_ALI_CAM1_left_1.MP4,27120,15.0817,WAI_ALI_Transect 2,0.9754,63.373,1.54,9.812,1409.894,21.584,10.837,10.622,-399.118,-331.209,-1311.033,WAI_ALI,Peter,Pomacentridae,Pomacentrus,vaiuli,37372126,1,AD,Passing,,
WAI_ALI_CAM1_left_1.MP4,27188,15.1195,WAI_ALI_Transect 2,1.0132,90.565,9.044,9.156,3561.021,23.076,12.515,0.119,1393.891,-71.622,-3276.097,WAI_ALI,Peter,Acanthuridae,Ctenochaetus,striatus,37437022,1,AD,Passing,,
WAI_ALI_CAM1_left_1.MP4,27324,15.1952,WAI_ALI_Transect 2,1.0889,104.392,4.057,13.709,1926.162,10.94,78.749,56.993,241.482,-274.426,-1891.158,WAI_ALI,Peter,Chaetodontidae,Chaetodon,citrinellus,37365036,1,AD,Passing,,
WAI_ALI_CAM1_left_1.MP4,27324,15.1952,WAI_ALI_Transect 2,1.0889,69.511,3.657,9.04,1811.844,14.56,59.691,46.854,452.302,-53.647,-1753.66,WAI_ALI,Peter,Pomacentridae,Dascyllus,reticulatus,37372074,1,AD,Passing,,
WAI_ALI_CAM1_left_1.MP4,27324,15.1952,WAI_ALI_Transect 2,1.0889,51.386,2.162,7.221,1770.133,17.824,6.843,28.216,539.508,-50.048,-1685.17,WAI_ALI,Peter,Pomacentridae,Dascyllus,reticulatus,37372074,1,AD,Passing,,
WAI_ALI_CAM1_left_1.MP4,27324,15.1952,WAI_ALI_Transect 2,1.0889,41.556,3.982,6.969,1840.691,12.201,46.5,34.598,379.684,-84.704,-1799.113,WAI_ALI,Peter,Pomacentridae,Dascyllus,reticulatus,37372074,1,AD,Passing,,
WAI_ALI_CAM1_left_1.MP4,27324,15.1952,WAI_ALI_Transect 2,1.0889,40.987,2.494,13.533,1494.698,13.046,36.459,23.921,325.646,-88.294,-1456.118,WAI_ALI,Peter,Pomacentridae,Dascyllus,reticulatus,37372074,1,AD,Passing,,
WAI_ALI_CAM1_left_1.MP4,27324,15.1952,WAI_ALI_Transect 2,1.0889,,2.368,8.671,1869.684,7.359,,,238.236,-17.045,-1854.366,WAI_ALI,Peter,Pomacentridae,Dascyllus,reticulatus,37372074,1,AD,Passing,,
WAI_ALI_CAM1_left_1.MP4,27452,15.2664,WAI_ALI_Transect 2,1.16,148.512,9.38,13.667,4332.517,20.492,5.071,33.117,-1424.002,-522.15,-4058.36,WAI_ALI,Peter,Labridae,Halichoeres,hortulanus,37384112,1,AD,Passing,,
WAI_ALI_CAM1_left_1.MP4,27544,15.3175,WAI_ALI_Transect 2,1.2112,108.752,2.117,6.553,1891.263,16.537,5.711,17.676,-400.735,-359.449,-1813.031,WAI_ALI,Peter,Acanthuridae,Acanthurus,nigrofuscus,37437014,1,AD,Passing,,
WAI_ALI_CAM1_left_1.MP4,27571,15.3325,WAI_ALI_Transect 2,1.2262,116.51,2.134,6.929,1942.035,17.839,5.955,1.431,-381.733,-456.306,-1848.666,WAI_ALI,Peter,Acanthuridae,Acanthurus,nigrofuscus,37437014,1,AD,Passing,,
WAI_ALI_CAM1_left_1.MP4,27678,15.392,WAI_ALI_Transect 2,1.2857,179.65,6.383,1.004,2650.683,12.39,26.01,3.297,391.031,-413.018,-2588.945,WAI_ALI,Peter,Acanthuridae,Acanthurus,nigrofuscus,37437014,1,AD,Passing,,
WAI_ALI_CAM1_left_1.MP4,27713,15.4115,WAI_ALI_Transect 2,1.3052,,5.465,3.166,3177.893,23.107,,,-1183.697,-381.255,-2924.468,WAI_ALI,Peter,Pomacentridae,Chromis,margaritifer,37372047,1,AD,Passing,,
WAI_ALI_CAM1_left_1.MP4,27868,15.4977,WAI_ALI_Transect 2,1.3914,,13.174,1.944,5222.546,24.439,,,-2160.186,67.486,-4754.369,WAI_ALI,Peter,Chaetodontidae,Chaetodon,lunulatus,37365059,1,AD,Passing,,
WAI_ALI_CAM1_left_1.MP4,27868,15.4977,WAI_ALI_Transect 2,1.3914,,12.304,7.594,5096.203,25.369,,,-2183.182,-16.791,-4604.858,WAI_ALI,Peter,Chaetodontidae,Chaetodon,lunulatus,37365059,1,AD,Passing,,
WAI_ALI_CAM1_left_1.MP4,27868,15.4977,WAI_ALI_Transect 2,1.3914,,4.142,1.417,2906.83,27.111,,,-1324.677,7.159,-2587.439,WAI_ALI,Peter,Scaridae,Scarus,niger,37386021,1,AD,Passing,,
WAI_ALI_CAM1_left_1.MP4,28014,15.5789,WAI_ALI_Transect 2,1.4726,169.058,9.711,4.31,4576.912,31.371,1.948,45.467,-2093.759,1137.116,-3907.847,WAI_ALI,Peter,Serranidae,Cephalopholis,argus,37311082,1,AD,Passing,,
WAI_ALI_CAM1_left_1.MP4,28030,15.5878,WAI_ALI_Transect 2,1.4815,160.108,12.49,4.943,4685.713,26.503,18.606,37.626,-1916.617,835.91,-4193.298,WAI_ALI,Peter,Scaridae,Chlorurus,spilurus,temp_code_002,1,AD,Passing,,
WAI_ALI_CAM1_left_1.MP4,28414,15.8013,WAI_ALI_Transect 2,1.695,65.329,3.59,7.431,1605.919,21.124,70.953,13.078,-559.175,-149.251,-1498.006,WAI_ALI,Peter,Pomacentridae,Pomacentrus,vaiuli,37372126,1,AD,Passing,,
WAI_ALI_CAM1_left_1.MP4,28435,15.813,WAI_ALI_Transect 2,1.7067,230.476,7.939,12.954,4567.306,11.409,2.673,16.018,777.006,-460.935,-4477.062,WAI_ALI,Peter,Acanthuridae,Naso,lituratus,37437029,1,AD,Passing,,
WAI_ALI_CAM1_left_1.MP4,28496,15.8469,WAI_ALI_Transect 2,1.7406,125.533,7.022,15.696,2968.219,21.245,30.164,31.055,-1013.154,-361.063,-2766.492,WAI_ALI,Peter,Acanthuridae,Acanthurus,nigrofuscus,37437014,1,AD,Passing,,
WAI_ALI_CAM1_left_1.MP4,28496,15.8469,WAI_ALI_Transect 2,1.7406,154.743,6.932,10.888,3107.722,18.131,23.703,32.035,-795.61,-549.826,-2953.41,WAI_ALI,Peter,Scaridae,Chlorurus,spilurus,temp_code_002,1,AD,Passing,,
WAI_ALI_CAM1_left_1.MP4,28611,15.9109,WAI_ALI_Transect 2,1.8046,,7.611,1.775,3634.727,20.535,,,1214.141,-375.668,-3405.286,WAI_ALI,Peter,Pomacentridae,Chromis,margaritifer,37372047,1,AD,Passing,,
WAI_ALI_CAM1_left_1.MP4,28611,15.9109,WAI_ALI_Transect 2,1.8046,,9.102,4.255,3989.076,19.82,,,1305.568,-338.466,-3754.152,WAI_ALI,Peter,Pomacentridae,Chromis,margaritifer,37372047,1,AD,Passing,,
WAI_ALI_CAM1_left_1.MP4,28611,15.9109,WAI_ALI_Transect 2,1.8046,230.675,12.541,4.418,3000.698,23.908,72.553,2.556,1126.506,-458.135,-2743.225,WAI_ALI,Peter,Acanthuridae,Naso,lituratus,37437029,1,AD,Passing,,
WAI_ALI_CAM1_left_1.MP4,29122,16.1951,WAI_ALI_Transect 2,2.0888,116.236,10.371,9.786,2978.435,25.361,56.174,9.514,1273.855,69.371,-2691.386,WAI_ALI,Peter,Acanthuridae,Acanthurus,nigrofuscus,37437014,1,AD,Passing,,
WAI_ALI_CAM1_left_1.MP4,29122,16.1951,WAI_ALI_Transect 2,2.0888,98.953,8.017,11.448,3280.168,27.244,23.261,22.13,1478.368,263.131,-2916.28,WAI_ALI,Peter,Acanthuridae,Acanthurus,nigrofuscus,37437014,1,AD,Passing,,
WAI_ALI_CAM1_left_1.MP4,29122,16.1951,WAI_ALI_Transect 2,2.0888,,15.861,8.601,5248.034,14.391,,,1302.513,89.81,-5083.036,WAI_ALI,Peter,Acanthuridae,Acanthurus,nigrofuscus,37437014,1,AD,Passing,,
WAI_ALI_CAM1_left_1.MP4,29122,16.1951,WAI_ALI_Transect 2,2.0888,,21.006,12.791,6161.786,15.458,,,-1616.351,314.294,-5937.696,WAI_ALI,Peter,Acanthuridae,Acanthurus,nigrofuscus,37437014,1,AD,Passing,,
WAI_ALI_CAM1_left_1.MP4,29122,16.1951,WAI_ALI_Transect 2,2.0888,,19.557,7.063,5908.106,13.799,,,-1389.925,254.608,-5736.636,WAI_ALI,Peter,Acanthuridae,Acanthurus,nigrofuscus,37437014,1,AD,Passing,,
WAI_ALI_CAM1_left_1.MP4,29122,16.1951,WAI_ALI_Transect 2,2.0888,197.737,14.004,15.255,6196.427,12.365,5.092,38.969,1291.711,303.326,-6052.701,WAI_ALI,Peter,Acanthuridae,Ctenochaetus,striatus,37437022,1,AD,Passing,,
WAI_ALI_CAM1_left_1.MP4,29214,16.2462,WAI_ALI_Transect 2,2.1399,120.995,7.362,6.412,2791.206,16.521,27.171,0.1,770.931,-188.799,-2675.976,WAI_ALI,Peter,Balistidae,Balistapus,undulatus,37465047,1,AD,Passing,,
WAI_ALI_CAM1_left_1.MP4,29214,16.2462,WAI_ALI_Transect 2,2.1399,48.841,1.882,6.632,1360.932,20.776,37.588,21.145,-87.451,-474.76,-1272.435,WAI_ALI,Peter,Pomacentridae,Pomacentrus,coelestis,37372111,1,AD,Passing,,
WAI_ALI_CAM1_left_1.MP4,29245,16.2635,WAI_ALI_Transect 2,2.1572,,9.342,3.236,4342.494,26.815,,,1945.98,-209.853,-3876.387,WAI_ALI,Peter,Acanthuridae,Ctenochaetus,striatus,37437022,1,AD,Passing,,
WAI_ALI_CAM1_left_1.MP4,29245,16.2635,WAI_ALI_Transect 2,2.1572,,10.736,3.67,4782.013,28.372,,,2272.012,-23.594,-4207.738,WAI_ALI,Peter,Acanthuridae,Ctenochaetus,striatus,37437022,1,AD,Passing,,
WAI_ALI_CAM1_left_1.MP4,37311,20.7491,WAI_ALI_Transect 3,0.5016,188.184,17.417,18.647,4839.553,24.139,20.739,14.243,1887.062,596.606,-4416.371,WAI_ALI,Peter,Acanthuridae,Acanthurus,nigrofuscus,37437014,1,AD,Passing,,
WAI_ALI_CAM1_left_1.MP4,37311,20.7491,WAI_ALI_Transect 3,0.5016,193.072,13.04,15.734,3993.871,22.16,23.407,10.744,1506.485,5.063,-3698.849,WAI_ALI,Peter,Scaridae,Scarus,schlegeli,37386029,1,AD,Passing,,
WAI_ALI_CAM1_left_1.MP4,37398,20.7974,WAI_ALI_Transect 3,0.55,116.19,9.607,8.186,3954.34,20.351,26.114,52.164,-947.717,-996.54,-3707.499,WAI_ALI,Peter,Chaetodontidae,Chaetodon,vagabundus,37365062,1,AD,Passing,,
WAI_ALI_CAM1_left_1.MP4,37398,20.7974,WAI_ALI_Transect 3,0.55,110.384,7.778,10.035,4056.652,18.974,8.09,36.493,-915.931,-949.09,-3836.238,WAI_ALI,Peter,Chaetodontidae,Chaetodon,vagabundus,37365062,1,AD,Passing,,
WAI_ALI_CAM1_left_1.MP4,37427,20.8136,WAI_ALI_Transect 3,0.5661,,11.193,5.358,4768.023,26.538,,,2124.867,168.961,-4265.025,WAI_ALI,Peter,Acanthuridae,Acanthurus,nigrofuscus,37437014,1,AD,Passing,,
WAI_ALI_CAM1_left_1.MP4,37427,20.8136,WAI_ALI_Transect 3,0.5661,175.386,4.927,7.805,4087.765,8.103,4.295,31.443,-309.605,-485.97,-4046.949,WAI_ALI,Peter,Acanthuridae,Ctenochaetus,striatus,37437022,1,AD,Passing,,
WAI_ALI_CAM1_left_1.MP4,37492,20.8497,WAI_ALI_Transect 3,0.6023,167.417,15.989,14.928,5204.815,22.968,12.084,12.399,-1714.491,-1088.841,-4792.186,WAI_ALI,Peter,Acanthuridae,Acanthurus,nigrofuscus,37437014,1,AD,Passing,,
WAI_ALI_CAM1_left_1.MP4,37492,20.8497,WAI_ALI_Transect 3,0.6023,,15.259,11.281,5615.238,28.502,,,-2344.57,-1277.613,-4939.797,WAI_ALI,Peter,Acanthuridae,Acanthurus,nigrofuscus,37437014,1,AD,Passing,,
WAI_ALI_CAM1_left_1.MP4,37492,20.8497,WAI_ALI_Transect 3,0.6023,142.31,11.716,10.438,3573.452,24.718,45.476,34.266,-1067.633,-1045.397,-3246.053,WAI_ALI,Peter,Balistidae,Sufflamen,chrysopterum,37465079,1,AD,Passing,,
WAI_ALI_CAM1_left_1.MP4,37527,20.8692,WAI_ALI_Transect 3,0.6217,178.683,15.928,13.73,3750.598,24.797,52.328,7.483,-1213.55,-1000.824,-3404.796,WAI_ALI,Peter,Acanthuridae,Zebrasoma,velifer,37437037,1,AD,Passing,,
WAI_ALI_CAM1_left_1.MP4,37541,20.877,WAI_ALI_Transect 3,0.6295,197.167,7.28,12.079,3486.25,21.105,17.388,16.068,-627.898,-1086.993,-3252.404,WAI_ALI,Peter,Acanthuridae,Zebrasoma,velifer,37437037,1,AD,Passing,,
WAI_ALI_CAM1_left_1.MP4,37547,20.8803,WAI_ALI_Transect 3,0.6329,36.885,2.222,3.024,1713.664,21.176,18.886,25.043,418.9,-455.757,-1597.953,WAI_ALI,Peter,Pomacentridae,Dascyllus,reticulatus,37372074,1,AD,Passing,,
WAI_ALI_CAM1_left_1.MP4,37547,20.8803,WAI_ALI_Transect 3,0.6329,31.295,2.15,1.363,1702.471,22.795,15.13,17.058,476.617,-455.947,-1569.508,WAI_ALI,Peter,Pomacentridae,Dascyllus,reticulatus,37372074,1,AD,Passing,,
WAI_ALI_CAM1_left_1.MP4,37575,20.8959,WAI_ALI_Transect 3,0.6484,93.118,5.689,4.015,1850.822,17.154,71.192,5.027,141.669,-527.166,-1768.493,WAI_ALI,Peter,Acanthuridae,Acanthurus,nigrofuscus,37437014,1,AD,Passing,,
WAI_ALI_CAM1_left_1.MP4,37575,20.8959,WAI_ALI_Transect 3,0.6484,82.121,4.761,3.962,2080.196,15.504,38.493,21.991,-5.476,-556.037,-2004.497,WAI_ALI,Peter,Labridae,Labroides,dimidiatus,37384028,1,AD,Passing,,
WAI_ALI_CAM1_left_1.MP4,37575,20.8959,WAI_ALI_Transect 3,0.6484,66.216,5.494,6.877,2148.798,16.874,42.696,17.388,-3.659,-623.705,-2056.285,WAI_ALI,Peter,Pomacentridae,Pomacentrus,maafu,temp_code_005,1,AD,Passing,,
WAI_ALI_CAM1_left_1.MP4,37627,20.9248,WAI_ALI_Transect 3,0.6773,115.617,5.113,10.735,2928.537,22.574,4.644,20.624,-1040.516,-425.654,-2704.159,WAI_ALI,Peter,Labridae,Oxycheilinus,digrammus,37384065,1,AD,Passing,,
WAI_ALI_CAM1_left_1.MP4,37627,20.9248,WAI_ALI_Transect 3,0.6773,193.357,16.295,11.192,4825.374,10.667,19.446,4.821,-670.442,-590.184,-4741.985,WAI_ALI,Peter,Scaridae,Scarus,schlegeli,37386029,1,AD,Passing,,
WAI_ALI_CAM1_left_1.MP4,37755,20.996,WAI_ALI_Transect 3,0.7485,187.616,13.888,5.838,4526.609,19.069,20.323,22.429,-1183.64,-886.604,-4278.214,WAI_ALI,Peter,Scaridae,Chlorurus,bleekeri,37386011,1,AD,Passing,,
WAI_ALI_CAM1_left_1.MP4,37783,21.0115,WAI_ALI_Transect 3,0.7641,86.059,4.378,6.565,2237.002,21.589,23.878,0.539,743.83,-352.39,-2080.076,WAI_ALI,Peter,Acanthuridae,Acanthurus,nigrofuscus,37437014,1,AD,Passing,,
WAI_ALI_CAM1_left_1.MP4,37783,21.0115,WAI_ALI_Transect 3,0.7641,171.99,10.852,11.088,3346.947,21.014,31.536,5.353,1179.023,-224.576,-3124.344,WAI_ALI,Peter,Scaridae,Chlorurus,spilurus,temp_code_002,1,AD,Passing,,
WAI_ALI_CAM1_left_1.MP4,37783,21.0115,WAI_ALI_Transect 3,0.7641,175.281,9.057,14.723,3377.992,26.502,22.374,6.787,1504.967,-85.049,-3023.023,WAI_ALI,Peter,Scaridae,Scarus,schlegeli,37386029,1,AD,Passing,,
WAI_ALI_CAM1_left_1.MP4,37868,21.0588,WAI_ALI_Transect 3,0.8114,118.104,9.179,6.571,3620.107,21.275,16.63,20.23,1271.745,-328.602,-3373.404,WAI_ALI,Peter,Labridae,Halichoeres,hortulanus,37384112,1,AD,Passing,,
WAI_ALI_CAM1_left_1.MP4,37884,21.0677,WAI_ALI_Transect 3,0.8203,,18.216,14.172,5683.856,21.805,,,1901.849,937.565,-5273.534,WAI_ALI,Peter,Acanthuridae,Acanthurus,nigrofuscus,37437014,1,AD,Passing,,
WAI_ALI_CAM1_left_1.MP4,37884,21.0677,WAI_ALI_Transect 3,0.8203,,12.103,8.813,4712.266,18.839,,,-1484.907,-314.665,-4461.109,WAI_ALI,Peter,Scaridae,Chlorurus,bleekeri,37386011,1,AD,Passing,,
WAI_ALI_CAM1_left_1.MP4,37884,21.0677,WAI_ALI_Transect 3,0.8203,,19.558,5.193,5934.795,14.626,,,-1474.543,-244.52,-5743.494,WAI_ALI,Peter,Scaridae,Chlorurus,spilurus,temp_code_002,1,AD,Passing,,
WAI_ALI_CAM1_left_1.MP4,37930,21.0933,WAI_ALI_Transect 3,0.8458,,22.76,2.914,6242.911,12.589,,,1287.023,465.848,-6091.017,WAI_ALI,Peter,Acanthuridae,Acanthurus,nigrofuscus,37437014,1,AD,Passing,,
WAI_ALI_CAM1_left_1.MP4,37930,21.0933,WAI_ALI_Transect 3,0.8458,,29.766,4.218,7188.409,7.797,,,826.323,546.145,-7119.842,WAI_ALI,Peter,Acanthuridae,Acanthurus,nigrofuscus,37437014,1,AD,Passing,,
WAI_ALI_CAM1_left_1.MP4,37930,21.0933,WAI_ALI_Transect 3,0.8458,,28.543,0.729,7100.996,5.557,,,475.201,524.978,-7065.602,WAI_ALI,Peter,Acanthuridae,Acanthurus,nigrofuscus,37437014,1,AD,Passing,,
WAI_ALI_CAM1_left_1.MP4,37930,21.0933,WAI_ALI_Transect 3,0.8458,,13.6,5.381,4817.4,10.768,,,899.15,58.685,-4732.381,WAI_ALI,Peter,Scaridae,Chlorurus,spilurus,temp_code_002,1,AD,Passing,,
WAI_ALI_CAM1_left_1.MP4,37930,21.0933,WAI_ALI_Transect 3,0.8458,,18.97,9.487,5731.001,14.369,,,1395.558,296.403,-5550.58,WAI_ALI,Peter,Scaridae,Chlorurus,spilurus,temp_code_002,1,AD,Passing,,
WAI_ALI_CAM1_left_1.MP4,37930,21.0933,WAI_ALI_Transect 3,0.8458,,26.143,8.861,6873.135,20.361,,,2293.631,702.316,-6440.962,WAI_ALI,Peter,Acanthuridae,Zebrasoma,velifer,37437037,1,AD,Passing,,
WAI_ALI_CAM1_left_1.MP4,37986,21.1244,WAI_ALI_Transect 3,0.877,,15.436,2.169,5202.584,14.766,,,-1235.205,-462.18,-5032.647,WAI_ALI,Peter,Acanthuridae,Acanthurus,nigrofuscus,37437014,1,AD,Passing,,
WAI_ALI_CAM1_left_1.MP4,37986,21.1244,WAI_ALI_Transect 3,0.877,,24.987,8.368,6829.508,16.92,,,-1986.396,96.946,-6533.529,WAI_ALI,Peter,Acanthuridae,Acanthurus,nigrofuscus,37437014,1,AD,Passing,,
WAI_ALI_CAM1_left_1.MP4,37986,21.1244,WAI_ALI_Transect 3,0.877,,20.908,12.623,6159.307,14.421,,,-1533.534,-10.418,-5965.335,WAI_ALI,Peter,Acanthuridae,Acanthurus,nigrofuscus,37437014,1,AD,Passing,,
WAI_ALI_CAM1_left_1.MP4,37986,21.1244,WAI_ALI_Transect 3,0.877,,31.019,8.231,7502.029,6.203,,,-805.716,-59.274,-7458.401,WAI_ALI,Peter,Acanthuridae,Acanthurus,nigrofuscus,37437014,1,AD,Passing,,
WAI_ALI_CAM1_left_1.MP4,37986,21.1244,WAI_ALI_Transect 3,0.877,,15.101,1.326,5140.458,11.118,,,-966.403,-200.323,-5044.824,WAI_ALI,Peter,Acanthuridae,Acanthurus,nigrofuscus,37437014,1,AD,Passing,,
WAI_ALI_CAM1_left_1.MP4,37986,21.1244,WAI_ALI_Transect 3,0.877,,35.307,7.618,7998.224,7.843,,,-1091.343,40.879,-7923.313,WAI_ALI,Peter,Acanthuridae,Acanthurus,nigrofuscus,37437014,1,AD,Passing,,
WAI_ALI_CAM1_left_1.MP4,37986,21.1244,WAI_ALI_Transect 3,0.877,249.119,19.265,9.784,4214.081,26.732,57.35,5.957,-1758.145,-708.534,-3763.693,WAI_ALI,Peter,Scaridae,Chlorurus,bleekeri,37386011,1,AD,Passing,,
WAI_ALI_CAM1_left_1.MP4,37986,21.1244,WAI_ALI_Transect 3,0.877,,14.013,13.083,4883.128,17.144,,,-1092.761,-918.464,-4669.822,WAI_ALI,Peter,Scaridae,Chlorurus,bleekeri,37386011,1,AD,Passing,,
WAI_ALI_CAM1_left_1.MP4,37986,21.1244,WAI_ALI_Transect 3,0.877,,11.079,8.892,4381.5,18.887,,,-1176.175,-776.195,-4148.696,WAI_ALI,Peter,Scaridae,Chlorurus,bleekeri,37386011,1,AD,Passing,,
WAI_ALI_CAM1_left_1.MP4,37986,21.1244,WAI_ALI_Transect 3,0.877,,8.113,13.042,3890.909,23.65,,,-1409.45,-656.421,-3566.754,WAI_ALI,Peter,Scaridae,Chlorurus,bleekeri,37386011,1,AD,Passing,,
WAI_ALI_CAM1_left_1.MP4,37986,21.1244,WAI_ALI_Transect 3,0.877,,14.427,14.477,5042.861,16.545,,,-1323.003,-539.337,-4836.241,WAI_ALI,Peter,Scaridae,Chlorurus,bleekeri,37386011,1,AD,Passing,,
WAI_ALI_CAM1_left_1.MP4,37986,21.1244,WAI_ALI_Transect 3,0.877,,21.576,5.989,6490.362,20.41,,,-2261.347,-73.283,-6083.234,WAI_ALI,Peter,Acanthuridae,Ctenochaetus,striatus,37437022,1,AD,Passing,,
WAI_ALI_CAM1_left_1.MP4,37986,21.1244,WAI_ALI_Transect 3,0.877,,12.992,11.356,4720.095,8.45,,,-578.921,-363.484,-4670.335,WAI_ALI,Peter,Acanthuridae,Ctenochaetus,striatus,37437022,1,AD,Passing,,
WAI_ALI_CAM1_left_1.MP4,38082,21.1778,WAI_ALI_Transect 3,0.9304,,16.314,5.742,5360.412,10.498,,,-975.239,-32.062,-5270.854,WAI_ALI,Peter,Scaridae,Chlorurus,spilurus,temp_code_002,1,AD,Passing,,
WAI_ALI_CAM1_left_1.MP4,38257,21.2751,WAI_ALI_Transect 3,1.0277,,4.559,4.516,2984.689,27.663,,,1376.734,167.817,-2642.88,WAI_ALI,Peter,Pomacentridae,Dascyllus,reticulatus,37372074,1,AD,Passing,,
WAI_ALI_CAM1_left_1.MP4,38272,21.2835,WAI_ALI_Transect 3,1.036,,5.929,10.928,3402.68,24.705,,,-1390.679,-285.129,-3092.401,WAI_ALI,Peter,Pomacanthidae,Centropyge,heraldi,37385027,1,AD,Passing,,
WAI_ALI_CAM1_left_1.MP4,38289,21.2929,WAI_ALI_Transect 3,1.0455,86.916,5.209,8.184,2169.58,11.372,33.83,1.3,-313.361,-291.213,-2126.988,WAI_ALI,Peter,Labridae,Labroides,dimidiatus,37384028,1,AD,Passing,,
WAI_ALI_CAM1_left_1.MP4,38315,21.3074,WAI_ALI_Transect 3,1.0599,,4.748,10.461,2959.845,23.585,,,-1124.569,-360.545,-2714.044,WAI_ALI,Peter,Pomacentridae,Chromis,margaritifer,37372047,1,AD,Passing,,
WAI_ALI_CAM1_left_1.MP4,38315,21.3074,WAI_ALI_Transect 3,1.0599,,4.032,7.565,2787.023,26.794,,,-1166.21,-457.383,-2489.629,WAI_ALI,Peter,Pomacentridae,Chromis,margaritifer,37372047,1,AD,Passing,,
WAI_ALI_CAM1_left_1.MP4,38315,21.3074,WAI_ALI_Transect 3,1.0599,,8.324,11.927,3759.711,14.494,,,-864.221,-357.85,-3641.496,WAI_ALI,Peter,Pomacentridae,Chromis,margaritifer,37372047,1,AD,Passing,,
WAI_ALI_CAM1_left_1.MP4,38315,21.3074,WAI_ALI_Transect 3,1.0599,,6.843,10.628,3455.827,17.76,,,-1014.755,-272.33,-3292.24,WAI_ALI,Peter,Pomacentridae,Chromis,margaritifer,37372047,1,AD,Passing,,
WAI_ALI_CAM1_left_1.MP4,38420,21.3658,WAI_ALI_Transect 3,1.1183,215.884,7.765,10.312,2853.599,20.152,32.09,13.158,652.327,-735.488,-2678.909,WAI_ALI,Peter,Acanthuridae,Ctenochaetus,striatus,37437022,1,AD,Passing,,
WAI_ALI_CAM1_left_1.MP4,38580,21.4548,WAI_ALI_Transect 3,1.2073,156.802,8.652,13.32,3790.236,26.543,6.496,11.783,-1541.632,-701.553,-3390.735,WAI_ALI,Peter,Acanthuridae,Acanthurus,nigrofuscus,37437014,1,AD,Passing,,
WAI_ALI_CAM1_left_1.MP4,38601,21.4664,WAI_ALI_Transect 3,1.219,213.024,9.42,14.446,3639.808,19.48,14.462,2.744,1198.746,-190.393,-3431.466,WAI_ALI,Peter,Acanthuridae,Zebrasoma,velifer,37437037,1,AD,Passing,,
WAI_ALI_CAM1_left_1.MP4,38613,21.4731,WAI_ALI_Transect 3,1.2257,219.309,20.923,7.78,3848.271,23.356,78.75,5.831,1518.591,-146.309,-3532.939,WAI_ALI,Peter,Acanthuridae,Acanthurus,blochii,37437007,1,AD,Passing,,
WAI_ALI_CAM1_left_1.MP4,38654,21.4959,WAI_ALI_Transect 3,1.2485,117.787,9.27,11.601,3927.41,24.681,10.029,22.534,-1569.275,-476.337,-3568.617,WAI_ALI,Peter,Scaridae,Chlorurus,spilurus,temp_code_002,1,AD,Passing,,
WAI_ALI_CAM1_left_1.MP4,38654,21.4959,WAI_ALI_Transect 3,1.2485,,8.526,10.501,3890.538,19.046,,,-1187.882,-433.536,-3679.303,WAI_ALI,Peter,Scaridae,Chlorurus,spilurus,temp_code_002,1,AD,Passing,,
WAI_ALI_CAM1_left_1.MP4,38654,21.4959,WAI_ALI_Transect 3,1.2485,,9.361,5.948,4027.473,16.553,,,-1057.755,-429.332,-3862.301,WAI_ALI,Peter,Scaridae,Chlorurus,spilurus,temp_code_002,1,AD,Passing,,
WAI_ALI_CAM1_left_1.MP4,38654,21.4959,WAI_ALI_Transect 3,1.2485,195.555,10.046,11.858,3731.945,4.746,20.507,14.452,-103.462,-290.934,-3719.148,WAI_ALI,Peter,Scaridae,Scarus,niger,37386021,1,AD,Passing,,
WAI_ALI_CAM1_left_1.MP4,38654,21.4959,WAI_ALI_Transect 3,1.2485,149.21,8.26,11.924,3685.396,5.096,18.432,29.321,-261.846,-196.465,-3670.829,WAI_ALI,Peter,Scaridae,Scarus,schlegeli,37386029,1,AD,Passing,,
WAI_ALI_CAM1_left_1.MP4,38726,21.536,WAI_ALI_Transect 3,1.2885,237.826,7.547,1.743,3701.732,21.261,3.157,4.706,-1153.131,-687.104,-3449.782,WAI_ALI,Peter,Scaridae,Chlorurus,spilurus,temp_code_002,1,AD,Passing,,
WAI_ALI_CAM1_left_1.MP4,38804,21.5793,WAI_ALI_Transect 3,1.3319,188.047,13.352,8.925,4312.02,0.434,21.879,24.795,8.312,-31.568,-4311.896,WAI_ALI,Peter,Acanthuridae,Acanthurus,auranticavus,37437005,1,AD,Passing,,
WAI_ALI_CAM1_left_1.MP4,38804,21.5793,WAI_ALI_Transect 3,1.3319,135.762,6.297,6.86,3048.782,26.406,12.995,10.444,-1307.353,-359.567,-2730.68,WAI_ALI,Peter,Scaridae,Chlorurus,spilurus,temp_code_002,1,AD,Passing,,
WAI_ALI_CAM1_left_1.MP4,38804,21.5793,WAI_ALI_Transect 3,1.3319,142.48,3.437,7.558,2839.851,3.792,8.625,14.403,157.421,-102.405,-2833.635,WAI_ALI,Peter,Scaridae,Chlorurus,spilurus,temp_code_002,1,AD,Passing,,
WAI_ALI_CAM1_left_1.MP4,38804,21.5793,WAI_ALI_Transect 3,1.3319,167.093,7.404,6.192,4165.597,22.471,17.365,58.964,-1483.27,-578.726,-3849.309,WAI_ALI,Peter,Acanthuridae,Ctenochaetus,striatus,37437022,1,AD,Passing,,
WAI_ALI_CAM1_left_1.MP4,39008,21.6928,WAI_ALI_Transect 3,1.4453,,18.224,7.566,5777.256,18.453,,,-1745.011,-524.998,-5482.336,WAI_ALI,Peter,Acanthuridae,Acanthurus,nigrofuscus,37437014,1,AD,Passing,,
WAI_ALI_CAM1_left_1.MP4,39008,21.6928,WAI_ALI_Transect 3,1.4453,,7.314,4.448,3989.404,28.819,,,-1864.365,-457.781,-3497.131,WAI_ALI,Peter,Pomacentridae,Chromis,ternatensis,37372051,1,AD,Passing,,
WAI_ALI_CAM1_left_1.MP4,39008,21.6928,WAI_ALI_Transect 3,1.4453,,7.337,6.725,3948.127,28.17,,,-1792.756,-496.099,-3482.473,WAI_ALI,Peter,Pomacentridae,Chromis,ternatensis,37372051,1,AD,Passing,,
WAI_ALI_CAM1_left_1.MP4,39008,21.6928,WAI_ALI_Transect 3,1.4453,,7.914,8.803,4016.216,26.409,,,-1713.661,-490.007,-3599.063,WAI_ALI,Peter,Pomacentridae,Chromis,ternatensis,37372051,1,AD,Passing,,
WAI_ALI_CAM1_left_1.MP4,39008,21.6928,WAI_ALI_Transect 3,1.4453,,7.874,7.443,4076.128,27.311,,,-1823.349,-401.774,-3623.369,WAI_ALI,Peter,Pomacentridae,Chromis,ternatensis,37372051,1,AD,Passing,,
WAI_ALI_CAM1_left_1.MP4,39008,21.6928,WAI_ALI_Transect 3,1.4453,,10.964,7.327,4615.186,23.076,,,-1751.512,-435.432,-4247.652,WAI_ALI,Peter,Pomacentridae,Chromis,ternatensis,37372051,1,AD,Passing,,
WAI_ALI_CAM1_left_1.MP4,39008,21.6928,WAI_ALI_Transect 3,1.4453,,7.941,7.382,3986.183,25.61,,,-1651.972,-475.289,-3596.491,WAI_ALI,Peter,Pomacentridae,Chromis,ternatensis,37372051,1,AD,Passing,,
WAI_ALI_CAM1_left_1.MP4,39008,21.6928,WAI_ALI_Transect 3,1.4453,,11.287,9.272,4779.984,24.43,,,-1944.931,-337.026,-4353.379,WAI_ALI,Peter,Pomacentridae,Chromis,ternatensis,37372051,1,AD,Passing,,
WAI_ALI_CAM1_left_1.MP4,39052,21.7173,WAI_ALI_Transect 3,1.4698,,15.953,6.448,5615.381,21.788,,,-2083.713,69.344,-5214.004,WAI_ALI,Peter,Pomacentridae,Chromis,ternatensis,37372051,1,AD,Passing,,
WAI_ALI_CAM1_left_1.MP4,39052,21.7173,WAI_ALI_Transect 3,1.4698,,19.842,1.447,6167.015,19.407,,,-2048.735,-16.311,-5816.743,WAI_ALI,Peter,Pomacentridae,Chromis,ternatensis,37372051,1,AD,Passing,,
WAI_ALI_CAM1_left_1.MP4,39052,21.7173,WAI_ALI_Transect 3,1.4698,,18.422,0.198,5831.203,17.273,,,-1722.221,200.306,-5567.474,WAI_ALI,Peter,Pomacentridae,Chromis,ternatensis,37372051,1,AD,Passing,,
WAI_ALI_CAM1_left_1.MP4,39052,21.7173,WAI_ALI_Transect 3,1.4698,181.605,14.232,3.335,4511.53,20.631,17.45,11.154,-1574.82,-216.579,-4222.196,WAI_ALI,Peter,Acanthuridae,Zebrasoma,velifer,37437037,1,AD,Passing,,
WAI_ALI_CAM1_left_1.MP4,39167,21.7812,WAI_ALI_Transect 3,1.5338,49.597,2.845,8.961,2218.9,19.296,5.629,3.136,-543.05,-492.686,-2094.248,WAI_ALI,Peter,Pomacentridae,Dascyllus,reticulatus,37372074,1,AD,Passing,,
WAI_ALI_CAM1_left_1.MP4,39167,21.7812,WAI_ALI_Transect 3,1.5338,42.108,2.72,9.709,2359.279,15.155,3.569,25.843,-431.369,-440.842,-2277.23,WAI_ALI,Peter,Pomacentridae,Dascyllus,reticulatus,37372074,1,AD,Passing,,
WAI_ALI_CAM1_left_1.MP4,39200,21.7996,WAI_ALI_Transect 3,1.5521,169.504,12.681,3.882,2866.351,13.97,56.501,0.689,687.569,-77.943,-2781.572,WAI_ALI,Peter,Scaridae,Chlorurus,spilurus,temp_code_002,1,AD,Passing,,
WAI_ALI_CAM1_left_1.MP4,39200,21.7996,WAI_ALI_Transect 3,1.5521,43.107,3.495,2.849,2968.59,8.243,2.108,10.649,413.209,102.021,-2937.921,WAI_ALI,Peter,Pomacentridae,Chromis,ternatensis,37372051,1,AD,Passing,,
WAI_ALI_CAM1_left_1.MP4,39200,21.7996,WAI_ALI_Transect 3,1.5521,,3.27,4.793,2289.483,17.619,,,-597.67,-342.14,-2183.452,WAI_ALI,Peter,Pomacentridae,Chromis,ternatensis,37372051,1,AD,Passing,,
WAI_ALI_CAM1_left_1.MP4,39200,21.7996,WAI_ALI_Transect 3,1.5521,,6.099,5.364,3394.267,27.326,,,1434.436,620.371,-3013.069,WAI_ALI,Peter,Pomacentridae,Chromis,ternatensis,37372051,1,AD,Passing,,
WAI_ALI_CAM1_left_1.MP4,39200,21.7996,WAI_ALI_Transect 3,1.5521,,7.975,4.197,4024.454,29.321,,,1855.905,676.89,-3506.233,WAI_ALI,Peter,Pomacentridae,Chromis,ternatensis,37372051,1,AD,Passing,,
WAI_ALI_CAM1_left_1.MP4,39200,21.7996,WAI_ALI_Transect 3,1.5521,,7.735,3.331,3752.467,25.02,,,1448.225,662.571,-3397.743,WAI_ALI,Peter,Pomacentridae,Chromis,ternatensis,37372051,1,AD,Passing,,
WAI_ALI_CAM1_left_1.MP4,39200,21.7996,WAI_ALI_Transect 3,1.5521,,5.783,4.789,3253.799,25.875,,,1310.645,557.997,-2925.416,WAI_ALI,Peter,Pomacentridae,Chromis,ternatensis,37372051,1,AD,Passing,,
WAI_ALI_CAM1_left_1.MP4,39200,21.7996,WAI_ALI_Transect 3,1.5521,,6.412,2.62,3347.157,23.62,,,1192.745,625.216,-3064.298,WAI_ALI,Peter,Pomacentridae,Chromis,ternatensis,37372051,1,AD,Passing,,
WAI_ALI_CAM1_left_1.MP4,39200,21.7996,WAI_ALI_Transect 3,1.5521,,7.694,13.962,3876.717,29.001,,,1676.353,863.447,-3387.217,WAI_ALI,Peter,Pomacentridae,Chromis,ternatensis,37372051,1,AD,Passing,,
WAI_ALI_CAM1_left_1.MP4,39200,21.7996,WAI_ALI_Transect 3,1.5521,,7.058,12.266,3887.558,31.966,,,1902.606,797.929,-3294.922,WAI_ALI,Peter,Pomacentridae,Chromis,ternatensis,37372051,1,AD,Passing,,
WAI_ALI_CAM1_left_1.MP4,39200,21.7996,WAI_ALI_Transect 3,1.5521,,7.002,5.06,3800.463,29.659,,,1804.648,542.211,-3300.42,WAI_ALI,Peter,Pomacentridae,Chromis,margaritifer,37372047,1,AD,Passing,,
WAI_ALI_CAM1_left_1.MP4,39200,21.7996,WAI_ALI_Transect 3,1.5521,,4.728,3.82,2849.145,21.38,,,1017.396,219.641,-2652.223,WAI_ALI,Peter,Pomacentridae,Chromis,ternatensis,37372051,1,AD,Passing,,
WAI_ALI_CAM1_left_1.MP4,39200,21.7996,WAI_ALI_Transect 3,1.5521,,4.821,6.661,2874.988,21.933,,,1023.866,334.448,-2665.595,WAI_ALI,Peter,Pomacentridae,Chromis,ternatensis,37372051,1,AD,Passing,,
WAI_ALI_CAM1_left_1.MP4,39200,21.7996,WAI_ALI_Transect 3,1.5521,,3.93,0.299,2676.359,25.181,,,1134.714,105.357,-2421.616,WAI_ALI,Peter,Pomacentridae,Chromis,ternatensis,37372051,1,AD,Passing,,
WAI_ALI_CAM1_left_1.MP4,39200,21.7996,WAI_ALI_Transect 3,1.5521,,5.652,3.421,3183.278,22.646,,,1219.51,134.429,-2937.343,WAI_ALI,Peter,Pomacentridae,Chromis,margaritifer,37372047,1,AD,Passing,,
WAI_ALI_CAM1_left_1.MP4,39200,21.7996,WAI_ALI_Transect 3,1.5521,,8.259,1.094,3676.944,16.233,,,884.137,538.17,-3528.257,WAI_ALI,Peter,Pomacentridae,Chromis,ternatensis,37372051,1,AD,Passing,,
WAI_ALI_CAM1_left_1.MP4,39200,21.7996,WAI_ALI_Transect 3,1.5521,,9.833,1.902,4026.287,16.384,,,971.541,603.422,-3860.437,WAI_ALI,Peter,Pomacentridae,Chromis,ternatensis,37372051,1,AD,Passing,,
WAI_ALI_CAM1_left_1.MP4,39200,21.7996,WAI_ALI_Transect 3,1.5521,,10.287,5.188,4179.627,15.984,,,1118.993,285.149,-4016.942,WAI_ALI,Peter,Pomacentridae,Chromis,margaritifer,37372047,1,AD,Passing,,
WAI_ALI_CAM1_left_1.MP4,39200,21.7996,WAI_ALI_Transect 3,1.5521,,6.001,3.627,3105.036,11.198,,,558.249,240.094,-3044.99,WAI_ALI,Peter,Pomacentridae,Chromis,ternatensis,37372051,1,AD,Passing,,
WAI_ALI_CAM1_left_1.MP4,39200,21.7996,WAI_ALI_Transect 3,1.5521,,7.62,2.348,3538.576,8.388,,,491.603,171.285,-3500.073,WAI_ALI,Peter,Pomacentridae,Chromis,ternatensis,37372051,1,AD,Passing,,
WAI_ALI_CAM1_left_1.MP4,39200,21.7996,WAI_ALI_Transect 3,1.5521,,7.928,0.172,3607.835,7.644,,,388.173,296.313,-3574.632,WAI_ALI,Peter,Pomacentridae,Chromis,ternatensis,37372051,1,AD,Passing,,
WAI_ALI_CAM1_left_1.MP4,39200,21.7996,WAI_ALI_Transect 3,1.5521,,7.514,4.908,3539.004,4.132,,,217.206,147.585,-3529.247,WAI_ALI,Peter,Pomacentridae,Chromis,ternatensis,37372051,1,AD,Passing,,
WAI_ALI_CAM1_left_1.MP4,39200,21.7996,WAI_ALI_Transect 3,1.5521,,5.412,0.926,2964.134,4.035,,,206.433,-17.939,-2956.883,WAI_ALI,Peter,Pomacentridae,Chromis,ternatensis,37372051,1,AD,Passing,,
WAI_ALI_CAM1_left_1.MP4,39200,21.7996,WAI_ALI_Transect 3,1.5521,,3.722,3.138,2442.911,16.845,,,707.546,32.637,-2337.976,WAI_ALI,Peter,Pomacentridae,Chromis,ternatensis,37372051,1,AD,Passing,,
WAI_ALI_CAM1_left_1.MP4,39200,21.7996,WAI_ALI_Transect 3,1.5521,,8.743,1.682,3836.068,4.608,,,16.111,322.949,-3822.416,WAI_ALI,Peter,Pomacentridae,Chromis,ternatensis,37372051,1,AD,Passing,,
WAI_ALI_CAM1_left_1.MP4,39200,21.7996,WAI_ALI_Transect 3,1.5521,,9.124,0.545,3945.814,2.536,,,15.361,189.513,-3941.231,WAI_ALI,Peter,Pomacentridae,Chromis,ternatensis,37372051,1,AD,Passing,,
WAI_ALI_CAM1_left_1.MP4,39200,21.7996,WAI_ALI_Transect 3,1.5521,,8.311,1.606,3759.069,1.423,,,32.093,102.544,-3757.533,WAI_ALI,Peter,Pomacentridae,Chromis,ternatensis,37372051,1,AD,Passing,,
WAI_ALI_CAM1_left_1.MP4,39200,21.7996,WAI_ALI_Transect 3,1.5521,,6.517,3.887,3295.716,1.822,,,-95.636,55.948,-3293.853,WAI_ALI,Peter,Pomacentridae,Chromis,ternatensis,37372051,1,AD,Passing,,
WAI_ALI_CAM1_left_1.MP4,39200,21.7996,WAI_ALI_Transect 3,1.5521,,8.02,2.323,3683.872,4.413,,,-276.267,-48.999,-3673.171,WAI_ALI,Peter,Pomacentridae,Chromis,ternatensis,37372051,1,AD,Passing,,
WAI_ALI_CAM1_left_1.MP4,39200,21.7996,WAI_ALI_Transect 3,1.5521,,5.944,3.453,3123.97,6.871,,,-345.875,-129.224,-3102.074,WAI_ALI,Peter,Pomacentridae,Chromis,ternatensis,37372051,1,AD,Passing,,
WAI_ALI_CAM1_left_1.MP4,39200,21.7996,WAI_ALI_Transect 3,1.5521,,8.346,1.469,3752.636,12.785,,,-764.336,-310.1,-3660.861,WAI_ALI,Peter,Pomacentridae,Chromis,ternatensis,37372051,1,AD,Passing,,
WAI_ALI_CAM1_left_1.MP4,39200,21.7996,WAI_ALI_Transect 3,1.5521,,15.131,2.278,5194.752,2.152,,,-131.434,-123.616,-5191.617,WAI_ALI,Peter,Acanthuridae,Ctenochaetus,striatus,37437022,1,AD,Passing,,
WAI_ALI_CAM1_left_1.MP4,39200,21.7996,WAI_ALI_Transect 3,1.5521,,16.527,5.111,5351.584,10.889,,,-912.355,-414.61,-5256.916,WAI_ALI,Peter,Acanthuridae,Ctenochaetus,striatus,37437022,1,AD,Passing,,
WAI_ALI_CAM1_left_1.MP4,39200,21.7996,WAI_ALI_Transect 3,1.5521,47.049,2.421,4.18,1694.94,19.66,23.534,4.5,-371.854,-432.319,-1596.135,WAI_ALI,Peter,Pomacentridae,Pomacentrus,maafu,temp_code_005,1,AD,Passing,,
WAI_ALI_CAM1_left_1.MP4,39363,21.8902,WAI_ALI_Transect 3,1.6428,59.255,1.805,12.482,1603.422,22.837,17.935,20.235,-292.871,-549.068,-1477.739,WAI_ALI,Peter,Pomacentridae,Chromis,ternatensis,37372051,1,AD,Passing,measurement for frame 39200,
WAI_ALI_CAM1_left_1.MP4,39363,21.8902,WAI_ALI_Transect 3,1.6428,46.101,1.874,11.298,1888.363,20.248,2.493,5.235,-351.457,-550.978,-1771.67,WAI_ALI,Peter,Pomacentridae,Chromis,ternatensis,37372051,1,AD,Passing,measurement for frame 39200,
WAI_ALI_CAM1_left_1.MP4,39363,21.8902,WAI_ALI_Transect 3,1.6428,55.75,4.091,6.538,2214.316,19.882,26.777,3.975,-322.11,-680.686,-2082.332,WAI_ALI,Peter,Pomacentridae,Pomacentrus,philippinus,37372123,1,AD,Passing,,
WAI_ALI_CAM1_left_1.MP4,39562,22.0009,WAI_ALI_Transect 3,1.7534,190.758,10.818,6.48,3907.328,22.813,17.434,8.943,-1496.699,234.566,-3601.678,WAI_ALI,Peter,Tetraodontidae,Arothron,nigropunctatus,37467027,1,AD,Passing,,
WAI_ALI_CAM1_left_1.MP4,39648,22.0487,WAI_ALI_Transect 3,1.8012,117.688,2.967,8.675,2032.117,23.634,0.566,20.946,813.856,36.43,-1861.669,WAI_ALI,Peter,Cirrhitidae,Paracirrhites,arcatus,37374009,1,AD,Passing,,
WAI_ALI_CAM1_left_1.MP4,39734,22.0965,WAI_ALI_Transect 3,1.8491,161.914,12.086,14.964,5048.689,24.68,12.546,45.52,-2091.304,265.169,-4587.526,WAI_ALI,Peter,Scaridae,Chlorurus,spilurus,temp_code_002,1,AD,Passing,,
WAI_ALI_CAM1_left_1.MP4,39734,22.0965,WAI_ALI_Transect 3,1.8491,,14.605,2.511,5481.019,24.07,,,-2231.259,157.159,-5003.834,WAI_ALI,Peter,Scaridae,Chlorurus,spilurus,temp_code_002,1,AD,Passing,,
WAI_ALI_CAM1_left_1.MP4,39734,22.0965,WAI_ALI_Transect 3,1.8491,,17.968,4.339,5797.752,20.275,,,-1932.5,570.943,-5436.304,WAI_ALI,Peter,Pomacentridae,Chromis,margaritifer,37372047,1,AD,Passing,,
WAI_ALI_CAM1_left_1.MP4,39799,22.1327,WAI_ALI_Transect 3,1.8852,102.92,5.665,14.613,2795.693,7.044,23.707,34.785,-156.739,-304.888,-2774.595,WAI_ALI,Peter,Labridae,Thalassoma,hardwicke,37384165,1,AD,Passing,,
WAI_ALI_CAM1_left_1.MP4,39838,22.1544,WAI_ALI_Transect 3,1.9069,111.977,6.979,7.578,2769.903,28.071,36.72,11.511,1303.234,22.892,-2444.058,WAI_ALI,Peter,Labridae,Thalassoma,hardwicke,37384165,1,AD,Passing,,
WAI_ALI_CAM1_left_1.MP4,39887,22.1816,WAI_ALI_Transect 3,1.9342,,25.169,1.874,6652.939,14.233,,,1626.321,200.583,-6447.98,WAI_ALI,Peter,Siganidae,Siganus,doliatus,37438009,1,AD,Passing,,
WAI_ALI_CAM1_left_1.MP4,39900,22.1888,WAI_ALI_Transect 3,1.9414,,16.77,4.605,5602.966,18.25,,,-1751.703,-80.515,-5321.493,WAI_ALI,Peter,Acanthuridae,Naso,lituratus,37437029,1,AD,Passing,,
WAI_ALI_CAM1_left_1.MP4,40076,22.2867,WAI_ALI_Transect 3,2.0393,128.667,3.926,7.48,3048.607,9.64,1.416,5.495,-500.842,-98.929,-3005.557,WAI_ALI,Peter,Labridae,Halichoeres,hortulanus,37384112,1,AD,Passing,,
WAI_ALI_CAM1_left_1.MP4,40141,22.3229,WAI_ALI_Transect 3,2.0754,127.876,9.594,10.317,2853.294,26.385,62.979,5.431,-1046.607,-715.881,-2556.054,WAI_ALI,Peter,Mullidae,Parupeneus,multifasciatus,37355026,1,AD,Passing,,
WAI_ALI_CAM1_left_1.MP4,40200,22.3557,WAI_ALI_Transect 3,2.1082,,13.311,2.151,5169.426,24.52,,,-2069.9,-545.224,-4705.445,WAI_ALI,Peter,Scaridae,Chlorurus,spilurus,temp_code_002,1,AD,Passing,,
WAI_ALI_CAM1_left_1.MP4,40200,22.3557,WAI_ALI_Transect 3,2.1082,,12.179,2.219,4544.935,10.693,,,-691.669,-464.789,-4467.885,WAI_ALI,Peter,Pomacanthidae,Pygoplites,diacanthus,37365082,1,AD,Passing,,
WAI_ALI_CAM1_left_1.MP4,40266,22.3924,WAI_ALI_Transect 3,2.1449,,11.233,3.671,4707.531,24.672,,,-1857.338,-624.556,-4280.313,WAI_ALI,Peter,Balistidae,Balistapus,undulatus,37465047,1,AD,Passing,,
WAI_ALI_CAM1_left_1.MP4,40266,22.3924,WAI_ALI_Transect 3,2.1449,,8.018,9.11,3910.625,24.873,,,-1486.215,-690.609,-3550.663,WAI_ALI,Peter,Scaridae,Scarus,schlegeli,37386029,1,AD,Passing,,
WAI_ALI_CAM1_left_1.MP4,40298,22.4102,WAI_ALI_Transect 3,2.1627,,11.095,10.669,4320.878,13.446,,,974.829,260.085,-4201.434,WAI_ALI,Peter,Scaridae,Chlorurus,spilurus,temp_code_002,1,AD,Passing,,
WAI_ALI_CAM1_left_1.MP4,40298,22.4102,WAI_ALI_Transect 3,2.1627,,5.81,11.191,3474.721,29.245,,,1685.984,209.693,-3031.035,WAI_ALI,Peter,Pomacentridae,Chromis,margaritifer,37372047,1,AD,Passing,,
WAI_ALI_CAM1_left_1.MP4,40298,22.4102,WAI_ALI_Transect 3,2.1627,,7.642,10.79,3969.435,28.588,,,1870.357,344.625,-3484.166,WAI_ALI,Peter,Pomacentridae,Chromis,margaritifer,37372047,1,AD,Passing,,
WAI_ALI_CAM1_left_1.MP4,40298,22.4102,WAI_ALI_Transect 3,2.1627,,9.41,11.756,4355.352,26.939,,,1955.169,281.29,-3881.66,WAI_ALI,Peter,Pomacentridae,Chromis,margaritifer,37372047,1,AD,Passing,,
WAI_ALI_CAM1_left_1.MP4,40298,22.4102,WAI_ALI_Transect 3,2.1627,,8.187,13.839,3898.228,24.237,,,1550.048,411.747,-3553.026,WAI_ALI,Peter,Pomacentridae,Chromis,margaritifer,37372047,1,AD,Passing,,
WAI_ALI_CAM1_left_1.MP4,40298,22.4102,WAI_ALI_Transect 3,2.1627,,7.058,4.856,3556.49,22.883,,,1330.945,388.591,-3275.088,WAI_ALI,Peter,Pomacentridae,Chromis,margaritifer,37372047,1,AD,Passing,,
WAI_ALI_CAM1_left_1.MP4,40298,22.4102,WAI_ALI_Transect 3,2.1627,,8.302,8.625,3851.881,22.113,,,1396.876,403.013,-3566.974,WAI_ALI,Peter,Pomacentridae,Chromis,margaritifer,37372047,1,AD,Passing,,
WAI_ALI_CAM1_left_1.MP4,40298,22.4102,WAI_ALI_Transect 3,2.1627,,11.866,11.457,4594.716,20.342,,,1549.501,404.728,-4306.583,WAI_ALI,Peter,Pomacentridae,Chromis,margaritifer,37372047,1,AD,Passing,,
WAI_ALI_CAM1_left_1.MP4,40298,22.4102,WAI_ALI_Transect 3,2.1627,,6.89,5.962,3450.786,20.776,,,1166.776,382.86,-3224.899,WAI_ALI,Peter,Pomacentridae,Chromis,margaritifer,37372047,1,AD,Passing,,
WAI_ALI_CAM1_left_1.MP4,40298,22.4102,WAI_ALI_Transect 3,2.1627,,8.671,7.815,3777.817,12.568,,,766.616,311.311,-3686.093,WAI_ALI,Peter,Pomacentridae,Chromis,margaritifer,37372047,1,AD,Passing,,
WAI_ALI_CAM1_left_1.MP4,40298,22.4102,WAI_ALI_Transect 3,2.1627,,9.646,7.693,4005.793,13.754,,,902.821,318.771,-3889.689,WAI_ALI,Peter,Pomacentridae,Chromis,margaritifer,37372047,1,AD,Passing,,
WAI_ALI_CAM1_left_1.MP4,40298,22.4102,WAI_ALI_Transect 3,2.1627,,12.125,8.875,4527.398,15.184,,,1127.86,383.407,-4367.868,WAI_ALI,Peter,Pomacentridae,Chromis,margaritifer,37372047,1,AD,Passing,,
WAI_ALI_CAM1_left_1.MP4,40298,22.4102,WAI_ALI_Transect 3,2.1627,,10.584,12.81,4191.229,15.084,,,982.123,490.495,-4044.904,WAI_ALI,Peter,Pomacentridae,Chromis,margaritifer,37372047,1,AD,Passing,,
WAI_ALI_CAM1_left_1.MP4,40298,22.4102,WAI_ALI_Transect 3,2.1627,,9.057,12.098,3887.38,7.279,,,470.425,161.175,-3855.444,WAI_ALI,Peter,Pomacentridae,Chromis,margaritifer,37372047,1,AD,Passing,,
WAI_ALI_CAM1_left_1.MP4,40298,22.4102,WAI_ALI_Transect 3,2.1627,,13.259,12.515,4746.725,8.748,,,704.135,177.943,-4690.834,WAI_ALI,Peter,Pomacentridae,Chromis,margaritifer,37372047,1,AD,Passing,,
WAI_ALI_CAM1_left_1.MP4,40298,22.4102,WAI_ALI_Transect 3,2.1627,,7.854,7.327,3619.388,5.569,,,347.241,-38.706,-3602.485,WAI_ALI,Peter,Pomacentridae,Chromis,margaritifer,37372047,1,AD,Passing,,
WAI_ALI_CAM1_left_1.MP4,40340,22.4335,WAI_ALI_Transect 3,2.1861,122.544,6.017,7.048,2048.726,13.952,49.983,5.087,290.128,-399.803,-1988.281,WAI_ALI,Peter,Labridae,Halichoeres,hortulanus,37384112,1,AD,Passing,,
WAI_ALI_CAM1_left_1.MP4,40350,22.4391,WAI_ALI_Transect 3,2.1916,101.881,3.278,11.411,2667.443,9.574,10.544,21.177,24.603,-442.956,-2630.292,WAI_ALI,Peter,Acanthuridae,Acanthurus,nigrofuscus,37437014,1,AD,Passing,,
WAI_ALI_CAM1_left_1.MP4,40350,22.4391,WAI_ALI_Transect 3,2.1916,99.054,5.102,8.785,3183.04,9.305,12.002,4.849,-275.207,-434.907,-3141.156,WAI_ALI,Peter,Mullidae,Parupeneus,multifasciatus,37355026,1,AD,Passing,,
WAI_ALI_CAM1_left_1.MP4,40438,22.488,WAI_ALI_Transect 3,2.2406,134.559,9.753,8.192,2571.091,18.354,63.64,14.928,714.446,380.822,-2440.297,WAI_ALI,Peter,Scaridae,Chlorurus,spilurus,temp_code_002,1,AD,Passing,,
WAI_ALI_CAM1_left_1.MP4,40475,22.5086,WAI_ALI_Transect 3,2.2611,117.045,8.388,15.239,2842.692,21.969,39.129,0.77,-842.763,-648.61,-2636.276,WAI_ALI,Peter,Scaridae,Scarus,schlegeli,37386029,1,AD,Passing,,
WAI_ALI_CAM1_left_1.MP4,50646,28.1648,WAI_ALI_Transect 4,0.1502,92.277,7.772,9.595,3641.78,24.451,6.836,25.543,-1481.851,-276.22,-3315.174,WAI_ALI,Peter,Acanthuridae,Acanthurus,nigrofuscus,37437014,1,AD,Passing,,
WAI_ALI_CAM1_left_1.MP4,50659,28.172,WAI_ALI_Transect 4,0.1574,,13.043,11.523,5087.669,23.568,,,-1992.48,428.349,-4661.643,WAI_ALI,Peter,Acanthuridae,Ctenochaetus,striatus,37437022,1,AD,Passing,,
WAI_ALI_CAM1_left_1.MP4,50832,28.2682,WAI_ALI_Transect 4,0.2536,,8.449,13.142,4137.02,31.578,,,1799.665,1219.977,-3519.631,WAI_ALI,Peter,Acanthuridae,Ctenochaetus,striatus,37437022,1,AD,Passing,,
WAI_ALI_CAM1_left_1.MP4,50852,28.2794,WAI_ALI_Transect 4,0.2647,186.237,18.009,16.987,3986.193,26.716,55.135,6.875,1530.527,932.255,-3560.635,WAI_ALI,Peter,Acanthuridae,Ctenochaetus,striatus,37437022,1,AD,Passing,,
WAI_ALI_CAM1_left_1.MP4,50977,28.3489,WAI_ALI_Transect 4,0.3342,162.602,4.803,5.691,1747.224,18.515,72.236,7.87,553.286,-41.427,-1656.789,WAI_ALI,Peter,Acanthuridae,Acanthurus,nigrofuscus,37437014,1,AD,Passing,,
WAI_ALI_CAM1_left_1.MP4,50977,28.3489,WAI_ALI_Transect 4,0.3342,218.697,6.243,13.594,2116.096,24.507,88.66,10.247,856.824,190.632,-1925.455,WAI_ALI,Peter,Acanthuridae,Ctenochaetus,striatus,37437022,1,AD,Passing,,
WAI_ALI_CAM1_left_1.MP4,50977,28.3489,WAI_ALI_Transect 4,0.3342,,9.05,0.387,4159.184,22.451,,,-1555.634,335.885,-3842.655,WAI_ALI,Peter,Acanthuridae,Ctenochaetus,striatus,37437022,1,AD,Passing,,
WAI_ALI_CAM1_left_1.MP4,50977,28.3489,WAI_ALI_Transect 4,0.3342,,13.513,0.95,5348.648,27.212,,,-2349.228,699.663,-4753.908,WAI_ALI,Peter,Acanthuridae,Ctenochaetus,striatus,37437022,1,AD,Passing,,
WAI_ALI_CAM1_left_1.MP4,50977,28.3489,WAI_ALI_Transect 4,0.3342,,9.671,2.855,4654.319,28.4,,,-2203.262,230.963,-4093.285,WAI_ALI,Peter,Acanthuridae,Ctenochaetus,striatus,37437022,1,AD,Passing,,
WAI_ALI_CAM1_left_1.MP4,51008,28.3661,WAI_ALI_Transect 4,0.3515,,7.82,3.437,3923.55,23.597,,,-1565.878,135.75,-3594.975,WAI_ALI,Peter,Mullidae,Parupeneus,multifasciatus,37355026,1,AD,Passing,,
WAI_ALI_CAM1_left_1.MP4,51024,28.375,WAI_ALI_Transect 4,0.3604,114.13,9.428,9.997,2690.968,24.42,79.89,4.737,-1110.431,67.795,-2450.236,WAI_ALI,Peter,Serranidae,Cephalopholis,urodeta,37311142,1,AD,Passing,,
WAI_ALI_CAM1_left_1.MP4,51043,28.3856,WAI_ALI_Transect 4,0.3709,184.052,13.06,7.135,2867.371,7.695,61.756,24.044,-303.457,235.176,-2841.553,WAI_ALI,Peter,Scaridae,Scarus,schlegeli,37386029,1,AD,Passing,,
WAI_ALI_CAM1_left_1.MP4,51068,28.3995,WAI_ALI_Transect 4,0.3848,151.239,14.7,6.435,2860.694,3.454,69.508,19.514,-29.022,169.863,-2855.499,WAI_ALI,Peter,Acanthuridae,Ctenochaetus,striatus,37437022,1,AD,Passing,,
WAI_ALI_CAM1_left_1.MP4,51068,28.3995,WAI_ALI_Transect 4,0.3848,150.31,11.623,5.372,3961.499,6.378,20.559,1.897,212.003,385.603,-3936.984,WAI_ALI,Peter,Acanthuridae,Ctenochaetus,striatus,37437022,1,AD,Passing,,
WAI_ALI_CAM1_left_1.MP4,51068,28.3995,WAI_ALI_Transect 4,0.3848,,9.481,3.542,3992.356,5.585,,,108.538,388.797,-3971.897,WAI_ALI,Peter,Balistidae,Sufflamen,chrysopterum,37465079,1,AD,Passing,,
WAI_ALI_CAM1_left_1.MP4,51068,28.3995,WAI_ALI_Transect 4,0.3848,,12.884,0.888,4643.018,8.327,,,439.155,527.454,-4592.009,WAI_ALI,Peter,Acanthuridae,Zebrasoma,velifer,37437037,1,AD,Passing,,
WAI_ALI_CAM1_left_1.MP4,51068,28.3995,WAI_ALI_Transect 4,0.3848,,8.918,1.526,3863.844,6.705,,,-301.182,351.06,-3836.058,WAI_ALI,Peter,Acanthuridae,Zebrasoma,velifer,37437037,1,AD,Passing,,
WAI_ALI_CAM1_left_1.MP4,51138,28.4384,WAI_ALI_Transect 4,0.4238,61.816,3.818,7.67,1933.619,24.343,35.956,7.83,735.562,-306.933,-1761.71,WAI_ALI,Peter,Pomacanthidae,Centropyge,bicolor,37365022,1,AD,Passing,,
WAI_ALI_CAM1_left_1.MP4,51167,28.4545,WAI_ALI_Transect 4,0.4399,155.659,7.978,6.81,3370.231,22.687,16.738,13.153,-1273.785,259.146,-3109.465,WAI_ALI,Peter,Scaridae,Chlorurus,spilurus,temp_code_002,1,AD,Passing,,
WAI_ALI_CAM1_left_1.MP4,51167,28.4545,WAI_ALI_Transect 4,0.4399,,10.836,2.282,4407.789,19.809,,,-1377.112,594.976,-4144.656,WAI_ALI,Peter,Scaridae,Chlorurus,spilurus,temp_code_002,1,AD,Passing,,
WAI_ALI_CAM1_left_1.MP4,51167,28.4545,WAI_ALI_Transect 4,0.4399,215.317,14.608,2.92,3298.62,22.253,68.656,3.492,-1248.38,-44.351,-3052.945,WAI_ALI,Peter,Acanthuridae,Ctenochaetus,striatus,37437022,1,AD,Passing,,
WAI_ALI_CAM1_left_1.MP4,51167,28.4545,WAI_ALI_Transect 4,0.4399,216.336,13.982,3.272,4011.891,15.072,26.824,14.702,-1006.076,275.926,-3873.881,WAI_ALI,Peter,Scaridae,Scarus,schlegeli,37386029,1,AD,Passing,,
WAI_ALI_CAM1_left_1.MP4,51167,28.4545,WAI_ALI_Transect 4,0.4399,150.455,6.167,4.697,2654.489,18.092,25.418,4.467,-789.64,-236.68,-2523.244,WAI_ALI,Peter,Scaridae,Scarus,schlegeli,37386029,1,AD,Passing,,
WAI_ALI_CAM1_left_1.MP4,51223,28.4857,WAI_ALI_Transect 4,0.471,138.038,4.341,11.223,2537.388,24.914,1.279,2.858,-1040.638,-244.117,-2301.265,WAI_ALI,Peter,Acanthuridae,Ctenochaetus,striatus,37437022,1,AD,Passing,,
WAI_ALI_CAM1_left_1.MP4,51501,28.6403,WAI_ALI_Transect 4,0.6256,82.044,6.792,3.771,2380.57,15.304,41.785,11.814,-591.079,-213.167,-2296.149,WAI_ALI,Peter,Acanthuridae,Ctenochaetus,striatus,37437022,1,AD,Passing,,
WAI_ALI_CAM1_left_1.MP4,51911,28.8683,WAI_ALI_Transect 4,0.8536,,11.507,0.435,4709.921,24.6,,,-1789.638,817.88,-4279.209,WAI_ALI,Peter,Acanthuridae,Acanthurus,nigrofuscus,37437014,1,AD,Passing,,
WAI_ALI_CAM1_left_1.MP4,51911,28.8683,WAI_ALI_Transect 4,0.8536,,18.983,7.443,6114.307,24.411,,,-2359.712,926.008,-5564.083,WAI_ALI,Peter,Acanthuridae,Ctenochaetus,striatus,37437022,1,AD,Passing,,
WAI_ALI_CAM1_left_1.MP4,51989,28.9117,WAI_ALI_Transect 4,0.897,157.875,8.386,8.842,2869.066,14.724,30.751,2.52,641.762,346.212,-2774.855,WAI_ALI,Peter,Acanthuridae,Acanthurus,nigrofuscus,37437014,1,AD,Passing,,
WAI_ALI_CAM1_left_1.MP4,51989,28.9117,WAI_ALI_Transect 4,0.897,,17.32,3.303,5388.986,15.085,,,124.815,1417.53,-5197.711,WAI_ALI,Peter,Acanthuridae,Acanthurus,nigrofuscus,37437014,1,AD,Passing,,
WAI_ALI_CAM1_left_1.MP4,52102,28.9745,WAI_ALI_Transect 4,0.9598,,9.401,1.724,3985.074,17.908,,,1138.404,468.359,-3790.183,WAI_ALI,Peter,Acanthuridae,Acanthurus,nigrofuscus,37437014,1,AD,Passing,,
WAI_ALI_CAM1_left_1.MP4,52102,28.9745,WAI_ALI_Transect 4,0.9598,,12.69,0.343,4615.012,15.105,,,1105.885,490.197,-4453.657,WAI_ALI,Peter,Acanthuridae,Acanthurus,nigrofuscus,37437014,1,AD,Passing,,
WAI_ALI_CAM1_left_1.MP4,52102,28.9745,WAI_ALI_Transect 4,0.9598,,5.824,5.029,3271.002,25.979,,,1325.913,554.764,-2938.306,WAI_ALI,Peter,Pomacentridae,Chromis,weberi,37372054,1,AD,Passing,,
WAI_ALI_CAM1_left_1.MP4,52127,28.9884,WAI_ALI_Transect 4,0.9738,49.388,4.59,3.724,2249.863,23.18,34.723,22.864,-873.127,-148.078,-2068.238,WAI_ALI,Peter,Pomacentridae,Chromis,margaritifer,37372047,1,AD,Passing,,
WAI_ALI_CAM1_left_1.MP4,52127,28.9884,WAI_ALI_Transect 4,0.9738,,2.322,4.478,1857.875,10.274,,,-244.309,-216.622,-1828.958,WAI_ALI,Peter,Pomacentridae,Chromis,margaritifer,37372047,1,AD,Passing,,
WAI_ALI_CAM1_left_1.MP4,52127,28.9884,WAI_ALI_Transect 4,0.9738,,4.031,0.829,2573.189,15.994,,,-682.777,-181.263,-2474.32,WAI_ALI,Peter,Pomacentridae,Chromis,margaritifer,37372047,1,AD,Passing,,
WAI_ALI_CAM1_left_1.MP4,52127,28.9884,WAI_ALI_Transect 4,0.9738,,8.14,0.713,3709.534,5.51,,,-350.236,-50.056,-3692.624,WAI_ALI,Peter,Pomacentridae,Chromis,margaritifer,37372047,1,AD,Passing,,
WAI_ALI_CAM1_left_1.MP4,52185,29.0207,WAI_ALI_Transect 4,1.006,,9.357,2.247,4030.834,13.767,,,-957.395,-43.584,-3915.241,WAI_ALI,Peter,Chaetodontidae,Chaetodon,lunulatus,37365059,1,AD,Passing,,
WAI_ALI_CAM1_left_1.MP4,52185,29.0207,WAI_ALI_Transect 4,1.006,,11.715,8.774,4529.52,13.143,,,-1029.837,34.016,-4410.763,WAI_ALI,Peter,Chaetodontidae,Chaetodon,lunulatus,37365059,1,AD,Passing,,
WAI_ALI_CAM1_left_1.MP4,52185,29.0207,WAI_ALI_Transect 4,1.006,,4.693,3.87,2756.241,12.481,,,-551.603,-214.11,-2691.98,WAI_ALI,Peter,Pomacentridae,Chromis,margaritifer,37372047,1,AD,Passing,,
WAI_ALI_CAM1_left_1.MP4,52351,29.113,WAI_ALI_Transect 4,1.0983,201.754,18.674,8.313,4341.238,23.792,40.562,3.347,-1704.317,-402.923,-3972.318,WAI_ALI,Peter,Scaridae,Chlorurus,spilurus,temp_code_002,1,AD,Passing,,
WAI_ALI_CAM1_left_1.MP4,52387,29.133,WAI_ALI_Transect 4,1.1183,103.315,4.764,11.996,2512.642,23.207,22.432,4.035,-708.005,-692.161,-2309.331,WAI_ALI,Peter,Acanthuridae,Ctenochaetus,striatus,37437022,1,AD,Passing,,
WAI_ALI_CAM1_left_1.MP4,52400,29.1402,WAI_ALI_Transect 4,1.1256,139.454,4.905,2.392,2540.859,23.68,17.843,4.925,887.734,-503.283,-2326.929,WAI_ALI,Peter,Scaridae,Chlorurus,spilurus,temp_code_002,1,AD,Passing,,
WAI_ALI_CAM1_left_1.MP4,52544,29.2203,WAI_ALI_Transect 4,1.2056,236.166,13.866,10.509,3431.62,18.788,41.704,3.843,1094.734,-151.82,-3248.773,WAI_ALI,Peter,Scaridae,Scarus,schlegeli,37386029,1,AD,Passing,,
WAI_ALI_CAM1_left_1.MP4,52641,29.2742,WAI_ALI_Transect 4,1.2596,139.598,9.212,6.645,3754.738,23.584,10.352,1.621,-1468.832,315.149,-3441.114,WAI_ALI,Peter,Acanthuridae,Acanthurus,nigrofuscus,37437014,1,AD,Passing,,
WAI_ALI_CAM1_left_1.MP4,52740,29.3293,WAI_ALI_Transect 4,1.3146,177.427,10.829,15.304,3228.125,20.186,41.005,18.661,-1101.138,168.369,-3029.841,WAI_ALI,Peter,Acanthuridae,Ctenochaetus,striatus,37437022,1,AD,Passing,,
WAI_ALI_CAM1_left_1.MP4,52740,29.3293,WAI_ALI_Transect 4,1.3146,159.253,5.381,10.001,2576.869,2.476,23.335,19.894,-43.815,-102.323,-2574.463,WAI_ALI,Peter,Pomacanthidae,Pygoplites,diacanthus,37365082,1,AD,Passing,,
WAI_ALI_CAM1_left_1.MP4,52740,29.3293,WAI_ALI_Transect 4,1.3146,170.841,7.816,8.184,3681.191,19.818,2.876,5.117,-1194.167,362.696,-3463.176,WAI_ALI,Peter,Scaridae,Scarus,schlegeli,37386029,1,AD,Passing,,
WAI_ALI_CAM1_left_1.MP4,52763,29.3421,WAI_ALI_Transect 4,1.3274,124.932,5.578,7.109,2539.692,19.536,27.252,18.457,-844.482,-90.117,-2393.484,WAI_ALI,Peter,Scaridae,Scarus,schlegeli,37386029,1,AD,Passing,,
WAI_ALI_CAM1_left_1.MP4,52777,29.3499,WAI_ALI_Transect 4,1.3352,,3.357,7.701,2318.213,18.103,,,712.73,112.975,-2203.035,WAI_ALI,Peter,Pomacentridae,Chromis,margaritifer,37372047,1,AD,Passing,,
WAI_ALI_CAM1_left_1.MP4,52777,29.3499,WAI_ALI_Transect 4,1.3352,153.41,4.942,6.031,1877.519,21.45,79.902,23.186,684.219,57.149,-1747.472,WAI_ALI,Peter,Scaridae,Scarus,schlegeli,37386029,1,AD,Passing,,
WAI_ALI_CAM1_left_1.MP4,52790,29.3571,WAI_ALI_Transect 4,1.3425,195.271,8.705,4.201,2701.316,9.901,37.12,3.312,-240.926,397.117,-2661.083,WAI_ALI,Peter,Acanthuridae,Zebrasoma,velifer,37437037,1,AD,Passing,,
WAI_ALI_CAM1_left_1.MP4,52837,29.3832,WAI_ALI_Transect 4,1.3686,127.31,5.75,11.59,2245.684,25.646,50.877,5.478,960.5,148.669,-2024.459,WAI_ALI,Peter,Acanthuridae,Zebrasoma,scopas,37437036,1,AD,Passing,,
WAI_ALI_CAM1_left_1.MP4,52969,29.4566,WAI_ALI_Transect 4,1.442,,4.133,2.891,2779.23,26.095,,,1217.172,-103.607,-2496.373,WAI_ALI,Peter,Pomacentridae,Pomacentrus,moluccensis,37372118,1,AD,Passing,,
WAI_ALI_CAM1_left_1.MP4,52969,29.4566,WAI_ALI_Transect 4,1.442,,2.233,6.565,1892.126,22.114,,,705.871,-88.396,-1753.304,WAI_ALI,Peter,Pomacentridae,Pomacentrus,callainus,temp_code_004,1,AD,Passing,,
WAI_ALI_CAM1_left_1.MP4,52991,29.4689,WAI_ALI_Transect 4,1.4542,80.613,2.84,2.161,1404.969,21.254,69.419,13.724,460.918,-216.691,-1309.403,WAI_ALI,Peter,Pomacentridae,Pomacentrus,philippinus,37372123,1,AD,Passing,,
WAI_ALI_CAM1_left_1.MP4,52991,29.4689,WAI_ALI_Transect 4,1.4542,75.023,6.932,7.011,2154.804,20.241,78.481,8.621,-681.124,-303.059,-2021.733,WAI_ALI,Peter,Pomacentridae,Pomacentrus,callainus,temp_code_004,1,AD,Passing,,
WAI_ALI_CAM1_left_1.MP4,53127,29.5445,WAI_ALI_Transect 4,1.5299,137.71,4.94,6.007,1910.578,24.321,69.108,3.146,768.334,-169.773,-1741.019,WAI_ALI,Peter,Scaridae,Scarus,schlegeli,37386029,1,AD,Passing,,
WAI_ALI_CAM1_left_1.MP4,53127,29.5445,WAI_ALI_Transect 4,1.5299,192.097,6.737,3.048,2141.249,22.248,89.166,13.709,792.562,-170.626,-1981.838,WAI_ALI,Peter,Scaridae,Scarus,niger,37386021,1,AD,Passing,,
WAI_ALI_CAM1_left_1.MP4,53160,29.5629,WAI_ALI_Transect 4,1.5482,99.559,8.915,9.177,2833.892,10.953,34.425,14.148,533.929,-69.678,-2782.267,WAI_ALI,Peter,Chaetodontidae,Chaetodon,lineolatus,37365041,1,AD,Passing,,
WAI_ALI_CAM1_left_1.MP4,53160,29.5629,WAI_ALI_Transect 4,1.5482,,6.168,10.735,3212.722,16.873,,,927.85,105.081,-3074.026,WAI_ALI,Peter,Pomacentridae,Chromis,ternatensis,37372051,1,AD,Passing,,
WAI_ALI_CAM1_left_1.MP4,53160,29.5629,WAI_ALI_Transect 4,1.5482,,5.938,8.589,3101.428,10.801,,,580.769,34.795,-3046.367,WAI_ALI,Peter,Pomacentridae,Chromis,ternatensis,37372051,1,AD,Passing,,
WAI_ALI_CAM1_left_1.MP4,53160,29.5629,WAI_ALI_Transect 4,1.5482,,6.658,11.315,3297.077,10.92,,,621.53,74.698,-3237.103,WAI_ALI,Peter,Pomacentridae,Chromis,ternatensis,37372051,1,AD,Passing,,
WAI_ALI_CAM1_left_1.MP4,53160,29.5629,WAI_ALI_Transect 4,1.5482,,6.812,10.116,3343.813,6.731,,,387.967,68.786,-3320.517,WAI_ALI,Peter,Pomacentridae,Chromis,ternatensis,37372051,1,AD,Passing,,
WAI_ALI_CAM1_left_1.MP4,53160,29.5629,WAI_ALI_Transect 4,1.5482,,6.605,8.817,3311.483,15.194,,,864.758,86.642,-3195.404,WAI_ALI,Peter,Pomacentridae,Chromis,ternatensis,37372051,1,AD,Passing,,
WAI_ALI_CAM1_left_1.MP4,53160,29.5629,WAI_ALI_Transect 4,1.5482,,5.495,5.134,3021.775,16.849,,,875.742,-2.114,-2892.092,WAI_ALI,Peter,Pomacentridae,Chromis,ternatensis,37372051,1,AD,Passing,,
WAI_ALI_CAM1_left_1.MP4,53160,29.5629,WAI_ALI_Transect 4,1.5482,,6.503,4.295,3357.991,19.505,,,1120.943,-12.044,-3165.351,WAI_ALI,Peter,Pomacentridae,Chromis,ternatensis,37372051,1,AD,Passing,,
WAI_ALI_CAM1_left_1.MP4,53160,29.5629,WAI_ALI_Transect 4,1.5482,,6.531,9.047,3271.963,12.885,,,727.372,70.306,-3189.315,WAI_ALI,Peter,Pomacentridae,Chromis,margaritifer,37372047,1,AD,Passing,,
WAI_ALI_CAM1_left_1.MP4,53160,29.5629,WAI_ALI_Transect 4,1.5482,,4.531,8.417,2675.189,12.143,,,528.646,-182.557,-2616.074,WAI_ALI,Peter,Pomacentridae,Chromis,margaritifer,37372047,1,AD,Passing,,
WAI_ALI_CAM1_left_1.MP4,53160,29.5629,WAI_ALI_Transect 4,1.5482,,6.771,7.538,3341.9,5.2,,,302.63,26.049,-3328.067,WAI_ALI,Peter,Pomacentridae,Chromis,margaritifer,37372047,1,AD,Passing,,
WAI_ALI_CAM1_left_1.MP4,53160,29.5629,WAI_ALI_Transect 4,1.5482,,6.493,11.418,3278.059,3.241,,,185.317,14.118,-3272.787,WAI_ALI,Peter,Pomacentridae,Chromis,margaritifer,37372047,1,AD,Passing,,
WAI_ALI_CAM1_left_1.MP4,53160,29.5629,WAI_ALI_Transect 4,1.5482,,5.776,3.52,3077.846,2.891,,,134.202,-65.824,-3074.215,WAI_ALI,Peter,Pomacentridae,Chromis,margaritifer,37372047,1,AD,Passing,,
WAI_ALI_CAM1_left_1.MP4,53160,29.5629,WAI_ALI_Transect 4,1.5482,,12.066,8.522,4579.972,3.349,,,261.944,-36.395,-4572.33,WAI_ALI,Peter,Pomacentridae,Chromis,margaritifer,37372047,1,AD,Passing,,
WAI_ALI_CAM1_left_1.MP4,53160,29.5629,WAI_ALI_Transect 4,1.5482,,5.482,4.68,2990.337,3.247,,,104.107,-121.778,-2986.043,WAI_ALI,Peter,Pomacentridae,Chromis,margaritifer,37372047,1,AD,Passing,,
WAI_ALI_CAM1_left_1.MP4,53160,29.5629,WAI_ALI_Transect 4,1.5482,,8.53,9.308,3815.9,1.985,,,-8.854,-116.734,-3814.104,WAI_ALI,Peter,Pomacentridae,Chromis,margaritifer,37372047,1,AD,Passing,,
WAI_ALI_CAM1_left_1.MP4,53160,29.5629,WAI_ALI_Transect 4,1.5482,,6.576,10.067,3310.302,2.482,,,-29.753,-127.123,-3307.727,WAI_ALI,Peter,Pomacentridae,Chromis,ternatensis,37372051,1,AD,Passing,,
WAI_ALI_CAM1_left_1.MP4,53160,29.5629,WAI_ALI_Transect 4,1.5482,,6.284,6.418,3227.126,3.709,,,-151.942,-130.374,-3220.91,WAI_ALI,Peter,Pomacentridae,Chromis,margaritifer,37372047,1,AD,Passing,,
WAI_ALI_CAM1_left_1.MP4,53160,29.5629,WAI_ALI_Transect 4,1.5482,,7.234,11.508,3479.691,5.131,,,-277.931,-126.316,-3466.273,WAI_ALI,Peter,Pomacentridae,Chromis,margaritifer,37372047,1,AD,Passing,,
WAI_ALI_CAM1_left_1.MP4,53160,29.5629,WAI_ALI_Transect 4,1.5482,,5.669,6.853,3050.035,4.245,,,-200.459,-91.762,-3042.057,WAI_ALI,Peter,Pomacentridae,Chromis,ternatensis,37372051,1,AD,Passing,,
WAI_ALI_CAM1_left_1.MP4,53160,29.5629,WAI_ALI_Transect 4,1.5482,,10.543,12.874,4263.22,4.852,,,-327.381,-134.351,-4248.508,WAI_ALI,Peter,Pomacentridae,Chromis,margaritifer,37372047,1,AD,Passing,,
WAI_ALI_CAM1_left_1.MP4,53160,29.5629,WAI_ALI_Transect 4,1.5482,,8.389,6.758,3772.235,11.59,,,-736.724,-163.175,-3695.993,WAI_ALI,Peter,Pomacentridae,Chromis,ternatensis,37372051,1,AD,Passing,,
WAI_ALI_CAM1_left_1.MP4,53160,29.5629,WAI_ALI_Transect 4,1.5482,,7.865,3.512,3630.738,10.17,,,-599.79,-212.195,-3574.56,WAI_ALI,Peter,Pomacentridae,Chromis,margaritifer,37372047,1,AD,Passing,,
WAI_ALI_CAM1_left_1.MP4,53160,29.5629,WAI_ALI_Transect 4,1.5482,,7.853,7.764,3665.824,14.204,,,-874.664,-195.764,-3554.561,WAI_ALI,Peter,Pomacentridae,Chromis,ternatensis,37372051,1,AD,Passing,,
WAI_ALI_CAM1_left_1.MP4,53160,29.5629,WAI_ALI_Transect 4,1.5482,,10.44,0.503,4234.728,13.6,,,-931.52,-335.59,-4117.35,WAI_ALI,Peter,Pomacentridae,Chromis,ternatensis,37372051,1,AD,Passing,,
WAI_ALI_CAM1_left_1.MP4,53160,29.5629,WAI_ALI_Transect 4,1.5482,,12.41,6.164,4661.129,14.417,,,-1114.668,-304.945,-4515.601,WAI_ALI,Peter,Pomacentridae,Chromis,ternatensis,37372051,1,AD,Passing,,
WAI_ALI_CAM1_left_1.MP4,53160,29.5629,WAI_ALI_Transect 4,1.5482,,8.281,9.931,3867.95,19.713,,,-1252.526,-350.775,-3642.687,WAI_ALI,Peter,Pomacentridae,Chromis,margaritifer,37372047,1,AD,Passing,,
WAI_ALI_CAM1_left_1.MP4,53160,29.5629,WAI_ALI_Transect 4,1.5482,,13.296,11.174,5063.58,22.349,,,-1859.014,-482.607,-4685.189,WAI_ALI,Peter,Pomacentridae,Chromis,margaritifer,37372047,1,AD,Passing,,
WAI_ALI_CAM1_left_1.MP4,53160,29.5629,WAI_ALI_Transect 4,1.5482,,7.697,9.127,3718.071,18.983,,,-1182.044,-241.92,-3516.86,WAI_ALI,Peter,Pomacentridae,Chromis,margaritifer,37372047,1,AD,Passing,,
WAI_ALI_CAM1_left_1.MP4,53160,29.5629,WAI_ALI_Transect 4,1.5482,77.829,6.179,11.728,2580.955,6.624,25.697,4.593,287.81,-76.188,-2563.726,WAI_ALI,Peter,Acanthuridae,Zebrasoma,scopas,37437036,1,AD,Passing,,
WAI_ALI_CAM1_left_1.MP4,53162,29.564,WAI_ALI_Transect 4,1.5493,188.023,8.746,4.204,2737.557,26.386,69.854,13.589,-1155.273,-381.395,-2452.366,WAI_ALI,Peter,Scaridae,Chlorurus,spilurus,temp_code_002,1,AD,Passing,,
WAI_ALI_CAM1_left_1.MP4,53252,29.614,WAI_ALI_Transect 4,1.5994,41.432,1.522,5.63,1289.933,15.814,24.957,1.283,170.755,-307.258,-1241.113,WAI_ALI,Peter,Pomacentridae,Chromis,margaritifer,37372047,1,AD,Passing,measurement for frame 53160,
WAI_ALI_CAM1_left_1.MP4,53252,29.614,WAI_ALI_Transect 4,1.5994,50.336,2.111,6.74,1677.12,11.355,18.439,27.903,281.024,-173.389,-1644.291,WAI_ALI,Peter,Pomacentridae,Chromis,margaritifer,37372047,1,AD,Passing,measurement for frame 53160,
WAI_ALI_CAM1_left_1.MP4,53252,29.614,WAI_ALI_Transect 4,1.5994,30.177,1.592,5.881,1668.494,9.694,8.468,28.298,177.419,-217.854,-1644.669,WAI_ALI,Peter,Pomacentridae,Chromis,margaritifer,37372047,1,AD,Passing,measurement for frame 53160,
WAI_ALI_CAM1_left_1.MP4,53252,29.614,WAI_ALI_Transect 4,1.5994,55.773,4.198,17.526,1832.908,8.259,38.758,10.044,204.748,-165.533,-1813.899,WAI_ALI,Peter,Pomacentridae,Chromis,ternatensis,37372051,1,AD,Passing,measurement for frame 53160,
WAI_ALI_CAM1_left_1.MP4,53252,29.614,WAI_ALI_Transect 4,1.5994,35.357,2.078,12.895,1446.413,4.718,27.095,0.966,13.663,-118.171,-1441.513,WAI_ALI,Peter,Pomacentridae,Chromis,margaritifer,37372047,1,AD,Passing,measurement for frame 53160,
WAI_ALI_CAM1_left_1.MP4,53252,29.614,WAI_ALI_Transect 4,1.5994,53.965,2.516,9.117,1876.615,13.188,15.741,15.487,-356.053,-237.756,-1827.124,WAI_ALI,Peter,Pomacentridae,Chromis,margaritifer,37372047,1,AD,Passing,measurement for frame 53160,
WAI_ALI_CAM1_left_1.MP4,53252,29.614,WAI_ALI_Transect 4,1.5994,52.689,2.789,8.321,2137.013,11.305,11.205,10.13,-369.425,-197.56,-2095.548,WAI_ALI,Peter,Pomacentridae,Chromis,margaritifer,37372047,1,AD,Passing,measurement for frame 53160,
WAI_ALI_CAM1_left_1.MP4,53286,29.6329,WAI_ALI_Transect 4,1.6183,48.314,1.561,6.004,1407.712,23.752,14.078,10.456,-416.354,-384.869,-1288.479,WAI_ALI,Peter,Chaetodontidae,Chaetodon,baronessa,37365034,1,AD,Passing,,
WAI_ALI_CAM1_left_1.MP4,53286,29.6329,WAI_ALI_Transect 4,1.6183,47.937,2.25,5.281,1756.441,20.405,8.43,9.105,-549.87,-269.53,-1646.232,WAI_ALI,Peter,Chaetodontidae,Chaetodon,baronessa,37365034,1,AD,Passing,,
WAI_ALI_CAM1_left_1.MP4,53286,29.6329,WAI_ALI_Transect 4,1.6183,40.67,2.651,14.193,1911.87,23.889,1.259,6.68,-732.114,-251.894,-1748.087,WAI_ALI,Peter,Chaetodontidae,Chaetodon,baronessa,37365034,1,AD,Passing,,
WAI_ALI_CAM1_left_1.MP4,53286,29.6329,WAI_ALI_Transect 4,1.6183,37.958,2.301,6.329,1897.24,18.761,3.007,11.8,-514.02,-328.795,-1796.44,WAI_ALI,Peter,Pomacentridae,Chromis,margaritifer,37372047,1,AD,Passing,,
WAI_ALI_CAM1_left_1.MP4,53286,29.6329,WAI_ALI_Transect 4,1.6183,44.813,2.701,7.308,1412.276,19.699,58.248,12.688,-376.917,-290.77,-1329.628,WAI_ALI,Peter,Pomacentridae,Chromis,margaritifer,37372047,1,AD,Passing,,
WAI_ALI_CAM1_left_1.MP4,53286,29.6329,WAI_ALI_Transect 4,1.6183,49.436,2.253,4.744,1547.601,17.725,25.91,1.456,-376.102,-283.783,-1474.138,WAI_ALI,Peter,Pomacentridae,Chromis,margaritifer,37372047,1,AD,Passing,,
WAI_ALI_CAM1_left_1.MP4,53286,29.6329,WAI_ALI_Transect 4,1.6183,56.349,1.867,3.659,1620.764,7.483,16.53,12.608,-70.157,-199.073,-1606.961,WAI_ALI,Peter,Pomacentridae,Chromis,ternatensis,37372051,1,AD,Passing,,
WAI_ALI_CAM1_left_1.MP4,53286,29.6329,WAI_ALI_Transect 4,1.6183,61.095,5.747,3.781,2302.363,7.813,32.64,10.488,-67.944,-305.507,-2280.992,WAI_ALI,Peter,Pomacentridae,Chromis,margaritifer,37372047,1,AD,Passing,,
WAI_ALI_CAM1_left_1.MP4,53286,29.6329,WAI_ALI_Transect 4,1.6183,48.301,2.038,5.975,1677.231,13.755,14.182,12.1,-328.002,-226.852,-1629.128,WAI_ALI,Peter,Pomacentridae,Chromis,ternatensis,37372051,1,AD,Passing,,
WAI_ALI_CAM1_left_1.MP4,53325,29.6546,WAI_ALI_Transect 4,1.64,106.174,5.373,6.845,2124.771,13.873,40.999,16.485,-479.2,-172.976,-2062.789,WAI_ALI,Peter,Labridae,Thalassoma,quinquevittatum,37384170,1,AD,Passing,,
WAI_ALI_CAM1_left_1.MP4,53444,29.7208,WAI_ALI_Transect 4,1.7061,159.825,2.852,17.145,2359.188,11.708,11.355,7.971,-143.613,-456.675,-2310.106,WAI_ALI,Peter,Scaridae,Chlorurus,spilurus,temp_code_002,1,AD,Passing,,
WAI_ALI_CAM1_left_1.MP4,53444,29.7208,WAI_ALI_Transect 4,1.7061,154.018,4.707,4.807,2248.383,11.901,27.224,2.594,-243.647,-394.491,-2200.054,WAI_ALI,Peter,Scaridae,Chlorurus,spilurus,temp_code_002,1,AD,Passing,,
WAI_ALI_CAM1_left_1.MP4,53444,29.7208,WAI_ALI_Transect 4,1.7061,121.675,2.567,17.56,1545.118,11.631,32.525,1.697,-81.072,-300.774,-1513.391,WAI_ALI,Peter,Scaridae,Chlorurus,spilurus,temp_code_002,1,AD,Passing,,
WAI_ALI_CAM1_left_1.MP4,53444,29.7208,WAI_ALI_Transect 4,1.7061,109.392,2.527,7.452,1861.971,16.818,17.15,2.222,-357.869,-402.682,-1782.334,WAI_ALI,Peter,Scaridae,Chlorurus,spilurus,temp_code_002,1,AD,Passing,,
WAI_ALI_CAM1_left_1.MP4,53444,29.7208,WAI_ALI_Transect 4,1.7061,207.978,4.442,9.285,1863.354,24.854,64.49,9.128,-600.164,-503.183,-1690.768,WAI_ALI,Peter,Scaridae,Chlorurus,spilurus,temp_code_002,1,AD,Passing,,
WAI_ALI_CAM1_left_1.MP4,53444,29.7208,WAI_ALI_Transect 4,1.7061,194.086,6.638,11.348,2576.655,27.596,48.541,14.617,-896.95,-787.467,-2283.534,WAI_ALI,Peter,Scaridae,Chlorurus,spilurus,temp_code_002,1,AD,Passing,,
WAI_ALI_CAM1_left_1.MP4,53444,29.7208,WAI_ALI_Transect 4,1.7061,105.085,5.679,12.483,2449.224,27.027,40.816,5.361,-970.623,-544.585,-2181.747,WAI_ALI,Peter,Scaridae,Chlorurus,spilurus,temp_code_002,1,AD,Passing,,
WAI_ALI_CAM1_left_1.MP4,53444,29.7208,WAI_ALI_Transect 4,1.7061,145.041,6.06,5.45,2376.547,17.496,34.795,8.471,574.336,-425.004,-2266.603,WAI_ALI,Peter,Scaridae,Chlorurus,spilurus,temp_code_002,1,AD,Passing,,
WAI_ALI_CAM1_left_1.MP4,53444,29.7208,WAI_ALI_Transect 4,1.7061,115.682,4.705,10.599,2270.346,11.246,26.718,2.098,7.045,-442.703,-2226.754,WAI_ALI,Peter,Acanthuridae,Zebrasoma,scopas,37437036,1,AD,Passing,,
WAI_ALI_CAM1_left_1.MP4,53498,29.7508,WAI_ALI_Transect 4,1.7362,217.173,8.375,6.289,3218.875,8.937,22.09,3.263,-488.105,-108.512,-3179.801,WAI_ALI,Peter,Scaridae,Chlorurus,spilurus,temp_code_002,1,AD,Passing,,
WAI_ALI_CAM1_left_1.MP4,53648,29.8342,WAI_ALI_Transect 4,1.8196,195.993,5.162,11.318,3577.922,13.46,10.204,7,-58.717,-830.747,-3479.646,WAI_ALI,Peter,Acanthuridae,Ctenochaetus,striatus,37437022,1,AD,Passing,,
WAI_ALI_CAM1_left_1.MP4,53906,29.9777,WAI_ALI_Transect 4,1.9631,60.849,5.194,3.633,3029.338,20.756,11.248,34.126,-943.115,512.901,-2832.73,WAI_ALI,Peter,Pomacentridae,Chrysiptera,glauca,37372062,1,AD,Passing,,
WAI_ALI_CAM1_left_1.MP4,53906,29.9777,WAI_ALI_Transect 4,1.9631,68.102,6.503,6.082,3403.165,18.072,11.053,23.863,-889.754,568.219,-3235.273,WAI_ALI,Peter,Pomacentridae,Chrysiptera,glauca,37372062,1,AD,Passing,,
WAI_ALI_CAM1_left_1.MP4,53906,29.9777,WAI_ALI_Transect 4,1.9631,155.555,4.333,5.015,2551.887,18.204,13.576,15.627,-719.038,344.322,-2424.161,WAI_ALI,Peter,Labridae,Gomphosus,varius,37384106,1,AD,Passing,,
WAI_ALI_CAM1_left_1.MP4,53921,29.9861,WAI_ALI_Transect 4,1.9714,,6.937,7.142,3448.441,17.462,,,-959.889,399.556,-3287.965,WAI_ALI,Peter,Pomacentridae,Chromis,margaritifer,37372047,1,AD,Passing,,
WAI_ALI_CAM1_left_1.MP4,53921,29.9861,WAI_ALI_Transect 4,1.9714,,8.6,7.653,3915.848,19.175,,,-1223.405,411.577,-3696.992,WAI_ALI,Peter,Pomacentridae,Chromis,margaritifer,37372047,1,AD,Passing,,
WAI_ALI_CAM1_left_1.MP4,53921,29.9861,WAI_ALI_Transect 4,1.9714,,5.762,1.668,3124.853,16.962,,,-861.503,310.011,-2987.71,WAI_ALI,Peter,Pomacentridae,Chromis,margaritifer,37372047,1,AD,Passing,,
WAI_ALI_CAM1_left_1.MP4,53921,29.9861,WAI_ALI_Transect 4,1.9714,,7.868,7.297,3702.646,17.608,,,-1064.76,361.672,-3527.757,WAI_ALI,Peter,Pomacentridae,Chromis,margaritifer,37372047,1,AD,Passing,,
WAI_ALI_CAM1_left_1.MP4,53921,29.9861,WAI_ALI_Transect 4,1.9714,,9.895,8.271,4078.776,12.401,,,-771.118,431.268,-3981.934,WAI_ALI,Peter,Pomacentridae,Chromis,margaritifer,37372047,1,AD,Passing,,
WAI_ALI_CAM1_left_1.MP4,53921,29.9861,WAI_ALI_Transect 4,1.9714,,9.834,5.627,4054.44,12.488,,,-735.191,493.249,-3956.6,WAI_ALI,Peter,Pomacentridae,Chromis,margaritifer,37372047,1,AD,Passing,,
WAI_ALI_CAM1_left_1.MP4,53921,29.9861,WAI_ALI_Transect 4,1.9714,,11.641,8.331,4428.877,12.324,,,-799.658,521.3,-4324.783,WAI_ALI,Peter,Pomacentridae,Chromis,margaritifer,37372047,1,AD,Passing,,
WAI_ALI_CAM1_left_1.MP4,53951,30.0028,WAI_ALI_Transect 4,1.9881,69.601,6.924,15.999,3070.689,29.291,18.569,7.327,1425.521,474.159,-2678.095,WAI_ALI,Peter,Scaridae,Chlorurus,spilurus,temp_code_002,1,AD,Passing,,
WAI_ALI_CAM1_left_1.MP4,53951,30.0028,WAI_ALI_Transect 4,1.9881,144.89,13.214,19.255,4168.191,28.356,24.593,7.707,1813.251,794.542,-3668.056,WAI_ALI,Peter,Scaridae,Chlorurus,spilurus,temp_code_002,1,AD,Passing,,
WAI_ALI_CAM1_left_1.MP4,53951,30.0028,WAI_ALI_Transect 4,1.9881,134.027,10.93,12.934,3066.04,26.635,61.749,14.409,1265.354,536.819,-2740.676,WAI_ALI,Peter,Scaridae,Chlorurus,spilurus,temp_code_002,1,AD,Passing,,
WAI_ALI_CAM1_left_1.MP4,53951,30.0028,WAI_ALI_Transect 4,1.9881,207.849,16.632,17.474,4158.545,23.407,34.611,2.156,1446.246,798.509,-3816.314,WAI_ALI,Peter,Scaridae,Chlorurus,spilurus,temp_code_002,1,AD,Passing,,
WAI_ALI_CAM1_left_1.MP4,53951,30.0028,WAI_ALI_Transect 4,1.9881,107.778,7.476,13.707,3393.976,25.573,52.89,59.265,1353.471,560.81,-3061.483,WAI_ALI,Peter,Scaridae,Chlorurus,spilurus,temp_code_002,1,AD,Passing,,
WAI_ALI_CAM1_left_1.MP4,53951,30.0028,WAI_ALI_Transect 4,1.9881,85.246,7.045,14.369,3008.741,28.849,24.42,7.8,1343.578,549.85,-2635.334,WAI_ALI,Peter,Scaridae,Chlorurus,spilurus,temp_code_002,1,AD,Passing,,
WAI_ALI_CAM1_left_1.MP4,53951,30.0028,WAI_ALI_Transect 4,1.9881,76.421,7.027,16.691,3189.696,28.324,12.943,9.856,1407.478,556.188,-2807.814,WAI_ALI,Peter,Scaridae,Chlorurus,spilurus,temp_code_002,1,AD,Passing,,
WAI_ALI_CAM1_left_1.MP4,53951,30.0028,WAI_ALI_Transect 4,1.9881,,7.677,15.295,4095.358,31.914,,,2052.607,702.257,-3473.557,WAI_ALI,Peter,Scaridae,Chlorurus,spilurus,temp_code_002,1,AD,Passing,,
WAI_ALI_CAM1_left_1.MP4,53951,30.0028,WAI_ALI_Transect 4,1.9881,,6.068,11.253,3330.681,26.139,,,1324.969,642.383,-2987.514,WAI_ALI,Peter,Scaridae,Chlorurus,spilurus,temp_code_002,1,AD,Passing,,
WAI_ALI_CAM1_left_1.MP4,53951,30.0028,WAI_ALI_Transect 4,1.9881,,8.002,6.215,3665.522,21.193,,,1085.746,773.257,-3414.569,WAI_ALI,Peter,Scaridae,Chlorurus,spilurus,temp_code_002,1,AD,Passing,,
WAI_ALI_CAM1_left_1.MP4,53951,30.0028,WAI_ALI_Transect 4,1.9881,,6.607,14.436,3776.668,31.61,,,1886.857,611.097,-3213.962,WAI_ALI,Peter,Pomacentridae,Chromis,margaritifer,37372047,1,AD,Passing,,
WAI_ALI_CAM1_left_1.MP4,54042,30.0534,WAI_ALI_Transect 4,2.0387,79.688,0.998,4.293,1170.928,10.711,7.65,11.486,-148.922,-158.68,-1150.528,WAI_ALI,Peter,Pomacanthidae,Centropyge,heraldi,37385027,1,AD,Passing,,
WAI_ALI_CAM1_left_1.MP4,54042,30.0534,WAI_ALI_Transect 4,2.0387,56.838,2.243,5.647,1631.112,18.083,16.974,10.193,-501.492,69.516,-1550.549,WAI_ALI,Peter,Pomacentridae,Chromis,margaritifer,37372047,1,AD,Passing,,
WAI_ALI_CAM1_left_1.MP4,54042,30.0534,WAI_ALI_Transect 4,2.0387,62.353,4.736,7.061,2019.834,23.208,50.204,2.124,-784.378,135.221,-1856.393,WAI_ALI,Peter,Pomacentridae,Chromis,margaritifer,37372047,1,AD,Passing,,
WAI_ALI_CAM1_left_1.MP4,54042,30.0534,WAI_ALI_Transect 4,2.0387,44.67,3.706,7.578,2131.354,18.763,69.394,59.905,-662.243,177.325,-2018.084,WAI_ALI,Peter,Pomacentridae,Chromis,margaritifer,37372047,1,AD,Passing,,
WAI_ALI_CAM1_left_1.MP4,54042,30.0534,WAI_ALI_Transect 4,2.0387,,4.384,5.785,2698.47,17.499,,,-753.496,311.221,-2572.377,WAI_ALI,Peter,Pomacentridae,Chromis,margaritifer,37372047,1,AD,Passing,,
WAI_ALI_CAM1_left_1.MP4,54042,30.0534,WAI_ALI_Transect 4,2.0387,,5.498,9.614,3072.135,17.64,,,-905.711,226.976,-2926.804,WAI_ALI,Peter,Pomacentridae,Chromis,margaritifer,37372047,1,AD,Passing,,
WAI_ALI_CAM1_left_1.MP4,54042,30.0534,WAI_ALI_Transect 4,2.0387,,2.427,4.156,2089.245,25.093,,,-875.045,146.611,-1891.494,WAI_ALI,Peter,Pomacentridae,Chromis,margaritifer,37372047,1,AD,Passing,,
WAI_ALI_CAM1_left_1.MP4,54042,30.0534,WAI_ALI_Transect 4,2.0387,,6.503,4.306,3287.702,14.644,,,-750.283,370.211,-3179.466,WAI_ALI,Peter,Pomacentridae,Chromis,margaritifer,37372047,1,AD,Passing,,
WAI_ALI_CAM1_left_1.MP4,54071,30.0695,WAI_ALI_Transect 4,2.0548,66.749,2.347,7.158,2172.777,5.19,9.016,2.974,135.618,142.242,-2163.871,WAI_ALI,Peter,Labridae,Anampses,neoguinaicus,37384050,1,AD,Passing,,
WAI_ALI_CAM1_left_1.MP4,54071,30.0695,WAI_ALI_Transect 4,2.0548,66.16,4.127,5.004,1933.564,20.876,42.918,15.618,-681.755,99.768,-1806.634,WAI_ALI,Peter,Pomacentridae,Chromis,ternatensis,37372051,1,AD,Passing,,
WAI_ALI_CAM1_left_1.MP4,54071,30.0695,WAI_ALI_Transect 4,2.0548,48.077,4.711,7.983,2402.001,19.431,20.845,4.03,-789.119,125.864,-2265.184,WAI_ALI,Peter,Pomacentridae,Chromis,margaritifer,37372047,1,AD,Passing,,
WAI_ALI_CAM1_left_1.MP4,54071,30.0695,WAI_ALI_Transect 4,2.0548,,4.952,13.009,2892.886,16.804,,,-819.11,179.774,-2768.669,WAI_ALI,Peter,Pomacentridae,Chromis,margaritifer,37372047,1,AD,Passing,,
WAI_ALI_CAM1_left_1.MP4,54071,30.0695,WAI_ALI_Transect 4,2.0548,,4.083,1.926,2534.709,5.154,,,-7.703,237.576,-2523.539,WAI_ALI,Peter,Pomacentridae,Chromis,ternatensis,37372051,1,AD,Passing,,
WAI_ALI_CAM1_left_1.MP4,54071,30.0695,WAI_ALI_Transect 4,2.0548,,4.669,10.88,2720.884,6.673,,,26.332,325.772,-2701.183,WAI_ALI,Peter,Pomacentridae,Chromis,ternatensis,37372051,1,AD,Passing,,
WAI_ALI_CAM1_left_1.MP4,54071,30.0695,WAI_ALI_Transect 4,2.0548,,4.216,7.862,2579.915,5.477,,,-65.194,247.652,-2567.173,WAI_ALI,Peter,Pomacentridae,Chromis,margaritifer,37372047,1,AD,Passing,,
WAI_ALI_CAM1_left_1.MP4,54071,30.0695,WAI_ALI_Transect 4,2.0548,,6.595,4.214,3291.423,8.634,,,-436.982,243.482,-3253.187,WAI_ALI,Peter,Pomacentridae,Chromis,margaritifer,37372047,1,AD,Passing,,
WAI_ALI_CAM1_left_1.MP4,54071,30.0695,WAI_ALI_Transect 4,2.0548,,3.23,3.643,2229.969,7.041,,,-226.765,161.428,-2212.528,WAI_ALI,Peter,Pomacentridae,Chromis,ternatensis,37372051,1,AD,Passing,,
WAI_ALI_CAM1_left_1.MP4,54071,30.0695,WAI_ALI_Transect 4,2.0548,,4.229,0.07,2584.972,4.361,,,103.213,177.487,-2576.806,WAI_ALI,Peter,Pomacentridae,Chromis,margaritifer,37372047,1,AD,Passing,,
WAI_ALI_CAM1_left_1.MP4,54071,30.0695,WAI_ALI_Transect 4,2.0548,76.665,2.395,5.11,1610.627,4.814,24.583,2.225,57.939,122.108,-1604.946,WAI_ALI,Peter,Labridae,Labroides,dimidiatus,37384028,1,AD,Passing,,
WAI_ALI_CAM1_left_1.MP4,54071,30.0695,WAI_ALI_Transect 4,2.0548,72.113,5.793,4.964,2238.479,24.414,64.76,21.414,-924.697,-31.315,-2038.318,WAI_ALI,Peter,Pomacentridae,Pomacentrus,philippinus,37372123,1,AD,Passing,,
WAI_ALI_CAM1_left_1.MP4,54071,30.0695,WAI_ALI_Transect 4,2.0548,61.914,4.465,19.796,2296.007,7.687,23.522,12.721,-254.736,171.584,-2275.372,WAI_ALI,Peter,Pomacentridae,Pomacentrus,callainus,temp_code_004,1,AD,Passing,,
WAI_ALI_CAM1_left_1.MP4,54071,30.0695,WAI_ALI_Transect 4,2.0548,80.037,5.612,11.749,1947.031,3.103,47.489,8.464,78.342,70.496,-1944.177,WAI_ALI,Peter,Acanthuridae,Zebrasoma,scopas,37437036,1,AD,Passing,,
WAI_ALI_CAM1_left_1.MP4,54109,30.0906,WAI_ALI_Transect 4,2.076,85.103,2.054,7.617,1414.097,15.337,29.046,7.826,-330.056,-175.934,-1363.738,WAI_ALI,Peter,Acanthuridae,Zebrasoma,scopas,37437036,1,AD,Passing,,
WAI_ALI_CAM1_left_1.MP4,54151,30.114,WAI_ALI_Transect 4,2.0993,71.698,3.208,4.928,1739.36,13.778,31.784,8.148,-388.872,-142.739,-1689.313,WAI_ALI,Peter,Pomacanthidae,Centropyge,heraldi,37385027,1,AD,Passing,,
WAI_ALI_CAM1_left_1.MP4,54151,30.114,WAI_ALI_Transect 4,2.0993,46.843,2.651,1.323,1830.673,15.678,18.082,17.163,-477.564,-129.15,-1762.56,WAI_ALI,Peter,Pomacentridae,Chromis,margaritifer,37372047,1,AD,Passing,,
WAI_ALI_CAM1_left_1.MP4,54151,30.114,WAI_ALI_Transect 4,2.0993,67.657,1.396,1.46,974.82,15.389,71.322,24.384,223.604,-130.077,-939.87,WAI_ALI,Peter,Pomacentridae,Pomacentrus,callainus,temp_code_004,1,AD,Passing,,
WAI_ALI_CAM1_left_1.MP4,54190,30.1357,WAI_ALI_Transect 4,2.121,206.327,17.545,5.451,3798.471,19.681,55.674,22.129,-1273.827,-118.082,-3576.562,WAI_ALI,Peter,Scaridae,Scarus,spinus,37386031,1,AD,Passing,,
WAI_ALI_CAM1_left_1.MP4,54214,30.149,WAI_ALI_Transect 4,2.1344,164.254,7.362,14.441,3839.051,18.093,3.003,6.765,-994.716,-657.284,-3649.223,WAI_ALI,Peter,Acanthuridae,Acanthurus,lineatus,37437010,1,AD,Passing,,
WAI_ALI_CAM1_left_1.MP4,54214,30.149,WAI_ALI_Transect 4,2.1344,80.547,5.896,7.812,2957.561,25.712,19.612,33.256,1256.573,-259.781,-2664.715,WAI_ALI,Peter,Acanthuridae,Acanthurus,nigrofuscus,37437014,1,AD,Passing,,
WAI_ALI_CAM1_left_1.MP4,54214,30.149,WAI_ALI_Transect 4,2.1344,66.624,3.281,9.015,2500.742,16.638,2.613,9.327,549.337,-459.278,-2396.039,WAI_ALI,Peter,Pomacentridae,Chrysiptera,glauca,37372062,1,AD,Passing,,
WAI_ALI_CAM1_left_1.MP4,54214,30.149,WAI_ALI_Transect 4,2.1344,64.778,2.082,8.186,2438.105,15.275,3.207,13.631,60.951,-639.407,-2351.978,WAI_ALI,Peter,Pomacentridae,Chrysiptera,glauca,37372062,1,AD,Passing,,
WAI_ALI_CAM1_left_1.MP4,54214,30.149,WAI_ALI_Transect 4,2.1344,65.706,2.441,7.497,2087.316,18.53,6.922,2.075,417.919,-515.168,-1979.099,WAI_ALI,Peter,Cirrhitidae,Paracirrhites,forsteri,37374010,1,AD,Passing,,
WAI_ALI_CAM1_left_1.MP4,54214,30.149,WAI_ALI_Transect 4,2.1344,54.957,3.532,9.004,2461.492,21.29,1.971,26.551,740.377,-500.594,-2293.51,WAI_ALI,Peter,Pomacentridae,Pomacentrus,callainus,temp_code_004,1,AD,Passing,,
WAI_ALI_CAM1_left_1.MP4,54340,30.2191,WAI_ALI_Transect 4,2.2044,,14.735,2.621,5403.641,25.74,,,-2125.938,-974.432,-4871.366,WAI_ALI,Peter,Scaridae,Chlorurus,spilurus,temp_code_002,1,AD,Passing,,
WAI_ALI_CAM1_left_1.MP4,54495,30.3053,WAI_ALI_Transect 4,2.2906,,10.823,8.227,4446.987,21.565,,,-1475.259,-687.276,-4138.472,WAI_ALI,Peter,Acanthuridae,Acanthurus,nigrofuscus,37437014,1,AD,Passing,,
WAI_ALI_CAM1_left_1.MP4,54566,30.3448,WAI_ALI_Transect 4,2.3301,169.078,14.094,13.044,4941.587,20.755,9.335,8.137,-1562.575,-790.463,-4620.91,WAI_ALI,Peter,Acanthuridae,Ctenochaetus,striatus,37437022,1,AD,Passing,,
WAI_ALI_CAM1_left_1.MP4,54610,30.3692,WAI_ALI_Transect 4,2.3546,175.658,13.92,19.886,4457.796,29.933,28.263,18.252,-2064.692,-827.545,-3863.181,WAI_ALI,Peter,Acanthuridae,Acanthurus,nigrofuscus,37437014,1,AD,Passing,,
WAI_ALI_CAM1_left_1.MP4,54809,30.4799,WAI_ALI_Transect 4,2.4652,192.828,6.68,6.89,3858.293,18.524,7.281,11.35,707.873,-1000.75,-3658.393,WAI_ALI,Peter,Acanthuridae,Acanthurus,nigrofuscus,37437014,1,AD,Passing,,
WAI_ALI_CAM1_left_1.MP4,54832,30.4927,WAI_ALI_Transect 4,2.478,178.808,10.276,12.464,3912.929,20.994,15.405,6.598,1166.961,-776.811,-3653.187,WAI_ALI,Peter,Acanthuridae,Acanthurus,nigrofuscus,37437014,1,AD,Passing,,
WAI_ALI_CAM1_left_2.MP4,3705,37.2956,WAI_ALI_Transect 5,0.2686,,16.786,0.825,5860.521,24.142,,,-2371.165,371.784,-5346.5,WAI_ALI,Peter,Chaetodontidae,Chaetodon,reticulatus,37365054,1,AD,Passing,,
WAI_ALI_CAM1_left_2.MP4,3719,37.3034,WAI_ALI_Transect 5,0.2764,,11.593,8.451,4887.331,25.286,,,-2048.683,-383.535,-4420.611,WAI_ALI,Peter,Pomacanthidae,Centropyge,heraldi,37385027,1,AD,Passing,,
WAI_ALI_CAM1_left_2.MP4,3795,37.3456,WAI_ALI_Transect 5,0.3187,231.388,15.573,13.222,4580.494,24.377,21.222,4.119,-1881.565,-184.383,-4172.126,WAI_ALI,Peter,Scaridae,Chlorurus,spilurus,temp_code_002,1,AD,Passing,,
WAI_ALI_CAM1_left_2.MP4,3795,37.3456,WAI_ALI_Transect 5,0.3187,196.919,13.089,15.689,3540.565,20.606,49.455,30.839,-1194.279,-355.446,-3314.054,WAI_ALI,Peter,Acanthuridae,Ctenochaetus,striatus,37437022,1,AD,Passing,,
WAI_ALI_CAM1_left_2.MP4,3802,37.3495,WAI_ALI_Transect 5,0.3225,156.455,14.407,14.338,4025.074,27.139,44.705,20.386,-1832.809,-108.381,-3581.939,WAI_ALI,Peter,Tetraodontidae,Arothron,manilensis,37467020,1,AD,Passing,,
WAI_ALI_CAM1_left_2.MP4,3802,37.3495,WAI_ALI_Transect 5,0.3225,229.726,22.765,5.285,4324.111,25.933,79.416,7.626,-1889.706,70.469,-3888.699,WAI_ALI,Peter,Serranidae,Cephalopholis,urodeta,37311142,1,AD,Passing,,
WAI_ALI_CAM1_left_2.MP4,3875,37.3901,WAI_ALI_Transect 5,0.3631,231.786,15.516,13.766,3136.658,20.32,86.772,17.889,748.137,-791.664,-2941.46,WAI_ALI,Peter,Acanthuridae,Ctenochaetus,striatus,37437022,1,AD,Passing,,
WAI_ALI_CAM1_left_2.MP4,3884,37.3951,WAI_ALI_Transect 5,0.3681,263.53,22.661,9.343,6134.037,12.836,14.742,4.019,-1246.003,551.893,-5980.744,WAI_ALI,Peter,Scaridae,Chlorurus,spilurus,temp_code_002,1,AD,Passing,,
WAI_ALI_CAM1_left_2.MP4,3884,37.3951,WAI_ALI_Transect 5,0.3681,,15.85,5.18,5167.831,19.055,,,1388.441,977.926,-4880.816,WAI_ALI,Peter,Scaridae,Chlorurus,spilurus,temp_code_002,1,AD,Passing,,
WAI_ALI_CAM1_left_2.MP4,3884,37.3951,WAI_ALI_Transect 5,0.3681,,6.108,2.003,3385.217,24.978,,,-1282.826,642.884,-3066.065,WAI_ALI,Peter,Pomacentridae,Chromis,ternatensis,37372051,1,AD,Passing,,
WAI_ALI_CAM1_left_2.MP4,3884,37.3951,WAI_ALI_Transect 5,0.3681,,7.565,1.236,3723.71,24.409,,,-1290.86,851.103,-3387.524,WAI_ALI,Peter,Pomacentridae,Chromis,ternatensis,37372051,1,AD,Passing,,
WAI_ALI_CAM1_left_2.MP4,3884,37.3951,WAI_ALI_Transect 5,0.3681,,7.321,0.493,3792.102,26.623,,,-1533.68,745.143,-3387.126,WAI_ALI,Peter,Pomacentridae,Chromis,ternatensis,37372051,1,AD,Passing,,
WAI_ALI_CAM1_left_2.MP4,3884,37.3951,WAI_ALI_Transect 5,0.3681,,5.484,2.919,3277.344,26.378,,,-1363.369,522.918,-2934.07,WAI_ALI,Peter,Pomacentridae,Chromis,ternatensis,37372051,1,AD,Passing,,
WAI_ALI_CAM1_left_2.MP4,3884,37.3951,WAI_ALI_Transect 5,0.3681,,5.601,2.172,3412.816,28.719,,,-1537.169,583.16,-2990.71,WAI_ALI,Peter,Pomacentridae,Chromis,ternatensis,37372051,1,AD,Passing,,
WAI_ALI_CAM1_left_2.MP4,3884,37.3951,WAI_ALI_Transect 5,0.3681,,6.453,0.589,3737.477,29.392,,,-1752.88,553.244,-3254.238,WAI_ALI,Peter,Pomacentridae,Chromis,ternatensis,37372051,1,AD,Passing,,
WAI_ALI_CAM1_left_2.MP4,3884,37.3951,WAI_ALI_Transect 5,0.3681,,6.834,1.259,3797.265,28.527,,,-1720.692,585.873,-3333.945,WAI_ALI,Peter,Pomacentridae,Chromis,viridis,37372053,1,AD,Passing,,
WAI_ALI_CAM1_left_2.MP4,3884,37.3951,WAI_ALI_Transect 5,0.3681,,5.927,0.032,3311.041,23.336,,,-1229.152,469.611,-3038.362,WAI_ALI,Peter,Pomacentridae,Chromis,ternatensis,37372051,1,AD,Passing,,
WAI_ALI_CAM1_left_2.MP4,3884,37.3951,WAI_ALI_Transect 5,0.3681,,6.569,6.296,3483.814,23.146,,,-1272.452,518.743,-3201.364,WAI_ALI,Peter,Pomacentridae,Chromis,ternatensis,37372051,1,AD,Passing,,
WAI_ALI_CAM1_left_2.MP4,3884,37.3951,WAI_ALI_Transect 5,0.3681,,7.972,0.407,3878.305,24.044,,,-1451.428,638.782,-3539.289,WAI_ALI,Peter,Pomacentridae,Chromis,ternatensis,37372051,1,AD,Passing,,
WAI_ALI_CAM1_left_2.MP4,3884,37.3951,WAI_ALI_Transect 5,0.3681,,7.031,0.542,3953.754,30.22,,,-1897.891,611.925,-3414.049,WAI_ALI,Peter,Pomacentridae,Chromis,viridis,37372053,1,AD,Passing,,
WAI_ALI_CAM1_left_2.MP4,3884,37.3951,WAI_ALI_Transect 5,0.3681,,5.512,2.859,3111.958,18.55,,,-988.799,61,-2950.057,WAI_ALI,Peter,Pomacentridae,Chromis,viridis,37372053,1,AD,Passing,,
WAI_ALI_CAM1_left_2.MP4,3884,37.3951,WAI_ALI_Transect 5,0.3681,,5.85,4.146,3392.387,24.728,,,-1406.752,198.722,-3080.56,WAI_ALI,Peter,Pomacentridae,Chromis,viridis,37372053,1,AD,Passing,,
WAI_ALI_CAM1_left_2.MP4,3884,37.3951,WAI_ALI_Transect 5,0.3681,,4.378,2.919,2999.569,27.19,,,-1370.226,43.427,-2667.959,WAI_ALI,Peter,Pomacentridae,Chromis,viridis,37372053,1,AD,Passing,,
WAI_ALI_CAM1_left_2.MP4,3884,37.3951,WAI_ALI_Transect 5,0.3681,,6.786,6.498,3441.794,17.811,,,-1023.546,259.255,-3275.833,WAI_ALI,Peter,Pomacentridae,Chromis,viridis,37372053,1,AD,Passing,,
WAI_ALI_CAM1_left_2.MP4,3884,37.3951,WAI_ALI_Transect 5,0.3681,,7.032,5.375,3390.397,16.441,,,-659.567,709.837,-3248.984,WAI_ALI,Peter,Pomacentridae,Chromis,ternatensis,37372051,1,AD,Passing,,
WAI_ALI_CAM1_left_2.MP4,3884,37.3951,WAI_ALI_Transect 5,0.3681,,6.689,2.878,3303.867,13.412,,,-603.475,485.027,-3211.87,WAI_ALI,Peter,Pomacentridae,Chromis,ternatensis,37372051,1,AD,Passing,,
WAI_ALI_CAM1_left_2.MP4,3884,37.3951,WAI_ALI_Transect 5,0.3681,,7.211,4.99,3415.657,16.013,,,65.368,952.956,-3279.377,WAI_ALI,Peter,Pomacentridae,Chromis,ternatensis,37372051,1,AD,Passing,,
WAI_ALI_CAM1_left_2.MP4,3884,37.3951,WAI_ALI_Transect 5,0.3681,,7.497,3.484,3466.878,14.588,,,278.376,840.92,-3351.806,WAI_ALI,Peter,Pomacentridae,Chromis,ternatensis,37372051,1,AD,Passing,,
WAI_ALI_CAM1_left_2.MP4,3884,37.3951,WAI_ALI_Transect 5,0.3681,,7.177,2.814,3399.465,14.192,,,118.934,837.985,-3292.415,WAI_ALI,Peter,Pomacentridae,Chromis,ternatensis,37372051,1,AD,Passing,,
WAI_ALI_CAM1_left_2.MP4,3884,37.3951,WAI_ALI_Transect 5,0.3681,,7.369,6.246,3452.186,13.571,,,9.637,823.317,-3352.558,WAI_ALI,Peter,Pomacentridae,Chromis,ternatensis,37372051,1,AD,Passing,,
WAI_ALI_CAM1_left_2.MP4,3884,37.3951,WAI_ALI_Transect 5,0.3681,,6.683,2.683,3272.133,11.915,,,161.343,668.708,-3199.008,WAI_ALI,Peter,Pomacentridae,Chromis,ternatensis,37372051,1,AD,Passing,,
WAI_ALI_CAM1_left_2.MP4,3884,37.3951,WAI_ALI_Transect 5,0.3681,,6.741,8.96,3303.625,9.546,,,-49.029,558.558,-3255.694,WAI_ALI,Peter,Pomacentridae,Chromis,ternatensis,37372051,1,AD,Passing,,
WAI_ALI_CAM1_left_2.MP4,3884,37.3951,WAI_ALI_Transect 5,0.3681,,7.148,5.182,3390.928,17.895,,,304.715,1009.183,-3222.901,WAI_ALI,Peter,Pomacentridae,Chromis,ternatensis,37372051,1,AD,Passing,,
WAI_ALI_CAM1_left_2.MP4,3884,37.3951,WAI_ALI_Transect 5,0.3681,,6.86,1.457,3311.564,18.174,,,435.139,949.243,-3142.618,WAI_ALI,Peter,Pomacentridae,Chromis,ternatensis,37372051,1,AD,Passing,,
WAI_ALI_CAM1_left_2.MP4,3884,37.3951,WAI_ALI_Transect 5,0.3681,,7.709,3.516,3519.348,18.729,,,565.485,991.573,-3329.087,WAI_ALI,Peter,Pomacentridae,Chromis,ternatensis,37372051,1,AD,Passing,,
WAI_ALI_CAM1_left_2.MP4,3884,37.3951,WAI_ALI_Transect 5,0.3681,,8.445,1.87,3705.677,19.979,,,457.963,1194.233,-3477.948,WAI_ALI,Peter,Pomacentridae,Chromis,ternatensis,37372051,1,AD,Passing,,
WAI_ALI_CAM1_left_2.MP4,3884,37.3951,WAI_ALI_Transect 5,0.3681,,8.558,2.668,3771.353,23.359,,,823.955,1261.56,-3457.263,WAI_ALI,Peter,Pomacentridae,Chromis,ternatensis,37372051,1,AD,Passing,,
WAI_ALI_CAM1_left_2.MP4,3884,37.3951,WAI_ALI_Transect 5,0.3681,,7.509,2.365,3513.453,21.643,,,866.152,976.756,-3261.914,WAI_ALI,Peter,Pomacentridae,Chromis,ternatensis,37372051,1,AD,Passing,,
WAI_ALI_CAM1_left_2.MP4,3884,37.3951,WAI_ALI_Transect 5,0.3681,,8.391,12.499,3930.886,28.671,,,1405.665,1270.988,-3443.916,WAI_ALI,Peter,Pomacentridae,Chromis,ternatensis,37372051,1,AD,Passing,,
WAI_ALI_CAM1_left_2.MP4,3884,37.3951,WAI_ALI_Transect 5,0.3681,,6.649,10.908,3451.267,27.739,,,1183.82,1097.947,-3050.3,WAI_ALI,Peter,Pomacentridae,Chromis,ternatensis,37372051,1,AD,Passing,,
WAI_ALI_CAM1_left_2.MP4,3884,37.3951,WAI_ALI_Transect 5,0.3681,,7.647,10.838,3832.259,29.896,,,1540.582,1142.339,-3317.812,WAI_ALI,Peter,Pomacentridae,Chromis,ternatensis,37372051,1,AD,Passing,,
WAI_ALI_CAM1_left_2.MP4,3884,37.3951,WAI_ALI_Transect 5,0.3681,,7.313,9.138,3710.694,28.493,,,1485.458,975.722,-3257.397,WAI_ALI,Peter,Pomacentridae,Chromis,ternatensis,37372051,1,AD,Passing,,
WAI_ALI_CAM1_left_2.MP4,3884,37.3951,WAI_ALI_Transect 5,0.3681,,11.17,10.309,4526.865,26.757,,,1676.244,1175.238,-4037.515,WAI_ALI,Peter,Pomacentridae,Chromis,ternatensis,37372051,1,AD,Passing,,
WAI_ALI_CAM1_left_2.MP4,3884,37.3951,WAI_ALI_Transect 5,0.3681,,6.728,11.489,3497.302,26.871,,,1328.321,869.23,-3116.267,WAI_ALI,Peter,Pomacentridae,Chromis,ternatensis,37372051,1,AD,Passing,,
WAI_ALI_CAM1_left_2.MP4,3884,37.3951,WAI_ALI_Transect 5,0.3681,,6.396,7.835,3418.447,26.37,,,1343.3,719.974,-3059.896,WAI_ALI,Peter,Pomacentridae,Chromis,ternatensis,37372051,1,AD,Passing,,
WAI_ALI_CAM1_left_2.MP4,3884,37.3951,WAI_ALI_Transect 5,0.3681,,6.537,6.947,3319.137,22.744,,,1022.646,787.314,-3057.941,WAI_ALI,Peter,Pomacentridae,Chromis,ternatensis,37372051,1,AD,Passing,,
WAI_ALI_CAM1_left_2.MP4,3884,37.3951,WAI_ALI_Transect 5,0.3681,,7.681,10.538,3885.459,30.362,,,1644.621,1086.761,-3348.278,WAI_ALI,Peter,Pomacentridae,Chromis,ternatensis,37372051,1,AD,Passing,,
WAI_ALI_CAM1_left_2.MP4,3884,37.3951,WAI_ALI_Transect 5,0.3681,,5.575,11.653,3344.993,29.683,,,1555.171,581.795,-2903.78,WAI_ALI,Peter,Pomacentridae,Chromis,ternatensis,37372051,1,AD,Passing,,
WAI_ALI_CAM1_left_2.MP4,3884,37.3951,WAI_ALI_Transect 5,0.3681,,14.53,0.062,4936.624,11.291,,,-167.753,971.082,-4837.263,WAI_ALI,Peter,Pomacentridae,Dascyllus,reticulatus,37372074,1,AD,Passing,,
WAI_ALI_CAM1_left_2.MP4,3884,37.3951,WAI_ALI_Transect 5,0.3681,,15.416,7.42,5087.796,12.01,,,-3.709,1078.368,-4972.2,WAI_ALI,Peter,Pomacentridae,Dascyllus,reticulatus,37372074,1,AD,Passing,,
WAI_ALI_CAM1_left_2.MP4,3884,37.3951,WAI_ALI_Transect 5,0.3681,,14.859,6.46,4994.055,10.54,,,133.632,923.132,-4906.175,WAI_ALI,Peter,Pomacentridae,Dascyllus,reticulatus,37372074,1,AD,Passing,,
WAI_ALI_CAM1_left_2.MP4,3884,37.3951,WAI_ALI_Transect 5,0.3681,,19.512,3.818,5763.858,9.726,,,146.773,985.07,-5677.161,WAI_ALI,Peter,Pomacentridae,Dascyllus,reticulatus,37372074,1,AD,Passing,,
WAI_ALI_CAM1_left_2.MP4,3936,37.4241,WAI_ALI_Transect 5,0.3971,113.773,5.258,9.216,2149.602,4.754,33.786,10.385,85.847,-156.104,-2142.207,WAI_ALI,Peter,Labridae,Bodianus,mesothorax,37384060,1,AD,Passing,,
WAI_ALI_CAM1_left_2.MP4,3936,37.4241,WAI_ALI_Transect 5,0.3971,215.933,5.958,11.344,3711.613,13.458,8.131,35.148,-600.998,620.465,-3609.695,WAI_ALI,Peter,Scaridae,Chlorurus,spilurus,temp_code_002,1,AD,Passing,,
WAI_ALI_CAM1_left_2.MP4,3936,37.4241,WAI_ALI_Transect 5,0.3971,,4.372,3.448,2640.371,16.512,,,690.387,304.138,-2530.302,WAI_ALI,Peter,Pomacentridae,Chromis,viridis,37372053,1,AD,Passing,,
WAI_ALI_CAM1_left_2.MP4,3936,37.4241,WAI_ALI_Transect 5,0.3971,,4.521,3.899,2669.169,14.182,,,584.524,303.477,-2586.638,WAI_ALI,Peter,Pomacentridae,Chromis,ternatensis,37372051,1,AD,Passing,,
WAI_ALI_CAM1_left_2.MP4,3936,37.4241,WAI_ALI_Transect 5,0.3971,76.667,4.437,2.813,2069.02,25.257,42.118,16.384,668.768,-576.256,-1871.236,WAI_ALI,Peter,Pomacentridae,Chrysiptera,glauca,37372062,1,AD,Passing,,
WAI_ALI_CAM1_left_2.MP4,3936,37.4241,WAI_ALI_Transect 5,0.3971,208.732,7.546,2.287,2526.8,22.861,55.094,23.705,915.418,-354.463,-2328.322,WAI_ALI,Peter,Acanthuridae,Ctenochaetus,striatus,37437022,1,AD,Passing,,
WAI_ALI_CAM1_left_2.MP4,3936,37.4241,WAI_ALI_Transect 5,0.3971,196.752,6.167,6.453,2988.253,12.812,16.399,11.207,619.159,-236.08,-2913.857,WAI_ALI,Peter,Acanthuridae,Ctenochaetus,striatus,37437022,1,AD,Passing,,
WAI_ALI_CAM1_left_2.MP4,3936,37.4241,WAI_ALI_Transect 5,0.3971,,5.434,5.604,2931.824,9.915,,,272.223,436.58,-2886.327,WAI_ALI,Peter,Pomacentridae,Pomacentrus,callainus,temp_code_004,1,AD,Passing,,
WAI_ALI_CAM1_left_2.MP4,4014,37.4674,WAI_ALI_Transect 5,0.4404,148.634,12.038,2.482,3200.978,18.279,50.826,24.829,-1003.581,-27.925,-3039.458,WAI_ALI,Peter,Scaridae,Chlorurus,spilurus,temp_code_002,1,AD,Passing,,
WAI_ALI_CAM1_left_2.MP4,4014,37.4674,WAI_ALI_Transect 5,0.4404,134.1,5.311,5.358,3168.073,5.276,13.748,23.091,-271.951,-104.421,-3154.652,WAI_ALI,Peter,Scaridae,Chlorurus,spilurus,temp_code_002,1,AD,Passing,,
WAI_ALI_CAM1_left_2.MP4,4014,37.4674,WAI_ALI_Transect 5,0.4404,49.687,3.202,1.795,2340.31,24.931,5.001,38.262,-984.028,69.861,-2122.23,WAI_ALI,Peter,Pomacentridae,Chromis,ternatensis,37372051,1,AD,Passing,,
WAI_ALI_CAM1_left_2.MP4,4014,37.4674,WAI_ALI_Transect 5,0.4404,45.731,4.504,2.332,2576.384,23.471,17.228,28.674,-1010.258,179.724,-2363.225,WAI_ALI,Peter,Pomacentridae,Chromis,ternatensis,37372051,1,AD,Passing,,
WAI_ALI_CAM1_left_2.MP4,4014,37.4674,WAI_ALI_Transect 5,0.4404,,3.437,0.904,2473.282,22.55,,,-933.458,177.23,-2283.499,WAI_ALI,Peter,Pomacentridae,Chromis,ternatensis,37372051,1,AD,Passing,,
WAI_ALI_CAM1_left_2.MP4,4014,37.4674,WAI_ALI_Transect 5,0.4404,,2.426,15.099,2031.8,22.276,,,-766.189,85.851,-1879.839,WAI_ALI,Peter,Pomacentridae,Chromis,ternatensis,37372051,1,AD,Passing,,
WAI_ALI_CAM1_left_2.MP4,4014,37.4674,WAI_ALI_Transect 5,0.4404,,3.605,0.587,2481.338,19.473,,,-824.778,72.261,-2339.136,WAI_ALI,Peter,Pomacentridae,Chromis,ternatensis,37372051,1,AD,Passing,,
WAI_ALI_CAM1_left_2.MP4,4014,37.4674,WAI_ALI_Transect 5,0.4404,,3.125,0.187,2380.879,23.64,,,-954.416,32.424,-2180.968,WAI_ALI,Peter,Pomacentridae,Chromis,ternatensis,37372051,1,AD,Passing,,
WAI_ALI_CAM1_left_2.MP4,4014,37.4674,WAI_ALI_Transect 5,0.4404,,3.825,0.291,2530.346,18.01,,,-767.215,162.632,-2405.74,WAI_ALI,Peter,Pomacentridae,Chromis,ternatensis,37372051,1,AD,Passing,,
WAI_ALI_CAM1_left_2.MP4,4014,37.4674,WAI_ALI_Transect 5,0.4404,,4.087,2.288,2679.308,20.985,,,-937.481,214.483,-2500.764,WAI_ALI,Peter,Pomacentridae,Chromis,ternatensis,37372051,1,AD,Passing,,
WAI_ALI_CAM1_left_2.MP4,4014,37.4674,WAI_ALI_Transect 5,0.4404,,5.962,2.296,3284.086,20.208,,,-1128.906,123.85,-3081.469,WAI_ALI,Peter,Pomacentridae,Chromis,margaritifer,37372047,1,AD,Passing,,
WAI_ALI_CAM1_left_2.MP4,4014,37.4674,WAI_ALI_Transect 5,0.4404,,3.695,1.59,2440.039,14.076,,,-592.132,48.75,-2366.599,WAI_ALI,Peter,Pomacentridae,Chromis,ternatensis,37372051,1,AD,Passing,,
WAI_ALI_CAM1_left_2.MP4,4014,37.4674,WAI_ALI_Transect 5,0.4404,,4.661,1.31,2753.438,12.911,,,-596.692,160.427,-2683.215,WAI_ALI,Peter,Pomacentridae,Chromis,ternatensis,37372051,1,AD,Passing,,
WAI_ALI_CAM1_left_2.MP4,4014,37.4674,WAI_ALI_Transect 5,0.4404,,4.228,0.722,2618.707,13.454,,,-600.987,110.251,-2546.426,WAI_ALI,Peter,Pomacentridae,Chromis,ternatensis,37372051,1,AD,Passing,,
WAI_ALI_CAM1_left_2.MP4,4014,37.4674,WAI_ALI_Transect 5,0.4404,,6.249,2.249,3261.868,15.098,,,-845.189,99.083,-3148.908,WAI_ALI,Peter,Pomacentridae,Chromis,margaritifer,37372047,1,AD,Passing,,
WAI_ALI_CAM1_left_2.MP4,4014,37.4674,WAI_ALI_Transect 5,0.4404,,4.223,1.177,2584.088,7.138,,,-261.293,196.825,-2563.298,WAI_ALI,Peter,Pomacentridae,Chromis,ternatensis,37372051,1,AD,Passing,,
WAI_ALI_CAM1_left_2.MP4,4014,37.4674,WAI_ALI_Transect 5,0.4404,,5.066,7.553,2845.252,9.775,,,-366.295,326.027,-2802.676,WAI_ALI,Peter,Pomacentridae,Chromis,ternatensis,37372051,1,AD,Passing,,
WAI_ALI_CAM1_left_2.MP4,4014,37.4674,WAI_ALI_Transect 5,0.4404,,4.85,3.347,2800.935,11.988,,,-528.323,-232.765,-2740.791,WAI_ALI,Peter,Pomacentridae,Chromis,margaritifer,37372047,1,AD,Passing,,
WAI_ALI_CAM1_left_2.MP4,4014,37.4674,WAI_ALI_Transect 5,0.4404,,4.633,4.219,2719.572,4.953,,,-89.181,227.937,-2708.535,WAI_ALI,Peter,Pomacentridae,Chromis,ternatensis,37372051,1,AD,Passing,,
WAI_ALI_CAM1_left_2.MP4,4014,37.4674,WAI_ALI_Transect 5,0.4404,,4.913,4.024,2799.215,6.55,,,-30.522,328.872,-2779.661,WAI_ALI,Peter,Pomacentridae,Chromis,ternatensis,37372051,1,AD,Passing,,
WAI_ALI_CAM1_left_2.MP4,4014,37.4674,WAI_ALI_Transect 5,0.4404,,4.878,0.685,2782.943,7.851,,,-28.73,389.982,-2755.333,WAI_ALI,Peter,Pomacentridae,Chromis,ternatensis,37372051,1,AD,Passing,,
WAI_ALI_CAM1_left_2.MP4,4014,37.4674,WAI_ALI_Transect 5,0.4404,,5.195,3.517,2881.727,6.705,,,81.179,337.854,-2860.702,WAI_ALI,Peter,Pomacentridae,Chromis,ternatensis,37372051,1,AD,Passing,,
WAI_ALI_CAM1_left_2.MP4,4014,37.4674,WAI_ALI_Transect 5,0.4404,,6.797,0.455,3329.707,6.605,,,186.81,347.483,-3306.253,WAI_ALI,Peter,Pomacentridae,Chromis,ternatensis,37372051,1,AD,Passing,,
WAI_ALI_CAM1_left_2.MP4,4014,37.4674,WAI_ALI_Transect 5,0.4404,,5.209,2.497,2880.831,7.195,,,191.995,316.795,-2856.915,WAI_ALI,Peter,Pomacentridae,Chromis,ternatensis,37372051,1,AD,Passing,,
WAI_ALI_CAM1_left_2.MP4,4014,37.4674,WAI_ALI_Transect 5,0.4404,,5.2,0.495,2890.609,5.108,,,155.882,216.164,-2878.297,WAI_ALI,Peter,Pomacentridae,Chromis,ternatensis,37372051,1,AD,Passing,,
WAI_ALI_CAM1_left_2.MP4,4014,37.4674,WAI_ALI_Transect 5,0.4404,,4.428,2.794,2655.395,3.355,,,92.68,135.26,-2650.328,WAI_ALI,Peter,Pomacentridae,Chromis,ternatensis,37372051,1,AD,Passing,,
WAI_ALI_CAM1_left_2.MP4,4014,37.4674,WAI_ALI_Transect 5,0.4404,,4.377,1.139,2625.581,6.958,,,293.531,132.802,-2605.739,WAI_ALI,Peter,Pomacentridae,Chromis,ternatensis,37372051,1,AD,Passing,,
WAI_ALI_CAM1_left_2.MP4,4014,37.4674,WAI_ALI_Transect 5,0.4404,,5.575,1.209,2972.654,9.903,,,336.75,396.27,-2926.814,WAI_ALI,Peter,Pomacentridae,Chromis,ternatensis,37372051,1,AD,Passing,,
WAI_ALI_CAM1_left_2.MP4,4014,37.4674,WAI_ALI_Transect 5,0.4404,,5.608,4.379,2984.559,9.317,,,293.011,395.859,-2943.643,WAI_ALI,Peter,Pomacentridae,Chromis,ternatensis,37372051,1,AD,Passing,,
WAI_ALI_CAM1_left_2.MP4,4014,37.4674,WAI_ALI_Transect 5,0.4404,,8.699,0.412,3773.604,10.807,,,42.98,720.935,-3703.848,WAI_ALI,Peter,Pomacentridae,Chromis,xanthura,37372057,1,AD,Passing,,
WAI_ALI_CAM1_left_2.MP4,4014,37.4674,WAI_ALI_Transect 5,0.4404,,6.415,2.421,3205.749,10.317,,,452.96,365.296,-3152.493,WAI_ALI,Peter,Pomacentridae,Chromis,ternatensis,37372051,1,AD,Passing,,
WAI_ALI_CAM1_left_2.MP4,4014,37.4674,WAI_ALI_Transect 5,0.4404,,6.428,5.414,3214.559,9.693,,,448.363,315.73,-3167.44,WAI_ALI,Peter,Pomacentridae,Chromis,ternatensis,37372051,1,AD,Passing,,
WAI_ALI_CAM1_left_2.MP4,4014,37.4674,WAI_ALI_Transect 5,0.4404,,4.967,0.914,2801.049,9.753,,,406.227,256.131,-2759.575,WAI_ALI,Peter,Pomacentridae,Chromis,ternatensis,37372051,1,AD,Passing,,
WAI_ALI_CAM1_left_2.MP4,4014,37.4674,WAI_ALI_Transect 5,0.4404,,5.597,3.846,2982.987,11.439,,,505.966,318.192,-2922.493,WAI_ALI,Peter,Pomacentridae,Chromis,ternatensis,37372051,1,AD,Passing,,
WAI_ALI_CAM1_left_2.MP4,4014,37.4674,WAI_ALI_Transect 5,0.4404,,4.845,7.206,2770.819,12.192,,,548.751,213.956,-2707.496,WAI_ALI,Peter,Pomacentridae,Chromis,ternatensis,37372051,1,AD,Passing,,
WAI_ALI_CAM1_left_2.MP4,4014,37.4674,WAI_ALI_Transect 5,0.4404,,4.964,0.792,2829.735,15.208,,,718.916,195.616,-2729.889,WAI_ALI,Peter,Pomacentridae,Chromis,ternatensis,37372051,1,AD,Passing,,
WAI_ALI_CAM1_left_2.MP4,4014,37.4674,WAI_ALI_Transect 5,0.4404,,5.667,6.529,3048.003,16.744,,,837.122,276.694,-2917.703,WAI_ALI,Peter,Pomacentridae,Chromis,ternatensis,37372051,1,AD,Passing,,
WAI_ALI_CAM1_left_2.MP4,4014,37.4674,WAI_ALI_Transect 5,0.4404,,6.104,2.374,3179.522,18.252,,,924.726,381.413,-3018.073,WAI_ALI,Peter,Pomacentridae,Chromis,ternatensis,37372051,1,AD,Passing,,
WAI_ALI_CAM1_left_2.MP4,4014,37.4674,WAI_ALI_Transect 5,0.4404,,5.397,4.305,2984.086,18.871,,,890.461,383.545,-2822.188,WAI_ALI,Peter,Pomacentridae,Chromis,ternatensis,37372051,1,AD,Passing,,
WAI_ALI_CAM1_left_2.MP4,4014,37.4674,WAI_ALI_Transect 5,0.4404,,6.017,3.786,3161.637,17.349,,,912.922,247.302,-3016.847,WAI_ALI,Peter,Pomacentridae,Chromis,ternatensis,37372051,1,AD,Passing,,
WAI_ALI_CAM1_left_2.MP4,4014,37.4674,WAI_ALI_Transect 5,0.4404,,5.589,5.4,3050.075,17.967,,,915.009,230.515,-2900.444,WAI_ALI,Peter,Pomacentridae,Chromis,ternatensis,37372051,1,AD,Passing,,
WAI_ALI_CAM1_left_2.MP4,4014,37.4674,WAI_ALI_Transect 5,0.4404,,4.695,0.037,2787.728,18.945,,,874.779,242.625,-2635.777,WAI_ALI,Peter,Pomacentridae,Chromis,ternatensis,37372051,1,AD,Passing,,
WAI_ALI_CAM1_left_2.MP4,4014,37.4674,WAI_ALI_Transect 5,0.4404,,5.91,2.924,3198.152,20.946,,,1112.685,274.555,-2985.754,WAI_ALI,Peter,Pomacentridae,Chromis,ternatensis,37372051,1,AD,Passing,,
WAI_ALI_CAM1_left_2.MP4,4014,37.4674,WAI_ALI_Transect 5,0.4404,,4.803,2.535,2805.97,17.212,,,816.822,159.685,-2679.696,WAI_ALI,Peter,Pomacentridae,Chromis,ternatensis,37372051,1,AD,Passing,,
WAI_ALI_CAM1_left_2.MP4,4014,37.4674,WAI_ALI_Transect 5,0.4404,,4.764,0.13,2837.997,19.864,,,955.086,143.807,-2668.587,WAI_ALI,Peter,Pomacentridae,Chromis,ternatensis,37372051,1,AD,Passing,,
WAI_ALI_CAM1_left_2.MP4,4014,37.4674,WAI_ALI_Transect 5,0.4404,,4.445,4.644,2704.204,17.954,,,828.292,103.875,-2572.132,WAI_ALI,Peter,Pomacentridae,Chromis,ternatensis,37372051,1,AD,Passing,,
WAI_ALI_CAM1_left_2.MP4,4014,37.4674,WAI_ALI_Transect 5,0.4404,,4.369,3.238,2631.91,12.832,,,582.038,63.903,-2565.95,WAI_ALI,Peter,Pomacentridae,Chromis,ternatensis,37372051,1,AD,Passing,,
WAI_ALI_CAM1_left_2.MP4,4014,37.4674,WAI_ALI_Transect 5,0.4404,,4.343,2.63,2697.582,19.505,,,900.329,34.97,-2542.663,WAI_ALI,Peter,Pomacentridae,Chromis,ternatensis,37372051,1,AD,Passing,,
WAI_ALI_CAM1_left_2.MP4,4014,37.4674,WAI_ALI_Transect 5,0.4404,,4.387,0.498,2756.621,21.72,,,1020.125,10.224,-2560.898,WAI_ALI,Peter,Pomacentridae,Chromis,ternatensis,37372051,1,AD,Passing,,
WAI_ALI_CAM1_left_2.MP4,4014,37.4674,WAI_ALI_Transect 5,0.4404,,4.145,2.155,2694.538,22.777,,,1040.789,-60.681,-2484.675,WAI_ALI,Peter,Pomacentridae,Chromis,ternatensis,37372051,1,AD,Passing,,
WAI_ALI_CAM1_left_2.MP4,4014,37.4674,WAI_ALI_Transect 5,0.4404,,4.663,5.002,2885.734,23.176,,,1135.205,44.177,-2652.7,WAI_ALI,Peter,Pomacentridae,Chromis,ternatensis,37372051,1,AD,Passing,,
WAI_ALI_CAM1_left_2.MP4,4014,37.4674,WAI_ALI_Transect 5,0.4404,,4.059,3.869,2746.457,25.816,,,1195.35,-30.621,-2472.493,WAI_ALI,Peter,Pomacentridae,Chromis,ternatensis,37372051,1,AD,Passing,,
WAI_ALI_CAM1_left_2.MP4,4014,37.4674,WAI_ALI_Transect 5,0.4404,,4.165,6.143,2868.624,28.238,,,1356.554,52.73,-2527.05,WAI_ALI,Peter,Pomacentridae,Chromis,ternatensis,37372051,1,AD,Passing,,
WAI_ALI_CAM1_left_2.MP4,4014,37.4674,WAI_ALI_Transect 5,0.4404,,4.128,3.507,2793.198,26.469,,,1244.918,0.219,-2500.427,WAI_ALI,Peter,Pomacentridae,Chromis,ternatensis,37372051,1,AD,Passing,,
WAI_ALI_CAM1_left_2.MP4,4014,37.4674,WAI_ALI_Transect 5,0.4404,,4.095,8.539,2876.421,29.131,,,1399.758,-27.397,-2512.713,WAI_ALI,Peter,Pomacentridae,Chromis,ternatensis,37372051,1,AD,Passing,,
WAI_ALI_CAM1_left_2.MP4,4014,37.4674,WAI_ALI_Transect 5,0.4404,,4.814,2.116,3093.787,28.458,,,1450.446,-253.043,-2720.973,WAI_ALI,Peter,Pomacentridae,Chromis,margaritifer,37372047,1,AD,Passing,,
WAI_ALI_CAM1_left_2.MP4,4014,37.4674,WAI_ALI_Transect 5,0.4404,,4.325,1.373,2621.176,15.85,,,655.308,-278.276,-2522.637,WAI_ALI,Peter,Pomacentridae,Chromis,margaritifer,37372047,1,AD,Passing,,
WAI_ALI_CAM1_left_2.MP4,4014,37.4674,WAI_ALI_Transect 5,0.4404,,5.737,0.458,3294.914,22.843,,,-1273.193,134.806,-3035.994,WAI_ALI,Peter,Pomacentridae,Dascyllus,reticulatus,37372074,1,AD,Passing,,
WAI_ALI_CAM1_left_2.MP4,4014,37.4674,WAI_ALI_Transect 5,0.4404,,6.79,2.427,3496.098,20.255,,,-1172.055,315.025,-3278.68,WAI_ALI,Peter,Pomacentridae,Dascyllus,reticulatus,37372074,1,AD,Passing,,
WAI_ALI_CAM1_left_2.MP4,4014,37.4674,WAI_ALI_Transect 5,0.4404,,8.103,0.925,3788.727,18.506,,,-1157.34,340.878,-3591.492,WAI_ALI,Peter,Pomacentridae,Dascyllus,reticulatus,37372074,1,AD,Passing,,
WAI_ALI_CAM1_left_2.MP4,4061,37.4936,WAI_ALI_Transect 5,0.4666,111.582,5.321,7.921,2281.36,22.811,43.828,31.766,527.858,-709.691,-2102.929,WAI_ALI,Peter,Chaetodontidae,Heniochus,varius,37365078,1,AD,Passing,,
WAI_ALI_CAM1_left_2.MP4,4061,37.4936,WAI_ALI_Transect 5,0.4666,27.781,2.6,5.103,2397.617,23.418,3.034,20.327,369.623,-878.311,-2200.118,WAI_ALI,Peter,Pomacentridae,Pomacentrus,coelestis,37372111,1,AD,Passing,,
WAI_ALI_CAM1_left_2.MP4,4086,37.5075,WAI_ALI_Transect 5,0.4805,110.155,1.887,7.699,1830.013,12.08,10.433,49.321,-47.764,-379.991,-1789.489,WAI_ALI,Peter,Chaetodontidae,Heniochus,varius,37365078,1,AD,Passing,,
WAI_ALI_CAM1_left_2.MP4,4186,37.5631,WAI_ALI_Transect 5,0.5361,,13.173,1.281,4707.086,14.362,,,1063.865,-462.965,-4561.854,WAI_ALI,Peter,Acanthuridae,Acanthurus,nigrofuscus,37437014,1,AD,Passing,,
WAI_ALI_CAM1_left_2.MP4,4186,37.5631,WAI_ALI_Transect 5,0.5361,176.435,2.105,10.166,1704.193,21.717,5.407,13.979,-564.116,-281.793,-1583.237,WAI_ALI,Peter,Acanthuridae,Ctenochaetus,striatus,37437022,1,AD,Passing,,
WAI_ALI_CAM1_left_2.MP4,4186,37.5631,WAI_ALI_Transect 5,0.5361,172.175,3.116,8.574,1899.53,21.003,22.651,6,-637.54,-238.897,-1773.326,WAI_ALI,Peter,Pomacanthidae,Pygoplites,diacanthus,37365082,1,AD,Passing,,
WAI_ALI_CAM1_left_2.MP4,4186,37.5631,WAI_ALI_Transect 5,0.5361,114.514,1.721,7.215,1984.33,6.073,0.138,10.3,-149.713,-147.175,-1973.193,WAI_ALI,Peter,Scaridae,Scarus,schlegeli,37386029,1,AD,Passing,,
WAI_ALI_CAM1_left_2.MP4,4186,37.5631,WAI_ALI_Transect 5,0.5361,113.616,3.727,6.453,1827.957,11.549,33.795,4.112,-313.753,-188.381,-1790.949,WAI_ALI,Peter,Scaridae,Scarus,schlegeli,37386029,1,AD,Passing,,
WAI_ALI_CAM1_left_2.MP4,4224,37.5842,WAI_ALI_Transect 5,0.5572,150.72,1.185,7.18,1156.173,20.284,25.841,21.88,156.046,-369.194,-1084.473,WAI_ALI,Peter,Scaridae,Scarus,altipinnis,37386010,1,AD,Passing,,
WAI_ALI_CAM1_left_2.MP4,4251,37.5992,WAI_ALI_Transect 5,0.5722,111.614,1.28,3.097,916.699,6.937,57.921,6.236,108.703,21.014,-909.989,WAI_ALI,Peter,Chaetodontidae,Chaetodon,bennetti,37365035,1,AD,Passing,,
WAI_ALI_CAM1_left_2.MP4,4347,37.6526,WAI_ALI_Transect 5,0.6256,63.845,5.441,7.024,2944.491,19.474,6.178,7.038,-973.644,-125.103,-2776.04,WAI_ALI,Peter,Pomacentridae,Dascyllus,reticulatus,37372074,1,AD,Passing,,
WAI_ALI_CAM1_left_2.MP4,4347,37.6526,WAI_ALI_Transect 5,0.6256,98.634,6.749,6.205,2651.066,19.814,33.4,15.651,-874.429,-207.061,-2494.123,WAI_ALI,Peter,Labridae,Hologymnosus,doliatus,37384127,1,AD,Passing,,
WAI_ALI_CAM1_left_2.MP4,4643,37.8172,WAI_ALI_Transect 5,0.7902,,19.723,3.74,6025.059,21.927,,,-1959.047,-1084.376,-5593.533,WAI_ALI,Peter,Acanthuridae,Acanthurus,nigrofuscus,37437014,1,AD,Passing,,
WAI_ALI_CAM1_left_2.MP4,4643,37.8172,WAI_ALI_Transect 5,0.7902,,8.997,7.327,3844.315,17.172,,,-596.689,-950.912,-3676.75,WAI_ALI,Peter,Acanthuridae,Acanthurus,nigrofuscus,37437014,1,AD,Passing,,
WAI_ALI_CAM1_left_2.MP4,4643,37.8172,WAI_ALI_Transect 5,0.7902,,8.55,7.337,3764.028,20.451,,,-583.353,-1164.699,-3531.442,WAI_ALI,Peter,Acanthuridae,Acanthurus,nigrofuscus,37437014,1,AD,Passing,,
WAI_ALI_CAM1_left_2.MP4,4643,37.8172,WAI_ALI_Transect 5,0.7902,,6.199,6.564,3172.129,19.141,,,-291.311,-986.629,-3000.684,WAI_ALI,Peter,Acanthuridae,Acanthurus,nigrofuscus,37437014,1,AD,Passing,,
WAI_ALI_CAM1_left_2.MP4,4643,37.8172,WAI_ALI_Transect 5,0.7902,,7.552,0.036,3502.185,14.467,,,-181.938,-842.371,-3394.497,WAI_ALI,Peter,Acanthuridae,Acanthurus,nigrofuscus,37437014,1,AD,Passing,,
WAI_ALI_CAM1_left_2.MP4,4643,37.8172,WAI_ALI_Transect 5,0.7902,,15.469,10.699,5094.8,14.009,,,-801.503,-917.728,-4946.954,WAI_ALI,Peter,Acanthuridae,Ctenochaetus,striatus,37437022,1,AD,Passing,,
WAI_ALI_CAM1_left_2.MP4,4740,37.8712,WAI_ALI_Transect 5,0.8442,87.618,2.141,9.843,1582.523,16.939,23.342,25.097,353.807,-295.65,-1513.866,WAI_ALI,Peter,Labridae,Thalassoma,hardwicke,37384165,1,AD,Passing,,
WAI_ALI_CAM1_left_2.MP4,4807,37.9084,WAI_ALI_Transect 5,0.8814,,10.288,14.458,4255.489,20.194,,,-1249.604,-756.516,-3996.919,WAI_ALI,Peter,Acanthuridae,Acanthurus,nigrofuscus,37437014,1,AD,Passing,,
WAI_ALI_CAM1_left_2.MP4,4807,37.9084,WAI_ALI_Transect 5,0.8814,,10.404,19.09,4292.514,19.249,,,-1272.344,-603.381,-4054.966,WAI_ALI,Peter,Acanthuridae,Acanthurus,nigrofuscus,37437014,1,AD,Passing,,
WAI_ALI_CAM1_left_2.MP4,4891,37.9551,WAI_ALI_Transect 5,0.9281,180.479,9.111,7.592,4252.654,3.432,12.911,3.198,-230.444,-108.228,-4245.027,WAI_ALI,Peter,Acanthuridae,Ctenochaetus,striatus,37437022,1,AD,Passing,,
WAI_ALI_CAM1_left_2.MP4,4938,37.9813,WAI_ALI_Transect 5,0.9543,30.454,2.329,8.577,2216.722,20.227,0.992,6.319,401.549,652.798,-2080.017,WAI_ALI,Peter,Pomacentridae,Dascyllus,reticulatus,37372074,1,AD,Passing,,
WAI_ALI_CAM1_left_2.MP4,4938,37.9813,WAI_ALI_Transect 5,0.9543,37.361,2.22,9.271,2298.418,20.411,3.375,4.488,320.56,734.678,-2154.116,WAI_ALI,Peter,Pomacentridae,Dascyllus,reticulatus,37372074,1,AD,Passing,,
WAI_ALI_CAM1_left_2.MP4,4938,37.9813,WAI_ALI_Transect 5,0.9543,,3.778,12.236,2431.776,20.117,,,485.102,690.379,-2280.699,WAI_ALI,Peter,Pomacentridae,Dascyllus,reticulatus,37372074,1,AD,Passing,,
WAI_ALI_CAM1_left_2.MP4,4938,37.9813,WAI_ALI_Transect 5,0.9543,,4.031,8.025,2504.751,16.613,,,181.872,702.153,-2397.433,WAI_ALI,Peter,Pomacentridae,Dascyllus,reticulatus,37372074,1,AD,Passing,,
WAI_ALI_CAM1_left_2.MP4,4938,37.9813,WAI_ALI_Transect 5,0.9543,,3.119,6.206,2186.512,16.22,,,77.034,614.196,-2097.061,WAI_ALI,Peter,Pomacentridae,Dascyllus,reticulatus,37372074,1,AD,Passing,,
WAI_ALI_CAM1_left_2.MP4,5022,38.028,WAI_ALI_Transect 5,1.001,159.325,14.531,11.089,3254.223,20.128,57.547,8.776,-697.952,-875.727,-3055.476,WAI_ALI,Peter,Acanthuridae,Ctenochaetus,striatus,37437022,1,AD,Passing,,
WAI_ALI_CAM1_left_2.MP4,5076,38.058,WAI_ALI_Transect 5,1.031,171.386,4.988,6.208,2461.76,21.014,28.546,19.692,-247.498,-847.359,-2298.041,WAI_ALI,Peter,Acanthuridae,Ctenochaetus,striatus,37437022,1,AD,Passing,,
WAI_ALI_CAM1_left_2.MP4,5094,38.068,WAI_ALI_Transect 5,1.041,202.628,7.676,9.742,2501.582,12.152,39.608,4.422,-424.145,-312.108,-2445.527,WAI_ALI,Peter,Acanthuridae,Ctenochaetus,striatus,37437022,1,AD,Passing,,
WAI_ALI_CAM1_left_2.MP4,5131,38.0886,WAI_ALI_Transect 5,1.0616,169.677,4.53,4.418,2507.109,13.882,19.497,8.447,308.502,-516.373,-2433.882,WAI_ALI,Peter,Acanthuridae,Ctenochaetus,striatus,37437022,1,AD,Passing,,
WAI_ALI_CAM1_left_2.MP4,5271,38.1665,WAI_ALI_Transect 5,1.1395,107.347,6.859,10.767,2722.093,10.196,28.344,16.98,-41.366,-480.052,-2679.11,WAI_ALI,Peter,Acanthuridae,Ctenochaetus,striatus,37437022,1,AD,Passing,,
WAI_ALI_CAM1_left_2.MP4,5549,38.3211,WAI_ALI_Transect 5,1.2941,121.602,8.301,3.71,3343.707,13.423,21.033,19.891,-749.2,-202.906,-3252.369,WAI_ALI,Peter,Zanclidae,Zanclus,cornutus,37437001,1,AD,Passing,,
WAI_ALI_CAM1_left_2.MP4,5638,38.3706,WAI_ALI_Transect 5,1.3436,114.332,3.82,2.625,2788.414,7.607,13.586,38.082,-17.561,-368.709,-2763.873,WAI_ALI,Peter,Labridae,Halichoeres,hortulanus,37384112,1,AD,Passing,,
WAI_ALI_CAM1_left_2.MP4,5638,38.3706,WAI_ALI_Transect 5,1.3436,111.919,6.952,9.704,3629.682,4.816,16.495,35.703,-248.284,-176.699,-3616.867,WAI_ALI,Peter,Zanclidae,Zanclus,cornutus,37437001,1,AD,Passing,,
WAI_ALI_CAM1_left_2.MP4,5677,38.3922,WAI_ALI_Transect 5,1.3653,113.702,5.094,8.114,2778.452,4.039,17.164,3.486,-70.902,-182.386,-2771.553,WAI_ALI,Peter,Mullidae,Parupeneus,multifasciatus,37355026,1,AD,Passing,,
WAI_ALI_CAM1_left_2.MP4,5888,38.5096,WAI_ALI_Transect 5,1.4826,30.936,2.513,6.1,1764.347,21.723,26.939,34.486,296.847,-581.635,-1639.056,WAI_ALI,Peter,Pomacentridae,Pomacentrus,coelestis,37372111,1,AD,Passing,,
