Filename,Frame,Time (mins),Period,Period time (mins),Length (mm),Precision (mm),RMS (mm),Range (mm),Direction (deg),Horz. Dir. (deg),Vert. Dir. (deg),Mid X (mm),Mid Y (mm),Mid Z (mm),OpCode,TapeReader,Family,Genus,Species,Code,Number,Stage,Activity,Comment,
GX010037_L.MP4,16231,9.0262,KAD_FIGO_Transect 1,0.1557,110.281,8.883,10.411,2927.557,1.308,29.893,2.029,-22.59,-62.898,-2926.794,KAD_FIGO,Peter,Chaetodontidae,Chaetodon,lunulatus,37365059,1,AD,Passing,,
GX010037_L.MP4,16231,9.0262,KAD_FIGO_Transect 1,0.1557,86.709,3.546,7.71,2683.929,6.411,10.02,12.389,-281.237,-103.485,-2667.147,KAD_FIGO,Peter,Chaetodontidae,Chaetodon,lunulatus,37365059,1,AD,Passing,,
GX010037_L.MP4,16231,9.0262,KAD_FIGO_Transect 1,0.1557,49.086,2.081,8.473,1351.835,15.198,35.865,13.16,-290.573,-202.878,-1304.556,KAD_FIGO,Peter,Pomacentridae,Pomacentrus,callainus,temp_code_004,1,AD,Passing,,
GX010037_L.MP4,16241,9.0318,KAD_FIGO_Transect 1,0.1613,,2.714,1.541,2062.587,15.597,,,-545.097,-103.268,-1986.572,KAD_FIGO,Peter,Pomacentridae,Chromis,margaritifer,37372047,1,AD,Passing,,
GX010037_L.MP4,16254,9.039,KAD_FIGO_Transect 1,0.1685,64.562,5.946,8.936,2198.995,25.604,69.479,22.664,-835.944,451.975,-1983.052,KAD_FIGO,Peter,Pomacentridae,Chromis,margaritifer,37372047,1,AD,Passing,,
GX010037_L.MP4,16261,9.0429,KAD_FIGO_Transect 1,0.1724,,3.389,9.962,2466.302,26.931,,,-1033.112,423.519,-2199.081,KAD_FIGO,Peter,Pomacentridae,Chromis,margaritifer,37372047,1,AD,Passing,,
GX010037_L.MP4,16263,9.044,KAD_FIGO_Transect 1,0.1735,,1.098,6.017,1225.282,16.973,,,-253.143,-253.386,-1171.764,KAD_FIGO,Peter,Pomacentridae,Pomacentrus,callainus,temp_code_004,1,AD,Passing,,
GX010037_L.MP4,16294,9.0613,KAD_FIGO_Transect 1,0.1907,,4.756,1.277,2998.573,26.658,,,-1300.785,341.762,-2680.037,KAD_FIGO,Peter,Pomacentridae,Chromis,margaritifer,37372047,1,AD,Passing,,
GX010037_L.MP4,16302,9.0657,KAD_FIGO_Transect 1,0.1952,,3.098,1.065,2202.438,19.74,,,61.262,-742.568,-2072.576,KAD_FIGO,Peter,Pomacentridae,Chromis,margaritifer,37372047,1,AD,Passing,,
GX010037_L.MP4,16317,9.0741,KAD_FIGO_Transect 1,0.2035,59.731,1.867,8.139,1953.775,13.531,8.809,5.012,-109.14,-443.918,-1899.542,KAD_FIGO,Peter,Pomacentridae,Chromis,ternatensis,37372051,1,AD,Passing,,
GX010037_L.MP4,16318,9.0746,KAD_FIGO_Transect 1,0.2041,,5.458,1.282,2987.451,23.754,,,806.962,-894.29,-2733.848,KAD_FIGO,Peter,Pomacentridae,Pomacentrus,philippinus,37372123,1,AD,Passing,,
GX010037_L.MP4,16335,9.0841,KAD_FIGO_Transect 1,0.2135,,2.155,2.955,1833.067,23.106,,,-464.141,-550.583,-1685.694,KAD_FIGO,Peter,Pomacentridae,Chromis,weberi,37372054,1,AD,Passing,,
GX010037_L.MP4,16381,9.1097,KAD_FIGO_Transect 1,0.2391,,15.333,1.747,5021.923,14.237,,,691.11,-1026.472,-4867.077,KAD_FIGO,Peter,Acanthuridae,Acanthurus,lineatus,37437010,1,AD,Passing,,
GX010037_L.MP4,16390,9.1147,KAD_FIGO_Transect 1,0.2441,,2.31,2.041,1855.486,10.815,,,-140.387,-319.674,-1822.341,KAD_FIGO,Peter,Pomacentridae,Chromis,margaritifer,37372047,1,AD,Passing,,
GX010037_L.MP4,16411,9.1263,KAD_FIGO_Transect 1,0.2558,,3.067,7.324,2298.653,24.368,,,-880.897,-352.631,-2093.676,KAD_FIGO,Peter,Pomacentridae,Chromis,margaritifer,37372047,1,AD,Passing,,
GX010037_L.MP4,16454,9.1503,KAD_FIGO_Transect 1,0.2797,50.091,1.541,10.636,1298.997,21.921,31.976,35.428,-203.906,-440.006,-1205.077,KAD_FIGO,Peter,Pomacentridae,Chromis,margaritifer,37372047,1,AD,Passing,,
GX010037_L.MP4,16464,9.1558,KAD_FIGO_Transect 1,0.2853,66.727,5.304,0.974,3101.415,25.922,1.981,36.959,1002.406,-912.881,-2789.374,KAD_FIGO,Peter,Pomacentridae,Pomacentrus,philippinus,37372123,1,AD,Passing,,
GX010037_L.MP4,16481,9.1653,KAD_FIGO_Transect 1,0.2947,220.422,21.179,4.399,4241.783,10.796,46.091,32.689,-508.872,-610.207,-4166.704,KAD_FIGO,Peter,Acanthuridae,Acanthurus,lineatus,37437010,1,AD,Passing,,
GX010037_L.MP4,16539,9.1975,KAD_FIGO_Transect 1,0.327,,6.094,1.342,3151.659,22.017,,,350.46,-1130.057,-2921.148,KAD_FIGO,Peter,Pomacentridae,Chromis,margaritifer,37372047,1,AD,Passing,,
GX010037_L.MP4,16539,9.1975,KAD_FIGO_Transect 1,0.327,,5.585,0.692,3020.179,22.434,,,287.876,-1117.678,-2790.951,KAD_FIGO,Peter,Pomacentridae,Chromis,margaritifer,37372047,1,AD,Passing,,
GX010037_L.MP4,16539,9.1975,KAD_FIGO_Transect 1,0.327,,14.12,5.015,4869.679,19.381,,,274.312,-1595.243,-4592.791,KAD_FIGO,Peter,Acanthuridae,Ctenochaetus,cyanocheilus,37437023,1,AD,Passing,,
GX010037_L.MP4,16539,9.1975,KAD_FIGO_Transect 1,0.327,,7.719,1.472,3562.679,19.397,,,175.197,-1172.144,-3359.772,KAD_FIGO,Peter,Pomacentridae,Stegastes,lacrymatus,temp_code_006,1,AD,Passing,,
GX010037_L.MP4,16539,9.1975,KAD_FIGO_Transect 1,0.327,,9.107,5.102,3879.756,20.763,,,331.998,-1336.837,-3627.003,KAD_FIGO,Peter,Pomacentridae,Stegastes,lacrymatus,temp_code_006,1,AD,Passing,,
GX010037_L.MP4,16606,9.2348,KAD_FIGO_Transect 1,0.3643,42.793,3.27,3.06,2317.249,18.037,17.504,18.865,-44.808,-716.099,-2203.37,KAD_FIGO,Peter,Pomacentridae,Chromis,margaritifer,37372047,1,AD,Passing,,
GX010037_L.MP4,16620,9.2426,KAD_FIGO_Transect 1,0.372,,5.319,4.574,2940.981,19.674,,,-8.342,-991.74,-2768.71,KAD_FIGO,Peter,Pomacentridae,Chromis,margaritifer,37372047,1,AD,Passing,,
GX010037_L.MP4,16635,9.2509,KAD_FIGO_Transect 1,0.3804,,9.352,7.674,3922.282,19.935,,,362.413,-1289.406,-3686.514,KAD_FIGO,Peter,Pomacentridae,Chromis,margaritifer,37372047,1,AD,Passing,,
GX010037_L.MP4,16635,9.2509,KAD_FIGO_Transect 1,0.3804,,6.119,0.257,3160.147,20.804,,,216.608,-1103.021,-2953.465,KAD_FIGO,Peter,Labridae,Thalassoma,sp,,1,AD,Passing,,
GX010037_L.MP4,16637,9.252,KAD_FIGO_Transect 1,0.3815,178.83,17.782,8.52,4235.305,18.321,34.233,6.606,-829.045,-1041.679,-4020.622,KAD_FIGO,Peter,Acanthuridae,Acanthurus,lineatus,37437010,1,AD,Passing,,
GX010037_L.MP4,16666,9.2681,KAD_FIGO_Transect 1,0.3976,,16.567,2.769,5448.518,19.736,,,-1628.465,-859.416,-5127.949,KAD_FIGO,Peter,Pomacentridae,Chromis,margaritifer,37372047,1,AD,Passing,,
GX010037_L.MP4,16666,9.2681,KAD_FIGO_Transect 1,0.3976,,14.769,4.097,5039.48,16.9,,,-1167.695,-887.464,-4821.334,KAD_FIGO,Peter,Pomacentridae,Chromis,margaritifer,37372047,1,AD,Passing,,
GX010037_L.MP4,16666,9.2681,KAD_FIGO_Transect 1,0.3976,,17.965,4.14,5560.982,14.314,,,-1111.89,-811.778,-5387.879,KAD_FIGO,Peter,Pomacentridae,Chromis,margaritifer,37372047,1,AD,Passing,,
GX010037_L.MP4,16666,9.2681,KAD_FIGO_Transect 1,0.3976,,16.138,3.151,5277.883,15.423,,,-1165.774,-784.751,-5087.355,KAD_FIGO,Peter,Pomacentridae,Chromis,margaritifer,37372047,1,AD,Passing,,
GX010037_L.MP4,16666,9.2681,KAD_FIGO_Transect 1,0.3976,,18.123,0.831,5594.591,15.87,,,-1239.975,-899.191,-5380.833,KAD_FIGO,Peter,Pomacentridae,Chromis,margaritifer,37372047,1,AD,Passing,,
GX010037_L.MP4,16666,9.2681,KAD_FIGO_Transect 1,0.3976,,17.79,0.869,5580.038,17.035,,,-1400.03,-846.962,-5334.735,KAD_FIGO,Peter,Pomacentridae,Chromis,margaritifer,37372047,1,AD,Passing,,
GX010037_L.MP4,16666,9.2681,KAD_FIGO_Transect 1,0.3976,,20.976,4.204,6051.805,16.725,,,-1455.037,-960.425,-5795.239,KAD_FIGO,Peter,Pomacentridae,Chromis,margaritifer,37372047,1,AD,Passing,,
GX010037_L.MP4,16666,9.2681,KAD_FIGO_Transect 1,0.3976,,18.56,7.751,5664.804,17.165,,,-1321.992,-1026.62,-5411.875,KAD_FIGO,Peter,Pomacentridae,Chromis,margaritifer,37372047,1,AD,Passing,,
GX010037_L.MP4,16666,9.2681,KAD_FIGO_Transect 1,0.3976,,19.05,11.289,5708.676,16.938,,,-1199.432,-1155.311,-5460.367,KAD_FIGO,Peter,Pomacentridae,Chromis,margaritifer,37372047,1,AD,Passing,,
GX010037_L.MP4,16666,9.2681,KAD_FIGO_Transect 1,0.3976,,20.017,6.886,5852.282,16.527,,,-1201.52,-1155.647,-5609.816,KAD_FIGO,Peter,Pomacentridae,Chromis,margaritifer,37372047,1,AD,Passing,,
GX010037_L.MP4,16666,9.2681,KAD_FIGO_Transect 1,0.3976,,23.272,0.2,6295.383,15.37,,,-1095.32,-1262.301,-6069.491,KAD_FIGO,Peter,Pomacentridae,Chromis,margaritifer,37372047,1,AD,Passing,,
GX010037_L.MP4,16666,9.2681,KAD_FIGO_Transect 1,0.3976,,15.807,4.779,5156.636,15.313,,,-803.378,-1102.554,-4972.912,KAD_FIGO,Peter,Pomacentridae,Chromis,margaritifer,37372047,1,AD,Passing,,
GX010037_L.MP4,16666,9.2681,KAD_FIGO_Transect 1,0.3976,,18.4,3.504,5570.744,14.253,,,-716.652,-1172.542,-5398.588,KAD_FIGO,Peter,Pomacentridae,Chromis,margaritifer,37372047,1,AD,Passing,,
GX010037_L.MP4,16666,9.2681,KAD_FIGO_Transect 1,0.3976,,23.459,8.321,6327.251,15.526,,,-1152.126,-1244.953,-6095.638,KAD_FIGO,Peter,Pomacentridae,Chromis,margaritifer,37372047,1,AD,Passing,,
GX010037_L.MP4,16666,9.2681,KAD_FIGO_Transect 1,0.3976,,20.488,2.608,6098.179,20.865,,,-1915.278,-1027.671,-5697.665,KAD_FIGO,Peter,Pomacentridae,Chromis,margaritifer,37372047,1,AD,Passing,,
GX010037_L.MP4,16666,9.2681,KAD_FIGO_Transect 1,0.3976,,14.923,1.116,5174.467,20.386,,,-1589.054,-853.587,-4849.887,KAD_FIGO,Peter,Pomacentridae,Chromis,margaritifer,37372047,1,AD,Passing,,
GX010037_L.MP4,16666,9.2681,KAD_FIGO_Transect 1,0.3976,,21.928,9.424,6231.998,18.618,,,-1695.635,-1044.253,-5905.265,KAD_FIGO,Peter,Pomacentridae,Chromis,margaritifer,37372047,1,AD,Passing,,
GX010037_L.MP4,16673,9.272,KAD_FIGO_Transect 1,0.4015,,5.508,10.052,3077.393,24.597,,,-914.135,-898.909,-2797.618,KAD_FIGO,Peter,Pomacentridae,Chromis,margaritifer,37372047,1,AD,Passing,,
GX010037_L.MP4,16691,9.2821,KAD_FIGO_Transect 1,0.4115,,9.137,17.026,3922.184,22.316,,,-577.291,-1374.988,-3627.626,KAD_FIGO,Peter,Scaridae,Chlorurus,spilurus,temp_code_002,1,AD,Passing,,
GX010037_L.MP4,16732,9.3049,KAD_FIGO_Transect 1,0.4343,,3.443,14.848,2513.175,29.443,,,-1097.762,-567.871,-2188.262,KAD_FIGO,Peter,Chaetodontidae,Chaetodon,ephippium,37365037,1,AD,Passing,,
GX010037_L.MP4,17031,9.4711,KAD_FIGO_Transect 1,0.6006,,4.183,0.87,2575.705,17.549,,,-292.539,-720.853,-2455.412,KAD_FIGO,Peter,Pomacentridae,Chromis,weberi,37372054,1,AD,Passing,,
GX010037_L.MP4,17035,9.4734,KAD_FIGO_Transect 1,0.6028,,6.607,2.322,3281.586,16.977,,,-83.615,-956.342,-3138.029,KAD_FIGO,Peter,Acanthuridae,Acanthurus,sp,,1,AD,Passing,,
GX010037_L.MP4,17036,9.4739,KAD_FIGO_Transect 1,0.6034,128.979,9.052,4.109,2594.334,20.173,52.288,3.004,110.166,-887.863,-2435.186,KAD_FIGO,Peter,Chaetodontidae,Chaetodon,rafflesii,37365052,1,AD,Passing,,
GX010037_L.MP4,17057,9.4856,KAD_FIGO_Transect 1,0.6151,69.044,2.522,1.647,1599.05,17.124,36.789,34.609,-358.678,-304.996,-1528.165,KAD_FIGO,Peter,Pomacentridae,Pomacentrus,callainus,temp_code_004,1,AD,Passing,,
GX010037_L.MP4,17067,9.4911,KAD_FIGO_Transect 1,0.6206,,4.448,1.822,2649.067,20.441,,,501.815,-778.724,-2481.799,KAD_FIGO,Peter,Labridae,Halichoeres,hortulanus,37384112,1,AD,Passing,,
GX010037_L.MP4,17067,9.4911,KAD_FIGO_Transect 1,0.6206,239.141,5.828,6.117,3732.457,14.489,4.769,41.357,785.695,-504.763,-3613.742,KAD_FIGO,Peter,Scaridae,Scarus,oviceps,37386022,1,AD,Passing,,
GX010037_L.MP4,17067,9.4911,KAD_FIGO_Transect 1,0.6206,299.626,22.556,10.084,4379.437,31.063,74.622,3.161,2064.414,-918.883,-3751.442,KAD_FIGO,Peter,Scaridae,Scarus,oviceps,37386022,1,AD,Passing,,
GX010037_L.MP4,17067,9.4911,KAD_FIGO_Transect 1,0.6206,144.538,10.668,1.792,2496.896,17.932,87.781,6.324,554.131,-532.874,-2375.6,KAD_FIGO,Peter,Zanclidae,Zanclus,cornutus,37437001,1,AD,Passing,,
GX010037_L.MP4,17067,9.4911,KAD_FIGO_Transect 1,0.6206,,15.195,0.399,5434.557,26.234,,,2371.369,-387.108,-4874.542,KAD_FIGO,Peter,Zanclidae,Zanclus,cornutus,37437001,1,AD,Passing,,
GX010037_L.MP4,17070,9.4928,KAD_FIGO_Transect 1,0.6223,,1.537,0.175,1486.434,14.591,,,-84.725,-365.595,-1438.279,KAD_FIGO,Peter,Pomacentridae,Chromis,margaritifer,37372047,1,AD,Passing,,
GX010037_L.MP4,17076,9.4962,KAD_FIGO_Transect 1,0.6256,,5.439,0.774,3003.729,23.272,,,954.317,-707.068,-2758.935,KAD_FIGO,Peter,Pomacentridae,Chromis,atripes,37372037,1,AD,Passing,,
GX010037_L.MP4,17090,9.5039,KAD_FIGO_Transect 1,0.6334,72.132,5.223,6.381,1901.492,7.711,57.533,28.444,-254.637,-16.176,-1884.295,KAD_FIGO,Peter,Pomacentridae,Chromis,weberi,37372054,1,AD,Passing,,
GX010037_L.MP4,17090,9.5039,KAD_FIGO_Transect 1,0.6334,175.565,9.151,5.924,2611.836,6.86,45.653,19.341,-304.857,66.309,-2593.135,KAD_FIGO,Peter,Acanthuridae,Ctenochaetus,striatus,37437022,1,AD,Passing,,
GX010037_L.MP4,17102,9.5106,KAD_FIGO_Transect 1,0.6401,,4.665,2.192,2736.448,23.061,,,565.384,-912.143,-2517.238,KAD_FIGO,Peter,Zanclidae,Zanclus,cornutus,37437001,1,AD,Passing,,
GX010037_L.MP4,17141,9.5323,KAD_FIGO_Transect 1,0.6618,174.304,7.146,3.672,2703.342,15.629,35.494,27.238,-728.147,-14.153,-2603.393,KAD_FIGO,Peter,Scaridae,Chlorurus,spilurus,temp_code_002,1,AD,Passing,,
GX010037_L.MP4,17141,9.5323,KAD_FIGO_Transect 1,0.6618,57.581,2.804,6.889,1717.267,22.508,28.745,16.12,-634.819,-170.816,-1586.453,KAD_FIGO,Peter,Pomacentridae,Chromis,weberi,37372054,1,AD,Passing,,
GX010037_L.MP4,17148,9.5362,KAD_FIGO_Transect 1,0.6657,136.825,5.297,2.6,2860.933,9.071,17.038,10.119,-288.513,-346.712,-2825.153,KAD_FIGO,Peter,Chaetodontidae,Chaetodon,trifascialis,37365058,1,AD,Passing,,
GX010037_L.MP4,17148,9.5362,KAD_FIGO_Transect 1,0.6657,240.588,5.337,6.533,1951.488,18.127,57.281,13.278,-557.272,-240.98,-1854.638,KAD_FIGO,Peter,Acanthuridae,Ctenochaetus,striatus,37437022,1,AD,Passing,may have double sampled,
GX010037_L.MP4,17398,9.6752,KAD_FIGO_Transect 1,0.8047,,16.766,3.719,5495.962,26.469,,,2088.581,-1282.858,-4919.116,KAD_FIGO,Peter,Acanthuridae,Acanthurus,lineatus,37437010,1,AD,Passing,,
GX010037_L.MP4,17398,9.6752,KAD_FIGO_Transect 1,0.8047,,11.806,2.508,4531.052,23.893,,,1554.229,-978.31,-4142.187,KAD_FIGO,Peter,Acanthuridae,Acanthurus,nigrofuscus,37437014,1,AD,Passing,,
GX010037_L.MP4,17549,9.7592,KAD_FIGO_Transect 1,0.8887,,5.497,2.538,3037.59,19.27,,,-830.65,-562.909,-2867.073,KAD_FIGO,Peter,Pomacentridae,Stegastes,lacrymatus,temp_code_006,1,AD,Passing,,
GX010037_L.MP4,17680,9.832,KAD_FIGO_Transect 1,0.9615,,7.858,0.065,3650.883,13.562,,,-793.944,-322.36,-3548.899,KAD_FIGO,Peter,Pomacentridae,Chromis,margaritifer,37372047,1,AD,Passing,,
GX010037_L.MP4,17680,9.832,KAD_FIGO_Transect 1,0.9615,,10.37,4.985,4215.26,14.696,,,-945.799,-501.336,-4077.075,KAD_FIGO,Peter,Pomacentridae,Chromis,margaritifer,37372047,1,AD,Passing,,
GX010037_L.MP4,17680,9.832,KAD_FIGO_Transect 1,0.9615,,7.392,3.968,3593.649,17.836,,,-1048.674,-336.465,-3420.729,KAD_FIGO,Peter,Pomacentridae,Chromis,margaritifer,37372047,1,AD,Passing,,
GX010037_L.MP4,17680,9.832,KAD_FIGO_Transect 1,0.9615,,7.333,3.055,3709.303,23.837,,,-1442.935,-408.398,-3392.651,KAD_FIGO,Peter,Pomacentridae,Chromis,margaritifer,37372047,1,AD,Passing,,
GX010037_L.MP4,17790,9.8932,KAD_FIGO_Transect 1,1.0227,71.759,7.067,9.781,2289.366,24.458,78.105,13.648,-882.104,-346.847,-2083.936,KAD_FIGO,Peter,Pomacentridae,Chromis,margaritifer,37372047,1,AD,Passing,,
GX010037_L.MP4,17790,9.8932,KAD_FIGO_Transect 1,1.0227,50.603,3.722,4.051,2302.539,14.349,17.55,16.514,-454.824,-344.605,-2230.71,KAD_FIGO,Peter,Pomacentridae,Chromis,margaritifer,37372047,1,AD,Passing,,
GX010037_L.MP4,18441,10.2552,KAD_FIGO_Transect 1,1.3847,,12.549,2.786,4597.593,24.391,,,1215.309,-1461.164,-4186.393,KAD_FIGO,Peter,Chaetodontidae,Chaetodon,lineolatus,37365041,1,AD,Passing,,
GX010037_L.MP4,18621,10.3553,KAD_FIGO_Transect 1,1.4848,309.697,14.944,3.153,3337.418,26.892,87.708,6.506,1485.312,-269.333,-2976.519,KAD_FIGO,Peter,Scaridae,Chlorurus,spilurus,temp_code_002,1,AD,Passing,,
GX010037_L.MP4,18621,10.3553,KAD_FIGO_Transect 1,1.4848,132.905,11.145,8.748,3876.595,23.278,16.73,4.223,1456.488,-475.051,-3561.033,KAD_FIGO,Peter,Labridae,Hemigymnus,fasciatus,37384124,1,AD,Passing,,
GX010037_L.MP4,18684,10.3904,KAD_FIGO_Transect 1,1.5199,204.835,9.859,2.647,4174.351,21.791,10.3,35.203,1529.853,-246.478,-3876.081,KAD_FIGO,Peter,Scaridae,Scarus,sp,,1,AD,Passing,,
GX010037_L.MP4,18733,10.4176,KAD_FIGO_Transect 1,1.5471,,22.177,1.558,6150.078,14.829,,,-270.758,-1554.012,-5944.341,KAD_FIGO,Peter,Scaridae,Chlorurus,spilurus,temp_code_002,1,AD,Passing,,
GX010037_L.MP4,18864,10.4905,KAD_FIGO_Transect 1,1.62,246.885,15.355,7.242,3247.991,23.983,87.721,1.108,1311.735,149.3,-2967.576,KAD_FIGO,Peter,Acanthuridae,Acanthurus,sp,,1,AD,Passing,,
GX010037_L.MP4,18918,10.5205,KAD_FIGO_Transect 1,1.65,,14.903,6.094,5126.038,18.042,,,1559.801,292.912,-4874.165,KAD_FIGO,Peter,Scaridae,Chlorurus,spilurus,temp_code_002,1,AD,Passing,,
GX010037_L.MP4,18975,10.5522,KAD_FIGO_Transect 1,1.6817,,9.041,14.218,4145.114,30.608,,,1902.747,911.149,-3568.099,KAD_FIGO,Peter,Acanthuridae,Ctenochaetus,striatus,37437022,1,AD,Passing,,
GX010037_L.MP4,18975,10.5522,KAD_FIGO_Transect 1,1.6817,,10.335,9.462,4422.178,28.804,,,1972.617,803.086,-3875.499,KAD_FIGO,Peter,Acanthuridae,Ctenochaetus,sp,,1,AD,Passing,,
GX010037_L.MP4,19056,10.5973,KAD_FIGO_Transect 1,1.7267,,15.56,8.905,5437.225,24.128,,,2203.341,289.104,-4962.371,KAD_FIGO,Peter,Pomacentridae,Chromis,margaritifer,37372047,1,AD,Passing,,
GX010037_L.MP4,19056,10.5973,KAD_FIGO_Transect 1,1.7267,,12.231,2.619,4758.585,23.588,,,1868.188,365.981,-4361.199,KAD_FIGO,Peter,Pomacentridae,Pomacentrus,brachialis,37372109,1,AD,Passing,,
GX010037_L.MP4,19056,10.5973,KAD_FIGO_Transect 1,1.7267,,9.945,1.215,4298.856,24.678,,,1757.89,360.163,-3906.439,KAD_FIGO,Peter,Pomacentridae,Pomacentrus,brachialis,37372109,1,AD,Passing,,
GX010037_L.MP4,19077,10.6089,KAD_FIGO_Transect 1,1.7384,184.703,1.944,12.201,1681.479,27.639,32.502,63.746,608.16,-488.483,-1489.596,KAD_FIGO,Peter,Acanthuridae,Ctenochaetus,striatus,37437022,1,AD,Passing,may have double sampled,
GX010037_L.MP4,19118,10.6317,KAD_FIGO_Transect 1,1.7612,221.375,8.55,4.532,4094.621,19.472,0.274,34.1,1364.076,-47.327,-3860.438,KAD_FIGO,Peter,Scaridae,Chlorurus,spilurus,temp_code_002,1,AD,Passing,,
GX010037_L.MP4,19134,10.6406,KAD_FIGO_Transect 1,1.7701,254.906,7.784,2.466,4277.477,12.277,9.615,37.028,608.231,-676.318,-4179.648,KAD_FIGO,Peter,Scaridae,Chlorurus,spilurus,temp_code_002,1,AD,Passing,may have double sampled,
GX010037_L.MP4,19286,10.7252,KAD_FIGO_Transect 1,1.8546,139.231,12.285,12.67,3113.541,27.919,88.579,14.407,1424.583,309.68,-2751.145,KAD_FIGO,Peter,Pomacentridae,Chromis,weberi,37372054,1,AD,Passing,,
GX010037_L.MP4,19332,10.7507,KAD_FIGO_Transect 1,1.8802,,7.497,1.989,3478.959,19.353,,,472.259,-1053.656,-3281.758,KAD_FIGO,Peter,Chaetodontidae,Forcipiger,flavissimus,37365068,1,AD,Passing,,
GX010037_L.MP4,19379,10.7769,KAD_FIGO_Transect 1,1.9063,88.365,5.554,0.562,2776.524,28.408,68.719,55.934,1308.954,-177.544,-2442.172,KAD_FIGO,Peter,Pomacentridae,Plectroglyphidodon,dickii,37372098,1,AD,Passing,,
GX010037_L.MP4,19446,10.8141,KAD_FIGO_Transect 1,1.9436,,14.33,10.296,4996.644,16.28,,,1382.708,-226.469,-4796.174,KAD_FIGO,Peter,Pomacentridae,Pomacentrus,sp,,1,AD,Passing,,
GX010037_L.MP4,19446,10.8141,KAD_FIGO_Transect 1,1.9436,,14.254,2.791,4996.998,17.224,,,1458.754,-250.805,-4772.747,KAD_FIGO,Peter,Scaridae,Scarus,oviceps,37386022,1,AD,Passing,,
GX010037_L.MP4,19458,10.8208,KAD_FIGO_Transect 1,1.9503,170.513,9.502,3.066,2702.616,22.225,67.527,30.074,734.599,-710.879,-2501.829,KAD_FIGO,Peter,Holocentridae,Myripristis,violacea,37261014,1,AD,Passing,,
GX010037_L.MP4,19579,10.8881,KAD_FIGO_Transect 1,2.0176,,7.59,2.362,3516.537,11.709,,,615.621,-362.949,-3443.154,KAD_FIGO,Peter,Acanthuridae,Ctenochaetus,striatus,37437022,1,AD,Passing,,
GX010037_L.MP4,19695,10.9526,KAD_FIGO_Transect 1,2.0821,211.456,11.596,13.501,4394.137,17.184,24.558,47.633,1298.16,-13.176,-4197.981,KAD_FIGO,Peter,Scaridae,Chlorurus,spilurus,temp_code_002,1,AD,Passing,,
GX010037_L.MP4,19695,10.9526,KAD_FIGO_Transect 1,2.0821,238.677,13.28,9.091,5201.066,15.39,3.154,6.316,1296.568,-473.359,-5014.571,KAD_FIGO,Peter,Scaridae,Chlorurus,spilurus,temp_code_002,1,AD,Passing,,
GX010037_L.MP4,19695,10.9526,KAD_FIGO_Transect 1,2.0821,,4.543,8.428,2737.229,18.464,,,860.654,-105.622,-2596.256,KAD_FIGO,Peter,Pomacentridae,Chromis,chrysura,37372038,1,AD,Passing,,
GX010037_L.MP4,19695,10.9526,KAD_FIGO_Transect 1,2.0821,,5.943,9.957,3107.003,14.913,,,748.224,-283.686,-3002.191,KAD_FIGO,Peter,Pomacentridae,Chromis,chrysura,37372038,1,AD,Passing,,
GX010037_L.MP4,19695,10.9526,KAD_FIGO_Transect 1,2.0821,,9.18,8.785,3892.934,14.042,,,844.956,-424.374,-3776.359,KAD_FIGO,Peter,Pomacentridae,Chromis,chrysura,37372038,1,AD,Passing,,
GX010037_L.MP4,19695,10.9526,KAD_FIGO_Transect 1,2.0821,,15.22,9.17,5028.288,12.933,,,868.96,-717.995,-4900.313,KAD_FIGO,Peter,Pomacentridae,Chromis,chrysura,37372038,1,AD,Passing,,
GX010037_L.MP4,19695,10.9526,KAD_FIGO_Transect 1,2.0821,,12.989,11.562,4708.944,21.079,,,-189.649,-1685.55,-4392.848,KAD_FIGO,Peter,Pomacentridae,Chromis,chrysura,37372038,1,AD,Passing,,
GX010037_L.MP4,19734,10.9743,KAD_FIGO_Transect 1,2.1038,146.448,9.019,9.74,4149.113,28.616,3.802,44.114,1906.706,559.668,-3642.305,KAD_FIGO,Peter,Acanthuridae,Acanthurus,mata,37437011,1,AD,Passing,,
GX010037_L.MP4,19734,10.9743,KAD_FIGO_Transect 1,2.1038,183.997,11.157,6.41,3357.368,26.511,59.586,36.566,1476.941,253.967,-3004.341,KAD_FIGO,Peter,Scaridae,Chlorurus,spilurus,temp_code_002,1,AD,Passing,,
GX010037_L.MP4,19763,10.9904,KAD_FIGO_Transect 1,2.1199,94.584,3.996,6.038,2479.099,22.32,48.168,60.955,935.002,-110.621,-2293.353,KAD_FIGO,Peter,Pomacentridae,Chromis,ternatensis,37372051,1,AD,Passing,,
GX010037_L.MP4,19763,10.9904,KAD_FIGO_Transect 1,2.1199,70.554,3.012,9.859,2380.19,25.297,57.127,68.558,1016.249,-40.789,-2151.948,KAD_FIGO,Peter,Pomacentridae,Chromis,ternatensis,37372051,1,AD,Passing,,
GX010037_L.MP4,19763,10.9904,KAD_FIGO_Transect 1,2.1199,79.954,7.985,10.656,2735.601,27.618,45.252,3.388,1255.929,175.675,-2423.901,KAD_FIGO,Peter,Pomacentridae,Chromis,ternatensis,37372051,1,AD,Passing,,
GX010037_L.MP4,19763,10.9904,KAD_FIGO_Transect 1,2.1199,136.337,8.224,9.302,3525.726,17.593,18.699,32.033,1012.041,333.713,-3360.826,KAD_FIGO,Peter,Pomacentridae,Chromis,xanthura,37372057,1,AD,Passing,,
GX010037_L.MP4,19763,10.9904,KAD_FIGO_Transect 1,2.1199,,4.358,5.776,2774.75,24.275,,,1139.069,-63.08,-2529.384,KAD_FIGO,Peter,Pomacentridae,Chromis,ternatensis,37372051,1,AD,Passing,,
GX010037_L.MP4,19770,10.9943,KAD_FIGO_Transect 1,2.1238,,3.56,1.998,2383.51,24.243,,,585.02,-785.859,-2172.855,KAD_FIGO,Peter,Pomacanthidae,Centropyge,heraldi,37385027,1,AD,Passing,,
GX010037_L.MP4,19770,10.9943,KAD_FIGO_Transect 1,2.1238,200.493,7.485,11.176,3235.367,22.321,58.375,58.92,1228.658,-18.823,-2992.933,KAD_FIGO,Peter,Scaridae,Chlorurus,spilurus,temp_code_002,1,AD,Passing,may have double sampled,
GX010037_L.MP4,19820,11.0221,KAD_FIGO_Transect 1,2.1516,,2.649,3.308,2010.041,20.235,,,504.887,-479.041,-1885.703,KAD_FIGO,Peter,Pomacentridae,Chromis,chrysura,37372038,1,AD,Passing,,
GX010037_L.MP4,19820,11.0221,KAD_FIGO_Transect 1,2.1516,,7.232,4.617,3482.959,18.484,,,1035.903,-384.272,-3303.065,KAD_FIGO,Peter,Pomacentridae,Chromis,chrysura,37372038,1,AD,Passing,,
GX010037_L.MP4,19820,11.0221,KAD_FIGO_Transect 1,2.1516,,8.728,11.074,3906.859,20.109,,,1316.433,-269.082,-3668.535,KAD_FIGO,Peter,Pomacentridae,Chromis,chrysura,37372038,1,AD,Passing,,
GX010037_L.MP4,19820,11.0221,KAD_FIGO_Transect 1,2.1516,,5.717,4.348,3127.475,21.948,,,1108.138,-373.722,-2900.597,KAD_FIGO,Peter,Pomacentridae,Chromis,chrysura,37372038,1,AD,Passing,,
GX010037_L.MP4,19820,11.0221,KAD_FIGO_Transect 1,2.1516,,9.206,7.026,4215.181,26.714,,,1882.696,-216.598,-3765.141,KAD_FIGO,Peter,Pomacentridae,Chromis,chrysura,37372038,1,AD,Passing,,
GX010037_L.MP4,19883,11.0572,KAD_FIGO_Transect 1,2.1866,135.355,4.542,8.408,2336.052,25.669,28.296,22.063,735.534,-694.96,-2105.507,KAD_FIGO,Peter,Holocentridae,Myripristis,kuntee,37261011,1,AD,Passing,,
GX010037_L.MP4,19907,11.0705,KAD_FIGO_Transect 1,2.2,78.811,2.739,5.116,1695.777,23.743,26.97,0.301,586.25,-350.022,-1552.242,KAD_FIGO,Peter,Pomacentridae,Chromis,ternatensis,37372051,1,AD,Passing,,
GX010037_L.MP4,20035,11.1417,KAD_FIGO_Transect 1,2.2712,212.158,6.007,10.162,2835.295,12.996,77.32,72.223,40.612,-636.297,-2762.676,KAD_FIGO,Peter,Scaridae,Chlorurus,spilurus,temp_code_002,1,AD,Passing,,
GX010037_L.MP4,20035,11.1417,KAD_FIGO_Transect 1,2.2712,81.689,1.924,2.542,1349.507,16.772,43.973,41.578,181.502,-344.543,-1292.097,KAD_FIGO,Peter,Pomacentridae,Chromis,ternatensis,37372051,1,AD,Passing,,
GX010037_L.MP4,20035,11.1417,KAD_FIGO_Transect 1,2.2712,81.682,1.787,2.612,1245.062,18.39,42.411,28.219,312.951,-237.376,-1181.479,KAD_FIGO,Peter,Pomacentridae,Chromis,ternatensis,37372051,1,AD,Passing,,
GX010037_L.MP4,20063,11.1573,KAD_FIGO_Transect 1,2.2867,133.48,9.035,6.88,4406.02,8.94,47.461,77.912,-53.556,-682.602,-4352.493,KAD_FIGO,Peter,Pomacentridae,Chromis,xanthura,37372057,1,AD,Passing,,
GX010037_L.MP4,20063,11.1573,KAD_FIGO_Transect 1,2.2867,,7.675,15.308,3787.118,31.003,,,1693.309,966.528,-3246.659,KAD_FIGO,Peter,Pomacentridae,Chromis,xanthura,37372057,1,AD,Passing,,
GX010037_L.MP4,20107,11.1817,KAD_FIGO_Transect 1,2.3112,,8.849,1.17,3836.807,19.375,,,-269.641,-1246.082,-3618.792,KAD_FIGO,Peter,Pomacentridae,Chromis,xanthura,37372057,1,AD,Passing,,
GX010037_L.MP4,20107,11.1817,KAD_FIGO_Transect 1,2.3112,,23.106,4.305,6323.997,8.863,,,873.788,-434.79,-6248.231,KAD_FIGO,Peter,Pomacentridae,Chromis,xanthura,37372057,1,AD,Passing,,
GX010037_L.MP4,20107,11.1817,KAD_FIGO_Transect 1,2.3112,,15.985,3.455,5231.956,11.966,,,1047.603,-284.432,-5118.105,KAD_FIGO,Peter,Pomacentridae,Chromis,xanthura,37372057,1,AD,Passing,,
GX010037_L.MP4,20107,11.1817,KAD_FIGO_Transect 1,2.3112,,22.674,0.223,6299.317,11.87,,,1288.565,-139.584,-6164.536,KAD_FIGO,Peter,Pomacentridae,Chromis,xanthura,37372057,1,AD,Passing,,
GX010037_L.MP4,20107,11.1817,KAD_FIGO_Transect 1,2.3112,,11.065,0.527,4348.105,14.21,,,1063.191,-96.453,-4215.014,KAD_FIGO,Peter,Pomacentridae,Chromis,xanthura,37372057,1,AD,Passing,,
GX010037_L.MP4,20107,11.1817,KAD_FIGO_Transect 1,2.3112,,18.848,11.618,5731.344,12.199,,,1210.614,29.215,-5601.952,KAD_FIGO,Peter,Pomacentridae,Chromis,xanthura,37372057,1,AD,Passing,,
GX010037_L.MP4,20107,11.1817,KAD_FIGO_Transect 1,2.3112,,24.048,5.071,6504.75,9.146,,,1033.714,-27.686,-6422.028,KAD_FIGO,Peter,Pomacentridae,Chromis,xanthura,37372057,1,AD,Passing,,
GX010037_L.MP4,20107,11.1817,KAD_FIGO_Transect 1,2.3112,,21.034,7.817,6095.565,16.735,,,1722.454,334.199,-5837.583,KAD_FIGO,Peter,Pomacentridae,Chromis,xanthura,37372057,1,AD,Passing,,
GX010037_L.MP4,20107,11.1817,KAD_FIGO_Transect 1,2.3112,,10.815,6.756,4313.178,18.327,,,1294.473,402.177,-4094.642,KAD_FIGO,Peter,Pomacentridae,Chromis,xanthura,37372057,1,AD,Passing,,
GX010037_L.MP4,20107,11.1817,KAD_FIGO_Transect 1,2.3112,,18.721,9.911,5713.294,17.949,,,1668.478,559.03,-5435.568,KAD_FIGO,Peter,Pomacentridae,Chromis,xanthura,37372057,1,AD,Passing,,
GX010037_L.MP4,20107,11.1817,KAD_FIGO_Transect 1,2.3112,,11.26,11.119,4571.848,25.252,,,1875.018,534.487,-4135.267,KAD_FIGO,Peter,Pomacentridae,Chromis,xanthura,37372057,1,AD,Passing,,
GX010037_L.MP4,20107,11.1817,KAD_FIGO_Transect 1,2.3112,,23.291,3.629,6417.283,22.32,,,2181.661,1082.746,-5937.132,KAD_FIGO,Peter,Pomacentridae,Chromis,xanthura,37372057,1,AD,Passing,,
GX010037_L.MP4,20107,11.1817,KAD_FIGO_Transect 1,2.3112,,34.347,6.708,7717.31,20.672,,,2341.204,1388.832,-7221.273,KAD_FIGO,Peter,Pomacentridae,Chromis,xanthura,37372057,1,AD,Passing,,
GX010037_L.MP4,20107,11.1817,KAD_FIGO_Transect 1,2.3112,,27.048,8.786,6949.182,22.156,,,2399.584,1049.992,-6436.664,KAD_FIGO,Peter,Pomacentridae,Chromis,xanthura,37372057,1,AD,Passing,,
GX010037_L.MP4,20107,11.1817,KAD_FIGO_Transect 1,2.3112,,17.098,12.495,5440.297,18.939,,,1625.738,685.981,-5146.186,KAD_FIGO,Peter,Pomacentridae,Chromis,xanthura,37372057,1,AD,Passing,,
GX010037_L.MP4,20107,11.1817,KAD_FIGO_Transect 1,2.3112,,24.82,11.556,6673.682,24.186,,,2427.671,1254.442,-6088.581,KAD_FIGO,Peter,Pomacentridae,Chromis,xanthura,37372057,1,AD,Passing,,
GX010037_L.MP4,20107,11.1817,KAD_FIGO_Transect 1,2.3112,,27.843,8.444,6987.997,23.952,,,2340.103,1600.067,-6387.159,KAD_FIGO,Peter,Pomacentridae,Chromis,xanthura,37372057,1,AD,Passing,,
GX010037_L.MP4,20107,11.1817,KAD_FIGO_Transect 1,2.3112,,7.196,4.566,3489.33,20.892,,,1128.148,-526.911,-3259.612,KAD_FIGO,Peter,Pomacentridae,Chromis,ternatensis,37372051,1,AD,Passing,,
GX010037_L.MP4,20107,11.1817,KAD_FIGO_Transect 1,2.3112,,7.543,3.677,3610.61,22.047,,,1259.502,-502.497,-3346.29,KAD_FIGO,Peter,Pomacentridae,Chromis,ternatensis,37372051,1,AD,Passing,,
GX010037_L.MP4,20107,11.1817,KAD_FIGO_Transect 1,2.3112,,5.423,1.522,3055.064,22.471,,,1117.915,-338.922,-2822.909,KAD_FIGO,Peter,Pomacentridae,Chromis,ternatensis,37372051,1,AD,Passing,,
GX010037_L.MP4,20107,11.1817,KAD_FIGO_Transect 1,2.3112,,8.73,4.07,3922.641,21.501,,,1391.479,-363.796,-3649.459,KAD_FIGO,Peter,Pomacentridae,Chromis,ternatensis,37372051,1,AD,Passing,,
GX010037_L.MP4,20107,11.1817,KAD_FIGO_Transect 1,2.3112,,7.722,4.712,3720.096,22.08,,,1391.448,-141.119,-3447.183,KAD_FIGO,Peter,Pomacentridae,Chromis,ternatensis,37372051,1,AD,Passing,,
GX010037_L.MP4,20107,11.1817,KAD_FIGO_Transect 1,2.3112,,7.271,4.862,3629.992,23.174,,,1422.982,-127.192,-3337.033,KAD_FIGO,Peter,Pomacentridae,Chromis,ternatensis,37372051,1,AD,Passing,,
GX010037_L.MP4,20107,11.1817,KAD_FIGO_Transect 1,2.3112,,6.12,4.842,3311.054,23.428,,,1306.719,-161.792,-3037.99,KAD_FIGO,Peter,Pomacentridae,Chromis,ternatensis,37372051,1,AD,Passing,,
GX010037_L.MP4,20107,11.1817,KAD_FIGO_Transect 1,2.3112,,6.321,4.502,3401.913,24.432,,,1406.126,-53.443,-3097.251,KAD_FIGO,Peter,Pomacentridae,Chromis,ternatensis,37372051,1,AD,Passing,,
GX010037_L.MP4,20107,11.1817,KAD_FIGO_Transect 1,2.3112,,7.976,10.669,3872.954,25.163,,,1644.866,76.441,-3505.474,KAD_FIGO,Peter,Pomacentridae,Chromis,ternatensis,37372051,1,AD,Passing,,
GX010037_L.MP4,20107,11.1817,KAD_FIGO_Transect 1,2.3112,,9.861,3.319,4226.224,21.58,,,1550.742,-109.408,-3929.911,KAD_FIGO,Peter,Pomacentridae,Chromis,ternatensis,37372051,1,AD,Passing,,
GX010037_L.MP4,20107,11.1817,KAD_FIGO_Transect 1,2.3112,,9.074,4.532,4147.999,25.895,,,1790.432,273.42,-3731.687,KAD_FIGO,Peter,Pomacentridae,Chromis,ternatensis,37372051,1,AD,Passing,,
GX010037_L.MP4,20107,11.1817,KAD_FIGO_Transect 1,2.3112,,10.015,2.125,4318.561,24.238,,,1752.38,266.453,-3938.037,KAD_FIGO,Peter,Pomacentridae,Chromis,ternatensis,37372051,1,AD,Passing,,
GX010037_L.MP4,20107,11.1817,KAD_FIGO_Transect 1,2.3112,,6.165,5.026,3404.217,26.802,,,1520.311,209.894,-3038.633,KAD_FIGO,Peter,Pomacentridae,Chromis,ternatensis,37372051,1,AD,Passing,,
GX010037_L.MP4,20107,11.1817,KAD_FIGO_Transect 1,2.3112,,5.107,12.14,3121.326,29.595,,,1501.008,349.543,-2714.309,KAD_FIGO,Peter,Pomacentridae,Chromis,ternatensis,37372051,1,AD,Passing,,
GX010037_L.MP4,20107,11.1817,KAD_FIGO_Transect 1,2.3112,,6.959,11.284,3708.086,28.865,,,1789.224,52.249,-3247.437,KAD_FIGO,Peter,Pomacentridae,Chromis,xanthura,37372057,1,AD,Passing,,
GX010037_L.MP4,20107,11.1817,KAD_FIGO_Transect 1,2.3112,,6.146,0.329,3482.872,29.518,,,1711.258,125.535,-3030.88,KAD_FIGO,Peter,Pomacentridae,Chromis,xanthura,37372057,1,AD,Passing,,
GX010037_L.MP4,20107,11.1817,KAD_FIGO_Transect 1,2.3112,,6.704,4.026,3696.71,31.572,,,1921.749,228.261,-3149.673,KAD_FIGO,Peter,Pomacentridae,Chromis,xanthura,37372057,1,AD,Passing,,
GX010037_L.MP4,20119,11.1884,KAD_FIGO_Transect 1,2.3179,288.47,6.876,2.828,2181.71,24.371,69.694,4.937,573.703,-693.802,-1987.301,KAD_FIGO,Peter,Scaridae,Scarus,altipinnis,37386010,1,AD,Passing,,
GX010037_L.MP4,20226,11.2479,KAD_FIGO_Transect 1,2.3774,83.796,7.467,7.256,3234.875,24.175,9.638,7.44,1324.686,-14.162,-2951.174,KAD_FIGO,Peter,Pomacentridae,Chromis,xanthura,37372057,1,AD,Passing,,
GX010037_L.MP4,20262,11.2679,KAD_FIGO_Transect 1,2.3974,113.558,4.412,15.422,3224.424,28.53,8.715,63.84,1438.91,548.863,-2832.878,KAD_FIGO,Peter,Pomacentridae,Chromis,xanthura,37372057,1,AD,Passing,,
GX010037_L.MP4,20262,11.2679,KAD_FIGO_Transect 1,2.3974,194.032,8.871,7.652,3987.918,25.857,10.987,41.231,1342.799,-1105.375,-3588.666,KAD_FIGO,Peter,Scaridae,Scarus,altipinnis,37386010,1,AD,Passing,,
GX010037_L.MP4,20262,11.2679,KAD_FIGO_Transect 1,2.3974,,12.42,1.448,4654.171,27.054,,,1546.071,-1448.383,-4144.052,KAD_FIGO,Peter,Acanthuridae,Zebrasoma,scopas,37437036,1,AD,Passing,,
GX010037_L.MP4,20269,11.2718,KAD_FIGO_Transect 1,2.4013,170.053,5.296,9.072,2487.138,27.222,82.969,51.579,1133.154,101.787,-2211.664,KAD_FIGO,Peter,Scaridae,Chlorurus,spilurus,temp_code_002,1,AD,Passing,,
GX010037_L.MP4,20269,11.2718,KAD_FIGO_Transect 1,2.4013,301.173,20.743,13.214,4032.539,27.979,84.983,12.514,1804.152,569.318,-3561.219,KAD_FIGO,Peter,Scaridae,Chlorurus,spilurus,temp_code_002,1,AD,Passing,,
GX010037_L.MP4,20269,11.2718,KAD_FIGO_Transect 1,2.4013,110.726,2.74,7.916,2482.133,25.959,54.6,74.379,1057.459,249.545,-2231.702,KAD_FIGO,Peter,Pomacentridae,Chromis,xanthura,37372057,1,AD,Passing,,
GX010037_L.MP4,20278,11.2768,KAD_FIGO_Transect 1,2.4063,137.358,8.495,4.112,2451.16,18.785,62.024,19.922,745.592,259.03,-2320.599,KAD_FIGO,Peter,Pomacentridae,Chromis,xanthura,37372057,1,AD,Passing,,
GX010037_L.MP4,20278,11.2768,KAD_FIGO_Transect 1,2.4063,126.611,9.193,4.268,3176.531,12.634,29.003,24.68,693.61,40.234,-3099.618,KAD_FIGO,Peter,Pomacentridae,Chromis,xanthura,37372057,1,AD,Passing,,
GX010037_L.MP4,20278,11.2768,KAD_FIGO_Transect 1,2.4063,112.898,9.839,3.014,3002.719,12.712,35.031,16.899,640.484,162.469,-2929.114,KAD_FIGO,Peter,Pomacentridae,Chromis,xanthura,37372057,1,AD,Passing,,
GX010037_L.MP4,20278,11.2768,KAD_FIGO_Transect 1,2.4063,124.099,7.082,8.451,2442.141,22.66,87.356,39.546,909.237,241.948,-2253.62,KAD_FIGO,Peter,Pomacentridae,Chromis,xanthura,37372057,1,AD,Passing,,
GX010037_L.MP4,20278,11.2768,KAD_FIGO_Transect 1,2.4063,136.351,10.594,12.793,3145.087,24.031,85.441,45.069,1140.592,582.602,-2872.489,KAD_FIGO,Peter,Pomacentridae,Chromis,xanthura,37372057,1,AD,Passing,,
GX010037_L.MP4,20304,11.2913,KAD_FIGO_Transect 1,2.4208,252.592,15.76,9.423,3384.426,24.549,83.667,19.085,1265.251,613.513,-3078.487,KAD_FIGO,Peter,Scaridae,Chlorurus,spilurus,temp_code_002,1,AD,Passing,,
GX010037_L.MP4,20324,11.3024,KAD_FIGO_Transect 1,2.4319,,2.012,0.946,1799.198,25.17,,,759.766,-92.061,-1628.31,KAD_FIGO,Peter,Pomacentridae,Chromis,margaritifer,37372047,1,AD,Passing,,
GX010037_L.MP4,20324,11.3024,KAD_FIGO_Transect 1,2.4319,,3.182,4.122,2381.414,27.101,,,1084.838,7.034,-2119.956,KAD_FIGO,Peter,Pomacentridae,Chromis,margaritifer,37372047,1,AD,Passing,,
GX010037_L.MP4,20338,11.3102,KAD_FIGO_Transect 1,2.4397,89.992,4.842,3.413,2313.565,19.502,24.036,4.17,764.598,109.139,-2180.839,KAD_FIGO,Peter,Pomacentridae,Chromis,ternatensis,37372051,1,AD,Passing,,
GX010037_L.MP4,20338,11.3102,KAD_FIGO_Transect 1,2.4397,91.129,3.366,6.321,2272.968,17.348,34.276,68.585,377.067,-563.147,-2169.578,KAD_FIGO,Peter,Pomacentridae,Chromis,ternatensis,37372051,1,AD,Passing,,
GX010037_L.MP4,20350,11.3169,KAD_FIGO_Transect 1,2.4463,167.2,4.213,3.543,2468.914,11.123,23.01,40.981,467.296,-92.166,-2422.535,KAD_FIGO,Peter,Scaridae,Chlorurus,spilurus,temp_code_002,1,AD,Passing,,
GX010037_L.MP4,20350,11.3169,KAD_FIGO_Transect 1,2.4463,128.386,3.542,7.229,4088.191,13.532,82.361,88.505,943.331,158.808,-3974.696,KAD_FIGO,Peter,Zanclidae,Zanclus,cornutus,37437001,1,AD,Passing,,
GX010037_L.MP4,20395,11.3419,KAD_FIGO_Transect 1,2.4714,125.3,3.956,6.546,4590.724,19.963,0.88,1.984,-227.001,1550.83,-4314.875,KAD_FIGO,Peter,Pomacentridae,Chromis,xanthura,37372057,1,AD,Passing,,
GX010037_L.MP4,20395,11.3419,KAD_FIGO_Transect 1,2.4714,123.425,7.374,5.083,3240.737,15.252,22.155,26.659,235.279,819.392,-3126.598,KAD_FIGO,Peter,Pomacentridae,Chromis,xanthura,37372057,1,AD,Passing,,
GX010037_L.MP4,20395,11.3419,KAD_FIGO_Transect 1,2.4714,115.745,4.225,5.144,3755.743,18.161,1.264,16.855,314.367,1127.638,-3568.642,KAD_FIGO,Peter,Pomacentridae,Chromis,xanthura,37372057,1,AD,Passing,,
GX010037_L.MP4,20523,11.4131,KAD_FIGO_Transect 1,2.5425,81.712,2.076,4.668,2004.928,17.305,54.568,75.39,595.699,-28.605,-1914.174,KAD_FIGO,Peter,Pomacentridae,Chromis,ternatensis,37372051,1,AD,Passing,,
GX010037_L.MP4,20628,11.4715,KAD_FIGO_Transect 1,2.6009,129.26,4.442,8.126,3370.142,13.962,8.495,78.699,-583.744,-566.097,-3270.571,KAD_FIGO,Peter,Pomacentridae,Chromis,xanthura,37372057,1,AD,Passing,,
GX010037_L.MP4,20636,11.4759,KAD_FIGO_Transect 1,2.6054,121.378,6.413,5.781,2717.057,15.922,45.426,54.006,-347.311,-659.502,-2612.821,KAD_FIGO,Peter,Pomacentridae,Chromis,xanthura,37372057,1,AD,Passing,,
GX010037_L.MP4,20644,11.4804,KAD_FIGO_Transect 1,2.6098,71.25,4.153,5.326,2027.809,13.204,45.86,45.615,385.111,-257.361,-1974.199,KAD_FIGO,Peter,Pomacentridae,Chromis,ternatensis,37372051,1,AD,Passing,,
GX010037_L.MP4,20644,11.4804,KAD_FIGO_Transect 1,2.6098,71.529,6.078,4.494,2075.978,17.121,75.61,33.579,563.327,-236.965,-1983.985,KAD_FIGO,Peter,Pomacentridae,Chromis,ternatensis,37372051,1,AD,Passing,,
GX010037_L.MP4,20648,11.4826,KAD_FIGO_Transect 1,2.6121,185.629,8.057,9.979,3558.887,21.526,20.691,38.077,-357.424,-1255.966,-3310.66,KAD_FIGO,Peter,Scaridae,Chlorurus,spilurus,temp_code_002,1,AD,Passing,,
GX010037_L.MP4,20648,11.4826,KAD_FIGO_Transect 1,2.6121,128.436,5.053,5.078,2295.034,8.785,57.973,57.886,-66.303,-344.173,-2268.112,KAD_FIGO,Peter,Pomacentridae,Chromis,xanthura,37372057,1,AD,Passing,,
GX010037_L.MP4,20648,11.4826,KAD_FIGO_Transect 1,2.6121,117.663,5.825,6.654,2817.268,10.646,60.809,68.329,-230.613,-466.597,-2768.772,KAD_FIGO,Peter,Pomacentridae,Chromis,xanthura,37372057,1,AD,Passing,,
GX010037_L.MP4,20648,11.4826,KAD_FIGO_Transect 1,2.6121,110.485,7.388,7.227,3606.844,9.976,89.762,75.775,-427.902,-455.279,-3552.316,KAD_FIGO,Peter,Pomacentridae,Chromis,xanthura,37372057,1,AD,Passing,,
GX010037_L.MP4,20648,11.4826,KAD_FIGO_Transect 1,2.6121,93.366,3.458,6.585,2086.268,12.116,47.602,63.747,-18.484,-437.514,-2039.793,KAD_FIGO,Peter,Pomacentridae,Chromis,ternatensis,37372051,1,AD,Passing,,
GX010037_L.MP4,20648,11.4826,KAD_FIGO_Transect 1,2.6121,92.391,3.492,6.842,2796.113,6.863,22.99,70.688,-12.085,-333.926,-2776.075,KAD_FIGO,Peter,Pomacentridae,Chromis,ternatensis,37372051,1,AD,Passing,,
GX010037_L.MP4,20648,11.4826,KAD_FIGO_Transect 1,2.6121,156.788,5.226,9.188,1945.281,20.76,71.72,26.88,670.57,160.544,-1818.977,KAD_FIGO,Peter,Pomacentridae,Chromis,xanthura,37372057,1,AD,Passing,,
GX010037_L.MP4,20648,11.4826,KAD_FIGO_Transect 1,2.6121,102.278,5.207,5.203,2170.154,17.632,53.383,40.091,654.732,58.684,-2068.2,KAD_FIGO,Peter,Pomacentridae,Chromis,ternatensis,37372051,1,AD,Passing,,
GX010037_L.MP4,20648,11.4826,KAD_FIGO_Transect 1,2.6121,125.741,6.208,11.428,2721.912,21.043,47.423,57.135,-440.181,-872.601,-2540.397,KAD_FIGO,Peter,Pomacentridae,Chromis,xanthura,37372057,1,AD,Passing,,
GX010037_L.MP4,20648,11.4826,KAD_FIGO_Transect 1,2.6121,136.443,5.464,9.184,3200.922,20.246,6.879,76.136,-637.118,-906.145,-3003.146,KAD_FIGO,Peter,Pomacentridae,Chromis,xanthura,37372057,1,AD,Passing,,
GX010037_L.MP4,20648,11.4826,KAD_FIGO_Transect 1,2.6121,138.668,13.774,15.485,3703.326,23.605,77.952,49.851,-1036.794,-1060.231,-3393.463,KAD_FIGO,Peter,Pomacentridae,Chromis,xanthura,37372057,1,AD,Passing,,
GX010037_L.MP4,20648,11.4826,KAD_FIGO_Transect 1,2.6121,131.431,11.973,7.008,2745.864,6.048,62.038,26.52,208.481,-200.553,-2730.582,KAD_FIGO,Peter,Pomacentridae,Chromis,xanthura,37372057,1,AD,Passing,,
GX010037_L.MP4,20648,11.4826,KAD_FIGO_Transect 1,2.6121,,7.928,2.087,3628.894,20.485,,,-625.175,-1107.408,-3398.775,KAD_FIGO,Peter,Pomacentridae,Chromis,ternatensis,37372051,1,AD,Passing,,
GX010037_L.MP4,20648,11.4826,KAD_FIGO_Transect 1,2.6121,,10.346,0.058,4168.225,21.142,,,-588.909,-1385.529,-3886.849,KAD_FIGO,Peter,Pomacentridae,Chromis,ternatensis,37372051,1,AD,Passing,,
GX010037_L.MP4,20648,11.4826,KAD_FIGO_Transect 1,2.6121,,6.506,0.615,3291.048,22.019,,,-250.765,-1209.89,-3050.292,KAD_FIGO,Peter,Pomacentridae,Chromis,ternatensis,37372051,1,AD,Passing,,
GX010037_L.MP4,20648,11.4826,KAD_FIGO_Transect 1,2.6121,,8.306,5.629,3695.853,17.216,,,-354.088,-1037.046,-3529.658,KAD_FIGO,Peter,Pomacentridae,Chromis,ternatensis,37372051,1,AD,Passing,,
GX010037_L.MP4,20648,11.4826,KAD_FIGO_Transect 1,2.6121,,2.635,0.29,1998.708,15.113,,,50.698,-519.753,-1929.28,KAD_FIGO,Peter,Pomacentridae,Chromis,ternatensis,37372051,1,AD,Passing,,
GX010037_L.MP4,20648,11.4826,KAD_FIGO_Transect 1,2.6121,,2.199,2.955,1815.788,16.911,,,81.774,-522.828,-1736.966,KAD_FIGO,Peter,Pomacentridae,Chromis,ternatensis,37372051,1,AD,Passing,,
GX010037_L.MP4,20648,11.4826,KAD_FIGO_Transect 1,2.6121,,5.663,4.757,3023.881,9.647,,,-95.827,-499.36,-2980.824,KAD_FIGO,Peter,Pomacentridae,Chromis,ternatensis,37372051,1,AD,Passing,,
GX010037_L.MP4,20685,11.5032,KAD_FIGO_Transect 1,2.6326,165.702,10.159,5.139,2478.017,13.922,69.616,15.912,565.196,189.745,-2405.227,KAD_FIGO,Peter,Scaridae,Chlorurus,spilurus,temp_code_002,1,AD,Passing,,
GX010037_L.MP4,20685,11.5032,KAD_FIGO_Transect 1,2.6326,130.754,8.672,6.453,2601.266,8.049,44.375,24.331,326.208,-161.981,-2575.643,KAD_FIGO,Peter,Chaetodontidae,Forcipiger,flavissimus,37365068,1,AD,Passing,,
GX010037_L.MP4,20734,11.5304,KAD_FIGO_Transect 1,2.6599,83.35,2.579,3.839,1855.429,16.974,27.43,54.021,112.227,-529.901,-1774.606,KAD_FIGO,Peter,Pomacentridae,Stegastes,lacrymatus,temp_code_006,1,AD,Passing,,
GX010037_L.MP4,20806,11.5704,KAD_FIGO_Transect 1,2.6999,146.657,6.545,9.647,2759.477,18.598,49.814,60.002,-168.972,-863.719,-2615.368,KAD_FIGO,Peter,Scaridae,Chlorurus,sp,,1,AD,Passing,,
GX010037_L.MP4,20815,11.5755,KAD_FIGO_Transect 1,2.7049,98.828,3.198,8.577,2474.255,19.646,2.17,44.677,29.219,-831.341,-2330.226,KAD_FIGO,Peter,Pomacentridae,Chromis,weberi,37372054,1,AD,Passing,,
GX010037_L.MP4,20821,11.5788,KAD_FIGO_Transect 1,2.7083,,12.023,1.398,4540.256,23.017,,,-997.051,-1471.296,-4177.93,KAD_FIGO,Peter,Pomacentridae,Chromis,xanthura,37372057,1,AD,Passing,,
GX010037_L.MP4,20822,11.5793,KAD_FIGO_Transect 1,2.7088,167.682,8.646,7.656,2791.776,15.413,59.309,47.659,494.831,-552.904,-2691.367,KAD_FIGO,Peter,Scaridae,Chlorurus,spilurus,temp_code_002,1,AD,Passing,,
GX010037_L.MP4,20858,11.5994,KAD_FIGO_Transect 1,2.7288,,21.048,1.377,5988.865,11.539,,,230.377,-1179.056,-5867.134,KAD_FIGO,Peter,Scaridae,Chlorurus,spilurus,temp_code_002,1,AD,Passing,,
GX010037_L.MP4,20858,11.5994,KAD_FIGO_Transect 1,2.7288,,24.962,6.577,6470.773,19.198,,,654.312,-2028.304,-6109.726,KAD_FIGO,Peter,Scaridae,Chlorurus,spilurus,temp_code_002,1,AD,Passing,,
GX010037_L.MP4,20908,11.6272,KAD_FIGO_Transect 1,2.7566,125.987,6.135,15.503,3232.409,30.767,13.782,44.856,1348.302,-957.182,-2777.473,KAD_FIGO,Peter,Zanclidae,Zanclus,cornutus,37437001,1,AD,Passing,,
GX010037_L.MP4,20958,11.655,KAD_FIGO_Transect 1,2.7844,,3.861,1.999,2495.108,23.133,,,755.307,-626.151,-2294.126,KAD_FIGO,Peter,Pomacentridae,Chromis,weberi,37372054,1,AD,Passing,,
GX010037_L.MP4,20958,11.655,KAD_FIGO_Transect 1,2.7844,,3.045,0.367,2205.757,25.231,,,632.628,-696.767,-1994.909,KAD_FIGO,Peter,Pomacentridae,Chromis,weberi,37372054,1,AD,Passing,,
GX010037_L.MP4,20958,11.655,KAD_FIGO_Transect 1,2.7844,,3.914,1.982,2563.077,27.745,,,870.846,-817.003,-2267.928,KAD_FIGO,Peter,Pomacentridae,Chromis,ternatensis,37372051,1,AD,Passing,,
GX010037_L.MP4,20964,11.6583,KAD_FIGO_Transect 1,2.7878,,3.558,3.36,2564.912,29.584,,,1235.546,-278.655,-2230.37,KAD_FIGO,Peter,Chaetodontidae,Chaetodon,trifascialis,37365058,1,AD,Passing,,
GX010037_L.MP4,21036,11.6984,KAD_FIGO_Transect 1,2.8278,91.173,4.729,2.026,2353.422,22.795,32.27,33.905,586.576,-698.061,-2169.616,KAD_FIGO,Peter,Pomacentridae,Chromis,weberi,37372054,1,AD,Passing,,
GX010037_L.MP4,21036,11.6984,KAD_FIGO_Transect 1,2.8278,,6.513,1.775,3240.298,17.134,,,217.502,-931.294,-3095.951,KAD_FIGO,Peter,Pomacentridae,Chromis,weberi,37372054,1,AD,Passing,,
GX010037_L.MP4,21036,11.6984,KAD_FIGO_Transect 1,2.8278,,4.922,0.604,2828.793,24.17,,,710.218,-916.421,-2580.278,KAD_FIGO,Peter,Pomacentridae,Chromis,margaritifer,37372047,1,AD,Passing,,
GX010037_L.MP4,21048,11.705,KAD_FIGO_Transect 1,2.8345,156.711,3.807,3.877,2396.367,22.141,12.065,15.744,711.77,-555.973,-2219.651,KAD_FIGO,Peter,Scaridae,Scarus,altipinnis,37386010,1,AD,Passing,,
GX010037_L.MP4,21059,11.7111,KAD_FIGO_Transect 1,2.8406,,21.303,7.789,5983.67,17.002,,,1430.148,-1011.256,-5721.568,KAD_FIGO,Peter,Scaridae,Chlorurus,spilurus,temp_code_002,1,AD,Passing,,
GX010037_L.MP4,21059,11.7111,KAD_FIGO_Transect 1,2.8406,102.826,7.382,9.234,2907.327,15.486,84.343,64.846,493.314,-599.338,-2801.782,KAD_FIGO,Peter,Pomacentridae,Chromis,weberi,37372054,1,AD,Passing,,
GX010037_L.MP4,21059,11.7111,KAD_FIGO_Transect 1,2.8406,,3.35,1.302,2360.073,26.327,,,864.264,-591.646,-2114.935,KAD_FIGO,Peter,Pomacentridae,Chromis,weberi,37372054,1,AD,Passing,,
GX010037_L.MP4,21059,11.7111,KAD_FIGO_Transect 1,2.8406,,3.828,0.296,2543.292,25.8,,,964.046,-545.272,-2289.46,KAD_FIGO,Peter,Pomacentridae,Chromis,margaritifer,37372047,1,AD,Passing,,
GX010037_L.MP4,21068,11.7161,KAD_FIGO_Transect 1,2.8456,263.398,4.458,8.234,3005.685,25.101,15.616,62.07,1111.095,-625.507,-2721.829,KAD_FIGO,Peter,Scaridae,Scarus,dimidiatus,37386013,1,AD,Passing,,
GX010037_L.MP4,21080,11.7228,KAD_FIGO_Transect 1,2.8523,,3.912,1.207,2506.691,24.165,,,642.173,-801.717,-2286.562,KAD_FIGO,Peter,Scaridae,Scarus,sp,,1,AD,Passing,,
GX010037_L.MP4,21095,11.7312,KAD_FIGO_Transect 1,2.8606,103.576,5.64,0.167,2186.147,23.446,72.073,39.864,643.786,-584.933,-2005.65,KAD_FIGO,Peter,Pomacentridae,Chromis,weberi,37372054,1,AD,Passing,,
GX010037_L.MP4,21134,11.7529,KAD_FIGO_Transect 1,2.8823,,9.09,1.717,3864.245,22.257,,,631.489,-1322.46,-3575.572,KAD_FIGO,Peter,Scaridae,Chlorurus,spilurus,temp_code_002,1,AD,Passing,,
GX010037_L.MP4,21143,11.7579,KAD_FIGO_Transect 1,2.8873,268.751,9.017,4.433,2652.854,21.998,85.296,38.281,739.232,-664.04,-2459.72,KAD_FIGO,Peter,Acanthuridae,Acanthurus,lineatus,37437010,1,AD,Passing,,
GX010037_L.MP4,21143,11.7579,KAD_FIGO_Transect 1,2.8873,234.532,19.438,5.968,3838.548,18.011,65.154,36.804,543.004,-1055.374,-3650.449,KAD_FIGO,Peter,Scaridae,Chlorurus,spilurus,temp_code_002,1,AD,Passing,,
GX010037_L.MP4,21158,11.7662,KAD_FIGO_Transect 1,2.8957,,24.398,19.87,6454.575,20.739,,,-989.082,-2064.117,-6035.12,KAD_FIGO,Peter,Carcharhinidae,Triaenodon,obesus,37018038,1,AD,Passing,,
GX010037_L.MP4,21162,11.7684,KAD_FIGO_Transect 1,2.8979,96.727,6.573,9.869,3325.432,20.501,18.048,0.689,-437.937,-1079.176,-3114.817,KAD_FIGO,Peter,Pomacentridae,Chromis,weberi,37372054,1,AD,Passing,,
GX010037_L.MP4,21170,11.7729,KAD_FIGO_Transect 1,2.9023,137.054,9.899,10.923,3379.251,10.559,43.442,53.145,316.818,-532.067,-3322.027,KAD_FIGO,Peter,Scaridae,Chlorurus,spilurus,temp_code_002,1,AD,Passing,,
GX010037_L.MP4,21170,11.7729,KAD_FIGO_Transect 1,2.9023,243.109,16.085,9.918,5798.755,15.171,11.179,55.587,44.134,-1516.899,-5596.663,KAD_FIGO,Peter,Scaridae,Chlorurus,spilurus,temp_code_002,1,AD,Passing,,
GX010037_L.MP4,21170,11.7729,KAD_FIGO_Transect 1,2.9023,,8.608,0.242,3771.448,9.34,,,148.421,-596.006,-3721.097,KAD_FIGO,Peter,Pomacentridae,Chromis,weberi,37372054,1,AD,Passing,,
GX010037_L.MP4,21170,11.7729,KAD_FIGO_Transect 1,2.9023,,5.083,3.07,2840.111,11.928,,,134.118,-573.103,-2778.452,KAD_FIGO,Peter,Pomacentridae,Chromis,weberi,37372054,1,AD,Passing,,
GX010037_L.MP4,30493,16.9575,KAD_FIGO_Transect 2,0.3237,87.239,5.244,3.276,3089.241,15.908,4.982,12.155,-825.621,-188.013,-2970.928,KAD_FIGO,Peter,Pomacentridae,Pomacentrus,philippinus,37372123,1,AD,Passing,,
GX010037_L.MP4,30510,16.967,KAD_FIGO_Transect 2,0.3331,,11.828,2.265,4676.069,18.487,,,-1482.081,42.483,-4434.777,KAD_FIGO,Peter,Pomacentridae,Pomacentrus,sp,,1,AD,Passing,,
GX010037_L.MP4,30545,16.9864,KAD_FIGO_Transect 2,0.3526,,6.152,0.24,3223.303,17.815,,,-868.765,464.782,-3069.024,KAD_FIGO,Peter,Pomacentridae,Chromis,margaritifer,37372047,1,AD,Passing,,
GX010037_L.MP4,30545,16.9864,KAD_FIGO_Transect 2,0.3526,,6.193,3.663,3211.5,16.172,,,-766.805,458.741,-3084.687,KAD_FIGO,Peter,Pomacentridae,Chromis,margaritifer,37372047,1,AD,Passing,,
GX010037_L.MP4,30545,16.9864,KAD_FIGO_Transect 2,0.3526,,5.727,0.397,3055.597,13.327,,,-563.827,420.417,-2973.554,KAD_FIGO,Peter,Pomacentridae,Chromis,margaritifer,37372047,1,AD,Passing,,
GX010037_L.MP4,30567,16.9986,KAD_FIGO_Transect 2,0.3648,,12.467,2.253,5054.909,29.401,,,-2361.369,760.427,-4404.293,KAD_FIGO,Peter,Chaetodontidae,Forcipiger,flavissimus,37365068,1,AD,Passing,,
GX010037_L.MP4,30571,17.0009,KAD_FIGO_Transect 2,0.367,257.622,10.898,2.869,2880.757,26.314,80.077,0.845,-1243.372,291.207,-2582.244,KAD_FIGO,Peter,Acanthuridae,Acanthurus,lineatus,37437010,1,AD,Passing,,
GX010037_L.MP4,30571,17.0009,KAD_FIGO_Transect 2,0.367,,4.415,7.924,2824.259,23.779,,,-1105.131,273.315,-2584.652,KAD_FIGO,Peter,Pomacentridae,Chromis,margaritifer,37372047,1,AD,Passing,,
GX010037_L.MP4,30603,17.0187,KAD_FIGO_Transect 2,0.3848,,1.204,3.856,1300.825,15.297,,,-9.69,-343.789,-1254.536,KAD_FIGO,Peter,Pomacentridae,Chromis,margaritifer,37372047,1,AD,Passing,,
GX010037_L.MP4,30603,17.0187,KAD_FIGO_Transect 2,0.3848,,3.765,3.375,2429.47,8.498,,,-180.834,-311.533,-2402.618,KAD_FIGO,Peter,Pomacentridae,Chromis,margaritifer,37372047,1,AD,Passing,,
GX010037_L.MP4,30603,17.0187,KAD_FIGO_Transect 2,0.3848,,6.007,2.125,3138.095,7.63,,,-287.951,-302.988,-3110.132,KAD_FIGO,Peter,Pomacentridae,Chromis,margaritifer,37372047,1,AD,Passing,,
GX010037_L.MP4,30603,17.0187,KAD_FIGO_Transect 2,0.3848,,2.999,0.358,2164.593,13.007,,,-474.206,-112.961,-2108.988,KAD_FIGO,Peter,Pomacentridae,Chromis,margaritifer,37372047,1,AD,Passing,,
GX010037_L.MP4,30603,17.0187,KAD_FIGO_Transect 2,0.3848,,10.548,4.23,4275.191,11.525,,,-836.16,-176.926,-4188.889,KAD_FIGO,Peter,Pomacentridae,Chromis,margaritifer,37372047,1,AD,Passing,,
GX010037_L.MP4,30603,17.0187,KAD_FIGO_Transect 2,0.3848,,10.735,0.989,4383.409,15.775,,,-1191.282,-33.622,-4218.293,KAD_FIGO,Peter,Pomacentridae,Chromis,margaritifer,37372047,1,AD,Passing,,
GX010037_L.MP4,30603,17.0187,KAD_FIGO_Transect 2,0.3848,,3.495,0.108,2482.692,23.053,,,-966.764,101.058,-2284.495,KAD_FIGO,Peter,Pomacentridae,Chromis,margaritifer,37372047,1,AD,Passing,,
GX010037_L.MP4,30603,17.0187,KAD_FIGO_Transect 2,0.3848,,3.679,1.989,2575.581,24.291,,,-1049.127,146.732,-2347.641,KAD_FIGO,Peter,Pomacentridae,Chromis,margaritifer,37372047,1,AD,Passing,,
GX010037_L.MP4,30619,17.0276,KAD_FIGO_Transect 2,0.3937,,1.039,8.333,1208.394,19.511,,,-117.312,-386.828,-1138.779,KAD_FIGO,Peter,Pomacentridae,Chromis,margaritifer,37372047,1,AD,Passing,,
GX010037_L.MP4,30619,17.0276,KAD_FIGO_Transect 2,0.3937,220.714,3.863,8.984,2101.091,14.645,26.838,12.28,-135.136,-513.759,-2032.824,KAD_FIGO,Peter,Acanthuridae,Ctenochaetus,binotatus,37437021,1,AD,Passing,,
GX010037_L.MP4,30642,17.0404,KAD_FIGO_Transect 2,0.4065,,1.545,10.72,1504.52,20.296,,,-357.241,-381.25,-1410.889,KAD_FIGO,Peter,Pomacentridae,Chromis,margaritifer,37372047,1,AD,Passing,,
GX010037_L.MP4,30649,17.0442,KAD_FIGO_Transect 2,0.4104,75.287,3.975,3.174,1711.073,20.492,54.65,1.381,29.869,-598.275,-1602.793,KAD_FIGO,Peter,Pomacentridae,Plectroglyphidodon,dickii,37372098,1,AD,Passing,,
GX010037_L.MP4,30658,17.0493,KAD_FIGO_Transect 2,0.4154,,1.852,0.293,1670.808,20.569,,,83.258,-581.991,-1563.954,KAD_FIGO,Peter,Pomacentridae,Plectroglyphidodon,dickii,37372098,1,AD,Passing,,
GX010037_L.MP4,30670,17.0559,KAD_FIGO_Transect 2,0.4221,,3.516,2.268,2337.005,12.141,,,-260.978,-417.824,-2284.492,KAD_FIGO,Peter,Acanthuridae,Acanthurus,nigrofuscus,37437014,1,AD,Passing,,
GX010037_L.MP4,30684,17.0637,KAD_FIGO_Transect 2,0.4299,,2.156,0.991,1849.746,20.398,,,-644.685,5.077,-1733.758,KAD_FIGO,Peter,Pomacentridae,Chromis,margaritifer,37372047,1,AD,Passing,,
GX010037_L.MP4,30715,17.081,KAD_FIGO_Transect 2,0.4471,288.096,9.311,3.827,2619.404,25.23,82.727,7.837,-1095.356,216.313,-2369.532,KAD_FIGO,Peter,Acanthuridae,Acanthurus,lineatus,37437010,1,AD,Passing,,
GX010037_L.MP4,30773,17.1132,KAD_FIGO_Transect 2,0.4794,136.214,5.617,14.14,3000.621,10.44,14.423,10.349,-543.74,-3.5,-2950.943,KAD_FIGO,Peter,Chaetodontidae,Forcipiger,longirostris,37365069,1,AD,Passing,,
GX010037_L.MP4,30780,17.1171,KAD_FIGO_Transect 2,0.4833,261.795,5.311,10.215,2215.681,24.509,54.268,30.181,-834.981,384.246,-2016.037,KAD_FIGO,Peter,Acanthuridae,Acanthurus,sp,,1,AD,Passing,,
GX010037_L.MP4,30780,17.1171,KAD_FIGO_Transect 2,0.4833,265.502,18.966,7.751,4413.078,11.567,32.594,25.666,770.714,-434.805,-4323.448,KAD_FIGO,Peter,Scaridae,Scarus,psittacus,37386024,1,AD,Passing,,
GX010037_L.MP4,30796,17.126,KAD_FIGO_Transect 2,0.4922,227.036,12.157,8.653,2975.934,9.96,46.725,11.864,-500.33,-120.781,-2931.086,KAD_FIGO,Peter,Acanthuridae,Ctenochaetus,striatus,37437022,1,AD,Passing,,
GX010037_L.MP4,30816,17.1371,KAD_FIGO_Transect 2,0.5033,223.993,3.578,4.059,2193.797,13.407,19.015,18.399,-448.061,-240.787,-2134.012,KAD_FIGO,Peter,Acanthuridae,Acanthurus,lineatus,37437010,1,AD,Passing,may have double sampled,
GX010037_L.MP4,30816,17.1371,KAD_FIGO_Transect 2,0.5033,,13.773,0.541,5280.586,25.133,,,-2229.791,238.06,-4780.789,KAD_FIGO,Peter,Acanthuridae,Acanthurus,lineatus,37437010,1,AD,Passing,,
GX010037_L.MP4,30816,17.1371,KAD_FIGO_Transect 2,0.5033,,9.505,6.453,4286.333,22.857,,,-1664.939,-13.935,-3949.738,KAD_FIGO,Peter,Acanthuridae,Acanthurus,lineatus,37437010,1,AD,Passing,,
GX010037_L.MP4,30816,17.1371,KAD_FIGO_Transect 2,0.5033,131.29,3.943,3.469,2347.962,14.532,20.899,17.907,-188.024,-558.338,-2272.847,KAD_FIGO,Peter,Scaridae,Chlorurus,spilurus,temp_code_002,1,AD,Passing,,
GX010037_L.MP4,30816,17.1371,KAD_FIGO_Transect 2,0.5033,222.631,15.422,4.938,4167.486,6.531,26.016,8.342,37.29,-472.567,-4140.438,KAD_FIGO,Peter,Scaridae,Scarus,globiceps,37386018,1,AD,Passing,,
GX010037_L.MP4,30816,17.1371,KAD_FIGO_Transect 2,0.5033,,5.681,2.254,3023.066,12.319,,,-274.726,-585.292,-2953.115,KAD_FIGO,Peter,Acanthuridae,Zebrasoma,scopas,37437036,1,AD,Passing,,
GX010037_L.MP4,30888,17.1772,KAD_FIGO_Transect 2,0.5433,217.364,11.71,5.437,5026.942,14.647,11.305,23,-758.565,-1019.964,-4863.579,KAD_FIGO,Peter,Acanthuridae,Ctenochaetus,striatus,37437022,1,AD,Passing,,
GX010037_L.MP4,30888,17.1772,KAD_FIGO_Transect 2,0.5433,230.734,19.031,4.908,4610.834,17.25,35.779,34.261,-937.882,-994.889,-4403.449,KAD_FIGO,Peter,Acanthuridae,Ctenochaetus,striatus,37437022,1,AD,Passing,,
GX010037_L.MP4,30888,17.1772,KAD_FIGO_Transect 2,0.5433,,12.818,0.871,4709.664,19.17,,,-1227.703,-943.09,-4447.95,KAD_FIGO,Peter,Acanthuridae,Ctenochaetus,striatus,37437022,1,AD,Passing,,
GX010037_L.MP4,30888,17.1772,KAD_FIGO_Transect 2,0.5433,,14.006,5.154,4869.399,18.42,,,-998.338,-1173.46,-4619.238,KAD_FIGO,Peter,Acanthuridae,Ctenochaetus,striatus,37437022,1,AD,Passing,,
GX010037_L.MP4,30990,17.2339,KAD_FIGO_Transect 2,0.6,,28.022,1.228,6872.68,11.842,,,734.923,-1207.676,-6725.707,KAD_FIGO,Peter,Scaridae,Chlorurus,spilurus,temp_code_002,1,AD,Passing,,
GX010037_L.MP4,31085,17.2867,KAD_FIGO_Transect 2,0.6529,,24.003,2.838,6347.799,12.402,,,997.438,-932.998,-6199.128,KAD_FIGO,Peter,Acanthuridae,Acanthurus,sp,,1,AD,Passing,,
GX010037_L.MP4,31085,17.2867,KAD_FIGO_Transect 2,0.6529,,14.244,7.762,4890.783,9.764,,,381.24,-739.431,-4819.508,KAD_FIGO,Peter,Acanthuridae,Ctenochaetus,striatus,37437022,1,AD,Passing,,
GX010037_L.MP4,31089,17.2889,KAD_FIGO_Transect 2,0.6551,142.255,9.786,8.355,2620.433,17.261,52.916,2.528,222.841,-744.92,-2502.42,KAD_FIGO,Peter,Scaridae,Chlorurus,spilurus,temp_code_002,1,AD,Passing,,
GX010037_L.MP4,31125,17.309,KAD_FIGO_Transect 2,0.6751,,23.38,4.94,6291.501,10.413,,,683.733,-912.29,-6187.343,KAD_FIGO,Peter,Acanthuridae,Ctenochaetus,striatus,37437022,1,AD,Passing,,
GX010037_L.MP4,31125,17.309,KAD_FIGO_Transect 2,0.6751,,18.94,1.588,5705.382,8.476,,,281.47,-795.745,-5642.602,KAD_FIGO,Peter,Acanthuridae,Ctenochaetus,striatus,37437022,1,AD,Passing,,
GX010037_L.MP4,31151,17.3234,KAD_FIGO_Transect 2,0.6896,,4.454,2.185,2634.665,16.093,,,424.134,-596.005,-2531.076,KAD_FIGO,Peter,Acanthuridae,Acanthurus,sp,,1,AD,Passing,,
GX010037_L.MP4,31161,17.329,KAD_FIGO_Transect 2,0.6951,223.013,8.342,2.776,2831.573,14.412,33.463,7.486,117.619,-694.894,-2742.462,KAD_FIGO,Peter,Scaridae,Scarus,frenatus,37386016,1,AD,Passing,IP,double measurement?
GX010037_L.MP4,31241,17.3735,KAD_FIGO_Transect 2,0.7396,204.032,19.269,8.494,4306.916,19.304,35.681,7.384,983.504,-1029.541,-4064.762,KAD_FIGO,Peter,Acanthuridae,Acanthurus,nigrofuscus,37437014,1,AD,Passing,,
GX010037_L.MP4,31241,17.3735,KAD_FIGO_Transect 2,0.7396,126.975,9.815,9.049,4161.623,19.752,14.769,25.938,825.84,-1138.413,-3916.773,KAD_FIGO,Peter,Acanthuridae,Zebrasoma,scopas,37437036,1,AD,Passing,,
GX010037_L.MP4,31260,17.384,KAD_FIGO_Transect 2,0.7502,275.675,25.547,1.153,4555.762,24.403,62.34,8.056,-1862.097,274.288,-4148.775,KAD_FIGO,Peter,Acanthuridae,Acanthurus,lineatus,37437010,1,AD,Passing,,
GX010037_L.MP4,31271,17.3902,KAD_FIGO_Transect 2,0.7563,,9.664,2.807,4461.253,29.231,,,-2115.288,519.115,-3893.437,KAD_FIGO,Peter,Pomacentridae,Chromis,xanthura,37372057,1,AD,Passing,,
GX010037_L.MP4,31271,17.3902,KAD_FIGO_Transect 2,0.7563,,8.386,1.314,4056.359,25.493,,,-1716.506,316.816,-3661.596,KAD_FIGO,Peter,Pomacentridae,Chromis,xanthura,37372057,1,AD,Passing,,
GX010037_L.MP4,31271,17.3902,KAD_FIGO_Transect 2,0.7563,,9.034,0.665,4152.5,23.774,,,-1629.509,381.068,-3800.361,KAD_FIGO,Peter,Pomacentridae,Chromis,xanthura,37372057,1,AD,Passing,,
GX010037_L.MP4,31271,17.3902,KAD_FIGO_Transect 2,0.7563,,9.679,1.804,4231.927,21.148,,,-1482.788,361.658,-3947.119,KAD_FIGO,Peter,Pomacentridae,Chromis,xanthura,37372057,1,AD,Passing,,
GX010037_L.MP4,31271,17.3902,KAD_FIGO_Transect 2,0.7563,,12.208,6.319,4724.86,19.938,,,-1538.609,475.544,-4441.941,KAD_FIGO,Peter,Pomacentridae,Chromis,xanthura,37372057,1,AD,Passing,,
GX010037_L.MP4,31271,17.3902,KAD_FIGO_Transect 2,0.7563,,13.725,0.752,4923.885,15.375,,,-1236.203,416.825,-4747.916,KAD_FIGO,Peter,Pomacentridae,Chromis,xanthura,37372057,1,AD,Passing,,
GX010037_L.MP4,31324,17.4196,KAD_FIGO_Transect 2,0.7858,126.09,7.209,4.707,2626.745,20.178,38.471,19.252,345.892,-837.422,-2465.537,KAD_FIGO,Peter,Scaridae,Chlorurus,spilurus,temp_code_002,1,AD,Passing,,
GX010037_L.MP4,31324,17.4196,KAD_FIGO_Transect 2,0.7858,,5.204,2.82,2889.409,21.906,,,483.088,-965.281,-2680.213,KAD_FIGO,Peter,Pomacentridae,Stegastes,lacrymatus,temp_code_006,1,AD,Passing,,
GX010037_L.MP4,31338,17.4274,KAD_FIGO_Transect 2,0.7936,192.463,11.062,7.702,3118.732,20.519,55.013,29.223,-1082.849,-149.808,-2920.87,KAD_FIGO,Peter,Acanthuridae,Ctenochaetus,striatus,37437022,1,AD,Passing,,
GX010037_L.MP4,31338,17.4274,KAD_FIGO_Transect 2,0.7936,251.539,14.369,5.345,3216.905,23.027,76.965,7.603,-1258.101,-24.019,-2960.588,KAD_FIGO,Peter,Acanthuridae,Ctenochaetus,striatus,37437022,1,AD,Passing,,
GX010037_L.MP4,31354,17.4363,KAD_FIGO_Transect 2,0.8025,,5.717,2.953,3299.643,24.724,,,-1372.243,145.137,-2997.254,KAD_FIGO,Peter,Pomacentridae,Chromis,xanthura,37372057,1,AD,Passing,,
GX010037_L.MP4,31354,17.4363,KAD_FIGO_Transect 2,0.8025,,7.494,5.94,3910.367,28.675,,,-1845.23,338.291,-3430.984,KAD_FIGO,Peter,Pomacentridae,Chromis,xanthura,37372057,1,AD,Passing,,
GX010037_L.MP4,31354,17.4363,KAD_FIGO_Transect 2,0.8025,,14.273,6.405,5040.428,12.74,,,-1111.21,-31.666,-4916.312,KAD_FIGO,Peter,Pomacentridae,Chromis,xanthura,37372057,1,AD,Passing,,
GX010037_L.MP4,31354,17.4363,KAD_FIGO_Transect 2,0.8025,,11.927,1.964,4578.856,12.208,,,-966.258,-64.666,-4475.275,KAD_FIGO,Peter,Pomacentridae,Chromis,xanthura,37372057,1,AD,Passing,,
GX010037_L.MP4,31354,17.4363,KAD_FIGO_Transect 2,0.8025,,21.411,1.417,6206.386,10.874,,,-1170.188,-42.403,-6094.923,KAD_FIGO,Peter,Pomacentridae,Chromis,xanthura,37372057,1,AD,Passing,,
GX010037_L.MP4,31354,17.4363,KAD_FIGO_Transect 2,0.8025,,12.363,4.269,4691.711,14.025,,,-1136.993,3.256,-4551.855,KAD_FIGO,Peter,Pomacentridae,Chromis,xanthura,37372057,1,AD,Passing,,
GX010037_L.MP4,31354,17.4363,KAD_FIGO_Transect 2,0.8025,,15.286,4.283,5257.053,14.737,,,-1336.5,42.969,-5084.145,KAD_FIGO,Peter,Pomacentridae,Chromis,xanthura,37372057,1,AD,Passing,,
GX010037_L.MP4,31354,17.4363,KAD_FIGO_Transect 2,0.8025,,13.429,2.334,4914.741,14.852,,,-1259.713,-7.847,-4750.552,KAD_FIGO,Peter,Pomacentridae,Chromis,xanthura,37372057,1,AD,Passing,,
GX010037_L.MP4,31354,17.4363,KAD_FIGO_Transect 2,0.8025,,13.606,1.158,4955.303,15.21,,,-1299.88,-25.058,-4781.707,KAD_FIGO,Peter,Pomacentridae,Chromis,xanthura,37372057,1,AD,Passing,,
GX010037_L.MP4,31354,17.4363,KAD_FIGO_Transect 2,0.8025,,13.448,0.735,4928.563,15.633,,,-1323.134,112.378,-4746.306,KAD_FIGO,Peter,Pomacentridae,Chromis,xanthura,37372057,1,AD,Passing,,
GX010037_L.MP4,31354,17.4363,KAD_FIGO_Transect 2,0.8025,,13.903,1.952,5074.965,18.205,,,-1578.447,146.692,-4821.022,KAD_FIGO,Peter,Pomacentridae,Chromis,xanthura,37372057,1,AD,Passing,,
GX010037_L.MP4,31354,17.4363,KAD_FIGO_Transect 2,0.8025,,17.04,3.264,5630.835,17.63,,,-1700.772,121.983,-5366.451,KAD_FIGO,Peter,Pomacentridae,Chromis,xanthura,37372057,1,AD,Passing,,
GX010037_L.MP4,31354,17.4363,KAD_FIGO_Transect 2,0.8025,,8.857,1.102,4035.834,19.568,,,-1349.97,66.417,-3802.778,KAD_FIGO,Peter,Pomacentridae,Chromis,xanthura,37372057,1,AD,Passing,,
GX010037_L.MP4,31354,17.4363,KAD_FIGO_Transect 2,0.8025,,12.924,5.122,4886.091,18.044,,,-1511.683,70.14,-4645.835,KAD_FIGO,Peter,Pomacentridae,Chromis,xanthura,37372057,1,AD,Passing,,
GX010037_L.MP4,31354,17.4363,KAD_FIGO_Transect 2,0.8025,,10.527,0.501,4392.199,18.305,,,-1378.514,48.687,-4169.981,KAD_FIGO,Peter,Pomacentridae,Chromis,xanthura,37372057,1,AD,Passing,,
GX010037_L.MP4,31354,17.4363,KAD_FIGO_Transect 2,0.8025,,11.388,8.108,4561.507,17.583,,,-1377.622,28.574,-4348.412,KAD_FIGO,Peter,Pomacentridae,Chromis,xanthura,37372057,1,AD,Passing,,
GX010037_L.MP4,31354,17.4363,KAD_FIGO_Transect 2,0.8025,,10.913,3.948,4505.2,19.982,,,-1524.329,213.549,-4234.104,KAD_FIGO,Peter,Pomacentridae,Chromis,xanthura,37372057,1,AD,Passing,,
GX010037_L.MP4,31354,17.4363,KAD_FIGO_Transect 2,0.8025,,11.622,4.048,4662.724,19.817,,,-1574.495,137.559,-4386.689,KAD_FIGO,Peter,Pomacentridae,Chromis,xanthura,37372057,1,AD,Passing,,
GX010037_L.MP4,31364,17.4419,KAD_FIGO_Transect 2,0.808,140.053,4.371,5.619,2642.026,16.064,18.384,17.565,-11.021,-731,-2538.861,KAD_FIGO,Peter,Scaridae,Chlorurus,spilurus,temp_code_002,1,AD,Passing,,
GX010037_L.MP4,31364,17.4419,KAD_FIGO_Transect 2,0.808,183.081,2.743,5.462,2726.423,13.729,6.213,15.993,-51.514,-645.022,-2648.523,KAD_FIGO,Peter,Scaridae,Chlorurus,spilurus,temp_code_002,1,AD,Passing,,
GX010037_L.MP4,31364,17.4419,KAD_FIGO_Transect 2,0.808,153.423,5.838,5.874,2860.557,14.784,20.421,4.926,-362.817,-633.374,-2765.861,KAD_FIGO,Peter,Scaridae,Chlorurus,spilurus,temp_code_002,1,AD,Passing,,
GX010037_L.MP4,31364,17.4419,KAD_FIGO_Transect 2,0.808,,13.023,0.308,4738.512,25.035,,,1526.978,-1302.254,-4292.548,KAD_FIGO,Peter,Scaridae,Chlorurus,spilurus,temp_code_002,1,AD,Passing,,
GX010037_L.MP4,31364,17.4419,KAD_FIGO_Transect 2,0.808,,2.224,10.755,1858.699,22.67,,,-362.236,-619.065,-1714.732,KAD_FIGO,Peter,Pomacentridae,Chromis,margaritifer,37372047,1,AD,Passing,,
GX010037_L.MP4,31364,17.4419,KAD_FIGO_Transect 2,0.808,193.335,17.808,9.364,3989.615,12.198,39.086,25.024,220.101,-813.736,-3899.541,KAD_FIGO,Peter,Acanthuridae,Ctenochaetus,striatus,37437022,1,AD,Passing,,
GX010037_L.MP4,31364,17.4419,KAD_FIGO_Transect 2,0.808,225.789,19.028,8.335,3564.66,10.337,56.503,23.784,47.202,-637.877,-3506.805,KAD_FIGO,Peter,Acanthuridae,Ctenochaetus,striatus,37437022,1,AD,Passing,,
GX010037_L.MP4,31364,17.4419,KAD_FIGO_Transect 2,0.808,,17.215,7.451,5442.216,8.719,,,99.246,-822.144,-5378.842,KAD_FIGO,Peter,Acanthuridae,Ctenochaetus,striatus,37437022,1,AD,Passing,,
GX010037_L.MP4,31364,17.4419,KAD_FIGO_Transect 2,0.808,,16.002,0.427,5285.634,6.292,,,-112.489,-571.308,-5253.464,KAD_FIGO,Peter,Acanthuridae,Ctenochaetus,striatus,37437022,1,AD,Passing,,
GX010037_L.MP4,31376,17.4485,KAD_FIGO_Transect 2,0.8147,,5.162,4.575,2872.24,14.417,,,-89.628,-711.092,-2781.381,KAD_FIGO,Peter,Pomacentridae,Chromis,margaritifer,37372047,1,AD,Passing,,
GX010037_L.MP4,31408,17.4663,KAD_FIGO_Transect 2,0.8325,251.751,8.869,6.391,2644.976,23.694,56.028,17.695,631.861,-854.71,-2422.008,KAD_FIGO,Peter,Scaridae,Chlorurus,spilurus,temp_code_002,1,AD,Passing,,
GX010037_L.MP4,31426,17.4763,KAD_FIGO_Transect 2,0.8425,165.017,4.472,7.965,4166.035,17.725,4.635,0.153,249.351,-1243.612,-3968.262,KAD_FIGO,Peter,Scaridae,Chlorurus,spilurus,temp_code_002,1,AD,Passing,,
GX010037_L.MP4,31449,17.4891,KAD_FIGO_Transect 2,0.8553,186.662,13.335,7.107,4273.746,13.292,29.742,43.837,-715.86,-673.046,-4159.261,KAD_FIGO,Peter,Acanthuridae,Acanthurus,sp,,1,AD,Passing,may have double sampled,
GX010037_L.MP4,31449,17.4891,KAD_FIGO_Transect 2,0.8553,,12.521,3.629,4871.942,20.481,,,-1700.238,120.651,-4564.039,KAD_FIGO,Peter,Acanthuridae,Acanthurus,nigrofuscus,37437014,1,AD,Passing,,
GX010037_L.MP4,31449,17.4891,KAD_FIGO_Transect 2,0.8553,,19.141,6.857,5808.784,8.009,,,-724.788,-363.495,-5751.915,KAD_FIGO,Peter,Acanthuridae,Acanthurus,nigrofuscus,37437014,1,AD,Passing,,
GX010037_L.MP4,31449,17.4891,KAD_FIGO_Transect 2,0.8553,,13.458,6.016,4862.884,10.016,,,-843.826,-60.24,-4788.733,KAD_FIGO,Peter,Scaridae,Chlorurus,spilurus,temp_code_002,1,AD,Passing,,
GX010037_L.MP4,31449,17.4891,KAD_FIGO_Transect 2,0.8553,,16.177,0.116,5286.482,10.979,,,-852.466,-538.697,-5189.412,KAD_FIGO,Peter,Acanthuridae,Ctenochaetus,striatus,37437022,1,AD,Passing,,
GX010037_L.MP4,31492,17.5131,KAD_FIGO_Transect 2,0.8792,,7.988,3.949,3665.946,19.447,,,-873.329,-854.614,-3456.311,KAD_FIGO,Peter,Pomacanthidae,Centropyge,heraldi,37385027,1,AD,Passing,,
GX010037_L.MP4,31492,17.5131,KAD_FIGO_Transect 2,0.8792,,15.995,3.021,5723.321,25.946,,,-2477.031,363.883,-5146.68,KAD_FIGO,Peter,Scaridae,Chlorurus,spilurus,temp_code_002,1,AD,Passing,,
GX010037_L.MP4,31492,17.5131,KAD_FIGO_Transect 2,0.8792,,13.653,1.919,5312.063,26.523,,,-2359.091,245.861,-4753.131,KAD_FIGO,Peter,Pomacentridae,Chromis,margaritifer,37372047,1,AD,Passing,,
GX010037_L.MP4,31492,17.5131,KAD_FIGO_Transect 2,0.8792,,13.824,2.944,5292.626,24.869,,,-2220.86,145.291,-4801.933,KAD_FIGO,Peter,Pomacentridae,Chromis,margaritifer,37372047,1,AD,Passing,,
GX010037_L.MP4,31492,17.5131,KAD_FIGO_Transect 2,0.8792,,7.724,0.948,3865.527,23.865,,,-1563.668,26.175,-3535.047,KAD_FIGO,Peter,Pomacentridae,Chromis,margaritifer,37372047,1,AD,Passing,,
GX010037_L.MP4,31492,17.5131,KAD_FIGO_Transect 2,0.8792,,15.377,7.545,5471.645,21.578,,,-2012.094,28.295,-5088.18,KAD_FIGO,Peter,Pomacentridae,Chromis,margaritifer,37372047,1,AD,Passing,,
GX010037_L.MP4,31492,17.5131,KAD_FIGO_Transect 2,0.8792,,13.733,8.961,5144.627,21.208,,,-1860.905,-26.327,-4796.199,KAD_FIGO,Peter,Pomacentridae,Chromis,margaritifer,37372047,1,AD,Passing,,
GX010037_L.MP4,31492,17.5131,KAD_FIGO_Transect 2,0.8792,,24.741,0.526,6878.116,20.065,,,-2323.181,410.335,-6460.878,KAD_FIGO,Peter,Pomacentridae,Chromis,margaritifer,37372047,1,AD,Passing,,
GX010037_L.MP4,31492,17.5131,KAD_FIGO_Transect 2,0.8792,,28.895,2.943,7370.334,16.492,,,-2092.348,0.747,-7067.1,KAD_FIGO,Peter,Pomacentridae,Chromis,margaritifer,37372047,1,AD,Passing,,
GX010037_L.MP4,31492,17.5131,KAD_FIGO_Transect 2,0.8792,,8.496,3.443,3938.877,19.288,,,-1297.211,-102.255,-3717.733,KAD_FIGO,Peter,Pomacentridae,Chromis,margaritifer,37372047,1,AD,Passing,,
GX010037_L.MP4,31492,17.5131,KAD_FIGO_Transect 2,0.8792,,16.287,18.807,5431.735,15.423,,,-1427.996,-220.831,-5236.011,KAD_FIGO,Peter,Pomacentridae,Chromis,margaritifer,37372047,1,AD,Passing,,
GX010037_L.MP4,31492,17.5131,KAD_FIGO_Transect 2,0.8792,,12.897,3.455,4763.293,13.637,,,-1086.472,-286.996,-4628.841,KAD_FIGO,Peter,Pomacentridae,Chromis,margaritifer,37372047,1,AD,Passing,,
GX010037_L.MP4,31492,17.5131,KAD_FIGO_Transect 2,0.8792,,17.397,2.307,5520.086,11.756,,,-1037.935,-436.323,-5404.041,KAD_FIGO,Peter,Pomacentridae,Chromis,margaritifer,37372047,1,AD,Passing,,
GX010037_L.MP4,31492,17.5131,KAD_FIGO_Transect 2,0.8792,,11.423,4.889,4391.71,11.234,,,-636.555,-574.191,-4307.228,KAD_FIGO,Peter,Pomacentridae,Chromis,margaritifer,37372047,1,AD,Passing,,
GX010037_L.MP4,31492,17.5131,KAD_FIGO_Transect 2,0.8792,,6.806,2.361,3359.39,12.211,,,-607.954,-369.74,-3283.167,KAD_FIGO,Peter,Pomacentridae,Chromis,margaritifer,37372047,1,AD,Passing,,
GX010037_L.MP4,31492,17.5131,KAD_FIGO_Transect 2,0.8792,,16.254,8.218,5267.443,10.285,,,-208.618,-920.096,-5182.264,KAD_FIGO,Peter,Pomacentridae,Chromis,margaritifer,37372047,1,AD,Passing,,
GX010037_L.MP4,31492,17.5131,KAD_FIGO_Transect 2,0.8792,,12.472,4.045,4577.321,11.786,,,-188.96,-918.272,-4480.283,KAD_FIGO,Peter,Pomacentridae,Chromis,margaritifer,37372047,1,AD,Passing,,
GX010037_L.MP4,31529,17.5336,KAD_FIGO_Transect 2,0.8998,93.302,4.065,1.961,3069.491,17.484,7.836,53.26,-852.367,-351.998,-2927.686,KAD_FIGO,Peter,Labridae,Stethojulis,sp,,1,AD,Passing,,
GX010037_L.MP4,31545,17.5425,KAD_FIGO_Transect 2,0.9087,274.477,17.2,6.079,3466.572,25.571,76.021,3.929,991.1,-1120.933,-3127.036,KAD_FIGO,Peter,Acanthuridae,Acanthurus,lineatus,37437010,1,AD,Passing,,
GX010037_L.MP4,31545,17.5425,KAD_FIGO_Transect 2,0.9087,,4.792,3.361,2955.283,24.874,,,-1167.835,-427.489,-2680.879,KAD_FIGO,Peter,Pomacanthidae,Centropyge,heraldi,37385027,1,AD,Passing,,
GX010037_L.MP4,31545,17.5425,KAD_FIGO_Transect 2,0.9087,155.168,6.382,5.664,2037.974,21.506,71.156,5.855,-110.008,-738.979,-1896.087,KAD_FIGO,Peter,Scaridae,Chlorurus,spilurus,temp_code_002,1,AD,Passing,,
GX010037_L.MP4,31545,17.5425,KAD_FIGO_Transect 2,0.9087,160.952,5.84,12.881,1988.678,23.23,84.14,10.509,-578.166,-530.09,-1827.449,KAD_FIGO,Peter,Scaridae,Chlorurus,spilurus,temp_code_002,1,AD,Passing,,
GX010037_L.MP4,31567,17.5548,KAD_FIGO_Transect 2,0.9209,89.996,7.384,2.007,2713.766,20.424,35.493,0.64,151.216,-934.853,-2543.169,KAD_FIGO,Peter,Chaetodontidae,Chaetodon,pelewensis,37365049,1,AD,Passing,,
GX010037_L.MP4,31695,17.6259,KAD_FIGO_Transect 2,0.9921,217.483,13.9,5.873,3016.261,17.778,77.894,17.084,-920.828,14.1,-2872.23,KAD_FIGO,Peter,Scaridae,Chlorurus,spilurus,temp_code_002,1,AD,Passing,,
GX010037_L.MP4,31702,17.6298,KAD_FIGO_Transect 2,0.996,,1.978,4.509,1726.315,19.607,,,-403.085,-417.027,-1625.969,KAD_FIGO,Peter,Pomacentridae,Chromis,margaritifer,37372047,1,AD,Passing,,
GX010037_L.MP4,31736,17.6487,KAD_FIGO_Transect 2,1.0149,,1.781,3.538,1678.022,23.302,,,-652.434,-123.131,-1541.079,KAD_FIGO,Peter,Pomacentridae,Chromis,margaritifer,37372047,1,AD,Passing,,
GX010037_L.MP4,31781,17.6738,KAD_FIGO_Transect 2,1.0399,163.321,9.456,2.906,2361.526,15.085,71.462,1.717,-333.983,-515.907,-2280.154,KAD_FIGO,Peter,Scaridae,Chlorurus,spilurus,temp_code_002,1,AD,Passing,,
GX010037_L.MP4,31781,17.6738,KAD_FIGO_Transect 2,1.0399,169.958,7.386,2.465,2128.214,13.785,62.715,0.338,-201.765,-465.24,-2066.915,KAD_FIGO,Peter,Scaridae,Chlorurus,spilurus,temp_code_002,1,AD,Passing,,
GX010037_L.MP4,31868,17.7221,KAD_FIGO_Transect 2,1.0883,218.051,11.85,7.358,3694.689,12.13,29.673,28.921,-201.376,-749.827,-3612.192,KAD_FIGO,Peter,Acanthuridae,Acanthurus,nigrofuscus,37437014,1,AD,Passing,may have double sampled,
GX010037_L.MP4,31868,17.7221,KAD_FIGO_Transect 2,1.0883,220.875,19.984,9.258,3958.703,9.415,46.166,25.267,-456.01,-459.753,-3905.382,KAD_FIGO,Peter,Scaridae,Chlorurus,spilurus,temp_code_002,1,AD,Passing,,
GX010037_L.MP4,31868,17.7221,KAD_FIGO_Transect 2,1.0883,233.859,12.614,1.894,3187.253,20.182,50.026,0.953,-1082.553,-192.982,-2991.557,KAD_FIGO,Peter,Acanthuridae,Ctenochaetus,striatus,37437022,1,AD,Passing,may have double sampled,
GX010037_L.MP4,31868,17.7221,KAD_FIGO_Transect 2,1.0883,,6.029,2.93,3222.06,18.243,,,-948.322,-345.377,-3059.914,KAD_FIGO,Peter,Acanthuridae,Zebrasoma,scopas,37437036,1,AD,Passing,,
GX010037_L.MP4,31868,17.7221,KAD_FIGO_Transect 2,1.0883,,4.514,5.174,2829.948,22.81,,,-1043.422,-340.521,-2608.433,KAD_FIGO,Peter,Acanthuridae,Zebrasoma,scopas,37437036,1,AD,Passing,,
GX010037_L.MP4,31873,17.7249,KAD_FIGO_Transect 2,1.0911,,10.932,12.549,4260.49,23.412,,,956.259,-1399.217,-3908.904,KAD_FIGO,Peter,Scaridae,Chlorurus,spilurus,temp_code_002,1,AD,Passing,,
GX010037_L.MP4,31929,17.7561,KAD_FIGO_Transect 2,1.1222,62.299,1.799,5.505,1364.129,21.478,34.526,19.455,-59.947,-495.85,-1269.404,KAD_FIGO,Peter,Pomacentridae,Chromis,atripes,37372037,1,AD,Passing,,
GX010037_L.MP4,31929,17.7561,KAD_FIGO_Transect 2,1.1222,,4.699,2.721,2765.401,21.113,,,7.367,-997.619,-2579.175,KAD_FIGO,Peter,Pomacentridae,Chromis,margaritifer,37372047,1,AD,Passing,,
GX010037_L.MP4,31964,17.7755,KAD_FIGO_Transect 2,1.1417,207.658,20.529,3.978,4385.912,18.494,42.975,23.018,-1377.463,195.519,-4159.397,KAD_FIGO,Peter,Acanthuridae,Acanthurus,nigrofuscus,37437014,1,AD,Passing,,
GX010037_L.MP4,31980,17.7844,KAD_FIGO_Transect 2,1.1506,299.825,10.217,8.387,2924.336,24.979,67.327,22.546,-1232.653,74.237,-2650.811,KAD_FIGO,Peter,Acanthuridae,Acanthurus,lineatus,37437010,1,AD,Passing,,
GX010037_L.MP4,32084,17.8423,KAD_FIGO_Transect 2,1.2084,,8.272,2.459,3826.591,21.664,,,-1238.974,676.558,-3556.686,KAD_FIGO,Peter,Pomacentridae,Chromis,xanthura,37372057,1,AD,Passing,,
GX010037_L.MP4,32084,17.8423,KAD_FIGO_Transect 2,1.2084,,15.353,7.753,5130.689,14.84,,,-1069.402,760.706,-4960.007,KAD_FIGO,Peter,Pomacentridae,Chromis,xanthura,37372057,1,AD,Passing,,
GX010037_L.MP4,32084,17.8423,KAD_FIGO_Transect 2,1.2084,,21.66,1.13,6071.003,12.367,,,-764.445,1048.307,-5930.747,KAD_FIGO,Peter,Pomacentridae,Chromis,xanthura,37372057,1,AD,Passing,,
GX010037_L.MP4,32084,17.8423,KAD_FIGO_Transect 2,1.2084,,24.273,4.136,6495.155,8.927,,,-536.675,849.438,-6416.968,KAD_FIGO,Peter,Pomacentridae,Chromis,xanthura,37372057,1,AD,Passing,,
GX010037_L.MP4,32084,17.8423,KAD_FIGO_Transect 2,1.2084,,34.94,6.716,7743.048,12.805,,,-601.336,1602.933,-7551.41,KAD_FIGO,Peter,Pomacentridae,Chromis,xanthura,37372057,1,AD,Passing,,
GX010037_L.MP4,32084,17.8423,KAD_FIGO_Transect 2,1.2084,,7.715,16.981,3848.967,28.418,,,-1642.622,808.605,-3385.631,KAD_FIGO,Peter,Pomacentridae,Chromis,xanthura,37372057,1,AD,Passing,,
GX010037_L.MP4,32084,17.8423,KAD_FIGO_Transect 2,1.2084,,9.638,7.288,4378.659,31.746,,,-2019.337,1106.923,-3724.199,KAD_FIGO,Peter,Pomacentridae,Chromis,xanthura,37372057,1,AD,Passing,,
GX010037_L.MP4,32084,17.8423,KAD_FIGO_Transect 2,1.2084,,14.426,11.178,5405.357,28.429,,,-2434.674,830.445,-4754.01,KAD_FIGO,Peter,Pomacentridae,Chromis,xanthura,37372057,1,AD,Passing,,
GX010037_L.MP4,32084,17.8423,KAD_FIGO_Transect 2,1.2084,,9.726,9.817,4476.63,29.939,,,-2147.554,613.868,-3879.612,KAD_FIGO,Peter,Pomacentridae,Chromis,xanthura,37372057,1,AD,Passing,,
GX010037_L.MP4,32124,17.8645,KAD_FIGO_Transect 2,1.2307,244.725,7.018,2.134,3124.072,12.894,21.371,26.86,-696.057,-38.948,-3045.293,KAD_FIGO,Peter,Acanthuridae,Acanthurus,lineatus,37437010,1,AD,Passing,may have double sampled,
GX010037_L.MP4,32126,17.8656,KAD_FIGO_Transect 2,1.2318,,12.469,2.747,4600.508,22.662,,,1391.18,-1100.861,-4244.69,KAD_FIGO,Peter,Scaridae,Chlorurus,spilurus,temp_code_002,1,AD,Passing,,
GX010037_L.MP4,32126,17.8656,KAD_FIGO_Transect 2,1.2318,181.646,5.485,3.492,2237.947,19.62,47.662,36.273,393.373,-640.283,-2108.009,KAD_FIGO,Peter,Acanthuridae,Ctenochaetus,striatus,37437022,1,AD,Passing,may have double sampled,
GX010037_L.MP4,32126,17.8656,KAD_FIGO_Transect 2,1.2318,,13.729,6.145,4825.558,23.302,,,1417.497,-1281.117,-4431.191,KAD_FIGO,Peter,Scaridae,Scarus,sp,,1,AD,Passing,,
GX010037_L.MP4,32187,17.8995,KAD_FIGO_Transect 2,1.2657,102.063,7.885,10.372,2930.316,27.547,36.407,9.93,-1280.475,443.782,-2598.114,KAD_FIGO,Peter,Pomacentridae,Chromis,xanthura,37372057,1,AD,Passing,,
GX010037_L.MP4,32187,17.8995,KAD_FIGO_Transect 2,1.2657,,6.076,1.416,3325.92,22.172,,,-1220.968,289.104,-3080.162,KAD_FIGO,Peter,Pomacentridae,Chromis,xanthura,37372057,1,AD,Passing,,
GX010037_L.MP4,32204,17.909,KAD_FIGO_Transect 2,1.2752,251.876,16.617,1.735,3571.335,26.167,85.749,3.302,-1569.798,127.161,-3205.307,KAD_FIGO,Peter,Scaridae,Chlorurus,spilurus,temp_code_002,1,AD,Passing,,
GX010037_L.MP4,32204,17.909,KAD_FIGO_Transect 2,1.2752,111.819,7.193,5.018,2439.069,26.035,76.186,22.947,-1061.334,-140.294,-2191.562,KAD_FIGO,Peter,Pomacentridae,Chromis,ternatensis,37372051,1,AD,Passing,,
GX010037_L.MP4,32204,17.909,KAD_FIGO_Transect 2,1.2752,,17.836,2.258,5613.907,16.606,,,-1447.14,689.632,-5380.162,KAD_FIGO,Peter,Pomacentridae,Chromis,ternatensis,37372051,1,AD,Passing,,
GX010037_L.MP4,32204,17.909,KAD_FIGO_Transect 2,1.2752,,16.533,4.515,5430.544,16.136,,,-1423.607,498.071,-5216.903,KAD_FIGO,Peter,Pomacentridae,Chromis,ternatensis,37372051,1,AD,Passing,,
GX010037_L.MP4,32204,17.909,KAD_FIGO_Transect 2,1.2752,,7.538,3.375,3585.262,15.017,,,-870.496,322.395,-3463.004,KAD_FIGO,Peter,Pomacentridae,Chromis,xanthura,37372057,1,AD,Passing,,
GX010037_L.MP4,32204,17.909,KAD_FIGO_Transect 2,1.2752,,12.833,1.828,4772.866,1.286,,,-59.026,86.564,-4771.716,KAD_FIGO,Peter,Pomacentridae,Chromis,xanthura,37372057,1,AD,Passing,,
GX010037_L.MP4,32204,17.909,KAD_FIGO_Transect 2,1.2752,,18.279,5.27,5667.12,6.282,,,611.828,97.796,-5633.147,KAD_FIGO,Peter,Pomacentridae,Chromis,xanthura,37372057,1,AD,Passing,,
GX010037_L.MP4,32204,17.909,KAD_FIGO_Transect 2,1.2752,,14.165,0.16,4967.988,5.07,,,391.033,196.727,-4948.666,KAD_FIGO,Peter,Pomacentridae,Chromis,xanthura,37372057,1,AD,Passing,,
GX010037_L.MP4,32204,17.909,KAD_FIGO_Transect 2,1.2752,,18.429,12.289,5645.961,10.89,,,1047.941,-202.391,-5544.162,KAD_FIGO,Peter,Pomacentridae,Chromis,xanthura,37372057,1,AD,Passing,,
GX010037_L.MP4,32204,17.909,KAD_FIGO_Transect 2,1.2752,,15.849,1.675,5279.747,6.108,,,-464.397,-319.213,-5249.588,KAD_FIGO,Peter,Pomacentridae,Chromis,ternatensis,37372051,1,AD,Passing,,
GX010037_L.MP4,32204,17.909,KAD_FIGO_Transect 2,1.2752,,16.207,5.103,5359.844,4.733,,,-327.077,-300.735,-5341.396,KAD_FIGO,Peter,Pomacentridae,Chromis,ternatensis,37372051,1,AD,Passing,,
GX010037_L.MP4,32204,17.909,KAD_FIGO_Transect 2,1.2752,,17.333,16.866,5516.66,6.78,,,-512.387,-405.303,-5477.84,KAD_FIGO,Peter,Pomacentridae,Chromis,ternatensis,37372051,1,AD,Passing,,
GX010037_L.MP4,32204,17.909,KAD_FIGO_Transect 2,1.2752,,21.472,5.596,6230.484,12.247,,,-1321.02,36.802,-6088.717,KAD_FIGO,Peter,Pomacentridae,Chromis,ternatensis,37372051,1,AD,Passing,,
GX010037_L.MP4,32204,17.909,KAD_FIGO_Transect 2,1.2752,,18.229,0.363,5709.228,11.228,,,-1109.64,-70.425,-5599.913,KAD_FIGO,Peter,Pomacentridae,Chromis,ternatensis,37372051,1,AD,Passing,,
GX010037_L.MP4,32204,17.909,KAD_FIGO_Transect 2,1.2752,,22.093,7.122,6311.279,12.457,,,-1346.922,-201.836,-6162.573,KAD_FIGO,Peter,Pomacentridae,Chromis,ternatensis,37372051,1,AD,Passing,,
GX010037_L.MP4,32204,17.909,KAD_FIGO_Transect 2,1.2752,,15.806,0.616,5501.95,20.705,,,-1933.205,-218.782,-5146.485,KAD_FIGO,Peter,Pomacentridae,Chromis,xanthura,37372057,1,AD,Passing,,
GX010037_L.MP4,32204,17.909,KAD_FIGO_Transect 2,1.2752,,15.742,2.25,5495.044,20.713,,,-1934.765,-187.794,-5139.74,KAD_FIGO,Peter,Pomacentridae,Chromis,xanthura,37372057,1,AD,Passing,,
GX010037_L.MP4,32204,17.909,KAD_FIGO_Transect 2,1.2752,,17.91,4.598,5830.579,19.861,,,-1960.827,-284.153,-5483.618,KAD_FIGO,Peter,Pomacentridae,Chromis,xanthura,37372057,1,AD,Passing,,
GX010037_L.MP4,32204,17.909,KAD_FIGO_Transect 2,1.2752,,16.08,0.176,5507.464,19.965,,,-1853.499,-320.816,-5176.27,KAD_FIGO,Peter,Pomacentridae,Chromis,xanthura,37372057,1,AD,Passing,,
GX010037_L.MP4,32204,17.909,KAD_FIGO_Transect 2,1.2752,,20.961,8.61,6253.51,19.282,,,-1999.936,-517.824,-5902.415,KAD_FIGO,Peter,Pomacentridae,Chromis,xanthura,37372057,1,AD,Passing,,
GX010037_L.MP4,32204,17.909,KAD_FIGO_Transect 2,1.2752,,26.439,6.98,7099.013,20.294,,,-2402.894,-541.155,-6658.021,KAD_FIGO,Peter,Pomacentridae,Chromis,xanthura,37372057,1,AD,Passing,,
GX010037_L.MP4,32204,17.909,KAD_FIGO_Transect 2,1.2752,,20.68,4.056,6268.282,20.251,,,-2126.734,-432.872,-5880.559,KAD_FIGO,Peter,Pomacentridae,Chromis,xanthura,37372057,1,AD,Passing,,
GX010037_L.MP4,32204,17.909,KAD_FIGO_Transect 2,1.2752,,18.395,6.68,5799.746,16.929,,,-1649.097,-367.16,-5548.218,KAD_FIGO,Peter,Pomacentridae,Chromis,xanthura,37372057,1,AD,Passing,,
GX010037_L.MP4,32204,17.909,KAD_FIGO_Transect 2,1.2752,,16.946,3.48,5532.566,17.04,,,-1549.782,-479.326,-5289.396,KAD_FIGO,Peter,Pomacentridae,Chromis,xanthura,37372057,1,AD,Passing,,
GX010037_L.MP4,32204,17.909,KAD_FIGO_Transect 2,1.2752,,12.324,6.709,4959.061,24.167,,,-2026.529,-125.079,-4524.358,KAD_FIGO,Peter,Pomacentridae,Chromis,xanthura,37372057,1,AD,Passing,,
GX010037_L.MP4,32204,17.909,KAD_FIGO_Transect 2,1.2752,,18.823,0.54,6129.659,23.22,,,-2404.723,-243.257,-5633.015,KAD_FIGO,Peter,Pomacentridae,Chromis,xanthura,37372057,1,AD,Passing,,
GX010037_L.MP4,32237,17.9274,KAD_FIGO_Transect 2,1.2935,214.503,17.96,8.824,3755.2,26.785,83.974,5.951,-1659.939,329.149,-3352.281,KAD_FIGO,Peter,Scaridae,Chlorurus,spilurus,temp_code_002,1,AD,Passing,,
GX010037_L.MP4,32237,17.9274,KAD_FIGO_Transect 2,1.2935,286.437,24.158,3.99,6266.974,7.12,17.778,13.458,244.14,-737.432,-6218.646,KAD_FIGO,Peter,Scaridae,Chlorurus,sp,,1,AD,Passing,,
GX010037_L.MP4,32237,17.9274,KAD_FIGO_Transect 2,1.2935,,23.567,0.376,6533.538,3.885,,,-170.52,-412.321,-6518.285,KAD_FIGO,Peter,Scaridae,Chlorurus,spilurus,temp_code_002,1,AD,Passing,,
GX010037_L.MP4,32278,17.9502,KAD_FIGO_Transect 2,1.3163,167.103,6.345,8.841,3769.868,20.161,10.185,53.086,-1146.638,-611.145,-3538.873,KAD_FIGO,Peter,Acanthuridae,Acanthurus,nigrofuscus,37437014,1,AD,Passing,,
GX010037_L.MP4,32278,17.9502,KAD_FIGO_Transect 2,1.3163,132.018,5.24,10.219,4003.763,6.871,12.368,62.935,353.427,-323.312,-3975.007,KAD_FIGO,Peter,Pomacentridae,Chromis,xanthura,37372057,1,AD,Passing,,
GX010037_L.MP4,32278,17.9502,KAD_FIGO_Transect 2,1.3163,41.919,3.777,6.528,1793.683,18.729,48.312,28.88,-197.431,-541.037,-1698.705,KAD_FIGO,Peter,Pomacentridae,Chromis,atripes,37372037,1,AD,Passing,,
GX010037_L.MP4,32278,17.9502,KAD_FIGO_Transect 2,1.3163,,6.091,4.971,3125.751,19.255,,,366.016,-965.319,-2950.34,KAD_FIGO,Peter,Pomacentridae,Chromis,margaritifer,37372047,1,AD,Passing,,
GX010037_L.MP4,32278,17.9502,KAD_FIGO_Transect 2,1.3163,82.473,6.742,10.606,2194.769,21.157,63.169,21.365,127.773,-781.759,-2046.836,KAD_FIGO,Peter,Pomacentridae,Pomacentrus,spilotoceps,temp_code_012,1,AD,Passing,,
GX010037_L.MP4,32312,17.9691,KAD_FIGO_Transect 2,1.3352,98.143,4.582,4.939,3509.787,9.475,6.485,39.938,-569.215,-98.944,-3461.909,KAD_FIGO,Peter,Pomacentridae,Chromis,xanthura,37372057,1,AD,Passing,,
GX010037_L.MP4,32312,17.9691,KAD_FIGO_Transect 2,1.3352,115.091,5.328,5.054,4388.823,9.916,0.169,51.188,-754.42,-45.042,-4323.261,KAD_FIGO,Peter,Pomacentridae,Chromis,xanthura,37372057,1,AD,Passing,,
GX010037_L.MP4,32312,17.9691,KAD_FIGO_Transect 2,1.3352,128.159,3.902,4.425,4045.541,3.61,4.14,50.284,-240.582,83.74,-4037.513,KAD_FIGO,Peter,Pomacentridae,Chromis,xanthura,37372057,1,AD,Passing,,
GX010037_L.MP4,32312,17.9691,KAD_FIGO_Transect 2,1.3352,,8.47,2.706,3788.638,10.193,,,-629.867,227.459,-3728.982,KAD_FIGO,Peter,Pomacentridae,Chromis,xanthura,37372057,1,AD,Passing,,
GX010037_L.MP4,32312,17.9691,KAD_FIGO_Transect 2,1.3352,,17.371,5.451,5503.86,7.797,,,-575.745,472.208,-5453.257,KAD_FIGO,Peter,Pomacentridae,Chromis,xanthura,37372057,1,AD,Passing,,
GX010037_L.MP4,32312,17.9691,KAD_FIGO_Transect 2,1.3352,,16.54,0.431,5404.535,4.921,,,-80.79,453.353,-5384.881,KAD_FIGO,Peter,Pomacentridae,Chromis,xanthura,37372057,1,AD,Passing,,
GX010037_L.MP4,32312,17.9691,KAD_FIGO_Transect 2,1.3352,,16.959,3.543,5505.78,3.35,,,-24.224,317.609,-5496.558,KAD_FIGO,Peter,Pomacentridae,Chromis,xanthura,37372057,1,AD,Passing,,
GX010037_L.MP4,32312,17.9691,KAD_FIGO_Transect 2,1.3352,,16.248,1.894,5286.711,8.08,,,675.821,305.825,-5234.41,KAD_FIGO,Peter,Pomacentridae,Chromis,xanthura,37372057,1,AD,Passing,,
GX010037_L.MP4,32312,17.9691,KAD_FIGO_Transect 2,1.3352,,20.94,0.611,6048.753,10.17,,,1066.878,-53.705,-5953.679,KAD_FIGO,Peter,Pomacentridae,Chromis,xanthura,37372057,1,AD,Passing,,
GX010037_L.MP4,32312,17.9691,KAD_FIGO_Transect 2,1.3352,,7.636,2.567,3593.099,16.209,,,999.742,-82.601,-3450.225,KAD_FIGO,Peter,Pomacentridae,Chromis,xanthura,37372057,1,AD,Passing,,
GX010037_L.MP4,32312,17.9691,KAD_FIGO_Transect 2,1.3352,,18.56,4.619,5813.345,1.094,,,-95.632,-59.687,-5812.252,KAD_FIGO,Peter,Pomacentridae,Chromis,xanthura,37372057,1,AD,Passing,,
GX010037_L.MP4,32447,18.0441,KAD_FIGO_Transect 2,1.4103,120.516,4.664,1.619,2162.871,16.883,29.925,1.837,-627.932,16.057,-2069.651,KAD_FIGO,Peter,Pomacentridae,Chromis,xanthura,37372057,1,AD,Passing,,
GX010037_L.MP4,32447,18.0441,KAD_FIGO_Transect 2,1.4103,142.209,8.302,0.494,2570.957,2.723,38.206,7.043,-121.839,8.584,-2568.054,KAD_FIGO,Peter,Pomacentridae,Chromis,xanthura,37372057,1,AD,Passing,,
GX010037_L.MP4,32447,18.0441,KAD_FIGO_Transect 2,1.4103,120.795,7.493,4.265,3509.977,21.678,0.592,3.332,-1259.999,305.676,-3261.734,KAD_FIGO,Peter,Pomacentridae,Chromis,xanthura,37372057,1,AD,Passing,,
GX010037_L.MP4,32447,18.0441,KAD_FIGO_Transect 2,1.4103,116.634,10.843,8.197,2548.818,16.565,84.242,3.595,-696.773,206.372,-2443.029,KAD_FIGO,Peter,Pomacentridae,Chromis,xanthura,37372057,1,AD,Passing,,
GX010037_L.MP4,32447,18.0441,KAD_FIGO_Transect 2,1.4103,103.857,7.137,9.546,2414.587,23.977,63.301,21.366,-911.218,363.91,-2206.237,KAD_FIGO,Peter,Pomacentridae,Chromis,xanthura,37372057,1,AD,Passing,,
GX010037_L.MP4,32447,18.0441,KAD_FIGO_Transect 2,1.4103,125.519,9.088,3.567,3203.432,19.604,27.014,12.102,946.469,-509.323,-3017.741,KAD_FIGO,Peter,Pomacentridae,Chromis,xanthura,37372057,1,AD,Passing,,
GX010037_L.MP4,32511,18.0797,KAD_FIGO_Transect 2,1.4459,,6.261,0.005,3565.514,28.641,,,-1693.429,-232.019,-3129.115,KAD_FIGO,Peter,Chaetodontidae,Chaetodon,oxycephalus,37365048,1,AD,Passing,,
GX010037_L.MP4,32511,18.0797,KAD_FIGO_Transect 2,1.4459,120.943,10.862,7.347,4121.109,12.621,20.734,34.608,445.802,-782.401,-4021.523,KAD_FIGO,Peter,Scaridae,Chlorurus,spilurus,temp_code_002,1,AD,Passing,,
GX010037_L.MP4,32511,18.0797,KAD_FIGO_Transect 2,1.4459,,8.518,1.695,3740.371,9.27,,,339.359,-500.023,-3691.231,KAD_FIGO,Peter,Pomacentridae,Chromis,ternatensis,37372051,1,AD,Passing,,
GX010037_L.MP4,32511,18.0797,KAD_FIGO_Transect 2,1.4459,,4.548,2.854,2698.321,5.532,,,25.523,-260.425,-2685.603,KAD_FIGO,Peter,Pomacentridae,Chromis,ternatensis,37372051,1,AD,Passing,,
GX010037_L.MP4,32511,18.0797,KAD_FIGO_Transect 2,1.4459,,12.528,0.48,4566.404,10.272,,,582.782,-571.289,-4492.888,KAD_FIGO,Peter,Pomacentridae,Chromis,ternatensis,37372051,1,AD,Passing,,
GX010037_L.MP4,32511,18.0797,KAD_FIGO_Transect 2,1.4459,,5.035,5.519,2833.3,9.436,,,95.764,-456.149,-2794.699,KAD_FIGO,Peter,Pomacentridae,Chromis,xanthura,37372057,1,AD,Passing,,
GX010037_L.MP4,32511,18.0797,KAD_FIGO_Transect 2,1.4459,,6.824,9.418,3317.313,10.639,,,305.378,-532.782,-3259.978,KAD_FIGO,Peter,Pomacentridae,Chromis,xanthura,37372057,1,AD,Passing,,
GX010037_L.MP4,32511,18.0797,KAD_FIGO_Transect 2,1.4459,,6.072,2.22,3104.592,17.065,,,494.936,-766.645,-2967.454,KAD_FIGO,Peter,Pomacentridae,Chromis,ternatensis,37372051,1,AD,Passing,,
GX010037_L.MP4,32511,18.0797,KAD_FIGO_Transect 2,1.4459,,5.856,10.335,3049.6,13.292,,,315.17,-628.029,-2967.542,KAD_FIGO,Peter,Pomacentridae,Chromis,ternatensis,37372051,1,AD,Passing,,
GX010037_L.MP4,32511,18.0797,KAD_FIGO_Transect 2,1.4459,,6.712,3.592,3303.269,10.168,,,85.746,-578.68,-3251.055,KAD_FIGO,Peter,Pomacentridae,Chromis,ternatensis,37372051,1,AD,Passing,,
GX010037_L.MP4,32511,18.0797,KAD_FIGO_Transect 2,1.4459,239.188,13.989,3.482,3632.997,18.973,40.362,17.877,-1165.46,-192.043,-3435.621,KAD_FIGO,Peter,Acanthuridae,Ctenochaetus,striatus,37437022,1,AD,Passing,,
GX010037_L.MP4,32575,18.1153,KAD_FIGO_Transect 2,1.4815,,1.528,2.168,1490.174,17.086,,,10.015,-438.552,-1424.145,KAD_FIGO,Peter,Pomacentridae,Chromis,margaritifer,37372047,1,AD,Passing,,
GX010037_L.MP4,32575,18.1153,KAD_FIGO_Transect 2,1.4815,,1.456,6.42,1454.179,19.781,,,-442.865,-215.41,-1368.249,KAD_FIGO,Peter,Pomacentridae,Chromis,margaritifer,37372047,1,AD,Passing,,
GX010037_L.MP4,32611,18.1353,KAD_FIGO_Transect 2,1.5015,100.382,7.719,8.553,2471.811,11.337,44.833,21.784,-267.451,-405.66,-2423.584,KAD_FIGO,Peter,Pomacentridae,Chromis,xanthura,37372057,1,AD,Passing,,
GX010037_L.MP4,32611,18.1353,KAD_FIGO_Transect 2,1.5015,117.65,10.043,13.954,4179.011,9.068,19.854,41.452,331.687,-569.014,-4126.784,KAD_FIGO,Peter,Pomacentridae,Chromis,xanthura,37372057,1,AD,Passing,,
GX010037_L.MP4,32611,18.1353,KAD_FIGO_Transect 2,1.5015,94.334,6.281,0.59,2250.268,24.169,52.064,5.294,645.053,-657.821,-2053.018,KAD_FIGO,Peter,Pomacentridae,Chromis,ternatensis,37372051,1,AD,Passing,,
GX010037_L.MP4,32611,18.1353,KAD_FIGO_Transect 2,1.5015,,1.674,4.886,1582.542,20.664,,,65.797,-555.435,-1480.405,KAD_FIGO,Peter,Pomacentridae,Chromis,margaritifer,37372047,1,AD,Passing,,
GX010037_L.MP4,32611,18.1353,KAD_FIGO_Transect 2,1.5015,,2.28,7.367,1858.773,20.497,,,246.414,-603.428,-1740.745,KAD_FIGO,Peter,Pomacentridae,Chromis,margaritifer,37372047,1,AD,Passing,,
GX010037_L.MP4,32611,18.1353,KAD_FIGO_Transect 2,1.5015,,5.283,2.499,2895.781,18.984,,,394.287,-857.125,-2737.777,KAD_FIGO,Peter,Pomacentridae,Chromis,margaritifer,37372047,1,AD,Passing,,
GX010037_L.MP4,32611,18.1353,KAD_FIGO_Transect 2,1.5015,,2.472,2.523,1931.419,15.824,,,75.953,-522.249,-1857.92,KAD_FIGO,Peter,Pomacentridae,Chromis,margaritifer,37372047,1,AD,Passing,,
GX010037_L.MP4,32611,18.1353,KAD_FIGO_Transect 2,1.5015,,3.003,6.331,2148.718,15.756,,,18.554,-584.394,-2067.639,KAD_FIGO,Peter,Pomacentridae,Chromis,margaritifer,37372047,1,AD,Passing,,
GX010037_L.MP4,32611,18.1353,KAD_FIGO_Transect 2,1.5015,,6.46,9.13,3216.82,17.503,,,339.721,-907.681,-3067.35,KAD_FIGO,Peter,Pomacentridae,Chromis,margaritifer,37372047,1,AD,Passing,,
GX010037_L.MP4,32611,18.1353,KAD_FIGO_Transect 2,1.5015,,4.538,8.419,2698.698,17.51,,,-516.054,-628.409,-2573.278,KAD_FIGO,Peter,Pomacentridae,Chromis,margaritifer,37372047,1,AD,Passing,,
GX010037_L.MP4,32611,18.1353,KAD_FIGO_Transect 2,1.5015,,7.009,10.652,3387.899,17.229,,,-577.261,-822.684,-3235.401,KAD_FIGO,Peter,Pomacentridae,Chromis,margaritifer,37372047,1,AD,Passing,,
GX010037_L.MP4,32611,18.1353,KAD_FIGO_Transect 2,1.5015,,6.037,12.614,3202.687,21.278,,,-909.721,-725.067,-2983.939,KAD_FIGO,Peter,Pomacentridae,Chromis,margaritifer,37372047,1,AD,Passing,,
GX010037_L.MP4,32611,18.1353,KAD_FIGO_Transect 2,1.5015,,2.237,2.958,1837.303,20.893,,,318.343,-573.689,-1716.164,KAD_FIGO,Peter,Pomacentridae,Chromis,ternatensis,37372051,1,AD,Passing,,
GX010037_L.MP4,32611,18.1353,KAD_FIGO_Transect 2,1.5015,,5.6,7.217,2983.986,19.006,,,606.654,-760.826,-2820.866,KAD_FIGO,Peter,Pomacentridae,Chromis,ternatensis,37372051,1,AD,Passing,,
GX010037_L.MP4,32611,18.1353,KAD_FIGO_Transect 2,1.5015,,4.074,3.613,2587.965,25.189,,,825.743,-730.279,-2341.453,KAD_FIGO,Peter,Pomacentridae,Chromis,ternatensis,37372051,1,AD,Passing,,
GX010037_L.MP4,32611,18.1353,KAD_FIGO_Transect 2,1.5015,,3.831,4.636,2456.839,21.777,,,527.271,-744.799,-2281.078,KAD_FIGO,Peter,Pomacentridae,Chromis,ternatensis,37372051,1,AD,Passing,,
GX010037_L.MP4,32611,18.1353,KAD_FIGO_Transect 2,1.5015,,4.536,0.212,2731.794,25.167,,,821.195,-823.196,-2471.981,KAD_FIGO,Peter,Pomacentridae,Chromis,ternatensis,37372051,1,AD,Passing,,
GX010037_L.MP4,32611,18.1353,KAD_FIGO_Transect 2,1.5015,,4.878,1.769,2895.636,27.681,,,1062.174,-826.851,-2563.749,KAD_FIGO,Peter,Pomacentridae,Chromis,ternatensis,37372051,1,AD,Passing,,
GX010037_L.MP4,32611,18.1353,KAD_FIGO_Transect 2,1.5015,,4.32,1.923,2735.173,29.88,,,1006.007,-920.467,-2371.047,KAD_FIGO,Peter,Pomacentridae,Chromis,ternatensis,37372051,1,AD,Passing,,
GX010037_L.MP4,32611,18.1353,KAD_FIGO_Transect 2,1.5015,,2.448,0.957,1959.386,25.431,,,467.506,-700.609,-1769.117,KAD_FIGO,Peter,Pomacentridae,Chromis,ternatensis,37372051,1,AD,Passing,,
GX010037_L.MP4,32611,18.1353,KAD_FIGO_Transect 2,1.5015,,5.226,6.052,2868.675,13.911,,,342.209,-600.424,-2784.184,KAD_FIGO,Peter,Pomacentridae,Chromis,ternatensis,37372051,1,AD,Passing,,
GX010037_L.MP4,32611,18.1353,KAD_FIGO_Transect 2,1.5015,,5.636,9.355,2999.34,12.502,,,154.383,-632.371,-2927.851,KAD_FIGO,Peter,Pomacentridae,Chromis,ternatensis,37372051,1,AD,Passing,,
GX010037_L.MP4,32611,18.1353,KAD_FIGO_Transect 2,1.5015,,6.414,7.514,3296.827,18.749,,,-897.085,-565.925,-3121.544,KAD_FIGO,Peter,Pomacentridae,Chromis,ternatensis,37372051,1,AD,Passing,,
GX010037_L.MP4,32611,18.1353,KAD_FIGO_Transect 2,1.5015,,10.041,7.79,4205.026,20.505,,,-1266.972,-753.641,-3938.153,KAD_FIGO,Peter,Pomacentridae,Chromis,margaritifer,37372047,1,AD,Passing,,
GX010037_L.MP4,32611,18.1353,KAD_FIGO_Transect 2,1.5015,,7.366,10.836,3778.788,27.154,,,-1626.46,-575.39,-3361.963,KAD_FIGO,Peter,Pomacentridae,Chromis,margaritifer,37372047,1,AD,Passing,,
GX010037_L.MP4,32611,18.1353,KAD_FIGO_Transect 2,1.5015,,5.789,12.863,3312.285,27.271,,,-1405.264,-574.997,-2943.781,KAD_FIGO,Peter,Pomacentridae,Chromis,ternatensis,37372051,1,AD,Passing,,
GX010037_L.MP4,32611,18.1353,KAD_FIGO_Transect 2,1.5015,,8.33,11.576,3963.828,25.022,,,-1563.429,-607.489,-3591.46,KAD_FIGO,Peter,Pomacentridae,Chromis,ternatensis,37372051,1,AD,Passing,,
GX010037_L.MP4,32611,18.1353,KAD_FIGO_Transect 2,1.5015,,4.094,9.442,2535.385,10.657,,,-10.43,-470.213,-2491.379,KAD_FIGO,Peter,Pomacentridae,Pomacentrus,maafu,temp_code_005,1,AD,Passing,,
GX010037_L.MP4,32611,18.1353,KAD_FIGO_Transect 2,1.5015,,1.746,8.034,1660.57,26.153,,,-581.078,-445.918,-1490.301,KAD_FIGO,Peter,Pomacentridae,Pomacentrus,philippinus,37372123,1,AD,Passing,,
GX010037_L.MP4,32819,18.251,KAD_FIGO_Transect 2,1.6172,41.765,3.651,10.2,2240.764,22.274,25.681,42.599,-409.086,-744.322,-2073.562,KAD_FIGO,Peter,Pomacentridae,Chromis,margaritifer,37372047,1,AD,Passing,,
GX010037_L.MP4,32819,18.251,KAD_FIGO_Transect 2,1.6172,,3.25,19.355,2416.325,29.322,,,-1003.226,-628.775,-2106.373,KAD_FIGO,Peter,Pomacentridae,Chromis,margaritifer,37372047,1,AD,Passing,,
GX010037_L.MP4,32819,18.251,KAD_FIGO_Transect 2,1.6172,,2.411,14.56,1990.193,26.377,,,-649.152,-601.386,-1782.64,KAD_FIGO,Peter,Pomacentridae,Chromis,margaritifer,37372047,1,AD,Passing,,
GX010037_L.MP4,32819,18.251,KAD_FIGO_Transect 2,1.6172,,1.971,18.268,1802.15,28.54,,,-668.162,-543.996,-1582.837,KAD_FIGO,Peter,Pomacentridae,Chromis,margaritifer,37372047,1,AD,Passing,,
GX010037_L.MP4,32819,18.251,KAD_FIGO_Transect 2,1.6172,,4.093,4.841,2589.239,22.002,,,-634.894,-734.824,-2400.23,KAD_FIGO,Peter,Pomacentridae,Chromis,margaritifer,37372047,1,AD,Passing,,
GX010037_L.MP4,32819,18.251,KAD_FIGO_Transect 2,1.6172,,6.307,8.272,3286.079,24.14,,,-901.176,-998.7,-2998.132,KAD_FIGO,Peter,Pomacentridae,Chromis,margaritifer,37372047,1,AD,Passing,,
GX010037_L.MP4,32819,18.251,KAD_FIGO_Transect 2,1.6172,,8.74,11.805,3846.385,22.103,,,-125.167,-1443.97,-3562.859,KAD_FIGO,Peter,Acanthuridae,Zebrasoma,velifer,37437037,1,AD,Passing,,
GX010037_L.MP4,32850,18.2683,KAD_FIGO_Transect 2,1.6344,,3.277,5.302,2292.657,22.583,,,-270.982,-838.943,-2116.369,KAD_FIGO,Peter,Pomacentridae,Chromis,ternatensis,37372051,1,AD,Passing,,
GX010037_L.MP4,32850,18.2683,KAD_FIGO_Transect 2,1.6344,,5.291,13.241,2958.643,22.358,,,-621.122,-940.149,-2735.671,KAD_FIGO,Peter,Pomacentridae,Pomacentrus,maafu,temp_code_005,1,AD,Passing,,
GX010037_L.MP4,32850,18.2683,KAD_FIGO_Transect 2,1.6344,,4.658,0.468,2752.845,21.363,,,-479.461,-882.262,-2563.179,KAD_FIGO,Peter,Pomacentridae,Pomacentrus,maafu,temp_code_005,1,AD,Passing,,
GX010037_L.MP4,33164,18.4429,KAD_FIGO_Transect 2,1.809,,11.117,10.43,4364.115,14.595,,,1096.346,83.634,-4223.332,KAD_FIGO,Peter,Pomacentridae,Chromis,margaritifer,37372047,1,AD,Passing,,
GX010037_L.MP4,33164,18.4429,KAD_FIGO_Transect 2,1.809,,10.787,3.995,4486.826,23.339,,,1777.095,-42.314,-4119.678,KAD_FIGO,Peter,Pomacentridae,Chromis,margaritifer,37372047,1,AD,Passing,,
GX010037_L.MP4,33164,18.4429,KAD_FIGO_Transect 2,1.809,,13.443,0.555,5031.303,27.664,,,2169.43,-868.809,-4455.643,KAD_FIGO,Peter,Pomacentridae,Chromis,ternatensis,37372051,1,AD,Passing,,
GX010037_L.MP4,33164,18.4429,KAD_FIGO_Transect 2,1.809,,10.689,6.496,4597.646,32.187,,,2272.329,-915.901,-3890.5,KAD_FIGO,Peter,Pomacentridae,Chromis,ternatensis,37372051,1,AD,Passing,,
GX010037_L.MP4,33164,18.4429,KAD_FIGO_Transect 2,1.809,,10.347,0.769,4422.485,29.144,,,1972.873,-866.272,-3862.087,KAD_FIGO,Peter,Pomacentridae,Chromis,ternatensis,37372051,1,AD,Passing,,
GX010037_L.MP4,33164,18.4429,KAD_FIGO_Transect 2,1.809,,13.646,1.927,5202.848,29.576,,,2478.812,-673.572,-4524.535,KAD_FIGO,Peter,Pomacentridae,Chromis,ternatensis,37372051,1,AD,Passing,,
GX010037_L.MP4,33164,18.4429,KAD_FIGO_Transect 2,1.809,,14.097,8.053,5168.73,26.284,,,2201.436,-629.235,-4633.952,KAD_FIGO,Peter,Pomacentridae,Chromis,ternatensis,37372051,1,AD,Passing,,
GX010037_L.MP4,33164,18.4429,KAD_FIGO_Transect 2,1.809,,16.505,5.414,5343.323,10.704,,,991.648,-43.197,-5250.321,KAD_FIGO,Peter,Pomacentridae,Chromis,ternatensis,37372051,1,AD,Passing,,
GX010037_L.MP4,33164,18.4429,KAD_FIGO_Transect 2,1.809,,17.255,9.766,5459.96,10.971,,,1026.528,-164.415,-5360.072,KAD_FIGO,Peter,Pomacentridae,Chromis,ternatensis,37372051,1,AD,Passing,,
GX010037_L.MP4,33164,18.4429,KAD_FIGO_Transect 2,1.809,,14.498,7.359,4969.61,12.587,,,1038.491,-310.134,-4849.987,KAD_FIGO,Peter,Pomacentridae,Chromis,ternatensis,37372051,1,AD,Passing,,
GX010037_L.MP4,33164,18.4429,KAD_FIGO_Transect 2,1.809,,18.787,7.462,5696.793,14.058,,,1337.703,-357.453,-5525.959,KAD_FIGO,Peter,Pomacentridae,Chromis,ternatensis,37372051,1,AD,Passing,,
GX010037_L.MP4,33164,18.4429,KAD_FIGO_Transect 2,1.809,,15.571,5.085,5189.72,14.971,,,1312.803,-274.931,-5013.397,KAD_FIGO,Peter,Pomacentridae,Chromis,ternatensis,37372051,1,AD,Passing,,
GX010037_L.MP4,33164,18.4429,KAD_FIGO_Transect 2,1.809,,19.738,9.017,5900.37,15.3,,,1551.982,-127.666,-5691.171,KAD_FIGO,Peter,Pomacentridae,Chromis,ternatensis,37372051,1,AD,Passing,,
GX010037_L.MP4,33164,18.4429,KAD_FIGO_Transect 2,1.809,,18.401,12.504,5729.873,18.727,,,1805.964,-353.552,-5426.319,KAD_FIGO,Peter,Pomacentridae,Chromis,ternatensis,37372051,1,AD,Passing,,
GX010037_L.MP4,33164,18.4429,KAD_FIGO_Transect 2,1.809,,13.328,0.323,4820.749,19.088,,,1504.664,-473.025,-4555.42,KAD_FIGO,Peter,Pomacentridae,Chromis,ternatensis,37372051,1,AD,Passing,,
GX010037_L.MP4,33164,18.4429,KAD_FIGO_Transect 2,1.809,,15.096,6.713,5090.034,8.129,,,669.808,-266.465,-5038.73,KAD_FIGO,Peter,Pomacentridae,Chromis,ternatensis,37372051,1,AD,Passing,,
GX010037_L.MP4,33164,18.4429,KAD_FIGO_Transect 2,1.809,,18.391,7.423,5706.398,5.128,,,509.783,-20.169,-5683.546,KAD_FIGO,Peter,Pomacentridae,Chromis,ternatensis,37372051,1,AD,Passing,,
GX010037_L.MP4,33164,18.4429,KAD_FIGO_Transect 2,1.809,,22.729,5.529,6392.005,4.073,,,393.211,223.305,-6375.99,KAD_FIGO,Peter,Pomacentridae,Chromis,ternatensis,37372051,1,AD,Passing,,
GX010037_L.MP4,33164,18.4429,KAD_FIGO_Transect 2,1.809,,16.626,4.8,5432.369,7.913,,,-747.893,1.369,-5380.64,KAD_FIGO,Peter,Pomacentridae,Chromis,ternatensis,37372051,1,AD,Passing,,
GX010037_L.MP4,33164,18.4429,KAD_FIGO_Transect 2,1.809,,20.823,4.041,6081.821,9.201,,,-929.573,282.077,-6003.739,KAD_FIGO,Peter,Pomacentridae,Chromis,ternatensis,37372051,1,AD,Passing,,
GX010037_L.MP4,33164,18.4429,KAD_FIGO_Transect 2,1.809,,16.116,6.082,5336.197,5.128,,,-341.019,330.311,-5315.035,KAD_FIGO,Peter,Pomacentridae,Chromis,margaritifer,37372047,1,AD,Passing,,
GX010037_L.MP4,33164,18.4429,KAD_FIGO_Transect 2,1.809,,17.972,1.703,5704.452,2.495,,,-240.871,-63.618,-5699.009,KAD_FIGO,Peter,Pomacentridae,Chromis,ternatensis,37372051,1,AD,Passing,,
GX010037_L.MP4,33164,18.4429,KAD_FIGO_Transect 2,1.809,,17.335,4.549,5581.542,20.211,,,1881.313,-426.143,-5237.622,KAD_FIGO,Peter,Pomacentridae,Chromis,ternatensis,37372051,1,AD,Passing,,
GX010037_L.MP4,33185,18.4545,KAD_FIGO_Transect 2,1.8207,230.1,18.999,4.797,4863.655,15.989,25.24,11.054,-874.809,-1014.624,-4675.509,KAD_FIGO,Peter,Scaridae,Scarus,globiceps,37386018,1,AD,Passing,,
GX010037_L.MP4,33212,18.4696,KAD_FIGO_Transect 2,1.8357,,10.121,1.305,4220.809,27,,,1525.259,-1162.093,-3760.1,KAD_FIGO,Peter,Pomacentridae,Chromis,margaritifer,37372047,1,AD,Passing,,
GX010037_L.MP4,33212,18.4696,KAD_FIGO_Transect 2,1.8357,,8.438,6.571,3750.902,23.888,,,1034.696,-1113.971,-3428.956,KAD_FIGO,Peter,Pomacentridae,Chromis,margaritifer,37372047,1,AD,Passing,,
GX010037_L.MP4,33212,18.4696,KAD_FIGO_Transect 2,1.8357,,8.341,4.438,3741.228,25.368,,,1011.428,-1245.403,-3379.759,KAD_FIGO,Peter,Pomacentridae,Chromis,margaritifer,37372047,1,AD,Passing,,
GX010037_L.MP4,33212,18.4696,KAD_FIGO_Transect 2,1.8357,,8.635,4.179,3788.87,24.008,,,975.129,-1195.941,-3460.403,KAD_FIGO,Peter,Pomacentridae,Chromis,margaritifer,37372047,1,AD,Passing,,
GX010037_L.MP4,33212,18.4696,KAD_FIGO_Transect 2,1.8357,,10.539,8.123,4163.188,20.564,,,993.625,-1075.197,-3897.28,KAD_FIGO,Peter,Pomacentridae,Chromis,margaritifer,37372047,1,AD,Passing,,
GX010037_L.MP4,33212,18.4696,KAD_FIGO_Transect 2,1.8357,,10.71,5.672,4170.211,15.677,,,678.887,-901.782,-4014.544,KAD_FIGO,Peter,Pomacentridae,Chromis,margaritifer,37372047,1,AD,Passing,,
GX010037_L.MP4,33212,18.4696,KAD_FIGO_Transect 2,1.8357,,12.187,6.721,4464.71,15.19,,,809.93,-846.634,-4308.232,KAD_FIGO,Peter,Pomacentridae,Chromis,margaritifer,37372047,1,AD,Passing,,
GX010037_L.MP4,33212,18.4696,KAD_FIGO_Transect 2,1.8357,,12.678,1.953,4677.996,23.581,,,1541.441,-1063.708,-4286.739,KAD_FIGO,Peter,Pomacentridae,Chromis,margaritifer,37372047,1,AD,Passing,,
GX010037_L.MP4,33212,18.4696,KAD_FIGO_Transect 2,1.8357,,24.026,10.599,6576.49,25.042,,,2434.33,-1353.784,-5957.476,KAD_FIGO,Peter,Pomacentridae,Chromis,margaritifer,37372047,1,AD,Passing,,
GX010037_L.MP4,33212,18.4696,KAD_FIGO_Transect 2,1.8357,,7.877,5.767,3777.902,26.518,,,1547.107,-673.949,-3380.059,KAD_FIGO,Peter,Pomacentridae,Chromis,ternatensis,37372051,1,AD,Passing,,
GX010037_L.MP4,33212,18.4696,KAD_FIGO_Transect 2,1.8357,,15.496,12.648,5185.951,21.968,,,1692.231,-951.434,-4808.868,KAD_FIGO,Peter,Pomacentridae,Chromis,margaritifer,37372047,1,AD,Passing,,
GX010037_L.MP4,33212,18.4696,KAD_FIGO_Transect 2,1.8357,,16.767,7.376,5341.401,19.602,,,1528.746,-937.92,-5031.283,KAD_FIGO,Peter,Pomacentridae,Chromis,margaritifer,37372047,1,AD,Passing,,
GX010037_L.MP4,33212,18.4696,KAD_FIGO_Transect 2,1.8357,,8.523,5.119,3765.264,21.166,,,1081.102,-826.414,-3510.764,KAD_FIGO,Peter,Pomacentridae,Chromis,ternatensis,37372051,1,AD,Passing,,
GX010037_L.MP4,33212,18.4696,KAD_FIGO_Transect 2,1.8357,,21.179,15.205,5994.979,15.269,,,1394.679,-743.275,-5782.922,KAD_FIGO,Peter,Pomacentridae,Chromis,margaritifer,37372047,1,AD,Passing,,
GX010037_L.MP4,33212,18.4696,KAD_FIGO_Transect 2,1.8357,,11.103,4.904,4273.714,17.68,,,358.076,-1249.905,-4071.136,KAD_FIGO,Peter,Pomacentridae,Chromis,margaritifer,37372047,1,AD,Passing,,
GX010037_L.MP4,33262,18.4974,KAD_FIGO_Transect 2,1.8635,,6.923,12.386,3330.718,12.596,,,439.789,-580.005,-3250.21,KAD_FIGO,Peter,Pomacentridae,Chromis,ternatensis,37372051,1,AD,Passing,,
GX010037_L.MP4,33262,18.4974,KAD_FIGO_Transect 2,1.8635,,9.07,6.237,3869.554,15.011,,,890.465,-462.135,-3737.239,KAD_FIGO,Peter,Pomacentridae,Chromis,margaritifer,37372047,1,AD,Passing,,
GX010037_L.MP4,33262,18.4974,KAD_FIGO_Transect 2,1.8635,,12.49,5.847,4581.961,14.689,,,1063.145,-471.304,-4431.925,KAD_FIGO,Peter,Pomacentridae,Chromis,margaritifer,37372047,1,AD,Passing,,
GX010037_L.MP4,33262,18.4974,KAD_FIGO_Transect 2,1.8635,,7.768,11.674,3571.14,13.579,,,769.681,-334.558,-3471.125,KAD_FIGO,Peter,Pomacentridae,Chromis,ternatensis,37372051,1,AD,Passing,,
GX010037_L.MP4,33262,18.4974,KAD_FIGO_Transect 2,1.8635,,17.43,0.205,5595.767,17.652,,,-1582.067,610.194,-5332.667,KAD_FIGO,Peter,Pomacentridae,Chromis,margaritifer,37372047,1,AD,Passing,,
GX010037_L.MP4,33262,18.4974,KAD_FIGO_Transect 2,1.8635,,29.495,4.09,7239.805,13.837,,,-1583.984,695.218,-7030.11,KAD_FIGO,Peter,Pomacentridae,Chromis,margaritifer,37372047,1,AD,Passing,,
GX010037_L.MP4,33262,18.4974,KAD_FIGO_Transect 2,1.8635,,26.738,0.134,6879.143,13.273,,,-1438.739,647.518,-6695.771,KAD_FIGO,Peter,Pomacentridae,Chromis,margaritifer,37372047,1,AD,Passing,,
GX010037_L.MP4,33262,18.4974,KAD_FIGO_Transect 2,1.8635,,21.757,7.156,6190.194,12.251,,,-1202.654,524.768,-6049.524,KAD_FIGO,Peter,Pomacentridae,Chromis,margaritifer,37372047,1,AD,Passing,,
GX010037_L.MP4,33262,18.4974,KAD_FIGO_Transect 2,1.8635,,16.983,1.054,5508.661,14.158,,,-1310.272,310.999,-5341.517,KAD_FIGO,Peter,Pomacentridae,Chromis,margaritifer,37372047,1,AD,Passing,,
GX010037_L.MP4,33262,18.4974,KAD_FIGO_Transect 2,1.8635,,12.357,1.747,4686.756,17.328,,,-1314.444,467.256,-4474.326,KAD_FIGO,Peter,Pomacentridae,Chromis,ternatensis,37372051,1,AD,Passing,,
GX010037_L.MP4,33262,18.4974,KAD_FIGO_Transect 2,1.8635,,11.896,3.874,4529.714,12.136,,,-877.463,367.418,-4428.699,KAD_FIGO,Peter,Pomacentridae,Chromis,ternatensis,37372051,1,AD,Passing,,
GX010037_L.MP4,33262,18.4974,KAD_FIGO_Transect 2,1.8635,,13.863,1.088,4921.155,10.307,,,-845.33,243.7,-4841.879,KAD_FIGO,Peter,Pomacentridae,Chromis,margaritifer,37372047,1,AD,Passing,,
GX010037_L.MP4,33262,18.4974,KAD_FIGO_Transect 2,1.8635,,15.764,0.589,5257.479,11.309,,,-976.524,327.651,-5155.592,KAD_FIGO,Peter,Pomacentridae,Chromis,margaritifer,37372047,1,AD,Passing,,
GX010037_L.MP4,33262,18.4974,KAD_FIGO_Transect 2,1.8635,,12.252,8.88,4623.912,7.424,,,-591.859,79.18,-4585.193,KAD_FIGO,Peter,Pomacentridae,Chromis,margaritifer,37372047,1,AD,Passing,,
GX010037_L.MP4,33262,18.4974,KAD_FIGO_Transect 2,1.8635,,12.722,2.094,4727.386,5.352,,,-438.123,46.993,-4706.805,KAD_FIGO,Peter,Pomacentridae,Chromis,margaritifer,37372047,1,AD,Passing,,
GX010037_L.MP4,33262,18.4974,KAD_FIGO_Transect 2,1.8635,,9.808,1.632,4106.552,6.079,,,-406.045,153.32,-4083.551,KAD_FIGO,Peter,Pomacentridae,Chromis,margaritifer,37372047,1,AD,Passing,,
GX010037_L.MP4,33262,18.4974,KAD_FIGO_Transect 2,1.8635,,10.455,4.371,4227.602,8.974,,,-590.923,290.322,-4176.02,KAD_FIGO,Peter,Pomacentridae,Chromis,ternatensis,37372051,1,AD,Passing,,
GX010037_L.MP4,33262,18.4974,KAD_FIGO_Transect 2,1.8635,,12.098,5.092,4559.947,8.747,,,-597.859,348.612,-4507.122,KAD_FIGO,Peter,Pomacentridae,Chromis,ternatensis,37372051,1,AD,Passing,,
GX010037_L.MP4,33262,18.4974,KAD_FIGO_Transect 2,1.8635,,12.594,6.611,4701.603,3.672,,,-149.651,258.593,-4692.1,KAD_FIGO,Peter,Pomacentridae,Chromis,margaritifer,37372047,1,AD,Passing,,
GX010037_L.MP4,33262,18.4974,KAD_FIGO_Transect 2,1.8635,,16.371,5.734,5335.831,7.83,,,-557.564,463.298,-5286.357,KAD_FIGO,Peter,Pomacentridae,Chromis,margaritifer,37372047,1,AD,Passing,,
GX010037_L.MP4,33262,18.4974,KAD_FIGO_Transect 2,1.8635,,14.415,2.941,4985.962,7.905,,,-477.617,489.089,-4938.875,KAD_FIGO,Peter,Pomacentridae,Chromis,margaritifer,37372047,1,AD,Passing,,
GX010037_L.MP4,33262,18.4974,KAD_FIGO_Transect 2,1.8635,,16.973,4.45,5418.117,8.229,,,-495.835,593.127,-5362.68,KAD_FIGO,Peter,Pomacentridae,Chromis,margaritifer,37372047,1,AD,Passing,,
GX010037_L.MP4,33262,18.4974,KAD_FIGO_Transect 2,1.8635,,13.445,0.267,4803.676,8.099,,,-458.738,494.763,-4756.057,KAD_FIGO,Peter,Pomacentridae,Chromis,margaritifer,37372047,1,AD,Passing,,
GX010037_L.MP4,33262,18.4974,KAD_FIGO_Transect 2,1.8635,,21.234,4.134,6064.496,9.265,,,-650.944,724.171,-5985.813,KAD_FIGO,Peter,Pomacentridae,Chromis,margaritifer,37372047,1,AD,Passing,,
GX010037_L.MP4,33262,18.4974,KAD_FIGO_Transect 2,1.8635,,16.892,6.155,5391.628,10.227,,,-738.889,605.444,-5306.33,KAD_FIGO,Peter,Pomacentridae,Chromis,margaritifer,37372047,1,AD,Passing,,
GX010037_L.MP4,33262,18.4974,KAD_FIGO_Transect 2,1.8635,,7.942,5.244,3681.051,1.968,,,-60.225,-113.312,-3678.814,KAD_FIGO,Peter,Pomacentridae,Chromis,ternatensis,37372051,1,AD,Passing,,
GX010037_L.MP4,33262,18.4974,KAD_FIGO_Transect 2,1.8635,,13.409,6.072,4806.975,6.664,,,533.375,160.64,-4774.59,KAD_FIGO,Peter,Pomacentridae,Chromis,margaritifer,37372047,1,AD,Passing,,
GX010037_L.MP4,33262,18.4974,KAD_FIGO_Transect 2,1.8635,,14.785,4.831,5037.655,7.447,,,572.286,311.461,-4995.343,KAD_FIGO,Peter,Pomacentridae,Chromis,margaritifer,37372047,1,AD,Passing,,
GX010037_L.MP4,33262,18.4974,KAD_FIGO_Transect 2,1.8635,,14.41,2.264,4937.228,8.632,,,533.927,510.965,-4881.604,KAD_FIGO,Peter,Pomacentridae,Chromis,margaritifer,37372047,1,AD,Passing,,
GX010037_L.MP4,33262,18.4974,KAD_FIGO_Transect 2,1.8635,,16.626,6.36,5312.456,8.769,,,500.522,633.686,-5250.725,KAD_FIGO,Peter,Pomacentridae,Chromis,margaritifer,37372047,1,AD,Passing,,
GX010037_L.MP4,33262,18.4974,KAD_FIGO_Transect 2,1.8635,,23.313,3.818,6358.839,8.71,,,213.518,935.249,-6286.06,KAD_FIGO,Peter,Pomacentridae,Chromis,margaritifer,37372047,1,AD,Passing,,
GX010037_L.MP4,33262,18.4974,KAD_FIGO_Transect 2,1.8635,,28.958,7.375,7017.271,10.493,,,857.28,943.649,-6900.485,KAD_FIGO,Peter,Pomacentridae,Chromis,margaritifer,37372047,1,AD,Passing,,
GX010037_L.MP4,33262,18.4974,KAD_FIGO_Transect 2,1.8635,,10.147,1.488,4173.982,4.626,,,-17.016,333.748,-4160.583,KAD_FIGO,Peter,Pomacentridae,Chromis,ternatensis,37372051,1,AD,Passing,,
GX010037_L.MP4,33262,18.4974,KAD_FIGO_Transect 2,1.8635,,9.164,2.36,3974.584,2.657,,,-101.354,151.504,-3970.402,KAD_FIGO,Peter,Pomacentridae,Chromis,ternatensis,37372051,1,AD,Passing,,
GX010037_L.MP4,33262,18.4974,KAD_FIGO_Transect 2,1.8635,,9.314,5.826,3982.754,4.398,,,238.924,187.917,-3971.138,KAD_FIGO,Peter,Pomacentridae,Chromis,ternatensis,37372051,1,AD,Passing,,
GX010037_L.MP4,33262,18.4974,KAD_FIGO_Transect 2,1.8635,,12.931,6.216,4676.944,7.92,,,412.858,492.067,-4632.625,KAD_FIGO,Peter,Pomacentridae,Chromis,ternatensis,37372051,1,AD,Passing,,
GX010037_L.MP4,33262,18.4974,KAD_FIGO_Transect 2,1.8635,,9.486,11.116,3986.282,10.383,,,704.278,139.705,-3921.087,KAD_FIGO,Peter,Pomacentridae,Chromis,ternatensis,37372051,1,AD,Passing,,
GX010037_L.MP4,33262,18.4974,KAD_FIGO_Transect 2,1.8635,,8.305,3.211,3718.159,9.775,,,628.234,-63.944,-3664.142,KAD_FIGO,Peter,Pomacentridae,Chromis,ternatensis,37372051,1,AD,Passing,,
GX010037_L.MP4,33262,18.4974,KAD_FIGO_Transect 2,1.8635,,16.379,7.968,5305.654,12.591,,,1124.496,267.474,-5178.217,KAD_FIGO,Peter,Pomacentridae,Chromis,margaritifer,37372047,1,AD,Passing,,
GX010037_L.MP4,33262,18.4974,KAD_FIGO_Transect 2,1.8635,,10.66,0.901,4308.134,3.891,,,-271.86,-110.07,-4298.138,KAD_FIGO,Peter,Pomacentridae,Chromis,margaritifer,37372047,1,AD,Passing,,
GX010037_L.MP4,33262,18.4974,KAD_FIGO_Transect 2,1.8635,,7.321,12.455,3502.815,15.158,,,915.344,-35.123,-3380.92,KAD_FIGO,Peter,Pomacentridae,Chromis,ternatensis,37372051,1,AD,Passing,,
GX010037_L.MP4,33262,18.4974,KAD_FIGO_Transect 2,1.8635,,7.693,2.592,3583.454,14.077,,,865.817,-102.051,-3475.787,KAD_FIGO,Peter,Pomacentridae,Chromis,margaritifer,37372047,1,AD,Passing,,
GX010037_L.MP4,33262,18.4974,KAD_FIGO_Transect 2,1.8635,,17.554,10.011,5637.593,18.916,,,1827.104,38.47,-5333.167,KAD_FIGO,Peter,Pomacentridae,Chromis,margaritifer,37372047,1,AD,Passing,,
GX010037_L.MP4,33262,18.4974,KAD_FIGO_Transect 2,1.8635,,9.904,6.987,4060.22,8.84,,,502.762,367.238,-4012.201,KAD_FIGO,Peter,Pomacentridae,Chromis,ternatensis,37372051,1,AD,Passing,,
GX010037_L.MP4,33262,18.4974,KAD_FIGO_Transect 2,1.8635,,30.338,6.243,7229.304,14.6,,,1671.362,722.122,-6996.28,KAD_FIGO,Peter,Pomacentridae,Chromis,margaritifer,37372047,1,AD,Passing,,
GX010037_L.MP4,33262,18.4974,KAD_FIGO_Transect 2,1.8635,,26.917,12.266,6772.14,13.493,,,1387.13,752.87,-6585.661,KAD_FIGO,Peter,Pomacentridae,Chromis,margaritifer,37372047,1,AD,Passing,,
GX010037_L.MP4,33262,18.4974,KAD_FIGO_Transect 2,1.8635,,36.327,9.729,7895.966,15.291,,,1853.623,944.461,-7616.978,KAD_FIGO,Peter,Pomacentridae,Chromis,margaritifer,37372047,1,AD,Passing,,
GX010037_L.MP4,33262,18.4974,KAD_FIGO_Transect 2,1.8635,,29.52,5.006,7145.531,16.658,,,1879.394,810.527,-6846.134,KAD_FIGO,Peter,Pomacentridae,Chromis,margaritifer,37372047,1,AD,Passing,,
GX010037_L.MP4,33262,18.4974,KAD_FIGO_Transect 2,1.8635,,26.671,8.18,6899.903,18.801,,,2147.945,571.853,-6532.073,KAD_FIGO,Peter,Pomacentridae,Chromis,margaritifer,37372047,1,AD,Passing,,
GX010037_L.MP4,33262,18.4974,KAD_FIGO_Transect 2,1.8635,,8.966,8.296,4007.06,21.382,,,1450.979,-172.439,-3731.146,KAD_FIGO,Peter,Pomacentridae,Chromis,ternatensis,37372051,1,AD,Passing,,
GX010037_L.MP4,33262,18.4974,KAD_FIGO_Transect 2,1.8635,,8.7,6.41,3952.724,22.094,,,1468.25,-235.967,-3662.32,KAD_FIGO,Peter,Pomacentridae,Chromis,margaritifer,37372047,1,AD,Passing,,
GX010037_L.MP4,33262,18.4974,KAD_FIGO_Transect 2,1.8635,,13.27,2.367,4884.896,20.377,,,1679.772,-270.054,-4579.045,KAD_FIGO,Peter,Pomacentridae,Chromis,margaritifer,37372047,1,AD,Passing,,
GX010037_L.MP4,33262,18.4974,KAD_FIGO_Transect 2,1.8635,,17.206,9.243,5759.147,24.198,,,2359.157,-87.122,-5253.053,KAD_FIGO,Peter,Pomacentridae,Chromis,margaritifer,37372047,1,AD,Passing,,
GX010037_L.MP4,33262,18.4974,KAD_FIGO_Transect 2,1.8635,,18.699,5.513,6002.674,24.282,,,2458.486,218.557,-5471.761,KAD_FIGO,Peter,Pomacentridae,Chromis,margaritifer,37372047,1,AD,Passing,,
GX010037_L.MP4,33262,18.4974,KAD_FIGO_Transect 2,1.8635,,13.294,5.671,4909.954,21.119,,,1746.966,276.31,-4580.328,KAD_FIGO,Peter,Pomacentridae,Chromis,ternatensis,37372051,1,AD,Passing,,
GX010037_L.MP4,33262,18.4974,KAD_FIGO_Transect 2,1.8635,,13.054,2.884,4851.726,21.149,,,1716.339,341.314,-4525.144,KAD_FIGO,Peter,Pomacentridae,Chromis,margaritifer,37372047,1,AD,Passing,,
GX010037_L.MP4,33262,18.4974,KAD_FIGO_Transect 2,1.8635,,9.882,9.697,4304.875,25.098,,,1796.443,324.741,-3898.626,KAD_FIGO,Peter,Pomacentridae,Chromis,ternatensis,37372051,1,AD,Passing,,
GX010037_L.MP4,33327,18.5335,KAD_FIGO_Transect 2,1.8997,,8.508,1.712,3746.34,11.644,,,-120.892,-748.556,-3668.803,KAD_FIGO,Peter,Pomacanthidae,Centropyge,heraldi,37385027,1,AD,Passing,,
GX010037_L.MP4,33327,18.5335,KAD_FIGO_Transect 2,1.8997,,5.639,11.416,3205.216,25.533,,,-1230.33,-630.144,-2891.819,KAD_FIGO,Peter,Pomacentridae,Chromis,margaritifer,37372047,1,AD,Passing,,
GX010037_L.MP4,33345,18.5435,KAD_FIGO_Transect 2,1.9097,225.176,20.904,1.464,3867.284,24.976,77.029,5.451,1474.374,-701.925,-3505.625,KAD_FIGO,Peter,Acanthuridae,Ctenochaetus,striatus,37437022,1,AD,Passing,,
GX010037_L.MP4,33430,18.5908,KAD_FIGO_Transect 2,1.957,,7.687,12.362,3940.384,29.95,,,1963.89,111.982,-3414.268,KAD_FIGO,Peter,Caesionidae,Pterocaesio,tile,37346063,1,AD,Passing,,
GX010037_L.MP4,33438,18.5952,KAD_FIGO_Transect 2,1.9614,181.005,6.138,5.503,3070.984,19.384,11.503,11.412,918.372,-442.071,-2896.914,KAD_FIGO,Peter,Acanthuridae,Acanthurus,nigrofuscus,37437014,1,AD,Passing,,
GX010037_L.MP4,33438,18.5952,KAD_FIGO_Transect 2,1.9614,,18.668,3.504,5877.986,21.494,,,2135.57,275.645,-5469.377,KAD_FIGO,Peter,Scaridae,Chlorurus,spilurus,temp_code_002,1,AD,Passing,,
GX010037_L.MP4,33438,18.5952,KAD_FIGO_Transect 2,1.9614,,7.478,6.977,3926.762,30.926,,,-1944.767,537.053,-3368.815,KAD_FIGO,Peter,Pomacentridae,Chromis,margaritifer,37372047,1,AD,Passing,,
GX010037_L.MP4,33438,18.5952,KAD_FIGO_Transect 2,1.9614,,5.032,4.286,3103.21,26.824,,,-1364.02,315.2,-2769.478,KAD_FIGO,Peter,Pomacentridae,Chromis,margaritifer,37372047,1,AD,Passing,,
GX010037_L.MP4,33438,18.5952,KAD_FIGO_Transect 2,1.9614,,6.604,1.054,3426.978,20.794,,,-1150.741,392.95,-3203.992,KAD_FIGO,Peter,Pomacentridae,Chromis,margaritifer,37372047,1,AD,Passing,,
GX010037_L.MP4,33438,18.5952,KAD_FIGO_Transect 2,1.9614,,7.992,7.011,3823.533,23.009,,,-1386.891,554.77,-3519.683,KAD_FIGO,Peter,Pomacentridae,Chromis,margaritifer,37372047,1,AD,Passing,,
GX010037_L.MP4,33438,18.5952,KAD_FIGO_Transect 2,1.9614,,11.23,0.999,4520.046,21.724,,,-1527.912,679.146,-4199.412,KAD_FIGO,Peter,Pomacentridae,Chromis,margaritifer,37372047,1,AD,Passing,,
GX010037_L.MP4,33438,18.5952,KAD_FIGO_Transect 2,1.9614,,11.601,0.453,4718.416,23.794,,,-1835.327,503.005,-4317.64,KAD_FIGO,Peter,Pomacentridae,Chromis,margaritifer,37372047,1,AD,Passing,,
GX010037_L.MP4,33438,18.5952,KAD_FIGO_Transect 2,1.9614,,4.488,0.082,2911.523,25.897,,,-1259.157,175.932,-2619.263,KAD_FIGO,Peter,Pomacentridae,Chromis,margaritifer,37372047,1,AD,Passing,,
GX010037_L.MP4,33438,18.5952,KAD_FIGO_Transect 2,1.9614,,5.364,2.75,3075.673,19.563,,,-1023.275,114.753,-2898.19,KAD_FIGO,Peter,Pomacentridae,Chromis,margaritifer,37372047,1,AD,Passing,,
GX010037_L.MP4,33438,18.5952,KAD_FIGO_Transect 2,1.9614,,4.176,5.467,2711.652,21.718,,,-987.357,-180.277,-2519.064,KAD_FIGO,Peter,Pomacentridae,Chromis,margaritifer,37372047,1,AD,Passing,,
GX010037_L.MP4,33438,18.5952,KAD_FIGO_Transect 2,1.9614,,3.014,5.346,2241.847,21.434,,,-775.454,-265.472,-2086.641,KAD_FIGO,Peter,Pomacentridae,Chromis,margaritifer,37372047,1,AD,Passing,,
GX010037_L.MP4,33438,18.5952,KAD_FIGO_Transect 2,1.9614,,3.382,1.976,2294.283,8.171,,,-246.176,-215.184,-2270.865,KAD_FIGO,Peter,Pomacentridae,Chromis,margaritifer,37372047,1,AD,Passing,,
GX010037_L.MP4,33438,18.5952,KAD_FIGO_Transect 2,1.9614,,3.109,5.164,2186.1,9.83,,,-195.567,-319.143,-2153.819,KAD_FIGO,Peter,Pomacentridae,Chromis,margaritifer,37372047,1,AD,Passing,,
GX010037_L.MP4,33438,18.5952,KAD_FIGO_Transect 2,1.9614,,3.529,1.971,2348.754,5.9,,,-72.721,-231.582,-2336.177,KAD_FIGO,Peter,Pomacentridae,Chromis,margaritifer,37372047,1,AD,Passing,,
GX010037_L.MP4,33438,18.5952,KAD_FIGO_Transect 2,1.9614,,8.785,0.862,3885.999,17.041,,,-1013.724,516.777,-3715.682,KAD_FIGO,Peter,Pomacentridae,Chromis,margaritifer,37372047,1,AD,Passing,,
GX010037_L.MP4,33438,18.5952,KAD_FIGO_Transect 2,1.9614,,6.171,2.772,3251.724,15.264,,,-854.96,42.19,-3137.032,KAD_FIGO,Peter,Pomacentridae,Chromis,margaritifer,37372047,1,AD,Passing,,
GX010037_L.MP4,33438,18.5952,KAD_FIGO_Transect 2,1.9614,,6.734,0.36,3355.096,13.201,,,-699.665,310.44,-3266.614,KAD_FIGO,Peter,Pomacentridae,Chromis,margaritifer,37372047,1,AD,Passing,,
GX010037_L.MP4,33438,18.5952,KAD_FIGO_Transect 2,1.9614,,5.098,3.694,2889.077,11.018,,,-532.465,144.449,-2835.909,KAD_FIGO,Peter,Pomacentridae,Chromis,margaritifer,37372047,1,AD,Passing,,
GX010037_L.MP4,33438,18.5952,KAD_FIGO_Transect 2,1.9614,,8.179,1.897,3695.024,12.215,,,-644.968,439.75,-3611.625,KAD_FIGO,Peter,Pomacentridae,Chromis,margaritifer,37372047,1,AD,Passing,,
GX010037_L.MP4,33438,18.5952,KAD_FIGO_Transect 2,1.9614,,12.128,2.986,4548.224,7.803,,,-290.22,542.376,-4506.433,KAD_FIGO,Peter,Pomacentridae,Chromis,margaritifer,37372047,1,AD,Passing,,
GX010037_L.MP4,33438,18.5952,KAD_FIGO_Transect 2,1.9614,,8.844,4.363,3871.776,5.477,,,-117.121,348.22,-3854.306,KAD_FIGO,Peter,Pomacentridae,Chromis,margaritifer,37372047,1,AD,Passing,,
GX010037_L.MP4,33438,18.5952,KAD_FIGO_Transect 2,1.9614,,10.328,5.816,4187.296,6.986,,,-134.204,488.843,-4156.498,KAD_FIGO,Peter,Pomacentridae,Chromis,margaritifer,37372047,1,AD,Passing,,
GX010037_L.MP4,33438,18.5952,KAD_FIGO_Transect 2,1.9614,,7.948,5.691,3662.263,4.34,,,33.203,273.002,-3651.922,KAD_FIGO,Peter,Pomacentridae,Chromis,margaritifer,37372047,1,AD,Passing,,
GX010037_L.MP4,33438,18.5952,KAD_FIGO_Transect 2,1.9614,,9.347,3.046,3994.033,4.214,,,119.805,265.628,-3983.389,KAD_FIGO,Peter,Pomacentridae,Chromis,margaritifer,37372047,1,AD,Passing,,
GX010037_L.MP4,33438,18.5952,KAD_FIGO_Transect 2,1.9614,,7.391,2.11,3519.454,6.712,,,-344.484,222.744,-3495.465,KAD_FIGO,Peter,Pomacentridae,Chromis,margaritifer,37372047,1,AD,Passing,,
GX010037_L.MP4,33438,18.5952,KAD_FIGO_Transect 2,1.9614,,8.713,2.661,3854.107,3.81,,,1.68,253.811,-3845.741,KAD_FIGO,Peter,Pomacentridae,Chromis,ternatensis,37372051,1,AD,Passing,,
GX010037_L.MP4,33438,18.5952,KAD_FIGO_Transect 2,1.9614,,8.906,7.332,3849.137,7.641,,,379.735,340.881,-3815.162,KAD_FIGO,Peter,Pomacentridae,Chromis,margaritifer,37372047,1,AD,Passing,,
GX010037_L.MP4,33438,18.5952,KAD_FIGO_Transect 2,1.9614,,6.534,2.635,3285.817,5.13,,,277.089,95.841,-3272.71,KAD_FIGO,Peter,Pomacentridae,Chromis,margaritifer,37372047,1,AD,Passing,,
GX010037_L.MP4,33438,18.5952,KAD_FIGO_Transect 2,1.9614,,4.932,1.998,2834.816,1.272,,,62.314,7.155,-2834.122,KAD_FIGO,Peter,Pomacentridae,Chromis,margaritifer,37372047,1,AD,Passing,,
GX010037_L.MP4,33438,18.5952,KAD_FIGO_Transect 2,1.9614,,15.637,4.493,5143.63,9.894,,,743.565,474.722,-5067.413,KAD_FIGO,Peter,Pomacentridae,Chromis,margaritifer,37372047,1,AD,Passing,,
GX010037_L.MP4,33438,18.5952,KAD_FIGO_Transect 2,1.9614,,10.296,3.849,4138.653,10.28,,,645.635,356.26,-4072.43,KAD_FIGO,Peter,Pomacentridae,Chromis,margaritifer,37372047,1,AD,Passing,,
GX010037_L.MP4,33438,18.5952,KAD_FIGO_Transect 2,1.9614,,13.401,3.361,4779.401,7.791,,,564.357,315.471,-4735.467,KAD_FIGO,Peter,Pomacentridae,Chromis,margaritifer,37372047,1,AD,Passing,,
GX010037_L.MP4,33438,18.5952,KAD_FIGO_Transect 2,1.9614,,19,4.384,5734.84,10.028,,,971.627,227.344,-5647.357,KAD_FIGO,Peter,Pomacentridae,Chromis,margaritifer,37372047,1,AD,Passing,,
GX010037_L.MP4,33438,18.5952,KAD_FIGO_Transect 2,1.9614,,5.35,4.547,2939.08,12.153,,,616.72,-51.685,-2873.182,KAD_FIGO,Peter,Pomacentridae,Chromis,margaritifer,37372047,1,AD,Passing,,
GX010037_L.MP4,33438,18.5952,KAD_FIGO_Transect 2,1.9614,,4.555,4.781,2692.157,6.67,,,282.923,-134.702,-2673.858,KAD_FIGO,Peter,Pomacentridae,Chromis,margaritifer,37372047,1,AD,Passing,,
GX010037_L.MP4,33438,18.5952,KAD_FIGO_Transect 2,1.9614,,4.148,6.245,2548.034,10.108,,,399.145,-203.078,-2508.37,KAD_FIGO,Peter,Pomacentridae,Chromis,margaritifer,37372047,1,AD,Passing,,
GX010037_L.MP4,33438,18.5952,KAD_FIGO_Transect 2,1.9614,,8.273,3.384,3731.876,16.959,,,1041.875,-317.489,-3569.397,KAD_FIGO,Peter,Pomacentridae,Chromis,margaritifer,37372047,1,AD,Passing,,
GX010037_L.MP4,33438,18.5952,KAD_FIGO_Transect 2,1.9614,,10.572,4.713,4228.484,14.491,,,1024.33,262.712,-4094.119,KAD_FIGO,Peter,Pomacentridae,Chromis,margaritifer,37372047,1,AD,Passing,,
GX010037_L.MP4,33438,18.5952,KAD_FIGO_Transect 2,1.9614,,17.13,8.327,5422.041,14.408,,,1284.829,408.577,-5251.743,KAD_FIGO,Peter,Pomacentridae,Chromis,margaritifer,37372047,1,AD,Passing,,
GX010037_L.MP4,33438,18.5952,KAD_FIGO_Transect 2,1.9614,,14.027,6.542,5008.174,19.589,,,1657.273,266.946,-4718.474,KAD_FIGO,Peter,Pomacentridae,Chromis,margaritifer,37372047,1,AD,Passing,,
GX010037_L.MP4,33438,18.5952,KAD_FIGO_Transect 2,1.9614,,9.289,3.442,4067.354,20.564,,,1422.07,135.102,-3808.259,KAD_FIGO,Peter,Pomacentridae,Chromis,margaritifer,37372047,1,AD,Passing,,
GX010037_L.MP4,33438,18.5952,KAD_FIGO_Transect 2,1.9614,,26.576,11.401,6935.032,17.422,,,2072.399,124.333,-6616.976,KAD_FIGO,Peter,Pomacentridae,Chromis,margaritifer,37372047,1,AD,Passing,,
GX010037_L.MP4,33438,18.5952,KAD_FIGO_Transect 2,1.9614,,26.839,4.955,7028.114,19.188,,,2307.087,110.734,-6637.731,KAD_FIGO,Peter,Pomacentridae,Chromis,margaritifer,37372047,1,AD,Passing,,
GX010037_L.MP4,33438,18.5952,KAD_FIGO_Transect 2,1.9614,,27.048,12.457,7078.926,19.696,,,2385.503,33.508,-6664.792,KAD_FIGO,Peter,Pomacentridae,Chromis,margaritifer,37372047,1,AD,Passing,,
GX010037_L.MP4,33438,18.5952,KAD_FIGO_Transect 2,1.9614,,10.371,6.907,4372.048,22.731,,,1684.955,120.319,-4032.525,KAD_FIGO,Peter,Pomacentridae,Chromis,margaritifer,37372047,1,AD,Passing,,
GX010037_L.MP4,33438,18.5952,KAD_FIGO_Transect 2,1.9614,,7.272,6.087,3770.145,28.037,,,1770.683,-73.821,-3327.645,KAD_FIGO,Peter,Pomacentridae,Chromis,margaritifer,37372047,1,AD,Passing,,
GX010037_L.MP4,33438,18.5952,KAD_FIGO_Transect 2,1.9614,,11.445,4.683,4748.348,27.015,,,2151.386,150.529,-4230.329,KAD_FIGO,Peter,Pomacentridae,Chromis,margaritifer,37372047,1,AD,Passing,,
GX010037_L.MP4,33438,18.5952,KAD_FIGO_Transect 2,1.9614,,7.277,4.743,3626.169,22.81,,,1403.734,-77.595,-3342.546,KAD_FIGO,Peter,Pomacentridae,Chromis,margaritifer,37372047,1,AD,Passing,,
GX010037_L.MP4,33438,18.5952,KAD_FIGO_Transect 2,1.9614,,19.947,16.891,5894.061,18.286,,,1733.488,-647.564,-5596.037,KAD_FIGO,Peter,Pomacentridae,Chromis,margaritifer,37372047,1,AD,Passing,,
GX010037_L.MP4,33462,18.6086,KAD_FIGO_Transect 2,1.9748,85.091,3.262,0.52,1866.956,23,30.584,0.918,452.15,-572.458,-1718.539,KAD_FIGO,Peter,Labridae,Thalassoma,sp,,1,AD,Passing,,
GX010037_L.MP4,33481,18.6192,KAD_FIGO_Transect 2,1.9853,49.47,3.87,6.913,1946.343,23.875,38.456,17.402,-782.929,-87.08,-1779.8,KAD_FIGO,Peter,Pomacentridae,Plectroglyphidodon,dickii,37372098,1,AD,Passing,,
GX010037_L.MP4,33493,18.6258,KAD_FIGO_Transect 2,1.992,92.474,3.337,6.701,1702.334,20.628,40.6,8.583,-581.494,-146.785,-1593.191,KAD_FIGO,Peter,Labridae,Coris,dorsomacula,37384093,1,AD,Passing,,
GX010037_L.MP4,33618,18.6953,KAD_FIGO_Transect 2,2.0615,86.12,7.143,3.651,2580.248,26.027,51.7,18.676,-1126.052,117.996,-2318.569,KAD_FIGO,Peter,Pomacentridae,Pomacentrus,philippinus,37372123,1,AD,Passing,,
GX010037_L.MP4,33618,18.6953,KAD_FIGO_Transect 2,2.0615,,2.703,7.56,2053.56,16.697,,,-525.509,-269.406,-1966.817,KAD_FIGO,Peter,Pomacentridae,Stegastes,lacrymatus,temp_code_006,1,AD,Passing,,
GX010037_L.MP4,33628,18.7009,KAD_FIGO_Transect 2,2.0671,178.989,4.724,5.178,2737.197,12.945,14.443,23.549,580.776,-196.611,-2667.638,KAD_FIGO,Peter,Serranidae,Cephalopholis,urodeta,37311142,1,AD,Passing,,
GX010037_L.MP4,33768,18.7788,KAD_FIGO_Transect 2,2.1449,161.736,8.885,5.74,2706.376,12.307,45.254,25.279,-554.089,-160.417,-2644.186,KAD_FIGO,Peter,Acanthuridae,Ctenochaetus,striatus,37437022,1,AD,Passing,,
GX010037_L.MP4,33768,18.7788,KAD_FIGO_Transect 2,2.1449,81.304,5.027,6.846,2156.384,9.048,35.753,25.86,294.693,-167.798,-2129.552,KAD_FIGO,Peter,Pomacentridae,Pomacentrus,brachialis,37372109,1,AD,Passing,,
GX010037_L.MP4,33768,18.7788,KAD_FIGO_Transect 2,2.1449,100.365,9.964,9.404,2820.749,4.898,38.194,1.888,-231.109,-67.848,-2810.447,KAD_FIGO,Peter,Acanthuridae,Zebrasoma,scopas,37437036,1,AD,Passing,,
GX010037_L.MP4,33812,18.8032,KAD_FIGO_Transect 2,2.1694,236.868,7.931,5.89,2278.52,14.04,57.213,7.615,-350.953,-427.071,-2210.451,KAD_FIGO,Peter,Acanthuridae,Ctenochaetus,striatus,37437022,1,AD,Passing,,
GX010037_L.MP4,33812,18.8032,KAD_FIGO_Transect 2,2.1694,93.07,7.401,4.82,2657.303,18.682,35.222,15.306,804.941,-276.761,-2517.287,KAD_FIGO,Peter,Pomacentridae,Pomacentrus,philippinus,37372123,1,AD,Passing,,
GX010037_L.MP4,46271,25.7318,KAD_FIGO_Transect 3,0.5316,,9.289,8.381,3886.76,19.611,,,815.446,-1020.429,-3660.693,KAD_FIGO,Peter,Pomacentridae,Amblyglyphidodon,aureus,37372016,1,AD,Passing,,
GX010037_L.MP4,46503,25.8608,KAD_FIGO_Transect 3,0.6607,174.057,7.063,10.769,4435.354,10.742,5.425,40.126,823.643,71.117,-4357.628,KAD_FIGO,Peter,Scaridae,Chlorurus,spilurus,temp_code_002,1,AD,Passing,,
GX010037_L.MP4,46507,25.8631,KAD_FIGO_Transect 3,0.6629,,12.858,7.381,5003.53,30.541,,,2356.525,-957.314,-4308.788,KAD_FIGO,Peter,Chaetodontidae,Forcipiger,flavissimus,37365068,1,AD,Passing,,
GX010037_L.MP4,46546,25.8847,KAD_FIGO_Transect 3,0.6846,,7.379,9.598,3749.196,27.147,,,1687.653,-281.668,-3336.01,KAD_FIGO,Peter,Pomacentridae,Dascyllus,trimaculatus,37372075,1,AD,Passing,,
GX010037_L.MP4,46692,25.9659,KAD_FIGO_Transect 3,0.7658,,15.026,5.912,5556.152,26.229,,,-2431.883,337.758,-4984.244,KAD_FIGO,Peter,Acanthuridae,Acanthurus,sp,,1,AD,Passing,,
GX010037_L.MP4,46692,25.9659,KAD_FIGO_Transect 3,0.7658,,10.371,9.639,4274.651,15.541,,,-1113.812,264.385,-4118.515,KAD_FIGO,Peter,Acanthuridae,Acanthurus,sp,,1,AD,Passing,,
GX010037_L.MP4,46692,25.9659,KAD_FIGO_Transect 3,0.7658,,20.689,10.743,6093.598,3.766,,,347.71,194.742,-6080.551,KAD_FIGO,Peter,Acanthuridae,Acanthurus,sp,,1,AD,Passing,,
GX010037_L.MP4,46692,25.9659,KAD_FIGO_Transect 3,0.7658,,22.878,10.717,6463.385,2.276,,,177.243,181.906,-6458.393,KAD_FIGO,Peter,Acanthuridae,Acanthurus,sp,,1,AD,Passing,,
GX010037_L.MP4,46692,25.9659,KAD_FIGO_Transect 3,0.7658,,24.291,10.222,6613.055,12.282,,,-1377.456,281.757,-6461.867,KAD_FIGO,Peter,Acanthuridae,Acanthurus,sp,,1,AD,Passing,,
GX010037_L.MP4,46692,25.9659,KAD_FIGO_Transect 3,0.7658,,29.53,18.642,7304.883,12.659,,,-1555.9,372.786,-7127.518,KAD_FIGO,Peter,Acanthuridae,Acanthurus,sp,,1,AD,Passing,,
GX010037_L.MP4,46692,25.9659,KAD_FIGO_Transect 3,0.7658,,9.745,10.604,4529.152,31.746,,,2380.659,-108.752,-3851.474,KAD_FIGO,Peter,Pomacentridae,Amblyglyphidodon,orbicularis,temp_code_001,1,AD,Passing,,
GX010037_L.MP4,46692,25.9659,KAD_FIGO_Transect 3,0.7658,,11.56,7.105,4855.081,30.746,,,2436.072,-478.049,-4172.389,KAD_FIGO,Peter,Scaridae,Chlorurus,spilurus,temp_code_002,1,AD,Passing,,
GX010037_L.MP4,46692,25.9659,KAD_FIGO_Transect 3,0.7658,110.006,9.492,12.87,3414.485,8.707,26.182,29.632,490.17,-163.949,-3375.138,KAD_FIGO,Peter,Pomacentridae,Dascyllus,trimaculatus,37372075,1,AD,Passing,,
GX010037_L.MP4,46692,25.9659,KAD_FIGO_Transect 3,0.7658,,9.23,8.872,4382.344,31.272,,,2270.042,-150.824,-3745.544,KAD_FIGO,Peter,Pomacentridae,Dascyllus,trimaculatus,37372075,1,AD,Passing,,
GX010037_L.MP4,46692,25.9659,KAD_FIGO_Transect 3,0.7658,,16.575,10.22,5347.846,15.149,,,-1165.646,768.008,-5162.451,KAD_FIGO,Peter,Pomacentridae,Dascyllus,trimaculatus,37372075,1,AD,Passing,,
GX010037_L.MP4,46692,25.9659,KAD_FIGO_Transect 3,0.7658,,26.008,14.949,6701.429,8.363,,,578.286,780.783,-6630.619,KAD_FIGO,Peter,Pomacentridae,Dascyllus,trimaculatus,37372075,1,AD,Passing,,
GX010037_L.MP4,46692,25.9659,KAD_FIGO_Transect 3,0.7658,,19.562,13.292,5870.114,17.006,,,1679.465,-359.445,-5613.237,KAD_FIGO,Peter,Pomacentridae,Pomacentrus,sp,,1,AD,Passing,,
GX010037_L.MP4,46692,25.9659,KAD_FIGO_Transect 3,0.7658,,15.965,12.894,5282.75,5.835,,,518.01,138.671,-5255.462,KAD_FIGO,Peter,Pomacentridae,Pomacentrus,sp,,1,AD,Passing,,
GX010037_L.MP4,46692,25.9659,KAD_FIGO_Transect 3,0.7658,129.032,9.162,2.083,3519.29,28.566,15.528,3.351,1566.458,-614.97,-3090.862,KAD_FIGO,Peter,Scaridae,Scarus,sp,,1,AD,Passing,,
GX010037_L.MP4,46710,25.976,KAD_FIGO_Transect 3,0.7758,,9.818,5.342,4252.437,26.986,,,1777.264,-753.853,-3788.966,KAD_FIGO,Peter,Pomacentridae,Chromis,margaritifer,37372047,1,AD,Passing,,
GX010037_L.MP4,46710,25.976,KAD_FIGO_Transect 3,0.7758,,12.062,8.294,4663.179,24.679,,,1789.391,-769.901,-4236.812,KAD_FIGO,Peter,Pomacentridae,Chromis,margaritifer,37372047,1,AD,Passing,,
GX010037_L.MP4,46710,25.976,KAD_FIGO_Transect 3,0.7758,,14.038,11.348,5071.868,25.284,,,2012.732,-803.642,-4585.512,KAD_FIGO,Peter,Pomacentridae,Chromis,margaritifer,37372047,1,AD,Passing,,
GX010037_L.MP4,46710,25.976,KAD_FIGO_Transect 3,0.7758,,13.497,0.244,4874.99,22.308,,,1690.248,-755.922,-4509.675,KAD_FIGO,Peter,Pomacentridae,Chromis,margaritifer,37372047,1,AD,Passing,,
GX010037_L.MP4,46710,25.976,KAD_FIGO_Transect 3,0.7758,,13.467,3.166,4863.887,21.888,,,1663.177,-724.894,-4512.845,KAD_FIGO,Peter,Pomacentridae,Chromis,margaritifer,37372047,1,AD,Passing,,
GX010037_L.MP4,46710,25.976,KAD_FIGO_Transect 3,0.7758,,16.393,9.094,5348.263,20.507,,,1716.118,-754.901,-5008.89,KAD_FIGO,Peter,Pomacentridae,Chromis,margaritifer,37372047,1,AD,Passing,,
GX010037_L.MP4,46710,25.976,KAD_FIGO_Transect 3,0.7758,,12.238,9.046,4579.943,18.649,,,1357.705,-551.666,-4339.145,KAD_FIGO,Peter,Pomacentridae,Chromis,margaritifer,37372047,1,AD,Passing,,
GX010037_L.MP4,46710,25.976,KAD_FIGO_Transect 3,0.7758,,10.144,16.295,4179.023,20.118,,,1336.206,-532.109,-3923.728,KAD_FIGO,Peter,Pomacentridae,Chromis,margaritifer,37372047,1,AD,Passing,,
GX010037_L.MP4,46710,25.976,KAD_FIGO_Transect 3,0.7758,,22.313,11.166,6238.918,13.981,,,1474.965,-314.061,-6053.92,KAD_FIGO,Peter,Pomacentridae,Chromis,margaritifer,37372047,1,AD,Passing,,
GX010037_L.MP4,46710,25.976,KAD_FIGO_Transect 3,0.7758,,15.589,8.885,5168.023,13.402,,,1157.034,-313.138,-5027.094,KAD_FIGO,Peter,Pomacentridae,Chromis,margaritifer,37372047,1,AD,Passing,,
GX010037_L.MP4,46710,25.976,KAD_FIGO_Transect 3,0.7758,,12.922,11.936,4673.159,12.395,,,948.107,-330.148,-4564.045,KAD_FIGO,Peter,Pomacentridae,Chromis,margaritifer,37372047,1,AD,Passing,,
GX010037_L.MP4,46710,25.976,KAD_FIGO_Transect 3,0.7758,,13.869,10.2,4861.226,10.86,,,886.244,-233.855,-4774.034,KAD_FIGO,Peter,Pomacentridae,Chromis,margaritifer,37372047,1,AD,Passing,,
GX010037_L.MP4,46710,25.976,KAD_FIGO_Transect 3,0.7758,,13.496,14.512,4793.045,10.061,,,806.096,-229.183,-4719.212,KAD_FIGO,Peter,Pomacentridae,Chromis,margaritifer,37372047,1,AD,Passing,,
GX010037_L.MP4,46710,25.976,KAD_FIGO_Transect 3,0.7758,,14.345,12.52,4957.999,9.452,,,797.196,-168.516,-4890.586,KAD_FIGO,Peter,Pomacentridae,Chromis,margaritifer,37372047,1,AD,Passing,,
GX010037_L.MP4,46710,25.976,KAD_FIGO_Transect 3,0.7758,,15.329,10.858,5141.428,8.315,,,727.409,-157.076,-5087.287,KAD_FIGO,Peter,Pomacentridae,Chromis,margaritifer,37372047,1,AD,Passing,,
GX010037_L.MP4,46710,25.976,KAD_FIGO_Transect 3,0.7758,,27.148,14.61,6913.028,9.356,,,1109.989,-179.898,-6820.962,KAD_FIGO,Peter,Pomacentridae,Chromis,margaritifer,37372047,1,AD,Passing,,
GX010037_L.MP4,46710,25.976,KAD_FIGO_Transect 3,0.7758,,29.501,16.849,7220.26,10.203,,,1275.109,-103.022,-7106.028,KAD_FIGO,Peter,Pomacentridae,Chromis,margaritifer,37372047,1,AD,Passing,,
GX010037_L.MP4,46710,25.976,KAD_FIGO_Transect 3,0.7758,,17.775,2.849,5580.918,6.569,,,633.371,-83.32,-5544.235,KAD_FIGO,Peter,Pomacentridae,Chromis,margaritifer,37372047,1,AD,Passing,,
GX010037_L.MP4,46710,25.976,KAD_FIGO_Transect 3,0.7758,,11.035,6.501,4340.436,5.804,,,376.174,-228.718,-4318.051,KAD_FIGO,Peter,Pomacentridae,Chromis,margaritifer,37372047,1,AD,Passing,,
GX010037_L.MP4,46710,25.976,KAD_FIGO_Transect 3,0.7758,,12.505,12.619,4609.784,7.908,,,569.89,-281.056,-4565.78,KAD_FIGO,Peter,Pomacentridae,Chromis,margaritifer,37372047,1,AD,Passing,,
GX010037_L.MP4,46710,25.976,KAD_FIGO_Transect 3,0.7758,,28.636,11.34,7178.04,5.624,,,703.155,15.499,-7143.5,KAD_FIGO,Peter,Pomacentridae,Chromis,margaritifer,37372047,1,AD,Passing,,
GX010037_L.MP4,46710,25.976,KAD_FIGO_Transect 3,0.7758,,24.384,11.513,6694.16,1.816,,,184.029,101.645,-6690.858,KAD_FIGO,Peter,Pomacentridae,Chromis,margaritifer,37372047,1,AD,Passing,,
GX010037_L.MP4,46710,25.976,KAD_FIGO_Transect 3,0.7758,,19.238,9.798,5874.433,5.838,,,-593.281,67.911,-5844.003,KAD_FIGO,Peter,Pomacentridae,Chromis,margaritifer,37372047,1,AD,Passing,,
GX010037_L.MP4,46710,25.976,KAD_FIGO_Transect 3,0.7758,,29.443,14.821,7320.505,6.918,,,-878.731,68.008,-7267.256,KAD_FIGO,Peter,Pomacentridae,Chromis,margaritifer,37372047,1,AD,Passing,,
GX010037_L.MP4,46710,25.976,KAD_FIGO_Transect 3,0.7758,,19.242,8.108,5883.914,5.104,,,-523.4,-8.566,-5860.582,KAD_FIGO,Peter,Pomacentridae,Chromis,margaritifer,37372047,1,AD,Passing,,
GX010037_L.MP4,46710,25.976,KAD_FIGO_Transect 3,0.7758,,24.336,1.347,6625.005,8.722,,,-1004.394,17.456,-6548.403,KAD_FIGO,Peter,Pomacentridae,Chromis,margaritifer,37372047,1,AD,Passing,,
GX010037_L.MP4,46710,25.976,KAD_FIGO_Transect 3,0.7758,,21.659,2.817,6237.707,9.763,,,-1057.714,6.502,-6147.372,KAD_FIGO,Peter,Pomacentridae,Chromis,margaritifer,37372047,1,AD,Passing,,
GX010037_L.MP4,46941,26.1044,KAD_FIGO_Transect 3,0.9042,113.094,9.71,4.643,3003.289,22.993,40.68,11.093,1029.23,-562.933,-2764.695,KAD_FIGO,Peter,Pomacentridae,Dascyllus,trimaculatus,37372075,1,AD,Passing,measurement of point,
GX010037_L.MP4,47041,26.16,KAD_FIGO_Transect 3,0.9598,149.334,9.536,10.48,2600.3,19.087,57.693,3.517,-586.361,-615.812,-2457.339,KAD_FIGO,Peter,Acanthuridae,Ctenochaetus,binotatus,37437021,1,AD,Passing,measurement of point,
GX010037_L.MP4,47063,26.1723,KAD_FIGO_Transect 3,0.9721,85.403,7.905,5.152,2892.597,19.156,29.469,2.616,752.799,-578.152,-2732.426,KAD_FIGO,Peter,Acanthuridae,Zebrasoma,scopas,37437036,1,AD,Passing,measurement of point,
GX010037_L.MP4,47087,26.1856,KAD_FIGO_Transect 3,0.9854,134.119,8.504,7.101,3356.79,8.085,22.194,16.047,-4.945,-472.056,-3323.428,KAD_FIGO,Peter,Acanthuridae,Zebrasoma,scopas,37437036,1,AD,Passing,measurement of point,
GX010037_L.MP4,47119,26.2034,KAD_FIGO_Transect 3,1.0032,,6.917,1.291,3405.83,24.426,,,1049.286,-941.251,-3100.439,KAD_FIGO,Peter,Holocentridae,Sargocentron,caudimaculatum,37261022,1,AD,Passing,,
GX010037_L.MP4,47124,26.2062,KAD_FIGO_Transect 3,1.006,123.894,6.721,9.162,3405.13,24.589,12.413,38.586,1100.668,-892.232,-3096.346,KAD_FIGO,Peter,Pomacentridae,Amphiprion,chrysopterus,37372021,1,AD,Passing,,
GX010037_L.MP4,47124,26.2062,KAD_FIGO_Transect 3,1.006,116.803,11.067,4.804,3124.086,22.837,56.558,34.544,849.172,-865.469,-2879.198,KAD_FIGO,Peter,Pomacentridae,Amphiprion,chrysopterus,37372021,1,AD,Passing,,
GX010037_L.MP4,47132,26.2106,KAD_FIGO_Transect 3,1.0105,,5.503,7.894,3018.555,21.947,,,-651.292,-922.858,-2799.255,KAD_FIGO,Peter,Labridae,Labropsis,australis,37384132,1,AD,Passing,,
GX010037_L.MP4,47146,26.2184,KAD_FIGO_Transect 3,1.0182,,3.882,7.04,2483.828,18.942,,,-47.064,-806.266,-2348.856,KAD_FIGO,Peter,Pomacentridae,Chrysiptera,glauca,37372062,1,AD,Passing,,
GX010037_L.MP4,47170,26.2318,KAD_FIGO_Transect 3,1.0316,,11.321,9.693,4354.805,16.117,,,1087.887,-529.688,-4183.331,KAD_FIGO,Peter,Acanthuridae,Acanthurus,sp,,1,AD,Passing,,
GX010037_L.MP4,47170,26.2318,KAD_FIGO_Transect 3,1.0316,,10.154,8.265,4327.645,22.057,,,-1528.496,-554.427,-4010.589,KAD_FIGO,Peter,Pomacentridae,Chromis,margaritifer,37372047,1,AD,Passing,,
GX010037_L.MP4,47170,26.2318,KAD_FIGO_Transect 3,1.0316,,14.264,5.427,5032.105,17.932,,,-1408.822,-647.588,-4787.268,KAD_FIGO,Peter,Pomacentridae,Chromis,margaritifer,37372047,1,AD,Passing,,
GX010037_L.MP4,47170,26.2318,KAD_FIGO_Transect 3,1.0316,101.591,5.501,12.419,2324.192,22.331,38.328,14.497,-658.626,-588.276,-2149.886,KAD_FIGO,Peter,Pomacentridae,Dascyllus,trimaculatus,37372075,1,AD,Passing,,
GX010037_L.MP4,47170,26.2318,KAD_FIGO_Transect 3,1.0316,106.86,9.866,14.136,2984.727,24.725,50.155,14.028,-1120.536,-550.322,-2711.114,KAD_FIGO,Peter,Pomacentridae,Dascyllus,trimaculatus,37372075,1,AD,Passing,,
GX010037_L.MP4,47170,26.2318,KAD_FIGO_Transect 3,1.0316,105.755,3.911,8.031,3332.069,15.678,1.771,29.249,-206.307,-876.486,-3208.098,KAD_FIGO,Peter,Pomacentridae,Dascyllus,trimaculatus,37372075,1,AD,Passing,,
GX010037_L.MP4,47170,26.2318,KAD_FIGO_Transect 3,1.0316,93.549,6.131,9.267,2756.972,17.786,25.723,10.628,227.202,-810.919,-2625.202,KAD_FIGO,Peter,Pomacentridae,Dascyllus,trimaculatus,37372075,1,AD,Passing,,
GX010037_L.MP4,47170,26.2318,KAD_FIGO_Transect 3,1.0316,,7.735,5.209,3563.602,15.041,,,-564.397,-734.624,-3441.081,KAD_FIGO,Peter,Pomacentridae,Dascyllus,trimaculatus,37372075,1,AD,Passing,,
GX010037_L.MP4,47170,26.2318,KAD_FIGO_Transect 3,1.0316,,8.67,9.505,3792.663,9.915,,,-125.713,-642.997,-3735.645,KAD_FIGO,Peter,Pomacentridae,Dascyllus,trimaculatus,37372075,1,AD,Passing,,
GX010037_L.MP4,47170,26.2318,KAD_FIGO_Transect 3,1.0316,,7.314,6.821,3447.517,16.641,,,815.242,-558.813,-3302.799,KAD_FIGO,Peter,Pomacentridae,Dascyllus,trimaculatus,37372075,1,AD,Passing,,
GX010037_L.MP4,47170,26.2318,KAD_FIGO_Transect 3,1.0316,,7.221,6.531,3590.59,26.151,,,1429.033,-681.763,-3222.639,KAD_FIGO,Peter,Pomacentridae,Dascyllus,trimaculatus,37372075,1,AD,Passing,,
GX010037_L.MP4,47170,26.2318,KAD_FIGO_Transect 3,1.0316,,12.886,14.279,4754.623,17.456,,,-1272.606,-646.57,-4535.291,KAD_FIGO,Peter,Pomacentridae,Pomacentrus,philippinus,37372123,1,AD,Passing,,
GX010037_L.MP4,47170,26.2318,KAD_FIGO_Transect 3,1.0316,140.607,6.976,7.469,3308.744,18.114,17.028,2.599,-659.574,-789.452,-3144.76,KAD_FIGO,Peter,Labridae,Thalassoma,lutescens,37384168,1,AD,Passing,,
GX010037_L.MP4,47217,26.2579,KAD_FIGO_Transect 3,1.0577,,13.684,16.149,5202.827,28.707,,,-2258.622,-1072.276,-4562.703,KAD_FIGO,Peter,Scaridae,Chlorurus,spilurus,temp_code_002,1,AD,Passing,,
GX010037_L.MP4,47217,26.2579,KAD_FIGO_Transect 3,1.0577,,9.599,1.58,3980.12,15.079,,,-486.254,-916.369,-3842.549,KAD_FIGO,Peter,Scaridae,Chlorurus,spilurus,temp_code_002,1,AD,Passing,,
GX010037_L.MP4,47217,26.2579,KAD_FIGO_Transect 3,1.0577,,11.967,13.402,4861.7,29.13,,,-2126.472,-1041.251,-4246.179,KAD_FIGO,Peter,Pomacentridae,Chromis,margaritifer,37372047,1,AD,Passing,,
GX010037_L.MP4,47217,26.2579,KAD_FIGO_Transect 3,1.0577,,9.433,13.733,4226.903,26.028,,,-1679.031,-790.428,-3797.735,KAD_FIGO,Peter,Pomacentridae,Chromis,margaritifer,37372047,1,AD,Passing,,
GX010037_L.MP4,47217,26.2579,KAD_FIGO_Transect 3,1.0577,,10.734,11.731,4515.344,26.167,,,-1787.648,-879.374,-4052.079,KAD_FIGO,Peter,Pomacentridae,Chromis,margaritifer,37372047,1,AD,Passing,,
GX010037_L.MP4,47217,26.2579,KAD_FIGO_Transect 3,1.0577,,10.698,12.08,4487.815,26.135,,,-1737.629,-944.983,-4028.416,KAD_FIGO,Peter,Pomacentridae,Chromis,margaritifer,37372047,1,AD,Passing,,
GX010037_L.MP4,47217,26.2579,KAD_FIGO_Transect 3,1.0577,,16.293,10.882,5582.002,26.029,,,-2182.613,-1114.808,-5015.191,KAD_FIGO,Peter,Pomacentridae,Chromis,margaritifer,37372047,1,AD,Passing,,
GX010037_L.MP4,47217,26.2579,KAD_FIGO_Transect 3,1.0577,,7.7,9.714,3726.792,24.621,,,-1310.683,-834.263,-3387.491,KAD_FIGO,Peter,Pomacentridae,Chromis,margaritifer,37372047,1,AD,Passing,,
GX010037_L.MP4,47217,26.2579,KAD_FIGO_Transect 3,1.0577,,7.984,13.577,3770.315,23.655,,,-1255.277,-846.216,-3453.038,KAD_FIGO,Peter,Pomacentridae,Chromis,margaritifer,37372047,1,AD,Passing,,
GX010037_L.MP4,47217,26.2579,KAD_FIGO_Transect 3,1.0577,,8.373,10.922,3887.935,23.83,,,-1352.901,-800.319,-3556.007,KAD_FIGO,Peter,Pomacentridae,Chromis,margaritifer,37372047,1,AD,Passing,,
GX010037_L.MP4,47217,26.2579,KAD_FIGO_Transect 3,1.0577,,14.299,1.07,5010.882,19.529,,,-1397.894,-925.651,-4722.076,KAD_FIGO,Peter,Pomacentridae,Chromis,margaritifer,37372047,1,AD,Passing,,
GX010037_L.MP4,47217,26.2579,KAD_FIGO_Transect 3,1.0577,,9.576,5.679,4139.226,22.177,,,-1356.838,-776.969,-3832.558,KAD_FIGO,Peter,Pomacentridae,Chromis,margaritifer,37372047,1,AD,Passing,,
GX010037_L.MP4,47217,26.2579,KAD_FIGO_Transect 3,1.0577,,16.844,6.406,5509.732,21.179,,,-1723.563,-998.838,-5137.003,KAD_FIGO,Peter,Pomacentridae,Chromis,margaritifer,37372047,1,AD,Passing,,
GX010037_L.MP4,47217,26.2579,KAD_FIGO_Transect 3,1.0577,,19.765,5.508,6010.06,22.054,,,-1971.12,-1102.008,-5569.657,KAD_FIGO,Peter,Pomacentridae,Chromis,margaritifer,37372047,1,AD,Passing,,
GX010037_L.MP4,47217,26.2579,KAD_FIGO_Transect 3,1.0577,,13.706,6.48,4980.106,22.224,,,-1630.004,-946.745,-4609.578,KAD_FIGO,Peter,Pomacentridae,Chromis,margaritifer,37372047,1,AD,Passing,,
GX010037_L.MP4,47217,26.2579,KAD_FIGO_Transect 3,1.0577,,14.565,5.671,5143.885,22.686,,,-1704.629,-1017.699,-4745.322,KAD_FIGO,Peter,Pomacentridae,Chromis,margaritifer,37372047,1,AD,Passing,,
GX010037_L.MP4,47217,26.2579,KAD_FIGO_Transect 3,1.0577,,14.092,11.471,5019.839,21.8,,,-1562.135,-1020.034,-4660.263,KAD_FIGO,Peter,Pomacentridae,Chromis,margaritifer,37372047,1,AD,Passing,,
GX010037_L.MP4,47217,26.2579,KAD_FIGO_Transect 3,1.0577,,12.341,1.26,4563.474,15.112,,,-869.723,-814.421,-4405.178,KAD_FIGO,Peter,Pomacentridae,Chromis,margaritifer,37372047,1,AD,Passing,,
GX010037_L.MP4,47217,26.2579,KAD_FIGO_Transect 3,1.0577,,9.071,4.681,3883.083,17.155,,,-734.476,-881.015,-3709.81,KAD_FIGO,Peter,Pomacentridae,Chromis,margaritifer,37372047,1,AD,Passing,,
GX010037_L.MP4,47217,26.2579,KAD_FIGO_Transect 3,1.0577,,8.738,0.456,3823.631,18.234,,,-824.229,-869.347,-3631.12,KAD_FIGO,Peter,Pomacentridae,Chromis,margaritifer,37372047,1,AD,Passing,,
GX010037_L.MP4,47217,26.2579,KAD_FIGO_Transect 3,1.0577,,7.937,4.904,3636.707,20.243,,,-729.389,-1027.377,-3411.47,KAD_FIGO,Peter,Pomacentridae,Chromis,margaritifer,37372047,1,AD,Passing,,
GX010037_L.MP4,47217,26.2579,KAD_FIGO_Transect 3,1.0577,,7.854,2.114,3586.362,16.229,,,-465.275,-889.818,-3442.926,KAD_FIGO,Peter,Pomacentridae,Chromis,margaritifer,37372047,1,AD,Passing,,
GX010037_L.MP4,47217,26.2579,KAD_FIGO_Transect 3,1.0577,,19.294,1.596,5724.875,16.68,,,-1077.993,-1243.388,-5483.257,KAD_FIGO,Peter,Pomacentridae,Chromis,margaritifer,37372047,1,AD,Passing,,
GX010037_L.MP4,47217,26.2579,KAD_FIGO_Transect 3,1.0577,,12.464,2.109,4560.746,14.659,,,-638.702,-963.944,-4411.72,KAD_FIGO,Peter,Pomacentridae,Chromis,margaritifer,37372047,1,AD,Passing,,
GX010037_L.MP4,47217,26.2579,KAD_FIGO_Transect 3,1.0577,,14.148,5.908,4868.027,13.844,,,-559.908,-1024.207,-4726.012,KAD_FIGO,Peter,Pomacentridae,Chromis,margaritifer,37372047,1,AD,Passing,,
GX010037_L.MP4,47217,26.2579,KAD_FIGO_Transect 3,1.0577,,13.29,6.779,4714.245,13.57,,,-472.853,-1002.655,-4582.052,KAD_FIGO,Peter,Pomacentridae,Chromis,margaritifer,37372047,1,AD,Passing,,
GX010037_L.MP4,47217,26.2579,KAD_FIGO_Transect 3,1.0577,,12.26,2.332,4523.272,14.638,,,-304.825,-1104.272,-4375.804,KAD_FIGO,Peter,Pomacentridae,Chromis,margaritifer,37372047,1,AD,Passing,,
GX010037_L.MP4,47217,26.2579,KAD_FIGO_Transect 3,1.0577,,11.574,3.478,4376.306,13.925,,,223.631,-1031.633,-4247.091,KAD_FIGO,Peter,Pomacentridae,Chromis,margaritifer,37372047,1,AD,Passing,,
GX010037_L.MP4,47217,26.2579,KAD_FIGO_Transect 3,1.0577,,10.188,5.333,4109.898,14.203,,,23.67,-1010.434,-3983.682,KAD_FIGO,Peter,Pomacentridae,Chromis,margaritifer,37372047,1,AD,Passing,,
GX010037_L.MP4,47217,26.2579,KAD_FIGO_Transect 3,1.0577,,10.208,8.302,4076.851,17.001,,,835.963,-852.06,-3898.188,KAD_FIGO,Peter,Pomacentridae,Chromis,margaritifer,37372047,1,AD,Passing,,
GX010037_L.MP4,47217,26.2579,KAD_FIGO_Transect 3,1.0577,,10.774,4.026,4194.215,18.023,,,896.28,-940.811,-3987.856,KAD_FIGO,Peter,Pomacentridae,Chromis,margaritifer,37372047,1,AD,Passing,,
GX010037_L.MP4,47217,26.2579,KAD_FIGO_Transect 3,1.0577,,11.068,3.382,4291.656,20.942,,,1156.084,-1010.523,-4007.571,KAD_FIGO,Peter,Pomacentridae,Chromis,margaritifer,37372047,1,AD,Passing,,
GX010037_L.MP4,47217,26.2579,KAD_FIGO_Transect 3,1.0577,,10.441,2.026,4151.928,19.999,,,1056.922,-950.532,-3901.014,KAD_FIGO,Peter,Pomacentridae,Chromis,margaritifer,37372047,1,AD,Passing,,
GX010037_L.MP4,47217,26.2579,KAD_FIGO_Transect 3,1.0577,,8.593,6.632,3725.251,18.615,,,613.606,-1020.643,-3529.769,KAD_FIGO,Peter,Pomacentridae,Chromis,margaritifer,37372047,1,AD,Passing,,
GX010037_L.MP4,47217,26.2579,KAD_FIGO_Transect 3,1.0577,,11.817,0.34,4503.219,24.503,,,1442.745,-1188.416,-4096.967,KAD_FIGO,Peter,Pomacentridae,Chromis,margaritifer,37372047,1,AD,Passing,,
GX010037_L.MP4,47217,26.2579,KAD_FIGO_Transect 3,1.0577,,7.79,0.291,3619.971,23.861,,,1119.056,-946.406,-3310.018,KAD_FIGO,Peter,Pomacentridae,Chromis,margaritifer,37372047,1,AD,Passing,,
GX010037_L.MP4,47217,26.2579,KAD_FIGO_Transect 3,1.0577,,5.58,10.606,3124.446,29.288,,,1156.374,-1001.1,-2724.475,KAD_FIGO,Peter,Pomacentridae,Chromis,margaritifer,37372047,1,AD,Passing,,
GX010037_L.MP4,47217,26.2579,KAD_FIGO_Transect 3,1.0577,,10.318,12.086,4385.323,32.344,,,1858.901,-1433.625,-3704.087,KAD_FIGO,Peter,Pomacentridae,Chromis,margaritifer,37372047,1,AD,Passing,,
GX010037_L.MP4,47217,26.2579,KAD_FIGO_Transect 3,1.0577,,8.891,4.314,3969.258,26.843,,,1503.069,-978.422,-3540.973,KAD_FIGO,Peter,Pomacentridae,Chromis,margaritifer,37372047,1,AD,Passing,,
GX010037_L.MP4,47217,26.2579,KAD_FIGO_Transect 3,1.0577,60.376,2.25,4.613,2746.689,18.076,1.781,5.725,147.735,-839.314,-2611.136,KAD_FIGO,Peter,Pomacentridae,Dascyllus,trimaculatus,37372075,1,AD,Passing,,
GX010037_L.MP4,47217,26.2579,KAD_FIGO_Transect 3,1.0577,,9.278,12.595,4225.336,27.55,,,-1761.293,-849.084,-3745.713,KAD_FIGO,Peter,Pomacentridae,Dascyllus,trimaculatus,37372075,1,AD,Passing,,
GX010037_L.MP4,47217,26.2579,KAD_FIGO_Transect 3,1.0577,,5.332,5.008,2922.534,14.772,,,-187.292,-722.896,-2825.518,KAD_FIGO,Peter,Pomacentridae,Dascyllus,trimaculatus,37372075,1,AD,Passing,,
GX010037_L.MP4,47333,26.3224,KAD_FIGO_Transect 3,1.1222,,3.174,16.406,2283.99,24.793,,,-613.909,-736.345,-2073.047,KAD_FIGO,Peter,Pomacentridae,Pomacentrus,callainus,temp_code_004,1,AD,Passing,,
GX010037_L.MP4,47348,26.3307,KAD_FIGO_Transect 3,1.1306,,2.911,17.813,2196.858,26.059,,,-652.072,-712.63,-1973.106,KAD_FIGO,Peter,Labridae,Labroides,dimidiatus,37384028,1,AD,Passing,,
GX010037_L.MP4,47619,26.4815,KAD_FIGO_Transect 3,1.2813,,21.885,10.452,6327.227,20.131,,,-1990.326,-887.016,-5940.169,KAD_FIGO,Peter,Pomacentridae,Amblyglyphidodon,aureus,37372016,1,AD,Passing,,
GX010037_L.MP4,47619,26.4815,KAD_FIGO_Transect 3,1.2813,,17.462,10.088,5390.024,20.054,,,1294.383,-1322.28,-5062.46,KAD_FIGO,Peter,Pomacentridae,Amblyglyphidodon,aureus,37372016,1,AD,Passing,,
GX010037_L.MP4,47619,26.4815,KAD_FIGO_Transect 3,1.2813,,27.175,14.853,6763.259,20.077,,,708.341,-2214.758,-6350.966,KAD_FIGO,Peter,Chaetodontidae,Chaetodon,kleinii,37365040,1,AD,Passing,,
GX010037_L.MP4,47619,26.4815,KAD_FIGO_Transect 3,1.2813,,24.194,11.297,6776.578,23.344,,,-2472.946,-1049.961,-6221.264,KAD_FIGO,Peter,Pomacentridae,Chromis,margaritifer,37372047,1,AD,Passing,,
GX010037_L.MP4,47619,26.4815,KAD_FIGO_Transect 3,1.2813,,8.568,17.775,3964.815,25.316,,,-1454.997,-872.324,-3583.545,KAD_FIGO,Peter,Pomacentridae,Chromis,ternatensis,37372051,1,AD,Passing,,
GX010037_L.MP4,47619,26.4815,KAD_FIGO_Transect 3,1.2813,,11.985,11.239,4574.642,19.907,,,-1280.775,-889.01,-4300.77,KAD_FIGO,Peter,Pomacentridae,Chromis,ternatensis,37372051,1,AD,Passing,,
GX010037_L.MP4,47619,26.4815,KAD_FIGO_Transect 3,1.2813,,9.247,9.642,3975.622,20.125,,,-1031.542,-900.531,-3732.363,KAD_FIGO,Peter,Pomacentridae,Chromis,ternatensis,37372051,1,AD,Passing,,
GX010037_L.MP4,47619,26.4815,KAD_FIGO_Transect 3,1.2813,,10.664,9.742,4304.199,21.078,,,-1205.128,-973.84,-4015.648,KAD_FIGO,Peter,Pomacentridae,Chromis,ternatensis,37372051,1,AD,Passing,,
GX010037_L.MP4,47619,26.4815,KAD_FIGO_Transect 3,1.2813,,9.384,13.775,3953.191,17.409,,,-757.213,-910.793,-3771.578,KAD_FIGO,Peter,Pomacentridae,Chromis,ternatensis,37372051,1,AD,Passing,,
GX010037_L.MP4,47619,26.4815,KAD_FIGO_Transect 3,1.2813,,14.121,13.278,4922.917,15.815,,,-1091.957,-782.277,-4736.115,KAD_FIGO,Peter,Pomacentridae,Chromis,ternatensis,37372051,1,AD,Passing,,
GX010037_L.MP4,47619,26.4815,KAD_FIGO_Transect 3,1.2813,,10.042,15.302,4074.881,14.42,,,-396.11,-936.584,-3945.955,KAD_FIGO,Peter,Pomacentridae,Chromis,ternatensis,37372051,1,AD,Passing,,
GX010037_L.MP4,47619,26.4815,KAD_FIGO_Transect 3,1.2813,,10.896,13.25,4251.311,14.329,,,-459.915,-948.751,-4118.494,KAD_FIGO,Peter,Pomacentridae,Chromis,ternatensis,37372051,1,AD,Passing,,
GX010037_L.MP4,47619,26.4815,KAD_FIGO_Transect 3,1.2813,,11.662,6.477,4403.556,16.558,,,-578.717,-1116.049,-4220.287,KAD_FIGO,Peter,Pomacentridae,Chromis,ternatensis,37372051,1,AD,Passing,,
GX010037_L.MP4,47619,26.4815,KAD_FIGO_Transect 3,1.2813,,17.717,9.976,5472.66,15.139,,,-332.869,-1393.006,-5281.925,KAD_FIGO,Peter,Pomacentridae,Chromis,ternatensis,37372051,1,AD,Passing,,
GX010037_L.MP4,47619,26.4815,KAD_FIGO_Transect 3,1.2813,,11.992,11.201,4472.694,14.131,,,-290.267,-1055.252,-4336.724,KAD_FIGO,Peter,Pomacentridae,Chromis,ternatensis,37372051,1,AD,Passing,,
GX010037_L.MP4,47619,26.4815,KAD_FIGO_Transect 3,1.2813,,15.854,13.118,5176.275,14.559,,,2.452,-1304.153,-5009.291,KAD_FIGO,Peter,Pomacentridae,Chromis,ternatensis,37372051,1,AD,Passing,,
GX010037_L.MP4,47619,26.4815,KAD_FIGO_Transect 3,1.2813,,8.671,0.314,3994.977,30.368,,,1686.481,-1113.208,-3446.214,KAD_FIGO,Peter,Pomacentridae,Chromis,margaritifer,37372047,1,AD,Passing,,
GX010037_L.MP4,47619,26.4815,KAD_FIGO_Transect 3,1.2813,,6.799,12.505,3345.514,19.721,,,-254.651,-1101.664,-3148.644,KAD_FIGO,Peter,Pomacentridae,Chromis,ternatensis,37372051,1,AD,Passing,,
GX010037_L.MP4,47619,26.4815,KAD_FIGO_Transect 3,1.2813,,13.074,14.41,4710.029,19.684,,,-12.235,-1589.067,-4433.857,KAD_FIGO,Peter,Pomacentridae,Chromis,ternatensis,37372051,1,AD,Passing,,
GX010037_L.MP4,47619,26.4815,KAD_FIGO_Transect 3,1.2813,,6.434,17.718,3302.858,24.265,,,-761.848,-1125.102,-3010.416,KAD_FIGO,Peter,Pomacentridae,Chromis,ternatensis,37372051,1,AD,Passing,,
GX010037_L.MP4,47619,26.4815,KAD_FIGO_Transect 3,1.2813,,8.308,16.741,3871.529,25.137,,,-1342.727,-951.631,-3504.314,KAD_FIGO,Peter,Pomacentridae,Chromis,ternatensis,37372051,1,AD,Passing,,
GX010037_L.MP4,47619,26.4815,KAD_FIGO_Transect 3,1.2813,,28.564,18.88,7069.485,21.767,,,-1785.508,-1923.38,-6564.312,KAD_FIGO,Peter,Pomacentridae,Chromis,ternatensis,37372051,1,AD,Passing,,
GX010037_L.MP4,47619,26.4815,KAD_FIGO_Transect 3,1.2813,,15.483,12.805,5206.449,23.012,,,-1404.183,-1476.145,-4791.281,KAD_FIGO,Peter,Pomacentridae,Chromis,margaritifer,37372047,1,AD,Passing,,
GX010037_L.MP4,47619,26.4815,KAD_FIGO_Transect 3,1.2813,,10.838,15.261,4307.489,22.488,,,-1013.76,-1301.109,-3979.18,KAD_FIGO,Peter,Pomacentridae,Chromis,margaritifer,37372047,1,AD,Passing,,
GX010037_L.MP4,47619,26.4815,KAD_FIGO_Transect 3,1.2813,,17.947,11.401,5495.4,17.073,,,-716.975,-1448.391,-5252.384,KAD_FIGO,Peter,Pomacentridae,Chromis,margaritifer,37372047,1,AD,Passing,,
GX010037_L.MP4,47619,26.4815,KAD_FIGO_Transect 3,1.2813,,26.209,13.571,6665.664,16.285,,,-756.268,-1713.116,-6397.216,KAD_FIGO,Peter,Pomacentridae,Chromis,margaritifer,37372047,1,AD,Passing,,
GX010037_L.MP4,47619,26.4815,KAD_FIGO_Transect 3,1.2813,,13.956,3.248,4870.826,19.854,,,-1046.424,-1283.901,-4580.561,KAD_FIGO,Peter,Pomacentridae,Chromis,margaritifer,37372047,1,AD,Passing,,
GX010037_L.MP4,47619,26.4815,KAD_FIGO_Transect 3,1.2813,,13.708,4.915,4798.645,18.552,,,-815.842,-1293.155,-4548.533,KAD_FIGO,Peter,Pomacentridae,Chromis,margaritifer,37372047,1,AD,Passing,,
GX010037_L.MP4,47619,26.4815,KAD_FIGO_Transect 3,1.2813,,17.577,11.941,5444.644,21.126,,,480.627,-1905.549,-5077.601,KAD_FIGO,Peter,Acanthuridae,Zebrasoma,scopas,37437036,1,AD,Passing,,
GX010037_L.MP4,48437,26.9364,KAD_FIGO_Transect 3,1.7362,,29.184,14.41,7063.662,22.022,,,638.075,-2574.375,-6546.814,KAD_FIGO,Peter,Pomacentridae,Amblyglyphidodon,curacao,37372017,1,AD,Passing,,
GX010037_L.MP4,48732,27.1004,KAD_FIGO_Transect 3,1.9002,,15.836,13.609,5153.178,22.329,,,649.273,-1849.846,-4765.685,KAD_FIGO,Peter,Pomacanthidae,Centropyge,heraldi,37385027,1,AD,Passing,,
GX010037_L.MP4,48732,27.1004,KAD_FIGO_Transect 3,1.9002,,21.22,16.395,5943.777,17.051,,,592.446,-1642.346,-5681.566,KAD_FIGO,Peter,Acanthuridae,Ctenochaetus,striatus,37437022,1,AD,Passing,,
GX010037_L.MP4,48732,27.1004,KAD_FIGO_Transect 3,1.9002,,20.437,15.086,5833.723,21.793,,,1141.89,-1843.441,-5415.73,KAD_FIGO,Peter,Pomacentridae,Dascyllus,trimaculatus,37372075,1,AD,Passing,,
GX010037_L.MP4,48851,27.1666,KAD_FIGO_Transect 3,1.9664,,12.979,12.078,4611.296,18.94,,,676.918,-1337.494,-4360.842,KAD_FIGO,Peter,Pomacentridae,Chromis,margaritifer,37372047,1,AD,Passing,,
GX010037_L.MP4,48851,27.1666,KAD_FIGO_Transect 3,1.9664,,10.692,4.594,4195.462,21.618,,,648.002,-1405.569,-3899.535,KAD_FIGO,Peter,Pomacentridae,Chromis,margaritifer,37372047,1,AD,Passing,,
GX010037_L.MP4,48851,27.1666,KAD_FIGO_Transect 3,1.9664,,10.149,8.396,4110.242,21.402,,,355.896,-1459.247,-3825.968,KAD_FIGO,Peter,Pomacentridae,Chromis,margaritifer,37372047,1,AD,Passing,,
GX010037_L.MP4,48851,27.1666,KAD_FIGO_Transect 3,1.9664,,14.11,8.322,4841.686,19.487,,,463.644,-1549.823,-4563.442,KAD_FIGO,Peter,Pomacentridae,Chromis,margaritifer,37372047,1,AD,Passing,,
GX010037_L.MP4,48851,27.1666,KAD_FIGO_Transect 3,1.9664,,16.412,6.902,5272.708,15.883,,,-65.828,-1444.432,-5070.575,KAD_FIGO,Peter,Pomacentridae,Chromis,margaritifer,37372047,1,AD,Passing,,
GX010037_L.MP4,48851,27.1666,KAD_FIGO_Transect 3,1.9664,,13.409,7.606,4750.186,16.61,,,-47.39,-1359.726,-4551.172,KAD_FIGO,Peter,Pomacentridae,Chromis,margaritifer,37372047,1,AD,Passing,,
GX010037_L.MP4,48851,27.1666,KAD_FIGO_Transect 3,1.9664,,15.3,8.196,5074.327,17.673,,,-434.813,-1480.713,-4833.965,KAD_FIGO,Peter,Pomacentridae,Chromis,margaritifer,37372047,1,AD,Passing,,
GX010037_L.MP4,48851,27.1666,KAD_FIGO_Transect 3,1.9664,,15.429,1.738,5097.556,17.971,,,-444.845,-1511.395,-4847.976,KAD_FIGO,Peter,Pomacentridae,Chromis,margaritifer,37372047,1,AD,Passing,,
GX010037_L.MP4,48851,27.1666,KAD_FIGO_Transect 3,1.9664,,15.978,9.614,5193.632,18.206,,,-421.218,-1569.957,-4932.709,KAD_FIGO,Peter,Pomacentridae,Chromis,margaritifer,37372047,1,AD,Passing,,
GX010037_L.MP4,48851,27.1666,KAD_FIGO_Transect 3,1.9664,,19.275,9.575,5716.999,19.413,,,-641.922,-1791.644,-5390.921,KAD_FIGO,Peter,Pomacentridae,Chromis,margaritifer,37372047,1,AD,Passing,,
GX010037_L.MP4,48851,27.1666,KAD_FIGO_Transect 3,1.9664,,17.882,9.681,5509.089,20.323,,,-933.973,-1672.917,-5165.182,KAD_FIGO,Peter,Pomacentridae,Chromis,margaritifer,37372047,1,AD,Passing,,
GX010037_L.MP4,48851,27.1666,KAD_FIGO_Transect 3,1.9664,,17.609,12.549,5470.891,20.92,,,-780.132,-1793.953,-5109.185,KAD_FIGO,Peter,Pomacentridae,Chromis,margaritifer,37372047,1,AD,Passing,,
GX010037_L.MP4,48851,27.1666,KAD_FIGO_Transect 3,1.9664,,15.531,8.854,5156.473,22.39,,,-1005.355,-1690.162,-4766.742,KAD_FIGO,Peter,Pomacentridae,Chromis,margaritifer,37372047,1,AD,Passing,,
GX010037_L.MP4,48851,27.1666,KAD_FIGO_Transect 3,1.9664,,14.057,4.424,4903.989,22.361,,,-1007.554,-1572.857,-4534.321,KAD_FIGO,Peter,Pomacentridae,Chromis,margaritifer,37372047,1,AD,Passing,,
GX010037_L.MP4,48851,27.1666,KAD_FIGO_Transect 3,1.9664,,18.372,10.945,5659.133,24.005,,,-1317.276,-1891.21,-5168.549,KAD_FIGO,Peter,Pomacentridae,Chromis,margaritifer,37372047,1,AD,Passing,,
GX010037_L.MP4,48851,27.1666,KAD_FIGO_Transect 3,1.9664,,12.857,8.406,4674.308,21.742,,,-488.558,-1663.664,-4340.816,KAD_FIGO,Peter,Pomacentridae,Chromis,margaritifer,37372047,1,AD,Passing,,
GX010037_L.MP4,48851,27.1666,KAD_FIGO_Transect 3,1.9664,,11.206,11.062,4367.308,21.804,,,-263.355,-1602.997,-4053.94,KAD_FIGO,Peter,Pomacentridae,Chromis,margaritifer,37372047,1,AD,Passing,,
GX010037_L.MP4,48879,27.1822,KAD_FIGO_Transect 3,1.982,,10.274,1.421,4202.869,26.706,,,1304.077,-1368.59,-3753.725,KAD_FIGO,Peter,Pomacentridae,Chromis,margaritifer,37372047,1,AD,Passing,,
GX010037_L.MP4,49229,27.3768,KAD_FIGO_Transect 3,2.1766,,16.56,2.122,5767.213,25.824,,,-2441.218,590.076,-5191.628,KAD_FIGO,Peter,Scaridae,Scarus,globiceps,37386018,1,AD,Passing,,
GX010037_L.MP4,49529,27.5436,KAD_FIGO_Transect 3,2.3435,,11.653,10.323,4402.157,16.241,,,1054.74,-637.569,-4226.111,KAD_FIGO,Peter,Acanthuridae,Ctenochaetus,striatus,37437022,1,AD,Passing,,
GX010037_L.MP4,49708,27.6432,KAD_FIGO_Transect 3,2.443,135.221,8.457,12.697,3316.294,22.211,24.479,13.279,-936.572,-833.282,-3070.225,KAD_FIGO,Peter,Labridae,Halichoeres,hortulanus,37384112,1,AD,Passing,TP,
GX010037_L.MP4,49763,27.6738,KAD_FIGO_Transect 3,2.4736,,13.367,19.038,5042.589,20.682,,,-1771.586,-185.504,-4717.497,KAD_FIGO,Peter,Scaridae,Scarus,globiceps,37386018,1,AD,Passing,,
GX010037_L.MP4,49912,27.7566,KAD_FIGO_Transect 3,2.5564,,13.906,0.772,5218.705,22.329,,,-1982.679,2.79,-4827.407,KAD_FIGO,Peter,Scaridae,Chlorurus,spilurus,temp_code_002,1,AD,Passing,,
GX010037_L.MP4,49912,27.7566,KAD_FIGO_Transect 3,2.5564,,9.02,0.335,4161.625,22.935,,,-1613.471,-165.783,-3832.538,KAD_FIGO,Peter,Pomacentridae,Dascyllus,trimaculatus,37372075,1,AD,Passing,,
GX010037_L.MP4,49983,27.7961,KAD_FIGO_Transect 3,2.5959,,13.322,4.414,4951.973,22.46,,,-1713.041,-805.431,-4575.894,KAD_FIGO,Peter,Scaridae,Scarus,schlegeli,37386029,1,AD,Passing,,
GX010037_L.MP4,49995,27.8028,KAD_FIGO_Transect 3,2.6026,,11.399,5.718,4577.571,22.666,,,-1604.085,-736.367,-4223.604,KAD_FIGO,Peter,Pomacentridae,Dascyllus,trimaculatus,37372075,1,AD,Passing,,
GX010037_L.MP4,49995,27.8028,KAD_FIGO_Transect 3,2.6026,,5.46,11.303,3248.635,28.15,,,-1453.152,-488.903,-2864.079,KAD_FIGO,Peter,Pomacentridae,Dascyllus,trimaculatus,37372075,1,AD,Passing,,
GX010037_L.MP4,49995,27.8028,KAD_FIGO_Transect 3,2.6026,,10.975,12.419,4708.709,29.308,,,-2160.664,-804.997,-4105.539,KAD_FIGO,Peter,Acanthuridae,Zebrasoma,scopas,37437036,1,AD,Passing,,
GX010037_L.MP4,50005,27.8083,KAD_FIGO_Transect 3,2.6082,,10.09,1.889,4121.686,25.033,,,1113.476,-1344.505,-3733.734,KAD_FIGO,Peter,Acanthuridae,Acanthurus,nigrofuscus,37437014,1,AD,Passing,,
GX010037_L.MP4,50005,27.8083,KAD_FIGO_Transect 3,2.6082,,8.287,4.163,3717.028,24.933,,,924.419,-1267.148,-3369.878,KAD_FIGO,Peter,Acanthuridae,Zebrasoma,scopas,37437036,1,AD,Passing,,
GX010037_L.MP4,50040,27.8278,KAD_FIGO_Transect 3,2.6276,81.906,5.594,9.527,3931.367,18.187,2.795,27.534,369.838,-1169.991,-3734.969,KAD_FIGO,Peter,Chaetodontidae,Chaetodon,kleinii,37365040,1,AD,Passing,,
GX010037_L.MP4,50040,27.8278,KAD_FIGO_Transect 3,2.6276,,10.108,3.665,4071.695,21.521,,,702.176,-1320.56,-3787.053,KAD_FIGO,Peter,Chaetodontidae,Chaetodon,kleinii,37365040,1,AD,Passing,,
GX010037_L.MP4,50040,27.8278,KAD_FIGO_Transect 3,2.6276,,9.025,2.918,3924.962,26.502,,,1185.706,-1291.101,-3511.764,KAD_FIGO,Peter,Pomacentridae,Dascyllus,trimaculatus,37372075,1,AD,Passing,,
GX010037_L.MP4,50040,27.8278,KAD_FIGO_Transect 3,2.6276,,10.372,8.936,4144.558,23.032,,,960.108,-1308.996,-3813.408,KAD_FIGO,Peter,Pomacentridae,Pomacentrus,callainus,temp_code_004,1,AD,Passing,,
GX010037_L.MP4,50063,27.8406,KAD_FIGO_Transect 3,2.6404,122.404,6.387,19.595,3007.812,29.668,20.839,20.251,-1293.162,-737.729,-2613.507,KAD_FIGO,Peter,Scaridae,Chlorurus,spilurus,temp_code_002,1,AD,Passing,,
GX010037_L.MP4,50063,27.8406,KAD_FIGO_Transect 3,2.6404,92.807,5.419,14.633,2708.288,24.905,23.748,4.393,-705.663,-895.997,-2456.431,KAD_FIGO,Peter,Acanthuridae,Zebrasoma,scopas,37437036,1,AD,Passing,,
GX010037_L.MP4,50100,27.8612,KAD_FIGO_Transect 3,2.661,111.484,4.762,4.906,3138.144,17.172,11.035,16.498,-431.693,-819.766,-2998.262,KAD_FIGO,Peter,Pomacentridae,Dascyllus,trimaculatus,37372075,1,AD,Passing,,
GX010037_L.MP4,50100,27.8612,KAD_FIGO_Transect 3,2.661,,7.001,3.027,3381.566,17.353,,,-276.139,-971.938,-3227.084,KAD_FIGO,Peter,Pomacentridae,Dascyllus,trimaculatus,37372075,1,AD,Passing,,
GX010037_L.MP4,50100,27.8612,KAD_FIGO_Transect 3,2.661,175.204,5.409,7.856,2884.148,21.04,18.167,4.154,-600.699,-843.42,-2691.861,KAD_FIGO,Peter,Serranidae,Plectropomus,sp,,1,AD,Passing,,
GX010037_L.MP4,50105,27.8639,KAD_FIGO_Transect 3,2.6638,,23.344,8.03,6357.7,10.282,,,-22.583,-1138.289,-6254.929,KAD_FIGO,Peter,Pomacentridae,Chromis,ternatensis,37372051,1,AD,Passing,,
GX010037_L.MP4,50105,27.8639,KAD_FIGO_Transect 3,2.6638,,23.783,13.648,6331.013,12.95,,,466.391,-1343.602,-6169.193,KAD_FIGO,Peter,Pomacentridae,Chromis,ternatensis,37372051,1,AD,Passing,,
GX010037_L.MP4,50105,27.8639,KAD_FIGO_Transect 3,2.6638,,18.355,0.948,5567.779,11.636,,,303.058,-1084.469,-5452.728,KAD_FIGO,Peter,Pomacentridae,Chromis,ternatensis,37372051,1,AD,Passing,,
GX010037_L.MP4,50105,27.8639,KAD_FIGO_Transect 3,2.6638,,18.441,7.006,5594.934,10.798,,,264.052,-1017.606,-5495.275,KAD_FIGO,Peter,Pomacentridae,Chromis,ternatensis,37372051,1,AD,Passing,,
GX010037_L.MP4,50105,27.8639,KAD_FIGO_Transect 3,2.6638,,20.476,5.374,5915.816,10.329,,,247.934,-1034.778,-5819.334,KAD_FIGO,Peter,Pomacentridae,Chromis,ternatensis,37372051,1,AD,Passing,,
GX010037_L.MP4,50105,27.8639,KAD_FIGO_Transect 3,2.6638,,24.37,7.138,6491.842,9.672,,,196.874,-1076.479,-6398.941,KAD_FIGO,Peter,Pomacentridae,Chromis,ternatensis,37372051,1,AD,Passing,,
GX010037_L.MP4,50105,27.8639,KAD_FIGO_Transect 3,2.6638,,18.219,8.033,5539.55,11.346,,,378.96,-1025.02,-5430.685,KAD_FIGO,Peter,Pomacentridae,Chromis,ternatensis,37372051,1,AD,Passing,,
GX010037_L.MP4,50105,27.8639,KAD_FIGO_Transect 3,2.6638,,22.464,9.915,6141.808,11.884,,,613.689,-1109.488,-6009.511,KAD_FIGO,Peter,Pomacentridae,Chromis,ternatensis,37372051,1,AD,Passing,,
GX010037_L.MP4,50105,27.8639,KAD_FIGO_Transect 3,2.6638,,22.413,15.544,6140.976,11.403,,,622.711,-1045.753,-6019.154,KAD_FIGO,Peter,Pomacentridae,Chromis,ternatensis,37372051,1,AD,Passing,,
GX010037_L.MP4,50105,27.8639,KAD_FIGO_Transect 3,2.6638,,20.205,1.534,5826.6,12.349,,,442.952,-1168.049,-5691.109,KAD_FIGO,Peter,Pomacentridae,Chromis,ternatensis,37372051,1,AD,Passing,,
GX010037_L.MP4,50105,27.8639,KAD_FIGO_Transect 3,2.6638,,21.564,11.479,5998.345,13.12,,,633.978,-1208.395,-5841.061,KAD_FIGO,Peter,Pomacentridae,Chromis,ternatensis,37372051,1,AD,Passing,,
GX010037_L.MP4,50105,27.8639,KAD_FIGO_Transect 3,2.6638,,24.745,9.14,6419.146,14.275,,,751.021,-1396.902,-6220.134,KAD_FIGO,Peter,Pomacentridae,Chromis,ternatensis,37372051,1,AD,Passing,,
GX010037_L.MP4,50105,27.8639,KAD_FIGO_Transect 3,2.6638,,20.127,5.954,5772.184,15.466,,,682.496,-1382.965,-5562.348,KAD_FIGO,Peter,Pomacentridae,Chromis,ternatensis,37372051,1,AD,Passing,,
GX010037_L.MP4,50105,27.8639,KAD_FIGO_Transect 3,2.6638,,21.978,9.495,6144.869,10.403,,,178.803,-1098.567,-6043.228,KAD_FIGO,Peter,Pomacentridae,Chromis,ternatensis,37372051,1,AD,Passing,,
GX010037_L.MP4,50105,27.8639,KAD_FIGO_Transect 3,2.6638,,24.513,7.251,6503.153,10.637,,,143.593,-1195.456,-6390.717,KAD_FIGO,Peter,Pomacentridae,Chromis,ternatensis,37372051,1,AD,Passing,,
GX010037_L.MP4,50105,27.8639,KAD_FIGO_Transect 3,2.6638,,22.726,6.285,6250.703,11.044,,,120.539,-1194.912,-6134.243,KAD_FIGO,Peter,Pomacentridae,Chromis,ternatensis,37372051,1,AD,Passing,,
GX010037_L.MP4,50105,27.8639,KAD_FIGO_Transect 3,2.6638,,21.911,5.483,6140.095,11.063,,,40.076,-1181.029,-6025.308,KAD_FIGO,Peter,Pomacentridae,Chromis,ternatensis,37372051,1,AD,Passing,,
GX010037_L.MP4,50149,27.8884,KAD_FIGO_Transect 3,2.6882,,6.346,7.359,3219.719,18.648,,,-219.082,-1007.71,-3050.101,KAD_FIGO,Peter,Chaetodontidae,Chaetodon,ulietensis,37365060,1,AD,Passing,,
GX010037_L.MP4,50189,27.9107,KAD_FIGO_Transect 3,2.7105,,9.208,6.665,3907.2,18.943,,,-565.098,-1137.678,-3694.938,KAD_FIGO,Peter,Pomacentridae,Chromis,ternatensis,37372051,1,AD,Passing,,
GX010037_L.MP4,50189,27.9107,KAD_FIGO_Transect 3,2.7105,,8.862,9.95,3838.535,19.575,,,-669.08,-1100.466,-3616.027,KAD_FIGO,Peter,Pomacentridae,Chromis,ternatensis,37372051,1,AD,Passing,,
GX010037_L.MP4,50239,27.9385,KAD_FIGO_Transect 3,2.7383,,14.129,5.491,4884.278,17.672,,,1301.07,-713.743,-4653.381,KAD_FIGO,Peter,Lutjanidae,Aphareus,rutilans,37346001,1,AD,Passing,Brian's Guess,
GX010037_L.MP4,50239,27.9385,KAD_FIGO_Transect 3,2.7383,,13.22,3.437,4748.941,8.598,,,-144.885,-697.793,-4695.161,KAD_FIGO,Peter,Scaridae,Chlorurus,spilurus,temp_code_002,1,AD,Passing,,
GX010037_L.MP4,50239,27.9385,KAD_FIGO_Transect 3,2.7383,,14.886,1.277,5014.638,11.904,,,-612.059,-836.742,-4906.307,KAD_FIGO,Peter,Scaridae,Chlorurus,sp,,1,AD,Passing,,
GX010037_L.MP4,50239,27.9385,KAD_FIGO_Transect 3,2.7383,,16.754,1.773,5457.081,5.17,,,-440.066,-222.526,-5434.755,KAD_FIGO,Peter,Scaridae,Chlorurus,sp,,1,AD,Passing,,
GX010037_L.MP4,50239,27.9385,KAD_FIGO_Transect 3,2.7383,,13.827,1.928,5227.253,23.046,,,-2044.616,80.37,-4810.121,KAD_FIGO,Peter,Scaridae,Chlorurus,sp,,1,AD,Passing,,
GX010037_L.MP4,50239,27.9385,KAD_FIGO_Transect 3,2.7383,,37.329,7.704,7965.516,17.604,,,551.182,-2349.576,-7591.122,KAD_FIGO,Peter,Chaetodontidae,Heniochus,monoceros,37365076,1,AD,Passing,,
GX010037_L.MP4,50239,27.9385,KAD_FIGO_Transect 3,2.7383,,4.209,15.439,2760.7,27.735,,,-1102.189,-661.647,-2443.126,KAD_FIGO,Peter,Serranidae,Plectropomus,sp,,1,AD,Passing,,
GX010037_L.MP4,50273,27.9574,KAD_FIGO_Transect 3,2.7572,,15.546,19.371,5107.45,16.269,,,-753.829,-1219.042,-4902.216,KAD_FIGO,Peter,Pomacentridae,Chromis,viridis,37372053,1,AD,Passing,,
GX010037_L.MP4,50273,27.9574,KAD_FIGO_Transect 3,2.7572,,20.187,17.85,5854.028,15.038,,,-336.045,-1484.596,-5652.671,KAD_FIGO,Peter,Pomacentridae,Chromis,viridis,37372053,1,AD,Passing,,
GX010037_L.MP4,50273,27.9574,KAD_FIGO_Transect 3,2.7572,,16.225,7.566,5236.164,15.323,,,-221.157,-1368.909,-5049.217,KAD_FIGO,Peter,Pomacentridae,Chromis,viridis,37372053,1,AD,Passing,,
GX010037_L.MP4,50273,27.9574,KAD_FIGO_Transect 3,2.7572,,16.557,18.135,5287.258,15.362,,,-289.986,-1373.325,-5097.547,KAD_FIGO,Peter,Pomacentridae,Chromis,viridis,37372053,1,AD,Passing,,
GX010037_L.MP4,50273,27.9574,KAD_FIGO_Transect 3,2.7572,,14.811,5.442,4995.028,15.632,,,-216.778,-1331.223,-4809.486,KAD_FIGO,Peter,Pomacentridae,Chromis,viridis,37372053,1,AD,Passing,,
GX010037_L.MP4,50273,27.9574,KAD_FIGO_Transect 3,2.7572,,14.34,8.86,4912.706,15.995,,,-218.646,-1338.688,-4721.735,KAD_FIGO,Peter,Pomacentridae,Chromis,viridis,37372053,1,AD,Passing,,
GX010037_L.MP4,50273,27.9574,KAD_FIGO_Transect 3,2.7572,,16.199,5.02,5226.445,15.98,,,-324.622,-1404.666,-5023.67,KAD_FIGO,Peter,Pomacentridae,Chromis,viridis,37372053,1,AD,Passing,,
GX010037_L.MP4,50273,27.9574,KAD_FIGO_Transect 3,2.7572,,16.43,18.208,5255.142,16.214,,,-497.133,-1383.582,-5045.303,KAD_FIGO,Peter,Pomacentridae,Chromis,viridis,37372053,1,AD,Passing,,
GX010037_L.MP4,50273,27.9574,KAD_FIGO_Transect 3,2.7572,,12.617,12.995,4590.368,17.729,,,-508.56,-1304.619,-4371.592,KAD_FIGO,Peter,Pomacentridae,Chromis,viridis,37372053,1,AD,Passing,,
GX010037_L.MP4,50273,27.9574,KAD_FIGO_Transect 3,2.7572,,12.312,16.587,4553.112,19.975,,,-834.18,-1315.301,-4278.429,KAD_FIGO,Peter,Pomacentridae,Chromis,viridis,37372053,1,AD,Passing,,
GX010037_L.MP4,50273,27.9574,KAD_FIGO_Transect 3,2.7572,,12.523,1.962,4572.769,17.018,,,-414.617,-1275.011,-4371.802,KAD_FIGO,Peter,Pomacentridae,Chromis,viridis,37372053,1,AD,Passing,,
GX010037_L.MP4,50273,27.9574,KAD_FIGO_Transect 3,2.7572,,13.003,14.063,4681.394,18.571,,,-250.247,-1472.338,-4436.783,KAD_FIGO,Peter,Pomacentridae,Chromis,viridis,37372053,1,AD,Passing,,
GX010037_L.MP4,50273,27.9574,KAD_FIGO_Transect 3,2.7572,,13.486,17.993,4775.589,18.411,,,-81.571,-1508.743,-4530.263,KAD_FIGO,Peter,Pomacentridae,Chromis,viridis,37372053,1,AD,Passing,,
GX010037_L.MP4,50273,27.9574,KAD_FIGO_Transect 3,2.7572,,13.494,8.87,4749.836,16.562,,,-454.971,-1277.868,-4552.033,KAD_FIGO,Peter,Pomacentridae,Chromis,viridis,37372053,1,AD,Passing,,
GX010037_L.MP4,50273,27.9574,KAD_FIGO_Transect 3,2.7572,,12.315,6.285,4528.982,16.707,,,-552.402,-1181.549,-4337.104,KAD_FIGO,Peter,Pomacentridae,Chromis,viridis,37372053,1,AD,Passing,,
GX010037_L.MP4,50273,27.9574,KAD_FIGO_Transect 3,2.7572,,17.236,17.321,5386.628,15.584,,,-481.351,-1367.767,-5187.801,KAD_FIGO,Peter,Pomacentridae,Chromis,viridis,37372053,1,AD,Passing,,
GX010037_L.MP4,50273,27.9574,KAD_FIGO_Transect 3,2.7572,,16.149,12.777,5205.772,15.241,,,-619.772,-1223.044,-5021.963,KAD_FIGO,Peter,Pomacentridae,Chromis,viridis,37372053,1,AD,Passing,,
GX010037_L.MP4,50273,27.9574,KAD_FIGO_Transect 3,2.7572,,16.886,18.537,5326.43,15.626,,,-704.762,-1252.725,-5128.825,KAD_FIGO,Peter,Pomacentridae,Chromis,viridis,37372053,1,AD,Passing,,
GX010037_L.MP4,50273,27.9574,KAD_FIGO_Transect 3,2.7572,,18.009,17.775,5618.103,17.266,,,-1427.579,-864.896,-5364.425,KAD_FIGO,Peter,Pomacentridae,Chromis,viridis,37372053,1,AD,Passing,,
GX010037_L.MP4,50273,27.9574,KAD_FIGO_Transect 3,2.7572,,16.481,14.928,5320.957,17.25,,,-1210.059,-1015.577,-5081.038,KAD_FIGO,Peter,Pomacentridae,Chromis,viridis,37372053,1,AD,Passing,,
GX010037_L.MP4,50273,27.9574,KAD_FIGO_Transect 3,2.7572,,16.445,17.731,5380.015,19.089,,,-1479.555,-955.216,-5083.605,KAD_FIGO,Peter,Pomacentridae,Chromis,viridis,37372053,1,AD,Passing,,
GX010037_L.MP4,50273,27.9574,KAD_FIGO_Transect 3,2.7572,,19.159,18.566,5863.831,20.214,,,-1759.733,-1007.514,-5502.07,KAD_FIGO,Peter,Pomacentridae,Chromis,viridis,37372053,1,AD,Passing,,
GX010037_L.MP4,50273,27.9574,KAD_FIGO_Transect 3,2.7572,,15.328,19.825,5110.653,17.526,,,-1100.849,-1078.327,-4872.793,KAD_FIGO,Peter,Pomacentridae,Chromis,viridis,37372053,1,AD,Passing,,
GX010037_L.MP4,50273,27.9574,KAD_FIGO_Transect 3,2.7572,,13.936,14.647,4891.091,17.98,,,-1163.682,-964.654,-4651.672,KAD_FIGO,Peter,Pomacentridae,Chromis,viridis,37372053,1,AD,Passing,,
GX010037_L.MP4,50273,27.9574,KAD_FIGO_Transect 3,2.7572,,16.452,1.817,5344.227,19.019,,,-1361.136,-1089.445,-5051.849,KAD_FIGO,Peter,Pomacentridae,Chromis,viridis,37372053,1,AD,Passing,,
GX010037_L.MP4,50273,27.9574,KAD_FIGO_Transect 3,2.7572,,16.89,10.906,5346.413,16.382,,,-981.323,-1147.909,-5128.688,KAD_FIGO,Peter,Pomacentridae,Chromis,viridis,37372053,1,AD,Passing,,
GX010037_L.MP4,50273,27.9574,KAD_FIGO_Transect 3,2.7572,,15.526,6.795,5160.828,19.468,,,-1210.401,-1224.838,-4865.064,KAD_FIGO,Peter,Pomacentridae,Chromis,viridis,37372053,1,AD,Passing,,
GX010037_L.MP4,50273,27.9574,KAD_FIGO_Transect 3,2.7572,,14.232,3.642,4943.1,19.269,,,-1191.091,-1117.271,-4665.538,KAD_FIGO,Peter,Pomacentridae,Chromis,viridis,37372053,1,AD,Passing,,
GX010037_L.MP4,50273,27.9574,KAD_FIGO_Transect 3,2.7572,,27.029,6.385,6893.191,19.916,,,-1819.679,-1487.923,-6480.042,KAD_FIGO,Peter,Pomacentridae,Chromis,viridis,37372053,1,AD,Passing,,
GX010037_L.MP4,50273,27.9574,KAD_FIGO_Transect 3,2.7572,,28.646,9.442,7110.612,19.907,,,-1913.078,-1487.823,-6684.857,KAD_FIGO,Peter,Pomacentridae,Chromis,viridis,37372053,1,AD,Passing,,
GX010037_L.MP4,50273,27.9574,KAD_FIGO_Transect 3,2.7572,,19.026,18.825,5816.759,20.016,,,-1680.024,-1071.644,-5464.776,KAD_FIGO,Peter,Pomacentridae,Chromis,viridis,37372053,1,AD,Passing,,
GX010037_L.MP4,50273,27.9574,KAD_FIGO_Transect 3,2.7572,,17.52,17.442,5583.101,20.554,,,-1641.75,-1073.946,-5227.075,KAD_FIGO,Peter,Pomacentridae,Chromis,viridis,37372053,1,AD,Passing,,
GX010037_L.MP4,50273,27.9574,KAD_FIGO_Transect 3,2.7572,,17.269,18.519,5499.011,19.129,,,-1467.06,-1049.422,-5194.764,KAD_FIGO,Peter,Pomacentridae,Chromis,viridis,37372053,1,AD,Passing,,
GX010037_L.MP4,50273,27.9574,KAD_FIGO_Transect 3,2.7572,,17.25,18.859,5551.43,21.274,,,-1678.647,-1116.155,-5172.496,KAD_FIGO,Peter,Pomacentridae,Chromis,viridis,37372053,1,AD,Passing,,
GX010037_L.MP4,50273,27.9574,KAD_FIGO_Transect 3,2.7572,,16.746,16.473,5635.81,28.128,,,-2154.713,-1557.47,-4969.291,KAD_FIGO,Peter,Pomacentridae,Chromis,margaritifer,37372047,1,AD,Passing,,
GX010037_L.MP4,50273,27.9574,KAD_FIGO_Transect 3,2.7572,,22.048,14.168,6361.492,23.507,,,-2135.844,-1373.159,-5832.768,KAD_FIGO,Peter,Pomacentridae,Chromis,viridis,37372053,1,AD,Passing,,
GX010037_L.MP4,50273,27.9574,KAD_FIGO_Transect 3,2.7572,,26.847,11.511,7040.244,23.54,,,-2388.063,-1488.201,-6453.483,KAD_FIGO,Peter,Pomacentridae,Chromis,viridis,37372053,1,AD,Passing,,
GX010037_L.MP4,50273,27.9574,KAD_FIGO_Transect 3,2.7572,,16.174,16.195,5361.366,22.118,,,-1601.799,-1231.349,-4966.112,KAD_FIGO,Peter,Pomacentridae,Chromis,viridis,37372053,1,AD,Passing,,
GX010037_L.MP4,50273,27.9574,KAD_FIGO_Transect 3,2.7572,,22.436,2.245,6344.059,21.566,,,-1917.36,-1330.612,-5899.177,KAD_FIGO,Peter,Pomacentridae,Chromis,viridis,37372053,1,AD,Passing,,
GX010037_L.MP4,50273,27.9574,KAD_FIGO_Transect 3,2.7572,,16.761,4.041,5692.457,25.835,,,-2271.052,-1000.99,-5122.929,KAD_FIGO,Peter,Pomacentridae,Chromis,viridis,37372053,1,AD,Passing,,
GX010037_L.MP4,50273,27.9574,KAD_FIGO_Transect 3,2.7572,,18.212,6.912,5948.832,25.734,,,-2384.887,-994.986,-5358.257,KAD_FIGO,Peter,Pomacentridae,Chromis,viridis,37372053,1,AD,Passing,,
GX010037_L.MP4,60529,33.6608,KAD_FIGO_Transect 4,0.3926,,8.312,5.944,4133.191,30.622,,,2105.325,-13.129,-3556.783,KAD_FIGO,Peter,Acanthuridae,Zebrasoma,scopas,37437036,1,AD,Passing,,
GX010037_L.MP4,60626,33.7148,KAD_FIGO_Transect 4,0.4466,180.002,9.815,4.293,2791.273,26.548,61.434,6.612,1034.616,-697.109,-2496.961,KAD_FIGO,Peter,Holocentridae,Myripristis,kuntee,37261011,1,AD,Passing,,
GX010037_L.MP4,60660,33.7337,KAD_FIGO_Transect 4,0.4655,144.294,6.14,2.517,2687.979,27.434,55.028,46.213,1148.766,-462.645,-2385.692,KAD_FIGO,Peter,Holocentridae,Myripristis,kuntee,37261011,1,AD,Passing,,
GX010037_L.MP4,60660,33.7337,KAD_FIGO_Transect 4,0.4655,,4.472,1.726,2850.946,27.027,,,1263.461,-287.885,-2539.426,KAD_FIGO,Peter,Holocentridae,Myripristis,kuntee,37261011,1,AD,Passing,,
GX010037_L.MP4,60772,33.796,KAD_FIGO_Transect 4,0.5277,84.01,1.934,5.477,1688.769,14.338,15.474,13.706,-200.269,-367.132,-1636.169,KAD_FIGO,Peter,Chaetodontidae,Chaetodon,baronessa,37365034,1,AD,Passing,,
GX010037_L.MP4,60896,33.8649,KAD_FIGO_Transect 4,0.5967,88.763,8.587,13.06,4288.301,19.577,24.639,63.858,-1224.851,-751.273,-4040.403,KAD_FIGO,Peter,Acanthuridae,Zebrasoma,scopas,37437036,1,AD,Passing,,
GX010037_L.MP4,61067,33.96,KAD_FIGO_Transect 4,0.6918,175.529,4.562,5.668,2818.919,22.851,1.561,20.558,869.625,-664.868,-2597.693,KAD_FIGO,Peter,Acanthuridae,Ctenochaetus,striatus,37437022,1,AD,Passing,,
GX010037_L.MP4,61165,34.0145,KAD_FIGO_Transect 4,0.7463,,3.415,5.131,2325.931,20.091,,,-165.273,-782.983,-2183.936,KAD_FIGO,Peter,Labridae,Gomphosus,varius,37384106,1,AD,Passing,,
GX010037_L.MP4,61184,34.0251,KAD_FIGO_Transect 4,0.7569,239.555,9.659,6.031,4949.404,14.671,10.098,23.33,-253.374,-1227.678,-4788.027,KAD_FIGO,Peter,Scaridae,Scarus,oviceps,37386022,1,AD,Passing,,
GX010037_L.MP4,61188,34.0273,KAD_FIGO_Transect 4,0.7591,,6.146,7.392,3348.467,25.841,,,-1270.334,-720.354,-3013.234,KAD_FIGO,Peter,Pomacentridae,Chromis,ternatensis,37372051,1,AD,Passing,,
GX010037_L.MP4,61188,34.0273,KAD_FIGO_Transect 4,0.7591,,4.501,10.199,2821.857,24.526,,,-1039.913,-540.67,-2566.931,KAD_FIGO,Peter,Pomacentridae,Chromis,ternatensis,37372051,1,AD,Passing,,
GX010037_L.MP4,61188,34.0273,KAD_FIGO_Transect 4,0.7591,,6.267,0.686,3336.959,23.92,,,-1154.537,-707.279,-3049.934,KAD_FIGO,Peter,Pomacentridae,Chromis,ternatensis,37372051,1,AD,Passing,,
GX010037_L.MP4,61188,34.0273,KAD_FIGO_Transect 4,0.7591,,6.804,9.47,3505.074,24.819,,,-1263.696,-755.357,-3180.889,KAD_FIGO,Peter,Pomacentridae,Chromis,ternatensis,37372051,1,AD,Passing,,
GX010037_L.MP4,61188,34.0273,KAD_FIGO_Transect 4,0.7591,,4.445,5.426,2703.877,20.68,,,-695.312,-655.972,-2529.268,KAD_FIGO,Peter,Pomacentridae,Chromis,ternatensis,37372051,1,AD,Passing,,
GX010037_L.MP4,61188,34.0273,KAD_FIGO_Transect 4,0.7591,,14.074,12.595,5039.024,24.242,,,-1636.193,-1269.049,-4593.925,KAD_FIGO,Peter,Pomacentridae,Chromis,ternatensis,37372051,1,AD,Passing,,
GX010037_L.MP4,61238,34.0551,KAD_FIGO_Transect 4,0.7869,,32.342,10.218,7514.297,19.385,,,-1849.981,-1676.897,-7087.33,KAD_FIGO,Peter,Pomacentridae,Chromis,ternatensis,37372051,1,AD,Passing,,
GX010037_L.MP4,61238,34.0551,KAD_FIGO_Transect 4,0.7869,,6.137,1.35,3189.937,19.782,,,-736.484,-791.14,-3001.231,KAD_FIGO,Peter,Pomacentridae,Chromis,ternatensis,37372051,1,AD,Passing,,
GX010037_L.MP4,61238,34.0551,KAD_FIGO_Transect 4,0.7869,,6.215,18.236,3228.994,21.078,,,-818.324,-825.746,-3012.456,KAD_FIGO,Peter,Pomacentridae,Chromis,ternatensis,37372051,1,AD,Passing,,
GX010037_L.MP4,61238,34.0551,KAD_FIGO_Transect 4,0.7869,,6.278,7.187,3271.062,21.322,,,-934.116,-738.019,-3046.736,KAD_FIGO,Peter,Pomacentridae,Chromis,ternatensis,37372051,1,AD,Passing,,
GX010037_L.MP4,61238,34.0551,KAD_FIGO_Transect 4,0.7869,,5.973,8.255,3225.395,21.618,,,-1040.974,-574.854,-2998.181,KAD_FIGO,Peter,Pomacentridae,Chromis,ternatensis,37372051,1,AD,Passing,,
GX010037_L.MP4,61238,34.0551,KAD_FIGO_Transect 4,0.7869,,6.117,0.511,3193.989,17.639,,,-787.9,-563.888,-3043.487,KAD_FIGO,Peter,Pomacentridae,Chromis,ternatensis,37372051,1,AD,Passing,,
GX010037_L.MP4,61238,34.0551,KAD_FIGO_Transect 4,0.7869,,6.246,4.319,3197.476,15.221,,,-609.956,-578.612,-3084.966,KAD_FIGO,Peter,Pomacentridae,Chromis,ternatensis,37372051,1,AD,Passing,,
GX010037_L.MP4,61238,34.0551,KAD_FIGO_Transect 4,0.7869,,7.774,4.383,3598.998,16.997,,,-776.279,-712.131,-3441.373,KAD_FIGO,Peter,Pomacentridae,Chromis,ternatensis,37372051,1,AD,Passing,,
GX010037_L.MP4,61238,34.0551,KAD_FIGO_Transect 4,0.7869,,6.229,8.118,3216.422,18.128,,,-762.123,-650.385,-3056.393,KAD_FIGO,Peter,Pomacentridae,Chromis,ternatensis,37372051,1,AD,Passing,,
GX010037_L.MP4,61238,34.0551,KAD_FIGO_Transect 4,0.7869,,6.358,0.16,3287.426,18.599,,,-909.496,-523.483,-3115.438,KAD_FIGO,Peter,Pomacentridae,Chromis,ternatensis,37372051,1,AD,Passing,,
GX010037_L.MP4,61238,34.0551,KAD_FIGO_Transect 4,0.7869,,10.946,1.286,4343.592,16.726,,,-1077.451,-636.295,-4159.45,KAD_FIGO,Peter,Pomacentridae,Chromis,ternatensis,37372051,1,AD,Passing,,
GX010037_L.MP4,61238,34.0551,KAD_FIGO_Transect 4,0.7869,,7.778,10.505,3626.382,16.989,,,-885.918,-583.28,-3467.792,KAD_FIGO,Peter,Pomacentridae,Chromis,ternatensis,37372051,1,AD,Passing,,
GX010037_L.MP4,61238,34.0551,KAD_FIGO_Transect 4,0.7869,,3.952,12.356,2687.276,27.393,,,-1123.423,-517.711,-2385.654,KAD_FIGO,Peter,Pomacentridae,Chromis,ternatensis,37372051,1,AD,Passing,,
GX010037_L.MP4,61238,34.0551,KAD_FIGO_Transect 4,0.7869,,4.157,15.499,2731.383,26.813,,,-1069.07,-613.875,-2437.355,KAD_FIGO,Peter,Pomacentridae,Chromis,ternatensis,37372051,1,AD,Passing,,
GX010037_L.MP4,61238,34.0551,KAD_FIGO_Transect 4,0.7869,,4.673,16.266,2883.13,25.485,,,-1067.953,-632.698,-2602.231,KAD_FIGO,Peter,Pomacentridae,Chromis,ternatensis,37372051,1,AD,Passing,,
GX010037_L.MP4,61238,34.0551,KAD_FIGO_Transect 4,0.7869,,5.897,5.685,3246.809,24.162,,,-1162.872,-645.118,-2961.978,KAD_FIGO,Peter,Pomacentridae,Chromis,ternatensis,37372051,1,AD,Passing,,
GX010037_L.MP4,61238,34.0551,KAD_FIGO_Transect 4,0.7869,,5.473,1.576,3127.274,24.696,,,-1136.284,-646.699,-2840.86,KAD_FIGO,Peter,Pomacentridae,Chromis,ternatensis,37372051,1,AD,Passing,,
GX010037_L.MP4,61238,34.0551,KAD_FIGO_Transect 4,0.7869,,6.232,11.478,3356.18,24.422,,,-1232.467,-639.388,-3055.511,KAD_FIGO,Peter,Pomacentridae,Chromis,ternatensis,37372051,1,AD,Passing,,
GX010037_L.MP4,61238,34.0551,KAD_FIGO_Transect 4,0.7869,,9.546,1.719,4279.046,25.283,,,-1726.882,-600.5,-3868.786,KAD_FIGO,Peter,Pomacentridae,Chromis,ternatensis,37372051,1,AD,Passing,,
GX010037_L.MP4,61238,34.0551,KAD_FIGO_Transect 4,0.7869,,6.17,14.651,3478.783,30.055,,,-1599.918,-691.565,-3010.637,KAD_FIGO,Peter,Pomacentridae,Chromis,ternatensis,37372051,1,AD,Passing,,
GX010037_L.MP4,61238,34.0551,KAD_FIGO_Transect 4,0.7869,,9.883,0.464,4139.987,17.059,,,-1089.572,-538.757,-3957.533,KAD_FIGO,Peter,Pomacentridae,Chromis,ternatensis,37372051,1,AD,Passing,,
GX010037_L.MP4,61238,34.0551,KAD_FIGO_Transect 4,0.7869,,9.753,4.161,4161.074,19.586,,,-1274.117,-570.039,-3919.976,KAD_FIGO,Peter,Pomacentridae,Chromis,ternatensis,37372051,1,AD,Passing,,
GX010037_L.MP4,61238,34.0551,KAD_FIGO_Transect 4,0.7869,,7.609,4.037,3685.457,20.763,,,-1216.394,-478.856,-3445.82,KAD_FIGO,Peter,Pomacentridae,Chromis,ternatensis,37372051,1,AD,Passing,,
GX010037_L.MP4,61238,34.0551,KAD_FIGO_Transect 4,0.7869,,14.783,5.238,5289.517,21.644,,,-1888.29,-493.366,-4916.293,KAD_FIGO,Peter,Pomacentridae,Chromis,ternatensis,37372051,1,AD,Passing,,
GX010037_L.MP4,61238,34.0551,KAD_FIGO_Transect 4,0.7869,,15.008,15.523,5300.495,20.423,,,-1796.736,-442.098,-4967.045,KAD_FIGO,Peter,Pomacentridae,Chromis,ternatensis,37372051,1,AD,Passing,,
GX010037_L.MP4,61238,34.0551,KAD_FIGO_Transect 4,0.7869,,10.777,8.585,4486.102,21.865,,,-1607.824,-456.544,-4163.121,KAD_FIGO,Peter,Pomacentridae,Chromis,ternatensis,37372051,1,AD,Passing,,
GX010037_L.MP4,61238,34.0551,KAD_FIGO_Transect 4,0.7869,,2.928,1.993,2288.715,26.82,,,-987.476,-303.311,-2042.329,KAD_FIGO,Peter,Pomacentridae,Chromis,ternatensis,37372051,1,AD,Passing,,
GX010037_L.MP4,61238,34.0551,KAD_FIGO_Transect 4,0.7869,,4.957,4.128,3049.837,25.683,,,-1279.985,-331.307,-2748.341,KAD_FIGO,Peter,Pomacentridae,Chromis,ternatensis,37372051,1,AD,Passing,,
GX010037_L.MP4,61238,34.0551,KAD_FIGO_Transect 4,0.7869,,4.585,1.138,2929.416,26.313,,,-1247.606,-361.591,-2625.683,KAD_FIGO,Peter,Pomacentridae,Chromis,ternatensis,37372051,1,AD,Passing,,
GX010037_L.MP4,61238,34.0551,KAD_FIGO_Transect 4,0.7869,,16.705,6.083,5530.868,22.426,,,-1854.534,-1009.326,-5111.992,KAD_FIGO,Peter,Pomacentridae,Chromis,margaritifer,37372047,1,AD,Passing,,
GX010037_L.MP4,61238,34.0551,KAD_FIGO_Transect 4,0.7869,,15.214,6.015,5227.402,21.03,,,-1626.248,-937.839,-4878.679,KAD_FIGO,Peter,Pomacentridae,Chromis,margaritifer,37372047,1,AD,Passing,,
GX010037_L.MP4,61238,34.0551,KAD_FIGO_Transect 4,0.7869,,9.272,6.586,4048.16,21.881,,,-1270.234,-816.162,-3756.06,KAD_FIGO,Peter,Pomacentridae,Chromis,margaritifer,37372047,1,AD,Passing,,
GX010037_L.MP4,61238,34.0551,KAD_FIGO_Transect 4,0.7869,,8.171,1.842,3859.002,24.768,,,-1394.243,-820.51,-3503.533,KAD_FIGO,Peter,Pomacentridae,Chromis,margaritifer,37372047,1,AD,Passing,,
GX010037_L.MP4,61238,34.0551,KAD_FIGO_Transect 4,0.7869,,7.994,18.099,3932.312,28.345,,,-1689.165,-797.211,-3460.383,KAD_FIGO,Peter,Pomacentridae,Chromis,margaritifer,37372047,1,AD,Passing,,
GX010037_L.MP4,61238,34.0551,KAD_FIGO_Transect 4,0.7869,,10.64,7.2,4522.918,27.332,,,-1857.996,-929.892,-4017.454,KAD_FIGO,Peter,Pomacentridae,Chromis,margaritifer,37372047,1,AD,Passing,,
GX010037_L.MP4,61238,34.0551,KAD_FIGO_Transect 4,0.7869,,11.971,3.308,4812.158,25.674,,,-1951.776,-735.429,-4336.656,KAD_FIGO,Peter,Pomacentridae,Chromis,margaritifer,37372047,1,AD,Passing,,
GX010037_L.MP4,61238,34.0551,KAD_FIGO_Transect 4,0.7869,,13.041,3.55,4718.754,16.119,,,-1037.754,-802.269,-4532.777,KAD_FIGO,Peter,Pomacentridae,Chromis,margaritifer,37372047,1,AD,Passing,,
GX010037_L.MP4,61238,34.0551,KAD_FIGO_Transect 4,0.7869,,7.089,17.337,3430.82,18.057,,,-753.169,-752.666,-3261.404,KAD_FIGO,Peter,Pomacentridae,Chromis,margaritifer,37372047,1,AD,Passing,,
GX010037_L.MP4,61238,34.0551,KAD_FIGO_Transect 4,0.7869,,7.694,2.477,3594.171,18.448,,,-854.226,-752.904,-3409.032,KAD_FIGO,Peter,Pomacentridae,Chromis,margaritifer,37372047,1,AD,Passing,,
GX010037_L.MP4,61238,34.0551,KAD_FIGO_Transect 4,0.7869,,11.778,6.492,4447.65,14.577,,,-785.733,-799.832,-4304.008,KAD_FIGO,Peter,Pomacentridae,Chromis,margaritifer,37372047,1,AD,Passing,,
GX010037_L.MP4,61238,34.0551,KAD_FIGO_Transect 4,0.7869,,12.061,6.076,4506.612,14.951,,,-835.453,-811.149,-4353.574,KAD_FIGO,Peter,Pomacentridae,Chromis,margaritifer,37372047,1,AD,Passing,,
GX010037_L.MP4,61238,34.0551,KAD_FIGO_Transect 4,0.7869,,12.456,7.846,4586.71,15.094,,,-879.1,-811.166,-4427.991,KAD_FIGO,Peter,Pomacentridae,Chromis,margaritifer,37372047,1,AD,Passing,,
GX010037_L.MP4,61238,34.0551,KAD_FIGO_Transect 4,0.7869,,8.318,0.83,3756.987,18.195,,,-942.289,-700.848,-3568.733,KAD_FIGO,Peter,Pomacentridae,Chromis,margaritifer,37372047,1,AD,Passing,,
GX010037_L.MP4,61238,34.0551,KAD_FIGO_Transect 4,0.7869,,2.476,1.094,2008.854,23.275,,,-690.172,-393.219,-1845.139,KAD_FIGO,Peter,Pomacentridae,Chromis,margaritifer,37372047,1,AD,Passing,,
GX010037_L.MP4,61238,34.0551,KAD_FIGO_Transect 4,0.7869,,9.357,15.757,4237.161,28.633,,,-1758.834,-1016.72,-3718.376,KAD_FIGO,Peter,Pomacentridae,Chromis,margaritifer,37372047,1,AD,Passing,,
GX010037_L.MP4,61288,34.0829,KAD_FIGO_Transect 4,0.8147,123.734,6.384,7.705,3178.152,24.73,1.698,0.853,-1241.147,-476.671,-2886.692,KAD_FIGO,Peter,Scaridae,Chlorurus,sp,,1,AD,Passing,,
GX010037_L.MP4,61303,34.0913,KAD_FIGO_Transect 4,0.823,206.087,9.624,14.417,3847.825,26.174,15.51,17.777,-1471.396,-845.963,-3453.273,KAD_FIGO,Peter,Scaridae,Chlorurus,spilurus,temp_code_002,1,AD,Passing,,
GX010037_L.MP4,61331,34.1069,KAD_FIGO_Transect 4,0.8386,,2.948,2.428,2123.197,10.708,,,-231.296,-320.804,-2086.038,KAD_FIGO,Peter,Pomacentridae,Chromis,ternatensis,37372051,1,AD,Passing,,
GX010037_L.MP4,61331,34.1069,KAD_FIGO_Transect 4,0.8386,,3.229,7.622,2231.587,8.273,,,-48.504,-318.704,-2208.179,KAD_FIGO,Peter,Pomacentridae,Chromis,ternatensis,37372051,1,AD,Passing,,
GX010037_L.MP4,61331,34.1069,KAD_FIGO_Transect 4,0.8386,,3.716,5.288,2411.504,6.018,,,96.918,-234.928,-2398.076,KAD_FIGO,Peter,Pomacentridae,Chromis,ternatensis,37372051,1,AD,Passing,,
GX010037_L.MP4,61331,34.1069,KAD_FIGO_Transect 4,0.8386,,4.471,8.564,2677.35,3.961,,,89.408,-163.479,-2670.858,KAD_FIGO,Peter,Pomacentridae,Chromis,ternatensis,37372051,1,AD,Passing,,
GX010037_L.MP4,61331,34.1069,KAD_FIGO_Transect 4,0.8386,,4.24,0.892,2602.226,6.096,,,-203.983,-187.942,-2587.402,KAD_FIGO,Peter,Pomacentridae,Chromis,ternatensis,37372051,1,AD,Passing,,
GX010037_L.MP4,61331,34.1069,KAD_FIGO_Transect 4,0.8386,,4.404,10.491,2657.766,5.266,,,-150.118,-193.813,-2646.435,KAD_FIGO,Peter,Pomacentridae,Chromis,ternatensis,37372051,1,AD,Passing,,
GX010037_L.MP4,61331,34.1069,KAD_FIGO_Transect 4,0.8386,,3.434,4.691,2312.452,7.495,,,-169.571,-250.8,-2292.548,KAD_FIGO,Peter,Pomacentridae,Chromis,ternatensis,37372051,1,AD,Passing,,
GX010037_L.MP4,61331,34.1069,KAD_FIGO_Transect 4,0.8386,,9.263,10.388,3949.949,13.283,,,-753.85,-507.621,-3843.973,KAD_FIGO,Peter,Pomacentridae,Chromis,ternatensis,37372051,1,AD,Passing,,
GX010037_L.MP4,61331,34.1069,KAD_FIGO_Transect 4,0.8386,,11.576,3.618,4871.771,26.748,,,-2173.991,282.605,-4350.638,KAD_FIGO,Peter,Pomacentridae,Chromis,ternatensis,37372051,1,AD,Passing,,
GX010037_L.MP4,61331,34.1069,KAD_FIGO_Transect 4,0.8386,,7.657,2.998,3922.962,26.507,,,-1747.76,102.294,-3510.627,KAD_FIGO,Peter,Pomacentridae,Chromis,ternatensis,37372051,1,AD,Passing,,
GX010037_L.MP4,61331,34.1069,KAD_FIGO_Transect 4,0.8386,,9.234,1.632,4329.632,26.328,,,-1917.568,99.18,-3880.569,KAD_FIGO,Peter,Pomacentridae,Chromis,ternatensis,37372051,1,AD,Passing,,
GX010037_L.MP4,61331,34.1069,KAD_FIGO_Transect 4,0.8386,,10.35,1.856,4686.683,28.732,,,-2251.377,81.389,-4109.705,KAD_FIGO,Peter,Pomacentridae,Chromis,ternatensis,37372051,1,AD,Passing,,
GX010037_L.MP4,61331,34.1069,KAD_FIGO_Transect 4,0.8386,,14.56,6.212,5327.572,22.072,,,-1996.317,147.531,-4937.203,KAD_FIGO,Peter,Pomacentridae,Chromis,ternatensis,37372051,1,AD,Passing,,
GX010037_L.MP4,61331,34.1069,KAD_FIGO_Transect 4,0.8386,,6.336,2.408,3515.002,25.369,,,-1505.986,-11.194,-3176.023,KAD_FIGO,Peter,Pomacentridae,Chromis,ternatensis,37372051,1,AD,Passing,,
GX010037_L.MP4,61331,34.1069,KAD_FIGO_Transect 4,0.8386,,6.845,3.876,3654.284,25.015,,,-1544.557,-47.247,-3311.481,KAD_FIGO,Peter,Pomacentridae,Chromis,ternatensis,37372051,1,AD,Passing,,
GX010037_L.MP4,61331,34.1069,KAD_FIGO_Transect 4,0.8386,,9.277,9.996,4346.485,26.412,,,-1932.853,-48.452,-3892.771,KAD_FIGO,Peter,Pomacentridae,Chromis,ternatensis,37372051,1,AD,Passing,,
GX010037_L.MP4,61331,34.1069,KAD_FIGO_Transect 4,0.8386,,7.73,4.071,3975.572,27.454,,,-1832.353,-46.902,-3527.811,KAD_FIGO,Peter,Pomacentridae,Chromis,ternatensis,37372051,1,AD,Passing,,
GX010037_L.MP4,61331,34.1069,KAD_FIGO_Transect 4,0.8386,,6.296,7.014,3483.861,24.707,,,-1454.677,-67.756,-3164.903,KAD_FIGO,Peter,Pomacentridae,Chromis,ternatensis,37372051,1,AD,Passing,,
GX010037_L.MP4,61331,34.1069,KAD_FIGO_Transect 4,0.8386,,13.03,2.744,5172.899,25.899,,,-2255.162,-141.627,-4653.286,KAD_FIGO,Peter,Pomacentridae,Chromis,ternatensis,37372051,1,AD,Passing,,
GX010037_L.MP4,61331,34.1069,KAD_FIGO_Transect 4,0.8386,,7.354,1.671,3700.787,21.524,,,-1356.094,-69.727,-3442.669,KAD_FIGO,Peter,Pomacentridae,Chromis,ternatensis,37372051,1,AD,Passing,,
GX010037_L.MP4,61331,34.1069,KAD_FIGO_Transect 4,0.8386,,5.743,7.341,3194.503,19.474,,,-1062.771,-70.183,-3011.717,KAD_FIGO,Peter,Pomacentridae,Chromis,ternatensis,37372051,1,AD,Passing,,
GX010037_L.MP4,61331,34.1069,KAD_FIGO_Transect 4,0.8386,,8.277,4.764,3877.54,18.887,,,-1254.003,-56.725,-3668.729,KAD_FIGO,Peter,Pomacentridae,Chromis,ternatensis,37372051,1,AD,Passing,,
GX010037_L.MP4,61331,34.1069,KAD_FIGO_Transect 4,0.8386,,6.585,6.166,3438.741,19.313,,,-1137.276,-10.408,-3245.217,KAD_FIGO,Peter,Pomacentridae,Chromis,ternatensis,37372051,1,AD,Passing,,
GX010037_L.MP4,61331,34.1069,KAD_FIGO_Transect 4,0.8386,,6.829,4.83,3514.808,19.677,,,-1183.396,-17.547,-3309.553,KAD_FIGO,Peter,Pomacentridae,Chromis,ternatensis,37372051,1,AD,Passing,,
GX010037_L.MP4,61331,34.1069,KAD_FIGO_Transect 4,0.8386,,6.177,4.977,3283.887,17.261,,,-973.938,-32.059,-3135.974,KAD_FIGO,Peter,Pomacentridae,Chromis,ternatensis,37372051,1,AD,Passing,,
GX010037_L.MP4,61331,34.1069,KAD_FIGO_Transect 4,0.8386,,5.862,1.555,3187.302,17.243,,,-937.393,-119.854,-3043.982,KAD_FIGO,Peter,Pomacentridae,Chromis,ternatensis,37372051,1,AD,Passing,,
GX010037_L.MP4,61331,34.1069,KAD_FIGO_Transect 4,0.8386,,5.984,4.301,3297.073,21.094,,,-1179.793,-128.741,-3076.07,KAD_FIGO,Peter,Pomacentridae,Chromis,ternatensis,37372051,1,AD,Passing,,
GX010037_L.MP4,61331,34.1069,KAD_FIGO_Transect 4,0.8386,,7.827,8.051,3696.04,17.03,,,-1037.904,-309.402,-3533.8,KAD_FIGO,Peter,Pomacentridae,Chromis,ternatensis,37372051,1,AD,Passing,,
GX010037_L.MP4,61331,34.1069,KAD_FIGO_Transect 4,0.8386,,5.302,6.895,3134.778,23.546,,,-1238.177,-189.228,-2873.664,KAD_FIGO,Peter,Pomacentridae,Chromis,ternatensis,37372051,1,AD,Passing,,
GX010037_L.MP4,61331,34.1069,KAD_FIGO_Transect 4,0.8386,,4.035,6.052,2701.044,24.517,,,-1083.843,-286.973,-2457.35,KAD_FIGO,Peter,Pomacentridae,Chromis,ternatensis,37372051,1,AD,Passing,,
GX010037_L.MP4,61331,34.1069,KAD_FIGO_Transect 4,0.8386,,5.373,4.238,3118.415,22.889,,,-1163.802,-343.275,-2872.671,KAD_FIGO,Peter,Pomacentridae,Chromis,ternatensis,37372051,1,AD,Passing,,
GX010037_L.MP4,61331,34.1069,KAD_FIGO_Transect 4,0.8386,,4.545,9.583,2776.43,19.678,,,-860.104,-368.024,-2614.067,KAD_FIGO,Peter,Pomacentridae,Chromis,ternatensis,37372051,1,AD,Passing,,
GX010037_L.MP4,61331,34.1069,KAD_FIGO_Transect 4,0.8386,,4.181,10.458,2650.507,19.941,,,-816.376,-389.597,-2491.371,KAD_FIGO,Peter,Pomacentridae,Chromis,ternatensis,37372051,1,AD,Passing,,
GX010037_L.MP4,61331,34.1069,KAD_FIGO_Transect 4,0.8386,,5.334,2.222,3207.545,26.08,,,-1397.634,-188.915,-2880.846,KAD_FIGO,Peter,Pomacentridae,Chromis,ternatensis,37372051,1,AD,Passing,,
GX010037_L.MP4,61331,34.1069,KAD_FIGO_Transect 4,0.8386,,5.401,2.732,3245.647,26.919,,,-1451.7,-229.229,-2893.829,KAD_FIGO,Peter,Pomacentridae,Chromis,ternatensis,37372051,1,AD,Passing,,
GX010037_L.MP4,61331,34.1069,KAD_FIGO_Transect 4,0.8386,,4.427,5.779,2900.408,26.983,,,-1284.074,-289.584,-2584.504,KAD_FIGO,Peter,Pomacentridae,Chromis,ternatensis,37372051,1,AD,Passing,,
GX010037_L.MP4,61331,34.1069,KAD_FIGO_Transect 4,0.8386,,4.233,11.017,2803.041,25.629,,,-1184.137,-261.914,-2527.105,KAD_FIGO,Peter,Pomacentridae,Chromis,ternatensis,37372051,1,AD,Passing,,
GX010037_L.MP4,61331,34.1069,KAD_FIGO_Transect 4,0.8386,,11.084,8.955,4495.387,22.951,,,-1549.962,-821.225,-4139.047,KAD_FIGO,Peter,Pomacentridae,Chromis,ternatensis,37372051,1,AD,Passing,,
GX010037_L.MP4,61331,34.1069,KAD_FIGO_Transect 4,0.8386,,4.182,2.931,2727.781,26.07,,,-1039.696,-598.127,-2449.912,KAD_FIGO,Peter,Pomacentridae,Chromis,ternatensis,37372051,1,AD,Passing,,
GX010037_L.MP4,61331,34.1069,KAD_FIGO_Transect 4,0.8386,,1.75,9.899,1667.171,25.538,,,-634.636,-338.26,-1504.086,KAD_FIGO,Peter,Pomacentridae,Chromis,ternatensis,37372051,1,AD,Passing,,
GX010037_L.MP4,61331,34.1069,KAD_FIGO_Transect 4,0.8386,,4.47,7.844,2739.16,17.487,,,-790.905,-229.488,-2612.432,KAD_FIGO,Peter,Pomacentridae,Chromis,ternatensis,37372051,1,AD,Passing,,
GX010037_L.MP4,61331,34.1069,KAD_FIGO_Transect 4,0.8386,,3.98,7.967,2554.35,16.248,,,-680.366,-220.275,-2452.2,KAD_FIGO,Peter,Pomacentridae,Chromis,ternatensis,37372051,1,AD,Passing,,
GX010037_L.MP4,61331,34.1069,KAD_FIGO_Transect 4,0.8386,,5.249,1.467,2943.041,12.661,,,-618.816,-183.801,-2871.371,KAD_FIGO,Peter,Pomacentridae,Chromis,ternatensis,37372051,1,AD,Passing,,
GX010037_L.MP4,61331,34.1069,KAD_FIGO_Transect 4,0.8386,,4.3,8.964,2639.511,17.195,,,-624.149,-469.81,-2521.257,KAD_FIGO,Peter,Pomacentridae,Chromis,ternatensis,37372051,1,AD,Passing,,
GX010037_L.MP4,61331,34.1069,KAD_FIGO_Transect 4,0.8386,,7.214,7.605,3687.949,23.551,,,-1441.285,-308.866,-3380.572,KAD_FIGO,Peter,Pomacentridae,Chromis,margaritifer,37372047,1,AD,Passing,,
GX010037_L.MP4,61331,34.1069,KAD_FIGO_Transect 4,0.8386,,8.947,2.537,4096.941,22.377,,,-1519.827,-352.53,-3788.242,KAD_FIGO,Peter,Pomacentridae,Chromis,margaritifer,37372047,1,AD,Passing,,
GX010037_L.MP4,61331,34.1069,KAD_FIGO_Transect 4,0.8386,,9.934,0.637,4306.896,22.493,,,-1574.596,-487.763,-3978.956,KAD_FIGO,Peter,Pomacentridae,Chromis,margaritifer,37372047,1,AD,Passing,,
GX010037_L.MP4,61331,34.1069,KAD_FIGO_Transect 4,0.8386,,9.098,4.464,4170.478,22.942,,,-1607.479,-244.463,-3840.46,KAD_FIGO,Peter,Pomacentridae,Chromis,margaritifer,37372047,1,AD,Passing,,
GX010037_L.MP4,61331,34.1069,KAD_FIGO_Transect 4,0.8386,,10.602,0.027,4358.857,16.616,,,-1232.259,-189.84,-4176.737,KAD_FIGO,Peter,Pomacentridae,Chromis,margaritifer,37372047,1,AD,Passing,,
GX010037_L.MP4,61331,34.1069,KAD_FIGO_Transect 4,0.8386,,11.222,3.134,4594.581,20.724,,,-1611.065,-221.209,-4297.175,KAD_FIGO,Peter,Pomacentridae,Chromis,margaritifer,37372047,1,AD,Passing,,
GX010037_L.MP4,61331,34.1069,KAD_FIGO_Transect 4,0.8386,,21.759,1.078,6374.672,21.491,,,-2178.29,838.688,-5931.956,KAD_FIGO,Peter,Pomacentridae,Chromis,margaritifer,37372047,1,AD,Passing,,
GX010037_L.MP4,61331,34.1069,KAD_FIGO_Transect 4,0.8386,,11.124,0.283,4622.086,21.791,,,-1714.66,-65.298,-4291.778,KAD_FIGO,Peter,Pomacentridae,Chromis,margaritifer,37372047,1,AD,Passing,,
GX010037_L.MP4,61331,34.1069,KAD_FIGO_Transect 4,0.8386,,5.363,7.738,3151.611,24.578,,,-1259.759,-364.148,-2865.843,KAD_FIGO,Peter,Pomacentridae,Chromis,margaritifer,37372047,1,AD,Passing,,
GX010037_L.MP4,61331,34.1069,KAD_FIGO_Transect 4,0.8386,,8.649,3.867,4153.251,26.304,,,-1813.585,-315.585,-3723.011,KAD_FIGO,Peter,Pomacentridae,Chromis,margaritifer,37372047,1,AD,Passing,,
GX010037_L.MP4,61331,34.1069,KAD_FIGO_Transect 4,0.8386,,5.357,2.879,3232.839,26.839,,,-1445.817,-201.688,-2884.473,KAD_FIGO,Peter,Pomacentridae,Chromis,margaritifer,37372047,1,AD,Passing,,
GX010037_L.MP4,61331,34.1069,KAD_FIGO_Transect 4,0.8386,,5.478,0.042,3181.836,24.183,,,-1256.435,-348.518,-2902.41,KAD_FIGO,Peter,Pomacentridae,Chromis,margaritifer,37372047,1,AD,Passing,,
GX010037_L.MP4,61331,34.1069,KAD_FIGO_Transect 4,0.8386,,7.127,1.926,3536.095,17.589,,,-1043.22,-233.192,-3370.65,KAD_FIGO,Peter,Pomacentridae,Chromis,margaritifer,37372047,1,AD,Passing,,
GX010037_L.MP4,61331,34.1069,KAD_FIGO_Transect 4,0.8386,,11.938,1.66,4687.484,18.969,,,-1499.781,-271.511,-4432.77,KAD_FIGO,Peter,Pomacentridae,Chromis,margaritifer,37372047,1,AD,Passing,,
GX010037_L.MP4,61331,34.1069,KAD_FIGO_Transect 4,0.8386,,7.063,1.761,3462.939,12.019,,,-720.653,-27.573,-3387.012,KAD_FIGO,Peter,Pomacentridae,Chromis,margaritifer,37372047,1,AD,Passing,,
GX010037_L.MP4,61331,34.1069,KAD_FIGO_Transect 4,0.8386,,6.32,11.841,3267.531,12.811,,,-724.215,-22.983,-3186.18,KAD_FIGO,Peter,Pomacentridae,Chromis,margaritifer,37372047,1,AD,Passing,,
GX010037_L.MP4,61331,34.1069,KAD_FIGO_Transect 4,0.8386,,13.495,4.553,4908.752,13.916,,,-1177.884,77.042,-4764.714,KAD_FIGO,Peter,Pomacentridae,Chromis,margaritifer,37372047,1,AD,Passing,,
GX010037_L.MP4,61331,34.1069,KAD_FIGO_Transect 4,0.8386,,13.922,4.126,5028.486,15.899,,,-1376.267,56.703,-4836.15,KAD_FIGO,Peter,Pomacentridae,Chromis,margaritifer,37372047,1,AD,Passing,,
GX010037_L.MP4,61331,34.1069,KAD_FIGO_Transect 4,0.8386,,6.134,1.149,3220.999,13.622,,,-754.163,-83.472,-3130.352,KAD_FIGO,Peter,Pomacentridae,Chromis,margaritifer,37372047,1,AD,Passing,,
GX010037_L.MP4,61331,34.1069,KAD_FIGO_Transect 4,0.8386,,8.832,3.648,3938.06,15.89,,,-1057.601,207.472,-3787.711,KAD_FIGO,Peter,Pomacentridae,Chromis,ternatensis,37372051,1,AD,Passing,,
GX010037_L.MP4,61331,34.1069,KAD_FIGO_Transect 4,0.8386,,10.594,4.436,4339.512,16.768,,,-1213.125,306.93,-4155.176,KAD_FIGO,Peter,Pomacentridae,Chromis,ternatensis,37372051,1,AD,Passing,,
GX010037_L.MP4,61331,34.1069,KAD_FIGO_Transect 4,0.8386,,7.619,2.239,3582.795,10.359,,,-610.94,202.292,-3524.522,KAD_FIGO,Peter,Pomacentridae,Chromis,ternatensis,37372051,1,AD,Passing,,
GX010037_L.MP4,61331,34.1069,KAD_FIGO_Transect 4,0.8386,,6.682,0.489,3338.198,8.969,,,-495.163,158.306,-3297.472,KAD_FIGO,Peter,Pomacentridae,Chromis,ternatensis,37372051,1,AD,Passing,,
GX010037_L.MP4,61331,34.1069,KAD_FIGO_Transect 4,0.8386,,11.407,2.939,4444.891,7.546,,,-558.093,168.516,-4406.494,KAD_FIGO,Peter,Pomacentridae,Chromis,margaritifer,37372047,1,AD,Passing,,
GX010037_L.MP4,61331,34.1069,KAD_FIGO_Transect 4,0.8386,,1.882,4.047,1672.947,21.09,,,301.025,-522.212,-1560.587,KAD_FIGO,Peter,Pomacentridae,Stegastes,lacrymatus,temp_code_006,1,AD,Passing,,
GX010037_L.MP4,61396,34.143,KAD_FIGO_Transect 4,0.8748,,2.183,2.697,1872.51,26.313,,,731.296,-393.614,-1678.264,KAD_FIGO,Peter,Pomacentridae,Chromis,ternatensis,37372051,1,AD,Passing,,
GX010037_L.MP4,61396,34.143,KAD_FIGO_Transect 4,0.8748,,2.269,0.31,1928.151,27.125,,,789.735,-387.182,-1715.86,KAD_FIGO,Peter,Pomacentridae,Chromis,ternatensis,37372051,1,AD,Passing,,
GX010037_L.MP4,61396,34.143,KAD_FIGO_Transect 4,0.8748,,2.441,1.591,1944.73,22.699,,,606.162,-443.457,-1793.847,KAD_FIGO,Peter,Pomacentridae,Chromis,margaritifer,37372047,1,AD,Passing,,
GX010037_L.MP4,61396,34.143,KAD_FIGO_Transect 4,0.8748,,1.979,0.452,1730.167,22.621,,,542.521,-386.354,-1596.834,KAD_FIGO,Peter,Pomacentridae,Chromis,ternatensis,37372051,1,AD,Passing,,
GX010037_L.MP4,61396,34.143,KAD_FIGO_Transect 4,0.8748,,2.437,0.957,1943.605,22.164,,,625.773,-383.218,-1799.765,KAD_FIGO,Peter,Pomacentridae,Chromis,ternatensis,37372051,1,AD,Passing,,
GX010037_L.MP4,61396,34.143,KAD_FIGO_Transect 4,0.8748,,2.511,3.321,1960.459,20.125,,,577.349,-349.89,-1840.556,KAD_FIGO,Peter,Pomacentridae,Chromis,ternatensis,37372051,1,AD,Passing,,
GX010037_L.MP4,61396,34.143,KAD_FIGO_Transect 4,0.8748,,2.32,5.667,1875.309,20.598,,,531.318,-392.119,-1755.2,KAD_FIGO,Peter,Pomacentridae,Chromis,ternatensis,37372051,1,AD,Passing,,
GX010037_L.MP4,61396,34.143,KAD_FIGO_Transect 4,0.8748,,1.874,11.624,1727.252,28.405,,,654.641,-497.46,-1519.006,KAD_FIGO,Peter,Pomacentridae,Chromis,ternatensis,37372051,1,AD,Passing,,
GX010037_L.MP4,61396,34.143,KAD_FIGO_Transect 4,0.8748,,1.436,11.509,1451.487,20.453,,,-162.085,-481.397,-1359.706,KAD_FIGO,Peter,Pomacentridae,Chromis,ternatensis,37372051,1,AD,Passing,,
GX010037_L.MP4,61396,34.143,KAD_FIGO_Transect 4,0.8748,,2.249,6.262,1844.221,18.193,,,-311.327,-485.419,-1751.74,KAD_FIGO,Peter,Pomacentridae,Chromis,ternatensis,37372051,1,AD,Passing,,
GX010037_L.MP4,61396,34.143,KAD_FIGO_Transect 4,0.8748,,1.957,12.151,1725.616,21.497,,,-390.396,-498.404,-1605.284,KAD_FIGO,Peter,Pomacentridae,Chromis,ternatensis,37372051,1,AD,Passing,,
GX010037_L.MP4,61396,34.143,KAD_FIGO_Transect 4,0.8748,,3.38,6.332,2289.344,7.466,,,-18.697,-298.209,-2269.762,KAD_FIGO,Peter,Pomacentridae,Chromis,margaritifer,37372047,1,AD,Passing,,
GX010037_L.MP4,61396,34.143,KAD_FIGO_Transect 4,0.8748,,4.176,1.924,2569.066,6.451,,,116.043,-265.785,-2552.645,KAD_FIGO,Peter,Pomacentridae,Chromis,margaritifer,37372047,1,AD,Passing,,
GX010037_L.MP4,61396,34.143,KAD_FIGO_Transect 4,0.8748,,2.846,5.729,2073.406,11.444,,,156.89,-381.474,-2031.964,KAD_FIGO,Peter,Pomacentridae,Chromis,margaritifer,37372047,1,AD,Passing,,
GX010037_L.MP4,61396,34.143,KAD_FIGO_Transect 4,0.8748,,2.673,5.896,2044.901,20.833,,,667.351,-290.188,-1911.034,KAD_FIGO,Peter,Pomacentridae,Chromis,ternatensis,37372051,1,AD,Passing,,
GX010037_L.MP4,61396,34.143,KAD_FIGO_Transect 4,0.8748,,3.379,4.052,2315.829,18.438,,,703.846,-203.943,-2196.832,KAD_FIGO,Peter,Pomacentridae,Chromis,ternatensis,37372051,1,AD,Passing,,
GX010037_L.MP4,61396,34.143,KAD_FIGO_Transect 4,0.8748,,3.544,10.492,2404.688,20.235,,,818.131,-151.042,-2256.186,KAD_FIGO,Peter,Pomacentridae,Chromis,ternatensis,37372051,1,AD,Passing,,
GX010037_L.MP4,61396,34.143,KAD_FIGO_Transect 4,0.8748,,2.733,1.642,2188.184,28.181,,,1007.021,-233.057,-1928.663,KAD_FIGO,Peter,Pomacentridae,Chromis,ternatensis,37372051,1,AD,Passing,,
GX010037_L.MP4,61396,34.143,KAD_FIGO_Transect 4,0.8748,,3.338,7.168,2420.86,25.863,,,1053.428,-75.387,-2178.341,KAD_FIGO,Peter,Pomacentridae,Chromis,ternatensis,37372051,1,AD,Passing,,
GX010037_L.MP4,61396,34.143,KAD_FIGO_Transect 4,0.8748,,5.897,7.013,3292.572,22.368,,,-1237.354,-199.253,-3044.714,KAD_FIGO,Peter,Pomacentridae,Chromis,ternatensis,37372051,1,AD,Passing,,
GX010037_L.MP4,61396,34.143,KAD_FIGO_Transect 4,0.8748,,4.884,6.679,3007.649,23.887,,,-1208.487,-152.799,-2749.939,KAD_FIGO,Peter,Pomacentridae,Chromis,ternatensis,37372051,1,AD,Passing,,
GX010037_L.MP4,61396,34.143,KAD_FIGO_Transect 4,0.8748,,8.318,10.215,4109.727,27.083,,,-1860.052,-205.083,-3658.962,KAD_FIGO,Peter,Pomacentridae,Chromis,ternatensis,37372051,1,AD,Passing,,
GX010037_L.MP4,61396,34.143,KAD_FIGO_Transect 4,0.8748,,5.112,5.681,3147.393,26.514,,,-1396.437,-156.979,-2816.275,KAD_FIGO,Peter,Pomacentridae,Chromis,ternatensis,37372051,1,AD,Passing,,
GX010037_L.MP4,61396,34.143,KAD_FIGO_Transect 4,0.8748,,4.329,11.971,2881.479,27.609,,,-1307.754,-271.787,-2553.2,KAD_FIGO,Peter,Pomacentridae,Chromis,ternatensis,37372051,1,AD,Passing,,
GX010037_L.MP4,61396,34.143,KAD_FIGO_Transect 4,0.8748,,4.014,5.665,2613.784,20.691,,,-864.484,-326.308,-2445.007,KAD_FIGO,Peter,Pomacentridae,Chromis,ternatensis,37372051,1,AD,Passing,,
GX010037_L.MP4,61396,34.143,KAD_FIGO_Transect 4,0.8748,,3.379,9.754,2421.974,24.039,,,-917.858,-363.106,-2211.707,KAD_FIGO,Peter,Pomacentridae,Chromis,ternatensis,37372051,1,AD,Passing,,
GX010037_L.MP4,61396,34.143,KAD_FIGO_Transect 4,0.8748,,3.351,16.45,2476.428,27.283,,,-1083.069,-341.267,-2200.726,KAD_FIGO,Peter,Pomacentridae,Chromis,ternatensis,37372051,1,AD,Passing,,
GX010037_L.MP4,61396,34.143,KAD_FIGO_Transect 4,0.8748,,5.387,6.865,3051.567,18.144,,,-932.188,-186.272,-2899.723,KAD_FIGO,Peter,Pomacentridae,Chromis,ternatensis,37372051,1,AD,Passing,,
GX010037_L.MP4,61396,34.143,KAD_FIGO_Transect 4,0.8748,,3.569,7.228,2573.131,29.167,,,-1147.301,-507.598,-2246.564,KAD_FIGO,Peter,Pomacentridae,Chromis,ternatensis,37372051,1,AD,Passing,,
GX010037_L.MP4,61396,34.143,KAD_FIGO_Transect 4,0.8748,,3.415,2.355,2470.512,26.591,,,-1012.805,-445.236,-2208.941,KAD_FIGO,Peter,Pomacentridae,Chromis,ternatensis,37372051,1,AD,Passing,,
GX010037_L.MP4,61396,34.143,KAD_FIGO_Transect 4,0.8748,,6.191,11.496,3476.525,26.745,,,-1530.186,-327.652,-3104.416,KAD_FIGO,Peter,Pomacentridae,Chromis,ternatensis,37372051,1,AD,Passing,,
GX010037_L.MP4,61396,34.143,KAD_FIGO_Transect 4,0.8748,,8.135,8.688,3848.955,20.683,,,-1316.259,-341.916,-3600.696,KAD_FIGO,Peter,Pomacentridae,Chromis,margaritifer,37372047,1,AD,Passing,,
GX010037_L.MP4,61396,34.143,KAD_FIGO_Transect 4,0.8748,,5.007,3.982,2898.347,16.735,,,-787.302,-278.494,-2775.43,KAD_FIGO,Peter,Pomacentridae,Chromis,margaritifer,37372047,1,AD,Passing,,
GX010037_L.MP4,61396,34.143,KAD_FIGO_Transect 4,0.8748,,6.75,16.142,3571.715,24.872,,,-1442.563,-421.087,-3240.192,KAD_FIGO,Peter,Pomacentridae,Chromis,margaritifer,37372047,1,AD,Passing,,
GX010037_L.MP4,61396,34.143,KAD_FIGO_Transect 4,0.8748,,8.694,9.42,4082.402,23.937,,,-1619.548,-349.424,-3731.082,KAD_FIGO,Peter,Pomacentridae,Chromis,margaritifer,37372047,1,AD,Passing,,
GX010037_L.MP4,61396,34.143,KAD_FIGO_Transect 4,0.8748,,6.814,11.094,3728.713,28.919,,,-1776.638,-309.58,-3263.589,KAD_FIGO,Peter,Pomacentridae,Chromis,margaritifer,37372047,1,AD,Passing,,
GX010037_L.MP4,61396,34.143,KAD_FIGO_Transect 4,0.8748,,9.388,3.792,4064.514,15.592,,,-1072.713,-209.077,-3914.824,KAD_FIGO,Peter,Pomacentridae,Chromis,margaritifer,37372047,1,AD,Passing,,
GX010037_L.MP4,61396,34.143,KAD_FIGO_Transect 4,0.8748,,9.078,7.365,4013.947,16.37,,,-1122.517,-143.053,-3851.138,KAD_FIGO,Peter,Pomacentridae,Chromis,margaritifer,37372047,1,AD,Passing,,
GX010037_L.MP4,61396,34.143,KAD_FIGO_Transect 4,0.8748,,13.72,5.32,5018.562,17.969,,,-1527.039,-258.118,-4773.625,KAD_FIGO,Peter,Pomacentridae,Chromis,margaritifer,37372047,1,AD,Passing,,
GX010037_L.MP4,61396,34.143,KAD_FIGO_Transect 4,0.8748,,6.849,1.225,3428.914,15.381,,,-886.195,-206.342,-3305.985,KAD_FIGO,Peter,Pomacentridae,Chromis,margaritifer,37372047,1,AD,Passing,,
GX010037_L.MP4,61396,34.143,KAD_FIGO_Transect 4,0.8748,,6.445,7.165,3299.969,13.804,,,-762.571,-198.057,-3204.537,KAD_FIGO,Peter,Pomacentridae,Chromis,margaritifer,37372047,1,AD,Passing,,
GX010037_L.MP4,61396,34.143,KAD_FIGO_Transect 4,0.8748,,8.851,4.84,3958.552,17.773,,,-1161.044,-336.87,-3769.434,KAD_FIGO,Peter,Pomacentridae,Chromis,margaritifer,37372047,1,AD,Passing,,
GX010037_L.MP4,61396,34.143,KAD_FIGO_Transect 4,0.8748,,8.401,7.001,3864.931,16.877,,,-1118.563,-91.008,-3698.409,KAD_FIGO,Peter,Pomacentridae,Chromis,ternatensis,37372051,1,AD,Passing,,
GX010037_L.MP4,61396,34.143,KAD_FIGO_Transect 4,0.8748,,12.516,6.107,4691.391,12.142,,,-978.406,-131.148,-4586.357,KAD_FIGO,Peter,Pomacentridae,Chromis,margaritifer,37372047,1,AD,Passing,,
GX010037_L.MP4,61396,34.143,KAD_FIGO_Transect 4,0.8748,,10.887,11.03,4343.569,10.52,,,-778.751,-152.305,-4270.473,KAD_FIGO,Peter,Pomacentridae,Chromis,margaritifer,37372047,1,AD,Passing,,
GX010037_L.MP4,61396,34.143,KAD_FIGO_Transect 4,0.8748,,9.392,2.824,4016.2,7.289,,,-509.204,-20.789,-3983.734,KAD_FIGO,Peter,Pomacentridae,Chromis,margaritifer,37372047,1,AD,Passing,,
GX010037_L.MP4,61396,34.143,KAD_FIGO_Transect 4,0.8748,,8.483,17.494,3803.058,7.836,,,-518.339,-14.278,-3767.542,KAD_FIGO,Peter,Pomacentridae,Chromis,margaritifer,37372047,1,AD,Passing,,
GX010037_L.MP4,61396,34.143,KAD_FIGO_Transect 4,0.8748,,9.309,0.979,3994.845,6.614,,,-446.97,-111.489,-3968.196,KAD_FIGO,Peter,Pomacentridae,Chromis,margaritifer,37372047,1,AD,Passing,,
GX010037_L.MP4,61396,34.143,KAD_FIGO_Transect 4,0.8748,,9.31,3.628,3999.895,10.043,,,-693.676,-75.771,-3938.557,KAD_FIGO,Peter,Pomacentridae,Chromis,margaritifer,37372047,1,AD,Passing,,
GX010037_L.MP4,61396,34.143,KAD_FIGO_Transect 4,0.8748,,6.69,3.456,3347.47,8.959,,,-519.472,41.926,-3306.652,KAD_FIGO,Peter,Pomacentridae,Chromis,ternatensis,37372051,1,AD,Passing,,
GX010037_L.MP4,61396,34.143,KAD_FIGO_Transect 4,0.8748,,7.518,1.004,3563.478,9.833,,,-596.687,117.482,-3511.202,KAD_FIGO,Peter,Pomacentridae,Chromis,ternatensis,37372051,1,AD,Passing,,
GX010037_L.MP4,61396,34.143,KAD_FIGO_Transect 4,0.8748,,8.286,12.505,3793.44,14.05,,,-919.378,51.655,-3679.982,KAD_FIGO,Peter,Pomacentridae,Chromis,ternatensis,37372051,1,AD,Passing,,
GX010037_L.MP4,61396,34.143,KAD_FIGO_Transect 4,0.8748,,9.022,5.305,3990.777,15.405,,,-1059.669,-33.329,-3847.374,KAD_FIGO,Peter,Pomacentridae,Chromis,ternatensis,37372051,1,AD,Passing,,
GX010037_L.MP4,61396,34.143,KAD_FIGO_Transect 4,0.8748,,10.509,6.47,4276.27,12.193,,,-892.176,137.93,-4179.89,KAD_FIGO,Peter,Pomacentridae,Chromis,ternatensis,37372051,1,AD,Passing,,
GX010037_L.MP4,61396,34.143,KAD_FIGO_Transect 4,0.8748,,11.483,9.143,4495.072,13.873,,,-1058.644,199.566,-4364.072,KAD_FIGO,Peter,Pomacentridae,Chromis,ternatensis,37372051,1,AD,Passing,,
GX010037_L.MP4,61396,34.143,KAD_FIGO_Transect 4,0.8748,,13.962,7.315,4946.635,11.578,,,-958.901,254.257,-4846.139,KAD_FIGO,Peter,Pomacentridae,Chromis,ternatensis,37372051,1,AD,Passing,,
GX010037_L.MP4,61396,34.143,KAD_FIGO_Transect 4,0.8748,,7.162,7.158,3616.19,20.264,,,-1248.719,-99.017,-3392.304,KAD_FIGO,Peter,Pomacentridae,Chromis,ternatensis,37372051,1,AD,Passing,,
GX010037_L.MP4,61396,34.143,KAD_FIGO_Transect 4,0.8748,,11.96,10.259,4671.879,17.224,,,-1382.639,41.583,-4462.402,KAD_FIGO,Peter,Pomacentridae,Chromis,ternatensis,37372051,1,AD,Passing,,
GX010037_L.MP4,61396,34.143,KAD_FIGO_Transect 4,0.8748,,13.816,10.975,4972.351,14.197,,,-1214.748,104.472,-4820.554,KAD_FIGO,Peter,Pomacentridae,Chromis,ternatensis,37372051,1,AD,Passing,,
GX010037_L.MP4,61396,34.143,KAD_FIGO_Transect 4,0.8748,,2.609,0.832,2067.493,26.135,,,801.003,-434.428,-1855.854,KAD_FIGO,Peter,Labridae,Thalassoma,amblycephalum,37384164,1,AD,Passing,,
GX010037_L.MP4,61399,34.1447,KAD_FIGO_Transect 4,0.8764,165.847,8.591,7.714,2748.81,13.66,39.81,19.664,-565.839,-318.214,-2671.053,KAD_FIGO,Peter,Scaridae,Chlorurus,spilurus,temp_code_002,1,AD,Passing,,
GX010037_L.MP4,61399,34.1447,KAD_FIGO_Transect 4,0.8764,,4.777,4.709,2779.581,6.225,,,-251.363,-167.909,-2763.095,KAD_FIGO,Peter,Scaridae,Chlorurus,spilurus,temp_code_002,1,AD,Passing,,
GX010037_L.MP4,61399,34.1447,KAD_FIGO_Transect 4,0.8764,,6.307,4.296,3298.377,17.355,,,-943.755,-279.997,-3148.05,KAD_FIGO,Peter,Labridae,Gomphosus,varius,37384106,1,AD,Passing,,
GX010037_L.MP4,61446,34.1708,KAD_FIGO_Transect 4,0.9026,96.05,4.164,4.69,2259.848,20.349,17.023,1.034,785.003,36.44,-2118.81,KAD_FIGO,Peter,Pomacentridae,Amblyglyphidodon,leucogaster,37372018,1,AD,Passing,,
GX010037_L.MP4,61446,34.1708,KAD_FIGO_Transect 4,0.9026,114.835,7.539,10.245,2482.517,27.396,63.913,10.144,1139.897,74.191,-2204.092,KAD_FIGO,Peter,Chaetodontidae,Chaetodon,lunulatus,37365059,1,AD,Passing,,
GX010037_L.MP4,61471,34.1847,KAD_FIGO_Transect 4,0.9165,,5.059,6.952,2892.203,14.518,,,-680.21,-252.555,-2799.709,KAD_FIGO,Peter,Pomacentridae,Chromis,ternatensis,37372051,1,AD,Passing,,
GX010037_L.MP4,61471,34.1847,KAD_FIGO_Transect 4,0.9165,,1.932,4.803,1683.045,13.062,,,-136.512,-356.007,-1639.288,KAD_FIGO,Peter,Pomacentridae,Chromis,ternatensis,37372051,1,AD,Passing,,
GX010037_L.MP4,61471,34.1847,KAD_FIGO_Transect 4,0.9165,,4.134,7.2,2617.81,18.134,,,-747.42,-325.823,-2487.596,KAD_FIGO,Peter,Pomacentridae,Chromis,ternatensis,37372051,1,AD,Passing,,
GX010037_L.MP4,61471,34.1847,KAD_FIGO_Transect 4,0.9165,,4.101,5.39,2637.72,20.373,,,-853.246,-340.818,-2472.526,KAD_FIGO,Peter,Pomacentridae,Chromis,ternatensis,37372051,1,AD,Passing,,
GX010037_L.MP4,61471,34.1847,KAD_FIGO_Transect 4,0.9165,,4.352,8.309,2740.258,21.383,,,-929.869,-366.894,-2551.421,KAD_FIGO,Peter,Pomacentridae,Chromis,ternatensis,37372051,1,AD,Passing,,
GX010037_L.MP4,61471,34.1847,KAD_FIGO_Transect 4,0.9165,,6.784,4.518,3417.877,19.816,,,-1003.76,-580.659,-3215.15,KAD_FIGO,Peter,Pomacentridae,Chromis,ternatensis,37372051,1,AD,Passing,,
GX010037_L.MP4,61471,34.1847,KAD_FIGO_Transect 4,0.9165,,4.156,4.453,2705.73,24.235,,,-1005.408,-473.37,-2466.992,KAD_FIGO,Peter,Pomacentridae,Chromis,ternatensis,37372051,1,AD,Passing,,
GX010037_L.MP4,61471,34.1847,KAD_FIGO_Transect 4,0.9165,,3.999,0.919,2688.138,26.338,,,-1087.319,-491.416,-2408.803,KAD_FIGO,Peter,Pomacentridae,Chromis,ternatensis,37372051,1,AD,Passing,,
GX010037_L.MP4,61471,34.1847,KAD_FIGO_Transect 4,0.9165,,3.865,1.45,2626.637,26.028,,,-1035.477,-507.615,-2359.945,KAD_FIGO,Peter,Pomacentridae,Chromis,ternatensis,37372051,1,AD,Passing,,
GX010037_L.MP4,61471,34.1847,KAD_FIGO_Transect 4,0.9165,,1.906,4.359,1660.171,12.575,,,209.803,-295.275,-1620.173,KAD_FIGO,Peter,Pomacentridae,Chromis,ternatensis,37372051,1,AD,Passing,,
GX010037_L.MP4,61471,34.1847,KAD_FIGO_Transect 4,0.9165,,2.371,3.06,1877.837,16.33,,,428.855,-309.019,-1801.905,KAD_FIGO,Peter,Pomacentridae,Chromis,ternatensis,37372051,1,AD,Passing,,
GX010037_L.MP4,61471,34.1847,KAD_FIGO_Transect 4,0.9165,,4.246,9.02,2572.866,15.746,,,267.027,-646.593,-2475.935,KAD_FIGO,Peter,Pomacentridae,Chromis,ternatensis,37372051,1,AD,Passing,,
GX010037_L.MP4,61471,34.1847,KAD_FIGO_Transect 4,0.9165,,3.454,15.491,2345.964,22.332,,,708.298,-542.504,-2169.689,KAD_FIGO,Peter,Pomacentridae,Chromis,ternatensis,37372051,1,AD,Passing,,
GX010037_L.MP4,61471,34.1847,KAD_FIGO_Transect 4,0.9165,,1.944,0.98,1757.294,25.828,,,715.398,-273.629,-1581.586,KAD_FIGO,Peter,Pomacentridae,Chromis,ternatensis,37372051,1,AD,Passing,,
GX010037_L.MP4,61471,34.1847,KAD_FIGO_Transect 4,0.9165,,2.224,3.209,1899.038,25.221,,,780.178,-215.727,-1717.886,KAD_FIGO,Peter,Pomacentridae,Chromis,ternatensis,37372051,1,AD,Passing,,
GX010037_L.MP4,61471,34.1847,KAD_FIGO_Transect 4,0.9165,,1.827,0.863,1634.867,19.602,,,420.099,-353.52,-1539.913,KAD_FIGO,Peter,Pomacentridae,Chromis,margaritifer,37372047,1,AD,Passing,,
GX010037_L.MP4,61471,34.1847,KAD_FIGO_Transect 4,0.9165,,2.303,5.889,1886.937,21.559,,,636.654,-275.685,-1754.765,KAD_FIGO,Peter,Pomacentridae,Chromis,margaritifer,37372047,1,AD,Passing,,
GX010037_L.MP4,61471,34.1847,KAD_FIGO_Transect 4,0.9165,,3.441,16.074,2386.075,23.994,,,-686.371,-687.096,-2179.484,KAD_FIGO,Peter,Pomacentridae,Chromis,margaritifer,37372047,1,AD,Passing,,
GX010037_L.MP4,61471,34.1847,KAD_FIGO_Transect 4,0.9165,,7.164,5.267,3641.273,26.258,,,-1407.52,-785.563,-3265.064,KAD_FIGO,Peter,Pomacentridae,Chromis,margaritifer,37372047,1,AD,Passing,,
GX010037_L.MP4,61471,34.1847,KAD_FIGO_Transect 4,0.9165,,6.746,14.595,3477.514,24.728,,,-1223.676,-788.405,-3158.186,KAD_FIGO,Peter,Pomacentridae,Chromis,margaritifer,37372047,1,AD,Passing,,
GX010037_L.MP4,61471,34.1847,KAD_FIGO_Transect 4,0.9165,,9.723,18.914,4227.286,26.062,,,-1532.804,-1050.96,-3796.832,KAD_FIGO,Peter,Acanthuridae,Ctenochaetus,striatus,37437022,1,AD,Passing,,
GX010037_L.MP4,61510,34.2064,KAD_FIGO_Transect 4,0.9382,143.767,4.748,6.464,2200.232,17.474,29.009,7.087,586.851,-303.426,-2098.704,KAD_FIGO,Peter,Serranidae,Cephalopholis,urodeta,37311142,1,AD,Passing,,
GX010037_L.MP4,61519,34.2114,KAD_FIGO_Transect 4,0.9432,74.943,2.257,5.58,1655.009,14.17,23.563,7.278,17.858,-404.749,-1604.654,KAD_FIGO,Peter,Chaetodontidae,Chaetodon,pelewensis,37365049,1,AD,Passing,,
GX010037_L.MP4,61519,34.2114,KAD_FIGO_Transect 4,0.9432,51.509,1.712,5.686,1537.963,18.224,19.895,13.748,63.195,-476.792,-1460.824,KAD_FIGO,Peter,Pomacentridae,Chromis,margaritifer,37372047,1,AD,Passing,,
GX010037_L.MP4,61529,34.217,KAD_FIGO_Transect 4,0.9487,,2.628,6.058,2009.145,17.951,,,-379.031,-490.773,-1911.057,KAD_FIGO,Peter,Pomacentridae,Chromis,margaritifer,37372047,1,AD,Passing,,
GX010037_L.MP4,61529,34.217,KAD_FIGO_Transect 4,0.9487,,2.439,6.535,1911.933,10.903,,,-167.446,-321.618,-1877.235,KAD_FIGO,Peter,Pomacentridae,Chromis,margaritifer,37372047,1,AD,Passing,,
GX010037_L.MP4,61529,34.217,KAD_FIGO_Transect 4,0.9487,,10.83,5.757,4391.012,16.662,,,-1222.454,-303.788,-4206.46,KAD_FIGO,Peter,Pomacentridae,Chromis,ternatensis,37372051,1,AD,Passing,,
GX010037_L.MP4,61529,34.217,KAD_FIGO_Transect 4,0.9487,,2.051,5.24,1740.102,17.85,,,255.379,-469.257,-1656.06,KAD_FIGO,Peter,Pomacentridae,Chromis,margaritifer,37372047,1,AD,Passing,,
GX010037_L.MP4,61529,34.217,KAD_FIGO_Transect 4,0.9487,,1.337,4.409,1406.491,21.867,,,34.443,-523.472,-1304.994,KAD_FIGO,Peter,Pomacentridae,Chromis,margaritifer,37372047,1,AD,Passing,,
GX010037_L.MP4,61529,34.217,KAD_FIGO_Transect 4,0.9487,,9.397,9,4167.852,20.759,,,-1445.568,-306.725,-3897.082,KAD_FIGO,Peter,Labridae,Oxycheilinus,sp,,1,AD,Passing,,
GX010037_L.MP4,61555,34.2314,KAD_FIGO_Transect 4,0.9632,42.73,2.126,8.311,1745.209,17.929,19.307,31.751,-151.035,-515.564,-1660.463,KAD_FIGO,Peter,Pomacentridae,Chromis,margaritifer,37372047,1,AD,Passing,,
GX010037_L.MP4,61555,34.2314,KAD_FIGO_Transect 4,0.9632,49.471,4.118,5.764,2170.37,13.102,25.932,0.433,92.726,-483.188,-2113.867,KAD_FIGO,Peter,Pomacentridae,Chromis,margaritifer,37372047,1,AD,Passing,,
GX010037_L.MP4,61555,34.2314,KAD_FIGO_Transect 4,0.9632,54.28,5.159,7.21,2310.775,13.422,29.12,1.242,254.837,-471.998,-2247.656,KAD_FIGO,Peter,Pomacentridae,Chromis,margaritifer,37372047,1,AD,Passing,,
GX010037_L.MP4,61555,34.2314,KAD_FIGO_Transect 4,0.9632,51.808,3.412,6.026,2313.954,15.665,10.956,12.312,540.87,-312.765,-2228.008,KAD_FIGO,Peter,Pomacentridae,Chromis,margaritifer,37372047,1,AD,Passing,,
GX010037_L.MP4,61555,34.2314,KAD_FIGO_Transect 4,0.9632,,2.315,5.217,1870.794,20.649,,,504.144,-426.539,-1750.364,KAD_FIGO,Peter,Pomacentridae,Chromis,margaritifer,37372047,1,AD,Passing,,
GX010037_L.MP4,61555,34.2314,KAD_FIGO_Transect 4,0.9632,,2.562,3.376,1983.803,21.113,,,569.484,-432.718,-1850.383,KAD_FIGO,Peter,Pomacentridae,Chromis,margaritifer,37372047,1,AD,Passing,,
GX010037_L.MP4,61555,34.2314,KAD_FIGO_Transect 4,0.9632,,2.555,2.011,1969.479,19.127,,,525.787,-375.268,-1860.529,KAD_FIGO,Peter,Pomacentridae,Chromis,margaritifer,37372047,1,AD,Passing,,
GX010037_L.MP4,61555,34.2314,KAD_FIGO_Transect 4,0.9632,,3.59,8.317,2354.931,16.369,,,522.575,-410.453,-2259.236,KAD_FIGO,Peter,Pomacentridae,Chromis,margaritifer,37372047,1,AD,Passing,,
GX010037_L.MP4,61555,34.2314,KAD_FIGO_Transect 4,0.9632,,3.96,9.151,2477.208,13.586,,,455.586,-363.398,-2407.684,KAD_FIGO,Peter,Pomacentridae,Chromis,margaritifer,37372047,1,AD,Passing,,
GX010037_L.MP4,61555,34.2314,KAD_FIGO_Transect 4,0.9632,,3.122,5.538,2175.947,14.075,,,310.692,-429.592,-2110.371,KAD_FIGO,Peter,Pomacentridae,Chromis,margaritifer,37372047,1,AD,Passing,,
GX010037_L.MP4,61555,34.2314,KAD_FIGO_Transect 4,0.9632,,4.007,8.958,2491.465,12.193,,,282.271,-445.524,-2435.001,KAD_FIGO,Peter,Pomacentridae,Chromis,margaritifer,37372047,1,AD,Passing,,
GX010037_L.MP4,61555,34.2314,KAD_FIGO_Transect 4,0.9632,,4.795,4.547,2772.969,16.51,,,720.325,-321.114,-2658.453,KAD_FIGO,Peter,Pomacentridae,Chromis,margaritifer,37372047,1,AD,Passing,,
GX010037_L.MP4,61555,34.2314,KAD_FIGO_Transect 4,0.9632,,3.537,6.536,2392.09,20.508,,,792.549,-273.65,-2240.329,KAD_FIGO,Peter,Pomacentridae,Chromis,margaritifer,37372047,1,AD,Passing,,
GX010037_L.MP4,61555,34.2314,KAD_FIGO_Transect 4,0.9632,,3.047,4.161,2206.303,21.242,,,743.701,-294.282,-2056.23,KAD_FIGO,Peter,Pomacentridae,Chromis,margaritifer,37372047,1,AD,Passing,,
GX010037_L.MP4,61555,34.2314,KAD_FIGO_Transect 4,0.9632,,2.635,1.443,2076.182,24.574,,,813.774,-289.624,-1887.967,KAD_FIGO,Peter,Pomacentridae,Chromis,margaritifer,37372047,1,AD,Passing,,
GX010037_L.MP4,61555,34.2314,KAD_FIGO_Transect 4,0.9632,,3.477,5.262,2457.24,25.918,,,1038.087,-276.799,-2209.929,KAD_FIGO,Peter,Pomacentridae,Chromis,margaritifer,37372047,1,AD,Passing,,
GX010037_L.MP4,61555,34.2314,KAD_FIGO_Transect 4,0.9632,,3.184,4.322,2325.429,24.687,,,949.043,-207.648,-2112.776,KAD_FIGO,Peter,Pomacentridae,Chromis,margaritifer,37372047,1,AD,Passing,,
GX010037_L.MP4,61555,34.2314,KAD_FIGO_Transect 4,0.9632,,4.665,3.561,2776.757,20.025,,,901.251,-304.598,-2608.706,KAD_FIGO,Peter,Pomacentridae,Chromis,margaritifer,37372047,1,AD,Passing,,
GX010037_L.MP4,61555,34.2314,KAD_FIGO_Transect 4,0.9632,,3.477,6.205,2458.684,25.304,,,1036.541,-174.353,-2222.681,KAD_FIGO,Peter,Pomacentridae,Chromis,margaritifer,37372047,1,AD,Passing,,
GX010037_L.MP4,61555,34.2314,KAD_FIGO_Transect 4,0.9632,,4.917,3.362,3064.217,29.212,,,1474.833,-249.144,-2674.364,KAD_FIGO,Peter,Pomacentridae,Chromis,margaritifer,37372047,1,AD,Passing,,
GX010037_L.MP4,61555,34.2314,KAD_FIGO_Transect 4,0.9632,,8.204,16.288,3908.641,25.363,,,1645.729,-309.777,-3531.726,KAD_FIGO,Peter,Pomacentridae,Chromis,margaritifer,37372047,1,AD,Passing,,
GX010037_L.MP4,61581,34.2459,KAD_FIGO_Transect 4,0.9776,,15.538,9.133,5453.474,24.35,,,2238.309,-217.124,-4968.22,KAD_FIGO,Peter,Scaridae,Chlorurus,spilurus,temp_code_002,1,AD,Passing,,
GX010037_L.MP4,61581,34.2459,KAD_FIGO_Transect 4,0.9776,106.702,3.171,5.895,2037.833,16.668,19.226,15.747,435.869,-389.443,-1952.208,KAD_FIGO,Peter,Labridae,Hologymnosus,doliatus,37384127,1,AD,Passing,,
GX010037_L.MP4,61581,34.2459,KAD_FIGO_Transect 4,0.9776,222.684,10.776,7.481,4043.391,18.1,13.152,10.67,1210.363,-336.13,-3843.312,KAD_FIGO,Peter,Scaridae,Scarus,globiceps,37386018,1,AD,Passing,,
GX010037_L.MP4,61639,34.2781,KAD_FIGO_Transect 4,1.0099,45.283,2.538,1.535,1707.334,21.898,24.14,22.449,534.779,-345.67,-1584.145,KAD_FIGO,Peter,Pomacentridae,Chromis,margaritifer,37372047,1,AD,Passing,,
GX010037_L.MP4,61639,34.2781,KAD_FIGO_Transect 4,1.0099,,5.528,13.083,3180.248,27.684,,,-1232.203,-817.02,-2815.693,KAD_FIGO,Peter,Pomacentridae,Chromis,weberi,37372054,1,AD,Passing,,
GX010037_L.MP4,61642,34.2798,KAD_FIGO_Transect 4,1.0116,267.023,16.795,7.789,3723.943,29.468,76.846,8.342,1817.815,-227.099,-3242.18,KAD_FIGO,Peter,Scaridae,Chlorurus,spilurus,temp_code_002,1,AD,Passing,,
GX010037_L.MP4,61642,34.2798,KAD_FIGO_Transect 4,1.0116,138.125,7.993,11.068,3348.603,12.345,21.145,13.562,142.982,-701.48,-3271.18,KAD_FIGO,Peter,Scaridae,Chlorurus,spilurus,temp_code_002,1,AD,Passing,,
GX010037_L.MP4,61642,34.2798,KAD_FIGO_Transect 4,1.0116,193.867,14.318,9.914,3702.876,10.881,32.188,3.988,65.083,-695.972,-3636.3,KAD_FIGO,Peter,Acanthuridae,Ctenochaetus,striatus,37437022,1,AD,Passing,,
GX010037_L.MP4,61642,34.2798,KAD_FIGO_Transect 4,1.0116,,6.397,7.898,3230.732,9.047,,,-88.544,-502.113,-3190.246,KAD_FIGO,Peter,Labridae,Thalassoma,amblycephalum,37384164,1,AD,Passing,,
GX010037_L.MP4,61654,34.2865,KAD_FIGO_Transect 4,1.0182,,4.471,9.685,2679.207,17.584,,,-530.604,-612.684,-2553.669,KAD_FIGO,Peter,Labridae,Thalassoma,amblycephalum,37384164,1,AD,Passing,,
GX010037_L.MP4,61664,34.292,KAD_FIGO_Transect 4,1.0238,,2.435,0.283,1930.08,22.183,,,373.165,-626.979,-1786.856,KAD_FIGO,Peter,Pomacentridae,Chromis,margaritifer,37372047,1,AD,Passing,,
GX010037_L.MP4,61664,34.292,KAD_FIGO_Transect 4,1.0238,,3.695,6.902,2386.875,15.825,,,291.986,-583.081,-2296.069,KAD_FIGO,Peter,Pomacentridae,Chromis,margaritifer,37372047,1,AD,Passing,,
GX010037_L.MP4,61664,34.292,KAD_FIGO_Transect 4,1.0238,,1.805,5.24,1646.607,19.911,,,-95.552,-553.469,-1547.855,KAD_FIGO,Peter,Pomacentridae,Chromis,margaritifer,37372047,1,AD,Passing,,
GX010037_L.MP4,61664,34.292,KAD_FIGO_Transect 4,1.0238,,3.179,1.793,2230.6,19.067,,,-257.557,-682.88,-2107.822,KAD_FIGO,Peter,Pomacentridae,Chromis,margaritifer,37372047,1,AD,Passing,,
GX010037_L.MP4,61664,34.292,KAD_FIGO_Transect 4,1.0238,,3.863,0.799,2463.405,16.14,,,-276.518,-627.87,-2365.942,KAD_FIGO,Peter,Pomacentridae,Chromis,margaritifer,37372047,1,AD,Passing,,
GX010037_L.MP4,61664,34.292,KAD_FIGO_Transect 4,1.0238,,5.903,4.341,3084.916,15.471,,,-272.786,-778.123,-2972.679,KAD_FIGO,Peter,Pomacentridae,Chromis,margaritifer,37372047,1,AD,Passing,,
GX010037_L.MP4,61664,34.292,KAD_FIGO_Transect 4,1.0238,,3.317,4.442,2261.973,14.491,,,64.832,-563.567,-2189.682,KAD_FIGO,Peter,Pomacentridae,Chromis,margaritifer,37372047,1,AD,Passing,,
GX010037_L.MP4,61664,34.292,KAD_FIGO_Transect 4,1.0238,,4.26,3.404,2592.045,14.338,,,-199.059,-611.732,-2510.948,KAD_FIGO,Peter,Labridae,Stethojulis,bandanensis,37384154,1,AD,Passing,,
GX010037_L.MP4,61692,34.3076,KAD_FIGO_Transect 4,1.0394,,9.676,14.198,4311.605,25.975,,,-1759.691,-687.49,-3875.666,KAD_FIGO,Peter,Pomacentridae,Chromis,xanthura,37372057,1,AD,Passing,,
GX010037_L.MP4,61692,34.3076,KAD_FIGO_Transect 4,1.0394,,11.377,19.292,4589.254,20.938,,,-1577.193,-451.9,-4285.965,KAD_FIGO,Peter,Pomacentridae,Chromis,xanthura,37372057,1,AD,Passing,,
GX010037_L.MP4,61695,34.3093,KAD_FIGO_Transect 4,1.041,208.01,10.219,17.2,4044.176,22.655,8.676,15.609,1425.668,-627.753,-3732.125,KAD_FIGO,Peter,Scaridae,Chlorurus,spilurus,temp_code_002,1,AD,Passing,,
GX010037_L.MP4,61698,34.3109,KAD_FIGO_Transect 4,1.0427,43.833,1.567,3.216,1791.561,21.468,1.868,6.051,266.574,-599.055,-1667.261,KAD_FIGO,Peter,Pomacentridae,Chromis,margaritifer,37372047,1,AD,Passing,,
GX010037_L.MP4,61703,34.3137,KAD_FIGO_Transect 4,1.0455,126.508,2.468,8.87,2284.722,21.426,5.611,26.333,-260.599,-792.863,-2126.832,KAD_FIGO,Peter,Acanthuridae,Zebrasoma,scopas,37437036,1,AD,Passing,,
GX010037_L.MP4,61703,34.3137,KAD_FIGO_Transect 4,1.0455,,3.279,4.118,2275.384,20.165,,,23.544,-785.265,-2135.457,KAD_FIGO,Peter,Acanthuridae,Zebrasoma,scopas,37437036,1,AD,Passing,,
GX010037_L.MP4,61710,34.3176,KAD_FIGO_Transect 4,1.0494,52.261,2.291,3.304,1879.229,20.646,14.369,5.031,354.224,-559.973,-1758.538,KAD_FIGO,Peter,Pomacentridae,Chromis,margaritifer,37372047,1,AD,Passing,,
GX010037_L.MP4,61721,34.3237,KAD_FIGO_Transect 4,1.0555,,3.287,2.618,2256.915,16.98,,,94.579,-653.545,-2158.147,KAD_FIGO,Peter,Labridae,Thalassoma,amblycephalum,37384164,1,AD,Passing,,
GX010037_L.MP4,61721,34.3237,KAD_FIGO_Transect 4,1.0555,,3.789,6.142,2438.525,16.331,,,-20.955,-686.717,-2339.74,KAD_FIGO,Peter,Labridae,Thalassoma,amblycephalum,37384164,1,AD,Passing,,
GX010037_L.MP4,61721,34.3237,KAD_FIGO_Transect 4,1.0555,,4.123,3.817,2546.001,15.819,,,73.443,-691.578,-2449.172,KAD_FIGO,Peter,Labridae,Thalassoma,amblycephalum,37384164,1,AD,Passing,,
GX010037_L.MP4,61744,34.3365,KAD_FIGO_Transect 4,1.0683,,5.109,8.937,2915.377,23.016,,,-671.424,-922.741,-2682.753,KAD_FIGO,Peter,Pomacentridae,Chromis,weberi,37372054,1,AD,Passing,,
GX010037_L.MP4,61744,34.3365,KAD_FIGO_Transect 4,1.0683,,7.482,13.208,3643.864,27.035,,,-1121.019,-1221.143,-3244.977,KAD_FIGO,Peter,Pomacentridae,Chromis,ternatensis,37372051,1,AD,Passing,,
GX010037_L.MP4,61744,34.3365,KAD_FIGO_Transect 4,1.0683,,7.646,10.028,3634.754,23.897,,,-1016.203,-1067.464,-3322.543,KAD_FIGO,Peter,Pomacentridae,Chromis,weberi,37372054,1,AD,Passing,,
GX010037_L.MP4,61809,34.3727,KAD_FIGO_Transect 4,1.1044,201.292,6.766,15.475,2423.482,29.967,65.31,18.934,989.729,-696.986,-2099.503,KAD_FIGO,Peter,Scaridae,Chlorurus,spilurus,temp_code_002,1,AD,Passing,,
GX010037_L.MP4,61824,34.381,KAD_FIGO_Transect 4,1.1128,,8.467,13.189,3896.313,26.028,,,-1291.62,-1122.249,-3500.504,KAD_FIGO,Peter,Pomacentridae,Chromis,xanthura,37372057,1,AD,Passing,,
GX010037_L.MP4,61824,34.381,KAD_FIGO_Transect 4,1.1128,,18.826,11.826,6012.533,27.246,,,-2375.801,-1393.314,-5344.604,KAD_FIGO,Peter,Pomacentridae,Chromis,xanthura,37372057,1,AD,Passing,,
GX010037_L.MP4,61850,34.3955,KAD_FIGO_Transect 4,1.1272,,8.416,10.98,3791.88,23.485,,,-908.912,-1209.246,-3477.061,KAD_FIGO,Peter,Pomacentridae,Chromis,xanthura,37372057,1,AD,Passing,,
GX010037_L.MP4,61850,34.3955,KAD_FIGO_Transect 4,1.1272,,9.088,17.676,3976.023,24.097,,,-1107.852,-1188.716,-3628.826,KAD_FIGO,Peter,Pomacentridae,Chromis,xanthura,37372057,1,AD,Passing,,
GX010037_L.MP4,61850,34.3955,KAD_FIGO_Transect 4,1.1272,,13.511,19.094,5130.146,27.982,,,-2145.182,-1094.399,-4529.778,KAD_FIGO,Peter,Pomacentridae,Chromis,xanthura,37372057,1,AD,Passing,,
GX010037_L.MP4,61881,34.4127,KAD_FIGO_Transect 4,1.1445,254.857,18.062,7.969,4979.359,24.623,24.521,29.069,1858.37,-922.17,-4526.597,KAD_FIGO,Peter,Scaridae,Scarus,spinus,37386031,1,AD,Passing,,
GX010037_L.MP4,61903,34.4249,KAD_FIGO_Transect 4,1.1567,,4.122,0.165,2685.407,25.292,,,1106.742,-303.679,-2427.821,KAD_FIGO,Peter,Pomacentridae,Chromis,xanthura,37372057,1,AD,Passing,,
GX010037_L.MP4,61925,34.4372,KAD_FIGO_Transect 4,1.1689,,7.406,9.612,3588.487,23.528,,,-1074.803,-948.979,-3289.602,KAD_FIGO,Peter,Pomacentridae,Chromis,xanthura,37372057,1,AD,Passing,,
GX010037_L.MP4,61925,34.4372,KAD_FIGO_Transect 4,1.1689,,6.082,18.018,3255.074,25.826,,,-979.992,-1026.611,-2929.367,KAD_FIGO,Peter,Pomacentridae,Chromis,xanthura,37372057,1,AD,Passing,,
GX010037_L.MP4,61925,34.4372,KAD_FIGO_Transect 4,1.1689,,12.528,5.219,4602.832,18.89,,,-968.368,-1135.161,-4354.278,KAD_FIGO,Peter,Pomacentridae,Chromis,xanthura,37372057,1,AD,Passing,,
GX010037_L.MP4,61925,34.4372,KAD_FIGO_Transect 4,1.1689,,5.154,11.173,2913.158,21.847,,,-603.992,-901.818,-2703.407,KAD_FIGO,Peter,Pomacentridae,Chromis,xanthura,37372057,1,AD,Passing,,
GX010037_L.MP4,61925,34.4372,KAD_FIGO_Transect 4,1.1689,,8.977,12.879,3931.326,23.112,,,-1034.936,-1146.8,-3615.119,KAD_FIGO,Peter,Pomacentridae,Chromis,xanthura,37372057,1,AD,Passing,,
GX010037_L.MP4,61925,34.4372,KAD_FIGO_Transect 4,1.1689,,4.451,5.38,2662.017,17.2,,,-150.639,-774.138,-2542.509,KAD_FIGO,Peter,Pomacentridae,Chromis,xanthura,37372057,1,AD,Passing,,
GX010037_L.MP4,61925,34.4372,KAD_FIGO_Transect 4,1.1689,,5.763,6.231,3034.55,12.05,,,172.562,-611.29,-2967.329,KAD_FIGO,Peter,Pomacentridae,Chromis,ternatensis,37372051,1,AD,Passing,,
GX010037_L.MP4,61925,34.4372,KAD_FIGO_Transect 4,1.1689,,6.724,4.289,3322.145,18.851,,,-164.045,-1062.629,-3143.336,KAD_FIGO,Peter,Pomacentridae,Plectroglyphidodon,dickii,37372098,1,AD,Passing,,
GX010037_L.MP4,61925,34.4372,KAD_FIGO_Transect 4,1.1689,,3.002,4.718,2157.697,17.75,,,-56.532,-656.58,-2054.595,KAD_FIGO,Peter,Pomacentridae,Plectroglyphidodon,dickii,37372098,1,AD,Passing,,
GX010037_L.MP4,61939,34.445,KAD_FIGO_Transect 4,1.1767,,7.647,12.02,3888.173,29.712,,,1894.227,352.526,-3377.206,KAD_FIGO,Peter,Pomacentridae,Chromis,xanthura,37372057,1,AD,Passing,,
GX010037_L.MP4,61939,34.445,KAD_FIGO_Transect 4,1.1767,,7.547,6.148,3804,27.554,,,1733.58,299.819,-3372.718,KAD_FIGO,Peter,Pomacentridae,Chromis,xanthura,37372057,1,AD,Passing,,
GX010037_L.MP4,61939,34.445,KAD_FIGO_Transect 4,1.1767,,7.757,12.859,3819.39,25.643,,,1641.577,191.236,-3443.312,KAD_FIGO,Peter,Pomacentridae,Chromis,xanthura,37372057,1,AD,Passing,,
GX010037_L.MP4,61939,34.445,KAD_FIGO_Transect 4,1.1767,,6.943,11.219,3569.078,24.112,,,1456.551,64.673,-3257.698,KAD_FIGO,Peter,Pomacentridae,Chromis,xanthura,37372057,1,AD,Passing,,
GX010037_L.MP4,61989,34.4728,KAD_FIGO_Transect 4,1.2045,84.977,3.813,15,2732.665,20.983,5.899,35.243,-600.134,-772.924,-2551.448,KAD_FIGO,Peter,Pomacentridae,Chromis,xanthura,37372057,1,AD,Passing,,
GX010037_L.MP4,61989,34.4728,KAD_FIGO_Transect 4,1.2045,,12.265,10.601,4590.972,17.746,,,-1124.976,-834.753,-4372.03,KAD_FIGO,Peter,Pomacentridae,Chromis,xanthura,37372057,1,AD,Passing,,
GX010037_L.MP4,62056,34.51,KAD_FIGO_Transect 4,1.2418,,12.542,1.183,4838.795,27.12,,,2048.155,-821.406,-4306.308,KAD_FIGO,Peter,Scaridae,Chlorurus,spilurus,temp_code_002,1,AD,Passing,,
GX010037_L.MP4,62056,34.51,KAD_FIGO_Transect 4,1.2418,,9.124,10.552,3947.924,22.717,,,-959.016,-1187.308,-3640.974,KAD_FIGO,Peter,Pomacentridae,Chromis,xanthura,37372057,1,AD,Passing,,
GX010037_L.MP4,62056,34.51,KAD_FIGO_Transect 4,1.2418,,10.693,3.154,4329.33,24.124,,,1546.01,-863.017,-3950.716,KAD_FIGO,Peter,Pomacentridae,Chromis,xanthura,37372057,1,AD,Passing,,
GX010037_L.MP4,62056,34.51,KAD_FIGO_Transect 4,1.2418,,5.628,6.917,3188.563,28.644,,,1356.6,-705.89,-2797.908,KAD_FIGO,Peter,Pomacentridae,Chromis,xanthura,37372057,1,AD,Passing,,
GX010037_L.MP4,62056,34.51,KAD_FIGO_Transect 4,1.2418,,12.167,0.837,4695.835,26.539,,,1854.603,-983.528,-4200.475,KAD_FIGO,Peter,Pomacentridae,Chromis,xanthura,37372057,1,AD,Passing,,
GX010037_L.MP4,62056,34.51,KAD_FIGO_Transect 4,1.2418,,5.258,0.673,3105.266,29.1,,,1385.267,-603.09,-2712.931,KAD_FIGO,Peter,Pomacentridae,Chromis,xanthura,37372057,1,AD,Passing,,
GX010037_L.MP4,62056,34.51,KAD_FIGO_Transect 4,1.2418,,16.988,5.329,5353.353,19.804,,,347.882,-1783.022,-5035.693,KAD_FIGO,Peter,Chaetodontidae,Forcipiger,flavissimus,37365068,1,AD,Passing,,
GX010037_L.MP4,62109,34.5395,KAD_FIGO_Transect 4,1.2713,,5.036,9.8,3075.352,31.927,,,1458.058,-722.043,-2609.696,KAD_FIGO,Peter,Pomacentridae,Chromis,xanthura,37372057,1,AD,Passing,,
GX010037_L.MP4,62109,34.5395,KAD_FIGO_Transect 4,1.2713,,4.856,13.245,3015.081,32.227,,,1425.278,-745.683,-2550.147,KAD_FIGO,Peter,Pomacentridae,Chromis,xanthura,37372057,1,AD,Passing,,
GX010037_L.MP4,62109,34.5395,KAD_FIGO_Transect 4,1.2713,,5.481,4.024,3114.999,27.859,,,1257.691,-734.468,-2753.542,KAD_FIGO,Peter,Pomacentridae,Chromis,xanthura,37372057,1,AD,Passing,,
GX010037_L.MP4,62109,34.5395,KAD_FIGO_Transect 4,1.2713,,5.126,10.106,3013.582,29.656,,,1205.484,-879.101,-2618.333,KAD_FIGO,Peter,Pomacentridae,Chromis,xanthura,37372057,1,AD,Passing,,
GX010037_L.MP4,62109,34.5395,KAD_FIGO_Transect 4,1.2713,,4.787,15.441,2948.609,31.795,,,1273.807,-890.847,-2505.614,KAD_FIGO,Peter,Pomacentridae,Chromis,xanthura,37372057,1,AD,Passing,,
GX010037_L.MP4,62139,34.5562,KAD_FIGO_Transect 4,1.288,,14.07,11.356,5251.728,27.087,,,2357.613,397.227,-4675.951,KAD_FIGO,Peter,Pomacentridae,Chromis,xanthura,37372057,1,AD,Passing,,
GX010037_L.MP4,62153,34.564,KAD_FIGO_Transect 4,1.2957,195.35,17.436,9.489,4093.695,31.684,64.312,21.074,1951.037,-903.687,-3483.554,KAD_FIGO,Peter,Scaridae,Chlorurus,spilurus,temp_code_002,1,AD,Passing,,
GX010037_L.MP4,62170,34.5734,KAD_FIGO_Transect 4,1.3052,84.836,7.503,4.354,3179.861,28.467,14.231,11.673,1468.339,-375.846,-2795.396,KAD_FIGO,Peter,Pomacentridae,Chromis,xanthura,37372057,1,AD,Passing,,
GX010037_L.MP4,62170,34.5734,KAD_FIGO_Transect 4,1.3052,,8.654,16.981,3829.532,23.573,,,-632.424,-1396.848,-3509.155,KAD_FIGO,Peter,Pomacentridae,Chromis,xanthura,37372057,1,AD,Passing,,
GX010037_L.MP4,62170,34.5734,KAD_FIGO_Transect 4,1.3052,,10.562,13.329,4223.723,21.98,,,-734.655,-1402.061,-3915.909,KAD_FIGO,Peter,Pomacentridae,Chromis,xanthura,37372057,1,AD,Passing,,
GX010037_L.MP4,62200,34.5901,KAD_FIGO_Transect 4,1.3219,98.909,7.92,0.585,3447.807,26.382,12.599,10.228,1279.846,-842.118,-3088.722,KAD_FIGO,Peter,Pomacentridae,Chromis,xanthura,37372057,1,AD,Passing,,
GX010037_L.MP4,62200,34.5901,KAD_FIGO_Transect 4,1.3219,,6.716,2.843,3532.321,28.559,,,1569.469,-625.03,-3102.161,KAD_FIGO,Peter,Pomacentridae,Chromis,xanthura,37372057,1,AD,Passing,,
GX010037_L.MP4,62200,34.5901,KAD_FIGO_Transect 4,1.3219,,4.956,7.33,2984.584,30.035,,,1264.964,-796.15,-2583.361,KAD_FIGO,Peter,Pomacentridae,Chromis,xanthura,37372057,1,AD,Passing,,
GX010037_L.MP4,62735,34.8876,KAD_FIGO_Transect 4,1.6194,,8.148,1.455,4139.746,29.1,,,-2012.309,61.852,-3617.22,KAD_FIGO,Peter,Holocentridae,Myripristis,kuntee,37261011,1,AD,Passing,,
GX010037_L.MP4,62773,34.9088,KAD_FIGO_Transect 4,1.6405,,29.933,6.221,7213.03,20.685,,,-1765.625,1832.994,-6749.111,KAD_FIGO,Peter,Acanthuridae,Acanthurus,sp,,1,AD,Passing,,
GX010037_L.MP4,62773,34.9088,KAD_FIGO_Transect 4,1.6405,,7.899,6.294,3636.277,21.606,,,86.587,-1338.116,-3380.009,KAD_FIGO,Peter,Pomacentridae,Chromis,margaritifer,37372047,1,AD,Passing,,
GX010037_L.MP4,62773,34.9088,KAD_FIGO_Transect 4,1.6405,153.172,9.479,8.615,4138.646,15.164,16.408,17.396,176.495,-1068.089,-3994.55,KAD_FIGO,Peter,Holocentridae,Myripristis,violacea,37261014,1,AD,Passing,,
GX010037_L.MP4,62773,34.9088,KAD_FIGO_Transect 4,1.6405,,7.937,6.3,3684.108,19.333,,,-997.121,-704.353,-3475.958,KAD_FIGO,Peter,Holocentridae,Myripristis,kuntee,37261011,1,AD,Passing,,
GX010037_L.MP4,62822,34.936,KAD_FIGO_Transect 4,1.6678,118.149,3.005,8.413,3017.929,19.724,0.437,7.61,340.927,-959.79,-2840.857,KAD_FIGO,Peter,Holocentridae,Myripristis,violacea,37261014,1,AD,Passing,,
GX010037_L.MP4,62831,34.941,KAD_FIGO_Transect 4,1.6728,,4.521,9.896,2716.675,22.051,,,-245.963,-991.276,-2517.379,KAD_FIGO,Peter,Holocentridae,Myripristis,kuntee,37261011,1,AD,Passing,,
GX010037_L.MP4,62858,34.956,KAD_FIGO_Transect 4,1.6878,101.413,5.277,18.603,2213.56,24.809,43.802,7.4,-634.376,-678.408,-2009.273,KAD_FIGO,Peter,Chaetodontidae,Chaetodon,baronessa,37365034,1,AD,Passing,,
GX010037_L.MP4,62858,34.956,KAD_FIGO_Transect 4,1.6878,86.546,7.158,7.93,2228.416,13.303,61.382,26.505,-411.168,-306.372,-2168.62,KAD_FIGO,Peter,Pomacentridae,Stegastes,lacrymatus,temp_code_006,1,AD,Passing,,
GX010037_L.MP4,62926,34.9938,KAD_FIGO_Transect 4,1.7256,,5.819,6.813,3325.119,30.054,,,1576.274,-538.759,-2877.762,KAD_FIGO,Peter,Holocentridae,Myripristis,kuntee,37261011,1,AD,Passing,,
GX010037_L.MP4,62993,35.0311,KAD_FIGO_Transect 4,1.7629,91.187,6,3.419,2066.402,21.683,82.577,29.273,555.727,-523.535,-1920.181,KAD_FIGO,Peter,Labridae,Thalassoma,hardwicke,37384165,1,AD,Passing,,
GX010037_L.MP4,63123,35.1034,KAD_FIGO_Transect 4,1.8352,157.806,12.674,11.082,4742.514,21.954,0.673,26.973,1754.443,-256.266,-4398.601,KAD_FIGO,Peter,Acanthuridae,Ctenochaetus,striatus,37437022,1,AD,Passing,,
GX010037_L.MP4,63123,35.1034,KAD_FIGO_Transect 4,1.8352,96.406,3.418,5.814,2050.578,20.053,19.074,18.277,674.931,-197.082,-1926.265,KAD_FIGO,Peter,Labridae,Thalassoma,lutescens,37384168,1,AD,Passing,,
GX010037_L.MP4,63166,35.1273,KAD_FIGO_Transect 4,1.8591,100.712,7.43,4.086,2449.624,26.639,66.717,5.654,-1070.236,246.864,-2189.591,KAD_FIGO,Peter,Acanthuridae,Acanthurus,sp,,1,AD,Passing,,
GX010037_L.MP4,63198,35.1451,KAD_FIGO_Transect 4,1.8769,,3.478,1.52,2322.09,12.916,,,-310.493,414.619,-2263.578,KAD_FIGO,Peter,Pomacentridae,Chromis,margaritifer,37372047,1,AD,Passing,,
GX010037_L.MP4,63198,35.1451,KAD_FIGO_Transect 4,1.8769,,3.707,3.085,2450.728,18.724,,,-662.216,423.36,-2321.272,KAD_FIGO,Peter,Pomacentridae,Chromis,margaritifer,37372047,1,AD,Passing,,
GX010037_L.MP4,63302,35.2029,KAD_FIGO_Transect 4,1.9347,,1.319,7.748,1387.361,20.547,,,-102.693,-476.74,-1298.824,KAD_FIGO,Peter,Pomacentridae,Chromis,margaritifer,37372047,1,AD,Passing,,
GX010037_L.MP4,63341,35.2246,KAD_FIGO_Transect 4,1.9564,186.374,8.032,1.554,2315.59,21.264,70.191,17.634,301.892,-783.648,-2157.942,KAD_FIGO,Peter,Acanthuridae,Ctenochaetus,binotatus,37437021,1,AD,Passing,,
GX020037_L.MP4,18,35.2452,KAD_FIGO_Transect 4,1.977,,2.941,13.071,2142.395,17.472,,,-484.098,-424.759,-2043.303,KAD_FIGO,Peter,Acanthuridae,Acanthurus,sp,,1,AD,Passing,,
GX020037_L.MP4,18,35.2452,KAD_FIGO_Transect 4,1.977,119.411,6.829,10.413,2440.299,18.601,56.1,43.042,35.65,-777.568,-2312.828,KAD_FIGO,Peter,Acanthuridae,Zebrasoma,scopas,37437036,1,AD,Passing,,
GX020037_L.MP4,51,35.2636,KAD_FIGO_Transect 4,1.9953,217.214,8.537,3.471,2375.576,21.481,67.154,7.505,341.508,-800.087,-2210.564,KAD_FIGO,Peter,Acanthuridae,Ctenochaetus,striatus,37437022,1,AD,Passing,,
GX020037_L.MP4,51,35.2636,KAD_FIGO_Transect 4,1.9953,117.427,3.896,7.068,2282.788,20.723,25.224,32.783,78.668,-803.935,-2135.092,KAD_FIGO,Peter,Acanthuridae,Zebrasoma,scopas,37437036,1,AD,Passing,,
GX020037_L.MP4,106,35.2941,KAD_FIGO_Transect 4,2.0259,47.064,2.425,9.214,1834.295,23.664,2.638,20.212,-714.478,-177.622,-1680.062,KAD_FIGO,Peter,Pomacanthidae,Centropyge,heraldi,37385027,1,AD,Passing,,
GX020037_L.MP4,106,35.2941,KAD_FIGO_Transect 4,2.0259,50.322,2.544,4.814,1953.351,24.868,8.653,34.736,-819.294,-59.509,-1772.23,KAD_FIGO,Peter,Pomacentridae,Plectroglyphidodon,dickii,37372098,1,AD,Passing,,
GX020037_L.MP4,154,35.3208,KAD_FIGO_Transect 4,2.0526,,2.918,1.015,2156.671,25.665,,,562.192,-747.098,-1943.454,KAD_FIGO,Peter,Acanthuridae,Acanthurus,nigrofuscus,37437014,1,AD,Passing,,
GX020037_L.MP4,162,35.3253,KAD_FIGO_Transect 4,2.0571,204.131,1.907,4.833,1796.846,18.457,9.867,37.773,119.438,-556.181,-1704.422,KAD_FIGO,Peter,Acanthuridae,Acanthurus,nigrofuscus,37437014,1,AD,Passing,,
GX020037_L.MP4,224,35.3598,KAD_FIGO_Transect 4,2.0915,161.071,3.014,7.328,2235.22,20.153,10.416,55.011,360.425,-680.534,-2098.374,KAD_FIGO,Peter,Acanthuridae,Ctenochaetus,striatus,37437022,1,AD,Passing,,
GX020037_L.MP4,224,35.3598,KAD_FIGO_Transect 4,2.0915,109.619,6.059,3.089,3223.806,24.789,12.212,4.33,871.284,-1033.359,-2926.766,KAD_FIGO,Peter,Holocentridae,Myripristis,kuntee,37261011,1,AD,Passing,,
GX020037_L.MP4,250,35.3742,KAD_FIGO_Transect 4,2.106,192.601,10.613,9.736,3516.172,12.428,30.003,33.095,468.663,-594.116,-3433.78,KAD_FIGO,Peter,Scaridae,Chlorurus,spilurus,temp_code_002,1,AD,Passing,,
GX020037_L.MP4,250,35.3742,KAD_FIGO_Transect 4,2.106,,7.435,4.87,3465.905,19.892,,,742.847,-917.81,-3258.573,KAD_FIGO,Peter,Acanthuridae,Zebrasoma,scopas,37437036,1,AD,Passing,,
GX020037_L.MP4,306,35.4054,KAD_FIGO_Transect 4,2.1371,127.625,2.891,6.855,1965.204,12.634,19.573,20.044,-318.576,-288.557,-1917.621,KAD_FIGO,Peter,Acanthuridae,Zebrasoma,scopas,37437036,1,AD,Passing,,
GX020037_L.MP4,316,35.4109,KAD_FIGO_Transect 4,2.1427,,11.382,12.063,4469.837,2.764,,,-197.986,-87.76,-4464.587,KAD_FIGO,Peter,Acanthuridae,Acanthurus,lineatus,37437010,1,AD,Passing,,
GX020037_L.MP4,417,35.4671,KAD_FIGO_Transect 4,2.1989,79.477,3.031,8.537,1759.428,19.553,40.384,40.436,157.839,-567.281,-1657.971,KAD_FIGO,Peter,Labridae,Labroides,dimidiatus,37384028,1,AD,Passing,,
GX020037_L.MP4,417,35.4671,KAD_FIGO_Transect 4,2.1989,,1.657,16.469,1569.537,20.628,,,-228.935,-504.185,-1468.616,KAD_FIGO,Peter,Acanthuridae,Zebrasoma,scopas,37437036,1,AD,Passing,,
GX020037_L.MP4,428,35.4732,KAD_FIGO_Transect 4,2.205,146.433,1.75,5.237,1675.743,19.675,5.393,46.374,96.029,-555.974,-1577.905,KAD_FIGO,Peter,Chaetodontidae,Forcipiger,longirostris,37365069,1,AD,Passing,,
GX020037_L.MP4,436,35.4777,KAD_FIGO_Transect 4,2.2094,152.093,2.314,3.288,1750.652,10.639,21.428,28.357,-77.892,-313.684,-1720.557,KAD_FIGO,Peter,Scaridae,Chlorurus,spilurus,temp_code_002,1,AD,Passing,,
GX020037_L.MP4,447,35.4838,KAD_FIGO_Transect 4,2.2155,134.602,2.149,2.822,1755.511,23.081,17.428,55.404,360.704,-586.113,-1614.987,KAD_FIGO,Peter,Chaetodontidae,Forcipiger,longirostris,37365069,1,AD,Passing,,
GX020037_L.MP4,479,35.5016,KAD_FIGO_Transect 4,2.2333,80.565,2.171,3.341,1396.08,14.839,39.94,29.247,-293.97,-203.51,-1349.52,KAD_FIGO,Peter,Cirrhitidae,Paracirrhites,arcatus,37374009,1,AD,Passing,,
GX020037_L.MP4,479,35.5016,KAD_FIGO_Transect 4,2.2333,92.242,2.268,6.278,1282.744,18.409,81.233,35.572,-333.495,-229.961,-1217.1,KAD_FIGO,Peter,Pomacentridae,Stegastes,lacrymatus,temp_code_006,1,AD,Passing,,double check
GX020037_L.MP4,536,35.5333,KAD_FIGO_Transect 4,2.265,110.085,6.261,1.417,2542.805,22.723,37.622,21.17,-973.433,131.175,-2345.437,KAD_FIGO,Peter,Labridae,Gomphosus,varius,37384106,1,AD,Passing,,
GX020037_L.MP4,559,35.5461,KAD_FIGO_Transect 4,2.2778,,10.559,6.32,4697.499,27.608,,,-2176.078,-63.339,-4162.592,KAD_FIGO,Peter,Pomacentridae,Chromis,margaritifer,37372047,1,AD,Passing,,
GX020037_L.MP4,639,35.5906,KAD_FIGO_Transect 4,2.3223,91.96,1.921,4.968,1969.47,19.197,1.952,33.387,-33.094,-646.747,-1859.956,KAD_FIGO,Peter,Labridae,Thalassoma,sp,,1,AD,Passing,,
GX020037_L.MP4,657,35.6006,KAD_FIGO_Transect 4,2.3323,,14.742,13.301,5001.098,22.516,,,1469.777,-1230.461,-4619.167,KAD_FIGO,Peter,Labridae,Stethojulis,sp,,1,AD,Passing,,
GX020037_L.MP4,687,35.6172,KAD_FIGO_Transect 4,2.349,,2.993,2.877,2142.108,9.486,,,-226.493,-272.018,-2112.66,KAD_FIGO,Peter,Pomacentridae,Chromis,margaritifer,37372047,1,AD,Passing,,
GX020037_L.MP4,687,35.6172,KAD_FIGO_Transect 4,2.349,,4.223,5.532,2604.293,2.749,,,-119.631,-37.366,-2601.276,KAD_FIGO,Peter,Pomacentridae,Chromis,margaritifer,37372047,1,AD,Passing,,
GX020037_L.MP4,687,35.6172,KAD_FIGO_Transect 4,2.349,,4.216,1.597,2599.199,7.659,,,-340.415,62.799,-2576.045,KAD_FIGO,Peter,Pomacentridae,Chromis,margaritifer,37372047,1,AD,Passing,,
GX020037_L.MP4,705,35.6273,KAD_FIGO_Transect 4,2.359,,3.862,0.589,2512.328,16.125,,,-671.208,189.255,-2413.597,KAD_FIGO,Peter,Pomacentridae,Chromis,margaritifer,37372047,1,AD,Passing,,
GX020037_L.MP4,705,35.6273,KAD_FIGO_Transect 4,2.359,,5.768,11.429,3245.819,26.516,,,-1261.462,711.453,-2904.804,KAD_FIGO,Peter,Pomacentridae,Chromis,margaritifer,37372047,1,AD,Passing,,
GX020037_L.MP4,705,35.6273,KAD_FIGO_Transect 4,2.359,,10.823,2.614,4399.626,21.727,,,-1421.148,793.19,-4087.529,KAD_FIGO,Peter,Pomacentridae,Chromis,margaritifer,37372047,1,AD,Passing,,
GX020037_L.MP4,772,35.6645,KAD_FIGO_Transect 4,2.3963,,2.915,0.548,2160.578,17.62,,,-631.14,170.28,-2059.311,KAD_FIGO,Peter,Pomacentridae,Chromis,margaritifer,37372047,1,AD,Passing,,
GX020037_L.MP4,772,35.6645,KAD_FIGO_Transect 4,2.3963,70.412,3.75,4.739,1633.27,16.565,52.912,2.844,-167.895,-434.337,-1565.482,KAD_FIGO,Peter,Labridae,Thalassoma,hardwicke,37384165,1,AD,Passing,,
GX020037_L.MP4,795,35.6773,KAD_FIGO_Transect 4,2.4091,170.249,9.667,1.806,2445.817,19.797,86.455,14.53,575.929,-595.397,-2301.267,KAD_FIGO,Peter,Scaridae,Chlorurus,spilurus,temp_code_002,1,AD,Passing,,
GX020037_L.MP4,829,35.6962,KAD_FIGO_Transect 4,2.428,,6.862,11.052,3638.944,27.491,,,-1576.044,579.208,-3228.393,KAD_FIGO,Peter,Pomacentridae,Chromis,margaritifer,37372047,1,AD,Passing,,
GX020037_L.MP4,983,35.7819,KAD_FIGO_Transect 4,2.5136,139.26,7.394,18.693,3007.248,10.764,25.361,22.914,-404.628,-389.488,-2954.338,KAD_FIGO,Peter,Scaridae,Chlorurus,spilurus,temp_code_002,1,AD,Passing,,
GX020037_L.MP4,10953,41.3263,KAD_FIGO_Transect 5,0.4688,79.949,3.37,9.217,2184.037,10.668,20.308,25.199,72.797,-397.689,-2146.29,KAD_FIGO,Peter,Pomacentridae,Stegastes,lacrymatus,temp_code_006,1,AD,Passing,,
GX020037_L.MP4,10953,41.3263,KAD_FIGO_Transect 5,0.4688,98.933,5.329,8.121,2266.604,9.93,32.527,18.499,188.854,-342.215,-2232.647,KAD_FIGO,Peter,Pomacentridae,Stegastes,lacrymatus,temp_code_006,1,AD,Passing,,
GX020037_L.MP4,11039,41.3741,KAD_FIGO_Transect 5,0.5166,59.89,3.02,7.307,2164.633,12.69,24.722,55.356,281.592,-383.156,-2111.76,KAD_FIGO,Peter,Pomacanthidae,Centropyge,heraldi,37385027,1,AD,Passing,,
GX020037_L.MP4,11049,41.3797,KAD_FIGO_Transect 5,0.5222,,2.985,1.981,2187.689,21.166,,,756.554,-228.3,-2039.972,KAD_FIGO,Peter,Pomacentridae,Stegastes,nigricans,37372135,1,AD,Passing,,
GX020037_L.MP4,11081,41.3975,KAD_FIGO_Transect 5,0.54,,5.693,5.623,3109.092,24.277,,,1091.818,663.203,-2834.528,KAD_FIGO,Peter,Pomacentridae,Pomacentrus,sp,,1,AD,Passing,,
GX020037_L.MP4,11213,41.4709,KAD_FIGO_Transect 5,0.6134,,3.914,4.61,2486.71,17.413,,,-128.063,-734.448,-2372.322,KAD_FIGO,Peter,Pomacentridae,Chromis,margaritifer,37372047,1,AD,Passing,,
GX020037_L.MP4,11215,41.472,KAD_FIGO_Transect 5,0.6145,,4.567,6.222,2740.779,18.391,,,851.737,-150.891,-2600.7,KAD_FIGO,Peter,Pomacentridae,Chromis,margaritifer,37372047,1,AD,Passing,,
GX020037_L.MP4,11240,41.4859,KAD_FIGO_Transect 5,0.6284,,10.882,12.729,4284.306,14.865,,,-845.691,-704.458,-4140.51,KAD_FIGO,Peter,Scaridae,Chlorurus,sp,,1,AD,Passing,,
GX020037_L.MP4,11240,41.4859,KAD_FIGO_Transect 5,0.6284,,11.778,17.145,4481.225,18.04,,,-1051.818,-907.798,-4260.394,KAD_FIGO,Peter,Acanthuridae,Ctenochaetus,striatus,37437022,1,AD,Passing,,
GX020037_L.MP4,11240,41.4859,KAD_FIGO_Transect 5,0.6284,,12.588,13.836,4610.714,15.112,,,-880.177,-821.212,-4450.796,KAD_FIGO,Peter,Labridae,Oxycheilinus,sp,,1,AD,Passing,,
GX020037_L.MP4,11254,41.4937,KAD_FIGO_Transect 5,0.6362,,9.472,3.26,3988.084,13.68,,,-748.058,-576.674,-3874.618,KAD_FIGO,Peter,Scaridae,Chlorurus,spilurus,temp_code_002,1,AD,Passing,,
GX020037_L.MP4,11260,41.497,KAD_FIGO_Transect 5,0.6395,160.761,7.834,14.237,5241.014,7.323,3.587,2.989,528.253,408.911,-5198.266,KAD_FIGO,Peter,Acanthuridae,Acanthurus,nigrofuscus,37437014,1,AD,Passing,,
GX020037_L.MP4,11260,41.497,KAD_FIGO_Transect 5,0.6395,,13.783,11.893,4910.289,4.209,,,291.439,209.139,-4897.169,KAD_FIGO,Peter,Acanthuridae,Acanthurus,nigrofuscus,37437014,1,AD,Passing,,
GX020037_L.MP4,11406,41.5782,KAD_FIGO_Transect 5,0.7207,102.634,1.992,6.135,1940.989,18.738,3.489,38.388,26.155,-622.968,-1838.115,KAD_FIGO,Peter,Acanthuridae,Ctenochaetus,striatus,37437022,1,AD,Passing,,
GX020037_L.MP4,11431,41.5921,KAD_FIGO_Transect 5,0.7346,,8.102,3.196,3682.074,19.991,,,1096.995,615.43,-3460.566,KAD_FIGO,Peter,Acanthuridae,Acanthurus,sp,,1,AD,Passing,may have double sampled,
GX020037_L.MP4,11431,41.5921,KAD_FIGO_Transect 5,0.7346,,13.138,3.26,4692.049,21.466,,,1298.852,1120.549,-4367.228,KAD_FIGO,Peter,Pomacentridae,Pomacentrus,sp,,1,AD,Passing,,
GX020037_L.MP4,11440,41.5971,KAD_FIGO_Transect 5,0.7396,99.038,4.666,12.284,2192.882,12.344,32.906,30.191,385.13,-267.288,-2142.187,KAD_FIGO,Peter,Acanthuridae,Zebrasoma,scopas,37437036,1,AD,Passing,,
GX020037_L.MP4,11461,41.6088,KAD_FIGO_Transect 5,0.7513,103.24,7.985,12.93,2870.592,26.66,66.967,43.69,1164.168,551.113,-2565.401,KAD_FIGO,Peter,Labridae,Thalassoma,lutescens,37384168,1,AD,Passing,,
GX020037_L.MP4,11503,41.6321,KAD_FIGO_Transect 5,0.7747,,7.559,7.917,3571.581,22.998,,,-757.085,-1174.08,-3287.027,KAD_FIGO,Peter,Pomacentridae,Pomacentrus,philippinus,37372123,1,AD,Passing,,
GX020037_L.MP4,11627,41.7011,KAD_FIGO_Transect 5,0.8436,,1.654,5.468,1548.604,18.678,,,495.916,-4.256,-1467.046,KAD_FIGO,Peter,Pomacentridae,Chromis,ternatensis,37372051,1,AD,Passing,,
GX020037_L.MP4,11639,41.7078,KAD_FIGO_Transect 5,0.8503,195.757,10.858,7.918,2781.444,23.137,73.501,17.42,-692.645,-845.426,-2557.72,KAD_FIGO,Peter,Labridae,Thalassoma,sp,,1,AD,Passing,,
GX020037_L.MP4,11641,41.7089,KAD_FIGO_Transect 5,0.8514,,11.254,14.167,4556.709,30.046,,,1906.459,1251.017,-3945.12,KAD_FIGO,Peter,Pomacentridae,Chromis,margaritifer,37372047,1,AD,Passing,,
GX020037_L.MP4,11641,41.7089,KAD_FIGO_Transect 5,0.8514,,14.167,16.746,5135.771,31.529,,,2154.398,1600.927,-4378.555,KAD_FIGO,Peter,Pomacentridae,Pomacentrus,philippinus,37372123,1,AD,Passing,,
GX020037_L.MP4,11693,41.7378,KAD_FIGO_Transect 5,0.8803,191.659,9.523,4.001,2608.051,14.501,54.186,22.715,-72.613,-649.007,-2524.965,KAD_FIGO,Peter,Scaridae,Scarus,schlegeli,37386029,1,AD,Passing,may have double sampled,
GX020037_L.MP4,11693,41.7378,KAD_FIGO_Transect 5,0.8803,159.983,10.143,6.724,2543.121,21.18,83.661,17.576,-211.023,-894.259,-2371.335,KAD_FIGO,Peter,Scaridae,Scarus,schlegeli,37386029,1,AD,Passing,may have double sampled,
GX020037_L.MP4,11727,41.7567,KAD_FIGO_Transect 5,0.8992,75.851,7.576,13.161,3304.317,18.044,42.748,64.798,-527.798,-876.912,-3141.809,KAD_FIGO,Peter,Pomacentridae,Chromis,margaritifer,37372047,1,AD,Passing,,
GX020037_L.MP4,11772,41.7817,KAD_FIGO_Transect 5,0.9243,,4.334,6.225,2818.51,27.191,,,1272.475,197.485,-2507.151,KAD_FIGO,Peter,Pomacentridae,Chromis,margaritifer,37372047,1,AD,Passing,,
GX020037_L.MP4,11775,41.7834,KAD_FIGO_Transect 5,0.9259,,11.663,14.433,4813.111,32.793,,,2402.434,1009.449,-4046.648,KAD_FIGO,Peter,Pomacentridae,Chromis,margaritifer,37372047,1,AD,Passing,,
GX020037_L.MP4,11932,41.8707,KAD_FIGO_Transect 5,1.0132,,19.084,19.174,5723.292,19.238,,,1665.062,882.088,-5404.217,KAD_FIGO,Peter,Acanthuridae,Acanthurus,sp,,1,AD,Passing,,
GX020037_L.MP4,11932,41.8707,KAD_FIGO_Transect 5,1.0132,104.654,3.887,13.335,1907.471,22.615,44.871,29.409,700.183,218.549,-1760.803,KAD_FIGO,Peter,Pomacentridae,Stegastes,lacrymatus,temp_code_006,1,AD,Passing,,
GX020037_L.MP4,11932,41.8707,KAD_FIGO_Transect 5,1.0132,120.045,7.606,19.792,3853.323,18.77,6.51,33.178,1109.53,553.414,-3648.393,KAD_FIGO,Peter,Acanthuridae,Zebrasoma,scopas,37437036,1,AD,Passing,,
GX020037_L.MP4,11932,41.8707,KAD_FIGO_Transect 5,1.0132,,9.502,19.66,4107.549,24.797,,,1551.722,746.124,-3729.265,KAD_FIGO,Peter,Acanthuridae,Zebrasoma,scopas,37437036,1,AD,Passing,,
GX020037_L.MP4,11947,41.8791,KAD_FIGO_Transect 5,1.0216,,29.948,19.118,7262.01,22.219,,,2410.604,1311.479,-6723.525,KAD_FIGO,Peter,Scaridae,Chlorurus,spilurus,temp_code_002,1,AD,Passing,,
GX020037_L.MP4,11947,41.8791,KAD_FIGO_Transect 5,1.0216,,25.052,1.376,6644.137,22.192,,,2224.339,1158.285,-6152.663,KAD_FIGO,Peter,Scaridae,Chlorurus,spilurus,temp_code_002,1,AD,Passing,,
GX020037_L.MP4,11992,41.9041,KAD_FIGO_Transect 5,1.0466,,12.179,1.581,5052.619,27.364,,,-2320.395,94.403,-4487.295,KAD_FIGO,Peter,Pomacentridae,Chromis,xanthura,37372057,1,AD,Passing,,
GX020037_L.MP4,11992,41.9041,KAD_FIGO_Transect 5,1.0466,,16.275,2.233,5496.294,20.825,,,-1850.89,623.306,-5137.6,KAD_FIGO,Peter,Pomacentridae,Chromis,xanthura,37372057,1,AD,Passing,,
GX020037_L.MP4,11992,41.9041,KAD_FIGO_Transect 5,1.0466,121.424,3.026,8.033,2509.365,9.557,7.487,21.679,-369.125,-193.218,-2474.535,KAD_FIGO,Peter,Pomacentridae,Dascyllus,trimaculatus,37372075,1,AD,Passing,,
GX020037_L.MP4,12126,41.9786,KAD_FIGO_Transect 5,1.1211,,1.486,1.711,1463.977,21.114,,,480.732,-217.586,-1365.57,KAD_FIGO,Peter,Holocentridae,Myripristis,kuntee,37261011,1,AD,Passing,,
GX020037_L.MP4,12175,42.0059,KAD_FIGO_Transect 5,1.1484,,7.76,0.533,3610.566,5.252,,,-61.284,-326.897,-3595.215,KAD_FIGO,Peter,Zanclidae,Zanclus,cornutus,37437001,1,AD,Passing,,
GX020037_L.MP4,12217,42.0292,KAD_FIGO_Transect 5,1.1717,67.066,2.588,7.238,1277.663,14.498,67.502,15.063,206.901,-243.936,-1236.976,KAD_FIGO,Peter,Chaetodontidae,Chaetodon,rafflesii,37365052,1,AD,Passing,,
GX020037_L.MP4,12217,42.0292,KAD_FIGO_Transect 5,1.1717,,1.353,10.397,1389.067,18.477,,,178.563,-403.156,-1317.227,KAD_FIGO,Peter,Chaetodontidae,Chaetodon,rafflesii,37365052,1,AD,Passing,,
GX020037_L.MP4,12238,42.0409,KAD_FIGO_Transect 5,1.1834,,3.581,6.435,2412.651,17.893,,,-667.576,-323.582,-2295.762,KAD_FIGO,Peter,Balistidae,Balistapus,undulatus,37465047,1,AD,Passing,,
GX020037_L.MP4,12238,42.0409,KAD_FIGO_Transect 5,1.1834,,3.746,12.724,2503.227,23.349,,,-767.755,-629.706,-2297.861,KAD_FIGO,Peter,Chaetodontidae,Chaetodon,trifascialis,37365058,1,AD,Passing,,
GX020037_L.MP4,12238,42.0409,KAD_FIGO_Transect 5,1.1834,74.808,2.096,7.623,1664.591,19.36,14.91,11.063,-434.923,-339.631,-1570.464,KAD_FIGO,Peter,Pomacentridae,Chromis,ternatensis,37372051,1,AD,Passing,,
GX020037_L.MP4,12238,42.0409,KAD_FIGO_Transect 5,1.1834,66.754,2.215,0.544,2223.817,8.014,1.398,22.948,-304.916,56.099,-2202.099,KAD_FIGO,Peter,Pomacentridae,Chromis,ternatensis,37372051,1,AD,Passing,,
GX020037_L.MP4,12238,42.0409,KAD_FIGO_Transect 5,1.1834,56.401,3.949,0.68,2420.513,5.149,18.439,22.018,-164.766,141.56,-2410.746,KAD_FIGO,Peter,Pomacentridae,Chromis,ternatensis,37372051,1,AD,Passing,,
GX020037_L.MP4,12238,42.0409,KAD_FIGO_Transect 5,1.1834,61.115,4.846,3.397,2263.991,10.55,27.804,14.427,-406.358,-81.843,-2225.72,KAD_FIGO,Peter,Pomacentridae,Chromis,ternatensis,37372051,1,AD,Passing,,
GX020037_L.MP4,12238,42.0409,KAD_FIGO_Transect 5,1.1834,61.387,5.257,3.28,2567.037,11.052,23.775,24.279,-475.427,-126.994,-2519.429,KAD_FIGO,Peter,Pomacentridae,Chromis,ternatensis,37372051,1,AD,Passing,,
GX020037_L.MP4,12238,42.0409,KAD_FIGO_Transect 5,1.1834,71.108,4.326,3.699,2695.439,5.678,14.985,1.509,95.977,248.807,-2682.215,KAD_FIGO,Peter,Pomacentridae,Chromis,ternatensis,37372051,1,AD,Passing,,
GX020037_L.MP4,12238,42.0409,KAD_FIGO_Transect 5,1.1834,63.741,1.448,2.749,1523.651,10.337,2.806,10.747,255.376,-97.616,-1498.922,KAD_FIGO,Peter,Pomacentridae,Chromis,ternatensis,37372051,1,AD,Passing,,
GX020037_L.MP4,12238,42.0409,KAD_FIGO_Transect 5,1.1834,,5.229,14.871,2972.668,20.134,,,-864.381,-549.271,-2790.681,KAD_FIGO,Peter,Pomacentridae,Chromis,ternatensis,37372051,1,AD,Passing,,
GX020037_L.MP4,12238,42.0409,KAD_FIGO_Transect 5,1.1834,,3.452,17.601,2399.321,21.141,,,-778.417,-379.346,-2237.612,KAD_FIGO,Peter,Pomacentridae,Chromis,ternatensis,37372051,1,AD,Passing,,
GX020037_L.MP4,12238,42.0409,KAD_FIGO_Transect 5,1.1834,,3.724,1.352,2431.06,9.751,,,-409.429,-44.785,-2395.916,KAD_FIGO,Peter,Pomacentridae,Chromis,ternatensis,37372051,1,AD,Passing,,
GX020037_L.MP4,12238,42.0409,KAD_FIGO_Transect 5,1.1834,,3.293,4.039,2315.552,17.634,,,-676.709,-186.038,-2206.635,KAD_FIGO,Peter,Pomacentridae,Chromis,ternatensis,37372051,1,AD,Passing,,
GX020037_L.MP4,12238,42.0409,KAD_FIGO_Transect 5,1.1834,,4.403,5.369,2688.812,15.661,,,-675.845,-266.177,-2588.84,KAD_FIGO,Peter,Pomacentridae,Chromis,ternatensis,37372051,1,AD,Passing,,
GX020037_L.MP4,12238,42.0409,KAD_FIGO_Transect 5,1.1834,,3.937,3.013,2531.649,14.94,,,-632.41,-162.855,-2445.973,KAD_FIGO,Peter,Pomacentridae,Chromis,ternatensis,37372051,1,AD,Passing,,
GX020037_L.MP4,12238,42.0409,KAD_FIGO_Transect 5,1.1834,,4.314,7.633,2710.175,21.408,,,-877.797,-457.603,-2522.919,KAD_FIGO,Peter,Pomacentridae,Chromis,ternatensis,37372051,1,AD,Passing,,
GX020037_L.MP4,12238,42.0409,KAD_FIGO_Transect 5,1.1834,,21.889,11.171,6581.642,21.881,,,-2449.337,-134.862,-6107.419,KAD_FIGO,Peter,Pomacentridae,Chromis,xanthura,37372057,1,AD,Passing,,
GX020037_L.MP4,12238,42.0409,KAD_FIGO_Transect 5,1.1834,,29.035,13.527,7334.892,14.746,,,-1865.909,58.644,-7093.348,KAD_FIGO,Peter,Pomacentridae,Chromis,xanthura,37372057,1,AD,Passing,,
GX020037_L.MP4,12238,42.0409,KAD_FIGO_Transect 5,1.1834,,6.041,18.628,3166.593,2.587,,,5.758,140.941,-3163.449,KAD_FIGO,Peter,Pomacentridae,Chromis,ternatensis,37372051,1,AD,Passing,,
GX020037_L.MP4,12238,42.0409,KAD_FIGO_Transect 5,1.1834,,4.797,1.193,2792.527,1.946,,,-21.067,90.835,-2790.969,KAD_FIGO,Peter,Pomacentridae,Chromis,ternatensis,37372051,1,AD,Passing,,
GX020037_L.MP4,12238,42.0409,KAD_FIGO_Transect 5,1.1834,,4.142,11.011,2572.965,2.63,,,-7.448,116.312,-2570.324,KAD_FIGO,Peter,Pomacentridae,Chromis,ternatensis,37372051,1,AD,Passing,,
GX020037_L.MP4,12238,42.0409,KAD_FIGO_Transect 5,1.1834,,2.283,2.499,1832.882,11.756,,,333.609,166.745,-1794.536,KAD_FIGO,Peter,Pomacentridae,Chromis,ternatensis,37372051,1,AD,Passing,,
GX020037_L.MP4,12238,42.0409,KAD_FIGO_Transect 5,1.1834,,1.657,2.181,1545.494,17.751,,,471.111,-9.021,-1471.912,KAD_FIGO,Peter,Pomacentridae,Chromis,ternatensis,37372051,1,AD,Passing,,
GX020037_L.MP4,12238,42.0409,KAD_FIGO_Transect 5,1.1834,,1.541,1.622,1486.705,19.594,,,451.654,210.307,-1400.739,KAD_FIGO,Peter,Pomacentridae,Chromis,ternatensis,37372051,1,AD,Passing,,
GX020037_L.MP4,12238,42.0409,KAD_FIGO_Transect 5,1.1834,,3.879,0.625,2451.756,10.632,,,345.029,291.149,-2409.833,KAD_FIGO,Peter,Pomacentridae,Chromis,ternatensis,37372051,1,AD,Passing,,
GX020037_L.MP4,12238,42.0409,KAD_FIGO_Transect 5,1.1834,,3.761,0.362,2412.399,10.408,,,356.639,249.069,-2372.856,KAD_FIGO,Peter,Pomacentridae,Chromis,ternatensis,37372051,1,AD,Passing,,
GX020037_L.MP4,12238,42.0409,KAD_FIGO_Transect 5,1.1834,,3.469,1.892,2312.147,14.501,,,501.692,287.609,-2238.662,KAD_FIGO,Peter,Pomacentridae,Chromis,ternatensis,37372051,1,AD,Passing,,
GX020037_L.MP4,12238,42.0409,KAD_FIGO_Transect 5,1.1834,,4.949,12.898,2895.465,22.842,,,1037.235,431.437,-2668.656,KAD_FIGO,Peter,Pomacentridae,Chromis,ternatensis,37372051,1,AD,Passing,,
GX020037_L.MP4,12238,42.0409,KAD_FIGO_Transect 5,1.1834,,5.15,1.564,3004.189,25.855,,,1195.915,533.417,-2703.776,KAD_FIGO,Peter,Pomacentridae,Chromis,ternatensis,37372051,1,AD,Passing,,
GX020037_L.MP4,12238,42.0409,KAD_FIGO_Transect 5,1.1834,,3.339,3.944,2340.544,22.25,,,843.81,269.658,-2166.43,KAD_FIGO,Peter,Pomacentridae,Chromis,ternatensis,37372051,1,AD,Passing,,
GX020037_L.MP4,12238,42.0409,KAD_FIGO_Transect 5,1.1834,,3.156,4.525,2254.649,21.468,,,774.52,283.378,-2098.394,KAD_FIGO,Peter,Pomacentridae,Chromis,ternatensis,37372051,1,AD,Passing,,
GX020037_L.MP4,12238,42.0409,KAD_FIGO_Transect 5,1.1834,,7.091,11.39,3420.62,17.61,,,931.179,449.608,-3260.583,KAD_FIGO,Peter,Pomacentridae,Chromis,ternatensis,37372051,1,AD,Passing,,
GX020037_L.MP4,12238,42.0409,KAD_FIGO_Transect 5,1.1834,,4.753,8.459,2772.653,18.87,,,798.81,405.96,-2623.871,KAD_FIGO,Peter,Pomacentridae,Chromis,ternatensis,37372051,1,AD,Passing,,
GX020037_L.MP4,12238,42.0409,KAD_FIGO_Transect 5,1.1834,,2.475,12.937,2051.545,28.342,,,904.647,359.688,-1805.844,KAD_FIGO,Peter,Pomacentridae,Chromis,ternatensis,37372051,1,AD,Passing,,
GX020037_L.MP4,12238,42.0409,KAD_FIGO_Transect 5,1.1834,,4.463,7.893,2899.37,30.325,,,1398.235,432.077,-2502.917,KAD_FIGO,Peter,Pomacentridae,Chromis,ternatensis,37372051,1,AD,Passing,,
GX020037_L.MP4,12238,42.0409,KAD_FIGO_Transect 5,1.1834,,3.342,1.464,2389.334,25.792,,,978.763,349.233,-2151.506,KAD_FIGO,Peter,Pomacentridae,Chromis,ternatensis,37372051,1,AD,Passing,,
GX020037_L.MP4,12238,42.0409,KAD_FIGO_Transect 5,1.1834,,2.921,3.48,2126.018,17.738,,,605.632,228.49,-2025.082,KAD_FIGO,Peter,Pomacentridae,Chromis,ternatensis,37372051,1,AD,Passing,,
GX020037_L.MP4,12238,42.0409,KAD_FIGO_Transect 5,1.1834,,3.53,8.789,2356.84,17.533,,,656.279,269.653,-2247.506,KAD_FIGO,Peter,Pomacentridae,Chromis,ternatensis,37372051,1,AD,Passing,,
GX020037_L.MP4,12238,42.0409,KAD_FIGO_Transect 5,1.1834,,8.314,1.25,3697.165,12.788,,,739.897,347.467,-3605.669,KAD_FIGO,Peter,Pomacentridae,Chromis,ternatensis,37372051,1,AD,Passing,,
GX020037_L.MP4,12238,42.0409,KAD_FIGO_Transect 5,1.1834,,4.371,2.601,2627.431,15.003,,,612.121,295.02,-2538.043,KAD_FIGO,Peter,Pomacentridae,Chromis,ternatensis,37372051,1,AD,Passing,,
GX020037_L.MP4,12238,42.0409,KAD_FIGO_Transect 5,1.1834,,5.165,13.811,3031.376,28.575,,,1253.439,727.318,-2662.543,KAD_FIGO,Peter,Pomacentridae,Chromis,ternatensis,37372051,1,AD,Passing,,
GX020037_L.MP4,12238,42.0409,KAD_FIGO_Transect 5,1.1834,,7.18,0.716,3573.923,27,,,1412.467,796.642,-3184.842,KAD_FIGO,Peter,Pomacentridae,Chromis,ternatensis,37372051,1,AD,Passing,,
GX020037_L.MP4,12238,42.0409,KAD_FIGO_Transect 5,1.1834,,4.329,1.513,2625.781,18.865,,,715.262,455.955,-2485.001,KAD_FIGO,Peter,Pomacentridae,Chromis,ternatensis,37372051,1,AD,Passing,,
GX020037_L.MP4,12238,42.0409,KAD_FIGO_Transect 5,1.1834,,5.579,1.285,3053.569,22.892,,,1009.129,624.938,-2813.431,KAD_FIGO,Peter,Pomacentridae,Chromis,ternatensis,37372051,1,AD,Passing,,
GX020037_L.MP4,12238,42.0409,KAD_FIGO_Transect 5,1.1834,,5.733,11.441,3110.609,23.695,,,1065.477,652.08,-2848.761,KAD_FIGO,Peter,Pomacentridae,Chromis,ternatensis,37372051,1,AD,Passing,,
GX020037_L.MP4,12238,42.0409,KAD_FIGO_Transect 5,1.1834,,7.231,14.146,3542.76,24.949,,,1292.508,748.141,-3212.609,KAD_FIGO,Peter,Pomacentridae,Chromis,ternatensis,37372051,1,AD,Passing,,
GX020037_L.MP4,12238,42.0409,KAD_FIGO_Transect 5,1.1834,,7.215,3.327,3500.272,22.592,,,1168.619,663.372,-3232.054,KAD_FIGO,Peter,Pomacentridae,Chromis,ternatensis,37372051,1,AD,Passing,,
GX020037_L.MP4,12238,42.0409,KAD_FIGO_Transect 5,1.1834,,5.358,5.036,2915.223,14.99,,,599.256,456.019,-2816.285,KAD_FIGO,Peter,Pomacentridae,Chromis,ternatensis,37372051,1,AD,Passing,,
GX020037_L.MP4,12238,42.0409,KAD_FIGO_Transect 5,1.1834,,6.727,2.37,3311.64,16.952,,,839.649,474.935,-3168.025,KAD_FIGO,Peter,Pomacentridae,Chromis,ternatensis,37372051,1,AD,Passing,,
GX020037_L.MP4,12238,42.0409,KAD_FIGO_Transect 5,1.1834,,9.467,3.725,3940.058,16.262,,,900.564,635.229,-3782.794,KAD_FIGO,Peter,Pomacentridae,Chromis,ternatensis,37372051,1,AD,Passing,,
GX020037_L.MP4,12238,42.0409,KAD_FIGO_Transect 5,1.1834,,16.75,11.782,5337.136,19.724,,,1530.638,946.541,-5024.562,KAD_FIGO,Peter,Pomacentridae,Chromis,ternatensis,37372051,1,AD,Passing,,
GX020037_L.MP4,12238,42.0409,KAD_FIGO_Transect 5,1.1834,,4.774,1.307,2986.389,32.511,,,1408.83,767.547,-2518.847,KAD_FIGO,Peter,Pomacentridae,Chromis,ternatensis,37372051,1,AD,Passing,,
GX020037_L.MP4,12238,42.0409,KAD_FIGO_Transect 5,1.1834,,5.85,5.684,3328.613,32.248,,,1581.576,806.491,-2815.645,KAD_FIGO,Peter,Pomacentridae,Chromis,ternatensis,37372051,1,AD,Passing,,
GX020037_L.MP4,12238,42.0409,KAD_FIGO_Transect 5,1.1834,,5.224,9.193,3147.406,32.789,,,1520.444,768.781,-2646.391,KAD_FIGO,Peter,Pomacentridae,Chromis,ternatensis,37372051,1,AD,Passing,,
GX020037_L.MP4,12238,42.0409,KAD_FIGO_Transect 5,1.1834,171.7,14.217,15.627,3212.691,23.936,77.427,11.066,-1106.522,-688.845,-2936.407,KAD_FIGO,Peter,Chaetodontidae,Heniochus,varius,37365078,1,AD,Passing,,
GX020037_L.MP4,12238,42.0409,KAD_FIGO_Transect 5,1.1834,,8.163,19.718,3812.051,22.494,,,-1260.244,-736.159,-3521.588,KAD_FIGO,Peter,Chaetodontidae,Heniochus,varius,37365078,1,AD,Passing,,
GX020037_L.MP4,12238,42.0409,KAD_FIGO_Transect 5,1.1834,,2.683,1.138,2013.085,11.905,,,42.338,-414.259,-1969.545,KAD_FIGO,Peter,Holocentridae,Myripristis,kuntee,37261011,1,AD,Passing,,
GX020037_L.MP4,12285,42.067,KAD_FIGO_Transect 5,1.2095,132.41,2.431,6.168,1280.24,14.996,53.906,6.181,329.744,-31.706,-1236.64,KAD_FIGO,Peter,Pomacentridae,Dascyllus,trimaculatus,37372075,1,AD,Passing,,
GX020037_L.MP4,12297,42.0737,KAD_FIGO_Transect 5,1.2162,72.406,0.894,3.966,1136.017,4.291,7.749,6.788,-9.41,-84.486,-1132.832,KAD_FIGO,Peter,Pomacentridae,Dascyllus,trimaculatus,37372075,1,AD,Passing,,
GX020037_L.MP4,12297,42.0737,KAD_FIGO_Transect 5,1.2162,128.363,2.357,3.856,1300.927,11.062,46.517,2.008,194.447,-156.523,-1276.755,KAD_FIGO,Peter,Pomacentridae,Dascyllus,trimaculatus,37372075,1,AD,Passing,,
GX020037_L.MP4,12374,42.1165,KAD_FIGO_Transect 5,1.259,103.566,5.316,9.229,1989.849,18.297,67.18,30.236,-540.579,-313.075,-1889.248,KAD_FIGO,Peter,Pomacentridae,Pomacentrus,philippinus,37372123,1,AD,Passing,,
GX020037_L.MP4,12386,42.1232,KAD_FIGO_Transect 5,1.2657,81.991,5.961,7.883,2143.618,17.176,47.606,14.624,520.315,360.547,-2048.017,KAD_FIGO,Peter,Pomacentridae,Chromis,atripes,37372037,1,AD,Passing,,
GX020037_L.MP4,12413,42.1382,KAD_FIGO_Transect 5,1.2807,63.533,1.778,8.923,1064.832,16.11,65.154,5.505,261.941,-136.713,-1023.017,KAD_FIGO,Peter,Pomacentridae,Stegastes,lacrymatus,temp_code_006,1,AD,Passing,,
GX020037_L.MP4,12503,42.1883,KAD_FIGO_Transect 5,1.3308,,5.014,0.73,2894.499,18.664,,,924.731,51.739,-2742.32,KAD_FIGO,Peter,Acanthuridae,Acanthurus,sp,,1,AD,Passing,,
GX020037_L.MP4,12503,42.1883,KAD_FIGO_Transect 5,1.3308,,2.737,1.313,2101.381,21.682,,,774.175,-59.259,-1952.676,KAD_FIGO,Peter,Acanthuridae,Acanthurus,sp,,1,AD,Passing,,
GX020037_L.MP4,12503,42.1883,KAD_FIGO_Transect 5,1.3308,112.128,8.531,6.419,2354.954,13.831,58.568,2.187,-502.932,-252.934,-2286.677,KAD_FIGO,Peter,Pomacentridae,Chromis,xanthura,37372057,1,AD,Passing,,
GX020037_L.MP4,12503,42.1883,KAD_FIGO_Transect 5,1.3308,101.125,6.434,7.674,2676.482,6.491,25.442,1.196,98.837,285.946,-2659.327,KAD_FIGO,Peter,Pomacentridae,Chromis,xanthura,37372057,1,AD,Passing,,
GX020037_L.MP4,12503,42.1883,KAD_FIGO_Transect 5,1.3308,109.901,3.049,6.679,2099.673,14.916,14.317,13.633,453.466,294.05,-2028.923,KAD_FIGO,Peter,Pomacentridae,Chromis,xanthura,37372057,1,AD,Passing,,
GX020037_L.MP4,12503,42.1883,KAD_FIGO_Transect 5,1.3308,102.61,9.117,9.822,3696.969,17.868,16.778,6.593,849.198,752.015,-3518.652,KAD_FIGO,Peter,Pomacentridae,Chromis,xanthura,37372057,1,AD,Passing,,
GX020037_L.MP4,12503,42.1883,KAD_FIGO_Transect 5,1.3308,70.737,2.468,7.754,2259.657,6.377,7.602,12.958,235.761,-86.074,-2245.675,KAD_FIGO,Peter,Pomacentridae,Chromis,ternatensis,37372051,1,AD,Passing,,
GX020037_L.MP4,12503,42.1883,KAD_FIGO_Transect 5,1.3308,83.705,3.992,7.158,1959.738,7.172,29.609,0.861,203.903,-135.241,-1944.404,KAD_FIGO,Peter,Pomacentridae,Chromis,ternatensis,37372051,1,AD,Passing,,
GX020037_L.MP4,12503,42.1883,KAD_FIGO_Transect 5,1.3308,76.506,2.029,6.93,1699.354,6.218,20.877,40.761,96.86,-156.508,-1689.357,KAD_FIGO,Peter,Pomacentridae,Chromis,ternatensis,37372051,1,AD,Passing,,
GX020037_L.MP4,12503,42.1883,KAD_FIGO_Transect 5,1.3308,70.057,4.889,7.096,2014.204,10.594,53.568,40.807,-163.547,-332.242,-1979.87,KAD_FIGO,Peter,Pomacentridae,Chromis,ternatensis,37372051,1,AD,Passing,,
GX020037_L.MP4,12503,42.1883,KAD_FIGO_Transect 5,1.3308,83.563,2.988,7.01,1474.873,20.275,62.886,23.987,508.218,54.097,-1383.488,KAD_FIGO,Peter,Pomacentridae,Chromis,ternatensis,37372051,1,AD,Passing,,
GX020037_L.MP4,12503,42.1883,KAD_FIGO_Transect 5,1.3308,70.765,0.942,3.854,1062.199,20.108,0.201,23.013,275.296,-239.913,-997.456,KAD_FIGO,Peter,Pomacentridae,Chromis,ternatensis,37372051,1,AD,Passing,,
GX020037_L.MP4,12503,42.1883,KAD_FIGO_Transect 5,1.3308,,6.786,12.415,3532.077,23.765,,,-1331.029,-506.184,-3232.292,KAD_FIGO,Peter,Pomacentridae,Chromis,xanthura,37372057,1,AD,Passing,,
GX020037_L.MP4,12503,42.1883,KAD_FIGO_Transect 5,1.3308,,10.568,6.365,4361.896,17.366,,,-1281.808,-230.283,-4162.941,KAD_FIGO,Peter,Pomacentridae,Chromis,xanthura,37372057,1,AD,Passing,,
GX020037_L.MP4,12503,42.1883,KAD_FIGO_Transect 5,1.3308,,14.783,11.776,5184.595,15.625,,,-1396.405,-8.449,-4992.996,KAD_FIGO,Peter,Pomacentridae,Chromis,xanthura,37372057,1,AD,Passing,,
GX020037_L.MP4,12503,42.1883,KAD_FIGO_Transect 5,1.3308,,12.999,16.86,4718.791,7.596,,,-87.289,614.864,-4677.747,KAD_FIGO,Peter,Pomacentridae,Chromis,xanthura,37372057,1,AD,Passing,,
GX020037_L.MP4,12503,42.1883,KAD_FIGO_Transect 5,1.3308,,16.379,10.092,5281.457,8.596,,,344.485,707.26,-5222.538,KAD_FIGO,Peter,Pomacentridae,Chromis,xanthura,37372057,1,AD,Passing,,
GX020037_L.MP4,12503,42.1883,KAD_FIGO_Transect 5,1.3308,,23.135,11.836,6357.731,6.991,,,360.839,680.858,-6310.861,KAD_FIGO,Peter,Pomacentridae,Chromis,xanthura,37372057,1,AD,Passing,,
GX020037_L.MP4,12503,42.1883,KAD_FIGO_Transect 5,1.3308,,13.363,14.992,4768.808,7.465,,,306.222,535.869,-4728.7,KAD_FIGO,Peter,Pomacentridae,Chromis,xanthura,37372057,1,AD,Passing,,
GX020037_L.MP4,12503,42.1883,KAD_FIGO_Transect 5,1.3308,,8.399,15.975,3755.776,5.747,,,118.94,354.578,-3737.109,KAD_FIGO,Peter,Pomacentridae,Chromis,xanthura,37372057,1,AD,Passing,,
GX020037_L.MP4,12503,42.1883,KAD_FIGO_Transect 5,1.3308,,14.979,8.891,5142.397,3.945,,,54.425,346.603,-5130.414,KAD_FIGO,Peter,Pomacentridae,Chromis,xanthura,37372057,1,AD,Passing,,
GX020037_L.MP4,12503,42.1883,KAD_FIGO_Transect 5,1.3308,,19.001,12.975,5607.666,13.751,,,731.834,1110.894,-5447.591,KAD_FIGO,Peter,Pomacentridae,Chromis,xanthura,37372057,1,AD,Passing,,
GX020037_L.MP4,12503,42.1883,KAD_FIGO_Transect 5,1.3308,,21.182,13.097,5933.312,19.126,,,1359.433,1386.342,-5606.62,KAD_FIGO,Peter,Pomacentridae,Chromis,xanthura,37372057,1,AD,Passing,,
GX020037_L.MP4,12503,42.1883,KAD_FIGO_Transect 5,1.3308,,18.861,12.28,5573.705,17.514,,,1068.185,1290.079,-5316.095,KAD_FIGO,Peter,Pomacentridae,Chromis,xanthura,37372057,1,AD,Passing,,
GX020037_L.MP4,12503,42.1883,KAD_FIGO_Transect 5,1.3308,,15.335,16.993,5034.329,16.504,,,1076.247,939.041,-4827.46,KAD_FIGO,Peter,Pomacentridae,Chromis,xanthura,37372057,1,AD,Passing,,
GX020037_L.MP4,12503,42.1883,KAD_FIGO_Transect 5,1.3308,,23.515,15.461,6324.686,18.803,,,1717.968,1093.798,-5987.808,KAD_FIGO,Peter,Pomacentridae,Chromis,xanthura,37372057,1,AD,Passing,,
GX020037_L.MP4,12503,42.1883,KAD_FIGO_Transect 5,1.3308,,29.582,19.407,6999.587,18.138,,,1276.711,1761.893,-6652.816,KAD_FIGO,Peter,Pomacentridae,Chromis,xanthura,37372057,1,AD,Passing,,
GX020037_L.MP4,12503,42.1883,KAD_FIGO_Transect 5,1.3308,,23.433,18.171,6277.274,21.186,,,1633.058,1571.189,-5853.943,KAD_FIGO,Peter,Pomacentridae,Chromis,ternatensis,37372051,1,AD,Passing,,
GX020037_L.MP4,12503,42.1883,KAD_FIGO_Transect 5,1.3308,,23.912,8.869,6329.675,12.975,,,1053.439,950.32,-6168.626,KAD_FIGO,Peter,Pomacentridae,Chromis,xanthura,37372057,1,AD,Passing,,
GX020037_L.MP4,12503,42.1883,KAD_FIGO_Transect 5,1.3308,,23.706,19.638,6423.59,24.771,,,2091.009,1691.2,-5833.527,KAD_FIGO,Peter,Pomacentridae,Chromis,xanthura,37372057,1,AD,Passing,,
GX020037_L.MP4,12503,42.1883,KAD_FIGO_Transect 5,1.3308,,8.685,5.719,3785.183,17.089,,,-597.444,-940.36,-3617.512,KAD_FIGO,Peter,Pomacentridae,Chromis,ternatensis,37372051,1,AD,Passing,,
GX020037_L.MP4,12503,42.1883,KAD_FIGO_Transect 5,1.3308,,7.178,7.328,3439.527,19.512,,,-589.142,-988.176,-3241.414,KAD_FIGO,Peter,Pomacentridae,Chromis,ternatensis,37372051,1,AD,Passing,,
GX020037_L.MP4,12503,42.1883,KAD_FIGO_Transect 5,1.3308,,5.266,7.663,2906.626,16.466,,,-332.634,-755.362,-2786.98,KAD_FIGO,Peter,Pomacentridae,Chromis,ternatensis,37372051,1,AD,Passing,,
GX020037_L.MP4,12503,42.1883,KAD_FIGO_Transect 5,1.3308,,4.828,9.593,2771.101,14.277,,,-218.67,-649.024,-2685.135,KAD_FIGO,Peter,Pomacentridae,Chromis,ternatensis,37372051,1,AD,Passing,,
GX020037_L.MP4,12503,42.1883,KAD_FIGO_Transect 5,1.3308,,4.093,14.635,2542.027,5.754,,,225.521,-120.204,-2529.149,KAD_FIGO,Peter,Pomacentridae,Chromis,ternatensis,37372051,1,AD,Passing,,
GX020037_L.MP4,12503,42.1883,KAD_FIGO_Transect 5,1.3308,,5.645,9.635,3029.988,5.919,,,288.166,-122.542,-3013.763,KAD_FIGO,Peter,Pomacentridae,Chromis,ternatensis,37372051,1,AD,Passing,,
GX020037_L.MP4,12503,42.1883,KAD_FIGO_Transect 5,1.3308,,2.549,3.816,1959.701,6.857,,,-31.534,-232.987,-1945.547,KAD_FIGO,Peter,Pomacentridae,Chromis,ternatensis,37372051,1,AD,Passing,,
GX020037_L.MP4,12503,42.1883,KAD_FIGO_Transect 5,1.3308,,3.341,6.772,2276.885,7.908,,,-175.053,-261.087,-2255.082,KAD_FIGO,Peter,Pomacentridae,Chromis,ternatensis,37372051,1,AD,Passing,,
GX020037_L.MP4,12503,42.1883,KAD_FIGO_Transect 5,1.3308,,2.004,6.291,1745.819,20.49,,,611.063,7.266,-1635.369,KAD_FIGO,Peter,Pomacentridae,Chromis,ternatensis,37372051,1,AD,Passing,,
GX020037_L.MP4,12503,42.1883,KAD_FIGO_Transect 5,1.3308,,1.799,6.777,1622.082,18.019,,,496.153,-75.793,-1542.478,KAD_FIGO,Peter,Pomacentridae,Chromis,ternatensis,37372051,1,AD,Passing,,
GX020037_L.MP4,12503,42.1883,KAD_FIGO_Transect 5,1.3308,,1.548,5.431,1477.359,9.88,,,163.537,-194.524,-1455.337,KAD_FIGO,Peter,Pomacentridae,Chromis,ternatensis,37372051,1,AD,Passing,,
GX020037_L.MP4,12503,42.1883,KAD_FIGO_Transect 5,1.3308,,1.099,3.767,1242.034,21.766,,,254.904,-384.277,-1153.257,KAD_FIGO,Peter,Pomacentridae,Chromis,ternatensis,37372051,1,AD,Passing,,
GX020037_L.MP4,12503,42.1883,KAD_FIGO_Transect 5,1.3308,,1.526,5.168,1475.15,18.411,,,310.926,-347.772,-1399.445,KAD_FIGO,Peter,Pomacentridae,Chromis,ternatensis,37372051,1,AD,Passing,,
GX020037_L.MP4,12503,42.1883,KAD_FIGO_Transect 5,1.3308,,1.472,1.613,1462.501,18.039,,,48.385,-451.097,-1390.353,KAD_FIGO,Peter,Pomacentridae,Chromis,ternatensis,37372051,1,AD,Passing,,
GX020037_L.MP4,12503,42.1883,KAD_FIGO_Transect 5,1.3308,,1.401,7.394,1416.669,16.027,,,14.553,-391.65,-1361.378,KAD_FIGO,Peter,Pomacentridae,Chromis,ternatensis,37372051,1,AD,Passing,,
GX020037_L.MP4,12503,42.1883,KAD_FIGO_Transect 5,1.3308,,1.854,0.857,1682.865,21.857,,,-83.598,-621.83,-1561.529,KAD_FIGO,Peter,Pomacentridae,Chromis,ternatensis,37372051,1,AD,Passing,,
GX020037_L.MP4,12503,42.1883,KAD_FIGO_Transect 5,1.3308,,5.462,18.535,3031.652,24.045,,,-721.802,-1004.073,-2767.987,KAD_FIGO,Peter,Pomacentridae,Chromis,ternatensis,37372051,1,AD,Passing,,
GX020037_L.MP4,12503,42.1883,KAD_FIGO_Transect 5,1.3308,,5.972,14.594,3224.621,24.431,,,-1020.803,-860.052,-2935.38,KAD_FIGO,Peter,Pomacentridae,Chromis,ternatensis,37372051,1,AD,Passing,,
GX020037_L.MP4,12503,42.1883,KAD_FIGO_Transect 5,1.3308,,2.443,3.951,1904.322,9.603,,,212.216,-237.507,-1877.498,KAD_FIGO,Peter,Pomacentridae,Chromis,ternatensis,37372051,1,AD,Passing,,
GX020037_L.MP4,12503,42.1883,KAD_FIGO_Transect 5,1.3308,,1.882,6.312,1647.856,10.369,,,181.496,-235.51,-1620.81,KAD_FIGO,Peter,Pomacentridae,Chromis,ternatensis,37372051,1,AD,Passing,,
GX020037_L.MP4,12503,42.1883,KAD_FIGO_Transect 5,1.3308,,2.165,0.281,1781.474,13.44,,,249.432,-331.524,-1732.491,KAD_FIGO,Peter,Pomacentridae,Chromis,ternatensis,37372051,1,AD,Passing,,
GX020037_L.MP4,12503,42.1883,KAD_FIGO_Transect 5,1.3308,,3.928,4.925,2475.536,12.017,,,68.791,-512.214,-2420.988,KAD_FIGO,Peter,Pomacentridae,Chromis,ternatensis,37372051,1,AD,Passing,,
GX020037_L.MP4,12503,42.1883,KAD_FIGO_Transect 5,1.3308,,2.486,3.483,1930.246,12.087,,,60.67,-400.715,-1887.219,KAD_FIGO,Peter,Pomacentridae,Chromis,ternatensis,37372051,1,AD,Passing,,
GX020037_L.MP4,12503,42.1883,KAD_FIGO_Transect 5,1.3308,,3.214,3.515,2223.345,10.571,,,-23.682,-408.463,-2185.374,KAD_FIGO,Peter,Pomacentridae,Chromis,ternatensis,37372051,1,AD,Passing,,
GX020037_L.MP4,12503,42.1883,KAD_FIGO_Transect 5,1.3308,,2.257,10.608,1829.739,11.159,,,60.076,-350.031,-1794.941,KAD_FIGO,Peter,Pomacentridae,Chromis,ternatensis,37372051,1,AD,Passing,,
GX020037_L.MP4,12503,42.1883,KAD_FIGO_Transect 5,1.3308,,5.265,9.241,2905.364,9.388,,,34.831,-474.306,-2866.176,KAD_FIGO,Peter,Pomacentridae,Chromis,ternatensis,37372051,1,AD,Passing,,
GX020037_L.MP4,12503,42.1883,KAD_FIGO_Transect 5,1.3308,,2.272,4.721,1841.958,13.472,,,-49.305,-427.331,-1791.024,KAD_FIGO,Peter,Pomacentridae,Chromis,ternatensis,37372051,1,AD,Passing,,
GX020037_L.MP4,12503,42.1883,KAD_FIGO_Transect 5,1.3308,,2.656,19.527,2006.77,13.758,,,-112.963,-464.821,-1948.924,KAD_FIGO,Peter,Pomacentridae,Chromis,ternatensis,37372051,1,AD,Passing,,
GX020037_L.MP4,12503,42.1883,KAD_FIGO_Transect 5,1.3308,,0.978,2.14,1134.046,16.824,,,307.094,-116.532,-1085.437,KAD_FIGO,Peter,Pomacentridae,Chromis,ternatensis,37372051,1,AD,Passing,,
GX020037_L.MP4,12503,42.1883,KAD_FIGO_Transect 5,1.3308,,1.401,6.338,1394.264,15.379,,,354.307,-106.603,-1344.275,KAD_FIGO,Peter,Pomacentridae,Chromis,ternatensis,37372051,1,AD,Passing,,
GX020037_L.MP4,12503,42.1883,KAD_FIGO_Transect 5,1.3308,,3.107,1.837,2223.618,18.824,,,716.757,31.07,-2104.702,KAD_FIGO,Peter,Pomacentridae,Chromis,ternatensis,37372051,1,AD,Passing,,
GX020037_L.MP4,12503,42.1883,KAD_FIGO_Transect 5,1.3308,,2.878,6.838,2081.404,14.026,,,318.96,-392.001,-2019.119,KAD_FIGO,Peter,Pomacentridae,Plectroglyphidodon,dickii,37372098,1,AD,Passing,,
GX020037_L.MP4,12511,42.1927,KAD_FIGO_Transect 5,1.3352,218.458,6.487,2.309,3242.704,17.199,11.598,24.342,958.274,32.6,-3097.705,KAD_FIGO,Peter,Scaridae,Scarus,globiceps,37386018,1,AD,Passing,,
GX020037_L.MP4,12519,42.1972,KAD_FIGO_Transect 5,1.3397,149.96,7.518,10.799,2450.678,17.323,46.383,17.656,661.556,-307.881,-2339.525,KAD_FIGO,Peter,Chaetodontidae,Chaetodon,ephippium,37365037,1,AD,Passing,,
GX020037_L.MP4,12531,42.2038,KAD_FIGO_Transect 5,1.3463,204.341,18.938,6.684,4575.927,27.131,36.217,19.182,2069.136,270.599,-4072.415,KAD_FIGO,Peter,Scaridae,Scarus,oviceps,37386022,1,AD,Passing,,
GX020037_L.MP4,12650,42.27,KAD_FIGO_Transect 5,1.4125,106.064,2.303,5.477,1955.183,23.695,6.885,64.596,554.616,-556.56,-1790.359,KAD_FIGO,Peter,Labridae,Bodianus,mesothorax,37384060,1,AD,Passing,,
GX020037_L.MP4,12650,42.27,KAD_FIGO_Transect 5,1.4125,107.377,3.528,7.949,1636.856,15.415,63.646,36.694,424.251,-96.551,-1577.969,KAD_FIGO,Peter,Pomacentridae,Chromis,xanthura,37372057,1,AD,Passing,,
GX020037_L.MP4,12650,42.27,KAD_FIGO_Transect 5,1.4125,159.016,8.068,6.346,2109.719,13.063,88.559,13.653,162.326,-448.364,-2055.124,KAD_FIGO,Peter,Pomacentridae,Chromis,xanthura,37372057,1,AD,Passing,,
GX020037_L.MP4,12650,42.27,KAD_FIGO_Transect 5,1.4125,108.521,8.591,9.902,2404.398,20.445,65.199,0.674,-428.149,-722.541,-2252.943,KAD_FIGO,Peter,Pomacentridae,Chromis,xanthura,37372057,1,AD,Passing,,
GX020037_L.MP4,12650,42.27,KAD_FIGO_Transect 5,1.4125,147.573,12.61,9.691,2696.925,7.375,83.469,28.301,-64.924,-340.022,-2674.617,KAD_FIGO,Peter,Pomacentridae,Chromis,xanthura,37372057,1,AD,Passing,,
GX020037_L.MP4,12650,42.27,KAD_FIGO_Transect 5,1.4125,69.215,2.56,3.748,1657.382,24.401,26.906,7.846,554.07,-402.25,-1509.343,KAD_FIGO,Peter,Pomacentridae,Chromis,ternatensis,37372051,1,AD,Passing,,
GX020037_L.MP4,12650,42.27,KAD_FIGO_Transect 5,1.4125,100.921,4.193,12.546,1739.704,24.62,78.906,17.486,714.062,-123.995,-1581.553,KAD_FIGO,Peter,Pomacentridae,Chromis,ternatensis,37372051,1,AD,Passing,,
GX020037_L.MP4,12650,42.27,KAD_FIGO_Transect 5,1.4125,78.183,7.244,8.186,2731.701,11.893,41.551,43.727,424.913,-369.32,-2673.059,KAD_FIGO,Peter,Pomacentridae,Chromis,ternatensis,37372051,1,AD,Passing,,
GX020037_L.MP4,12650,42.27,KAD_FIGO_Transect 5,1.4125,73.801,4.924,9.377,1993.551,16.365,58.294,36.428,560.656,-34.151,-1912.784,KAD_FIGO,Peter,Pomacentridae,Chromis,ternatensis,37372051,1,AD,Passing,,
GX020037_L.MP4,12650,42.27,KAD_FIGO_Transect 5,1.4125,82.451,5.998,8.239,2245.215,13.888,54.338,39.138,538.638,16.557,-2179.583,KAD_FIGO,Peter,Pomacentridae,Chromis,ternatensis,37372051,1,AD,Passing,,
GX020037_L.MP4,12650,42.27,KAD_FIGO_Transect 5,1.4125,71.49,5.349,9.733,2314.229,18.182,39.628,33.874,701.629,170.876,-2198.675,KAD_FIGO,Peter,Pomacentridae,Chromis,ternatensis,37372051,1,AD,Passing,,
GX020037_L.MP4,12650,42.27,KAD_FIGO_Transect 5,1.4125,,7.895,17.471,3677.737,23.514,,,-944.826,-1124.588,-3371.699,KAD_FIGO,Peter,Pomacentridae,Chromis,xanthura,37372057,1,AD,Passing,,
GX020037_L.MP4,12650,42.27,KAD_FIGO_Transect 5,1.4125,,5.135,19.16,2947.809,24.805,,,-753.243,-982.417,-2675.268,KAD_FIGO,Peter,Pomacentridae,Chromis,xanthura,37372057,1,AD,Passing,,
GX020037_L.MP4,12650,42.27,KAD_FIGO_Transect 5,1.4125,,9.275,16.044,3914.422,12.585,,,-357.677,-776.506,-3819.922,KAD_FIGO,Peter,Pomacentridae,Chromis,xanthura,37372057,1,AD,Passing,,
GX020037_L.MP4,12650,42.27,KAD_FIGO_Transect 5,1.4125,,10.544,2.735,4186.35,13.441,,,-560.929,-797.547,-4071.216,KAD_FIGO,Peter,Pomacentridae,Chromis,xanthura,37372057,1,AD,Passing,,
GX020037_L.MP4,12650,42.27,KAD_FIGO_Transect 5,1.4125,,12.104,12.884,4512.231,13.237,,,-728.368,-735.414,-4391.91,KAD_FIGO,Peter,Pomacentridae,Chromis,xanthura,37372057,1,AD,Passing,,
GX020037_L.MP4,12650,42.27,KAD_FIGO_Transect 5,1.4125,,9.487,5.734,4001.532,7.494,,,-279.543,-443.019,-3967.096,KAD_FIGO,Peter,Pomacentridae,Chromis,xanthura,37372057,1,AD,Passing,,
GX020037_L.MP4,12650,42.27,KAD_FIGO_Transect 5,1.4125,,8.776,7.27,3863.026,4.665,,,-68.359,-308.938,-3850.046,KAD_FIGO,Peter,Pomacentridae,Chromis,xanthura,37372057,1,AD,Passing,,
GX020037_L.MP4,12650,42.27,KAD_FIGO_Transect 5,1.4125,,12.24,0.221,4618.951,4.455,,,-156.466,-325.577,-4604.804,KAD_FIGO,Peter,Pomacentridae,Chromis,xanthura,37372057,1,AD,Passing,,
GX020037_L.MP4,12650,42.27,KAD_FIGO_Transect 5,1.4125,,10.159,9.909,4183.959,5.688,,,-371.83,-185.966,-4163.253,KAD_FIGO,Peter,Pomacentridae,Chromis,xanthura,37372057,1,AD,Passing,,
GX020037_L.MP4,12650,42.27,KAD_FIGO_Transect 5,1.4125,,14.391,9.144,5032.264,5.148,,,-365.486,262.216,-5012.119,KAD_FIGO,Peter,Pomacentridae,Chromis,xanthura,37372057,1,AD,Passing,,
GX020037_L.MP4,12650,42.27,KAD_FIGO_Transect 5,1.4125,,15.086,6.054,5167.601,4.077,,,-187.26,313.06,-5154.709,KAD_FIGO,Peter,Pomacentridae,Chromis,xanthura,37372057,1,AD,Passing,,
GX020037_L.MP4,12650,42.27,KAD_FIGO_Transect 5,1.4125,,11.778,8.439,4535.893,2.954,,,152.753,174.265,-4529.969,KAD_FIGO,Peter,Pomacentridae,Chromis,xanthura,37372057,1,AD,Passing,,
GX020037_L.MP4,12650,42.27,KAD_FIGO_Transect 5,1.4125,,9.711,6.969,4071.137,4.584,,,279.021,165.02,-4058.21,KAD_FIGO,Peter,Pomacentridae,Chromis,xanthura,37372057,1,AD,Passing,,
GX020037_L.MP4,12650,42.27,KAD_FIGO_Transect 5,1.4125,,20.531,12,6069.8,3.685,,,255.275,291.408,-6057.424,KAD_FIGO,Peter,Pomacentridae,Chromis,xanthura,37372057,1,AD,Passing,,
GX020037_L.MP4,12650,42.27,KAD_FIGO_Transect 5,1.4125,,15.282,13.27,5058.123,10.29,,,569.188,698.764,-4977.185,KAD_FIGO,Peter,Pomacentridae,Chromis,xanthura,37372057,1,AD,Passing,,
GX020037_L.MP4,12650,42.27,KAD_FIGO_Transect 5,1.4125,,17.486,13.924,5424.797,10.516,,,446.399,880.636,-5334.195,KAD_FIGO,Peter,Pomacentridae,Chromis,xanthura,37372057,1,AD,Passing,,
GX020037_L.MP4,12650,42.27,KAD_FIGO_Transect 5,1.4125,,26.589,9.718,6671.569,13.258,,,1086.25,1073.721,-6494.384,KAD_FIGO,Peter,Pomacentridae,Chromis,xanthura,37372057,1,AD,Passing,,
GX020037_L.MP4,12650,42.27,KAD_FIGO_Transect 5,1.4125,,33.742,13.297,7546.897,12.063,,,1073.433,1151.24,-7380.924,KAD_FIGO,Peter,Pomacentridae,Chromis,xanthura,37372057,1,AD,Passing,,
GX020037_L.MP4,12650,42.27,KAD_FIGO_Transect 5,1.4125,,15.589,9.249,5072.294,13.939,,,855.071,869.939,-4923.436,KAD_FIGO,Peter,Pomacentridae,Chromis,xanthura,37372057,1,AD,Passing,,
GX020037_L.MP4,12650,42.27,KAD_FIGO_Transect 5,1.4125,,28.979,10.921,6941.147,14.658,,,1027.618,1420.547,-6716.068,KAD_FIGO,Peter,Pomacentridae,Chromis,xanthura,37372057,1,AD,Passing,,
GX020037_L.MP4,12650,42.27,KAD_FIGO_Transect 5,1.4125,,21.145,11.679,5910.845,15.596,,,1024.542,1211.511,-5693.913,KAD_FIGO,Peter,Pomacentridae,Chromis,xanthura,37372057,1,AD,Passing,,
GX020037_L.MP4,12650,42.27,KAD_FIGO_Transect 5,1.4125,,29.373,6.368,6986.775,17.319,,,1408.139,1526.855,-6670.898,KAD_FIGO,Peter,Pomacentridae,Chromis,xanthura,37372057,1,AD,Passing,,
GX020037_L.MP4,12650,42.27,KAD_FIGO_Transect 5,1.4125,,13.586,12.254,4758.73,19.722,,,1243.766,1013.171,-4480.183,KAD_FIGO,Peter,Pomacentridae,Chromis,xanthura,37372057,1,AD,Passing,,
GX020037_L.MP4,12650,42.27,KAD_FIGO_Transect 5,1.4125,,1.276,5.422,1353.555,23.934,,,460.506,-299.819,-1236.994,KAD_FIGO,Peter,Pomacentridae,Chromis,ternatensis,37372051,1,AD,Passing,,
GX020037_L.MP4,12650,42.27,KAD_FIGO_Transect 5,1.4125,,3.342,5.867,2309.565,18.206,,,720.623,35.876,-2193.97,KAD_FIGO,Peter,Pomacentridae,Chromis,ternatensis,37372051,1,AD,Passing,,
GX020037_L.MP4,12650,42.27,KAD_FIGO_Transect 5,1.4125,,3.555,9.837,2362.581,14.977,,,608.372,-53.125,-2282.29,KAD_FIGO,Peter,Pomacentridae,Chromis,ternatensis,37372051,1,AD,Passing,,
GX020037_L.MP4,12650,42.27,KAD_FIGO_Transect 5,1.4125,,4.944,7.83,2800.825,9.398,,,368.336,-272.685,-2763.076,KAD_FIGO,Peter,Pomacentridae,Chromis,ternatensis,37372051,1,AD,Passing,,
GX020037_L.MP4,12650,42.27,KAD_FIGO_Transect 5,1.4125,,13.55,11.4,4786.855,9.361,,,186.841,-758.629,-4722.664,KAD_FIGO,Peter,Pomacentridae,Chromis,ternatensis,37372051,1,AD,Passing,,
GX020037_L.MP4,12650,42.27,KAD_FIGO_Transect 5,1.4125,,11.235,16.07,4349.234,8.087,,,511.117,-338.86,-4305.783,KAD_FIGO,Peter,Pomacentridae,Chromis,ternatensis,37372051,1,AD,Passing,,
GX020037_L.MP4,12650,42.27,KAD_FIGO_Transect 5,1.4125,,8.441,9.832,3733.492,8.605,,,450.744,-332.085,-3691.275,KAD_FIGO,Peter,Pomacentridae,Chromis,ternatensis,37372051,1,AD,Passing,,
GX020037_L.MP4,12650,42.27,KAD_FIGO_Transect 5,1.4125,,11.292,6.099,4336.655,9.57,,,546.624,-472.665,-4276.023,KAD_FIGO,Peter,Pomacentridae,Chromis,ternatensis,37372051,1,AD,Passing,,
GX020037_L.MP4,12650,42.27,KAD_FIGO_Transect 5,1.4125,,10.324,11.162,4124.655,11.059,,,608.234,-508.396,-4047.76,KAD_FIGO,Peter,Pomacentridae,Chromis,ternatensis,37372051,1,AD,Passing,,
GX020037_L.MP4,12650,42.27,KAD_FIGO_Transect 5,1.4125,,7.212,10.807,3431.73,10.873,,,589.63,-269.119,-3369.968,KAD_FIGO,Peter,Pomacentridae,Chromis,ternatensis,37372051,1,AD,Passing,,
GX020037_L.MP4,12650,42.27,KAD_FIGO_Transect 5,1.4125,,5.474,4.115,2969.746,12.179,,,605.674,-161.936,-2902.813,KAD_FIGO,Peter,Pomacentridae,Chromis,ternatensis,37372051,1,AD,Passing,,
GX020037_L.MP4,12650,42.27,KAD_FIGO_Transect 5,1.4125,,4.65,5.563,2719.752,11.474,,,533.094,-93.765,-2665.347,KAD_FIGO,Peter,Pomacentridae,Chromis,ternatensis,37372051,1,AD,Passing,,
GX020037_L.MP4,12650,42.27,KAD_FIGO_Transect 5,1.4125,,3.927,10.45,2517.59,17.941,,,761.823,143.594,-2395.259,KAD_FIGO,Peter,Pomacentridae,Chromis,ternatensis,37372051,1,AD,Passing,,
GX020037_L.MP4,12650,42.27,KAD_FIGO_Transect 5,1.4125,,4.287,9.987,2691.482,23.829,,,996.422,433.944,-2462.298,KAD_FIGO,Peter,Pomacentridae,Chromis,ternatensis,37372051,1,AD,Passing,,
GX020037_L.MP4,12650,42.27,KAD_FIGO_Transect 5,1.4125,,3.084,9.507,2243.925,23.155,,,820.383,323.616,-2063.357,KAD_FIGO,Peter,Pomacentridae,Chromis,ternatensis,37372051,1,AD,Passing,,
GX020037_L.MP4,12650,42.27,KAD_FIGO_Transect 5,1.4125,,3.412,11.992,2408.156,25.64,,,966.876,387.303,-2171.258,KAD_FIGO,Peter,Pomacentridae,Chromis,ternatensis,37372051,1,AD,Passing,,
GX020037_L.MP4,12650,42.27,KAD_FIGO_Transect 5,1.4125,,2.97,5.893,2188.167,21.647,,,775.293,223.428,-2033.98,KAD_FIGO,Peter,Pomacentridae,Chromis,ternatensis,37372051,1,AD,Passing,,
GX020037_L.MP4,12650,42.27,KAD_FIGO_Transect 5,1.4125,,11.459,19.561,4666.162,29.868,,,2103.258,985.654,-4046.958,KAD_FIGO,Peter,Labridae,Gomphosus,varius,37384106,1,AD,Passing,,
GX020037_L.MP4,12803,42.3551,KAD_FIGO_Transect 5,1.4976,95.628,8.206,7.532,2297.093,11.752,60.107,18.966,466.528,-35.569,-2248.938,KAD_FIGO,Peter,Pomacentridae,Chromis,ternatensis,37372051,1,AD,Passing,,
GX020037_L.MP4,12803,42.3551,KAD_FIGO_Transect 5,1.4976,89.132,5.237,12.266,3043.494,16.064,12.978,36.786,825.138,-168.558,-2924.652,KAD_FIGO,Peter,Pomacentridae,Chromis,ternatensis,37372051,1,AD,Passing,,
GX020037_L.MP4,12803,42.3551,KAD_FIGO_Transect 5,1.4976,84.945,8.21,4.409,2590.825,16.737,44.423,17.836,746.103,1.03,-2481.069,KAD_FIGO,Peter,Pomacentridae,Chromis,ternatensis,37372051,1,AD,Passing,,
GX020037_L.MP4,12803,42.3551,KAD_FIGO_Transect 5,1.4976,78.957,4.36,6.693,1879.028,16.378,52.898,34.098,269.136,-456.39,-1802.781,KAD_FIGO,Peter,Pomacentridae,Chromis,ternatensis,37372051,1,AD,Passing,,
GX020037_L.MP4,12803,42.3551,KAD_FIGO_Transect 5,1.4976,96.604,4.834,11.119,2564.555,19.936,43.588,66.796,-344.583,-803.682,-2410.871,KAD_FIGO,Peter,Pomacentridae,Chromis,xanthura,37372057,1,AD,Passing,,
GX020037_L.MP4,12803,42.3551,KAD_FIGO_Transect 5,1.4976,107.272,5.026,9.558,2685.376,15.424,50.337,67.004,-440.671,-562.028,-2588.663,KAD_FIGO,Peter,Pomacentridae,Chromis,xanthura,37372057,1,AD,Passing,,
GX020037_L.MP4,12803,42.3551,KAD_FIGO_Transect 5,1.4976,102.708,5.505,9.779,2615.781,11.82,44.184,58.59,-190.915,-500.661,-2560.313,KAD_FIGO,Peter,Pomacentridae,Chromis,xanthura,37372057,1,AD,Passing,,
GX020037_L.MP4,12803,42.3551,KAD_FIGO_Transect 5,1.4976,75,5.165,8.453,2101.672,17.556,52.66,38.655,-5.42,-633.915,-2003.783,KAD_FIGO,Peter,Pomacentridae,Chromis,ternatensis,37372051,1,AD,Passing,,
GX020037_L.MP4,12803,42.3551,KAD_FIGO_Transect 5,1.4976,86.85,6.028,12.243,2163.638,22.006,68.316,29.276,775.689,235.744,-2006.006,KAD_FIGO,Peter,Pomacentridae,Chromis,ternatensis,37372051,1,AD,Passing,,
GX020037_L.MP4,12803,42.3551,KAD_FIGO_Transect 5,1.4976,,3.353,10.299,2303.137,17.051,,,675.233,-13.745,-2201.888,KAD_FIGO,Peter,Pomacentridae,Chromis,ternatensis,37372051,1,AD,Passing,,
GX020037_L.MP4,12803,42.3551,KAD_FIGO_Transect 5,1.4976,,3.004,5.702,2151.703,16.665,,,41.475,-616.854,-2060.97,KAD_FIGO,Peter,Pomacentridae,Chromis,ternatensis,37372051,1,AD,Passing,,
GX020037_L.MP4,12803,42.3551,KAD_FIGO_Transect 5,1.4976,,4.879,12.159,2785.33,11.256,,,12.127,-545.124,-2731.438,KAD_FIGO,Peter,Pomacentridae,Chromis,ternatensis,37372051,1,AD,Passing,,
GX020037_L.MP4,12803,42.3551,KAD_FIGO_Transect 5,1.4976,,13.088,8.096,4791.454,6.689,,,-554.347,61.935,-4758.875,KAD_FIGO,Peter,Pomacentridae,Chromis,xanthura,37372057,1,AD,Passing,,
GX020037_L.MP4,12803,42.3551,KAD_FIGO_Transect 5,1.4976,,8.806,8.58,3813.933,8.588,,,377.622,424.136,-3771.418,KAD_FIGO,Peter,Pomacentridae,Chromis,xanthura,37372057,1,AD,Passing,,
GX020037_L.MP4,12803,42.3551,KAD_FIGO_Transect 5,1.4976,,12.199,12.83,4559.282,7.092,,,165.878,535.231,-4524.717,KAD_FIGO,Peter,Pomacentridae,Chromis,xanthura,37372057,1,AD,Passing,,
GX020037_L.MP4,12803,42.3551,KAD_FIGO_Transect 5,1.4976,,22.013,16.466,6174.09,7.913,,,348.14,771.889,-6115.748,KAD_FIGO,Peter,Pomacentridae,Chromis,xanthura,37372057,1,AD,Passing,,
GX020037_L.MP4,12803,42.3551,KAD_FIGO_Transect 5,1.4976,,21.857,10.816,6128.042,11.317,,,7.617,1199,-6009.596,KAD_FIGO,Peter,Pomacentridae,Chromis,xanthura,37372057,1,AD,Passing,,
GX020037_L.MP4,12803,42.3551,KAD_FIGO_Transect 5,1.4976,,14.935,11.131,4986.699,11.784,,,409.81,929.466,-4882.143,KAD_FIGO,Peter,Pomacentridae,Chromis,xanthura,37372057,1,AD,Passing,,
GX020037_L.MP4,12803,42.3551,KAD_FIGO_Transect 5,1.4976,,12.836,2.996,4604.102,11.806,,,632.483,695.418,-4507.118,KAD_FIGO,Peter,Pomacentridae,Chromis,xanthura,37372057,1,AD,Passing,,
GX020037_L.MP4,12803,42.3551,KAD_FIGO_Transect 5,1.4976,,16.795,12.352,5369.443,8.553,,,154.455,780.405,-5310.181,KAD_FIGO,Peter,Pomacentridae,Chromis,xanthura,37372057,1,AD,Passing,,
GX020037_L.MP4,12803,42.3551,KAD_FIGO_Transect 5,1.4976,,22.719,3.963,6273.958,8.538,,,245.141,895.033,-6204.947,KAD_FIGO,Peter,Pomacentridae,Chromis,xanthura,37372057,1,AD,Passing,,
GX020037_L.MP4,12803,42.3551,KAD_FIGO_Transect 5,1.4976,,21.558,13.014,6012.891,13.865,,,431.748,1371.286,-5838.495,KAD_FIGO,Peter,Pomacentridae,Chromis,xanthura,37372057,1,AD,Passing,,
GX020037_L.MP4,12803,42.3551,KAD_FIGO_Transect 5,1.4976,,30.784,11.422,7172.188,15.203,,,747.585,1721.78,-6922.201,KAD_FIGO,Peter,Pomacentridae,Chromis,xanthura,37372057,1,AD,Passing,,
GX020037_L.MP4,12803,42.3551,KAD_FIGO_Transect 5,1.4976,,23.422,7.555,6216.947,17.936,,,1038.573,1604.94,-5915.739,KAD_FIGO,Peter,Pomacentridae,Chromis,xanthura,37372057,1,AD,Passing,,
GX020037_L.MP4,12803,42.3551,KAD_FIGO_Transect 5,1.4976,,9.03,14.242,3840.922,17.59,,,901.94,728.462,-3661.766,KAD_FIGO,Peter,Pomacentridae,Chromis,xanthura,37372057,1,AD,Passing,,
GX020037_L.MP4,12803,42.3551,KAD_FIGO_Transect 5,1.4976,,7.414,9.836,3482.008,20.153,,,917.863,770.577,-3269.269,KAD_FIGO,Peter,Pomacentridae,Chromis,xanthura,37372057,1,AD,Passing,,
GX020037_L.MP4,12803,42.3551,KAD_FIGO_Transect 5,1.4976,,11.904,13.081,4486.873,10.297,,,769.592,223.346,-4414.734,KAD_FIGO,Peter,Pomacentridae,Chromis,ternatensis,37372051,1,AD,Passing,,
GX020037_L.MP4,12803,42.3551,KAD_FIGO_Transect 5,1.4976,,11.101,14.723,4318.608,12.904,,,912.475,309.703,-4209.732,KAD_FIGO,Peter,Pomacentridae,Chromis,ternatensis,37372051,1,AD,Passing,,
GX020037_L.MP4,12803,42.3551,KAD_FIGO_Transect 5,1.4976,,14.727,11.818,4976.914,13.268,,,1018.269,514.607,-4844.376,KAD_FIGO,Peter,Pomacentridae,Chromis,ternatensis,37372051,1,AD,Passing,,
GX020037_L.MP4,12803,42.3551,KAD_FIGO_Transect 5,1.4976,,12.278,8.68,4576.109,8.169,,,634.016,-147.146,-4529.586,KAD_FIGO,Peter,Pomacentridae,Chromis,ternatensis,37372051,1,AD,Passing,,
GX020037_L.MP4,12803,42.3551,KAD_FIGO_Transect 5,1.4976,,9.358,7.384,3944.037,9.631,,,89.779,-655.969,-3888.068,KAD_FIGO,Peter,Pomacentridae,Chromis,ternatensis,37372051,1,AD,Passing,,
GX020037_L.MP4,12803,42.3551,KAD_FIGO_Transect 5,1.4976,,9.196,13.017,3893.84,13.523,,,49.693,-911.408,-3785.347,KAD_FIGO,Peter,Pomacentridae,Chromis,ternatensis,37372051,1,AD,Passing,,
GX020037_L.MP4,12803,42.3551,KAD_FIGO_Transect 5,1.4976,,10.2,9.583,4115.419,12.479,,,26.323,-891.258,-4017.666,KAD_FIGO,Peter,Pomacentridae,Chromis,ternatensis,37372051,1,AD,Passing,,
GX020037_L.MP4,12803,42.3551,KAD_FIGO_Transect 5,1.4976,,12.949,4.949,4659.247,13.445,,,34.607,-1085.454,-4530.914,KAD_FIGO,Peter,Pomacentridae,Chromis,ternatensis,37372051,1,AD,Passing,,
GX020037_L.MP4,12915,42.4174,KAD_FIGO_Transect 5,1.5599,178.745,4.128,10.978,2858.352,14.341,16.766,74.718,353.73,-613.267,-2769.288,KAD_FIGO,Peter,Scaridae,Chlorurus,spilurus,temp_code_002,1,AD,Passing,,
GX020037_L.MP4,12915,42.4174,KAD_FIGO_Transect 5,1.5599,65.069,4.326,12.679,2351.22,21.242,38.25,64.87,-20.8,-851.601,-2191.479,KAD_FIGO,Peter,Pomacentridae,Chromis,ternatensis,37372051,1,AD,Passing,,
GX020037_L.MP4,12915,42.4174,KAD_FIGO_Transect 5,1.5599,72.564,4.461,3.132,2145.715,13.793,44.45,47.864,284.332,-425.256,-2083.844,KAD_FIGO,Peter,Pomacentridae,Chromis,ternatensis,37372051,1,AD,Passing,,
GX020037_L.MP4,12915,42.4174,KAD_FIGO_Transect 5,1.5599,99.927,4.992,9.281,2568.675,9.476,59.128,67.729,93.909,-412.344,-2533.622,KAD_FIGO,Peter,Pomacentridae,Chromis,xanthura,37372057,1,AD,Passing,,
GX020037_L.MP4,12915,42.4174,KAD_FIGO_Transect 5,1.5599,92.644,6.397,14.184,2191.585,6.495,71.369,45.917,-32.688,-245.726,-2177.52,KAD_FIGO,Peter,Pomacentridae,Chromis,xanthura,37372057,1,AD,Passing,,
GX020037_L.MP4,12915,42.4174,KAD_FIGO_Transect 5,1.5599,35.23,3.023,14.962,2292.878,10.764,10.771,24.845,420.384,-81.505,-2252.537,KAD_FIGO,Peter,Pomacentridae,Chromis,ternatensis,37372051,1,AD,Passing,,
GX020037_L.MP4,12915,42.4174,KAD_FIGO_Transect 5,1.5599,111.099,4.637,8.442,3822.716,8.629,0.118,13.553,452.616,352.26,-3779.446,KAD_FIGO,Peter,Pomacentridae,Chromis,xanthura,37372057,1,AD,Passing,,
GX020037_L.MP4,12915,42.4174,KAD_FIGO_Transect 5,1.5599,57.681,4.101,3.167,1927.769,15.073,36.234,20.199,479.873,145.084,-1861.442,KAD_FIGO,Peter,Pomacentridae,Chromis,ternatensis,37372051,1,AD,Passing,,
GX020037_L.MP4,12915,42.4174,KAD_FIGO_Transect 5,1.5599,114.591,8.845,8.742,3415.802,24.958,29.446,36.555,1080.676,953.685,-3096.826,KAD_FIGO,Peter,Pomacentridae,Chromis,xanthura,37372057,1,AD,Passing,,
GX020037_L.MP4,12915,42.4174,KAD_FIGO_Transect 5,1.5599,105.809,5.094,6.261,3029.8,21.927,9.031,36.263,852.831,743.448,-2810.632,KAD_FIGO,Peter,Pomacentridae,Chromis,xanthura,37372057,1,AD,Passing,,
GX020037_L.MP4,12915,42.4174,KAD_FIGO_Transect 5,1.5599,,4.828,9.206,2766.921,12.894,,,44.324,-617.423,-2696.79,KAD_FIGO,Peter,Pomacentridae,Chromis,ternatensis,37372051,1,AD,Passing,,
GX020037_L.MP4,12915,42.4174,KAD_FIGO_Transect 5,1.5599,,5.354,8.311,2941.821,6.163,,,163.083,-272.201,-2924.658,KAD_FIGO,Peter,Pomacentridae,Chromis,xanthura,37372057,1,AD,Passing,,
GX020037_L.MP4,12915,42.4174,KAD_FIGO_Transect 5,1.5599,,4.946,12.858,2809.022,9.557,,,28.484,-467.152,-2769.759,KAD_FIGO,Peter,Pomacentridae,Chromis,ternatensis,37372051,1,AD,Passing,,
GX020037_L.MP4,12915,42.4174,KAD_FIGO_Transect 5,1.5599,,6.628,11.539,3292.125,10.471,,,586.975,-117.883,-3237.229,KAD_FIGO,Peter,Pomacentridae,Chromis,ternatensis,37372051,1,AD,Passing,,
GX020037_L.MP4,12915,42.4174,KAD_FIGO_Transect 5,1.5599,,7.312,0.86,3463.715,8.788,,,474.776,-235.715,-3422.915,KAD_FIGO,Peter,Pomacentridae,Chromis,ternatensis,37372051,1,AD,Passing,,
GX020037_L.MP4,12915,42.4174,KAD_FIGO_Transect 5,1.5599,,6.204,9.372,3173.775,8.634,,,434.773,-196.755,-3137.692,KAD_FIGO,Peter,Pomacentridae,Chromis,ternatensis,37372051,1,AD,Passing,,
GX020037_L.MP4,12915,42.4174,KAD_FIGO_Transect 5,1.5599,,6.533,6.077,3259.769,10.017,,,526.92,-211.304,-3209.954,KAD_FIGO,Peter,Pomacentridae,Chromis,ternatensis,37372051,1,AD,Passing,,
GX020037_L.MP4,12915,42.4174,KAD_FIGO_Transect 5,1.5599,,5.325,8.873,2927.787,9.618,,,488.696,-23.01,-2886.622,KAD_FIGO,Peter,Pomacentridae,Chromis,ternatensis,37372051,1,AD,Passing,,
GX020037_L.MP4,12915,42.4174,KAD_FIGO_Transect 5,1.5599,,4.584,5.219,2695.707,15.22,,,631.458,317.996,-2601.341,KAD_FIGO,Peter,Pomacentridae,Chromis,ternatensis,37372051,1,AD,Passing,,
GX020037_L.MP4,12915,42.4174,KAD_FIGO_Transect 5,1.5599,,4.473,2.708,2671.586,19.402,,,724.328,511.368,-2520.164,KAD_FIGO,Peter,Pomacentridae,Chromis,ternatensis,37372051,1,AD,Passing,,
GX020037_L.MP4,12915,42.4174,KAD_FIGO_Transect 5,1.5599,,13.622,8.172,4740.539,21.056,,,1060.021,1330.552,-4424.782,KAD_FIGO,Peter,Pomacentridae,Chromis,xanthura,37372057,1,AD,Passing,,
GX020037_L.MP4,12915,42.4174,KAD_FIGO_Transect 5,1.5599,,13.873,17.018,4870.629,25.751,,,1437.282,1550.549,-4387.829,KAD_FIGO,Peter,Pomacentridae,Chromis,xanthura,37372057,1,AD,Passing,,
GX020037_L.MP4,12915,42.4174,KAD_FIGO_Transect 5,1.5599,,18.281,11.289,5483.998,16.549,,,754.94,1364.455,-5257.619,KAD_FIGO,Peter,Pomacentridae,Chromis,xanthura,37372057,1,AD,Passing,,
GX020037_L.MP4,12915,42.4174,KAD_FIGO_Transect 5,1.5599,,12.668,5.917,4552.246,13.953,,,625.971,899.063,-4418.46,KAD_FIGO,Peter,Pomacentridae,Chromis,xanthura,37372057,1,AD,Passing,,
GX020037_L.MP4,12915,42.4174,KAD_FIGO_Transect 5,1.5599,,20.041,9.64,5769.603,14.489,,,572.745,1321.729,-5586.887,KAD_FIGO,Peter,Pomacentridae,Chromis,xanthura,37372057,1,AD,Passing,,
GX020037_L.MP4,12915,42.4174,KAD_FIGO_Transect 5,1.5599,68.839,2.651,3.815,2058.058,18.236,5.287,30.57,620.808,171.407,-1954.692,KAD_FIGO,Peter,Pomacentridae,Pomacentrus,philippinus,37372123,1,AD,Passing,,
GX020037_L.MP4,12915,42.4174,KAD_FIGO_Transect 5,1.5599,114.614,4.808,6.761,2600.38,14.278,20.463,31.604,596.38,-235.837,-2520.057,KAD_FIGO,Peter,Acanthuridae,Zebrasoma,scopas,37437036,1,AD,Passing,,
GX020037_L.MP4,12966,42.4457,KAD_FIGO_Transect 5,1.5883,75.992,3.474,3.943,1837.139,22.963,50.031,42.58,364.275,-617.271,-1691.555,KAD_FIGO,Peter,Pomacentridae,Chromis,ternatensis,37372051,1,AD,Passing,,
GX020037_L.MP4,12991,42.4596,KAD_FIGO_Transect 5,1.6022,122.879,6.341,9.536,2036.721,21.623,77.135,15.655,416.022,-624.692,-1893.388,KAD_FIGO,Peter,Pomacentridae,Chromis,xanthura,37372057,1,AD,Passing,,
GX020037_L.MP4,12991,42.4596,KAD_FIGO_Transect 5,1.6022,78.508,7.757,5.262,3378.856,25.939,10.13,6.992,1327.303,650.104,-3038.47,KAD_FIGO,Peter,Pomacentridae,Chromis,xanthura,37372057,1,AD,Passing,,
GX020037_L.MP4,12991,42.4596,KAD_FIGO_Transect 5,1.6022,88.31,7.871,16.67,3516.368,31.585,2.427,8.377,1514.245,1048.325,-2995.483,KAD_FIGO,Peter,Pomacentridae,Chromis,xanthura,37372057,1,AD,Passing,,
GX020037_L.MP4,12991,42.4596,KAD_FIGO_Transect 5,1.6022,,9.945,7.772,4140.38,23.007,,,1397.69,813.41,-3811.505,KAD_FIGO,Peter,Pomacentridae,Chromis,xanthura,37372057,1,AD,Passing,,
GX020037_L.MP4,12991,42.4596,KAD_FIGO_Transect 5,1.6022,,17.663,4.452,5494.63,23.906,,,1652.232,1489.768,-5024.11,KAD_FIGO,Peter,Pomacentridae,Chromis,xanthura,37372057,1,AD,Passing,,
GX020037_L.MP4,12991,42.4596,KAD_FIGO_Transect 5,1.6022,,19.828,0.57,5736.41,20.387,,,1293.16,1520.409,-5377.963,KAD_FIGO,Peter,Pomacentridae,Chromis,xanthura,37372057,1,AD,Passing,,
GX020037_L.MP4,12991,42.4596,KAD_FIGO_Transect 5,1.6022,,5.02,1.72,3021.621,26.656,,,1313.84,332.323,-2700.663,KAD_FIGO,Peter,Pomacentridae,Chromis,ternatensis,37372051,1,AD,Passing,,
GX020037_L.MP4,12991,42.4596,KAD_FIGO_Transect 5,1.6022,,5.032,4.23,2986.532,23.757,,,1195.554,133.493,-2733.533,KAD_FIGO,Peter,Pomacentridae,Chromis,ternatensis,37372051,1,AD,Passing,,
GX020037_L.MP4,12991,42.4596,KAD_FIGO_Transect 5,1.6022,,17.671,0.46,5540.144,17.332,,,1570.88,-509.329,-5288.3,KAD_FIGO,Peter,Pomacentridae,Chromis,ternatensis,37372051,1,AD,Passing,,
GX020037_L.MP4,12991,42.4596,KAD_FIGO_Transect 5,1.6022,,11.556,3.597,4383.95,16.386,,,1059.219,-640.847,-4205.519,KAD_FIGO,Peter,Pomacentridae,Chromis,ternatensis,37372051,1,AD,Passing,,
GX020037_L.MP4,12991,42.4596,KAD_FIGO_Transect 5,1.6022,,5.455,5.136,2971.855,19.623,,,130.921,-991.029,-2798.686,KAD_FIGO,Peter,Pomacentridae,Chromis,xanthura,37372057,1,AD,Passing,,
GX020037_L.MP4,12991,42.4596,KAD_FIGO_Transect 5,1.6022,67.935,5.87,6.192,3078.417,22.327,2.181,15.841,1079.634,-449.554,-2847.621,KAD_FIGO,Peter,Chaetodontidae,Heniochus,chrysostomus,37365075,1,AD,Passing,,
GX020037_L.MP4,13110,42.5258,KAD_FIGO_Transect 5,1.6683,,12.379,10.355,4701.194,22.962,,,1715.273,646.654,-4329.076,KAD_FIGO,Peter,Monacanthidae,Amanses,scopas,37465046,1,AD,Passing,,
GX020037_L.MP4,13110,42.5258,KAD_FIGO_Transect 5,1.6683,,4.798,1.186,2866.421,27.308,,,1046.492,-797.816,-2546.51,KAD_FIGO,Peter,Pomacanthidae,Centropyge,heraldi,37385027,1,AD,Passing,,
GX020037_L.MP4,13110,42.5258,KAD_FIGO_Transect 5,1.6683,107.037,5.289,3.429,2453.601,16.202,38.644,44.599,645.304,-228.628,-2356.156,KAD_FIGO,Peter,Pomacentridae,Chromis,xanthura,37372057,1,AD,Passing,,
GX020037_L.MP4,13110,42.5258,KAD_FIGO_Transect 5,1.6683,131.372,10.945,7.863,2533.827,13.277,68.849,12.466,315.075,-489.233,-2466.102,KAD_FIGO,Peter,Pomacentridae,Chromis,xanthura,37372057,1,AD,Passing,,
GX020037_L.MP4,13110,42.5258,KAD_FIGO_Transect 5,1.6683,,12.912,11.486,4692.1,12.73,,,1012.456,206.871,-4576.891,KAD_FIGO,Peter,Pomacentridae,Chromis,xanthura,37372057,1,AD,Passing,,
GX020037_L.MP4,13110,42.5258,KAD_FIGO_Transect 5,1.6683,,15.262,11.086,5064.501,11.965,,,906.868,526.211,-4954.782,KAD_FIGO,Peter,Pomacentridae,Chromis,xanthura,37372057,1,AD,Passing,,
GX020037_L.MP4,13110,42.5258,KAD_FIGO_Transect 5,1.6683,,13.479,14.901,4872.397,20.517,,,1621.232,533.843,-4563.647,KAD_FIGO,Peter,Pomacentridae,Chromis,xanthura,37372057,1,AD,Passing,,
GX020037_L.MP4,13110,42.5258,KAD_FIGO_Transect 5,1.6683,146.757,13.47,19.17,5499.443,19.095,31.257,64.587,1774.409,297.045,-5196.837,KAD_FIGO,Peter,Scaridae,Scarus,sp,,1,AD,Passing,,
GX020037_L.MP4,13110,42.5258,KAD_FIGO_Transect 5,1.6683,79.607,6.497,4.362,2368.784,23.531,61.719,32.987,858.895,-395.804,-2171.814,KAD_FIGO,Peter,Pomacentridae,Stegastes,lacrymatus,temp_code_006,1,AD,Passing,,
GX020037_L.MP4,13236,42.5959,KAD_FIGO_Transect 5,1.7384,142.618,13.505,5.71,2847.986,20.077,80.895,2.767,-104.01,-972.129,-2674.916,KAD_FIGO,Peter,Acanthuridae,Acanthurus,sp,,1,AD,Passing,,
GX020037_L.MP4,13236,42.5959,KAD_FIGO_Transect 5,1.7384,117.056,3.98,2.739,2438.622,19.076,21.772,43.192,726.559,327.564,-2304.71,KAD_FIGO,Peter,Pomacentridae,Chromis,xanthura,37372057,1,AD,Passing,,
GX020037_L.MP4,13236,42.5959,KAD_FIGO_Transect 5,1.7384,79.335,5.421,9.971,2316.539,18.663,52.859,47.635,525.188,-523.153,-2194.73,KAD_FIGO,Peter,Pomacentridae,Chromis,ternatensis,37372051,1,AD,Passing,,
GX020037_L.MP4,13236,42.5959,KAD_FIGO_Transect 5,1.7384,112.282,10.322,10.846,2837.853,19.257,63.011,34.631,-393.116,-849.381,-2679.071,KAD_FIGO,Peter,Pomacentridae,Chromis,xanthura,37372057,1,AD,Passing,,
GX020037_L.MP4,13236,42.5959,KAD_FIGO_Transect 5,1.7384,,9.539,5.421,4023.223,20.852,,,-952.891,-1071.272,-3759.082,KAD_FIGO,Peter,Pomacentridae,Chromis,xanthura,37372057,1,AD,Passing,,
GX020037_L.MP4,13236,42.5959,KAD_FIGO_Transect 5,1.7384,147.36,6.346,5.964,2199.323,25.279,85.069,22.828,937.359,-58.004,-1988.722,KAD_FIGO,Peter,Chaetodontidae,Heniochus,varius,37365078,1,AD,Passing,,
GX020037_L.MP4,13337,42.6521,KAD_FIGO_Transect 5,1.7946,53.124,2.934,5.948,2520.795,21.695,3.095,32.266,160.242,-917.971,-2342.233,KAD_FIGO,Peter,Pomacanthidae,Centropyge,heraldi,37385027,1,AD,Passing,,
GX020037_L.MP4,13337,42.6521,KAD_FIGO_Transect 5,1.7946,,27.233,9.032,6751.405,20.536,,,1631.224,1713.338,-6323.373,KAD_FIGO,Peter,Scaridae,Chlorurus,spilurus,temp_code_002,1,AD,Passing,,
GX020037_L.MP4,13337,42.6521,KAD_FIGO_Transect 5,1.7946,,27.811,7.65,6875.402,24.123,,,1830.433,2128.347,-6276.21,KAD_FIGO,Peter,Scaridae,Chlorurus,spilurus,temp_code_002,1,AD,Passing,,
GX020037_L.MP4,13337,42.6521,KAD_FIGO_Transect 5,1.7946,,21.119,8.235,6134.072,5.159,,,548.058,58.789,-6109.257,KAD_FIGO,Peter,Scaridae,Chlorurus,spilurus,temp_code_002,1,AD,Passing,,
GX020037_L.MP4,13337,42.6521,KAD_FIGO_Transect 5,1.7946,94.53,8.831,5.326,2539.423,12.309,53.636,28.034,321.187,-435.796,-2481.046,KAD_FIGO,Peter,Pomacentridae,Chromis,ternatensis,37372051,1,AD,Passing,,
GX020037_L.MP4,13337,42.6521,KAD_FIGO_Transect 5,1.7946,,13.217,6.447,4701.691,14.99,,,-691.279,-1003.188,-4541.106,KAD_FIGO,Peter,Pomacentridae,Chromis,margaritifer,37372047,1,AD,Passing,,
GX020037_L.MP4,13337,42.6521,KAD_FIGO_Transect 5,1.7946,,4.936,7.943,2787.825,13.743,,,512.056,-421.611,-2707.769,KAD_FIGO,Peter,Pomacentridae,Chromis,ternatensis,37372051,1,AD,Passing,,
GX020037_L.MP4,13337,42.6521,KAD_FIGO_Transect 5,1.7946,,15.086,9.486,4998.077,14.361,,,957.299,784.746,-4842.367,KAD_FIGO,Peter,Pomacentridae,Chromis,margaritifer,37372047,1,AD,Passing,,
GX020037_L.MP4,13337,42.6521,KAD_FIGO_Transect 5,1.7946,,21.467,13.106,6212.823,4.307,,,-226.746,-411.361,-6195.042,KAD_FIGO,Peter,Pomacentridae,Chromis,margaritifer,37372047,1,AD,Passing,,
GX020037_L.MP4,13337,42.6521,KAD_FIGO_Transect 5,1.7946,,30.633,8.56,7291.55,8.247,,,717.298,757.004,-7216.587,KAD_FIGO,Peter,Pomacentridae,Chromis,margaritifer,37372047,1,AD,Passing,,
GX020037_L.MP4,13337,42.6521,KAD_FIGO_Transect 5,1.7946,,32.375,9.806,7505.919,8.084,,,692.89,791.987,-7431.789,KAD_FIGO,Peter,Pomacentridae,Chromis,margaritifer,37372047,1,AD,Passing,,
GX020037_L.MP4,13337,42.6521,KAD_FIGO_Transect 5,1.7946,,33.352,10.964,7642.769,7.56,,,586.679,812.24,-7576.807,KAD_FIGO,Peter,Pomacentridae,Chromis,margaritifer,37372047,1,AD,Passing,,
GX020037_L.MP4,13337,42.6521,KAD_FIGO_Transect 5,1.7946,,13.102,11.901,4668.804,20.662,,,1215.27,1109.716,-4369.14,KAD_FIGO,Peter,Pomacentridae,Chromis,margaritifer,37372047,1,AD,Passing,,
GX020037_L.MP4,13337,42.6521,KAD_FIGO_Transect 5,1.7946,,17.572,10.545,5459.926,23.549,,,1555.538,1526.377,-5006.122,KAD_FIGO,Peter,Pomacentridae,Chromis,margaritifer,37372047,1,AD,Passing,,
GX020037_L.MP4,13337,42.6521,KAD_FIGO_Transect 5,1.7946,,36.14,1.764,7809.381,22.224,,,1970.427,2196.239,-7230.517,KAD_FIGO,Peter,Pomacentridae,Chromis,margaritifer,37372047,1,AD,Passing,,
GX020037_L.MP4,13337,42.6521,KAD_FIGO_Transect 5,1.7946,,26.914,1.024,6691.291,18.198,,,1449.579,1501.399,-6357.507,KAD_FIGO,Peter,Pomacentridae,Chromis,margaritifer,37372047,1,AD,Passing,,
GX020037_L.MP4,13337,42.6521,KAD_FIGO_Transect 5,1.7946,,6.587,3.454,3298.879,20.813,,,977,645.797,-3083.994,KAD_FIGO,Peter,Acanthuridae,Ctenochaetus,sp,,1,AD,Passing,,
GX020037_L.MP4,13337,42.6521,KAD_FIGO_Transect 5,1.7946,,9.688,10.476,4051.192,6.269,,,427.319,112.157,-4027.031,KAD_FIGO,Peter,Pomacentridae,Pomacentrus,philippinus,37372123,1,AD,Passing,,
GX020037_L.MP4,13337,42.6521,KAD_FIGO_Transect 5,1.7946,,22.663,15.386,6239.787,24.992,,,1851.794,1873.057,-5656.63,KAD_FIGO,Peter,Scaridae,Scarus,sp,,1,AD,Passing,,
GX020037_L.MP4,13337,42.6521,KAD_FIGO_Transect 5,1.7946,,12.187,10.249,4511.944,22.323,,,1219.773,1201.403,-4174.497,KAD_FIGO,Peter,Siganidae,Siganus,sp,,1,AD,Passing,,
GX020037_L.MP4,13694,42.8506,KAD_FIGO_Transect 5,1.9931,,5.295,4.938,2953.685,19.845,,,-696.569,-722.898,-2777.853,KAD_FIGO,Peter,Pomacentridae,Chromis,xanthura,37372057,1,AD,Passing,,
GX020037_L.MP4,13705,42.8567,KAD_FIGO_Transect 5,1.9992,74.739,6.443,3.865,2747.407,7.601,68.817,64.16,-245.286,-268.15,-2723.265,KAD_FIGO,Peter,Pomacentridae,Stegastes,lacrymatus,temp_code_006,1,AD,Passing,,
GX020037_L.MP4,13728,42.8695,KAD_FIGO_Transect 5,2.012,,2.009,0.474,1713.27,14.564,,,430.697,-11.583,-1658.21,KAD_FIGO,Peter,Pomacentridae,Chromis,margaritifer,37372047,1,AD,Passing,,
GX020037_L.MP4,13728,42.8695,KAD_FIGO_Transect 5,2.012,,2.739,0.845,2030.61,12.552,,,412.383,-158.302,-1981.983,KAD_FIGO,Peter,Pomacentridae,Chromis,margaritifer,37372047,1,AD,Passing,,
GX020037_L.MP4,13757,42.8856,KAD_FIGO_Transect 5,2.0281,,3.989,1.429,2497.222,8.332,,,306.423,191.089,-2470.973,KAD_FIGO,Peter,Pomacentridae,Chromis,margaritifer,37372047,1,AD,Passing,,
GX020037_L.MP4,13783,42.9001,KAD_FIGO_Transect 5,2.0426,119.704,5.544,5.246,2313.307,6.219,36.226,32.302,-8.506,-250.437,-2299.695,KAD_FIGO,Peter,Acanthuridae,Ctenochaetus,binotatus,37437021,1,AD,Passing,,
GX020037_L.MP4,13783,42.9001,KAD_FIGO_Transect 5,2.0426,100.558,2.211,4.986,2129.636,5.927,21.337,65.459,219.591,-11.956,-2118.251,KAD_FIGO,Peter,Acanthuridae,Zebrasoma,scopas,37437036,1,AD,Passing,,
GX020037_L.MP4,13797,42.9079,KAD_FIGO_Transect 5,2.0504,104.171,2.764,9.774,2330.245,16.965,5.104,31.461,-454.981,-505.292,-2228.837,KAD_FIGO,Peter,Acanthuridae,Ctenochaetus,striatus,37437022,1,AD,Passing,,
GX020037_L.MP4,13804,42.9118,KAD_FIGO_Transect 5,2.0543,232.547,12.939,9.255,2964.066,20.364,78.172,15.832,-932.023,-441.875,-2778.807,KAD_FIGO,Peter,Scaridae,Chlorurus,spilurus,temp_code_002,1,AD,Passing,,
GX020037_L.MP4,13804,42.9118,KAD_FIGO_Transect 5,2.0543,51.664,3.666,6.926,2510.39,17.583,11.01,5.442,-536.294,-536.19,-2393.104,KAD_FIGO,Peter,Pomacentridae,Chromis,margaritifer,37372047,1,AD,Passing,,
GX020037_L.MP4,13857,42.9412,KAD_FIGO_Transect 5,2.0837,175.911,2.874,12.285,2457.419,9.311,6.891,25.349,359.747,-169.326,-2425.04,KAD_FIGO,Peter,Holocentridae,Myripristis,kuntee,37261011,1,AD,Passing,,
GX020037_L.MP4,13857,42.9412,KAD_FIGO_Transect 5,2.0837,92.534,6.293,6.244,2294.446,6.25,36.041,1.516,71.721,-239.278,-2280.808,KAD_FIGO,Peter,Labridae,Thalassoma,lutescens,37384168,1,AD,Passing,,
GX020037_L.MP4,13881,42.9546,KAD_FIGO_Transect 5,2.0971,181.025,17.102,12.906,3225.836,12.405,71.277,22.811,-328.697,-610.079,-3150.521,KAD_FIGO,Peter,Acanthuridae,Acanthurus,nigrofuscus,37437014,1,AD,Passing,,
GX020037_L.MP4,13953,42.9946,KAD_FIGO_Transect 5,2.1371,,6.586,1.637,3271.415,8.56,,,205.961,439.36,-3235.228,KAD_FIGO,Peter,Acanthuridae,Acanthurus,sp,,1,AD,Passing,,
GX020037_L.MP4,13953,42.9946,KAD_FIGO_Transect 5,2.1371,,6.186,3.867,3171.272,8.022,,,101.376,428.955,-3140.492,KAD_FIGO,Peter,Scaridae,Chlorurus,spilurus,temp_code_002,1,AD,Passing,,
GX020037_L.MP4,13953,42.9946,KAD_FIGO_Transect 5,2.1371,,9.074,11.88,4096.891,23.252,,,-1501.963,-602.093,-3763.788,KAD_FIGO,Peter,Pomacentridae,Chromis,xanthura,37372057,1,AD,Passing,,
GX020037_L.MP4,13953,42.9946,KAD_FIGO_Transect 5,2.1371,,13.954,6.772,4969.513,18.013,,,-1383.941,-670.791,-4725.548,KAD_FIGO,Peter,Pomacentridae,Chromis,xanthura,37372057,1,AD,Passing,,
GX020037_L.MP4,13953,42.9946,KAD_FIGO_Transect 5,2.1371,,9.725,8.702,4123.881,19.109,,,-1186.714,-645.946,-3896.262,KAD_FIGO,Peter,Pomacentridae,Chromis,xanthura,37372057,1,AD,Passing,,
GX020037_L.MP4,13953,42.9946,KAD_FIGO_Transect 5,2.1371,78.326,2.459,3.082,1931.604,14.677,26.247,54.225,478.99,100.395,-1868.578,KAD_FIGO,Peter,Labridae,Gomphosus,varius,37384106,1,AD,Passing,,
GX020037_L.MP4,25173,49.2342,KAD_FIGO_Transect 6,0.213,,0.615,5.776,865.45,11.538,,,172.499,13.907,-847.97,KAD_FIGO,Peter,Labridae,Thalassoma,amblycephalum,37384164,1,AD,Passing,,
GX020037_L.MP4,25212,49.2559,KAD_FIGO_Transect 6,0.2347,,4.454,2.473,2885.732,25.729,,,-1227.875,246.729,-2599.788,KAD_FIGO,Peter,Labridae,Thalassoma,sp,,1,AD,Passing,,
GX020037_L.MP4,25361,49.3387,KAD_FIGO_Transect 6,0.3175,98.604,4.856,5.518,2190.139,20.706,34.637,7.377,-632.682,-446.484,-2048.676,KAD_FIGO,Peter,Labridae,Stethojulis,sp,,1,AD,Passing,,
GX020037_L.MP4,25375,49.3465,KAD_FIGO_Transect 6,0.3253,,3.157,1.82,2202.927,11.014,,,-165.029,-388.407,-2162.127,KAD_FIGO,Peter,Labridae,Thalassoma,amblycephalum,37384164,1,AD,Passing,,
GX020037_L.MP4,25375,49.3465,KAD_FIGO_Transect 6,0.3253,,2.732,4.926,2031.812,10.398,,,61.492,-362.705,-1998.23,KAD_FIGO,Peter,Labridae,Thalassoma,amblycephalum,37384164,1,AD,Passing,,
GX020037_L.MP4,25375,49.3465,KAD_FIGO_Transect 6,0.3253,,2.035,2.689,1721.842,15.095,,,353.402,-276.98,-1662.266,KAD_FIGO,Peter,Labridae,Thalassoma,amblycephalum,37384164,1,AD,Passing,,
GX020037_L.MP4,25375,49.3465,KAD_FIGO_Transect 6,0.3253,,1.694,1.885,1552.904,12.241,,,230.735,-235.76,-1517.462,KAD_FIGO,Peter,Labridae,Thalassoma,amblycephalum,37384164,1,AD,Passing,,
GX020037_L.MP4,25375,49.3465,KAD_FIGO_Transect 6,0.3253,,1.775,4.042,1598.755,16.317,,,310.737,-325.257,-1534.167,KAD_FIGO,Peter,Labridae,Thalassoma,amblycephalum,37384164,1,AD,Passing,,
GX020037_L.MP4,25394,49.3571,KAD_FIGO_Transect 6,0.3359,57.579,4.318,3.96,1659.283,19.495,70.073,1.384,423.217,-357.1,-1564.157,KAD_FIGO,Peter,Labridae,Thalassoma,amblycephalum,37384164,1,AD,Passing,,
GX020037_L.MP4,25424,49.3738,KAD_FIGO_Transect 6,0.3526,65.344,2.911,3.76,1430.872,14.338,53.613,15.01,158.62,-316.865,-1386.302,KAD_FIGO,Peter,Pomacentridae,Stegastes,nigricans,37372135,1,AD,Passing,,
GX020037_L.MP4,25452,49.3893,KAD_FIGO_Transect 6,0.3681,34.329,2.816,8.986,1612.686,23.391,37.86,0.646,-544.519,-336.747,-1480.154,KAD_FIGO,Peter,Labridae,Thalassoma,amblycephalum,37384164,1,AD,Passing,,
GX020037_L.MP4,25477,49.4032,KAD_FIGO_Transect 6,0.382,63.625,5.558,2.734,2622.287,22.677,21.314,7.111,-1002.679,-129.465,-2419.558,KAD_FIGO,Peter,Pomacentridae,Pomacentrus,philippinus,37372123,1,AD,Passing,,
GX020037_L.MP4,25493,49.4121,KAD_FIGO_Transect 6,0.3909,,3.627,9.822,2566.017,27.976,,,1182.91,221.493,-2266.298,KAD_FIGO,Peter,Labridae,Anampses,sp,,1,AD,Passing,,
GX020037_L.MP4,25493,49.4121,KAD_FIGO_Transect 6,0.3909,50.056,2.893,2.786,1532.697,18.486,42.775,12.968,438.232,-210.078,-1453.609,KAD_FIGO,Peter,Labridae,Thalassoma,amblycephalum,37384164,1,AD,Passing,,
GX020037_L.MP4,25493,49.4121,KAD_FIGO_Transect 6,0.3909,46.244,1.849,4.539,1617.766,17.937,3.396,13.501,442.997,-228.01,-1539.134,KAD_FIGO,Peter,Labridae,Thalassoma,amblycephalum,37384164,1,AD,Passing,,
GX020037_L.MP4,25493,49.4121,KAD_FIGO_Transect 6,0.3909,,1.467,0.169,1443.957,19.434,,,429.518,-216.022,-1361.565,KAD_FIGO,Peter,Labridae,Thalassoma,amblycephalum,37384164,1,AD,Passing,,
GX020037_L.MP4,25493,49.4121,KAD_FIGO_Transect 6,0.3909,,3.607,5.15,2403.278,18.316,,,734.974,172.398,-2281.631,KAD_FIGO,Peter,Labridae,Thalassoma,amblycephalum,37384164,1,AD,Passing,,
GX020037_L.MP4,25503,49.4177,KAD_FIGO_Transect 6,0.3965,87.422,2.785,6.114,2120.723,12.579,8.56,3.805,444.145,-126.7,-2069.819,KAD_FIGO,Peter,Labridae,Thalassoma,nigrofasciatum,37384196,1,AD,Passing,,
GX020037_L.MP4,25514,49.4238,KAD_FIGO_Transect 6,0.4026,56.152,3.108,5.587,1520.818,8.977,43.803,0.51,22.509,-236.24,-1502.189,KAD_FIGO,Peter,Pomacentridae,Pomacentrus,philippinus,37372123,1,AD,Passing,,
GX020037_L.MP4,25514,49.4238,KAD_FIGO_Transect 6,0.4026,,1.901,4.528,1663.857,10.481,,,-258.125,-159.033,-1636.002,KAD_FIGO,Peter,Labridae,Thalassoma,amblycephalum,37384164,1,AD,Passing,,
GX020037_L.MP4,25542,49.4394,KAD_FIGO_Transect 6,0.4182,,1.448,5.356,1427.336,17.523,,,338.515,-265.546,-1360.949,KAD_FIGO,Peter,Labridae,Thalassoma,amblycephalum,37384164,1,AD,Passing,,
GX020037_L.MP4,25542,49.4394,KAD_FIGO_Transect 6,0.4182,,1.562,1.65,1500.33,20.284,,,442.672,-273.878,-1407.133,KAD_FIGO,Peter,Labridae,Thalassoma,amblycephalum,37384164,1,AD,Passing,,
GX020037_L.MP4,25548,49.4427,KAD_FIGO_Transect 6,0.4215,88.667,3.05,3.165,1431.122,24.212,79.855,3.487,497.338,-311.66,-1305.233,KAD_FIGO,Peter,Labridae,Thalassoma,amblycephalum,37384164,1,AD,Passing,,
GX020037_L.MP4,25727,49.5423,KAD_FIGO_Transect 6,0.5211,71.621,2.601,7.9,2112.017,20.405,8.203,4.835,-488.388,-551.094,-1979.492,KAD_FIGO,Peter,Labridae,Stethojulis,sp,,1,AD,Passing,,
GX020037_L.MP4,25802,49.584,KAD_FIGO_Transect 6,0.5628,89.79,6.163,3.279,2504.195,22.271,32.042,10.944,923.687,-217.912,-2317.393,KAD_FIGO,Peter,Pomacentridae,Stegastes,lacrymatus,temp_code_006,1,AD,Passing,,
GX020037_L.MP4,25817,49.5923,KAD_FIGO_Transect 6,0.5711,,2.352,3.93,1863.306,13.441,,,346.435,-261.029,-1812.114,KAD_FIGO,Peter,Pomacentridae,Chromis,ternatensis,37372051,1,AD,Passing,,
GX020037_L.MP4,25817,49.5923,KAD_FIGO_Transect 6,0.5711,,2.621,4.546,1979.302,15.09,,,376.966,-352.404,-1910.85,KAD_FIGO,Peter,Pomacentridae,Chromis,ternatensis,37372051,1,AD,Passing,,
GX020037_L.MP4,25864,49.6185,KAD_FIGO_Transect 6,0.5973,100.054,5.23,7.003,2462.077,10.177,22.986,5.318,427.746,-79.127,-2423.344,KAD_FIGO,Peter,Acanthuridae,Acanthurus,sp,,1,AD,Passing,,
GX020037_L.MP4,25903,49.6401,KAD_FIGO_Transect 6,0.619,,2.659,2.497,2004.741,7.045,,,27.482,-245.501,-1989.463,KAD_FIGO,Peter,Pomacentridae,Chromis,ternatensis,37372051,1,AD,Passing,,
GX020037_L.MP4,25903,49.6401,KAD_FIGO_Transect 6,0.619,,2.471,4.365,1927.417,6.549,,,-141.35,-169.457,-1914.743,KAD_FIGO,Peter,Pomacentridae,Chromis,ternatensis,37372051,1,AD,Passing,,
GX020037_L.MP4,25903,49.6401,KAD_FIGO_Transect 6,0.619,,2.082,5.422,1745.048,7.643,,,147.543,-180.168,-1729.44,KAD_FIGO,Peter,Pomacentridae,Chromis,weberi,37372054,1,AD,Passing,,
GX020037_L.MP4,25903,49.6401,KAD_FIGO_Transect 6,0.619,,2.88,6.057,2085.147,10.516,,,337.489,-177.046,-2050.023,KAD_FIGO,Peter,Pomacentridae,Chromis,ternatensis,37372051,1,AD,Passing,,
GX020037_L.MP4,25903,49.6401,KAD_FIGO_Transect 6,0.619,,2.552,3.165,1979.304,18.246,,,599.865,-156.649,-1879.699,KAD_FIGO,Peter,Labridae,Labroides,dimidiatus,37384028,1,AD,Passing,,
GX020037_L.MP4,25954,49.6685,KAD_FIGO_Transect 6,0.6473,44.686,0.749,16.241,895.561,20.796,24.523,1.024,-93.501,-303.899,-837.217,KAD_FIGO,Peter,Pomacentridae,Chromis,sp,,1,AD,Passing,,
GX020037_L.MP4,26049,49.7213,KAD_FIGO_Transect 6,0.7001,30.643,1.65,2.257,1580.278,14.318,10.124,8.729,270.196,-282.346,-1531.193,KAD_FIGO,Peter,Pomacentridae,Chromis,weberi,37372054,1,AD,Passing,,
GX020037_L.MP4,26063,49.7291,KAD_FIGO_Transect 6,0.7079,,2.797,0.222,2052.589,10.463,,,183.871,-325.407,-2018.273,KAD_FIGO,Peter,Labridae,Thalassoma,amblycephalum,37384164,1,AD,Passing,,
GX020037_L.MP4,26090,49.7441,KAD_FIGO_Transect 6,0.7229,,2.129,0.079,1792.338,22.083,,,449.203,-503.234,-1660.556,KAD_FIGO,Peter,Pomacentridae,Chromis,weberi,37372054,1,AD,Passing,,
GX020037_L.MP4,26090,49.7441,KAD_FIGO_Transect 6,0.7229,78.834,2.896,4.839,1795.075,18.843,29.516,8.281,-62.039,-576.447,-1698.869,KAD_FIGO,Peter,Pomacentridae,Stegastes,lacrymatus,temp_code_006,1,AD,Passing,,
GX020037_L.MP4,26110,49.7553,KAD_FIGO_Transect 6,0.7341,,15.23,10.878,5442.164,23.194,,,-2093.956,-460.688,-5002.026,KAD_FIGO,Peter,Acanthuridae,Acanthurus,lineatus,37437010,1,AD,Passing,,
GX020037_L.MP4,26110,49.7553,KAD_FIGO_Transect 6,0.7341,,8.852,8.713,4010.865,21.297,,,-1370.377,-496.264,-3736.687,KAD_FIGO,Peter,Pomacentridae,Chromis,xanthura,37372057,1,AD,Passing,,
GX020037_L.MP4,26155,49.7803,KAD_FIGO_Transect 6,0.7591,,2.572,7.506,1999.235,20.895,,,-337.153,-629.386,-1867.389,KAD_FIGO,Peter,Pomacentridae,Chromis,sp,,1,AD,Passing,,
GX020037_L.MP4,26155,49.7803,KAD_FIGO_Transect 6,0.7591,61.625,1.776,13.696,1802.265,23.578,8.695,0.443,-324.691,-643.638,-1651.806,KAD_FIGO,Peter,Labridae,Thalassoma,amblycephalum,37384164,1,AD,Passing,,
GX020037_L.MP4,26191,49.8003,KAD_FIGO_Transect 6,0.7791,58.925,4.524,6.526,1871.659,21.552,52.399,0.081,-336.552,-599.536,-1740.803,KAD_FIGO,Peter,Pomacentridae,Stegastes,lacrymatus,temp_code_006,1,AD,Passing,,
GX020037_L.MP4,26198,49.8042,KAD_FIGO_Transect 6,0.783,69.954,5.106,2.087,2045.622,21.704,50.913,20.748,642.032,-400.101,-1900.6,KAD_FIGO,Peter,Labridae,Stethojulis,sp,,1,AD,Passing,,
GX020037_L.MP4,26206,49.8086,KAD_FIGO_Transect 6,0.7875,75.159,3.306,17.359,1574.131,23.805,60.047,5.406,-407.639,-487.351,-1440.211,KAD_FIGO,Peter,Labridae,Thalassoma,amblycephalum,37384164,1,AD,Passing,,
GX020037_L.MP4,26274,49.8465,KAD_FIGO_Transect 6,0.8253,93.49,5.136,7.008,1828.431,18.43,67.294,1.773,-468.562,-338.526,-1734.65,KAD_FIGO,Peter,Pomacentridae,Stegastes,lacrymatus,temp_code_006,1,AD,Passing,,
GX020037_L.MP4,26285,49.8526,KAD_FIGO_Transect 6,0.8314,53.779,2.82,4.752,2477.666,9.3,9.63,4.852,-109.842,-385.031,-2445.1,KAD_FIGO,Peter,Chaetodontidae,Chaetodon,plebeius,37365050,1,AD,Passing,,
GX020037_L.MP4,26285,49.8526,KAD_FIGO_Transect 6,0.8314,118.45,10.196,6.544,4245.646,5.034,15.793,17.956,-288.878,-235.191,-4229.272,KAD_FIGO,Peter,Chaetodontidae,Chaetodon,ulietensis,37365060,1,AD,Passing,,
GX020037_L.MP4,26285,49.8526,KAD_FIGO_Transect 6,0.8314,,4.625,1.869,2732.491,13.421,,,-537.825,-337.67,-2657.674,KAD_FIGO,Peter,Chaetodontidae,Chaetodon,plebeius,37365050,1,AD,Passing,,
GX020037_L.MP4,26285,49.8526,KAD_FIGO_Transect 6,0.8314,,10.437,4.021,4258.498,3.668,,,-228.013,-151.618,-4249.685,KAD_FIGO,Peter,Chaetodontidae,Chaetodon,ulietensis,37365060,1,AD,Passing,,
GX020037_L.MP4,26285,49.8526,KAD_FIGO_Transect 6,0.8314,107.27,4.206,4.106,2401.337,11.564,20.364,16.555,-268.909,-399.285,-2352.59,KAD_FIGO,Peter,Acanthuridae,Ctenochaetus,striatus,37437022,1,AD,Passing,,
GX020037_L.MP4,26323,49.8737,KAD_FIGO_Transect 6,0.8525,,11.489,6.368,4788.753,31.12,,,2363.494,-736.97,-4099.138,KAD_FIGO,Peter,Acanthuridae,Ctenochaetus,striatus,37437022,1,AD,Passing,,
GX020037_L.MP4,26338,49.8821,KAD_FIGO_Transect 6,0.8609,,2.097,15.748,1858.919,26.727,,,-705.47,-449.586,-1660.05,KAD_FIGO,Peter,Pomacentridae,Chromis,margaritifer,37372047,1,AD,Passing,,
GX020037_L.MP4,26341,49.8837,KAD_FIGO_Transect 6,0.8625,60.278,2.824,2.891,2056.739,15.606,18.013,19.767,185.594,-521.243,-1980.917,KAD_FIGO,Peter,Pomacanthidae,Centropyge,heraldi,37385027,1,AD,Passing,,
GX020037_L.MP4,26341,49.8837,KAD_FIGO_Transect 6,0.8625,,4.666,1.334,2702.225,12.482,,,372.53,-451.345,-2638.092,KAD_FIGO,Peter,Pomacanthidae,Centropyge,heraldi,37385027,1,AD,Passing,,
GX020037_L.MP4,26372,49.901,KAD_FIGO_Transect 6,0.8798,49.092,2.573,3.596,1437.795,19.56,46.941,6.858,136.238,-461.678,-1354.824,KAD_FIGO,Peter,Pomacentridae,Plectroglyphidodon,dickii,37372098,1,AD,Passing,,
GX020037_L.MP4,26393,49.9126,KAD_FIGO_Transect 6,0.8914,164.543,7.404,10.134,3350.822,27.423,4.937,23.435,1523.137,-248.195,-2974.3,KAD_FIGO,Peter,Acanthuridae,Acanthurus,lineatus,37437010,1,AD,Passing,,
GX020037_L.MP4,26393,49.9126,KAD_FIGO_Transect 6,0.8914,,3.313,9.422,2315.529,22.056,,,794.164,-355.309,-2145.864,KAD_FIGO,Peter,Pomacentridae,Chromis,margaritifer,37372047,1,AD,Passing,,
GX020037_L.MP4,26397,49.9149,KAD_FIGO_Transect 6,0.8937,97.665,3.445,7.955,2025.191,23.613,20.121,7.66,728.633,-356.546,-1855.632,KAD_FIGO,Peter,Acanthuridae,Acanthurus,sp,,1,AD,Passing,,
GX020037_L.MP4,26397,49.9149,KAD_FIGO_Transect 6,0.8937,155.034,8.228,12.267,3268.693,28.889,23.873,23.057,1551.416,-294.671,-2861.928,KAD_FIGO,Peter,Acanthuridae,Acanthurus,lineatus,37437010,1,AD,Passing,,
GX020037_L.MP4,26397,49.9149,KAD_FIGO_Transect 6,0.8937,109.388,6.471,6.082,2640.196,25.198,30.636,9.178,1056.983,-382.532,-2388.952,KAD_FIGO,Peter,Chaetodontidae,Chaetodon,ulietensis,37365060,1,AD,Passing,,
GX020037_L.MP4,26397,49.9149,KAD_FIGO_Transect 6,0.8937,114.75,5.93,9.379,2992.377,21.652,9.148,16.805,1060.188,-308.193,-2781.248,KAD_FIGO,Peter,Chaetodontidae,Chaetodon,ulietensis,37365060,1,AD,Passing,,
GX020037_L.MP4,26430,49.9332,KAD_FIGO_Transect 6,0.912,77.143,1.783,0.854,1407.655,18.751,21.183,3.3,351.859,-284.502,-1332.947,KAD_FIGO,Peter,Pomacentridae,Chromis,ternatensis,37372051,1,AD,Passing,,
GX020037_L.MP4,26439,49.9382,KAD_FIGO_Transect 6,0.917,229.518,13.295,4.649,3438.057,29.125,57.587,7.106,1621.311,-414.046,-3003.357,KAD_FIGO,Peter,Acanthuridae,Ctenochaetus,striatus,37437022,1,AD,Passing,,
GX020037_L.MP4,26459,49.9493,KAD_FIGO_Transect 6,0.9281,,2.615,2.287,2056.671,24.375,,,776.015,-344.969,-1873.15,KAD_FIGO,Peter,Chaetodontidae,Chaetodon,plebeius,37365050,1,AD,Passing,,
GX020037_L.MP4,26471,49.956,KAD_FIGO_Transect 6,0.9348,67.68,3.448,5.661,1691.934,17.715,41.101,12.51,449.586,-250.847,-1611.704,KAD_FIGO,Peter,Chaetodontidae,Chaetodon,plebeius,37365050,1,AD,Passing,,
GX020037_L.MP4,26477,49.9594,KAD_FIGO_Transect 6,0.9382,289.783,23.455,4.603,4246.992,26.41,71.567,3.973,1872.941,-246.246,-3803.735,KAD_FIGO,Peter,Acanthuridae,Acanthurus,lineatus,37437010,1,AD,Passing,,
GX020037_L.MP4,26477,49.9594,KAD_FIGO_Transect 6,0.9382,218.876,19.038,3.878,4251.18,29.48,50.383,2.598,2049.177,-421.601,-3700.764,KAD_FIGO,Peter,Acanthuridae,Acanthurus,lineatus,37437010,1,AD,Passing,,
GX020037_L.MP4,26493,49.9683,KAD_FIGO_Transect 6,0.9471,114.504,2.159,9.352,1393.91,14.89,38.434,21.493,-56.233,-353.747,-1347.103,KAD_FIGO,Peter,Acanthuridae,Ctenochaetus,binotatus,37437021,1,AD,Passing,,
GX020037_L.MP4,26517,49.9816,KAD_FIGO_Transect 6,0.9604,55.972,1.953,1.537,1294.17,21.124,49.886,30.417,167.968,-435.096,-1207.209,KAD_FIGO,Peter,Pomacentridae,Chromis,margaritifer,37372047,1,AD,Passing,,
GX020037_L.MP4,26517,49.9816,KAD_FIGO_Transect 6,0.9604,32.123,1.487,12.384,1595.523,20.469,11.128,15.013,-172.933,-530.493,-1494.78,KAD_FIGO,Peter,Pomacentridae,Chromis,margaritifer,37372047,1,AD,Passing,,
GX020037_L.MP4,26517,49.9816,KAD_FIGO_Transect 6,0.9604,,1.669,13.309,1587.87,23.09,,,-352.723,-514.055,-1460.365,KAD_FIGO,Peter,Pomacentridae,Chromis,margaritifer,37372047,1,AD,Passing,,
GX020037_L.MP4,26517,49.9816,KAD_FIGO_Transect 6,0.9604,,2.161,19.109,1858.477,24.491,,,-602.368,-481.327,-1690.981,KAD_FIGO,Peter,Pomacentridae,Chromis,margaritifer,37372047,1,AD,Passing,,
GX020037_L.MP4,26528,49.9877,KAD_FIGO_Transect 6,0.9665,,4.929,13.428,2980.612,27.264,,,-1125.47,-774.637,-2649.02,KAD_FIGO,Peter,Pomacentridae,Chromis,margaritifer,37372047,1,AD,Passing,,
GX020037_L.MP4,26583,50.0183,KAD_FIGO_Transect 6,0.9971,57.015,2.172,10.061,1835.17,17.411,17.871,48.791,518.652,-180.409,-1751.085,KAD_FIGO,Peter,Acanthuridae,Acanthurus,sp,,1,AD,Passing,,
GX020037_L.MP4,26583,50.0183,KAD_FIGO_Transect 6,0.9971,90.671,7.262,8.312,2125.221,7.266,60.552,20.881,178.338,-201.124,-2108.153,KAD_FIGO,Peter,Acanthuridae,Acanthurus,sp,,1,AD,Passing,,
GX020037_L.MP4,26583,50.0183,KAD_FIGO_Transect 6,0.9971,,7.303,3.526,3811.413,29.11,,,1853.053,-67.696,-3329.937,KAD_FIGO,Peter,Acanthuridae,Acanthurus,lineatus,37437010,1,AD,Passing,,
GX020037_L.MP4,26583,50.0183,KAD_FIGO_Transect 6,0.9971,,4.332,7.005,2802.793,24.842,,,-1117.229,-373.444,-2543.224,KAD_FIGO,Peter,Pomacentridae,Chromis,margaritifer,37372047,1,AD,Passing,,
GX020037_L.MP4,26583,50.0183,KAD_FIGO_Transect 6,0.9971,,2.65,7.896,2150.311,27.202,,,-897.577,-401.816,-1912.259,KAD_FIGO,Peter,Pomacentridae,Chromis,margaritifer,37372047,1,AD,Passing,,
GX020037_L.MP4,26583,50.0183,KAD_FIGO_Transect 6,0.9971,,2.932,0.431,2156.221,18.664,,,-578.273,-377.687,-2042.607,KAD_FIGO,Peter,Pomacentridae,Chromis,margaritifer,37372047,1,AD,Passing,,
GX020037_L.MP4,26645,50.0528,KAD_FIGO_Transect 6,1.0316,93.915,6.299,5.894,2421.98,15.13,34.046,1.751,363.832,-516.953,-2338.027,KAD_FIGO,Peter,Labridae,Stethojulis,sp,,1,AD,Passing,,
GX020037_L.MP4,26658,50.06,KAD_FIGO_Transect 6,1.0388,155.321,7.319,9.851,2987.651,27.697,21.135,5.167,1379.648,157.973,-2645.312,KAD_FIGO,Peter,Acanthuridae,Acanthurus,nigrofuscus,37437014,1,AD,Passing,,
GX020037_L.MP4,26658,50.06,KAD_FIGO_Transect 6,1.0388,,8.343,8.757,3967.132,25.384,,,1693.375,155.195,-3584.207,KAD_FIGO,Peter,Acanthuridae,Acanthurus,nigrofuscus,37437014,1,AD,Passing,,
GX020037_L.MP4,26740,50.1056,KAD_FIGO_Transect 6,1.0844,184.472,10.042,13.005,3027.231,27.601,53.007,1.508,-1328.593,-449.425,-2682.72,KAD_FIGO,Peter,Acanthuridae,Acanthurus,lineatus,37437010,1,AD,Passing,,
GX020037_L.MP4,26740,50.1056,KAD_FIGO_Transect 6,1.0844,153.749,12.415,5.902,4683.477,23.259,5.871,24.216,-1777.773,-509.885,-4302.847,KAD_FIGO,Peter,Acanthuridae,Ctenochaetus,striatus,37437022,1,AD,Passing,,
GX020037_L.MP4,26755,50.114,KAD_FIGO_Transect 6,1.0928,89.735,6.881,3.345,3080.635,30.143,5.51,8.499,1512.606,-324.303,-2664.05,KAD_FIGO,Peter,Chaetodontidae,Chaetodon,citrinellus,37365036,1,AD,Passing,,
GX020037_L.MP4,26813,50.1462,KAD_FIGO_Transect 6,1.125,146.654,9.144,12.161,3845.464,25.451,5.185,10.286,-1536.508,-608.252,-3472.285,KAD_FIGO,Peter,Acanthuridae,Ctenochaetus,striatus,37437022,1,AD,Passing,,
GX020037_L.MP4,26813,50.1462,KAD_FIGO_Transect 6,1.125,160.801,7.977,2.462,2281.962,17.053,63.353,6.952,-474.834,-471.542,-2181.635,KAD_FIGO,Peter,Acanthuridae,Ctenochaetus,striatus,37437022,1,AD,Passing,,
GX020037_L.MP4,26813,50.1462,KAD_FIGO_Transect 6,1.125,186.289,2.774,9.352,2848.101,11.597,2.108,8.744,-251.017,-514.605,-2789.956,KAD_FIGO,Peter,Acanthuridae,Ctenochaetus,striatus,37437022,1,AD,Passing,,
GX020037_L.MP4,26813,50.1462,KAD_FIGO_Transect 6,1.125,283.172,13.505,13.433,3267.944,27.291,75.111,1.359,-1382.268,-578.296,-2904.198,KAD_FIGO,Peter,Acanthuridae,Ctenochaetus,striatus,37437022,1,AD,Passing,,
GX020037_L.MP4,26895,50.1918,KAD_FIGO_Transect 6,1.1706,125.09,1.464,8.07,1509.804,18.283,6.975,0.628,-285.057,-378.261,-1433.586,KAD_FIGO,Peter,Chaetodontidae,Chaetodon,vagabundus,37365062,1,AD,Passing,,
GX020037_L.MP4,26952,50.2235,KAD_FIGO_Transect 6,1.2023,,2.197,5.993,1805.005,10.985,,,-66.397,-338.528,-1771.732,KAD_FIGO,Peter,Acanthuridae,Acanthurus,lineatus,37437010,1,AD,Passing,,
GX020037_L.MP4,26952,50.2235,KAD_FIGO_Transect 6,1.2023,,9.479,2.102,4448.06,32.369,,,2354.491,-358.946,-3756.697,KAD_FIGO,Peter,Acanthuridae,Ctenochaetus,striatus,37437022,1,AD,Passing,,
GX020037_L.MP4,26952,50.2235,KAD_FIGO_Transect 6,1.2023,,7.727,2.965,3963.347,31.655,,,2044.361,-385.196,-3373.475,KAD_FIGO,Peter,Acanthuridae,Ctenochaetus,striatus,37437022,1,AD,Passing,,
GX020037_L.MP4,27186,50.3536,KAD_FIGO_Transect 6,1.3324,202.898,3.459,14.961,3050.95,13.769,5.329,21.178,240.776,-685.052,-2963.28,KAD_FIGO,Peter,Acanthuridae,Acanthurus,nigrofuscus,37437014,1,AD,Passing,,
GX020037_L.MP4,27232,50.3792,KAD_FIGO_Transect 6,1.358,,10.347,9.339,4341.171,25.829,,,-1508.59,-1143.085,-3906.825,KAD_FIGO,Peter,Zanclidae,Zanclus,cornutus,37437001,1,AD,Passing,,
GX020037_L.MP4,27300,50.417,KAD_FIGO_Transect 6,1.3958,182.678,1.399,10.097,1706.308,18.2,4.268,2.763,-140.206,-514.156,-1620.948,KAD_FIGO,Peter,Acanthuridae,Acanthurus,nigrofuscus,37437014,1,AD,Passing,,
GX020037_L.MP4,27324,50.4304,KAD_FIGO_Transect 6,1.4092,,13.55,8.244,4828.114,23.582,,,1552.553,-1151.677,-4424.24,KAD_FIGO,Peter,Pomacentridae,Chromis,margaritifer,37372047,1,AD,Passing,,
GX020037_L.MP4,27324,50.4304,KAD_FIGO_Transect 6,1.4092,,23.169,12.962,6308.76,23.773,,,1894.719,-1699.778,-5772.456,KAD_FIGO,Peter,Pomacentridae,Chromis,margaritifer,37372047,1,AD,Passing,,
GX020037_L.MP4,27324,50.4304,KAD_FIGO_Transect 6,1.4092,,15.263,3.818,5153.213,24.605,,,1724.388,-1279.477,-4684.552,KAD_FIGO,Peter,Pomacentridae,Chromis,margaritifer,37372047,1,AD,Passing,,
GX020037_L.MP4,27324,50.4304,KAD_FIGO_Transect 6,1.4092,,14.594,6.364,5129.135,26.441,,,1969.553,-1158.971,-4591.914,KAD_FIGO,Peter,Pomacentridae,Chromis,margaritifer,37372047,1,AD,Passing,,
GX020037_L.MP4,27324,50.4304,KAD_FIGO_Transect 6,1.4092,,12.562,4.934,4767.691,26.815,,,1872.449,-1060.678,-4254.383,KAD_FIGO,Peter,Pomacentridae,Chromis,margaritifer,37372047,1,AD,Passing,,
GX020037_L.MP4,27324,50.4304,KAD_FIGO_Transect 6,1.4092,,11.687,5.912,4600.722,27.78,,,1820.768,-1135.035,-4069.784,KAD_FIGO,Peter,Pomacentridae,Chromis,margaritifer,37372047,1,AD,Passing,,
GX020037_L.MP4,27324,50.4304,KAD_FIGO_Transect 6,1.4092,,8.687,1.615,3998.889,29.614,,,1697.013,-1014.405,-3475.952,KAD_FIGO,Peter,Pomacentridae,Chromis,margaritifer,37372047,1,AD,Passing,,
GX020037_L.MP4,27324,50.4304,KAD_FIGO_Transect 6,1.4092,,12.551,0.324,4910.056,31.148,,,2264.117,-1153.129,-4201.514,KAD_FIGO,Peter,Pomacentridae,Chromis,ternatensis,37372051,1,AD,Passing,,
GX020037_L.MP4,27324,50.4304,KAD_FIGO_Transect 6,1.4092,,16.516,0.507,5569.659,30.619,,,2391.715,-1528.293,-4792.194,KAD_FIGO,Peter,Pomacentridae,Chromis,margaritifer,37372047,1,AD,Passing,,
GX020037_L.MP4,27324,50.4304,KAD_FIGO_Transect 6,1.4092,,7.508,5.931,3719.824,31.516,,,1582.318,-1132.081,-3170.45,KAD_FIGO,Peter,Pomacentridae,Chromis,margaritifer,37372047,1,AD,Passing,,
GX020037_L.MP4,27375,50.4587,KAD_FIGO_Transect 6,1.4375,,8.005,6.268,3693.908,25.287,,,1201.8,-1024.367,-3339.357,KAD_FIGO,Peter,Scaridae,Chlorurus,spilurus,temp_code_002,1,AD,Passing,,
GX020037_L.MP4,27375,50.4587,KAD_FIGO_Transect 6,1.4375,85.451,7.91,4.06,4140.471,21.677,9.708,13.06,753.261,-1331.012,-3847.663,KAD_FIGO,Peter,Pomacentridae,Chromis,ternatensis,37372051,1,AD,Passing,,
GX020037_L.MP4,27375,50.4587,KAD_FIGO_Transect 6,1.4375,,5.111,0.645,2864.504,17.456,,,21.655,-860.58,-2732.091,KAD_FIGO,Peter,Pomacentridae,Chromis,margaritifer,37372047,1,AD,Passing,,
GX020037_L.MP4,27375,50.4587,KAD_FIGO_Transect 6,1.4375,,4.885,1.328,2799.288,17.855,,,-231.754,-827.976,-2663.975,KAD_FIGO,Peter,Pomacentridae,Chromis,margaritifer,37372047,1,AD,Passing,,
GX020037_L.MP4,27375,50.4587,KAD_FIGO_Transect 6,1.4375,,3.37,7.443,2332.086,25.586,,,668.293,-754.722,-2102.951,KAD_FIGO,Peter,Pomacentridae,Chromis,margaritifer,37372047,1,AD,Passing,,
GX020037_L.MP4,27375,50.4587,KAD_FIGO_Transect 6,1.4375,202.429,3.683,2.895,3127.732,19.665,1.017,25.016,273.347,-1016.42,-2945.314,KAD_FIGO,Peter,Acanthuridae,Ctenochaetus,striatus,37437022,1,AD,Passing,,
GX020037_L.MP4,27375,50.4587,KAD_FIGO_Transect 6,1.4375,,4.874,0.302,2803.028,23.1,,,469.816,-995.816,-2577.71,KAD_FIGO,Peter,Acanthuridae,Ctenochaetus,striatus,37437022,1,AD,Passing,,
GX020037_L.MP4,27375,50.4587,KAD_FIGO_Transect 6,1.4375,117.346,7.962,2.773,2630.533,19.961,44.312,19.485,-0.993,-898.026,-2472.5,KAD_FIGO,Peter,Acanthuridae,Zebrasoma,scopas,37437036,1,AD,Passing,,
GX020037_L.MP4,27415,50.481,KAD_FIGO_Transect 6,1.4598,233.481,11.933,12.728,3099.52,31.02,89.508,1.25,1313.506,-908.849,-2656.261,KAD_FIGO,Peter,Scaridae,Chlorurus,spilurus,temp_code_002,1,AD,Passing,,
GX020037_L.MP4,27445,50.4977,KAD_FIGO_Transect 6,1.4765,89.838,4.451,9.4,3270.397,23.185,6.999,8.777,-569.382,-1154.821,-3006.275,KAD_FIGO,Peter,Acanthuridae,Zebrasoma,scopas,37437036,1,AD,Passing,,
GX020037_L.MP4,27471,50.5121,KAD_FIGO_Transect 6,1.4909,,10.928,18.928,4425.865,23.638,,,-1443.099,-1035.151,-4053.912,KAD_FIGO,Peter,Acanthuridae,Acanthurus,sp,,1,AD,Passing,,
GX020037_L.MP4,27505,50.531,KAD_FIGO_Transect 6,1.5098,50.446,3.632,3.212,2464.399,23.494,13.38,3.287,561.28,-806.325,-2260.104,KAD_FIGO,Peter,Pomacentridae,Chromis,margaritifer,37372047,1,AD,Passing,,
GX020037_L.MP4,27505,50.531,KAD_FIGO_Transect 6,1.5098,,7.61,1.114,3587.904,26.153,,,1063.194,-1172.623,-3219.881,KAD_FIGO,Peter,Pomacentridae,Chromis,margaritifer,37372047,1,AD,Passing,,
GX020037_L.MP4,27505,50.531,KAD_FIGO_Transect 6,1.5098,,8.949,4.664,3848.442,18.786,,,-523.179,-1125.624,-3642.768,KAD_FIGO,Peter,Chaetodontidae,Heniochus,varius,37365078,1,AD,Passing,,
GX020037_L.MP4,27521,50.5399,KAD_FIGO_Transect 6,1.5187,,2.981,4.973,2174.515,25.029,,,487.103,-781.617,-1969.853,KAD_FIGO,Peter,Pomacentridae,Chromis,margaritifer,37372047,1,AD,Passing,,
GX020037_L.MP4,27521,50.5399,KAD_FIGO_Transect 6,1.5187,252.951,14.706,18.608,3425.244,26.226,69.52,15.947,-1171.751,-958.205,-3072.643,KAD_FIGO,Peter,Acanthuridae,Ctenochaetus,striatus,37437022,1,AD,Passing,,
GX020037_L.MP4,27525,50.5422,KAD_FIGO_Transect 6,1.521,,7.257,4.305,3583.789,29.16,,,1338.745,-1122.996,-3128.927,KAD_FIGO,Peter,Chaetodontidae,Chaetodon,trifascialis,37365058,1,AD,Passing,,
GX020037_L.MP4,27561,50.5622,KAD_FIGO_Transect 6,1.541,247.213,6.084,10.004,1965.236,20.518,71.606,1.792,-237.875,-646.444,-1840.565,KAD_FIGO,Peter,Acanthuridae,Ctenochaetus,striatus,37437022,1,AD,Passing,,
GX020037_L.MP4,27561,50.5622,KAD_FIGO_Transect 6,1.541,,5.511,2.233,3196.009,24.064,,,-1265.316,-313.521,-2918.073,KAD_FIGO,Peter,Pomacentridae,Pomacentrus,philippinus,37372123,1,AD,Passing,,
GX020037_L.MP4,27561,50.5622,KAD_FIGO_Transect 6,1.541,111.871,9.889,3.147,2842.989,17.766,44.263,4.915,-422.678,-757.518,-2707.415,KAD_FIGO,Peter,Holocentridae,Sargocentron,caudimaculatum,37261022,1,AD,Passing,,
GX020037_L.MP4,27561,50.5622,KAD_FIGO_Transect 6,1.541,110.032,3.205,2.104,2358.744,21.605,17.318,1.143,-172.109,-851.267,-2193.034,KAD_FIGO,Peter,Labridae,Thalassoma,lunare,37384167,1,AD,Passing,,
GX020037_L.MP4,27630,50.6005,KAD_FIGO_Transect 6,1.5794,67.73,1.868,3.899,2014.794,20.11,9.712,0.872,111.721,-683.673,-1891.958,KAD_FIGO,Peter,Pomacentridae,Chromis,sp,,1,AD,Passing,,
GX020037_L.MP4,27630,50.6005,KAD_FIGO_Transect 6,1.5794,181.1,9.298,10.207,2617.528,27.531,84.697,7.288,982.153,-706.567,-2321.119,KAD_FIGO,Peter,Acanthuridae,Ctenochaetus,striatus,37437022,1,AD,Passing,,
GX020037_L.MP4,27672,50.6239,KAD_FIGO_Transect 6,1.6027,151.123,7.234,3.702,3418.326,25.019,3.95,4.177,1231.036,-757.962,-3097.58,KAD_FIGO,Peter,Scaridae,Chlorurus,sp,,1,AD,Passing,,
GX020037_L.MP4,27672,50.6239,KAD_FIGO_Transect 6,1.6027,,4.124,2.184,2601.585,23.01,,,865.487,-535.378,-2394.274,KAD_FIGO,Peter,Pomacentridae,Chromis,ternatensis,37372051,1,AD,Passing,,
GX020037_L.MP4,27672,50.6239,KAD_FIGO_Transect 6,1.6027,,3.756,5.961,2414.802,18.964,,,479.826,-622.28,-2283.375,KAD_FIGO,Peter,Pomacentridae,Chromis,ternatensis,37372051,1,AD,Passing,,
GX020037_L.MP4,27672,50.6239,KAD_FIGO_Transect 6,1.6027,,4.643,1.961,2806.02,26.558,,,1001.317,-757.302,-2509.503,KAD_FIGO,Peter,Pomacentridae,Chromis,margaritifer,37372047,1,AD,Passing,,
GX020037_L.MP4,27672,50.6239,KAD_FIGO_Transect 6,1.6027,,6.681,9.194,3313.371,19.007,,,927.639,-553.181,-3132.396,KAD_FIGO,Peter,Pomacentridae,Chromis,margaritifer,37372047,1,AD,Passing,,
GX020037_L.MP4,27672,50.6239,KAD_FIGO_Transect 6,1.6027,,3.806,4.882,2440.35,18.319,,,611.297,-464.617,-2316.41,KAD_FIGO,Peter,Pomacentridae,Chromis,margaritifer,37372047,1,AD,Passing,,
GX020037_L.MP4,27672,50.6239,KAD_FIGO_Transect 6,1.6027,,3.322,5.681,2267.521,19.022,,,558.549,-485.214,-2143.418,KAD_FIGO,Peter,Pomacentridae,Chromis,margaritifer,37372047,1,AD,Passing,,
GX020037_L.MP4,27672,50.6239,KAD_FIGO_Transect 6,1.6027,,3.268,0.817,2243.272,18.908,,,501.345,-527.65,-2121.911,KAD_FIGO,Peter,Pomacentridae,Chromis,margaritifer,37372047,1,AD,Passing,,
GX020037_L.MP4,27672,50.6239,KAD_FIGO_Transect 6,1.6027,,3.319,4.733,2249.667,14.046,,,291.774,-462.758,-2182.138,KAD_FIGO,Peter,Pomacentridae,Chromis,margaritifer,37372047,1,AD,Passing,,
GX020037_L.MP4,27672,50.6239,KAD_FIGO_Transect 6,1.6027,197.923,3.971,4.498,1987.557,21.928,35.924,12.894,334.046,-662.809,-1843.768,KAD_FIGO,Peter,Acanthuridae,Ctenochaetus,striatus,37437022,1,AD,Passing,,
GX020037_L.MP4,27672,50.6239,KAD_FIGO_Transect 6,1.6027,,2.978,7.039,2167.211,24.321,,,498.8,-741.355,-1974.436,KAD_FIGO,Peter,Chaetodontidae,Heniochus,varius,37365078,1,AD,Passing,,
GX020037_L.MP4,27712,50.6462,KAD_FIGO_Transect 6,1.625,66.016,2.351,5.495,1932.806,22.232,10.955,43.687,422.666,-596.778,-1789.12,KAD_FIGO,Peter,Pomacentridae,Chromis,ternatensis,37372051,1,AD,Passing,,
GX020037_L.MP4,27712,50.6462,KAD_FIGO_Transect 6,1.625,70.112,3.206,3.612,1450.431,23.501,88.729,7.411,317.812,-483.244,-1330.12,KAD_FIGO,Peter,Pomacentridae,Chromis,margaritifer,37372047,1,AD,Passing,,
GX020037_L.MP4,27712,50.6462,KAD_FIGO_Transect 6,1.625,50.885,4.341,6.659,2456.897,25.746,21.302,30.381,807.841,-697.434,-2212.99,KAD_FIGO,Peter,Pomacentridae,Dascyllus,trimaculatus,37372075,1,AD,Passing,,
GX020037_L.MP4,27725,50.6534,KAD_FIGO_Transect 6,1.6322,47.34,1.902,3.007,1987.013,20.214,8.449,8.117,214.366,-652.237,-1864.632,KAD_FIGO,Peter,Pomacentridae,Chromis,margaritifer,37372047,1,AD,Passing,,
GX020037_L.MP4,27725,50.6534,KAD_FIGO_Transect 6,1.6322,95.311,7.063,3.955,2197.599,25.234,89.112,0.642,725.021,-593.38,-1987.885,KAD_FIGO,Peter,Pomacentridae,Chromis,ternatensis,37372051,1,AD,Passing,,
GX020037_L.MP4,27725,50.6534,KAD_FIGO_Transect 6,1.6322,,2.661,1.375,2026.017,21.981,,,335.705,-681.093,-1878.34,KAD_FIGO,Peter,Pomacentridae,Chromis,margaritifer,37372047,1,AD,Passing,,
GX020037_L.MP4,27753,50.669,KAD_FIGO_Transect 6,1.6478,71.219,2.612,9.271,2069.163,21.622,9.039,6.429,-523.16,-554.641,-1923.568,KAD_FIGO,Peter,Lutjanidae,Lutjanus,biguttatus,37346039,1,AD,Passing,,
GX020037_L.MP4,27768,50.6773,KAD_FIGO_Transect 6,1.6561,170.277,4.734,8.236,2498.964,25.647,22.463,8.314,729.746,-798.355,-2252.759,KAD_FIGO,Peter,Acanthuridae,Acanthurus,nigrofuscus,37437014,1,AD,Passing,,
GX020037_L.MP4,27882,50.7407,KAD_FIGO_Transect 6,1.7195,,2.156,3.638,1820.535,24.048,,,536.91,-512.935,-1662.219,KAD_FIGO,Peter,Pomacentridae,Dascyllus,trimaculatus,37372075,1,AD,Passing,,
GX020037_L.MP4,28011,50.8124,KAD_FIGO_Transect 6,1.7912,,4.743,7.69,2761.717,21.328,,,261.697,-971.288,-2572.002,KAD_FIGO,Peter,Pomacentridae,Chromis,margaritifer,37372047,1,AD,Passing,,
GX020037_L.MP4,28046,50.8319,KAD_FIGO_Transect 6,1.8107,72.689,6.621,10.936,2691.003,26.72,34.745,11.264,778.241,-926.453,-2403.648,KAD_FIGO,Peter,Pomacentridae,Chromis,margaritifer,37372047,1,AD,Passing,,
GX020037_L.MP4,28046,50.8319,KAD_FIGO_Transect 6,1.8107,48.283,4.256,4.478,2765.67,20.14,14.492,12.456,390.614,-868.464,-2596.56,KAD_FIGO,Peter,Pomacentridae,Chromis,margaritifer,37372047,1,AD,Passing,,
GX020037_L.MP4,28046,50.8319,KAD_FIGO_Transect 6,1.8107,,5.237,5.908,2963.932,26.316,,,938.533,-921.139,-2656.229,KAD_FIGO,Peter,Pomacentridae,Chromis,ternatensis,37372051,1,AD,Passing,,
GX020037_L.MP4,28046,50.8319,KAD_FIGO_Transect 6,1.8107,,9.823,0.415,4079.243,24.858,,,1216.82,-1210.382,-3700.615,KAD_FIGO,Peter,Pomacentridae,Chromis,ternatensis,37372051,1,AD,Passing,,
GX020037_L.MP4,28107,50.8658,KAD_FIGO_Transect 6,1.8446,,16.093,0.827,5227.326,20.427,,,-983.667,-1539.352,-4897.727,KAD_FIGO,Peter,Lethrinidae,Monotaxis,grandoculis,37351026,1,AD,Passing,,
GX020037_L.MP4,28132,50.8797,KAD_FIGO_Transect 6,1.8585,,16.411,12.816,5486.714,27.109,,,-1831.038,-1705.304,-4882.956,KAD_FIGO,Peter,Scaridae,Chlorurus,sp,,1,AD,Passing,,
GX020037_L.MP4,28152,50.8908,KAD_FIGO_Transect 6,1.8696,,5.366,12.704,3104.382,31.33,,,1255.749,-1015.76,-2651.135,KAD_FIGO,Peter,Pomacentridae,Chromis,margaritifer,37372047,1,AD,Passing,,
GX020037_L.MP4,28152,50.8908,KAD_FIGO_Transect 6,1.8696,,7.418,15.834,3697.654,31.779,,,1569.702,-1154.302,-3142.653,KAD_FIGO,Peter,Pomacentridae,Chromis,margaritifer,37372047,1,AD,Passing,,
GX020037_L.MP4,28171,50.9014,KAD_FIGO_Transect 6,1.8802,,6.415,1.925,3388.606,29.654,,,1353.609,-990.926,-2944.225,KAD_FIGO,Peter,Pomacentridae,Chromis,margaritifer,37372047,1,AD,Passing,,
GX020037_L.MP4,28282,50.9631,KAD_FIGO_Transect 6,1.9419,,8.252,8.975,3700.405,23.573,,,984.247,-1107.105,-3390.955,KAD_FIGO,Peter,Pomacentridae,Chromis,margaritifer,37372047,1,AD,Passing,,
GX020037_L.MP4,28282,50.9631,KAD_FIGO_Transect 6,1.9419,,7.794,10.31,3579.514,22.779,,,888.322,-1065.719,-3299.704,KAD_FIGO,Peter,Pomacentridae,Chromis,margaritifer,37372047,1,AD,Passing,,
GX020037_L.MP4,28282,50.9631,KAD_FIGO_Transect 6,1.9419,,19.238,10.05,5807.469,26.328,,,1937.119,-1700.552,-5204.074,KAD_FIGO,Peter,Pomacentridae,Chromis,margaritifer,37372047,1,AD,Passing,,
GX020037_L.MP4,28282,50.9631,KAD_FIGO_Transect 6,1.9419,,6.955,2.862,3411.535,24.615,,,1020.633,-990.493,-3100.936,KAD_FIGO,Peter,Pomacentridae,Chromis,margaritifer,37372047,1,AD,Passing,,
GX020037_L.MP4,28282,50.9631,KAD_FIGO_Transect 6,1.9419,,8.099,0.494,3639.649,21.692,,,863.444,-1033.578,-3381.305,KAD_FIGO,Peter,Pomacentridae,Chromis,margaritifer,37372047,1,AD,Passing,,
GX020037_L.MP4,28282,50.9631,KAD_FIGO_Transect 6,1.9419,,7.619,8.696,3513.697,20.957,,,688.656,-1053.158,-3280.652,KAD_FIGO,Peter,Pomacentridae,Chromis,margaritifer,37372047,1,AD,Passing,,
GX020037_L.MP4,28282,50.9631,KAD_FIGO_Transect 6,1.9419,,5.588,0.752,2982.284,19.011,,,406.371,-884.041,-2819.105,KAD_FIGO,Peter,Pomacentridae,Chromis,margaritifer,37372047,1,AD,Passing,,
GX020037_L.MP4,28282,50.9631,KAD_FIGO_Transect 6,1.9419,,5.513,4.522,2963.665,20.081,,,583.702,-835.161,-2783.003,KAD_FIGO,Peter,Pomacentridae,Chromis,margaritifer,37372047,1,AD,Passing,,
GX020037_L.MP4,28282,50.9631,KAD_FIGO_Transect 6,1.9419,,17.284,6.899,5369.079,20.98,,,1320.762,-1399.758,-5012.313,KAD_FIGO,Peter,Pomacentridae,Chromis,margaritifer,37372047,1,AD,Passing,,
GX020037_L.MP4,28282,50.9631,KAD_FIGO_Transect 6,1.9419,,12.771,9.174,4619.57,22.132,,,1226.376,-1237.433,-4278.456,KAD_FIGO,Peter,Pomacentridae,Chromis,margaritifer,37372047,1,AD,Passing,,
GX020037_L.MP4,28282,50.9631,KAD_FIGO_Transect 6,1.9419,,11.573,11.783,4382.35,21.09,,,1130.306,-1101.956,-4088.165,KAD_FIGO,Peter,Pomacentridae,Chromis,margaritifer,37372047,1,AD,Passing,,
GX020037_L.MP4,28282,50.9631,KAD_FIGO_Transect 6,1.9419,,17.681,0.353,5507.663,23.397,,,1693.198,-1387.3,-5053.992,KAD_FIGO,Peter,Pomacentridae,Chromis,margaritifer,37372047,1,AD,Passing,,
GX020037_L.MP4,28282,50.9631,KAD_FIGO_Transect 6,1.9419,,7.683,6.188,3570.797,22.274,,,1028.387,-881.878,-3303.832,KAD_FIGO,Peter,Pomacentridae,Chromis,margaritifer,37372047,1,AD,Passing,,
GX020037_L.MP4,28282,50.9631,KAD_FIGO_Transect 6,1.9419,54.802,4.955,6.686,2492.447,21.265,26.459,10.144,298.8,-853.146,-2322.747,KAD_FIGO,Peter,Acanthuridae,Ctenochaetus,sp,,1,AD,Passing,,
GX020037_L.MP4,28314,50.9809,KAD_FIGO_Transect 6,1.9597,123.503,5.047,9.668,3079.577,20.685,8.925,20.219,703.12,-830.007,-2881.06,KAD_FIGO,Peter,Acanthuridae,Acanthurus,thompsoni,37437018,1,AD,Passing,,
GX020037_L.MP4,28314,50.9809,KAD_FIGO_Transect 6,1.9597,,8.54,14.593,3788.571,21.771,,,-313.2,-1371.864,-3517.551,KAD_FIGO,Peter,Pomacentridae,Chromis,margaritifer,37372047,1,AD,Passing,,
GX020037_L.MP4,28314,50.9809,KAD_FIGO_Transect 6,1.9597,,7.315,9.963,3484.906,20.397,,,-183.05,-1202.632,-3265.691,KAD_FIGO,Peter,Pomacentridae,Chromis,margaritifer,37372047,1,AD,Passing,,
GX020037_L.MP4,28314,50.9809,KAD_FIGO_Transect 6,1.9597,,10.3,8.653,4163.638,19.862,,,-68.867,-1415.257,-3915.123,KAD_FIGO,Peter,Pomacentridae,Chromis,margaritifer,37372047,1,AD,Passing,,
GX020037_L.MP4,28314,50.9809,KAD_FIGO_Transect 6,1.9597,,8.066,7.175,3675.818,20.995,,,-86.917,-1316.103,-3431.028,KAD_FIGO,Peter,Pomacentridae,Chromis,margaritifer,37372047,1,AD,Passing,,
GX020037_L.MP4,28314,50.9809,KAD_FIGO_Transect 6,1.9597,,7.629,10.191,3553.535,19.981,,,90.248,-1212.857,-3338.928,KAD_FIGO,Peter,Pomacentridae,Chromis,margaritifer,37372047,1,AD,Passing,,
GX020037_L.MP4,28314,50.9809,KAD_FIGO_Transect 6,1.9597,,14.597,11.075,4981.955,20.524,,,170.921,-1741.006,-4664.714,KAD_FIGO,Peter,Pomacentridae,Chromis,margaritifer,37372047,1,AD,Passing,,
GX020037_L.MP4,28314,50.9809,KAD_FIGO_Transect 6,1.9597,,10.253,11.183,4113.081,21.024,,,478.123,-1398.233,-3838.461,KAD_FIGO,Peter,Pomacentridae,Chromis,margaritifer,37372047,1,AD,Passing,,
GX020037_L.MP4,28314,50.9809,KAD_FIGO_Transect 6,1.9597,,6.388,5.28,3229.102,22.985,,,497.952,-1160.187,-2972.055,KAD_FIGO,Peter,Pomacentridae,Chromis,margaritifer,37372047,1,AD,Passing,,
GX020037_L.MP4,28314,50.9809,KAD_FIGO_Transect 6,1.9597,,11.754,6.96,4392.607,19.909,,,602.725,-1371.38,-4129.29,KAD_FIGO,Peter,Pomacentridae,Chromis,margaritifer,37372047,1,AD,Passing,,
GX020037_L.MP4,28314,50.9809,KAD_FIGO_Transect 6,1.9597,,10.595,8.976,4171.978,21.517,,,699.112,-1363.381,-3880.443,KAD_FIGO,Peter,Pomacentridae,Chromis,margaritifer,37372047,1,AD,Passing,,
GX020037_L.MP4,28314,50.9809,KAD_FIGO_Transect 6,1.9597,,12.384,10.107,4528.486,22.456,,,968.007,-1436.03,-4184.252,KAD_FIGO,Peter,Pomacentridae,Chromis,margaritifer,37372047,1,AD,Passing,,
GX020037_L.MP4,28314,50.9809,KAD_FIGO_Transect 6,1.9597,,10.976,5.449,4327.61,26.499,,,1211.872,-1505.502,-3872.085,KAD_FIGO,Peter,Pomacentridae,Chromis,margaritifer,37372047,1,AD,Passing,,
GX020037_L.MP4,28314,50.9809,KAD_FIGO_Transect 6,1.9597,,10.969,4.301,4331.987,26.154,,,1297.918,-1402.779,-3887.638,KAD_FIGO,Peter,Pomacentridae,Chromis,margaritifer,37372047,1,AD,Passing,,
GX020037_L.MP4,28314,50.9809,KAD_FIGO_Transect 6,1.9597,,13.131,10.867,4722.497,24.454,,,1370.098,-1397.03,-4298.036,KAD_FIGO,Peter,Pomacentridae,Chromis,margaritifer,37372047,1,AD,Passing,,
GX020037_L.MP4,28314,50.9809,KAD_FIGO_Transect 6,1.9597,,9.819,10.102,4093.23,25.417,,,1273.853,-1211.972,-3696.344,KAD_FIGO,Peter,Pomacentridae,Chromis,margaritifer,37372047,1,AD,Passing,,
GX020037_L.MP4,28314,50.9809,KAD_FIGO_Transect 6,1.9597,,11.076,6.509,4385.556,26.236,,,1475.171,-1260.297,-3933.017,KAD_FIGO,Peter,Pomacentridae,Chromis,margaritifer,37372047,1,AD,Passing,,
GX020037_L.MP4,28314,50.9809,KAD_FIGO_Transect 6,1.9597,,9.851,2.869,4176.348,27.807,,,1537.372,-1198.835,-3693.395,KAD_FIGO,Peter,Pomacentridae,Chromis,margaritifer,37372047,1,AD,Passing,,
GX020037_L.MP4,28314,50.9809,KAD_FIGO_Transect 6,1.9597,,12.606,6.061,4768.586,28.815,,,1829.2,-1394,-4177.345,KAD_FIGO,Peter,Pomacentridae,Chromis,margaritifer,37372047,1,AD,Passing,,
GX020037_L.MP4,28314,50.9809,KAD_FIGO_Transect 6,1.9597,,8.249,2.112,3848.1,29.924,,,1483.774,-1219.855,-3334.403,KAD_FIGO,Peter,Pomacentridae,Chromis,margaritifer,37372047,1,AD,Passing,,
GX020037_L.MP4,28314,50.9809,KAD_FIGO_Transect 6,1.9597,,6.808,10.532,3343.302,21.72,,,298.247,-1202.594,-3105.235,KAD_FIGO,Peter,Pomacentridae,Stegastes,lacrymatus,temp_code_006,1,AD,Passing,,
GX020037_L.MP4,28353,51.0026,KAD_FIGO_Transect 6,1.9814,172.785,8.218,9.29,4095.123,22.642,9.606,8.13,892.425,-1299.636,-3779.492,KAD_FIGO,Peter,Scaridae,Chlorurus,spilurus,temp_code_002,1,AD,Passing,,
GX020037_L.MP4,28497,51.0827,KAD_FIGO_Transect 6,2.0615,110.914,6.923,8.992,2836.105,20.466,34.806,39.034,-314.655,-940.383,-2657.097,KAD_FIGO,Peter,Pomacentridae,Amblyglyphidodon,aureus,37372016,1,AD,Passing,,
