Filename,Frame,Time (mins),Period,Period time (mins),Length (mm),Precision (mm),RMS (mm),Range (mm),Direction (deg),Horz. Dir. (deg),Vert. Dir. (deg),Mid X (mm),Mid Y (mm),Mid Z (mm),OpCode,TapeReader,Family,Genus,Species,Code,Number,Stage,Activity,Comment
GX010030_C2_L.MP4,27766,15.441,KAD_MaiDive_Transect 2,0.2452,53.924,4.894,4.782,3630.953,21.299,0.089,7.587,-639.25,1153.633,-3382.944,KAD_MaiDive,Peter,Pomacentridae,Dascyllus,reticulatus,37372074,1,AD,Passing,
GX010030_C2_L.MP4,27766,15.441,KAD_MaiDive_Transect 2,0.2452,,7.804,6.4,3905.762,29.29,,,-1610.45,1032.617,-3405.162,KAD_MaiDive,Peter,Pomacentridae,Dascyllus,reticulatus,37372074,1,AD,Passing,
GX010030_C2_L.MP4,27766,15.441,KAD_MaiDive_Transect 2,0.2452,,7.182,7.551,3664.918,27.823,,,-1373.235,1023.882,-3239.986,KAD_MaiDive,Peter,Pomacentridae,Dascyllus,reticulatus,37372074,1,AD,Passing,
GX010030_C2_L.MP4,27766,15.441,KAD_MaiDive_Transect 2,0.2452,,7.284,8.333,3588.698,24.947,,,-1139.79,999.988,-3252.639,KAD_MaiDive,Peter,Pomacentridae,Dascyllus,reticulatus,37372074,1,AD,Passing,
GX010030_C2_L.MP4,27766,15.441,KAD_MaiDive_Transect 2,0.2452,,8.646,8.558,4012.561,27.665,,,-1443.097,1182.691,-3552.374,KAD_MaiDive,Peter,Pomacentridae,Dascyllus,reticulatus,37372074,1,AD,Passing,
GX010030_C2_L.MP4,27766,15.441,KAD_MaiDive_Transect 2,0.2452,,7.415,8.814,3675.87,27.211,,,-1249.45,1128.355,-3267.677,KAD_MaiDive,Peter,Pomacentridae,Dascyllus,reticulatus,37372074,1,AD,Passing,
GX010030_C2_L.MP4,27766,15.441,KAD_MaiDive_Transect 2,0.2452,,7.749,8.926,3804.245,28.297,,,-1378.685,1166.595,-3348.218,KAD_MaiDive,Peter,Pomacentridae,Dascyllus,reticulatus,37372074,1,AD,Passing,
GX010030_C2_L.MP4,27766,15.441,KAD_MaiDive_Transect 2,0.2452,,7.386,6.675,3670.25,27.716,,,-1224.915,1192.828,-3247.688,KAD_MaiDive,Peter,Pomacentridae,Dascyllus,reticulatus,37372074,1,AD,Passing,
GX010030_C2_L.MP4,27766,15.441,KAD_MaiDive_Transect 2,0.2452,,8.221,7.963,3833.233,26.617,,,-1168.047,1263.213,-3425.439,KAD_MaiDive,Peter,Pomacentridae,Dascyllus,reticulatus,37372074,1,AD,Passing,
GX010030_C2_L.MP4,27766,15.441,KAD_MaiDive_Transect 2,0.2452,,8.463,8.513,3863.187,25.665,,,-1120.398,1246.98,-3480.512,KAD_MaiDive,Peter,Pomacentridae,Dascyllus,reticulatus,37372074,1,AD,Passing,
GX010030_C2_L.MP4,27766,15.441,KAD_MaiDive_Transect 2,0.2452,,8.37,4.855,3879.776,26.055,,,-1259.561,1152.15,-3484.066,KAD_MaiDive,Peter,Pomacentridae,Dascyllus,reticulatus,37372074,1,AD,Passing,
GX010030_C2_L.MP4,27766,15.441,KAD_MaiDive_Transect 2,0.2452,,7.745,3.414,3648.262,23.485,,,-994.939,1064.179,-3344.763,KAD_MaiDive,Peter,Pomacentridae,Dascyllus,reticulatus,37372074,1,AD,Passing,
GX010030_C2_L.MP4,27766,15.441,KAD_MaiDive_Transect 2,0.2452,,7.893,6.075,3689.688,24.292,,,-984.423,1159.507,-3361.585,KAD_MaiDive,Peter,Pomacentridae,Dascyllus,reticulatus,37372074,1,AD,Passing,
GX010030_C2_L.MP4,27766,15.441,KAD_MaiDive_Transect 2,0.2452,,9.24,4.709,4000.663,23.959,,,-1079.897,1218.239,-3654.452,KAD_MaiDive,Peter,Pomacentridae,Dascyllus,reticulatus,37372074,1,AD,Passing,
GX010030_C2_L.MP4,27766,15.441,KAD_MaiDive_Transect 2,0.2452,,8.397,7.556,3784.169,23.49,,,-917.932,1201.089,-3469.109,KAD_MaiDive,Peter,Pomacentridae,Dascyllus,reticulatus,37372074,1,AD,Passing,
GX010030_C2_L.MP4,27766,15.441,KAD_MaiDive_Transect 2,0.2452,,7.976,6.892,3707.853,24.862,,,-927.839,1256.87,-3362.673,KAD_MaiDive,Peter,Pomacentridae,Dascyllus,reticulatus,37372074,1,AD,Passing,
GX010030_C2_L.MP4,27766,15.441,KAD_MaiDive_Transect 2,0.2452,,6.618,0.99,3513.284,29.185,,,-1252.679,1172.419,-3065.843,KAD_MaiDive,Peter,Pomacentridae,Dascyllus,reticulatus,37372074,1,AD,Passing,
GX010030_C2_L.MP4,27766,15.441,KAD_MaiDive_Transect 2,0.2452,,8.939,0.649,3826.002,18.067,,,-551.077,1055.265,-3636.072,KAD_MaiDive,Peter,Pomacentridae,Dascyllus,reticulatus,37372074,1,AD,Passing,
GX010030_C2_L.MP4,27766,15.441,KAD_MaiDive_Transect 2,0.2452,,9.173,2.62,3904.896,11.63,,,-636.938,467.223,-3824.163,KAD_MaiDive,Peter,Pomacentridae,Dascyllus,reticulatus,37372074,1,AD,Passing,
GX010030_C2_L.MP4,27766,15.441,KAD_MaiDive_Transect 2,0.2452,,8.411,2.127,3707.904,13.628,,,-564.638,671.093,-3602.689,KAD_MaiDive,Peter,Pomacentridae,Dascyllus,reticulatus,37372074,1,AD,Passing,
GX010030_C2_L.MP4,27766,15.441,KAD_MaiDive_Transect 2,0.2452,,9.538,5.462,3951.309,14.402,,,-546.37,821.593,-3826.135,KAD_MaiDive,Peter,Pomacentridae,Dascyllus,reticulatus,37372074,1,AD,Passing,
GX010030_C2_L.MP4,27766,15.441,KAD_MaiDive_Transect 2,0.2452,,9.243,2.054,3941.045,22.554,,,-739.64,1322.757,-3638.006,KAD_MaiDive,Peter,Pomacentridae,Dascyllus,reticulatus,37372074,1,AD,Passing,
GX010030_C2_L.MP4,27971,15.555,KAD_MaiDive_Transect 2,0.3592,184.288,11.757,19.96,2713.311,16.054,63.019,5.868,-338.39,-669.695,-2607.5,KAD_MaiDive,Peter,Lutjanidae,Macolor,niger,37346048,1,AD,Passing,
GX010030_C2_L.MP4,28037,15.5917,KAD_MaiDive_Transect 2,0.396,225.745,13.637,18.01,3270.112,27.276,89.691,9.402,-1283.806,-773.1,-2906.509,KAD_MaiDive,Peter,Scaridae,Chlorurus,sp,,1,AD,Passing,
GX010030_C2_L.MP4,28037,15.5917,KAD_MaiDive_Transect 2,0.396,235.607,11.526,7.68,3792.97,22.666,28.834,23.708,-1138.865,-916.153,-3500.039,KAD_MaiDive,Peter,Scaridae,Scarus,dimidiatus,37386013,1,AD,Passing,
GX010030_C2_L.MP4,28153,15.6562,KAD_MaiDive_Transect 2,0.4605,,11.995,9.588,4692.226,24.878,,,-1630.391,1117.993,-4255.456,KAD_MaiDive,Peter,Scaridae,Chlorurus,spilurus,temp_code_002,1,AD,Passing,
GX010030_C2_L.MP4,28274,15.7235,KAD_MaiDive_Transect 2,0.5277,168.968,4.032,10.142,2457.308,18.576,8.901,7.09,-769.13,145.704,-2329.286,KAD_MaiDive,Peter,Scaridae,Chlorurus,sp,,1,AD,Passing,
GX010030_C2_L.MP4,28274,15.7235,KAD_MaiDive_Transect 2,0.5277,282.93,5.962,18.538,2594.256,16.282,48.48,49.826,-727.301,-9.008,-2490.204,KAD_MaiDive,Peter,Scaridae,Scarus,schlegeli,37386029,1,AD,Passing,
GX010030_C2_L.MP4,28286,15.7302,KAD_MaiDive_Transect 2,0.5344,241.55,9.344,18.676,2364.669,19.093,86.552,6.303,-462.982,-619.608,-2234.591,KAD_MaiDive,Peter,Scaridae,Chlorurus,spilurus,temp_code_002,1,AD,Passing,
GX010030_C2_L.MP4,28472,15.8336,KAD_MaiDive_Transect 2,0.6379,229.696,9.963,10.218,2675.198,22.359,80.221,18.442,-949.378,-366.56,-2474.065,KAD_MaiDive,Peter,Scaridae,Chlorurus,sp,,1,AD,Passing,
GX010030_C2_L.MP4,28927,16.0866,KAD_MaiDive_Transect 2,0.8909,,6.052,0.562,3141.541,20.782,,,67.588,-1108.982,-2938.515,KAD_MaiDive,Peter,Pomacentridae,Pomacentrus,moluccensis,37372118,1,AD,Passing,
GX010030_C2_L.MP4,28941,16.0944,KAD_MaiDive_Transect 2,0.8987,,5.233,2.927,2898.717,21.011,,,269.515,-1000.435,-2707.222,KAD_MaiDive,Peter,Scaridae,Chlorurus,spilurus,temp_code_002,1,AD,Passing,
GX010030_C2_L.MP4,28948,16.0983,KAD_MaiDive_Transect 2,0.9026,116.247,5.23,11.517,2686.395,19.53,25.398,45.335,-33.833,-897.418,-2531.84,KAD_MaiDive,Peter,Scaridae,Chlorurus,spilurus,temp_code_002,1,AD,Passing,
GX010030_C2_L.MP4,28977,16.1144,KAD_MaiDive_Transect 2,0.9187,,3.67,3.671,2651.006,26.764,,,-1193.11,-37.664,-2367.046,KAD_MaiDive,Peter,Pomacentridae,Dascyllus,reticulatus,37372074,1,AD,Passing,
GX010030_C2_L.MP4,28977,16.1144,KAD_MaiDive_Transect 2,0.9187,,4.883,2.687,2946.799,21.311,,,-1060.034,-149.282,-2745.481,KAD_MaiDive,Peter,Pomacentridae,Dascyllus,reticulatus,37372074,1,AD,Passing,
GX010030_C2_L.MP4,28995,16.1244,KAD_MaiDive_Transect 2,0.9287,,4.44,5.617,2851.636,23.823,,,-1136.481,-184.145,-2608.894,KAD_MaiDive,Peter,Pomacentridae,Dascyllus,reticulatus,37372074,1,AD,Passing,
GX010030_C2_L.MP4,28995,16.1244,KAD_MaiDive_Transect 2,0.9287,,3.024,8.341,2350.991,26.811,,,-1022.098,-279.924,-2098.599,KAD_MaiDive,Peter,Pomacentridae,Dascyllus,reticulatus,37372074,1,AD,Passing,
GX010030_C2_L.MP4,29085,16.1745,KAD_MaiDive_Transect 2,0.9788,46.956,3.928,8.054,2634.195,18.706,12.881,31.992,-481.927,-693.874,-2495.049,KAD_MaiDive,Peter,Pomacentridae,Pomacentrus,moluccensis,37372118,1,AD,Passing,
GX010030_C2_L.MP4,29491,16.4003,KAD_MaiDive_Transect 2,1.2045,,7.75,13.99,3986.34,29.737,,,-1817.891,782.07,-3460.425,KAD_MaiDive,Peter,Pomacentridae,Pomacentrus,sp,,1,AD,Passing,
GX010030_C2_L.MP4,29582,16.4509,KAD_MaiDive_Transect 2,1.2551,,6.538,3.312,3682.408,30.546,,,-1732.1,712.651,-3170.503,KAD_MaiDive,Peter,Acanthuridae,Ctenochaetus,sp,,1,AD,Passing,
GX010030_C2_L.MP4,29878,16.6155,KAD_MaiDive_Transect 2,1.4198,,1.755,13.653,1673.318,26.604,,,-585.567,-465.75,-1496.723,KAD_MaiDive,Peter,Pomacentridae,Pomacentrus,moluccensis,37372118,1,AD,Passing,
GX010030_C2_L.MP4,29913,16.635,KAD_MaiDive_Transect 2,1.4392,195.683,13.034,1.693,2875.151,11.389,59.971,18.515,-322.129,-467.519,-2818.537,KAD_MaiDive,Peter,Scaridae,Chlorurus,spilurus,temp_code_002,1,AD,Passing,
GX010030_C2_L.MP4,29928,16.6433,KAD_MaiDive_Transect 2,1.4476,,14.16,0.631,5162.639,27.099,,,2095.781,-1061.252,-4597.204,KAD_MaiDive,Peter,Scaridae,Chlorurus,sp,,1,AD,Passing,
GX010030_C2_L.MP4,29928,16.6433,KAD_MaiDive_Transect 2,1.4476,,13.802,8.172,4998.594,24.6,,,1850.951,-945.149,-4546.055,KAD_MaiDive,Peter,Scaridae,Chlorurus,sp,,1,AD,Passing,
GX010030_C2_L.MP4,29950,16.6555,KAD_MaiDive_Transect 2,1.4598,102.652,5.427,14.259,2256.311,27.317,67.062,31.328,-924.596,-466.114,-2004.694,KAD_MaiDive,Peter,Acanthuridae,Zebrasoma,scopas,37437036,1,AD,Passing,
GX010030_C2_L.MP4,29981,16.6728,KAD_MaiDive_Transect 2,1.477,,10.856,4.504,4443.128,26.393,,,1680.847,-1032.309,-3981.266,KAD_MaiDive,Peter,Scaridae,Chlorurus,sp,,1,AD,Passing,
GX010030_C2_L.MP4,29981,16.6728,KAD_MaiDive_Transect 2,1.477,,12.241,1.82,4532.903,21.147,,,1249.868,-1049.367,-4228.933,KAD_MaiDive,Peter,Scaridae,Chlorurus,sp,,1,AD,Passing,
GX010030_C2_L.MP4,30012,16.69,KAD_MaiDive_Transect 2,1.4943,227.18,5.779,3.799,2287.74,26.365,48.857,1.422,-844.126,-565.331,-2049.783,KAD_MaiDive,Peter,Labridae,Halichoeres,hortulanus,37384112,1,AD,Passing,
GX010030_C2_L.MP4,30045,16.7084,KAD_MaiDive_Transect 2,1.5126,277.877,6.431,14.749,3350.415,21.005,14.314,35.861,704.699,-972.478,-3127.773,KAD_MaiDive,Peter,Scaridae,Scarus,schlegeli,37386029,1,AD,Passing,
GX010030_C2_L.MP4,30045,16.7084,KAD_MaiDive_Transect 2,1.5126,,10.633,3.31,4351.326,26.555,,,1519.852,-1209.426,-3893.762,KAD_MaiDive,Peter,Zanclidae,Zanclus,cornutus,37437001,1,AD,Passing,
GX010030_C2_L.MP4,30057,16.715,KAD_MaiDive_Transect 2,1.5193,140.465,5.859,11.041,2526.421,26.108,55.754,40.54,-1003.374,-478.9,-2268.634,KAD_MaiDive,Peter,Acanthuridae,Acanthurus,sp,,1,AD,Passing,
GX010030_C2_L.MP4,30057,16.715,KAD_MaiDive_Transect 2,1.5193,,8.858,3.029,4147.275,24.808,,,-1687.313,-420.646,-3765.092,KAD_MaiDive,Peter,Pomacentridae,Amblyglyphidodon,aureus,37372016,1,AD,Passing,
GX010030_C2_L.MP4,30101,16.7395,KAD_MaiDive_Transect 2,1.5438,79.1,4.015,5.31,1842.116,20.213,48.565,24.153,-437.882,-461.899,-1728.67,KAD_MaiDive,Peter,Pomacentridae,Pomacentrus,philippinus,37372123,1,AD,Passing,
GX010030_C2_L.MP4,30168,16.7768,KAD_MaiDive_Transect 2,1.581,191.794,5.793,19.929,3417.635,15.502,9.314,51.951,5.356,-913.41,-3293.308,KAD_MaiDive,Peter,Scaridae,Scarus,schlegeli,37386029,1,AD,Passing,
GX010030_C2_L.MP4,30209,16.7996,KAD_MaiDive_Transect 2,1.6038,158.813,9.017,5.559,2666.605,21.012,52.982,10.884,-796.753,-528.585,-2489.29,KAD_MaiDive,Peter,Scaridae,Chlorurus,spilurus,temp_code_002,1,AD,Passing,
GX010030_C2_L.MP4,30209,16.7996,KAD_MaiDive_Transect 2,1.6038,214.166,15.015,7.83,3861.429,10.792,41.707,39.641,-639.982,-336.486,-3793.13,KAD_MaiDive,Peter,Scaridae,Chlorurus,spilurus,temp_code_002,1,AD,Passing,
GX010030_C2_L.MP4,30209,16.7996,KAD_MaiDive_Transect 2,1.6038,197.205,11.623,2.178,3437.352,12.689,34.97,28.352,-739.568,-152.054,-3353.402,KAD_MaiDive,Peter,Scaridae,Chlorurus,spilurus,temp_code_002,1,AD,Passing,
GX010030_C2_L.MP4,30209,16.7996,KAD_MaiDive_Transect 2,1.6038,,5.559,6.624,2987.216,18.615,,,-154.052,-937.542,-2832.092,KAD_MaiDive,Peter,Mullidae,Parupeneus,multifasciatus,37355026,1,AD,Passing,
GX010030_C2_L.MP4,30253,16.824,KAD_MaiDive_Transect 2,1.6283,144.541,3.471,2.644,2431.854,14.51,16.219,42.731,-348.816,-499.591,-2354.283,KAD_MaiDive,Peter,Scaridae,Chlorurus,spilurus,temp_code_002,1,AD,Passing,
GX010030_C2_L.MP4,30270,16.8335,KAD_MaiDive_Transect 2,1.6377,205.242,7.123,11.347,3299.875,11.639,19.403,24.839,-263.437,-611.403,-3232.021,KAD_MaiDive,Peter,Scaridae,Scarus,schlegeli,37386029,1,AD,Passing,
GX010030_C2_L.MP4,30270,16.8335,KAD_MaiDive_Transect 2,1.6377,189.428,4.085,10.592,2397.209,12.096,20.247,26.437,-321.766,-385.775,-2343.982,KAD_MaiDive,Peter,Scaridae,Scarus,schlegeli,37386029,1,AD,Passing,
GX010030_C2_L.MP4,30308,16.8546,KAD_MaiDive_Transect 2,1.6589,,6.297,1.259,3651.689,28.877,,,-1759.36,125.102,-3197.473,KAD_MaiDive,Peter,Nemipteridae,Scolopsis,bilineata,37347031,1,AD,Passing,
GX010030_C2_L.MP4,30318,16.8602,KAD_MaiDive_Transect 2,1.6644,181.074,17.433,16.289,3866.984,26.461,68.545,14.499,-1711.705,197.536,-3461.879,KAD_MaiDive,Peter,Mullidae,Parupeneus,cyclostomus,37355025,1,AD,Passing,
GX010030_C2_L.MP4,30365,16.8863,KAD_MaiDive_Transect 2,1.6906,171.093,14.922,5.781,3423.217,18.176,51.904,15.868,-1055.631,-160.82,-3252.413,KAD_MaiDive,Peter,Mullidae,Parupeneus,cyclostomus,37355025,1,AD,Passing,
GX010030_C2_L.MP4,30398,16.9047,KAD_MaiDive_Transect 2,1.7089,136.49,12.114,12.758,3533.02,18.021,37.12,26.505,-1087.161,-112.538,-3359.71,KAD_MaiDive,Peter,Mullidae,Parupeneus,cyclostomus,37355025,1,AD,Passing,
GX010030_C2_L.MP4,30595,17.0142,KAD_MaiDive_Transect 2,1.8185,119.772,3.02,6.299,3014.896,13.988,1.644,25.801,13.28,-728.612,-2925.5,KAD_MaiDive,Peter,Acanthuridae,Zebrasoma,scopas,37437036,1,AD,Passing,
GX010030_C2_L.MP4,30665,17.0531,KAD_MaiDive_Transect 2,1.8574,210.581,9.856,11.176,3017.251,18.89,37.375,10.233,582.869,-783.883,-2854.749,KAD_MaiDive,Peter,Scaridae,Scarus,schlegeli,37386029,1,AD,Passing,
GX010030_C2_L.MP4,31173,17.3357,KAD_MaiDive_Transect 2,2.1399,249.145,14.762,13.95,3465.087,22.36,59.853,32.287,686.504,-1125.35,-3204.548,KAD_MaiDive,Peter,Scaridae,Chlorurus,spilurus,temp_code_002,1,AD,Passing,
GX010030_C2_L.MP4,31315,17.4146,KAD_MaiDive_Transect 2,2.2189,,6.055,1.556,3221.667,23.336,,,1103.494,-637.378,-2958.917,KAD_MaiDive,Peter,Pomacentridae,Amblyglyphidodon,aureus,37372016,1,AD,Passing,
GX010030_C2_L.MP4,31315,17.4146,KAD_MaiDive_Transect 2,2.2189,,5.301,1.979,3172.102,29.21,,,1387.773,-682.478,-2769.574,KAD_MaiDive,Peter,Pomacentridae,Amblyglyphidodon,aureus,37372016,1,AD,Passing,
GX010030_C2_L.MP4,31482,17.5075,KAD_MaiDive_Transect 2,2.3118,,5.532,11.56,3260.137,29.113,,,-1368.3,-798.769,-2849.248,KAD_MaiDive,Peter,Scaridae,Chlorurus,sp,,1,AD,Passing,
GX010030_C2_L.MP4,31661,17.607,KAD_MaiDive_Transect 2,2.4113,117.412,6.063,15.597,2939.255,19.432,27.279,41.51,-934.355,-288.397,-2771.827,KAD_MaiDive,Peter,Zanclidae,Zanclus,cornutus,37437001,1,AD,Passing,
GX010030_C2_L.MP4,38631,21.4831,KAD_MaiDive_Transect 3,0.3131,172.378,13.513,15.658,3613.996,28.295,49.16,0.795,1695.854,-242.485,-3182.176,KAD_MaiDive,Peter,Acanthuridae,Acanthurus,sp,,1,AD,Passing,
GX010030_C2_L.MP4,38641,21.4887,KAD_MaiDive_Transect 3,0.3187,,8.815,4.614,4368.783,30.4,,,2210.748,-3.693,-3768.136,KAD_MaiDive,Peter,Scaridae,Chlorurus,sp,,1,AD,Passing,
GX010030_C2_L.MP4,38663,21.5009,KAD_MaiDive_Transect 3,0.3309,277.773,7.335,6.496,3329.075,19.546,8.879,1.157,1113.761,7.525,-3137.231,KAD_MaiDive,Peter,Scaridae,Chlorurus,sp,,1,AD,Passing,
GX010030_C2_L.MP4,38704,21.5237,KAD_MaiDive_Transect 3,0.3537,174.382,7.952,2.947,3360.916,26.342,9.648,7.582,1478.335,-196.592,-3011.915,KAD_MaiDive,Peter,Scaridae,Chlorurus,sp,,1,AD,Passing,
GX010030_C2_L.MP4,38717,21.531,KAD_MaiDive_Transect 3,0.3609,75.908,1.492,1.628,1672.547,14.387,7.08,16.394,135.328,-392.92,-1620.097,KAD_MaiDive,Peter,Pomacentridae,Pomacentrus,callainus,temp_code_004,1,AD,Passing,
GX010030_C2_L.MP4,38746,21.5471,KAD_MaiDive_Transect 3,0.377,240.042,9.286,6.563,3629.533,28.86,8.553,0.892,1750.298,74.177,-3178.752,KAD_MaiDive,Peter,Scaridae,Chlorurus,spilurus,temp_code_002,1,AD,Passing,
GX010030_C2_L.MP4,38746,21.5471,KAD_MaiDive_Transect 3,0.377,168.202,11.962,1.746,3433.923,15.309,34.029,17.132,-721.934,-548.452,-3312.075,KAD_MaiDive,Peter,Scaridae,Chlorurus,spilurus,temp_code_002,1,AD,Passing,
GX010030_C2_L.MP4,38746,21.5471,KAD_MaiDive_Transect 3,0.377,224.033,3.284,2.595,3698.468,0.915,1.715,9.287,54.446,-22.807,-3697.997,KAD_MaiDive,Peter,Scaridae,Chlorurus,spilurus,temp_code_002,1,AD,Passing,
GX010030_C2_L.MP4,38752,21.5504,KAD_MaiDive_Transect 3,0.3804,161.59,3.331,7.913,1477.54,19.877,68.918,8.182,387.796,-319.369,-1389.512,KAD_MaiDive,Peter,Pomacentridae,Pomacentrus,callainus,temp_code_004,1,AD,Passing,
GX010030_C2_L.MP4,38766,21.5582,KAD_MaiDive_Transect 3,0.3882,198.916,4.86,14.626,2133.89,20.849,41.168,23.209,-373.811,-661.081,-1994.172,KAD_MaiDive,Peter,Scaridae,Chlorurus,spilurus,temp_code_002,1,AD,Passing,
GX010030_C2_L.MP4,38816,21.586,KAD_MaiDive_Transect 3,0.416,182.386,2.336,4.052,1957.135,13.969,14.196,16.465,148.543,-448.48,-1899.257,KAD_MaiDive,Peter,Scaridae,Chlorurus,spilurus,temp_code_002,1,AD,Passing,
GX010030_C2_L.MP4,38816,21.586,KAD_MaiDive_Transect 3,0.416,228.826,4.058,6.06,2107.248,22.699,32.289,20.147,-550.918,-598.096,-1944.033,KAD_MaiDive,Peter,Scaridae,Chlorurus,spilurus,temp_code_002,1,AD,Passing,
GX010030_C2_L.MP4,38833,21.5955,KAD_MaiDive_Transect 3,0.4254,,4.169,4.411,2855.043,28.845,,,1356.043,-238.473,-2501.11,KAD_MaiDive,Peter,Acanthuridae,Zebrasoma,scopas,37437036,1,AD,Passing,
GX010030_C2_L.MP4,38852,21.606,KAD_MaiDive_Transect 3,0.436,123.952,2.29,11.384,1984.278,23.151,4.919,5.06,492.46,-605.065,-1824.484,KAD_MaiDive,Peter,Acanthuridae,Zebrasoma,scopas,37437036,1,AD,Passing,
GX010030_C2_L.MP4,38888,21.626,KAD_MaiDive_Transect 3,0.456,219.13,2.228,7.135,2378.6,9.043,2.001,26.666,176.466,-329.573,-2349.038,KAD_MaiDive,Peter,Scaridae,Chlorurus,spilurus,temp_code_002,1,AD,Passing,
GX010030_C2_L.MP4,38931,21.65,KAD_MaiDive_Transect 3,0.4799,249.707,4.159,2.073,3773.099,14.491,4.581,1.102,259.832,-907.69,-3653.062,KAD_MaiDive,Peter,Scaridae,Scarus,dimidiatus,37386013,1,AD,Passing,
GX010030_C2_L.MP4,38943,21.6566,KAD_MaiDive_Transect 3,0.4866,58.839,4.216,2.003,2151.988,24.158,27.539,13.182,879.804,-39.881,-1963.519,KAD_MaiDive,Peter,Labridae,Labroides,dimidiatus,37384028,1,AD,Passing,
GX010030_C2_L.MP4,38986,21.6805,KAD_MaiDive_Transect 3,0.5105,,4.248,1.088,2893.488,29.062,,,1391.185,203.484,-2528.928,KAD_MaiDive,Peter,Pomacentridae,Dascyllus,reticulatus,37372074,1,AD,Passing,
GX010030_C2_L.MP4,38986,21.6805,KAD_MaiDive_Transect 3,0.5105,,3.754,0.723,2632.245,26.665,,,1168.307,177.492,-2352.078,KAD_MaiDive,Peter,Pomacentridae,Dascyllus,reticulatus,37372074,1,AD,Passing,
GX010030_C2_L.MP4,39039,21.71,KAD_MaiDive_Transect 3,0.54,24.33,2.274,0.242,1657.951,24.358,21.926,22.229,554.597,-400.005,-1510.371,KAD_MaiDive,Peter,Pomacentridae,Pomacentrus,coelestis,37372111,1,AD,Passing,
GX010030_C2_L.MP4,39123,21.7567,KAD_MaiDive_Transect 3,0.5867,34.662,3.327,10.562,1899.3,24.765,39.637,33.376,762.936,-225.653,-1724.63,KAD_MaiDive,Peter,Pomacentridae,Pomacentrus,coelestis,37372111,1,AD,Passing,
GX010030_C2_L.MP4,39166,21.7806,KAD_MaiDive_Transect 3,0.6106,25.691,1.766,4.692,1606.977,23.39,5.096,36.99,522.615,-365.868,-1474.92,KAD_MaiDive,Peter,Pomacentridae,Dascyllus,reticulatus,37372074,1,AD,Passing,
GX010030_C2_L.MP4,39377,21.898,KAD_MaiDive_Transect 3,0.7279,,8.642,3.677,3778.427,19.875,,,63.092,-1278.664,-3554.933,KAD_MaiDive,Peter,Acanthuridae,Acanthurus,sp,,1,AD,Passing,
GX010030_C2_L.MP4,39483,21.9569,KAD_MaiDive_Transect 3,0.7869,,10.686,1.684,4584.297,30.749,,,2029.493,1177.35,-3938.373,KAD_MaiDive,Peter,Pomacentridae,Pomacentrus,maafu,temp_code_005,1,AD,Passing,
GX010030_C2_L.MP4,39520,21.9775,KAD_MaiDive_Transect 3,0.8075,109.257,5.616,2.832,3138.693,9.35,12.091,6.517,496.546,-116.077,-3096.993,KAD_MaiDive,Peter,Chaetodontidae,Forcipiger,flavissimus,37365068,1,AD,Passing,
GX010030_C2_L.MP4,39577,22.0092,KAD_MaiDive_Transect 3,0.8392,120.925,7.041,7.084,2845.932,24.621,31.27,22.772,1183.864,-65.314,-2587.186,KAD_MaiDive,Peter,Chaetodontidae,Forcipiger,flavissimus,37365068,1,AD,Passing,
GX010030_C2_L.MP4,39612,22.0287,KAD_MaiDive_Transect 3,0.8586,203.594,12.648,4.491,3869.682,25.419,27.533,12.12,1652.018,172.242,-3495.083,KAD_MaiDive,Peter,Scaridae,Scarus,schlegeli,37386029,1,AD,Passing,
GX010030_C2_L.MP4,39621,22.0337,KAD_MaiDive_Transect 3,0.8636,35.902,2.549,5.865,1788.747,27.052,14.368,5.132,717.369,-383.683,-1593.043,KAD_MaiDive,Peter,Pomacentridae,Pomacentrus,moluccensis,37372118,1,AD,Passing,
GX010030_C2_L.MP4,39664,22.0576,KAD_MaiDive_Transect 3,0.8876,119.657,5.783,4.188,3124.592,21.298,6.282,27.981,1093.894,-302.335,-2911.197,KAD_MaiDive,Peter,Acanthuridae,Ctenochaetus,striatus,37437022,1,AD,Passing,
GX010030_C2_L.MP4,39706,22.0809,KAD_MaiDive_Transect 3,0.9109,,3.384,0.198,2349.275,22.731,,,771.145,-476.252,-2167.398,KAD_MaiDive,Peter,Pomacentridae,Pomacentrus,coelestis,37372111,1,AD,Passing,
GX010030_C2_L.MP4,39706,22.0809,KAD_MaiDive_Transect 3,0.9109,,3.125,0.1,2222.081,20.835,,,654.226,-440.882,-2077.319,KAD_MaiDive,Peter,Pomacentridae,Pomacentrus,moluccensis,37372118,1,AD,Passing,
GX010030_C2_L.MP4,39726,22.0921,KAD_MaiDive_Transect 3,0.922,,2.459,4.049,1952.098,23.081,,,419.935,-637.592,-1796.613,KAD_MaiDive,Peter,Pomacentridae,Pomacentrus,moluccensis,37372118,1,AD,Passing,
GX010030_C2_L.MP4,39726,22.0921,KAD_MaiDive_Transect 3,0.922,,2.142,0.843,1840.484,25.698,,,498.367,-621.32,-1659.208,KAD_MaiDive,Peter,Pomacentridae,Pomacentrus,moluccensis,37372118,1,AD,Passing,
GX010030_C2_L.MP4,39726,22.0921,KAD_MaiDive_Transect 3,0.922,,3.223,2.248,2245.628,21.936,,,480.508,-685.075,-2083.897,KAD_MaiDive,Peter,Pomacentridae,Pomacentrus,coelestis,37372111,1,AD,Passing,
GX010030_C2_L.MP4,39770,22.1165,KAD_MaiDive_Transect 3,0.9465,284.932,5.986,19.402,3631.764,25.865,9.401,52.684,1583.07,-63.52,-3267.96,KAD_MaiDive,Peter,Scaridae,Chlorurus,spilurus,temp_code_002,1,AD,Passing,
GX010030_C2_L.MP4,39781,22.1227,KAD_MaiDive_Transect 3,0.9526,,3.926,1.938,2587.516,23.079,,,959.194,-326.905,-2380.823,KAD_MaiDive,Peter,Pomacentridae,Pomacentrus,coelestis,37372111,1,AD,Passing,
GX010030_C2_L.MP4,39789,22.1271,KAD_MaiDive_Transect 3,0.9571,,4.066,2.195,2564.718,19.576,,,775.535,-367.162,-2416.923,KAD_MaiDive,Peter,Pomacentridae,Chromis,viridis,37372053,1,AD,Passing,
GX010030_C2_L.MP4,39789,22.1271,KAD_MaiDive_Transect 3,0.9571,,2.834,0.723,2126.753,20.497,,,708.319,-227.458,-1992.392,KAD_MaiDive,Peter,Pomacentridae,Chromis,viridis,37372053,1,AD,Passing,
GX010030_C2_L.MP4,39789,22.1271,KAD_MaiDive_Transect 3,0.9571,,3.148,1.174,2249.496,19.982,,,736.957,-215.997,-2114.349,KAD_MaiDive,Peter,Pomacentridae,Chromis,viridis,37372053,1,AD,Passing,
GX010030_C2_L.MP4,39789,22.1271,KAD_MaiDive_Transect 3,0.9571,,2.667,0.161,2106.63,23.89,,,812.725,-257.184,-1926.454,KAD_MaiDive,Peter,Pomacentridae,Chromis,viridis,37372053,1,AD,Passing,
GX010030_C2_L.MP4,39789,22.1271,KAD_MaiDive_Transect 3,0.9571,32.459,3.192,0.322,2281.035,17.556,2.824,3.498,619.002,-300.411,-2174.79,KAD_MaiDive,Peter,Pomacentridae,Dascyllus,reticulatus,37372074,1,AD,Passing,
GX010030_C2_L.MP4,39789,22.1271,KAD_MaiDive_Transect 3,0.9571,,2.503,3.051,2108.851,29.044,,,904.199,-477.939,-1844.249,KAD_MaiDive,Peter,Pomacentridae,Dascyllus,reticulatus,37372074,1,AD,Passing,
GX010030_C2_L.MP4,39789,22.1271,KAD_MaiDive_Transect 3,0.9571,,2.436,4.821,2041.89,27.378,,,824.446,-447.201,-1813.729,KAD_MaiDive,Peter,Pomacentridae,Dascyllus,reticulatus,37372074,1,AD,Passing,
GX010030_C2_L.MP4,39789,22.1271,KAD_MaiDive_Transect 3,0.9571,,2.558,1.474,2075.531,25.746,,,816.507,-379.98,-1869.963,KAD_MaiDive,Peter,Pomacentridae,Dascyllus,reticulatus,37372074,1,AD,Passing,
GX010030_C2_L.MP4,39789,22.1271,KAD_MaiDive_Transect 3,0.9571,,2.957,3.881,2223.826,24.344,,,832.432,-381.425,-2026.567,KAD_MaiDive,Peter,Pomacentridae,Dascyllus,reticulatus,37372074,1,AD,Passing,
GX010030_C2_L.MP4,39789,22.1271,KAD_MaiDive_Transect 3,0.9571,,3.032,0.01,2234.402,23.505,,,791.804,-406.353,-2049.506,KAD_MaiDive,Peter,Pomacentridae,Dascyllus,reticulatus,37372074,1,AD,Passing,
GX010030_C2_L.MP4,39789,22.1271,KAD_MaiDive_Transect 3,0.9571,,2.438,3.88,1984.386,23.211,,,721.542,-299.451,-1824.142,KAD_MaiDive,Peter,Pomacentridae,Dascyllus,reticulatus,37372074,1,AD,Passing,
GX010030_C2_L.MP4,39789,22.1271,KAD_MaiDive_Transect 3,0.9571,,2.859,0.779,2141.779,20.947,,,724.43,-245.516,-2000.535,KAD_MaiDive,Peter,Pomacentridae,Dascyllus,reticulatus,37372074,1,AD,Passing,
GX010030_C2_L.MP4,39789,22.1271,KAD_MaiDive_Transect 3,0.9571,,3.184,0.439,2236.988,18.468,,,651.242,-276.752,-2122.123,KAD_MaiDive,Peter,Pomacentridae,Dascyllus,reticulatus,37372074,1,AD,Passing,
GX010030_C2_L.MP4,39789,22.1271,KAD_MaiDive_Transect 3,0.9571,,3.003,2.589,2153.057,17.179,,,576.075,-266.791,-2057.332,KAD_MaiDive,Peter,Pomacentridae,Dascyllus,reticulatus,37372074,1,AD,Passing,
GX010030_C2_L.MP4,39789,22.1271,KAD_MaiDive_Transect 3,0.9571,,3.759,5.087,2421.82,16.318,,,590.204,-335.823,-2324.67,KAD_MaiDive,Peter,Pomacentridae,Dascyllus,reticulatus,37372074,1,AD,Passing,
GX010030_C2_L.MP4,39789,22.1271,KAD_MaiDive_Transect 3,0.9571,,2.935,0.814,2102.165,14.059,,,402.012,-312.396,-2039.581,KAD_MaiDive,Peter,Pomacentridae,Dascyllus,reticulatus,37372074,1,AD,Passing,
GX010030_C2_L.MP4,39789,22.1271,KAD_MaiDive_Transect 3,0.9571,,3.059,1.813,2149.653,13.474,,,404.84,-292.393,-2090.842,KAD_MaiDive,Peter,Pomacentridae,Dascyllus,reticulatus,37372074,1,AD,Passing,
GX010030_C2_L.MP4,39789,22.1271,KAD_MaiDive_Transect 3,0.9571,,3.525,0.954,2336.08,16.503,,,553.881,-362.726,-2240.293,KAD_MaiDive,Peter,Pomacentridae,Dascyllus,reticulatus,37372074,1,AD,Passing,
GX010030_C2_L.MP4,39789,22.1271,KAD_MaiDive_Transect 3,0.9571,,3.703,0.059,2380.377,14.642,,,356.288,-482.057,-2303.665,KAD_MaiDive,Peter,Pomacentridae,Dascyllus,reticulatus,37372074,1,AD,Passing,
GX010030_C2_L.MP4,39789,22.1271,KAD_MaiDive_Transect 3,0.9571,,3.3,1.809,2239.789,14.006,,,187.276,-506.039,-2173.824,KAD_MaiDive,Peter,Pomacentridae,Dascyllus,reticulatus,37372074,1,AD,Passing,
GX010030_C2_L.MP4,39789,22.1271,KAD_MaiDive_Transect 3,0.9571,,2.891,0.812,2085.667,14.006,,,159.252,-476.526,-2024.246,KAD_MaiDive,Peter,Pomacentridae,Dascyllus,reticulatus,37372074,1,AD,Passing,
GX010030_C2_L.MP4,39789,22.1271,KAD_MaiDive_Transect 3,0.9571,,2.691,3.483,2003.713,13.357,,,188.771,-420.251,-1950.031,KAD_MaiDive,Peter,Pomacentridae,Dascyllus,reticulatus,37372074,1,AD,Passing,
GX010030_C2_L.MP4,39789,22.1271,KAD_MaiDive_Transect 3,0.9571,,3.47,1.729,2299.837,15.297,,,357.062,-487.838,-2218.957,KAD_MaiDive,Peter,Pomacentridae,Dascyllus,reticulatus,37372074,1,AD,Passing,
GX010030_C2_L.MP4,39789,22.1271,KAD_MaiDive_Transect 3,0.9571,,2.908,2.216,2087.781,13.459,,,278.156,-395.947,-2030.932,KAD_MaiDive,Peter,Pomacentridae,Dascyllus,reticulatus,37372074,1,AD,Passing,
GX010030_C2_L.MP4,39789,22.1271,KAD_MaiDive_Transect 3,0.9571,,3.204,2.522,2248.489,19.309,,,664.714,-330.462,-2122.417,KAD_MaiDive,Peter,Pomacentridae,Dascyllus,reticulatus,37372074,1,AD,Passing,
GX010030_C2_L.MP4,39789,22.1271,KAD_MaiDive_Transect 3,0.9571,23.479,2.235,5.953,1842.029,26.334,4.272,5.411,591.455,-563.82,-1650.867,KAD_MaiDive,Peter,Pomacentridae,Pomacentrus,moluccensis,37372118,1,AD,Passing,
GX010030_C2_L.MP4,39808,22.1377,KAD_MaiDive_Transect 3,0.9676,,13.766,4.663,5235.665,29.928,,,2371.284,1101.137,-4536.154,KAD_MaiDive,Peter,Scaridae,Chlorurus,spilurus,temp_code_002,1,AD,Passing,
GX010030_C2_L.MP4,39846,22.1588,KAD_MaiDive_Transect 3,0.9888,230.436,18.283,16.152,4392.278,20.184,34.222,17.435,-189.375,-1503.649,-4122.534,KAD_MaiDive,Peter,Scaridae,Scarus,schlegeli,37386029,1,AD,Passing,
GX010030_C2_L.MP4,39901,22.1894,KAD_MaiDive_Transect 3,1.0194,,4.777,0.651,2785.741,16.064,,,769.247,52.696,-2676.908,KAD_MaiDive,Peter,Pomacentridae,Dascyllus,reticulatus,37372074,1,AD,Passing,
GX010030_C2_L.MP4,39901,22.1894,KAD_MaiDive_Transect 3,1.0194,,5.832,0.553,3158.772,19.768,,,1058.933,145.008,-2972.452,KAD_MaiDive,Peter,Pomacentridae,Dascyllus,reticulatus,37372074,1,AD,Passing,
GX010030_C2_L.MP4,39901,22.1894,KAD_MaiDive_Transect 3,1.0194,,3.726,0.733,2511.787,21.659,,,925.43,57.986,-2334.372,KAD_MaiDive,Peter,Pomacentridae,Dascyllus,reticulatus,37372074,1,AD,Passing,
GX010030_C2_L.MP4,39901,22.1894,KAD_MaiDive_Transect 3,1.0194,,4.92,0.426,2959.052,23.029,,,1156.85,44.541,-2723.179,KAD_MaiDive,Peter,Pomacentridae,Dascyllus,reticulatus,37372074,1,AD,Passing,
GX010030_C2_L.MP4,39901,22.1894,KAD_MaiDive_Transect 3,1.0194,,5,1.735,2828.96,14.313,,,666.388,-208.925,-2741.403,KAD_MaiDive,Peter,Pomacentridae,Dascyllus,reticulatus,37372074,1,AD,Passing,
GX010030_C2_L.MP4,39901,22.1894,KAD_MaiDive_Transect 3,1.0194,,4.116,3.801,2759.825,26.13,,,1209.52,123.137,-2477.606,KAD_MaiDive,Peter,Pomacentridae,Dascyllus,reticulatus,37372074,1,AD,Passing,
GX010030_C2_L.MP4,39901,22.1894,KAD_MaiDive_Transect 3,1.0194,,4.513,0.468,2916.115,26.404,,,1296.143,44.724,-2611.846,KAD_MaiDive,Peter,Pomacentridae,Dascyllus,reticulatus,37372074,1,AD,Passing,
GX010030_C2_L.MP4,39949,22.2161,KAD_MaiDive_Transect 3,1.046,278.338,12.993,9.926,3360.609,27.063,69.145,21.434,1527.133,74.544,-2992.659,KAD_MaiDive,Peter,Scaridae,Chlorurus,spilurus,temp_code_002,1,AD,Passing,
GX010030_C2_L.MP4,39949,22.2161,KAD_MaiDive_Transect 3,1.046,,26.069,8.254,6752.79,22.839,,,-1766.038,-1929.083,-6225.747,KAD_MaiDive,Peter,Scaridae,Chlorurus,spilurus,temp_code_002,1,AD,Passing,
GX010030_C2_L.MP4,39949,22.2161,KAD_MaiDive_Transect 3,1.046,195.699,6.324,4.823,3858.772,15.775,3.084,46.574,513.261,-914.885,-3713.444,KAD_MaiDive,Peter,Scaridae,Scarus,schlegeli,37386029,1,AD,Passing,
GX010030_C2_L.MP4,39976,22.2311,KAD_MaiDive_Transect 3,1.0611,182.115,9.019,6.066,3172.138,25.753,56.453,41.871,1362.837,-205.556,-2857.075,KAD_MaiDive,Peter,Scaridae,Chlorurus,spilurus,temp_code_002,1,AD,Passing,
GX010030_C2_L.MP4,40021,22.2561,KAD_MaiDive_Transect 3,1.0861,206.057,12.44,9.865,3560.469,17.503,32.09,9.753,596.807,-889.103,-3395.623,KAD_MaiDive,Peter,Scaridae,Chlorurus,spilurus,temp_code_002,1,AD,Passing,
GX010030_C2_L.MP4,40021,22.2561,KAD_MaiDive_Transect 3,1.0861,210.248,7.681,15.612,4140.328,14.764,8.54,35.769,763.437,-728.32,-4003.627,KAD_MaiDive,Peter,Scaridae,Scarus,schlegeli,37386029,1,AD,Passing,
GX010030_C2_L.MP4,40035,22.2639,KAD_MaiDive_Transect 3,1.0939,197.308,13.534,12.07,3344.05,16.26,41.701,11.903,350.366,-868.311,-3210.288,KAD_MaiDive,Peter,Scaridae,Chlorurus,spilurus,temp_code_002,1,AD,Passing,
GX010030_C2_L.MP4,40035,22.2639,KAD_MaiDive_Transect 3,1.0939,194.491,19.431,15.229,3903.847,13.811,44.748,19.342,449.093,-816.582,-3790.98,KAD_MaiDive,Peter,Scaridae,Chlorurus,spilurus,temp_code_002,1,AD,Passing,
GX010030_C2_L.MP4,40035,22.2639,KAD_MaiDive_Transect 3,1.0939,210.812,4.001,3.168,2969.918,19.698,9.116,18.895,361.419,-933.51,-2796.13,KAD_MaiDive,Peter,Scaridae,Scarus,schlegeli,37386029,1,AD,Passing,
GX010030_C2_L.MP4,40095,22.2973,KAD_MaiDive_Transect 3,1.1272,164.738,5.395,13.34,2600.283,26.691,42.565,42.302,1087.042,-427.303,-2323.193,KAD_MaiDive,Peter,Scaridae,Chlorurus,spilurus,temp_code_002,1,AD,Passing,
GX010030_C2_L.MP4,40095,22.2973,KAD_MaiDive_Transect 3,1.1272,226.283,6.52,3.587,2584.521,24.116,34.19,8.434,1011.411,-303.571,-2358.949,KAD_MaiDive,Peter,Scaridae,Chlorurus,spilurus,temp_code_002,1,AD,Passing,
GX010030_C2_L.MP4,40095,22.2973,KAD_MaiDive_Transect 3,1.1272,217.897,4.95,4.326,4212.627,10.063,5.483,12.267,55.501,-733.972,-4147.822,KAD_MaiDive,Peter,Scaridae,Scarus,schlegeli,37386029,1,AD,Passing,
GX010030_C2_L.MP4,40107,22.3039,KAD_MaiDive_Transect 3,1.1339,,8.736,4.283,4074.514,24.819,,,1696.739,219.583,-3697.908,KAD_MaiDive,Peter,Acanthuridae,Acanthurus,sp,,1,AD,Passing,
GX010030_C2_L.MP4,40107,22.3039,KAD_MaiDive_Transect 3,1.1339,289.897,11.224,2.787,4180.704,19.181,9.745,7.968,1371.481,75.391,-3948.625,KAD_MaiDive,Peter,Scaridae,Chlorurus,spilurus,temp_code_002,1,AD,Passing,
GX010030_C2_L.MP4,40179,22.344,KAD_MaiDive_Transect 3,1.174,242.663,11.608,6.117,3193.991,17.008,46.443,31.094,-533.72,-766.799,-3054.298,KAD_MaiDive,Peter,Scaridae,Chlorurus,spilurus,temp_code_002,1,AD,Passing,
GX010030_C2_L.MP4,40209,22.3607,KAD_MaiDive_Transect 3,1.1906,308.514,10.825,9.269,3308.638,10.206,37.038,36.319,577.004,-103.641,-3256.288,KAD_MaiDive,Peter,Scaridae,Chlorurus,spilurus,temp_code_002,1,AD,Passing,
GX010030_C2_L.MP4,40258,22.3879,KAD_MaiDive_Transect 3,1.2179,242.818,7.148,9.933,3819.855,20.886,0.404,28.627,997.888,926.673,-3568.864,KAD_MaiDive,Peter,Scaridae,Chlorurus,spilurus,temp_code_002,1,AD,Passing,
GX010030_C2_L.MP4,40258,22.3879,KAD_MaiDive_Transect 3,1.2179,256.418,12.661,9.366,4313.721,14.674,24.317,39.424,-625.737,-895.894,-4173.01,KAD_MaiDive,Peter,Scaridae,Chlorurus,spilurus,temp_code_002,1,AD,Passing,
GX010030_C2_L.MP4,40258,22.3879,KAD_MaiDive_Transect 3,1.2179,287.467,14.226,4.836,5228.517,26.055,7.591,14.074,1549.485,1695.052,-4697.158,KAD_MaiDive,Peter,Scaridae,Chlorurus,spilurus,temp_code_002,1,AD,Passing,
GX010030_C2_L.MP4,40358,22.4435,KAD_MaiDive_Transect 3,1.2735,,2.839,4.726,2129.887,20.916,,,710.466,-268.502,-1989.865,KAD_MaiDive,Peter,Pomacentridae,Stegastes,lacrymatus,temp_code_006,1,AD,Passing,
GX010030_C2_L.MP4,40399,22.4663,KAD_MaiDive_Transect 3,1.2963,140.66,6.793,3.474,2360.068,23.044,79.675,34.11,902.578,-197.024,-2171.74,KAD_MaiDive,Peter,Acanthuridae,Acanthurus,sp,,1,AD,Passing,
GX010030_C2_L.MP4,40433,22.4852,KAD_MaiDive_Transect 3,1.3152,226.525,12.086,17.855,3654.894,13.566,31.801,29.761,-595.89,-616.382,-3552.92,KAD_MaiDive,Peter,Scaridae,Chlorurus,spilurus,temp_code_002,1,AD,Passing,
GX010030_C2_L.MP4,40445,22.4919,KAD_MaiDive_Transect 3,1.3219,201.221,11.117,15.114,3439.006,14.039,35.434,34.933,833.044,-44.551,-3336.287,KAD_MaiDive,Peter,Scaridae,Scarus,sp,,1,AD,Passing,
GX010030_C2_L.MP4,40445,22.4919,KAD_MaiDive_Transect 3,1.3219,323.594,10.07,15.109,2940.231,22.537,57.992,30.043,1049.24,411.219,-2715.686,KAD_MaiDive,Peter,Scaridae,Scarus,schlegeli,37386029,1,AD,Passing,
GX010030_C2_L.MP4,40470,22.5058,KAD_MaiDive_Transect 3,1.3358,232.955,8.946,16.048,3542.011,10.226,30.499,50.925,-150.416,-610.573,-3485.745,KAD_MaiDive,Peter,Scaridae,Chlorurus,spilurus,temp_code_002,1,AD,Passing,
GX010030_C2_L.MP4,40557,22.5542,KAD_MaiDive_Transect 3,1.3842,262.725,23.072,12.524,4559.423,15.337,40.773,23.27,-888.713,-815.178,-4397.046,KAD_MaiDive,Peter,Scaridae,Scarus,psittacus,37386024,1,AD,Passing,
GX010030_C2_L.MP4,40586,22.5703,KAD_MaiDive_Transect 3,1.4003,82.574,3.037,9.123,2517.081,22.499,0.379,28.946,-416.147,-868.676,-2325.494,KAD_MaiDive,Peter,Pomacentridae,Pomacentrus,philippinus,37372123,1,AD,Passing,
GX010030_C2_L.MP4,40596,22.5759,KAD_MaiDive_Transect 3,1.4058,92.492,3.217,9.003,2262.607,25.438,14.422,41.496,920.501,-311.81,-2043.243,KAD_MaiDive,Peter,Labridae,Thalassoma,lunare,37384167,1,AD,Passing,
GX010030_C2_L.MP4,40627,22.5931,KAD_MaiDive_Transect 3,1.4231,,3.796,1.555,2679.619,28.015,,,1234.608,247.574,-2365.334,KAD_MaiDive,Peter,Pomacentridae,Pomacentrus,maafu,temp_code_005,1,AD,Passing,
GX010030_C2_L.MP4,40642,22.6015,KAD_MaiDive_Transect 3,1.4314,70.198,3.922,2.024,2112.469,25.657,25.302,12.818,911.3,78.219,-1904.19,KAD_MaiDive,Peter,Pomacentridae,Pomacentrus,callainus,temp_code_004,1,AD,Passing,
GX010030_C2_L.MP4,40743,22.6576,KAD_MaiDive_Transect 3,1.4876,63.899,3.048,7.437,1888.89,24.794,36.808,41.119,565.996,-554.151,-1714.779,KAD_MaiDive,Peter,Pomacentridae,Chrysiptera,taupou,37372070,1,AD,Passing,
GX010030_C2_L.MP4,40799,22.6888,KAD_MaiDive_Transect 3,1.5187,283.985,9.619,9.326,3481.908,22.167,41.338,55.544,686.323,-1120.231,-3224.55,KAD_MaiDive,Peter,Scaridae,Chlorurus,spilurus,temp_code_002,1,AD,Passing,
GX010030_C2_L.MP4,41065,22.8367,KAD_MaiDive_Transect 3,1.6667,,2.403,5.907,1911.349,19.426,,,68.928,-629.727,-1803.316,KAD_MaiDive,Peter,Pomacentridae,Dascyllus,reticulatus,37372074,1,AD,Passing,.
GX010030_C2_L.MP4,41065,22.8367,KAD_MaiDive_Transect 3,1.6667,,5.389,1.207,2950.659,20.21,,,-146.366,-1005.37,-2770.234,KAD_MaiDive,Peter,Pomacentridae,Pomacentrus,philippinus,37372123,1,AD,Passing,
GX010030_C2_L.MP4,41306,22.9707,KAD_MaiDive_Transect 3,1.8007,191.309,15.526,7.473,3508.536,24.952,89.865,24.186,1479.413,45.095,-3181.058,KAD_MaiDive,Peter,Acanthuridae,Acanthurus,sp,,1,AD,Passing,
GX010030_C2_L.MP4,41306,22.9707,KAD_MaiDive_Transect 3,1.8007,260.273,13.558,5.947,3556.683,21.723,45.749,25.278,1296.502,-228.071,-3304.098,KAD_MaiDive,Peter,Scaridae,Scarus,schlegeli,37386029,1,AD,Passing,
GX010030_C2_L.MP4,41574,23.1198,KAD_MaiDive_Transect 3,1.9497,267.125,9.317,15.544,4725.438,7.145,15.946,51.897,473.493,-348.252,-4688.74,KAD_MaiDive,Peter,Scaridae,Scarus,sp,,1,AD,Passing,
GX010030_C2_L.MP4,41646,23.1598,KAD_MaiDive_Transect 3,1.9898,217.15,10.706,2.372,4250.253,20.066,6.761,71.184,-405.414,-1400.763,-3992.261,KAD_MaiDive,Peter,Scaridae,Scarus,schlegeli,37386029,1,AD,Passing,
GX010030_C2_L.MP4,41646,23.1598,KAD_MaiDive_Transect 3,1.9898,,11.168,4.613,4333.099,22.622,,,-559.211,-1565.169,-4001.659,KAD_MaiDive,Peter,Scaridae,Scarus,schlegeli,37386029,1,AD,Passing,
GX010030_C2_L.MP4,41668,23.172,KAD_MaiDive_Transect 3,2.002,246.26,20.651,10.1,3681.252,17.186,71,28.795,-8.3,-1087.701,-3516.881,KAD_MaiDive,Peter,Scaridae,Scarus,schlegeli,37386029,1,AD,Passing,
GX010030_C2_L.MP4,41748,23.2165,KAD_MaiDive_Transect 3,2.0465,88.639,7.007,8.295,4003.214,20.421,12.717,0.858,-322.964,-1358.925,-3751.631,KAD_MaiDive,Peter,Acanthuridae,Acanthurus,sp,,1,AD,Passing,
GX010030_C2_L.MP4,41882,23.291,KAD_MaiDive_Transect 3,2.121,113.672,9.648,14.784,2461.107,21.282,73.269,2.344,-39.364,-892.41,-2293.274,KAD_MaiDive,Peter,Chaetodontidae,Chaetodon,baronessa,37365034,1,AD,Passing,
GX010030_C2_L.MP4,41942,23.3244,KAD_MaiDive_Transect 3,2.1544,,2.295,2.736,1984.178,25.77,,,862.125,31.806,-1786.81,KAD_MaiDive,Peter,Pomacentridae,Pomacentrus,moluccensis,37372118,1,AD,Passing,
GX010030_C2_L.MP4,41947,23.3272,KAD_MaiDive_Transect 3,2.1572,148.406,12.954,1.064,3049.205,20.643,83.776,27.325,1065.671,141.301,-2853.424,KAD_MaiDive,Peter,Acanthuridae,Acanthurus,nigrofuscus,37437014,1,AD,Passing,
GX010030_C2_L.MP4,42010,23.3622,KAD_MaiDive_Transect 3,2.1922,,10.372,12.274,4167.326,21.918,,,-799.529,-1329.654,-3867.736,KAD_MaiDive,Peter,Scaridae,Scarus,dimidiatus,37386013,1,AD,Passing,
GX010030_C2_L.MP4,42010,23.3622,KAD_MaiDive_Transect 3,2.1922,,10.033,13.92,4052.201,17.09,,,-524.695,-1064.27,-3874.579,KAD_MaiDive,Peter,Scaridae,Scarus,dimidiatus,37386013,1,AD,Passing,
GX010030_C2_L.MP4,42055,23.3873,KAD_MaiDive_Transect 3,2.2172,,5.091,6.994,3104.704,28.034,,,1382.387,470.59,-2739.843,KAD_MaiDive,Peter,Acanthuridae,Ctenochaetus,striatus,37437022,1,AD,Passing,
GX010030_C2_L.MP4,42077,23.3995,KAD_MaiDive_Transect 3,2.2294,191.171,4.808,10.716,1869.614,23.729,73.427,14.093,750.797,-48.527,-1711.551,KAD_MaiDive,Peter,Acanthuridae,Acanthurus,sp,,1,AD,Passing,
GX010030_C2_L.MP4,42124,23.4256,KAD_MaiDive_Transect 3,2.2556,80.881,3.707,7.927,1927.252,23.985,34.341,15.175,777.041,99.688,-1760.843,KAD_MaiDive,Peter,Pomacentridae,Pomacentrus,callainus,temp_code_004,1,AD,Passing,
GX010030_C2_L.MP4,42212,23.4746,KAD_MaiDive_Transect 3,2.3045,21.284,1.702,1.627,1542.301,23.776,34.407,56.241,596.778,-174.602,-1411.405,KAD_MaiDive,Peter,Pomacentridae,Pomacentrus,coelestis,37372111,1,AD,Passing,
GX010030_C2_L.MP4,42358,23.5558,KAD_MaiDive_Transect 3,2.3857,,3.15,5.234,2197.798,19.099,,,410.971,-587.579,-2077.54,KAD_MaiDive,Peter,Pomacentridae,Pomacentrus,moluccensis,37372118,1,AD,Passing,
GX010030_C2_L.MP4,42394,23.5758,KAD_MaiDive_Transect 3,2.4057,74.844,3.194,10.531,1584.796,25.891,63.577,13.724,493.764,-484.858,-1425.723,KAD_MaiDive,Peter,Pomacentridae,Pomacentrus,moluccensis,37372118,1,AD,Passing,
GX010030_C2_L.MP4,42507,23.6386,KAD_MaiDive_Transect 3,2.4686,,17.921,2.245,5493.157,13.917,,,37.211,-1314.078,-5333.534,KAD_MaiDive,Peter,Scaridae,Chlorurus,spilurus,temp_code_002,1,AD,Passing,
GX010030_C2_L.MP4,42507,23.6386,KAD_MaiDive_Transect 3,2.4686,,21.121,1.37,5991.712,12.349,,,-90.499,-1271.016,-5854.651,KAD_MaiDive,Peter,Scaridae,Chlorurus,spilurus,temp_code_002,1,AD,Passing,
GX010030_C2_L.MP4,42507,23.6386,KAD_MaiDive_Transect 3,2.4686,,14.624,3.284,4929.465,12.52,,,258.925,-1030.857,-4813.514,KAD_MaiDive,Peter,Scaridae,Chlorurus,spilurus,temp_code_002,1,AD,Passing,
GX010030_C2_L.MP4,42588,23.6837,KAD_MaiDive_Transect 3,2.5136,112.249,9.116,10.687,3492.411,17.094,23.379,0.823,170.41,-1012.305,-3338.134,KAD_MaiDive,Peter,Acanthuridae,Ctenochaetus,striatus,37437022,1,AD,Passing,
GX010030_C2_L.MP4,42638,23.7115,KAD_MaiDive_Transect 3,2.5414,,9.759,4.74,4003.401,10.591,,,203.409,-702.286,-3936.069,KAD_MaiDive,Peter,Scaridae,Chlorurus,spilurus,temp_code_002,1,AD,Passing,
GX010030_C2_L.MP4,42670,23.7293,KAD_MaiDive_Transect 3,2.5592,301.861,15.714,7.314,3174.69,20.153,82.882,12.859,1058.719,274.661,-2980.324,KAD_MaiDive,Peter,Scaridae,Chlorurus,spilurus,temp_code_002,1,AD,Passing,
GX010030_C2_L.MP4,42715,23.7543,KAD_MaiDive_Transect 3,2.5842,175.851,15.448,5.465,3042.426,16.81,78.363,9.826,878.808,42.717,-2912.427,KAD_MaiDive,Peter,Scaridae,Chlorurus,spilurus,temp_code_002,1,AD,Passing,
GX010030_C2_L.MP4,42792,23.7971,KAD_MaiDive_Transect 3,2.6271,110.358,6.847,0.403,2291.853,25.661,78.75,13.254,991.049,52.927,-2065.82,KAD_MaiDive,Peter,Acanthuridae,Acanthurus,nigrofuscus,37437014,1,AD,Passing,
GX010030_C2_L.MP4,42792,23.7971,KAD_MaiDive_Transect 3,2.6271,189.766,6.738,5.678,2807.496,18.051,31.321,34.339,867.581,63.8,-2669.32,KAD_MaiDive,Peter,Scaridae,Chlorurus,spilurus,temp_code_002,1,AD,Passing,
GX010030_C2_L.MP4,42792,23.7971,KAD_MaiDive_Transect 3,2.6271,200.115,9.691,3.276,4259.976,15.618,14.637,29.832,-638.177,-952.919,-4102.691,KAD_MaiDive,Peter,Scaridae,Chlorurus,spilurus,temp_code_002,1,AD,Passing,
GX010030_C2_L.MP4,42792,23.7971,KAD_MaiDive_Transect 3,2.6271,199.539,17.533,6.535,3397.546,17.217,64.415,21.358,-244.579,-975.428,-3245.311,KAD_MaiDive,Peter,Scaridae,Chlorurus,spilurus,temp_code_002,1,AD,Passing,
GX010030_C2_L.MP4,42792,23.7971,KAD_MaiDive_Transect 3,2.6271,,10.665,3.397,4199.501,11.29,,,-259.029,-775.249,-4119.187,KAD_MaiDive,Peter,Chaetodontidae,Forcipiger,flavissimus,37365068,1,AD,Passing,
GX010030_C2_L.MP4,42857,23.8333,KAD_MaiDive_Transect 3,2.6632,151.901,6.904,8.606,2220.671,22.856,68.615,6.609,849.3,150.596,-2046.311,KAD_MaiDive,Peter,Scaridae,Chlorurus,spilurus,temp_code_002,1,AD,Passing,
GX010030_C2_L.MP4,42857,23.8333,KAD_MaiDive_Transect 3,2.6632,172.112,4.247,4.79,2033.492,17.645,40.005,35.076,20.042,-616.065,-1937.821,KAD_MaiDive,Peter,Scaridae,Chlorurus,spilurus,temp_code_002,1,AD,Passing,
GX010030_C2_L.MP4,42857,23.8333,KAD_MaiDive_Transect 3,2.6632,113.503,4.22,2.71,2049.988,14.563,33.302,22.523,114.216,-502.651,-1984.124,KAD_MaiDive,Peter,Acanthuridae,Ctenochaetus,striatus,37437022,1,AD,Passing,
GX010030_C2_L.MP4,42861,23.8355,KAD_MaiDive_Transect 3,2.6654,127.82,4.608,3.418,1822.946,23.96,71.106,0.461,738.669,49.198,-1665.857,KAD_MaiDive,Peter,Acanthuridae,Acanthurus,nigrofuscus,37437014,1,AD,Passing,
GX010030_C2_L.MP4,42916,23.8661,KAD_MaiDive_Transect 3,2.696,,5.248,8.646,2885.393,11.082,,,-128.365,-536.058,-2832.253,KAD_MaiDive,Peter,Pomacentridae,Pomacentrus,callainus,temp_code_004,1,AD,Passing,
GX010030_C2_L.MP4,42916,23.8661,KAD_MaiDive_Transect 3,2.696,,4.103,19.562,2526.586,8.308,,,161.749,-324.226,-2500.47,KAD_MaiDive,Peter,Pomacentridae,Pomacentrus,callainus,temp_code_004,1,AD,Passing,
GX010030_C2_L.MP4,43057,23.9445,KAD_MaiDive_Transect 3,2.7744,63.119,2.819,5.403,1792.601,24.5,27.551,17.007,565.29,-482.761,-1631.198,KAD_MaiDive,Peter,Pomacentridae,Pomacentrus,callainus,temp_code_004,1,AD,Passing,
GX010030_C2_L.MP4,43058,23.945,KAD_MaiDive_Transect 3,2.775,,12.15,2.75,4540.599,8.524,,,672.925,-6.646,-4490.453,KAD_MaiDive,Peter,Scaridae,Scarus,dimidiatus,37386013,1,AD,Passing,
GX010030_C2_L.MP4,43058,23.945,KAD_MaiDive_Transect 3,2.775,,10.242,8.758,4145.42,9.282,,,668.507,16.021,-4091.131,KAD_MaiDive,Peter,Scaridae,Scarus,dimidiatus,37386013,1,AD,Passing,
GX010030_C2_L.MP4,43102,23.9695,KAD_MaiDive_Transect 3,2.7995,103.88,4.234,3.568,3207.574,9.955,16.996,65.007,430.11,-349.968,-3159.282,KAD_MaiDive,Peter,Scaridae,Chlorurus,spilurus,temp_code_002,1,AD,Passing,
GX010030_C2_L.MP4,43102,23.9695,KAD_MaiDive_Transect 3,2.7995,203.889,7.443,13.976,3393.132,12.061,18.854,29.096,495.215,-507.369,-3318.235,KAD_MaiDive,Peter,Scaridae,Scarus,schlegeli,37386029,1,AD,Passing,
GX010030_C2_L.MP4,43156,23.9995,KAD_MaiDive_Transect 3,2.8295,,10.467,4.283,4190.824,6.792,,,350.249,-345.587,-4161.838,KAD_MaiDive,Peter,Chaetodontidae,Chaetodon,oxycephalus,37365048,1,AD,Passing,
GX010030_C2_L.MP4,43156,23.9995,KAD_MaiDive_Transect 3,2.8295,66.207,3.358,5.973,1716.996,18.029,48.281,33.604,525.6,-78.283,-1632.695,KAD_MaiDive,Peter,Pomacentridae,Chromis,ternatensis,37372051,1,AD,Passing,
GX010030_C2_L.MP4,43159,24.0012,KAD_MaiDive_Transect 3,2.8312,98.78,2.884,6.023,1643.759,23.087,40.957,16.18,299.47,-570.766,-1512.113,KAD_MaiDive,Peter,Acanthuridae,Acanthurus,nigrofuscus,37437014,1,AD,Passing,
GX010030_C2_L.MP4,43159,24.0012,KAD_MaiDive_Transect 3,2.8312,,1.772,6.302,1642.663,23.794,,,456.189,-478.877,-1503.632,KAD_MaiDive,Peter,Acanthuridae,Zebrasoma,scopas,37437036,1,AD,Passing,
GX010030_C2_L.MP4,51909,28.8672,KAD_MaiDive_Transect 4,0.4632,286.039,14.829,6.298,3481.461,26.322,68.986,10.471,-1430.453,-580.45,-3120.489,KAD_MaiDive,Peter,Scaridae,Chlorurus,spilurus,temp_code_002,1,AD,Passing,
GX010030_C2_L.MP4,51964,28.8978,KAD_MaiDive_Transect 4,0.4938,349.38,31.016,6.334,5627.691,22.666,37.625,7.875,-2087.252,588.55,-5193.062,KAD_MaiDive,Peter,Scaridae,Scarus,dimidiatus,37386013,1,AD,Passing,
GX010030_C2_L.MP4,51989,28.9117,KAD_MaiDive_Transect 4,0.5077,,10.027,4.234,4144.506,4.683,,,-294.055,-162.379,-4130.871,KAD_MaiDive,Peter,Acanthuridae,Ctenochaetus,sp,,1,AD,Passing,
GX010030_C2_L.MP4,51989,28.9117,KAD_MaiDive_Transect 4,0.5077,,8.597,1.92,3811.611,7.26,,,-474.983,-75.554,-3781.145,KAD_MaiDive,Peter,Pomacentridae,Pomacentrus,philippinus,37372123,1,AD,Passing,
GX010030_C2_L.MP4,52056,28.9489,KAD_MaiDive_Transect 4,0.545,,6.496,4.332,3230.697,16.711,,,98.854,-919.874,-3095.394,KAD_MaiDive,Peter,Pomacentridae,Amblyglyphidodon,orbicularis,temp_code_001,1,AD,Passing,
GX010030_C2_L.MP4,52056,28.9489,KAD_MaiDive_Transect 4,0.545,,4.749,1.802,2737.396,18.532,,,229.95,-835.899,-2596.484,KAD_MaiDive,Peter,Pomacentridae,Chromis,viridis,37372053,1,AD,Passing,
GX010030_C2_L.MP4,52056,28.9489,KAD_MaiDive_Transect 4,0.545,,5.041,1.779,2814.022,17.636,,,346.301,-775.774,-2682.717,KAD_MaiDive,Peter,Pomacentridae,Chromis,viridis,37372053,1,AD,Passing,
GX010030_C2_L.MP4,52056,28.9489,KAD_MaiDive_Transect 4,0.545,,4.445,0.656,2653.845,19.503,,,152.211,-869.744,-2502.653,KAD_MaiDive,Peter,Pomacentridae,Dascyllus,reticulatus,37372074,1,AD,Passing,
GX010030_C2_L.MP4,52056,28.9489,KAD_MaiDive_Transect 4,0.545,,4.102,1.099,2532.686,17.109,,,76.643,-738.163,-2421.515,KAD_MaiDive,Peter,Pomacentridae,Dascyllus,reticulatus,37372074,1,AD,Passing,
GX010030_C2_L.MP4,52056,28.9489,KAD_MaiDive_Transect 4,0.545,,4.946,1.401,2792.016,16.367,,,144.925,-769.99,-2679.826,KAD_MaiDive,Peter,Pomacentridae,Dascyllus,reticulatus,37372074,1,AD,Passing,
GX010030_C2_L.MP4,52056,28.9489,KAD_MaiDive_Transect 4,0.545,,4.883,0.395,2776.29,15.62,,,8.03,-744.227,-2674.668,KAD_MaiDive,Peter,Pomacentridae,Dascyllus,reticulatus,37372074,1,AD,Passing,
GX010030_C2_L.MP4,52056,28.9489,KAD_MaiDive_Transect 4,0.545,,4.308,1.787,2593.48,13.632,,,-64.64,-604.703,-2521.169,KAD_MaiDive,Peter,Pomacentridae,Dascyllus,reticulatus,37372074,1,AD,Passing,
GX010030_C2_L.MP4,52056,28.9489,KAD_MaiDive_Transect 4,0.545,,5.072,0.172,2829.824,13.205,,,-10.317,-642.981,-2755.789,KAD_MaiDive,Peter,Pomacentridae,Dascyllus,reticulatus,37372074,1,AD,Passing,
GX010030_C2_L.MP4,52056,28.9489,KAD_MaiDive_Transect 4,0.545,,4.921,4.946,2785.719,15.353,,,-234.61,-695.952,-2687.162,KAD_MaiDive,Peter,Pomacentridae,Dascyllus,aruanus,37372073,1,AD,Passing,
GX010030_C2_L.MP4,52056,28.9489,KAD_MaiDive_Transect 4,0.545,,4.633,3.575,2696.881,14.271,,,-19.161,-661.305,-2614.475,KAD_MaiDive,Peter,Pomacentridae,Dascyllus,reticulatus,37372074,1,AD,Passing,
GX010030_C2_L.MP4,52068,28.9556,KAD_MaiDive_Transect 4,0.5517,,4.1,2.985,2540.355,18.596,,,-173.289,-788.378,-2408.7,KAD_MaiDive,Peter,Pomacentridae,Dascyllus,aruanus,37372073,1,AD,Passing,
GX010030_C2_L.MP4,52147,28.9995,KAD_MaiDive_Transect 4,0.5956,81.257,6.464,7.123,3221.514,28.111,1.357,15.476,-1398.784,-589.468,-2841.493,KAD_MaiDive,Peter,Pomacentridae,Stegastes,lacrymatus,temp_code_006,1,AD,Passing,
GX010030_C2_L.MP4,52282,29.0746,KAD_MaiDive_Transect 4,0.6707,,4.528,16.301,2874.265,28.028,,,-1099.246,-781.615,-2538.136,KAD_MaiDive,Peter,Scaridae,Chlorurus,spilurus,temp_code_002,1,AD,Passing,
GX010030_C2_L.MP4,52401,29.1408,KAD_MaiDive_Transect 4,0.7368,64.178,3.253,4.374,2359.341,18.519,9.567,34.67,-667.373,-340.821,-2237.174,KAD_MaiDive,Peter,Pomacentridae,Pomacentrus,moluccensis,37372118,1,AD,Passing,
GX010030_C2_L.MP4,52449,29.1675,KAD_MaiDive_Transect 4,0.7635,,2.35,13.674,1930.56,23.912,,,-558.45,-545.985,-1765.53,KAD_MaiDive,Peter,Pomacentridae,Pomacentrus,moluccensis,37372118,1,AD,Passing,
GX010030_C2_L.MP4,52529,29.212,KAD_MaiDive_Transect 4,0.808,282.352,5.302,8.09,2728.044,12.105,18.3,15.313,-507.053,-264.866,-2667.39,KAD_MaiDive,Peter,Scaridae,Chlorurus,spilurus,temp_code_002,1,AD,Passing,
GX010030_C2_L.MP4,52621,29.2631,KAD_MaiDive_Transect 4,0.8592,,2.251,15.901,1882.415,23.576,,,-544.395,-517.986,-1725.923,KAD_MaiDive,Peter,Pomacentridae,Pomacentrus,moluccensis,37372118,1,AD,Passing,
GX010030_C2_L.MP4,52675,29.2932,KAD_MaiDive_Transect 4,0.8892,245.336,17.279,10.586,3666.44,25.461,74.986,6.195,-1515.88,-431.89,-3310.341,KAD_MaiDive,Peter,Scaridae,Scarus,schlegeli,37386029,1,AD,Passing,
GX010030_C2_L.MP4,52675,29.2932,KAD_MaiDive_Transect 4,0.8892,230.876,20.071,10.385,3672.41,19.22,76.154,16.064,-1156.823,-351.103,-3467.72,KAD_MaiDive,Peter,Scaridae,Scarus,schlegeli,37386029,1,AD,Passing,
GX010030_C2_L.MP4,52675,29.2932,KAD_MaiDive_Transect 4,0.8892,292.196,18.024,13.319,3575.461,18.807,64.847,16.453,-1139.91,-170.93,-3384.57,KAD_MaiDive,Peter,Scaridae,Scarus,schlegeli,37386029,1,AD,Passing,
GX010030_C2_L.MP4,52698,29.3059,KAD_MaiDive_Transect 4,0.902,93.968,4.49,6.823,2762.969,23.511,1.449,28.516,-1026.807,-400.736,-2533.59,KAD_MaiDive,Peter,Pomacentridae,Stegastes,lacrymatus,temp_code_006,1,AD,Passing,
GX010030_C2_L.MP4,52723,29.3198,KAD_MaiDive_Transect 4,0.9159,,4.186,0.396,2754.263,23.971,,,-1090.187,-249.093,-2517.024,KAD_MaiDive,Peter,Pomacentridae,Dascyllus,reticulatus,37372074,1,AD,Passing,
GX010030_C2_L.MP4,52723,29.3198,KAD_MaiDive_Transect 4,0.9159,210.915,16.062,4.454,3722.576,24.115,54.125,8.403,-1510.448,-178.048,-3397.707,KAD_MaiDive,Peter,Scaridae,Scarus,schlegeli,37386029,1,AD,Passing,
GX010030_C2_L.MP4,52723,29.3198,KAD_MaiDive_Transect 4,0.9159,238.66,15.612,3.096,3729.852,27.772,72.065,17.691,-1725.38,-208.684,-3300.199,KAD_MaiDive,Peter,Scaridae,Scarus,schlegeli,37386029,1,AD,Passing,
GX010030_C2_L.MP4,52796,29.3604,KAD_MaiDive_Transect 4,0.9565,,14.958,3.072,5229.462,26.793,,,1961.364,-1301.856,-4669.636,KAD_MaiDive,Peter,Acanthuridae,Ctenochaetus,sp,,1,AD,Passing,
GX010030_C2_L.MP4,52838,29.3838,KAD_MaiDive_Transect 4,0.9799,236.817,9.587,11.585,2745.854,26.541,85.037,12.851,-1157.003,-408.349,-2456.483,KAD_MaiDive,Peter,Scaridae,Scarus,schlegeli,37386029,1,AD,Passing,
GX010030_C2_L.MP4,52838,29.3838,KAD_MaiDive_Transect 4,0.9799,249.792,15.343,7.488,3432.826,25.801,78.184,5.311,-1383.125,-565.202,-3090.6,KAD_MaiDive,Peter,Scaridae,Scarus,schlegeli,37386029,1,AD,Passing,
GX010030_C2_L.MP4,52891,29.4133,KAD_MaiDive_Transect 4,1.0093,138.43,12.277,8.099,3522.361,19.238,34.584,12.559,-881.932,-754.44,-3325.664,KAD_MaiDive,Peter,Acanthuridae,Acanthurus,sp,,1,AD,Passing,
GX010030_C2_L.MP4,52939,29.44,KAD_MaiDive_Transect 4,1.036,,3.963,15.897,2485.272,18.719,,,259.522,-751.282,-2354.74,KAD_MaiDive,Peter,Pomacentridae,Pomacentrus,moluccensis,37372118,1,AD,Passing,
GX010030_C2_L.MP4,52969,29.4566,KAD_MaiDive_Transect 4,1.0527,51.505,3.762,3.08,2416.015,20.679,0.876,9.18,-809.683,-268.937,-2260.357,KAD_MaiDive,Peter,Pomacentridae,Pomacentrus,moluccensis,37372118,1,AD,Passing,
GX010030_C2_L.MP4,52969,29.4566,KAD_MaiDive_Transect 4,1.0527,77.764,6.555,2.363,2356.485,10.052,37.925,15.414,-203.358,-357.493,-2320.316,KAD_MaiDive,Peter,Pomacentridae,Pomacentrus,philippinus,37372123,1,AD,Passing,
GX010030_C2_L.MP4,52992,29.4694,KAD_MaiDive_Transect 4,1.0655,,4.09,13.667,2584.406,23.564,,,751.898,-705.654,-2369.78,KAD_MaiDive,Peter,Pomacentridae,Pomacentrus,moluccensis,37372118,1,AD,Passing,
GX010030_C2_L.MP4,53009,29.4789,KAD_MaiDive_Transect 4,1.075,,3.202,0.988,2207.518,17.114,,,372.971,-529.309,-2110.417,KAD_MaiDive,Peter,Pomacentridae,Pomacentrus,moluccensis,37372118,1,AD,Passing,
GX010030_C2_L.MP4,53009,29.4789,KAD_MaiDive_Transect 4,1.075,,3.257,3.231,2229.096,15.439,,,146.255,-572.456,-2149.366,KAD_MaiDive,Peter,Pomacentridae,Pomacentrus,coelestis,37372111,1,AD,Passing,
GX010030_C2_L.MP4,53009,29.4789,KAD_MaiDive_Transect 4,1.075,76.465,2.676,1.558,2292.031,15.598,10.342,22.005,221.746,-575.039,-2207.615,KAD_MaiDive,Peter,Labridae,Thalassoma,lunare,37384167,1,AD,Passing,
GX010030_C2_L.MP4,53023,29.4867,KAD_MaiDive_Transect 4,1.0827,,1.84,4.165,1634.943,15.786,,,-168.794,-409.571,-1573.785,KAD_MaiDive,Peter,Pomacentridae,Pomacentrus,moluccensis,37372118,1,AD,Passing,
GX010030_C2_L.MP4,53094,29.5262,KAD_MaiDive_Transect 4,1.1222,214.892,9.036,11.74,4012.162,15.479,11.279,7.366,864.681,-631.65,-3866.625,KAD_MaiDive,Peter,Scaridae,Scarus,schlegeli,37386029,1,AD,Passing,
GX010030_C2_L.MP4,53101,29.5301,KAD_MaiDive_Transect 4,1.1261,220.157,10.675,8.943,4071.67,30.969,19.382,27.386,1776.37,-1110.934,-3491.251,KAD_MaiDive,Peter,Scaridae,Scarus,schlegeli,37386029,1,AD,Passing,
GX010030_C2_L.MP4,53113,29.5367,KAD_MaiDive_Transect 4,1.1328,212.711,9.673,8.438,3420.827,17.607,25.351,15.191,706.268,-756.259,-3260.57,KAD_MaiDive,Peter,Labridae,Halichoeres,hortulanus,37384112,1,AD,Passing,
GX010030_C2_L.MP4,53113,29.5367,KAD_MaiDive_Transect 4,1.1328,235.371,16.002,3.024,3470.82,12.074,43.145,5.133,502.044,-524.419,-3394.043,KAD_MaiDive,Peter,Scaridae,Scarus,schlegeli,37386029,1,AD,Passing,
GX010030_C2_L.MP4,53206,29.5884,KAD_MaiDive_Transect 4,1.1845,,13.547,3.195,5157.438,31.332,,,2205.882,-1519.881,-4407.178,KAD_MaiDive,Peter,Pomacentridae,Pomacentrus,callainus,temp_code_004,1,AD,Passing,
GX010030_C2_L.MP4,53229,29.6012,KAD_MaiDive_Transect 4,1.1973,161.171,10.268,19.342,3652.342,22.849,32.622,42.613,959.904,-1043.985,-3365.751,KAD_MaiDive,Peter,Acanthuridae,Acanthurus,sp,,1,AD,Passing,
GX010030_C2_L.MP4,53229,29.6012,KAD_MaiDive_Transect 4,1.1973,48.304,4.387,13.379,2806.76,15.871,14.021,23.069,337.987,-689.152,-2699.765,KAD_MaiDive,Peter,Pomacentridae,Pomacentrus,moluccensis,37372118,1,AD,Passing,
GX010030_C2_L.MP4,53229,29.6012,KAD_MaiDive_Transect 4,1.1973,163.002,6.376,18.581,3038.973,15.992,21.47,33.409,546.691,-634.109,-2921.369,KAD_MaiDive,Peter,Scaridae,Scarus,sp,,1,AD,Passing,
GX010030_C2_L.MP4,53240,29.6074,KAD_MaiDive_Transect 4,1.2034,,8.665,11.15,3731.236,16.285,,,654.92,-811.552,-3582.539,KAD_MaiDive,Peter,Acanthuridae,Acanthurus,sp,,1,AD,Passing,
GX010030_C2_L.MP4,53305,29.6435,KAD_MaiDive_Transect 4,1.2396,128.19,9.623,7.593,2732.79,21.346,50.747,1.767,654.809,-748.835,-2545.312,KAD_MaiDive,Peter,Acanthuridae,Zebrasoma,scopas,37437036,1,AD,Passing,
GX010030_C2_L.MP4,53328,29.6563,KAD_MaiDive_Transect 4,1.2524,,1.915,6.426,1694.282,21.127,,,-260.228,-550.512,-1581.079,KAD_MaiDive,Peter,Pomacentridae,Pomacentrus,coelestis,37372111,1,AD,Passing,
GX010030_C2_L.MP4,53383,29.6869,KAD_MaiDive_Transect 4,1.2829,68.378,4.07,8.374,1950.332,21.481,38.626,2.045,-343.507,-626.163,-1814.861,KAD_MaiDive,Peter,Pomacentridae,Pomacentrus,moluccensis,37372118,1,AD,Passing,
GX010030_C2_L.MP4,53440,29.7186,KAD_MaiDive_Transect 4,1.3146,169.061,8.28,4.615,3218.764,29.955,37.995,31.168,1281.062,-970.523,-2788.801,KAD_MaiDive,Peter,Balistidae,Balistapus,undulatus,37465047,1,AD,Passing,
GX010030_C2_L.MP4,53484,29.743,KAD_MaiDive_Transect 4,1.3391,82.886,6.917,1.066,2559.37,25.685,49.926,27.696,753.557,-814.059,-2306.476,KAD_MaiDive,Peter,Chaetodontidae,Chaetodon,lunulatus,37365059,1,AD,Passing,
GX010030_C2_L.MP4,53520,29.7631,KAD_MaiDive_Transect 4,1.3591,,4.248,0.13,2772.476,23.946,,,-1085.031,301.335,-2533.481,KAD_MaiDive,Peter,Pomacentridae,Dascyllus,reticulatus,37372074,1,AD,Passing,
GX010030_C2_L.MP4,53627,29.8226,KAD_MaiDive_Transect 4,1.4186,,3.719,9.492,2688.99,27.883,,,-1236.386,232.778,-2376.517,KAD_MaiDive,Peter,Pomacentridae,Dascyllus,reticulatus,37372074,1,AD,Passing,
GX010030_C2_L.MP4,53627,29.8226,KAD_MaiDive_Transect 4,1.4186,,4.818,6.745,3030.245,25.695,,,-1287.081,267.358,-2730.261,KAD_MaiDive,Peter,Pomacentridae,Dascyllus,reticulatus,37372074,1,AD,Passing,
GX010030_C2_L.MP4,53627,29.8226,KAD_MaiDive_Transect 4,1.4186,,3.948,8.582,2769.775,27.289,,,-1258.046,175.861,-2461.31,KAD_MaiDive,Peter,Pomacentridae,Dascyllus,reticulatus,37372074,1,AD,Passing,
GX010030_C2_L.MP4,53745,29.8882,KAD_MaiDive_Transect 4,1.4843,,3.917,4.579,2456.35,16.437,,,366.59,-587.627,-2356.684,KAD_MaiDive,Peter,Pomacentridae,Dascyllus,aruanus,37372073,1,AD,Passing,
GX010030_C2_L.MP4,53745,29.8882,KAD_MaiDive_Transect 4,1.4843,,4.702,0.434,2712.498,16.925,,,530.274,-581.95,-2595.725,KAD_MaiDive,Peter,Pomacentridae,Dascyllus,reticulatus,37372074,1,AD,Passing,
GX010030_C2_L.MP4,53750,29.891,KAD_MaiDive_Transect 4,1.487,,3.758,0.03,2447.937,23.167,,,371.947,-885.557,-2251.631,KAD_MaiDive,Peter,Pomacentridae,Pomacentrus,moluccensis,37372118,1,AD,Passing,
GX010030_C2_L.MP4,53787,29.9115,KAD_MaiDive_Transect 4,1.5076,25.78,2.125,0.094,1745.931,23.573,17.199,5.287,377.576,-587.333,-1600.235,KAD_MaiDive,Peter,Pomacentridae,Dascyllus,aruanus,37372073,1,AD,Passing,
GX010030_C2_L.MP4,53787,29.9115,KAD_MaiDive_Transect 4,1.5076,,2.061,0.218,1776.039,23.238,,,337.988,-611.832,-1632.709,KAD_MaiDive,Peter,Pomacentridae,Dascyllus,aruanus,37372073,1,AD,Passing,
GX010030_C2_L.MP4,53787,29.9115,KAD_MaiDive_Transect 4,1.5076,,2.073,1.006,1782.987,23.387,,,341.812,-617.709,-1637.267,KAD_MaiDive,Peter,Pomacentridae,Dascyllus,aruanus,37372073,1,AD,Passing,
GX010030_C2_L.MP4,53787,29.9115,KAD_MaiDive_Transect 4,1.5076,,2.912,3.613,2116.212,20.445,,,307.937,-669.567,-1983.736,KAD_MaiDive,Peter,Pomacentridae,Dascyllus,aruanus,37372073,1,AD,Passing,
GX010030_C2_L.MP4,53787,29.9115,KAD_MaiDive_Transect 4,1.5076,,2.386,1.818,1900.208,20.419,,,350.806,-560.351,-1781.498,KAD_MaiDive,Peter,Pomacentridae,Dascyllus,aruanus,37372073,1,AD,Passing,
GX010030_C2_L.MP4,53787,29.9115,KAD_MaiDive_Transect 4,1.5076,,1.974,0.31,1763.996,26.071,,,467.068,-616.82,-1585.264,KAD_MaiDive,Peter,Pomacentridae,Dascyllus,aruanus,37372073,1,AD,Passing,
GX010030_C2_L.MP4,53912,29.9811,KAD_MaiDive_Transect 4,1.5771,165.543,4.345,5.367,3234.053,7.751,7.797,12.405,-325.956,-289.845,-3204.503,KAD_MaiDive,Peter,Scaridae,Scarus,schlegeli,37386029,1,AD,Passing,
GX010030_C2_L.MP4,53923,29.9872,KAD_MaiDive_Transect 4,1.5832,200.928,9.222,5.733,2665.74,25.726,78.531,6.015,-1149.398,-133.459,-2401.509,KAD_MaiDive,Peter,Acanthuridae,Acanthurus,nigrofuscus,37437014,1,AD,Passing,
GX010030_C2_L.MP4,54026,30.0445,KAD_MaiDive_Transect 4,1.6405,52.227,2.536,4.17,1615.454,16.366,29.542,7.638,-220.986,-397.955,-1549.996,KAD_MaiDive,Peter,Acanthuridae,Ctenochaetus,striatus,37437022,1,AD,Passing,
GX010030_C2_L.MP4,54026,30.0445,KAD_MaiDive_Transect 4,1.6405,44.706,2.618,4.63,1627.546,16.324,29.457,0.506,-277.88,-363.367,-1561.939,KAD_MaiDive,Peter,Pomacentridae,Pomacentrus,moluccensis,37372118,1,AD,Passing,
GX010030_C2_L.MP4,54075,30.0717,KAD_MaiDive_Transect 4,1.6678,124.903,6.39,7.013,3170.39,19.055,19.887,18.621,-150.72,-1024.033,-2996.667,KAD_MaiDive,Peter,Labridae,Thalassoma,lunare,37384167,1,AD,Passing,
GX010030_C2_L.MP4,54082,30.0756,KAD_MaiDive_Transect 4,1.6717,299.18,22.828,11.498,4429.318,15.524,58.53,45.358,-303.303,-1145.989,-4267.737,KAD_MaiDive,Peter,Scaridae,Scarus,sp,,1,AD,Passing,
GX010030_C2_L.MP4,54227,30.1562,KAD_MaiDive_Transect 4,1.7523,57.571,2.406,1.343,1917.67,17.219,5.295,19.972,-537.445,-182.769,-1831.723,KAD_MaiDive,Peter,Pomacentridae,Pomacentrus,callainus,temp_code_004,1,AD,Passing,
GX010030_C2_L.MP4,54238,30.1624,KAD_MaiDive_Transect 4,1.7584,,2.566,2.693,1992.46,21.121,,,-451.9,-555.612,-1859.295,KAD_MaiDive,Peter,Pomacentridae,Pomacentrus,moluccensis,37372118,1,AD,Passing,
GX010030_C2_L.MP4,54238,30.1624,KAD_MaiDive_Transect 4,1.7584,,2.198,7.771,1883.199,25.873,,,-589.968,-569.994,-1695.135,KAD_MaiDive,Peter,Pomacentridae,Pomacentrus,coelestis,37372111,1,AD,Passing,
GX010030_C2_L.MP4,54250,30.169,KAD_MaiDive_Transect 4,1.7651,302.231,12.409,10.946,4519.213,24.345,18.603,39.134,1202.736,-1422.652,-4117.375,KAD_MaiDive,Peter,Scaridae,Chlorurus,spilurus,temp_code_002,1,AD,Passing,
GX010030_C2_L.MP4,54250,30.169,KAD_MaiDive_Transect 4,1.7651,130.801,8.615,6.656,3284.776,25.176,28.726,23.506,1015.704,-959.612,-2972.75,KAD_MaiDive,Peter,Scaridae,Chlorurus,spilurus,temp_code_002,1,AD,Passing,
GX010030_C2_L.MP4,54308,30.2013,KAD_MaiDive_Transect 4,1.7974,150.769,5.027,3.445,2785.599,29.647,4.68,18.072,1221.801,-637.081,-2420.929,KAD_MaiDive,Peter,Scaridae,Chlorurus,spilurus,temp_code_002,1,AD,Passing,
GX010030_C2_L.MP4,54360,30.2302,KAD_MaiDive_Transect 4,1.8263,150.011,7.899,11.249,3771.494,26.096,8.12,31.439,1258.192,-1081.3,-3387.021,KAD_MaiDive,Peter,Acanthuridae,Zebrasoma,scopas,37437036,1,AD,Passing,
GX010030_C2_L.MP4,54385,30.2441,KAD_MaiDive_Transect 4,1.8402,247.564,11.268,11.374,3515.677,24.012,33.363,6.854,-1199.702,-779.394,-3211.424,KAD_MaiDive,Peter,Scaridae,Scarus,schlegeli,37386029,1,AD,Passing,
GX010030_C2_L.MP4,54391,30.2474,KAD_MaiDive_Transect 4,1.8435,143.157,14.162,9.165,3380.772,15.836,47.702,23.657,-590.781,-708.581,-3252.463,KAD_MaiDive,Peter,Acanthuridae,Ctenochaetus,striatus,37437022,1,AD,Passing,
GX010030_C2_L.MP4,54391,30.2474,KAD_MaiDive_Transect 4,1.8435,227.219,16.843,5.231,3842.243,15.746,38.51,7.235,-549.053,-886.41,-3698.06,KAD_MaiDive,Peter,Scaridae,Scarus,schlegeli,37386029,1,AD,Passing,
GX010030_C2_L.MP4,54412,30.2591,KAD_MaiDive_Transect 4,1.8552,166.645,12.616,1.587,3806.252,22.504,31.873,18.711,-1148.83,-895.821,-3516.426,KAD_MaiDive,Peter,Acanthuridae,Ctenochaetus,striatus,37437022,1,AD,Passing,
GX010030_C2_L.MP4,54412,30.2591,KAD_MaiDive_Transect 4,1.8552,293.439,10.056,6.266,2860.322,27.537,80.207,14.21,-1207.874,-538.235,-2536.293,KAD_MaiDive,Peter,Scaridae,Scarus,schlegeli,37386029,1,AD,Passing,
GX010030_C2_L.MP4,54488,30.3014,KAD_MaiDive_Transect 4,1.8975,203.36,8.24,17.247,2523.437,25.013,67.762,10.673,-921.497,-537.828,-2286.77,KAD_MaiDive,Peter,Scaridae,Chlorurus,spilurus,temp_code_002,1,AD,Passing,
GX010030_C2_L.MP4,54515,30.3164,KAD_MaiDive_Transect 4,1.9125,115.861,1.987,3.21,1863.162,11.906,12.216,8.444,64.194,-378.994,-1823.078,KAD_MaiDive,Peter,Acanthuridae,Ctenochaetus,striatus,37437022,1,AD,Passing,
GX010030_C2_L.MP4,54608,30.3681,KAD_MaiDive_Transect 4,1.9642,169.683,14.296,2.399,3571.148,15.754,42.744,30.411,-26.424,-969.222,-3437.005,KAD_MaiDive,Peter,Labridae,Halichoeres,hortulanus,37384112,1,AD,Passing,
GX010030_C2_L.MP4,54623,30.3765,KAD_MaiDive_Transect 4,1.9725,,9.512,0.218,4020.893,25.496,,,1067.835,-1357.672,-3630.983,KAD_MaiDive,Peter,Scaridae,Scarus,schlegeli,37386029,1,AD,Passing,
GX010030_C2_L.MP4,54623,30.3765,KAD_MaiDive_Transect 4,1.9725,,13.409,7.441,4812.143,25.271,,,1430.423,-1469.082,-4353.436,KAD_MaiDive,Peter,Scaridae,Scarus,schlegeli,37386029,1,AD,Passing,
GX010030_C2_L.MP4,54623,30.3765,KAD_MaiDive_Transect 4,1.9725,,11.807,2.002,4600.262,27.389,,,1595.948,-1384.802,-4086.28,KAD_MaiDive,Peter,Scaridae,Scarus,schlegeli,37386029,1,AD,Passing,
GX010030_C2_L.MP4,54623,30.3765,KAD_MaiDive_Transect 4,1.9725,,13.527,2.457,4713.179,18.598,,,1028.732,-1090.455,-4468.408,KAD_MaiDive,Peter,Scaridae,Scarus,schlegeli,37386029,1,AD,Passing,
GX010030_C2_L.MP4,54691,30.4143,KAD_MaiDive_Transect 4,2.0103,,6.276,1.699,3235.537,12.856,,,-709.613,-117.421,-3154.577,KAD_MaiDive,Peter,Acanthuridae,Ctenochaetus,sp,,1,AD,Passing,
GX010030_C2_L.MP4,54705,30.4221,KAD_MaiDive_Transect 4,2.0181,160.413,6.126,9.717,2990.076,26.28,9.277,10.019,-1314.076,160.994,-2681.014,KAD_MaiDive,Peter,Labridae,Halichoeres,hortulanus,37384112,1,AD,Passing,
GX010030_C2_L.MP4,54735,30.4387,KAD_MaiDive_Transect 4,2.0348,185.922,14.96,12.137,3880.248,7.683,28.991,0.251,-518.732,-5.927,-3845.414,KAD_MaiDive,Peter,Labridae,Halichoeres,hortulanus,37384112,1,AD,Passing,
GX010030_C2_L.MP4,54756,30.4504,KAD_MaiDive_Transect 4,2.0465,273.217,7.845,4.06,3723.887,14.388,10.283,14.336,-909.626,-169.665,-3607.094,KAD_MaiDive,Peter,Scaridae,Chlorurus,spilurus,temp_code_002,1,AD,Passing,
GX010030_C2_L.MP4,54897,30.5288,KAD_MaiDive_Transect 4,2.1249,44.603,1.807,5.517,1105.536,20.474,71.479,7.579,48.274,-383.678,-1035.698,KAD_MaiDive,Peter,Pomacentridae,Pomacentrus,moluccensis,37372118,1,AD,Passing,
GX010030_C2_L.MP4,54916,30.5394,KAD_MaiDive_Transect 4,2.1355,,3.45,10.489,2539.224,27.123,,,-1107.507,339.746,-2259.57,KAD_MaiDive,Peter,Pomacentridae,Pomacentrus,sp,,1,AD,Passing,
GX010030_C2_L.MP4,54956,30.5616,KAD_MaiDive_Transect 4,2.1577,52.889,5.19,2.817,1773.278,20.246,83.183,3.379,30.514,-612.877,-1663.72,KAD_MaiDive,Peter,Pomacentridae,Pomacentrus,coelestis,37372111,1,AD,Passing,
GX010030_C2_L.MP4,54956,30.5616,KAD_MaiDive_Transect 4,2.1577,,3.004,0.678,2164.289,21.59,,,526.363,-595.136,-2013.182,KAD_MaiDive,Peter,Pomacentridae,Pomacentrus,moluccensis,37372118,1,AD,Passing,
GX010030_C2_L.MP4,55003,30.5878,KAD_MaiDive_Transect 4,2.1838,58.762,4.919,8.898,2315.447,25.243,33.336,15.175,-943.699,-290.666,-2094.335,KAD_MaiDive,Peter,Chaetodontidae,Chaetodon,baronessa,37365034,1,AD,Passing,
GX010030_C2_L.MP4,55003,30.5878,KAD_MaiDive_Transect 4,2.1838,49.674,3.712,5.052,2185.327,22.437,17.007,10.257,-789.206,-269.877,-2019.894,KAD_MaiDive,Peter,Pomacentridae,Pomacentrus,moluccensis,37372118,1,AD,Passing,
GX010030_C2_L.MP4,55055,30.6167,KAD_MaiDive_Transect 4,2.2128,387.081,20.883,3.726,3926.573,23.884,78.983,8.561,-1582.609,-151.272,-3590.326,KAD_MaiDive,Peter,Scaridae,Chlorurus,spilurus,temp_code_002,1,AD,Passing,
GX010030_C2_L.MP4,55081,30.6312,KAD_MaiDive_Transect 4,2.2272,166.145,11.016,7.887,3316.47,26.925,42.933,9.51,1497.43,-113.894,-2956.976,KAD_MaiDive,Peter,Scaridae,Chlorurus,spilurus,temp_code_002,1,AD,Passing,
GX010030_C2_L.MP4,55081,30.6312,KAD_MaiDive_Transect 4,2.2272,196.884,11.253,6.704,3238.657,20.801,37.581,4.824,1078.698,-399.036,-3027.553,KAD_MaiDive,Peter,Scaridae,Scarus,schlegeli,37386029,1,AD,Passing,
GX010030_C2_L.MP4,55094,30.6384,KAD_MaiDive_Transect 4,2.2345,165.772,15.221,12.622,3363.248,23.484,64.203,3.43,1247.912,-488.772,-3084.681,KAD_MaiDive,Peter,Acanthuridae,Acanthurus,nigrofuscus,37437014,1,AD,Passing,
GX010030_C2_L.MP4,55151,30.6701,KAD_MaiDive_Transect 4,2.2662,57.65,1.99,9.789,1620.611,18.92,18.363,3.323,-292.514,-436.544,-1533.051,KAD_MaiDive,Peter,Pomacentridae,Pomacentrus,moluccensis,37372118,1,AD,Passing,
GX010030_C2_L.MP4,55151,30.6701,KAD_MaiDive_Transect 4,2.2662,52.311,3.558,5.837,1693.079,20.457,48.041,11.441,-206.901,-554.39,-1586.304,KAD_MaiDive,Peter,Pomacentridae,Pomacentrus,moluccensis,37372118,1,AD,Passing,
GX010030_C2_L.MP4,55230,30.714,KAD_MaiDive_Transect 4,2.3101,,6.989,5.358,3698.182,26.557,,,-1574.066,510.165,-3307.356,KAD_MaiDive,Peter,Pomacentridae,Dascyllus,reticulatus,37372074,1,AD,Passing,
GX010030_C2_L.MP4,55230,30.714,KAD_MaiDive_Transect 4,2.3101,,8.813,4.618,4169.917,27.559,,,-1766.542,780.08,-3695.81,KAD_MaiDive,Peter,Pomacentridae,Dascyllus,reticulatus,37372074,1,AD,Passing,
GX010030_C2_L.MP4,55230,30.714,KAD_MaiDive_Transect 4,2.3101,,7.135,10.333,3852.444,29.776,,,-1809.485,625.278,-3343.07,KAD_MaiDive,Peter,Pomacentridae,Dascyllus,reticulatus,37372074,1,AD,Passing,
GX010030_C2_L.MP4,55230,30.714,KAD_MaiDive_Transect 4,2.3101,,7.533,5.164,3895.144,28.827,,,-1731.713,731.161,-3411.556,KAD_MaiDive,Peter,Pomacentridae,Dascyllus,reticulatus,37372074,1,AD,Passing,
GX010030_C2_L.MP4,55230,30.714,KAD_MaiDive_Transect 4,2.3101,,8.86,3.373,4150.403,26.773,,,-1709.413,761.658,-3704.542,KAD_MaiDive,Peter,Pomacentridae,Dascyllus,reticulatus,37372074,1,AD,Passing,
GX010030_C2_L.MP4,55230,30.714,KAD_MaiDive_Transect 4,2.3101,,8.384,6.478,3900.823,22.339,,,-1365.469,582.188,-3607.35,KAD_MaiDive,Peter,Pomacentridae,Dascyllus,reticulatus,37372074,1,AD,Passing,
GX010030_C2_L.MP4,55230,30.714,KAD_MaiDive_Transect 4,2.3101,,10.595,3.762,4404.218,22.942,,,-1543.78,755.943,-4054.926,KAD_MaiDive,Peter,Pomacentridae,Dascyllus,reticulatus,37372074,1,AD,Passing,
GX010030_C2_L.MP4,55230,30.714,KAD_MaiDive_Transect 4,2.3101,,11.334,1.457,4581.791,23.71,,,-1650.794,823.174,-4194.052,KAD_MaiDive,Peter,Pomacentridae,Dascyllus,reticulatus,37372074,1,AD,Passing,
GX010030_C2_L.MP4,55230,30.714,KAD_MaiDive_Transect 4,2.3101,,6.608,11.636,3735.68,30.488,,,-1804.29,584.229,-3218.466,KAD_MaiDive,Peter,Pomacentridae,Dascyllus,reticulatus,37372074,1,AD,Passing,
GX010030_C2_L.MP4,55230,30.714,KAD_MaiDive_Transect 4,2.3101,,9.503,3.527,4275.232,25.805,,,-1711.648,735.337,-3848.007,KAD_MaiDive,Peter,Pomacentridae,Dascyllus,reticulatus,37372074,1,AD,Passing,
GX010030_C2_L.MP4,55230,30.714,KAD_MaiDive_Transect 4,2.3101,,9.611,0.379,4250.295,24.82,,,-1615.151,762.67,-3856.765,KAD_MaiDive,Peter,Pomacentridae,Dascyllus,reticulatus,37372074,1,AD,Passing,
GX010030_C2_L.MP4,55230,30.714,KAD_MaiDive_Transect 4,2.3101,,9.53,0.232,4288.311,26.543,,,-1728.44,832.272,-3835.287,KAD_MaiDive,Peter,Pomacentridae,Dascyllus,reticulatus,37372074,1,AD,Passing,
GX010030_C2_L.MP4,55230,30.714,KAD_MaiDive_Transect 4,2.3101,,5.684,3.287,3230.865,23.149,,,-1231.269,315.502,-2970.341,KAD_MaiDive,Peter,Pomacentridae,Pomacentrus,moluccensis,37372118,1,AD,Passing,
GX010030_C2_L.MP4,55420,30.8197,KAD_MaiDive_Transect 4,2.4157,,2.55,1.177,2076.176,23.207,,,-801.717,165.352,-1907.987,KAD_MaiDive,Peter,Pomacentridae,Pomacentrus,moluccensis,37372118,1,AD,Passing,
GX010030_C2_L.MP4,55441,30.8314,KAD_MaiDive_Transect 4,2.4274,37.39,3.384,6.979,2161.657,26.393,8.095,8.042,-912.347,301.576,-1936.347,KAD_MaiDive,Peter,Pomacentridae,Pomacentrus,callainus,temp_code_004,1,AD,Passing,
GX010030_C2_L.MP4,55485,30.8558,KAD_MaiDive_Transect 4,2.4519,70.921,4.842,3.807,2960.708,22.654,14.291,15.516,513.772,-1018.079,-2732.278,KAD_MaiDive,Peter,Pomacentridae,Stegastes,lacrymatus,temp_code_006,1,AD,Passing,
GX010030_C2_L.MP4,55517,30.8736,KAD_MaiDive_Transect 4,2.4697,,9.183,18.744,4284.14,27.1,,,-1853.558,-606.169,-3814.543,KAD_MaiDive,Peter,Scaridae,Scarus,dimidiatus,37386013,1,AD,Passing,
GX010030_C2_L.MP4,55557,30.8959,KAD_MaiDive_Transect 4,2.4919,,10.791,7.482,4234.359,23.427,,,699.795,-1526.36,-3887.198,KAD_MaiDive,Peter,Chaetodontidae,Chaetodon,mertensii,37365044,1,AD,Passing,
GX010030_C2_L.MP4,55636,30.9398,KAD_MaiDive_Transect 4,2.5359,67.983,1.844,14.302,1547.849,22.513,31.788,50.824,-527.594,-269.973,-1429.894,KAD_MaiDive,Peter,Pomacentridae,Pomacentrus,callainus,temp_code_004,1,AD,Passing,
GX010030_C2_L.MP4,55653,30.9493,KAD_MaiDive_Transect 4,2.5453,,4.587,1.721,2709.272,22.463,,,497.599,-904.642,-2504.83,KAD_MaiDive,Peter,Pomacentridae,Pomacentrus,moluccensis,37372118,1,AD,Passing,
GX010030_C2_L.MP4,55653,30.9493,KAD_MaiDive_Transect 4,2.5453,206.347,13.702,8.502,4088.702,24.466,27.829,0.422,1148.208,-1244.605,-3721.566,KAD_MaiDive,Peter,Scaridae,Scarus,schlegeli,37386029,1,AD,Passing,
GX010030_C2_L.MP4,55653,30.9493,KAD_MaiDive_Transect 4,2.5453,,11.355,7.509,4583.539,29.069,,,1730.928,-1396.208,-4007.908,KAD_MaiDive,Peter,Scaridae,Scarus,schlegeli,37386029,1,AD,Passing,
GX010030_C2_L.MP4,55653,30.9493,KAD_MaiDive_Transect 4,2.5453,,10.77,8.878,4349.676,26.073,,,1439.998,-1252.636,-3908.579,KAD_MaiDive,Peter,Scaridae,Scarus,schlegeli,37386029,1,AD,Passing,
GX010030_C2_L.MP4,55952,31.1155,KAD_MaiDive_Transect 4,2.7116,250.206,12.494,15.575,3404.91,21.967,49.611,25.165,-1270.705,87.321,-3157.705,KAD_MaiDive,Peter,Labridae,Halichoeres,hortulanus,37384112,1,AD,Passing,
GX010030_C2_L.MP4,55991,31.1372,KAD_MaiDive_Transect 4,2.7333,189.537,10.221,7.144,3048.779,24.569,75.316,37.867,1213.353,-367.066,-2772.741,KAD_MaiDive,Peter,Pomacanthidae,Pygoplites,diacanthus,37365082,1,AD,Passing,
GX010030_C2_L.MP4,56094,31.1945,KAD_MaiDive_Transect 4,2.7906,112.671,5.459,4.183,2056.492,23.073,60.676,15.558,788.224,-168.116,-1891.983,KAD_MaiDive,Peter,Acanthuridae,Zebrasoma,scopas,37437036,1,AD,Passing,
GX010030_C2_L.MP4,56123,31.2106,KAD_MaiDive_Transect 4,2.8067,162.227,2.706,9.187,2015.436,17.359,12.412,13.959,-465.402,-380.774,-1923.641,KAD_MaiDive,Peter,Pomacanthidae,Pygoplites,diacanthus,37365082,1,AD,Passing,
GX010030_C2_L.MP4,56143,31.2217,KAD_MaiDive_Transect 4,2.8178,83.133,2.37,5.789,1708.229,26.722,15.295,0.719,667.111,-380.767,-1525.786,KAD_MaiDive,Peter,Chaetodontidae,Chaetodon,rafflesii,37365052,1,AD,Passing,
GX010030_C2_L.MP4,56152,31.2268,KAD_MaiDive_Transect 4,2.8228,,1.863,0.809,1702.216,25.491,,,416.329,-600.9,-1537.247,KAD_MaiDive,Peter,Chaetodontidae,Chaetodon,rafflesii,37365052,1,AD,Passing,
GX010030_C2_L.MP4,56152,31.2268,KAD_MaiDive_Transect 4,2.8228,22.034,1.031,10.149,1210.831,15.338,6.466,6.804,-174.653,-268.477,-1167.702,KAD_MaiDive,Peter,Pomacentridae,Pomacentrus,moluccensis,37372118,1,AD,Passing,
GX010030_C2_L.MP4,56152,31.2268,KAD_MaiDive_Transect 4,2.8228,,0.924,7.657,1124.731,19.665,,,-155.029,-343.99,-1059.555,KAD_MaiDive,Peter,Pomacentridae,Pomacentrus,moluccensis,37372118,1,AD,Passing,
GX010030_C2_L.MP4,56152,31.2268,KAD_MaiDive_Transect 4,2.8228,,2.396,4.164,1933.718,24.035,,,404.982,-673.325,-1766.887,KAD_MaiDive,Peter,Pomacentridae,Stegastes,lacrymatus,temp_code_006,1,AD,Passing,
GX010030_C2_L.MP4,56158,31.2301,KAD_MaiDive_Transect 4,2.8262,,5.229,4.306,2905.93,14.991,,,-614.78,-429.072,-2807.557,KAD_MaiDive,Peter,Scaridae,Scarus,dimidiatus,37386013,1,AD,Passing,
GX020030_C2_L.MP4,954,36.8335,KAD_MaiDive_Transect 5,0.4488,,4.711,6.881,2720.458,17.359,,,215.125,-779.437,-2597.516,KAD_MaiDive,Peter,Acanthuridae,Acanthurus,sp,,1,AD,Passing,
GX020030_C2_L.MP4,954,36.8335,KAD_MaiDive_Transect 5,0.4488,,3.936,6.008,2479.667,19.82,,,350.452,-761.384,-2333.715,KAD_MaiDive,Peter,Pomacentridae,Pomacentrus,maafu,temp_code_005,1,AD,Passing,
GX020030_C2_L.MP4,954,36.8335,KAD_MaiDive_Transect 5,0.4488,,4.778,3.643,2734.658,17.834,,,435.879,-711.937,-2604.133,KAD_MaiDive,Peter,Pomacentridae,Pomacentrus,coelestis,37372111,1,AD,Passing,
GX020030_C2_L.MP4,972,36.8435,KAD_MaiDive_Transect 5,0.4588,33.834,2.75,3.621,1903.079,26.618,16.547,3.944,671.949,-524.91,-1701.371,KAD_MaiDive,Peter,Pomacentridae,Pomacentrus,coelestis,37372111,1,AD,Passing,
GX020030_C2_L.MP4,999,36.8585,KAD_MaiDive_Transect 5,0.4738,,4.902,3.47,2804.51,19.984,,,-137.939,-945.27,-2636.8,KAD_MaiDive,Peter,Pomacentridae,Pomacentrus,coelestis,37372111,1,AD,Passing,
GX020030_C2_L.MP4,1039,36.8807,KAD_MaiDive_Transect 5,0.4961,,4.05,1.251,2571.198,24.102,,,716.478,-764.632,-2347.989,KAD_MaiDive,Peter,Pomacentridae,Pomacentrus,maafu,temp_code_005,1,AD,Passing,
GX020030_C2_L.MP4,1099,36.9141,KAD_MaiDive_Transect 5,0.5294,,10.125,6.557,4590.89,29.449,,,-2113.971,-785.988,-3998.703,KAD_MaiDive,Peter,Scaridae,Scarus,dimidiatus,37386013,1,AD,Passing,
GX020030_C2_L.MP4,1130,36.9313,KAD_MaiDive_Transect 5,0.5467,,2.054,6.088,1763.412,20.749,,,-100.798,-614.531,-1649.792,KAD_MaiDive,Peter,Pomacentridae,Pomacentrus,coelestis,37372111,1,AD,Passing,
GX020030_C2_L.MP4,1193,36.9664,KAD_MaiDive_Transect 5,0.5817,,18.512,6.121,5599.368,8.958,,,459.551,-734.116,-5531.98,KAD_MaiDive,Peter,Scaridae,Scarus,dimidiatus,37386013,1,AD,Passing,
GX020030_C2_L.MP4,1240,36.9925,KAD_MaiDive_Transect 5,0.6078,,4.413,2.143,2627.334,17.371,,,555.043,-551.191,-2508.186,KAD_MaiDive,Peter,Pomacentridae,Pomacentrus,coelestis,37372111,1,AD,Passing,
GX020030_C2_L.MP4,1275,37.012,KAD_MaiDive_Transect 5,0.6273,258.966,18.619,2.833,3775.277,23.744,67.747,1.535,-1514.85,-126.401,-3455.715,KAD_MaiDive,Peter,Scaridae,Chlorurus,spilurus,temp_code_002,1,AD,Passing,
GX020030_C2_L.MP4,1288,37.0192,KAD_MaiDive_Transect 5,0.6345,225.529,12.994,7.893,4583.104,18.918,10.955,11.626,-1485.468,36.065,-4335.542,KAD_MaiDive,Peter,Scaridae,Scarus,sp,,1,AD,Passing,
GX020030_C2_L.MP4,1288,37.0192,KAD_MaiDive_Transect 5,0.6345,169.945,9.37,4.885,4716.266,11.985,3.084,9.24,-941.918,268.226,-4613.459,KAD_MaiDive,Peter,Scaridae,Scarus,sp,,1,AD,Passing,
GX020030_C2_L.MP4,1288,37.0192,KAD_MaiDive_Transect 5,0.6345,,12.092,0.694,4860.444,23.086,,,-1891.254,240.746,-4470.919,KAD_MaiDive,Peter,Scaridae,Scarus,sp,,1,AD,Passing,
GX020030_C2_L.MP4,1342,37.0492,KAD_MaiDive_Transect 5,0.6646,242.276,23.726,1.724,5075.455,24.076,32.871,11.118,2037.489,368.486,-4633.908,KAD_MaiDive,Peter,Scaridae,Scarus,dimidiatus,37386013,1,AD,Passing,
GX020030_C2_L.MP4,1342,37.0492,KAD_MaiDive_Transect 5,0.6646,252.295,13.017,12.167,5077.007,16.18,3.527,1.414,1302.334,552.692,-4875.905,KAD_MaiDive,Peter,Scaridae,Scarus,dimidiatus,37386013,1,AD,Passing,
GX020030_C2_L.MP4,1342,37.0492,KAD_MaiDive_Transect 5,0.6646,275.882,16.5,3.208,5323.552,12.34,14.107,5.562,919.978,669.368,-5200.557,KAD_MaiDive,Peter,Scaridae,Scarus,dimidiatus,37386013,1,AD,Passing,
GX020030_C2_L.MP4,1355,37.0565,KAD_MaiDive_Transect 5,0.6718,256.609,17.521,18.938,4970.388,26.879,13.176,4.497,2243.691,124.099,-4433.419,KAD_MaiDive,Peter,Scaridae,Scarus,dimidiatus,37386013,1,AD,Passing,
GX020030_C2_L.MP4,1498,37.136,KAD_MaiDive_Transect 5,0.7513,,2.223,2.944,1921.55,25.572,,,768.289,-310.419,-1733.703,KAD_MaiDive,Peter,Pomacentridae,Pomacentrus,maafu,temp_code_005,1,AD,Passing,
GX020030_C2_L.MP4,1498,37.136,KAD_MaiDive_Transect 5,0.7513,,3.106,2.299,2326.999,25.615,,,955.906,-310.92,-2098.689,KAD_MaiDive,Peter,Pomacentridae,Pomacentrus,coelestis,37372111,1,AD,Passing,
GX020030_C2_L.MP4,1530,37.1538,KAD_MaiDive_Transect 5,0.7691,,2.281,6.956,1880.623,20.542,,,-549.269,-363.603,-1761.488,KAD_MaiDive,Peter,Pomacentridae,Pomacentrus,coelestis,37372111,1,AD,Passing,
GX020030_C2_L.MP4,1724,37.2617,KAD_MaiDive_Transect 5,0.877,,1.939,1.077,1710.51,22.045,,,439.281,-466.262,-1586.025,KAD_MaiDive,Peter,Pomacentridae,Pomacentrus,coelestis,37372111,1,AD,Passing,
GX020030_C2_L.MP4,1724,37.2617,KAD_MaiDive_Transect 5,0.877,75.787,1.385,5.833,1320.521,25.874,15.78,0.809,379.046,-434.06,-1188.147,KAD_MaiDive,Peter,Labridae,Thalassoma,hardwicke,37384165,1,AD,Passing,
GX020030_C2_L.MP4,1776,37.2906,KAD_MaiDive_Transect 5,0.9059,,3.696,3.274,2532.9,26.565,,,962.177,-594.956,-2266.236,KAD_MaiDive,Peter,Pomacentridae,Pomacentrus,maafu,temp_code_005,1,AD,Passing,
GX020030_C2_L.MP4,1845,37.329,KAD_MaiDive_Transect 5,0.9443,221.839,11.397,6.016,3235.015,26.175,52.045,13.214,-1236.704,-711.991,-2903.266,KAD_MaiDive,Peter,Scaridae,Chlorurus,spilurus,temp_code_002,1,AD,Passing,
GX020030_C2_L.MP4,1845,37.329,KAD_MaiDive_Transect 5,0.9443,,9.336,4.755,4049.199,23.036,,,-1258.154,-958.522,-3727.505,KAD_MaiDive,Peter,Pomacentridae,Pomacentrus,coelestis,37372111,1,AD,Passing,
GX020030_C2_L.MP4,1885,37.3512,KAD_MaiDive_Transect 5,0.9665,185.546,7.062,14.77,2834.035,25.578,31.227,5.983,-1064.309,-603.65,-2556.288,KAD_MaiDive,Peter,Scaridae,Chlorurus,spilurus,temp_code_002,1,AD,Passing,
GX020030_C2_L.MP4,1946,37.3851,KAD_MaiDive_Transect 5,1.0004,142.11,8.797,8.582,3318.834,28.46,26.015,3.629,1408.329,-719.765,-2917.739,KAD_MaiDive,Peter,Nemipteridae,Scolopsis,bilineata,37347031,1,AD,Passing,
GX020030_C2_L.MP4,1968,37.3974,KAD_MaiDive_Transect 5,1.0127,168.993,13.479,4.152,3517.399,23.697,43.276,6.891,1327.82,-485.016,-3220.831,KAD_MaiDive,Peter,Labridae,Halichoeres,hortulanus,37384112,1,AD,Passing,
GX020030_C2_L.MP4,2013,37.4224,KAD_MaiDive_Transect 5,1.0377,,6.407,4.491,3498.588,27.505,,,1535.226,-499.816,-3103.77,KAD_MaiDive,Peter,Pomacanthidae,Centropyge,heraldi,37385027,1,AD,Passing,
GX020030_C2_L.MP4,2013,37.4224,KAD_MaiDive_Transect 5,1.0377,,5.754,8.724,3297.866,26.498,,,1431.941,-334.924,-2951.829,KAD_MaiDive,Peter,Pomacentridae,Pomacentrus,coelestis,37372111,1,AD,Passing,
GX020030_C2_L.MP4,2077,37.458,KAD_MaiDive_Transect 5,1.0733,231.605,3.365,4.893,1856.399,19.35,32.712,7.623,-121.073,-603.065,-1751.534,KAD_MaiDive,Peter,Scaridae,Chlorurus,spilurus,temp_code_002,1,AD,Passing,
GX020030_C2_L.MP4,2077,37.458,KAD_MaiDive_Transect 5,1.0733,,3.913,3.969,2473.302,16.971,,,-424.66,-580.936,-2366.305,KAD_MaiDive,Peter,Pomacentridae,Pomacentrus,coelestis,37372111,1,AD,Passing,
GX020030_C2_L.MP4,2254,37.5564,KAD_MaiDive_Transect 5,1.1717,147.564,13.057,2.715,3686.422,27.649,39.757,1.247,1622.323,542.668,-3265.469,KAD_MaiDive,Peter,Acanthuridae,Ctenochaetus,striatus,37437022,1,AD,Passing,
GX020030_C2_L.MP4,2380,37.6265,KAD_MaiDive_Transect 5,1.2418,,1.838,0.557,1658.594,21.807,,,318.971,-525.265,-1540.548,KAD_MaiDive,Peter,Pomacentridae,Pomacentrus,coelestis,37372111,1,AD,Passing,
GX020030_C2_L.MP4,2405,37.6404,KAD_MaiDive_Transect 5,1.2557,54.748,5.373,5.416,2094.355,27.078,70.795,12.624,926.361,-225.292,-1864.785,KAD_MaiDive,Peter,Pomacentridae,Pomacentrus,coelestis,37372111,1,AD,Passing,
GX020030_C2_L.MP4,2459,37.6704,KAD_MaiDive_Transect 5,1.2857,30.523,2.043,5.795,1595.161,23.37,23.684,24.179,365.144,-516.759,-1464.298,KAD_MaiDive,Peter,Pomacentridae,Pomacentrus,coelestis,37372111,1,AD,Passing,
GX020030_C2_L.MP4,2459,37.6704,KAD_MaiDive_Transect 5,1.2857,,3.895,3.99,2486.871,22.342,,,531.638,-778.856,-2301.146,KAD_MaiDive,Peter,Pomacentridae,Pomacentrus,coelestis,37372111,1,AD,Passing,
GX020030_C2_L.MP4,2459,37.6704,KAD_MaiDive_Transect 5,1.2857,,3.239,8.272,2349.876,25.201,,,897.646,-439.355,-2126.763,KAD_MaiDive,Peter,Pomacentridae,Pomacentrus,coelestis,37372111,1,AD,Passing,
GX020030_C2_L.MP4,2482,37.6832,KAD_MaiDive_Transect 5,1.2985,70.499,6.091,4.347,2189.953,26.018,79.706,17.107,953.774,-114.627,-1968.012,KAD_MaiDive,Peter,Pomacentridae,Pomacentrus,callainus,temp_code_004,1,AD,Passing,
GX020030_C2_L.MP4,2498,37.6921,KAD_MaiDive_Transect 5,1.3074,140.436,3.934,9.158,3215.044,18.996,4.519,2.066,469.896,-935.058,-3039.962,KAD_MaiDive,Peter,Chaetodontidae,Chaetodon,sp,,1,AD,Passing,
GX020030_C2_L.MP4,2502,37.6943,KAD_MaiDive_Transect 5,1.3096,,3.793,6.476,2675.867,30.274,,,1188.547,-635.258,-2311.724,KAD_MaiDive,Peter,Pomacentridae,Pomacentrus,coelestis,37372111,1,AD,Passing,
GX020030_C2_L.MP4,2502,37.6943,KAD_MaiDive_Transect 5,1.3096,,3.839,1.523,2507.932,22.452,,,805.129,-515.989,-2318.458,KAD_MaiDive,Peter,Pomacentridae,Pomacentrus,coelestis,37372111,1,AD,Passing,
GX020030_C2_L.MP4,2583,37.7394,KAD_MaiDive_Transect 5,1.3547,,2.657,8.88,2066.354,23.47,,,-618.303,-540.763,-1896.074,KAD_MaiDive,Peter,Mullidae,Parupeneus,cyclostomus,37355025,1,AD,Passing,
GX020030_C2_L.MP4,2616,37.7577,KAD_MaiDive_Transect 5,1.373,,2.486,5.924,1942.754,18.771,,,-118.279,-611.603,-1840.175,KAD_MaiDive,Peter,Pomacentridae,Pomacentrus,coelestis,37372111,1,AD,Passing,
GX020030_C2_L.MP4,2636,37.7688,KAD_MaiDive_Transect 5,1.3842,79.737,7.58,1.496,2117.627,17.475,73.631,0.392,256.195,-581.998,-2019.897,KAD_MaiDive,Peter,Acanthuridae,Ctenochaetus,sp,,1,AD,Passing,
GX020030_C2_L.MP4,2636,37.7688,KAD_MaiDive_Transect 5,1.3842,,4.034,0.125,2508.197,18.855,,,513.985,-623.852,-2374.379,KAD_MaiDive,Peter,Pomacentridae,Pomacentrus,coelestis,37372111,1,AD,Passing,
GX020030_C2_L.MP4,2801,37.8606,KAD_MaiDive_Transect 5,1.4759,88.874,3.381,7.473,1622.8,25.463,62.044,6.23,605.908,-345.909,-1465.164,KAD_MaiDive,Peter,Labridae,Labroides,dimidiatus,37384028,1,AD,Passing,
GX020030_C2_L.MP4,2866,37.8967,KAD_MaiDive_Transect 5,1.5121,35.358,2.769,10.397,2331.459,21.998,3.191,0.186,-514.808,-705.432,-2161.722,KAD_MaiDive,Peter,Pomacentridae,Pomacentrus,coelestis,37372111,1,AD,Passing,
GX020030_C2_L.MP4,3163,38.0619,KAD_MaiDive_Transect 5,1.6772,,11.515,0.179,4634.557,22.347,,,-1673.174,-547.438,-4287.18,KAD_MaiDive,Peter,Scaridae,Scarus,schlegeli,37386029,1,AD,Passing,
GX020030_C2_L.MP4,3172,38.0669,KAD_MaiDive_Transect 5,1.6822,,12.338,11.326,4915.565,23.513,,,-1934.74,-314.975,-4507.811,KAD_MaiDive,Peter,Scaridae,Scarus,dimidiatus,37386013,1,AD,Passing,
GX020030_C2_L.MP4,3261,38.1164,KAD_MaiDive_Transect 5,1.7317,,27.047,11.564,6915.821,18.996,,,2123.789,-738.433,-6540.093,KAD_MaiDive,Peter,Acanthuridae,Acanthurus,sp,,1,AD,Passing,
GX020030_C2_L.MP4,3261,38.1164,KAD_MaiDive_Transect 5,1.7317,,23.792,7.034,6445.076,19.818,,,1974.312,-928.917,-6064.504,KAD_MaiDive,Peter,Scaridae,Chlorurus,spilurus,temp_code_002,1,AD,Passing,
GX020030_C2_L.MP4,3261,38.1164,KAD_MaiDive_Transect 5,1.7317,,24.755,0.487,6670.987,21.932,,,2299.45,-952.154,-6189.345,KAD_MaiDive,Peter,Scaridae,Chlorurus,sp,,1,AD,Passing,
GX020030_C2_L.MP4,3290,38.1325,KAD_MaiDive_Transect 5,1.7479,,22.963,3.729,6288.326,16.528,,,1653.442,-675.598,-6029.324,KAD_MaiDive,Peter,Scaridae,Chlorurus,sp,,1,AD,Passing,
GX020030_C2_L.MP4,9733,41.7156,KAD_MaiDive_Transect 6,0.2008,103.988,3.086,6.506,2534.682,22.542,0.648,29.593,416.312,-877.997,-2341.029,KAD_MaiDive,Peter,Labridae,Thalassoma,hardwicke,37384165,1,AD,Passing,
GX020030_C2_L.MP4,9811,41.7589,KAD_MaiDive_Transect 6,0.2441,187.615,14.624,0.575,3283.216,16.044,48.576,12.008,22.815,-907.117,-3155.333,KAD_MaiDive,Peter,Scaridae,Chlorurus,spilurus,temp_code_002,1,AD,Passing,
GX020030_C2_L.MP4,9811,41.7589,KAD_MaiDive_Transect 6,0.2441,198.597,11.658,8.84,3181.058,19.028,42.443,16.095,-220.818,-1013.355,-3007.238,KAD_MaiDive,Peter,Scaridae,Scarus,dimidiatus,37386013,1,AD,Passing,
GX020030_C2_L.MP4,9851,41.7812,KAD_MaiDive_Transect 6,0.2664,269.546,4.665,10.573,3650.702,11.794,2.175,32.761,431.453,-608.803,-3573.63,KAD_MaiDive,Peter,Scaridae,Chlorurus,spilurus,temp_code_002,1,AD,Passing,
GX020030_C2_L.MP4,9851,41.7812,KAD_MaiDive_Transect 6,0.2664,78.166,6.114,6.697,1932.783,19,85.307,10.155,494.99,-388.535,-1827.478,KAD_MaiDive,Peter,Pomacentridae,Pomacentrus,callainus,temp_code_004,1,AD,Passing,
GX020030_C2_L.MP4,9925,41.8223,KAD_MaiDive_Transect 6,0.3075,,5.42,4.947,2987.315,21.826,,,-711.823,-849.169,-2774.215,KAD_MaiDive,Peter,Labridae,Halichoeres,trimaculatus,37384122,1,AD,Passing,
GX020030_C2_L.MP4,9925,41.8223,KAD_MaiDive_Transect 6,0.3075,,6.308,4.13,3192.55,18.025,,,-580.002,-795.934,-3036.851,KAD_MaiDive,Peter,Labridae,Halichoeres,trimaculatus,37384122,1,AD,Passing,
GX020030_C2_L.MP4,9925,41.8223,KAD_MaiDive_Transect 6,0.3075,134.341,10.218,14.021,2822.579,12.761,45.302,20.225,-273.084,-560.494,-2752.857,KAD_MaiDive,Peter,Labridae,Thalassoma,hardwicke,37384165,1,AD,Passing,
GX020030_C2_L.MP4,10021,41.8757,KAD_MaiDive_Transect 6,0.3609,175.096,7.498,7.83,3056.262,23.602,24.685,2.701,908.898,-819.341,-2800.593,KAD_MaiDive,Peter,Labridae,Halichoeres,hortulanus,37384112,1,AD,Passing,
GX020030_C2_L.MP4,10021,41.8757,KAD_MaiDive_Transect 6,0.3609,,3.312,1.34,2275.479,21.72,,,443.166,-713.44,-2114.808,KAD_MaiDive,Peter,Pomacentridae,Pomacentrus,callainus,temp_code_004,1,AD,Passing,
GX020030_C2_L.MP4,10051,41.8924,KAD_MaiDive_Transect 6,0.3776,,12.997,0.798,4910.017,25.455,,,1935.198,-836.203,-4434.415,KAD_MaiDive,Peter,Pomacanthidae,Centropyge,heraldi,37385027,1,AD,Passing,
GX020030_C2_L.MP4,10075,41.9058,KAD_MaiDive_Transect 6,0.3909,265.252,18.15,6.024,3621.995,12.515,48.184,13.36,-449.6,-643.312,-3535.938,KAD_MaiDive,Peter,Scaridae,Chlorurus,spilurus,temp_code_002,1,AD,Passing,
GX020030_C2_L.MP4,10075,41.9058,KAD_MaiDive_Transect 6,0.3909,115.105,8.125,3.829,3982.782,13.916,14.605,11.473,-40.543,-957.003,-3865.883,KAD_MaiDive,Peter,Labridae,Thalassoma,hardwicke,37384165,1,AD,Passing,
GX020030_C2_L.MP4,10089,41.9135,KAD_MaiDive_Transect 6,0.3987,,4.525,11.621,2952.164,28.423,,,-1297.879,-535.337,-2596.959,KAD_MaiDive,Peter,Pomacentridae,Dascyllus,reticulatus,37372074,1,AD,Passing,
GX020030_C2_L.MP4,10089,41.9135,KAD_MaiDive_Transect 6,0.3987,,3.722,14.632,2623.613,28.101,,,-1098.907,-562.48,-2315.029,KAD_MaiDive,Peter,Pomacentridae,Dascyllus,reticulatus,37372074,1,AD,Passing,
GX020030_C2_L.MP4,10089,41.9135,KAD_MaiDive_Transect 6,0.3987,,4.82,11.331,2987.172,26.468,,,-1207.245,-558.035,-2674.762,KAD_MaiDive,Peter,Pomacentridae,Dascyllus,reticulatus,37372074,1,AD,Passing,
GX020030_C2_L.MP4,10089,41.9135,KAD_MaiDive_Transect 6,0.3987,,4.383,13.796,2854.652,28.356,,,-1161.315,-696.656,-2512.977,KAD_MaiDive,Peter,Pomacentridae,Dascyllus,reticulatus,37372074,1,AD,Passing,
GX020030_C2_L.MP4,10109,41.9247,KAD_MaiDive_Transect 6,0.4099,90.303,8.887,14.637,3511.732,29.416,22.64,14.091,1414.643,-986.761,-3058.979,KAD_MaiDive,Peter,Pomacanthidae,Centropyge,heraldi,37385027,1,AD,Passing,
GX020030_C2_L.MP4,10109,41.9247,KAD_MaiDive_Transect 6,0.4099,83.714,4.756,8.167,2894.029,23.788,11.087,9.113,734.749,-907.07,-2648.164,KAD_MaiDive,Peter,Labridae,Thalassoma,hardwicke,37384165,1,AD,Passing,
GX020030_C2_L.MP4,10109,41.9247,KAD_MaiDive_Transect 6,0.4099,82.062,5.024,3.767,2563.291,20.925,25.68,22.338,188.58,-895.823,-2394.243,KAD_MaiDive,Peter,Labridae,Thalassoma,hardwicke,37384165,1,AD,Passing,
GX020030_C2_L.MP4,10353,42.0604,KAD_MaiDive_Transect 6,0.5455,318.838,22.952,4.49,4576.618,6.583,36.405,25.165,-262.1,-454.5,-4546.445,KAD_MaiDive,Peter,Scaridae,Chlorurus,spilurus,temp_code_002,1,AD,Passing,
GX020030_C2_L.MP4,10353,42.0604,KAD_MaiDive_Transect 6,0.5455,212.114,5.536,5.381,3826.522,8.115,8.103,7.507,-262.56,-472.052,-3788.205,KAD_MaiDive,Peter,Scaridae,Scarus,psittacus,37386024,1,AD,Passing,
GX020030_C2_L.MP4,10424,42.0998,KAD_MaiDive_Transect 6,0.585,,16.061,13.008,5675.909,24.039,,,-2289.066,-319.323,-5184.028,KAD_MaiDive,Peter,Scaridae,Scarus,dimidiatus,37386013,1,AD,Passing,
GX020030_C2_L.MP4,10458,42.1187,KAD_MaiDive_Transect 6,0.6039,251.103,23.842,3.618,6596.932,17.051,9.968,10.526,-1767.66,-785.651,-6306.952,KAD_MaiDive,Peter,Scaridae,Scarus,dimidiatus,37386013,1,AD,Passing,
GX020030_C2_L.MP4,10458,42.1187,KAD_MaiDive_Transect 6,0.6039,,18.763,0.962,5965.56,21.503,,,-2114.16,-551.536,-5551.04,KAD_MaiDive,Peter,Scaridae,Scarus,dimidiatus,37386013,1,AD,Passing,
GX020030_C2_L.MP4,10480,42.131,KAD_MaiDive_Transect 6,0.6162,272.686,2.882,10.691,1819.985,18.162,27.524,14.074,-19.886,-566.939,-1729.314,KAD_MaiDive,Peter,Scaridae,Chlorurus,spilurus,temp_code_002,1,AD,Passing,
GX020030_C2_L.MP4,10539,42.1638,KAD_MaiDive_Transect 6,0.649,83.434,7.544,11.669,2542.711,29.64,81.48,17.409,1059.861,-676.783,-2209.986,KAD_MaiDive,Peter,Scaridae,Chlorurus,spilurus,temp_code_002,1,AD,Passing,
GX020030_C2_L.MP4,10539,42.1638,KAD_MaiDive_Transect 6,0.649,,5.248,6.954,3055.246,27.858,,,1128.93,-870.629,-2702.231,KAD_MaiDive,Peter,Pomacentridae,Pomacentrus,coelestis,37372111,1,AD,Passing,
GX020030_C2_L.MP4,10812,42.3156,KAD_MaiDive_Transect 6,0.8008,109.756,10.821,7.877,3800.105,12.271,21.663,3.388,310.007,-745.789,-3713.286,KAD_MaiDive,Peter,Chaetodontidae,Chaetodon,baronessa,37365034,1,AD,Passing,
GX020030_C2_L.MP4,10845,42.334,KAD_MaiDive_Transect 6,0.8192,115.12,3.563,11.613,2996.018,15.262,6.816,13.711,300.196,-729.27,-2890.359,KAD_MaiDive,Peter,Labridae,Thalassoma,hardwicke,37384165,1,AD,Passing,
GX020030_C2_L.MP4,10866,42.3456,KAD_MaiDive_Transect 6,0.8308,,7.004,10.605,3423.776,13.32,,,-751.84,-234.526,-3331.963,KAD_MaiDive,Peter,Pomacentridae,Dascyllus,reticulatus,37372074,1,AD,Passing,
GX020030_C2_L.MP4,10866,42.3456,KAD_MaiDive_Transect 6,0.8308,,7.769,14.064,3584.315,12.513,,,-657.822,-408.391,-3499.686,KAD_MaiDive,Peter,Pomacentridae,Dascyllus,reticulatus,37372074,1,AD,Passing,
GX020030_C2_L.MP4,10866,42.3456,KAD_MaiDive_Transect 6,0.8308,,5.979,14.703,3178.935,17.376,,,-887.567,-333.263,-3034.269,KAD_MaiDive,Peter,Pomacentridae,Dascyllus,reticulatus,37372074,1,AD,Passing,
GX020030_C2_L.MP4,10866,42.3456,KAD_MaiDive_Transect 6,0.8308,,8.101,10.845,3752.923,16.966,,,-1061.527,-264.676,-3589.922,KAD_MaiDive,Peter,Pomacentridae,Dascyllus,reticulatus,37372074,1,AD,Passing,
GX020030_C2_L.MP4,10866,42.3456,KAD_MaiDive_Transect 6,0.8308,,9.123,15.92,3938.552,18.87,,,-1047.196,-720.693,-3727.757,KAD_MaiDive,Peter,Pomacentridae,Dascyllus,reticulatus,37372074,1,AD,Passing,
GX020030_C2_L.MP4,10866,42.3456,KAD_MaiDive_Transect 6,0.8308,,4.22,8.73,2812.575,28.164,,,-1183.246,-598.864,-2480.296,KAD_MaiDive,Peter,Pomacentridae,Dascyllus,reticulatus,37372074,1,AD,Passing,
GX020030_C2_L.MP4,10866,42.3456,KAD_MaiDive_Transect 6,0.8308,,6.917,9.909,3671.956,25.583,,,-1547.817,-340.003,-3312.389,KAD_MaiDive,Peter,Pomacentridae,Dascyllus,reticulatus,37372074,1,AD,Passing,
GX020030_C2_L.MP4,10866,42.3456,KAD_MaiDive_Transect 6,0.8308,,8.692,11.793,3819.366,19.136,,,-945.482,-816.335,-3609.324,KAD_MaiDive,Peter,Acanthuridae,Zebrasoma,scopas,37437036,1,AD,Passing,
GX020030_C2_L.MP4,10899,42.364,KAD_MaiDive_Transect 6,0.8492,86.675,4.656,13.726,3036.708,22.881,0.636,5.318,-802.923,-865.687,-2797.766,KAD_MaiDive,Peter,Chaetodontidae,Chaetodon,baronessa,37365034,1,AD,Passing,
GX020030_C2_L.MP4,10941,42.3873,KAD_MaiDive_Transect 6,0.8725,56.878,3.625,5.898,2576.13,19.573,16.267,49.773,-805.743,-309.119,-2427.276,KAD_MaiDive,Peter,Pomacentridae,Dascyllus,reticulatus,37372074,1,AD,Passing,measurement reference - 10866
GX020030_C2_L.MP4,10969,42.4029,KAD_MaiDive_Transect 6,0.8881,84.473,7.731,2.161,2603.431,21.82,45.589,20.257,-161.686,-954.06,-2416.915,KAD_MaiDive,Peter,Pomacanthidae,Centropyge,flavissima,37365026,1,AD,Passing,
GX020030_C2_L.MP4,10996,42.4179,KAD_MaiDive_Transect 6,0.9031,259.82,13.867,12.924,3169.127,23.547,74.757,12.855,-1050.655,-706.412,-2905.249,KAD_MaiDive,Peter,Scaridae,Scarus,schlegeli,37386029,1,AD,Passing,
GX020030_C2_L.MP4,11027,42.4352,KAD_MaiDive_Transect 6,0.9204,39.608,3.215,7.243,1542.335,17.029,49.659,1.892,-78.225,-444.86,-1474.713,KAD_MaiDive,Peter,Pomacentridae,Dascyllus,reticulatus,37372074,1,AD,Passing,
GX020030_C2_L.MP4,11027,42.4352,KAD_MaiDive_Transect 6,0.9204,60.172,4.829,5.518,1722.493,12.943,64.765,15.67,86.198,-376.067,-1678.728,KAD_MaiDive,Peter,Pomacentridae,Dascyllus,reticulatus,37372074,1,AD,Passing,
GX020030_C2_L.MP4,11027,42.4352,KAD_MaiDive_Transect 6,0.9204,,2.063,3.326,1744.792,16.003,,,-18.511,-478.604,-1677.765,KAD_MaiDive,Peter,Pomacentridae,Dascyllus,reticulatus,37372074,1,AD,Passing,
GX020030_C2_L.MP4,11027,42.4352,KAD_MaiDive_Transect 6,0.9204,,1.954,2.16,1709.899,19.504,,,50.212,-566.686,-1612.483,KAD_MaiDive,Peter,Pomacentridae,Dascyllus,reticulatus,37372074,1,AD,Passing,
GX020030_C2_L.MP4,11027,42.4352,KAD_MaiDive_Transect 6,0.9204,,12.389,1.617,4598.878,6.604,,,-115.912,-510.416,-4568.995,KAD_MaiDive,Peter,Scaridae,Scarus,dimidiatus,37386013,1,AD,Passing,
GX020030_C2_L.MP4,11086,42.468,KAD_MaiDive_Transect 6,0.9532,62.11,2.102,7.93,1557.638,25.312,28.971,15.121,361.258,-559.462,-1408.094,KAD_MaiDive,Peter,Pomacentridae,Pomacentrus,callainus,temp_code_004,1,AD,Passing,
GX020030_C2_L.MP4,11086,42.468,KAD_MaiDive_Transect 6,0.9532,162.29,7.636,3.789,2520.416,22.886,51.37,17.522,-510.15,-836.988,-2322.002,KAD_MaiDive,Peter,Scaridae,Scarus,sp,,1,AD,Passing,
GX020030_C2_L.MP4,11097,42.4741,KAD_MaiDive_Transect 6,0.9593,170.755,8.413,7.065,3593.284,8.595,21.269,34.952,-321.507,-430.169,-3552.926,KAD_MaiDive,Peter,Scaridae,Chlorurus,spilurus,temp_code_002,1,AD,Passing,
GX020030_C2_L.MP4,11097,42.4741,KAD_MaiDive_Transect 6,0.9593,176.924,9.987,3.474,3470.632,16.462,25.081,17.869,769.381,-612.658,-3328.361,KAD_MaiDive,Peter,Scaridae,Chlorurus,spilurus,temp_code_002,1,AD,Passing,
GX020030_C2_L.MP4,11109,42.4808,KAD_MaiDive_Transect 6,0.966,,8.459,10.229,4206.844,28.213,,,-1952.687,-372.646,-3707.517,KAD_MaiDive,Peter,Scaridae,Chlorurus,spilurus,temp_code_002,1,AD,Passing,
GX020030_C2_L.MP4,11109,42.4808,KAD_MaiDive_Transect 6,0.966,,10.733,18.144,4688.349,26.189,,,-2045.41,-307.194,-4207.439,KAD_MaiDive,Peter,Scaridae,Chlorurus,spilurus,temp_code_002,1,AD,Passing,
GX020030_C2_L.MP4,11197,42.5297,KAD_MaiDive_Transect 6,1.0149,200.344,4.322,10.897,2915.659,23.878,6.868,7.95,-712.199,-941.11,-2666.112,KAD_MaiDive,Peter,Scaridae,Scarus,schlegeli,37386029,1,AD,Passing,
GX020030_C2_L.MP4,11228,42.5469,KAD_MaiDive_Transect 6,1.0321,297.395,12.968,2.048,3202.968,22.3,59.11,21.576,-860.975,-857.803,-2963.427,KAD_MaiDive,Peter,Scaridae,Chlorurus,spilurus,temp_code_002,1,AD,Passing,
GX020030_C2_L.MP4,11228,42.5469,KAD_MaiDive_Transect 6,1.0321,196.726,7.382,3.755,3421.199,23.304,13.447,16.963,-1134.601,-737.885,-3142.102,KAD_MaiDive,Peter,Scaridae,Chlorurus,spilurus,temp_code_002,1,AD,Passing,
GX020030_C2_L.MP4,11228,42.5469,KAD_MaiDive_Transect 6,1.0321,276.185,9.708,11.631,2886.402,27.758,68.588,20.306,-1075.336,-806.71,-2554.249,KAD_MaiDive,Peter,Scaridae,Chlorurus,spilurus,temp_code_002,1,AD,Passing,
GX020030_C2_L.MP4,11242,42.5547,KAD_MaiDive_Transect 6,1.0399,223.327,6.824,19.395,2615.113,27.796,52.234,26.121,-1014.198,-677.155,-2313.369,KAD_MaiDive,Peter,Scaridae,Chlorurus,spilurus,temp_code_002,1,AD,Passing,
GX020030_C2_L.MP4,11321,42.5987,KAD_MaiDive_Transect 6,1.0839,282.889,10.992,16.383,3067.718,14.309,39.741,13.544,-714.776,-252.838,-2972.552,KAD_MaiDive,Peter,Scaridae,Chlorurus,spilurus,temp_code_002,1,AD,Passing,
GX020030_C2_L.MP4,11321,42.5987,KAD_MaiDive_Transect 6,1.0839,142.735,5.7,13.225,2953.27,22.06,15.407,28.769,-1092.717,-190.455,-2737.06,KAD_MaiDive,Peter,Scaridae,Chlorurus,spilurus,temp_code_002,1,AD,Passing,
GX020030_C2_L.MP4,11338,42.6081,KAD_MaiDive_Transect 6,1.0933,242.321,19.141,18.099,4090.874,28.909,83.9,14.825,-1854.45,-687.077,-3581.088,KAD_MaiDive,Peter,Acanthuridae,Acanthurus,sp,,1,AD,Passing,
GX020030_C2_L.MP4,11338,42.6081,KAD_MaiDive_Transect 6,1.0933,196.511,8.985,13.031,2676.86,23.465,60.021,11.718,-1016.67,-320.145,-2455.497,KAD_MaiDive,Peter,Scaridae,Chlorurus,spilurus,temp_code_002,1,AD,Passing,
GX020030_C2_L.MP4,11506,42.7015,KAD_MaiDive_Transect 6,1.1867,209.718,9.849,7.719,3204.038,23.719,35.045,1.671,-1281.826,-134.359,-2933.382,KAD_MaiDive,Peter,Scaridae,Chlorurus,spilurus,temp_code_002,1,AD,Passing,
GX020030_C2_L.MP4,11506,42.7015,KAD_MaiDive_Transect 6,1.1867,,10.598,4.579,4638.021,25.893,,,-1997.524,-329.492,-4172.838,KAD_MaiDive,Peter,Scaridae,Scarus,dimidiatus,37386013,1,AD,Passing,
GX020030_C2_L.MP4,11544,42.7227,KAD_MaiDive_Transect 6,1.2079,47.356,3.083,5.604,2051.928,19.867,18.923,31.603,-681.285,-148.717,-1929.804,KAD_MaiDive,Peter,Pomacentridae,Dascyllus,reticulatus,37372074,1,AD,Passing,
GX020030_C2_L.MP4,11544,42.7227,KAD_MaiDive_Transect 6,1.2079,,2.704,4.802,2129.141,22.647,,,-791.355,-211.792,-1965.234,KAD_MaiDive,Peter,Pomacentridae,Dascyllus,reticulatus,37372074,1,AD,Passing,
GX020030_C2_L.MP4,11544,42.7227,KAD_MaiDive_Transect 6,1.2079,,2.432,6.739,1950.236,19.716,,,-584.737,-299.313,-1836.277,KAD_MaiDive,Peter,Pomacentridae,Dascyllus,reticulatus,37372074,1,AD,Passing,
GX020030_C2_L.MP4,11544,42.7227,KAD_MaiDive_Transect 6,1.2079,,3.397,0.586,2311.544,14.735,,,-536.67,-237.371,-2235.817,KAD_MaiDive,Peter,Pomacentridae,Dascyllus,reticulatus,37372074,1,AD,Passing,
GX020030_C2_L.MP4,11544,42.7227,KAD_MaiDive_Transect 6,1.2079,,3.06,4.714,2175.293,14.298,,,-471.697,-254.52,-2108.227,KAD_MaiDive,Peter,Pomacentridae,Dascyllus,reticulatus,37372074,1,AD,Passing,
GX020030_C2_L.MP4,11544,42.7227,KAD_MaiDive_Transect 6,1.2079,,3.207,4.2,2278.077,18.046,,,-681.222,-181.605,-2166.239,KAD_MaiDive,Peter,Pomacentridae,Dascyllus,reticulatus,37372074,1,AD,Passing,
GX020030_C2_L.MP4,11544,42.7227,KAD_MaiDive_Transect 6,1.2079,,3.191,2.09,2230.934,14.118,,,-502.171,-206.97,-2163.805,KAD_MaiDive,Peter,Pomacentridae,Dascyllus,reticulatus,37372074,1,AD,Passing,
GX020030_C2_L.MP4,11544,42.7227,KAD_MaiDive_Transect 6,1.2079,,2.948,3.112,2128.447,15.578,,,-453.427,-345.487,-2050.69,KAD_MaiDive,Peter,Pomacentridae,Dascyllus,reticulatus,37372074,1,AD,Passing,
GX020030_C2_L.MP4,11544,42.7227,KAD_MaiDive_Transect 6,1.2079,,3.28,0.756,2245.607,14.77,,,-386.563,-419.626,-2171.919,KAD_MaiDive,Peter,Pomacentridae,Dascyllus,reticulatus,37372074,1,AD,Passing,
GX020030_C2_L.MP4,11576,42.7405,KAD_MaiDive_Transect 6,1.2257,43.873,3.931,8.592,2247.549,20.809,23.734,7.03,-407.012,-686.914,-2100.944,KAD_MaiDive,Peter,Pomacentridae,Pomacentrus,coelestis,37372111,1,AD,Passing,
GX020030_C2_L.MP4,11651,42.7822,KAD_MaiDive_Transect 6,1.2674,251.791,5.055,6.118,3123.045,21.028,4.323,7.095,-810.21,-774.192,-2915.064,KAD_MaiDive,Peter,Scaridae,Scarus,schlegeli,37386029,1,AD,Passing,
GX020030_C2_L.MP4,11651,42.7822,KAD_MaiDive_Transect 6,1.2674,168.2,3.505,1.472,2891.922,12.695,8.78,0.723,-193.796,-605.289,-2821.22,KAD_MaiDive,Peter,Scaridae,Scarus,schlegeli,37386029,1,AD,Passing,
GX020030_C2_L.MP4,11651,42.7822,KAD_MaiDive_Transect 6,1.2674,215.611,12.418,9.132,4498.66,6.54,16.429,0.952,-372.257,-352.1,-4469.384,KAD_MaiDive,Peter,Scaridae,Scarus,dimidiatus,37386013,1,AD,Passing,
GX020030_C2_L.MP4,11717,42.8189,KAD_MaiDive_Transect 6,1.3041,243.776,8.683,12.819,4174.826,14.773,3.024,8.214,1016.87,-315.04,-4036.818,KAD_MaiDive,Peter,Scaridae,Scarus,dimidiatus,37386013,1,AD,Passing,
GX020030_C2_L.MP4,11717,42.8189,KAD_MaiDive_Transect 6,1.3041,247.269,12.534,7.616,4225.743,16.205,16.863,13.773,1171.639,-134.264,-4057.849,KAD_MaiDive,Peter,Scaridae,Scarus,dimidiatus,37386013,1,AD,Passing,
GX020030_C2_L.MP4,11797,42.8634,KAD_MaiDive_Transect 6,1.3486,187.007,7.951,5.193,2772.436,15.046,34.671,18.445,-524.751,-492.566,-2677.39,KAD_MaiDive,Peter,Scaridae,Chlorurus,spilurus,temp_code_002,1,AD,Passing,
GX020030_C2_L.MP4,11797,42.8634,KAD_MaiDive_Transect 6,1.3486,,5.973,4.595,3164.136,19.307,,,-879.243,-563.198,-2986.887,KAD_MaiDive,Peter,Pomacentridae,Pomacentrus,coelestis,37372111,1,AD,Passing,
GX020030_C2_L.MP4,11817,42.8745,KAD_MaiDive_Transect 6,1.3597,137.223,5.786,3.787,3133.033,16.864,7.247,6.613,846.826,-330.147,-2998.297,KAD_MaiDive,Peter,Labridae,Thalassoma,nigrofasciatum,37384196,1,AD,Passing,
GX020030_C2_L.MP4,11859,42.8979,KAD_MaiDive_Transect 6,1.383,212.468,12,7.226,3496.503,17.935,32.818,12.283,-1067.485,-140.506,-3326.6,KAD_MaiDive,Peter,Scaridae,Scarus,dimidiatus,37386013,1,AD,Passing,
GX020030_C2_L.MP4,11906,42.924,KAD_MaiDive_Transect 6,1.4092,90.921,3.954,5.598,2941.173,14.544,2.833,14.444,556.214,-485.954,-2846.924,KAD_MaiDive,Peter,Chaetodontidae,Chaetodon,vagabundus,37365062,1,AD,Passing,
GX020030_C2_L.MP4,11906,42.924,KAD_MaiDive_Transect 6,1.4092,103.16,2.719,3.949,2815.758,9.868,4.313,3.106,-167.214,-452.66,-2774.101,KAD_MaiDive,Peter,Chaetodontidae,Chaetodon,vagabundus,37365062,1,AD,Passing,
GX020030_C2_L.MP4,11930,42.9373,KAD_MaiDive_Transect 6,1.4225,,4.115,3.401,2775.12,28.835,,,1223.79,-538.95,-2431.7,KAD_MaiDive,Peter,Pomacentridae,Pomacentrus,maafu,temp_code_005,1,AD,Passing,
GX020030_C2_L.MP4,11983,42.9668,KAD_MaiDive_Transect 6,1.452,,4.967,5.572,3040.238,24.921,,,-1234.442,-339.027,-2757.582,KAD_MaiDive,Peter,Pomacentridae,Pomacentrus,callainus,temp_code_004,1,AD,Passing,
GX020030_C2_L.MP4,12016,42.9852,KAD_MaiDive_Transect 6,1.4704,,3.035,4.771,2170.992,19.997,,,-139.407,-726.719,-2040.993,KAD_MaiDive,Peter,Pomacentridae,Pomacentrus,moluccensis,37372118,1,AD,Passing,
GX020030_C2_L.MP4,12047,43.0024,KAD_MaiDive_Transect 6,1.4876,,4.158,8.631,2821.13,31.034,,,1255.094,-731.972,-2418.208,KAD_MaiDive,Peter,Pomacentridae,Pomacentrus,coelestis,37372111,1,AD,Passing,
GX020030_C2_L.MP4,12047,43.0024,KAD_MaiDive_Transect 6,1.4876,,3.923,5.855,2608.012,28.091,,,900.518,-832.163,-2301.804,KAD_MaiDive,Peter,Pomacentridae,Pomacentrus,coelestis,37372111,1,AD,Passing,
GX020030_C2_L.MP4,12116,43.0408,KAD_MaiDive_Transect 6,1.526,,4.036,8.346,2808.408,32.139,,,1284.957,-759.231,-2378.993,KAD_MaiDive,Peter,Pomacentridae,Pomacentrus,coelestis,37372111,1,AD,Passing,
GX020030_C2_L.MP4,12169,43.0702,KAD_MaiDive_Transect 6,1.5554,110.125,5.068,6.089,1885.857,24.593,80.633,11.521,-519.647,-588.164,-1714.785,KAD_MaiDive,Peter,Labridae,Thalassoma,nigrofasciatum,37384196,1,AD,Passing,
GX020030_C2_L.MP4,12286,43.1353,KAD_MaiDive_Transect 6,1.6205,,2.557,12.201,2038.54,25.526,,,-599.612,-639.742,-1840.337,KAD_MaiDive,Peter,Pomacentridae,Pomacentrus,moluccensis,37372118,1,AD,Passing,
GX020030_C2_L.MP4,12391,43.1937,KAD_MaiDive_Transect 6,1.6789,,4.101,10.909,2629.328,25.055,,,-776.849,-794.78,-2382.896,KAD_MaiDive,Peter,Pomacentridae,Pomacentrus,coelestis,37372111,1,AD,Passing,
GX020030_C2_L.MP4,12391,43.1937,KAD_MaiDive_Transect 6,1.6789,,3.168,13.65,2349.485,27.626,,,-852.298,-676.058,-2082.454,KAD_MaiDive,Peter,Labridae,Thalassoma,amblycephalum,37384164,1,AD,Passing,
GX020030_C2_L.MP4,12391,43.1937,KAD_MaiDive_Transect 6,1.6789,,3.449,17.594,2493.48,28.223,,,-985.057,-645.455,-2197.838,KAD_MaiDive,Peter,Labridae,Thalassoma,amblycephalum,37384164,1,AD,Passing,
GX020030_C2_L.MP4,12391,43.1937,KAD_MaiDive_Transect 6,1.6789,,4.232,8.104,2774.952,27.435,,,-1086.611,-670.727,-2463.689,KAD_MaiDive,Peter,Labridae,Thalassoma,amblycephalum,37384164,1,AD,Passing,
GX020030_C2_L.MP4,12457,43.2304,KAD_MaiDive_Transect 6,1.7156,,3.15,1.38,2217.662,21.982,,,410.838,-718.777,-2057.328,KAD_MaiDive,Peter,Pomacentridae,Pomacentrus,coelestis,37372111,1,AD,Passing,
GX020030_C2_L.MP4,12457,43.2304,KAD_MaiDive_Transect 6,1.7156,,3.553,4.882,2493.524,24.583,,,-946.352,-422.052,-2268.028,KAD_MaiDive,Peter,Pomacentridae,Pomacentrus,callainus,temp_code_004,1,AD,Passing,
GX020030_C2_L.MP4,12723,43.3783,KAD_MaiDive_Transect 6,1.8635,256.313,16.361,13.128,4617.58,23.448,49.607,50.363,-1650.623,-807.183,-4236.265,KAD_MaiDive,Peter,Scaridae,Chlorurus,spilurus,temp_code_002,1,AD,Passing,
GX020030_C2_L.MP4,12723,43.3783,KAD_MaiDive_Transect 6,1.8635,216.287,13.419,14.408,4166.708,18.646,26.346,26.266,-861.778,-1015.929,-3947.998,KAD_MaiDive,Peter,Scaridae,Chlorurus,spilurus,temp_code_002,1,AD,Passing,
GX020030_C2_L.MP4,12788,43.4145,KAD_MaiDive_Transect 6,1.8997,,6.426,10.496,3265.022,23.197,,,-633.937,-1115.273,-3002.442,KAD_MaiDive,Peter,Pomacentridae,Pomacentrus,coelestis,37372111,1,AD,Passing,
GX020030_C2_L.MP4,12853,43.4506,KAD_MaiDive_Transect 6,1.9358,33.689,2.449,2.879,2153.714,20.545,9.987,18.093,314.533,-687.289,-2016.727,KAD_MaiDive,Peter,Labridae,Thalassoma,amblycephalum,37384164,1,AD,Passing,
GX020030_C2_L.MP4,12853,43.4506,KAD_MaiDive_Transect 6,1.9358,,4.126,0.052,2527.256,14.899,,,199.317,-615.472,-2443.05,KAD_MaiDive,Peter,Labridae,Thalassoma,amblycephalum,37384164,1,AD,Passing,
GX020030_C2_L.MP4,12853,43.4506,KAD_MaiDive_Transect 6,1.9358,,3.775,4.324,2413.625,15.914,,,169.309,-636.921,-2321.906,KAD_MaiDive,Peter,Labridae,Thalassoma,amblycephalum,37384164,1,AD,Passing,
GX020030_C2_L.MP4,12853,43.4506,KAD_MaiDive_Transect 6,1.9358,,3.864,1.245,2439.881,16.037,,,267.546,-615.807,-2345.681,KAD_MaiDive,Peter,Labridae,Thalassoma,amblycephalum,37384164,1,AD,Passing,
GX020030_C2_L.MP4,12853,43.4506,KAD_MaiDive_Transect 6,1.9358,,3.745,4.352,2399.188,16.742,,,358.191,-588.236,-2298.212,KAD_MaiDive,Peter,Labridae,Thalassoma,amblycephalum,37384164,1,AD,Passing,
GX020030_C2_L.MP4,12853,43.4506,KAD_MaiDive_Transect 6,1.9358,,4.811,0.827,2739.163,14.132,,,278.41,-604.82,-2657.008,KAD_MaiDive,Peter,Labridae,Thalassoma,amblycephalum,37384164,1,AD,Passing,
GX020030_C2_L.MP4,12853,43.4506,KAD_MaiDive_Transect 6,1.9358,,4.892,4.012,2778.26,18.286,,,246.426,-832.903,-2638.992,KAD_MaiDive,Peter,Labridae,Thalassoma,amblycephalum,37384164,1,AD,Passing,
GX020030_C2_L.MP4,12853,43.4506,KAD_MaiDive_Transect 6,1.9358,,2.674,1.631,2028.304,20.509,,,158.203,-690.458,-1900.594,KAD_MaiDive,Peter,Labridae,Thalassoma,amblycephalum,37384164,1,AD,Passing,
GX020030_C2_L.MP4,12853,43.4506,KAD_MaiDive_Transect 6,1.9358,,2.608,16.488,2005.762,21.366,,,200.505,-700.413,-1868.77,KAD_MaiDive,Peter,Labridae,Thalassoma,amblycephalum,37384164,1,AD,Passing,
GX020030_C2_L.MP4,13067,43.5696,KAD_MaiDive_Transect 6,2.0548,,9.16,9.151,3938.964,20.193,,,-1026.399,-887.232,-3697.94,KAD_MaiDive,Peter,Acanthuridae,Acanthurus,sp,,1,AD,Passing,
GX020030_C2_L.MP4,13160,43.6214,KAD_MaiDive_Transect 6,2.1065,66.482,2.78,5.682,2053.031,27.35,3.108,21.364,765.493,-551.084,-1823.531,KAD_MaiDive,Peter,Pomacentridae,Pomacentrus,moluccensis,37372118,1,AD,Passing,
GX020030_C2_L.MP4,13254,43.6736,KAD_MaiDive_Transect 6,2.1588,119.378,11.08,12.871,2984.74,26.903,70.224,15.376,-967.993,-941.794,-2661.708,KAD_MaiDive,Peter,Labridae,Thalassoma,nigrofasciatum,37384196,1,AD,Passing,
GX020030_C2_L.MP4,13279,43.6875,KAD_MaiDive_Transect 6,2.1727,,6.049,10.17,3443.2,29.626,,,-1485.203,-827.824,-2994.078,KAD_MaiDive,Peter,Labridae,Thalassoma,nigrofasciatum,37384196,1,AD,Passing,
