Filename,Frame,Time (mins),Period,Period time (mins),Length (mm),Precision (mm),RMS (mm),Range (mm),Direction (deg),Horz. Dir. (deg),Vert. Dir. (deg),Mid X (mm),Mid Y (mm),Mid Z (mm),OpCode,TapeReader,Family,Genus,Species,Code,Number,Stage,Activity,Comment
GX010038_L.MP4,17523,9.7447,KAD_VURRO_Transect 1,0.139,,8.22,2.165,3788.561,17.481,,,-1074.406,373.051,-3613.818,KAD_VURRO,Peter,Pomacentridae,Amblyglyphidodon,orbicularis,temp_code_001,1,AD,Passing,
GX010038_L.MP4,17523,9.7447,KAD_VURRO_Transect 1,0.139,,8.999,4.937,4284.158,28.123,,,-1979.13,399.06,-3778.599,KAD_VURRO,Peter,Pomacentridae,Chromis,sp,,1,AD,Passing,
GX010038_L.MP4,17523,9.7447,KAD_VURRO_Transect 1,0.139,,10.891,1.053,4630.856,24.105,,,-1877.577,224.814,-4227.172,KAD_VURRO,Peter,Pomacentridae,Chromis,sp,,1,AD,Passing,
GX010038_L.MP4,17523,9.7447,KAD_VURRO_Transect 1,0.139,,8.367,2.055,3904.666,19.401,,,-1288.468,146.767,-3683.032,KAD_VURRO,Peter,Pomacentridae,Chromis,xanthura,37372057,1,AD,Passing,
GX010038_L.MP4,17523,9.7447,KAD_VURRO_Transect 1,0.139,,12.718,6.381,4726.99,5.028,,,-404.39,-92.608,-4708.75,KAD_VURRO,Peter,Pomacentridae,Dascyllus,trimaculatus,37372075,1,AD,Passing,
GX010038_L.MP4,17523,9.7447,KAD_VURRO_Transect 1,0.139,,12.53,1.754,4628.244,9.984,,,-655.395,-465.637,-4557.881,KAD_VURRO,Peter,Pomacentridae,Dascyllus,reticulatus,37372074,1,AD,Passing,
GX010038_L.MP4,17523,9.7447,KAD_VURRO_Transect 1,0.139,,13.043,16.666,4721.099,7.251,,,160.642,-576.55,-4683.008,KAD_VURRO,Peter,Pomacentridae,Dascyllus,reticulatus,37372074,1,AD,Passing,
GX010038_L.MP4,17523,9.7447,KAD_VURRO_Transect 1,0.139,,12.536,5.625,4582.376,15.579,,,0.836,-1233.266,-4413.301,KAD_VURRO,Peter,Pomacentridae,Dascyllus,reticulatus,37372074,1,AD,Passing,
GX010038_L.MP4,17641,9.8104,KAD_VURRO_Transect 1,0.2046,87.941,5.686,5.032,3154.839,9.357,15.882,30.815,-488.652,155.936,-3112.863,KAD_VURRO,Peter,Pomacentridae,Amblyglyphidodon,orbicularis,temp_code_001,1,AD,Passing,
GX010038_L.MP4,17641,9.8104,KAD_VURRO_Transect 1,0.2046,101.261,9.032,6.738,3422.162,20.565,47.532,52.847,-1071.44,545.013,-3204.086,KAD_VURRO,Peter,Pomacentridae,Amblyglyphidodon,orbicularis,temp_code_001,1,AD,Passing,
GX010038_L.MP4,17641,9.8104,KAD_VURRO_Transect 1,0.2046,63.891,3.925,2.511,2918.408,13.065,15.988,55.712,-602.648,268.424,-2842.863,KAD_VURRO,Peter,Pomacentridae,Dascyllus,reticulatus,37372074,1,AD,Passing,
GX010038_L.MP4,17641,9.8104,KAD_VURRO_Transect 1,0.2046,112.667,5.832,9.294,3108.495,25.413,13.969,32.792,-1116.775,729.634,-2807.702,KAD_VURRO,Peter,Pomacentridae,Dascyllus,trimaculatus,37372075,1,AD,Passing,
GX010038_L.MP4,17641,9.8104,KAD_VURRO_Transect 1,0.2046,,4.041,1.049,2576.133,18.274,,,-718.228,368.267,-2446.424,KAD_VURRO,Peter,Pomacentridae,Dascyllus,reticulatus,37372074,1,AD,Passing,
GX010038_L.MP4,17683,9.8337,KAD_VURRO_Transect 1,0.228,80.645,3.766,0.982,1710.504,17.403,45.982,4.757,-506.345,73.177,-1632.202,KAD_VURRO,Peter,Pomacentridae,Pomacentrus,philippinus,37372123,1,AD,Passing,
GX010038_L.MP4,17721,9.8548,KAD_VURRO_Transect 1,0.2491,132.004,4.345,3.395,1710.762,22.752,80.588,1.595,-640.765,164.807,-1577.646,KAD_VURRO,Peter,Pomacentridae,Pomacentrus,philippinus,37372123,1,AD,Passing,
GX010038_L.MP4,18067,10.0473,KAD_VURRO_Transect 1,0.4416,,25.027,0.521,6535.338,13.106,,,-952.607,1131.416,-6365.774,KAD_VURRO,Peter,Lethrinidae,Monotaxis,grandoculis,37351026,1,AD,Passing,
GX010038_L.MP4,18174,10.1068,KAD_VURRO_Transect 1,0.5011,,5.976,6.429,3150.428,3.34,,,-148.753,-109.391,-3145.013,KAD_VURRO,Peter,Pomacentridae,Chromis,xanthura,37372057,1,AD,Passing,
GX010038_L.MP4,18184,10.1123,KAD_VURRO_Transect 1,0.5066,135.213,5.779,8.714,3804.543,16.087,7.437,20.146,-482.15,-937.514,-3655.563,KAD_VURRO,Peter,Scaridae,Scarus,sp,,1,AD,Passing,
GX010038_L.MP4,18208,10.1257,KAD_VURRO_Transect 1,0.52,,10.074,7.882,4139.91,21.125,,,-983.13,-1124.605,-3861.032,KAD_VURRO,Peter,Scaridae,Scarus,sp,,1,AD,Passing,
GX010038_L.MP4,18232,10.139,KAD_VURRO_Transect 1,0.5333,125.299,8.828,4.531,2660.264,9.605,45.334,27.69,-106.652,-430.884,-2622.969,KAD_VURRO,Peter,Pomacentridae,Chromis,xanthura,37372057,1,AD,Passing,
GX010038_L.MP4,18252,10.1501,KAD_VURRO_Transect 1,0.5444,133.809,9.455,4.009,2434.757,12.721,66.3,23.084,-38.672,-534.726,-2374.997,KAD_VURRO,Peter,Pomacentridae,Chromis,xanthura,37372057,1,AD,Passing,
GX010038_L.MP4,18252,10.1501,KAD_VURRO_Transect 1,0.5444,73.955,5.038,5.672,2669.686,19.143,24.012,40.454,-42.753,-874.397,-2522.068,KAD_VURRO,Peter,Pomacentridae,Pomacentrus,sp,,1,AD,Passing,
GX010038_L.MP4,18252,10.1501,KAD_VURRO_Transect 1,0.5444,,7.615,9.325,3518.071,19.765,,,382.345,-1128.51,-3310.151,KAD_VURRO,Peter,Pomacentridae,Pomacentrus,sp,,1,AD,Passing,
GX010038_L.MP4,18252,10.1501,KAD_VURRO_Transect 1,0.5444,,6.335,6.692,3221.146,19.831,,,93.796,-1090.48,-3029.494,KAD_VURRO,Peter,Pomacentridae,Pomacentrus,sp,,1,AD,Passing,
GX010038_L.MP4,18284,10.1679,KAD_VURRO_Transect 1,0.5622,60.017,3.856,9.969,2677.646,23.475,6.42,31.867,-703.26,-801.937,-2456.035,KAD_VURRO,Peter,Pomacentridae,Pomacentrus,sp,,1,AD,Passing,
GX010038_L.MP4,18284,10.1679,KAD_VURRO_Transect 1,0.5622,,13.252,4.424,4845.119,25.985,,,-1383.104,1607.81,-4356.277,KAD_VURRO,Peter,Pomacentridae,Pomacentrus,sp,,1,AD,Passing,
GX010038_L.MP4,18284,10.1679,KAD_VURRO_Transect 1,0.5622,,12.22,5.503,4682.699,25.764,,,-1501.229,1371.979,-4218.015,KAD_VURRO,Peter,Pomacentridae,Pomacentrus,sp,,1,AD,Passing,
GX010038_L.MP4,18284,10.1679,KAD_VURRO_Transect 1,0.5622,,10.707,10.322,4399.273,26.075,,,-1487.84,1232.773,-3952.24,KAD_VURRO,Peter,Pomacentridae,Pomacentrus,sp,,1,AD,Passing,
GX010038_L.MP4,18284,10.1679,KAD_VURRO_Transect 1,0.5622,,10.812,8.914,4463.2,26.588,,,-1627.295,1156.311,-3991.868,KAD_VURRO,Peter,Pomacentridae,Pomacentrus,sp,,1,AD,Passing,
GX010038_L.MP4,18341,10.1996,KAD_VURRO_Transect 1,0.5939,96.924,5.415,1.504,3335.891,18.485,13.226,2.503,-337.66,1002.292,-3163.79,KAD_VURRO,Peter,Pomacentridae,Amblyglyphidodon,orbicularis,temp_code_001,1,AD,Passing,
GX010038_L.MP4,18347,10.203,KAD_VURRO_Transect 1,0.5973,93.145,4.282,6.322,1690.621,22.499,85.595,3.638,-626.774,160.302,-1561.94,KAD_VURRO,Peter,Pomacentridae,Amblyglyphidodon,orbicularis,temp_code_001,1,AD,Passing,
GX010038_L.MP4,18379,10.2208,KAD_VURRO_Transect 1,0.6151,83.981,4.047,3.988,1853.447,21.863,45.176,8.624,-687.566,-60.206,-1720.144,KAD_VURRO,Peter,Pomacentridae,Pomacentrus,philippinus,37372123,1,AD,Passing,
GX010038_L.MP4,18432,10.2502,KAD_VURRO_Transect 1,0.6445,104.842,4.943,3.007,2272.048,10.056,49.917,53.801,-91.587,385.998,-2237.145,KAD_VURRO,Peter,Pomacentridae,Amblyglyphidodon,aureus,37372016,1,AD,Passing,
GX010038_L.MP4,18432,10.2502,KAD_VURRO_Transect 1,0.6445,93.499,5.711,3.49,2885.299,18.495,26.014,46.051,-558.453,725.162,-2736.279,KAD_VURRO,Peter,Pomacentridae,Amblyglyphidodon,orbicularis,temp_code_001,1,AD,Passing,
GX010038_L.MP4,18432,10.2502,KAD_VURRO_Transect 1,0.6445,80.236,5.808,7.461,2278.764,22.829,50.512,26.221,-668.131,579.036,-2100.258,KAD_VURRO,Peter,Pomacentridae,Pomacentrus,philippinus,37372123,1,AD,Passing,
GX010038_L.MP4,18432,10.2502,KAD_VURRO_Transect 1,0.6445,,3.695,8.456,2539.87,26.759,,,-943.72,644.487,-2268.252,KAD_VURRO,Peter,Pomacentridae,Pomacentrus,maafu,temp_code_005,1,AD,Passing,
GX010038_L.MP4,18432,10.2502,KAD_VURRO_Transect 1,0.6445,,4.038,10.797,2644.64,26.162,,,-924.075,709.806,-2374.107,KAD_VURRO,Peter,Pomacentridae,Pomacentrus,nigromarginatus,37372121,1,AD,Passing,
GX010038_L.MP4,18432,10.2502,KAD_VURRO_Transect 1,0.6445,,4.438,5.849,2752.165,23.515,,,-897.005,631.9,-2523.984,KAD_VURRO,Peter,Pomacentridae,Pomacentrus,sp,,1,AD,Passing,
GX010038_L.MP4,18528,10.3036,KAD_VURRO_Transect 1,0.6979,100.973,9.054,3.428,3064.586,27.394,37.199,6.35,1231.091,-687.506,-2720.926,KAD_VURRO,Peter,Pomacentridae,Amblyglyphidodon,aureus,37372016,1,AD,Passing,
GX010038_L.MP4,18565,10.3242,KAD_VURRO_Transect 1,0.7185,,8.296,6.697,3665.863,17.424,,,794.816,-759.163,-3497.212,KAD_VURRO,Peter,Pomacentridae,Chromis,xanthura,37372057,1,AD,Passing,
GX010038_L.MP4,18565,10.3242,KAD_VURRO_Transect 1,0.7185,,9.634,13.721,4027.484,19.047,,,1170.067,-600.987,-3806.624,KAD_VURRO,Peter,Pomacentridae,Chromis,xanthura,37372057,1,AD,Passing,
GX010038_L.MP4,18580,10.3325,KAD_VURRO_Transect 1,0.7268,,4.721,3.51,2721.896,17.957,,,491.414,-681.741,-2588.911,KAD_VURRO,Peter,Chaetodontidae,Chaetodon,baronessa,37365034,1,AD,Passing,
GX010038_L.MP4,18635,10.3631,KAD_VURRO_Transect 1,0.7574,69.911,2.689,8.244,1791.558,19.351,33.382,42.944,-498.195,-322.825,-1690.345,KAD_VURRO,Peter,Pomacentridae,Pomacentrus,philippinus,37372123,1,AD,Passing,
GX010038_L.MP4,18642,10.367,KAD_VURRO_Transect 1,0.7613,94.58,4.623,3.035,2075.232,23.301,55.582,33.077,-813.259,111.711,-1905.97,KAD_VURRO,Peter,Pomacentridae,Amblyglyphidodon,orbicularis,temp_code_001,1,AD,Passing,
GX010038_L.MP4,18697,10.3976,KAD_VURRO_Transect 1,0.7919,67.71,4.039,4.361,1831.337,17.595,63.465,43.916,-163.732,-528.822,-1745.661,KAD_VURRO,Peter,Pomacentridae,Pomacentrus,sp,,1,AD,Passing,
GX010038_L.MP4,18720,10.4104,KAD_VURRO_Transect 1,0.8047,,1.943,2.409,1702.646,18.015,,,-182.503,-494.871,-1618.888,KAD_VURRO,Peter,Pomacentridae,Dascyllus,aruanus,37372073,1,AD,Passing,
GX010038_L.MP4,18720,10.4104,KAD_VURRO_Transect 1,0.8047,,2.134,3.211,1780.524,14.757,,,-209.111,-403.463,-1721.557,KAD_VURRO,Peter,Pomacentridae,Dascyllus,aruanus,37372073,1,AD,Passing,
GX010038_L.MP4,18720,10.4104,KAD_VURRO_Transect 1,0.8047,,2.125,4.012,1775.229,13.636,,,-128.85,-399.195,-1724.958,KAD_VURRO,Peter,Pomacentridae,Dascyllus,aruanus,37372073,1,AD,Passing,
GX010038_L.MP4,18720,10.4104,KAD_VURRO_Transect 1,0.8047,,2.815,4.283,2069.11,10.585,,,-164.458,-343.861,-2033.699,KAD_VURRO,Peter,Pomacentridae,Dascyllus,aruanus,37372073,1,AD,Passing,
GX010038_L.MP4,18720,10.4104,KAD_VURRO_Transect 1,0.8047,,2.564,4.499,1965.803,11.639,,,-136.39,-373.521,-1925.165,KAD_VURRO,Peter,Pomacentridae,Dascyllus,aruanus,37372073,1,AD,Passing,
GX010038_L.MP4,18720,10.4104,KAD_VURRO_Transect 1,0.8047,,2.624,1.461,1990.878,11.407,,,-167.754,-357.386,-1951.34,KAD_VURRO,Peter,Pomacentridae,Dascyllus,aruanus,37372073,1,AD,Passing,
GX010038_L.MP4,18720,10.4104,KAD_VURRO_Transect 1,0.8047,,2.688,3.967,2017.174,10.943,,,-163.789,-347.271,-1980.295,KAD_VURRO,Peter,Pomacentridae,Dascyllus,aruanus,37372073,1,AD,Passing,
GX010038_L.MP4,18720,10.4104,KAD_VURRO_Transect 1,0.8047,91.909,2.731,15.355,1486.199,24.091,54.005,16.55,-455.573,-400.6,-1356.746,KAD_VURRO,Peter,Pomacentridae,Pomacentrus,philippinus,37372123,1,AD,Passing,
GX010038_L.MP4,18747,10.4254,KAD_VURRO_Transect 1,0.8197,25.804,1.686,3.654,1660.389,17.744,13.641,26.032,-55.578,-502.961,-1581.402,KAD_VURRO,Peter,Pomacentridae,Dascyllus,aruanus,37372073,1,AD,Passing,
GX010038_L.MP4,18747,10.4254,KAD_VURRO_Transect 1,0.8197,,2.098,4.859,1778.683,18.945,,,-350.27,-460.107,-1682.06,KAD_VURRO,Peter,Pomacentridae,Dascyllus,aruanus,37372073,1,AD,Passing,
GX010038_L.MP4,19246,10.7029,KAD_VURRO_Transect 1,1.0972,,3.536,4.226,2371.546,20.242,,,-88.325,-817.041,-2224.606,KAD_VURRO,Peter,Pomacentridae,Pomacentrus,moluccensis,37372118,1,AD,Passing,
GX010038_L.MP4,19250,10.7051,KAD_VURRO_Transect 1,1.0994,,4.327,18.286,2648.513,21.151,,,-123.432,-949.079,-2469.541,KAD_VURRO,Peter,Pomacentridae,Pomacentrus,moluccensis,37372118,1,AD,Passing,
GX010038_L.MP4,19380,10.7774,KAD_VURRO_Transect 1,1.1717,112.976,10.13,9.455,4064.695,20.396,3.603,68.959,-78.989,-1414.345,-3809.873,KAD_VURRO,Peter,Acanthuridae,Acanthurus,sp,,1,AD,Passing,
GX010038_L.MP4,19428,10.8041,KAD_VURRO_Transect 1,1.1984,,5.59,4.225,3325.741,27.787,,,-1530.719,244.745,-2942.372,KAD_VURRO,Peter,Pomacentridae,Pomacentrus,philippinus,37372123,1,AD,Passing,
GX010038_L.MP4,19476,10.8308,KAD_VURRO_Transect 1,1.2251,136.053,10.265,0.934,2841.881,26.213,84.763,14.555,-1250.33,111.498,-2549.614,KAD_VURRO,Peter,Pomacentridae,Amblyglyphidodon,orbicularis,temp_code_001,1,AD,Passing,
GX010038_L.MP4,19551,10.8725,KAD_VURRO_Transect 1,1.2668,62.24,5.392,1.131,2115.866,18.697,42.258,0.728,435.195,-520.226,-2004.211,KAD_VURRO,Peter,Pomacentridae,Pomacentrus,maafu,temp_code_005,1,AD,Passing,
GX010038_L.MP4,19752,10.9843,KAD_VURRO_Transect 1,1.3786,130.743,8.273,2.122,2799.809,26.14,68.753,33.29,-1232.742,-43.84,-2513.436,KAD_VURRO,Peter,Labridae,Halichoeres,hortulanus,37384112,1,AD,Passing,
GX010038_L.MP4,19787,11.0038,KAD_VURRO_Transect 1,1.3981,180.875,9.091,8.147,2667.345,26.514,72.607,0.928,-1159.054,272.961,-2386.801,KAD_VURRO,Peter,Labridae,Thalassoma,lunare,37384167,1,AD,Passing,
GX010038_L.MP4,19792,11.0066,KAD_VURRO_Transect 1,1.4008,136.798,8.036,6.896,2616.387,26.25,57.876,6.152,-1148.888,138.478,-2346.563,KAD_VURRO,Peter,Pomacanthidae,Centropyge,bicolor,37365022,1,AD,Passing,
GX010038_L.MP4,19792,11.0066,KAD_VURRO_Transect 1,1.4008,85.186,6.203,1.847,2688.918,24.389,31.325,22.755,-1102.305,133.341,-2448.964,KAD_VURRO,Peter,Pomacanthidae,Centropyge,bicolor,37365022,1,AD,Passing,
GX010038_L.MP4,19808,11.0154,KAD_VURRO_Transect 1,1.4097,66.451,3.958,4.231,2482.656,19.556,5.246,13.802,-827.619,-75.212,-2339.438,KAD_VURRO,Peter,Pomacentridae,Pomacentrus,maafu,temp_code_005,1,AD,Passing,
GX010038_L.MP4,19831,11.0282,KAD_VURRO_Transect 1,1.4225,,6.712,7.418,3600.312,32.702,,,1760.445,-829.056,-3029.15,KAD_VURRO,Peter,Pomacentridae,Pomacentrus,sp,,1,AD,Passing,
GX010038_L.MP4,19916,11.0755,KAD_VURRO_Transect 1,1.4698,,7.15,2.6,3698.979,28.244,,,1707.108,-388.989,-3258.36,KAD_VURRO,Peter,Pomacentridae,Pomacentrus,sp,,1,AD,Passing,
GX010038_L.MP4,20045,11.1472,KAD_VURRO_Transect 1,1.5415,101.555,7.195,2.534,2455.338,25.933,57.952,3.4,-1061.487,161.924,-2208.101,KAD_VURRO,Peter,Pomacentridae,Pomacentrus,philippinus,37372123,1,AD,Passing,
GX010038_L.MP4,20113,11.1851,KAD_VURRO_Transect 1,1.5794,95.24,5.56,5.238,2098.972,23.582,64.847,20.931,-794.983,270.377,-1923.69,KAD_VURRO,Peter,Pomacentridae,Amblyglyphidodon,orbicularis,temp_code_001,1,AD,Passing,
GX010038_L.MP4,20135,11.1973,KAD_VURRO_Transect 1,1.5916,80.296,3.448,2.87,2406.283,16.449,1.865,7.884,-663.516,154.86,-2307.805,KAD_VURRO,Peter,Pomacentridae,Amblyglyphidodon,orbicularis,temp_code_001,1,AD,Passing,
GX010038_L.MP4,20135,11.1973,KAD_VURRO_Transect 1,1.5916,108.248,5.523,2.411,2655.82,23.073,23.617,25.687,928.382,-470.523,-2443.377,KAD_VURRO,Peter,Scaridae,Chlorurus,spilurus,temp_code_002,1,AD,Passing,
GX010038_L.MP4,20135,11.1973,KAD_VURRO_Transect 1,1.5916,,4.858,4.601,2860.675,16.024,,,-784.228,90.946,-2749.578,KAD_VURRO,Peter,Pomacentridae,Chromis,xanthura,37372057,1,AD,Passing,
GX010038_L.MP4,20135,11.1973,KAD_VURRO_Transect 1,1.5916,,5.154,7.703,2999.288,18.764,,,-963.557,-49.93,-2839.858,KAD_VURRO,Peter,Pomacentridae,Pomacentrus,maafu,temp_code_005,1,AD,Passing,
GX010038_L.MP4,20157,11.2095,KAD_VURRO_Transect 1,1.6038,177.686,8.876,5.883,2817.8,19.997,72.27,41.833,-963.579,-7.214,-2647.916,KAD_VURRO,Peter,Scaridae,Chlorurus,spilurus,temp_code_002,1,AD,Passing,
GX010038_L.MP4,20179,11.2218,KAD_VURRO_Transect 1,1.6161,,1.272,4.608,1342.877,19.938,,,-424.5,-172.475,-1262.288,KAD_VURRO,Peter,Epinephelidae,Epinephelus,merra,37311063,1,AD,Passing,
GX010038_L.MP4,20229,11.2496,KAD_VURRO_Transect 1,1.6439,129.972,9.981,6.223,3126.344,28.223,54.67,26.393,1447.502,-300.874,-2754.676,KAD_VURRO,Peter,Pomacentridae,Chromis,xanthura,37372057,1,AD,Passing,
GX010038_L.MP4,20229,11.2496,KAD_VURRO_Transect 1,1.6439,86.938,3.733,3.191,2151.91,13.307,47.519,60.548,-280.455,-408.25,-2094.133,KAD_VURRO,Peter,Pomacentridae,Pomacentrus,philippinus,37372123,1,AD,Passing,
GX010038_L.MP4,20291,11.2841,KAD_VURRO_Transect 1,1.6783,124.112,6.634,3.795,2562.078,20.387,35.58,7.471,289.001,-844.435,-2401.593,KAD_VURRO,Peter,Acanthuridae,Zebrasoma,scopas,37437036,1,AD,Passing,
GX010038_L.MP4,20334,11.308,KAD_VURRO_Transect 1,1.7023,163.465,4.135,3.452,3177.35,8.712,8.921,27.764,-245.542,-413.933,-3140.688,KAD_VURRO,Peter,Scaridae,Chlorurus,spilurus,temp_code_002,1,AD,Passing,
GX010038_L.MP4,20334,11.308,KAD_VURRO_Transect 1,1.7023,178.084,7.458,2.229,2318.253,9.349,49.734,22.226,-89.499,-365.806,-2287.46,KAD_VURRO,Peter,Balistidae,Sufflamen,chrysopterum,37465079,1,AD,Passing,
GX010038_L.MP4,20352,11.318,KAD_VURRO_Transect 1,1.7123,151.799,12.689,3.183,3078.082,25.056,85.641,6.222,-1302.492,-53.793,-2788.406,KAD_VURRO,Peter,Acanthuridae,Acanthurus,sp,,1,AD,Passing,
GX010038_L.MP4,20352,11.318,KAD_VURRO_Transect 1,1.7123,168.448,15.049,4.128,3915.18,25.504,39.931,3.122,-1668.531,240.439,-3533.671,KAD_VURRO,Peter,Acanthuridae,Acanthurus,sp,,1,AD,Passing,
GX010038_L.MP4,20352,11.318,KAD_VURRO_Transect 1,1.7123,116.017,10.052,1.799,3628.947,27.928,21.069,7.188,-1697.578,83.769,-3206.317,KAD_VURRO,Peter,Balistidae,Sufflamen,chrysopterum,37465079,1,AD,Passing,
GX010038_L.MP4,20360,11.3224,KAD_VURRO_Transect 1,1.7167,53.66,2.044,3.348,1945.515,21.335,3.707,9.916,394.979,-587.367,-1812.187,KAD_VURRO,Peter,Pomacentridae,Pomacentrus,moluccensis,37372118,1,AD,Passing,
GX010038_L.MP4,20368,11.3269,KAD_VURRO_Transect 1,1.7212,87.857,7.723,6.06,2495.86,12.379,53.715,38.089,-94.657,-526.603,-2437.836,KAD_VURRO,Peter,Labridae,Thalassoma,lunare,37384167,1,AD,Passing,
GX010038_L.MP4,20395,11.3419,KAD_VURRO_Transect 1,1.7362,173.67,14.486,7.336,3633.99,16.712,36.96,2.644,209.784,-1023.748,-3480.491,KAD_VURRO,Peter,Pomacanthidae,Pygoplites,diacanthus,37365082,1,AD,Passing,
GX010038_L.MP4,20449,11.3719,KAD_VURRO_Transect 1,1.7662,215.164,7.641,6.997,2786.07,8.706,29.429,9.418,-256.293,-334.896,-2753.969,KAD_VURRO,Peter,Scaridae,Chlorurus,bleekeri,37386011,1,AD,Passing,
GX010038_L.MP4,20589,11.4498,KAD_VURRO_Transect 1,1.8441,108.045,5.727,3.218,2928.845,28.014,24.107,41.185,1224.373,-627.091,-2585.692,KAD_VURRO,Peter,Acanthuridae,Acanthurus,sp,,1,AD,Passing,
GX010038_L.MP4,20633,11.4742,KAD_VURRO_Transect 1,1.8685,,11.384,4.012,4467.808,23.185,,,-1315.601,1165.151,-4107.666,KAD_VURRO,Peter,Pomacentridae,Chromis,xanthura,37372057,1,AD,Passing,
GX010038_L.MP4,20633,11.4742,KAD_VURRO_Transect 1,1.8685,,14.419,0.051,5014.189,22.405,,,-1376.193,1323.433,-4636.454,KAD_VURRO,Peter,Pomacentridae,Chromis,xanthura,37372057,1,AD,Passing,
GX010038_L.MP4,20633,11.4742,KAD_VURRO_Transect 1,1.8685,,14.055,8.172,4934.433,21.754,,,-1304.167,1279.353,-4583.779,KAD_VURRO,Peter,Pomacentridae,Chromis,xanthura,37372057,1,AD,Passing,
GX010038_L.MP4,20633,11.4742,KAD_VURRO_Transect 1,1.8685,,13.902,2.37,4878.539,20.663,,,-1175.481,1255.054,-4565.438,KAD_VURRO,Peter,Pomacentridae,Chromis,xanthura,37372057,1,AD,Passing,
GX010038_L.MP4,20633,11.4742,KAD_VURRO_Transect 1,1.8685,,11.796,1.539,4549.613,23.792,,,-1325.197,1267.398,-4163.716,KAD_VURRO,Peter,Pomacentridae,Chromis,xanthura,37372057,1,AD,Passing,
GX010038_L.MP4,20633,11.4742,KAD_VURRO_Transect 1,1.8685,,12.066,0.141,4618.97,23.686,,,-1407.619,1206.574,-4230.564,KAD_VURRO,Peter,Pomacentridae,Chromis,xanthura,37372057,1,AD,Passing,
GX010038_L.MP4,20633,11.4742,KAD_VURRO_Transect 1,1.8685,,11.338,6.713,4506.346,24.915,,,-1465.453,1204.469,-4087.647,KAD_VURRO,Peter,Pomacentridae,Chromis,xanthura,37372057,1,AD,Passing,
GX010038_L.MP4,20633,11.4742,KAD_VURRO_Transect 1,1.8685,,12.865,0.76,4776.385,24.216,,,-1456.067,1308.295,-4356.844,KAD_VURRO,Peter,Pomacentridae,Chromis,xanthura,37372057,1,AD,Passing,
GX010038_L.MP4,20633,11.4742,KAD_VURRO_Transect 1,1.8685,,13.527,10.591,4907.083,24.735,,,-1507.247,1391.698,-4457.673,KAD_VURRO,Peter,Pomacentridae,Chromis,xanthura,37372057,1,AD,Passing,
GX010038_L.MP4,20633,11.4742,KAD_VURRO_Transect 1,1.8685,,13.121,2.947,4833.106,25.124,,,-1480.465,1418.4,-4376.674,KAD_VURRO,Peter,Pomacentridae,Chromis,xanthura,37372057,1,AD,Passing,
GX010038_L.MP4,20633,11.4742,KAD_VURRO_Transect 1,1.8685,,11.202,8.607,4492.878,25.355,,,-1500.349,1201.992,-4060.803,KAD_VURRO,Peter,Pomacentridae,Chromis,xanthura,37372057,1,AD,Passing,
GX010038_L.MP4,20633,11.4742,KAD_VURRO_Transect 1,1.8685,,16.446,1.54,5288.97,18.651,,,-1139.952,1246.651,-5011.943,KAD_VURRO,Peter,Pomacentridae,Chromis,xanthura,37372057,1,AD,Passing,
GX010038_L.MP4,20634,11.4748,KAD_VURRO_Transect 1,1.8691,60.804,3.253,4.745,1886.334,20.919,38.515,45.034,114.266,-663.755,-1761.995,KAD_VURRO,Peter,Pomacentridae,Pomacentrus,moluccensis,37372118,1,AD,Passing,
GX010038_L.MP4,20654,11.4859,KAD_VURRO_Transect 1,1.8802,,6.109,0.554,3344.602,22.72,,,-1249.69,-328.91,-3084.875,KAD_VURRO,Peter,Pomacentridae,Dascyllus,aruanus,37372073,1,AD,Passing,
GX010038_L.MP4,20679,11.4998,KAD_VURRO_Transect 1,1.8941,,8.453,5.14,4010.87,25.579,,,-1624.057,599.014,-3618.107,KAD_VURRO,Peter,Pomacentridae,Chromis,xanthura,37372057,1,AD,Passing,
GX010038_L.MP4,20679,11.4998,KAD_VURRO_Transect 1,1.8941,,12.363,3.897,4779.71,23.593,,,-1714.51,846.063,-4380.669,KAD_VURRO,Peter,Pomacentridae,Chromis,xanthura,37372057,1,AD,Passing,
GX010038_L.MP4,20679,11.4998,KAD_VURRO_Transect 1,1.8941,,11.223,0.81,4576.558,24.646,,,-1716.456,831.816,-4160.137,KAD_VURRO,Peter,Pomacentridae,Chromis,xanthura,37372057,1,AD,Passing,
GX010038_L.MP4,20712,11.5182,KAD_VURRO_Transect 1,1.9125,,5.88,10.036,3369.683,30.256,,,-1519.057,756.734,-2911.114,KAD_VURRO,Peter,Pomacentridae,Amblyglyphidodon,aureus,37372016,1,AD,Passing,
GX010038_L.MP4,20767,11.5488,KAD_VURRO_Transect 1,1.9431,,7.38,1.898,3898.05,28.508,,,-1851.149,184.153,-3425.512,KAD_VURRO,Peter,Acanthuridae,Acanthurus,sp,,1,AD,Passing,
GX010038_L.MP4,20767,11.5488,KAD_VURRO_Transect 1,1.9431,93.618,3.498,6.847,2520.346,21.778,12.3,47.774,932.538,68.592,-2340.473,KAD_VURRO,Peter,Pomacentridae,Chromis,xanthura,37372057,1,AD,Passing,
GX010038_L.MP4,20767,11.5488,KAD_VURRO_Transect 1,1.9431,99.212,4.685,10.547,2797.519,23.002,17.372,44.509,1057.309,277.664,-2575.094,KAD_VURRO,Peter,Pomacentridae,Chromis,xanthura,37372057,1,AD,Passing,
GX010038_L.MP4,20767,11.5488,KAD_VURRO_Transect 1,1.9431,62.66,3.462,5.305,2654.495,17.009,3.56,9.248,-557.427,-540.563,-2538.388,KAD_VURRO,Peter,Pomacentridae,Pomacentrus,philippinus,37372123,1,AD,Passing,
GX010038_L.MP4,20767,11.5488,KAD_VURRO_Transect 1,1.9431,,2.225,10.245,1917.658,25.217,,,-735.9,-355.94,-1734.696,KAD_VURRO,Peter,Pomacentridae,Pomacentrus,maafu,temp_code_005,1,AD,Passing,
GX010038_L.MP4,20832,11.5849,KAD_VURRO_Transect 1,1.9792,59.109,5.071,3.497,2406.065,27.058,43.943,37.307,1084.62,-146.667,-2142.717,KAD_VURRO,Peter,Pomacentridae,Chromis,xanthura,37372057,1,AD,Passing,
GX010038_L.MP4,20850,11.5949,KAD_VURRO_Transect 1,1.9892,,2.824,9.593,2205.873,26.103,,,-864.693,-441.915,-1980.629,KAD_VURRO,Peter,Pomacentridae,Dascyllus,aruanus,37372073,1,AD,Passing,
GX010038_L.MP4,20855,11.5977,KAD_VURRO_Transect 1,1.992,88.601,5.966,5.548,2375.324,26.977,48.966,21.692,1069.337,-132.478,-2116.869,KAD_VURRO,Peter,Pomacentridae,Amblyglyphidodon,aureus,37372016,1,AD,Passing,
GX010038_L.MP4,20875,11.6088,KAD_VURRO_Transect 1,2.0031,,3.432,6.583,2494.195,27.575,,,1154.108,32.454,-2210.88,KAD_VURRO,Peter,Pomacentridae,Dascyllus,reticulatus,37372074,1,AD,Passing,
GX010038_L.MP4,20875,11.6088,KAD_VURRO_Transect 1,2.0031,,3.666,4.85,2616.389,28.907,,,1264.505,-25.552,-2290.385,KAD_VURRO,Peter,Pomacentridae,Dascyllus,reticulatus,37372074,1,AD,Passing,
GX010038_L.MP4,20875,11.6088,KAD_VURRO_Transect 1,2.0031,,3.726,4.556,2605.197,27.348,,,1194.887,-69.427,-2313.974,KAD_VURRO,Peter,Pomacentridae,Dascyllus,reticulatus,37372074,1,AD,Passing,
GX010038_L.MP4,20877,11.6099,KAD_VURRO_Transect 1,2.0042,,2.493,2.451,2077.836,25.117,,,-877.319,-91.563,-1881.31,KAD_VURRO,Peter,Pomacentridae,Dascyllus,aruanus,37372073,1,AD,Passing,
GX010038_L.MP4,20899,11.6222,KAD_VURRO_Transect 1,2.0165,95.38,5.108,6.223,1925.555,22.975,81.547,20.161,-717.624,-223.453,-1772.807,KAD_VURRO,Peter,Pomacentridae,Amblyglyphidodon,orbicularis,temp_code_001,1,AD,Passing,
GX010038_L.MP4,20899,11.6222,KAD_VURRO_Transect 1,2.0165,86.615,8.085,4.91,2383.317,11.604,52.078,16.181,-431.356,-209.211,-2334.601,KAD_VURRO,Peter,Pomacentridae,Amblyglyphidodon,orbicularis,temp_code_001,1,AD,Passing,
GX010038_L.MP4,20899,11.6222,KAD_VURRO_Transect 1,2.0165,188.761,14.013,8.382,2751.245,12.315,84.326,9.737,414.045,-415.826,-2687.937,KAD_VURRO,Peter,Scaridae,Chlorurus,spilurus,temp_code_002,1,AD,Passing,
GX010038_L.MP4,20899,11.6222,KAD_VURRO_Transect 1,2.0165,258.123,15.079,11.187,4167.768,17.412,24.482,0.878,1231.459,-197.342,-3976.79,KAD_VURRO,Peter,Scaridae,Chlorurus,spilurus,temp_code_002,1,AD,Passing,
GX010038_L.MP4,20899,11.6222,KAD_VURRO_Transect 1,2.0165,55.273,4.147,6.352,2452.884,22.675,4.043,17.54,942.901,-71.544,-2263.285,KAD_VURRO,Peter,Pomacentridae,Dascyllus,reticulatus,37372074,1,AD,Passing,
GX010038_L.MP4,20899,11.6222,KAD_VURRO_Transect 1,2.0165,49.232,4.741,4.684,2203.795,24.785,31.846,9.887,914.115,-133.786,-2000.801,KAD_VURRO,Peter,Pomacentridae,Dascyllus,reticulatus,37372074,1,AD,Passing,
GX010038_L.MP4,20899,11.6222,KAD_VURRO_Transect 1,2.0165,,4.305,7.704,2774.672,25.703,,,1187.004,-199.484,-2500.007,KAD_VURRO,Peter,Pomacentridae,Dascyllus,reticulatus,37372074,1,AD,Passing,
GX010038_L.MP4,20899,11.6222,KAD_VURRO_Transect 1,2.0165,,2.902,2.497,2245.847,26.93,,,998.45,-195.245,-2002.2,KAD_VURRO,Peter,Pomacentridae,Dascyllus,reticulatus,37372074,1,AD,Passing,
GX010038_L.MP4,20899,11.6222,KAD_VURRO_Transect 1,2.0165,,3.295,1.782,2449.306,28.844,,,1161.493,-218.31,-2145.315,KAD_VURRO,Peter,Pomacentridae,Dascyllus,reticulatus,37372074,1,AD,Passing,
GX010038_L.MP4,20899,11.6222,KAD_VURRO_Transect 1,2.0165,94.228,3.537,3.984,2176.611,17.871,14.949,1.551,602.505,-288.307,-2071.594,KAD_VURRO,Peter,Labridae,Oxycheilinus,digrammus,37384065,1,AD,Passing,
GX010038_L.MP4,20899,11.6222,KAD_VURRO_Transect 1,2.0165,108.344,7.829,9.685,2978.597,16.339,25.952,4.613,634.736,-547.047,-2858.302,KAD_VURRO,Peter,Labridae,Oxycheilinus,digrammus,37384065,1,AD,Passing,
GX010038_L.MP4,20899,11.6222,KAD_VURRO_Transect 1,2.0165,62.228,1.693,4.153,1807.932,11.817,7.735,0.222,152.223,-337.51,-1769.614,KAD_VURRO,Peter,Pomacentridae,Pomacentrus,callainus,temp_code_004,1,AD,Passing,
GX010038_L.MP4,20903,11.6244,KAD_VURRO_Transect 1,2.0187,116.087,5.318,2.008,1816.524,18.726,73.336,6.783,450.788,-369.984,-1720.367,KAD_VURRO,Peter,Mullidae,Parupeneus,cyclostomus,37355025,1,AD,Passing,
GX010038_L.MP4,20954,11.6528,KAD_VURRO_Transect 1,2.047,91.173,8.708,3.687,2564.091,7.154,54.881,34.987,-305.438,-93.089,-2544.132,KAD_VURRO,Peter,Labridae,Thalassoma,lunare,37384167,1,AD,Passing,
GX010038_L.MP4,34324,19.088,KAD_VURRO_Transect 2,0.2452,139.456,5.469,6.656,1958.364,22.846,79.638,13.149,-733.687,199.554,-1804.736,KAD_VURRO,Peter,Acanthuridae,Acanthurus,sp,,1,AD,Passing,
GX010038_L.MP4,34336,19.0946,KAD_VURRO_Transect 2,0.2519,43.162,3.875,5.521,1961.064,17.87,32.709,17.246,-582.03,-152.849,-1866.454,KAD_VURRO,Peter,Pomacentridae,Pomacentrus,maafu,temp_code_005,1,AD,Passing,
GX010038_L.MP4,34401,19.1308,KAD_VURRO_Transect 2,0.2881,82.413,2.603,4.573,1938.322,22.488,33.515,51.847,-741.117,-19.638,-1790.936,KAD_VURRO,Peter,Labridae,Thalassoma,lunare,37384167,1,AD,Passing,
GX010038_L.MP4,34422,19.1425,KAD_VURRO_Transect 2,0.2997,71.946,6.313,7.498,3038.724,22.288,22.192,34.131,529.849,-1023.426,-2811.708,KAD_VURRO,Peter,Chaetodontidae,Chaetodon,lunulatus,37365059,1,AD,Passing,
GX010038_L.MP4,34430,19.1469,KAD_VURRO_Transect 2,0.3042,95.545,8.115,1.221,2679.725,23.715,84.278,47.663,618.935,-882.329,-2453.435,KAD_VURRO,Peter,Acanthuridae,Acanthurus,sp,,1,AD,Passing,
GX010038_L.MP4,34435,19.1497,KAD_VURRO_Transect 2,0.307,,7.98,10.944,3996.515,31.258,,,-1890.093,851.214,-3416.888,KAD_VURRO,Peter,Pomacanthidae,Centropyge,bicolor,37365022,1,AD,Passing,
GX010038_L.MP4,34449,19.1575,KAD_VURRO_Transect 2,0.3148,161.308,8.815,7.782,2637.49,21.912,58.533,29.528,252.34,-951.376,-2446.95,KAD_VURRO,Peter,Pomacanthidae,Centropyge,bicolor,37365022,1,AD,Passing,
GX010038_L.MP4,34462,19.1647,KAD_VURRO_Transect 2,0.322,,8.244,4.17,3952,26.157,,,-1600.524,686.063,-3547.668,KAD_VURRO,Peter,Acanthuridae,Acanthurus,sp,,1,AD,Passing,
GX010038_L.MP4,34466,19.1669,KAD_VURRO_Transect 2,0.3242,,5.224,18.796,3168.309,31.466,,,-1443.585,805.38,-2702.889,KAD_VURRO,Peter,Acanthuridae,Acanthurus,sp,,1,AD,Passing,
GX010038_L.MP4,34478,19.1736,KAD_VURRO_Transect 2,0.3309,170.275,14.572,14.645,3510.992,29.447,86.314,14.076,-1577.402,700.795,-3057.409,KAD_VURRO,Peter,Scaridae,Chlorurus,spilurus,temp_code_002,1,AD,Passing,
GX010038_L.MP4,34547,19.212,KAD_VURRO_Transect 2,0.3693,109.605,9.612,6.76,3291.827,11.76,26.14,0.68,339.395,-578.735,-3222.732,KAD_VURRO,Peter,Acanthuridae,Acanthurus,sp,,1,AD,Passing,
GX010038_L.MP4,34547,19.212,KAD_VURRO_Transect 2,0.3693,,10.458,4.493,4263.116,24.86,,,1478.518,-1015.166,-3867.503,KAD_VURRO,Peter,Acanthuridae,Acanthurus,sp,,1,AD,Passing,
GX010038_L.MP4,34547,19.212,KAD_VURRO_Transect 2,0.3693,,9.051,0.168,3973.352,26.844,,,1398.168,-1126.479,-3544.531,KAD_VURRO,Peter,Acanthuridae,Acanthurus,sp,,1,AD,Passing,
GX010038_L.MP4,34990,19.4583,KAD_VURRO_Transect 2,0.6156,250.56,13.134,4.424,3038.66,25.593,76.75,2.414,982.859,-870.042,-2740.524,KAD_VURRO,Peter,Lethrinidae,Monotaxis,grandoculis,37351026,1,AD,Passing,
GX010038_L.MP4,35125,19.5334,KAD_VURRO_Transect 2,0.6907,,5.866,13.002,3397.721,30.119,,,-1589.781,614.306,-2939.343,KAD_VURRO,Peter,Pomacentridae,Chromis,xanthura,37372057,1,AD,Passing,
GX010038_L.MP4,35177,19.5623,KAD_VURRO_Transect 2,0.7196,,7.399,2.529,3581.639,27.798,,,1228.711,-1133.323,-3167.647,KAD_VURRO,Peter,Pomacentridae,Pomacentrus,sp,,1,AD,Passing,
GX010038_L.MP4,35199,19.5746,KAD_VURRO_Transect 2,0.7318,168.372,12.849,9.501,3883.351,10.864,35.882,45.017,-323.734,656.476,-3813.745,KAD_VURRO,Peter,Caesionidae,Pterocaesio,tile,37346063,1,AD,Passing,
GX010038_L.MP4,35199,19.5746,KAD_VURRO_Transect 2,0.7318,204.06,19.675,12.331,3757.536,5.899,49.372,24.396,-179.524,341.948,-3737.635,KAD_VURRO,Peter,Caesionidae,Pterocaesio,tile,37346063,1,AD,Passing,
GX010038_L.MP4,35199,19.5746,KAD_VURRO_Transect 2,0.7318,186.256,8.587,11.998,3732.969,8.626,23.59,46.94,266.133,492.596,-3690.743,KAD_VURRO,Peter,Caesionidae,Pterocaesio,tile,37346063,1,AD,Passing,
GX010038_L.MP4,35199,19.5746,KAD_VURRO_Transect 2,0.7318,153.727,5.368,7.975,3894.911,9.612,8.897,56.213,460.939,458.832,-3840.226,KAD_VURRO,Peter,Caesionidae,Pterocaesio,tile,37346063,1,AD,Passing,
GX010038_L.MP4,35199,19.5746,KAD_VURRO_Transect 2,0.7318,185.164,4.429,9.638,3625.552,7.325,4.971,31.631,403.434,225.679,-3595.961,KAD_VURRO,Peter,Caesionidae,Pterocaesio,tile,37346063,1,AD,Passing,
GX010038_L.MP4,35199,19.5746,KAD_VURRO_Transect 2,0.7318,157.784,5.325,10.597,3734.619,10.753,9.258,48.359,692.782,74.39,-3669.046,KAD_VURRO,Peter,Caesionidae,Pterocaesio,tile,37346063,1,AD,Passing,
GX010038_L.MP4,35199,19.5746,KAD_VURRO_Transect 2,0.7318,211.844,9.819,9.691,4521.649,17.595,8.657,49.171,-394.59,1308.618,-4310.119,KAD_VURRO,Peter,Caesionidae,Pterocaesio,tile,37346063,1,AD,Passing,
GX010038_L.MP4,35199,19.5746,KAD_VURRO_Transect 2,0.7318,212.3,18.672,12.805,4154.859,26.945,51.081,8.287,-1521.876,1108.336,-3703.828,KAD_VURRO,Peter,Caesionidae,Pterocaesio,tile,37346063,1,AD,Passing,
GX010038_L.MP4,35199,19.5746,KAD_VURRO_Transect 2,0.7318,,13.455,2.563,4702.118,14.443,,,836.916,818.864,-4554.003,KAD_VURRO,Peter,Caesionidae,Pterocaesio,tile,37346063,1,AD,Passing,
GX010038_L.MP4,35199,19.5746,KAD_VURRO_Transect 2,0.7318,,9.463,8.589,3955.831,14.718,,,893.53,457.802,-3826.306,KAD_VURRO,Peter,Caesionidae,Pterocaesio,tile,37346063,1,AD,Passing,
GX010038_L.MP4,35199,19.5746,KAD_VURRO_Transect 2,0.7318,,15.119,9.916,5055.436,20.156,,,1435.434,984.223,-4746.395,KAD_VURRO,Peter,Caesionidae,Pterocaesio,tile,37346063,1,AD,Passing,
GX010038_L.MP4,35199,19.5746,KAD_VURRO_Transect 2,0.7318,,9.632,8.711,4085.792,21.885,,,1389.292,621.753,-3791.7,KAD_VURRO,Peter,Caesionidae,Pterocaesio,tile,37346063,1,AD,Passing,
GX010038_L.MP4,35199,19.5746,KAD_VURRO_Transect 2,0.7318,,12.781,13.419,4793.092,24.17,,,1807.987,760.797,-4373.34,KAD_VURRO,Peter,Caesionidae,Pterocaesio,tile,37346063,1,AD,Passing,
GX010038_L.MP4,35199,19.5746,KAD_VURRO_Transect 2,0.7318,,9.725,12.676,4165.883,21.735,,,1503.723,342.294,-3869.914,KAD_VURRO,Peter,Caesionidae,Pterocaesio,tile,37346063,1,AD,Passing,
GX010038_L.MP4,35199,19.5746,KAD_VURRO_Transect 2,0.7318,,10.742,10.628,4510.064,26.145,,,1936.088,445.896,-4048.878,KAD_VURRO,Peter,Caesionidae,Pterocaesio,tile,37346063,1,AD,Passing,
GX010038_L.MP4,35199,19.5746,KAD_VURRO_Transect 2,0.7318,,8.272,2.66,3860.892,21.893,,,1438.936,-47.689,-3582.412,KAD_VURRO,Peter,Caesionidae,Pterocaesio,tile,37346063,1,AD,Passing,
GX010038_L.MP4,35199,19.5746,KAD_VURRO_Transect 2,0.7318,,6.813,3.956,3624.202,27.52,,,1671.478,-103.955,-3214.062,KAD_VURRO,Peter,Caesionidae,Pterocaesio,tile,37346063,1,AD,Passing,
GX010038_L.MP4,35199,19.5746,KAD_VURRO_Transect 2,0.7318,,15.366,1.007,5149.166,23.254,,,1665.849,1162.39,-4731.565,KAD_VURRO,Peter,Caesionidae,Pterocaesio,tile,37346063,1,AD,Passing,
GX010038_L.MP4,35199,19.5746,KAD_VURRO_Transect 2,0.7318,,13.696,1.427,5048.315,26.954,,,2111.701,878.757,-4500.444,KAD_VURRO,Peter,Caesionidae,Pterocaesio,tile,37346063,1,AD,Passing,
GX010038_L.MP4,35199,19.5746,KAD_VURRO_Transect 2,0.7318,,10.051,10.905,4518.463,29.645,,,2223.879,219.607,-3927.168,KAD_VURRO,Peter,Caesionidae,Pterocaesio,tile,37346063,1,AD,Passing,
GX010038_L.MP4,35199,19.5746,KAD_VURRO_Transect 2,0.7318,,11.477,14.022,4818.723,32.963,,,2477.364,856.032,-4043.509,KAD_VURRO,Peter,Caesionidae,Pterocaesio,tile,37346063,1,AD,Passing,
GX010038_L.MP4,35199,19.5746,KAD_VURRO_Transect 2,0.7318,,9.036,12.627,4199.052,32.101,,,-1850.788,1244.461,-3557.8,KAD_VURRO,Peter,Caesionidae,Pterocaesio,tile,37346063,1,AD,Passing,
GX010038_L.MP4,35209,19.5801,KAD_VURRO_Transect 2,0.7374,82.838,3.869,7.794,2540.678,26.719,10.654,44.201,817.457,-797.895,-2269.398,KAD_VURRO,Peter,Acanthuridae,Acanthurus,sp,,1,AD,Passing,
GX010038_L.MP4,35209,19.5801,KAD_VURRO_Transect 2,0.7374,117.215,4.3,5.094,3188.97,13.578,9.432,52.137,-613.835,428.656,-3099.837,KAD_VURRO,Peter,Pomacentridae,Chromis,xanthura,37372057,1,AD,Passing,
GX010038_L.MP4,35209,19.5801,KAD_VURRO_Transect 2,0.7374,,5.706,9.211,3045.368,18.443,,,834.604,-482.974,-2888.674,KAD_VURRO,Peter,Pomacentridae,Chromis,xanthura,37372057,1,AD,Passing,
GX010038_L.MP4,35238,19.5962,KAD_VURRO_Transect 2,0.7535,66.071,5.828,2.247,2716.079,24.299,44.937,54.401,799.83,-780.677,-2475.459,KAD_VURRO,Peter,Pomacentridae,Dascyllus,reticulatus,37372074,1,AD,Passing,
GX010038_L.MP4,35238,19.5962,KAD_VURRO_Transect 2,0.7535,,5.622,7.383,3004.234,20.925,,,697.123,-817.288,-2805.616,KAD_VURRO,Peter,Pomacentridae,Dascyllus,reticulatus,37372074,1,AD,Passing,
GX010038_L.MP4,35238,19.5962,KAD_VURRO_Transect 2,0.7535,,6.121,5.272,3142.417,20.715,,,756.928,-815.67,-2938.797,KAD_VURRO,Peter,Pomacentridae,Dascyllus,reticulatus,37372074,1,AD,Passing,
GX010038_L.MP4,35238,19.5962,KAD_VURRO_Transect 2,0.7535,,5.625,0.683,2988.327,18.184,,,605.375,-711,-2838.679,KAD_VURRO,Peter,Pomacentridae,Dascyllus,reticulatus,37372074,1,AD,Passing,
GX010038_L.MP4,35238,19.5962,KAD_VURRO_Transect 2,0.7535,,5.042,5.141,2819.929,18.446,,,529.461,-719.729,-2674.632,KAD_VURRO,Peter,Pomacentridae,Dascyllus,reticulatus,37372074,1,AD,Passing,
GX010038_L.MP4,35267,19.6124,KAD_VURRO_Transect 2,0.7697,65.648,6.441,5.82,1999.533,17.098,69.312,11.789,-37.048,-586.694,-1911.164,KAD_VURRO,Peter,Pomacentridae,Dascyllus,reticulatus,37372074,1,AD,Passing,
GX010038_L.MP4,35273,19.6157,KAD_VURRO_Transect 2,0.773,258.869,11.195,1.944,2971.28,25.074,81.771,20.256,-1258.793,31.417,-2691.274,KAD_VURRO,Peter,Scaridae,Chlorurus,spilurus,temp_code_002,1,AD,Passing,
GX010038_L.MP4,35299,19.6302,KAD_VURRO_Transect 2,0.7875,160.588,7.215,4.142,2327.548,25.03,74.557,7.264,-981.83,-75.877,-2108.964,KAD_VURRO,Peter,Pomacentridae,Amblyglyphidodon,orbicularis,temp_code_001,1,AD,Passing,
GX010038_L.MP4,35299,19.6302,KAD_VURRO_Transect 2,0.7875,196.257,10.258,18.362,3078.372,24.747,49.417,21.285,-895.07,-927.079,-2795.666,KAD_VURRO,Peter,Scaridae,Chlorurus,spilurus,temp_code_002,1,AD,Passing,
GX010038_L.MP4,35299,19.6302,KAD_VURRO_Transect 2,0.7875,128.478,8.125,3.438,2294.781,16.459,74.996,25.906,-304.438,-574.5,-2200.747,KAD_VURRO,Peter,Pomacentridae,Chromis,xanthura,37372057,1,AD,Passing,
GX010038_L.MP4,35299,19.6302,KAD_VURRO_Transect 2,0.7875,,10.1,0.228,4280.044,17.98,,,-1310.569,-169.437,-4070.931,KAD_VURRO,Peter,Pomacentridae,Chromis,xanthura,37372057,1,AD,Passing,
GX010038_L.MP4,35299,19.6302,KAD_VURRO_Transect 2,0.7875,76.357,5.771,6.852,2674.029,20.424,29.378,31.592,-638.889,-680.11,-2505.934,KAD_VURRO,Peter,Pomacentridae,Pomacentrus,philippinus,37372123,1,AD,Passing,
GX010038_L.MP4,35328,19.6463,KAD_VURRO_Transect 2,0.8036,139.907,3.15,15.955,1961.995,23.639,26.065,6.086,-452.332,-643.677,-1797.359,KAD_VURRO,Peter,Scaridae,Chlorurus,spilurus,temp_code_002,1,AD,Passing,
GX010038_L.MP4,35409,19.6913,KAD_VURRO_Transect 2,0.8486,112.747,8.675,1.578,3650.961,16.796,15.114,0.928,-929.811,498.456,-3495.212,KAD_VURRO,Peter,Pomacentridae,Chromis,xanthura,37372057,1,AD,Passing,
GX010038_L.MP4,35409,19.6913,KAD_VURRO_Transect 2,0.8486,100.168,5.586,4.323,2640.693,21.479,20.7,7.156,-953.902,158.19,-2457.297,KAD_VURRO,Peter,Labridae,Cirrhilabrus,sp,,1,AD,Passing,
GX010038_L.MP4,35420,19.6975,KAD_VURRO_Transect 2,0.8547,157.731,11.655,5.419,2859.976,17.182,56.542,1.141,-725.275,-433.319,-2732.338,KAD_VURRO,Peter,Acanthuridae,Acanthurus,sp,,1,AD,Passing,
GX010038_L.MP4,35420,19.6975,KAD_VURRO_Transect 2,0.8547,116.874,4.713,2.274,1947.885,20.176,48.181,16.723,482.877,-467.114,-1828.357,KAD_VURRO,Peter,Pomacentridae,Chromis,xanthura,37372057,1,AD,Passing,
GX010038_L.MP4,35420,19.6975,KAD_VURRO_Transect 2,0.8547,,7.011,2.279,3631.147,30.098,,,1659.237,-751.993,-3141.125,KAD_VURRO,Peter,Pomacentridae,Chromis,xanthura,37372057,1,AD,Passing,
GX010038_L.MP4,35420,19.6975,KAD_VURRO_Transect 2,0.8547,,10.691,1.577,4461.043,30.011,,,1918.673,-1141.17,-3862.296,KAD_VURRO,Peter,Pomacentridae,Chromis,xanthura,37372057,1,AD,Passing,
GX010038_L.MP4,35420,19.6975,KAD_VURRO_Transect 2,0.8547,,9.833,3.147,4124.989,25.045,,,1412.823,-1028.416,-3736.553,KAD_VURRO,Peter,Pomacentridae,Chromis,xanthura,37372057,1,AD,Passing,
GX010038_L.MP4,35420,19.6975,KAD_VURRO_Transect 2,0.8547,,9.229,7.931,3956.936,23.679,,,1247.636,-986.444,-3623.213,KAD_VURRO,Peter,Pomacentridae,Chromis,xanthura,37372057,1,AD,Passing,
GX010038_L.MP4,35420,19.6975,KAD_VURRO_Transect 2,0.8547,,13.294,11.591,4797.906,5.252,,,346.075,267.618,-4777.92,KAD_VURRO,Peter,Pomacentridae,Chromis,xanthura,37372057,1,AD,Passing,
GX010038_L.MP4,35420,19.6975,KAD_VURRO_Transect 2,0.8547,,7.391,2.497,3482.27,10.391,,,-312.644,542.733,-3425.478,KAD_VURRO,Peter,Pomacentridae,Chromis,xanthura,37372057,1,AD,Passing,
GX010038_L.MP4,35420,19.6975,KAD_VURRO_Transect 2,0.8547,,7.777,0.741,3623.201,18.04,,,-907.502,657.861,-3445.467,KAD_VURRO,Peter,Pomacentridae,Chromis,xanthura,37372057,1,AD,Passing,
GX010038_L.MP4,35420,19.6975,KAD_VURRO_Transect 2,0.8547,124.972,9.327,5.13,2518.975,12.704,50.773,0.526,543.497,-107.214,-2457.306,KAD_VURRO,Peter,Labridae,Cirrhilabrus,punctatus,37384083,1,AD,Passing,
GX010038_L.MP4,35420,19.6975,KAD_VURRO_Transect 2,0.8547,116.429,7.828,5.102,2640.677,22.812,84.051,41.343,-917.172,-454.994,-2434.122,KAD_VURRO,Peter,Mullidae,Parupeneus,cyclostomus,37355025,1,AD,Passing,
GX010038_L.MP4,35420,19.6975,KAD_VURRO_Transect 2,0.8547,130.52,8.611,3.499,3005.662,16.75,29.983,7.287,-811.127,304.05,-2878.13,KAD_VURRO,Peter,Scaridae,Scarus,sp,,1,AD,Passing,
GX010038_L.MP4,35420,19.6975,KAD_VURRO_Transect 2,0.8547,108.125,2.339,6.907,1914.999,22.918,18.25,47.614,-683.548,-298.097,-1763.837,KAD_VURRO,Peter,Labridae,Thalassoma,lunare,37384167,1,AD,Passing,
GX010038_L.MP4,35445,19.7114,KAD_VURRO_Transect 2,0.8686,202.577,3.924,7.966,2077.15,14.791,27.796,5.697,107.457,-519.28,-2008.321,KAD_VURRO,Peter,Scaridae,Chlorurus,spilurus,temp_code_002,1,AD,Passing,
GX010038_L.MP4,35462,19.7208,KAD_VURRO_Transect 2,0.8781,,2.209,0.431,1840.29,21.029,,,110.874,-652.01,-1717.34,KAD_VURRO,Peter,Acanthuridae,Zebrasoma,scopas,37437036,1,AD,Passing,
GX010038_L.MP4,35467,19.7236,KAD_VURRO_Transect 2,0.8809,115.646,2.235,6.506,1856.358,21.096,18.195,20.533,-140.778,-653.171,-1731.939,KAD_VURRO,Peter,Scaridae,Chlorurus,spilurus,temp_code_002,1,AD,Passing,
GX010038_L.MP4,35477,19.7292,KAD_VURRO_Transect 2,0.8864,,4.465,7.563,2932.966,27.672,,,-1335.024,-271.781,-2597.332,KAD_VURRO,Peter,Chaetodontidae,Chaetodon,citrinellus,37365036,1,AD,Passing,
GX010038_L.MP4,35478,19.7297,KAD_VURRO_Transect 2,0.887,172.634,8.354,3.51,2844.539,26.608,48.545,17.113,-1263.415,-163.901,-2543.289,KAD_VURRO,Peter,Scaridae,Cetoscarus,ocellatus,37386007,1,AD,Passing,
GX010038_L.MP4,35484,19.733,KAD_VURRO_Transect 2,0.8903,118.292,3.167,19.711,1884.163,26.278,32.789,23.469,-678.693,-484.966,-1689.454,KAD_VURRO,Peter,Mullidae,Parupeneus,multifasciatus,37355026,1,AD,Passing,
GX010038_L.MP4,35484,19.733,KAD_VURRO_Transect 2,0.8903,155.191,8.441,5.449,3947.784,21.765,3.675,29.778,-1457.11,-140.273,-3666.354,KAD_VURRO,Peter,Scaridae,Scarus,psittacus,37386024,1,AD,Passing,
GX010038_L.MP4,35484,19.733,KAD_VURRO_Transect 2,0.8903,,2.508,5.55,2018.939,24.642,,,-637.792,-550.461,-1834.755,KAD_VURRO,Peter,Acanthuridae,Zebrasoma,scopas,37437036,1,AD,Passing,
GX010038_L.MP4,35501,19.7425,KAD_VURRO_Transect 2,0.8998,107.09,4.593,11.443,2153.448,16.431,64.38,53.229,608.986,12.797,-2065.505,KAD_VURRO,Peter,Pomacentridae,Pomacentrus,brachialis,37372109,1,AD,Passing,
GX010038_L.MP4,35501,19.7425,KAD_VURRO_Transect 2,0.8998,157.58,7.309,9.313,2374.623,20.261,52.31,2.622,-685.462,-454.304,-2227.686,KAD_VURRO,Peter,Siganidae,Siganus,punctatus,37438003,1,AD,Passing,
GX010038_L.MP4,35501,19.7425,KAD_VURRO_Transect 2,0.8998,100.424,2.001,3.994,1687.371,16.129,3.351,10.711,-467.874,-28.486,-1620.958,KAD_VURRO,Peter,Labridae,Stethojulis,bandanensis,37384154,1,AD,Passing,
GX010038_L.MP4,35523,19.7547,KAD_VURRO_Transect 2,0.912,96.911,3.703,7.983,1688.715,21.202,52.176,5.313,-529.429,-304.481,-1574.406,KAD_VURRO,Peter,Pomacentridae,Pomacentrus,nigromarginatus,37372121,1,AD,Passing,
GX010038_L.MP4,35526,19.7564,KAD_VURRO_Transect 2,0.9137,80.466,1.82,6.062,1486.548,18.156,17.82,25.627,408.972,-217.501,-1412.536,KAD_VURRO,Peter,Labridae,Anampses,twistii,37384051,1,AD,Passing,
GX010038_L.MP4,35526,19.7564,KAD_VURRO_Transect 2,0.9137,106.032,3.605,8.801,1580.74,19.041,76.039,31.384,92.216,-507.388,-1494.253,KAD_VURRO,Peter,Pomacanthidae,Centropyge,bicolor,37365022,1,AD,Passing,
GX010038_L.MP4,35526,19.7564,KAD_VURRO_Transect 2,0.9137,,1.492,0.86,1454.332,14.764,,,177.82,-325.991,-1406.127,KAD_VURRO,Peter,Pomacentridae,Pomacentrus,maafu,temp_code_005,1,AD,Passing,
GX010038_L.MP4,35541,19.7647,KAD_VURRO_Transect 2,0.922,,1.431,0.388,1444.369,21.907,,,247.038,-479.734,-1339.787,KAD_VURRO,Peter,Pomacanthidae,Centropyge,bicolor,37365022,1,AD,Passing,
GX010038_L.MP4,35562,19.7764,KAD_VURRO_Transect 2,0.9337,142.826,4.926,12.873,2033.126,23.94,52.668,15.5,-630.46,-532.121,-1858.217,KAD_VURRO,Peter,Mullidae,Parupeneus,barberinus,37355022,1,AD,Passing,
GX010038_L.MP4,35658,19.8298,KAD_VURRO_Transect 2,0.9871,219.279,19.734,2.284,3829.084,11.301,46.88,12.048,-741.844,-112.918,-3754.837,KAD_VURRO,Peter,Acanthuridae,Acanthurus,sp,,1,AD,Passing,
GX010038_L.MP4,35852,19.9377,KAD_VURRO_Transect 2,1.095,,3.572,2.986,2429.293,20.933,,,863.832,-85.363,-2268.914,KAD_VURRO,Peter,Pomacentridae,Amblyglyphidodon,orbicularis,temp_code_001,1,AD,Passing,
GX010038_L.MP4,35856,19.9399,KAD_VURRO_Transect 2,1.0972,,4.578,6.07,2843.121,23.844,,,1148.862,30.805,-2600.481,KAD_VURRO,Peter,Acanthuridae,Acanthurus,sp,,1,AD,Passing,
GX010038_L.MP4,35878,19.9522,KAD_VURRO_Transect 2,1.1094,74.557,2.555,4.718,2588.878,8.089,5.869,13.178,-123.777,342.617,-2563.12,KAD_VURRO,Peter,Pomacentridae,Amblyglyphidodon,orbicularis,temp_code_001,1,AD,Passing,
GX010038_L.MP4,35941,19.9872,KAD_VURRO_Transect 2,1.1445,,3.253,3.795,2251.959,0.84,,,-10.898,-32.494,-2251.698,KAD_VURRO,Peter,Pomacentridae,Amblyglyphidodon,orbicularis,temp_code_001,1,AD,Passing,
GX010038_L.MP4,35949,19.9916,KAD_VURRO_Transect 2,1.1489,155.157,7.329,2.989,2393.827,25.182,73.485,27.2,801.753,-628.211,-2166.322,KAD_VURRO,Peter,Acanthuridae,Acanthurus,sp,,1,AD,Passing,
GX010038_L.MP4,35949,19.9916,KAD_VURRO_Transect 2,1.1489,,2.67,13.438,2139.301,30.617,,,896.212,-620.699,-1840.692,KAD_VURRO,Peter,Acanthuridae,Acanthurus,sp,,1,AD,Passing,
GX010038_L.MP4,35956,19.9955,KAD_VURRO_Transect 2,1.1528,73.19,5.32,4.086,2169.278,8.45,39.795,28.336,-303.568,-97.223,-2145.731,KAD_VURRO,Peter,Pomacentridae,Pomacentrus,callainus,temp_code_004,1,AD,Passing,
GX010038_L.MP4,35956,19.9955,KAD_VURRO_Transect 2,1.1528,112.781,8.001,12.073,2313.361,21.694,84.97,2.69,-816.379,-254.486,-2149.512,KAD_VURRO,Peter,Pomacentridae,Pomacentrus,callainus,temp_code_004,1,AD,Passing,
GX010038_L.MP4,35962,19.9989,KAD_VURRO_Transect 2,1.1562,335.455,8.634,8.956,2574.853,27.819,69.049,8.338,953.784,-730.896,-2277.269,KAD_VURRO,Peter,Serranidae,Plectropomus,leopardus,37311078,1,AD,Passing,
GX010038_L.MP4,36103,20.0773,KAD_VURRO_Transect 2,1.2346,,2.466,10.898,2032.098,26.122,,,871.869,199.699,-1824.661,KAD_VURRO,Peter,Pomacentridae,Dascyllus,reticulatus,37372074,1,AD,Passing,
GX010038_L.MP4,36108,20.0801,KAD_VURRO_Transect 2,1.2373,58.223,2.761,6.582,1657.268,12.447,32.795,29.876,356.38,-24.274,-1618.315,KAD_VURRO,Peter,Pomacentridae,Chromis,margaritifer,37372047,1,AD,Passing,
GX010038_L.MP4,36108,20.0801,KAD_VURRO_Transect 2,1.2373,48.02,4.477,11.894,1706.126,16.735,80.799,26.529,462.293,166.198,-1633.87,KAD_VURRO,Peter,Pomacentridae,Dascyllus,aruanus,37372073,1,AD,Passing,
GX010038_L.MP4,36108,20.0801,KAD_VURRO_Transect 2,1.2373,,2.034,5.64,1719.086,12.095,,,346.269,98.292,-1680.98,KAD_VURRO,Peter,Pomacentridae,Dascyllus,aruanus,37372073,1,AD,Passing,
GX010038_L.MP4,36108,20.0801,KAD_VURRO_Transect 2,1.2373,,2.228,4.716,1808.931,9.234,,,237.004,166.569,-1785.585,KAD_VURRO,Peter,Pomacentridae,Dascyllus,aruanus,37372073,1,AD,Passing,
GX010038_L.MP4,36108,20.0801,KAD_VURRO_Transect 2,1.2373,,2.289,1.175,1839.22,6.741,,,197.508,86.097,-1826.556,KAD_VURRO,Peter,Pomacentridae,Dascyllus,aruanus,37372073,1,AD,Passing,
GX010038_L.MP4,36108,20.0801,KAD_VURRO_Transect 2,1.2373,55.762,2.093,4.667,1616.303,18.407,11.41,14.454,505.332,-71.449,-1533.613,KAD_VURRO,Peter,Pomacentridae,Pomacentrus,callainus,temp_code_004,1,AD,Passing,
GX010038_L.MP4,36144,20.1001,KAD_VURRO_Transect 2,1.2574,,6.055,14.472,3373.355,25.758,,,-1381.279,-492.848,-3037.876,KAD_VURRO,Peter,Pomacanthidae,Centropyge,bicolor,37365022,1,AD,Passing,
GX010038_L.MP4,36527,20.3131,KAD_VURRO_Transect 2,1.4704,263.037,12.358,14.727,3442.593,24.664,48.099,24.583,-1014.994,-1016.64,-3128.526,KAD_VURRO,Peter,Scaridae,Scarus,schlegeli,37386029,1,AD,Passing,
GX010038_L.MP4,36612,20.3603,KAD_VURRO_Transect 2,1.5176,86.205,1.638,3.813,1697.986,10.324,10.502,39.722,-23.1,-303.434,-1670.494,KAD_VURRO,Peter,Pomacentridae,Pomacentrus,brachialis,37372109,1,AD,Passing,
GX010038_L.MP4,36617,20.3631,KAD_VURRO_Transect 2,1.5204,80.625,4.659,15.631,1983.835,26.781,57.66,15.066,-633.235,-630.884,-1771.045,KAD_VURRO,Peter,Chaetodontidae,Chaetodon,kleinii,37365040,1,AD,Passing,
GX010038_L.MP4,36849,20.4921,KAD_VURRO_Transect 2,1.6494,238.64,6.078,1.787,2453.943,22.725,37.04,16.982,654.074,-686.19,-2263.441,KAD_VURRO,Peter,Scaridae,Scarus,psittacus,37386024,1,AD,Passing,
GX010038_L.MP4,36866,20.5016,KAD_VURRO_Transect 2,1.6589,,10.978,7.525,4247.928,20.474,,,561.675,-1377.964,-3978.772,KAD_VURRO,Peter,Acanthuridae,Acanthurus,sp,,1,AD,Passing,
GX010038_L.MP4,36879,20.5088,KAD_VURRO_Transect 2,1.6661,256.16,7.12,8.028,2735.884,23.871,36.379,16.461,-962.506,-547.192,-2501.845,KAD_VURRO,Peter,Scaridae,Scarus,psittacus,37386024,1,AD,Passing,
GX010038_L.MP4,36985,20.5678,KAD_VURRO_Transect 2,1.7251,170.999,10.593,2.081,2575.545,21.749,81.916,0.359,591.815,-748.667,-2392.213,KAD_VURRO,Peter,Mullidae,Parupeneus,multifasciatus,37355026,1,AD,Passing,
GX010038_L.MP4,37021,20.5878,KAD_VURRO_Transect 2,1.7451,176.975,12.789,7.614,3145.32,29.519,86.279,2.787,1230.54,-942.024,-2737.042,KAD_VURRO,Peter,Acanthuridae,Acanthurus,sp,,1,AD,Passing,
GX010038_L.MP4,37116,20.6406,KAD_VURRO_Transect 2,1.7979,60.239,4.729,6.699,2969.503,19.92,9.395,39.353,719.544,-711.268,-2791.828,KAD_VURRO,Peter,Pomacentridae,Pomacentrus,maafu,temp_code_005,1,AD,Passing,
GX010038_L.MP4,37147,20.6579,KAD_VURRO_Transect 2,1.8151,156.49,4.017,8.21,1680.872,23.115,64.273,7.102,433.045,-497.898,-1545.93,KAD_VURRO,Peter,Scaridae,Chlorurus,spilurus,temp_code_002,1,AD,Passing,
GX010038_L.MP4,37198,20.6862,KAD_VURRO_Transect 2,1.8435,104.565,1.778,4.733,1240.852,20.9,43.496,2.354,12.941,-442.479,-1159.206,KAD_VURRO,Peter,Scaridae,Chlorurus,spilurus,temp_code_002,1,AD,Passing,
GX010038_L.MP4,37341,20.7657,KAD_VURRO_Transect 2,1.923,106.04,9.21,12.978,2578.724,23.718,66.524,4.588,-619.886,-831.668,-2360.908,KAD_VURRO,Peter,Pomacentridae,Pomacentrus,sp,,1,AD,Passing,
GX010038_L.MP4,37356,20.7741,KAD_VURRO_Transect 2,1.9314,114.22,9.651,5.454,3695.832,30.232,23.048,25.436,1481.806,-1125.592,-3193.191,KAD_VURRO,Peter,Acanthuridae,Acanthurus,sp,,1,AD,Passing,
GX010038_L.MP4,37394,20.7952,KAD_VURRO_Transect 2,1.9525,97.53,4.798,4.166,3111.278,23.203,4.011,19.437,745.571,-972.978,-2859.631,KAD_VURRO,Peter,Acanthuridae,Acanthurus,sp,,1,AD,Passing,
GX010038_L.MP4,37403,20.8002,KAD_VURRO_Transect 2,1.9575,,5.83,0.961,3270.946,29.737,,,1440.492,-748.21,-2839.763,KAD_VURRO,Peter,Pomacentridae,Pomacentrus,sp,,1,AD,Passing,
GX010038_L.MP4,37477,20.8414,KAD_VURRO_Transect 2,1.9987,88.475,4.334,7.963,2579.613,20.105,15.547,8.997,-624.037,-629.945,-2422.427,KAD_VURRO,Peter,Mullidae,Parupeneus,multifasciatus,37355026,1,AD,Passing,
GX010038_L.MP4,37492,20.8497,KAD_VURRO_Transect 2,2.007,103.357,8.264,11.668,2638.028,25.212,58.751,13.823,-1051.066,-397.502,-2386.723,KAD_VURRO,Peter,Mullidae,Parupeneus,multifasciatus,37355026,1,AD,Passing,
GX010038_L.MP4,37678,20.9532,KAD_VURRO_Transect 2,2.1104,104.083,3.545,5.755,1615.304,17.903,87.351,37.993,489.006,-86.325,-1537.084,KAD_VURRO,Peter,Pomacentridae,Pomacentrus,brachialis,37372109,1,AD,Passing,
GX010038_L.MP4,37685,20.957,KAD_VURRO_Transect 2,2.1143,85.584,5.913,2.385,2626.6,21.592,40.178,39.078,-966.593,2.555,-2442.277,KAD_VURRO,Peter,Pomacentridae,Pomacentrus,brachialis,37372109,1,AD,Passing,
GX010038_L.MP4,37783,21.0115,KAD_VURRO_Transect 2,2.1688,127.815,9.72,9.14,2907.871,25.458,55.598,14.279,-1107.846,-578.845,-2625.515,KAD_VURRO,Peter,Nemipteridae,Scolopsis,bilineata,37347031,1,AD,Passing,
GX010038_L.MP4,37805,21.0238,KAD_VURRO_Transect 2,2.1811,140.802,1.758,11.631,2149.662,21.957,2.944,8.7,-166.356,-786.396,-1993.729,KAD_VURRO,Peter,Acanthuridae,Acanthurus,sp,,1,AD,Passing,
GX010038_L.MP4,37999,21.1317,KAD_VURRO_Transect 2,2.289,112.943,9.564,7.849,3816.877,27.137,15.59,24.628,-1703.945,-356.966,-3396.718,KAD_VURRO,Peter,Balistidae,Balistapus,undulatus,37465047,1,AD,Passing,
GX010038_L.MP4,38022,21.1445,KAD_VURRO_Transect 2,2.3017,,6.905,3.729,3376.671,20.708,,,-498.44,-1086.815,-3157.895,KAD_VURRO,Peter,Acanthuridae,Acanthurus,sp,,1,AD,Passing,
GX010038_L.MP4,52086,28.9656,KAD_VURRO_Transect 3,0.2536,154.741,7.169,7.234,2716.733,14.092,45.831,45.392,660.95,26.396,-2634.973,KAD_VURRO,Peter,Acanthuridae,Acanthurus,sp,,1,AD,Passing,
GX010038_L.MP4,52086,28.9656,KAD_VURRO_Transect 3,0.2536,85.481,3.193,6.428,1460.045,23.853,79.835,4.522,472.906,-353.506,-1335.337,KAD_VURRO,Peter,Pomacentridae,Pomacentrus,callainus,temp_code_004,1,AD,Passing,
GX010038_L.MP4,52086,28.9656,KAD_VURRO_Transect 3,0.2536,59.381,3.368,4.459,2313.513,9.492,22.635,50.565,26.468,-380.606,-2281.838,KAD_VURRO,Peter,Pomacentridae,Pomacentrus,callainus,temp_code_004,1,AD,Passing,
GX010038_L.MP4,52086,28.9656,KAD_VURRO_Transect 3,0.2536,247.309,7.741,2.159,2977.813,15.444,42.679,52.765,-176.658,-773.036,-2870.293,KAD_VURRO,Peter,Scaridae,Scarus,psittacus,37386024,1,AD,Passing,
GX010038_L.MP4,52086,28.9656,KAD_VURRO_Transect 3,0.2536,123.255,9.135,8.385,2857.837,17.746,85.831,53.539,490.858,-719.603,-2721.849,KAD_VURRO,Peter,Acanthuridae,Zebrasoma,scopas,37437036,1,AD,Passing,
GX010038_L.MP4,52115,28.9817,KAD_VURRO_Transect 3,0.2697,,5.35,5.002,2930.176,10.609,,,-85.554,-534.333,-2879.774,KAD_VURRO,Peter,Pomacentridae,Chromis,viridis,37372053,1,AD,Passing,
GX010038_L.MP4,52115,28.9817,KAD_VURRO_Transect 3,0.2697,68.046,2.47,3.486,1536.279,22.845,78.266,51.734,494.783,-333.051,-1415.776,KAD_VURRO,Peter,Pomacentridae,Pomacentrus,sp,,1,AD,Passing,
GX010038_L.MP4,52115,28.9817,KAD_VURRO_Transect 3,0.2697,47.957,1.76,0.558,2036.306,9.542,1.97,31.621,-10.453,-337.381,-2008.135,KAD_VURRO,Peter,Pomacentridae,Pomacentrus,callainus,temp_code_004,1,AD,Passing,
GX010038_L.MP4,52167,29.0106,KAD_VURRO_Transect 3,0.2986,74.121,1.097,4.754,1369.13,14.799,1.463,10.11,150.748,-315.557,-1323.713,KAD_VURRO,Peter,Pomacentridae,Pomacentrus,callainus,temp_code_004,1,AD,Passing,
GX010038_L.MP4,52167,29.0106,KAD_VURRO_Transect 3,0.2986,71.997,1.775,6.917,1776.518,6.686,9.154,12.61,158.897,-132.401,-1764.437,KAD_VURRO,Peter,Pomacentridae,Pomacentrus,callainus,temp_code_004,1,AD,Passing,
GX010038_L.MP4,52169,29.0118,KAD_VURRO_Transect 3,0.2997,204.343,8.42,8.197,4120.944,7.677,14.224,28.924,260.898,-484.745,-4084.01,KAD_VURRO,Peter,Scaridae,Scarus,psittacus,37386024,1,AD,Passing,
GX010038_L.MP4,52191,29.024,KAD_VURRO_Transect 3,0.312,64.579,6.009,4.841,2400.824,2.766,30.11,4.316,-94.773,-66.67,-2398.026,KAD_VURRO,Peter,Pomacentridae,Chromis,viridis,37372053,1,AD,Passing,
GX010038_L.MP4,52194,29.0257,KAD_VURRO_Transect 3,0.3136,124.087,5.202,1.667,1983.328,26.233,68.414,9.387,805.888,-345.083,-1779.059,KAD_VURRO,Peter,Pomacanthidae,Centropyge,flavissima,37365026,1,AD,Passing,
GX010038_L.MP4,52194,29.0257,KAD_VURRO_Transect 3,0.3136,64.776,3.035,6.926,2368.717,10.983,10.441,31.072,422.185,159.368,-2325.335,KAD_VURRO,Peter,Pomacentridae,Pomacentrus,callainus,temp_code_004,1,AD,Passing,
GX010038_L.MP4,52194,29.0257,KAD_VURRO_Transect 3,0.3136,,5.064,5.568,2861.714,4.735,,,214.699,-100.214,-2851.889,KAD_VURRO,Peter,Pomacentridae,Pomacentrus,callainus,temp_code_004,1,AD,Passing,
GX010038_L.MP4,52194,29.0257,KAD_VURRO_Transect 3,0.3136,,4.174,0.634,2568.6,6.129,,,252.529,-108.421,-2553.856,KAD_VURRO,Peter,Pomacentridae,Pomacentrus,callainus,temp_code_004,1,AD,Passing,
GX010038_L.MP4,52194,29.0257,KAD_VURRO_Transect 3,0.3136,,2.677,5.803,2003.84,11.387,,,373.571,-131.441,-1964.317,KAD_VURRO,Peter,Pomacentridae,Pomacentrus,callainus,temp_code_004,1,AD,Passing,
GX010038_L.MP4,52227,29.044,KAD_VURRO_Transect 3,0.332,,6.069,4.073,3157.627,17.298,,,872.654,-348.149,-3014.61,KAD_VURRO,Peter,Labridae,Labroides,dimidiatus,37384028,1,AD,Passing,
GX010038_L.MP4,52227,29.044,KAD_VURRO_Transect 3,0.332,,3.28,7.253,2245.024,11.91,,,450.738,-108.487,-2196.634,KAD_VURRO,Peter,Pomacentridae,Pomacentrus,callainus,temp_code_004,1,AD,Passing,
GX010038_L.MP4,52227,29.044,KAD_VURRO_Transect 3,0.332,,4.112,8.349,2546.727,12.227,,,539.316,-6.44,-2488.959,KAD_VURRO,Peter,Pomacentridae,Pomacentrus,callainus,temp_code_004,1,AD,Passing,
GX010038_L.MP4,52227,29.044,KAD_VURRO_Transect 3,0.332,,7.82,12.05,3605.155,11.931,,,745.265,-10.758,-3527.266,KAD_VURRO,Peter,Pomacentridae,Pomacentrus,philippinus,37372123,1,AD,Passing,
GX010038_L.MP4,52255,29.0596,KAD_VURRO_Transect 3,0.3476,77.138,5.657,7.788,2496.743,11.34,28.913,22.079,-34.548,-489.717,-2448.001,KAD_VURRO,Peter,Pomacentridae,Pomacentrus,callainus,temp_code_004,1,AD,Passing,
GX010038_L.MP4,52298,29.0835,KAD_VURRO_Transect 3,0.3715,62.062,4.062,5.16,1648.814,18.049,59.791,5.355,486.768,155.012,-1567.679,KAD_VURRO,Peter,Pomacentridae,Chromis,viridis,37372053,1,AD,Passing,
GX010038_L.MP4,52298,29.0835,KAD_VURRO_Transect 3,0.3715,78.992,4.359,10.753,2223.707,22.741,24.533,11.95,801.83,309.785,-2050.847,KAD_VURRO,Peter,Labridae,Labroides,dimidiatus,37384028,1,AD,Passing,
GX010038_L.MP4,52298,29.0835,KAD_VURRO_Transect 3,0.3715,72.306,1.495,0.41,1453.633,13.868,19.091,49.858,348.281,9.915,-1411.259,KAD_VURRO,Peter,Pomacentridae,Pomacentrus,callainus,temp_code_004,1,AD,Passing,
GX010038_L.MP4,52298,29.0835,KAD_VURRO_Transect 3,0.3715,65.413,3.555,4.133,1782.891,21.466,66.194,42.822,628.32,175.815,-1659.217,KAD_VURRO,Peter,Pomacentridae,Pomacentrus,callainus,temp_code_004,1,AD,Passing,
GX010038_L.MP4,52298,29.0835,KAD_VURRO_Transect 3,0.3715,79.658,3.841,4.378,2914.423,12.816,11.182,55.701,457.505,456.729,-2841.822,KAD_VURRO,Peter,Pomacentridae,Pomacentrus,philippinus,37372123,1,AD,Passing,
GX010038_L.MP4,52298,29.0835,KAD_VURRO_Transect 3,0.3715,,1.978,5.837,1756.208,23.696,,,676.99,198.626,-1608.26,KAD_VURRO,Peter,Pomacentridae,Pomacentrus,callainus,temp_code_004,1,AD,Passing,
GX010038_L.MP4,52298,29.0835,KAD_VURRO_Transect 3,0.3715,,2.6,7.654,1980.536,9.021,,,-63.788,-305.046,-1955.863,KAD_VURRO,Peter,Pomacentridae,Pomacentrus,callainus,temp_code_004,1,AD,Passing,
GX010038_L.MP4,52298,29.0835,KAD_VURRO_Transect 3,0.3715,,3.668,9.351,2389.193,7.541,,,308.505,54.593,-2368.562,KAD_VURRO,Peter,Pomacentridae,Pomacentrus,callainus,temp_code_004,1,AD,Passing,
GX010038_L.MP4,52298,29.0835,KAD_VURRO_Transect 3,0.3715,,1.865,0.842,1649.775,13.499,,,69.968,-379.626,-1603.978,KAD_VURRO,Peter,Pomacentridae,Pomacentrus,callainus,temp_code_004,1,AD,Passing,
GX010038_L.MP4,52298,29.0835,KAD_VURRO_Transect 3,0.3715,,4.265,6.299,2573.865,15.974,,,448.404,546.882,-2474.8,KAD_VURRO,Peter,Pomacentridae,Pomacentrus,callainus,temp_code_004,1,AD,Passing,
GX010038_L.MP4,52298,29.0835,KAD_VURRO_Transect 3,0.3715,,2.333,1.673,1855.062,13.658,,,288.171,328.849,-1802.796,KAD_VURRO,Peter,Pomacentridae,Pomacentrus,callainus,temp_code_004,1,AD,Passing,
GX010038_L.MP4,52358,29.1169,KAD_VURRO_Transect 3,0.4048,64.635,2.193,5.095,1795.568,13.235,15.501,18.749,247.466,328.257,-1747.876,KAD_VURRO,Peter,Pomacentridae,Chromis,viridis,37372053,1,AD,Passing,
GX010038_L.MP4,52358,29.1169,KAD_VURRO_Transect 3,0.4048,53.92,1.435,3.99,1669.836,9.584,3.358,0.18,158.773,228.229,-1646.528,KAD_VURRO,Peter,Pomacentridae,Chromis,viridis,37372053,1,AD,Passing,
GX010038_L.MP4,52358,29.1169,KAD_VURRO_Transect 3,0.4048,57.244,4.557,4.126,1875.839,6.961,43.351,19.858,31.705,225.133,-1862.01,KAD_VURRO,Peter,Pomacentridae,Chromis,viridis,37372053,1,AD,Passing,
GX010038_L.MP4,52358,29.1169,KAD_VURRO_Transect 3,0.4048,,1.543,9.288,1489.83,20.285,,,438.774,271.704,-1397.586,KAD_VURRO,Peter,Pomacentridae,Chromis,viridis,37372053,1,AD,Passing,
GX010038_L.MP4,52433,29.1586,KAD_VURRO_Transect 3,0.4466,168.083,15.752,10.416,4071.307,24.77,39.827,25.138,1534.586,744.739,-3696.748,KAD_VURRO,Peter,Acanthuridae,Acanthurus,sp,,1,AD,Passing,
GX010038_L.MP4,52433,29.1586,KAD_VURRO_Transect 3,0.4466,136.506,12.121,5.521,3419.155,18.172,41.41,30.065,1065.49,42.659,-3248.621,KAD_VURRO,Peter,Acanthuridae,Acanthurus,sp,,1,AD,Passing,
GX010038_L.MP4,52433,29.1586,KAD_VURRO_Transect 3,0.4466,,5.463,2.618,2975.61,12.73,,,655.62,6.608,-2902.477,KAD_VURRO,Peter,Mullidae,Mulloidichthys,flavolineatus,37355019,1,AD,Passing,
GX010038_L.MP4,52433,29.1586,KAD_VURRO_Transect 3,0.4466,,5.199,2.609,2936.037,17.451,,,879.209,-48.685,-2800.881,KAD_VURRO,Peter,Mullidae,Mulloidichthys,flavolineatus,37355019,1,AD,Passing,
GX010038_L.MP4,52433,29.1586,KAD_VURRO_Transect 3,0.4466,63.957,1.221,2.946,1205.553,12.474,21.209,35.231,172.163,-195.366,-1177.094,KAD_VURRO,Peter,Pomacentridae,Pomacentrus,callainus,temp_code_004,1,AD,Passing,
GX010038_L.MP4,52433,29.1586,KAD_VURRO_Transect 3,0.4466,59.989,1.523,7.205,1482.094,9.856,23.505,56.961,-165.049,-192.649,-1460.222,KAD_VURRO,Peter,Pomacentridae,Pomacentrus,callainus,temp_code_004,1,AD,Passing,
GX010038_L.MP4,52433,29.1586,KAD_VURRO_Transect 3,0.4466,66.459,2.66,9.861,1789.368,19.977,79.772,62.482,-556.377,-253.27,-1681.707,KAD_VURRO,Peter,Pomacentridae,Pomacentrus,callainus,temp_code_004,1,AD,Passing,
GX010038_L.MP4,52433,29.1586,KAD_VURRO_Transect 3,0.4466,,5.631,5.844,3184.216,21.792,,,-1146.419,-290.081,-2956.486,KAD_VURRO,Peter,Pomacentridae,Pomacentrus,callainus,temp_code_004,1,AD,Passing,
GX010038_L.MP4,52433,29.1586,KAD_VURRO_Transect 3,0.4466,,2.231,0.204,1810.576,12.415,,,235.59,-310.895,-1768.057,KAD_VURRO,Peter,Acanthuridae,Zebrasoma,scopas,37437036,1,AD,Passing,
GX010038_L.MP4,52475,29.1819,KAD_VURRO_Transect 3,0.4699,99.868,4.893,8.499,2976.367,20.067,3.778,22.883,847.521,-569.796,-2795.676,KAD_VURRO,Peter,Acanthuridae,Acanthurus,sp,,1,AD,Passing,
GX010038_L.MP4,52475,29.1819,KAD_VURRO_Transect 3,0.4699,,3.293,4.93,2452.188,28.596,,,1166.248,-133.357,-2152.977,KAD_VURRO,Peter,Mullidae,Mulloidichthys,flavolineatus,37355019,1,AD,Passing,
GX010038_L.MP4,52475,29.1819,KAD_VURRO_Transect 3,0.4699,,3.594,6.028,2541.857,26.839,,,1143.961,-92.956,-2267.983,KAD_VURRO,Peter,Mullidae,Mulloidichthys,flavolineatus,37355019,1,AD,Passing,
GX010038_L.MP4,52475,29.1819,KAD_VURRO_Transect 3,0.4699,,4.031,3.722,2686.909,26.104,,,1169.683,-173.409,-2412.726,KAD_VURRO,Peter,Mullidae,Mulloidichthys,flavolineatus,37355019,1,AD,Passing,
GX010038_L.MP4,52475,29.1819,KAD_VURRO_Transect 3,0.4699,,3.613,0.502,2502.764,25.395,,,1041.059,-262.558,-2260.771,KAD_VURRO,Peter,Mullidae,Mulloidichthys,flavolineatus,37355019,1,AD,Passing,
GX010038_L.MP4,52475,29.1819,KAD_VURRO_Transect 3,0.4699,,3.8,6.178,2571.344,25.518,,,1066.71,-300.04,-2320.327,KAD_VURRO,Peter,Mullidae,Mulloidichthys,flavolineatus,37355019,1,AD,Passing,
GX010038_L.MP4,52475,29.1819,KAD_VURRO_Transect 3,0.4699,,3.5,3.215,2481.112,26.783,,,1078.961,-294.24,-2214.764,KAD_VURRO,Peter,Mullidae,Mulloidichthys,flavolineatus,37355019,1,AD,Passing,
GX010038_L.MP4,52475,29.1819,KAD_VURRO_Transect 3,0.4699,,3.535,14.758,2490.862,26.975,,,1076.937,-343.009,-2219.672,KAD_VURRO,Peter,Mullidae,Mulloidichthys,flavolineatus,37355019,1,AD,Passing,
GX010038_L.MP4,52491,29.1908,KAD_VURRO_Transect 3,0.4788,135.522,8.869,1.6,2660.046,25.512,57.623,3.514,1012.979,-535.231,-2400.676,KAD_VURRO,Peter,Acanthuridae,Acanthurus,sp,,1,AD,Passing,
GX010038_L.MP4,52491,29.1908,KAD_VURRO_Transect 3,0.4788,61.437,4.389,1.403,2518.865,25.106,0.748,18.2,1047.659,-211.171,-2280.899,KAD_VURRO,Peter,Mullidae,Mulloidichthys,flavolineatus,37355019,1,AD,Passing,
GX010038_L.MP4,52491,29.1908,KAD_VURRO_Transect 3,0.4788,75.488,4.026,1.901,2301.429,25.921,10.204,6.202,965.114,-283.928,-2069.907,KAD_VURRO,Peter,Mullidae,Mulloidichthys,flavolineatus,37355019,1,AD,Passing,
GX010038_L.MP4,52491,29.1908,KAD_VURRO_Transect 3,0.4788,90.31,5.045,5.414,2662.873,23.29,12.428,17.422,1003.545,-318.428,-2445.893,KAD_VURRO,Peter,Mullidae,Mulloidichthys,flavolineatus,37355019,1,AD,Passing,
GX010038_L.MP4,52491,29.1908,KAD_VURRO_Transect 3,0.4788,,4.298,2.983,2694.796,22.118,,,983.271,-251.807,-2496.337,KAD_VURRO,Peter,Mullidae,Mulloidichthys,flavolineatus,37355019,1,AD,Passing,
GX010038_L.MP4,52491,29.1908,KAD_VURRO_Transect 3,0.4788,,4.224,2.504,2633.621,21.237,,,872.551,-387.079,-2454.544,KAD_VURRO,Peter,Mullidae,Mulloidichthys,flavolineatus,37355019,1,AD,Passing,
GX010038_L.MP4,52504,29.1981,KAD_VURRO_Transect 3,0.486,,5.363,9.201,3041.729,22.744,,,1125.692,338.518,-2805.412,KAD_VURRO,Peter,Pomacentridae,Chromis,sp,,1,AD,Passing,
GX010038_L.MP4,52504,29.1981,KAD_VURRO_Transect 3,0.486,,9.671,12.233,4162.258,24.947,,,1606.878,704.877,-3774.318,KAD_VURRO,Peter,Pomacentridae,Dascyllus,trimaculatus,37372075,1,AD,Passing,
GX010038_L.MP4,52529,29.212,KAD_VURRO_Transect 3,0.4999,74.602,3.866,5.867,2130.584,15.999,22.872,18.192,552.713,198.358,-2048.06,KAD_VURRO,Peter,Pomacentridae,Chromis,viridis,37372053,1,AD,Passing,
GX010038_L.MP4,52543,29.2197,KAD_VURRO_Transect 3,0.5077,75.313,6.713,4.748,2088.693,13.586,61.994,19.462,484.352,78.254,-2030.251,KAD_VURRO,Peter,Pomacentridae,Dascyllus,trimaculatus,37372075,1,AD,Passing,
GX010038_L.MP4,52543,29.2197,KAD_VURRO_Transect 3,0.5077,104.818,3.587,4.841,2158.721,10.011,22.671,31.36,374.793,19.113,-2125.851,KAD_VURRO,Peter,Pomacentridae,Dascyllus,trimaculatus,37372075,1,AD,Passing,
GX010038_L.MP4,52543,29.2197,KAD_VURRO_Transect 3,0.5077,119.75,8.418,4.185,2151.982,4.964,66.955,7.025,171.941,-71.468,-2143.911,KAD_VURRO,Peter,Pomacentridae,Dascyllus,trimaculatus,37372075,1,AD,Passing,
GX010038_L.MP4,52543,29.2197,KAD_VURRO_Transect 3,0.5077,,6.714,4.92,3280.514,12.29,,,313.849,621.914,-3205.697,KAD_VURRO,Peter,Pomacentridae,Dascyllus,trimaculatus,37372075,1,AD,Passing,
GX010038_L.MP4,52543,29.2197,KAD_VURRO_Transect 3,0.5077,158.554,8.206,5.57,2870.409,10.852,30.053,8.434,268.925,-468.733,-2819.08,KAD_VURRO,Peter,Holocentridae,Neoniphon,sammara,37261019,1,AD,Passing,
GX010038_L.MP4,52543,29.2197,KAD_VURRO_Transect 3,0.5077,56.279,2.018,7.133,2192.337,8.486,13.157,75.566,265.18,-185.29,-2168.338,KAD_VURRO,Peter,Pomacentridae,Pomacentrus,maafu,temp_code_005,1,AD,Passing,
GX010038_L.MP4,52543,29.2197,KAD_VURRO_Transect 3,0.5077,87.533,6.424,4.919,2599.464,9.534,30.692,23.878,-157.802,-400.589,-2563.56,KAD_VURRO,Peter,Pomacentridae,Pomacentrus,philippinus,37372123,1,AD,Passing,
GX010038_L.MP4,52543,29.2197,KAD_VURRO_Transect 3,0.5077,,4.043,2.643,2519.166,9.735,,,425.512,17.959,-2482.904,KAD_VURRO,Peter,Pomacentridae,Pomacentrus,maafu,temp_code_005,1,AD,Passing,
GX010038_L.MP4,52548,29.2225,KAD_VURRO_Transect 3,0.5105,135.552,2.136,6.079,2361.871,9.42,1.787,64.107,362.325,-134.776,-2330.019,KAD_VURRO,Peter,Labridae,Cheilinus,trilobatus,37384044,1,AD,Passing,
GX010038_L.MP4,52549,29.2231,KAD_VURRO_Transect 3,0.5111,106.816,5.2,5.476,3140.578,6.02,42.533,69.756,-329.393,-0.726,-3123.257,KAD_VURRO,Peter,Pomacentridae,Chromis,xanthura,37372057,1,AD,Passing,
GX010038_L.MP4,52677,29.2943,KAD_VURRO_Transect 3,0.5822,44.683,2.208,2.262,1759.624,21.144,21.817,56.275,319.726,-548.311,-1641.16,KAD_VURRO,Peter,Pomacentridae,Pomacentrus,vaiuli,37372126,1,AD,Passing,
GX010038_L.MP4,52677,29.2943,KAD_VURRO_Transect 3,0.5822,75.623,5.599,15.782,2037.064,21.24,54.446,3.316,584.396,-450.666,-1898.686,KAD_VURRO,Peter,Pomacentridae,Pomacentrus,callainus,temp_code_004,1,AD,Passing,
GX010038_L.MP4,52741,29.3299,KAD_VURRO_Transect 3,0.6178,106.516,8.585,6.087,2661.692,22.293,50.326,14.972,970.621,-278.192,-2462.744,KAD_VURRO,Peter,Pomacentridae,Dascyllus,trimaculatus,37372075,1,AD,Passing,
GX010038_L.MP4,52755,29.3376,KAD_VURRO_Transect 3,0.6256,,5.314,5.296,2925.672,20.671,,,281.665,-995.24,-2736.735,KAD_VURRO,Peter,Pomacentridae,Dascyllus,trimaculatus,37372075,1,AD,Passing,
GX010038_L.MP4,52766,29.3438,KAD_VURRO_Transect 3,0.6317,85.558,6.72,14.96,2590.916,15.997,79.472,55.69,708.844,-85.676,-2490.592,KAD_VURRO,Peter,Acanthuridae,Acanthurus,sp,,1,AD,Passing,
GX010038_L.MP4,52766,29.3438,KAD_VURRO_Transect 3,0.6317,106.026,5.493,9.03,2570.068,24.513,42.159,42.714,1058.277,-130.834,-2338.415,KAD_VURRO,Peter,Pomacentridae,Dascyllus,trimaculatus,37372075,1,AD,Passing,
GX010038_L.MP4,52828,29.3782,KAD_VURRO_Transect 3,0.6662,80.729,1.117,4.206,1235.908,20.364,2.502,34.088,276.742,-329.21,-1158.665,KAD_VURRO,Peter,Pomacentridae,Amblyglyphidodon,orbicularis,temp_code_001,1,AD,Passing,
GX010038_L.MP4,52828,29.3782,KAD_VURRO_Transect 3,0.6662,66.969,1.703,3.375,1352.188,17.259,33.432,38.993,-8.815,-401.093,-1291.302,KAD_VURRO,Peter,Pomacentridae,Pomacentrus,callainus,temp_code_004,1,AD,Passing,
GX010038_L.MP4,52828,29.3782,KAD_VURRO_Transect 3,0.6662,65.18,2.879,2.12,1376.317,18.522,63.078,6.688,413.983,-140.63,-1305.025,KAD_VURRO,Peter,Pomacentridae,Pomacentrus,callainus,temp_code_004,1,AD,Passing,
GX010038_L.MP4,52828,29.3782,KAD_VURRO_Transect 3,0.6662,46.365,1.369,2.036,1606.051,6.3,5.533,38.019,99.697,-145.328,-1596.352,KAD_VURRO,Peter,Pomacentridae,Pomacentrus,callainus,temp_code_004,1,AD,Passing,
GX010038_L.MP4,52839,29.3844,KAD_VURRO_Transect 3,0.6723,74.91,2.383,3.122,1291.555,19.622,58.216,11.954,379.379,-210.184,-1216.555,KAD_VURRO,Peter,Pomacentridae,Pomacentrus,maafu,temp_code_005,1,AD,Passing,
GX010038_L.MP4,52882,29.4083,KAD_VURRO_Transect 3,0.6963,186.494,6.871,4.991,2863.506,16.562,35.053,44.501,571.833,582.451,-2744.709,KAD_VURRO,Peter,Acanthuridae,Acanthurus,sp,,1,AD,Passing,
GX010038_L.MP4,52882,29.4083,KAD_VURRO_Transect 3,0.6963,110.949,10.866,5.592,2534.853,7.14,59.575,8.88,293.462,114.715,-2515.194,KAD_VURRO,Peter,Acanthuridae,Acanthurus,sp,,1,AD,Passing,
GX010038_L.MP4,52882,29.4083,KAD_VURRO_Transect 3,0.6963,131.153,6.044,5.673,2912.511,4.025,35.426,55.755,198.79,47.698,-2905.328,KAD_VURRO,Peter,Pomacentridae,Dascyllus,trimaculatus,37372075,1,AD,Passing,
GX010038_L.MP4,52882,29.4083,KAD_VURRO_Transect 3,0.6963,,4.002,16.437,2594.799,26.324,,,943.504,657.299,-2326.099,KAD_VURRO,Peter,Pomacentridae,Dascyllus,trimaculatus,37372075,1,AD,Passing,
GX010038_L.MP4,52901,29.4188,KAD_VURRO_Transect 3,0.7068,,3.013,6.607,2246.525,24.707,,,899.777,267.313,-2041.034,KAD_VURRO,Peter,Labridae,Thalassoma,hardwicke,37384165,1,AD,Passing,
GX010038_L.MP4,52920,29.4294,KAD_VURRO_Transect 3,0.7174,80.45,2.15,4.963,1713.144,22.068,19.492,26.156,336.813,-548.49,-1587.633,KAD_VURRO,Peter,Pomacentridae,Chrysiptera,glauca,37372062,1,AD,Passing,
GX010038_L.MP4,52920,29.4294,KAD_VURRO_Transect 3,0.7174,,6.065,14.159,3300.794,28.276,,,1371.223,749.773,-2907.375,KAD_VURRO,Peter,Pomacentridae,Dascyllus,reticulatus,37372074,1,AD,Passing,
GX010038_L.MP4,52920,29.4294,KAD_VURRO_Transect 3,0.7174,144.323,4.17,5.124,2751.28,11.75,9.759,2.94,485.892,-278.984,-2693.626,KAD_VURRO,Peter,Holocentridae,Neoniphon,sammara,37261019,1,AD,Passing,
GX010038_L.MP4,52920,29.4294,KAD_VURRO_Transect 3,0.7174,78.018,5.025,6.611,2024.723,13.448,40.066,7.716,274.487,-382.606,-1969.206,KAD_VURRO,Peter,Pomacentridae,Pomacentrus,vaiuli,37372126,1,AD,Passing,
GX010038_L.MP4,52920,29.4294,KAD_VURRO_Transect 3,0.7174,69.96,3.904,1.527,1887.675,19.576,38.163,1.372,248.614,-581.566,-1778.564,KAD_VURRO,Peter,Pomacentridae,Pomacentrus,moluccensis,37372118,1,AD,Passing,
GX010038_L.MP4,52950,29.4461,KAD_VURRO_Transect 3,0.7341,,4.434,10.516,2758.631,23.237,,,1052.147,276.93,-2535.023,KAD_VURRO,Peter,Pomacentridae,Chromis,xanthura,37372057,1,AD,Passing,
GX010038_L.MP4,53114,29.5373,KAD_VURRO_Transect 3,0.8253,,5.875,6.045,3056.11,14.932,,,292.378,-732.911,-2952.484,KAD_VURRO,Peter,Pomacentridae,Pomacentrus,coelestis,37372111,1,AD,Passing,
GX010038_L.MP4,53114,29.5373,KAD_VURRO_Transect 3,0.8253,136.182,9.3,10.029,2596.191,18.337,66.613,31.576,516.943,-632.349,-2464.368,KAD_VURRO,Peter,Nemipteridae,Scolopsis,bilineata,37347031,1,AD,Passing,
GX010038_L.MP4,53199,29.5846,KAD_VURRO_Transect 3,0.8725,252.918,7.134,0.081,3084.256,16.132,30.825,48.547,-326.209,792.437,-2962.813,KAD_VURRO,Peter,Scaridae,Chlorurus,spilurus,temp_code_002,1,AD,Passing,
GX010038_L.MP4,53199,29.5846,KAD_VURRO_Transect 3,0.8725,111.311,5.962,2.604,3459.934,19.939,2.351,57.545,-672.339,969.632,-3252.525,KAD_VURRO,Peter,Pomacentridae,Dascyllus,trimaculatus,37372075,1,AD,Passing,
GX010038_L.MP4,53247,29.6112,KAD_VURRO_Transect 3,0.8992,29.052,2,6.378,1235.059,18.412,51.906,23.953,369.025,-126.463,-1171.835,KAD_VURRO,Peter,Pomacentridae,Pomacentrus,coelestis,37372111,1,AD,Passing,
GX010038_L.MP4,53247,29.6112,KAD_VURRO_Transect 3,0.8992,,2.583,16.799,2023.129,23.851,,,695.517,429.641,-1850.598,KAD_VURRO,Peter,Pomacentridae,Pomacentrus,coelestis,37372111,1,AD,Passing,
GX010038_L.MP4,53306,29.6441,KAD_VURRO_Transect 3,0.932,124.966,9.025,7.944,2308.317,9.019,70.213,20.262,-281.062,-227.898,-2279.779,KAD_VURRO,Peter,Acanthuridae,Acanthurus,sp,,1,AD,Passing,
GX010038_L.MP4,53306,29.6441,KAD_VURRO_Transect 3,0.932,108.935,5.673,8.91,2084.558,20.702,80.933,33.784,-640.381,-364.642,-1949.956,KAD_VURRO,Peter,Pomacentridae,Pomacentrus,vaiuli,37372126,1,AD,Passing,
GX010038_L.MP4,53306,29.6441,KAD_VURRO_Transect 3,0.932,159.072,11.441,2.439,2770.329,5.71,47.533,0.286,187.546,202.001,-2756.583,KAD_VURRO,Peter,Nemipteridae,Scolopsis,bilineata,37347031,1,AD,Passing,
GX010038_L.MP4,53360,29.6741,KAD_VURRO_Transect 3,0.9621,81.304,1.756,5.354,1375.372,21.718,42.809,47.656,496.524,-111.697,-1277.746,KAD_VURRO,Peter,Pomacentridae,Pomacentrus,vaiuli,37372126,1,AD,Passing,
GX010038_L.MP4,53390,29.6908,KAD_VURRO_Transect 3,0.9788,,4.098,3.936,2547.519,21.921,,,456.424,-835.77,-2362.841,KAD_VURRO,Peter,Pomacentridae,Pomacentrus,coelestis,37372111,1,AD,Passing,
GX010038_L.MP4,53422,29.7086,KAD_VURRO_Transect 3,0.9966,51.655,2.952,7.723,1897.952,21.251,47.042,54.186,635.58,263.158,-1768.9,KAD_VURRO,Peter,Pomacentridae,Pomacentrus,philippinus,37372123,1,AD,Passing,
GX010038_L.MP4,53425,29.7102,KAD_VURRO_Transect 3,0.9982,,2.094,2.525,1806.438,22.615,,,675.543,-162.719,-1667.448,KAD_VURRO,Peter,Pomacentridae,Pomacentrus,coelestis,37372111,1,AD,Passing,
GX010038_L.MP4,53524,29.7653,KAD_VURRO_Transect 3,1.0533,,3.178,1.225,2248.76,19.252,,,721.008,-174.191,-2122.905,KAD_VURRO,Peter,Pomacentridae,Pomacentrus,coelestis,37372111,1,AD,Passing,
GX010038_L.MP4,53524,29.7653,KAD_VURRO_Transect 3,1.0533,,4.151,3.51,2601.407,17.893,,,799.195,8.153,-2475.589,KAD_VURRO,Peter,Pomacentridae,Pomacentrus,coelestis,37372111,1,AD,Passing,
GX010038_L.MP4,53547,29.7781,KAD_VURRO_Transect 3,1.0661,166.528,8.52,15.092,2622.461,23.634,72.515,34.52,-601.141,-862.495,-2402.506,KAD_VURRO,Peter,Acanthuridae,Acanthurus,sp,,1,AD,Passing,
GX010038_L.MP4,53547,29.7781,KAD_VURRO_Transect 3,1.0661,144.309,5.544,7.609,2592.185,18.872,30.274,36.539,112.486,-830.877,-2452.838,KAD_VURRO,Peter,Chaetodontidae,Chaetodon,ephippium,37365037,1,AD,Passing,
GX010038_L.MP4,53576,29.7942,KAD_VURRO_Transect 3,1.0822,151.363,6.801,5.486,3240.311,15.717,23.016,45.228,574.474,663.675,-3119.156,KAD_VURRO,Peter,Acanthuridae,Acanthurus,sp,,1,AD,Passing,
GX010038_L.MP4,53576,29.7942,KAD_VURRO_Transect 3,1.0822,167.44,9.992,2.853,3527.184,6.729,26.517,31.098,89.517,403.507,-3502.884,KAD_VURRO,Peter,Acanthuridae,Acanthurus,sp,,1,AD,Passing,
GX010038_L.MP4,53576,29.7942,KAD_VURRO_Transect 3,1.0822,,6.981,2.17,3555.578,22.838,,,-1272.821,-535.11,-3276.541,KAD_VURRO,Peter,Labridae,Cheilinus,chlorourus,37384064,1,AD,Passing,
GX010038_L.MP4,53576,29.7942,KAD_VURRO_Transect 3,1.0822,102.115,8.258,5.825,2277.595,1.335,52.098,3.95,-6.607,-52.637,-2276.977,KAD_VURRO,Peter,Scaridae,Chlorurus,spilurus,temp_code_002,1,AD,Passing,
GX010038_L.MP4,53576,29.7942,KAD_VURRO_Transect 3,1.0822,81.288,7.657,4.174,2236.459,5.701,54.894,20.987,222.078,5.639,-2225.398,KAD_VURRO,Peter,Scaridae,Chlorurus,spilurus,temp_code_002,1,AD,Passing,
GX010038_L.MP4,53576,29.7942,KAD_VURRO_Transect 3,1.0822,131.132,4.579,9.45,2689.16,22.717,18.124,37.232,-889.753,-535.561,-2480.543,KAD_VURRO,Peter,Labridae,Oxycheilinus,digrammus,37384065,1,AD,Passing,
GX010038_L.MP4,53576,29.7942,KAD_VURRO_Transect 3,1.0822,70.922,2.267,6.9,1727.638,21.588,9.726,23.85,614.629,162.146,-1606.448,KAD_VURRO,Peter,Pomacentridae,Pomacentrus,callainus,temp_code_004,1,AD,Passing,
GX010038_L.MP4,53576,29.7942,KAD_VURRO_Transect 3,1.0822,68.439,3.588,4.939,2586.812,17.728,9.937,43.457,688.376,382.866,-2463.97,KAD_VURRO,Peter,Pomacentridae,Pomacentrus,moluccensis,37372118,1,AD,Passing,
GX010038_L.MP4,53576,29.7942,KAD_VURRO_Transect 3,1.0822,58.647,2.318,4.288,2207.583,13.664,1.35,47.192,-325.576,-407.391,-2145.101,KAD_VURRO,Peter,Pomacentridae,Pomacentrus,moluccensis,37372118,1,AD,Passing,
GX010038_L.MP4,53576,29.7942,KAD_VURRO_Transect 3,1.0822,83.409,1.87,3.376,2205.303,4.844,2.494,23.946,-81.112,-167.65,-2197.425,KAD_VURRO,Peter,Scaridae,Scarus,sp,,1,AD,Passing,
GX010038_L.MP4,53656,29.8387,KAD_VURRO_Transect 3,1.1267,89.009,3.16,4.697,1364.358,10.561,73.305,15.732,-9.523,-249.889,-1341.245,KAD_VURRO,Peter,Scaridae,Chlorurus,spilurus,temp_code_002,1,AD,Passing,
GX010038_L.MP4,53656,29.8387,KAD_VURRO_Transect 3,1.1267,25.562,2.426,1.196,1692.388,21.183,25.518,33.652,568.797,-224.588,-1578.039,KAD_VURRO,Peter,Pomacentridae,Pomacentrus,coelestis,37372111,1,AD,Passing,
GX010038_L.MP4,53656,29.8387,KAD_VURRO_Transect 3,1.1267,46.879,0.887,3.968,1170.11,8.067,0.016,26.423,41.224,-158.94,-1158.532,KAD_VURRO,Peter,Pomacentridae,Pomacentrus,philippinus,37372123,1,AD,Passing,
GX010038_L.MP4,53656,29.8387,KAD_VURRO_Transect 3,1.1267,,2.261,0.638,1831.796,11.785,,,63.78,-369.706,-1792.965,KAD_VURRO,Peter,Pomacentridae,Pomacentrus,coelestis,37372111,1,AD,Passing,
GX010038_L.MP4,53656,29.8387,KAD_VURRO_Transect 3,1.1267,97.687,3.195,3.425,1335.052,11.39,85.084,6.635,40.542,-260.526,-1308.757,KAD_VURRO,Peter,Scaridae,Scarus,sp,,1,AD,Passing,
GX010038_L.MP4,53677,29.8504,KAD_VURRO_Transect 3,1.1384,83.459,3.378,4.49,1531.653,10.428,49.629,5.555,14.159,-276.879,-1506.353,KAD_VURRO,Peter,Mullidae,Parupeneus,multifasciatus,37355026,1,AD,Passing,
GX010038_L.MP4,53677,29.8504,KAD_VURRO_Transect 3,1.1384,82.249,3.733,4.626,1682.586,12.438,44.779,7.474,-131.763,-337.584,-1643.098,KAD_VURRO,Peter,Mullidae,Parupeneus,multifasciatus,37355026,1,AD,Passing,
GX010038_L.MP4,53710,29.8687,KAD_VURRO_Transect 3,1.1567,86.318,1.502,1.626,1223.741,15.327,27.495,9.169,220.156,-236.989,-1180.216,KAD_VURRO,Peter,Scaridae,Chlorurus,spilurus,temp_code_002,1,AD,Passing,
GX010038_L.MP4,53710,29.8687,KAD_VURRO_Transect 3,1.1567,75.537,1.775,2.352,1373.237,14.982,27.21,4.609,134.03,-328.723,-1326.558,KAD_VURRO,Peter,Labridae,Thalassoma,quinquevittatum,37384170,1,AD,Passing,
GX010038_L.MP4,53732,29.881,KAD_VURRO_Transect 3,1.1689,154.418,9.293,8.548,2656.807,9.876,45.885,18.624,-430.249,150.159,-2617.434,KAD_VURRO,Peter,Acanthuridae,Acanthurus,sp,,1,AD,Passing,
GX010038_L.MP4,53732,29.881,KAD_VURRO_Transect 3,1.1689,175.604,6.772,3.292,2342.263,14.497,47.573,24.066,-567.957,-145.628,-2267.689,KAD_VURRO,Peter,Acanthuridae,Acanthurus,sp,,1,AD,Passing,
GX010038_L.MP4,53732,29.881,KAD_VURRO_Transect 3,1.1689,122.495,8.846,8.573,2628.493,25.035,79.12,19.804,-1052.082,-360.98,-2381.553,KAD_VURRO,Peter,Chaetodontidae,Chaetodon,baronessa,37365034,1,AD,Passing,
GX010038_L.MP4,53744,29.8876,KAD_VURRO_Transect 3,1.1756,86.699,4.698,9.58,1814.245,21.811,63.101,9.15,543.95,398.107,-1684.374,KAD_VURRO,Peter,Pomacentridae,Pomacentrus,callainus,temp_code_004,1,AD,Passing,
GX010038_L.MP4,53755,29.8938,KAD_VURRO_Transect 3,1.1817,179.031,3.001,5.295,2778.275,9.147,2.158,35.343,-414.068,153.653,-2742.946,KAD_VURRO,Peter,Acanthuridae,Acanthurus,sp,,1,AD,Passing,
GX010038_L.MP4,53778,29.9065,KAD_VURRO_Transect 3,1.1945,50.352,1.888,5.08,1671.089,14.794,10.655,32.194,406.947,128.293,-1615.696,KAD_VURRO,Peter,Pomacentridae,Pomacentrus,callainus,temp_code_004,1,AD,Passing,
GX010038_L.MP4,53778,29.9065,KAD_VURRO_Transect 3,1.1945,79.288,2.247,6.562,1559.103,15.706,23.206,11.506,379.617,184.428,-1500.893,KAD_VURRO,Peter,Pomacentridae,Pomacentrus,callainus,temp_code_004,1,AD,Passing,
GX010038_L.MP4,53819,29.9293,KAD_VURRO_Transect 3,1.2173,174.368,7.788,6.587,2229.841,6.783,58.668,23.23,182.496,189.865,-2214.235,KAD_VURRO,Peter,Acanthuridae,Acanthurus,sp,,1,AD,Passing,
GX010038_L.MP4,53842,29.9421,KAD_VURRO_Transect 3,1.2301,,2.845,13.69,2211.169,28.94,,,949.951,491.228,-1935.344,KAD_VURRO,Peter,Labridae,Thalassoma,hardwicke,37384165,1,AD,Passing,
GX010038_L.MP4,53844,29.9432,KAD_VURRO_Transect 3,1.2312,96.06,2.095,4.642,2217.888,3.121,11.069,58.768,-8.631,120.439,-2214.599,KAD_VURRO,Peter,Acanthuridae,Acanthurus,sp,,1,AD,Passing,
GX010038_L.MP4,53903,29.9761,KAD_VURRO_Transect 3,1.264,,1.656,2.942,1587.713,25.193,,,597.887,-315.942,-1436.505,KAD_VURRO,Peter,Pomacentridae,Pomacentrus,coelestis,37372111,1,AD,Passing,
GX010038_L.MP4,53919,29.985,KAD_VURRO_Transect 3,1.2729,78.222,4.356,5.532,1618.282,11.63,77.637,23.574,325.217,-25.572,-1585.061,KAD_VURRO,Peter,Pomacentridae,Pomacentrus,callainus,temp_code_004,1,AD,Passing,
GX010038_L.MP4,53975,30.0161,KAD_VURRO_Transect 3,1.3041,56.598,2.212,6.01,2084.329,14.072,1.987,13.559,360.176,356.525,-2021.779,KAD_VURRO,Peter,Pomacentridae,Chrysiptera,glauca,37372062,1,AD,Passing,
GX010038_L.MP4,53975,30.0161,KAD_VURRO_Transect 3,1.3041,47.596,1.242,3.7,1281.619,14.112,44.862,71.94,234.02,-207.088,-1242.939,KAD_VURRO,Peter,Pomacentridae,Pomacentrus,philippinus,37372123,1,AD,Passing,
GX010038_L.MP4,53975,30.0161,KAD_VURRO_Transect 3,1.3041,47.569,2.142,15.389,1850.162,26.466,2.255,48.358,641.463,518.088,-1656.263,KAD_VURRO,Peter,Pomacentridae,Pomacentrus,callainus,temp_code_004,1,AD,Passing,
GX010038_L.MP4,53975,30.0161,KAD_VURRO_Transect 3,1.3041,65.634,4.048,5.65,2527.984,13.284,19.197,38.866,273.989,512.22,-2460.338,KAD_VURRO,Peter,Pomacentridae,Pomacentrus,callainus,temp_code_004,1,AD,Passing,
GX010038_L.MP4,53975,30.0161,KAD_VURRO_Transect 3,1.3041,,4.507,4.917,2654.964,17.954,,,402.459,711.117,-2526.099,KAD_VURRO,Peter,Pomacentridae,Pomacentrus,callainus,temp_code_004,1,AD,Passing,
GX010038_L.MP4,54020,30.0411,KAD_VURRO_Transect 3,1.3291,,4.418,9.791,2699.36,21.345,,,897.153,399.066,-2514.44,KAD_VURRO,Peter,Acanthuridae,Acanthurus,sp,,1,AD,Passing,
GX010038_L.MP4,54020,30.0411,KAD_VURRO_Transect 3,1.3291,,10.565,13.387,4284.408,25.819,,,1477.393,1137.556,-3857.386,KAD_VURRO,Peter,Pomacentridae,Chromis,xanthura,37372057,1,AD,Passing,
GX010038_L.MP4,54020,30.0411,KAD_VURRO_Transect 3,1.3291,,5.229,11.13,2919.491,24.442,,,726.342,963.676,-2658.418,KAD_VURRO,Peter,Pomacentridae,Pomacentrus,callainus,temp_code_004,1,AD,Passing,
GX010038_L.MP4,54053,30.0595,KAD_VURRO_Transect 3,1.3475,,2.231,5.394,1890.612,26.48,,,708.778,-457.384,-1691.995,KAD_VURRO,Peter,Pomacentridae,Pomacentrus,coelestis,37372111,1,AD,Passing,
GX010038_L.MP4,54063,30.065,KAD_VURRO_Transect 3,1.353,,7.237,8.3,3446.146,20.47,,,944.085,747.188,-3228.984,KAD_VURRO,Peter,Pomacentridae,Chrysiptera,glauca,37372062,1,AD,Passing,
GX010038_L.MP4,54063,30.065,KAD_VURRO_Transect 3,1.353,,8.187,18.654,3815.835,25.661,,,1479.038,734.828,-3439.923,KAD_VURRO,Peter,Pomacentridae,Pomacentrus,philippinus,37372123,1,AD,Passing,
GX010038_L.MP4,54063,30.065,KAD_VURRO_Transect 3,1.353,77.394,4.548,11.713,2496.5,21.737,20.817,32.061,853.849,354.669,-2318.979,KAD_VURRO,Peter,Labridae,Thalassoma,amblycephalum,37384164,1,AD,Passing,
GX010038_L.MP4,54063,30.065,KAD_VURRO_Transect 3,1.353,63.533,3.94,19.665,2621.622,26.236,2.901,41.522,972.96,629.657,-2351.549,KAD_VURRO,Peter,Labridae,Thalassoma,amblycephalum,37384164,1,AD,Passing,
GX010038_L.MP4,54063,30.065,KAD_VURRO_Transect 3,1.353,,5.983,8.111,3141.747,21.146,,,950.644,615.392,-2930.553,KAD_VURRO,Peter,Labridae,Thalassoma,amblycephalum,37384164,1,AD,Passing,
GX010038_L.MP4,54063,30.065,KAD_VURRO_Transect 3,1.353,,5.523,11.7,3014.274,21.723,,,920.495,628.706,-2800.582,KAD_VURRO,Peter,Labridae,Thalassoma,amblycephalum,37384164,1,AD,Passing,
GX010038_L.MP4,54063,30.065,KAD_VURRO_Transect 3,1.353,,4.326,14.442,2707.572,25.78,,,1002.368,616.555,-2438.456,KAD_VURRO,Peter,Labridae,Thalassoma,amblycephalum,37384164,1,AD,Passing,
GX010038_L.MP4,54063,30.065,KAD_VURRO_Transect 3,1.353,,4.568,17.999,2811.462,27.504,,,1092.489,700.144,-2494.11,KAD_VURRO,Peter,Labridae,Thalassoma,amblycephalum,37384164,1,AD,Passing,
GX010038_L.MP4,54064,30.0656,KAD_VURRO_Transect 3,1.3536,,3.322,7.814,2265.388,19.435,,,349.655,-669.04,-2135.909,KAD_VURRO,Peter,Pomacentridae,Pomacentrus,coelestis,37372111,1,AD,Passing,
GX010038_L.MP4,54077,30.0728,KAD_VURRO_Transect 3,1.3608,,7.557,11.738,3803.052,28.081,,,1744.018,401.93,-3355.601,KAD_VURRO,Peter,Siganidae,Siganus,uspi,temp_code_007,1,AD,Passing,
GX010038_L.MP4,54091,30.0806,KAD_VURRO_Transect 3,1.3686,77.167,5.073,5.4,2082.573,22.262,44.835,13.425,759.609,-213.223,-1927.34,KAD_VURRO,Peter,Labridae,Thalassoma,amblycephalum,37384164,1,AD,Passing,
GX010038_L.MP4,54135,30.1051,KAD_VURRO_Transect 3,1.3931,101.892,4.243,2.329,1786.371,25.453,80.659,22.438,725.194,-252.035,-1612.977,KAD_VURRO,Peter,Acanthuridae,Acanthurus,sp,,1,AD,Passing,
GX010038_L.MP4,54135,30.1051,KAD_VURRO_Transect 3,1.3931,83.419,2.447,0.25,1657.012,20.101,23.787,3.682,423.666,-380.555,-1556.077,KAD_VURRO,Peter,Pomacentridae,Pomacentrus,callainus,temp_code_004,1,AD,Passing,
GX010038_L.MP4,54135,30.1051,KAD_VURRO_Transect 3,1.3931,65.819,4.655,4.43,2213.775,17.157,30.279,22.278,578.25,-303.433,-2115.268,KAD_VURRO,Peter,Labridae,Thalassoma,amblycephalum,37384164,1,AD,Passing,
GX010038_L.MP4,54135,30.1051,KAD_VURRO_Transect 3,1.3931,52.634,3.112,6.027,2056.35,13.508,33.835,56.934,304.587,-371.389,-1999.468,KAD_VURRO,Peter,Labridae,Thalassoma,amblycephalum,37384164,1,AD,Passing,
GX010038_L.MP4,54153,30.1151,KAD_VURRO_Transect 3,1.4031,58.823,4.872,7.306,2504.525,11.323,22.768,27.41,462.733,-166.41,-2455.775,KAD_VURRO,Peter,Pomacentridae,Chrysiptera,glauca,37372062,1,AD,Passing,
GX010038_L.MP4,54153,30.1151,KAD_VURRO_Transect 3,1.4031,72.59,3.11,4.961,2492.464,10.183,6.809,23.435,438.228,-45.982,-2453.206,KAD_VURRO,Peter,Pomacentridae,Chrysiptera,glauca,37372062,1,AD,Passing,
GX010038_L.MP4,54153,30.1151,KAD_VURRO_Transect 3,1.4031,71.816,5.859,3.601,2615.128,15.237,22.683,8.968,678.055,112.168,-2523.204,KAD_VURRO,Peter,Pomacentridae,Chrysiptera,glauca,37372062,1,AD,Passing,
GX010038_L.MP4,54153,30.1151,KAD_VURRO_Transect 3,1.4031,81.227,4.567,2.511,1977.769,22.196,84.372,41.719,745.762,-45.777,-1831.206,KAD_VURRO,Peter,Labridae,Thalassoma,amblycephalum,37384164,1,AD,Passing,
GX010038_L.MP4,54153,30.1151,KAD_VURRO_Transect 3,1.4031,66.393,3.36,8.275,2520.35,20.335,11.054,49.841,828.869,282.947,-2363.278,KAD_VURRO,Peter,Labridae,Thalassoma,amblycephalum,37384164,1,AD,Passing,
GX010038_L.MP4,54214,30.149,KAD_VURRO_Transect 3,1.437,133.227,7.501,6.98,2629.989,28.464,83.079,33.082,1251.139,-76.336,-2312.069,KAD_VURRO,Peter,Chaetodontidae,Chaetodon,rafflesii,37365052,1,AD,Passing,
GX010038_L.MP4,54214,30.149,KAD_VURRO_Transect 3,1.437,73.505,5.349,9.616,2653.014,11.481,23.609,26.285,108.986,-516.687,-2599.93,KAD_VURRO,Peter,Pomacentridae,Chrysiptera,glauca,37372062,1,AD,Passing,
GX010038_L.MP4,54214,30.149,KAD_VURRO_Transect 3,1.437,,3.333,6.493,2273.352,16.387,,,580.401,-274.241,-2180.838,KAD_VURRO,Peter,Pomacentridae,Chrysiptera,glauca,37372062,1,AD,Passing,
GX010038_L.MP4,54214,30.149,KAD_VURRO_Transect 3,1.437,217.737,10.459,5.282,2701.099,23.671,73.072,3.632,1026.852,-348.668,-2473.852,KAD_VURRO,Peter,Labridae,Halichoeres,hortulanus,37384112,1,AD,Passing,
GX010038_L.MP4,54214,30.149,KAD_VURRO_Transect 3,1.437,86.426,4.532,8.069,2718.39,15.661,11.979,26.825,717.437,154.14,-2617.474,KAD_VURRO,Peter,Labridae,Labroides,dimidiatus,37384028,1,AD,Passing,
GX010038_L.MP4,54214,30.149,KAD_VURRO_Transect 3,1.437,67.557,4.502,7.87,2188.366,17.877,47.369,51.951,287.175,-607.298,-2082.706,KAD_VURRO,Peter,Pomacentridae,Pomacentrus,philippinus,37372123,1,AD,Passing,
GX010038_L.MP4,54214,30.149,KAD_VURRO_Transect 3,1.437,,5.777,3.966,3049.134,12.845,,,-88.486,-673.801,-2972.436,KAD_VURRO,Peter,Pomacentridae,Pomacentrus,philippinus,37372123,1,AD,Passing,
GX010038_L.MP4,54214,30.149,KAD_VURRO_Transect 3,1.437,,4.493,6.169,2668.167,15.462,,,-8.79,-712.788,-2571.181,KAD_VURRO,Peter,Pomacentridae,Pomacentrus,philippinus,37372123,1,AD,Passing,
GX010038_L.MP4,54214,30.149,KAD_VURRO_Transect 3,1.437,168.812,15.232,11.801,4058.845,8.58,28.154,15.656,263.717,-545.122,-4013.417,KAD_VURRO,Peter,Siganidae,Siganus,uspi,temp_code_007,1,AD,Passing,
GX010038_L.MP4,54246,30.1668,KAD_VURRO_Transect 3,1.4548,,14.372,18.717,4940.432,20.047,,,-324.111,-1664.963,-4640.12,KAD_VURRO,Peter,Acanthuridae,Acanthurus,sp,,1,AD,Passing,
GX010038_L.MP4,54246,30.1668,KAD_VURRO_Transect 3,1.4548,113.626,5.93,7.932,2108.21,24.642,63.777,5.679,878.726,22.476,-1916.217,KAD_VURRO,Peter,Labridae,Labroides,dimidiatus,37384028,1,AD,Passing,
GX010038_L.MP4,54246,30.1668,KAD_VURRO_Transect 3,1.4548,,6.696,9.33,3334.768,21.07,,,-97.631,-1196.724,-3111.109,KAD_VURRO,Peter,Pomacentridae,Pomacentrus,moluccensis,37372118,1,AD,Passing,
GX010038_L.MP4,54301,30.1974,KAD_VURRO_Transect 3,1.4854,,7.025,18.806,3615.013,30.761,,,1612.599,902.655,-3106.937,KAD_VURRO,Peter,Pomacentridae,Chrysiptera,glauca,37372062,1,AD,Passing,
GX010038_L.MP4,54301,30.1974,KAD_VURRO_Transect 3,1.4854,61.15,2.638,3.243,2147.781,21.401,34.219,65.604,726.035,-295.088,-1999.69,KAD_VURRO,Peter,Pomacentridae,Pomacentrus,callainus,temp_code_004,1,AD,Passing,
GX010038_L.MP4,54301,30.1974,KAD_VURRO_Transect 3,1.4854,,4.569,12.555,2825.604,26.466,,,1142.641,527.792,-2529.791,KAD_VURRO,Peter,Pomacentridae,Pomacentrus,callainus,temp_code_004,1,AD,Passing,
GX010038_L.MP4,54301,30.1974,KAD_VURRO_Transect 3,1.4854,93.435,7.315,6.805,2477.823,19.714,42.146,3.377,835.232,-31.221,-2332.599,KAD_VURRO,Peter,Labridae,Thalassoma,amblycephalum,37384164,1,AD,Passing,
GX010038_L.MP4,54301,30.1974,KAD_VURRO_Transect 3,1.4854,93.159,5.097,9.723,3116.87,15.154,4.861,13.67,739.164,-342.861,-3008.481,KAD_VURRO,Peter,Acanthuridae,Zebrasoma,scopas,37437036,1,AD,Passing,
GX010038_L.MP4,54364,30.2324,KAD_VURRO_Transect 3,1.5204,,5.273,8.431,2935.247,6.519,,,-297.493,-151.86,-2916.181,KAD_VURRO,Peter,Pomacentridae,Chrysiptera,glauca,37372062,1,AD,Passing,
GX010038_L.MP4,54364,30.2324,KAD_VURRO_Transect 3,1.5204,,7.203,1.262,3510.806,14.231,,,-843.22,-186.055,-3402.958,KAD_VURRO,Peter,Pomacentridae,Chrysiptera,glauca,37372062,1,AD,Passing,
GX010038_L.MP4,54364,30.2324,KAD_VURRO_Transect 3,1.5204,,6.388,4.43,3282.544,12.414,,,-703.83,-52.927,-3205.763,KAD_VURRO,Peter,Pomacentridae,Chrysiptera,glauca,37372062,1,AD,Passing,
GX010038_L.MP4,54364,30.2324,KAD_VURRO_Transect 3,1.5204,,9.035,0.473,3976.484,14.371,,,-984.709,64.204,-3852.097,KAD_VURRO,Peter,Pomacentridae,Chrysiptera,glauca,37372062,1,AD,Passing,
GX010038_L.MP4,54364,30.2324,KAD_VURRO_Transect 3,1.5204,,4.256,5.887,2647.91,19.985,,,873.169,-239.301,-2488.32,KAD_VURRO,Peter,Pomacentridae,Pomacentrus,coelestis,37372111,1,AD,Passing,
GX010038_L.MP4,54364,30.2324,KAD_VURRO_Transect 3,1.5204,87.621,4.165,6.676,1866.371,23.746,78.646,42.512,459.712,-594.564,-1708.362,KAD_VURRO,Peter,Labridae,Stethojulis,sp,,1,AD,Passing,
GX010038_L.MP4,54364,30.2324,KAD_VURRO_Transect 3,1.5204,123.684,3.134,5.657,2217.418,7.166,16.02,10.949,46.508,272.668,-2200.098,KAD_VURRO,Peter,Labridae,Thalassoma,amblycephalum,37384164,1,AD,Passing,
GX010038_L.MP4,54364,30.2324,KAD_VURRO_Transect 3,1.5204,119.131,7.774,9.675,2280.082,4.165,49.88,14.925,155.809,56.127,-2274.059,KAD_VURRO,Peter,Labridae,Thalassoma,amblycephalum,37384164,1,AD,Passing,
GX010038_L.MP4,54364,30.2324,KAD_VURRO_Transect 3,1.5204,64.759,3.959,5.761,2449.689,4.097,17.256,16.91,-172.061,31.939,-2443.43,KAD_VURRO,Peter,Labridae,Thalassoma,amblycephalum,37384164,1,AD,Passing,
GX010038_L.MP4,54364,30.2324,KAD_VURRO_Transect 3,1.5204,80.345,6.347,6.25,2551.112,12.435,29.018,0.398,316.43,449.021,-2491.269,KAD_VURRO,Peter,Labridae,Thalassoma,amblycephalum,37384164,1,AD,Passing,
GX010038_L.MP4,54364,30.2324,KAD_VURRO_Transect 3,1.5204,81.274,3.858,6.843,2271.306,11.98,18.224,9.397,411.25,230.5,-2221.84,KAD_VURRO,Peter,Labridae,Thalassoma,amblycephalum,37384164,1,AD,Passing,
GX010038_L.MP4,54364,30.2324,KAD_VURRO_Transect 3,1.5204,77.674,3.489,3.945,2404.375,10.739,12.037,11.915,-428.83,-129.655,-2362.268,KAD_VURRO,Peter,Labridae,Thalassoma,amblycephalum,37384164,1,AD,Passing,
GX010038_L.MP4,54364,30.2324,KAD_VURRO_Transect 3,1.5204,75.779,2.506,2.423,2475.203,9.353,5.272,32.365,-210.482,-342.785,-2442.299,KAD_VURRO,Peter,Labridae,Thalassoma,amblycephalum,37384164,1,AD,Passing,
GX010038_L.MP4,54443,30.2764,KAD_VURRO_Transect 3,1.5643,113.569,10.169,3.395,2799.217,10.205,43.915,16.446,-205.284,-451.468,-2754.932,KAD_VURRO,Peter,Scaridae,Chlorurus,spilurus,temp_code_002,1,AD,Passing,
GX010038_L.MP4,54443,30.2764,KAD_VURRO_Transect 3,1.5643,78.422,5.963,5.072,2200.375,19.056,67.068,39.91,-426.342,-578.215,-2079.795,KAD_VURRO,Peter,Pomacentridae,Chrysiptera,glauca,37372062,1,AD,Passing,
GX010038_L.MP4,54443,30.2764,KAD_VURRO_Transect 3,1.5643,67.864,6.148,5.991,2002.375,16.104,86.137,30.881,-223.121,-508.632,-1923.802,KAD_VURRO,Peter,Pomacentridae,Chrysiptera,glauca,37372062,1,AD,Passing,
GX010038_L.MP4,54443,30.2764,KAD_VURRO_Transect 3,1.5643,79.244,6.038,2.623,2758.497,8.368,22.165,4.554,-234.926,-325.515,-2729.131,KAD_VURRO,Peter,Pomacentridae,Chrysiptera,glauca,37372062,1,AD,Passing,
GX010038_L.MP4,54443,30.2764,KAD_VURRO_Transect 3,1.5643,64.922,2.566,1.289,2104.927,9.528,13.614,0.854,43.962,-345.627,-2075.892,KAD_VURRO,Peter,Pomacentridae,Chrysiptera,glauca,37372062,1,AD,Passing,
GX010038_L.MP4,54443,30.2764,KAD_VURRO_Transect 3,1.5643,,3.989,2.124,2520.396,2.602,,,-20.525,-114.057,-2517.731,KAD_VURRO,Peter,Pomacentridae,Chrysiptera,glauca,37372062,1,AD,Passing,
GX010038_L.MP4,54443,30.2764,KAD_VURRO_Transect 3,1.5643,,7.067,0.727,3442.542,3.152,,,154.644,107.133,-3437.398,KAD_VURRO,Peter,Pomacentridae,Chrysiptera,glauca,37372062,1,AD,Passing,
GX010038_L.MP4,54443,30.2764,KAD_VURRO_Transect 3,1.5643,,5.496,3.095,2958.508,10.534,,,413.165,347.382,-2908.847,KAD_VURRO,Peter,Pomacentridae,Chrysiptera,glauca,37372062,1,AD,Passing,
GX010038_L.MP4,54443,30.2764,KAD_VURRO_Transect 3,1.5643,,6.997,4.09,3387.435,14.73,,,802.407,311.191,-3276.281,KAD_VURRO,Peter,Pomacentridae,Chrysiptera,glauca,37372062,1,AD,Passing,
GX010038_L.MP4,54443,30.2764,KAD_VURRO_Transect 3,1.5643,52.837,4.447,4.354,2376.321,16.101,26.091,29.91,-235.154,-615.652,-2283.106,KAD_VURRO,Peter,Pomacentridae,Dascyllus,reticulatus,37372074,1,AD,Passing,
GX010038_L.MP4,54443,30.2764,KAD_VURRO_Transect 3,1.5643,57.944,4.189,3.596,1667.964,21.573,71.285,1.716,611.737,-43.685,-1551.12,KAD_VURRO,Peter,Pomacentridae,Pomacentrus,sp,,1,AD,Passing,
GX010038_L.MP4,54443,30.2764,KAD_VURRO_Transect 3,1.5643,,5.653,1.754,3071.528,20.952,,,-778.735,-776.207,-2867.989,KAD_VURRO,Peter,Pomacentridae,Pomacentrus,philippinus,37372123,1,AD,Passing,
GX010038_L.MP4,54443,30.2764,KAD_VURRO_Transect 3,1.5643,,7.518,0.467,3575.936,2.044,,,-126.2,16.379,-3573.671,KAD_VURRO,Peter,Pomacentridae,Pomacentrus,philippinus,37372123,1,AD,Passing,
GX010038_L.MP4,54443,30.2764,KAD_VURRO_Transect 3,1.5643,,4.652,0.947,2719.234,9.508,,,442.894,73.417,-2681.919,KAD_VURRO,Peter,Pomacentridae,Pomacentrus,callainus,temp_code_004,1,AD,Passing,
GX010038_L.MP4,54443,30.2764,KAD_VURRO_Transect 3,1.5643,72.232,1.962,3.924,2202.809,16.127,1.331,22.634,-104.647,-602.852,-2116.126,KAD_VURRO,Peter,Labridae,Stethojulis,bandanensis,37384154,1,AD,Passing,
GX010038_L.MP4,54443,30.2764,KAD_VURRO_Transect 3,1.5643,73.853,3.352,2.106,1767.777,20.434,56.376,48.613,-9.658,-617.104,-1656.54,KAD_VURRO,Peter,Labridae,Thalassoma,amblycephalum,37384164,1,AD,Passing,
GX010038_L.MP4,54443,30.2764,KAD_VURRO_Transect 3,1.5643,67.488,4.087,3.875,1836.296,16.137,53.649,35.337,505.449,-70.774,-1763.944,KAD_VURRO,Peter,Labridae,Thalassoma,amblycephalum,37384164,1,AD,Passing,
GX010038_L.MP4,54577,30.3509,KAD_VURRO_Transect 3,1.6389,96.445,5.501,5.036,2161.407,27.318,73.713,31.099,807.579,-575.981,-1920.349,KAD_VURRO,Peter,Pomacentridae,Pomacentrus,philippinus,37372123,1,AD,Passing,
GX010038_L.MP4,54695,30.4165,KAD_VURRO_Transect 3,1.7045,68.819,3.717,3.743,2779.31,13.512,12.073,17.281,47.242,-647.677,-2702.378,KAD_VURRO,Peter,Pomacentridae,Pomacentrus,moluccensis,37372118,1,AD,Passing,
GX010038_L.MP4,54704,30.4215,KAD_VURRO_Transect 3,1.7095,66.426,3.099,2.482,2086.449,11.292,15.188,7.678,394.652,-105.633,-2046.06,KAD_VURRO,Peter,Pomacentridae,Chrysiptera,glauca,37372062,1,AD,Passing,
GX010038_L.MP4,54704,30.4215,KAD_VURRO_Transect 3,1.7095,,4.268,0.521,2576.651,15.467,,,479.262,-493.849,-2483.053,KAD_VURRO,Peter,Pomacentridae,Dascyllus,reticulatus,37372074,1,AD,Passing,
GX010038_L.MP4,54704,30.4215,KAD_VURRO_Transect 3,1.7095,,4.831,2.171,2918.477,23.439,,,1159.149,-65.372,-2677.612,KAD_VURRO,Peter,Pomacentridae,Pomacentrus,maafu,temp_code_005,1,AD,Passing,
GX010038_L.MP4,54718,30.4293,KAD_VURRO_Transect 3,1.7173,51.023,3.476,2.405,1874.527,22.034,43.469,37.296,634.641,-302.928,-1737.619,KAD_VURRO,Peter,Pomacentridae,Dascyllus,reticulatus,37372074,1,AD,Passing,
GX010038_L.MP4,54718,30.4293,KAD_VURRO_Transect 3,1.7173,,3.118,6.926,2216.344,18.985,,,681.972,-235.287,-2095.647,KAD_VURRO,Peter,Pomacentridae,Dascyllus,reticulatus,37372074,1,AD,Passing,
GX010038_L.MP4,54718,30.4293,KAD_VURRO_Transect 3,1.7173,,2.766,4.605,2069.398,18.933,,,621.383,-255.507,-1957.296,KAD_VURRO,Peter,Pomacentridae,Dascyllus,reticulatus,37372074,1,AD,Passing,
GX010038_L.MP4,54718,30.4293,KAD_VURRO_Transect 3,1.7173,,3.05,3.502,2229.803,21.412,,,809.777,-84.478,-2075.848,KAD_VURRO,Peter,Pomacentridae,Dascyllus,reticulatus,37372074,1,AD,Passing,
GX010038_L.MP4,54718,30.4293,KAD_VURRO_Transect 3,1.7173,,5.385,16.401,3182.546,31.061,,,1501.273,663.584,-2726.616,KAD_VURRO,Peter,Pomacentridae,Pomacentrus,maafu,temp_code_005,1,AD,Passing,
GX010038_L.MP4,54744,30.4437,KAD_VURRO_Transect 3,1.7317,96.51,3.72,5.898,2801.614,21.447,13.981,0.726,-129.073,-1016.213,-2607.622,KAD_VURRO,Peter,Scaridae,Chlorurus,spilurus,temp_code_002,1,AD,Passing,
GX010038_L.MP4,54744,30.4437,KAD_VURRO_Transect 3,1.7317,96.571,4.119,3.379,2231.868,21.133,26.296,13.806,414.698,-689.569,-2081.768,KAD_VURRO,Peter,Scaridae,Chlorurus,spilurus,temp_code_002,1,AD,Passing,
GX010038_L.MP4,54744,30.4437,KAD_VURRO_Transect 3,1.7317,107.538,6.043,5.097,2308.17,19.993,49.984,35.592,226.729,-755.921,-2169.061,KAD_VURRO,Peter,Scaridae,Chlorurus,spilurus,temp_code_002,1,AD,Passing,
GX010038_L.MP4,54744,30.4437,KAD_VURRO_Transect 3,1.7317,,4.431,5.785,2679.536,20.833,,,-117.781,-947.11,-2503.802,KAD_VURRO,Peter,Scaridae,Chlorurus,spilurus,temp_code_002,1,AD,Passing,
GX010038_L.MP4,54744,30.4437,KAD_VURRO_Transect 3,1.7317,143.77,6.615,6.506,2765.802,18.992,29.855,19.458,25.733,-899.745,-2615.235,KAD_VURRO,Peter,Labridae,Gomphosus,varius,37384106,1,AD,Passing,
GX010038_L.MP4,54744,30.4437,KAD_VURRO_Transect 3,1.7317,,5.176,6.275,2882.598,18.536,,,138.338,-907.488,-2732.526,KAD_VURRO,Peter,Labridae,Stethojulis,sp,,1,AD,Passing,
GX010038_L.MP4,54800,30.4749,KAD_VURRO_Transect 3,1.7629,90.659,6.587,1.611,2268.622,19.522,49.183,13.143,204.733,-729.95,-2138.2,KAD_VURRO,Peter,Mullidae,Parupeneus,cyclostomus,37355025,1,AD,Passing,
GX010038_L.MP4,54800,30.4749,KAD_VURRO_Transect 3,1.7629,89.562,2.267,2.71,1946.768,22.277,14.773,19.443,244.516,-696.301,-1801.467,KAD_VURRO,Peter,Mullidae,Parupeneus,multifasciatus,37355026,1,AD,Passing,
GX010038_L.MP4,54863,30.5099,KAD_VURRO_Transect 3,1.7979,180.762,10.101,0.723,2884.899,25.553,60.567,0.961,-1242.073,-75.66,-2602.724,KAD_VURRO,Peter,Acanthuridae,Acanthurus,sp,,1,AD,Passing,
GX010038_L.MP4,54973,30.5711,KAD_VURRO_Transect 3,1.8591,140.202,6.691,7.985,3170.572,20.876,12.067,22.172,1120.354,145.894,-2962.44,KAD_VURRO,Peter,Acanthuridae,Acanthurus,sp,,1,AD,Passing,
GX010038_L.MP4,54973,30.5711,KAD_VURRO_Transect 3,1.8591,134.771,8.672,6.512,3196.318,11.73,24.054,13.735,607.546,230.52,-3129.568,KAD_VURRO,Peter,Acanthuridae,Acanthurus,sp,,1,AD,Passing,
GX010038_L.MP4,54973,30.5711,KAD_VURRO_Transect 3,1.8591,70.348,4.063,4.636,2745.576,11.398,8.665,11.331,-533.906,-96.775,-2691.425,KAD_VURRO,Peter,Chaetodontidae,Chaetodon,citrinellus,37365036,1,AD,Passing,
GX010038_L.MP4,54973,30.5711,KAD_VURRO_Transect 3,1.8591,50.128,1.255,2.854,1594.162,5.376,2.366,2.984,30.351,-146.238,-1587.151,KAD_VURRO,Peter,Pomacentridae,Pomacentrus,maafu,temp_code_005,1,AD,Passing,
GX010038_L.MP4,54981,30.5755,KAD_VURRO_Transect 3,1.8635,193.359,16.662,10.917,3016.051,6.379,68.692,3.713,-324.973,81.828,-2997.375,KAD_VURRO,Peter,Scaridae,Chlorurus,spilurus,temp_code_002,1,AD,Passing,
GX010038_L.MP4,54981,30.5755,KAD_VURRO_Transect 3,1.8635,66.649,4.596,7.135,2086.862,10.869,31.412,7.29,-392.999,-19.89,-2049.427,KAD_VURRO,Peter,Pomacentridae,Chrysiptera,glauca,37372062,1,AD,Passing,
GX010038_L.MP4,54981,30.5755,KAD_VURRO_Transect 3,1.8635,,4.888,6.398,2819.862,5.395,,,-253.938,-77.815,-2807.327,KAD_VURRO,Peter,Pomacentridae,Pomacentrus,coelestis,37372111,1,AD,Passing,
GX010038_L.MP4,55029,30.6022,KAD_VURRO_Transect 3,1.8902,197.459,2.572,6.718,2087.755,12.36,7.222,18.101,-446.561,17.077,-2039.366,KAD_VURRO,Peter,Scaridae,Chlorurus,bleekeri,37386011,1,AD,Passing,
GX010038_L.MP4,55091,30.6367,KAD_VURRO_Transect 3,1.9247,33.594,1.794,11.378,1081.513,21.48,82.331,3.043,-185.993,-349.636,-1006.395,KAD_VURRO,Peter,Pomacentridae,Pomacentrus,coelestis,37372111,1,AD,Passing,
GX010038_L.MP4,55108,30.6462,KAD_VURRO_Transect 3,1.9342,,2.124,9.863,1842.985,25.325,,,735.086,283.825,-1666.039,KAD_VURRO,Peter,Pomacentridae,Pomacentrus,moluccensis,37372118,1,AD,Passing,
GX010038_L.MP4,55127,30.6567,KAD_VURRO_Transect 3,1.9447,24.502,1.373,4.444,1053.005,14.197,46.2,26.356,-144.227,-214.235,-1020.844,KAD_VURRO,Peter,Pomacentridae,Pomacentrus,coelestis,37372111,1,AD,Passing,
GX010038_L.MP4,55151,30.6701,KAD_VURRO_Transect 3,1.9581,126.012,1.474,6.079,1190.441,17.806,32.841,12.278,-160.165,-326.907,-1133.415,KAD_VURRO,Peter,Labridae,Halichoeres,hortulanus,37384112,1,AD,Passing,
GX010038_L.MP4,55311,30.7591,KAD_VURRO_Transect 3,2.047,,8.105,16.044,3957.36,29.913,,,1873.44,618.308,-3430.541,KAD_VURRO,Peter,Pomacentridae,Chromis,viridis,37372053,1,AD,Passing,
GX010038_L.MP4,55311,30.7591,KAD_VURRO_Transect 3,2.047,,11.909,17.143,4911.457,31.426,,,2473.095,661.968,-4191.421,KAD_VURRO,Peter,Pomacentridae,Chromis,viridis,37372053,1,AD,Passing,
GX010038_L.MP4,55311,30.7591,KAD_VURRO_Transect 3,2.047,,10.142,12.982,4447.919,29.212,,,2089.098,587.543,-3882.583,KAD_VURRO,Peter,Pomacentridae,Chromis,viridis,37372053,1,AD,Passing,
GX010038_L.MP4,55311,30.7591,KAD_VURRO_Transect 3,2.047,,12.501,16.075,4899.536,27.991,,,2194.897,683.286,-4326.777,KAD_VURRO,Peter,Pomacentridae,Chromis,viridis,37372053,1,AD,Passing,
GX010038_L.MP4,55386,30.8008,KAD_VURRO_Transect 3,2.0888,,7.554,13.237,3767.587,27.871,,,1679.671,527.95,-3330.869,KAD_VURRO,Peter,Pomacentridae,Chromis,viridis,37372053,1,AD,Passing,
GX010038_L.MP4,55386,30.8008,KAD_VURRO_Transect 3,2.0888,,9.928,4.954,4104.487,21.715,,,1285.698,805.953,-3813.69,KAD_VURRO,Peter,Pomacentridae,Chromis,viridis,37372053,1,AD,Passing,
GX010038_L.MP4,55386,30.8008,KAD_VURRO_Transect 3,2.0888,,8.847,13.946,3884.565,20.608,,,1241.675,570.266,-3636.328,KAD_VURRO,Peter,Pomacentridae,Dascyllus,reticulatus,37372074,1,AD,Passing,
GX010038_L.MP4,55386,30.8008,KAD_VURRO_Transect 3,2.0888,,5.512,1.92,3234.75,25.567,,,-1364.248,294.493,-2918.169,KAD_VURRO,Peter,Pomacentridae,Dascyllus,reticulatus,37372074,1,AD,Passing,
GX010038_L.MP4,55386,30.8008,KAD_VURRO_Transect 3,2.0888,,5.255,3.219,3122.681,23.511,,,-1238.105,135.722,-2863.531,KAD_VURRO,Peter,Pomacentridae,Dascyllus,reticulatus,37372074,1,AD,Passing,
GX010038_L.MP4,55428,30.8241,KAD_VURRO_Transect 3,2.1121,,5.327,16.283,3167.57,30.4,,,1496.029,573.857,-2732.415,KAD_VURRO,Peter,Pomacentridae,Chromis,xanthura,37372057,1,AD,Passing,
GX010038_L.MP4,55428,30.8241,KAD_VURRO_Transect 3,2.1121,,6.001,11.908,3293.871,28.366,,,1394.455,708.559,-2898.798,KAD_VURRO,Peter,Pomacentridae,Chromis,viridis,37372053,1,AD,Passing,
GX010038_L.MP4,55428,30.8241,KAD_VURRO_Transect 3,2.1121,,8.065,8.043,3713.643,23.151,,,1253.915,745.926,-3415.03,KAD_VURRO,Peter,Pomacentridae,Chromis,viridis,37372053,1,AD,Passing,
GX010038_L.MP4,55428,30.8241,KAD_VURRO_Transect 3,2.1121,,9.074,0.906,3851.231,10.964,,,362.81,634.06,-3781.312,KAD_VURRO,Peter,Pomacentridae,Chromis,viridis,37372053,1,AD,Passing,
GX010038_L.MP4,55467,30.8458,KAD_VURRO_Transect 3,2.1338,66.973,6.256,6.884,3092.593,17.198,15.595,25.511,841.393,358.039,-2954.318,KAD_VURRO,Peter,Pomacentridae,Chromis,viridis,37372053,1,AD,Passing,
GX010038_L.MP4,55467,30.8458,KAD_VURRO_Transect 3,2.1338,71.799,6.608,1.992,2403.428,17.389,43.642,20.95,-715.35,64.932,-2293.583,KAD_VURRO,Peter,Pomacentridae,Chrysiptera,glauca,37372062,1,AD,Passing,
GX010038_L.MP4,55467,30.8458,KAD_VURRO_Transect 3,2.1338,99.51,7.909,13.036,2524.646,27.538,85.374,22.276,1112.719,352.608,-2238.606,KAD_VURRO,Peter,Pomacentridae,Chrysiptera,glauca,37372062,1,AD,Passing,
GX010038_L.MP4,55467,30.8458,KAD_VURRO_Transect 3,2.1338,,3.199,0.336,2231.293,8.739,,,-330.851,-75.189,-2205.346,KAD_VURRO,Peter,Pomacentridae,Pomacentrus,maafu,temp_code_005,1,AD,Passing,
GX010038_L.MP4,55530,30.8809,KAD_VURRO_Transect 3,2.1688,,14.468,2.929,5074.633,2.507,,,-57.041,-217.477,-5069.65,KAD_VURRO,Peter,Pomacentridae,Chromis,xanthura,37372057,1,AD,Passing,
GX010038_L.MP4,55530,30.8809,KAD_VURRO_Transect 3,2.1688,,5.43,9.112,2970.001,6.601,,,-82.197,-333.082,-2950.119,KAD_VURRO,Peter,Pomacentridae,Chromis,viridis,37372053,1,AD,Passing,
GX010038_L.MP4,55530,30.8809,KAD_VURRO_Transect 3,2.1688,,6.561,10.475,3283.742,11.104,,,-492.611,-398.479,-3222.036,KAD_VURRO,Peter,Pomacentridae,Chromis,viridis,37372053,1,AD,Passing,
GX010038_L.MP4,55530,30.8809,KAD_VURRO_Transect 3,2.1688,72.59,6.08,6.898,1987.062,19.233,67.407,0.091,643.576,119.396,-1876.159,KAD_VURRO,Peter,Pomacentridae,Chrysiptera,glauca,37372062,1,AD,Passing,
GX010038_L.MP4,55530,30.8809,KAD_VURRO_Transect 3,2.1688,79.927,5.023,6.738,1951.79,8.013,56.232,36.236,-240.915,-126.449,-1932.732,KAD_VURRO,Peter,Pomacentridae,Chrysiptera,glauca,37372062,1,AD,Passing,
GX010038_L.MP4,55530,30.8809,KAD_VURRO_Transect 3,2.1688,,5.494,11.15,3181.302,24.7,,,-1254.623,-441.184,-2889.976,KAD_VURRO,Peter,Pomacentridae,Pomacentrus,callainus,temp_code_004,1,AD,Passing,
GX010038_L.MP4,55530,30.8809,KAD_VURRO_Transect 3,2.1688,90.608,8.053,7.232,2654.485,21.3,47.772,17.384,-920.349,-287.631,-2473.159,KAD_VURRO,Peter,Labridae,Thalassoma,amblycephalum,37384164,1,AD,Passing,
GX010038_L.MP4,55572,30.9042,KAD_VURRO_Transect 3,2.1922,172.485,14.961,7.43,3217.875,23.589,84.071,2.905,-1039.701,-759.722,-2948.994,KAD_VURRO,Peter,Acanthuridae,Acanthurus,sp,,1,AD,Passing,
GX010038_L.MP4,55572,30.9042,KAD_VURRO_Transect 3,2.1922,,6.361,1.954,3208.425,13.73,,,-342.377,-682.018,-3116.347,KAD_VURRO,Peter,Acanthuridae,Acanthurus,sp,,1,AD,Passing,
GX010038_L.MP4,55572,30.9042,KAD_VURRO_Transect 3,2.1922,128.012,10.469,11.733,3053.682,25.8,50.192,1.11,-998.7,-876.923,-2749.287,KAD_VURRO,Peter,Pomacanthidae,Centropyge,bicolor,37365022,1,AD,Passing,
GX010038_L.MP4,55572,30.9042,KAD_VURRO_Transect 3,2.1922,,8.226,4.21,3670.8,10.42,,,204.852,-633.656,-3609.887,KAD_VURRO,Peter,Pomacentridae,Pomacentrus,moluccensis,37372118,1,AD,Passing,
GX010038_L.MP4,55581,30.9092,KAD_VURRO_Transect 3,2.1972,,10.936,7.504,4354.54,8.785,,,-662.778,-57.106,-4303.426,KAD_VURRO,Peter,Pomacentridae,Chromis,xanthura,37372057,1,AD,Passing,
GX010038_L.MP4,55581,30.9092,KAD_VURRO_Transect 3,2.1972,198.807,2.166,10.081,1277.721,23.297,57.194,11.281,-250.215,-439.036,-1173.546,KAD_VURRO,Peter,Acanthuridae,Ctenochaetus,striatus,37437022,1,AD,Passing,
GX010038_L.MP4,55598,30.9187,KAD_VURRO_Transect 3,2.2066,,4.849,8.736,2782.385,20.674,,,335.705,-924.689,-2602.676,KAD_VURRO,Peter,Pomacanthidae,Centropyge,bicolor,37365022,1,AD,Passing,
GX010038_L.MP4,55598,30.9187,KAD_VURRO_Transect 3,2.2066,58.378,3.467,13.338,1955.938,24.337,40.034,36.497,-631.636,-500.74,-1782.13,KAD_VURRO,Peter,Pomacentridae,Chrysiptera,glauca,37372062,1,AD,Passing,
GX010038_L.MP4,55598,30.9187,KAD_VURRO_Transect 3,2.2066,86.327,4.686,5.056,2519.128,20.349,19.919,0.144,-645.154,-592.556,-2361.919,KAD_VURRO,Peter,Pomacentridae,Chrysiptera,glauca,37372062,1,AD,Passing,
GX010038_L.MP4,55674,30.9609,KAD_VURRO_Transect 3,2.2489,,12.55,12.436,4611.142,17.809,,,1273.128,-609.335,-4389.816,KAD_VURRO,Peter,Acanthuridae,Acanthurus,sp,,1,AD,Passing,
GX010038_L.MP4,55787,31.0238,KAD_VURRO_Transect 3,2.3118,73.514,5.182,2.631,1820.894,14.183,60.1,0.874,-289.704,-339.289,-1765.392,KAD_VURRO,Peter,Pomacentridae,Pomacentrus,moluccensis,37372118,1,AD,Passing,
GX010038_L.MP4,55787,31.0238,KAD_VURRO_Transect 3,2.3118,,2.481,1.48,1930.193,9.015,,,-135.988,-271.258,-1906.193,KAD_VURRO,Peter,Pomacentridae,Pomacentrus,maafu,temp_code_005,1,AD,Passing,
GX010038_L.MP4,63096,35.0884,KAD_VURRO_Transect 4,0.2341,123.645,3.722,2.162,2537.929,14.822,6.163,14.947,-648.564,-29.383,-2453.484,KAD_VURRO,Peter,Pomacentridae,Dascyllus,trimaculatus,37372075,1,AD,Passing,
GX020038_L.MP4,561,35.5472,KAD_VURRO_Transect 4,0.6929,136.148,11.549,5.641,2771.217,10.747,57.13,22.039,-167.859,-488.723,-2722.612,KAD_VURRO,Peter,Acanthuridae,Acanthurus,sp,,1,AD,Passing,
GX020038_L.MP4,561,35.5472,KAD_VURRO_Transect 4,0.6929,151.414,4.881,5.335,2181.452,17.921,38.843,28.439,-327.494,-585.953,-2075.606,KAD_VURRO,Peter,Acanthuridae,Ctenochaetus,striatus,37437022,1,AD,Passing,
GX020038_L.MP4,561,35.5472,KAD_VURRO_Transect 4,0.6929,,2.851,11.285,2122.079,21.882,,,-242.486,-753.937,-1968.756,KAD_VURRO,Peter,Pomacentridae,Pomacentrus,coelestis,37372111,1,AD,Passing,
GX020038_L.MP4,608,35.5733,KAD_VURRO_Transect 4,0.7191,102.308,3.151,8.297,1737.747,18.522,38.336,25.283,-275.002,-478.653,-1647.734,KAD_VURRO,Peter,Acanthuridae,Ctenochaetus,striatus,37437022,1,AD,Passing,
GX020038_L.MP4,622,35.5811,KAD_VURRO_Transect 4,0.7268,,3.761,3.13,2456.03,24.381,,,613.782,-808.285,-2236.522,KAD_VURRO,Peter,Acanthuridae,Acanthurus,sp,,1,AD,Passing,
GX020038_L.MP4,622,35.5811,KAD_VURRO_Transect 4,0.7268,110.642,6.59,10.394,2252.951,24.175,55.886,2.668,440.205,-810.844,-2055.369,KAD_VURRO,Peter,Chaetodontidae,Chaetodon,baronessa,37365034,1,AD,Passing,
GX020038_L.MP4,651,35.5972,KAD_VURRO_Transect 4,0.743,,7.92,6.095,4012.027,28.852,,,-1881.246,-459.173,-3513.749,KAD_VURRO,Peter,Acanthuridae,Acanthurus,sp,,1,AD,Passing,
GX020038_L.MP4,654,35.5989,KAD_VURRO_Transect 4,0.7446,92.266,2.448,7.714,2165.053,17.084,11.532,25.206,81.513,-630.796,-2069.518,KAD_VURRO,Peter,Chaetodontidae,Chaetodon,baronessa,37365034,1,AD,Passing,
GX020038_L.MP4,820,35.6912,KAD_VURRO_Transect 4,0.8369,,2.502,15.922,1993.496,24.03,,,-411.091,-701.065,-1820.313,KAD_VURRO,Peter,Pomacentridae,Pomacentrus,coelestis,37372111,1,AD,Passing,
GX020038_L.MP4,898,35.7346,KAD_VURRO_Transect 4,0.8803,,3.715,6.608,2638.912,27.114,,,-1179.909,-234.548,-2348.756,KAD_VURRO,Peter,Pomacentridae,Pomacentrus,coelestis,37372111,1,AD,Passing,
GX020038_L.MP4,906,35.739,KAD_VURRO_Transect 4,0.8848,,2.27,19.154,1947.858,27.8,,,-720.943,-553.742,-1722.72,KAD_VURRO,Peter,Pomacentridae,Pomacentrus,coelestis,37372111,1,AD,Passing,
GX020038_L.MP4,1001,35.7919,KAD_VURRO_Transect 4,0.9376,92.426,4.548,14.203,1926.901,16.977,64.142,42.249,408.48,-386.91,-1842.931,KAD_VURRO,Peter,Labridae,Thalassoma,hardwicke,37384165,1,AD,Passing,
GX020038_L.MP4,1007,35.7952,KAD_VURRO_Transect 4,0.9409,,3.092,4.667,2252.385,26.9,,,768.02,-670.969,-2008.278,KAD_VURRO,Peter,Acanthuridae,Acanthurus,sp,,1,AD,Passing,
GX020038_L.MP4,1025,35.8052,KAD_VURRO_Transect 4,0.951,24.179,0.723,3.208,918.861,5.434,11.515,16.291,-75.968,-42.438,-914.731,KAD_VURRO,Peter,Pomacentridae,Chrysiptera,glauca,37372062,1,AD,Passing,.
GX020038_L.MP4,1134,35.8658,KAD_VURRO_Transect 4,1.0116,107.183,5.959,14.483,2803.055,24.163,22.374,12.169,-940.963,-656.541,-2557.472,KAD_VURRO,Peter,Acanthuridae,Acanthurus,sp,,1,AD,Passing,
GX020038_L.MP4,1292,35.9537,KAD_VURRO_Transect 4,1.0994,165.706,12.087,11.152,3269.337,21.943,47.854,20.67,-753.69,-961.505,-3032.495,KAD_VURRO,Peter,Acanthuridae,Acanthurus,sp,,1,AD,Passing,
GX020038_L.MP4,1373,35.9987,KAD_VURRO_Transect 4,1.1445,178.91,14.264,4.542,3656.124,10.948,33.489,9.138,-72.252,-690.564,-3589.588,KAD_VURRO,Peter,Acanthuridae,Ctenochaetus,striatus,37437022,1,AD,Passing,
GX020038_L.MP4,1403,36.0154,KAD_VURRO_Transect 4,1.1612,153.556,4.89,8.9,2162.098,20.497,37.519,4.669,-261.168,-710.596,-2025.219,KAD_VURRO,Peter,Acanthuridae,Ctenochaetus,striatus,37437022,1,AD,Passing,
GX020038_L.MP4,1407,36.0176,KAD_VURRO_Transect 4,1.1634,,2.5,12.335,2033.105,24.821,,,-724.492,-452.189,-1845.035,KAD_VURRO,Peter,Labridae,Thalassoma,hardwicke,37384165,1,AD,Passing,
GX020038_L.MP4,1422,36.026,KAD_VURRO_Transect 4,1.1717,,1.597,3.633,1551.338,21.203,,,-547.178,-124.974,-1446.247,KAD_VURRO,Peter,Pomacentridae,Dascyllus,aruanus,37372073,1,AD,Passing,
GX020038_L.MP4,1624,36.1383,KAD_VURRO_Transect 4,1.2841,,10.043,6.888,4104.023,23.356,,,1167.212,-1135.704,-3767.068,KAD_VURRO,Peter,Scaridae,Chlorurus,spilurus,temp_code_002,1,AD,Passing,
GX020038_L.MP4,1634,36.1439,KAD_VURRO_Transect 4,1.2896,374.244,31.728,8.054,4764.699,26.42,84.992,3.77,1708.5,-1255.214,-4267.063,KAD_VURRO,Peter,Acanthuridae,Acanthurus,sp,,1,AD,Passing,
GX020038_L.MP4,1634,36.1439,KAD_VURRO_Transect 4,1.2896,,15.907,9.327,5174.208,21.465,,,1421.793,-1253.234,-4814.596,KAD_VURRO,Peter,Acanthuridae,Acanthurus,sp,,1,AD,Passing,
GX020038_L.MP4,1715,36.1889,KAD_VURRO_Transect 4,1.3347,211.002,17.761,5.825,3968.779,19.083,39.558,4.364,861.478,-970.269,-3750.685,KAD_VURRO,Peter,Scaridae,Chlorurus,spilurus,temp_code_002,1,AD,Passing,
GX020038_L.MP4,1753,36.2101,KAD_VURRO_Transect 4,1.3558,,2.27,2.393,1867.541,17.214,,,-521.54,181.844,-1783.996,KAD_VURRO,Peter,Pomacentridae,Pomacentrus,moluccensis,37372118,1,AD,Passing,
GX020038_L.MP4,1753,36.2101,KAD_VURRO_Transect 4,1.3558,,2.348,0.561,1911.491,18.63,,,-564.58,231.607,-1811.465,KAD_VURRO,Peter,Pomacentridae,Pomacentrus,moluccensis,37372118,1,AD,Passing,
GX020038_L.MP4,1753,36.2101,KAD_VURRO_Transect 4,1.3558,,1.884,1.332,1706.342,20.479,,,-588.758,97.895,-1598.557,KAD_VURRO,Peter,Pomacentridae,Pomacentrus,moluccensis,37372118,1,AD,Passing,
GX020038_L.MP4,1797,36.2345,KAD_VURRO_Transect 4,1.3803,,9.396,10.611,4028.189,16.428,,,-1034.778,474.194,-3864.024,KAD_VURRO,Peter,Scaridae,Chlorurus,spilurus,temp_code_002,1,AD,Passing,
GX020038_L.MP4,1797,36.2345,KAD_VURRO_Transect 4,1.3803,191.441,11.25,12.651,4107.352,19.491,19.355,23.868,-1145.705,752.035,-3871.969,KAD_VURRO,Peter,Acanthuridae,Ctenochaetus,striatus,37437022,1,AD,Passing,
GX020038_L.MP4,1797,36.2345,KAD_VURRO_Transect 4,1.3803,,10.337,6.119,4226.037,17.156,,,-1094.694,593.945,-4038.349,KAD_VURRO,Peter,Acanthuridae,Ctenochaetus,striatus,37437022,1,AD,Passing,
GX020038_L.MP4,1827,36.2512,KAD_VURRO_Transect 4,1.397,40.331,3.593,4.687,1670.391,9.993,44.739,20.602,-287.593,-36.152,-1645.05,KAD_VURRO,Peter,Pomacentridae,Dascyllus,aruanus,37372073,1,AD,Passing,
GX020038_L.MP4,1827,36.2512,KAD_VURRO_Transect 4,1.397,,1.594,2.452,1521.359,16.667,,,-435.021,33.004,-1457.464,KAD_VURRO,Peter,Pomacentridae,Dascyllus,aruanus,37372073,1,AD,Passing,
GX020038_L.MP4,1827,36.2512,KAD_VURRO_Transect 4,1.397,,1.721,2.96,1583.728,15.277,,,-406.776,92.236,-1527.816,KAD_VURRO,Peter,Pomacentridae,Dascyllus,aruanus,37372073,1,AD,Passing,
GX020038_L.MP4,1827,36.2512,KAD_VURRO_Transect 4,1.397,,1.821,1.901,1627.75,12.574,,,-345.886,76.1,-1588.755,KAD_VURRO,Peter,Pomacentridae,Dascyllus,aruanus,37372073,1,AD,Passing,
GX020038_L.MP4,1827,36.2512,KAD_VURRO_Transect 4,1.397,,1.808,2.56,1633.411,16.398,,,-436.065,149.062,-1567.054,KAD_VURRO,Peter,Pomacentridae,Dascyllus,reticulatus,37372074,1,AD,Passing,
GX020038_L.MP4,1831,36.2534,KAD_VURRO_Transect 4,1.3992,38.898,2.647,19.964,1363.221,25.377,76.367,4.529,-366.466,-455.013,-1231.68,KAD_VURRO,Peter,Pomacentridae,Pomacentrus,coelestis,37372111,1,AD,Passing,
GX020038_L.MP4,1986,36.3396,KAD_VURRO_Transect 4,1.4854,,4.814,4.048,2951.254,22.994,,,-1127.341,239.698,-2716.901,KAD_VURRO,Peter,Pomacentridae,Dascyllus,aruanus,37372073,1,AD,Passing,
GX020038_L.MP4,1986,36.3396,KAD_VURRO_Transect 4,1.4854,,5.169,0.098,3089.081,24.014,,,-1228.1,266.885,-2821.873,KAD_VURRO,Peter,Pomacentridae,Dascyllus,aruanus,37372073,1,AD,Passing,
GX020038_L.MP4,1986,36.3396,KAD_VURRO_Transect 4,1.4854,,5.391,5.889,3135.263,21.856,,,-1166.554,36.857,-2909.926,KAD_VURRO,Peter,Pomacentridae,Dascyllus,aruanus,37372073,1,AD,Passing,
GX020038_L.MP4,1986,36.3396,KAD_VURRO_Transect 4,1.4854,,5.45,0.03,3144.574,21.599,,,-1152.21,109.267,-2923.836,KAD_VURRO,Peter,Pomacentridae,Dascyllus,aruanus,37372073,1,AD,Passing,
GX020038_L.MP4,1986,36.3396,KAD_VURRO_Transect 4,1.4854,,5.177,0.009,3077.114,22.735,,,-1178.405,158.416,-2838.115,KAD_VURRO,Peter,Pomacentridae,Dascyllus,aruanus,37372073,1,AD,Passing,
GX020038_L.MP4,2025,36.3613,KAD_VURRO_Transect 4,1.5071,100.788,4.03,1.394,2751.086,18.571,1.264,25.836,-771.941,-414.419,-2607.841,KAD_VURRO,Peter,Labridae,Thalassoma,hardwicke,37384165,1,AD,Passing,
GX020038_L.MP4,2096,36.4008,KAD_VURRO_Transect 4,1.5465,166.762,10.165,9.916,4090.026,27.064,17.044,38.751,1329.081,-1302.507,-3642.16,KAD_VURRO,Peter,Scaridae,Chlorurus,spilurus,temp_code_002,1,AD,Passing,
GX020038_L.MP4,2274,36.4998,KAD_VURRO_Transect 4,1.6455,,2.294,9.204,1928.62,23.143,,,-684.778,-326.079,-1773.225,KAD_VURRO,Peter,Acanthuridae,Acanthurus,sp,,1,AD,Passing,
GX020038_L.MP4,2347,36.5404,KAD_VURRO_Transect 4,1.6861,178.712,3.563,7.488,2878.669,19.949,0.281,31.468,281.165,-941.058,-2705.936,KAD_VURRO,Peter,Scaridae,Chlorurus,spilurus,temp_code_002,1,AD,Passing,
GX020038_L.MP4,2416,36.5788,KAD_VURRO_Transect 4,1.7245,123.931,6.203,6.092,2623.153,12.481,39.336,46.441,-258.833,-504.38,-2561.159,KAD_VURRO,Peter,Acanthuridae,Zebrasoma,scopas,37437036,1,AD,Passing,
GX020038_L.MP4,2470,36.6088,KAD_VURRO_Transect 4,1.7545,96.38,6.429,2.961,2537.806,17.173,38.71,34.113,13.853,-749.159,-2424.671,KAD_VURRO,Peter,Acanthuridae,Acanthurus,nigrofuscus,37437014,1,AD,Passing,
GX020038_L.MP4,2483,36.616,KAD_VURRO_Transect 4,1.7618,206.097,13.084,9.789,3158.512,25.532,88.116,13.033,-1303.079,-394.017,-2850.076,KAD_VURRO,Peter,Acanthuridae,Acanthurus,sp,,1,AD,Passing,
GX020038_L.MP4,2483,36.616,KAD_VURRO_Transect 4,1.7618,,3.614,5.452,2588.588,26.242,,,-1133.108,-163.124,-2321.69,KAD_VURRO,Peter,Acanthuridae,Acanthurus,sp,,1,AD,Passing,
GX020038_L.MP4,2515,36.6338,KAD_VURRO_Transect 4,1.7796,66.14,2.561,8.562,1967.297,21.369,1.507,25.336,-690.492,-192.486,-1832.056,KAD_VURRO,Peter,Pomacentridae,Pomacentrus,moluccensis,37372118,1,AD,Passing,
GX020038_L.MP4,2604,36.6833,KAD_VURRO_Transect 4,1.829,17.799,1.712,4.297,1496.121,19.12,20.187,15.29,204.625,-445.271,-1413.591,KAD_VURRO,Peter,Pomacentridae,Chromis,viridis,37372053,1,AD,Passing,
GX020038_L.MP4,2604,36.6833,KAD_VURRO_Transect 4,1.829,,1.455,0.544,1440.418,14.606,,,74.053,-356.416,-1393.659,KAD_VURRO,Peter,Pomacentridae,Chromis,viridis,37372053,1,AD,Passing,
GX020038_L.MP4,2604,36.6833,KAD_VURRO_Transect 4,1.829,,1.431,6.893,1426.629,14.698,,,89.287,-351.585,-1379.742,KAD_VURRO,Peter,Pomacentridae,Chromis,viridis,37372053,1,AD,Passing,
GX020038_L.MP4,2604,36.6833,KAD_VURRO_Transect 4,1.829,,1.396,0.811,1407.101,16,,,145.604,-360.283,-1352.379,KAD_VURRO,Peter,Pomacentridae,Chromis,viridis,37372053,1,AD,Passing,
GX020038_L.MP4,2604,36.6833,KAD_VURRO_Transect 4,1.829,,1.385,0.179,1401.459,15.988,,,134.852,-362.481,-1347.037,KAD_VURRO,Peter,Pomacentridae,Chromis,viridis,37372053,1,AD,Passing,
GX020038_L.MP4,2604,36.6833,KAD_VURRO_Transect 4,1.829,,1.343,1.911,1379.506,16.514,,,136.459,-368.384,-1322.388,KAD_VURRO,Peter,Pomacentridae,Chromis,viridis,37372053,1,AD,Passing,
GX020038_L.MP4,2604,36.6833,KAD_VURRO_Transect 4,1.829,,1.408,1.593,1417.391,16.784,,,136.955,-386.499,-1356.783,KAD_VURRO,Peter,Pomacentridae,Chromis,viridis,37372053,1,AD,Passing,
GX020038_L.MP4,2604,36.6833,KAD_VURRO_Transect 4,1.829,,1.52,1.97,1476.021,17.464,,,203.968,-394.038,-1407.754,KAD_VURRO,Peter,Pomacentridae,Chromis,viridis,37372053,1,AD,Passing,
GX020038_L.MP4,2604,36.6833,KAD_VURRO_Transect 4,1.829,,1.296,2.078,1355.363,17.65,,,148.3,-384.017,-1291.335,KAD_VURRO,Peter,Pomacentridae,Chromis,viridis,37372053,1,AD,Passing,
GX020038_L.MP4,2604,36.6833,KAD_VURRO_Transect 4,1.829,,1.56,2.06,1502.033,19.281,,,241.43,-434.079,-1417.529,KAD_VURRO,Peter,Pomacentridae,Chromis,viridis,37372053,1,AD,Passing,
GX020038_L.MP4,2604,36.6833,KAD_VURRO_Transect 4,1.829,,1.31,8.198,1362.694,18.569,,,195.04,-388.396,-1291.527,KAD_VURRO,Peter,Pomacentridae,Chromis,viridis,37372053,1,AD,Passing,
GX020038_L.MP4,2604,36.6833,KAD_VURRO_Transect 4,1.829,,1.627,1.503,1531.256,16.73,,,188.236,-399.439,-1466.206,KAD_VURRO,Peter,Pomacentridae,Chromis,viridis,37372053,1,AD,Passing,
GX020038_L.MP4,2604,36.6833,KAD_VURRO_Transect 4,1.829,,1.588,3.538,1510.3,15.694,,,154.255,-379.14,-1453.775,KAD_VURRO,Peter,Pomacentridae,Chromis,viridis,37372053,1,AD,Passing,
GX020038_L.MP4,2632,36.6989,KAD_VURRO_Transect 4,1.8446,,0.712,2.463,972.539,20.035,,,140.757,-302.521,-913.51,KAD_VURRO,Peter,Pomacentridae,Pomacentrus,moluccensis,37372118,1,AD,Passing,
GX020038_L.MP4,2760,36.7701,KAD_VURRO_Transect 4,1.9158,103.528,10.301,9.449,2844.392,30.104,88.516,3.891,1134.029,-865.661,-2460.726,KAD_VURRO,Peter,Pomacentridae,Pomacentrus,philippinus,37372123,1,AD,Passing,
GX020038_L.MP4,2760,36.7701,KAD_VURRO_Transect 4,1.9158,,5.225,1.649,3007.059,28.055,,,1109.933,-878.026,-2653.21,KAD_VURRO,Peter,Nemipteridae,Scolopsis,bilineata,37347031,1,AD,Passing,
GX020038_L.MP4,2790,36.7867,KAD_VURRO_Transect 4,1.9325,150.995,4.94,3.127,3329.451,7.086,8.943,3.196,-364.027,-190.175,-3304.022,KAD_VURRO,Peter,Acanthuridae,Acanthurus,sp,,1,AD,Passing,
GX020038_L.MP4,2790,36.7867,KAD_VURRO_Transect 4,1.9325,,10.942,8.441,4368.897,3.146,,,-149.889,184.611,-4362.421,KAD_VURRO,Peter,Acanthuridae,Acanthurus,sp,,1,AD,Passing,
GX020038_L.MP4,2790,36.7867,KAD_VURRO_Transect 4,1.9325,69.885,3.665,7.904,2876.431,14.876,8.703,25.879,254.468,-693.222,-2780.026,KAD_VURRO,Peter,Mullidae,Parupeneus,multifasciatus,37355026,1,AD,Passing,
GX020038_L.MP4,2853,36.8218,KAD_VURRO_Transect 4,1.9675,,8.986,7.223,3885.132,6.23,,,206.504,365.346,-3862.4,KAD_VURRO,Peter,Acanthuridae,Zebrasoma,scopas,37437036,1,AD,Passing,
GX020038_L.MP4,2862,36.8268,KAD_VURRO_Transect 4,1.9725,62.458,3.998,5.393,2007.345,15.094,60.041,54.473,-344.1,-393.464,-1938.096,KAD_VURRO,Peter,Mullidae,Parupeneus,cyclostomus,37355025,1,AD,Passing,
GX020038_L.MP4,2918,36.8579,KAD_VURRO_Transect 4,2.0037,80.155,4.71,6.566,2064.411,25.339,63.548,34.252,880.277,-75.448,-1865.801,KAD_VURRO,Peter,Pomacentridae,Pomacentrus,philippinus,37372123,1,AD,Passing,
GX020038_L.MP4,2973,36.8885,KAD_VURRO_Transect 4,2.0343,,2.223,3.017,1903.476,22.465,,,-714.349,-138.023,-1758.941,KAD_VURRO,Peter,Pomacentridae,Pomacentrus,coelestis,37372111,1,AD,Passing,
GX020038_L.MP4,3011,36.9097,KAD_VURRO_Transect 4,2.0554,114.895,4.361,7.561,1944.223,15.526,37.649,10.425,378.472,-357.207,-1873.277,KAD_VURRO,Peter,Acanthuridae,Ctenochaetus,striatus,37437022,1,AD,Passing,
GX020038_L.MP4,3047,36.9297,KAD_VURRO_Transect 4,2.0754,,2.211,7.424,1897.146,23.077,,,-706.982,-231.555,-1745.199,KAD_VURRO,Peter,Pomacentridae,Pomacentrus,sp,,1,AD,Passing,
GX020038_L.MP4,3107,36.963,KAD_VURRO_Transect 4,2.1088,177.608,13.339,9.509,3548.048,22.386,41.342,8.833,-786.373,-1098.893,-3280.655,KAD_VURRO,Peter,Acanthuridae,Acanthurus,sp,,1,AD,Passing,
GX020038_L.MP4,3107,36.963,KAD_VURRO_Transect 4,2.1088,,6.914,1.65,3362.529,18.974,,,135.524,-1086.694,-3179.203,KAD_VURRO,Peter,Acanthuridae,Acanthurus,sp,,1,AD,Passing,
GX020038_L.MP4,3107,36.963,KAD_VURRO_Transect 4,2.1088,,9.846,2.689,4014.862,14.309,,,274.744,-955.791,-3889.743,KAD_VURRO,Peter,Acanthuridae,Acanthurus,sp,,1,AD,Passing,
GX020038_L.MP4,3107,36.963,KAD_VURRO_Transect 4,2.1088,,8.99,2.672,3852.913,17.677,,,-390.185,-1105.074,-3670.355,KAD_VURRO,Peter,Acanthuridae,Acanthurus,sp,,1,AD,Passing,
GX020038_L.MP4,3107,36.963,KAD_VURRO_Transect 4,2.1088,,6.679,14.002,3376.32,24.826,,,-801.69,-1170.921,-3063.622,KAD_VURRO,Peter,Nemipteridae,Scolopsis,bilineata,37347031,1,AD,Passing,
GX020038_L.MP4,3235,37.0342,KAD_VURRO_Transect 4,2.18,149.394,12.122,7.273,3459.257,19.072,34.69,6.345,495.721,-1015.819,-3269.378,KAD_VURRO,Peter,Acanthuridae,Acanthurus,sp,,1,AD,Passing,
GX020038_L.MP4,18926,45.7602,KAD_VURRO_Transect 5,0.3554,,1.61,5.519,1571.531,22.998,,,-582.914,-193.729,-1446.51,KAD_VURRO,Peter,Pomacentridae,Dascyllus,aruanus,37372073,1,AD,Passing,
GX020038_L.MP4,18926,45.7602,KAD_VURRO_Transect 5,0.3554,,1.715,3.772,1635.427,23.041,,,-620.753,-157.041,-1504.867,KAD_VURRO,Peter,Pomacentridae,Dascyllus,aruanus,37372073,1,AD,Passing,
GX020038_L.MP4,18954,45.7757,KAD_VURRO_Transect 5,0.3709,155.81,8.093,8.42,4298.351,12.911,2.079,17.326,-956.483,86.615,-4189.685,KAD_VURRO,Peter,Acanthuridae,Acanthurus,sp,,1,AD,Passing,
GX020038_L.MP4,19050,45.8291,KAD_VURRO_Transect 5,0.4243,184.923,16.47,14.61,4108.982,9.277,29.794,12.041,-662.02,22.654,-4055.237,KAD_VURRO,Peter,Acanthuridae,Acanthurus,sp,,1,AD,Passing,
GX020038_L.MP4,19050,45.8291,KAD_VURRO_Transect 5,0.4243,,8.568,3.704,3852.633,13.202,,,-879.897,-0.671,-3750.808,KAD_VURRO,Peter,Acanthuridae,Acanthurus,sp,,1,AD,Passing,
GX020038_L.MP4,19075,45.843,KAD_VURRO_Transect 5,0.4382,,3.398,3.212,2379.326,27.323,,,845.684,-692.266,-2113.475,KAD_VURRO,Peter,Pomacentridae,Dascyllus,aruanus,37372073,1,AD,Passing,
GX020038_L.MP4,19075,45.843,KAD_VURRO_Transect 5,0.4382,,3.498,1.821,2370.72,24.637,,,674.916,-723.208,-2154.477,KAD_VURRO,Peter,Pomacentridae,Dascyllus,aruanus,37372073,1,AD,Passing,
GX020038_L.MP4,19075,45.843,KAD_VURRO_Transect 5,0.4382,,4.655,6.315,2717.944,20.165,,,648.098,-678.11,-2550.952,KAD_VURRO,Peter,Pomacentridae,Dascyllus,aruanus,37372073,1,AD,Passing,
GX020038_L.MP4,19137,45.8775,KAD_VURRO_Transect 5,0.4727,123.139,5.805,2.491,2407.447,16.766,31.147,4.383,-676.002,-159.106,-2305.104,KAD_VURRO,Peter,Chaetodontidae,Chaetodon,auriga,37365019,1,AD,Passing,
GX020038_L.MP4,19137,45.8775,KAD_VURRO_Transect 5,0.4727,47.155,3.138,6.147,1910.016,15.634,49.558,55.169,-467.224,-215.996,-1839.35,KAD_VURRO,Peter,Pomacentridae,Pomacentrus,moluccensis,37372118,1,AD,Passing,
GX020038_L.MP4,19205,45.9153,KAD_VURRO_Transect 5,0.5105,32.035,2.447,1.281,1660.994,22.299,24.367,8.479,468.754,-421.278,-1536.781,KAD_VURRO,Peter,Pomacentridae,Dascyllus,aruanus,37372073,1,AD,Passing,
GX020038_L.MP4,19205,45.9153,KAD_VURRO_Transect 5,0.5105,,2.331,1.646,1869.578,19.061,,,472.42,-387.822,-1766.844,KAD_VURRO,Peter,Pomacentridae,Dascyllus,aruanus,37372073,1,AD,Passing,
GX020038_L.MP4,19205,45.9153,KAD_VURRO_Transect 5,0.5105,,2.138,3.831,1776.108,17.597,,,414.119,-342.803,-1692.794,KAD_VURRO,Peter,Pomacentridae,Dascyllus,aruanus,37372073,1,AD,Passing,
GX020038_L.MP4,19205,45.9153,KAD_VURRO_Transect 5,0.5105,,1.903,3.738,1662.597,15.558,,,251.618,-369.108,-1601.461,KAD_VURRO,Peter,Pomacentridae,Dascyllus,aruanus,37372073,1,AD,Passing,
GX020038_L.MP4,19220,45.9237,KAD_VURRO_Transect 5,0.5189,50.301,1.627,7.284,1414.717,13.81,18.894,16.407,-233.512,-243.941,-1373.823,KAD_VURRO,Peter,Labridae,Labroides,dimidiatus,37384028,1,AD,Passing,
GX020038_L.MP4,19234,45.9314,KAD_VURRO_Transect 5,0.5266,,2.02,0.511,1775.119,20.454,,,-597.864,-166.388,-1663.106,KAD_VURRO,Peter,Mullidae,Parupeneus,multifasciatus,37355026,1,AD,Passing,
GX020038_L.MP4,19236,45.9326,KAD_VURRO_Transect 5,0.5277,,2.061,1.5,1842.775,23.967,,,-746.735,-53.188,-1683.859,KAD_VURRO,Peter,Mullidae,Parupeneus,multifasciatus,37355026,1,AD,Passing,
GX020038_L.MP4,19248,45.9392,KAD_VURRO_Transect 5,0.5344,88.606,2.509,13.004,1283.934,17.626,78.505,23.75,-327.123,-210.085,-1223.659,KAD_VURRO,Peter,Chaetodontidae,Chaetodon,lunulatus,37365059,1,AD,Passing,
GX020038_L.MP4,19248,45.9392,KAD_VURRO_Transect 5,0.5344,,1.773,5.685,1600.079,9.952,,,-150.756,-232.75,-1575.866,KAD_VURRO,Peter,Pomacentridae,Dascyllus,aruanus,37372073,1,AD,Passing,
GX020038_L.MP4,19248,45.9392,KAD_VURRO_Transect 5,0.5344,,1.915,3.027,1693.138,16.296,,,-475.034,-9.309,-1625.107,KAD_VURRO,Peter,Pomacentridae,Dascyllus,aruanus,37372073,1,AD,Passing,
GX020038_L.MP4,19248,45.9392,KAD_VURRO_Transect 5,0.5344,,1.803,3.282,1621.858,13.52,,,-373.105,-68.465,-1576.873,KAD_VURRO,Peter,Pomacentridae,Dascyllus,aruanus,37372073,1,AD,Passing,
GX020038_L.MP4,19248,45.9392,KAD_VURRO_Transect 5,0.5344,48.406,1.762,13.465,1420.181,20.982,15.03,4.793,-469.636,-195.059,-1326.013,KAD_VURRO,Peter,Pomacentridae,Pomacentrus,maafu,temp_code_005,1,AD,Passing,
GX020038_L.MP4,19258,45.9448,KAD_VURRO_Transect 5,0.54,20.915,0.893,1.566,1011.718,21.312,24.812,20.653,45.349,-364.902,-942.53,KAD_VURRO,Peter,Pomacentridae,Dascyllus,aruanus,37372073,1,AD,Passing,
GX020038_L.MP4,19311,45.9743,KAD_VURRO_Transect 5,0.5695,,6.483,6.452,3290.904,11.778,,,-639.265,204.5,-3221.734,KAD_VURRO,Peter,Acanthuridae,Acanthurus,sp,,1,AD,Passing,
GX020038_L.MP4,19338,45.9893,KAD_VURRO_Transect 5,0.5845,200.249,13.96,11.889,3385.368,14.382,48.56,25.993,-823.086,172.185,-3279.268,KAD_VURRO,Peter,Acanthuridae,Acanthurus,sp,,1,AD,Passing,
GX020038_L.MP4,19338,45.9893,KAD_VURRO_Transect 5,0.5845,,9.265,8.408,4023.475,17.52,,,-1121.847,454.477,-3837.09,KAD_VURRO,Peter,Acanthuridae,Acanthurus,sp,,1,AD,Passing,
GX020038_L.MP4,19393,46.0199,KAD_VURRO_Transect 5,0.6151,80.554,5.838,6.559,2215.131,11.276,38.025,8.658,87.967,-424.098,-2172.374,KAD_VURRO,Peter,Acanthuridae,Ctenochaetus,striatus,37437022,1,AD,Passing,
GX020038_L.MP4,19393,46.0199,KAD_VURRO_Transect 5,0.6151,63.128,4.978,2.837,1930.729,12.472,51.745,27.41,-13.696,-416.737,-1885.167,KAD_VURRO,Peter,Pomacentridae,Pomacentrus,moluccensis,37372118,1,AD,Passing,
GX020038_L.MP4,19410,46.0293,KAD_VURRO_Transect 5,0.6245,156.657,14.681,7.852,3624.729,10.603,33.709,1.372,666.85,-10.908,-3562.843,KAD_VURRO,Peter,Acanthuridae,Acanthurus,sp,,1,AD,Passing,
GX020038_L.MP4,19453,46.0532,KAD_VURRO_Transect 5,0.6484,183.124,13.059,6.2,3383.4,24.861,51.294,0.389,-1331.386,500.771,-3069.859,KAD_VURRO,Peter,Acanthuridae,Ctenochaetus,striatus,37437022,1,AD,Passing,
GX020038_L.MP4,19453,46.0532,KAD_VURRO_Transect 5,0.6484,177.14,9,4.061,2624.514,24.083,65.713,2.635,-1068.014,79.498,-2396.06,KAD_VURRO,Peter,Nemipteridae,Scolopsis,bilineata,37347031,1,AD,Passing,
GX020038_L.MP4,19512,46.086,KAD_VURRO_Transect 5,0.6812,192.026,7.325,9.542,3980.219,9.174,21.644,60.187,485.231,-408.948,-3929.307,KAD_VURRO,Peter,Scaridae,Chlorurus,spilurus,temp_code_002,1,AD,Passing,
GX020038_L.MP4,19512,46.086,KAD_VURRO_Transect 5,0.6812,205.005,12.638,9.934,4004.547,4.218,24.095,23.96,252.888,-150.965,-3993.702,KAD_VURRO,Peter,Scaridae,Chlorurus,spilurus,temp_code_002,1,AD,Passing,
GX020038_L.MP4,19512,46.086,KAD_VURRO_Transect 5,0.6812,,7.588,4.163,3733.796,25.788,,,-1412.103,800.844,-3362.417,KAD_VURRO,Peter,Scaridae,Chlorurus,spilurus,temp_code_002,1,AD,Passing,
GX020038_L.MP4,19512,46.086,KAD_VURRO_Transect 5,0.6812,,7.19,11.178,3684.384,27.917,,,-1519.515,814.618,-3256.095,KAD_VURRO,Peter,Siganidae,Siganus,punctatus,37438003,1,AD,Passing,
GX020038_L.MP4,19519,46.0899,KAD_VURRO_Transect 5,0.6851,153.965,8.263,5.113,2325.248,20.29,80.177,0.154,-803.922,-62.119,-2180.97,KAD_VURRO,Peter,Scaridae,Chlorurus,spilurus,temp_code_002,1,AD,Passing,
GX020038_L.MP4,19571,46.1189,KAD_VURRO_Transect 5,0.714,42.514,2.741,9.49,1941.212,25.077,7.242,10.244,-755.638,-325.506,-1758.226,KAD_VURRO,Peter,Pomacentridae,Pomacentrus,maafu,temp_code_005,1,AD,Passing,
GX020038_L.MP4,19607,46.1389,KAD_VURRO_Transect 5,0.7341,193.122,11.075,1.719,3958.156,6.165,20.235,14.51,-289.05,-311.637,-3935.268,KAD_VURRO,Peter,Acanthuridae,Acanthurus,sp,,1,AD,Passing,
GX020038_L.MP4,19607,46.1389,KAD_VURRO_Transect 5,0.7341,94.498,7.845,4.054,2387.857,10.441,45.26,6.927,151.877,-405.217,-2348.317,KAD_VURRO,Peter,Acanthuridae,Acanthurus,sp,,1,AD,Passing,
GX020038_L.MP4,19607,46.1389,KAD_VURRO_Transect 5,0.7341,203.631,18.171,4.278,3720.452,8.764,41.696,3.145,-166.989,-541.701,-3677.015,KAD_VURRO,Peter,Scaridae,Chlorurus,spilurus,temp_code_002,1,AD,Passing,
GX020038_L.MP4,19607,46.1389,KAD_VURRO_Transect 5,0.7341,99.494,7.302,6.269,2957.246,10.056,26.122,22.398,-57.492,-513.172,-2911.813,KAD_VURRO,Peter,Scaridae,Chlorurus,spilurus,temp_code_002,1,AD,Passing,
GX020038_L.MP4,19607,46.1389,KAD_VURRO_Transect 5,0.7341,56.926,5.296,2.55,1976.864,12.151,46.571,9.795,-175.549,-377.268,-1932.574,KAD_VURRO,Peter,Pomacentridae,Pomacentrus,moluccensis,37372118,1,AD,Passing,
GX020038_L.MP4,19687,46.1834,KAD_VURRO_Transect 5,0.7786,,8.139,4.788,3909.69,24.97,,,-1536.943,599.364,-3544.608,KAD_VURRO,Peter,Acanthuridae,Acanthurus,sp,,1,AD,Passing,
GX020038_L.MP4,19745,46.2156,KAD_VURRO_Transect 5,0.8108,113.323,5.662,9.879,3036.313,20.534,4.603,13.582,986.933,-400.243,-2843.407,KAD_VURRO,Peter,Acanthuridae,Ctenochaetus,striatus,37437022,1,AD,Passing,
GX020038_L.MP4,19752,46.2195,KAD_VURRO_Transect 5,0.8147,145.821,9.541,11.204,4118.425,18.729,3.555,4.957,1223.78,501.106,-3900.344,KAD_VURRO,Peter,Acanthuridae,Acanthurus,sp,,1,AD,Passing,
GX020038_L.MP4,19793,46.2423,KAD_VURRO_Transect 5,0.8375,,3.524,3.895,2549.551,28.058,,,-1129.812,400.729,-2250.145,KAD_VURRO,Peter,Acanthuridae,Acanthurus,sp,,1,AD,Passing,
GX020038_L.MP4,19832,46.264,KAD_VURRO_Transect 5,0.8592,268.616,12.99,1.006,3032.054,23.703,85.348,2.724,-1186.702,278.281,-2776.266,KAD_VURRO,Peter,Acanthuridae,Acanthurus,sp,,1,AD,Passing,
GX020038_L.MP4,19910,46.3074,KAD_VURRO_Transect 5,0.9026,209.976,6.807,3.102,3508.226,20.307,15.285,41.148,-1086.083,550.341,-3290.167,KAD_VURRO,Peter,Scaridae,Chlorurus,spilurus,temp_code_002,1,AD,Passing,
GX020038_L.MP4,19963,46.3368,KAD_VURRO_Transect 5,0.932,138.983,9.426,1.979,3699.471,21.635,20.647,20.961,-1034.379,889.096,-3438.845,KAD_VURRO,Peter,Acanthuridae,Acanthurus,sp,,1,AD,Passing,
GX020038_L.MP4,19987,46.3502,KAD_VURRO_Transect 5,0.9454,,6.822,1.94,3328.529,14.646,,,-471.268,695.403,-3220.781,KAD_VURRO,Peter,Acanthuridae,Acanthurus,sp,,1,AD,Passing,
GX020038_L.MP4,19987,46.3502,KAD_VURRO_Transect 5,0.9454,,6.988,0.478,3383.774,15.876,,,-627.021,679.003,-3255.108,KAD_VURRO,Peter,Acanthuridae,Acanthurus,sp,,1,AD,Passing,
GX020038_L.MP4,20014,46.3652,KAD_VURRO_Transect 5,0.9604,229.271,19.46,8.344,3444.004,18.236,82.59,3.658,-852.962,658.743,-3271.036,KAD_VURRO,Peter,Acanthuridae,Acanthurus,sp,,1,AD,Passing,
GX020038_L.MP4,20014,46.3652,KAD_VURRO_Transect 5,0.9604,,6.295,0.628,3213.864,17.002,,,-676.016,650.989,-3073.782,KAD_VURRO,Peter,Acanthuridae,Acanthurus,sp,,1,AD,Passing,
GX020038_L.MP4,20036,46.3774,KAD_VURRO_Transect 5,0.9726,160.2,7.561,8.421,2847.669,24.255,33.19,1.035,-1030.116,554.425,-2596.285,KAD_VURRO,Peter,Acanthuridae,Acanthurus,sp,,1,AD,Passing,
GX020038_L.MP4,20073,46.398,KAD_VURRO_Transect 5,0.9932,78.764,5.839,5.208,2144.423,12.857,42.053,0.341,-475.938,-34.341,-2090.659,KAD_VURRO,Peter,Pomacentridae,Pomacentrus,philippinus,37372123,1,AD,Passing,
GX020038_L.MP4,20162,46.4475,KAD_VURRO_Transect 5,1.0427,178.333,3.504,6.016,2134.54,13.957,21.554,12.355,219.655,-465.637,-2071.52,KAD_VURRO,Peter,Scaridae,Chlorurus,bleekeri,37386011,1,AD,Passing,
GX020038_L.MP4,20213,46.4759,KAD_VURRO_Transect 5,1.0711,146.242,6.881,12.068,3050.447,21.228,18.489,10.428,-1053.076,-333.132,-2843.463,KAD_VURRO,Peter,Acanthuridae,Acanthurus,sp,,1,AD,Passing,
GX020038_L.MP4,20213,46.4759,KAD_VURRO_Transect 5,1.0711,207.552,15.672,11.333,3547.513,22.489,64.24,20.674,-1337.376,-229.751,-3277.726,KAD_VURRO,Peter,Acanthuridae,Acanthurus,sp,,1,AD,Passing,
GX020038_L.MP4,20213,46.4759,KAD_VURRO_Transect 5,1.0711,165.316,13.108,11.122,3274.067,9.958,38.809,3.895,-305.591,-476.599,-3224.746,KAD_VURRO,Peter,Acanthuridae,Acanthurus,sp,,1,AD,Passing,
GX020038_L.MP4,20213,46.4759,KAD_VURRO_Transect 5,1.0711,183.021,9.89,13.495,3541.88,24.557,24.969,16.408,1171.216,-891.656,-3221.509,KAD_VURRO,Peter,Scaridae,Chlorurus,spilurus,temp_code_002,1,AD,Passing,
GX020038_L.MP4,20252,46.4976,KAD_VURRO_Transect 5,1.0928,106.104,8.17,19.471,3029.076,20.34,27.897,6.36,-1017.073,-272.322,-2840.194,KAD_VURRO,Peter,Acanthuridae,Acanthurus,sp,,1,AD,Passing,
GX020038_L.MP4,20256,46.4998,KAD_VURRO_Transect 5,1.095,262.569,11.268,5.233,2968.059,26.148,72.759,3.271,-1301.917,-126.034,-2664.302,KAD_VURRO,Peter,Acanthuridae,Acanthurus,sp,,1,AD,Passing,
GX020038_L.MP4,20343,46.5482,KAD_VURRO_Transect 5,1.1434,138.998,3.893,0.17,2732.531,14.368,12.46,40.212,-510.038,-446.817,-2647.063,KAD_VURRO,Peter,Acanthuridae,Acanthurus,sp,,1,AD,Passing,
GX020038_L.MP4,20343,46.5482,KAD_VURRO_Transect 5,1.1434,121.849,11.937,12.455,2953.876,10.467,45.562,5.478,-386.528,-372.264,-2904.721,KAD_VURRO,Peter,Acanthuridae,Acanthurus,sp,,1,AD,Passing,
GX020038_L.MP4,20352,46.5532,KAD_VURRO_Transect 5,1.1484,,9.228,4.604,3911.09,8.84,,,483.112,-359.798,-3864.424,KAD_VURRO,Peter,Siganidae,Siganus,uspi,temp_code_007,1,AD,Passing,
GX020038_L.MP4,20352,46.5532,KAD_VURRO_Transect 5,1.1484,,7.838,4.464,3634.251,4.187,,,82.65,-254.278,-3624.402,KAD_VURRO,Peter,Siganidae,Siganus,uspi,temp_code_007,1,AD,Passing,
GX020038_L.MP4,20407,46.5838,KAD_VURRO_Transect 5,1.179,121.574,2.861,10.735,2964.141,10.492,3.379,25.424,-8.546,-539.719,-2914.577,KAD_VURRO,Peter,Acanthuridae,Acanthurus,sp,,1,AD,Passing,
GX020038_L.MP4,20423,46.5927,KAD_VURRO_Transect 5,1.1879,125.63,12.297,14.031,3457.414,9.563,50.88,49.871,133.972,-558.539,-3409.369,KAD_VURRO,Peter,Acanthuridae,Acanthurus,sp,,1,AD,Passing,
GX020038_L.MP4,20423,46.5927,KAD_VURRO_Transect 5,1.1879,,6.574,12.743,3282.281,8.306,,,-87.197,-467.986,-3247.577,KAD_VURRO,Peter,Acanthuridae,Acanthurus,sp,,1,AD,Passing,
GX020038_L.MP4,20423,46.5927,KAD_VURRO_Transect 5,1.1879,,8.749,0.942,3936.22,28.803,,,1441.036,-1234.894,-3448.518,KAD_VURRO,Peter,Scaridae,Chlorurus,spilurus,temp_code_002,1,AD,Passing,
GX020038_L.MP4,20423,46.5927,KAD_VURRO_Transect 5,1.1879,,7.598,9.126,3504.657,13.873,,,257.677,-801.8,-3401.961,KAD_VURRO,Peter,Acanthuridae,Ctenochaetus,sp,,1,AD,Passing,
GX020038_L.MP4,20423,46.5927,KAD_VURRO_Transect 5,1.1879,178.066,11.966,4.738,3133.465,7.109,38.054,8.814,-355.115,-155.782,-3109.377,KAD_VURRO,Peter,Lethrinidae,Monotaxis,grandoculis,37351026,1,AD,Passing,
GX020038_L.MP4,20453,46.6093,KAD_VURRO_Transect 5,1.2045,86.658,6.002,6.772,2224.795,23.089,57.872,19.886,-838.595,-240.775,-2046.583,KAD_VURRO,Peter,Pomacentridae,Pomacentrus,philippinus,37372123,1,AD,Passing,
GX020038_L.MP4,20483,46.626,KAD_VURRO_Transect 5,1.2212,,6.142,0.635,3142.578,17.001,,,196.985,-899.226,-3004.728,KAD_VURRO,Peter,Acanthuridae,Acanthurus,sp,,1,AD,Passing,
GX020038_L.MP4,20483,46.626,KAD_VURRO_Transect 5,1.2212,,6.223,4.782,3170.315,21.826,,,663.569,-975.881,-2942.487,KAD_VURRO,Peter,Acanthuridae,Acanthurus,sp,,1,AD,Passing,
GX020038_L.MP4,20483,46.626,KAD_VURRO_Transect 5,1.2212,188.727,13.272,8.527,2955.56,14.85,61.962,21.881,-107.318,-749.862,-2856.838,KAD_VURRO,Peter,Scaridae,Chlorurus,spilurus,temp_code_002,1,AD,Passing,
GX020038_L.MP4,20483,46.626,KAD_VURRO_Transect 5,1.2212,,5.5,4.025,3006.843,25.157,,,724.388,-1054.729,-2721.014,KAD_VURRO,Peter,Scaridae,Chlorurus,spilurus,temp_code_002,1,AD,Passing,
GX020038_L.MP4,20515,46.6438,KAD_VURRO_Transect 5,1.239,175.404,5.527,2.278,2197.286,13.831,48.854,36.259,-441.285,-284.902,-2133.581,KAD_VURRO,Peter,Lethrinidae,Monotaxis,grandoculis,37351026,1,AD,Passing,
GX020038_L.MP4,20577,46.6783,KAD_VURRO_Transect 5,1.2735,100.721,2.475,10.255,1326.524,21.122,68.553,22.241,-384.136,-284.517,-1237.399,KAD_VURRO,Peter,Pomacentridae,Pomacentrus,vaiuli,37372126,1,AD,Passing,
GX020038_L.MP4,20692,46.7423,KAD_VURRO_Transect 5,1.3374,86.32,4.559,0.549,2530.441,25.943,6.051,3.521,-1105.447,58.569,-2275.453,KAD_VURRO,Peter,Labridae,Thalassoma,hardwicke,37384165,1,AD,Passing,
GX020038_L.MP4,20793,46.7984,KAD_VURRO_Transect 5,1.3936,,6.141,8.678,3361.261,26.327,,,-1319.183,692.459,-3013.027,KAD_VURRO,Peter,Pomacentridae,Amblyglyphidodon,orbicularis,temp_code_001,1,AD,Passing,
GX020038_L.MP4,20817,46.8118,KAD_VURRO_Transect 5,1.407,,4.799,14.28,3005.019,28.562,,,-1309.206,590.251,-2639.645,KAD_VURRO,Peter,Pomacentridae,Stegastes,lacrymatus,temp_code_006,1,AD,Passing,
GX020038_L.MP4,20834,46.8212,KAD_VURRO_Transect 5,1.4164,,4.407,1.759,2868.424,26.378,,,-1229.228,334.851,-2569.967,KAD_VURRO,Peter,Pomacentridae,Stegastes,lacrymatus,temp_code_006,1,AD,Passing,
GX020038_L.MP4,20867,46.8396,KAD_VURRO_Transect 5,1.4348,89.864,3.566,11.894,1929.938,25.098,43.08,31.983,-745.195,-338.853,-1747.72,KAD_VURRO,Peter,Pomacentridae,Stegastes,lacrymatus,temp_code_006,1,AD,Passing,
GX020038_L.MP4,20913,46.8652,KAD_VURRO_Transect 5,1.4603,142.778,11.102,11.429,3082.751,23.435,50.939,17.294,-652.408,-1038.02,-2828.468,KAD_VURRO,Peter,Scaridae,Scarus,sp,,1,AD,Passing,
GX020038_L.MP4,20936,46.8779,KAD_VURRO_Transect 5,1.4731,169.518,7.349,2.408,2344.136,19.628,54.595,16.62,-235.373,-751.422,-2207.926,KAD_VURRO,Peter,Acanthuridae,Acanthurus,sp,,1,AD,Passing,
GX020038_L.MP4,20943,46.8818,KAD_VURRO_Transect 5,1.477,181.519,11.799,7.438,3092.688,17.999,45.005,1.303,-542.7,-786.609,-2941.334,KAD_VURRO,Peter,Labridae,Hemigymnus,fasciatus,37384124,1,AD,Passing,
GX020038_L.MP4,20959,46.8907,KAD_VURRO_Transect 5,1.4859,187.767,14.015,7.243,4000.487,14.044,28.473,20.856,-918.609,-313.969,-3880.912,KAD_VURRO,Peter,Scaridae,Chlorurus,spilurus,temp_code_002,1,AD,Passing,
GX020038_L.MP4,21005,46.9163,KAD_VURRO_Transect 5,1.5115,177.91,3.978,2.552,1720.585,20.949,64.114,26.278,-323.899,-523.001,-1606.851,KAD_VURRO,Peter,Acanthuridae,Ctenochaetus,striatus,37437022,1,AD,Passing,
GX020038_L.MP4,21090,46.9636,KAD_VURRO_Transect 5,1.5588,183.394,6.922,5.294,2249.458,23.796,89.496,16.844,-903.83,-82.788,-2058.227,KAD_VURRO,Peter,Acanthuridae,Acanthurus,sp,,1,AD,Passing,
GX020038_L.MP4,21144,46.9936,KAD_VURRO_Transect 5,1.5888,213.565,17.906,3.552,3594.086,22.838,75.791,10.873,-1307.302,486.756,-3312.323,KAD_VURRO,Peter,Acanthuridae,Acanthurus,nigrofuscus,37437014,1,AD,Passing,
GX020038_L.MP4,21334,47.0993,KAD_VURRO_Transect 5,1.6945,155.349,7.211,5.742,2698.745,18.829,60.238,49.431,-693.222,-527.321,-2554.33,KAD_VURRO,Peter,Pomacanthidae,Pygoplites,diacanthus,37365082,1,AD,Passing,
GX020038_L.MP4,21373,47.121,KAD_VURRO_Transect 5,1.7162,94.744,4.401,13.968,2882.114,29.309,14.088,50.682,-1269.694,615.08,-2513.193,KAD_VURRO,Peter,Acanthuridae,Ctenochaetus,striatus,37437022,1,AD,Passing,
GX020038_L.MP4,21412,47.1427,KAD_VURRO_Transect 5,1.7378,65.12,2.827,6.804,1961.599,21.137,33.857,49.515,-682.613,-185.442,-1829.623,KAD_VURRO,Peter,Pomacentridae,Stegastes,lacrymatus,temp_code_006,1,AD,Passing,
GX020038_L.MP4,21463,47.171,KAD_VURRO_Transect 5,1.7662,97.208,5.123,4.934,1869.208,20.377,72.144,12.278,-648.419,-56.332,-1752.232,KAD_VURRO,Peter,Acanthuridae,Acanthurus,sp,,1,AD,Passing,
GX020038_L.MP4,21486,47.1838,KAD_VURRO_Transect 5,1.779,80.595,3.375,8.282,1593.789,17.903,67.291,37.5,59.184,-486.345,-1516.617,KAD_VURRO,Peter,Pomacentridae,Pomacentrus,philippinus,37372123,1,AD,Passing,
GX020038_L.MP4,21486,47.1838,KAD_VURRO_Transect 5,1.779,70.658,4.148,8.901,1743.916,23.752,66.093,5.961,-652.363,-260.38,-1596.204,KAD_VURRO,Peter,Pomacentridae,Pomacentrus,callainus,temp_code_004,1,AD,Passing,
GX020038_L.MP4,21540,47.2138,KAD_VURRO_Transect 5,1.809,170.339,3.463,5.011,2105.054,18.737,25.57,26.673,59.624,-673.553,-1993.496,KAD_VURRO,Peter,Acanthuridae,Ctenochaetus,striatus,37437022,1,AD,Passing,
GX020038_L.MP4,21540,47.2138,KAD_VURRO_Transect 5,1.809,104.887,7.354,8.567,2447.217,20.329,46.722,6.027,-103.894,-843.832,-2294.782,KAD_VURRO,Peter,Acanthuridae,Ctenochaetus,striatus,37437022,1,AD,Passing,
GX020038_L.MP4,21597,47.2455,KAD_VURRO_Transect 5,1.8407,166.894,4.015,3.487,2775.658,14.098,9.572,11.866,461.848,-493.762,-2692.057,KAD_VURRO,Peter,Scaridae,Chlorurus,spilurus,temp_code_002,1,AD,Passing,
GX020038_L.MP4,21597,47.2455,KAD_VURRO_Transect 5,1.8407,131.642,3.421,5.056,2670.246,15.34,5.907,12.317,464.203,-532.479,-2575.111,KAD_VURRO,Peter,Scaridae,Chlorurus,spilurus,temp_code_002,1,AD,Passing,
GX020038_L.MP4,21597,47.2455,KAD_VURRO_Transect 5,1.8407,193.243,10.292,5.408,2846.504,15.671,43.309,0.979,379.314,-668.822,-2740.69,KAD_VURRO,Peter,Scaridae,Chlorurus,spilurus,temp_code_002,1,AD,Passing,
GX020038_L.MP4,21597,47.2455,KAD_VURRO_Transect 5,1.8407,108.961,8.18,2.79,2683.528,10.442,39.726,25.979,-183.058,-450.598,-2639.086,KAD_VURRO,Peter,Scaridae,Chlorurus,spilurus,temp_code_002,1,AD,Passing,
GX020038_L.MP4,21597,47.2455,KAD_VURRO_Transect 5,1.8407,60.602,2.741,5.395,2614.258,11.688,3.835,23.77,280.795,-449.046,-2560.05,KAD_VURRO,Peter,Pomacentridae,Pomacentrus,callainus,temp_code_004,1,AD,Passing,
GX020038_L.MP4,21618,47.2572,KAD_VURRO_Transect 5,1.8524,249.899,9.556,15.922,2695.08,26.772,75.221,2.988,-1006.904,-678.133,-2406.186,KAD_VURRO,Peter,Scaridae,Scarus,globiceps,37386018,1,AD,Passing,
GX020038_L.MP4,21646,47.2728,KAD_VURRO_Transect 5,1.868,93.991,2.738,9.251,2034.718,21.817,14.398,19.481,-511.309,-557.125,-1888.981,KAD_VURRO,Peter,Scaridae,Chlorurus,spilurus,temp_code_002,1,AD,Passing,
GX020038_L.MP4,21688,47.2961,KAD_VURRO_Transect 5,1.8913,,3.2,7.353,2304.974,19.115,,,-754.226,28.471,-2177.898,KAD_VURRO,Peter,Pomacentridae,Pomacentrus,callainus,temp_code_004,1,AD,Passing,
GX020038_L.MP4,21698,47.3017,KAD_VURRO_Transect 5,1.8969,110.548,10.444,14.356,2847.794,21.864,54.254,3.072,-701.2,-795.666,-2642.947,KAD_VURRO,Peter,Pomacanthidae,Centropyge,heraldi,37385027,1,AD,Passing,
GX020038_L.MP4,21708,47.3073,KAD_VURRO_Transect 5,1.9025,92.014,5.279,10.861,2457.24,26.256,53.312,43.217,-999.065,-428.393,-2203.719,KAD_VURRO,Peter,Pomacanthidae,Centropyge,heraldi,37385027,1,AD,Passing,
GX020038_L.MP4,21725,47.3167,KAD_VURRO_Transect 5,1.9119,,2.933,3.056,2253.283,23.694,,,-893.051,148.413,-2063.423,KAD_VURRO,Peter,Pomacentridae,Pomacentrus,callainus,temp_code_004,1,AD,Passing,
GX020038_L.MP4,21725,47.3167,KAD_VURRO_Transect 5,1.9119,,3.786,6.257,2565.676,21.241,,,-924.918,-93.686,-2391.326,KAD_VURRO,Peter,Pomacentridae,Pomacentrus,callainus,temp_code_004,1,AD,Passing,
GX020038_L.MP4,21731,47.3201,KAD_VURRO_Transect 5,1.9152,75.837,1.985,3.789,1769.466,20.177,10.757,38.482,345.057,-503.413,-1660.88,KAD_VURRO,Peter,Pomacentridae,Pomacentrus,philippinus,37372123,1,AD,Passing,
GX020038_L.MP4,21743,47.3267,KAD_VURRO_Transect 5,1.9219,,3.09,3.082,2321.352,23.471,,,-917.534,112.536,-2129.352,KAD_VURRO,Peter,Pomacentridae,Pomacentrus,callainus,temp_code_004,1,AD,Passing,
GX020038_L.MP4,21743,47.3267,KAD_VURRO_Transect 5,1.9219,197.179,8.729,2.085,2549.568,25.697,85.001,2.209,-1105.529,-0.02,-2297.412,KAD_VURRO,Peter,Nemipteridae,Scolopsis,bilineata,37347031,1,AD,Passing,
GX020038_L.MP4,21759,47.3356,KAD_VURRO_Transect 5,1.9308,101.01,7.252,8.154,2474.108,25.849,56.851,2.372,-1070.822,-130.124,-2226.571,KAD_VURRO,Peter,Scaridae,Chlorurus,spilurus,temp_code_002,1,AD,Passing,
GX020038_L.MP4,21759,47.3356,KAD_VURRO_Transect 5,1.9308,85.401,5.573,7.43,2108.387,19.975,72.213,34.991,-681.78,-232.219,-1981.551,KAD_VURRO,Peter,Pomacentridae,Stegastes,lacrymatus,temp_code_006,1,AD,Passing,
GX020038_L.MP4,21813,47.3657,KAD_VURRO_Transect 5,1.9608,185.029,2.738,3.276,2018.137,16.765,18.472,37.806,-432.833,-389.25,-1932.36,KAD_VURRO,Peter,Scaridae,Chlorurus,spilurus,temp_code_002,1,AD,Passing,
GX020038_L.MP4,21834,47.3773,KAD_VURRO_Transect 5,1.9725,88.344,1.907,9.575,1524.374,22.397,27.758,40.886,-482.414,-323.48,-1409.381,KAD_VURRO,Peter,Scaridae,Scarus,globiceps,37386018,1,AD,Passing,
GX020038_L.MP4,21872,47.3985,KAD_VURRO_Transect 5,1.9937,158.166,2.379,4.137,1476.16,17.482,39.91,26.405,-233.19,-377.179,-1407.979,KAD_VURRO,Peter,Scaridae,Scarus,sp,,1,AD,Passing,
GX020038_L.MP4,21975,47.4557,KAD_VURRO_Transect 5,2.0509,,3.944,2.407,2500.235,18.424,,,14.116,-791.443,-2371.623,KAD_VURRO,Peter,Pomacentridae,Dascyllus,aruanus,37372073,1,AD,Passing,
GX020038_L.MP4,21975,47.4557,KAD_VURRO_Transect 5,2.0509,,4.006,5.158,2534.89,21.313,,,133.905,-912.945,-2360.988,KAD_VURRO,Peter,Pomacentridae,Dascyllus,aruanus,37372073,1,AD,Passing,
GX020038_L.MP4,21975,47.4557,KAD_VURRO_Transect 5,2.0509,,3.979,3.372,2516.132,20.137,,,137.011,-856.687,-2361.829,KAD_VURRO,Peter,Pomacentridae,Dascyllus,aruanus,37372073,1,AD,Passing,
GX020038_L.MP4,21975,47.4557,KAD_VURRO_Transect 5,2.0509,,5.716,5.724,3039.87,17.945,,,64.717,-936.049,-2891.442,KAD_VURRO,Peter,Scaridae,Scarus,psittacus,37386024,1,AD,Passing,
GX020038_L.MP4,22001,47.4702,KAD_VURRO_Transect 5,2.0654,103.964,5.899,10.361,2049.209,20.486,61.259,2.472,-641.772,-320.102,-1919.614,KAD_VURRO,Peter,Pomacentridae,Stegastes,lacrymatus,temp_code_006,1,AD,Passing,
GX020038_L.MP4,22013,47.4769,KAD_VURRO_Transect 5,2.0721,104.538,6.132,7.654,3222.374,19.501,17.022,40.23,-71.548,-1073.315,-3037.527,KAD_VURRO,Peter,Acanthuridae,Acanthurus,sp,,1,AD,Passing,
GX020038_L.MP4,22013,47.4769,KAD_VURRO_Transect 5,2.0721,,7.087,3.938,3399.662,15.961,,,-482.277,-802.787,-3268.126,KAD_VURRO,Peter,Pomacentridae,Dascyllus,aruanus,37372073,1,AD,Passing,
GX020038_L.MP4,22101,47.5258,KAD_VURRO_Transect 5,2.121,78.446,4.56,4.338,1796.565,21.512,61.548,12.066,359.02,-552.38,-1671.415,KAD_VURRO,Peter,Pomacentridae,Pomacentrus,moluccensis,37372118,1,AD,Passing,
GX020038_L.MP4,22101,47.5258,KAD_VURRO_Transect 5,2.121,,1.814,1.037,1651.727,23.052,,,298.32,-574.727,-1519.505,KAD_VURRO,Peter,Pomacentridae,Pomacentrus,moluccensis,37372118,1,AD,Passing,
GX020038_L.MP4,22101,47.5258,KAD_VURRO_Transect 5,2.121,,1.873,1.19,1672.545,21.389,,,266.006,-549.827,-1557.028,KAD_VURRO,Peter,Pomacentridae,Pomacentrus,moluccensis,37372118,1,AD,Passing,
GX020038_L.MP4,22108,47.5297,KAD_VURRO_Transect 5,2.1249,54.377,3.049,3.719,1476.271,18.283,54.675,9.06,246.723,-391.939,-1401.744,KAD_VURRO,Peter,Pomacentridae,Pomacentrus,callainus,temp_code_004,1,AD,Passing,
GX020038_L.MP4,22108,47.5297,KAD_VURRO_Transect 5,2.1249,,1.906,1.804,1671.217,18.713,,,324.52,-427.731,-1582.624,KAD_VURRO,Peter,Pomacentridae,Pomacentrus,callainus,temp_code_004,1,AD,Passing,
GX020038_L.MP4,22117,47.5347,KAD_VURRO_Transect 5,2.1299,28.017,2.275,1.409,1421.345,18.406,41.36,22.828,193.601,-404.887,-1348.632,KAD_VURRO,Peter,Pomacentridae,Pomacentrus,moluccensis,37372118,1,AD,Passing,
GX020038_L.MP4,22117,47.5347,KAD_VURRO_Transect 5,2.1299,,1.839,2.548,1643.632,16.268,,,95.156,-451.412,-1577.561,KAD_VURRO,Peter,Pomacentridae,Pomacentrus,moluccensis,37372118,1,AD,Passing,
GX020038_L.MP4,22129,47.5414,KAD_VURRO_Transect 5,2.1366,,5.948,9.555,3069.671,15.433,,,439.654,-690.18,-2958.587,KAD_VURRO,Peter,Pomacentridae,Dascyllus,aruanus,37372073,1,AD,Passing,
GX020038_L.MP4,22129,47.5414,KAD_VURRO_Transect 5,2.1366,42.804,1.344,4.439,1631.965,21.782,0.292,10.49,217.332,-565.249,-1515.444,KAD_VURRO,Peter,Pomacentridae,Pomacentrus,moluccensis,37372118,1,AD,Passing,
GX020038_L.MP4,22132,47.5431,KAD_VURRO_Transect 5,2.1382,78.664,2.665,3.078,2251.177,23.805,9.047,13.62,431.843,-799.436,-2059.663,KAD_VURRO,Peter,Pomacentridae,Stegastes,lacrymatus,temp_code_006,1,AD,Passing,
GX020038_L.MP4,22140,47.5475,KAD_VURRO_Transect 5,2.1427,,2.027,16.378,1799.077,26.062,,,-544.85,-573.548,-1615.815,KAD_VURRO,Peter,Pomacentridae,Pomacentrus,coelestis,37372111,1,AD,Passing,
GX020038_L.MP4,22170,47.5642,KAD_VURRO_Transect 5,2.1594,153.006,2.347,7.786,2106.775,21.154,9.301,20.76,-318.73,-690.259,-1964.804,KAD_VURRO,Peter,Acanthuridae,Ctenochaetus,striatus,37437022,1,AD,Passing,
GX020038_L.MP4,22417,47.7015,KAD_VURRO_Transect 5,2.2967,240.783,17.384,3.836,3803.148,28.372,78.713,20.607,1691.185,-637.202,-3346.311,KAD_VURRO,Peter,Labridae,Oxycheilinus,sp,,1,AD,Passing,
GX020038_L.MP4,22512,47.7544,KAD_VURRO_Transect 5,2.3496,,2.331,0.504,1923.333,26.1,,,651.284,-541.182,-1726.894,KAD_VURRO,Peter,Pomacentridae,Dascyllus,aruanus,37372073,1,AD,Passing,
GX020038_L.MP4,22512,47.7544,KAD_VURRO_Transect 5,2.3496,,2.577,2.884,2060.094,27.699,,,787.123,-546.445,-1823.683,KAD_VURRO,Peter,Pomacentridae,Pomacentrus,moluccensis,37372118,1,AD,Passing,
GX020038_L.MP4,22529,47.7638,KAD_VURRO_Transect 5,2.359,151.814,10.587,3.989,2764.568,26.931,89.65,7.513,978.505,-781.264,-2464.75,KAD_VURRO,Peter,Acanthuridae,Acanthurus,sp,,1,AD,Passing,
GX020038_L.MP4,22529,47.7638,KAD_VURRO_Transect 5,2.359,252.246,17.892,5.308,3742.391,28.365,79.138,3.201,1686.886,-561.697,-3293.084,KAD_VURRO,Peter,Acanthuridae,Acanthurus,sp,,1,AD,Passing,
GX020038_L.MP4,22529,47.7638,KAD_VURRO_Transect 5,2.359,181.153,11.979,4.051,3831.742,28.44,29.9,21.005,1658.764,-760.598,-3369.308,KAD_VURRO,Peter,Acanthuridae,Ctenochaetus,striatus,37437022,1,AD,Passing,
GX020038_L.MP4,22553,47.7772,KAD_VURRO_Transect 5,2.3724,212.125,8.511,9.821,2742.92,16.321,37.087,8.706,683.15,-357.011,-2632.387,KAD_VURRO,Peter,Scaridae,Chlorurus,spilurus,temp_code_002,1,AD,Passing,
GX020038_L.MP4,33646,53.9461,KAD_VURRO_Transect 6,0.2319,40.376,1.43,4.221,1059.666,13.419,38.84,2.081,-239.106,-57.494,-1030.735,KAD_VURRO,Peter,Pomacentridae,Pomacentrus,maafu,temp_code_005,1,AD,Passing,
GX020038_L.MP4,33646,53.9461,KAD_VURRO_Transect 6,0.2319,68.663,2.246,2.587,1157.988,15.384,86.155,12.361,-304.367,41.546,-1116.499,KAD_VURRO,Peter,Pomacentridae,Pomacentrus,moluccensis,37372118,1,AD,Passing,
GX020038_L.MP4,33646,53.9461,KAD_VURRO_Transect 6,0.2319,62.708,1.941,5.931,1276.899,15.613,41.558,12.775,43.334,-340.929,-1229.781,KAD_VURRO,Peter,Pomacentridae,Stegastes,lacrymatus,temp_code_006,1,AD,Passing,
GX020038_L.MP4,33719,53.9867,KAD_VURRO_Transect 6,0.2725,129.014,2.201,7.653,1875.399,18.472,9.716,14.209,-410.034,-430.053,-1778.777,KAD_VURRO,Peter,Nemipteridae,Scolopsis,bilineata,37347031,1,AD,Passing,
GX020038_L.MP4,33734,53.9951,KAD_VURRO_Transect 6,0.2808,,1.965,2.719,1750.171,20.43,,,-603.106,-98.298,-1640.03,KAD_VURRO,Peter,Pomacentridae,Chromis,viridis,37372053,1,AD,Passing,
GX020038_L.MP4,33734,53.9951,KAD_VURRO_Transect 6,0.2808,,1.722,5.752,1636.791,22.557,,,-617.199,-116.196,-1511.505,KAD_VURRO,Peter,Pomacentridae,Chromis,viridis,37372053,1,AD,Passing,
GX020038_L.MP4,33734,53.9951,KAD_VURRO_Transect 6,0.2808,,1.694,4.536,1621.484,22.525,,,-615.191,-86.903,-1497.731,KAD_VURRO,Peter,Pomacentridae,Chromis,viridis,37372053,1,AD,Passing,
GX020038_L.MP4,33734,53.9951,KAD_VURRO_Transect 6,0.2808,,1.794,3.466,1675.224,22.097,,,-628.685,-44.262,-1552.15,KAD_VURRO,Peter,Pomacentridae,Chromis,viridis,37372053,1,AD,Passing,
GX020038_L.MP4,33734,53.9951,KAD_VURRO_Transect 6,0.2808,,1.873,4.21,1711.029,21.277,,,-620.436,-24.67,-1594.387,KAD_VURRO,Peter,Pomacentridae,Chromis,viridis,37372053,1,AD,Passing,
GX020038_L.MP4,33734,53.9951,KAD_VURRO_Transect 6,0.2808,,1.909,2.868,1721.177,20.363,,,-598.88,5.816,-1613.617,KAD_VURRO,Peter,Pomacentridae,Chromis,viridis,37372053,1,AD,Passing,
GX020038_L.MP4,33734,53.9951,KAD_VURRO_Transect 6,0.2808,,1.922,5.811,1735.816,21.17,,,-626.412,22.637,-1618.689,KAD_VURRO,Peter,Pomacentridae,Chromis,viridis,37372053,1,AD,Passing,
GX020038_L.MP4,33734,53.9951,KAD_VURRO_Transect 6,0.2808,,1.749,5.622,1652.029,22.307,,,-626.693,20.509,-1528.409,KAD_VURRO,Peter,Pomacentridae,Chromis,viridis,37372053,1,AD,Passing,
GX020038_L.MP4,33734,53.9951,KAD_VURRO_Transect 6,0.2808,,2.207,2.955,1863.21,19.27,,,-612.512,-55.201,-1758.788,KAD_VURRO,Peter,Pomacentridae,Chromis,viridis,37372053,1,AD,Passing,
GX020038_L.MP4,33734,53.9951,KAD_VURRO_Transect 6,0.2808,,2.088,1.911,1796.698,18.589,,,-566.517,-85.186,-1702.917,KAD_VURRO,Peter,Pomacentridae,Chromis,viridis,37372053,1,AD,Passing,
GX020038_L.MP4,33734,53.9951,KAD_VURRO_Transect 6,0.2808,,2.441,7.035,1957.342,17.507,,,-582.234,-88.817,-1866.629,KAD_VURRO,Peter,Pomacentridae,Chromis,viridis,37372053,1,AD,Passing,
GX020038_L.MP4,33734,53.9951,KAD_VURRO_Transect 6,0.2808,,2.543,1.472,1992.412,16.135,,,-547.28,-85.175,-1913.88,KAD_VURRO,Peter,Pomacentridae,Chromis,viridis,37372053,1,AD,Passing,
GX020038_L.MP4,33734,53.9951,KAD_VURRO_Transect 6,0.2808,,2.221,5.944,1883.841,20.709,,,-661.582,76.894,-1762.173,KAD_VURRO,Peter,Pomacentridae,Chromis,viridis,37372053,1,AD,Passing,
GX020038_L.MP4,33734,53.9951,KAD_VURRO_Transect 6,0.2808,,2.173,2.302,1873.694,21.846,,,-694.507,60.571,-1739.172,KAD_VURRO,Peter,Pomacentridae,Chromis,viridis,37372053,1,AD,Passing,
GX020038_L.MP4,33734,53.9951,KAD_VURRO_Transect 6,0.2808,,2.208,1.832,1893.14,22.025,,,-706.318,70.535,-1755.027,KAD_VURRO,Peter,Pomacentridae,Chromis,viridis,37372053,1,AD,Passing,
GX020038_L.MP4,33734,53.9951,KAD_VURRO_Transect 6,0.2808,,2.526,1.153,2068.904,23.936,,,-822.825,164.742,-1891.08,KAD_VURRO,Peter,Pomacentridae,Chromis,viridis,37372053,1,AD,Passing,
GX020038_L.MP4,33734,53.9951,KAD_VURRO_Transect 6,0.2808,,1.957,3.456,1752.417,21.331,,,-620.657,-146.358,-1632.277,KAD_VURRO,Peter,Pomacentridae,Dascyllus,aruanus,37372073,1,AD,Passing,
GX020038_L.MP4,33734,53.9951,KAD_VURRO_Transect 6,0.2808,,2.018,3.15,1798.362,22.247,,,-678.797,52.106,-1664.519,KAD_VURRO,Peter,Pomacentridae,Dascyllus,aruanus,37372073,1,AD,Passing,
GX020038_L.MP4,33734,53.9951,KAD_VURRO_Transect 6,0.2808,,2.378,1.908,2016.624,24.905,,,-844.352,89.865,-1829.143,KAD_VURRO,Peter,Pomacentridae,Dascyllus,aruanus,37372073,1,AD,Passing,
GX020038_L.MP4,33804,54.034,KAD_VURRO_Transect 6,0.3198,39.277,2.802,6.531,1665.381,12.495,33.66,28.493,-324.859,-155.882,-1625.933,KAD_VURRO,Peter,Pomacentridae,Pomacentrus,moluccensis,37372118,1,AD,Passing,
GX020038_L.MP4,33825,54.0457,KAD_VURRO_Transect 6,0.3314,,6.262,6.184,3276.957,16.452,,,-896.826,-240.727,-3142.642,KAD_VURRO,Peter,Acanthuridae,Acanthurus,sp,,1,AD,Passing,
GX020038_L.MP4,33854,54.0618,KAD_VURRO_Transect 6,0.3476,122.114,6.206,6.011,3230.24,24.297,7.839,12.813,1027.652,-842.909,-2944.128,KAD_VURRO,Peter,Lethrinidae,Monotaxis,grandoculis,37351026,1,AD,Passing,
GX020038_L.MP4,33865,54.0679,KAD_VURRO_Transect 6,0.3537,141.354,10.565,3.292,3650.182,9.812,25.532,26.795,-435.915,-443.803,-3596.783,KAD_VURRO,Peter,Zanclidae,Zanclus,cornutus,37437001,1,AD,Passing,
GX020038_L.MP4,33877,54.0746,KAD_VURRO_Transect 6,0.3604,,10.675,8.974,4201.853,12.557,,,189.211,-896.132,-4100.819,KAD_VURRO,Peter,Zanclidae,Zanclus,cornutus,37437001,1,AD,Passing,
GX020038_L.MP4,33883,54.0779,KAD_VURRO_Transect 6,0.3637,176.492,6.151,11.256,3335.191,19.997,11.691,20.192,729.321,-876.911,-3134.105,KAD_VURRO,Peter,Acanthuridae,Acanthurus,sp,,1,AD,Passing,
GX020038_L.MP4,33898,54.0863,KAD_VURRO_Transect 6,0.372,213.397,18.102,2.53,4073.686,26.108,50.96,0.973,-1770.668,280.177,-3658.026,KAD_VURRO,Peter,Acanthuridae,Acanthurus,sp,,1,AD,Passing,
GX020038_L.MP4,34101,54.1991,KAD_VURRO_Transect 6,0.4849,153.972,7.178,10.327,3147.007,16.159,19.248,17.997,-864.511,-140.258,-3022.681,KAD_VURRO,Peter,Nemipteridae,Scolopsis,bilineata,37347031,1,AD,Passing,
GX020038_L.MP4,34185,54.2459,KAD_VURRO_Transect 6,0.5316,,2.649,11.862,2137.439,26.658,,,-861.296,-422.812,-1909.985,KAD_VURRO,Peter,Chaetodontidae,Chaetodon,lunulatus,37365059,1,AD,Passing,
GX020038_L.MP4,34189,54.2481,KAD_VURRO_Transect 6,0.5339,59.513,4.044,11.184,2223.079,25.25,22.736,15.789,-925.702,-205.841,-2010.668,KAD_VURRO,Peter,Pomacentridae,Stegastes,lacrymatus,temp_code_006,1,AD,Passing,
GX020038_L.MP4,34210,54.2598,KAD_VURRO_Transect 6,0.5455,79.869,5.828,13.197,2086.676,24.18,76.401,21.641,-653.059,-551.425,-1903.591,KAD_VURRO,Peter,Pomacentridae,Pomacentrus,moluccensis,37372118,1,AD,Passing,
GX020038_L.MP4,34227,54.2692,KAD_VURRO_Transect 6,0.555,99.684,3.984,0.709,2595.352,18.622,4.129,18.86,-789.034,253.5,-2459.475,KAD_VURRO,Peter,Pomacentridae,Pomacentrus,philippinus,37372123,1,AD,Passing,
GX020038_L.MP4,34350,54.3376,KAD_VURRO_Transect 6,0.6234,56.987,1.429,3.515,1424.494,20.097,18.211,13.255,108.003,-477.417,-1337.756,KAD_VURRO,Peter,Pomacentridae,Pomacentrus,philippinus,37372123,1,AD,Passing,
GX020038_L.MP4,34372,54.3499,KAD_VURRO_Transect 6,0.6356,118.552,2.93,5.666,2538.988,15.178,25.082,66.194,-663.551,-40.093,-2450.419,KAD_VURRO,Peter,Acanthuridae,Ctenochaetus,striatus,37437022,1,AD,Passing,
GX020038_L.MP4,34372,54.3499,KAD_VURRO_Transect 6,0.6356,85.448,4.914,0.999,2558.37,21.474,21.973,25.842,-886.294,302.747,-2380.774,KAD_VURRO,Peter,Pomacentridae,Pomacentrus,philippinus,37372123,1,AD,Passing,
GX020038_L.MP4,34372,54.3499,KAD_VURRO_Transect 6,0.6356,44.878,4.26,3.602,2150.204,23.653,28.412,5.42,-842.42,185.73,-1969.571,KAD_VURRO,Peter,Pomacentridae,Pomacentrus,callainus,temp_code_004,1,AD,Passing,
GX020038_L.MP4,34372,54.3499,KAD_VURRO_Transect 6,0.6356,63.988,1.727,6.13,2018.427,13.269,5.224,14.418,15.258,-463.008,-1964.546,KAD_VURRO,Peter,Pomacentridae,Pomacentrus,moluccensis,37372118,1,AD,Passing,
GX020038_L.MP4,34398,54.3643,KAD_VURRO_Transect 6,0.6501,96.048,7.548,6.594,2524.616,10.828,44.174,30.946,-22.076,-473.747,-2479.67,KAD_VURRO,Peter,Scaridae,Chlorurus,spilurus,temp_code_002,1,AD,Passing,
GX020038_L.MP4,34398,54.3643,KAD_VURRO_Transect 6,0.6501,,4.425,4.379,2656.763,8.018,,,-237.414,-286.094,-2630.622,KAD_VURRO,Peter,Pomacentridae,Pomacentrus,sp,,1,AD,Passing,
GX020038_L.MP4,34416,54.3743,KAD_VURRO_Transect 6,0.6601,101.21,3.603,9.217,1928.334,11.645,31.337,25.374,-284.633,-265.463,-1888.646,KAD_VURRO,Peter,Scaridae,Chlorurus,spilurus,temp_code_002,1,AD,Passing,
GX020038_L.MP4,34416,54.3743,KAD_VURRO_Transect 6,0.6601,122.208,3.259,8.3,1904.354,14.196,38.875,45.557,-405.769,-231.195,-1846.203,KAD_VURRO,Peter,Scaridae,Chlorurus,spilurus,temp_code_002,1,AD,Passing,
GX020038_L.MP4,34416,54.3743,KAD_VURRO_Transect 6,0.6601,100.201,4.887,6.252,2258.125,20.004,32.685,19.609,-770.376,-56.759,-2121.892,KAD_VURRO,Peter,Acanthuridae,Zebrasoma,scopas,37437036,1,AD,Passing,
GX020038_L.MP4,34432,54.3832,KAD_VURRO_Transect 6,0.669,143.451,3.189,1.422,1721.932,21.079,53.108,37.677,-598.923,-157.545,-1606.711,KAD_VURRO,Peter,Scaridae,Chlorurus,spilurus,temp_code_002,1,AD,Passing,
GX020038_L.MP4,34432,54.3832,KAD_VURRO_Transect 6,0.669,,2.93,0.818,2133.544,11.971,,,-441.406,30.115,-2087.166,KAD_VURRO,Peter,Pomacentridae,Dascyllus,aruanus,37372073,1,AD,Passing,
GX020038_L.MP4,34432,54.3832,KAD_VURRO_Transect 6,0.669,57.605,2.975,1.609,2199.366,10.206,14.478,29.526,-386.994,45.882,-2164.565,KAD_VURRO,Peter,Pomacentridae,Pomacentrus,moluccensis,37372118,1,AD,Passing,
GX020038_L.MP4,34449,54.3927,KAD_VURRO_Transect 6,0.6785,88.664,1.276,4.652,1611.426,17.403,5.831,11.188,-29.178,-481.068,-1537.666,KAD_VURRO,Peter,Scaridae,Chlorurus,spilurus,temp_code_002,1,AD,Passing,
GX020038_L.MP4,34475,54.4071,KAD_VURRO_Transect 6,0.6929,85.804,4.574,5.608,1782.892,11.628,49.973,4.956,-180.72,-310.599,-1746.302,KAD_VURRO,Peter,Pomacentridae,Pomacentrus,philippinus,37372123,1,AD,Passing,
GX020038_L.MP4,34475,54.4071,KAD_VURRO_Transect 6,0.6929,63.543,4.214,6.437,1900.946,12.076,40.26,23.862,216.09,-333.856,-1858.882,KAD_VURRO,Peter,Pomacentridae,Pomacentrus,philippinus,37372123,1,AD,Passing,
GX020038_L.MP4,34475,54.4071,KAD_VURRO_Transect 6,0.6929,124.327,5.556,3.274,1963.43,18.611,60.317,4.588,-601.803,-174.515,-1860.762,KAD_VURRO,Peter,Nemipteridae,Scolopsis,bilineata,37347031,1,AD,Passing,
GX020038_L.MP4,34490,54.4155,KAD_VURRO_Transect 6,0.7013,98.456,1.779,6.767,1508.178,17.079,16.602,9.822,-317.595,-308.747,-1441.669,KAD_VURRO,Peter,Labridae,Halichoeres,prosopeion,37384120,1,AD,Passing,
GX020038_L.MP4,34501,54.4216,KAD_VURRO_Transect 6,0.7074,69.231,2.275,5.855,1711.526,18.855,10.201,4.92,-548.97,-67.733,-1619.681,KAD_VURRO,Peter,Pomacentridae,Pomacentrus,philippinus,37372123,1,AD,Passing,
GX020038_L.MP4,34501,54.4216,KAD_VURRO_Transect 6,0.7074,57.956,2.702,6.805,1627.798,15.784,36.131,27.835,-29.759,-441.775,-1566.421,KAD_VURRO,Peter,Pomacentridae,Pomacentrus,philippinus,37372123,1,AD,Passing,
GX020038_L.MP4,34723,54.545,KAD_VURRO_Transect 6,0.8308,,2.344,10.826,1980.043,28.492,,,-680.569,-655.999,-1739.846,KAD_VURRO,Peter,Scaridae,Scarus,psittacus,37386024,1,AD,Passing,
GX020038_L.MP4,34848,54.6146,KAD_VURRO_Transect 6,0.9003,,0.586,4.931,845.248,14.412,,,-151.457,-146.491,-818.563,KAD_VURRO,Peter,Synodontidae,Synodus,variegatus,37118023,1,AD,Passing,
GX020038_L.MP4,34963,54.6785,KAD_VURRO_Transect 6,0.9643,156.481,3.051,5.329,1385.506,18.019,83.533,17.555,-395.961,-164.023,-1317.55,KAD_VURRO,Peter,Scaridae,Chlorurus,spilurus,temp_code_002,1,AD,Passing,
GX020038_L.MP4,34963,54.6785,KAD_VURRO_Transect 6,0.9643,76.864,1.421,3.855,1291.402,8.377,22.955,30.372,-111.335,-151.663,-1277.624,KAD_VURRO,Peter,Pomacentridae,Pomacentrus,philippinus,37372123,1,AD,Passing,
GX020038_L.MP4,35038,54.7202,KAD_VURRO_Transect 6,1.006,308.053,21.078,5.341,4162.292,15.226,52.087,36.212,310.402,-1048.11,-4016.191,KAD_VURRO,Peter,Scaridae,Chlorurus,spilurus,temp_code_002,1,AD,Passing,
GX020038_L.MP4,35062,54.7336,KAD_VURRO_Transect 6,1.0194,,6.184,8.442,3517.611,27.782,,,-1622.73,-236.208,-3111.999,KAD_VURRO,Peter,Pomacentridae,Pomacentrus,philippinus,37372123,1,AD,Passing,
GX020038_L.MP4,35212,54.817,KAD_VURRO_Transect 6,1.1028,29.503,1.18,2.457,1397.584,9.434,7.792,17.292,85.314,-212.601,-1378.682,KAD_VURRO,Peter,Pomacentridae,Chromis,viridis,37372053,1,AD,Passing,
GX020038_L.MP4,35212,54.817,KAD_VURRO_Transect 6,1.1028,56.752,2.247,2.917,1444.422,11.844,39.651,34.146,-12.3,-296.199,-1413.672,KAD_VURRO,Peter,Pomacentridae,Pomacentrus,moluccensis,37372118,1,AD,Passing,
GX020038_L.MP4,35248,54.837,KAD_VURRO_Transect 6,1.1228,,1.095,1.357,1218.986,18.262,,,301.283,-235.494,-1157.453,KAD_VURRO,Peter,Pomacentridae,Pomacentrus,moluccensis,37372118,1,AD,Passing,
GX020038_L.MP4,35248,54.837,KAD_VURRO_Transect 6,1.1228,,1.021,2.328,1168.342,15.975,,,246.406,-207.236,-1123.103,KAD_VURRO,Peter,Pomacentridae,Pomacentrus,moluccensis,37372118,1,AD,Passing,
GX020038_L.MP4,35248,54.837,KAD_VURRO_Transect 6,1.1228,,1.354,4.13,1371.564,15.943,,,288.082,-243.55,-1318.666,KAD_VURRO,Peter,Pomacentridae,Pomacentrus,moluccensis,37372118,1,AD,Passing,
GX020038_L.MP4,35261,54.8442,KAD_VURRO_Transect 6,1.13,105.493,2.502,3.787,1195.463,10.347,77.294,8.626,158.741,-144.594,-1176.021,KAD_VURRO,Peter,Pomacentridae,Stegastes,lacrymatus,temp_code_006,1,AD,Passing,
GX020038_L.MP4,35293,54.862,KAD_VURRO_Transect 6,1.1478,202.073,13,5.136,3385.857,15.868,39.603,11.6,-758.957,-530.084,-3256.842,KAD_VURRO,Peter,Labridae,Hemigymnus,melapterus,37384125,1,AD,Passing,
GX020038_L.MP4,35310,54.8715,KAD_VURRO_Transect 6,1.1573,,1.545,11.581,1536.978,24.632,,,-540.916,-343.991,-1396.919,KAD_VURRO,Peter,Labridae,Thalassoma,hardwicke,37384165,1,AD,Passing,
GX020038_L.MP4,35353,54.8954,KAD_VURRO_Transect 6,1.1812,158.084,2.546,11.06,1546.324,21.924,36.777,11.074,-419.946,-396.228,-1434.492,KAD_VURRO,Peter,Labridae,Thalassoma,lunare,37384167,1,AD,Passing,
GX020038_L.MP4,35446,54.9471,KAD_VURRO_Transect 6,1.2329,83.61,3.882,1.612,2398.318,22.823,21.207,42.81,720.942,-587.946,-2210.541,KAD_VURRO,Peter,Pomacentridae,Pomacentrus,philippinus,37372123,1,AD,Passing,
GX020038_L.MP4,35463,54.9566,KAD_VURRO_Transect 6,1.2424,,4.812,5.88,3007.238,24.909,,,-1258.015,-148.707,-2727.41,KAD_VURRO,Peter,Pomacentridae,Chrysiptera,glauca,37372062,1,AD,Passing,
GX020038_L.MP4,35463,54.9566,KAD_VURRO_Transect 6,1.2424,,3.856,4.969,2688.309,26.058,,,-1180.267,-41.132,-2415.012,KAD_VURRO,Peter,Pomacentridae,Chrysiptera,glauca,37372062,1,AD,Passing,
GX020038_L.MP4,35639,55.0544,KAD_VURRO_Transect 6,1.3402,167.497,8.081,7.395,2526.099,30.062,88.947,1.429,1126.451,-576.523,-2186.299,KAD_VURRO,Peter,Acanthuridae,Acanthurus,sp,,1,AD,Passing,
GX020038_L.MP4,35664,55.0683,KAD_VURRO_Transect 6,1.3541,171.312,15.49,7.871,3659.975,20.127,43.761,0.652,-848.086,-931.048,-3436.469,KAD_VURRO,Peter,Acanthuridae,Acanthurus,sp,,1,AD,Passing,
GX020038_L.MP4,35664,55.0683,KAD_VURRO_Transect 6,1.3541,,9.129,9.278,3974.337,21.958,,,-1116.621,-982.82,-3685.455,KAD_VURRO,Peter,Acanthuridae,Ctenochaetus,sp,,1,AD,Passing,
GX020038_L.MP4,35680,55.0772,KAD_VURRO_Transect 6,1.363,,10.068,10.53,4087.511,15.372,,,-32.476,-1085.387,-3940.638,KAD_VURRO,Peter,Acanthuridae,Acanthurus,nigrofuscus,37437014,1,AD,Passing,
GX020038_L.MP4,35702,55.0895,KAD_VURRO_Transect 6,1.3753,122.682,6.856,4.386,3331.267,30.207,1.176,4.283,1327.992,-1022.522,-2878.928,KAD_VURRO,Peter,Mullidae,Parupeneus,barberinoides,37355021,1,AD,Passing,
GX020038_L.MP4,35717,55.0978,KAD_VURRO_Transect 6,1.3836,182.907,7.878,7.542,3109.311,28.913,28.727,9.848,1127.157,-994.71,-2721.743,KAD_VURRO,Peter,Acanthuridae,Acanthurus,nigrofuscus,37437014,1,AD,Passing,
GX020038_L.MP4,35717,55.0978,KAD_VURRO_Transect 6,1.3836,117.548,9.566,4.636,3249.904,29.579,35.407,4.077,1344.528,-875.072,-2826.371,KAD_VURRO,Peter,Acanthuridae,Acanthurus,sp,,1,AD,Passing,
GX020038_L.MP4,35717,55.0978,KAD_VURRO_Transect 6,1.3836,138.764,8.13,7.056,3517.453,20.334,20.514,9.697,444.324,-1138.653,-3298.26,KAD_VURRO,Peter,Acanthuridae,Acanthurus,sp,,1,AD,Passing,
GX020038_L.MP4,35923,55.2124,KAD_VURRO_Transect 6,1.4982,176.689,4.193,7.764,2856.903,15.912,9.664,14.61,486.931,-613.501,-2747.437,KAD_VURRO,Peter,Scaridae,Scarus,schlegeli,37386029,1,AD,Passing,
GX020038_L.MP4,35995,55.2524,KAD_VURRO_Transect 6,1.5382,29.643,2.722,16.016,2136.373,25.363,11.302,9.901,-548.599,-732.441,-1930.455,KAD_VURRO,Peter,Pomacentridae,Pomacentrus,coelestis,37372111,1,AD,Passing,
GX020038_L.MP4,36156,55.342,KAD_VURRO_Transect 6,1.6277,,5.568,19.155,3106.888,26.692,,,-876.12,-1087.971,-2775.155,KAD_VURRO,Peter,Acanthuridae,Acanthurus,sp,,1,AD,Passing,
GX020038_L.MP4,36156,55.342,KAD_VURRO_Transect 6,1.6277,,14.278,7.546,4862.76,12.38,,,473.011,-931.807,-4749.151,KAD_VURRO,Peter,Acanthuridae,Acanthurus,sp,,1,AD,Passing,
GX020038_L.MP4,36180,55.3553,KAD_VURRO_Transect 6,1.6411,,6.061,9.855,3250.526,25.476,,,-1000.051,-978.851,-2933.883,KAD_VURRO,Peter,Acanthuridae,Ctenochaetus,sp,,1,AD,Passing,
GX020038_L.MP4,36238,55.3876,KAD_VURRO_Transect 6,1.6733,,2.624,11.176,2034.329,22.734,,,-362.126,-698.89,-1875.876,KAD_VURRO,Peter,Pomacentridae,Pomacentrus,moluccensis,37372118,1,AD,Passing,
GX020038_L.MP4,36263,55.4015,KAD_VURRO_Transect 6,1.6872,,5.923,11.942,3109.996,19.439,,,-221.11,-1012.859,-2932.116,KAD_VURRO,Peter,Pomacentridae,Dascyllus,aruanus,37372073,1,AD,Passing,
GX020038_L.MP4,36263,55.4015,KAD_VURRO_Transect 6,1.6872,,5.386,15.939,2957.496,19.678,,,-440.421,-894.812,-2784.264,KAD_VURRO,Peter,Pomacentridae,Dascyllus,aruanus,37372073,1,AD,Passing,
GX020038_L.MP4,36263,55.4015,KAD_VURRO_Transect 6,1.6872,,6.049,13.916,3151.253,20.137,,,-183.66,-1070.958,-2957.991,KAD_VURRO,Peter,Pomacentridae,Dascyllus,aruanus,37372073,1,AD,Passing,
GX020038_L.MP4,36263,55.4015,KAD_VURRO_Transect 6,1.6872,,6.069,15.536,3161.475,20.523,,,-114.117,-1104.207,-2960.174,KAD_VURRO,Peter,Pomacentridae,Dascyllus,aruanus,37372073,1,AD,Passing,
GX020038_L.MP4,36263,55.4015,KAD_VURRO_Transect 6,1.6872,,5.872,16.198,3104.989,20.798,,,-292.973,-1064.552,-2902.043,KAD_VURRO,Peter,Pomacentridae,Dascyllus,aruanus,37372073,1,AD,Passing,
GX020038_L.MP4,36263,55.4015,KAD_VURRO_Transect 6,1.6872,,6.147,5.396,3190.645,21.925,,,-328.83,-1146.824,-2959.203,KAD_VURRO,Peter,Pomacentridae,Dascyllus,aruanus,37372073,1,AD,Passing,
GX020038_L.MP4,36341,55.4448,KAD_VURRO_Transect 6,1.7306,17.661,1.557,5.958,1716.229,20.971,11.407,14.084,20.656,-613.875,-1602.551,KAD_VURRO,Peter,Pomacentridae,Chromis,viridis,37372053,1,AD,Passing,
GX020038_L.MP4,36341,55.4448,KAD_VURRO_Transect 6,1.7306,,1.966,5.657,1727.404,20.683,,,70.554,-606.977,-1615.713,KAD_VURRO,Peter,Pomacentridae,Chromis,viridis,37372053,1,AD,Passing,
GX020038_L.MP4,36341,55.4448,KAD_VURRO_Transect 6,1.7306,,2.084,6.428,1777.188,19.196,,,-6.991,-585.273,-1678.035,KAD_VURRO,Peter,Pomacentridae,Chromis,viridis,37372053,1,AD,Passing,
GX020038_L.MP4,36341,55.4448,KAD_VURRO_Transect 6,1.7306,,2,5.625,1740.147,19.988,,,53.894,-593.33,-1634.982,KAD_VURRO,Peter,Pomacentridae,Chromis,viridis,37372053,1,AD,Passing,
GX020038_L.MP4,36341,55.4448,KAD_VURRO_Transect 6,1.7306,,2.052,6.654,1764.452,20.682,,,127.457,-610.976,-1650.38,KAD_VURRO,Peter,Pomacentridae,Chromis,viridis,37372053,1,AD,Passing,
GX020038_L.MP4,36341,55.4448,KAD_VURRO_Transect 6,1.7306,,2.153,5.263,1806.614,19.42,,,80.427,-596.257,-1703.485,KAD_VURRO,Peter,Pomacentridae,Chromis,viridis,37372053,1,AD,Passing,
GX020038_L.MP4,36341,55.4448,KAD_VURRO_Transect 6,1.7306,,2.132,5.755,1795.699,19.327,,,94.765,-587.704,-1694.154,KAD_VURRO,Peter,Pomacentridae,Chromis,viridis,37372053,1,AD,Passing,
GX020038_L.MP4,36341,55.4448,KAD_VURRO_Transect 6,1.7306,,2.279,3.046,1861.017,18.726,,,51.123,-596.32,-1762.151,KAD_VURRO,Peter,Pomacentridae,Chromis,viridis,37372053,1,AD,Passing,
GX020038_L.MP4,36341,55.4448,KAD_VURRO_Transect 6,1.7306,,3.154,5.433,2206.488,18.758,,,228.488,-672.973,-2088.897,KAD_VURRO,Peter,Pomacentridae,Chromis,viridis,37372053,1,AD,Passing,
GX020038_L.MP4,36341,55.4448,KAD_VURRO_Transect 6,1.7306,,2.335,4.133,1890.166,21.363,,,226.125,-651.396,-1759.908,KAD_VURRO,Peter,Pomacentridae,Chromis,viridis,37372053,1,AD,Passing,
GX020038_L.MP4,36341,55.4448,KAD_VURRO_Transect 6,1.7306,,2.458,3.361,1936.764,20.593,,,250.146,-634.67,-1812.643,KAD_VURRO,Peter,Pomacentridae,Chromis,viridis,37372053,1,AD,Passing,
GX020038_L.MP4,36341,55.4448,KAD_VURRO_Transect 6,1.7306,,2.218,5.815,1832.908,19.988,,,179.022,-601.428,-1722.146,KAD_VURRO,Peter,Pomacentridae,Chromis,viridis,37372053,1,AD,Passing,
GX020038_L.MP4,36341,55.4448,KAD_VURRO_Transect 6,1.7306,,2.241,3.12,1840.945,19.697,,,183.697,-593.696,-1732.876,KAD_VURRO,Peter,Pomacentridae,Chromis,viridis,37372053,1,AD,Passing,
GX020038_L.MP4,36341,55.4448,KAD_VURRO_Transect 6,1.7306,,2.388,1.204,1907.763,19.495,,,143.037,-621.444,-1798.029,KAD_VURRO,Peter,Pomacentridae,Chromis,viridis,37372053,1,AD,Passing,
GX020038_L.MP4,36341,55.4448,KAD_VURRO_Transect 6,1.7306,,2.486,0.763,1945.622,19.532,,,206.285,-617.986,-1833.299,KAD_VURRO,Peter,Pomacentridae,Chromis,viridis,37372053,1,AD,Passing,
GX020038_L.MP4,36341,55.4448,KAD_VURRO_Transect 6,1.7306,,2.35,4.458,1885.732,18.818,,,166.012,-586.224,-1784.591,KAD_VURRO,Peter,Pomacentridae,Chromis,viridis,37372053,1,AD,Passing,
GX020038_L.MP4,36341,55.4448,KAD_VURRO_Transect 6,1.7306,,3.105,1.652,2188.137,15.609,,,-8.967,-589.943,-2107.09,KAD_VURRO,Peter,Pomacentridae,Chromis,viridis,37372053,1,AD,Passing,
GX020038_L.MP4,36341,55.4448,KAD_VURRO_Transect 6,1.7306,,3.299,0.147,2259.021,15.333,,,23.765,-598.168,-2178.258,KAD_VURRO,Peter,Pomacentridae,Chromis,viridis,37372053,1,AD,Passing,
GX020038_L.MP4,36341,55.4448,KAD_VURRO_Transect 6,1.7306,,3.23,2.948,2233.605,15.245,,,13.377,-588.435,-2154.659,KAD_VURRO,Peter,Pomacentridae,Chromis,viridis,37372053,1,AD,Passing,
GX020038_L.MP4,36341,55.4448,KAD_VURRO_Transect 6,1.7306,,3.088,3.614,2179.636,15.082,,,8.145,-568.31,-2104.226,KAD_VURRO,Peter,Pomacentridae,Chromis,viridis,37372053,1,AD,Passing,
GX020038_L.MP4,36341,55.4448,KAD_VURRO_Transect 6,1.7306,,3.235,0.893,2236.257,15.196,,,-16.596,-587.196,-2157.723,KAD_VURRO,Peter,Pomacentridae,Chromis,viridis,37372053,1,AD,Passing,
GX020038_L.MP4,36341,55.4448,KAD_VURRO_Transect 6,1.7306,,3.186,8.499,2215.638,15.233,,,49.659,-581.273,-2137.453,KAD_VURRO,Peter,Pomacentridae,Chromis,viridis,37372053,1,AD,Passing,
GX020038_L.MP4,36341,55.4448,KAD_VURRO_Transect 6,1.7306,,3.188,4.977,2215.382,14.718,,,47.627,-562.087,-2142.36,KAD_VURRO,Peter,Pomacentridae,Chromis,viridis,37372053,1,AD,Passing,
GX020038_L.MP4,36341,55.4448,KAD_VURRO_Transect 6,1.7306,,3.289,6.759,2251.48,15.009,,,93.158,-576.85,-2174.334,KAD_VURRO,Peter,Pomacentridae,Chromis,viridis,37372053,1,AD,Passing,
GX020038_L.MP4,36341,55.4448,KAD_VURRO_Transect 6,1.7306,,3.197,5.179,2218.297,15.504,,,96.959,-586.217,-2137.239,KAD_VURRO,Peter,Pomacentridae,Chromis,viridis,37372053,1,AD,Passing,
GX020038_L.MP4,36341,55.4448,KAD_VURRO_Transect 6,1.7306,,3.116,0.011,2192.1,16.766,,,95.512,-626.302,-2098.553,KAD_VURRO,Peter,Pomacentridae,Chromis,viridis,37372053,1,AD,Passing,
GX020038_L.MP4,36341,55.4448,KAD_VURRO_Transect 6,1.7306,,3.179,7.672,2218.664,17.623,,,112.524,-663.444,-2114.155,KAD_VURRO,Peter,Pomacentridae,Chromis,viridis,37372053,1,AD,Passing,
GX020038_L.MP4,36341,55.4448,KAD_VURRO_Transect 6,1.7306,,3.312,5.783,2262.97,17.662,,,188.178,-661.556,-2155.914,KAD_VURRO,Peter,Pomacentridae,Chromis,viridis,37372053,1,AD,Passing,
GX020038_L.MP4,36341,55.4448,KAD_VURRO_Transect 6,1.7306,,3.166,0.992,2207.707,16.618,,,142.065,-616.416,-2115.14,KAD_VURRO,Peter,Pomacentridae,Chromis,viridis,37372053,1,AD,Passing,
GX020038_L.MP4,36341,55.4448,KAD_VURRO_Transect 6,1.7306,,2.788,6.752,2069.631,17.336,,,30.872,-617.089,-1975.252,KAD_VURRO,Peter,Pomacentridae,Chromis,viridis,37372053,1,AD,Passing,
GX020038_L.MP4,36341,55.4448,KAD_VURRO_Transect 6,1.7306,,2.156,18.402,1846.548,24.545,,,-506.344,-577.19,-1679.347,KAD_VURRO,Peter,Pomacentridae,Chromis,viridis,37372053,1,AD,Passing,
GX020038_L.MP4,36341,55.4448,KAD_VURRO_Transect 6,1.7306,,2.524,17.09,2016.713,24.895,,,-544.024,-652.807,-1828.937,KAD_VURRO,Peter,Pomacentridae,Dascyllus,aruanus,37372073,1,AD,Passing,
GX020038_L.MP4,36496,55.531,KAD_VURRO_Transect 6,1.8168,,9.557,2.679,4275.71,30.147,,,1974.098,-847.236,-3696.867,KAD_VURRO,Peter,Labridae,Thalassoma,lunare,37384167,1,AD,Passing,
GX020038_L.MP4,36567,55.5705,KAD_VURRO_Transect 6,1.8563,170.9,8.739,8.215,4308.333,20.654,1.464,9.982,-1125.597,-1020.958,-4031.428,KAD_VURRO,Peter,Acanthuridae,Acanthurus,sp,,1,AD,Passing,
GX020038_L.MP4,36567,55.5705,KAD_VURRO_Transect 6,1.8563,187.94,14.833,5.259,3698.361,30.67,67.368,20.068,1789.59,-596.96,-3181.019,KAD_VURRO,Peter,Scaridae,Chlorurus,spilurus,temp_code_002,1,AD,Passing,
GX020038_L.MP4,36567,55.5705,KAD_VURRO_Transect 6,1.8563,221.392,13.828,10.474,4173.53,20.366,28.612,32.131,1451.646,-47.716,-3912.646,KAD_VURRO,Peter,Scaridae,Scarus,psittacus,37386024,1,AD,Passing,
GX020038_L.MP4,36596,55.5866,KAD_VURRO_Transect 6,1.8724,237.776,12.049,2.781,3076.415,27.844,73.472,11.134,1293.894,-624.926,-2720.227,KAD_VURRO,Peter,Acanthuridae,Ctenochaetus,striatus,37437022,1,AD,Passing,
GX020038_L.MP4,36717,55.6539,KAD_VURRO_Transect 6,1.9397,,3.096,6.482,2244.324,20.966,,,802.213,-37.993,-2095.71,KAD_VURRO,Peter,Pomacentridae,Chromis,viridis,37372053,1,AD,Passing,
GX020038_L.MP4,36717,55.6539,KAD_VURRO_Transect 6,1.9397,,3.286,3.737,2311.758,20.357,,,801.294,-69.254,-2167.339,KAD_VURRO,Peter,Pomacentridae,Chromis,viridis,37372053,1,AD,Passing,
GX020038_L.MP4,36717,55.6539,KAD_VURRO_Transect 6,1.9397,,3.202,5.751,2272.923,19.911,,,771.432,-65.201,-2137.012,KAD_VURRO,Peter,Pomacentridae,Chromis,viridis,37372053,1,AD,Passing,
GX020038_L.MP4,36717,55.6539,KAD_VURRO_Transect 6,1.9397,,2.716,7.414,2109.703,23.121,,,822.532,-99.846,-1940.185,KAD_VURRO,Peter,Pomacentridae,Chromis,viridis,37372053,1,AD,Passing,
GX020038_L.MP4,36717,55.6539,KAD_VURRO_Transect 6,1.9397,,2.814,1.643,2176.652,24.664,,,903.199,-97.264,-1978.026,KAD_VURRO,Peter,Pomacentridae,Chromis,viridis,37372053,1,AD,Passing,
GX020038_L.MP4,36717,55.6539,KAD_VURRO_Transect 6,1.9397,,2.735,5.003,2133.488,24.162,,,867.557,-100.994,-1946.514,KAD_VURRO,Peter,Pomacentridae,Chromis,viridis,37372053,1,AD,Passing,
GX020038_L.MP4,36717,55.6539,KAD_VURRO_Transect 6,1.9397,,2.885,5.511,2198.075,24.018,,,890.968,-82.615,-2007.706,KAD_VURRO,Peter,Pomacentridae,Chromis,viridis,37372053,1,AD,Passing,
GX020038_L.MP4,36717,55.6539,KAD_VURRO_Transect 6,1.9397,,2.975,3.927,2223.611,23.176,,,871.138,-84.563,-2044.117,KAD_VURRO,Peter,Pomacentridae,Chromis,viridis,37372053,1,AD,Passing,
GX020038_L.MP4,36717,55.6539,KAD_VURRO_Transect 6,1.9397,,2.714,4.351,2113.206,23.328,,,833.837,-71.535,-1940.422,KAD_VURRO,Peter,Pomacentridae,Chromis,viridis,37372053,1,AD,Passing,
GX020038_L.MP4,36717,55.6539,KAD_VURRO_Transect 6,1.9397,,2.799,4.033,2146.928,23.067,,,838.482,-68.603,-1975.232,KAD_VURRO,Peter,Pomacentridae,Chromis,viridis,37372053,1,AD,Passing,
GX020038_L.MP4,36717,55.6539,KAD_VURRO_Transect 6,1.9397,,2.875,6.769,2172.777,22.559,,,830.852,-68.191,-2006.488,KAD_VURRO,Peter,Pomacentridae,Chromis,viridis,37372053,1,AD,Passing,
GX020038_L.MP4,36717,55.6539,KAD_VURRO_Transect 6,1.9397,,2.985,2.81,2211.186,21.98,,,825.056,-66.342,-2050.421,KAD_VURRO,Peter,Pomacentridae,Chromis,viridis,37372053,1,AD,Passing,
GX020038_L.MP4,36717,55.6539,KAD_VURRO_Transect 6,1.9397,,3.125,0.745,2258.666,21.213,,,815.065,-60.942,-2105.594,KAD_VURRO,Peter,Pomacentridae,Chromis,viridis,37372053,1,AD,Passing,
GX020038_L.MP4,36717,55.6539,KAD_VURRO_Transect 6,1.9397,,3.046,0.765,2254.906,23.19,,,886.38,-53.91,-2072.686,KAD_VURRO,Peter,Pomacentridae,Chromis,viridis,37372053,1,AD,Passing,
GX020038_L.MP4,36717,55.6539,KAD_VURRO_Transect 6,1.9397,,3.17,15.67,2250.38,19.101,,,732.468,-77.278,-2126.436,KAD_VURRO,Peter,Pomacentridae,Chromis,viridis,37372053,1,AD,Passing,
GX020038_L.MP4,36737,55.6651,KAD_VURRO_Transect 6,1.9508,227.663,9.886,11.4,4616.251,14.973,2.069,3.921,1054.237,-557.712,-4459.519,KAD_VURRO,Peter,Acanthuridae,Acanthurus,blochii,37437007,1,AD,Passing,
GX020038_L.MP4,36737,55.6651,KAD_VURRO_Transect 6,1.9508,197.216,13.131,11.559,4328.274,13.322,19.758,2.585,582.458,-809.583,-4211.802,KAD_VURRO,Peter,Scaridae,Chlorurus,spilurus,temp_code_002,1,AD,Passing,
GX020038_L.MP4,36845,55.7251,KAD_VURRO_Transect 6,2.0109,266.105,5.072,15.631,3375.62,10.834,8.717,6.136,-423.525,-472.437,-3315.455,KAD_VURRO,Peter,Scaridae,Chlorurus,spilurus,temp_code_002,1,AD,Passing,
GX020038_L.MP4,36990,55.8058,KAD_VURRO_Transect 6,2.0915,98.698,9.225,15.222,3818.539,22.753,9.113,24.223,1475.992,50.089,-3521.389,KAD_VURRO,Peter,Acanthuridae,Acanthurus,sp,,1,AD,Passing,
GX020038_L.MP4,36990,55.8058,KAD_VURRO_Transect 6,2.0915,,8.369,12.921,3821.335,19.035,,,1245.244,49.68,-3612.41,KAD_VURRO,Peter,Acanthuridae,Acanthurus,sp,,1,AD,Passing,
GX020038_L.MP4,37010,55.8169,KAD_VURRO_Transect 6,2.1027,123.202,10.02,10.994,4180.325,15.793,7.723,5.213,1130.048,132.048,-4022.52,KAD_VURRO,Peter,Mullidae,Parupeneus,barberinus,37355022,1,AD,Passing,
GX020038_L.MP4,37038,55.8324,KAD_VURRO_Transect 6,2.1182,,4.029,7.132,2698.443,25.694,,,-1088.866,-429.403,-2431.374,KAD_VURRO,Peter,Pomacentridae,Pomacentrus,sp,,1,AD,Passing,
GX020038_L.MP4,37064,55.8469,KAD_VURRO_Transect 6,2.1327,34.825,1.438,5.436,1806.45,17.037,3.213,9.524,112.365,-517.22,-1727.171,KAD_VURRO,Peter,Pomacentridae,Pomacentrus,coelestis,37372111,1,AD,Passing,
GX020038_L.MP4,37064,55.8469,KAD_VURRO_Transect 6,2.1327,,2.339,8.74,1926.055,24.319,,,-464.051,-644.31,-1754.768,KAD_VURRO,Peter,Pomacentridae,Pomacentrus,coelestis,37372111,1,AD,Passing,
GX020038_L.MP4,37064,55.8469,KAD_VURRO_Transect 6,2.1327,,6.453,10.46,3325.915,20.401,,,1126.176,-277.266,-3117.14,KAD_VURRO,Peter,Pomacentridae,Pomacentrus,moluccensis,37372118,1,AD,Passing,
GX020038_L.MP4,37100,55.8669,KAD_VURRO_Transect 6,2.1527,48.997,1.879,5.616,1776.172,22.688,1.055,36.442,342.969,-593.063,-1638.731,KAD_VURRO,Peter,Chaetodontidae,Chaetodon,sp,,1,AD,Passing,
GX020038_L.MP4,37129,55.883,KAD_VURRO_Transect 6,2.1688,101.305,6.047,11.166,2194.871,30.838,86.666,5.858,919.126,-648.927,-1884.558,KAD_VURRO,Peter,Pomacentridae,Stegastes,lacrymatus,temp_code_006,1,AD,Passing,
GX020038_L.MP4,37298,55.977,KAD_VURRO_Transect 6,2.2628,,11.791,9.829,4753.914,25.459,,,2029.289,-243.311,-4292.142,KAD_VURRO,Peter,Acanthuridae,Ctenochaetus,striatus,37437022,1,AD,Passing,
GX020038_L.MP4,37402,56.0349,KAD_VURRO_Transect 6,2.3207,179.37,8.777,13.573,2569.569,7.99,44.106,15.183,-246.287,-258.7,-2544.622,KAD_VURRO,Peter,Acanthuridae,Ctenochaetus,striatus,37437022,1,AD,Passing,
GX020038_L.MP4,37402,56.0349,KAD_VURRO_Transect 6,2.3207,57.136,4.359,11.659,1985.492,22.062,50.973,29.525,-674.686,-317.75,-1840.112,KAD_VURRO,Peter,Pomacentridae,Pomacentrus,moluccensis,37372118,1,AD,Passing,
GX020038_L.MP4,37464,56.0693,KAD_VURRO_Transect 6,2.3551,29.544,1.941,9.218,2331.337,21.892,4.15,1.002,193.427,-847.463,-2163.221,KAD_VURRO,Peter,Pomacentridae,Pomacentrus,coelestis,37372111,1,AD,Passing,
GX020038_L.MP4,37464,56.0693,KAD_VURRO_Transect 6,2.3551,,2.964,8.565,2134.422,15.497,,,-130.614,-556.349,-2056.495,KAD_VURRO,Peter,Pomacentridae,Pomacentrus,coelestis,37372111,1,AD,Passing,
GX020038_L.MP4,37464,56.0693,KAD_VURRO_Transect 6,2.3551,,3.647,10.321,2394.467,15.61,,,-437.121,-474.713,-2305.872,KAD_VURRO,Peter,Pomacentridae,Pomacentrus,coelestis,37372111,1,AD,Passing,
GX020038_L.MP4,37534,56.1083,KAD_VURRO_Transect 6,2.3941,,3.701,0.782,2441.298,24.417,,,691.567,-736.274,-2222.514,KAD_VURRO,Peter,Pomacentridae,Pomacentrus,coelestis,37372111,1,AD,Passing,
GX020038_L.MP4,37534,56.1083,KAD_VURRO_Transect 6,2.3941,,2.901,5.691,2112.054,16.234,,,-108.247,-581.644,-2027.497,KAD_VURRO,Peter,Pomacentridae,Pomacentrus,coelestis,37372111,1,AD,Passing,
