Filename,Frame,Time (mins),Period,Period time (mins),Length (mm),Precision (mm),RMS (mm),Range (mm),Direction (deg),Horz. Dir. (deg),Vert. Dir. (deg),Mid X (mm),Mid Y (mm),Mid Z (mm),OpCode,TapeReader,Family,Genus,Species,Code,Number,Stage,Activity,Comment
GX010051_L.MP4,12437,6.9164,KUA_Back_Transect 1,0.109,79.619,6.082,1.784,2647.248,14.982,50.008,58.314,-229.815,-644.594,-2557.266,Kua_Back,Peter,Pomacentridae,Pomacentrus,philippinus,37372123,1,AD,Passing,
GX010051_L.MP4,12555,6.982,KUA_Back_Transect 1,0.1746,182.965,5.72,4.606,2088.008,21.717,56.547,20.502,160.992,-755.658,-1939.804,Kua_Back,Peter,Acanthuridae,Acanthurus,nigrofuscus,37437014,1,AD,Passing,
GX010051_L.MP4,12595,7.0042,KUA_Back_Transect 1,0.1969,64.923,3.836,13.29,2264.512,24.659,34.094,45.791,-766.409,-552.485,-2058.007,Kua_Back,Peter,Pomacentridae,Pomacentrus,philippinus,37372123,1,AD,Passing,
GX010051_L.MP4,12595,7.0042,KUA_Back_Transect 1,0.1969,59.977,3.785,6.724,2127.832,23.953,23.286,16.087,-843.977,-184.298,-1944.584,Kua_Back,Peter,Pomacentridae,Pomacentrus,sp,,1,AD,Passing,
GX010051_L.MP4,12595,7.0042,KUA_Back_Transect 1,0.1969,54.145,2.147,4.618,2345.034,20.58,1.632,72.582,-781.698,-261.582,-2195.383,Kua_Back,Peter,Pomacentridae,Chrysiptera,glauca,37372062,1,AD,Passing,
GX010051_L.MP4,12595,7.0042,KUA_Back_Transect 1,0.1969,61.432,1.546,1.71,1420.034,19.764,28.153,65.526,245.649,-412.6,-1336.381,Kua_Back,Peter,Pomacentridae,Pomacentrus,sp,,1,AD,Passing,
GX010051_L.MP4,12595,7.0042,KUA_Back_Transect 1,0.1969,,13.433,3.512,4910.21,27.896,,,1856.235,-1356.069,-4338.851,Kua_Back,Peter,Scaridae,Scarus,schlegeli,37386029,1,AD,Passing,
GX010051_L.MP4,12595,7.0042,KUA_Back_Transect 1,0.1969,,6.806,1.091,3324.656,11.894,,,40.531,-685.92,-3252.877,Kua_Back,Peter,Pomacentridae,Chromis,xanthura,37372057,1,AD,Passing,
GX010051_L.MP4,12604,7.0092,KUA_Back_Transect 1,0.2019,65.338,1.377,10.421,1161.453,19.288,54.924,53.284,-278.251,-264.126,-1096.26,Kua_Back,Peter,Pomacentridae,Pomacentrus,brachialis,37372109,1,AD,Passing,
GX010051_L.MP4,12604,7.0092,KUA_Back_Transect 1,0.2019,62.636,1.183,3.459,1365.943,20.477,9.051,30.559,61.245,-473.902,-1279.636,Kua_Back,Peter,Pomacentridae,Pomacentrus,brachialis,37372109,1,AD,Passing,
GX010051_L.MP4,12604,7.0092,KUA_Back_Transect 1,0.2019,53.685,2.07,9.068,1856.14,17.638,23.438,65.472,-420.59,-373.383,-1768.883,Kua_Back,Peter,Pomacentridae,Pomacentrus,brachialis,37372109,1,AD,Passing,
GX010051_L.MP4,12604,7.0092,KUA_Back_Transect 1,0.2019,62.772,4.111,6.531,2323.14,14.681,47.145,65.382,214.111,-548.441,-2247.298,Kua_Back,Peter,Pomacentridae,Chrysiptera,glauca,37372062,1,AD,Passing,
GX010051_L.MP4,12604,7.0092,KUA_Back_Transect 1,0.2019,53.425,4.003,5.806,2412.851,9.586,42.772,65.492,-129.829,-380.268,-2379.158,Kua_Back,Peter,Pomacentridae,Chrysiptera,glauca,37372062,1,AD,Passing,
GX010051_L.MP4,12604,7.0092,KUA_Back_Transect 1,0.2019,51.991,1.942,3.097,1693.927,13.866,24.053,53.759,-341.595,-219.337,-1644.564,Kua_Back,Peter,Pomacentridae,Pomacentrus,callainus,temp_code_004,1,AD,Passing,
GX010051_L.MP4,12604,7.0092,KUA_Back_Transect 1,0.2019,59.57,4.565,6.789,2225.429,15.084,58.926,56.011,-476.149,-329.664,-2148.753,Kua_Back,Peter,Pomacentridae,Chrysiptera,glauca,37372062,1,AD,Passing,
GX010051_L.MP4,12604,7.0092,KUA_Back_Transect 1,0.2019,,4.077,2.302,2594.368,25.689,,,836.646,-752.924,-2337.493,Kua_Back,Peter,Pomacentridae,Chrysiptera,glauca,37372062,1,AD,Passing,
GX010051_L.MP4,12604,7.0092,KUA_Back_Transect 1,0.2019,,3.906,0.691,2455.657,14.521,,,410.241,-460.535,-2376.943,Kua_Back,Peter,Pomacentridae,Chrysiptera,glauca,37372062,1,AD,Passing,
GX010051_L.MP4,12604,7.0092,KUA_Back_Transect 1,0.2019,,4.051,0.349,2542.809,14.367,,,-516.456,-363.9,-2463.073,Kua_Back,Peter,Pomacentridae,Chrysiptera,glauca,37372062,1,AD,Passing,
GX010051_L.MP4,12672,7.047,KUA_Back_Transect 1,0.2397,133.236,7.831,11.107,3837.938,25.425,10.024,36.866,-1079.02,-1245.27,-3466.235,Kua_Back,Peter,Zanclidae,Zanclus,cornutus,37437001,1,AD,Passing,
GX010051_L.MP4,12696,7.0604,KUA_Back_Transect 1,0.253,58.089,5.724,13.035,2539.656,24.477,43.07,40.269,-723.447,-764.119,-2311.407,Kua_Back,Peter,Pomacentridae,Stegastes,lacrymatus,temp_code_006,1,AD,Passing,
GX010051_L.MP4,12696,7.0604,KUA_Back_Transect 1,0.253,163.279,11.747,19.804,3219.951,28.804,81.001,28.448,-1206.664,-975.132,-2821.553,Kua_Back,Peter,Zanclidae,Zanclus,cornutus,37437001,1,AD,Passing,
GX010051_L.MP4,12696,7.0604,KUA_Back_Transect 1,0.253,136.569,11.528,14.873,3677.122,26.678,31.721,7.382,-1412.587,-854.535,-3285.664,Kua_Back,Peter,Scaridae,Scarus,schlegeli,37386029,1,AD,Passing,
GX010051_L.MP4,12708,7.0671,KUA_Back_Transect 1,0.2597,128.231,8.005,15.686,3578.781,27.547,19.968,34.216,-1157.225,-1183.257,-3173.075,Kua_Back,Peter,Zanclidae,Zanclus,cornutus,37437001,1,AD,Passing,
GX010051_L.MP4,12708,7.0671,KUA_Back_Transect 1,0.2597,,5.522,12.552,3239.368,31.338,,,-1394.352,-947.222,-2766.235,Kua_Back,Peter,Zanclidae,Zanclus,cornutus,37437001,1,AD,Passing,
GX010051_L.MP4,12720,7.0737,KUA_Back_Transect 1,0.2664,150.442,6.068,14.28,3439.868,28.683,7.024,46.195,-1482.462,-726.779,-3017.745,Kua_Back,Peter,Acanthuridae,Naso,lituratus,37437029,1,AD,Passing,
GX010051_L.MP4,12744,7.0871,KUA_Back_Transect 1,0.2797,121.011,6.104,17.362,2126.326,26.747,80.687,0.45,-787.875,-543.159,-1898.814,Kua_Back,Peter,Pomacentridae,Pomacentrus,sp,,1,AD,Passing,
GX010051_L.MP4,13094,7.2817,KUA_Back_Transect 1,0.4744,159.929,10.958,10.343,4304.063,24.116,6.427,11.364,-1581.493,-769.073,-3928.405,Kua_Back,Peter,Scaridae,Chlorurus,spilurus,temp_code_002,1,AD,Passing,
GX010051_L.MP4,13094,7.2817,KUA_Back_Transect 1,0.4744,,11.709,3.825,4813.589,29.944,,,-2127.862,-1118.303,-4170.4,Kua_Back,Peter,Scaridae,Chlorurus,spilurus,temp_code_002,1,AD,Passing,
GX010051_L.MP4,13149,7.3123,KUA_Back_Transect 1,0.5049,160.538,12.708,3.649,4671.081,12.842,15.11,9.434,-779.178,-686.097,-4554.245,Kua_Back,Peter,Acanthuridae,Ctenochaetus,striatus,37437022,1,AD,Passing,
GX010051_L.MP4,13149,7.3123,KUA_Back_Transect 1,0.5049,,10.576,1.219,4731.661,28.942,,,-2277.833,230.917,-4140.865,Kua_Back,Peter,Chaetodontidae,Chaetodon,sp,,1,AD,Passing,
GX010051_L.MP4,13217,7.3501,KUA_Back_Transect 1,0.5428,115.235,9.562,16.449,2912.149,25.44,50.191,4.018,-1013.462,-733.372,-2629.766,Kua_Back,Peter,Pomacentridae,Amblyglyphidodon,orbicularis,temp_code_001,1,AD,Passing,
GX010051_L.MP4,13221,7.3523,KUA_Back_Transect 1,0.545,,6.218,6.918,3246.892,21.527,,,-894.58,-788.651,-3019.945,Kua_Back,Peter,Pomacentridae,Pomacentrus,sp,,1,AD,Passing,
GX010051_L.MP4,13250,7.3685,KUA_Back_Transect 1,0.5611,154.938,8.076,3.883,3497.798,19.762,23.687,61.842,-121.513,-1176.388,-3291.799,Kua_Back,Peter,Acanthuridae,Acanthurus,nigrofuscus,37437014,1,AD,Passing,
GX010051_L.MP4,13250,7.3685,KUA_Back_Transect 1,0.5611,,15.406,1.406,5095.728,9.419,,,452.206,-703.632,-5026.614,Kua_Back,Peter,Acanthuridae,Acanthurus,blochii,37437007,1,AD,Passing,
GX010051_L.MP4,13292,7.3918,KUA_Back_Transect 1,0.5845,76.295,6.763,13.075,3047.117,25.31,27.997,35.03,-857.5,-980.644,-2754.623,Kua_Back,Peter,Labridae,Thalassoma,lutescens,37384168,1,AD,Passing,
GX010051_L.MP4,13321,7.408,KUA_Back_Transect 1,0.6006,60.943,4.003,17.675,2376.35,26.163,28.966,47.748,-668.548,-806.819,-2132.868,Kua_Back,Peter,Pomacentridae,Chrysiptera,glauca,37372062,1,AD,Passing,
GX010051_L.MP4,13321,7.408,KUA_Back_Transect 1,0.6006,,3.96,1.667,2525.993,21.542,,,-374.377,-849.963,-2349.052,Kua_Back,Peter,Pomacentridae,Pomacentrus,callainus,temp_code_004,1,AD,Passing,
GX010051_L.MP4,13330,7.413,KUA_Back_Transect 1,0.6056,,4.29,0.753,2609.335,18.491,,,120.693,-820.163,-2474.146,Kua_Back,Peter,Pomacentridae,Chrysiptera,glauca,37372062,1,AD,Passing,
GX010051_L.MP4,13330,7.413,KUA_Back_Transect 1,0.6056,,9.069,3.329,3852.186,21.807,,,710.87,-1244.075,-3575.79,Kua_Back,Peter,Acanthuridae,Ctenochaetus,striatus,37437022,1,AD,Passing,
GX010051_L.MP4,13330,7.413,KUA_Back_Transect 1,0.6056,,9.333,0.792,3910.492,21.03,,,541.518,-1296.766,-3649.261,Kua_Back,Peter,Lutjanidae,Lutjanus,biguttatus,37346039,1,AD,Passing,
GX010051_L.MP4,13330,7.413,KUA_Back_Transect 1,0.6056,,12.799,1.068,4602.36,22.218,,,829.785,-1532.265,-4259.735,Kua_Back,Peter,Lutjanidae,Lutjanus,biguttatus,37346039,1,AD,Passing,
GX010051_L.MP4,13330,7.413,KUA_Back_Transect 1,0.6056,,12.544,4.153,4627.518,26.346,,,1263.506,-1621.369,-4145.919,Kua_Back,Peter,Lutjanidae,Lutjanus,biguttatus,37346039,1,AD,Passing,
GX010051_L.MP4,13330,7.413,KUA_Back_Transect 1,0.6056,,14.414,1.087,4864.766,15.367,,,585.538,-1151.256,-4690.171,Kua_Back,Peter,Lutjanidae,Lutjanus,biguttatus,37346039,1,AD,Passing,
GX010051_L.MP4,13375,7.438,KUA_Back_Transect 1,0.6306,198.23,8.801,5.397,2831.556,15.121,36.333,5.553,-276.955,-684.756,-2733.517,Kua_Back,Peter,Lethrinidae,Monotaxis,grandoculis,37351026,1,AD,Passing,
GX010051_L.MP4,13375,7.438,KUA_Back_Transect 1,0.6306,171.621,3.698,2.894,2615.511,15.679,14.055,29.645,-98.718,-699.911,-2518.189,Kua_Back,Peter,Lutjanidae,Lutjanus,biguttatus,37346039,1,AD,Passing,
GX010051_L.MP4,13375,7.438,KUA_Back_Transect 1,0.6306,,11.281,0.587,4582.189,28.972,,,1963.592,-1037.071,-4008.147,Kua_Back,Peter,Pomacentridae,Amblyglyphidodon,aureus,37372016,1,AD,Passing,
GX010051_L.MP4,13407,7.4558,KUA_Back_Transect 1,0.6484,155.92,11.579,4.145,3736.248,22.103,29.422,16.277,502.736,-1312.856,-3461.678,Kua_Back,Peter,Lutjanidae,Lutjanus,biguttatus,37346039,1,AD,Passing,
GX010051_L.MP4,13407,7.4558,KUA_Back_Transect 1,0.6484,70.163,7.008,11.686,2410.88,27.606,65.698,7.495,-1058.647,356.797,-2136.423,Kua_Back,Peter,Pomacentridae,Neoglyphidodon,carlsoni,temp_code_008,1,AD,Passing,
GX010051_L.MP4,13407,7.4558,KUA_Back_Transect 1,0.6484,,11.822,0.744,4409.169,19.883,,,560.498,-1393.265,-4145.531,Kua_Back,Peter,Nemipteridae,Scolopsis,bilineata,37347031,1,AD,Passing,
GX010051_L.MP4,13407,7.4558,KUA_Back_Transect 1,0.6484,,11.523,0.774,4332.476,16.109,,,565.415,-1063.308,-4161.734,Kua_Back,Peter,Acanthuridae,Acanthurus,nigrofuscus,37437014,1,AD,Passing,
GX010051_L.MP4,13407,7.4558,KUA_Back_Transect 1,0.6484,,8.044,2.124,3598.143,18.044,,,646.909,-909.575,-3420.646,Kua_Back,Peter,Pomacentridae,Pomacentrus,philippinus,37372123,1,AD,Passing,
GX010051_L.MP4,13461,7.4858,KUA_Back_Transect 1,0.6785,75.646,2.311,2.808,2031.187,15.173,12.743,47.934,-497.408,187.7,-1960.377,Kua_Back,Peter,Pomacentridae,Pomacentrus,philippinus,37372123,1,AD,Passing,
GX010051_L.MP4,13467,7.4891,KUA_Back_Transect 1,0.6818,150.881,6.772,4.038,2836.993,19.485,25.948,13.843,-814.461,481.853,-2674.51,Kua_Back,Peter,Acanthuridae,Ctenochaetus,striatus,37437022,1,AD,Passing,
GX010051_L.MP4,13489,7.5014,KUA_Back_Transect 1,0.694,53.998,3.177,14.128,1791.798,24.339,34.459,9.161,-578.476,459.006,-1632.55,Kua_Back,Peter,Pomacentridae,Pomacentrus,callainus,temp_code_004,1,AD,Passing,
GX010051_L.MP4,13489,7.5014,KUA_Back_Transect 1,0.694,83.377,3.726,11.325,1655.625,25.577,67.752,11.695,503.995,-506.825,-1493.389,Kua_Back,Peter,Pomacentridae,Pomacentrus,callainus,temp_code_004,1,AD,Passing,
GX010051_L.MP4,13489,7.5014,KUA_Back_Transect 1,0.694,96.136,2.484,2.518,2290.653,13.075,8.38,30.008,152.193,-495.335,-2231.272,Kua_Back,Peter,Acanthuridae,Acanthurus,nigrofuscus,37437014,1,AD,Passing,
GX010051_L.MP4,13489,7.5014,KUA_Back_Transect 1,0.694,,2.202,0.055,1826.082,18.784,,,73.243,-584.423,-1728.485,Kua_Back,Peter,Pomacentridae,Chrysiptera,glauca,37372062,1,AD,Passing,
GX010051_L.MP4,13558,7.5398,KUA_Back_Transect 1,0.7324,123.521,6.547,2.326,3522.977,21.813,9.815,44.509,1000.493,-844.151,-3270.748,Kua_Back,Peter,Acanthuridae,Acanthurus,nigrofuscus,37437014,1,AD,Passing,
GX010051_L.MP4,13580,7.552,KUA_Back_Transect 1,0.7446,100.764,7.61,9.058,2547.163,27.888,79.956,31.838,934.611,-738.92,-2251.342,Kua_Back,Peter,Pomacentridae,Stegastes,lacrymatus,temp_code_006,1,AD,Passing,
GX010051_L.MP4,13617,7.5726,KUA_Back_Transect 1,0.7652,80.725,6.091,4.764,2319.793,9.139,52.521,45.189,287.972,229.827,-2290.347,Kua_Back,Peter,Pomacentridae,Pomacentrus,philippinus,37372123,1,AD,Passing,
GX010051_L.MP4,13671,7.6026,KUA_Back_Transect 1,0.7952,68.455,1.275,1.248,1276.048,11.381,14.984,1.65,-164.356,190.77,-1250.957,Kua_Back,Peter,Pomacentridae,Pomacentrus,callainus,temp_code_004,1,AD,Passing,
GX010051_L.MP4,13678,7.6065,KUA_Back_Transect 1,0.7991,98.024,7.066,2.622,2534.197,18.648,36.163,3.648,752.251,-301.262,-2401.149,Kua_Back,Peter,Pomacentridae,Stegastes,lacrymatus,temp_code_006,1,AD,Passing,
GX010051_L.MP4,13741,7.6415,KUA_Back_Transect 1,0.8342,171.768,14.035,0.79,3250.305,8.986,44.155,16.835,505.591,-45.891,-3210.413,Kua_Back,Peter,Acanthuridae,Ctenochaetus,striatus,37437022,1,AD,Passing,
GX010051_L.MP4,13741,7.6415,KUA_Back_Transect 1,0.8342,,3.08,0.339,2293.757,24.648,,,956.237,24.48,-2084.786,Kua_Back,Peter,Pomacentridae,Pomacentrus,sp,,1,AD,Passing,
GX010051_L.MP4,13741,7.6415,KUA_Back_Transect 1,0.8342,,2.841,0.554,2071.275,11.953,,,398.823,156.809,-2026.457,Kua_Back,Peter,Pomacentridae,Pomacentrus,sp,,1,AD,Passing,
GX010051_L.MP4,13741,7.6415,KUA_Back_Transect 1,0.8342,,4.267,1.36,2581.414,10.233,,,300.279,345.125,-2540.555,Kua_Back,Peter,Pomacentridae,Pomacentrus,sp,,1,AD,Passing,
GX010051_L.MP4,13741,7.6415,KUA_Back_Transect 1,0.8342,,5.262,13.892,2889.801,10.405,,,245.153,459.083,-2842.55,Kua_Back,Peter,Pomacentridae,Pomacentrus,sp,,1,AD,Passing,
GX010051_L.MP4,13741,7.6415,KUA_Back_Transect 1,0.8342,,5.986,2.434,3118.14,6.971,,,274.591,258.643,-3095.238,Kua_Back,Peter,Pomacentridae,Pomacentrus,sp,,1,AD,Passing,
GX010051_L.MP4,13741,7.6415,KUA_Back_Transect 1,0.8342,,5.397,1.157,2947.134,7.184,,,210.335,300.963,-2924.172,Kua_Back,Peter,Pomacentridae,Pomacentrus,sp,,1,AD,Passing,
GX010051_L.MP4,13741,7.6415,KUA_Back_Transect 1,0.8342,,6.564,1.067,3295.41,5.014,,,94.136,270.303,-3282.956,Kua_Back,Peter,Pomacentridae,Pomacentrus,sp,,1,AD,Passing,
GX010051_L.MP4,13741,7.6415,KUA_Back_Transect 1,0.8342,,7.421,1.598,3530.778,3.949,,,73.027,229.855,-3522.532,Kua_Back,Peter,Pomacentridae,Pomacentrus,sp,,1,AD,Passing,
GX010051_L.MP4,13741,7.6415,KUA_Back_Transect 1,0.8342,,7.106,1.134,3412.956,10.967,,,621.233,186.776,-3350.739,Kua_Back,Peter,Pomacentridae,Pomacentrus,sp,,1,AD,Passing,
GX010051_L.MP4,13741,7.6415,KUA_Back_Transect 1,0.8342,,10.413,1.017,4143.99,17.162,,,997.918,704.383,-3959.881,Kua_Back,Peter,Pomacentridae,Pomacentrus,sp,,1,AD,Passing,
GX010051_L.MP4,13741,7.6415,KUA_Back_Transect 1,0.8342,,11.092,0.317,4257.513,13.507,,,684.941,718.482,-4140.176,Kua_Back,Peter,Pomacentridae,Pomacentrus,sp,,1,AD,Passing,
GX010051_L.MP4,13741,7.6415,KUA_Back_Transect 1,0.8342,,8.021,0.316,3644.307,19.99,,,1029.211,700.012,-3425.154,Kua_Back,Peter,Pomacentridae,Pomacentrus,sp,,1,AD,Passing,
GX010051_L.MP4,13741,7.6415,KUA_Back_Transect 1,0.8342,,4.371,0.451,2662.899,20.138,,,817.686,413.183,-2500.34,Kua_Back,Peter,Pomacentridae,Pomacentrus,sp,,1,AD,Passing,
GX010051_L.MP4,13741,7.6415,KUA_Back_Transect 1,0.8342,,6.58,6.412,3411.741,25.285,,,1336.138,579.729,-3085.227,Kua_Back,Peter,Pomacentridae,Pomacentrus,sp,,1,AD,Passing,
GX010051_L.MP4,13741,7.6415,KUA_Back_Transect 1,0.8342,,3.318,0.14,2302.544,18.398,,,726.563,-15.558,-2184.851,Kua_Back,Peter,Pomacentridae,Pomacentrus,sp,,1,AD,Passing,
GX010051_L.MP4,13741,7.6415,KUA_Back_Transect 1,0.8342,,5.429,1.652,2988.274,16.446,,,833.418,143.646,-2866.106,Kua_Back,Peter,Pomacentridae,Pomacentrus,sp,,1,AD,Passing,
GX010051_L.MP4,13800,7.6743,KUA_Back_Transect 1,0.867,31.318,2.118,1.954,1286.013,13.435,43.99,3.996,11.589,-298.568,-1250.821,Kua_Back,Peter,Pomacentridae,Chrysiptera,glauca,37372062,1,AD,Passing,
GX010051_L.MP4,13800,7.6743,KUA_Back_Transect 1,0.867,25.82,1.424,12.212,1477.367,10.127,13.838,44.858,167.403,-198.641,-1454.349,Kua_Back,Peter,Pomacentridae,Chrysiptera,glauca,37372062,1,AD,Passing,
GX010051_L.MP4,13800,7.6743,KUA_Back_Transect 1,0.867,,1.31,7.544,1345.856,9.4,,,132.061,-176.506,-1327.68,Kua_Back,Peter,Pomacentridae,Chrysiptera,glauca,37372062,1,AD,Passing,
GX010051_L.MP4,13815,7.6827,KUA_Back_Transect 1,0.8753,105.065,9.067,0.768,2384.564,20.121,84.824,4.777,815.719,-86.661,-2239.026,Kua_Back,Peter,Labridae,Labroides,dimidiatus,37384028,1,AD,Passing,
GX010051_L.MP4,13839,7.696,KUA_Back_Transect 1,0.8887,86.206,2.311,3.389,2024.331,6.611,10.526,1.724,-200.46,-118.891,-2010.87,Kua_Back,Peter,Pomacentridae,Neoglyphidodon,carlsoni,temp_code_008,1,AD,Passing,
GX010051_L.MP4,13840,7.6966,KUA_Back_Transect 1,0.8892,36.281,1.052,1.811,1151.468,13.476,17.573,2.204,70.585,-258.883,-1119.766,Kua_Back,Peter,Pomacentridae,Chrysiptera,glauca,37372062,1,AD,Passing,
GX010051_L.MP4,13853,7.7038,KUA_Back_Transect 1,0.8965,95.124,6.026,2.479,1863.532,11.224,70.567,4.095,-329.606,-151.459,-1827.887,Kua_Back,Peter,Labridae,Thalassoma,hardwicke,37384165,1,AD,Passing,
GX010051_L.MP4,13940,7.7522,KUA_Back_Transect 1,0.9448,44.089,3.415,8.906,2183.867,26.059,17.161,18.78,705.797,-649.81,-1961.854,Kua_Back,Peter,Pomacentridae,Chromis,viridis,37372053,1,AD,Passing,
GX010051_L.MP4,13940,7.7522,KUA_Back_Transect 1,0.9448,83.604,6.066,2.371,2171.318,9.261,40.959,2.728,-88.701,-337.994,-2143.015,Kua_Back,Peter,Pomacentridae,Pomacentrus,philippinus,37372123,1,AD,Passing,
GX010051_L.MP4,13940,7.7522,KUA_Back_Transect 1,0.9448,80.878,5.332,1.455,1903.281,12.824,55.599,16.827,-178.765,-382.761,-1855.806,Kua_Back,Peter,Pomacentridae,Pomacentrus,philippinus,37372123,1,AD,Passing,
GX010051_L.MP4,13940,7.7522,KUA_Back_Transect 1,0.9448,65.51,4.587,1.72,1976.713,20.328,41.884,3.007,468.689,-501.883,-1853.601,Kua_Back,Peter,Pomacentridae,Chrysiptera,glauca,37372062,1,AD,Passing,
GX010051_L.MP4,13940,7.7522,KUA_Back_Transect 1,0.9448,73.741,3.273,7.403,1589.873,22.464,51.648,2.12,430.948,-428.17,-1469.235,Kua_Back,Peter,Pomacentridae,Chrysiptera,glauca,37372062,1,AD,Passing,
GX010051_L.MP4,13940,7.7522,KUA_Back_Transect 1,0.9448,74.897,3.65,10.831,1835.532,27.403,52.576,27.867,620.957,-572.797,-1629.569,Kua_Back,Peter,Pomacentridae,Chrysiptera,glauca,37372062,1,AD,Passing,
GX010051_L.MP4,13940,7.7522,KUA_Back_Transect 1,0.9448,45.451,2.332,9.317,1640.974,26.109,27.713,18.207,465.502,-552.098,-1473.53,Kua_Back,Peter,Pomacentridae,Pomacentrus,brachialis,37372109,1,AD,Passing,
GX010051_L.MP4,13940,7.7522,KUA_Back_Transect 1,0.9448,103.886,4.144,6.569,2164.796,29.289,33.011,14.474,781.239,-715.019,-1888.056,Kua_Back,Peter,Pomacentridae,Chrysiptera,glauca,37372062,1,AD,Passing,
GX010051_L.MP4,13940,7.7522,KUA_Back_Transect 1,0.9448,,7.313,0.56,3424.552,15.155,,,614.469,-653.02,-3305.08,Kua_Back,Peter,Pomacentridae,Pomacentrus,philippinus,37372123,1,AD,Passing,
GX010051_L.MP4,13940,7.7522,KUA_Back_Transect 1,0.9448,,4.236,12.037,2776.78,31.305,,,1249.403,-722.982,-2372.087,Kua_Back,Peter,Pomacentridae,Pomacentrus,sp,,1,AD,Passing,
GX010051_L.MP4,13940,7.7522,KUA_Back_Transect 1,0.9448,,2.77,0.709,2045.431,17.173,,,441.055,-413.694,-1954,Kua_Back,Peter,Pomacentridae,Pomacentrus,brachialis,37372109,1,AD,Passing,
GX010051_L.MP4,13940,7.7522,KUA_Back_Transect 1,0.9448,,7.437,1.434,3461.487,18.568,,,732.281,-825.785,-3280.813,Kua_Back,Peter,Pomacentridae,Pomacentrus,sp,,1,AD,Passing,
GX010051_L.MP4,13940,7.7522,KUA_Back_Transect 1,0.9448,,8.167,2.014,3643.874,20.393,,,818.345,-972.881,-3414.913,Kua_Back,Peter,Pomacentridae,Pomacentrus,sp,,1,AD,Passing,
GX010051_L.MP4,13940,7.7522,KUA_Back_Transect 1,0.9448,,5.972,1.485,3109.08,20.178,,,812.266,-701.963,-2917.85,Kua_Back,Peter,Pomacentridae,Pomacentrus,sp,,1,AD,Passing,
GX010051_L.MP4,13940,7.7522,KUA_Back_Transect 1,0.9448,,5.946,1.478,3156.824,22.367,,,1037.711,-606.899,-2918.967,Kua_Back,Peter,Pomacentridae,Pomacentrus,sp,,1,AD,Passing,
GX010051_L.MP4,14042,7.8089,KUA_Back_Transect 1,1.0016,61.817,2.461,3.163,1791.3,24.178,6.031,13.175,683.269,-267.206,-1634.167,Kua_Back,Peter,Pomacentridae,Pomacentrus,callainus,temp_code_004,1,AD,Passing,
GX010051_L.MP4,14042,7.8089,KUA_Back_Transect 1,1.0016,61.724,3.784,7.78,1944.424,26.849,34.33,6.999,836.569,-267.128,-1734.815,Kua_Back,Peter,Pomacentridae,Pomacentrus,callainus,temp_code_004,1,AD,Passing,
GX010051_L.MP4,14065,7.8217,KUA_Back_Transect 1,1.0143,39.717,2.708,7.99,1354.838,23.898,77.834,9.064,489.37,-248.543,-1238.681,Kua_Back,Peter,Pomacentridae,Chromis,viridis,37372053,1,AD,Passing,
GX010051_L.MP4,14065,7.8217,KUA_Back_Transect 1,1.0143,,1.242,2.503,1325.765,22.76,,,439.631,-264.915,-1222.374,Kua_Back,Peter,Pomacentridae,Chromis,viridis,37372053,1,AD,Passing,
GX010051_L.MP4,14065,7.8217,KUA_Back_Transect 1,1.0143,,1.202,1.023,1296.553,21.907,,,423.045,-235.335,-1202.789,Kua_Back,Peter,Pomacentridae,Chromis,viridis,37372053,1,AD,Passing,
GX010051_L.MP4,14065,7.8217,KUA_Back_Transect 1,1.0143,,1.038,11.867,1182.82,18.287,,,285.356,-237.958,-1122.947,Kua_Back,Peter,Pomacentridae,Chromis,viridis,37372053,1,AD,Passing,
GX010051_L.MP4,14065,7.8217,KUA_Back_Transect 1,1.0143,,1.493,2.85,1454.678,18.076,,,331.371,-307.275,-1382.701,Kua_Back,Peter,Pomacentridae,Chromis,viridis,37372053,1,AD,Passing,
GX010051_L.MP4,14278,7.9402,KUA_Back_Transect 1,1.1328,331.238,25.585,7.876,5234.858,23.762,47.223,36.447,2061.162,-448.18,-4791.083,Kua_Back,Peter,Lutjanidae,Lutjanus,bohar,37346029,1,J,Passing,
GX010051_L.MP4,14326,7.9668,KUA_Back_Transect 1,1.1595,83.899,7.447,10.316,3039.615,19.237,23.168,5.06,746.96,-667.063,-2869.901,Kua_Back,Peter,Pomacentridae,Plectroglyphidodon,dickii,37372098,1,AD,Passing,
GX010051_L.MP4,14372,7.9924,KUA_Back_Transect 1,1.1851,,6.621,5.825,3369.041,27.434,,,1110.312,-1086.448,-2989.527,Kua_Back,Peter,Pomacentridae,Pomacentrus,philippinus,37372123,1,AD,Passing,
GX010051_L.MP4,14412,8.0147,KUA_Back_Transect 1,1.2073,106.451,8.517,2.105,2518.124,3.178,67.015,44.025,-138.28,19.057,-2514.252,Kua_Back,Peter,Pomacentridae,Amblyglyphidodon,aureus,37372016,1,AD,Passing,
GX010051_L.MP4,14412,8.0147,KUA_Back_Transect 1,1.2073,80.811,1.636,6.105,1604.289,9.876,13.452,21.122,77.243,-264.109,-1580.513,Kua_Back,Peter,Pomacentridae,Pomacentrus,callainus,temp_code_004,1,J,Passing,
GX010051_L.MP4,14412,8.0147,KUA_Back_Transect 1,1.2073,81.618,1.576,0.515,1626.205,16.601,7.866,32.275,210.843,-414.022,-1558.42,Kua_Back,Peter,Pomacentridae,Pomacentrus,callainus,temp_code_004,1,J,Passing,
GX010051_L.MP4,14412,8.0147,KUA_Back_Transect 1,1.2073,50.388,3.913,6.058,1931.185,18.386,33.43,2.772,430.432,-431.004,-1832.604,Kua_Back,Peter,Pomacentridae,Pomacentrus,philippinus,37372123,1,J,Passing,
GX010051_L.MP4,14412,8.0147,KUA_Back_Transect 1,1.2073,61.361,3.283,1.323,1719.491,17.064,37.828,19.002,351.684,-361.819,-1643.793,Kua_Back,Peter,Pomacentridae,Pomacentrus,callainus,temp_code_004,1,J,Passing,
GX010051_L.MP4,14412,8.0147,KUA_Back_Transect 1,1.2073,73.189,3.43,1.305,1655.403,20.129,48.936,17.223,326.435,-466.881,-1554.292,Kua_Back,Peter,Pomacentridae,Pomacentrus,callainus,temp_code_004,1,J,Passing,
GX010051_L.MP4,14586,8.1114,KUA_Back_Transect 1,1.3041,76.477,2.213,7.895,1637.458,23.203,13.464,0.451,-604.867,-224.402,-1505.007,Kua_Back,Peter,Pomacentridae,Pomacentrus,callainus,temp_code_004,1,J,Passing,
GX010051_L.MP4,14587,8.112,KUA_Back_Transect 1,1.3046,80.218,1.439,0.975,1637.783,13.814,2.209,30.504,154.187,-359.366,-1590.413,Kua_Back,Peter,Pomacentridae,Pomacentrus,philippinus,37372123,1,J,Passing,
GX010051_L.MP4,14587,8.112,KUA_Back_Transect 1,1.3046,165.001,5.078,0.551,2084.285,14.466,37.823,2.763,-502.365,-136.801,-2018.207,Kua_Back,Peter,Nemipteridae,Scolopsis,bilineata,37347031,1,J,Passing,
GX010051_L.MP4,14587,8.112,KUA_Back_Transect 1,1.3046,64.911,1.742,2.494,1855.081,7.214,5.985,28.398,199.645,-120.006,-1840.398,Kua_Back,Peter,Pomacentridae,Pomacentrus,callainus,temp_code_004,1,J,Passing,
GX010051_L.MP4,14587,8.112,KUA_Back_Transect 1,1.3046,,4.778,1.7,2820.972,14.983,,,-718.45,-127.037,-2724.99,Kua_Back,Peter,Chaetodontidae,Heniochus,varius,37365078,1,J,Passing,
GX010051_L.MP4,14599,8.1187,KUA_Back_Transect 1,1.3113,29.719,2.097,12.646,1570.334,23.621,19.327,5.317,-523.781,-348.666,-1438.761,Kua_Back,Peter,Pomacentridae,Chrysiptera,glauca,37372062,1,J,Passing,
GX010051_L.MP4,14599,8.1187,KUA_Back_Transect 1,1.3113,56.473,4.615,4.482,1785.822,15.124,54.552,7.336,-374.521,-277.18,-1723.968,Kua_Back,Peter,Pomacentridae,Chrysiptera,glauca,37372062,1,J,Passing,
GX010051_L.MP4,14599,8.1187,KUA_Back_Transect 1,1.3113,,2.298,3.676,1878.916,18.288,,,-495.757,-320.175,-1783.827,Kua_Back,Peter,Pomacentridae,Chrysiptera,glauca,37372062,1,J,Passing,
GX010051_L.MP4,14599,8.1187,KUA_Back_Transect 1,1.3113,,3.003,2.875,2167.851,15.089,,,-502.678,-257.706,-2092.959,Kua_Back,Peter,Pomacentridae,Chrysiptera,glauca,37372062,1,J,Passing,
GX010051_L.MP4,14599,8.1187,KUA_Back_Transect 1,1.3113,,2.15,2.943,1785.782,13.106,,,-297.526,-275.71,-1739.103,Kua_Back,Peter,Pomacentridae,Chrysiptera,glauca,37372062,1,J,Passing,
GX010051_L.MP4,14599,8.1187,KUA_Back_Transect 1,1.3113,,2.03,1.176,1727.475,11.957,,,-196.485,-300.106,-1689.822,Kua_Back,Peter,Pomacentridae,Chrysiptera,glauca,37372062,1,J,Passing,
GX010051_L.MP4,14599,8.1187,KUA_Back_Transect 1,1.3113,,2.447,2.867,1915.177,10.443,,,-188.699,-292.482,-1883.281,Kua_Back,Peter,Pomacentridae,Chrysiptera,glauca,37372062,1,J,Passing,
GX010051_L.MP4,14631,8.1365,KUA_Back_Transect 1,1.3291,78.249,3.231,3.763,2381.113,20.876,6.729,37.947,-800.171,282.275,-2224.803,Kua_Back,Peter,Pomacentridae,Amblyglyphidodon,orbicularis,temp_code_001,1,J,Passing,
GX010051_L.MP4,14705,8.1776,KUA_Back_Transect 1,1.3703,31.836,2.629,5.211,1502.083,19.573,41.46,3.101,-281.781,-416.917,-1415.286,Kua_Back,Peter,Pomacentridae,Pomacentrus,coelestis,37372111,1,J,Passing,
GX010051_L.MP4,14705,8.1776,KUA_Back_Transect 1,1.3703,,1.344,11.52,1415.038,24.989,,,-366.3,-473.155,-1282.296,Kua_Back,Peter,Chaetodontidae,Heniochus,varius,37365078,1,J,Passing,
GX010051_L.MP4,14727,8.1898,KUA_Back_Transect 1,1.3825,62.413,1.724,1.156,1192.804,11.043,39.518,10.677,-54.141,-221.959,-1170.72,Kua_Back,Peter,Pomacentridae,Pomacentrus,callainus,temp_code_004,1,J,Passing,
GX010051_L.MP4,14727,8.1898,KUA_Back_Transect 1,1.3825,35.987,0.995,1.264,1240.153,13.264,9.229,17.497,10.286,-284.353,-1207.07,Kua_Back,Peter,Pomacentridae,Pomacentrus,callainus,temp_code_004,1,J,Passing,
GX010051_L.MP4,14727,8.1898,KUA_Back_Transect 1,1.3825,40.007,1.449,2.585,1188.67,14.549,30.543,8.754,-120.502,-273.208,-1150.553,Kua_Back,Peter,Pomacentridae,Pomacentrus,callainus,temp_code_004,1,J,Passing,
GX010051_L.MP4,14727,8.1898,KUA_Back_Transect 1,1.3825,58.814,0.994,2.42,1234.993,18.068,9.005,14.381,-107.028,-367.763,-1174.097,Kua_Back,Peter,Scaridae,Scarus,niger,37386021,1,J,Passing,
GX010051_L.MP4,14820,8.2416,KUA_Back_Transect 1,1.4342,54.01,3.184,1.899,1753.372,14.924,34.131,22.733,-402.907,-203.902,-1694.226,Kua_Back,Peter,Pomacentridae,Pomacentrus,callainus,temp_code_004,1,J,Passing,
GX010051_L.MP4,14820,8.2416,KUA_Back_Transect 1,1.4342,,1.717,11.946,1639.297,25.331,,,-574.648,-402.998,-1481.441,Kua_Back,Peter,Pomacentridae,Pomacentrus,callainus,temp_code_004,1,J,Passing,
GX010051_L.MP4,14820,8.2416,KUA_Back_Transect 1,1.4342,,2.014,8.705,1807.726,25.175,,,-683.824,-352.688,-1635.808,Kua_Back,Peter,Pomacentridae,Pomacentrus,callainus,temp_code_004,1,J,Passing,
GX010051_L.MP4,14820,8.2416,KUA_Back_Transect 1,1.4342,,1.809,4.4,1662.432,21.941,,,-513.579,-350.293,-1541.821,Kua_Back,Peter,Pomacentridae,Pomacentrus,callainus,temp_code_004,1,J,Passing,
GX010051_L.MP4,14820,8.2416,KUA_Back_Transect 1,1.4342,,2.372,1.585,1936.149,20.696,,,-601.217,-327.764,-1811.017,Kua_Back,Peter,Pomacentridae,Pomacentrus,callainus,temp_code_004,1,J,Passing,
GX010051_L.MP4,14820,8.2416,KUA_Back_Transect 1,1.4342,,2.082,0.534,1784.912,19.312,,,-507.952,-301.695,-1684.302,Kua_Back,Peter,Pomacentridae,Pomacentrus,callainus,temp_code_004,1,J,Passing,
GX010051_L.MP4,14820,8.2416,KUA_Back_Transect 1,1.4342,,2.657,1.939,2035.302,17.132,,,-528.28,-284.654,-1944.826,Kua_Back,Peter,Pomacentridae,Pomacentrus,callainus,temp_code_004,1,J,Passing,
GX010051_L.MP4,14872,8.2705,KUA_Back_Transect 1,1.4631,110.129,9.328,18.707,3082.795,31.382,57.038,27.672,1349.535,-869.445,-2631.814,Kua_Back,Peter,Pomacentridae,Neoglyphidodon,carlsoni,temp_code_008,1,J,Passing,
GX010051_L.MP4,15047,8.3678,KUA_Back_Transect 1,1.5604,52.24,3.938,0.862,2044.934,21.893,32.874,3.902,258.123,-717.484,-1897.458,Kua_Back,Peter,Pomacentridae,Pomacentrus,moluccensis,37372118,1,J,Passing,
GX010051_L.MP4,15060,8.375,KUA_Back_Transect 1,1.5677,71.364,1.717,6.445,1912.846,24.799,28.875,70.492,-794.426,112.15,-1736.459,Kua_Back,Peter,Chaetodontidae,Chaetodon,citrinellus,37365036,1,J,Passing,
GX010051_L.MP4,15089,8.3912,KUA_Back_Transect 1,1.5838,81.976,1.855,4.098,2135.149,8.583,13.215,75.989,-296.575,-116.578,-2111.235,Kua_Back,Peter,Pomacentridae,Pomacentrus,philippinus,37372123,1,J,Passing,
GX010051_L.MP4,15181,8.4423,KUA_Back_Transect 1,1.635,103.694,5.877,13.258,3304.67,28.19,9.93,42.785,-1455.094,-565.543,-2912.681,Kua_Back,Peter,Nemipteridae,Scolopsis,bilineata,37347031,1,J,Passing,
GX010051_L.MP4,15399,8.5636,KUA_Back_Transect 1,1.7562,62.922,1.663,2.785,1543.54,19.568,18.362,48.112,-483.962,-181.804,-1454.388,Kua_Back,Peter,Pomacentridae,Stegastes,lacrymatus,temp_code_006,1,J,Passing,
GX010051_L.MP4,15399,8.5636,KUA_Back_Transect 1,1.7562,52.172,2.295,4.506,2050.64,17.664,20.636,60.289,-576.224,234.811,-1953.958,Kua_Back,Peter,Pomacentridae,Pomacentrus,callainus,temp_code_004,1,J,Passing,
GX010051_L.MP4,15399,8.5636,KUA_Back_Transect 1,1.7562,70.506,3.084,12.769,2568.531,16.478,1.5,19.391,472.23,-554.768,-2463.043,Kua_Back,Peter,Pomacentridae,Pomacentrus,philippinus,37372123,1,J,Passing,
GX010051_L.MP4,15399,8.5636,KUA_Back_Transect 1,1.7562,,4.691,2.991,2737.505,14.745,,,-484.699,498.953,-2647.649,Kua_Back,Peter,Pomacentridae,Pomacentrus,brachialis,37372109,1,J,Passing,
GX010051_L.MP4,15435,8.5836,KUA_Back_Transect 1,1.7762,52.578,3.397,6.783,1955.059,12.882,64.182,64.349,134.953,-414.446,-1905.853,Kua_Back,Peter,Pomacentridae,Pomacentrus,philippinus,37372123,1,J,Passing,
GX010051_L.MP4,15435,8.5836,KUA_Back_Transect 1,1.7762,44.056,3.99,2.11,1798.96,8.715,41.883,21.937,-0.224,-272.575,-1778.19,Kua_Back,Peter,Pomacentridae,Pomacentrus,philippinus,37372123,1,J,Passing,
GX010051_L.MP4,15441,8.5869,KUA_Back_Transect 1,1.7796,90.565,5.501,11.243,2067.493,24.93,63.033,13.713,-644.04,587.067,-1874.858,Kua_Back,Peter,Pomacentridae,Pomacentrus,callainus,temp_code_004,1,J,Passing,
GX010051_L.MP4,15470,8.603,KUA_Back_Transect 1,1.7957,60.747,1.109,4.092,1337.033,15.933,3.167,26.153,-142.836,-338.104,-1285.667,Kua_Back,Peter,Pomacentridae,Pomacentrus,philippinus,37372123,1,J,Passing,
GX010051_L.MP4,15579,8.6637,KUA_Back_Transect 1,1.8563,85.959,6.077,12.37,2227.984,24.504,53.949,0.369,-715.498,584.808,-2027.307,Kua_Back,Peter,Pomacentridae,Pomacentrus,philippinus,37372123,1,AD,Passing,
GX010051_L.MP4,15628,8.6909,KUA_Back_Transect 1,1.8835,,19.437,2.5,5693.26,20.955,,,771.361,-1887.448,-5315.615,Kua_Back,Peter,Acanthuridae,Acanthurus,sp,,1,AD,Passing,
GX010051_L.MP4,15628,8.6909,KUA_Back_Transect 1,1.8835,,11.514,3.163,4399.175,18.591,,,-9.027,-1404.943,-4168.788,Kua_Back,Peter,Acanthuridae,Acanthurus,sp,,1,AD,Passing,
GX010051_L.MP4,15704,8.7332,KUA_Back_Transect 1,1.9258,,7.504,5.258,3537.172,21.091,,,41.464,-1274.109,-3299.472,Kua_Back,Peter,Pomacentridae,Pomacentrus,philippinus,37372123,1,AD,Passing,
GX010051_L.MP4,15749,8.7582,KUA_Back_Transect 1,1.9508,,6.646,0.707,3292.807,17.281,,,-140.657,-969.801,-3143.609,Kua_Back,Peter,Pomacentridae,Pomacentrus,callainus,temp_code_004,1,AD,Passing,
GX010051_L.MP4,15810,8.7921,KUA_Back_Transect 1,1.9848,174.152,10.905,5.007,2875.722,17.675,69.621,40.415,-87.845,-868.69,-2739.97,Kua_Back,Peter,Siganidae,Siganus,doliatus,37438009,1,AD,Passing,
GX010051_L.MP4,15810,8.7921,KUA_Back_Transect 1,1.9848,138.043,3.561,5.617,3074.35,9.1,4.767,54.289,-57.462,-482.832,-3035.655,Kua_Back,Peter,Siganidae,Siganus,doliatus,37438009,1,AD,Passing,
GX010051_L.MP4,15810,8.7921,KUA_Back_Transect 1,1.9848,183.882,12.014,8.482,2831.413,14.104,88.301,37.707,-96.289,-683.234,-2746.055,Kua_Back,Peter,Acanthuridae,Ctenochaetus,striatus,37437022,1,AD,Passing,
GX010051_L.MP4,15863,8.8216,KUA_Back_Transect 1,2.0142,65.275,3.772,7.939,1818.504,22.961,47.239,18.683,-607.828,-365.806,-1674.422,Kua_Back,Peter,Pomacentridae,Stegastes,lacrymatus,temp_code_006,1,AD,Passing,
GX010051_L.MP4,15937,8.8627,KUA_Back_Transect 1,2.0554,,9.619,0.257,4132.22,22.177,,,-1326.889,817.749,-3826.995,Kua_Back,Peter,Acanthuridae,Acanthurus,sp,,1,AD,Passing,
GX010051_L.MP4,15942,8.8655,KUA_Back_Transect 1,2.0582,74.446,5.106,1.829,1984.484,9.45,46.171,22.998,-310.538,98.665,-1957.551,Kua_Back,Peter,Pomacentridae,Pomacentrus,philippinus,37372123,1,AD,Passing,
GX010051_L.MP4,21751,12.096,KUA_Back_Transect 2,0.1435,102.172,7.707,6.435,2422.259,26.77,74.735,7.178,1090.73,24.402,-2162.649,Kua_Back,Peter,Pomacentridae,Pomacentrus,philippinus,37372123,1,AD,Passing,
GX010051_L.MP4,21769,12.106,KUA_Back_Transect 2,0.1535,173.87,13.82,1.866,4781.752,20.328,3.642,6.093,1639.282,-268.583,-4483.946,Kua_Back,Peter,Siganidae,Siganus,doliatus,37438009,1,AD,Passing,
GX010051_L.MP4,21769,12.106,KUA_Back_Transect 2,0.1535,,11.258,1.175,4571.135,23.359,,,1797.763,-232.442,-4196.343,Kua_Back,Peter,Siganidae,Siganus,doliatus,37438009,1,AD,Passing,
GX010051_L.MP4,21780,12.1121,KUA_Back_Transect 2,0.1596,86.365,6.685,4.359,2512.425,23.092,37.07,4.868,983.713,57.4,-2311.124,Kua_Back,Peter,Pomacentridae,Pomacentrus,philippinus,37372123,1,AD,Passing,
GX010051_L.MP4,21860,12.1566,KUA_Back_Transect 2,0.2041,,3.33,1.862,2457.383,27.973,,,1148.313,98.476,-2170.349,Kua_Back,Peter,Pomacentridae,Stegastes,lacrymatus,temp_code_006,1,AD,Passing,
GX010051_L.MP4,21970,12.2178,KUA_Back_Transect 2,0.2653,75.42,2.127,4.959,2551.578,25.04,31.944,77.759,-1079.882,-12.398,-2311.764,Kua_Back,Peter,Pomacentridae,Stegastes,lacrymatus,temp_code_006,1,AD,Passing,
GX010051_L.MP4,22073,12.275,KUA_Back_Transect 2,0.3225,71.056,2.192,0.832,1847.679,18.611,6.208,31.745,521.129,-275.912,-1751.061,Kua_Back,Peter,Pomacentridae,Stegastes,lacrymatus,temp_code_006,1,AD,Passing,
GX010051_L.MP4,22073,12.275,KUA_Back_Transect 2,0.3225,90.062,5.201,1.617,1916.091,22.111,63.005,3.55,701.71,-166.617,-1775.175,Kua_Back,Peter,Pomacentridae,Stegastes,lacrymatus,temp_code_006,1,AD,Passing,
GX010051_L.MP4,22110,12.2956,KUA_Back_Transect 2,0.3431,63.292,3.999,2.853,1860.273,14.665,42.093,24.97,-57.767,-467.39,-1799.673,Kua_Back,Peter,Pomacentridae,Pomacentrus,spilotoceps,temp_code_012,1,AD,Passing,
GX010051_L.MP4,22187,12.3384,KUA_Back_Transect 2,0.3859,60.287,3.355,1.1,1646.962,20.451,59.554,35.77,222.116,-530.868,-1543.155,Kua_Back,Peter,Pomacentridae,Pomacentrus,maafu,temp_code_005,1,AD,Passing,
GX010051_L.MP4,22315,12.4096,KUA_Back_Transect 2,0.4571,,5.644,15.607,3268.298,28.838,,,-1394.8,-736.213,-2862.568,Kua_Back,Peter,Pomacentridae,Stegastes,lacrymatus,temp_code_006,1,AD,Passing,
GX010051_L.MP4,22402,12.458,KUA_Back_Transect 2,0.5055,102.762,9.444,18.45,2747.448,27.937,85.025,12.665,-1153.864,-570.481,-2427.266,Kua_Back,Peter,Pomacentridae,Stegastes,lacrymatus,temp_code_006,1,AD,Passing,
GX010051_L.MP4,22494,12.5092,KUA_Back_Transect 2,0.5567,,5.732,3.966,3357.033,27.55,,,-1521.287,-312.505,-2976.188,Kua_Back,Peter,Pomacentridae,Stegastes,lacrymatus,temp_code_006,1,AD,Passing,
GX010051_L.MP4,22531,12.5297,KUA_Back_Transect 2,0.5772,165.324,6.745,2.328,3664.717,18.551,85.385,75.182,1099.753,-387.123,-3474.309,Kua_Back,Peter,Siganidae,Siganus,doliatus,37438009,1,AD,Passing,
GX010051_L.MP4,22547,12.5386,KUA_Back_Transect 2,0.5861,59.779,5.506,8.473,2321.588,21.733,35.57,0.107,-787.157,-345.462,-2156.574,Kua_Back,Peter,Pomacentridae,Stegastes,lacrymatus,temp_code_006,1,AD,Passing,
GX010051_L.MP4,22575,12.5542,KUA_Back_Transect 2,0.6017,200.115,10.629,5.816,2851.521,26.073,81.112,21.627,1080.56,-634.947,-2561.329,Kua_Back,Peter,Siganidae,Siganus,doliatus,37438009,1,AD,Passing,
GX010051_L.MP4,22620,12.5792,KUA_Back_Transect 2,0.6267,221.184,12.747,1.649,2770.031,8.05,57.104,4.038,299.276,-246.794,-2742.735,Kua_Back,Peter,Acanthuridae,Naso,lituratus,37437029,1,AD,Passing,
GX010051_L.MP4,22650,12.5959,KUA_Back_Transect 2,0.6434,148.835,5.928,16.113,2030.383,23.787,77.318,12.721,-528.36,-625.668,-1857.91,Kua_Back,Peter,Acanthuridae,Acanthurus,nigrofuscus,37437014,1,AD,Passing,
GX010051_L.MP4,22734,12.6426,KUA_Back_Transect 2,0.6901,,9.507,15.297,4237.108,27.817,,,-1677.923,-1048.174,-3746.864,Kua_Back,Peter,Labridae,Coris,aygula,37384090,1,AD,Passing,
GX010051_L.MP4,22796,12.6771,KUA_Back_Transect 2,0.7246,290.233,24.239,7.643,3755.463,12.478,85.907,20.407,-676.126,-448.564,-3666.763,Kua_Back,Peter,Acanthuridae,Naso,lituratus,37437029,1,AD,Passing,
GX010051_L.MP4,22882,12.7249,KUA_Back_Transect 2,0.7724,87.568,7.144,12.853,2543.349,29.572,55.294,10.836,1170.302,453.787,-2212.033,Kua_Back,Peter,Pomacentridae,Stegastes,lacrymatus,temp_code_006,1,AD,Passing,
GX010051_L.MP4,22882,12.7249,KUA_Back_Transect 2,0.7724,79.792,2.246,1.848,2043.751,8.16,11.468,16.1,58.101,284.194,-2023.061,Kua_Back,Peter,Pomacentridae,Stegastes,lacrymatus,temp_code_006,1,AD,Passing,
GX010051_L.MP4,22882,12.7249,KUA_Back_Transect 2,0.7724,86.122,8.513,1.837,2653.824,11.743,46.922,32.324,-153.727,517.787,-2598.278,Kua_Back,Peter,Pomacentridae,Stegastes,lacrymatus,temp_code_006,1,AD,Passing,
GX010051_L.MP4,22882,12.7249,KUA_Back_Transect 2,0.7724,80.023,2.438,0.906,2841.945,13.947,3.909,4.662,-22.825,684.616,-2758.158,Kua_Back,Peter,Pomacentridae,Stegastes,lacrymatus,temp_code_006,1,AD,Passing,
GX010051_L.MP4,22882,12.7249,KUA_Back_Transect 2,0.7724,,4.296,0.748,2613.405,11.379,,,-403.047,320.051,-2562.227,Kua_Back,Peter,Pomacentridae,Stegastes,lacrymatus,temp_code_006,1,AD,Passing,
GX010051_L.MP4,22882,12.7249,KUA_Back_Transect 2,0.7724,,8.481,3.28,3853.257,18.331,,,-1123.596,451.868,-3657.996,Kua_Back,Peter,Pomacentridae,Stegastes,lacrymatus,temp_code_006,1,AD,Passing,
GX010051_L.MP4,22882,12.7249,KUA_Back_Transect 2,0.7724,,11.514,2.903,4461.059,10.867,,,-798.766,260.801,-4381.211,Kua_Back,Peter,Pomacentridae,Stegastes,lacrymatus,temp_code_006,1,AD,Passing,
GX010051_L.MP4,22882,12.7249,KUA_Back_Transect 2,0.7724,,17.77,0.271,5548.803,8.084,,,-19.646,776.882,-5494.114,Kua_Back,Peter,Acanthuridae,Naso,lituratus,37437029,1,AD,Passing,
GX010051_L.MP4,22901,12.7355,KUA_Back_Transect 2,0.783,,6.121,0.898,3235.77,26.013,,,1135.287,849.796,-2908.466,Kua_Back,Peter,Pomacentridae,Stegastes,lacrymatus,temp_code_006,1,AD,Passing,
GX010051_L.MP4,22926,12.7494,KUA_Back_Transect 2,0.7969,,4.852,7.845,2894.844,28.871,,,1058.066,911.879,-2535.566,Kua_Back,Peter,Monacanthidae,Oxymonacanthus,longirostris,37465062,1,AD,Passing,
GX010051_L.MP4,23039,12.8122,KUA_Back_Transect 2,0.8597,208.85,15.346,3.019,3817.109,19.643,38.336,17.682,531.203,1168.022,-3594.978,Kua_Back,Peter,Acanthuridae,Naso,lituratus,37437029,1,AD,Passing,
GX010051_L.MP4,23039,12.8122,KUA_Back_Transect 2,0.8597,90.604,1.733,3.719,1058.036,16.236,63.303,11.147,295.06,-21.094,-1015.842,Kua_Back,Peter,Pomacentridae,Pomacentrus,callainus,temp_code_004,1,AD,Passing,
GX010051_L.MP4,23074,12.8317,KUA_Back_Transect 2,0.8792,387.006,30.913,16.485,7847.42,16.441,11.608,8.989,-1584.141,1556.848,-7526.535,Kua_Back,Peter,Lutjanidae,Lutjanus,bohar,37346029,1,AD,Passing,
GX010051_L.MP4,23118,12.8562,KUA_Back_Transect 2,0.9037,,26.2,2.439,6811.906,15.923,,,-1659.563,-863.028,-6550.045,Kua_Back,Peter,Acanthuridae,Naso,sp,,1,AD,Passing,
GX010051_L.MP4,23118,12.8562,KUA_Back_Transect 2,0.9037,,27.268,6.212,7109.135,19.703,,,-2254.441,-817.589,-6692.447,Kua_Back,Peter,Acanthuridae,Naso,sp,,1,AD,Passing,
GX010051_L.MP4,23118,12.8562,KUA_Back_Transect 2,0.9037,,22.901,0.913,6508.598,16.289,,,-1810.205,-240.145,-6247.186,Kua_Back,Peter,Acanthuridae,Naso,sp,,1,AD,Passing,
GX010051_L.MP4,23130,12.8628,KUA_Back_Transect 2,0.9104,249.635,14.943,15.022,5106.608,25.775,9.053,25.11,-1985.929,-993.45,-4598.542,Kua_Back,Peter,Acanthuridae,Naso,sp,,1,AD,Passing,
GX010051_L.MP4,23153,12.8756,KUA_Back_Transect 2,0.9231,392.007,34.072,11.299,5447.747,12.651,50.845,40.68,-392.553,1126.705,-5315.486,Kua_Back,Peter,Lutjanidae,Lutjanus,bohar,37346029,1,AD,Passing,
GX010051_L.MP4,23153,12.8756,KUA_Back_Transect 2,0.9231,,23.02,2.214,6238.313,15.732,,,-569.034,1589.357,-6005.555,Kua_Back,Peter,Lutjanidae,Lutjanus,bohar,37346029,1,AD,Passing,
GX010051_L.MP4,23153,12.8756,KUA_Back_Transect 2,0.9231,,31.106,0.078,7360.023,13.211,,,-1371.139,970.099,-7165.81,Kua_Back,Peter,Lutjanidae,Lutjanus,bohar,37346029,1,AD,Passing,
GX010051_L.MP4,23222,12.914,KUA_Back_Transect 2,0.9615,358.155,9.713,7.004,4581.416,6.497,20.18,53.358,-495.849,-151.296,-4551.99,Kua_Back,Peter,Lutjanidae,Lutjanus,bohar,37346029,1,AD,Passing,
GX010051_L.MP4,23263,12.9368,KUA_Back_Transect 2,0.9843,318.032,16.285,7.055,5146.804,6.485,27.328,50.184,-537.608,-221.139,-5113.87,Kua_Back,Peter,Lethrinidae,Monotaxis,grandoculis,37351026,1,AD,Passing,
GX010051_L.MP4,23263,12.9368,KUA_Back_Transect 2,0.9843,286.48,12.241,7.994,5295.715,2.85,20.397,55.842,4.223,263.283,-5289.165,Kua_Back,Peter,Scaridae,Scarus,schlegeli,37386029,1,AD,Passing,
GX010051_L.MP4,23364,12.993,KUA_Back_Transect 2,1.0405,71.605,6.732,16.787,2896.473,31.086,74.359,50.768,1360.254,621.553,-2480.512,Kua_Back,Peter,Labridae,Labropsis,australis,37384132,1,AD,Passing,
GX010051_L.MP4,23413,13.0202,KUA_Back_Transect 2,1.0677,,9.518,4.049,3987.503,19.837,,,-317.08,-1317.677,-3750.116,Kua_Back,Peter,Pomacentridae,Stegastes,lacrymatus,temp_code_006,1,AD,Passing,
GX010051_L.MP4,23413,13.0202,KUA_Back_Transect 2,1.0677,,7.927,0.482,3604.119,16.253,,,-315.19,-960.214,-3459.526,Kua_Back,Peter,Pomacentridae,Stegastes,lacrymatus,temp_code_006,1,AD,Passing,
GX010051_L.MP4,23442,13.0364,KUA_Back_Transect 2,1.0839,49.532,2.249,5.499,1768.295,24.842,21.176,44.136,687.291,-281.962,-1604.679,Kua_Back,Peter,Pomacentridae,Stegastes,lacrymatus,temp_code_006,1,AD,Passing,
GX010051_L.MP4,23442,13.0364,KUA_Back_Transect 2,1.0839,,3.297,2.222,2264.929,21.154,,,390.405,-719.329,-2111.884,Kua_Back,Peter,Pomacentridae,Chrysiptera,glauca,37372062,1,AD,Passing,
GX010051_L.MP4,23442,13.0364,KUA_Back_Transect 2,1.0839,,3.519,0.828,2349.705,22.032,,,490.803,-733.425,-2177.685,Kua_Back,Peter,Pomacentridae,Chrysiptera,glauca,37372062,1,AD,Passing,
GX010051_L.MP4,23442,13.0364,KUA_Back_Transect 2,1.0839,,4.523,0.554,2701.816,18.371,,,779.855,-343.486,-2563.914,Kua_Back,Peter,Pomacentridae,Chrysiptera,rollandi,37372067,1,AD,Passing,
GX010051_L.MP4,23508,13.0731,KUA_Back_Transect 2,1.1206,,2.243,0.28,1915.858,24.908,,,806.067,35.527,-1737.673,Kua_Back,Peter,Pomacentridae,Pomacentrus,callainus,temp_code_004,1,AD,Passing,
GX010051_L.MP4,23534,13.0875,KUA_Back_Transect 2,1.135,105.703,4.6,2.676,1757.356,20.367,65.969,7.912,603.754,97.779,-1647.489,Kua_Back,Peter,Pomacentridae,Stegastes,lacrymatus,temp_code_006,1,AD,Passing,
GX010051_L.MP4,23540,13.0909,KUA_Back_Transect 2,1.1384,186.495,3.57,4.734,3630.518,18.83,5.513,4.887,37.498,-1171.168,-3436.222,Kua_Back,Peter,Scaridae,Chlorurus,bleekeri,37386011,1,AD,Passing,
GX010051_L.MP4,23557,13.1003,KUA_Back_Transect 2,1.1478,117.766,3.512,13.308,2187.048,26.764,46.181,54.73,-825.695,536.822,-1952.749,Kua_Back,Peter,Caesionidae,Pterocaesio,trilineata,37346051,1,AD,Passing,
GX010051_L.MP4,23586,13.1164,KUA_Back_Transect 2,1.1639,66.024,5.227,2.062,2263.596,15.495,31.557,0.895,380.432,-470.089,-2181.319,Kua_Back,Peter,Pomacentridae,Stegastes,lacrymatus,temp_code_006,1,AD,Passing,
GX010051_L.MP4,23586,13.1164,KUA_Back_Transect 2,1.1639,110.053,2.785,3.985,1501.421,22.177,48.381,12.753,-520.041,225.307,-1390.345,Kua_Back,Peter,Caesionidae,Pterocaesio,trilineata,37346051,1,AD,Passing,
GX010051_L.MP4,23586,13.1164,KUA_Back_Transect 2,1.1639,115.623,4.476,2.647,1965.908,17.692,63.461,41.945,-545.59,243.43,-1872.93,Kua_Back,Peter,Caesionidae,Pterocaesio,trilineata,37346051,1,AD,Passing,
GX010051_L.MP4,23586,13.1164,KUA_Back_Transect 2,1.1639,103.925,4.198,2.402,2169.878,16.042,33.341,37.105,-290.777,524.398,-2085.384,Kua_Back,Peter,Caesionidae,Pterocaesio,trilineata,37346051,1,AD,Passing,
GX010051_L.MP4,23586,13.1164,KUA_Back_Transect 2,1.1639,129.357,7.006,1.207,2240.3,15.825,64.841,32.642,-245.893,559.256,-2155.392,Kua_Back,Peter,Caesionidae,Pterocaesio,trilineata,37346051,1,AD,Passing,
GX010051_L.MP4,23586,13.1164,KUA_Back_Transect 2,1.1639,110.623,5.296,3.466,1853.851,12.238,64.29,25.304,-22.078,392.352,-1811.722,Kua_Back,Peter,Caesionidae,Pterocaesio,trilineata,37346051,1,AD,Passing,
GX010051_L.MP4,23586,13.1164,KUA_Back_Transect 2,1.1639,94.379,6.62,2.657,2345.763,14.073,55.546,41.597,224.194,524.481,-2275.36,Kua_Back,Peter,Caesionidae,Pterocaesio,trilineata,37346051,1,AD,Passing,
GX010051_L.MP4,23586,13.1164,KUA_Back_Transect 2,1.1639,98.722,7.252,4.652,3009.905,14.881,76.183,68.829,338.232,695.061,-2908.955,Kua_Back,Peter,Caesionidae,Pterocaesio,trilineata,37346051,1,AD,Passing,
GX010051_L.MP4,23586,13.1164,KUA_Back_Transect 2,1.1639,122.802,9.085,4.419,2681.993,11.782,49.674,32.407,-6.17,547.608,-2625.485,Kua_Back,Peter,Caesionidae,Pterocaesio,trilineata,37346051,1,AD,Passing,
GX010051_L.MP4,23586,13.1164,KUA_Back_Transect 2,1.1639,98.187,7.007,8.806,1984.211,12.68,80.373,13.203,-131.306,415.278,-1935.819,Kua_Back,Peter,Caesionidae,Pterocaesio,trilineata,37346051,1,AD,Passing,
GX010051_L.MP4,23586,13.1164,KUA_Back_Transect 2,1.1639,,5.347,0.652,2915.724,10.645,,,423.073,-335.016,-2865.348,Kua_Back,Peter,Pomacentridae,Stegastes,lacrymatus,temp_code_006,1,AD,Passing,
GX010051_L.MP4,23586,13.1164,KUA_Back_Transect 2,1.1639,,5.619,1.958,3008.42,14.228,,,680.761,-290.381,-2915.962,Kua_Back,Peter,Pomacentridae,Stegastes,lacrymatus,temp_code_006,1,AD,Passing,
GX010051_L.MP4,23586,13.1164,KUA_Back_Transect 2,1.1639,,9.432,0.723,3986.239,16.639,,,1077.167,-379.841,-3819.1,Kua_Back,Peter,Pomacentridae,Stegastes,lacrymatus,temp_code_006,1,AD,Passing,
GX010051_L.MP4,23586,13.1164,KUA_Back_Transect 2,1.1639,,6.395,3.689,3236.284,16.343,,,840.202,-353.079,-3105.307,Kua_Back,Peter,Pomacentridae,Stegastes,lacrymatus,temp_code_006,1,AD,Passing,
GX010051_L.MP4,23586,13.1164,KUA_Back_Transect 2,1.1639,,2.392,0.331,1886.634,16.051,,,431.118,-294.743,-1812.913,Kua_Back,Peter,Pomacentridae,Chrysiptera,glauca,37372062,1,AD,Passing,
GX010051_L.MP4,23586,13.1164,KUA_Back_Transect 2,1.1639,,5.339,1.735,2927.542,22.221,,,511.435,980.354,-2710.69,Kua_Back,Peter,Caesionidae,Pterocaesio,trilineata,37346051,1,AD,Passing,
GX010051_L.MP4,23586,13.1164,KUA_Back_Transect 2,1.1639,,4.873,1.348,2819.12,21.603,,,-112.119,1030.324,-2621.698,Kua_Back,Peter,Caesionidae,Pterocaesio,trilineata,37346051,1,AD,Passing,
GX010051_L.MP4,23608,13.1287,KUA_Back_Transect 2,1.1762,,3.963,16.427,2669.12,28.126,,,-1052.335,-691.129,-2353.536,Kua_Back,Peter,Pomacentridae,Chromis,viridis,37372053,1,AD,Passing,
GX010051_L.MP4,23608,13.1287,KUA_Back_Transect 2,1.1762,,4.511,10.877,2848.87,27.747,,,-1087.842,-760.257,-2520.848,Kua_Back,Peter,Pomacentridae,Chromis,viridis,37372053,1,AD,Passing,
GX010051_L.MP4,23608,13.1287,KUA_Back_Transect 2,1.1762,,7.957,11.036,3822.535,27.95,,,-1393.798,-1127.741,-3375.989,Kua_Back,Peter,Pomacentridae,Chromis,viridis,37372053,1,AD,Passing,
GX010051_L.MP4,23608,13.1287,KUA_Back_Transect 2,1.1762,,4.863,6.775,2902.663,23.89,,,-964.876,-673.023,-2653.584,Kua_Back,Peter,Pomacentridae,Chromis,viridis,37372053,1,AD,Passing,
GX010051_L.MP4,23608,13.1287,KUA_Back_Transect 2,1.1762,,4.77,6.203,2907.699,24.477,,,-1062.526,-569.415,-2646.039,Kua_Back,Peter,Pomacentridae,Chromis,viridis,37372053,1,AD,Passing,
GX010051_L.MP4,23608,13.1287,KUA_Back_Transect 2,1.1762,,10.476,0.999,4351.129,26.962,,,-1416.363,-1375.577,-3877.373,Kua_Back,Peter,Pomacentridae,Chromis,viridis,37372053,1,AD,Passing,
GX010051_L.MP4,23608,13.1287,KUA_Back_Transect 2,1.1762,,9.868,4.25,4206.219,26.828,,,-1317.096,-1369.297,-3752.675,Kua_Back,Peter,Pomacentridae,Chromis,viridis,37372053,1,AD,Passing,
GX010051_L.MP4,23608,13.1287,KUA_Back_Transect 2,1.1762,,5.782,3.193,3126.204,22.71,,,-839.277,-869.034,-2883.322,Kua_Back,Peter,Pomacentridae,Chromis,viridis,37372053,1,AD,Passing,
GX010051_L.MP4,23608,13.1287,KUA_Back_Transect 2,1.1762,,4.692,9.229,2800.567,24.471,,,-644.608,-965.999,-2548.431,Kua_Back,Peter,Pomacentridae,Chrysiptera,glauca,37372062,1,AD,Passing,
GX010051_L.MP4,23631,13.1415,KUA_Back_Transect 2,1.189,67.967,5.854,2.612,2159.388,15.691,60.798,40.061,-181.435,-555.114,-2078.915,Kua_Back,Peter,Pomacentridae,Chromis,ternatensis,37372051,1,AD,Passing,
GX010051_L.MP4,23678,13.1676,KUA_Back_Transect 2,1.2151,,5.734,5.974,3027.409,9.945,,,266.346,448.155,-2982.184,Kua_Back,Peter,Caesionidae,Pterocaesio,trilineata,37346051,1,AD,Passing,
GX010051_L.MP4,23678,13.1676,KUA_Back_Transect 2,1.2151,,5.193,2.256,2861.633,12.295,,,409.872,449.278,-2796.265,Kua_Back,Peter,Caesionidae,Pterocaesio,trilineata,37346051,1,AD,Passing,
GX010051_L.MP4,23678,13.1676,KUA_Back_Transect 2,1.2151,,4.534,5.336,2682.979,16.574,,,668.35,371.381,-2571.723,Kua_Back,Peter,Caesionidae,Pterocaesio,trilineata,37346051,1,AD,Passing,
GX010051_L.MP4,23678,13.1676,KUA_Back_Transect 2,1.2151,,6.217,4.371,3169.02,18.02,,,794.088,573.088,-3013.915,Kua_Back,Peter,Caesionidae,Pterocaesio,trilineata,37346051,1,AD,Passing,
GX010051_L.MP4,23678,13.1676,KUA_Back_Transect 2,1.2151,,7.177,3.472,3386.689,15.148,,,542.227,697.53,-3269.42,Kua_Back,Peter,Caesionidae,Pterocaesio,trilineata,37346051,1,AD,Passing,
GX010051_L.MP4,23678,13.1676,KUA_Back_Transect 2,1.2151,,6.494,3.988,3218.415,14.104,,,329.033,710.106,-3121.808,Kua_Back,Peter,Caesionidae,Pterocaesio,trilineata,37346051,1,AD,Passing,
GX010051_L.MP4,23678,13.1676,KUA_Back_Transect 2,1.2151,,8.339,5.451,3669.373,12.986,,,476.183,671.088,-3575.918,Kua_Back,Peter,Caesionidae,Pterocaesio,trilineata,37346051,1,AD,Passing,
GX010051_L.MP4,23678,13.1676,KUA_Back_Transect 2,1.2151,,3.865,9.484,2475.752,11.368,,,-437.916,213.955,-2427.303,Kua_Back,Peter,Caesionidae,Pterocaesio,trilineata,37346051,1,AD,Passing,
GX010051_L.MP4,23678,13.1676,KUA_Back_Transect 2,1.2151,,3.368,2.786,2290.627,6.675,,,-212.38,159.241,-2275.195,Kua_Back,Peter,Caesionidae,Pterocaesio,trilineata,37346051,1,AD,Passing,
GX010051_L.MP4,23743,13.2037,KUA_Back_Transect 2,1.2513,78.5,2.524,2.333,1306.385,20.322,87.63,26.504,305.445,-335.481,-1225.071,Kua_Back,Peter,Pomacentridae,Pomacentrus,callainus,temp_code_004,1,AD,Passing,
GX010051_L.MP4,23743,13.2037,KUA_Back_Transect 2,1.2513,67.933,2.463,5.821,1426.209,22.679,47.685,19.632,490.304,-248.977,-1315.934,Kua_Back,Peter,Pomacentridae,Pomacentrus,callainus,temp_code_004,1,AD,Passing,
GX010051_L.MP4,23743,13.2037,KUA_Back_Transect 2,1.2513,,1.897,0.376,1661.913,17.669,,,350.82,-363.369,-1583.301,Kua_Back,Peter,Pomacentridae,Pomacentrus,callainus,temp_code_004,1,AD,Passing,
GX010051_L.MP4,23932,13.3089,KUA_Back_Transect 2,1.3564,146.079,9.495,8.491,2685.346,24.898,85.265,18.61,-1041.135,440.685,-2435.758,Kua_Back,Peter,Caesionidae,Pterocaesio,trilineata,37346051,1,AD,Passing,
GX010051_L.MP4,23932,13.3089,KUA_Back_Transect 2,1.3564,,4.685,2.677,2765.033,19.036,,,-676.045,595.39,-2614.169,Kua_Back,Peter,Caesionidae,Pterocaesio,trilineata,37346051,1,AD,Passing,
GX010051_L.MP4,23932,13.3089,KUA_Back_Transect 2,1.3564,,5.077,3.953,2995.774,25.547,,,-1074.154,716.282,-2703.294,Kua_Back,Peter,Caesionidae,Pterocaesio,trilineata,37346051,1,AD,Passing,
GX010051_L.MP4,23962,13.3255,KUA_Back_Transect 2,1.373,,8.931,5.178,4158.421,30.662,,,1978.177,762.179,-3577.48,Kua_Back,Peter,Scaridae,Chlorurus,spilurus,temp_code_002,1,AD,Passing,
GX010051_L.MP4,23993,13.3428,KUA_Back_Transect 2,1.3903,108.639,7.569,3.313,2643.116,19.163,57.015,39.568,-797.491,341.749,-2496.653,Kua_Back,Peter,Caesionidae,Pterocaesio,trilineata,37346051,1,AD,Passing,
GX010051_L.MP4,23993,13.3428,KUA_Back_Transect 2,1.3903,,12.697,3.253,4636.152,19.352,,,-27.192,-1538.611,-4373.31,Kua_Back,Peter,Lutjanidae,Lutjanus,monostigma,37346045,1,AD,Passing,
GX010051_L.MP4,23993,13.3428,KUA_Back_Transect 2,1.3903,,5.115,1.092,2967.363,23.818,,,-956.847,719.786,-2715.068,Kua_Back,Peter,Caesionidae,Pterocaesio,trilineata,37346051,1,AD,Passing,
GX010051_L.MP4,23993,13.3428,KUA_Back_Transect 2,1.3903,,4.416,3.906,2772.545,24.261,,,-981.986,576.032,-2528.022,Kua_Back,Peter,Caesionidae,Pterocaesio,trilineata,37346051,1,AD,Passing,
GX010051_L.MP4,23993,13.3428,KUA_Back_Transect 2,1.3903,,5.463,4.424,3103.596,26.702,,,-1055.403,909.958,-2773.158,Kua_Back,Peter,Caesionidae,Pterocaesio,trilineata,37346051,1,AD,Passing,
GX010051_L.MP4,23993,13.3428,KUA_Back_Transect 2,1.3903,,5.048,1.469,2900.553,22.833,,,-755.476,832.747,-2673.761,Kua_Back,Peter,Caesionidae,Pterocaesio,trilineata,37346051,1,AD,Passing,
GX010051_L.MP4,23993,13.3428,KUA_Back_Transect 2,1.3903,,4.085,8.454,2747.972,27.565,,,-1181.393,469.086,-2436.312,Kua_Back,Peter,Caesionidae,Pterocaesio,trilineata,37346051,1,AD,Passing,
GX010051_L.MP4,23993,13.3428,KUA_Back_Transect 2,1.3903,,7.656,1.078,3544.311,18.387,,,-588.895,948.379,-3363.914,Kua_Back,Peter,Caesionidae,Pterocaesio,trilineata,37346051,1,AD,Passing,
GX010051_L.MP4,23993,13.3428,KUA_Back_Transect 2,1.3903,,8.349,1.435,3699.353,15.323,,,-527.072,821.249,-3568.327,Kua_Back,Peter,Caesionidae,Pterocaesio,trilineata,37346051,1,AD,Passing,
GX010051_L.MP4,24099,13.4017,KUA_Back_Transect 2,1.4492,158.928,7.681,5.675,2648.061,28.283,50.041,8.475,1166.317,-462.642,-2331.929,Kua_Back,Peter,Chaetodontidae,Chaetodon,ephippium,37365037,1,AD,Passing,
GX010051_L.MP4,24118,13.4123,KUA_Back_Transect 2,1.4598,88.399,6.022,7.105,2256.889,26.14,54.055,12.202,972.244,208.322,-2026.053,Kua_Back,Peter,Pomacentridae,Stegastes,lacrymatus,temp_code_006,1,AD,Passing,
GX010051_L.MP4,24146,13.4279,KUA_Back_Transect 2,1.4754,,5.451,1.683,3106.482,29.626,,,1221.123,-932.725,-2699.835,Kua_Back,Peter,Chaetodontidae,Chaetodon,ephippium,37365037,1,AD,Passing,
GX010051_L.MP4,24146,13.4279,KUA_Back_Transect 2,1.4754,,4.355,11.627,2747.574,28.512,,,1066.47,-764.778,-2413.901,Kua_Back,Peter,Pomacentridae,Chromis,weberi,37372054,1,AD,Passing,
GX010051_L.MP4,24171,13.4418,KUA_Back_Transect 2,1.4893,72.869,5.398,10.376,2182.748,26.623,56.126,24.21,828.295,-520.282,-1951.313,Kua_Back,Peter,Pomacentridae,Stegastes,lacrymatus,temp_code_006,1,AD,Passing,
GX010051_L.MP4,24173,13.4429,KUA_Back_Transect 2,1.4904,,5.752,3.12,3022.729,11.93,,,401.863,-480.237,-2957.156,Kua_Back,Peter,Pomacentridae,Stegastes,lacrymatus,temp_code_006,1,AD,Passing,
GX010051_L.MP4,24173,13.4429,KUA_Back_Transect 2,1.4904,,5.601,0.603,3003.039,19.928,,,271.177,-988.624,-2822.646,Kua_Back,Peter,Pomacentridae,Stegastes,lacrymatus,temp_code_006,1,AD,Passing,
GX010051_L.MP4,24173,13.4429,KUA_Back_Transect 2,1.4904,,3.851,0.179,2461.308,20.866,,,349.47,-805.361,-2299.413,Kua_Back,Peter,Pomacentridae,Pomacentrus,callainus,temp_code_004,1,AD,Passing,
GX010051_L.MP4,24173,13.4429,KUA_Back_Transect 2,1.4904,,4.931,0.18,2835.015,21.139,,,50.946,-1022.656,-2643.651,Kua_Back,Peter,Pomacentridae,Pomacentrus,callainus,temp_code_004,1,AD,Passing,
GX010051_L.MP4,24185,13.4495,KUA_Back_Transect 2,1.4971,226.656,7.857,3.105,2321.166,22.012,71.578,12.58,834.648,-245.424,-2151.963,Kua_Back,Peter,Lethrinidae,Monotaxis,grandoculis,37351026,1,AD,Passing,
GX010051_L.MP4,24237,13.4785,KUA_Back_Transect 2,1.526,80.227,3.582,4.548,2339.669,23.604,15.278,4.306,585.767,731.113,-2143.922,Kua_Back,Peter,Pomacentridae,Pomacentrus,philippinus,37372123,1,AD,Passing,
GX010051_L.MP4,24237,13.4785,KUA_Back_Transect 2,1.526,89.249,8.707,2.895,4019.625,23.066,12.815,20.86,863.867,1316.765,-3698.276,Kua_Back,Peter,Pomacentridae,Neoglyphidodon,carlsoni,temp_code_008,1,AD,Passing,
GX010051_L.MP4,24237,13.4785,KUA_Back_Transect 2,1.526,60.799,4.132,1.652,2795.518,10.53,10.415,12.167,-438.59,262.031,-2748.435,Kua_Back,Peter,Pomacentridae,Chromis,ternatensis,37372051,1,AD,Passing,
GX010051_L.MP4,24237,13.4785,KUA_Back_Transect 2,1.526,59.104,4.26,0.785,3029.257,7.351,10.022,8.341,-273.316,274.838,-3004.357,Kua_Back,Peter,Pomacentridae,Chromis,weberi,37372054,1,AD,Passing,
GX010051_L.MP4,24237,13.4785,KUA_Back_Transect 2,1.526,,4.32,4.68,2637.461,24.155,,,636.65,870.103,-2407.031,Kua_Back,Peter,Pomacentridae,Pomacentrus,philippinus,37372123,1,AD,Passing,
GX010051_L.MP4,24237,13.4785,KUA_Back_Transect 2,1.526,,6.684,1.073,3298.367,21.527,,,361.2,1153.335,-3068.971,Kua_Back,Peter,Pomacentridae,Chromis,xanthura,37372057,1,AD,Passing,
GX010051_L.MP4,24237,13.4785,KUA_Back_Transect 2,1.526,,17.638,5.081,5420.502,15.918,,,392.546,1430.848,-5213.485,Kua_Back,Peter,Acanthuridae,Ctenochaetus,striatus,37437022,1,AD,Passing,
GX010051_L.MP4,24237,13.4785,KUA_Back_Transect 2,1.526,,5.332,0.453,2966.72,11.277,,,-573.344,-90.223,-2909.393,Kua_Back,Peter,Pomacentridae,Stegastes,lacrymatus,temp_code_006,1,AD,Passing,
GX010051_L.MP4,24237,13.4785,KUA_Back_Transect 2,1.526,,8.316,0.422,3776.542,11.67,,,-762.368,46.076,-3698.505,Kua_Back,Peter,Pomacentridae,Chromis,xanthura,37372057,1,AD,Passing,
GX010051_L.MP4,24237,13.4785,KUA_Back_Transect 2,1.526,,6.967,0.155,3377.931,12.904,,,-532.237,532.675,-3292.931,Kua_Back,Peter,Pomacentridae,Pomacentrus,philippinus,37372123,1,AD,Passing,
GX010051_L.MP4,24268,13.4957,KUA_Back_Transect 2,1.5432,100.472,5.494,13.929,2200.323,24.099,60.204,34.02,772.382,-458.869,-2008.553,Kua_Back,Peter,Nemipteridae,Scolopsis,bilineata,37347031,1,AD,Passing,
GX010051_L.MP4,24274,13.499,KUA_Back_Transect 2,1.5465,183.126,12.909,15.103,3184.401,27.413,66.075,8.396,1134.626,928.51,-2826.819,Kua_Back,Peter,Siganidae,Siganus,uspi,temp_code_007,1,AD,Passing,
GX010051_L.MP4,24274,13.499,KUA_Back_Transect 2,1.5465,,7.044,1.437,3552.94,30.317,,,1391.299,1129.974,-3067.708,Kua_Back,Peter,Siganidae,Siganus,uspi,temp_code_007,1,AD,Passing,
GX010051_L.MP4,24282,13.5035,KUA_Back_Transect 2,1.551,66.51,4.976,1.303,3656.227,12.565,6.711,24.924,-350.714,713.915,-3568.658,Kua_Back,Peter,Pomacentridae,Chromis,ternatensis,37372051,1,AD,Passing,
GX010051_L.MP4,24282,13.5035,KUA_Back_Transect 2,1.551,72.133,5.941,2.016,2747.782,10.964,22.76,3.36,-22.434,522.109,-2697.63,Kua_Back,Peter,Pomacentridae,Pomacentrus,philippinus,37372123,1,AD,Passing,
GX010051_L.MP4,24282,13.5035,KUA_Back_Transect 2,1.551,,3.369,0.031,2281.344,7.318,,,90.8,274.697,-2262.924,Kua_Back,Peter,Pomacentridae,Chromis,ternatensis,37372051,1,AD,Passing,
GX010051_L.MP4,24282,13.5035,KUA_Back_Transect 2,1.551,,6.245,0.217,3167.944,14.978,,,116.246,808.647,-3060.791,Kua_Back,Peter,Pomacentridae,Pomacentrus,philippinus,37372123,1,AD,Passing,
GX010051_L.MP4,24282,13.5035,KUA_Back_Transect 2,1.551,,6.404,0.669,3190.148,16.68,,,516.05,754.595,-3056.358,Kua_Back,Peter,Pomacentridae,Pomacentrus,philippinus,37372123,1,AD,Passing,
GX010051_L.MP4,24282,13.5035,KUA_Back_Transect 2,1.551,,8.723,0.484,3792.186,17.303,,,9.181,1125.723,-3621.234,Kua_Back,Peter,Pomacentridae,Pomacentrus,sp,,1,AD,Passing,
GX010051_L.MP4,24282,13.5035,KUA_Back_Transect 2,1.551,,13.869,0.045,4785.338,19.449,,,523.085,1502.404,-4513.161,Kua_Back,Peter,Pomacentridae,Pomacentrus,sp,,1,AD,Passing,
GX010051_L.MP4,24282,13.5035,KUA_Back_Transect 2,1.551,,3.459,1.328,2318.053,20.669,,,470.47,668.139,-2169.244,Kua_Back,Peter,Pomacentridae,Pomacentrus,sp,,1,AD,Passing,
GX010051_L.MP4,24282,13.5035,KUA_Back_Transect 2,1.551,,3.749,7.759,2413.91,19.484,,,392.933,701.409,-2276.092,Kua_Back,Peter,Pomacentridae,Pomacentrus,sp,,1,AD,Passing,
GX010051_L.MP4,24282,13.5035,KUA_Back_Transect 2,1.551,,5.424,17.332,2930.982,17.7,,,340.295,821.954,-2792.713,Kua_Back,Peter,Pomacentridae,Pomacentrus,sp,,1,AD,Passing,
GX010051_L.MP4,24282,13.5035,KUA_Back_Transect 2,1.551,,7.852,9.432,3566.139,16.166,,,248.171,959.351,-3425.698,Kua_Back,Peter,Pomacentridae,Pomacentrus,sp,,1,AD,Passing,
GX010051_L.MP4,24282,13.5035,KUA_Back_Transect 2,1.551,,4.458,0.771,2668.923,22.914,,,485.637,917.257,-2458.851,Kua_Back,Peter,Pomacentridae,Pomacentrus,sp,,1,AD,Passing,
GX010051_L.MP4,24282,13.5035,KUA_Back_Transect 2,1.551,,7.252,1.316,3430.069,21.572,,,523.865,1145.293,-3190.492,Kua_Back,Peter,Pomacentridae,Pomacentrus,sp,,1,AD,Passing,
GX010051_L.MP4,24282,13.5035,KUA_Back_Transect 2,1.551,,6.648,5.087,3362.213,26.99,,,1069.484,1086.636,-2996.649,Kua_Back,Peter,Pomacentridae,Neoglyphidodon,carlsoni,temp_code_008,1,AD,Passing,
GX010051_L.MP4,24282,13.5035,KUA_Back_Transect 2,1.551,,8.104,2.079,3722.74,25.936,,,1223.54,1072.246,-3348.437,Kua_Back,Peter,Pomacentridae,Pomacentrus,sp,,1,AD,Passing,
GX010051_L.MP4,24282,13.5035,KUA_Back_Transect 2,1.551,,11.848,2.714,4427.517,22.335,,,1043.021,1317.852,-4096.131,Kua_Back,Peter,Pomacentridae,Pomacentrus,sp,,1,AD,Passing,
GX010051_L.MP4,24339,13.5352,KUA_Back_Transect 2,1.5827,84.436,1.967,3.886,1516.873,20.011,23.374,16.525,323.745,-405.73,-1425.299,Kua_Back,Peter,Pomacentridae,Stegastes,lacrymatus,temp_code_006,1,AD,Passing,
GX010051_L.MP4,24374,13.5547,KUA_Back_Transect 2,1.6022,78.812,2.24,2.962,1397.384,15.289,38.078,21.496,308.613,-201.315,-1347.929,Kua_Back,Peter,Pomacentridae,Pomacentrus,callainus,temp_code_004,1,AD,Passing,
GX010051_L.MP4,24374,13.5547,KUA_Back_Transect 2,1.6022,,1.807,4.194,1632.878,16.704,,,-94.328,-460.678,-1563.704,Kua_Back,Peter,Pomacentridae,Chromis,ternatensis,37372051,1,AD,Passing,
GX010051_L.MP4,24424,13.5825,KUA_Back_Transect 2,1.63,71.292,3.672,2.381,1503.012,12.148,72.519,22.922,169.21,-267.222,-1469.355,Kua_Back,Peter,Pomacentridae,Chrysiptera,glauca,37372062,1,AD,Passing,
GX010051_L.MP4,24424,13.5825,KUA_Back_Transect 2,1.63,66.89,1.542,2.443,1297.667,20.044,24.419,33.658,421.736,-141.286,-1219.064,Kua_Back,Peter,Pomacentridae,Pomacentrus,callainus,temp_code_004,1,AD,Passing,
GX010051_L.MP4,24424,13.5825,KUA_Back_Transect 2,1.63,,3.019,1.931,2191.484,17.077,,,-591.762,-254.111,-2094.719,Kua_Back,Peter,Pomacentridae,Chromis,ternatensis,37372051,1,AD,Passing,
GX010051_L.MP4,24424,13.5825,KUA_Back_Transect 2,1.63,,2.945,1.337,2128.094,14.108,,,-367.615,-367.153,-2063.697,Kua_Back,Peter,Pomacentridae,Chromis,ternatensis,37372051,1,AD,Passing,
GX010051_L.MP4,24424,13.5825,KUA_Back_Transect 2,1.63,,15.492,1.747,5192.783,17.044,,,1474.178,375.842,-4964.931,Kua_Back,Peter,Siganidae,Siganus,doliatus,37438009,1,AD,Passing,
GX010051_L.MP4,24424,13.5825,KUA_Back_Transect 2,1.63,,11.594,0.872,4451.944,14.762,,,1115.448,203.843,-4305.117,Kua_Back,Peter,Siganidae,Siganus,doliatus,37438009,1,AD,Passing,
GX010051_L.MP4,24494,13.6214,KUA_Back_Transect 2,1.6689,188.351,8.322,5.46,3907.418,16.423,3.185,13.679,1103.982,-40.383,-3748,Kua_Back,Peter,Serranidae,Cephalopholis,sp,,1,AD,Passing,
GX010051_L.MP4,24659,13.7131,KUA_Back_Transect 2,1.7606,73.932,6.519,9.201,2028.023,19.748,71.843,8.22,356.669,585.088,-1908.753,Kua_Back,Peter,Pomacentridae,Pomacentrus,philippinus,37372123,1,AD,Passing,
GX010051_L.MP4,24659,13.7131,KUA_Back_Transect 2,1.7606,66.141,1.811,7.604,1608.643,18.017,13.751,16.8,311.153,388.254,-1529.763,Kua_Back,Peter,Pomacentridae,Chromis,ternatensis,37372051,1,AD,Passing,
GX010051_L.MP4,24659,13.7131,KUA_Back_Transect 2,1.7606,,4.119,0.069,2778.476,25.533,,,-1197.587,3.961,-2507.129,Kua_Back,Peter,Pomacentridae,Amblyglyphidodon,orbicularis,temp_code_001,1,AD,Passing,
GX010051_L.MP4,24659,13.7131,KUA_Back_Transect 2,1.7606,,3.742,4.18,2624.869,25.761,,,-1121.247,-211.783,-2363.872,Kua_Back,Peter,Pomacentridae,Pomacentrus,philippinus,37372123,1,AD,Passing,
GX010051_L.MP4,24659,13.7131,KUA_Back_Transect 2,1.7606,,3.167,8.095,2206.739,9.265,,,-167.889,311.856,-2178.131,Kua_Back,Peter,Pomacentridae,Stegastes,lacrymatus,temp_code_006,1,AD,Passing,
GX010051_L.MP4,24659,13.7131,KUA_Back_Transect 2,1.7606,,5.056,0.051,2836.539,21.162,,,523.532,878.536,-2645.759,Kua_Back,Peter,Pomacentridae,Pomacentrus,philippinus,37372123,1,AD,Passing,
GX010051_L.MP4,24659,13.7131,KUA_Back_Transect 2,1.7606,,4.075,1.318,2535.996,15.582,,,-434.812,522.983,-2443.092,Kua_Back,Peter,Pomacentridae,Pomacentrus,philippinus,37372123,1,AD,Passing,
GX010051_L.MP4,24752,13.7649,KUA_Back_Transect 2,1.8124,75.644,3.36,1.469,1737.375,16.806,35.854,10.154,-467.423,184.008,-1663.169,Kua_Back,Peter,Pomacentridae,Chromis,viridis,37372053,1,AD,Passing,
GX010051_L.MP4,24752,13.7649,KUA_Back_Transect 2,1.8124,84.895,1.312,2.838,1209.773,10.227,20.242,21.225,-207.706,-54.718,-1190.552,Kua_Back,Peter,Pomacentridae,Pomacentrus,brachialis,37372109,1,AD,Passing,
GX010051_L.MP4,24752,13.7649,KUA_Back_Transect 2,1.8124,76.135,2.464,3.889,1678.342,16.01,29.261,35.886,-449.863,-109.116,-1613.242,Kua_Back,Peter,Pomacentridae,Pomacentrus,brachialis,37372109,1,AD,Passing,
GX010051_L.MP4,24752,13.7649,KUA_Back_Transect 2,1.8124,76.538,2.322,5.057,1177.327,6.643,76.817,22.206,-104.117,-87.812,-1169.422,Kua_Back,Peter,Pomacentridae,Chromis,ternatensis,37372051,1,AD,Passing,
GX010051_L.MP4,24752,13.7649,KUA_Back_Transect 2,1.8124,81.789,4.126,0.498,1657.307,10.093,50.988,0.874,285.467,53.488,-1631.66,Kua_Back,Peter,Pomacentridae,Pomacentrus,philippinus,37372123,1,AD,Passing,
GX010051_L.MP4,24752,13.7649,KUA_Back_Transect 2,1.8124,70.442,3.775,0.591,1557.229,7.155,56.203,13.901,-168.546,95.985,-1545.103,Kua_Back,Peter,Pomacentridae,Pomacentrus,brachialis,37372109,1,AD,Passing,
GX010051_L.MP4,24752,13.7649,KUA_Back_Transect 2,1.8124,91.144,2.782,3.113,1981.893,19.216,8.795,10.976,600.35,255.141,-1871.465,Kua_Back,Peter,Pomacentridae,Stegastes,lacrymatus,temp_code_006,1,AD,Passing,
GX010051_L.MP4,24835,13.811,KUA_Back_Transect 2,1.8585,82.402,1.037,1.671,1068.25,19.51,27.877,45.971,150.809,-323.317,-1006.916,Kua_Back,Peter,Pomacentridae,Pomacentrus,brachialis,37372109,1,AD,Passing,
GX010051_L.MP4,24993,13.8989,KUA_Back_Transect 2,1.9464,105.309,5.497,4.167,3520.329,13.148,7.98,53.257,167.559,-783.012,-3428.051,Kua_Back,Peter,Acanthuridae,Acanthurus,nigrofuscus,37437014,1,AD,Passing,
GX010051_L.MP4,25018,13.9128,KUA_Back_Transect 2,1.9603,,27.699,3.337,6845.391,23.069,,,1796.419,1988.134,-6299.172,Kua_Back,Peter,Lutjanidae,Lutjanus,bohar,37346029,1,AD,Passing,
GX010051_L.MP4,25084,13.9495,KUA_Back_Transect 2,1.997,104.817,4.047,1.4,2381.163,21.16,9.999,16.549,855.451,-83.887,-2220.609,Kua_Back,Peter,Acanthuridae,Acanthurus,nigrofuscus,37437014,1,AD,Passing,
GX010051_L.MP4,33064,18.3873,KUA_Back_Transect 3,0.198,,12.137,0.43,4658.024,16.587,,,-1288.746,-330.248,-4463.996,Kua_Back,Peter,Labridae,Coris,aygula,37384090,1,AD,Passing,
GX010051_L.MP4,33110,18.4128,KUA_Back_Transect 3,0.2236,185.242,7.213,4.187,2388.311,24.767,63.604,9.775,-989.414,-148.743,-2168.632,Kua_Back,Peter,Acanthuridae,Acanthurus,lineatus,37437010,1,AD,Passing,
GX010051_L.MP4,33144,18.4317,KUA_Back_Transect 3,0.2425,72.84,2.252,11.282,1751.757,26.972,14.214,25.112,605.455,-514.482,-1561.213,Kua_Back,Peter,Pomacentridae,Neoglyphidodon,carlsoni,temp_code_008,1,AD,Passing,
GX010051_L.MP4,33185,18.4545,KUA_Back_Transect 3,0.2653,48.476,1.847,0.489,1772.093,15.197,10.259,51.78,332.899,-323.983,-1710.125,Kua_Back,Peter,Labridae,Thalassoma,hardwicke,37384165,1,AD,Passing,
GX010051_L.MP4,33240,18.4851,KUA_Back_Transect 3,0.2959,89.49,2.524,3.916,1379.354,20.561,55.235,16.047,184.531,-447.908,-1291.489,Kua_Back,Peter,Labridae,Thalassoma,hardwicke,37384165,1,AD,Passing,
GX010051_L.MP4,33265,18.499,KUA_Back_Transect 3,0.3098,80.671,2.515,5.116,2671.78,10.244,0.727,28.359,-161.298,-446.955,-2629.187,Kua_Back,Peter,Labridae,Thalassoma,hardwicke,37384165,1,AD,Passing,
GX010051_L.MP4,33305,18.5213,KUA_Back_Transect 3,0.332,112.024,5.849,8.697,1960.086,15.946,64.197,20.627,-26.908,-537.831,-1884.662,Kua_Back,Peter,Pomacentridae,Neoglyphidodon,carlsoni,temp_code_008,1,AD,Passing,
GX010051_L.MP4,33385,18.5658,KUA_Back_Transect 3,0.3765,76.14,5.395,10.414,3246.106,19.565,9.053,40.127,-1073.364,-172.011,-3058.677,Kua_Back,Peter,Labridae,Thalassoma,hardwicke,37384165,1,AD,Passing,
GX010051_L.MP4,33385,18.5658,KUA_Back_Transect 3,0.3765,,9.808,2.659,4274.176,20.202,,,-1470.728,-127.191,-4011.155,Kua_Back,Peter,Chaetodontidae,Chaetodon,citrinellus,37365036,1,AD,Passing,
GX010051_L.MP4,33385,18.5658,KUA_Back_Transect 3,0.3765,,4.322,1.944,2637.413,20.19,,,12.626,-911.611,-2474.824,Kua_Back,Peter,Pomacentridae,Pomacentrus,coelestis,37372111,1,AD,Passing,
GX010051_L.MP4,33429,18.5902,KUA_Back_Transect 3,0.401,90.941,5.835,10.538,3109.104,23.916,1.952,24.581,-1250.783,-155.576,-2842.158,Kua_Back,Peter,Labridae,Thalassoma,hardwicke,37384165,1,AD,Passing,
GX010051_L.MP4,33436,18.5941,KUA_Back_Transect 3,0.4048,85.31,5.629,3.601,2217.815,20.177,41.897,9.361,265.799,-717.328,-2081.705,Kua_Back,Peter,Labridae,Stethojulis,bandanensis,37384154,1,AD,Passing,
GX010051_L.MP4,33478,18.6175,KUA_Back_Transect 3,0.4282,69.381,2.829,2.636,1448.89,16.334,52.172,20.664,290.234,-286.015,-1390.411,Kua_Back,Peter,Pomacentridae,Pomacentrus,brachialis,37372109,1,AD,Passing,
GX010051_L.MP4,33478,18.6175,KUA_Back_Transect 3,0.4282,171.84,6.893,5.938,2837.135,19.716,32.672,35.293,835.908,-466.219,-2670.811,Kua_Back,Peter,Acanthuridae,Acanthurus,nigrofuscus,37437014,1,AD,Passing,
GX010051_L.MP4,33494,18.6264,KUA_Back_Transect 3,0.4371,164.408,4.993,7.102,2627.841,21.79,19.749,20.66,713.21,-665.517,-2440.076,Kua_Back,Peter,Acanthuridae,Ctenochaetus,striatus,37437022,1,AD,Passing,
GX010051_L.MP4,33494,18.6264,KUA_Back_Transect 3,0.4371,34.67,2.82,4.22,2686.465,18.344,5.221,16.63,255.108,-806.069,-2549.954,Kua_Back,Peter,Pomacentridae,Pomacentrus,coelestis,37372111,1,AD,Passing,
GX010051_L.MP4,33494,18.6264,KUA_Back_Transect 3,0.4371,,5.726,0.583,3038.615,21.711,,,716.494,-867.752,-2822.557,Kua_Back,Peter,Pomacentridae,Pomacentrus,coelestis,37372111,1,AD,Passing,
GX010051_L.MP4,33500,18.6297,KUA_Back_Transect 3,0.4404,87.002,1.555,9.752,1528.377,19.928,9.189,2.143,-319.603,-411.352,-1436.865,Kua_Back,Peter,Labridae,Stethojulis,bandanensis,37384154,1,AD,Passing,
GX010051_L.MP4,33549,18.657,KUA_Back_Transect 3,0.4677,237.572,21.271,3.681,3892.954,7.268,46.554,15.514,4.769,-492.446,-3861.679,Kua_Back,Peter,Siganidae,Siganus,doliatus,37438009,1,AD,Passing,
GX010051_L.MP4,33549,18.657,KUA_Back_Transect 3,0.4677,160.376,4.982,12.107,4131.138,7.922,4.064,12.11,-338.335,-457.942,-4091.714,Kua_Back,Peter,Siganidae,Siganus,doliatus,37438009,1,AD,Passing,
GX010051_L.MP4,33549,18.657,KUA_Back_Transect 3,0.4677,96.371,2.216,2.762,2437.984,5.957,0.569,27.122,212.246,137.74,-2424.819,Kua_Back,Peter,Pomacentridae,Neoglyphidodon,carlsoni,temp_code_008,1,AD,Passing,
GX010051_L.MP4,33568,18.6675,KUA_Back_Transect 3,0.4783,104.68,8.335,6.028,2736.998,13.123,35.419,3.669,156.138,-601.477,-2665.521,Kua_Back,Peter,Acanthuridae,Ctenochaetus,striatus,37437022,1,AD,Passing,
GX010051_L.MP4,33601,18.6859,KUA_Back_Transect 3,0.4966,80.747,7.601,6.576,2397.005,21.654,55.642,13.314,642.341,-608.052,-2227.847,Kua_Back,Peter,Pomacentridae,Neoglyphidodon,carlsoni,temp_code_008,1,AD,Passing,
GX010051_L.MP4,33666,18.722,KUA_Back_Transect 3,0.5328,80.673,2.511,4.814,1849.534,21.66,9.547,3.957,584.236,-353.144,-1718.934,Kua_Back,Peter,Labridae,Thalassoma,hardwicke,37384165,1,AD,Passing,
GX010051_L.MP4,33682,18.7309,KUA_Back_Transect 3,0.5417,153.713,4.149,2.609,2695.358,5.756,14.823,18.571,-94.082,253.427,-2681.767,Kua_Back,Peter,Labridae,Thalassoma,hardwicke,37384165,1,AD,Passing,
GX010051_L.MP4,33794,18.7932,KUA_Back_Transect 3,0.6039,176.052,4.196,6.239,2210.581,21.702,27.194,21.771,618.934,-533.928,-2053.901,Kua_Back,Peter,Acanthuridae,Acanthurus,lineatus,37437010,1,AD,Passing,
GX010051_L.MP4,33794,18.7932,KUA_Back_Transect 3,0.6039,96.364,3.638,3.239,2514.793,18.415,1.8,0.613,663.085,-437.517,-2386.017,Kua_Back,Peter,Pomacentridae,Neoglyphidodon,carlsoni,temp_code_008,1,AD,Passing,
GX010051_L.MP4,33810,18.8021,KUA_Back_Transect 3,0.6128,98.396,5.489,4.04,3524.915,22.602,6.046,0.76,720.039,1147.514,-3254.194,Kua_Back,Peter,Pomacentridae,Abudefduf,vaigiensis,37372013,1,AD,Passing,
GX010051_L.MP4,33810,18.8021,KUA_Back_Transect 3,0.6128,111.924,7.428,7.082,3648.487,23.894,2.006,20.164,1186.126,881.494,-3335.795,Kua_Back,Peter,Pomacentridae,Abudefduf,vaigiensis,37372013,1,AD,Passing,
GX010051_L.MP4,33810,18.8021,KUA_Back_Transect 3,0.6128,58.002,4.657,5.342,2550.779,18.444,18.64,23.966,660.413,463.796,-2419.756,Kua_Back,Peter,Pomacentridae,Chromis,viridis,37372053,1,AD,Passing,
GX010051_L.MP4,33810,18.8021,KUA_Back_Transect 3,0.6128,51.523,3.454,5.425,2802.051,16.604,3.386,26.514,440.694,668.486,-2685.22,Kua_Back,Peter,Pomacentridae,Chromis,viridis,37372053,1,AD,Passing,
GX010051_L.MP4,33810,18.8021,KUA_Back_Transect 3,0.6128,,7.433,1.129,3593.179,21.507,,,1258.303,387.814,-3343.233,Kua_Back,Peter,Pomacentridae,Abudefduf,vaigiensis,37372013,1,AD,Passing,
GX010051_L.MP4,33810,18.8021,KUA_Back_Transect 3,0.6128,,9.694,2.458,3998.475,11.02,,,633.198,425.801,-3924.991,Kua_Back,Peter,Pomacentridae,Abudefduf,vaigiensis,37372013,1,AD,Passing,
GX010051_L.MP4,33810,18.8021,KUA_Back_Transect 3,0.6128,,4.967,1.763,2847.096,19.953,,,857.635,454.988,-2676.454,Kua_Back,Peter,Pomacentridae,Chromis,viridis,37372053,1,AD,Passing,
GX010051_L.MP4,33810,18.8021,KUA_Back_Transect 3,0.6128,,7.436,3.72,3493.246,17.268,,,901.314,510.767,-3336.093,Kua_Back,Peter,Pomacentridae,Chromis,viridis,37372053,1,AD,Passing,
GX010051_L.MP4,33810,18.8021,KUA_Back_Transect 3,0.6128,,5.461,8.24,2943.547,15.733,,,614.005,508.268,-2833.572,Kua_Back,Peter,Pomacentridae,Chromis,viridis,37372053,1,AD,Passing,
GX010051_L.MP4,33810,18.8021,KUA_Back_Transect 3,0.6128,,10.168,2.334,4064.29,14.39,,,667.842,755.504,-3937.214,Kua_Back,Peter,Pomacentridae,Chromis,viridis,37372053,1,AD,Passing,
GX010051_L.MP4,33810,18.8021,KUA_Back_Transect 3,0.6128,,12.415,2.827,4527.937,11.795,,,420.655,821.881,-4432.806,Kua_Back,Peter,Pomacentridae,Chromis,viridis,37372053,1,AD,Passing,
GX010051_L.MP4,33810,18.8021,KUA_Back_Transect 3,0.6128,,7.299,8.558,3426.348,17.876,,,729.192,756.025,-3261.374,Kua_Back,Peter,Pomacentridae,Chromis,viridis,37372053,1,AD,Passing,
GX010051_L.MP4,33810,18.8021,KUA_Back_Transect 3,0.6128,,8.097,2.551,3609.779,17.781,,,490.158,985.345,-3437.928,Kua_Back,Peter,Pomacentridae,Chromis,viridis,37372053,1,AD,Passing,
GX010051_L.MP4,33810,18.8021,KUA_Back_Transect 3,0.6128,,7.026,2.224,3356.241,16.329,,,334.311,880.514,-3221.379,Kua_Back,Peter,Pomacentridae,Chromis,viridis,37372053,1,AD,Passing,
GX010051_L.MP4,33810,18.8021,KUA_Back_Transect 3,0.6128,,9.185,1.311,3849.608,16.879,,,564.74,962.442,-3684.326,Kua_Back,Peter,Pomacentridae,Chromis,viridis,37372053,1,AD,Passing,
GX010051_L.MP4,33810,18.8021,KUA_Back_Transect 3,0.6128,,5.305,4.605,2899.592,14.12,,,184.55,681.235,-2812.383,Kua_Back,Peter,Pomacentridae,Chromis,viridis,37372053,1,AD,Passing,
GX010051_L.MP4,33810,18.8021,KUA_Back_Transect 3,0.6128,,6.683,1.169,3278.602,13.499,,,184.13,740.98,-3188.459,Kua_Back,Peter,Pomacentridae,Chromis,viridis,37372053,1,AD,Passing,
GX010051_L.MP4,33810,18.8021,KUA_Back_Transect 3,0.6128,,5.665,0.253,3010.83,14.299,,,55.764,739.803,-2917.992,Kua_Back,Peter,Pomacentridae,Chromis,viridis,37372053,1,AD,Passing,
GX010051_L.MP4,33810,18.8021,KUA_Back_Transect 3,0.6128,,8.176,2.293,3657.383,16.746,,,107.667,1046.264,-3502.883,Kua_Back,Peter,Pomacentridae,Chromis,viridis,37372053,1,AD,Passing,
GX010051_L.MP4,33810,18.8021,KUA_Back_Transect 3,0.6128,,11.276,1.105,4330.833,15.631,,,14.307,1164.378,-4171.347,Kua_Back,Peter,Pomacentridae,Chromis,viridis,37372053,1,AD,Passing,
GX010051_L.MP4,33810,18.8021,KUA_Back_Transect 3,0.6128,,12.136,0.223,4501.839,18.033,,,126.936,1385.311,-4281.513,Kua_Back,Peter,Pomacentridae,Chromis,viridis,37372053,1,AD,Passing,
GX010051_L.MP4,33810,18.8021,KUA_Back_Transect 3,0.6128,,9.446,2.447,3950.044,18.385,,,150.242,1234.545,-3749.157,Kua_Back,Peter,Pomacentridae,Chromis,viridis,37372053,1,AD,Passing,
GX010051_L.MP4,33810,18.8021,KUA_Back_Transect 3,0.6128,,9.509,0.947,3984.821,19.746,,,-128.668,1337.93,-3751.291,Kua_Back,Peter,Pomacentridae,Chromis,viridis,37372053,1,AD,Passing,
GX010051_L.MP4,33813,18.8038,KUA_Back_Transect 3,0.6145,96.55,4.355,5.392,2201.786,18.905,46.067,48.634,648.06,-298.195,-2083.017,Kua_Back,Peter,Chaetodontidae,Chaetodon,baronessa,37365034,1,AD,Passing,
GX010051_L.MP4,33852,18.8255,KUA_Back_Transect 3,0.6362,85.123,7.586,8.01,2494.563,26.378,82.885,27.157,1098.827,144.833,-2234.826,Kua_Back,Peter,Pomacentridae,Chromis,viridis,37372053,1,AD,Passing,
GX010051_L.MP4,33852,18.8255,KUA_Back_Transect 3,0.6362,48.336,3.286,6.875,2107.313,27.285,8.058,23.738,964.161,59.872,-1872.852,Kua_Back,Peter,Pomacentridae,Chromis,viridis,37372053,1,AD,Passing,
GX010051_L.MP4,33852,18.8255,KUA_Back_Transect 3,0.6362,51.594,3.641,5.651,2237.822,28.023,5.884,23.115,1051.031,-27.732,-1975.452,Kua_Back,Peter,Pomacentridae,Chromis,viridis,37372053,1,AD,Passing,
GX010051_L.MP4,33852,18.8255,KUA_Back_Transect 3,0.6362,64.548,5.783,19.588,2676.405,29.86,33.461,30.623,1265.944,415.921,-2321.107,Kua_Back,Peter,Pomacentridae,Chromis,viridis,37372053,1,AD,Passing,
GX010051_L.MP4,33852,18.8255,KUA_Back_Transect 3,0.6362,58.818,3.618,4.299,2358.488,15.375,23.49,48.698,550.187,297.151,-2274.084,Kua_Back,Peter,Pomacentridae,Chromis,viridis,37372053,1,AD,Passing,
GX010051_L.MP4,33852,18.8255,KUA_Back_Transect 3,0.6362,,4.495,3.901,2665.101,14.254,,,591.384,282.842,-2583.22,Kua_Back,Peter,Pomacentridae,Chromis,viridis,37372053,1,AD,Passing,
GX010051_L.MP4,33852,18.8255,KUA_Back_Transect 3,0.6362,,4.464,1.777,2673.691,15.917,,,699.788,217.491,-2571.306,Kua_Back,Peter,Pomacentridae,Chromis,viridis,37372053,1,AD,Passing,
GX010051_L.MP4,33852,18.8255,KUA_Back_Transect 3,0.6362,,8.118,3.851,3733.418,19.335,,,1192.722,322.489,-3523.042,Kua_Back,Peter,Pomacentridae,Chromis,viridis,37372053,1,AD,Passing,
GX010051_L.MP4,33852,18.8255,KUA_Back_Transect 3,0.6362,,5.743,4.104,3096.221,20.911,,,998.808,471.21,-2892.564,Kua_Back,Peter,Pomacentridae,Chromis,viridis,37372053,1,AD,Passing,
GX010051_L.MP4,33852,18.8255,KUA_Back_Transect 3,0.6362,,7.142,2.669,3438.744,18.883,,,981.25,523.199,-3253.978,Kua_Back,Peter,Pomacentridae,Chromis,viridis,37372053,1,AD,Passing,
GX010051_L.MP4,33852,18.8255,KUA_Back_Transect 3,0.6362,,5.851,3.789,3046.954,14.417,,,543.874,527.169,-2951.308,Kua_Back,Peter,Pomacentridae,Chromis,viridis,37372053,1,AD,Passing,
GX010051_L.MP4,33852,18.8255,KUA_Back_Transect 3,0.6362,,9.047,1.939,3842.696,15.866,,,839.29,629.66,-3696.678,Kua_Back,Peter,Pomacentridae,Chromis,viridis,37372053,1,AD,Passing,
GX010051_L.MP4,33852,18.8255,KUA_Back_Transect 3,0.6362,,11.645,0.514,4372.617,13.586,,,771.173,675.931,-4250.669,Kua_Back,Peter,Pomacentridae,Chromis,viridis,37372053,1,AD,Passing,
GX010051_L.MP4,33905,18.8549,KUA_Back_Transect 3,0.6657,125.955,6.172,18.283,2354.248,29.822,53.995,5.638,966.335,-661.013,-2042.484,Kua_Back,Peter,Acanthuridae,Acanthurus,nigrofuscus,37437014,1,AD,Passing,
GX010051_L.MP4,33918,18.8622,KUA_Back_Transect 3,0.6729,78.504,5.792,0.77,2214.904,17.114,50.006,30.267,-529.681,379.834,-2116.829,Kua_Back,Peter,Pomacentridae,Chromis,viridis,37372053,1,AD,Passing,
GX010051_L.MP4,33918,18.8622,KUA_Back_Transect 3,0.6729,63.89,2.791,0.223,2857.271,13.427,2.91,22.157,145.143,647.431,-2779.166,Kua_Back,Peter,Pomacentridae,Chromis,viridis,37372053,1,AD,Passing,
GX010051_L.MP4,33918,18.8622,KUA_Back_Transect 3,0.6729,66.116,5.887,1.225,3219.717,14.748,15.841,25.444,293.291,765.363,-3113.644,Kua_Back,Peter,Pomacentridae,Chromis,viridis,37372053,1,AD,Passing,
GX010051_L.MP4,33918,18.8622,KUA_Back_Transect 3,0.6729,124.023,8.671,7.521,2434.37,23.255,81.692,13.117,859.147,430.918,-2236.59,Kua_Back,Peter,Pomacentridae,Abudefduf,vaigiensis,37372013,1,AD,Passing,
GX010051_L.MP4,33918,18.8622,KUA_Back_Transect 3,0.6729,,4.62,3.201,2737.624,18.548,,,-636.36,592.953,-2595.773,Kua_Back,Peter,Pomacentridae,Chromis,viridis,37372053,1,AD,Passing,
GX010051_L.MP4,33918,18.8622,KUA_Back_Transect 3,0.6729,,8.571,2.511,3717.678,14.471,,,448.396,811.509,-3600.212,Kua_Back,Peter,Pomacentridae,Chromis,viridis,37372053,1,AD,Passing,
GX010051_L.MP4,33918,18.8622,KUA_Back_Transect 3,0.6729,,8.719,0.534,3751.706,13.848,,,492.702,748.579,-3643.099,Kua_Back,Peter,Pomacentridae,Chromis,viridis,37372053,1,AD,Passing,
GX010051_L.MP4,33918,18.8622,KUA_Back_Transect 3,0.6729,,5.857,0.356,3049.639,12.546,,,329.741,572.833,-2977.151,Kua_Back,Peter,Pomacentridae,Chromis,viridis,37372053,1,AD,Passing,
GX010051_L.MP4,33918,18.8622,KUA_Back_Transect 3,0.6729,,6.326,0.415,3174.027,15.087,,,579.301,587.233,-3064.966,Kua_Back,Peter,Pomacentridae,Chromis,viridis,37372053,1,AD,Passing,
GX010051_L.MP4,33918,18.8622,KUA_Back_Transect 3,0.6729,,5.598,2.761,3119.37,23.368,,,1176.046,382.64,-2863.734,Kua_Back,Peter,Pomacentridae,Abudefduf,vaigiensis,37372013,1,AD,Passing,
GX010051_L.MP4,33967,18.8894,KUA_Back_Transect 3,0.7001,216.388,5.627,4.04,2016.42,23.442,73.339,12.3,-799.571,64.695,-1849.986,Kua_Back,Peter,Labridae,Thalassoma,hardwicke,37384165,1,AD,Passing,
GX010051_L.MP4,33967,18.8894,KUA_Back_Transect 3,0.7001,113.998,5.463,4.306,2000.06,17.583,50.703,8.906,538.225,-274.515,-1906.619,Kua_Back,Peter,Acanthuridae,Acanthurus,nigrofuscus,37437014,1,AD,Passing,
GX010051_L.MP4,33967,18.8894,KUA_Back_Transect 3,0.7001,73.98,2.42,3.452,1987.882,17.59,14.787,20.54,-232.166,554.087,-1894.931,Kua_Back,Peter,Pomacentridae,Chromis,viridis,37372053,1,AD,Passing,
GX010051_L.MP4,33967,18.8894,KUA_Back_Transect 3,0.7001,69.036,4.081,19.119,2308.589,17.988,23.439,12.277,-267.766,660.753,-2195.743,Kua_Back,Peter,Pomacentridae,Chromis,viridis,37372053,1,AD,Passing,
GX010051_L.MP4,33967,18.8894,KUA_Back_Transect 3,0.7001,63.838,3.751,3.758,2595.012,11.841,14.303,28.568,236.36,477.15,-2539.793,Kua_Back,Peter,Pomacentridae,Chromis,viridis,37372053,1,AD,Passing,
GX010051_L.MP4,33967,18.8894,KUA_Back_Transect 3,0.7001,,5.842,1.914,3065.158,9.143,,,199.725,-445.981,-3025.955,Kua_Back,Peter,Chaetodontidae,Chaetodon,citrinellus,37365036,1,AD,Passing,
GX010051_L.MP4,33967,18.8894,KUA_Back_Transect 3,0.7001,,5.082,1.717,2855.866,7.831,,,46.009,-388.034,-2829.008,Kua_Back,Peter,Acanthuridae,Acanthurus,sp,,1,AD,Passing,
GX010051_L.MP4,33967,18.8894,KUA_Back_Transect 3,0.7001,,4.663,4.642,2721.519,16.858,,,-273.607,738.772,-2604.999,Kua_Back,Peter,Pomacentridae,Chromis,viridis,37372053,1,AD,Passing,
GX010051_L.MP4,33967,18.8894,KUA_Back_Transect 3,0.7001,,4.244,0.918,2598.636,19.176,,,-287.681,802.188,-2454.922,Kua_Back,Peter,Pomacentridae,Chromis,viridis,37372053,1,AD,Passing,
GX010051_L.MP4,33967,18.8894,KUA_Back_Transect 3,0.7001,,6.597,1.344,3284.32,19.901,,,-382.862,1048.547,-3088.806,Kua_Back,Peter,Pomacentridae,Chromis,viridis,37372053,1,AD,Passing,
GX010051_L.MP4,33967,18.8894,KUA_Back_Transect 3,0.7001,,4.957,2.105,2819.361,18.566,,,41.042,895.185,-2673.155,Kua_Back,Peter,Pomacentridae,Chromis,viridis,37372053,1,AD,Passing,
GX010051_L.MP4,33967,18.8894,KUA_Back_Transect 3,0.7001,,4.861,3.898,2798.322,19.47,,,-47.033,929.996,-2638.845,Kua_Back,Peter,Pomacentridae,Chromis,viridis,37372053,1,AD,Passing,
GX010051_L.MP4,33967,18.8894,KUA_Back_Transect 3,0.7001,,5.554,0.016,2974.646,16.196,,,183.825,807.424,-2857.061,Kua_Back,Peter,Pomacentridae,Chromis,viridis,37372053,1,AD,Passing,
GX010051_L.MP4,33967,18.8894,KUA_Back_Transect 3,0.7001,,6.313,5.127,3169.253,14.086,,,358.81,681.001,-3074.355,Kua_Back,Peter,Pomacentridae,Chromis,viridis,37372053,1,AD,Passing,
GX010051_L.MP4,33967,18.8894,KUA_Back_Transect 3,0.7001,,4.418,6.347,2629.069,18.19,,,368.486,731.864,-2498.119,Kua_Back,Peter,Pomacentridae,Chromis,viridis,37372053,1,AD,Passing,
GX010051_L.MP4,33967,18.8894,KUA_Back_Transect 3,0.7001,,3.183,1.931,2206.785,18.481,,,418.153,559.587,-2093.301,Kua_Back,Peter,Pomacentridae,Chromis,viridis,37372053,1,AD,Passing,
GX010051_L.MP4,33967,18.8894,KUA_Back_Transect 3,0.7001,,3.789,0.807,2420.938,17.852,,,469.417,573.521,-2304.705,Kua_Back,Peter,Pomacentridae,Chromis,viridis,37372053,1,AD,Passing,
GX010051_L.MP4,33967,18.8894,KUA_Back_Transect 3,0.7001,,3.484,0.723,2322.236,19.686,,,484.166,613.151,-2186.872,Kua_Back,Peter,Pomacentridae,Chromis,viridis,37372053,1,AD,Passing,
GX010051_L.MP4,33967,18.8894,KUA_Back_Transect 3,0.7001,,5.188,6.284,2865.61,18.267,,,333.215,832.528,-2721.688,Kua_Back,Peter,Pomacentridae,Chromis,viridis,37372053,1,AD,Passing,
GX010051_L.MP4,33967,18.8894,KUA_Back_Transect 3,0.7001,,4.067,0.335,2577.34,24.847,,,794.974,734.054,-2339.201,Kua_Back,Peter,Pomacentridae,Chromis,viridis,37372053,1,AD,Passing,
GX010051_L.MP4,33967,18.8894,KUA_Back_Transect 3,0.7001,,2.68,0.648,2063.574,24.055,,,698.453,467.626,-1884.63,Kua_Back,Peter,Pomacentridae,Chromis,viridis,37372053,1,AD,Passing,
GX010051_L.MP4,33986,18.9,KUA_Back_Transect 3,0.7107,74.546,2.275,2.41,1736.113,15.561,15.713,3.372,-381.049,-267.776,-1672.479,Kua_Back,Peter,Acanthuridae,Ctenochaetus,striatus,37437022,1,AD,Passing,
GX010051_L.MP4,34103,18.9651,KUA_Back_Transect 3,0.7758,132.027,8.843,8.513,2393.035,20.233,76.347,11.379,-529.238,-636.254,-2245.374,Kua_Back,Peter,Acanthuridae,Ctenochaetus,striatus,37437022,1,AD,Passing,
GX010051_L.MP4,34167,19.0006,KUA_Back_Transect 3,0.8114,173.225,8.117,8.763,2640.772,28.377,66.298,21.265,1137.305,-530.824,-2323.455,Kua_Back,Peter,Acanthuridae,Acanthurus,nigrofuscus,37437014,1,AD,Passing,
GX010051_L.MP4,34208,19.0234,KUA_Back_Transect 3,0.8342,162.295,14.567,6.124,4059.461,24.786,32.76,12.649,-1700.42,70.255,-3685.493,Kua_Back,Peter,Acanthuridae,Acanthurus,nigrofuscus,37437014,1,AD,Passing,
GX010051_L.MP4,34208,19.0234,KUA_Back_Transect 3,0.8342,,8.162,0.264,3964.839,24.52,,,-1611.568,330.04,-3607.474,Kua_Back,Peter,Acanthuridae,Acanthurus,nigrofuscus,37437014,1,AD,Passing,
GX010051_L.MP4,34233,19.0374,KUA_Back_Transect 3,0.8481,134.141,11.806,8.401,3079.866,29.234,74.563,0.994,1365.266,-631.218,-2687.599,Kua_Back,Peter,Pomacentridae,Abudefduf,vaigiensis,37372013,1,AD,Passing,
GX010051_L.MP4,34276,19.0613,KUA_Back_Transect 3,0.872,110.123,4.509,0.367,2695.359,9.725,16.854,20.395,-224.85,-395.909,-2656.625,Kua_Back,Peter,Pomacentridae,Neoglyphidodon,carlsoni,temp_code_008,1,AD,Passing,
GX010051_L.MP4,34355,19.1052,KUA_Back_Transect 3,0.9159,97.234,2.017,8.76,1209.482,18.837,60.364,22.347,-226.81,-317.89,-1144.705,Kua_Back,Peter,Pomacentridae,Chromis,weberi,37372054,1,AD,Passing,
GX010051_L.MP4,34369,19.113,KUA_Back_Transect 3,0.9237,182.902,7.99,4.466,2671.724,13.445,36.384,8.123,-441.658,-436.863,-2598.499,Kua_Back,Peter,Acanthuridae,Acanthurus,lineatus,37437010,1,AD,Passing,
GX010051_L.MP4,34369,19.113,KUA_Back_Transect 3,0.9237,,2.413,3.249,2044.781,25.975,,,-880.395,163.091,-1838.323,Kua_Back,Peter,Pomacentridae,Stegastes,lacrymatus,temp_code_006,1,AD,Passing,
GX010051_L.MP4,34537,19.2064,KUA_Back_Transect 3,1.0171,191.727,10.501,3.129,2722.383,15.821,55.97,22.018,23.309,-741.839,-2619.256,Kua_Back,Peter,Acanthuridae,Acanthurus,lineatus,37437010,1,AD,Passing,
GX010051_L.MP4,34580,19.2303,KUA_Back_Transect 3,1.041,81.333,5.748,6.024,2336.239,18.016,36.198,14.011,-661.928,-289.684,-2221.699,Kua_Back,Peter,Labridae,Thalassoma,hardwicke,37384165,1,AD,Passing,
GX010051_L.MP4,34616,19.2503,KUA_Back_Transect 3,1.0611,92.159,3.107,0.667,1942.874,17.775,24.521,32.213,574.01,-149.346,-1850.127,Kua_Back,Peter,Pomacentridae,Neoglyphidodon,carlsoni,temp_code_008,1,AD,Passing,
GX010051_L.MP4,34674,19.2826,KUA_Back_Transect 3,1.0933,108.685,3.427,10,1684.913,25.509,53.225,16,484.398,-540.237,-1520.669,Kua_Back,Peter,Pomacentridae,Pomacentrus,sp,,1,AD,Passing,
GX010051_L.MP4,34794,19.3493,KUA_Back_Transect 3,1.16,,3.785,2.915,2472.118,23.961,,,739.776,-680.044,-2258.68,Kua_Back,Peter,Pomacentridae,Pomacentrus,coelestis,37372111,1,AD,Passing,
GX010051_L.MP4,34794,19.3493,KUA_Back_Transect 3,1.16,,3.717,1.366,2418.439,21.22,,,605.284,-633.653,-2254.099,Kua_Back,Peter,Pomacentridae,Pomacentrus,coelestis,37372111,1,AD,Passing,
GX010051_L.MP4,34814,19.3605,KUA_Back_Transect 3,1.1712,104.169,5.687,3.064,2287.085,13.585,34.158,11.666,398.037,-360.777,-2223.098,Kua_Back,Peter,Labridae,Thalassoma,hardwicke,37384165,1,AD,Passing,
GX010051_L.MP4,34847,19.3788,KUA_Back_Transect 3,1.1895,65.765,1.227,8.925,1446.239,21,9.262,8.032,-164.809,-491.393,-1350.177,Kua_Back,Peter,Labridae,Thalassoma,hardwicke,37384165,1,AD,Passing,
GX010051_L.MP4,34851,19.381,KUA_Back_Transect 3,1.1917,,5.519,1.703,2972.049,15.645,,,100.257,-796.886,-2861.467,Kua_Back,Peter,Pomacentridae,Pomacentrus,coelestis,37372111,1,AD,Passing,
GX010051_L.MP4,34896,19.4061,KUA_Back_Transect 3,1.2168,109.9,2.749,7.64,2538.679,14.737,6.885,7.543,263.805,-589.441,-2455.17,Kua_Back,Peter,Labridae,Stethojulis,trilineata,37384157,1,AD,Passing,
GX010051_L.MP4,34971,19.4478,KUA_Back_Transect 3,1.2585,109.703,1.964,5.644,1362.614,20.238,36.44,0.487,-165.192,-441.458,-1278.493,Kua_Back,Peter,Acanthuridae,Ctenochaetus,striatus,37437022,1,AD,Passing,
GX010051_L.MP4,34981,19.4533,KUA_Back_Transect 3,1.264,76.197,1.626,2.595,1332.72,14.881,29.221,34.066,151.01,-307.152,-1288.02,Kua_Back,Peter,Acanthuridae,Acanthurus,nigrofuscus,37437014,1,AD,Passing,
GX010051_L.MP4,35071,19.5034,KUA_Back_Transect 3,1.3141,125.58,6.328,2.834,2126.022,7.345,44.423,2.749,233.639,-138.885,-2108.577,Kua_Back,Peter,Acanthuridae,Ctenochaetus,striatus,37437022,1,AD,Passing,
GX010051_L.MP4,35174,19.5607,KUA_Back_Transect 3,1.3714,96.786,2.557,4.357,1475.273,12.816,36.773,0.124,-228.845,-233.919,-1438.521,Kua_Back,Peter,Labridae,Halichoeres,margaritaceus,37384113,1,J,Passing,
GX010051_L.MP4,35192,19.5707,KUA_Back_Transect 3,1.3814,147.175,1.021,9.582,1184.961,17.501,6.095,3.581,-204.697,-291.685,-1130.112,Kua_Back,Peter,Mullidae,Parupeneus,cyclostomus,37355025,1,AD,Passing,
GX010051_L.MP4,35247,19.6012,KUA_Back_Transect 3,1.412,,5.45,3.274,2998.609,15.262,,,-685.264,-393.433,-2892.625,Kua_Back,Peter,Labridae,Hemigymnus,melapterus,37384125,1,AD,Passing,
GX010051_L.MP4,35247,19.6012,KUA_Back_Transect 3,1.412,,4.644,0.804,2750.812,15.086,,,-625.445,-349.955,-2655.808,Kua_Back,Peter,Acanthuridae,Ctenochaetus,binotatus,37437021,1,AD,Passing,
GX010051_L.MP4,35247,19.6012,KUA_Back_Transect 3,1.412,,4.008,1.085,2677.514,23.744,,,-1043.639,-271.851,-2450.713,Kua_Back,Peter,Acanthuridae,Acanthurus,nigrofuscus,37437014,1,AD,Passing,
GX010051_L.MP4,35273,19.6157,KUA_Back_Transect 3,1.4264,,5.377,0.433,3069.457,22.731,,,1171.933,180.893,-2831.151,Kua_Back,Peter,Chaetodontidae,Chaetodon,baronessa,37365034,1,AD,Passing,
GX010051_L.MP4,35301,19.6313,KUA_Back_Transect 3,1.442,102.854,7.774,6.54,2356.796,23.772,77.098,14.589,937.704,-152.555,-2156.832,Kua_Back,Peter,Chaetodontidae,Chaetodon,baronessa,37365034,1,AD,Passing,
GX010051_L.MP4,35381,19.6758,KUA_Back_Transect 3,1.4865,,3.761,1.376,2436.468,16.44,,,652.435,-224.569,-2336.723,Kua_Back,Peter,Acanthuridae,Acanthurus,sp,,1,AD,Passing,
GX010051_L.MP4,35693,19.8493,KUA_Back_Transect 3,1.66,59.884,2.971,0.136,2034.234,11.351,19.3,2.401,-59.318,-395.94,-1994.447,Kua_Back,Peter,Chaetodontidae,Chaetodon,citrinellus,37365036,1,AD,Passing,
GX010051_L.MP4,35732,19.871,KUA_Back_Transect 3,1.6817,,4.213,8.68,2718.354,29.101,,,1107.607,-723.234,-2374.782,Kua_Back,Peter,Pomacentridae,Pomacentrus,coelestis,37372111,1,AD,Passing,
GX010051_L.MP4,35766,19.8899,KUA_Back_Transect 3,1.7006,128.019,4.899,16.09,1892.077,26.98,76.142,9.697,634.404,-578.258,-1686.151,Kua_Back,Peter,Labridae,Thalassoma,hardwicke,37384165,1,AD,Passing,
GX010051_L.MP4,35963,19.9994,KUA_Back_Transect 3,1.8101,136.816,3.402,0.714,2547.61,12.423,11.481,33.688,-422.294,-349.314,-2487.964,Kua_Back,Peter,Labridae,Thalassoma,hardwicke,37384165,1,AD,Passing,
GX010051_L.MP4,36101,20.0762,KUA_Back_Transect 3,1.8869,106.337,2.063,4.901,1653.51,22.373,14.205,16.477,476.065,-411.693,-1529.041,Kua_Back,Peter,Acanthuridae,Ctenochaetus,striatus,37437022,1,AD,Passing,
GX010051_L.MP4,36168,20.1134,KUA_Back_Transect 3,1.9241,89.071,1.793,7.978,1700.973,20.355,11.557,32.683,-232.282,-544.149,-1594.759,Kua_Back,Peter,Acanthuridae,Ctenochaetus,striatus,37437022,1,AD,Passing,
GX010051_L.MP4,36266,20.1679,KUA_Back_Transect 3,1.9786,,4.624,6.174,2729.437,19.849,,,-360.227,-855.392,-2566.781,Kua_Back,Peter,Pomacentridae,Neoglyphidodon,carlsoni,temp_code_008,1,AD,Passing,
GX010051_L.MP4,36443,20.2664,KUA_Back_Transect 3,2.0771,,10.037,5.327,4135.577,8.898,,,-563.152,-305.725,-4085.632,Kua_Back,Peter,Siganidae,Siganus,doliatus,37438009,1,AD,Passing,
GX010051_L.MP4,36443,20.2664,KUA_Back_Transect 3,2.0771,,9.541,0.847,4021.926,5.528,,,345.522,-177.588,-4003.12,Kua_Back,Peter,Siganidae,Siganus,doliatus,37438009,1,AD,Passing,
GX010051_L.MP4,36463,20.2775,KUA_Back_Transect 3,2.0882,130.329,4.524,6.441,1834.031,20.359,64.94,29.957,-174.894,-613.622,-1719.462,Kua_Back,Peter,Acanthuridae,Acanthurus,nigrofuscus,37437014,1,AD,Passing,
GX010051_L.MP4,36463,20.2775,KUA_Back_Transect 3,2.0882,,2.483,6.479,1977.337,23.124,,,-318.654,-709.222,-1818.055,Kua_Back,Peter,Pomacentridae,Pomacentrus,coelestis,37372111,1,AD,Passing,
GX010051_L.MP4,36463,20.2775,KUA_Back_Transect 3,2.0882,,3.429,0.749,2305.571,13.804,,,-80.615,-545.491,-2238.66,Kua_Back,Peter,Pomacentridae,Pomacentrus,coelestis,37372111,1,AD,Passing,
GX010051_L.MP4,36497,20.2964,KUA_Back_Transect 3,2.1071,89.337,2.406,4.228,1777.296,16.437,12.564,8.452,-501.789,33.515,-1704.66,Kua_Back,Peter,Labridae,Thalassoma,hardwicke,37384165,1,AD,Passing,
GX010051_L.MP4,36529,20.3142,KUA_Back_Transect 3,2.1249,103.516,1.76,7.22,1671.36,10.898,12.328,5.311,-156.367,-274.577,-1641.219,Kua_Back,Peter,Labridae,Stethojulis,bandanensis,37384154,1,AD,Passing,
GX010051_L.MP4,36529,20.3142,KUA_Back_Transect 3,2.1249,,1.553,4.506,1489.471,11.878,,,20.312,-306.75,-1457.4,Kua_Back,Peter,Pomacentridae,Pomacentrus,coelestis,37372111,1,AD,Passing,
GX010051_L.MP4,36529,20.3142,KUA_Back_Transect 3,2.1249,,2.273,2.045,1838.295,8.685,,,-97.523,-260.951,-1817.064,Kua_Back,Peter,Pomacentridae,Pomacentrus,coelestis,37372111,1,AD,Passing,
GX010051_L.MP4,36552,20.327,KUA_Back_Transect 3,2.1377,96.51,1.121,4.479,1394.66,8.778,4.678,15.583,70.341,-200.882,-1378.324,Kua_Back,Peter,Scaridae,Scarus,niger,37386021,1,AD,Passing,
GX010051_L.MP4,36615,20.362,KUA_Back_Transect 3,2.1727,119.423,3.764,3.897,1638.396,22.146,63.124,14.88,353.691,-506.327,-1517.523,Kua_Back,Peter,Scaridae,Scarus,niger,37386021,1,AD,Passing,
GX010051_L.MP4,36615,20.362,KUA_Back_Transect 3,2.1727,249.082,14.734,10.149,4130.994,10.383,27.599,21.702,-348.103,-658.127,-4063.349,Kua_Back,Peter,Scaridae,Chlorurus,spilurus,temp_code_002,1,AD,Passing,
GX010051_L.MP4,43841,24.3805,KUA_Back_Transect 4,0.1969,84.657,4.495,11.851,2379.967,21.392,17.621,15.273,867.867,19.833,-2216,Kua_Back,Peter,Labridae,Thalassoma,hardwicke,37384165,1,AD,Passing,
GX010051_L.MP4,44014,24.4767,KUA_Back_Transect 4,0.2931,93.343,3.417,6.207,2257.536,11.489,18.974,24.904,76.213,-443.155,-2212.301,Kua_Back,Peter,Acanthuridae,Acanthurus,nigrofuscus,37437014,1,AD,Passing,
GX010051_L.MP4,44028,24.4845,KUA_Back_Transect 4,0.3009,127.309,4.762,4.423,2087.464,24.936,41.641,9.334,798.871,-369.273,-1892.868,Kua_Back,Peter,Acanthuridae,Acanthurus,nigrofuscus,37437014,1,AD,Passing,
GX010051_L.MP4,44060,24.5023,KUA_Back_Transect 4,0.3187,,3.803,0.545,2437.088,12.097,,,-156.245,-487.624,-2382.689,Kua_Back,Peter,Pomacentridae,Neoglyphidodon,carlsoni,temp_code_008,1,AD,Passing,
GX010051_L.MP4,44070,24.5078,KUA_Back_Transect 4,0.3242,,5.347,0.63,3206.08,30.217,,,1561.297,405.72,-2770.684,Kua_Back,Peter,Pomacentridae,Pomacentrus,philippinus,37372123,1,AD,Passing,
GX010051_L.MP4,44070,24.5078,KUA_Back_Transect 4,0.3242,,5.825,0.45,3318.391,28.134,,,1529.906,326.594,-2926.507,Kua_Back,Peter,Scaridae,Scarus,sp,,1,AD,Passing,
GX010051_L.MP4,44070,24.5078,KUA_Back_Transect 4,0.3242,,8.087,3.718,4058.862,30.396,,,2048.049,150.301,-3501.038,Kua_Back,Peter,Pomacentridae,Pomacentrus,sp,,1,AD,Passing,
GX010051_L.MP4,44099,24.5239,KUA_Back_Transect 4,0.3403,68.298,6.593,5.927,2689.835,23.638,55.787,46.275,1044.502,268.61,-2464.159,Kua_Back,Peter,Pomacentridae,Neoglyphidodon,carlsoni,temp_code_008,1,AD,Passing,
GX010051_L.MP4,44142,24.5479,KUA_Back_Transect 4,0.3643,,3.979,2.246,2685.7,24.207,,,-1085.492,184.117,-2449.651,Kua_Back,Peter,Pomacentridae,Neoglyphidodon,carlsoni,temp_code_008,1,AD,Passing,
GX010051_L.MP4,44149,24.5517,KUA_Back_Transect 4,0.3681,,4.911,12.281,3014.603,30.521,,,1388.294,643.841,-2597.295,Kua_Back,Peter,Pomacentridae,Pomacentrus,sp,,1,AD,Passing,
GX010051_L.MP4,44149,24.5517,KUA_Back_Transect 4,0.3681,,5.92,3.788,3155.887,24.363,,,1049.402,768.719,-2875.317,Kua_Back,Peter,Pomacentridae,Pomacentrus,sp,,1,AD,Passing,
GX010051_L.MP4,44149,24.5517,KUA_Back_Transect 4,0.3681,,12.359,0.969,4572.826,20.458,,,1346.793,858.185,-4284.905,Kua_Back,Peter,Pomacentridae,Pomacentrus,sp,,1,AD,Passing,
GX010051_L.MP4,44149,24.5517,KUA_Back_Transect 4,0.3681,,4.831,0.889,2754.619,12.775,,,248.946,554.356,-2686.753,Kua_Back,Peter,Pomacentridae,Neoglyphidodon,carlsoni,temp_code_008,1,AD,Passing,
GX010051_L.MP4,44149,24.5517,KUA_Back_Transect 4,0.3681,,8.027,0.059,3604.81,12.626,,,301.762,725.833,-3518.062,Kua_Back,Peter,Pomacentridae,Pomacentrus,sp,,1,AD,Passing,
GX010051_L.MP4,44149,24.5517,KUA_Back_Transect 4,0.3681,,4.987,1.029,2825.42,13.525,,,-449.371,482.872,-2747.344,Kua_Back,Peter,Pomacentridae,Pomacentrus,spilotoceps,temp_code_012,1,AD,Passing,
GX010051_L.MP4,44184,24.5712,KUA_Back_Transect 4,0.3876,36.951,3.033,1.861,1801.377,20.177,25.232,4.932,547.357,-294.064,-1690.824,Kua_Back,Peter,Pomacentridae,Pomacentrus,coelestis,37372111,1,AD,Passing,
GX010051_L.MP4,44233,24.5985,KUA_Back_Transect 4,0.4149,97.217,2.698,1.271,1515.892,15.433,37.885,14.563,352.044,-196.942,-1461.235,Kua_Back,Peter,Acanthuridae,Acanthurus,nigrofuscus,37437014,1,AD,Passing,
GX010051_L.MP4,44326,24.6502,KUA_Back_Transect 4,0.4666,,3.296,1.208,2331.529,23.942,,,860.566,-394.509,-2130.684,Kua_Back,Peter,Pomacentridae,Pomacentrus,coelestis,37372111,1,AD,Passing,
GX010051_L.MP4,44326,24.6502,KUA_Back_Transect 4,0.4666,,3.762,2.907,2468.631,20.898,,,803.877,-360.757,-2306.031,Kua_Back,Peter,Pomacentridae,Pomacentrus,coelestis,37372111,1,AD,Passing,
GX010051_L.MP4,44326,24.6502,KUA_Back_Transect 4,0.4666,,2.186,1.123,1794.61,16.377,,,314.405,-397.494,-1721.562,Kua_Back,Peter,Pomacentridae,Pomacentrus,coelestis,37372111,1,AD,Passing,
GX010051_L.MP4,44370,24.6746,KUA_Back_Transect 4,0.491,81.542,5.063,7.286,2242.508,18.798,32.388,12.964,588.114,-419.874,-2122.892,Kua_Back,Peter,Acanthuridae,Acanthurus,nigrofuscus,37437014,1,AD,Passing,
GX010051_L.MP4,44383,24.6819,KUA_Back_Transect 4,0.4983,92.117,4.229,1.168,1948.274,17.297,39.91,20.245,-568.147,-112.981,-1860.166,Kua_Back,Peter,Pomacentridae,Neoglyphidodon,carlsoni,temp_code_008,1,AD,Passing,
GX010051_L.MP4,44425,24.7052,KUA_Back_Transect 4,0.5216,86.271,4.07,1.322,1799.748,9.182,39.091,3.742,199.754,-206.349,-1776.685,Kua_Back,Peter,Pomacentridae,Plectroglyphidodon,dickii,37372098,1,AD,Passing,
GX010051_L.MP4,44454,24.7214,KUA_Back_Transect 4,0.5378,106.866,2.686,3.053,1542.574,14.776,34.195,0.276,-364.267,-148.619,-1491.561,Kua_Back,Peter,Labridae,Thalassoma,hardwicke,37384165,1,AD,Passing,
GX010051_L.MP4,44559,24.7798,KUA_Back_Transect 4,0.5962,,4.472,1.475,2676.882,6.616,,,-209.108,-228.233,-2658.925,Kua_Back,Peter,Pomacentridae,Pomacentrus,spilotoceps,temp_code_012,1,AD,Passing,
GX010051_L.MP4,44651,24.8309,KUA_Back_Transect 4,0.6473,98.479,8.18,4.56,2202.135,16.899,78.166,6.113,580.826,-269.04,-2107.049,Kua_Back,Peter,Acanthuridae,Ctenochaetus,striatus,37437022,1,AD,Passing,
GX010051_L.MP4,44702,24.8593,KUA_Back_Transect 4,0.6757,26.562,2.511,4.154,1595.684,20.628,34.61,7.09,-59.511,-559.002,-1493.38,Kua_Back,Peter,Pomacentridae,Pomacentrus,coelestis,37372111,1,AD,Passing,
GX010051_L.MP4,44702,24.8593,KUA_Back_Transect 4,0.6757,,2.065,0.873,1757.581,17.664,,,81.015,-528.093,-1674.409,Kua_Back,Peter,Pomacentridae,Pomacentrus,coelestis,37372111,1,AD,Passing,
GX010051_L.MP4,44742,24.8815,KUA_Back_Transect 4,0.6979,171.764,16.02,8.067,3572.271,23.855,74.349,27.209,1444.506,23.595,-3267.103,Kua_Back,Peter,Acanthuridae,Acanthurus,nigrofuscus,37437014,1,AD,Passing,
GX010051_L.MP4,44742,24.8815,KUA_Back_Transect 4,0.6979,,7.958,0.71,3785.168,22.074,,,1420.107,80.348,-3507.754,Kua_Back,Peter,Acanthuridae,Acanthurus,lineatus,37437010,1,AD,Passing,
GX010051_L.MP4,44787,24.9065,KUA_Back_Transect 4,0.7229,163.122,3.171,6.333,1788.597,12.03,27.794,4.39,-349.4,-129.994,-1749.314,Kua_Back,Peter,Acanthuridae,Acanthurus,nigrofuscus,37437014,1,AD,Passing,
GX010051_L.MP4,44795,24.911,KUA_Back_Transect 4,0.7274,29.306,2.236,4.538,1819.49,22.904,4.484,0.01,544.449,-452.795,-1676.035,Kua_Back,Peter,Pomacentridae,Pomacentrus,coelestis,37372111,1,AD,Passing,
GX010051_L.MP4,44795,24.911,KUA_Back_Transect 4,0.7274,,2.169,0.996,1876.082,27.071,,,758.06,-393.827,-1670.308,Kua_Back,Peter,Pomacentridae,Pomacentrus,coelestis,37372111,1,AD,Passing,
GX010051_L.MP4,45035,25.0445,KUA_Back_Transect 4,0.8609,177.839,12.437,5.421,4287.687,6.513,19.407,19.607,412.905,-256.96,-4260.017,Kua_Back,Peter,Acanthuridae,Acanthurus,blochii,37437007,1,AD,Passing,
GX010051_L.MP4,45035,25.0445,KUA_Back_Transect 4,0.8609,184.3,4.641,6.317,4779.569,3.533,2.811,2.083,58.573,-288.663,-4770.485,Kua_Back,Peter,Acanthuridae,Acanthurus,blochii,37437007,1,AD,Passing,
GX010051_L.MP4,45035,25.0445,KUA_Back_Transect 4,0.8609,,21.089,3.142,6206.537,2.431,,,-243.636,-103.24,-6200.894,Kua_Back,Peter,Acanthuridae,Acanthurus,blochii,37437007,1,AD,Passing,
GX010051_L.MP4,45035,25.0445,KUA_Back_Transect 4,0.8609,,18.574,1.711,5756.797,5.902,,,-560.451,-194.045,-5726.164,Kua_Back,Peter,Acanthuridae,Acanthurus,blochii,37437007,1,AD,Passing,
GX010051_L.MP4,45035,25.0445,KUA_Back_Transect 4,0.8609,,23.249,2.391,6450.663,6.516,,,-661.578,-317.113,-6408.807,Kua_Back,Peter,Acanthuridae,Acanthurus,blochii,37437007,1,AD,Passing,
GX010051_L.MP4,45035,25.0445,KUA_Back_Transect 4,0.8609,,23.343,5.618,6488.616,7.214,,,-814.707,-14.286,-6437.25,Kua_Back,Peter,Acanthuridae,Acanthurus,blochii,37437007,1,AD,Passing,
GX010051_L.MP4,45035,25.0445,KUA_Back_Transect 4,0.8609,,23.217,0.676,6456.556,11.377,,,-1251.404,-240.397,-6329.558,Kua_Back,Peter,Acanthuridae,Acanthurus,blochii,37437007,1,AD,Passing,
GX010051_L.MP4,45108,25.0851,KUA_Back_Transect 4,0.9015,178.677,15.305,0.907,4907.779,19.868,19.073,30.824,-1652.505,-226.192,-4615.664,Kua_Back,Peter,Acanthuridae,Acanthurus,blochii,37437007,1,AD,Passing,
GX010051_L.MP4,45122,25.0928,KUA_Back_Transect 4,0.9092,,15.51,4.812,5154.954,9.448,,,804.489,259.477,-5085.176,Kua_Back,Peter,Acanthuridae,Acanthurus,thompsoni,37437018,1,AD,Passing,
GX010051_L.MP4,45180,25.1251,KUA_Back_Transect 4,0.9415,104.557,2.732,3.855,2419.103,14.732,8.79,19.307,218.359,-575.11,-2339.578,Kua_Back,Peter,Acanthuridae,Acanthurus,nigrofuscus,37437014,1,AD,Passing,
GX010051_L.MP4,45200,25.1362,KUA_Back_Transect 4,0.9526,194.774,7.696,5.081,3338.299,12.585,19.551,17.447,-534.084,-493.788,-3258.093,Kua_Back,Peter,Scaridae,Chlorurus,bleekeri,37386011,1,AD,Passing,
GX010051_L.MP4,45200,25.1362,KUA_Back_Transect 4,0.9526,200.193,14.559,1.778,4760.648,22.438,4.089,3.53,1813.375,-115.943,-4400.227,Kua_Back,Peter,Acanthuridae,Acanthurus,blochii,37437007,1,AD,Passing,
GX010051_L.MP4,45264,25.1718,KUA_Back_Transect 4,0.9882,129.545,7.976,7.549,3545.774,18.562,9.53,10.214,1101.612,-245.95,-3361.321,Kua_Back,Peter,Acanthuridae,Acanthurus,nigrofuscus,37437014,1,AD,Passing,
GX010051_L.MP4,45264,25.1718,KUA_Back_Transect 4,0.9882,,9.134,0.344,3921.106,16.712,,,1065.081,-372.366,-3755.266,Kua_Back,Peter,Acanthuridae,Ctenochaetus,striatus,37437022,1,AD,Passing,
GX010051_L.MP4,45264,25.1718,KUA_Back_Transect 4,0.9882,,9.814,4.379,4045.536,15.228,,,976.627,-421.023,-3903.242,Kua_Back,Peter,Acanthuridae,Ctenochaetus,striatus,37437022,1,AD,Passing,
GX010051_L.MP4,45269,25.1746,KUA_Back_Transect 4,0.991,129.15,7.219,9.1,2402.994,14.565,57.546,39.263,311.864,-517.591,-2325.773,Kua_Back,Peter,Chaetodontidae,Chaetodon,vagabundus,37365062,1,AD,Passing,
GX010051_L.MP4,45298,25.1907,KUA_Back_Transect 4,1.0071,73.465,1.876,1.171,1705.929,18.028,11.281,26.071,321.595,-418.708,-1622.176,Kua_Back,Peter,Pomacentridae,Stegastes,lacrymatus,temp_code_006,1,AD,Passing,
GX010051_L.MP4,45312,25.1985,KUA_Back_Transect 4,1.0149,258.069,19.898,3.501,4349.199,17.199,36.093,4.765,-710.43,-1071.999,-4154.713,Kua_Back,Peter,Scaridae,Chlorurus,spilurus,temp_code_002,1,AD,Passing,
GX010051_L.MP4,45341,25.2146,KUA_Back_Transect 4,1.031,133.404,2.352,1.092,1889.237,20.34,4.621,15.05,537.13,-377.771,-1771.439,Kua_Back,Peter,Acanthuridae,Acanthurus,nigrofuscus,37437014,1,AD,Passing,
GX010051_L.MP4,45365,25.228,KUA_Back_Transect 4,1.0444,,6.498,0.979,3245.48,14.094,,,-130.047,-781.385,-3147.327,Kua_Back,Peter,Chaetodontidae,Chaetodon,baronessa,37365034,1,AD,Passing,
GX010051_L.MP4,45399,25.2469,KUA_Back_Transect 4,1.0633,,10.316,8.549,4630.629,30.51,,,-2254.37,-669.028,-3989.103,Kua_Back,Peter,Acanthuridae,Acanthurus,lineatus,37437010,1,AD,Passing,
GX010051_L.MP4,45411,25.2536,KUA_Back_Transect 4,1.07,100.657,3.65,2.252,2053.006,20.28,23.194,1.384,582.452,-408.766,-1925.745,Kua_Back,Peter,Acanthuridae,Acanthurus,nigrofuscus,37437014,1,AD,Passing,
GX010051_L.MP4,45484,25.2942,KUA_Back_Transect 4,1.1106,,3.979,0.389,2494.646,16.268,,,146.765,-684.627,-2394.369,Kua_Back,Peter,Pomacentridae,Neoglyphidodon,carlsoni,temp_code_008,1,AD,Passing,
GX010051_L.MP4,45537,25.3236,KUA_Back_Transect 4,1.14,204.478,2.343,3.523,2312.051,19.022,8.26,13.683,148.906,-738.704,-2185.801,Kua_Back,Peter,Scaridae,Chlorurus,spilurus,temp_code_002,1,AD,Passing,
GX010051_L.MP4,45568,25.3409,KUA_Back_Transect 4,1.1573,53.584,1.881,1.942,1707.636,23.035,3.325,43.509,532.517,-403.594,-1571.483,Kua_Back,Peter,Pomacentridae,Stegastes,lacrymatus,temp_code_006,1,AD,Passing,
GX010051_L.MP4,45692,25.4098,KUA_Back_Transect 4,1.2262,,8.017,0.194,4046.663,27.313,,,-1854.418,92.527,-3595.561,Kua_Back,Peter,Acanthuridae,Zebrasoma,velifer,37437037,1,AD,Passing,
GX010051_L.MP4,45692,25.4098,KUA_Back_Transect 4,1.2262,,10.676,3.247,4630.598,24.995,,,-1955.616,-65.212,-4196.874,Kua_Back,Peter,Acanthuridae,Zebrasoma,velifer,37437037,1,AD,Passing,
GX010051_L.MP4,45767,25.4515,KUA_Back_Transect 4,1.2679,209.828,5.075,3.73,3139.799,17.405,6.716,17.814,705.478,-619.976,-2996.042,Kua_Back,Peter,Scaridae,Scarus,schlegeli,37386029,1,AD,Passing,
GX010051_L.MP4,45767,25.4515,KUA_Back_Transect 4,1.2679,180.767,8.775,5.237,3375.023,14.872,21.151,5.079,663.807,-556.561,-3261.959,Kua_Back,Peter,Acanthuridae,Ctenochaetus,striatus,37437022,1,AD,Passing,
GX010051_L.MP4,45799,25.4693,KUA_Back_Transect 4,1.2857,200.123,5.771,5.348,3123.22,18.721,14.858,5.284,-609.3,-795.983,-2957.983,Kua_Back,Peter,Acanthuridae,Acanthurus,nigrofuscus,37437014,1,AD,Passing,
GX010051_L.MP4,45839,25.4916,KUA_Back_Transect 4,1.308,,3.4,7.358,2395.232,24.186,,,-802.462,-566.116,-2184.652,Kua_Back,Peter,Acanthuridae,Ctenochaetus,striatus,37437022,1,AD,Passing,
GX010051_L.MP4,45874,25.511,KUA_Back_Transect 4,1.3274,97.027,2.592,6.973,1852.736,14.106,21.41,13.176,-9.277,-451.437,-1796.872,Kua_Back,Peter,Acanthuridae,Ctenochaetus,striatus,37437022,1,AD,Passing,
GX010051_L.MP4,45874,25.511,KUA_Back_Transect 4,1.3274,92.419,4.096,3.796,2201.382,13.428,29.624,37.004,214.549,-463.998,-2141.204,Kua_Back,Peter,Pomacentridae,Neoglyphidodon,carlsoni,temp_code_008,1,AD,Passing,
GX010051_L.MP4,46076,25.6234,KUA_Back_Transect 4,1.4398,,3.178,3.295,2297.09,23.217,,,878.175,219.774,-2111.191,Kua_Back,Peter,Pomacentridae,Pomacentrus,vaiuli,37372126,1,AD,Passing,
GX010051_L.MP4,46093,25.6328,KUA_Back_Transect 4,1.4492,85.529,6.852,8.971,2732.117,20.93,32.828,26.554,897.648,383.169,-2551.837,Kua_Back,Peter,Pomacentridae,Neoglyphidodon,carlsoni,temp_code_008,1,AD,Passing,
GX010051_L.MP4,46093,25.6328,KUA_Back_Transect 4,1.4492,,12.87,13.13,4918.758,28.506,,,2137.172,968.561,-4323.027,Kua_Back,Peter,Chaetodontidae,Chaetodon,lineolatus,37365041,1,AD,Passing,
GX010051_L.MP4,46093,25.6328,KUA_Back_Transect 4,1.4492,,15.08,7.165,5224.728,23.532,,,1958.65,715.057,-4790.633,Kua_Back,Peter,Chaetodontidae,Chaetodon,lineolatus,37365041,1,AD,Passing,
GX010051_L.MP4,46093,25.6328,KUA_Back_Transect 4,1.4492,,6.889,11.667,3541.843,28.198,,,1500.975,738.452,-3121.924,Kua_Back,Peter,Pomacentridae,Pomacentrus,sp,,1,AD,Passing,
GX010051_L.MP4,46120,25.6478,KUA_Back_Transect 4,1.4642,,7.537,12.571,3702.349,24.973,,,-1344.53,-799.177,-3355.733,Kua_Back,Peter,Labridae,Thalassoma,hardwicke,37384165,1,AD,Passing,
GX010051_L.MP4,46145,25.6617,KUA_Back_Transect 4,1.4781,89.246,8.311,3.311,2386.368,22.22,69.12,0.925,841.915,324.964,-2209.146,Kua_Back,Peter,Pomacentridae,Stegastes,lacrymatus,temp_code_006,1,AD,Passing,
GX010051_L.MP4,46170,25.6757,KUA_Back_Transect 4,1.492,,6.28,13.175,3439.341,31.572,,,1600.259,824.028,-2930.737,Kua_Back,Peter,Pomacentridae,Pomacentrus,sp,,1,AD,Passing,
GX010051_L.MP4,46170,25.6757,KUA_Back_Transect 4,1.492,,7.797,10.281,3792.221,29.779,,,1638.706,926.465,-3291.998,Kua_Back,Peter,Pomacentridae,Pomacentrus,sp,,1,AD,Passing,
GX010051_L.MP4,46170,25.6757,KUA_Back_Transect 4,1.492,,12.458,9.89,4718.825,28.02,,,1772.047,1329.474,-4166.492,Kua_Back,Peter,Pomacentridae,Pomacentrus,sp,,1,AD,Passing,
GX010051_L.MP4,46170,25.6757,KUA_Back_Transect 4,1.492,,15.845,9.958,5397.79,28.883,,,2198.216,1399.27,-4727.158,Kua_Back,Peter,Pomacentridae,Pomacentrus,sp,,1,AD,Passing,
GX010051_L.MP4,46170,25.6757,KUA_Back_Transect 4,1.492,,7.148,10.147,3576.153,26.683,,,1437.426,714.139,-3195.729,Kua_Back,Peter,Pomacentridae,Pomacentrus,sp,,1,AD,Passing,
GX010051_L.MP4,46170,25.6757,KUA_Back_Transect 4,1.492,,9.863,4.611,4136.833,24.696,,,1442.068,950.506,-3759.038,Kua_Back,Peter,Pomacentridae,Pomacentrus,sp,,1,AD,Passing,
GX010051_L.MP4,46170,25.6757,KUA_Back_Transect 4,1.492,,14.045,13.139,4962.273,25.976,,,1728.902,1314.528,-4461.733,Kua_Back,Peter,Pomacentridae,Pomacentrus,sp,,1,AD,Passing,
GX010051_L.MP4,46170,25.6757,KUA_Back_Transect 4,1.492,,11.882,4.54,4534.989,25.311,,,1519.275,1202.208,-4100.32,Kua_Back,Peter,Pomacentridae,Pomacentrus,sp,,1,AD,Passing,
GX010051_L.MP4,46193,25.6884,KUA_Back_Transect 4,1.5048,82.256,1.483,1.346,1345.544,16.921,7.505,14.849,387.084,59.523,-1287.288,Kua_Back,Peter,Pomacentridae,Pomacentrus,brachialis,37372109,1,AD,Passing,
GX010051_L.MP4,46196,25.6901,KUA_Back_Transect 4,1.5065,187.772,8.426,6.372,4551.975,21.299,24.321,65.949,1582.105,480.362,-4241.07,Kua_Back,Peter,Scaridae,Scarus,schlegeli,37386029,1,AD,Passing,
GX010051_L.MP4,46196,25.6901,KUA_Back_Transect 4,1.5065,,11.461,2.744,4578.324,27.224,,,1868.12,944.667,-4071.705,Kua_Back,Peter,Acanthuridae,Acanthurus,sp,,1,AD,Passing,
GX010051_L.MP4,46196,25.6901,KUA_Back_Transect 4,1.5065,,3.555,0.814,2355.331,18.997,,,608.56,465.077,-2227.317,Kua_Back,Peter,Pomacentridae,Stegastes,lacrymatus,temp_code_006,1,AD,Passing,
GX010051_L.MP4,46260,25.7257,KUA_Back_Transect 4,1.5421,156.423,6.846,10.118,3345.173,22.307,11.464,32.946,1269.72,6.837,-3094.826,Kua_Back,Peter,Scaridae,Chlorurus,spilurus,temp_code_002,1,AD,Passing,
GX010051_L.MP4,46260,25.7257,KUA_Back_Transect 4,1.5421,,7.756,1.115,3683,19.692,,,1240.931,14.904,-3467.615,Kua_Back,Peter,Chaetodontidae,Chaetodon,ulietensis,37365060,1,AD,Passing,
GX010051_L.MP4,46289,25.7418,KUA_Back_Transect 4,1.5582,93.353,6.89,4.311,3099.209,23.583,14.768,18.953,1214.497,-249.931,-2840.357,Kua_Back,Peter,Chaetodontidae,Chaetodon,baronessa,37365034,1,AD,Passing,
GX010051_L.MP4,46289,25.7418,KUA_Back_Transect 4,1.5582,,12.593,2.23,4716.348,18.255,,,1469.671,-153.571,-4478.887,Kua_Back,Peter,Chaetodontidae,Chaetodon,ulietensis,37365060,1,AD,Passing,
GX010051_L.MP4,46289,25.7418,KUA_Back_Transect 4,1.5582,,7.805,3.524,3751.195,23.266,,,1452.947,288.569,-3446.322,Kua_Back,Peter,Acanthuridae,Acanthurus,sp,,1,AD,Passing,
GX010051_L.MP4,46289,25.7418,KUA_Back_Transect 4,1.5582,,9.187,0.881,4049.755,21.433,,,1458.066,250.675,-3769.843,Kua_Back,Peter,Pomacentridae,Chromis,xanthura,37372057,1,AD,Passing,
GX010051_L.MP4,46356,25.7791,KUA_Back_Transect 4,1.5955,173.574,2.975,7.965,2309.689,23.297,1.316,33.395,573.537,-710.958,-2121.381,Kua_Back,Peter,Scaridae,Scarus,schlegeli,37386029,1,AD,Passing,
GX010051_L.MP4,46518,25.8692,KUA_Back_Transect 4,1.6856,130.172,7.431,8.133,2293.843,23.427,67.538,10.97,669.66,-619.09,-2104.756,Kua_Back,Peter,Acanthuridae,Acanthurus,nigrofuscus,37437014,1,AD,Passing,
GX010051_L.MP4,46536,25.8792,KUA_Back_Transect 4,1.6956,284.535,17.594,19.61,3862.231,30.81,83.929,13.876,1836.142,736.14,-3317.154,Kua_Back,Peter,Scaridae,Chlorurus,spilurus,temp_code_002,1,AD,Passing,
GX010051_L.MP4,46591,25.9098,KUA_Back_Transect 4,1.7262,167.723,13.834,13.579,4438.244,28.46,25.314,32.958,1957.296,801.399,-3901.892,Kua_Back,Peter,Scaridae,Scarus,schlegeli,37386029,1,AD,Passing,
GX010051_L.MP4,46591,25.9098,KUA_Back_Transect 4,1.7262,,11.637,4.147,4758.525,32.323,,,2279.434,1128.136,-4021.822,Kua_Back,Peter,Scaridae,Chlorurus,spilurus,temp_code_002,1,AD,Passing,
GX010051_L.MP4,46596,25.9126,KUA_Back_Transect 4,1.7289,,4.401,3.065,2880.34,28.292,,,1365.14,11.321,-2536.261,Kua_Back,Peter,Acanthuridae,Acanthurus,sp,,1,AD,Passing,
GX010051_L.MP4,46637,25.9354,KUA_Back_Transect 4,1.7517,104.636,4.485,4.518,1753.668,14.979,63.254,27.5,44.262,-451.103,-1694.077,Kua_Back,Peter,Acanthuridae,Acanthurus,nigrofuscus,37437014,1,AD,Passing,
GX010051_L.MP4,46659,25.9476,KUA_Back_Transect 4,1.764,118.094,4.609,7.246,2251.13,27.703,31.962,18.672,1014.861,-255.425,-1993.088,Kua_Back,Peter,Chaetodontidae,Chaetodon,vagabundus,37365062,1,AD,Passing,
GX010051_L.MP4,46731,25.9876,KUA_Back_Transect 4,1.804,,6.182,0.045,3538.735,27.952,,,-1658.634,16.418,-3125.91,Kua_Back,Peter,Pomacentridae,Dascyllus,trimaculatus,37372075,1,AD,Passing,
GX010051_L.MP4,46731,25.9876,KUA_Back_Transect 4,1.804,,6.85,9.865,3479.84,27.202,,,1355.745,830.32,-3095.45,Kua_Back,Peter,Pomacentridae,Pomacentrus,sp,,1,AD,Passing,
GX010051_L.MP4,46731,25.9876,KUA_Back_Transect 4,1.804,,7.508,1.109,3521.689,20.517,,,1001.537,719.466,-3298.724,Kua_Back,Peter,Pomacentridae,Chromis,xanthura,37372057,1,AD,Passing,
GX010051_L.MP4,46731,25.9876,KUA_Back_Transect 4,1.804,,12.71,0.499,4558.158,14.948,,,767.871,887.816,-4404.425,Kua_Back,Peter,Pomacentridae,Chromis,xanthura,37372057,1,AD,Passing,
GX010051_L.MP4,46731,25.9876,KUA_Back_Transect 4,1.804,,6.184,2.444,3139.674,12.078,,,383.584,531.54,-3070.485,Kua_Back,Peter,Pomacentridae,Stegastes,lacrymatus,temp_code_006,1,AD,Passing,
GX010051_L.MP4,46731,25.9876,KUA_Back_Transect 4,1.804,,3.674,2.025,2399.701,6.648,,,-120.946,248.729,-2383.71,Kua_Back,Peter,Pomacentridae,Chromis,xanthura,37372057,1,AD,Passing,
GX010051_L.MP4,46731,25.9876,KUA_Back_Transect 4,1.804,,5.452,1.797,2962.452,9.578,,,-183.264,455.859,-2921.426,Kua_Back,Peter,Pomacentridae,Pomacentrus,brachialis,37372109,1,AD,Passing,
GX010051_L.MP4,46731,25.9876,KUA_Back_Transect 4,1.804,,6.364,1.853,3214.819,11.164,,,-351.55,511.843,-3154.282,Kua_Back,Peter,Pomacentridae,Pomacentrus,brachialis,37372109,1,AD,Passing,
GX010051_L.MP4,46731,25.9876,KUA_Back_Transect 4,1.804,,4.795,1.296,2800.815,14.728,,,-642.948,304.427,-2708.968,Kua_Back,Peter,Pomacentridae,Pomacentrus,brachialis,37372109,1,AD,Passing,
GX010051_L.MP4,46744,25.9949,KUA_Back_Transect 4,1.8113,111.394,2.496,4.902,1821.479,12.739,17.791,13.907,-321.289,-241.061,-1776.639,Kua_Back,Peter,Acanthuridae,Acanthurus,nigrofuscus,37437014,1,AD,Passing,
GX010051_L.MP4,46828,26.0416,KUA_Back_Transect 4,1.858,80.734,1.857,7.097,1766.265,15.721,12.574,19.881,155.452,-452.627,-1700.193,Kua_Back,Peter,Acanthuridae,Ctenochaetus,binotatus,37437021,1,AD,Passing,
GX010051_L.MP4,46828,26.0416,KUA_Back_Transect 4,1.858,73.938,1.951,2.034,1824.35,13.646,9.786,20.573,260.929,-342.276,-1772.855,Kua_Back,Peter,Pomacentridae,Pomacentrus,callainus,temp_code_004,1,AD,Passing,
GX010051_L.MP4,46828,26.0416,KUA_Back_Transect 4,1.858,101.637,6.122,3.085,2358.971,10.726,33.249,3.966,294.885,-325.279,-2317.754,Kua_Back,Peter,Labridae,Thalassoma,hardwicke,37384165,1,AD,Passing,
GX010051_L.MP4,46848,26.0527,KUA_Back_Transect 4,1.8691,67.243,2.014,2.321,1577.392,10.606,22.663,25.199,92.358,-275.242,-1550.444,Kua_Back,Peter,Pomacentridae,Neoglyphidodon,carlsoni,temp_code_008,1,AD,Passing,
GX010051_L.MP4,46858,26.0583,KUA_Back_Transect 4,1.8747,75.551,4.217,2.615,1996.711,14.084,40.652,35.161,29.641,-484.992,-1936.687,Kua_Back,Peter,Chaetodontidae,Chaetodon,citrinellus,37365036,1,AD,Passing,
GX010051_L.MP4,46907,26.0855,KUA_Back_Transect 4,1.9019,94.427,4.667,3.568,2256.543,8.209,24.926,2.406,316.381,-60.985,-2233.421,Kua_Back,Peter,Acanthuridae,Acanthurus,nigrofuscus,37437014,1,AD,Passing,
GX010051_L.MP4,46929,26.0977,KUA_Back_Transect 4,1.9141,97.236,5.695,2.645,2263.261,22.889,43.318,16.981,787.221,-393.919,-2085.057,Kua_Back,Peter,Chaetodontidae,Chaetodon,citrinellus,37365036,1,AD,Passing,
GX010051_L.MP4,46968,26.1194,KUA_Back_Transect 4,1.9358,,15.456,1.884,5232.157,16.276,,,-1357.546,-557.309,-5022.145,Kua_Back,Peter,Chaetodontidae,Chaetodon,ephippium,37365037,1,AD,Passing,
GX010051_L.MP4,46968,26.1194,KUA_Back_Transect 4,1.9358,,12.841,5.999,4703.397,7.949,,,-521.413,-391.618,-4657.973,Kua_Back,Peter,Zanclidae,Zanclus,cornutus,37437001,1,AD,Passing,
GX010051_L.MP4,47007,26.1411,KUA_Back_Transect 4,1.9575,78.361,3.987,1.662,1880.011,12.249,36.958,20.683,318.584,-240.003,-1837.211,Kua_Back,Peter,Pomacentridae,Neoglyphidodon,carlsoni,temp_code_008,1,AD,Passing,
GX010051_L.MP4,47250,26.2763,KUA_Back_Transect 4,2.0926,,6.974,1.217,3596.312,24.771,,,1506.746,-14.882,-3265.418,Kua_Back,Peter,Acanthuridae,Ctenochaetus,striatus,37437022,1,AD,Passing,
GX010051_L.MP4,47283,26.2946,KUA_Back_Transect 4,2.111,,2.722,0.524,2056.075,22.21,,,283.036,-724.936,-1903.103,Kua_Back,Peter,Pomacentridae,Pomacentrus,coelestis,37372111,1,AD,Passing,
GX010051_L.MP4,47297,26.3024,KUA_Back_Transect 4,2.1188,197.499,5.648,2.401,2495.328,13.531,26.938,1.661,275.605,-514.677,-2426.069,Kua_Back,Peter,Acanthuridae,Acanthurus,lineatus,37437010,1,AD,Passing,
GX010051_L.MP4,47387,26.3524,KUA_Back_Transect 4,2.1688,127.201,10.683,6.347,2901.567,22.984,63.181,14.905,-1120.067,-170.594,-2671.224,Kua_Back,Peter,Pomacentridae,Neoglyphidodon,carlsoni,temp_code_008,1,AD,Passing,
GX010051_L.MP4,47402,26.3608,KUA_Back_Transect 4,2.1772,154.086,7.271,4.219,2770.211,9.205,41.601,45.116,-376.265,234.096,-2734.537,Kua_Back,Peter,Labridae,Thalassoma,hardwicke,37384165,1,AD,Passing,
