Filename,Frame,Time (mins),Period,Period time (mins),Length (mm),Precision (mm),RMS (mm),Range (mm),Direction (deg),Horz. Dir. (deg),Vert. Dir. (deg),Mid X (mm),Mid Y (mm),Mid Z (mm),OpCode,TapeReader,Family,Genus,Species,Code,Number,Stage,Activity,Comment
TY_Joe_Cam1_Left_3110_01.MP4,1614,0.4488,Lau_Totoya_Joe_Transect 1,0.0987,97.556,7.487,2.718,2429.414,13.801,34.575,1.286,574.265,-77.984,-2359.277,Lau_Totoya_Joe,Peter,Pomacentridae,Dascyllus,trimaculatus,37372075,1,AD,Passing,
TY_Joe_Cam1_Left_3110_01.MP4,1614,0.4488,Lau_Totoya_Joe_Transect 1,0.0987,82.554,4.519,6.426,2381.65,15.215,16.966,21.83,614.271,115.452,-2298.173,Lau_Totoya_Joe,Peter,Pomacentridae,Dascyllus,trimaculatus,37372075,1,AD,Passing,
TY_Joe_Cam1_Left_3110_01.MP4,1614,0.4488,Lau_Totoya_Joe_Transect 1,0.0987,,4.345,0.359,2471.072,15.858,,,674.475,46.47,-2376.788,Lau_Totoya_Joe,Peter,Pomacentridae,Dascyllus,trimaculatus,37372075,1,AD,Passing,
TY_Joe_Cam1_Left_3110_01.MP4,1692,0.4705,Lau_Totoya_Joe_Transect 1,0.1204,,5.855,0.511,3081.395,35.633,,,1793.981,-50.654,-2504.808,Lau_Totoya_Joe,Peter,Pomacentridae,Amblyglyphidodon,curacao,37372017,1,AD,Passing,
TY_Joe_Cam1_Left_3110_01.MP4,1732,0.4816,Lau_Totoya_Joe_Transect 1,0.1315,114.769,2.913,3.691,1927.218,19.148,27.843,56.615,482.14,-408.851,-1820.591,Lau_Totoya_Joe,Peter,Pomacentridae,Dascyllus,trimaculatus,37372075,1,AD,Passing,
TY_Joe_Cam1_Left_3110_01.MP4,1759,0.4891,Lau_Totoya_Joe_Transect 1,0.139,39.759,3.878,3.117,2109.966,27.849,0.839,3.717,896.433,409.819,-1865.587,Lau_Totoya_Joe,Peter,Pomacentridae,Amblyglyphidodon,orbicularis,temp_code_001,1,AD,Passing,
TY_Joe_Cam1_Left_3110_01.MP4,1759,0.4891,Lau_Totoya_Joe_Transect 1,0.139,,6.463,0.984,3020.667,30.21,,,1368.03,678.626,-2606.221,Lau_Totoya_Joe,Peter,Pomacentridae,Dascyllus,trimaculatus,37372075,1,AD,Passing,
TY_Joe_Cam1_Left_3110_01.MP4,1824,0.5072,Lau_Totoya_Joe_Transect 1,0.1571,,2.05,4.006,1618.488,21.502,,,570.805,-152.103,-1506.835,Lau_Totoya_Joe,Peter,Pomacentridae,Pomacentrus,philippinus,37372123,1,AD,Passing,
TY_Joe_Cam1_Left_3110_01.MP4,2904,0.8075,Lau_Totoya_Joe_Transect 1,0.4574,,12.65,0.987,4225.3,26.31,,,1657.942,894.599,-3782.074,Lau_Totoya_Joe,Peter,Pomacentridae,Amblyglyphidodon,orbicularis,temp_code_001,1,AD,Passing,
TY_Joe_Cam1_Left_3110_01.MP4,2904,0.8075,Lau_Totoya_Joe_Transect 1,0.4574,,12.78,0.878,4320.185,24.542,,,1763.221,357.733,-3927.732,Lau_Totoya_Joe,Peter,Acanthuridae,Zebrasoma,scopas,37437036,1,AD,Passing,
TY_Joe_Cam1_Left_3110_01.MP4,3118,0.867,Lau_Totoya_Joe_Transect 1,0.5169,,6.025,0.668,3159.967,37.243,,,1874.604,394.113,-2513.15,Lau_Totoya_Joe,Peter,Pomacentridae,Amblyglyphidodon,orbicularis,temp_code_001,1,AD,Passing,
TY_Joe_Cam1_Left_3110_01.MP4,3118,0.867,Lau_Totoya_Joe_Transect 1,0.5169,,6.581,1.126,3152.081,32.349,,,1668.992,259.751,-2661.317,Lau_Totoya_Joe,Peter,Pomacentridae,Amblyglyphidodon,orbicularis,temp_code_001,1,AD,Passing,
TY_Joe_Cam1_Left_3110_01.MP4,3191,0.8873,Lau_Totoya_Joe_Transect 1,0.5372,106.664,7.305,3.154,2534.996,22.231,40.091,31.36,72.699,-956.348,-2346.554,Lau_Totoya_Joe,Peter,Acanthuridae,Ctenochaetus,binotatus,37437021,1,AD,Passing,
TY_Joe_Cam1_Left_3110_01.MP4,3191,0.8873,Lau_Totoya_Joe_Transect 1,0.5372,46.89,3.266,4.205,1846.938,21.854,22.436,0.018,481.301,-490.954,-1714.203,Lau_Totoya_Joe,Peter,Pomacentridae,Dascyllus,aruanus,37372073,1,AD,Passing,
TY_Joe_Cam1_Left_3110_01.MP4,3191,0.8873,Lau_Totoya_Joe_Transect 1,0.5372,,2.836,1.659,1924.418,22.346,,,553.288,-467.595,-1782.866,Lau_Totoya_Joe,Peter,Pomacentridae,Dascyllus,aruanus,37372073,1,AD,Passing,
TY_Joe_Cam1_Left_3110_01.MP4,3191,0.8873,Lau_Totoya_Joe_Transect 1,0.5372,,2.927,0.646,1958.877,21.467,,,531.803,-469.283,-1825.968,Lau_Totoya_Joe,Peter,Pomacentridae,Dascyllus,aruanus,37372073,1,AD,Passing,
TY_Joe_Cam1_Left_3110_01.MP4,3191,0.8873,Lau_Totoya_Joe_Transect 1,0.5372,,2.988,7.435,1982.149,20.798,,,519.338,-463.416,-1855.923,Lau_Totoya_Joe,Peter,Pomacentridae,Dascyllus,aruanus,37372073,1,AD,Passing,
TY_Joe_Cam1_Left_3110_01.MP4,3191,0.8873,Lau_Totoya_Joe_Transect 1,0.5372,,3.17,1.55,2051.753,19.248,,,503.547,-439.434,-1939.852,Lau_Totoya_Joe,Peter,Pomacentridae,Dascyllus,aruanus,37372073,1,AD,Passing,
TY_Joe_Cam1_Left_3110_01.MP4,3191,0.8873,Lau_Totoya_Joe_Transect 1,0.5372,,3.257,3.873,2089.749,17.515,,,405.597,-468.175,-1995.834,Lau_Totoya_Joe,Peter,Pomacentridae,Dascyllus,aruanus,37372073,1,AD,Passing,
TY_Joe_Cam1_Left_3110_01.MP4,3191,0.8873,Lau_Totoya_Joe_Transect 1,0.5372,,2.679,1.734,1866.105,20.696,,,429.45,-489.563,-1748.785,Lau_Totoya_Joe,Peter,Pomacentridae,Dascyllus,aruanus,37372073,1,AD,Passing,
TY_Joe_Cam1_Left_3110_01.MP4,3191,0.8873,Lau_Totoya_Joe_Transect 1,0.5372,,3.396,4.013,2132.613,21.253,,,690.022,-336.075,-1989.713,Lau_Totoya_Joe,Peter,Pomacentridae,Dascyllus,aruanus,37372073,1,AD,Passing,
TY_Joe_Cam1_Left_3110_01.MP4,3191,0.8873,Lau_Totoya_Joe_Transect 1,0.5372,,3.018,2.904,1997.657,18.937,,,436.826,-467.171,-1892.503,Lau_Totoya_Joe,Peter,Pomacentridae,Dascyllus,aruanus,37372073,1,AD,Passing,
TY_Joe_Cam1_Left_3110_01.MP4,3191,0.8873,Lau_Totoya_Joe_Transect 1,0.5372,130.921,9.109,2.652,2722.781,14.386,39.658,24.841,259.784,-624.622,-2637.404,Lau_Totoya_Joe,Peter,Lethrinidae,Monotaxis,grandoculis,37351026,1,AD,Passing,
TY_Joe_Cam1_Left_3110_01.MP4,3259,0.9062,Lau_Totoya_Joe_Transect 1,0.5561,165.922,8.477,6.709,2390.596,23.537,52.556,5.337,38.311,-953.91,-2191.697,Lau_Totoya_Joe,Peter,Scaridae,Scarus,schlegeli,37386029,1,AD,Passing,
TY_Joe_Cam1_Left_3110_01.MP4,3359,0.934,Lau_Totoya_Joe_Transect 1,0.5839,79.358,3.706,2.926,2093.562,33.816,72.747,60.222,1076.851,-444.856,-1739.396,Lau_Totoya_Joe,Peter,Pomacentridae,Amblyglyphidodon,orbicularis,temp_code_001,1,AD,Passing,
TY_Joe_Cam1_Left_3110_01.MP4,3359,0.934,Lau_Totoya_Joe_Transect 1,0.5839,82.957,4.374,4.429,2241.537,25.199,19.855,10.501,658.12,-691.131,-2028.228,Lau_Totoya_Joe,Peter,Pomacentridae,Amblyglyphidodon,orbicularis,temp_code_001,1,AD,Passing,
TY_Joe_Cam1_Left_3110_01.MP4,3566,0.9915,Lau_Totoya_Joe_Transect 1,0.6415,,12.441,1.17,4227.536,22.968,,,-1549.415,-541.819,-3895.871,Lau_Totoya_Joe,Peter,Pomacentridae,Amblyglyphidodon,orbicularis,temp_code_001,1,AD,Passing,
TY_Joe_Cam1_Left_3110_01.MP4,3566,0.9915,Lau_Totoya_Joe_Transect 1,0.6415,,20.522,4.238,5394.582,26.832,,,-2092.706,-1214.712,-4821.469,Lau_Totoya_Joe,Peter,Pomacentridae,Amblyglyphidodon,orbicularis,temp_code_001,1,AD,Passing,
TY_Joe_Cam1_Left_3110_01.MP4,3607,1.0029,Lau_Totoya_Joe_Transect 1,0.6529,,2.674,3.63,1890.423,28.107,,,812.104,-355.184,-1669.74,Lau_Totoya_Joe,Peter,Pomacentridae,Dascyllus,aruanus,37372073,1,AD,Passing,
TY_Joe_Cam1_Left_3110_01.MP4,3642,1.0127,Lau_Totoya_Joe_Transect 1,0.6626,,2.184,5.493,1774.144,35.056,,,940.716,-382.619,-1454.731,Lau_Totoya_Joe,Peter,Chaetodontidae,Chaetodon,lunulatus,37365059,1,AD,Passing,
TY_Joe_Cam1_Left_3110_01.MP4,3731,1.0374,Lau_Totoya_Joe_Transect 1,0.6874,93.799,4.459,3.381,1686.79,25.393,66.643,26.839,262.79,-673.899,-1523.832,Lau_Totoya_Joe,Peter,Acanthuridae,Zebrasoma,scopas,37437036,1,AD,Passing,
TY_Joe_Cam1_Left_3110_01.MP4,3806,1.0583,Lau_Totoya_Joe_Transect 1,0.7082,,6.754,1.968,3052.098,23.507,,,1032.847,661.863,-2794.721,Lau_Totoya_Joe,Peter,Scaridae,Chlorurus,spilurus,temp_code_002,1,AD,Passing,
TY_Joe_Cam1_Left_3110_01.MP4,3806,1.0583,Lau_Totoya_Joe_Transect 1,0.7082,,6.27,5.368,3026.735,13.874,,,189.109,719.078,-2933.989,Lau_Totoya_Joe,Peter,Pomacentridae,Dascyllus,trimaculatus,37372075,1,AD,Passing,
TY_Joe_Cam1_Left_3110_01.MP4,3923,1.0908,Lau_Totoya_Joe_Transect 1,0.7407,68.743,4.238,2.589,2431.949,8.769,16.679,2.917,-222.857,296.318,-2403.52,Lau_Totoya_Joe,Peter,Pomacentridae,Amblyglyphidodon,orbicularis,temp_code_001,1,AD,Passing,
TY_Joe_Cam1_Left_3110_01.MP4,3923,1.0908,Lau_Totoya_Joe_Transect 1,0.7407,198.554,8.662,2.253,2173.001,3.331,58.041,7.355,21.979,124.325,-2169.33,Lau_Totoya_Joe,Peter,Scaridae,Chlorurus,spilurus,temp_code_002,1,AD,Passing,
TY_Joe_Cam1_Left_3110_01.MP4,4009,1.1147,Lau_Totoya_Joe_Transect 1,0.7647,,7.787,2.542,3345.915,16.941,,,-913.715,360.207,-3198.519,Lau_Totoya_Joe,Peter,Pomacentridae,Abudefduf,sexfasciatus,37372011,1,AD,Passing,
TY_Joe_Cam1_Left_3110_01.MP4,4098,1.1395,Lau_Totoya_Joe_Transect 1,0.7894,72.722,1.879,1.707,1187.752,18.858,33.688,9.105,-321.801,-209.354,-1123.998,Lau_Totoya_Joe,Peter,Acanthuridae,Ctenochaetus,binotatus,37437021,1,AD,Passing,
TY_Joe_Cam1_Left_3110_01.MP4,4098,1.1395,Lau_Totoya_Joe_Transect 1,0.7894,115.667,3.824,3.805,2016.174,25.163,21.619,31.558,-847.938,-126.069,-1824.847,Lau_Totoya_Joe,Peter,Pomacentridae,Dascyllus,trimaculatus,37372075,1,AD,Passing,
TY_Joe_Cam1_Left_3110_01.MP4,4246,1.1806,Lau_Totoya_Joe_Transect 1,0.8306,,5.944,0.444,2947.11,12.094,,,-581.396,225.924,-2880.346,Lau_Totoya_Joe,Peter,Pomacentridae,Abudefduf,sexfasciatus,37372011,1,AD,Passing,
TY_Joe_Cam1_Left_3110_01.MP4,4246,1.1806,Lau_Totoya_Joe_Transect 1,0.8306,107.067,8.048,3.703,2282.52,12.634,46.126,3.235,-408.523,-286.948,-2227.256,Lau_Totoya_Joe,Peter,Scaridae,Chlorurus,spilurus,temp_code_002,1,AD,Passing,
TY_Joe_Cam1_Left_3110_01.MP4,4246,1.1806,Lau_Totoya_Joe_Transect 1,0.8306,157.784,7.601,5.249,2323.509,18.304,46.667,22.739,-565.363,-461.354,-2205.949,Lau_Totoya_Joe,Peter,Scaridae,Chlorurus,spilurus,temp_code_002,1,AD,Passing,
TY_Joe_Cam1_Left_3110_01.MP4,4246,1.1806,Lau_Totoya_Joe_Transect 1,0.8306,237.892,13.096,4.606,3057.481,17.935,54.102,33.493,-874.715,-348.253,-2908.914,Lau_Totoya_Joe,Peter,Scaridae,Scarus,schlegeli,37386029,1,AD,Passing,
TY_Joe_Cam1_Left_3110_01.MP4,4287,1.192,Lau_Totoya_Joe_Transect 1,0.842,,5.334,0.873,2782.327,12.085,,,-444.869,-358.978,-2722.971,Lau_Totoya_Joe,Peter,Chaetodontidae,Chaetodon,lunulatus,37365059,1,AD,Passing,
TY_Joe_Cam1_Left_3110_01.MP4,4287,1.192,Lau_Totoya_Joe_Transect 1,0.842,,9.841,4.68,3694.964,25.56,,,-1184.197,-1046.441,-3339.969,Lau_Totoya_Joe,Peter,Mullidae,Parupeneus,barberinus,37355022,1,AD,Passing,
TY_Joe_Cam1_Left_3110_01.MP4,4287,1.192,Lau_Totoya_Joe_Transect 1,0.842,197.864,10.652,2.971,2460.332,26.064,76.144,4.457,-771.051,-757.681,-2210.121,Lau_Totoya_Joe,Peter,Scaridae,Scarus,schlegeli,37386029,1,AD,Passing,
TY_Joe_Cam1_Left_3110_01.MP4,4460,1.2401,Lau_Totoya_Joe_Transect 1,0.8901,,10.801,7.496,3894.472,27.32,,,1550.963,910.126,-3454.431,Lau_Totoya_Joe,Peter,Acanthuridae,Acanthurus,nigrofuscus,37437014,1,AD,Passing,
TY_Joe_Cam1_Left_3110_01.MP4,4460,1.2401,Lau_Totoya_Joe_Transect 1,0.8901,,16.206,0.03,4874.901,16.875,,,1089.423,932.378,-4659.237,Lau_Totoya_Joe,Peter,Scaridae,Chlorurus,spilurus,temp_code_002,1,AD,Passing,
TY_Joe_Cam1_Left_3110_01.MP4,4460,1.2401,Lau_Totoya_Joe_Transect 1,0.8901,,5.04,6.968,2616.018,22.863,,,-792.946,-620.709,-2414.437,Lau_Totoya_Joe,Peter,Pomacentridae,Pomacentrus,philippinus,37372123,1,AD,Passing,
TY_Joe_Cam1_Left_3110_01.MP4,4460,1.2401,Lau_Totoya_Joe_Transect 1,0.8901,142.556,8.69,4.042,4275.206,15.47,2.935,23.274,921.122,672.279,-4120.311,Lau_Totoya_Joe,Peter,Pomacanthidae,Pygoplites,diacanthus,37365082,1,AD,Passing,
TY_Joe_Cam1_Left_3110_01.MP4,4503,1.2521,Lau_Totoya_Joe_Transect 1,0.902,76.873,1.138,2.923,1268.882,3.421,4.895,58.376,-62.157,-43.254,-1266.621,Lau_Totoya_Joe,Peter,Pomacentridae,Pomacentrus,philippinus,37372123,1,AD,Passing,
TY_Joe_Cam1_Left_3110_01.MP4,4575,1.2721,Lau_Totoya_Joe_Transect 1,0.922,227.322,4.952,0.695,2245.45,30.488,35.573,41.625,-867.991,-737.883,-1934.985,Lau_Totoya_Joe,Peter,Scaridae,Scarus,globiceps,37386018,1,AD,Passing,
TY_Joe_Cam1_Left_3110_01.MP4,4625,1.286,Lau_Totoya_Joe_Transect 1,0.9359,,16.784,0.833,4884.218,28.381,,,-2040.49,-1080.548,-4303.998,Lau_Totoya_Joe,Peter,Acanthuridae,Acanthurus,nigrofuscus,37437014,1,AD,Passing,
TY_Joe_Cam1_Left_3110_01.MP4,4650,1.293,Lau_Totoya_Joe_Transect 1,0.9429,57.269,1.431,0.931,901.667,19.969,65.185,25.621,213.357,-222.04,-847.455,Lau_Totoya_Joe,Peter,Pomacentridae,Pomacentrus,moluccensis,37372118,1,AD,Passing,
TY_Joe_Cam1_Left_3110_01.MP4,4697,1.306,Lau_Totoya_Joe_Transect 1,0.956,112.231,2.737,3.13,2143.525,10.658,9.85,25.702,353.936,-178.542,-2106.549,Lau_Totoya_Joe,Peter,Pomacentridae,Abudefduf,sexfasciatus,37372011,1,AD,Passing,
TY_Joe_Cam1_Left_3110_01.MP4,4697,1.306,Lau_Totoya_Joe_Transect 1,0.956,123.472,5.74,4.236,2227.648,27.127,32.444,18.768,973.347,-290.32,-1982.606,Lau_Totoya_Joe,Peter,Pomacentridae,Abudefduf,sexfasciatus,37372011,1,AD,Passing,
TY_Joe_Cam1_Left_3110_01.MP4,4765,1.3249,Lau_Totoya_Joe_Transect 1,0.9749,158.007,6.873,0.232,2777.946,32.861,23.945,36.434,1452.74,401.963,-2333.443,Lau_Totoya_Joe,Peter,Chaetodontidae,Chaetodon,auriga,37365019,1,AD,Passing,
TY_Joe_Cam1_Left_3110_01.MP4,4930,1.3708,Lau_Totoya_Joe_Transect 1,1.0207,232.96,15.692,2.047,3033.664,19.136,58.952,4.438,837.256,536.594,-2866.041,Lau_Totoya_Joe,Peter,Acanthuridae,Ctenochaetus,striatus,37437022,1,AD,Passing,
TY_Joe_Cam1_Left_3110_01.MP4,4930,1.3708,Lau_Totoya_Joe_Transect 1,1.0207,215.21,21.411,3.097,3521.909,17.493,59.728,1.326,775.221,720.906,-3359.042,Lau_Totoya_Joe,Peter,Acanthuridae,Ctenochaetus,striatus,37437022,1,AD,Passing,
TY_Joe_Cam1_Left_3110_01.MP4,4994,1.3886,Lau_Totoya_Joe_Transect 1,1.0385,215.135,10.488,6.675,2699.241,25.503,47.498,10.341,1142.006,215.618,-2436.233,Lau_Totoya_Joe,Peter,Scaridae,Scarus,schlegeli,37386029,1,AD,Passing,
TY_Joe_Cam1_Left_3110_01.MP4,5081,1.4128,Lau_Totoya_Joe_Transect 1,1.0627,,5.397,3.668,2727.136,24.206,,,1032.999,443.667,-2484.622,Lau_Totoya_Joe,Peter,Pomacentridae,Amblyglyphidodon,orbicularis,temp_code_001,1,AD,Passing,
TY_Joe_Cam1_Left_3110_01.MP4,5127,1.4256,Lau_Totoya_Joe_Transect 1,1.0755,,11.633,0.639,4131.976,26.8,,,-1839.338,-272.855,-3689.934,Lau_Totoya_Joe,Peter,Pomacentridae,Abudefduf,sexfasciatus,37372011,1,AD,Passing,
TY_Joe_Cam1_Left_3110_01.MP4,5127,1.4256,Lau_Totoya_Joe_Transect 1,1.0755,,10.5,3.108,4010.626,31.975,,,-2107.264,-243.395,-3403.722,Lau_Totoya_Joe,Peter,Pomacentridae,Abudefduf,sexfasciatus,37372011,1,AD,Passing,
TY_Joe_Cam1_Left_3110_01.MP4,5127,1.4256,Lau_Totoya_Joe_Transect 1,1.0755,,13.318,1.132,4442.173,20.485,,,-1551.618,122.331,-4160.578,Lau_Totoya_Joe,Peter,Pomacentridae,Abudefduf,sexfasciatus,37372011,1,AD,Passing,
TY_Joe_Cam1_Left_3110_01.MP4,5127,1.4256,Lau_Totoya_Joe_Transect 1,1.0755,,12.665,4.881,4326.242,22.386,,,-1645.796,-52.25,-4000.624,Lau_Totoya_Joe,Peter,Pomacentridae,Abudefduf,sexfasciatus,37372011,1,AD,Passing,
TY_Joe_Cam1_Left_3110_01.MP4,5127,1.4256,Lau_Totoya_Joe_Transect 1,1.0755,,14.936,5.326,4712.549,17.44,,,-1371.069,367.29,-4493.705,Lau_Totoya_Joe,Peter,Pomacentridae,Abudefduf,sexfasciatus,37372011,1,AD,Passing,
TY_Joe_Cam1_Left_3110_01.MP4,5127,1.4256,Lau_Totoya_Joe_Transect 1,1.0755,,14.768,0.735,4691.22,14.777,,,-1020.258,653.558,-4532.05,Lau_Totoya_Joe,Peter,Pomacentridae,Abudefduf,sexfasciatus,37372011,1,AD,Passing,
TY_Joe_Cam1_Left_3110_01.MP4,5127,1.4256,Lau_Totoya_Joe_Transect 1,1.0755,,8.803,2.499,3649.55,11.042,,,-372.347,613.953,-3578.217,Lau_Totoya_Joe,Peter,Pomacentridae,Abudefduf,sexfasciatus,37372011,1,AD,Passing,
TY_Joe_Cam1_Left_3110_01.MP4,5127,1.4256,Lau_Totoya_Joe_Transect 1,1.0755,,15.603,2.234,4955.809,12.259,,,107.372,1077.066,-4836.16,Lau_Totoya_Joe,Peter,Pomacentridae,Abudefduf,sexfasciatus,37372011,1,AD,Passing,
TY_Joe_Cam1_Left_3110_01.MP4,5127,1.4256,Lau_Totoya_Joe_Transect 1,1.0755,,22.501,0.81,5769.606,16.372,,,-1234.383,1093.492,-5528.917,Lau_Totoya_Joe,Peter,Pomacentridae,Abudefduf,sexfasciatus,37372011,1,AD,Passing,
TY_Joe_Cam1_Left_3110_01.MP4,5127,1.4256,Lau_Totoya_Joe_Transect 1,1.0755,,12.117,2.903,4152.941,20.612,,,927.899,1154.083,-3879.95,Lau_Totoya_Joe,Peter,Pomacentridae,Abudefduf,sexfasciatus,37372011,1,AD,Passing,
TY_Joe_Cam1_Left_3110_01.MP4,5127,1.4256,Lau_Totoya_Joe_Transect 1,1.0755,,25.758,3.674,6309.411,15.491,,,522.584,1640.139,-6070.051,Lau_Totoya_Joe,Peter,Pomacentridae,Abudefduf,sexfasciatus,37372011,1,AD,Passing,
TY_Joe_Cam1_Left_3110_01.MP4,5287,1.4701,Lau_Totoya_Joe_Transect 1,1.12,,10.95,3.454,4221.404,6.183,,,419.504,-148.979,-4197.866,Lau_Totoya_Joe,Peter,Pomacentridae,Abudefduf,sexfasciatus,37372011,1,AD,Passing,
TY_Joe_Cam1_Left_3110_01.MP4,5287,1.4701,Lau_Totoya_Joe_Transect 1,1.12,,9.714,1.284,3999.2,3.23,,,-197.972,-82.539,-3993.444,Lau_Totoya_Joe,Peter,Pomacentridae,Abudefduf,sexfasciatus,37372011,1,AD,Passing,
TY_Joe_Cam1_Left_3110_01.MP4,5287,1.4701,Lau_Totoya_Joe_Transect 1,1.12,153.457,9.486,4.433,4235.705,6.29,12.275,4.987,423.894,-188.886,-4210.206,Lau_Totoya_Joe,Peter,Mullidae,Mulloidichthys,flavolineatus,37355019,1,AD,Passing,
TY_Joe_Cam1_Left_3110_01.MP4,5405,1.5029,Lau_Totoya_Joe_Transect 1,1.1528,,10.233,8.642,4081.216,34.809,,,2325.748,157.601,-3349.983,Lau_Totoya_Joe,Peter,Siganidae,Siganus,uspi,temp_code_007,1,AD,Passing,
TY_Joe_Cam1_Left_3110_01.MP4,5692,1.5827,Lau_Totoya_Joe_Transect 1,1.2326,109.565,7.462,1.83,2878.629,23.874,12.332,3.445,1152.966,167.379,-2632.329,Lau_Totoya_Joe,Peter,Pomacentridae,Abudefduf,sexfasciatus,37372011,1,AD,Passing,
TY_Joe_Cam1_Left_3110_01.MP4,5692,1.5827,Lau_Totoya_Joe_Transect 1,1.2326,,7.762,3.036,3336.739,22.794,,,1257.188,-281.744,-3077.975,Lau_Totoya_Joe,Peter,Pomacentridae,Amblyglyphidodon,orbicularis,temp_code_001,1,AD,Passing,
TY_Joe_Cam1_Left_3110_01.MP4,5692,1.5827,Lau_Totoya_Joe_Transect 1,1.2326,,6.504,0.63,3050.222,21.9,,,1126.89,-138.852,-2831.023,Lau_Totoya_Joe,Peter,Pomacentridae,Chromis,ternatensis,37372051,1,AD,Passing,
TY_Joe_Cam1_Left_3110_01.MP4,5692,1.5827,Lau_Totoya_Joe_Transect 1,1.2326,,6.93,3.743,3156.671,25.479,,,1341.749,-191.077,-2850.924,Lau_Totoya_Joe,Peter,Pomacentridae,Chromis,ternatensis,37372051,1,AD,Passing,
TY_Joe_Cam1_Left_3110_01.MP4,5692,1.5827,Lau_Totoya_Joe_Transect 1,1.2326,,6.888,2.033,3138.591,21.665,,,1148.829,169.366,-2915.864,Lau_Totoya_Joe,Peter,Pomacentridae,Chromis,ternatensis,37372051,1,AD,Passing,
TY_Joe_Cam1_Left_3110_01.MP4,5692,1.5827,Lau_Totoya_Joe_Transect 1,1.2326,,9.302,1.982,3688.981,26.631,,,1643.633,201.724,-3296.416,Lau_Totoya_Joe,Peter,Pomacentridae,Chromis,ternatensis,37372051,1,AD,Passing,
TY_Joe_Cam1_Left_3110_01.MP4,5692,1.5827,Lau_Totoya_Joe_Transect 1,1.2326,,7.531,3.717,3349.32,31.548,,,1718.122,362.787,-2852.084,Lau_Totoya_Joe,Peter,Pomacentridae,Chromis,ternatensis,37372051,1,AD,Passing,
TY_Joe_Cam1_Left_3110_01.MP4,5692,1.5827,Lau_Totoya_Joe_Transect 1,1.2326,,5.935,2.9,2988.547,32.993,,,1593.974,343.724,-2504.499,Lau_Totoya_Joe,Peter,Pomacentridae,Chromis,ternatensis,37372051,1,AD,Passing,
TY_Joe_Cam1_Left_3110_01.MP4,5692,1.5827,Lau_Totoya_Joe_Transect 1,1.2326,,5.3,1.448,2859.153,34.793,,,1589.959,380.462,-2345.642,Lau_Totoya_Joe,Peter,Pomacentridae,Chromis,ternatensis,37372051,1,AD,Passing,
TY_Joe_Cam1_Left_3110_01.MP4,5692,1.5827,Lau_Totoya_Joe_Transect 1,1.2326,,8.49,0.346,3640.146,34.699,,,2009.779,523.478,-2989.552,Lau_Totoya_Joe,Peter,Pomacentridae,Chromis,ternatensis,37372051,1,AD,Passing,
TY_Joe_Cam1_Left_3110_01.MP4,5692,1.5827,Lau_Totoya_Joe_Transect 1,1.2326,,4.371,4.154,2670.582,37.284,,,1582.039,351.244,-2122.684,Lau_Totoya_Joe,Peter,Pomacentridae,Chromis,ternatensis,37372051,1,AD,Passing,
TY_Joe_Cam1_Left_3110_01.MP4,5692,1.5827,Lau_Totoya_Joe_Transect 1,1.2326,,11.301,5.074,4133.981,30.517,,,2083.568,278.258,-3559.651,Lau_Totoya_Joe,Peter,Pomacentridae,Chromis,ternatensis,37372051,1,AD,Passing,
TY_Joe_Cam1_Left_3110_01.MP4,5692,1.5827,Lau_Totoya_Joe_Transect 1,1.2326,,9.998,0.383,3977.806,33.659,,,2196.181,214.13,-3309.664,Lau_Totoya_Joe,Peter,Pomacentridae,Chromis,ternatensis,37372051,1,AD,Passing,
TY_Joe_Cam1_Left_3110_01.MP4,5764,1.6027,Lau_Totoya_Joe_Transect 1,1.2526,,1.241,1.274,1186.11,18.65,,,-101.784,-358.347,-1126.092,Lau_Totoya_Joe,Peter,Pomacentridae,Pomacentrus,moluccensis,37372118,1,AD,Passing,
TY_Joe_Cam1_Left_3110_01.MP4,5840,1.6238,Lau_Totoya_Joe_Transect 1,1.2738,111.939,4.287,3.47,2658.916,14.098,8.845,6.557,553.911,-335.648,-2578.829,Lau_Totoya_Joe,Peter,Pomacentridae,Abudefduf,sexfasciatus,37372011,1,AD,Passing,
TY_Joe_Cam1_Left_3110_01.MP4,5870,1.6322,Lau_Totoya_Joe_Transect 1,1.2821,211.454,15.09,6.69,3362.85,20.65,45.521,15.737,-68.892,-1183.922,-3146.799,Lau_Totoya_Joe,Peter,Scaridae,Scarus,schlegeli,37386029,1,AD,Passing,
TY_Joe_Cam1_Left_3110_01.MP4,6005,1.6697,Lau_Totoya_Joe_Transect 1,1.3197,,5.485,2.749,2735.774,25.582,,,885.822,-766.056,-2472.435,Lau_Totoya_Joe,Peter,Acanthuridae,Acanthurus,sp,,1,AD,Passing,
TY_Joe_Cam1_Left_3110_01.MP4,6005,1.6697,Lau_Totoya_Joe_Transect 1,1.3197,,11.957,8.422,4121.573,22.946,,,1382.477,-795.181,-3800.501,Lau_Totoya_Joe,Peter,Scaridae,Chlorurus,spilurus,temp_code_002,1,AD,Passing,
TY_Joe_Cam1_Left_3110_01.MP4,6089,1.6931,Lau_Totoya_Joe_Transect 1,1.343,81.016,3.962,1.454,1887.253,35.329,36.519,15.846,-1011.505,-409.752,-1539.703,Lau_Totoya_Joe,Peter,Pomacentridae,Amblyglyphidodon,orbicularis,temp_code_001,1,AD,Passing,
TY_Joe_Cam1_Left_3110_01.MP4,6221,1.7298,Lau_Totoya_Joe_Transect 1,1.3797,85.116,5.184,3.529,1654.866,12.458,63.423,5.882,114.015,-338.303,-1615.9,Lau_Totoya_Joe,Peter,Pomacentridae,Amblyglyphidodon,orbicularis,temp_code_001,1,AD,Passing,
TY_Joe_Cam1_Left_3110_01.MP4,6221,1.7298,Lau_Totoya_Joe_Transect 1,1.3797,70.391,2.711,3.551,1467.801,27.511,40.594,5.894,334.197,-589.92,-1301.824,Lau_Totoya_Joe,Peter,Pomacentridae,Pomacentrus,philippinus,37372123,1,AD,Passing,
TY_Joe_Cam1_Left_3110_01.MP4,6221,1.7298,Lau_Totoya_Joe_Transect 1,1.3797,65.788,2.64,2.443,1374.083,22.581,46.642,23.266,24.524,-527.071,-1268.74,Lau_Totoya_Joe,Peter,Acanthuridae,Zebrasoma,scopas,37437036,1,AD,Passing,
TY_Joe_Cam1_Left_3110_01.MP4,6606,1.8368,Lau_Totoya_Joe_Transect 1,1.4868,,4.713,3.37,2559.788,29.167,,,1132.08,-510.134,-2238.453,Lau_Totoya_Joe,Peter,Chaetodontidae,Chaetodon,auriga,37365019,1,AD,Passing,
TY_Joe_Cam1_Left_3110_01.MP4,6862,1.908,Lau_Totoya_Joe_Transect 1,1.5579,,9.505,4.796,3715.412,21.474,,,-449.255,-1262.143,-3465.465,Lau_Totoya_Joe,Peter,Pomacentridae,Dascyllus,aruanus,37372073,1,AD,Passing,
TY_Joe_Cam1_Left_3110_01.MP4,6862,1.908,Lau_Totoya_Joe_Transect 1,1.5579,,11.815,4.412,4098.115,27.754,,,-913.134,-1653.045,-3637.056,Lau_Totoya_Joe,Peter,Pomacentridae,Dascyllus,aruanus,37372073,1,AD,Passing,
TY_Joe_Cam1_Left_3110_01.MP4,6862,1.908,Lau_Totoya_Joe_Transect 1,1.5579,,12.777,3.804,4360.438,17.683,,,-520.262,-1191.963,-4161.968,Lau_Totoya_Joe,Peter,Mullidae,Parupeneus,multifasciatus,37355026,1,AD,Passing,
TY_Joe_Cam1_Left_3110_01.MP4,6862,1.908,Lau_Totoya_Joe_Transect 1,1.5579,,10.9,6.071,3934.084,25.351,,,-801.744,-1459.072,-3564.453,Lau_Totoya_Joe,Peter,Mullidae,Parupeneus,multifasciatus,37355026,1,AD,Passing,
TY_Joe_Cam1_Left_3110_01.MP4,7095,1.9728,Lau_Totoya_Joe_Transect 1,1.6227,,14.254,2.402,4591.725,34.608,,,-2184.756,-1400.422,-3788.086,Lau_Totoya_Joe,Peter,Scaridae,Chlorurus,spilurus,temp_code_002,1,AD,Passing,
TY_Joe_Cam1_Left_3110_01.MP4,7133,1.9834,Lau_Totoya_Joe_Transect 1,1.6333,95.755,3.872,5.213,2486.644,9.908,14.693,14.355,-98.741,-416.308,-2449.558,Lau_Totoya_Joe,Peter,Pomacentridae,Amblyglyphidodon,orbicularis,temp_code_001,1,AD,Passing,
TY_Joe_Cam1_Left_3110_01.MP4,7133,1.9834,Lau_Totoya_Joe_Transect 1,1.6333,99.828,8.105,3.704,3113.895,23.389,22.064,24.257,-788.815,-951.743,-2858.024,Lau_Totoya_Joe,Peter,Pomacentridae,Amblyglyphidodon,orbicularis,temp_code_001,1,AD,Passing,
TY_Joe_Cam1_Left_3110_01.MP4,7227,2.0095,Lau_Totoya_Joe_Transect 1,1.6594,115.017,11.344,5.431,2626.231,20.252,63.938,22.034,-485.936,-768.28,-2463.879,Lau_Totoya_Joe,Peter,Scaridae,Chlorurus,spilurus,temp_code_002,1,AD,Passing,
TY_Joe_Cam1_Left_3110_01.MP4,7308,2.032,Lau_Totoya_Joe_Transect 1,1.682,81.697,4.9,4.425,2272.59,24.957,23.361,24.222,-796.719,-533.592,-2060.384,Lau_Totoya_Joe,Peter,Acanthuridae,Ctenochaetus,striatus,37437022,1,AD,Passing,
TY_Joe_Cam1_Left_3110_01.MP4,7308,2.032,Lau_Totoya_Joe_Transect 1,1.682,90.217,8.427,3.528,2384.506,28.478,75.204,30.683,-929.727,-654.484,-2095.979,Lau_Totoya_Joe,Peter,Mullidae,Parupeneus,multifasciatus,37355026,1,AD,Passing,
TY_Joe_Cam1_Left_3110_01.MP4,7308,2.032,Lau_Totoya_Joe_Transect 1,1.682,135.267,11.214,5.613,2637.442,28.894,74.172,15.609,-1093.915,-653.77,-2309.12,Lau_Totoya_Joe,Peter,Mullidae,Parupeneus,multifasciatus,37355026,1,AD,Passing,
TY_Joe_Cam1_Left_3110_01.MP4,7384,2.0532,Lau_Totoya_Joe_Transect 1,1.7031,98.532,6.388,5.316,2093.372,19.233,45.817,1.599,-337.028,-601.59,-1976.54,Lau_Totoya_Joe,Peter,Chaetodontidae,Chaetodon,lunulatus,37365059,1,AD,Passing,
TY_Joe_Cam1_Left_3110_01.MP4,7384,2.0532,Lau_Totoya_Joe_Transect 1,1.7031,,4.099,6.085,2368.195,21.774,,,-328.024,-801.136,-2204.298,Lau_Totoya_Joe,Peter,Chaetodontidae,Chaetodon,lunulatus,37365059,1,AD,Passing,
TY_Joe_Cam1_Left_3110_01.MP4,7446,2.0704,Lau_Totoya_Joe_Transect 1,1.7203,68.85,2.507,4.311,1570.634,24.956,26.611,26.22,-460.587,-476.452,-1423.989,Lau_Totoya_Joe,Peter,Pomacentridae,Pomacentrus,philippinus,37372123,1,AD,Passing,
TY_Joe_Cam1_Left_3110_01.MP4,7446,2.0704,Lau_Totoya_Joe_Transect 1,1.7203,,3.855,0.727,2326.602,32.577,,,-1110.189,-568.015,-1964.158,Lau_Totoya_Joe,Peter,Pomacentridae,Pomacentrus,philippinus,37372123,1,AD,Passing,
TY_Joe_Cam1_Left_3110_01.MP4,7503,2.0863,Lau_Totoya_Joe_Transect 1,1.7362,68.326,1.248,8.088,1155.814,26.657,13.225,17.991,-315.125,-411.817,-1032.962,Lau_Totoya_Joe,Peter,Chaetodontidae,Chaetodon,lunulatus,37365059,1,AD,Passing,
TY_Joe_Cam1_Left_3110_01.MP4,7534,2.0949,Lau_Totoya_Joe_Transect 1,1.7448,59.798,3.037,3.66,1672.546,19.359,28.927,17.351,-351.967,-428.385,-1577.978,Lau_Totoya_Joe,Peter,Pomacentridae,Chromis,atripes,37372037,1,AD,Passing,
TY_Joe_Cam1_Left_3110_01.MP4,7534,2.0949,Lau_Totoya_Joe_Transect 1,1.7448,87.131,1.537,5.547,1613.773,12.93,4.362,8.191,-146.006,-330.262,-1572.855,Lau_Totoya_Joe,Peter,Pomacentridae,Pomacentrus,philippinus,37372123,1,AD,Passing,
TY_Joe_Cam1_Left_3110_01.MP4,7534,2.0949,Lau_Totoya_Joe_Transect 1,1.7448,28.715,1.195,1.782,1279.108,17.014,7.704,2.398,-16.589,-373.897,-1223.129,Lau_Totoya_Joe,Peter,Pomacentridae,Pomacentrus,moluccensis,37372118,1,AD,Passing,
TY_Joe_Cam1_Left_3110_01.MP4,7704,2.1421,Lau_Totoya_Joe_Transect 1,1.7921,105.932,6.172,13.141,2727.863,25.193,34.844,53.698,-1014.862,-564.273,-2468.377,Lau_Totoya_Joe,Peter,Pomacentridae,Amblyglyphidodon,orbicularis,temp_code_001,1,AD,Passing,
TY_Joe_Cam1_Left_3110_01.MP4,7704,2.1421,Lau_Totoya_Joe_Transect 1,1.7921,,7.65,4.225,3256.446,22.273,,,972.681,778.692,-3008.65,Lau_Totoya_Joe,Peter,Pomacentridae,Amblyglyphidodon,orbicularis,temp_code_001,1,AD,Passing,
TY_Joe_Cam1_Left_3110_01.MP4,7704,2.1421,Lau_Totoya_Joe_Transect 1,1.7921,,7.635,0.226,3244.064,25.118,,,1066.271,889.798,-2931.77,Lau_Totoya_Joe,Peter,Pomacentridae,Amblyglyphidodon,orbicularis,temp_code_001,1,AD,Passing,
TY_Joe_Cam1_Left_3110_01.MP4,7704,2.1421,Lau_Totoya_Joe_Transect 1,1.7921,69.196,5.864,4.398,3332.083,20.335,5.647,19.118,702.217,920.677,-3124.423,Lau_Totoya_Joe,Peter,Pomacentridae,Chromis,ternatensis,37372051,1,AD,Passing,
TY_Joe_Cam1_Left_3110_01.MP4,7704,2.1421,Lau_Totoya_Joe_Transect 1,1.7921,75.378,7.381,2.598,3333.789,25.5,6.243,28.641,1048.347,980.207,-3009.038,Lau_Totoya_Joe,Peter,Pomacentridae,Chromis,ternatensis,37372051,1,AD,Passing,
TY_Joe_Cam1_Left_3110_01.MP4,7704,2.1421,Lau_Totoya_Joe_Transect 1,1.7921,,14.687,1.983,4679.401,15.888,,,-1205.33,461.911,-4497.845,Lau_Totoya_Joe,Peter,Pomacentridae,Chromis,ternatensis,37372051,1,AD,Passing,
TY_Joe_Cam1_Left_3110_01.MP4,7704,2.1421,Lau_Totoya_Joe_Transect 1,1.7921,,10.154,4.549,3895.157,15.264,,,-1016.146,161.43,-3756.811,Lau_Totoya_Joe,Peter,Pomacentridae,Chromis,ternatensis,37372051,1,AD,Passing,
TY_Joe_Cam1_Left_3110_01.MP4,7704,2.1421,Lau_Totoya_Joe_Transect 1,1.7921,,11.813,9.975,4218.567,14.779,,,-1056.642,229.316,-4077.65,Lau_Totoya_Joe,Peter,Pomacentridae,Chromis,ternatensis,37372051,1,AD,Passing,
TY_Joe_Cam1_Left_3110_01.MP4,7704,2.1421,Lau_Totoya_Joe_Transect 1,1.7921,,12.937,4.458,4424.785,14.1,,,-1038.333,316.491,-4289.571,Lau_Totoya_Joe,Peter,Pomacentridae,Chromis,ternatensis,37372051,1,AD,Passing,
TY_Joe_Cam1_Left_3110_01.MP4,7704,2.1421,Lau_Totoya_Joe_Transect 1,1.7921,,10.195,0.121,3878.031,18.925,,,-1257.35,-9.965,-3668.528,Lau_Totoya_Joe,Peter,Pomacentridae,Chromis,ternatensis,37372051,1,AD,Passing,
TY_Joe_Cam1_Left_3110_01.MP4,7704,2.1421,Lau_Totoya_Joe_Transect 1,1.7921,,9.685,10.078,3824.604,13.777,,,-909.702,67.878,-3714.221,Lau_Totoya_Joe,Peter,Pomacentridae,Chromis,ternatensis,37372051,1,AD,Passing,
TY_Joe_Cam1_Left_3110_01.MP4,7704,2.1421,Lau_Totoya_Joe_Transect 1,1.7921,,10.38,3.329,3903.47,20.147,,,-1334.659,-139.224,-3665.567,Lau_Totoya_Joe,Peter,Pomacentridae,Chromis,ternatensis,37372051,1,AD,Passing,
TY_Joe_Cam1_Left_3110_01.MP4,7704,2.1421,Lau_Totoya_Joe_Transect 1,1.7921,,9.137,10.614,3636.596,22.15,,,-1352.327,-205.185,-3369.561,Lau_Totoya_Joe,Peter,Pomacentridae,Chromis,ternatensis,37372051,1,AD,Passing,
TY_Joe_Cam1_Left_3110_01.MP4,7704,2.1421,Lau_Totoya_Joe_Transect 1,1.7921,,11.811,1.908,4160.316,27.751,,,-1897.819,-365.347,-3684.16,Lau_Totoya_Joe,Peter,Pomacentridae,Chromis,ternatensis,37372051,1,AD,Passing,
TY_Joe_Cam1_Left_3110_01.MP4,7704,2.1421,Lau_Totoya_Joe_Transect 1,1.7921,,7.893,0.198,3312.176,28.694,,,1044.677,1217.183,-2897.866,Lau_Totoya_Joe,Peter,Pomacentridae,Chromis,ternatensis,37372051,1,AD,Passing,
TY_Joe_Cam1_Left_3110_01.MP4,7704,2.1421,Lau_Totoya_Joe_Transect 1,1.7921,,10.154,4.811,4001.849,8.349,,,557.121,189.915,-3958.326,Lau_Totoya_Joe,Peter,Acanthuridae,Zebrasoma,scopas,37437036,1,AD,Passing,
TY_Joe_Cam1_Left_3110_01.MP4,7745,2.1535,Lau_Totoya_Joe_Transect 1,1.8035,,6.68,1.264,3166.819,35.906,,,1523.807,1077.742,-2558.364,Lau_Totoya_Joe,Peter,Chaetodontidae,Chaetodon,plebeius,37365050,1,AD,Passing,
TY_Joe_Cam1_Left_3110_01.MP4,7927,2.2041,Lau_Totoya_Joe_Transect 1,1.8541,162.952,8.653,4.438,3213.973,32.447,1.95,17.41,-1492.5,-863.662,-2712.224,Lau_Totoya_Joe,Peter,Pomacanthidae,Pygoplites,diacanthus,37365082,1,AD,Passing,
TY_Joe_Cam1_Left_3110_01.MP4,7951,2.2108,Lau_Totoya_Joe_Transect 1,1.8607,,6.523,2.335,3236.564,38.863,,,-1737.37,-1035.761,-2526.676,Lau_Totoya_Joe,Peter,Holocentridae,Myripristis,kuntee,37261011,1,AD,Passing,
TY_Joe_Cam1_Left_3110_01.MP4,8035,2.2342,Lau_Totoya_Joe_Transect 1,1.8841,,1.433,0.246,1332.646,25.127,,,543.431,-150.208,-1207.504,Lau_Totoya_Joe,Peter,Pomacentridae,Pomacentrus,moluccensis,37372118,1,AD,Passing,
TY_Joe_Cam1_Left_3110_01.MP4,8075,2.2453,Lau_Totoya_Joe_Transect 1,1.8952,186.596,4.134,4.255,2206.444,28.22,4.51,27.38,1013.046,249.526,-1944.188,Lau_Totoya_Joe,Peter,Acanthuridae,Ctenochaetus,striatus,37437022,1,AD,Passing,
TY_Joe_Cam1_Left_3110_01.MP4,8075,2.2453,Lau_Totoya_Joe_Transect 1,1.8952,92.014,4.652,5.459,2283.728,16.224,25.167,29.772,-386.157,-507.932,-2192.784,Lau_Totoya_Joe,Peter,Acanthuridae,Zebrasoma,scopas,37437036,1,AD,Passing,
TY_Joe_Cam1_Left_3110_01.MP4,8209,2.2826,Lau_Totoya_Joe_Transect 1,1.9325,,2.644,1.765,1961.036,33.846,,,-1066.961,-223.39,-1630.139,Lau_Totoya_Joe,Peter,Pomacentridae,Amblyglyphidodon,orbicularis,temp_code_001,1,AD,Passing,
TY_Joe_Cam1_Left_3110_01.MP4,8209,2.2826,Lau_Totoya_Joe_Transect 1,1.9325,88.451,4.17,3.603,2032.015,29.93,21.572,24.596,-1000.03,-166.797,-1761.024,Lau_Totoya_Joe,Peter,Pomacentridae,Chromis,ternatensis,37372051,1,AD,Passing,
TY_Joe_Cam1_Left_3110_01.MP4,8209,2.2826,Lau_Totoya_Joe_Transect 1,1.9325,,2.468,0.835,1831.114,30,,,-874.8,-260.186,-1587.453,Lau_Totoya_Joe,Peter,Pomacentridae,Dascyllus,aruanus,37372073,1,AD,Passing,
TY_Joe_Cam1_Left_3110_01.MP4,8209,2.2826,Lau_Totoya_Joe_Transect 1,1.9325,71.782,2.003,8.34,1881.844,14.836,2.859,9.231,-309.033,-369.715,-1819.106,Lau_Totoya_Joe,Peter,Labridae,Stethojulis,trilineata,37384157,1,AD,Passing,
TY_Joe_Cam1_Left_3110_01.MP4,8309,2.3104,Lau_Totoya_Joe_Transect 1,1.9603,42.984,1.143,1.657,1096.612,26.049,7.689,4.763,-340.251,-340.785,-985.217,Lau_Totoya_Joe,Peter,Pomacentridae,Pomacentrus,moluccensis,37372118,1,AD,Passing,
TY_Joe_Cam1_Left_3110_01.MP4,8869,2.4661,Lau_Totoya_Joe_Transect 1,2.116,131.878,5.66,4.338,2478.238,10.052,25.372,23.975,372.235,-220.358,-2440.194,Lau_Totoya_Joe,Peter,Caesionidae,Caesio,caerulaurea,37346024,1,AD,Passing,
TY_Joe_Cam1_Left_3110_01.MP4,8869,2.4661,Lau_Totoya_Joe_Transect 1,2.116,134.791,4.369,3.586,2274.929,5.73,24.113,31.11,202.875,-102.139,-2263.562,Lau_Totoya_Joe,Peter,Caesionidae,Caesio,caerulaurea,37346024,1,AD,Passing,
TY_Joe_Cam1_Left_3110_01.MP4,8869,2.4661,Lau_Totoya_Joe_Transect 1,2.116,120.47,5.619,1.113,2462.039,11.991,24.494,22.671,498.635,-114.053,-2408.317,Lau_Totoya_Joe,Peter,Caesionidae,Caesio,caerulaurea,37346024,1,AD,Passing,
TY_Joe_Cam1_Left_3110_01.MP4,8869,2.4661,Lau_Totoya_Joe_Transect 1,2.116,,4.546,1.489,2527.982,17.469,,,755.789,-53.348,-2411.769,Lau_Totoya_Joe,Peter,Caesionidae,Caesio,caerulaurea,37346024,1,AD,Passing,
TY_Joe_Cam1_Left_3110_01.MP4,8869,2.4661,Lau_Totoya_Joe_Transect 1,2.116,,4.446,2.223,2510.792,14.397,,,624.237,21.857,-2431.857,Lau_Totoya_Joe,Peter,Caesionidae,Caesio,caerulaurea,37346024,1,AD,Passing,
TY_Joe_Cam1_Left_3110_01.MP4,8869,2.4661,Lau_Totoya_Joe_Transect 1,2.116,,4.789,4.409,2606.117,29.615,,,1242.148,354.252,-2263.497,Lau_Totoya_Joe,Peter,Caesionidae,Caesio,caerulaurea,37346024,1,AD,Passing,
TY_Joe_Cam1_Left_3110_01.MP4,8869,2.4661,Lau_Totoya_Joe_Transect 1,2.116,,6.063,1.24,2966.319,32.136,,,1473.429,580.23,-2508.264,Lau_Totoya_Joe,Peter,Caesionidae,Caesio,caerulaurea,37346024,1,AD,Passing,
TY_Joe_Cam1_Left_3110_01.MP4,8869,2.4661,Lau_Totoya_Joe_Transect 1,2.116,,8.678,2.102,3491.47,23.783,,,1287.423,590.11,-3191.344,Lau_Totoya_Joe,Peter,Caesionidae,Caesio,caerulaurea,37346024,1,AD,Passing,
TY_Joe_Cam1_Left_3110_01.MP4,8869,2.4661,Lau_Totoya_Joe_Transect 1,2.116,,7.271,1.936,3204.552,27.973,,,1407.227,546.037,-2826.784,Lau_Totoya_Joe,Peter,Caesionidae,Caesio,caerulaurea,37346024,1,AD,Passing,
TY_Joe_Cam1_Left_3110_01.MP4,8869,2.4661,Lau_Totoya_Joe_Transect 1,2.116,,7.783,1.589,3307.946,27.264,,,1397.052,605.36,-2936.714,Lau_Totoya_Joe,Peter,Caesionidae,Caesio,caerulaurea,37346024,1,AD,Passing,
TY_Joe_Cam1_Left_3110_01.MP4,8869,2.4661,Lau_Totoya_Joe_Transect 1,2.116,,5.426,1.661,2884.425,35.062,,,1583.661,502.337,-2357.877,Lau_Totoya_Joe,Peter,Caesionidae,Caesio,caerulaurea,37346024,1,AD,Passing,
TY_Joe_Cam1_Left_3110_01.MP4,8869,2.4661,Lau_Totoya_Joe_Transect 1,2.116,,6.37,1.223,3058.853,32.329,,,1556.715,518.641,-2581.517,Lau_Totoya_Joe,Peter,Caesionidae,Caesio,caerulaurea,37346024,1,AD,Passing,
TY_Joe_Cam1_Left_3110_01.MP4,8869,2.4661,Lau_Totoya_Joe_Transect 1,2.116,,5.33,3.488,2900.213,36.613,,,1632.396,586.556,-2324.322,Lau_Totoya_Joe,Peter,Caesionidae,Caesio,caerulaurea,37346024,1,AD,Passing,
TY_Joe_Cam1_Left_3110_01.MP4,8869,2.4661,Lau_Totoya_Joe_Transect 1,2.116,,5.525,0.308,2914.616,34.941,,,1607.89,463.555,-2386.376,Lau_Totoya_Joe,Peter,Caesionidae,Caesio,caerulaurea,37346024,1,AD,Passing,
TY_Joe_Cam1_Left_3110_01.MP4,8989,2.4994,Lau_Totoya_Joe_Transect 1,2.1494,89.239,6.603,3.598,2139.843,16.411,58.597,37.046,288.088,-531.524,-2052.661,Lau_Totoya_Joe,Peter,Chaetodontidae,Chaetodon,mertensii,37365044,1,AD,Passing,
TY_Joe_Cam1_Left_3110_01.MP4,9088,2.527,Lau_Totoya_Joe_Transect 1,2.1769,,9.667,0.153,3877.132,33.712,,,2113.769,423.502,-3222.542,Lau_Totoya_Joe,Peter,Caesionidae,Caesio,caerulaurea,37346024,1,AD,Passing,
TY_Joe_Cam1_Left_3110_01.MP4,9088,2.527,Lau_Totoya_Joe_Transect 1,2.1769,,9.197,5.149,3697.741,31.453,,,1871.642,488.69,-3151.416,Lau_Totoya_Joe,Peter,Caesionidae,Caesio,caerulaurea,37346024,1,AD,Passing,
TY_Joe_Cam1_Left_3110_01.MP4,9088,2.527,Lau_Totoya_Joe_Transect 1,2.1769,,10.111,0.464,3892.849,32.721,,,2004.573,660.542,-3271.032,Lau_Totoya_Joe,Peter,Caesionidae,Caesio,caerulaurea,37346024,1,AD,Passing,
TY_Joe_Cam1_Left_3110_01.MP4,9088,2.527,Lau_Totoya_Joe_Transect 1,2.1769,,8.885,2.06,3786.805,35.898,,,2166.829,503.965,-3064.435,Lau_Totoya_Joe,Peter,Caesionidae,Caesio,caerulaurea,37346024,1,AD,Passing,
TY_Joe_Cam1_Left_3110_01.MP4,9088,2.527,Lau_Totoya_Joe_Transect 1,2.1769,,7.914,8.502,3609.138,36.995,,,2105.921,548.731,-2879.213,Lau_Totoya_Joe,Peter,Caesionidae,Caesio,caerulaurea,37346024,1,AD,Passing,
TY_Joe_Cam1_Left_3110_01.MP4,9088,2.527,Lau_Totoya_Joe_Transect 1,2.1769,,10.216,1.62,3815.167,25.348,,,1547.303,544.644,-3444.519,Lau_Totoya_Joe,Peter,Caesionidae,Caesio,caerulaurea,37346024,1,AD,Passing,
TY_Joe_Cam1_Left_3110_01.MP4,9431,2.6223,Lau_Totoya_Joe_Transect 1,2.2723,,8.228,0.911,3442.978,17.297,,,825.098,-585.33,-3291.003,Lau_Totoya_Joe,Peter,Acanthuridae,Zebrasoma,scopas,37437036,1,AD,Passing,
TY_Joe_Cam1_Left_3110_01.MP4,9431,2.6223,Lau_Totoya_Joe_Transect 1,2.2723,,8.533,2.136,3524.551,16.433,,,848.937,-501.806,-3383.778,Lau_Totoya_Joe,Peter,Acanthuridae,Zebrasoma,scopas,37437036,1,AD,Passing,
TY_Joe_Cam1_Left_3110_01.MP4,9431,2.6223,Lau_Totoya_Joe_Transect 1,2.2723,,7.446,0.537,3247.45,20.114,,,985.929,-505.433,-3052.607,Lau_Totoya_Joe,Peter,Acanthuridae,Zebrasoma,scopas,37437036,1,AD,Passing,
TY_Joe_Cam1_Left_3110_01.MP4,9479,2.6357,Lau_Totoya_Joe_Transect 1,2.2856,116.977,8.649,0.859,3024.817,36.09,9.312,10.929,1698.745,537.62,-2444.33,Lau_Totoya_Joe,Peter,Pomacentridae,Amblyglyphidodon,orbicularis,temp_code_001,1,AD,Passing,
TY_Joe_Cam1_Left_3110_01.MP4,9479,2.6357,Lau_Totoya_Joe_Transect 1,2.2856,,5.506,2.178,2949.405,35.74,,,1681.681,389.058,-2391.562,Lau_Totoya_Joe,Peter,Pomacentridae,Pomacentrus,philippinus,37372123,1,AD,Passing,
TY_Joe_Cam1_Left_3110_01.MP4,9524,2.6482,Lau_Totoya_Joe_Transect 1,2.2981,,9.34,4.724,3722.885,17.184,,,1099.447,52.622,-3556.447,Lau_Totoya_Joe,Peter,Pomacentridae,Amblyglyphidodon,orbicularis,temp_code_001,1,AD,Passing,
TY_Joe_Cam1_Left_3110_01.MP4,9524,2.6482,Lau_Totoya_Joe_Transect 1,2.2981,,5.633,2.189,2830.781,24.787,,,1181.277,-98.046,-2570.661,Lau_Totoya_Joe,Peter,Pomacentridae,Pomacentrus,philippinus,37372123,1,AD,Passing,
TY_Joe_Cam1_Left_3110_01.MP4,9625,2.6763,Lau_Totoya_Joe_Transect 1,2.3262,,3.398,4.802,2174.979,10.559,,,-353.659,-170.393,-2139.258,Lau_Totoya_Joe,Peter,Pomacentridae,Abudefduf,vaigiensis,37372013,1,AD,Passing,
TY_Joe_Cam1_Left_3110_01.MP4,9625,2.6763,Lau_Totoya_Joe_Transect 1,2.3262,81.052,1.831,4.726,2047.665,1.68,2.068,13.677,-29.892,52.051,-2046.785,Lau_Totoya_Joe,Peter,Pomacentridae,Amblyglyphidodon,orbicularis,temp_code_001,1,AD,Passing,
TY_Joe_Cam1_Left_3110_01.MP4,9625,2.6763,Lau_Totoya_Joe_Transect 1,2.3262,,11.185,3.154,4212.575,7.729,,,370.988,454.354,-4171.537,Lau_Totoya_Joe,Peter,Pomacentridae,Amblyglyphidodon,orbicularis,temp_code_001,1,AD,Passing,
TY_Joe_Cam1_Left_3110_01.MP4,9625,2.6763,Lau_Totoya_Joe_Transect 1,2.3262,,14.893,4.05,4977.949,5.058,,,344.331,303.118,-4956.766,Lau_Totoya_Joe,Peter,Pomacentridae,Amblyglyphidodon,orbicularis,temp_code_001,1,AD,Passing,
TY_Joe_Cam1_Left_3110_01.MP4,9625,2.6763,Lau_Totoya_Joe_Transect 1,2.3262,,4.797,4.421,2673.137,6.741,,,-305.99,-52.896,-2655.039,Lau_Totoya_Joe,Peter,Pomacentridae,Amblyglyphidodon,orbicularis,temp_code_001,1,AD,Passing,
TY_Joe_Cam1_Left_3110_01.MP4,9625,2.6763,Lau_Totoya_Joe_Transect 1,2.3262,,3.914,3.387,2346.764,12.149,,,-265.396,-402.141,-2296.77,Lau_Totoya_Joe,Peter,Pomacanthidae,Centropyge,bicolor,37365022,1,AD,Passing,
TY_Joe_Cam1_Left_3110_01.MP4,9625,2.6763,Lau_Totoya_Joe_Transect 1,2.3262,,3.557,1.703,2265.706,4.414,,,-92.245,-133.845,-2259.868,Lau_Totoya_Joe,Peter,Pomacentridae,Pomacentrus,moluccensis,37372118,1,AD,Passing,
TY_Joe_Cam1_Left_3110_01.MP4,9625,2.6763,Lau_Totoya_Joe_Transect 1,2.3262,,3.378,4.344,2203.398,2.409,,,37.193,-71.012,-2201.94,Lau_Totoya_Joe,Peter,Pomacentridae,Pomacentrus,moluccensis,37372118,1,AD,Passing,
TY_Joe_Cam1_Left_3110_01.MP4,9625,2.6763,Lau_Totoya_Joe_Transect 1,2.3262,,4.338,2.068,2512.346,8.589,,,-275.423,-239.229,-2485.718,Lau_Totoya_Joe,Peter,Pomacentridae,Pomacentrus,moluccensis,37372118,1,AD,Passing,
TY_Joe_Cam1_Left_3110_01.MP4,9625,2.6763,Lau_Totoya_Joe_Transect 1,2.3262,,4.621,0.154,2605.402,8.352,,,-290.585,-226.284,-2579.24,Lau_Totoya_Joe,Peter,Pomacentridae,Pomacentrus,moluccensis,37372118,1,AD,Passing,
TY_Joe_Cam1_Left_3110_01.MP4,9649,2.683,Lau_Totoya_Joe_Transect 1,2.3329,119.529,7.744,4.256,2089.841,12.635,73.468,29.196,-295.232,-348.998,-2039.234,Lau_Totoya_Joe,Peter,Mullidae,Parupeneus,multifasciatus,37355026,1,AD,Passing,
TY_Joe_Cam1_Left_3110_01.MP4,9713,2.7008,Lau_Totoya_Joe_Transect 1,2.3507,95.943,2.396,6.521,1825.933,8.6,20.973,48.529,144.45,-231.685,-1805.405,Lau_Totoya_Joe,Peter,Pomacanthidae,Centropyge,bicolor,37365022,1,AD,Passing,
TY_Joe_Cam1_Left_3110_01.MP4,36821,10.2383,Lau_Totoya_Joe_Transect 2,0.1763,38.677,2.868,1.845,1764.526,9.31,24.644,28.909,-84.938,-272.519,-1741.284,Lau_Totoya_Joe,Peter,Pomacentridae,Dascyllus,aruanus,37372073,1,AD,Passing,
TY_Joe_Cam1_Left_3110_01.MP4,36821,10.2383,Lau_Totoya_Joe_Transect 2,0.1763,52.236,2.015,3.007,1747.099,15.079,5.909,13.131,359.309,-278.329,-1686.946,Lau_Totoya_Joe,Peter,Pomacentridae,Pomacentrus,maafu,temp_code_005,1,AD,Passing,
TY_Joe_Cam1_Left_3110_01.MP4,36867,10.2511,Lau_Totoya_Joe_Transect 2,0.1891,,5.06,1.28,2665.335,30.418,,,1224.141,582.366,-2294.851,Lau_Totoya_Joe,Peter,Pomacentridae,Amblyglyphidodon,orbicularis,temp_code_001,1,AD,Passing,
TY_Joe_Cam1_Left_3110_01.MP4,36867,10.2511,Lau_Totoya_Joe_Transect 2,0.1891,,1.94,2.893,1559.021,15.227,,,84.132,-391.303,-1506.769,Lau_Totoya_Joe,Peter,Pomacentridae,Dascyllus,aruanus,37372073,1,AD,Passing,
TY_Joe_Cam1_Left_3110_01.MP4,36867,10.2511,Lau_Totoya_Joe_Transect 2,0.1891,,1.989,4.239,1584.304,13.666,,,39.552,-362.576,-1541.75,Lau_Totoya_Joe,Peter,Pomacentridae,Dascyllus,aruanus,37372073,1,AD,Passing,
TY_Joe_Cam1_Left_3110_01.MP4,36867,10.2511,Lau_Totoya_Joe_Transect 2,0.1891,,2.079,3.203,1627.26,13.348,,,0.628,-365.75,-1585.624,Lau_Totoya_Joe,Peter,Pomacentridae,Dascyllus,aruanus,37372073,1,AD,Passing,
TY_Joe_Cam1_Left_3110_01.MP4,36867,10.2511,Lau_Totoya_Joe_Transect 2,0.1891,,2.065,0.985,1624.011,11.382,,,-15.144,-310.168,-1594.045,Lau_Totoya_Joe,Peter,Pomacentridae,Dascyllus,aruanus,37372073,1,AD,Passing,
TY_Joe_Cam1_Left_3110_01.MP4,36867,10.2511,Lau_Totoya_Joe_Transect 2,0.1891,,1.525,2.211,1347.375,13.149,,,145.737,-261.421,-1313.712,Lau_Totoya_Joe,Peter,Pomacentridae,Pomacentrus,maafu,temp_code_005,1,AD,Passing,
TY_Joe_Cam1_Left_3110_01.MP4,36907,10.2622,Lau_Totoya_Joe_Transect 2,0.2002,34.59,2.073,2.969,1426.604,28.738,16.76,4.346,603.323,-326.303,-1250.89,Lau_Totoya_Joe,Peter,Pomacentridae,Dascyllus,aruanus,37372073,1,AD,Passing,
TY_Joe_Cam1_Left_3110_01.MP4,36907,10.2622,Lau_Totoya_Joe_Transect 2,0.2002,,1.607,1.868,1435.49,30.208,,,585.597,-414.977,-1243.181,Lau_Totoya_Joe,Peter,Pomacentridae,Pomacentrus,moluccensis,37372118,1,AD,Passing,
TY_Joe_Cam1_Left_3110_01.MP4,36907,10.2622,Lau_Totoya_Joe_Transect 2,0.2002,,1.557,0.501,1383.429,25.233,,,476.943,-339.04,-1253.576,Lau_Totoya_Joe,Peter,Pomacentridae,Pomacentrus,moluccensis,37372118,1,AD,Passing,
TY_Joe_Cam1_Left_3110_01.MP4,37173,10.3362,Lau_Totoya_Joe_Transect 2,0.2742,109.856,9.775,7.525,2654.918,11.572,40.981,10.038,-377.533,-375.609,-2600.956,Lau_Totoya_Joe,Peter,Pomacentridae,Amblyglyphidodon,orbicularis,temp_code_001,1,AD,Passing,
TY_Joe_Cam1_Left_3110_01.MP4,37173,10.3362,Lau_Totoya_Joe_Transect 2,0.2742,,7.569,1.914,3348.207,13.121,,,-649.888,-373.737,-3263.198,Lau_Totoya_Joe,Peter,Pomacentridae,Amblyglyphidodon,orbicularis,temp_code_001,1,AD,Passing,
TY_Joe_Cam1_Left_3110_01.MP4,37173,10.3362,Lau_Totoya_Joe_Transect 2,0.2742,,9.184,2.737,3584.566,23.123,,,-884.786,-1074.229,-3303.377,Lau_Totoya_Joe,Peter,Chaetodontidae,Forcipiger,flavissimus,37365068,1,AD,Passing,
TY_Joe_Cam1_Left_3110_01.MP4,37474,10.4199,Lau_Totoya_Joe_Transect 2,0.3579,184.027,9.161,2.932,3349.741,24.732,18.975,35.233,-1306.753,-506.337,-3042.496,Lau_Totoya_Joe,Peter,Lutjanidae,Lutjanus,fulvus,37346043,1,AD,Passing,
TY_Joe_Cam1_Left_3110_01.MP4,37522,10.4332,Lau_Totoya_Joe_Transect 2,0.3712,,6.672,4.647,3087.676,24.315,,,-1267.746,-78.06,-2814.333,Lau_Totoya_Joe,Peter,Acanthuridae,Zebrasoma,scopas,37437036,1,AD,Passing,
TY_Joe_Cam1_Left_3110_01.MP4,37734,10.4921,Lau_Totoya_Joe_Transect 2,0.4302,110.264,3.475,2.468,2061.17,30.239,10.043,34.885,886.734,539.61,-1780.715,Lau_Totoya_Joe,Peter,Pomacentridae,Amblyglyphidodon,orbicularis,temp_code_001,1,AD,Passing,
TY_Joe_Cam1_Left_3110_01.MP4,37734,10.4921,Lau_Totoya_Joe_Transect 2,0.4302,74.501,5.277,0.912,1972.461,32.778,56.753,5.322,856.558,637.664,-1658.401,Lau_Totoya_Joe,Peter,Pomacentridae,Amblyglyphidodon,orbicularis,temp_code_001,1,AD,Passing,
TY_Joe_Cam1_Left_3110_01.MP4,37734,10.4921,Lau_Totoya_Joe_Transect 2,0.4302,48.589,4.095,6.455,2258.097,30.655,10.606,34.779,947.3,654.378,-1942.528,Lau_Totoya_Joe,Peter,Pomacentridae,Pomacentrus,philippinus,37372123,1,AD,Passing,
TY_Joe_Cam1_Left_3110_01.MP4,38710,10.7635,Lau_Totoya_Joe_Transect 2,0.7015,85.67,5.817,5.744,2402.842,27.344,42.258,44.935,-1056.12,-320.606,-2134.356,Lau_Totoya_Joe,Peter,Pomacentridae,Amblyglyphidodon,curacao,37372017,1,AD,Passing,
TY_Joe_Cam1_Left_3110_01.MP4,38741,10.7722,Lau_Totoya_Joe_Transect 2,0.7102,20.032,1.178,1.504,1098.618,14.667,15.255,17.859,-128.86,-246.532,-1062.817,Lau_Totoya_Joe,Peter,Pomacentridae,Chromis,viridis,37372053,1,AD,Passing,
TY_Joe_Cam1_Left_3110_01.MP4,38741,10.7722,Lau_Totoya_Joe_Transect 2,0.7102,,1.116,0.914,1145.803,25.673,,,-420.576,-257.216,-1034.322,Lau_Totoya_Joe,Peter,Pomacentridae,Chromis,viridis,37372053,1,AD,Passing,
TY_Joe_Cam1_Left_3110_01.MP4,38741,10.7722,Lau_Totoya_Joe_Transect 2,0.7102,,1.108,1.738,1146.274,26.61,,,-435.886,-264.887,-1026.539,Lau_Totoya_Joe,Peter,Pomacentridae,Chromis,viridis,37372053,1,AD,Passing,
TY_Joe_Cam1_Left_3110_01.MP4,38741,10.7722,Lau_Totoya_Joe_Transect 2,0.7102,,1.066,2.538,1120.541,26.696,,,-421.819,-268.474,-1002.797,Lau_Totoya_Joe,Peter,Pomacentridae,Chromis,viridis,37372053,1,AD,Passing,
TY_Joe_Cam1_Left_3110_01.MP4,38741,10.7722,Lau_Totoya_Joe_Transect 2,0.7102,,1.049,0.025,1116.397,28.051,,,-428.44,-297.232,-987.134,Lau_Totoya_Joe,Peter,Pomacentridae,Chromis,viridis,37372053,1,AD,Passing,
TY_Joe_Cam1_Left_3110_01.MP4,38741,10.7722,Lau_Totoya_Joe_Transect 2,0.7102,,1.077,1.845,1109.352,23.278,,,-356.219,-249.182,-1020.626,Lau_Totoya_Joe,Peter,Pomacentridae,Chromis,viridis,37372053,1,AD,Passing,
TY_Joe_Cam1_Left_3110_01.MP4,38741,10.7722,Lau_Totoya_Joe_Transect 2,0.7102,,1.082,0.203,1114.3,23.791,,,-365.862,-254.77,-1021.225,Lau_Totoya_Joe,Peter,Pomacentridae,Chromis,viridis,37372053,1,AD,Passing,
TY_Joe_Cam1_Left_3110_01.MP4,38741,10.7722,Lau_Totoya_Joe_Transect 2,0.7102,,1.091,1.573,1122.854,24.387,,,-379.868,-259.389,-1024.314,Lau_Totoya_Joe,Peter,Pomacentridae,Chromis,viridis,37372053,1,AD,Passing,
TY_Joe_Cam1_Left_3110_01.MP4,38741,10.7722,Lau_Totoya_Joe_Transect 2,0.7102,,1.171,0.115,1158.95,21.629,,,-336.666,-256.201,-1078.973,Lau_Totoya_Joe,Peter,Pomacentridae,Chromis,viridis,37372053,1,AD,Passing,
TY_Joe_Cam1_Left_3110_01.MP4,38741,10.7722,Lau_Totoya_Joe_Transect 2,0.7102,,1.188,1.961,1165.076,20.507,,,-311.145,-257.309,-1092.878,Lau_Totoya_Joe,Peter,Pomacentridae,Chromis,viridis,37372053,1,AD,Passing,
TY_Joe_Cam1_Left_3110_01.MP4,38741,10.7722,Lau_Totoya_Joe_Transect 2,0.7102,,1.146,0.127,1141.297,21.257,,,-310.673,-266.624,-1065.341,Lau_Totoya_Joe,Peter,Pomacentridae,Chromis,viridis,37372053,1,AD,Passing,
TY_Joe_Cam1_Left_3110_01.MP4,38741,10.7722,Lau_Totoya_Joe_Transect 2,0.7102,,1.097,1.078,1117.081,22.581,,,-335.034,-261.398,-1033.099,Lau_Totoya_Joe,Peter,Pomacentridae,Chromis,viridis,37372053,1,AD,Passing,
TY_Joe_Cam1_Left_3110_01.MP4,38741,10.7722,Lau_Totoya_Joe_Transect 2,0.7102,,1.169,0.206,1151.2,20.146,,,-282.761,-271.163,-1082.487,Lau_Totoya_Joe,Peter,Pomacentridae,Chromis,viridis,37372053,1,AD,Passing,
TY_Joe_Cam1_Left_3110_01.MP4,38741,10.7722,Lau_Totoya_Joe_Transect 2,0.7102,,1.125,2.9,1110.326,14.276,,,-49.619,-262.527,-1077.702,Lau_Totoya_Joe,Peter,Pomacentridae,Chromis,viridis,37372053,1,AD,Passing,
TY_Joe_Cam1_Left_3110_01.MP4,38741,10.7722,Lau_Totoya_Joe_Transect 2,0.7102,,1.085,0.213,1084.817,15.077,,,-25.525,-274.451,-1049.215,Lau_Totoya_Joe,Peter,Pomacentridae,Chromis,viridis,37372053,1,AD,Passing,
TY_Joe_Cam1_Left_3110_01.MP4,38741,10.7722,Lau_Totoya_Joe_Transect 2,0.7102,,1.111,0.741,1102.635,14.956,,,-101.714,-259.08,-1066.928,Lau_Totoya_Joe,Peter,Pomacentridae,Chromis,viridis,37372053,1,AD,Passing,
TY_Joe_Cam1_Left_3110_01.MP4,38741,10.7722,Lau_Totoya_Joe_Transect 2,0.7102,,1.078,1.439,1080.973,15.763,,,-10.453,-286.95,-1042.139,Lau_Totoya_Joe,Peter,Pomacentridae,Chromis,viridis,37372053,1,AD,Passing,
TY_Joe_Cam1_Left_3110_01.MP4,38741,10.7722,Lau_Totoya_Joe_Transect 2,0.7102,,1.098,3.703,1098.58,16.813,,,-188.634,-249.131,-1053.2,Lau_Totoya_Joe,Peter,Pomacentridae,Chromis,viridis,37372053,1,AD,Passing,
TY_Joe_Cam1_Left_3110_01.MP4,38741,10.7722,Lau_Totoya_Joe_Transect 2,0.7102,,1.376,0.993,1305.031,26.946,,,530.447,-254.166,-1164.96,Lau_Totoya_Joe,Peter,Pomacentridae,Chromis,viridis,37372053,1,AD,Passing,
TY_Joe_Cam1_Left_3110_01.MP4,38741,10.7722,Lau_Totoya_Joe_Transect 2,0.7102,,1.469,1.469,1349.725,26.019,,,535.567,-244.824,-1214.491,Lau_Totoya_Joe,Peter,Pomacentridae,Chromis,viridis,37372053,1,AD,Passing,
TY_Joe_Cam1_Left_3110_01.MP4,38741,10.7722,Lau_Totoya_Joe_Transect 2,0.7102,,1.563,3.797,1397.156,25.615,,,555.376,-229.598,-1261.303,Lau_Totoya_Joe,Peter,Pomacentridae,Chromis,viridis,37372053,1,AD,Passing,
TY_Joe_Cam1_Left_3110_01.MP4,38741,10.7722,Lau_Totoya_Joe_Transect 2,0.7102,,1.55,5.603,1385.97,24.47,,,528.551,-216.171,-1262.861,Lau_Totoya_Joe,Peter,Pomacentridae,Chromis,viridis,37372053,1,AD,Passing,
TY_Joe_Cam1_Left_3110_01.MP4,38741,10.7722,Lau_Totoya_Joe_Transect 2,0.7102,,1.698,2.974,1440.766,12.467,,,187.071,-239.653,-1408.325,Lau_Totoya_Joe,Peter,Pomacentridae,Chromis,viridis,37372053,1,AD,Passing,
TY_Joe_Cam1_Left_3110_01.MP4,38741,10.7722,Lau_Totoya_Joe_Transect 2,0.7102,,1.56,2.848,1366.457,12.727,,,131.165,-262.614,-1334.554,Lau_Totoya_Joe,Peter,Pomacentridae,Chromis,viridis,37372053,1,AD,Passing,
TY_Joe_Cam1_Left_3110_01.MP4,38741,10.7722,Lau_Totoya_Joe_Transect 2,0.7102,,1.72,1.987,1451.452,13.728,,,235.462,-242.551,-1411.539,Lau_Totoya_Joe,Peter,Pomacentridae,Chromis,viridis,37372053,1,AD,Passing,
TY_Joe_Cam1_Left_3110_01.MP4,38741,10.7722,Lau_Totoya_Joe_Transect 2,0.7102,,1.625,0.04,1403.853,15.976,,,329.403,-193.519,-1350.869,Lau_Totoya_Joe,Peter,Pomacentridae,Chromis,viridis,37372053,1,AD,Passing,
TY_Joe_Cam1_Left_3110_01.MP4,38741,10.7722,Lau_Totoya_Joe_Transect 2,0.7102,,1.642,0.55,1413.103,16.83,,,346.236,-209.492,-1353.918,Lau_Totoya_Joe,Peter,Pomacentridae,Chromis,viridis,37372053,1,AD,Passing,
TY_Joe_Cam1_Left_3110_01.MP4,38741,10.7722,Lau_Totoya_Joe_Transect 2,0.7102,,1.543,0.074,1364.748,18.7,,,387.203,-195.697,-1293.952,Lau_Totoya_Joe,Peter,Pomacentridae,Chromis,viridis,37372053,1,AD,Passing,
TY_Joe_Cam1_Left_3110_01.MP4,38741,10.7722,Lau_Totoya_Joe_Transect 2,0.7102,,1.652,2.249,1436.35,24.167,,,545.019,-212.596,-1311.815,Lau_Totoya_Joe,Peter,Pomacentridae,Chromis,viridis,37372053,1,AD,Passing,
TY_Joe_Cam1_Left_3110_01.MP4,38741,10.7722,Lau_Totoya_Joe_Transect 2,0.7102,,1.669,0.491,1442.118,23.452,,,532.234,-206.513,-1324.305,Lau_Totoya_Joe,Peter,Pomacentridae,Chromis,viridis,37372053,1,AD,Passing,
TY_Joe_Cam1_Left_3110_01.MP4,38741,10.7722,Lau_Totoya_Joe_Transect 2,0.7102,,1.657,1.957,1434.018,22.76,,,516.862,-193.274,-1323.596,Lau_Totoya_Joe,Peter,Pomacentridae,Chromis,viridis,37372053,1,AD,Passing,
TY_Joe_Cam1_Left_3110_01.MP4,38883,10.8116,Lau_Totoya_Joe_Transect 2,0.7496,,7.486,0.345,3231.271,23.001,,,786.491,-969.053,-2980.517,Lau_Totoya_Joe,Peter,Pomacentridae,Amblyglyphidodon,orbicularis,temp_code_001,1,AD,Passing,
TY_Joe_Cam1_Left_3110_01.MP4,38883,10.8116,Lau_Totoya_Joe_Transect 2,0.7496,,7.597,1.982,3332.244,34.925,,,-1563.402,-1076.072,-2738.922,Lau_Totoya_Joe,Peter,Pomacentridae,Amblyglyphidodon,orbicularis,temp_code_001,1,AD,Passing,
TY_Joe_Cam1_Left_3110_01.MP4,39107,10.8739,Lau_Totoya_Joe_Transect 2,0.8119,84.847,4.418,4.453,2840.53,14.428,11.996,38.684,-259.229,-658.578,-2750.943,Lau_Totoya_Joe,Peter,Pomacentridae,Amblyglyphidodon,orbicularis,temp_code_001,1,AD,Passing,
TY_Joe_Cam1_Left_3110_01.MP4,39107,10.8739,Lau_Totoya_Joe_Transect 2,0.8119,72.67,4.339,2.44,2224.122,21.69,29.908,56.439,49.356,-820.525,-2066.645,Lau_Totoya_Joe,Peter,Pomacentridae,Amblyglyphidodon,orbicularis,temp_code_001,1,AD,Passing,
TY_Joe_Cam1_Left_3110_01.MP4,39107,10.8739,Lau_Totoya_Joe_Transect 2,0.8119,,7.632,2.383,3260.086,27.288,,,-794.812,-1247.613,-2905.151,Lau_Totoya_Joe,Peter,Pomacentridae,Amblyglyphidodon,orbicularis,temp_code_001,1,AD,Passing,
TY_Joe_Cam1_Left_3110_01.MP4,39107,10.8739,Lau_Totoya_Joe_Transect 2,0.8119,,7.297,3.282,3263.405,15.34,,,460.985,-710.216,-3151.65,Lau_Totoya_Joe,Peter,Pomacentridae,Amblyglyphidodon,orbicularis,temp_code_001,1,AD,Passing,
TY_Joe_Cam1_Left_3110_01.MP4,39107,10.8739,Lau_Totoya_Joe_Transect 2,0.8119,,17.077,1.837,5185.577,11.086,,,-791.182,-574.902,-5092.517,Lau_Totoya_Joe,Peter,Pomacentridae,Amblyglyphidodon,orbicularis,temp_code_001,1,AD,Passing,
TY_Joe_Cam1_Left_3110_01.MP4,39107,10.8739,Lau_Totoya_Joe_Transect 2,0.8119,,7.651,1.953,3325.563,31.413,,,1603.15,676.67,-2833.972,Lau_Totoya_Joe,Peter,Pomacentridae,Amblyglyphidodon,orbicularis,temp_code_001,1,AD,Passing,
TY_Joe_Cam1_Left_3110_01.MP4,39107,10.8739,Lau_Totoya_Joe_Transect 2,0.8119,,7.096,1.23,3344.522,34.385,,,1876.105,235.984,-2758.69,Lau_Totoya_Joe,Peter,Pomacentridae,Amblyglyphidodon,orbicularis,temp_code_001,1,AD,Passing,
TY_Joe_Cam1_Left_3110_01.MP4,39241,10.9112,Lau_Totoya_Joe_Transect 2,0.8492,,10.717,2.423,3991.496,30.416,,,1976.785,440.908,-3439.471,Lau_Totoya_Joe,Peter,Lethrinidae,Monotaxis,grandoculis,37351026,1,AD,Passing,
TY_Joe_Cam1_Left_3110_01.MP4,39368,10.9465,Lau_Totoya_Joe_Transect 2,0.8845,83.503,3.992,3.823,2276.556,2.129,19.793,21.739,-12.442,-83.664,-2274.984,Lau_Totoya_Joe,Peter,Pomacentridae,Amblyglyphidodon,orbicularis,temp_code_001,1,AD,Passing,
TY_Joe_Cam1_Left_3110_01.MP4,39368,10.9465,Lau_Totoya_Joe_Transect 2,0.8845,88.617,8.521,0.432,2406.418,30.248,60.278,11.713,1142.702,404.626,-2078.787,Lau_Totoya_Joe,Peter,Pomacentridae,Amblyglyphidodon,orbicularis,temp_code_001,1,AD,Passing,
TY_Joe_Cam1_Left_3110_01.MP4,39368,10.9465,Lau_Totoya_Joe_Transect 2,0.8845,,7.988,1.141,3352.59,25.935,,,-1367.188,-510.926,-3018.214,Lau_Totoya_Joe,Peter,Pomacentridae,Amblyglyphidodon,orbicularis,temp_code_001,1,AD,Passing,
TY_Joe_Cam1_Left_3110_01.MP4,39368,10.9465,Lau_Totoya_Joe_Transect 2,0.8845,,10.933,3.82,4107.505,11.803,,,-806.781,-209.309,-4022.05,Lau_Totoya_Joe,Peter,Pomacentridae,Amblyglyphidodon,orbicularis,temp_code_001,1,AD,Passing,
TY_Joe_Cam1_Left_3110_01.MP4,39368,10.9465,Lau_Totoya_Joe_Transect 2,0.8845,,6.932,3.219,3251.413,8.201,,,230.62,422.552,-3215.579,Lau_Totoya_Joe,Peter,Pomacentridae,Amblyglyphidodon,orbicularis,temp_code_001,1,AD,Passing,
TY_Joe_Cam1_Left_3110_01.MP4,39368,10.9465,Lau_Totoya_Joe_Transect 2,0.8845,,5.566,4.251,2910.09,5.422,,,105.498,272.089,-2895.421,Lau_Totoya_Joe,Peter,Pomacentridae,Amblyglyphidodon,orbicularis,temp_code_001,1,AD,Passing,
TY_Joe_Cam1_Left_3110_01.MP4,39368,10.9465,Lau_Totoya_Joe_Transect 2,0.8845,,3.709,2.131,2250.136,17.526,,,649.315,207.225,-2144.426,Lau_Totoya_Joe,Peter,Pomacentridae,Amblyglyphidodon,orbicularis,temp_code_001,1,AD,Passing,
TY_Joe_Cam1_Left_3110_01.MP4,39368,10.9465,Lau_Totoya_Joe_Transect 2,0.8845,,12.605,9.584,4200.891,27.493,,,-1602.958,-1068.191,-3733.226,Lau_Totoya_Joe,Peter,Scaridae,Chlorurus,spilurus,temp_code_002,1,AD,Passing,
TY_Joe_Cam1_Left_3110_01.MP4,39368,10.9465,Lau_Totoya_Joe_Transect 2,0.8845,31.027,2.586,2.085,1540.932,26.645,29.838,13.925,460.481,-515.277,-1377.287,Lau_Totoya_Joe,Peter,Pomacentridae,Chromis,viridis,37372053,1,AD,Passing,
TY_Joe_Cam1_Left_3110_01.MP4,39368,10.9465,Lau_Totoya_Joe_Transect 2,0.8845,24.72,1.867,0.836,1543.294,24.825,12.089,16.355,373.377,-529.555,-1400.685,Lau_Totoya_Joe,Peter,Pomacentridae,Chromis,viridis,37372053,1,AD,Passing,
TY_Joe_Cam1_Left_3110_01.MP4,39368,10.9465,Lau_Totoya_Joe_Transect 2,0.8845,69.798,5.807,4.755,3023.235,15.146,8.191,14.885,-780.158,-123.633,-2918.222,Lau_Totoya_Joe,Peter,Pomacentridae,Chromis,ternatensis,37372051,1,AD,Passing,
TY_Joe_Cam1_Left_3110_01.MP4,39368,10.9465,Lau_Totoya_Joe_Transect 2,0.8845,76.387,4.027,3.281,3030.05,4.276,8.527,14.376,-212.628,76.324,-3021.617,Lau_Totoya_Joe,Peter,Pomacentridae,Chromis,ternatensis,37372051,1,AD,Passing,
TY_Joe_Cam1_Left_3110_01.MP4,39368,10.9465,Lau_Totoya_Joe_Transect 2,0.8845,76.043,2.813,4.033,2564.518,3.933,6.787,3.185,-96.221,147.24,-2558.479,Lau_Totoya_Joe,Peter,Pomacentridae,Chromis,ternatensis,37372051,1,AD,Passing,
TY_Joe_Cam1_Left_3110_01.MP4,39368,10.9465,Lau_Totoya_Joe_Transect 2,0.8845,,1.994,2.616,1581.424,23.448,,,385.771,-488.077,-1453.913,Lau_Totoya_Joe,Peter,Pomacentridae,Chromis,viridis,37372053,1,AD,Passing,
TY_Joe_Cam1_Left_3110_01.MP4,39368,10.9465,Lau_Totoya_Joe_Transect 2,0.8845,,2.159,2.23,1653.471,22.905,,,398.582,-495.706,-1526.228,Lau_Totoya_Joe,Peter,Pomacentridae,Chromis,viridis,37372053,1,AD,Passing,
TY_Joe_Cam1_Left_3110_01.MP4,39368,10.9465,Lau_Totoya_Joe_Transect 2,0.8845,,2.208,1.802,1675.178,23.784,,,453.432,-491.204,-1536.014,Lau_Totoya_Joe,Peter,Pomacentridae,Chromis,viridis,37372053,1,AD,Passing,
TY_Joe_Cam1_Left_3110_01.MP4,39368,10.9465,Lau_Totoya_Joe_Transect 2,0.8845,,2.281,1.803,1705.682,23.47,,,481.761,-469.133,-1567.536,Lau_Totoya_Joe,Peter,Pomacentridae,Chromis,viridis,37372053,1,AD,Passing,
TY_Joe_Cam1_Left_3110_01.MP4,39368,10.9465,Lau_Totoya_Joe_Transect 2,0.8845,,2.135,0.36,1646.852,25.172,,,490.669,-490.538,-1493.566,Lau_Totoya_Joe,Peter,Pomacentridae,Chromis,viridis,37372053,1,AD,Passing,
TY_Joe_Cam1_Left_3110_01.MP4,39368,10.9465,Lau_Totoya_Joe_Transect 2,0.8845,,1.949,2.894,1565.764,25.421,,,455.432,-485.436,-1417.233,Lau_Totoya_Joe,Peter,Pomacentridae,Chromis,viridis,37372053,1,AD,Passing,
TY_Joe_Cam1_Left_3110_01.MP4,39368,10.9465,Lau_Totoya_Joe_Transect 2,0.8845,,2.303,2.721,1719.214,25.413,,,561.821,-468.461,-1555.827,Lau_Totoya_Joe,Peter,Pomacentridae,Chromis,viridis,37372053,1,AD,Passing,
TY_Joe_Cam1_Left_3110_01.MP4,39368,10.9465,Lau_Totoya_Joe_Transect 2,0.8845,,2.389,0.83,1757.856,26.431,,,608.456,-482.082,-1577.16,Lau_Totoya_Joe,Peter,Pomacentridae,Chromis,viridis,37372053,1,AD,Passing,
TY_Joe_Cam1_Left_3110_01.MP4,39368,10.9465,Lau_Totoya_Joe_Transect 2,0.8845,,2.243,2.228,1700.752,27.142,,,599.494,-483.048,-1516.519,Lau_Totoya_Joe,Peter,Pomacentridae,Chromis,viridis,37372053,1,AD,Passing,
TY_Joe_Cam1_Left_3110_01.MP4,39368,10.9465,Lau_Totoya_Joe_Transect 2,0.8845,,2.324,0.577,1747.337,29.139,,,699.292,-475.111,-1529.197,Lau_Totoya_Joe,Peter,Pomacentridae,Chromis,viridis,37372053,1,AD,Passing,
TY_Joe_Cam1_Left_3110_01.MP4,39368,10.9465,Lau_Totoya_Joe_Transect 2,0.8845,,2.468,1.147,1786.591,25.282,,,600.278,-460.885,-1618.382,Lau_Totoya_Joe,Peter,Pomacentridae,Chromis,viridis,37372053,1,AD,Passing,
TY_Joe_Cam1_Left_3110_01.MP4,39368,10.9465,Lau_Totoya_Joe_Transect 2,0.8845,,1.924,0.168,1572.733,29.467,,,561.509,-523.653,-1372.583,Lau_Totoya_Joe,Peter,Pomacentridae,Chromis,viridis,37372053,1,AD,Passing,
TY_Joe_Cam1_Left_3110_01.MP4,39368,10.9465,Lau_Totoya_Joe_Transect 2,0.8845,,2.289,0.622,1765.304,32.546,,,804.613,-495.151,-1491.215,Lau_Totoya_Joe,Peter,Pomacentridae,Chromis,viridis,37372053,1,AD,Passing,
TY_Joe_Cam1_Left_3110_01.MP4,39368,10.9465,Lau_Totoya_Joe_Transect 2,0.8845,,2.105,3.194,1668.721,31.085,,,691.09,-505.535,-1432.291,Lau_Totoya_Joe,Peter,Pomacentridae,Chromis,viridis,37372053,1,AD,Passing,
TY_Joe_Cam1_Left_3110_01.MP4,39368,10.9465,Lau_Totoya_Joe_Transect 2,0.8845,,2.344,3.445,1748.572,28.3,,,659.919,-492.073,-1542.684,Lau_Totoya_Joe,Peter,Pomacentridae,Chromis,viridis,37372053,1,AD,Passing,
TY_Joe_Cam1_Left_3110_01.MP4,39368,10.9465,Lau_Totoya_Joe_Transect 2,0.8845,,7.877,3.75,3437.874,12.911,,,-761.428,-80.333,-3351.53,Lau_Totoya_Joe,Peter,Pomacentridae,Chromis,ternatensis,37372051,1,AD,Passing,
TY_Joe_Cam1_Left_3110_01.MP4,39368,10.9465,Lau_Totoya_Joe_Transect 2,0.8845,,7.816,2.613,3471.011,8.997,,,-541.633,56.903,-3428.019,Lau_Totoya_Joe,Peter,Pomacentridae,Chromis,ternatensis,37372051,1,AD,Passing,
TY_Joe_Cam1_Left_3110_01.MP4,39368,10.9465,Lau_Totoya_Joe_Transect 2,0.8845,,10.097,2.098,3927.688,10.944,,,-672.477,346.337,-3854.161,Lau_Totoya_Joe,Peter,Pomacentridae,Chromis,ternatensis,37372051,1,AD,Passing,
TY_Joe_Cam1_Left_3110_01.MP4,39368,10.9465,Lau_Totoya_Joe_Transect 2,0.8845,,8.347,6.356,3617.421,6.877,,,-378.602,232.945,-3590.005,Lau_Totoya_Joe,Peter,Pomacentridae,Chromis,ternatensis,37372051,1,AD,Passing,
TY_Joe_Cam1_Left_3110_01.MP4,39368,10.9465,Lau_Totoya_Joe_Transect 2,0.8845,,10.586,8.966,4098.048,7.731,,,-516.83,217.319,-4059.514,Lau_Totoya_Joe,Peter,Pomacentridae,Chromis,ternatensis,37372051,1,AD,Passing,
TY_Joe_Cam1_Left_3110_01.MP4,39368,10.9465,Lau_Totoya_Joe_Transect 2,0.8845,,12.184,0.298,4398.654,8.523,,,-613.614,247.453,-4348.609,Lau_Totoya_Joe,Peter,Pomacentridae,Chromis,ternatensis,37372051,1,AD,Passing,
TY_Joe_Cam1_Left_3110_01.MP4,39368,10.9465,Lau_Totoya_Joe_Transect 2,0.8845,,7.512,3.716,3408.074,7.287,,,-242.254,379.208,-3378.237,Lau_Totoya_Joe,Peter,Pomacentridae,Chromis,ternatensis,37372051,1,AD,Passing,
TY_Joe_Cam1_Left_3110_01.MP4,39368,10.9465,Lau_Totoya_Joe_Transect 2,0.8845,,7.548,1.024,3387.324,10.358,,,66.506,626.238,-3328.268,Lau_Totoya_Joe,Peter,Pomacentridae,Chromis,ternatensis,37372051,1,AD,Passing,
TY_Joe_Cam1_Left_3110_01.MP4,39368,10.9465,Lau_Totoya_Joe_Transect 2,0.8845,,5.354,0.893,2831.454,7.363,,,4.066,380.437,-2805.777,Lau_Totoya_Joe,Peter,Pomacentridae,Chromis,ternatensis,37372051,1,AD,Passing,
TY_Joe_Cam1_Left_3110_01.MP4,39368,10.9465,Lau_Totoya_Joe_Transect 2,0.8845,,5.13,0.563,2790.11,4.08,,,-24.228,214.473,-2781.749,Lau_Totoya_Joe,Peter,Pomacentridae,Chromis,ternatensis,37372051,1,AD,Passing,
TY_Joe_Cam1_Left_3110_01.MP4,39368,10.9465,Lau_Totoya_Joe_Transect 2,0.8845,,4.585,5.366,2610.66,5.158,,,16.15,250.411,-2598.573,Lau_Totoya_Joe,Peter,Pomacentridae,Chromis,ternatensis,37372051,1,AD,Passing,
TY_Joe_Cam1_Left_3110_01.MP4,39368,10.9465,Lau_Totoya_Joe_Transect 2,0.8845,,8.339,3.532,3543.217,11.949,,,695.715,254.436,-3464.914,Lau_Totoya_Joe,Peter,Pomacentridae,Chromis,ternatensis,37372051,1,AD,Passing,
TY_Joe_Cam1_Left_3110_01.MP4,39368,10.9465,Lau_Totoya_Joe_Transect 2,0.8845,,9.064,4.003,3672.45,13.455,,,777.246,377.374,-3569.365,Lau_Totoya_Joe,Peter,Pomacentridae,Chromis,ternatensis,37372051,1,AD,Passing,
TY_Joe_Cam1_Left_3110_01.MP4,39368,10.9465,Lau_Totoya_Joe_Transect 2,0.8845,,8.614,2.75,3514.876,17.26,,,891.865,561.578,-3353.142,Lau_Totoya_Joe,Peter,Pomacentridae,Chromis,ternatensis,37372051,1,AD,Passing,
TY_Joe_Cam1_Left_3110_01.MP4,39368,10.9465,Lau_Totoya_Joe_Transect 2,0.8845,,10.896,3.838,3983.37,16.743,,,1002.018,583.195,-3810.916,Lau_Totoya_Joe,Peter,Pomacentridae,Chromis,ternatensis,37372051,1,AD,Passing,
TY_Joe_Cam1_Left_3110_01.MP4,39368,10.9465,Lau_Totoya_Joe_Transect 2,0.8845,,5.317,0.826,2690.885,23.836,,,907.134,615.121,-2457.559,Lau_Totoya_Joe,Peter,Pomacentridae,Chromis,ternatensis,37372051,1,AD,Passing,
TY_Joe_Cam1_Left_3110_01.MP4,39368,10.9465,Lau_Totoya_Joe_Transect 2,0.8845,,1.881,1.152,1602.179,34.399,,,710.012,-553.122,-1325.488,Lau_Totoya_Joe,Peter,Pomacentridae,Pomacentrus,moluccensis,37372118,1,AD,Passing,
TY_Joe_Cam1_Left_3110_01.MP4,39603,11.0118,Lau_Totoya_Joe_Transect 2,0.9498,,11.159,7.06,3960.384,30.137,,,-1219.112,-1549.351,-3434.809,Lau_Totoya_Joe,Peter,Chaetodontidae,Chaetodon,lineolatus,37365041,1,AD,Passing,
TY_Joe_Cam1_Left_3110_01.MP4,39603,11.0118,Lau_Totoya_Joe_Transect 2,0.9498,,14.787,4.292,4744.701,18.663,,,-267.852,-1466.32,-4504.482,Lau_Totoya_Joe,Peter,Chaetodontidae,Chaetodon,lineolatus,37365041,1,AD,Passing,
TY_Joe_Cam1_Left_3110_01.MP4,39603,11.0118,Lau_Totoya_Joe_Transect 2,0.9498,56.297,2.716,2.415,1762.543,17.569,18.616,16.255,402.515,-347.922,-1680.324,Lau_Totoya_Joe,Peter,Pomacentridae,Pomacentrus,philippinus,37372123,1,AD,Passing,
TY_Joe_Cam1_Left_3110_01.MP4,39603,11.0118,Lau_Totoya_Joe_Transect 2,0.9498,134.491,3.947,1.403,1774.595,22.315,42.286,27.783,275.993,-614.7,-1641.694,Lau_Totoya_Joe,Peter,Acanthuridae,Zebrasoma,scopas,37437036,1,AD,Passing,
TY_Joe_Cam1_Left_3110_01.MP4,39730,11.0471,Lau_Totoya_Joe_Transect 2,0.9852,47.736,1.086,3.057,1052.742,30.418,2.57,37.094,394.146,-358.813,-907.837,Lau_Totoya_Joe,Peter,Chaetodontidae,Chaetodon,lunulatus,37365059,1,AD,Passing,
TY_Joe_Cam1_Left_3110_01.MP4,39752,11.0533,Lau_Totoya_Joe_Transect 2,0.9913,76.395,1.956,3.081,1976.621,12.668,2.725,5.176,223.962,-371.132,-1928.506,Lau_Totoya_Joe,Peter,Pomacentridae,Chromis,ternatensis,37372051,1,AD,Passing,
TY_Joe_Cam1_Left_3110_01.MP4,39752,11.0533,Lau_Totoya_Joe_Transect 2,0.9913,82.07,4.031,3.243,1893,14.502,31.384,12.185,46.109,-471.773,-1832.69,Lau_Totoya_Joe,Peter,Pomacentridae,Chromis,ternatensis,37372051,1,AD,Passing,
TY_Joe_Cam1_Left_3110_01.MP4,39752,11.0533,Lau_Totoya_Joe_Transect 2,0.9913,87.963,5.294,3.483,2568.598,18.935,20.479,11.324,-416.195,-722.149,-2429.605,Lau_Totoya_Joe,Peter,Pomacentridae,Chromis,ternatensis,37372051,1,AD,Passing,
TY_Joe_Cam1_Left_3110_01.MP4,39752,11.0533,Lau_Totoya_Joe_Transect 2,0.9913,75.69,4.515,4.59,2068.132,15.406,31.822,32.113,538.505,108.966,-1993.817,Lau_Totoya_Joe,Peter,Pomacentridae,Chromis,ternatensis,37372051,1,AD,Passing,
TY_Joe_Cam1_Left_3110_01.MP4,39900,11.0944,Lau_Totoya_Joe_Transect 2,1.0324,83.567,4.594,4.223,2747.623,38.37,40.875,63.027,-1608.965,-565.823,-2154.184,Lau_Totoya_Joe,Peter,Pomacentridae,Amblyglyphidodon,orbicularis,temp_code_001,1,AD,Passing,
TY_Joe_Cam1_Left_3110_01.MP4,39900,11.0944,Lau_Totoya_Joe_Transect 2,1.0324,100.159,3.278,5.512,1748.747,26.703,31.795,24.144,-515.205,-593.373,-1562.238,Lau_Totoya_Joe,Peter,Acanthuridae,Zebrasoma,scopas,37437036,1,AD,Passing,
TY_Joe_Cam1_Left_3110_01.MP4,39958,11.1105,Lau_Totoya_Joe_Transect 2,1.0485,233.113,19.621,6.871,3182.385,10.226,68.547,9.494,-553.478,-113.292,-3131.836,Lau_Totoya_Joe,Peter,Scaridae,Scarus,schlegeli,37386029,1,AD,Passing,
TY_Joe_Cam1_Left_3110_01.MP4,39981,11.1169,Lau_Totoya_Joe_Transect 2,1.0549,139.012,5.734,3.884,2796.984,26.727,12.623,42.767,-1215.659,-323.313,-2498.151,Lau_Totoya_Joe,Peter,Acanthuridae,Naso,caesius,37437046,1,AD,Passing,
TY_Joe_Cam1_Left_3110_01.MP4,40272,11.1979,Lau_Totoya_Joe_Transect 2,1.1359,,13.807,5.731,4563.665,20.543,,,-274.309,-1550.992,-4283.248,Lau_Totoya_Joe,Peter,Mullidae,Parupeneus,barberinus,37355022,1,AD,Passing,
TY_Joe_Cam1_Left_3110_01.MP4,40570,11.2807,Lau_Totoya_Joe_Transect 2,1.2187,132.308,10.289,4.809,3700.827,34.338,4.175,35.175,1665.875,1258.045,-3055.864,Lau_Totoya_Joe,Peter,Pomacentridae,Dascyllus,trimaculatus,37372075,1,AD,Passing,
TY_Joe_Cam1_Left_3110_01.MP4,40644,11.3013,Lau_Totoya_Joe_Transect 2,1.2393,,10.922,4.23,3902.414,24.599,,,-1254.684,-1009.522,-3554.64,Lau_Totoya_Joe,Peter,Acanthuridae,Acanthurus,nigrofuscus,37437014,1,AD,Passing,
TY_Joe_Cam1_Left_3110_01.MP4,40676,11.3102,Lau_Totoya_Joe_Transect 2,1.2482,,4.465,0.744,2613.185,34.164,,,1452.903,219.693,-2160.913,Lau_Totoya_Joe,Peter,Blenniidae,Plagiotremus,flavus,temp_code_003,1,AD,Passing,
TY_Joe_Cam1_Left_3110_01.MP4,40867,11.3633,Lau_Totoya_Joe_Transect 2,1.3013,66.928,1.829,1.851,1369.666,32.924,9.613,6.032,629.593,-397.259,-1149.688,Lau_Totoya_Joe,Peter,Chaetodontidae,Chaetodon,trifascialis,37365058,1,AD,Passing,
TY_Joe_Cam1_Left_3110_01.MP4,41141,11.4395,Lau_Totoya_Joe_Transect 2,1.3775,,1.487,0.072,1338.737,20.987,,,419.828,-223.764,-1251.355,Lau_Totoya_Joe,Peter,Pomacentridae,Plectroglyphidodon,dickii,37372098,1,AD,Passing,
TY_Joe_Cam1_Left_3110_01.MP4,41141,11.4395,Lau_Totoya_Joe_Transect 2,1.3775,71.983,2.801,1.796,1309.546,25.196,73.699,23.833,551.997,-78.077,-1184.953,Lau_Totoya_Joe,Peter,Pomacentridae,Pomacentrus,philippinus,37372123,1,AD,Passing,
TY_Joe_Cam1_Left_3110_01.MP4,41219,11.4612,Lau_Totoya_Joe_Transect 2,1.3992,,9.177,11.19,3570.24,24.059,,,-1057.046,-980.109,-3266.291,Lau_Totoya_Joe,Peter,Acanthuridae,Acanthurus,nigrofuscus,37437014,1,AD,Passing,
TY_Joe_Cam1_Left_3110_01.MP4,41219,11.4612,Lau_Totoya_Joe_Transect 2,1.3992,,8.417,0.266,3424.247,22.863,,,1127.734,725.628,-3150.737,Lau_Totoya_Joe,Peter,Pomacentridae,Amblyglyphidodon,orbicularis,temp_code_001,1,AD,Passing,
TY_Joe_Cam1_Left_3110_01.MP4,41219,11.4612,Lau_Totoya_Joe_Transect 2,1.3992,,4.349,0.135,2433.715,21.345,,,812.908,366.143,-2264.529,Lau_Totoya_Joe,Peter,Pomacentridae,Amblyglyphidodon,orbicularis,temp_code_001,1,AD,Passing,
TY_Joe_Cam1_Left_3110_01.MP4,41219,11.4612,Lau_Totoya_Joe_Transect 2,1.3992,,5.582,6.381,2772.175,22.191,,,936.88,483.543,-2563.863,Lau_Totoya_Joe,Peter,Pomacentridae,Amblyglyphidodon,orbicularis,temp_code_001,1,AD,Passing,
TY_Joe_Cam1_Left_3110_01.MP4,41219,11.4612,Lau_Totoya_Joe_Transect 2,1.3992,,6.37,3.144,3021.147,15.669,,,-538.47,-594.809,-2912.659,Lau_Totoya_Joe,Peter,Pomacentridae,Amblyglyphidodon,curacao,37372017,1,AD,Passing,
TY_Joe_Cam1_Left_3110_01.MP4,41219,11.4612,Lau_Totoya_Joe_Transect 2,1.3992,123.802,10.402,5.853,3626.132,11.788,25.085,36.495,589.233,448.935,-3549.661,Lau_Totoya_Joe,Peter,Pomacentridae,Dascyllus,trimaculatus,37372075,1,AD,Passing,
TY_Joe_Cam1_Left_3110_01.MP4,41298,11.4831,Lau_Totoya_Joe_Transect 2,1.4211,56.859,2.491,1.147,1815.735,19.422,4.781,21.621,585.643,-146.834,-1712.412,Lau_Totoya_Joe,Peter,Pomacentridae,Chromis,atripes,37372037,1,AD,Passing,
TY_Joe_Cam1_Left_3110_01.MP4,41298,11.4831,Lau_Totoya_Joe_Transect 2,1.4211,,3.32,1.212,2139.655,12.262,,,407.441,-188.155,-2092.059,Lau_Totoya_Joe,Peter,Pomacentridae,Pomacentrus,philippinus,37372123,1,AD,Passing,
TY_Joe_Cam1_Left_3110_01.MP4,41298,11.4831,Lau_Totoya_Joe_Transect 2,1.4211,,3.314,3.927,2132.321,12.894,,,354.581,-304.291,-2080.498,Lau_Totoya_Joe,Peter,Pomacentridae,Pomacentrus,moluccensis,37372118,1,AD,Passing,
TY_Joe_Cam1_Left_3110_01.MP4,41298,11.4831,Lau_Totoya_Joe_Transect 2,1.4211,,3.515,2.129,2210.634,12.035,,,263.195,-364.878,-2164.369,Lau_Totoya_Joe,Peter,Pomacentridae,Pomacentrus,moluccensis,37372118,1,AD,Passing,
TY_Joe_Cam1_Left_3110_01.MP4,41298,11.4831,Lau_Totoya_Joe_Transect 2,1.4211,,3.988,2.425,2388.478,10.6,,,77.17,-417.836,-2350.38,Lau_Totoya_Joe,Peter,Pomacentridae,Pomacentrus,moluccensis,37372118,1,AD,Passing,
TY_Joe_Cam1_Left_3110_01.MP4,42286,11.7579,Lau_Totoya_Joe_Transect 2,1.6959,168.132,13.412,6.563,3536.053,28.776,23.932,9.466,1678.172,-285.068,-3099.378,Lau_Totoya_Joe,Peter,Acanthuridae,Acanthurus,nigrofuscus,37437014,1,AD,Passing,
TY_Joe_Cam1_Left_3110_01.MP4,42286,11.7579,Lau_Totoya_Joe_Transect 2,1.6959,110.444,6.42,8.841,3108.113,19.967,17.807,7.754,-288.267,-1021.437,-2921.29,Lau_Totoya_Joe,Peter,Acanthuridae,Zebrasoma,scopas,37437036,1,AD,Passing,
TY_Joe_Cam1_Left_3110_01.MP4,42400,11.7896,Lau_Totoya_Joe_Transect 2,1.7276,113.052,9.842,5.637,4428.472,11.322,15.048,45.944,402.89,-770.382,-4342.298,Lau_Totoya_Joe,Peter,Pomacanthidae,Centropyge,bicolor,37365022,1,AD,Passing,
TY_Joe_Cam1_Left_3110_01.MP4,42400,11.7896,Lau_Totoya_Joe_Transect 2,1.7276,152.15,6.298,4.925,3509.897,9.794,11.903,2.222,-242.196,-545.727,-3458.743,Lau_Totoya_Joe,Peter,Acanthuridae,Zebrasoma,scopas,37437036,1,AD,Passing,
TY_Joe_Cam1_Left_3110_01.MP4,42520,11.8229,Lau_Totoya_Joe_Transect 2,1.7609,105.626,2.439,1.544,1652.615,33.095,3.682,32.01,-840.73,-327.81,-1384.503,Lau_Totoya_Joe,Peter,Pomacentridae,Amblyglyphidodon,curacao,37372017,1,AD,Passing,
TY_Joe_Cam1_Left_3110_01.MP4,42520,11.8229,Lau_Totoya_Joe_Transect 2,1.7609,117.57,11.149,7.933,2866.642,3.953,51.595,37.117,151.262,-127.215,-2859.821,Lau_Totoya_Joe,Peter,Acanthuridae,Zebrasoma,scopas,37437036,1,AD,Passing,
TY_Joe_Cam1_Left_3110_01.MP4,42746,11.8858,Lau_Totoya_Joe_Transect 2,1.8238,95.384,2.086,3.012,1619.127,10.801,23.349,51.489,51.863,-298.964,-1590.441,Lau_Totoya_Joe,Peter,Pomacentridae,Stegastes,nigricans,37372135,1,AD,Passing,
TY_Joe_Cam1_Left_3110_01.MP4,43782,12.1738,Lau_Totoya_Joe_Transect 2,2.1118,,6.706,3.738,3118.421,23.551,,,-139.408,-1220.25,-2866.375,Lau_Totoya_Joe,Peter,Pomacentridae,Dascyllus,aruanus,37372073,1,AD,Passing,
TY_Joe_Cam1_Left_3110_01.MP4,43782,12.1738,Lau_Totoya_Joe_Transect 2,2.1118,,6.967,0.926,3159.944,23.681,,,-336.996,-1205.475,-2901.466,Lau_Totoya_Joe,Peter,Pomacentridae,Dascyllus,aruanus,37372073,1,AD,Passing,
TY_Joe_Cam1_Left_3110_01.MP4,43782,12.1738,Lau_Totoya_Joe_Transect 2,2.1118,,7.138,4.173,3181.559,22.938,,,-471.043,-1128.643,-2937.108,Lau_Totoya_Joe,Peter,Pomacentridae,Dascyllus,aruanus,37372073,1,AD,Passing,
TY_Joe_Cam1_Left_3110_01.MP4,43782,12.1738,Lau_Totoya_Joe_Transect 2,2.1118,,7.794,2.651,3332.083,22.477,,,-497.037,-1153.603,-3086.248,Lau_Totoya_Joe,Peter,Pomacentridae,Dascyllus,aruanus,37372073,1,AD,Passing,
TY_Joe_Cam1_Left_3110_01.MP4,43828,12.1866,Lau_Totoya_Joe_Transect 2,2.1246,,5.788,0.68,2888.399,24.832,,,-3.578,-1196.542,-2628.901,Lau_Totoya_Joe,Peter,Pomacentridae,Dascyllus,aruanus,37372073,1,AD,Passing,
TY_Joe_Cam1_Left_3110_01.MP4,43828,12.1866,Lau_Totoya_Joe_Transect 2,2.1246,,6.687,0.942,3088.307,25.056,,,-369.315,-1237.141,-2805.482,Lau_Totoya_Joe,Peter,Pomacentridae,Dascyllus,aruanus,37372073,1,AD,Passing,
TY_Joe_Cam1_Left_3110_02.MP4,99,17.6618,Lau_Totoya_Joe_Transect 3,1.2535,87.877,3.283,4.614,2288.126,6.661,18.788,45.768,-31.661,-263.516,-2272.681,Lau_Totoya_Joe,Peter,Pomacentridae,Pomacentrus,philippinus,37372123,1,AD,Passing,
TY_Joe_Cam1_Left_3110_02.MP4,211,17.693,Lau_Totoya_Joe_Transect 3,1.2846,78.115,2.255,3.418,1923.853,19.385,1.163,22.598,398.889,498.645,-1814.787,Lau_Totoya_Joe,Peter,Pomacentridae,Amblyglyphidodon,orbicularis,temp_code_001,1,AD,Passing,
TY_Joe_Cam1_Left_3110_02.MP4,286,17.7138,Lau_Totoya_Joe_Transect 3,1.3055,63.064,4.366,4.022,1708.221,9.807,42.045,1.512,-222.864,-187.037,-1683.261,Lau_Totoya_Joe,Peter,Pomacentridae,Chromis,atripes,37372037,1,AD,Passing,
TY_Joe_Cam1_Left_3110_02.MP4,286,17.7138,Lau_Totoya_Joe_Transect 3,1.3055,56.941,4.144,2.399,1744.253,10.898,37.307,9.714,-306.502,-121.711,-1712.793,Lau_Totoya_Joe,Peter,Pomacentridae,Chromis,atripes,37372037,1,AD,Passing,
TY_Joe_Cam1_Left_3110_02.MP4,286,17.7138,Lau_Totoya_Joe_Transect 3,1.3055,76.972,1.981,2.758,1705.58,15.178,10.898,1.856,230.194,382.662,-1646.081,Lau_Totoya_Joe,Peter,Pomacentridae,Pomacentrus,sp,,1,AD,Passing,
TY_Joe_Cam1_Left_3110_02.MP4,286,17.7138,Lau_Totoya_Joe_Transect 3,1.3055,83.992,4.998,5.242,1569.709,17.108,89.774,4.719,314.962,337.696,-1500.248,Lau_Totoya_Joe,Peter,Pomacentridae,Pomacentrus,callainus,temp_code_004,1,AD,Passing,
TY_Joe_Cam1_Left_3110_02.MP4,401,17.7458,Lau_Totoya_Joe_Transect 3,1.3374,80.945,1.505,1.34,926.24,22.763,67.836,11.537,358.352,-4.107,-854.101,Lau_Totoya_Joe,Peter,Pomacentridae,Plectroglyphidodon,fasciolatus,temp_code_011,1,AD,Passing,
TY_Joe_Cam1_Left_3110_02.MP4,626,17.8083,Lau_Totoya_Joe_Transect 3,1.4,241.699,23.01,6.339,3641.588,16.003,58.057,2.655,-840.667,-548.807,-3500.465,Lau_Totoya_Joe,Peter,Scaridae,Chlorurus,spilurus,temp_code_002,1,AD,Passing,
TY_Joe_Cam1_Left_3110_02.MP4,626,17.8083,Lau_Totoya_Joe_Transect 3,1.4,75.452,5.541,5.058,3324.948,13.541,4.957,5.941,-653.165,-423.627,-3232.521,Lau_Totoya_Joe,Peter,Pomacentridae,Neoglyphidodon,carlsoni,temp_code_008,1,AD,Passing,
TY_Joe_Cam1_Left_3110_02.MP4,671,17.8209,Lau_Totoya_Joe_Transect 3,1.4125,100.702,7.695,4.013,2862.636,8.389,26.128,15.122,53.787,-414.167,-2832.006,Lau_Totoya_Joe,Peter,Pomacentridae,Amblyglyphidodon,orbicularis,temp_code_001,1,AD,Passing,
TY_Joe_Cam1_Left_3110_02.MP4,744,17.8412,Lau_Totoya_Joe_Transect 3,1.4328,115.801,9.278,6.593,2956.41,9.844,29.681,9.013,210.367,-459.596,-2912.881,Lau_Totoya_Joe,Peter,Labridae,Gomphosus,varius,37384106,1,AD,Passing,
TY_Joe_Cam1_Left_3110_02.MP4,930,17.8929,Lau_Totoya_Joe_Transect 3,1.4845,60.795,5.722,5.54,2015.632,32.425,73.427,24.521,882.758,-623.564,-1701.375,Lau_Totoya_Joe,Peter,Pomacentridae,Amblyglyphidodon,orbicularis,temp_code_001,1,AD,Passing,
TY_Joe_Cam1_Left_3110_02.MP4,1079,17.9343,Lau_Totoya_Joe_Transect 3,1.526,65.053,4.17,5.237,2751.242,9.297,11.432,1.326,264.018,-357.529,-2715.106,Lau_Totoya_Joe,Peter,Pomacentridae,Pomacentrus,maafu,temp_code_005,1,AD,Passing,
TY_Joe_Cam1_Left_3110_02.MP4,1098,17.9396,Lau_Totoya_Joe_Transect 3,1.5313,163.307,4.979,0.807,2209.812,33.738,8.218,0.836,1224.332,-85.632,-1837.647,Lau_Totoya_Joe,Peter,Epinephelidae,Epinephelus,merra,37311063,1,AD,Passing,
TY_Joe_Cam1_Left_3110_02.MP4,1145,17.9527,Lau_Totoya_Joe_Transect 3,1.5443,73.283,5.654,2.273,2284.086,34.555,64.282,41.693,1171.308,-553.552,-1881.135,Lau_Totoya_Joe,Peter,Pomacanthidae,Centropyge,bicolor,37365022,1,AD,Passing,
TY_Joe_Cam1_Left_3110_02.MP4,1196,17.9668,Lau_Totoya_Joe_Transect 3,1.5585,89.422,5.172,2.043,2215.558,30.972,25.216,10.174,1021.54,-506.396,-1899.662,Lau_Totoya_Joe,Peter,Acanthuridae,Ctenochaetus,striatus,37437022,1,AD,Passing,
TY_Joe_Cam1_Left_3110_02.MP4,1224,17.9746,Lau_Totoya_Joe_Transect 3,1.5663,125.263,6.784,2.638,3038.363,19.674,7.07,9.3,997.888,-224.977,-2860.988,Lau_Totoya_Joe,Peter,Scaridae,Chlorurus,spilurus,temp_code_002,1,AD,Passing,
TY_Joe_Cam1_Left_3110_02.MP4,1427,18.0311,Lau_Totoya_Joe_Transect 3,1.6227,,7.45,4.257,3274.482,17.551,,,529.952,-813.618,-3127.204,Lau_Totoya_Joe,Peter,Chaetodontidae,Chaetodon,lunulatus,37365059,1,AD,Passing,
TY_Joe_Cam1_Left_3110_02.MP4,1537,18.0617,Lau_Totoya_Joe_Transect 3,1.6533,,4.369,1.282,2657.219,37.172,,,1559.165,-369.71,-2119.7,Lau_Totoya_Joe,Peter,Blenniidae,Plagiotremus,flavus,temp_code_003,1,AD,Passing,
TY_Joe_Cam1_Left_3110_02.MP4,1724,18.1137,Lau_Totoya_Joe_Transect 3,1.7053,184.65,15.394,6.673,3725.43,14.067,34.193,21.354,-471.81,-772.866,-3613.71,Lau_Totoya_Joe,Peter,Epinephelidae,Epinephelus,merra,37311063,1,AD,Passing,
TY_Joe_Cam1_Left_3110_02.MP4,1762,18.1242,Lau_Totoya_Joe_Transect 3,1.7159,187.566,7.955,4.212,3301.762,14.305,18.69,23.453,572.593,581.082,-3199.393,Lau_Totoya_Joe,Peter,Labridae,Oxycheilinus,digrammus,37384065,1,AD,Passing,
TY_Joe_Cam1_Left_3110_02.MP4,1856,18.1504,Lau_Totoya_Joe_Transect 3,1.742,,6.519,0.495,2997.156,27.298,,,-797.105,-1103.152,-2670.323,Lau_Totoya_Joe,Peter,Labridae,Oxycheilinus,digrammus,37384065,1,AD,Passing,
TY_Joe_Cam1_Left_3110_02.MP4,1856,18.1504,Lau_Totoya_Joe_Transect 3,1.742,,7.175,2.617,3149.512,24.6,,,-795.52,-1024.168,-2870.131,Lau_Totoya_Joe,Peter,Pomacentridae,Stegastes,lacrymatus,temp_code_006,1,AD,Passing,
TY_Joe_Cam1_Left_3110_02.MP4,1862,18.152,Lau_Totoya_Joe_Transect 3,1.7437,176.586,4.046,4.189,3285.047,6.677,8.001,42,-57.487,-377.59,-3262.768,Lau_Totoya_Joe,Peter,Labridae,Oxycheilinus,digrammus,37384065,1,AD,Passing,
TY_Joe_Cam1_Left_3110_02.MP4,1972,18.1826,Lau_Totoya_Joe_Transect 3,1.7743,,11.397,3.652,4012.081,24.443,,,914.661,1408.322,-3643.737,Lau_Totoya_Joe,Peter,Pomacentridae,Pomacentrus,sp,,1,AD,Passing,
TY_Joe_Cam1_Left_3110_02.MP4,1972,18.1826,Lau_Totoya_Joe_Transect 3,1.7743,,10.65,1.374,3867.866,23.279,,,947.216,1221.983,-3545.409,Lau_Totoya_Joe,Peter,Acanthuridae,Zebrasoma,scopas,37437036,1,AD,Passing,
TY_Joe_Cam1_Left_3110_02.MP4,2029,18.1985,Lau_Totoya_Joe_Transect 3,1.7901,85.734,4.134,6.46,1829.974,13.345,55.649,49.569,41.941,-420.284,-1780.564,Lau_Totoya_Joe,Peter,Pomacentridae,Amblyglyphidodon,orbicularis,temp_code_001,1,AD,Passing,
TY_Joe_Cam1_Left_3110_02.MP4,2029,18.1985,Lau_Totoya_Joe_Transect 3,1.7901,,5.319,3.332,2732.113,23.678,,,-1085.74,-142.42,-2503.064,Lau_Totoya_Joe,Peter,Pomacentridae,Amblyglyphidodon,orbicularis,temp_code_001,1,AD,Passing,
TY_Joe_Cam1_Left_3110_02.MP4,2029,18.1985,Lau_Totoya_Joe_Transect 3,1.7901,,6.645,1.251,3079.331,20.408,,,-1059.453,-156.786,-2887.085,Lau_Totoya_Joe,Peter,Pomacentridae,Amblyglyphidodon,orbicularis,temp_code_001,1,AD,Passing,
TY_Joe_Cam1_Left_3110_02.MP4,2029,18.1985,Lau_Totoya_Joe_Transect 3,1.7901,184.054,18.119,4.935,3227.72,15.592,58.103,4.878,814.638,298.424,-3108.936,Lau_Totoya_Joe,Peter,Scaridae,Scarus,schlegeli,37386029,1,AD,Passing,
TY_Joe_Cam1_Left_3110_02.MP4,2053,18.2051,Lau_Totoya_Joe_Transect 3,1.7968,,6.582,1.226,3221.36,35.504,,,-1825.665,-392.211,-2624.934,Lau_Totoya_Joe,Peter,Scaridae,Chlorurus,spilurus,temp_code_002,1,AD,Passing,
TY_Joe_Cam1_Left_3110_02.MP4,2153,18.2329,Lau_Totoya_Joe_Transect 3,1.8246,188.145,2.816,5.11,1679.141,17.56,29.06,36.983,473.05,-181.326,-1600.893,Lau_Totoya_Joe,Peter,Scaridae,Scarus,schlegeli,37386029,1,AD,Passing,
TY_Joe_Cam1_Left_3110_02.MP4,2193,18.2441,Lau_Totoya_Joe_Transect 3,1.8357,86.382,2.387,6.867,1310.878,32.238,59.4,12.627,-560.913,-417.549,-1108.797,Lau_Totoya_Joe,Peter,Pomacentridae,Amblyglyphidodon,orbicularis,temp_code_001,1,AD,Passing,
TY_Joe_Cam1_Left_3110_02.MP4,2242,18.2577,Lau_Totoya_Joe_Transect 3,1.8493,87.171,7.709,3.926,2664.531,11.256,29.473,5.06,-364.525,370.947,-2613.282,Lau_Totoya_Joe,Peter,Pomacentridae,Amblyglyphidodon,orbicularis,temp_code_001,1,AD,Passing,
TY_Joe_Cam1_Left_3110_02.MP4,2242,18.2577,Lau_Totoya_Joe_Transect 3,1.8493,74.477,6.062,2.768,1869.581,26.824,83.641,11.065,820.175,197.693,-1668.402,Lau_Totoya_Joe,Peter,Pomacentridae,Amblyglyphidodon,orbicularis,temp_code_001,1,AD,Passing,
TY_Joe_Cam1_Left_3110_02.MP4,2242,18.2577,Lau_Totoya_Joe_Transect 3,1.8493,93.514,8.103,2.437,2656.084,30.034,35.386,9.578,1097.937,749.606,-2299.436,Lau_Totoya_Joe,Peter,Pomacentridae,Amblyglyphidodon,orbicularis,temp_code_001,1,AD,Passing,
TY_Joe_Cam1_Left_3110_02.MP4,2242,18.2577,Lau_Totoya_Joe_Transect 3,1.8493,103.216,7.798,3.069,2097.304,15.263,60.072,13.307,-538.215,-123.034,-2023.332,Lau_Totoya_Joe,Peter,Acanthuridae,Zebrasoma,scopas,37437036,1,AD,Passing,
TY_Joe_Cam1_Left_3110_02.MP4,2415,18.3058,Lau_Totoya_Joe_Transect 3,1.8975,99.153,3.114,1.086,1735.411,27.817,32.734,36.771,-775.721,-232.543,-1534.872,Lau_Totoya_Joe,Peter,Pomacentridae,Amblyglyphidodon,orbicularis,temp_code_001,1,AD,Passing,
TY_Joe_Cam1_Left_3110_02.MP4,2673,18.3775,Lau_Totoya_Joe_Transect 3,1.9692,92.541,8.755,3.312,2869.431,36.376,26.837,7.344,-1685.175,-237.426,-2310.292,Lau_Totoya_Joe,Peter,Pomacentridae,Amblyglyphidodon,orbicularis,temp_code_001,1,AD,Passing,
TY_Joe_Cam1_Left_3110_02.MP4,2852,18.4273,Lau_Totoya_Joe_Transect 3,2.019,,2.105,2.411,1633.037,22.797,,,-229.816,-580.092,-1509.135,Lau_Totoya_Joe,Peter,Pomacentridae,Pomacentrus,maafu,temp_code_005,1,AD,Passing,
TY_Joe_Cam1_Left_3110_02.MP4,2959,18.457,Lau_Totoya_Joe_Transect 3,2.0487,139.044,9.521,5.712,2566.967,18.682,49.552,23.145,-621.401,-538.471,-2431.713,Lau_Totoya_Joe,Peter,Labridae,Cheilinus,fasciatus,37384066,1,AD,Passing,
TY_Joe_Cam1_Left_3110_02.MP4,3000,18.4685,Lau_Totoya_Joe_Transect 3,2.0601,76.213,3.648,3.74,2481.642,0.713,14.608,26.965,20.119,-23.452,-2481.45,Lau_Totoya_Joe,Peter,Chaetodontidae,Chaetodon,lunulatus,37365059,1,AD,Passing,
TY_Joe_Cam1_Left_3110_02.MP4,3037,18.4787,Lau_Totoya_Joe_Transect 3,2.0704,92.322,7.144,5.532,2935.482,24.217,13.047,6.31,-1037.063,-611.882,-2677.154,Lau_Totoya_Joe,Peter,Pomacentridae,Amblyglyphidodon,orbicularis,temp_code_001,1,AD,Passing,
TY_Joe_Cam1_Left_3110_02.MP4,3037,18.4787,Lau_Totoya_Joe_Transect 3,2.0704,107.652,9.667,1.063,2236.405,19.872,78.415,2.993,755.663,82.921,-2103.237,Lau_Totoya_Joe,Peter,Pomacentridae,Amblyglyphidodon,orbicularis,temp_code_001,1,AD,Passing,
TY_Joe_Cam1_Left_3110_02.MP4,3037,18.4787,Lau_Totoya_Joe_Transect 3,2.0704,173.847,9.698,6.399,4379.22,10.797,9.126,6.491,724.346,385.116,-4301.695,Lau_Totoya_Joe,Peter,Labridae,Cheilinus,fasciatus,37384066,1,AD,Passing,
TY_Joe_Cam1_Left_3110_02.MP4,3048,18.4818,Lau_Totoya_Joe_Transect 3,2.0735,74.196,2.685,5.357,2131.183,21.243,12.472,2.518,209.362,-743.253,-1986.375,Lau_Totoya_Joe,Peter,Pomacentridae,Pomacentrus,philippinus,37372123,1,AD,Passing,
TY_Joe_Cam1_Left_3110_02.MP4,3075,18.4893,Lau_Totoya_Joe_Transect 3,2.081,80.568,6.102,4.702,2374.867,10.078,28.382,8.363,-389.15,145.792,-2338.225,Lau_Totoya_Joe,Peter,Pomacentridae,Amblyglyphidodon,curacao,37372017,1,AD,Passing,
TY_Joe_Cam1_Left_3110_02.MP4,3075,18.4893,Lau_Totoya_Joe_Transect 3,2.081,,3.075,3.32,2065.159,8.758,,,56.946,-296.45,-2042.978,Lau_Totoya_Joe,Peter,Chaetodontidae,Chaetodon,lunulatus,37365059,1,AD,Passing,
TY_Joe_Cam1_Left_3110_02.MP4,3075,18.4893,Lau_Totoya_Joe_Transect 3,2.081,193.791,12.361,2.689,3409.285,10.179,33.46,29.315,-601.445,-35.887,-3355.622,Lau_Totoya_Joe,Peter,Scaridae,Chlorurus,spilurus,temp_code_002,1,AD,Passing,
TY_Joe_Cam1_Left_3110_02.MP4,3075,18.4893,Lau_Totoya_Joe_Transect 3,2.081,250.686,16.82,12.637,4996.769,7.607,23.047,40.021,239.816,616.425,-4952.798,Lau_Totoya_Joe,Peter,Scaridae,Chlorurus,spilurus,temp_code_002,1,AD,Passing,
TY_Joe_Cam1_Left_3110_02.MP4,3202,18.5246,Lau_Totoya_Joe_Transect 3,2.1163,146.242,6.336,4.788,2613.611,9.646,24.47,18.353,-417.436,132.394,-2576.661,Lau_Totoya_Joe,Peter,Chaetodontidae,Chaetodon,unimaculatus,37365061,1,AD,Passing,
TY_Joe_Cam1_Left_3110_02.MP4,3202,18.5246,Lau_Totoya_Joe_Transect 3,2.1163,,11.657,10.763,4264.754,10.248,,,-732.265,224.972,-4195.391,Lau_Totoya_Joe,Peter,Chaetodontidae,Chaetodon,unimaculatus,37365061,1,AD,Passing,
TY_Joe_Cam1_Left_3110_02.MP4,3202,18.5246,Lau_Totoya_Joe_Transect 3,2.1163,,9.277,15.367,3808.257,8.331,,,-521.318,204.436,-3766.863,Lau_Totoya_Joe,Peter,Chaetodontidae,Chaetodon,unimaculatus,37365061,1,AD,Passing,
TY_Joe_Cam1_Left_3110_02.MP4,3202,18.5246,Lau_Totoya_Joe_Transect 3,2.1163,,7.983,0.926,3546.748,5.854,,,-117.955,364.081,-3526.039,Lau_Totoya_Joe,Peter,Chaetodontidae,Chaetodon,unimaculatus,37365061,1,AD,Passing,
TY_Joe_Cam1_Left_3110_02.MP4,3229,18.5321,Lau_Totoya_Joe_Transect 3,2.1238,235.439,6.202,7.856,3318.277,14.651,13.237,48.573,155.795,824.694,-3210.384,Lau_Totoya_Joe,Peter,Scaridae,Chlorurus,spilurus,temp_code_002,1,AD,Passing,
TY_Joe_Cam1_Left_3110_02.MP4,3515,18.6116,Lau_Totoya_Joe_Transect 3,2.2033,68.211,3.71,3.684,1990.539,21.904,20.988,24.745,690.562,273.033,-1846.841,Lau_Totoya_Joe,Peter,Pomacentridae,Stegastes,lacrymatus,temp_code_006,1,AD,Passing,
TY_Joe_Cam1_Left_3110_02.MP4,3596,18.6342,Lau_Totoya_Joe_Transect 3,2.2258,64.224,5.599,3.636,2599.632,27.761,5.055,28.581,-1189.106,-228.545,-2300.408,Lau_Totoya_Joe,Peter,Pomacentridae,Pomacentrus,philippinus,37372123,1,AD,Passing,
TY_Joe_Cam1_Left_3110_02.MP4,3890,18.7159,Lau_Totoya_Joe_Transect 3,2.3076,84.993,2.704,2.106,1376.97,30.407,73.254,26.571,672.742,-182.068,-1187.567,Lau_Totoya_Joe,Peter,Pomacentridae,Stegastes,lacrymatus,temp_code_006,1,AD,Passing,
TY_Joe_Cam1_Left_3110_01.MP4,59433,16.5257,Lau_Totoya_Joe_Transect 3,0.1173,65.451,6.052,3.839,2339.046,18.324,31.072,12.165,491.386,-547.083,-2220.445,Lau_Totoya_Joe,Peter,Acanthuridae,Ctenochaetus,striatus,37437022,1,AD,Passing,
TY_Joe_Cam1_Left_3110_01.MP4,59467,16.5351,Lau_Totoya_Joe_Transect 3,0.1268,83.288,4.395,3.821,2289.969,29.293,1.054,23.168,1021.15,-461.116,-1997.143,Lau_Totoya_Joe,Peter,Pomacentridae,Stegastes,lacrymatus,temp_code_006,1,AD,Passing,
TY_Joe_Cam1_Left_3110_01.MP4,59598,16.5716,Lau_Totoya_Joe_Transect 3,0.1632,,1.707,1.092,1457.413,23.86,,,518.402,-272.384,-1334.586,Lau_Totoya_Joe,Peter,Pomacentridae,Pomacentrus,moluccensis,37372118,1,AD,Passing,
TY_Joe_Cam1_Left_3110_01.MP4,60028,16.6911,Lau_Totoya_Joe_Transect 3,0.2828,76.441,3.271,3.559,1992.84,19.992,11.189,10.555,645.279,218.682,-1872.754,Lau_Totoya_Joe,Peter,Pomacentridae,Pomacentrus,philippinus,37372123,1,AD,Passing,
TY_Joe_Cam1_Left_3110_01.MP4,60076,16.7045,Lau_Totoya_Joe_Transect 3,0.2961,65.843,3.995,3.8,2159.773,19.342,24.271,39.608,702.264,136.109,-2037.871,Lau_Totoya_Joe,Peter,Pomacentridae,Pomacentrus,philippinus,37372123,1,AD,Passing,
TY_Joe_Cam1_Left_3110_01.MP4,60174,16.7317,Lau_Totoya_Joe_Transect 3,0.3234,73.321,2.006,3.646,1691.646,21.194,17.114,54.872,602.432,105.437,-1577.22,Lau_Totoya_Joe,Peter,Acanthuridae,Acanthurus,nigrofuscus,37437014,1,AD,Passing,
TY_Joe_Cam1_Left_3110_01.MP4,60246,16.7517,Lau_Totoya_Joe_Transect 3,0.3434,226.831,12.759,4.264,3679.259,13.917,39.085,47.367,766.72,441.872,-3571.251,Lau_Totoya_Joe,Peter,Scaridae,Chlorurus,spilurus,temp_code_002,1,AD,Passing,
TY_Joe_Cam1_Left_3110_01.MP4,60282,16.7617,Lau_Totoya_Joe_Transect 3,0.3534,,5.157,0.853,2695.171,17.07,,,-380.62,-677.422,-2580.731,Lau_Totoya_Joe,Peter,Labridae,Labropsis,australis,37384132,1,AD,Passing,
TY_Joe_Cam1_Left_3110_01.MP4,60334,16.7762,Lau_Totoya_Joe_Transect 3,0.3679,66.151,5.568,8.028,2422.42,15.619,25.716,8.214,-271.78,-592.874,-2332.971,Lau_Totoya_Joe,Peter,Pomacentridae,Pomacentrus,philippinus,37372123,1,AD,Passing,
TY_Joe_Cam1_Left_3110_01.MP4,60350,16.7807,Lau_Totoya_Joe_Transect 3,0.3723,,6.945,2.91,3152.023,16.441,,,-676.193,-563.003,-3026.721,Lau_Totoya_Joe,Peter,Pomacentridae,Amblyglyphidodon,orbicularis,temp_code_001,1,AD,Passing,
TY_Joe_Cam1_Left_3110_01.MP4,60388,16.7912,Lau_Totoya_Joe_Transect 3,0.3829,,6.926,1.911,3185.062,14.754,,,797.166,169.263,-3079.041,Lau_Totoya_Joe,Peter,Pomacentridae,Dascyllus,aruanus,37372073,1,AD,Passing,
TY_Joe_Cam1_Left_3110_01.MP4,60388,16.7912,Lau_Totoya_Joe_Transect 3,0.3829,,7.155,0.974,3345.99,37.342,,,1727.049,1082.739,-2653.418,Lau_Totoya_Joe,Peter,Pomacentridae,Pomacentrus,philippinus,37372123,1,AD,Passing,
TY_Joe_Cam1_Left_3110_01.MP4,60388,16.7912,Lau_Totoya_Joe_Transect 3,0.3829,,8.078,4.361,3441.721,28.661,,,1636.203,237.553,-3018.584,Lau_Totoya_Joe,Peter,Pomacentridae,Pomacentrus,philippinus,37372123,1,AD,Passing,
TY_Joe_Cam1_Left_3110_01.MP4,60414,16.7984,Lau_Totoya_Joe_Transect 3,0.3901,,8.336,1.763,3442.171,22.551,,,1263.624,401.881,-3176.521,Lau_Totoya_Joe,Peter,Acanthuridae,Zebrasoma,scopas,37437036,1,AD,Passing,
TY_Joe_Cam1_Left_3110_01.MP4,60444,16.8068,Lau_Totoya_Joe_Transect 3,0.3985,,9.329,6.644,3599.866,25.92,,,1282.091,932.578,-3231.962,Lau_Totoya_Joe,Peter,Scaridae,Chlorurus,spilurus,temp_code_002,1,AD,Passing,
TY_Joe_Cam1_Left_3110_01.MP4,60599,16.8499,Lau_Totoya_Joe_Transect 3,0.4416,69.143,1.263,1.921,952.175,23.069,44.716,29.854,370.099,-47.236,-876.032,Lau_Totoya_Joe,Peter,Pomacentridae,Pomacentrus,philippinus,37372123,1,AD,Passing,
TY_Joe_Cam1_Left_3110_01.MP4,60608,16.8524,Lau_Totoya_Joe_Transect 3,0.4441,44.047,1.116,1.665,1110.542,17.259,6.426,2.084,237.844,228.031,-1060.535,Lau_Totoya_Joe,Peter,Pomacentridae,Amblyglyphidodon,orbicularis,temp_code_001,1,AD,Passing,
TY_Joe_Cam1_Left_3110_01.MP4,60623,16.8566,Lau_Totoya_Joe_Transect 3,0.4482,157.573,5.725,5.471,1724.183,2.988,62.235,10.115,59.854,67.037,-1721.839,Lau_Totoya_Joe,Peter,Labridae,Oxycheilinus,digrammus,37384065,1,AD,Passing,
TY_Joe_Cam1_Left_3110_01.MP4,60673,16.8705,Lau_Totoya_Joe_Transect 3,0.4621,102.567,3.236,1.342,1318.187,11.526,61.258,15.909,263.296,7.358,-1291.603,Lau_Totoya_Joe,Peter,Pomacentridae,Amblyglyphidodon,orbicularis,temp_code_001,1,AD,Passing,
TY_Joe_Cam1_Left_3110_01.MP4,60901,16.9339,Lau_Totoya_Joe_Transect 3,0.5255,112.677,6.72,0.804,2929.106,24.732,8.645,27.914,1191.595,-286.201,-2660.424,Lau_Totoya_Joe,Peter,Scaridae,Chlorurus,spilurus,temp_code_002,1,AD,Passing,
TY_Joe_Cam1_Left_3110_01.MP4,60901,16.9339,Lau_Totoya_Joe_Transect 3,0.5255,110.285,8.398,6.01,2980.291,24.782,17.46,0.446,1170.363,-436.828,-2705.839,Lau_Totoya_Joe,Peter,Mullidae,Parupeneus,barberinus,37355022,1,AD,Passing,
TY_Joe_Cam1_Left_3110_01.MP4,61024,16.9681,Lau_Totoya_Joe_Transect 3,0.5597,81.633,7.703,2.355,2716.59,28.434,22.676,16.934,1290.912,81.849,-2388.872,Lau_Totoya_Joe,Peter,Chaetodontidae,Chaetodon,lunulatus,37365059,1,AD,Passing,
TY_Joe_Cam1_Left_3110_01.MP4,61024,16.9681,Lau_Totoya_Joe_Transect 3,0.5597,116.125,4.794,2.3,2430.127,33.13,16.623,41.599,1323.802,-107.736,-2035.058,Lau_Totoya_Joe,Peter,Mullidae,Parupeneus,multifasciatus,37355026,1,AD,Passing,
TY_Joe_Cam1_Left_3110_01.MP4,61073,16.9817,Lau_Totoya_Joe_Transect 3,0.5734,57.563,5.372,3.125,2018.848,26.098,45.899,15.427,-409.546,-788.04,-1813.012,Lau_Totoya_Joe,Peter,Blenniidae,Plagiotremus,flavus,temp_code_003,1,AD,Passing,
TY_Joe_Cam1_Left_3110_01.MP4,61073,16.9817,Lau_Totoya_Joe_Transect 3,0.5734,76.654,6.169,3.658,1871.86,25.255,86.941,17.152,369.495,-708.003,-1692.945,Lau_Totoya_Joe,Peter,Blenniidae,Plagiotremus,flavus,temp_code_003,1,AD,Passing,
TY_Joe_Cam1_Left_3110_01.MP4,61073,16.9817,Lau_Totoya_Joe_Transect 3,0.5734,,3.439,3.33,2138.836,27.597,,,-590.225,-783.953,-1900.44,Lau_Totoya_Joe,Peter,Blenniidae,Plagiotremus,flavus,temp_code_003,1,AD,Passing,
TY_Joe_Cam1_Left_3110_01.MP4,61073,16.9817,Lau_Totoya_Joe_Transect 3,0.5734,,4.008,0.363,2324.674,29.142,,,-700.923,-876.253,-2035.927,Lau_Totoya_Joe,Peter,Blenniidae,Plagiotremus,flavus,temp_code_003,1,AD,Passing,
TY_Joe_Cam1_Left_3110_01.MP4,61073,16.9817,Lau_Totoya_Joe_Transect 3,0.5734,81.578,6.208,5.026,2200.961,5.82,37.031,17.667,208,-80.905,-2189.616,Lau_Totoya_Joe,Peter,Pomacentridae,Pomacentrus,philippinus,37372123,1,AD,Passing,
TY_Joe_Cam1_Left_3110_01.MP4,61103,16.99,Lau_Totoya_Joe_Transect 3,0.5817,118.642,7.815,8.227,2463.002,25.547,37.033,9.425,-1035.287,-237.428,-2222.204,Lau_Totoya_Joe,Peter,Pomacentridae,Amblyglyphidodon,orbicularis,temp_code_001,1,AD,Passing,
TY_Joe_Cam1_Left_3110_01.MP4,61138,16.9998,Lau_Totoya_Joe_Transect 3,0.5914,133.105,2.406,0.728,1787.146,9.54,14.027,13.991,282.774,-88.2,-1762.428,Lau_Totoya_Joe,Peter,Scaridae,Chlorurus,spilurus,temp_code_002,1,AD,Passing,
TY_Joe_Cam1_Left_3110_01.MP4,61138,16.9998,Lau_Totoya_Joe_Transect 3,0.5914,93.658,2.662,4.294,1737.673,2.483,19.758,5.427,-69.917,-27.939,-1736.041,Lau_Totoya_Joe,Peter,Scaridae,Chlorurus,spilurus,temp_code_002,1,AD,Passing,
TY_Joe_Cam1_Left_3110_01.MP4,61138,16.9998,Lau_Totoya_Joe_Transect 3,0.5914,118.507,5.893,6.647,2264.842,11.609,29.996,5.884,-447.83,84.711,-2218.509,Lau_Totoya_Joe,Peter,Scaridae,Chlorurus,spilurus,temp_code_002,1,AD,Passing,
TY_Joe_Cam1_Left_3110_01.MP4,61172,17.0092,Lau_Totoya_Joe_Transect 3,0.6009,104.337,7.264,3.639,2294.738,8.337,39.133,2.796,-226.449,243.796,-2270.486,Lau_Totoya_Joe,Peter,Scaridae,Chlorurus,spilurus,temp_code_002,1,AD,Passing,
TY_Joe_Cam1_Left_3110_01.MP4,61640,17.1393,Lau_Totoya_Joe_Transect 3,0.731,,15.898,3.086,4809.334,26.217,,,-2041.868,-560.22,-4318.173,Lau_Totoya_Joe,Peter,Acanthuridae,Acanthurus,sp,,1,AD,Passing,
TY_Joe_Cam1_Left_3110_01.MP4,61640,17.1393,Lau_Totoya_Joe_Transect 3,0.731,,7.408,1.829,3567.323,40.656,,,-2002.47,-1162.828,-2713.621,Lau_Totoya_Joe,Peter,Pomacentridae,Pomacentrus,sp,,1,AD,Passing,
TY_Joe_Cam1_Left_3110_01.MP4,61640,17.1393,Lau_Totoya_Joe_Transect 3,0.731,,6.753,4.762,3346.659,39.38,,,-1885.981,-959.252,-2592.882,Lau_Totoya_Joe,Peter,Pomacentridae,Pomacentrus,philippinus,37372123,1,AD,Passing,
TY_Joe_Cam1_Left_3110_01.MP4,61640,17.1393,Lau_Totoya_Joe_Transect 3,0.731,,14.469,6.513,4605.867,30.338,,,-2204.749,-717.642,-3979.709,Lau_Totoya_Joe,Peter,Pomacentridae,Pomacentrus,philippinus,37372123,1,AD,Passing,
TY_Joe_Cam1_Left_3110_01.MP4,61833,17.193,Lau_Totoya_Joe_Transect 3,0.7847,78.06,5.418,3.862,2798.309,22.546,1.509,33.763,-1072.944,-2.95,-2584.437,Lau_Totoya_Joe,Peter,Pomacentridae,Amblyglyphidodon,orbicularis,temp_code_001,1,AD,Passing,
TY_Joe_Cam1_Left_3110_01.MP4,61833,17.193,Lau_Totoya_Joe_Transect 3,0.7847,,5.528,1.034,2841.044,11.897,,,-576.629,119.975,-2779.323,Lau_Totoya_Joe,Peter,Acanthuridae,Zebrasoma,scopas,37437036,1,AD,Passing,
TY_Joe_Cam1_Left_3110_01.MP4,61902,17.2122,Lau_Totoya_Joe_Transect 3,0.8039,70.183,3.229,3.347,1831.614,17.557,21.289,20.677,-552.518,2.059,-1746.29,Lau_Totoya_Joe,Peter,Pomacentridae,Pomacentrus,philippinus,37372123,1,AD,Passing,
TY_Joe_Cam1_Left_3110_01.MP4,61902,17.2122,Lau_Totoya_Joe_Transect 3,0.8039,50.15,2.851,2.664,1493.17,7.092,32.354,6.702,177.998,-47.943,-1481.747,Lau_Totoya_Joe,Peter,Pomacentridae,Pomacentrus,philippinus,37372123,1,AD,Passing,
TY_Joe_Cam1_Left_3110_01.MP4,61902,17.2122,Lau_Totoya_Joe_Transect 3,0.8039,64.118,2.251,1.925,1589.335,7.303,19.276,17.115,196.756,45.888,-1576.441,Lau_Totoya_Joe,Peter,Labridae,Thalassoma,hardwicke,37384165,1,AD,Passing,
TY_Joe_Cam1_Left_3110_01.MP4,61964,17.2294,Lau_Totoya_Joe_Transect 3,0.8211,67.788,3.169,1.983,1393.125,7.615,46.07,8.954,-182.426,-28.282,-1380.84,Lau_Totoya_Joe,Peter,Pomacentridae,Pomacentrus,philippinus,37372123,1,AD,Passing,
TY_Joe_Cam1_Left_3110_01.MP4,62518,17.3835,Lau_Totoya_Joe_Transect 3,0.9751,103.121,3.607,2.525,2168.249,21.076,18.108,14.835,383.064,-679.145,-2023.197,Lau_Totoya_Joe,Peter,Lethrinidae,Monotaxis,grandoculis,37351026,1,AD,Passing,
TY_Joe_Cam1_Left_3110_01.MP4,62734,17.4435,Lau_Totoya_Joe_Transect 3,1.0352,46.727,4.224,7.363,1589.571,20.004,62.982,22.537,-54.55,-541.022,-1493.672,Lau_Totoya_Joe,Peter,Pomacentridae,Pomacentrus,sp,,1,AD,Passing,
TY_Joe_Cam1_Left_3110_01.MP4,62794,17.4602,Lau_Totoya_Joe_Transect 3,1.0519,107.749,1.639,2.233,1314.15,15.112,16.564,0.309,268.902,-212.295,-1268.705,Lau_Totoya_Joe,Peter,Pomacentridae,Amblyglyphidodon,curacao,37372017,1,AD,Passing,
TY_Joe_Cam1_Left_3110_01.MP4,62794,17.4602,Lau_Totoya_Joe_Transect 3,1.0519,57.23,3.207,1.798,1408.939,28.337,72.485,12.933,624.635,-238.885,-1240.11,Lau_Totoya_Joe,Peter,Pomacentridae,Chromis,atripes,37372037,1,AD,Passing,
TY_Joe_Cam1_Left_3110_01.MP4,62844,17.4741,Lau_Totoya_Joe_Transect 3,1.0658,60.533,1.242,3.518,1321.151,22.359,7.168,16.415,-58.187,-499.205,-1221.822,Lau_Totoya_Joe,Peter,Pomacentridae,Chromis,atripes,37372037,1,AD,Passing,
TY_Joe_Cam1_Left_3110_01.MP4,62873,17.4822,Lau_Totoya_Joe_Transect 3,1.0739,73.225,4.847,6.879,2055.158,12.735,50.944,49.467,-305.035,-334.988,-2004.597,Lau_Totoya_Joe,Peter,Pomacentridae,Amblyglyphidodon,orbicularis,temp_code_001,1,AD,Passing,
TY_Joe_Cam1_Left_3110_01.MP4,62883,17.485,Lau_Totoya_Joe_Transect 3,1.0766,,1.939,2.511,1655.565,33.713,,,878.886,-259.569,-1378.797,Lau_Totoya_Joe,Peter,Pomacentridae,Stegastes,nigricans,37372135,1,AD,Passing,
TY_Joe_Cam1_Left_3110_01.MP4,62915,17.4939,Lau_Totoya_Joe_Transect 3,1.0855,,1.13,1.986,1132.455,23.271,,,228.95,-377.869,-1042.713,Lau_Totoya_Joe,Peter,Pomacentridae,Stegastes,nigricans,37372135,1,AD,Passing,
TY_Joe_Cam1_Left_3110_01.MP4,62992,17.5153,Lau_Totoya_Joe_Transect 3,1.1069,88.155,5.258,1.512,2490.175,36.532,8.18,32.753,1428.405,396.24,-2000.906,Lau_Totoya_Joe,Peter,Pomacentridae,Stegastes,lacrymatus,temp_code_006,1,AD,Passing,
TY_Joe_Cam1_Left_3110_01.MP4,63059,17.5339,Lau_Totoya_Joe_Transect 3,1.1256,,5.608,0.909,2901.345,35.839,,,1444.789,908.242,-2346.377,Lau_Totoya_Joe,Peter,Pomacentridae,Pomacentrus,sp,,1,AD,Passing,
TY_Joe_Cam1_Left_3110_01.MP4,63173,17.5656,Lau_Totoya_Joe_Transect 3,1.1573,53.746,3.297,2.646,1587.655,31.584,48.068,15.159,814.111,-169.308,-1352.482,Lau_Totoya_Joe,Peter,Pomacentridae,Chrysiptera,glauca,37372062,1,AD,Passing,
TY_Joe_Cam1_Left_3110_01.MP4,63225,17.5801,Lau_Totoya_Joe_Transect 3,1.1717,,7.674,2.794,3511.59,3.694,,,119.195,-170.331,-3505.43,Lau_Totoya_Joe,Peter,Pomacentridae,Amblyglyphidodon,orbicularis,temp_code_001,1,AD,Passing,
TY_Joe_Cam1_Left_3110_01.MP4,63225,17.5801,Lau_Totoya_Joe_Transect 3,1.1717,,4.837,3.722,2703.809,4.785,,,84.711,-192.145,-2695.643,Lau_Totoya_Joe,Peter,Pomacentridae,Amblyglyphidodon,orbicularis,temp_code_001,1,AD,Passing,
TY_Joe_Cam1_Left_3110_01.MP4,63225,17.5801,Lau_Totoya_Joe_Transect 3,1.1717,79.832,5.159,5.29,2696.74,8.505,22.507,41.209,321.162,-236.502,-2667.083,Lau_Totoya_Joe,Peter,Labridae,Anampses,neoguinaicus,37384050,1,,Passing,IP
TY_Joe_Cam1_Left_3110_01.MP4,63225,17.5801,Lau_Totoya_Joe_Transect 3,1.1717,,7.757,5.141,3432.438,12.659,,,56.358,-729.106,-3353.634,Lau_Totoya_Joe,Peter,Chaetodontidae,Chaetodon,lunulatus,37365059,1,AD,Passing,
TY_Joe_Cam1_Left_3110_01.MP4,63225,17.5801,Lau_Totoya_Joe_Transect 3,1.1717,219.239,8.954,6.917,3937.805,13.483,16.193,37.646,-289.038,-871.438,-3829.277,Lau_Totoya_Joe,Peter,Scaridae,Chlorurus,spilurus,temp_code_002,1,AD,Passing,
TY_Joe_Cam1_Left_3110_01.MP4,63225,17.5801,Lau_Totoya_Joe_Transect 3,1.1717,,9.554,0.918,3699.142,31.606,,,1662.83,1016.358,-3144.148,Lau_Totoya_Joe,Peter,Scaridae,Chlorurus,spilurus,temp_code_002,1,AD,Passing,
TY_Joe_Cam1_Left_3110_01.MP4,63225,17.5801,Lau_Totoya_Joe_Transect 3,1.1717,,8.727,9.848,3482.091,24.677,,,1222.228,806.941,-3159.107,Lau_Totoya_Joe,Peter,Scaridae,Chlorurus,spilurus,temp_code_002,1,AD,Passing,
TY_Joe_Cam1_Left_3110_01.MP4,63225,17.5801,Lau_Totoya_Joe_Transect 3,1.1717,62.959,5.836,4.616,2724.906,8.749,23.805,33.724,116.58,-397.732,-2693.201,Lau_Totoya_Joe,Peter,Pomacentridae,Chromis,atripes,37372037,1,AD,Passing,
TY_Joe_Cam1_Left_3110_01.MP4,63225,17.5801,Lau_Totoya_Joe_Transect 3,1.1717,134.723,10.179,1.4,3128.438,9.864,36.862,37.742,148.669,-514.917,-3082.188,Lau_Totoya_Joe,Peter,Labridae,Gomphosus,varius,37384106,1,AD,Passing,
TY_Joe_Cam1_Left_3110_01.MP4,63225,17.5801,Lau_Totoya_Joe_Transect 3,1.1717,174.164,5.341,1.816,3574.933,8.935,4.825,12.058,523.536,184.956,-3531.55,Lau_Totoya_Joe,Peter,Labridae,Gomphosus,varius,37384106,1,AD,Passing,
TY_Joe_Cam1_Left_3110_01.MP4,63225,17.5801,Lau_Totoya_Joe_Transect 3,1.1717,70.155,3.742,1.616,1715.537,26.646,42.642,25.149,747.5,182.191,-1533.335,Lau_Totoya_Joe,Peter,Pomacentridae,Pomacentrus,callainus,temp_code_004,1,AD,Passing,
TY_Joe_Cam1_Left_3110_01.MP4,63225,17.5801,Lau_Totoya_Joe_Transect 3,1.1717,105.899,6.527,1.002,2059.486,24.564,66.885,28.467,838.394,173.447,-1873.098,Lau_Totoya_Joe,Peter,Pomacentridae,Pomacentrus,sp,,1,AD,Passing,
TY_Joe_Cam1_Left_3110_01.MP4,63225,17.5801,Lau_Totoya_Joe_Transect 3,1.1717,86.843,8.578,4.818,2180.56,19.685,69.075,13.747,667.095,307.391,-2053.129,Lau_Totoya_Joe,Peter,Pomacentridae,Stegastes,lacrymatus,temp_code_006,1,AD,Passing,
TY_Joe_Cam1_Left_3110_01.MP4,63274,17.5937,Lau_Totoya_Joe_Transect 3,1.1854,232.713,19.934,5.257,3801.72,6.049,44.71,23.816,396.892,-54.358,-3780.555,Lau_Totoya_Joe,Peter,Scaridae,Chlorurus,spilurus,temp_code_002,1,AD,Passing,
TY_Joe_Cam1_Left_3110_01.MP4,63413,17.6323,Lau_Totoya_Joe_Transect 3,1.224,91.23,4.163,4.3,1739.814,19.526,86.876,51.961,-72.397,-576.987,-1639.756,Lau_Totoya_Joe,Peter,Pomacentridae,Amblyglyphidodon,orbicularis,temp_code_001,1,AD,Passing,
TY_Joe_Cam1_Left_3110_02.MP4,18277,22.7163,Lau_Totoya_Joe_Transect 4,0.1337,62.35,4.843,1.338,2218.702,31.564,36.283,40.3,866.725,-773.054,-1890.453,Lau_Totoya_Joe,Peter,Pomacentridae,Pomacentrus,maafu,temp_code_005,1,AD,Passing,
TY_Joe_Cam1_Left_3110_02.MP4,18516,22.7828,Lau_Totoya_Joe_Transect 4,0.2002,70.04,4.296,4.454,2270.479,21.072,20.341,36.343,-793.145,-193.122,-2118.655,Lau_Totoya_Joe,Peter,Acanthuridae,Ctenochaetus,striatus,37437022,1,AD,Passing,
TY_Joe_Cam1_Left_3110_02.MP4,18532,22.7872,Lau_Totoya_Joe_Transect 4,0.2046,102.698,5.546,4.722,2371.392,31.371,3.889,6.747,-1232.131,76.206,-2024.733,Lau_Totoya_Joe,Peter,Pomacentridae,Pomacentrus,philippinus,37372123,1,AD,Passing,
TY_Joe_Cam1_Left_3110_02.MP4,18561,22.7953,Lau_Totoya_Joe_Transect 4,0.2127,,6.284,3.095,3004.729,17.529,,,354.264,-814.786,-2870.369,Lau_Totoya_Joe,Peter,Pomacentridae,Dascyllus,aruanus,37372073,1,AD,Passing,
TY_Joe_Cam1_Left_3110_02.MP4,18616,22.8106,Lau_Totoya_Joe_Transect 4,0.228,70.12,4.605,3.947,2021.3,32.752,43.859,30.693,-1093.475,-10.484,-1699.958,Lau_Totoya_Joe,Peter,Pomacentridae,Stegastes,lacrymatus,temp_code_006,1,AD,Passing,
TY_Joe_Cam1_Left_3110_02.MP4,18625,22.8131,Lau_Totoya_Joe_Transect 4,0.2305,61.285,4.651,3.141,1908.943,35.084,53.311,3.687,-1008.387,-432.489,-1562.105,Lau_Totoya_Joe,Peter,Pomacentridae,Pomacentrus,maafu,temp_code_005,1,AD,Passing,
TY_Joe_Cam1_Left_3110_02.MP4,18765,22.852,Lau_Totoya_Joe_Transect 4,0.2694,76.176,2.996,5.136,2473.902,13.792,1.884,48.194,-321.63,-494.337,-2402.578,Lau_Totoya_Joe,Peter,Chaetodontidae,Chaetodon,lunulatus,37365059,1,AD,Passing,
TY_Joe_Cam1_Left_3110_02.MP4,18765,22.852,Lau_Totoya_Joe_Transect 4,0.2694,86.295,6.391,3.343,2210.983,22.269,43.168,13.157,237.896,-803.363,-2046.083,Lau_Totoya_Joe,Peter,Chaetodontidae,Chaetodon,lunulatus,37365059,1,AD,Passing,
TY_Joe_Cam1_Left_3110_02.MP4,18855,22.877,Lau_Totoya_Joe_Transect 4,0.2945,113.974,7.972,5.17,2935.093,7.071,63.411,62.964,-90.776,-349.738,-2912.768,Lau_Totoya_Joe,Peter,Pomacentridae,Amblyglyphidodon,orbicularis,temp_code_001,1,AD,Passing,
TY_Joe_Cam1_Left_3110_02.MP4,18855,22.877,Lau_Totoya_Joe_Transect 4,0.2945,74.077,5.747,5.368,2378.518,35.228,19.1,17.333,-1370.348,-67.549,-1942.918,Lau_Totoya_Joe,Peter,Scaridae,Chlorurus,spilurus,temp_code_002,1,AD,Passing,
TY_Joe_Cam1_Left_3110_02.MP4,18855,22.877,Lau_Totoya_Joe_Transect 4,0.2945,99.26,5.045,4.941,2320.946,34.757,10.345,25.453,-1319.548,97.56,-1906.847,Lau_Totoya_Joe,Peter,Scaridae,Chlorurus,spilurus,temp_code_002,1,AD,Passing,
TY_Joe_Cam1_Left_3110_02.MP4,18948,22.9029,Lau_Totoya_Joe_Transect 4,0.3203,71.808,4.484,7.955,1871.214,31.09,43.289,15.771,-963.929,-67,-1602.434,Lau_Totoya_Joe,Peter,Acanthuridae,Zebrasoma,scopas,37437036,1,AD,Passing,
TY_Joe_Cam1_Left_3110_02.MP4,18990,22.9146,Lau_Totoya_Joe_Transect 4,0.332,89.107,3.038,0.446,1608.886,29.659,39.635,27.359,-686.163,-403.763,-1398.095,Lau_Totoya_Joe,Peter,Mullidae,Parupeneus,multifasciatus,37355026,1,AD,Passing,
TY_Joe_Cam1_Left_3110_02.MP4,18990,22.9146,Lau_Totoya_Joe_Transect 4,0.332,90.467,2.755,2.011,1762.363,24.82,19.518,1.029,-466.444,-574.189,-1599.582,Lau_Totoya_Joe,Peter,Acanthuridae,Zebrasoma,scopas,37437036,1,AD,Passing,
TY_Joe_Cam1_Left_3110_02.MP4,18997,22.9165,Lau_Totoya_Joe_Transect 4,0.3339,70.554,4.616,3.821,2140.425,33.725,5.962,9.443,-1185.153,87.69,-1780.208,Lau_Totoya_Joe,Peter,Pomacentridae,Pomacentrus,philippinus,37372123,1,AD,Passing,
TY_Joe_Cam1_Left_3110_02.MP4,18997,22.9165,Lau_Totoya_Joe_Transect 4,0.3339,95.197,6.226,4.151,2087.103,32.162,57.849,0.488,-1092.398,202.465,-1766.826,Lau_Totoya_Joe,Peter,Scaridae,Scarus,schlegeli,37386029,1,AD,Passing,
TY_Joe_Cam1_Left_3110_02.MP4,19044,22.9296,Lau_Totoya_Joe_Transect 4,0.347,96.076,3.062,0.813,1513.061,31.295,49.861,13.927,-725.056,-303.363,-1292.91,Lau_Totoya_Joe,Peter,Mullidae,Parupeneus,multifasciatus,37355026,1,AD,Passing,
TY_Joe_Cam1_Left_3110_02.MP4,19061,22.9343,Lau_Totoya_Joe_Transect 4,0.3517,67.292,6.176,4.148,2250.026,11.516,52.163,46.05,158.668,-420.259,-2204.728,Lau_Totoya_Joe,Peter,Pomacentridae,Chromis,atripes,37372037,1,AD,Passing,
TY_Joe_Cam1_Left_3110_02.MP4,19155,22.9604,Lau_Totoya_Joe_Transect 4,0.3779,96.391,3.76,4.551,1549.624,24.161,51.477,6.248,-633.476,31.507,-1413.877,Lau_Totoya_Joe,Peter,Scaridae,Scarus,schlegeli,37386029,1,AD,Passing,
TY_Joe_Cam1_Left_3110_02.MP4,19606,23.0858,Lau_Totoya_Joe_Transect 4,0.5033,74.809,2.708,0.658,1753.838,26.641,19.156,29.437,564.221,-547.814,-1567.643,Lau_Totoya_Joe,Peter,Pomacentridae,Pomacentrus,callainus,temp_code_004,1,AD,Passing,
TY_Joe_Cam1_Left_3110_02.MP4,19671,23.1039,Lau_Totoya_Joe_Transect 4,0.5214,79.489,1.321,3.543,1440.067,24.324,8.345,1.814,-58.614,-590.25,-1312.235,Lau_Totoya_Joe,Peter,Pomacentridae,Plectroglyphidodon,fasciolatus,temp_code_011,1,AD,Passing,
TY_Joe_Cam1_Left_3110_02.MP4,19730,23.1203,Lau_Totoya_Joe_Transect 4,0.5378,94.45,1.813,1.587,1421.461,19.346,18.278,19.187,-258.823,-393.373,-1341.201,Lau_Totoya_Joe,Peter,Pomacentridae,Amblyglyphidodon,curacao,37372017,1,AD,Passing,
TY_Joe_Cam1_Left_3110_02.MP4,19730,23.1203,Lau_Totoya_Joe_Transect 4,0.5378,48.79,3.253,2.388,2303.996,20.839,21.475,63.153,-732.236,-368.284,-2153.275,Lau_Totoya_Joe,Peter,Chaetodontidae,Heniochus,varius,37365078,1,AD,Passing,
TY_Joe_Cam1_Left_3110_02.MP4,19825,23.1467,Lau_Totoya_Joe_Transect 4,0.5642,108.779,2.706,3.053,1537.003,24.966,36.8,33.922,-592.212,264.862,-1393.381,Lau_Totoya_Joe,Peter,Scaridae,Scarus,schlegeli,37386029,1,AD,Passing,
TY_Joe_Cam1_Left_3110_02.MP4,19908,23.1698,Lau_Totoya_Joe_Transect 4,0.5873,,6.265,2.886,3277.162,39.118,,,-1950.368,702.336,-2538.224,Lau_Totoya_Joe,Peter,Pomacentridae,Amblyglyphidodon,orbicularis,temp_code_001,1,AD,Passing,
TY_Joe_Cam1_Left_3110_02.MP4,19921,23.1734,Lau_Totoya_Joe_Transect 4,0.5909,115.859,9.036,6.05,3082.517,36.311,28.901,26.777,-1689.629,690.754,-2483.933,Lau_Totoya_Joe,Peter,Labridae,Halichoeres,hortulanus,37384112,1,AD,Passing,
TY_Joe_Cam1_Left_3110_02.MP4,20154,23.2382,Lau_Totoya_Joe_Transect 4,0.6557,109.303,8.673,5.733,2178.621,12.359,59.23,1.924,-451.812,-115.417,-2128.129,Lau_Totoya_Joe,Peter,Pomacentridae,Amblyglyphidodon,orbicularis,temp_code_001,1,AD,Passing,
TY_Joe_Cam1_Left_3110_02.MP4,20230,23.2593,Lau_Totoya_Joe_Transect 4,0.6768,,7.827,0.771,3346.648,29.907,,,1538.637,-627.459,-2904.986,Lau_Totoya_Joe,Peter,Pomacentridae,Amblyglyphidodon,orbicularis,temp_code_001,1,AD,Passing,
TY_Joe_Cam1_Left_3110_02.MP4,20261,23.268,Lau_Totoya_Joe_Transect 4,0.6854,60.961,2.77,3.132,1510.236,21.257,36.672,26.627,-376.602,-397.451,-1407.486,Lau_Totoya_Joe,Peter,Pomacentridae,Pomacentrus,maafu,temp_code_005,1,AD,Passing,
TY_Joe_Cam1_Left_3110_02.MP4,20316,23.2833,Lau_Totoya_Joe_Transect 4,0.7007,60.864,2.697,3.549,2134.813,8.122,11.415,7.829,-135.794,-269.303,-2113.401,Lau_Totoya_Joe,Peter,Labridae,Thalassoma,hardwicke,37384165,1,AD,Passing,
TY_Joe_Cam1_Left_3110_02.MP4,20641,23.3736,Lau_Totoya_Joe_Transect 4,0.7911,86.709,6.268,2.3,2435.6,31.561,33.477,20.487,-957.221,-841.918,-2075.343,Lau_Totoya_Joe,Peter,Pomacentridae,Amblyglyphidodon,orbicularis,temp_code_001,1,AD,Passing,
TY_Joe_Cam1_Left_3110_02.MP4,20641,23.3736,Lau_Totoya_Joe_Transect 4,0.7911,,7.234,3.474,3216.544,33.527,,,-1441.871,-1021.136,-2687.833,Lau_Totoya_Joe,Peter,Chaetodontidae,Chaetodon,lunulatus,37365059,1,AD,Passing,
TY_Joe_Cam1_Left_3110_02.MP4,20641,23.3736,Lau_Totoya_Joe_Transect 4,0.7911,,6.838,0.781,3107.62,32.437,,,-1362.052,-944.41,-2628.727,Lau_Totoya_Joe,Peter,Chaetodontidae,Chaetodon,lunulatus,37365059,1,AD,Passing,
TY_Joe_Cam1_Left_3110_02.MP4,21448,23.598,Lau_Totoya_Joe_Transect 4,1.0155,77.791,3.016,4.056,2326.103,22.796,0.052,23.348,461.054,-774.4,-2144.408,Lau_Totoya_Joe,Peter,Acanthuridae,Ctenochaetus,striatus,37437022,1,AD,Passing,
TY_Joe_Cam1_Left_3110_02.MP4,21474,23.6052,Lau_Totoya_Joe_Transect 4,1.0227,103.304,3.953,5.576,2586.813,16.501,11.361,38.929,473.773,-561.595,-2480.273,Lau_Totoya_Joe,Peter,Labridae,Cheilinus,fasciatus,37384066,1,AD,Passing,
TY_Joe_Cam1_Left_3110_02.MP4,21563,23.63,Lau_Totoya_Joe_Transect 4,1.0474,155.795,8.942,6.916,2446.471,32.476,76.458,14.345,-1182.041,573.062,-2063.88,Lau_Totoya_Joe,Peter,Acanthuridae,Acanthurus,nigrofuscus,37437014,1,AD,Passing,
TY_Joe_Cam1_Left_3110_02.MP4,21563,23.63,Lau_Totoya_Joe_Transect 4,1.0474,78.819,5.891,3.307,1920.51,6.894,48.942,15.406,-129.135,190.964,-1906.624,Lau_Totoya_Joe,Peter,Pomacentridae,Stegastes,lacrymatus,temp_code_006,1,AD,Passing,
TY_Joe_Cam1_Left_3110_02.MP4,21563,23.63,Lau_Totoya_Joe_Transect 4,1.0474,57.063,2.559,3.177,2192.601,13.632,4.668,4.027,-362.075,368.715,-2130.833,Lau_Totoya_Joe,Peter,Acanthuridae,Zebrasoma,scopas,37437036,1,AD,Passing,
TY_Joe_Cam1_Left_3110_02.MP4,21598,23.6397,Lau_Totoya_Joe_Transect 4,1.0572,73.445,2.335,2.706,1476.016,30.776,25.994,26.041,-751.122,78.849,-1268.157,Lau_Totoya_Joe,Peter,Acanthuridae,Acanthurus,nigrofuscus,37437014,1,AD,Passing,
TY_Joe_Cam1_Left_3110_02.MP4,21633,23.6495,Lau_Totoya_Joe_Transect 4,1.0669,252.792,21.159,5.947,3458.138,25.864,75.754,3.383,-1430.133,480.162,-3111.733,Lau_Totoya_Joe,Peter,Serranidae,Aethaloperca,rogaa,37311134,1,AD,Passing,
TY_Joe_Cam1_Left_3110_02.MP4,21754,23.6831,Lau_Totoya_Joe_Transect 4,1.1005,,3.267,2.661,2106.855,18.984,,,-3.924,-672.869,-1996.514,Lau_Totoya_Joe,Peter,Pomacentridae,Dascyllus,aruanus,37372073,1,AD,Passing,
TY_Joe_Cam1_Left_3110_02.MP4,21754,23.6831,Lau_Totoya_Joe_Transect 4,1.1005,,3.328,1.457,2128.281,18.669,,,81.997,-663.687,-2020.489,Lau_Totoya_Joe,Peter,Pomacentridae,Dascyllus,aruanus,37372073,1,AD,Passing,
TY_Joe_Cam1_Left_3110_02.MP4,21754,23.6831,Lau_Totoya_Joe_Transect 4,1.1005,59.285,4.258,6.241,2230.893,24.155,28.965,69.51,290.775,-865.346,-2035.561,Lau_Totoya_Joe,Peter,Pomacentridae,Pomacentrus,maafu,temp_code_005,1,AD,Passing,
TY_Joe_Cam1_Left_3110_02.MP4,21911,23.7268,Lau_Totoya_Joe_Transect 4,1.1442,189.391,13.539,5.836,3444.57,19.987,29.448,6.03,-1155.895,223.855,-3237.107,Lau_Totoya_Joe,Peter,Acanthuridae,Acanthurus,nigrofuscus,37437014,1,AD,Passing,
TY_Joe_Cam1_Left_3110_02.MP4,21911,23.7268,Lau_Totoya_Joe_Transect 4,1.1442,,5.044,0.466,2667.217,26.404,,,-1182.895,102.183,-2388.382,Lau_Totoya_Joe,Peter,Acanthuridae,Acanthurus,nigrofuscus,37437014,1,AD,Passing,
TY_Joe_Cam1_Left_3110_02.MP4,21911,23.7268,Lau_Totoya_Joe_Transect 4,1.1442,,4.1,1.526,2498.888,33.947,,,-1395.244,37.099,-2072.766,Lau_Totoya_Joe,Peter,Acanthuridae,Acanthurus,nigrofuscus,37437014,1,AD,Passing,
TY_Joe_Cam1_Left_3110_02.MP4,21986,23.7476,Lau_Totoya_Joe_Transect 4,1.1651,,1.822,0.489,1523.726,24.103,,,-622.204,1.534,-1390.899,Lau_Totoya_Joe,Peter,Pomacentridae,Pomacentrus,moluccensis,37372118,1,AD,Passing,
TY_Joe_Cam1_Left_3110_02.MP4,21986,23.7476,Lau_Totoya_Joe_Transect 4,1.1651,47.234,2,2.206,1375.991,29.792,15.358,11.249,-652.842,-202.97,-1194.132,Lau_Totoya_Joe,Peter,Pomacentridae,Stegastes,lacrymatus,temp_code_006,1,AD,Passing,
TY_Joe_Cam1_Left_3110_02.MP4,22181,23.8018,Lau_Totoya_Joe_Transect 4,1.2193,,2.897,0.785,2067.99,34.489,,,-1137.124,-268.879,-1706.234,Lau_Totoya_Joe,Peter,Pomacentridae,Pomacentrus,maafu,temp_code_005,1,AD,Passing,
TY_Joe_Cam1_Left_3110_02.MP4,22253,23.8219,Lau_Totoya_Joe_Transect 4,1.2393,187.03,6.404,1.385,2152.029,26.952,50.76,21.712,-787.096,-576.098,-1918.286,Lau_Totoya_Joe,Peter,Acanthuridae,Ctenochaetus,striatus,37437022,1,AD,Passing,
TY_Joe_Cam1_Left_3110_02.MP4,22388,23.8594,Lau_Totoya_Joe_Transect 4,1.2768,68.46,1.949,4.119,1447.995,30.838,0.849,29.479,-710.186,215.869,-1243.272,Lau_Totoya_Joe,Peter,Pomacentridae,Pomacentrus,maafu,temp_code_005,1,AD,Passing,
TY_Joe_Cam1_Left_3110_02.MP4,22545,23.903,Lau_Totoya_Joe_Transect 4,1.3205,25.095,2.264,3.216,1606.939,30.806,5.588,35.298,-789.547,-232.177,-1380.204,Lau_Totoya_Joe,Peter,Pomacentridae,Pomacentrus,coelestis,37372111,1,AD,Passing,
TY_Joe_Cam1_Left_3110_02.MP4,22788,23.9706,Lau_Totoya_Joe_Transect 4,1.3881,,5.43,2.693,2795.924,14.267,,,-318.059,-594.226,-2713.471,Lau_Totoya_Joe,Peter,Pomacentridae,Abudefduf,vaigiensis,37372013,1,AD,Passing,
TY_Joe_Cam1_Left_3110_02.MP4,22950,24.0157,Lau_Totoya_Joe_Transect 4,1.4331,100.304,5.467,2.918,2319.558,21.451,24.867,22.685,-845.265,71.354,-2158.885,Lau_Totoya_Joe,Peter,Pomacentridae,Amblyglyphidodon,curacao,37372017,1,AD,Passing,
TY_Joe_Cam1_Left_3110_02.MP4,23200,24.0852,Lau_Totoya_Joe_Transect 4,1.5026,32.375,2.326,2.199,1872.898,21.424,14.702,13.169,-44.139,-682.674,-1743.49,Lau_Totoya_Joe,Peter,Pomacentridae,Chromis,viridis,37372053,1,AD,Passing,
TY_Joe_Cam1_Left_3110_02.MP4,23200,24.0852,Lau_Totoya_Joe_Transect 4,1.5026,,2.75,2.061,1897.319,20.506,,,-292.895,-585.481,-1780.799,Lau_Totoya_Joe,Peter,Pomacentridae,Chromis,viridis,37372053,1,AD,Passing,
TY_Joe_Cam1_Left_3110_02.MP4,23200,24.0852,Lau_Totoya_Joe_Transect 4,1.5026,,2.692,1.926,1885.647,19.516,,,-66.266,-615.29,-1781.205,Lau_Totoya_Joe,Peter,Pomacentridae,Chromis,viridis,37372053,1,AD,Passing,
TY_Joe_Cam1_Left_3110_02.MP4,23200,24.0852,Lau_Totoya_Joe_Transect 4,1.5026,,2.633,1.769,1860.667,20.145,,,-106.107,-621.014,-1750.761,Lau_Totoya_Joe,Peter,Pomacentridae,Chromis,viridis,37372053,1,AD,Passing,
TY_Joe_Cam1_Left_3110_02.MP4,23200,24.0852,Lau_Totoya_Joe_Transect 4,1.5026,,2.74,2.292,1903.389,20.528,,,-112.541,-646.733,-1786.606,Lau_Totoya_Joe,Peter,Pomacentridae,Chromis,viridis,37372053,1,AD,Passing,
TY_Joe_Cam1_Left_3110_02.MP4,23200,24.0852,Lau_Totoya_Joe_Transect 4,1.5026,,2.621,0.615,1854.847,21.291,,,-134.3,-649.151,-1732.346,Lau_Totoya_Joe,Peter,Pomacentridae,Chromis,viridis,37372053,1,AD,Passing,
TY_Joe_Cam1_Left_3110_02.MP4,23200,24.0852,Lau_Totoya_Joe_Transect 4,1.5026,,2.993,0.04,2002.868,20.147,,,-71.599,-674.348,-1884.571,Lau_Totoya_Joe,Peter,Pomacentridae,Chromis,viridis,37372053,1,AD,Passing,
TY_Joe_Cam1_Left_3110_02.MP4,23200,24.0852,Lau_Totoya_Joe_Transect 4,1.5026,,2.519,2.186,1821.166,24.07,,,6.059,-732.302,-1667.436,Lau_Totoya_Joe,Peter,Pomacentridae,Chromis,viridis,37372053,1,AD,Passing,
TY_Joe_Cam1_Left_3110_02.MP4,23200,24.0852,Lau_Totoya_Joe_Transect 4,1.5026,,2.567,1.632,1839.214,23.488,,,52.996,-720.53,-1691.371,Lau_Totoya_Joe,Peter,Pomacentridae,Chromis,viridis,37372053,1,AD,Passing,
TY_Joe_Cam1_Left_3110_02.MP4,23200,24.0852,Lau_Totoya_Joe_Transect 4,1.5026,,2.547,1.061,1829.509,22.51,,,-17.072,-689.596,-1694.481,Lau_Totoya_Joe,Peter,Pomacentridae,Chromis,viridis,37372053,1,AD,Passing,
TY_Joe_Cam1_Left_3110_02.MP4,23200,24.0852,Lau_Totoya_Joe_Transect 4,1.5026,,2.767,2.584,1916.06,20.878,,,-39.953,-670.445,-1794.49,Lau_Totoya_Joe,Peter,Pomacentridae,Chromis,viridis,37372053,1,AD,Passing,
TY_Joe_Cam1_Left_3110_02.MP4,23200,24.0852,Lau_Totoya_Joe_Transect 4,1.5026,,2.694,2.539,1887.684,21.335,,,-9.282,-675.679,-1762.59,Lau_Totoya_Joe,Peter,Pomacentridae,Chromis,viridis,37372053,1,AD,Passing,
TY_Joe_Cam1_Left_3110_02.MP4,23200,24.0852,Lau_Totoya_Joe_Transect 4,1.5026,,2.636,0.201,1864.241,21.045,,,-22.099,-658.187,-1744.046,Lau_Totoya_Joe,Peter,Pomacentridae,Chromis,viridis,37372053,1,AD,Passing,
TY_Joe_Cam1_Left_3110_02.MP4,23200,24.0852,Lau_Totoya_Joe_Transect 4,1.5026,,3.175,0.909,2072.332,22.253,,,64.396,-770.106,-1922.849,Lau_Totoya_Joe,Peter,Pomacentridae,Chromis,viridis,37372053,1,AD,Passing,
TY_Joe_Cam1_Left_3110_02.MP4,23200,24.0852,Lau_Totoya_Joe_Transect 4,1.5026,,3.029,0.11,2017.639,21.833,,,53.969,-736.689,-1877.563,Lau_Totoya_Joe,Peter,Pomacentridae,Chromis,viridis,37372053,1,AD,Passing,
TY_Joe_Cam1_Left_3110_02.MP4,23200,24.0852,Lau_Totoya_Joe_Transect 4,1.5026,,3.032,3.302,2018.163,21.948,,,87.761,-737.453,-1876.551,Lau_Totoya_Joe,Peter,Pomacentridae,Chromis,viridis,37372053,1,AD,Passing,
TY_Joe_Cam1_Left_3110_02.MP4,23200,24.0852,Lau_Totoya_Joe_Transect 4,1.5026,,2.863,1.05,1955.607,24.537,,,149.977,-787.009,-1783.963,Lau_Totoya_Joe,Peter,Pomacentridae,Chromis,viridis,37372053,1,AD,Passing,
TY_Joe_Cam1_Left_3110_02.MP4,23748,24.2375,Lau_Totoya_Joe_Transect 4,1.655,,10.071,1.046,4149.146,36.847,,,-2484.393,157.931,-3319.377,Lau_Totoya_Joe,Peter,Mullidae,Parupeneus,crassilabris,37355023,1,AD,Passing,
TY_Joe_Cam1_Left_3110_02.MP4,23789,24.2489,Lau_Totoya_Joe_Transect 4,1.6664,,4.669,1.824,2560.872,29.167,,,-1197.467,-337.725,-2238.321,Lau_Totoya_Joe,Peter,Pomacentridae,Dascyllus,aruanus,37372073,1,AD,Passing,
TY_Joe_Cam1_Left_3110_02.MP4,23967,24.2984,Lau_Totoya_Joe_Transect 4,1.7159,99.275,2.068,4.017,1597.467,18.171,8.589,21.314,-497.23,-30.692,-1517.802,Lau_Totoya_Joe,Peter,Pomacentridae,Amblyglyphidodon,curacao,37372017,1,AD,Passing,
TY_Joe_Cam1_Left_3110_02.MP4,24098,24.3349,Lau_Totoya_Joe_Transect 4,1.7523,59.162,4.9,3.529,2440.597,11.536,48.132,64.18,201.219,-444.688,-2391.292,Lau_Totoya_Joe,Peter,Acanthuridae,Ctenochaetus,striatus,37437022,1,AD,Passing,
TY_Joe_Cam1_Left_3110_02.MP4,24131,24.344,Lau_Totoya_Joe_Transect 4,1.7615,70.779,3.072,2.09,1898.97,11.184,19.542,22.333,-363.378,-60.117,-1862.909,Lau_Totoya_Joe,Peter,Pomacentridae,Amblyglyphidodon,orbicularis,temp_code_001,1,AD,Passing,
TY_Joe_Cam1_Left_3110_02.MP4,24131,24.344,Lau_Totoya_Joe_Transect 4,1.7615,151.483,7.984,2.237,2672.735,4.648,32.98,22.634,-200.091,-82.876,-2663.946,Lau_Totoya_Joe,Peter,Mullidae,Mulloidichthys,flavolineatus,37355019,1,AD,Passing,
TY_Joe_Cam1_Left_3110_02.MP4,24131,24.344,Lau_Totoya_Joe_Transect 4,1.7615,167.802,8.576,6.081,3565.081,6.045,17.339,15.777,-337.266,164.977,-3545.256,Lau_Totoya_Joe,Peter,Mullidae,Mulloidichthys,flavolineatus,37355019,1,AD,Passing,
TY_Joe_Cam1_Left_3110_02.MP4,24131,24.344,Lau_Totoya_Joe_Transect 4,1.7615,,9.23,2.806,3885.368,3.013,,,197.798,75.234,-3879.6,Lau_Totoya_Joe,Peter,Mullidae,Mulloidichthys,flavolineatus,37355019,1,AD,Passing,
TY_Joe_Cam1_Left_3110_02.MP4,24274,24.3838,Lau_Totoya_Joe_Transect 4,1.8012,35.874,2.355,1.97,1577.529,27.922,13.626,21.759,-673.548,-303.324,-1393.888,Lau_Totoya_Joe,Peter,Pomacentridae,Amblyglyphidodon,orbicularis,temp_code_001,1,J,Passing,
TY_Joe_Cam1_Left_3110_02.MP4,24323,24.3974,Lau_Totoya_Joe_Transect 4,1.8149,42.589,4.017,1.844,2026.378,31.054,0.749,10.791,-1035.329,-143.987,-1735.964,Lau_Totoya_Joe,Peter,Pomacentridae,Amblyglyphidodon,orbicularis,temp_code_001,1,J,Passing,
TY_Joe_Cam1_Left_3110_02.MP4,24489,24.4436,Lau_Totoya_Joe_Transect 4,1.861,101.119,2.434,3.905,1738.783,21.147,14.205,17.903,-442.282,-444.83,-1621.69,Lau_Totoya_Joe,Peter,Pomacentridae,Amblyglyphidodon,curacao,37372017,1,AD,Passing,
TY_Joe_Cam1_Left_3110_02.MP4,24651,24.4886,Lau_Totoya_Joe_Transect 4,1.9061,112.946,9.582,4.024,2977.908,22.247,34.527,11.646,226.579,-1104.423,-2756.238,Lau_Totoya_Joe,Peter,Labridae,Cheilinus,fasciatus,37384066,1,AD,Passing,
TY_Joe_Cam1_Left_3110_02.MP4,24651,24.4886,Lau_Totoya_Joe_Transect 4,1.9061,132.965,10.639,6.087,3334.399,36.549,21.856,22.086,-1949.996,374.797,-2678.667,Lau_Totoya_Joe,Peter,Mullidae,Mulloidichthys,flavolineatus,37355019,1,AD,Passing,
TY_Joe_Cam1_Left_3110_02.MP4,24651,24.4886,Lau_Totoya_Joe_Transect 4,1.9061,137.107,10.063,5.861,3180.181,34.918,20.341,18.596,-1799.286,276.135,-2607.656,Lau_Totoya_Joe,Peter,Mullidae,Mulloidichthys,flavolineatus,37355019,1,AD,Passing,
TY_Joe_Cam1_Left_3110_02.MP4,24651,24.4886,Lau_Totoya_Joe_Transect 4,1.9061,159.438,13.467,7.126,3669.698,10.845,28.75,21.704,-653.34,-223.385,-3604.155,Lau_Totoya_Joe,Peter,Mullidae,Mulloidichthys,flavolineatus,37355019,1,AD,Passing,
TY_Joe_Cam1_Left_3110_02.MP4,24651,24.4886,Lau_Totoya_Joe_Transect 4,1.9061,108.773,8.031,9.262,3101.852,12.843,23.417,16.621,157.157,-671.327,-3024.254,Lau_Totoya_Joe,Peter,Mullidae,Mulloidichthys,flavolineatus,37355019,1,AD,Passing,
TY_Joe_Cam1_Left_3110_02.MP4,24651,24.4886,Lau_Totoya_Joe_Transect 4,1.9061,123.713,11.339,6.678,2705.909,29.552,65.297,1.087,863.01,-1018.023,-2353.887,Lau_Totoya_Joe,Peter,Mullidae,Mulloidichthys,flavolineatus,37355019,1,AD,Passing,
TY_Joe_Cam1_Left_3110_02.MP4,24651,24.4886,Lau_Totoya_Joe_Transect 4,1.9061,,5.33,0.008,2720.79,31.631,,,999.659,-1003.691,-2322.926,Lau_Totoya_Joe,Peter,Mullidae,Mulloidichthys,flavolineatus,37355019,1,AD,Passing,
TY_Joe_Cam1_Left_3110_02.MP4,24651,24.4886,Lau_Totoya_Joe_Transect 4,1.9061,,5.727,3.007,2799.63,27.51,,,939.985,-872.483,-2488.6,Lau_Totoya_Joe,Peter,Mullidae,Mulloidichthys,flavolineatus,37355019,1,AD,Passing,
TY_Joe_Cam1_Left_3110_02.MP4,24651,24.4886,Lau_Totoya_Joe_Transect 4,1.9061,,8.963,1.484,3535.915,24.01,,,1032.9,-981.277,-3236.188,Lau_Totoya_Joe,Peter,Mullidae,Mulloidichthys,flavolineatus,37355019,1,AD,Passing,
TY_Joe_Cam1_Left_3110_02.MP4,24651,24.4886,Lau_Totoya_Joe_Transect 4,1.9061,186.044,9.122,6.377,3749.878,17.706,17.497,17.181,348.644,-1085.864,-3572.245,Lau_Totoya_Joe,Peter,Mullidae,Parupeneus,multifasciatus,37355026,1,AD,Passing,
TY_Joe_Cam1_Left_3110_02.MP4,24651,24.4886,Lau_Totoya_Joe_Transect 4,1.9061,206.112,18.207,8.86,3375.649,13.574,53.698,16.031,-315.716,-726.665,-3281.354,Lau_Totoya_Joe,Peter,Scaridae,Scarus,globiceps,37386018,1,AD,Passing,
TY_Joe_Cam1_Left_3110_02.MP4,24669,24.4936,Lau_Totoya_Joe_Transect 4,1.9111,101.33,1.968,2.348,1561.937,29.163,51.147,81.533,-574.947,-498.763,-1363.935,Lau_Totoya_Joe,Peter,Labridae,Thalassoma,hardwicke,37384165,1,AD,Passing,
TY_Joe_Cam1_Left_3110_02.MP4,24729,24.5103,Lau_Totoya_Joe_Transect 4,1.9278,154.814,5.742,7.345,2952.48,7.831,16.442,17.854,-253.945,-311.992,-2924.946,Lau_Totoya_Joe,Peter,Mullidae,Mulloidichthys,flavolineatus,37355019,1,AD,Passing,
TY_Joe_Cam1_Left_3110_02.MP4,24877,24.5515,Lau_Totoya_Joe_Transect 4,1.9689,139.766,4.93,2.152,2691.012,5.263,17.769,23.093,-98.312,-226.406,-2679.668,Lau_Totoya_Joe,Peter,Mullidae,Mulloidichthys,flavolineatus,37355019,1,AD,Passing,
TY_Joe_Cam1_Left_3110_02.MP4,24877,24.5515,Lau_Totoya_Joe_Transect 4,1.9689,,8.042,0.102,3594.358,4.504,,,181.875,-193.39,-3584.54,Lau_Totoya_Joe,Peter,Mullidae,Mulloidichthys,flavolineatus,37355019,1,AD,Passing,
TY_Joe_Cam1_Left_3110_02.MP4,24966,24.5762,Lau_Totoya_Joe_Transect 4,1.9937,239.171,16.277,7.834,3844.867,23.649,33.159,3.408,968.861,-1199.963,-3521.988,Lau_Totoya_Joe,Peter,Scaridae,Scarus,schlegeli,37386029,1,AD,Passing,
TY_Joe_Cam1_Left_3110_02.MP4,24966,24.5762,Lau_Totoya_Joe_Transect 4,1.9937,104.194,4.99,3.71,2949.005,23.002,13.326,9.523,408.372,-1077.56,-2714.54,Lau_Totoya_Joe,Peter,Scaridae,Scarus,schlegeli,37386029,1,AD,Passing,
TY_Joe_Cam1_Left_3110_02.MP4,25007,24.5876,Lau_Totoya_Joe_Transect 4,2.0051,187.154,11.681,7.713,2995.256,27.437,38.735,8.565,-1375.624,-111.323,-2658.35,Lau_Totoya_Joe,Peter,Scaridae,Scarus,globiceps,37386018,1,AD,Passing,
TY_Joe_Cam1_Left_3110_02.MP4,25021,24.5915,Lau_Totoya_Joe_Transect 4,2.009,,9.501,5.141,3880.173,36.19,,,-2163.506,773.476,-3126.775,Lau_Totoya_Joe,Peter,Scaridae,Chlorurus,spilurus,temp_code_002,1,AD,Passing,
TY_Joe_Cam1_Left_3110_02.MP4,25108,24.6157,Lau_Totoya_Joe_Transect 4,2.0331,73.409,6.234,4.885,2555.489,29.531,18.582,2.774,-1082.902,643.364,-2223.495,Lau_Totoya_Joe,Peter,Pomacentridae,Amblyglyphidodon,orbicularis,temp_code_001,1,AD,Passing,
TY_Joe_Cam1_Left_3110_02.MP4,25159,24.6299,Lau_Totoya_Joe_Transect 4,2.0473,164.626,13.206,4.622,4516.936,4.133,20.372,33.91,-265.166,188.813,-4505.192,Lau_Totoya_Joe,Peter,Acanthuridae,Acanthurus,nigrofuscus,37437014,1,AD,Passing,
TY_Joe_Cam1_Left_3110_02.MP4,25159,24.6299,Lau_Totoya_Joe_Transect 4,2.0473,85.512,5.394,3.406,2112.286,12.725,55.142,48.19,-452.554,107.99,-2060.409,Lau_Totoya_Joe,Peter,Pomacentridae,Amblyglyphidodon,orbicularis,temp_code_001,1,AD,Passing,
TY_Joe_Cam1_Left_3110_02.MP4,25159,24.6299,Lau_Totoya_Joe_Transect 4,2.0473,157.564,9.482,2.893,3311.434,17.697,24.918,29.136,725.432,-697.894,-3154.725,Lau_Totoya_Joe,Peter,Scaridae,Chlorurus,spilurus,temp_code_002,1,AD,Passing,
TY_Joe_Cam1_Left_3110_02.MP4,25191,24.6388,Lau_Totoya_Joe_Transect 4,2.0562,105.725,7.455,4.593,2488.528,18.565,34.026,2.106,-573.298,-546.875,-2359.032,Lau_Totoya_Joe,Peter,Holocentridae,Myripristis,violacea,37261014,1,AD,Passing,
TY_Joe_Cam1_Left_3110_02.MP4,25212,24.6446,Lau_Totoya_Joe_Transect 4,2.0621,130.886,5.788,4.188,2379.841,21.857,29.438,31.626,-883.715,-63.577,-2208.767,Lau_Totoya_Joe,Peter,Scaridae,Scarus,dimidiatus,37386013,1,AD,Passing,
TY_Joe_Cam1_Left_3110_02.MP4,25306,24.6708,Lau_Totoya_Joe_Transect 4,2.0882,155.817,4.147,2.201,3104.322,10.973,7.641,43.048,-99.512,-582.453,-3047.567,Lau_Totoya_Joe,Peter,Acanthuridae,Acanthurus,nigrofuscus,37437014,1,AD,Passing,
TY_Joe_Cam1_Left_3110_02.MP4,25475,24.7177,Lau_Totoya_Joe_Transect 4,2.1352,97.391,5.316,4.11,2659.931,15.756,18.038,32.011,-697.184,-188.733,-2559.99,Lau_Totoya_Joe,Peter,Labridae,Halichoeres,hortulanus,37384112,1,AD,Passing,
TY_Joe_Cam1_Left_3110_02.MP4,25475,24.7177,Lau_Totoya_Joe_Transect 4,2.1352,101.014,2.553,3.493,1575.742,31.312,12.871,15.626,-803.556,-157.803,-1346.239,Lau_Totoya_Joe,Peter,Holocentridae,Neoniphon,sammara,37261019,1,AD,Passing,
TY_Joe_Cam1_Left_3110_02.MP4,25680,24.7748,Lau_Totoya_Joe_Transect 4,2.1922,159.336,9.417,4.574,3253.058,26.996,15.666,21.05,-1371.823,546.483,-2898.593,Lau_Totoya_Joe,Peter,Mullidae,Mulloidichthys,flavolineatus,37355019,1,AD,Passing,
TY_Joe_Cam1_Left_3110_02.MP4,25874,24.8287,Lau_Totoya_Joe_Transect 4,2.2461,101.792,8.372,3.506,2423.076,7.843,48.542,29.391,-330.6,-6.29,-2400.408,Lau_Totoya_Joe,Peter,Labridae,Thalassoma,hardwicke,37384165,1,AD,Passing,
TY_Joe_Cam1_Left_3110_02.MP4,43791,29.8106,Lau_Totoya_Joe_Transect 5,0.1037,48.716,0.794,0.119,783.742,18.572,19.07,22.087,109.113,-224.512,-742.927,Lau_Totoya_Joe,Peter,Pomacentridae,Amblyglyphidodon,curacao,37372017,1,AD,Passing,
TY_Joe_Cam1_Left_3110_02.MP4,43791,29.8106,Lau_Totoya_Joe_Transect 5,0.1037,51.128,1.344,0.599,788.228,15.549,79.48,2.302,-41.362,-207.211,-759.379,Lau_Totoya_Joe,Peter,Pomacentridae,Amblyglyphidodon,curacao,37372017,1,AD,Passing,
TY_Joe_Cam1_Left_3110_02.MP4,43791,29.8106,Lau_Totoya_Joe_Transect 5,0.1037,80.095,2.137,3.754,1543.929,19.048,13.437,0.901,-458.335,-209.328,-1459.393,Lau_Totoya_Joe,Peter,Pomacentridae,Amblyglyphidodon,curacao,37372017,1,AD,Passing,
TY_Joe_Cam1_Left_3110_02.MP4,43791,29.8106,Lau_Totoya_Joe_Transect 5,0.1037,,3.035,2.824,2169.159,37.013,,,-1243.994,-386.19,-1734.528,Lau_Totoya_Joe,Peter,Pomacentridae,Pomacentrus,coelestis,37372111,1,AD,Passing,
TY_Joe_Cam1_Left_3110_02.MP4,43801,29.8134,Lau_Totoya_Joe_Transect 5,0.1065,84.586,5.608,4.54,2363.182,33.711,5.618,8.429,-1311.56,-7.695,-1965.802,Lau_Totoya_Joe,Peter,Pomacentridae,Amblyglyphidodon,curacao,37372017,1,AD,Passing,
TY_Joe_Cam1_Left_3110_02.MP4,43858,29.8292,Lau_Totoya_Joe_Transect 5,0.1223,82.578,2.44,2.106,1499.732,25.836,30.984,5,277.614,-591.677,-1349.831,Lau_Totoya_Joe,Peter,Acanthuridae,Acanthurus,nigrofuscus,37437014,1,AD,Passing,
TY_Joe_Cam1_Left_3110_02.MP4,43858,29.8292,Lau_Totoya_Joe_Transect 5,0.1223,117.64,8.588,4.582,2608.462,29.533,42.752,6.97,994.868,-814.552,-2269.541,Lau_Totoya_Joe,Peter,Labridae,Halichoeres,hortulanus,37384112,1,AD,Passing,
TY_Joe_Cam1_Left_3110_02.MP4,44315,29.9563,Lau_Totoya_Joe_Transect 5,0.2494,125.331,3.97,2.65,1627.952,27.297,54.478,0.389,448.539,-596.834,-1446.661,Lau_Totoya_Joe,Peter,Labridae,Halichoeres,hortulanus,37384112,1,AD,Passing,
TY_Joe_Cam1_Left_3110_02.MP4,44315,29.9563,Lau_Totoya_Joe_Transect 5,0.2494,94.674,6.406,3.577,2024.199,30.982,73.002,7.491,858.848,-590.014,-1735.41,Lau_Totoya_Joe,Peter,Mullidae,Parupeneus,multifasciatus,37355026,1,AD,Passing,
TY_Joe_Cam1_Left_3110_02.MP4,44358,29.9683,Lau_Totoya_Joe_Transect 5,0.2614,,4.046,2.061,2423.567,8.007,,,-54.064,-318.184,-2401.982,Lau_Totoya_Joe,Peter,Chaetodontidae,Chaetodon,lunulatus,37365059,1,AD,Passing,
TY_Joe_Cam1_Left_3110_02.MP4,44494,30.0061,Lau_Totoya_Joe_Transect 5,0.2992,,6.789,0.602,3167.481,13.866,,,758.986,31.875,-3075.038,Lau_Totoya_Joe,Peter,Chaetodontidae,Chaetodon,lunulatus,37365059,1,AD,Passing,
TY_Joe_Cam1_Left_3110_02.MP4,44534,30.0172,Lau_Totoya_Joe_Transect 5,0.3103,83.1,4.815,1.838,2188.884,35.413,11.073,3.395,-1223.089,-335.921,-1783.934,Lau_Totoya_Joe,Peter,Chaetodontidae,Chaetodon,auriga,37365019,1,AD,Passing,
TY_Joe_Cam1_Left_3110_02.MP4,44570,30.0272,Lau_Totoya_Joe_Transect 5,0.3203,72.383,6.89,6.173,3188.464,6.041,16.703,6.299,-259.425,-212.81,-3170.759,Lau_Totoya_Joe,Peter,Acanthuridae,Acanthurus,nigrofuscus,37437014,1,AD,Passing,
TY_Joe_Cam1_Left_3110_02.MP4,44570,30.0272,Lau_Totoya_Joe_Transect 5,0.3203,101.283,10.114,9.161,2811.239,15.219,35.483,1.557,-703.343,-223.424,-2712.647,Lau_Totoya_Joe,Peter,Acanthuridae,Acanthurus,sp,,1,AD,Passing,
TY_Joe_Cam1_Left_3110_02.MP4,44570,30.0272,Lau_Totoya_Joe_Transect 5,0.3203,107.473,6.494,6.144,2914.909,14.032,14.994,0.29,704.725,-53.319,-2827.935,Lau_Totoya_Joe,Peter,Mullidae,Parupeneus,crassilabris,37355023,1,AD,Passing,
TY_Joe_Cam1_Left_3110_02.MP4,44570,30.0272,Lau_Totoya_Joe_Transect 5,0.3203,136.605,10.749,9.137,3244.773,14.13,25.761,0.766,-771.956,-177.629,-3146.599,Lau_Totoya_Joe,Peter,Mullidae,Parupeneus,multifasciatus,37355026,1,AD,Passing,
TY_Joe_Cam1_Left_3110_02.MP4,44570,30.0272,Lau_Totoya_Joe_Transect 5,0.3203,97.838,3.139,4.533,3130.614,0.579,4.321,3.395,1.476,-31.583,-3130.455,Lau_Totoya_Joe,Peter,Labridae,Thalassoma,hardwicke,37384165,1,AD,Passing,
TY_Joe_Cam1_Left_3110_02.MP4,44570,30.0272,Lau_Totoya_Joe_Transect 5,0.3203,,8.888,0.656,3744.365,7.134,,,438.207,178.935,-3714.327,Lau_Totoya_Joe,Peter,Acanthuridae,Zebrasoma,scopas,37437036,1,AD,Passing,
TY_Joe_Cam1_Left_3110_02.MP4,44668,30.0545,Lau_Totoya_Joe_Transect 5,0.3476,73.639,7.315,3.596,2452.515,27.369,32.04,2.964,1125.763,-61.877,-2177.995,Lau_Totoya_Joe,Peter,Labridae,Labroides,bicolor,37384130,1,AD,Passing,
TY_Joe_Cam1_Left_3110_02.MP4,44720,30.0689,Lau_Totoya_Joe_Transect 5,0.362,126.783,5.39,2.612,2355.657,33.195,9.009,4.762,1225.212,-402.689,-1971.247,Lau_Totoya_Joe,Peter,Epinephelidae,Epinephelus,merra,37311063,1,AD,Passing,
TY_Joe_Cam1_Left_3110_02.MP4,44734,30.0728,Lau_Totoya_Joe_Transect 5,0.3659,63.716,4.002,3.583,2249.507,4.657,19.28,9.257,-12.033,-182.245,-2242.08,Lau_Totoya_Joe,Peter,Acanthuridae,Ctenochaetus,striatus,37437022,1,AD,Passing,
TY_Joe_Cam1_Left_3110_02.MP4,44734,30.0728,Lau_Totoya_Joe_Transect 5,0.3659,72.447,5.791,4.384,2896.734,1.116,18.031,18.907,-56.429,0.895,-2896.184,Lau_Totoya_Joe,Peter,Acanthuridae,Ctenochaetus,striatus,37437022,1,AD,Passing,
TY_Joe_Cam1_Left_3110_02.MP4,44873,30.1115,Lau_Totoya_Joe_Transect 5,0.4046,54.83,1.445,2.913,1313.484,21.721,12.567,4.956,-263.599,-408.439,-1220.218,Lau_Totoya_Joe,Peter,Labridae,Thalassoma,hardwicke,37384165,1,AD,Passing,
TY_Joe_Cam1_Left_3110_02.MP4,45025,30.1537,Lau_Totoya_Joe_Transect 5,0.4468,84.072,2.021,1.648,1495.739,33.037,8.056,4.122,-634.317,-512.455,-1253.901,Lau_Totoya_Joe,Peter,Pomacentridae,Stegastes,nigricans,37372135,1,AD,Passing,
TY_Joe_Cam1_Left_3110_02.MP4,45133,30.1838,Lau_Totoya_Joe_Transect 5,0.4769,,5.01,2.336,2705.361,33.097,,,-1397.942,-463.427,-2269.354,Lau_Totoya_Joe,Peter,Labridae,Thalassoma,hardwicke,37384165,1,AD,Passing,
TY_Joe_Cam1_Left_3110_02.MP4,45211,30.2055,Lau_Totoya_Joe_Transect 5,0.4986,107.05,7.514,3.102,2658.109,22.918,27.473,2.3,854.54,-584.155,-2448.279,Lau_Totoya_Joe,Peter,Acanthuridae,Zebrasoma,scopas,37437036,1,AD,Passing,
TY_Joe_Cam1_Left_3110_02.MP4,45211,30.2055,Lau_Totoya_Joe_Transect 5,0.4986,,5.8,3.489,2836.318,27.753,,,1167.019,-602.707,-2513.864,Lau_Totoya_Joe,Peter,Acanthuridae,Zebrasoma,scopas,37437036,1,AD,Passing,
TY_Joe_Cam1_Left_3110_02.MP4,45230,30.2107,Lau_Totoya_Joe_Transect 5,0.5038,59.883,3.824,0.724,1643.743,32.891,73.835,19.526,-815.876,-362.092,-1380.263,Lau_Totoya_Joe,Peter,Chaetodontidae,Chaetodon,vagabundus,37365062,1,AD,Passing,
TY_Joe_Cam1_Left_3110_02.MP4,45312,30.2335,Lau_Totoya_Joe_Transect 5,0.5266,,4.752,2.724,2583.593,15.441,,,-596.32,-327.237,-2492.442,Lau_Totoya_Joe,Peter,Acanthuridae,Zebrasoma,scopas,37437036,1,AD,Passing,
TY_Joe_Cam1_Left_3110_02.MP4,45348,30.2435,Lau_Totoya_Joe_Transect 5,0.5366,113.991,6.887,2.455,2344.367,13.741,35.18,8.476,449.871,-328.218,-2277.267,Lau_Totoya_Joe,Peter,Scaridae,Chlorurus,spilurus,temp_code_002,1,AD,Passing,
TY_Joe_Cam1_Left_3110_02.MP4,45348,30.2435,Lau_Totoya_Joe_Transect 5,0.5366,90.361,6.078,6.005,2321.204,13.023,41.294,40.002,364.541,-375.132,-2261.498,Lau_Totoya_Joe,Peter,Scaridae,Chlorurus,spilurus,temp_code_002,1,AD,Passing,
TY_Joe_Cam1_Left_3110_02.MP4,45348,30.2435,Lau_Totoya_Joe_Transect 5,0.5366,79.33,7.763,6.763,2031.188,10.641,62.594,3.134,-98.911,-361.784,-1996.26,Lau_Totoya_Joe,Peter,Acanthuridae,Zebrasoma,scopas,37437036,1,AD,Passing,
TY_Joe_Cam1_Left_3110_02.MP4,45360,30.2469,Lau_Totoya_Joe_Transect 5,0.54,265.702,15.028,6.031,3714.589,11.078,31.005,14.863,597.018,-391.16,-3645.372,Lau_Totoya_Joe,Peter,Scaridae,Chlorurus,spilurus,temp_code_002,1,AD,Passing,
TY_Joe_Cam1_Left_3110_02.MP4,45360,30.2469,Lau_Totoya_Joe_Transect 5,0.54,107.417,4.268,2.68,2308.525,16.515,20.949,28.607,382.497,-533.249,-2213.285,Lau_Totoya_Joe,Peter,Mullidae,Parupeneus,multifasciatus,37355026,1,AD,Passing,
TY_Joe_Cam1_Left_3110_02.MP4,45389,30.2549,Lau_Totoya_Joe_Transect 5,0.548,131.329,9.982,4.546,2568.326,29.876,58.826,6.054,-1271.001,-145.978,-2227.004,Lau_Totoya_Joe,Peter,Scaridae,Chlorurus,spilurus,temp_code_002,1,AD,Passing,
TY_Joe_Cam1_Left_3110_02.MP4,45498,30.2853,Lau_Totoya_Joe_Transect 5,0.5784,90.11,3.202,2.99,1348.633,22.917,67.213,12.972,-194.497,-487.805,-1242.186,Lau_Totoya_Joe,Peter,Pomacentridae,Amblyglyphidodon,curacao,37372017,1,AD,Passing,
TY_Joe_Cam1_Left_3110_02.MP4,45511,30.2889,Lau_Totoya_Joe_Transect 5,0.582,140.492,7.352,6.065,2516.042,21.092,33.474,15.322,-714.615,-556.033,-2347.471,Lau_Totoya_Joe,Peter,Scaridae,Chlorurus,spilurus,temp_code_002,1,AD,Passing,
TY_Joe_Cam1_Left_3110_02.MP4,45511,30.2889,Lau_Totoya_Joe_Transect 5,0.582,81.641,3.681,2.145,1869.614,25.742,28.603,25.589,-696.294,-417.761,-1684.075,Lau_Totoya_Joe,Peter,Acanthuridae,Ctenochaetus,striatus,37437022,1,AD,Passing,
TY_Joe_Cam1_Left_3110_02.MP4,45511,30.2889,Lau_Totoya_Joe_Transect 5,0.582,,6.012,2.497,2942.776,16.001,,,-327.302,-724.509,-2833.353,Lau_Totoya_Joe,Peter,Pomacentridae,Pomacentrus,coelestis,37372111,1,AD,Passing,
TY_Joe_Cam1_Left_3110_02.MP4,45589,30.3106,Lau_Totoya_Joe_Transect 5,0.6037,79.496,7.428,5.161,2448.672,17.118,34.921,5.53,-562.141,-451.062,-2340.199,Lau_Totoya_Joe,Peter,Labridae,Labroides,bicolor,37384130,1,AD,Passing,
TY_Joe_Cam1_Left_3110_02.MP4,45602,30.3142,Lau_Totoya_Joe_Transect 5,0.6073,219.736,10.22,11.754,2602.391,20.618,47.244,2.202,-799.555,-447.8,-2435.698,Lau_Totoya_Joe,Peter,Acanthuridae,Acanthurus,sp,,1,AD,Passing,
TY_Joe_Cam1_Left_3110_02.MP4,45605,30.315,Lau_Totoya_Joe_Transect 5,0.6081,90.195,4.014,10.685,1530.171,27.878,81.824,8.269,580.916,-417.711,-1352.582,Lau_Totoya_Joe,Peter,Pomacentridae,Amblyglyphidodon,curacao,37372017,1,AD,Passing,
TY_Joe_Cam1_Left_3110_02.MP4,45605,30.315,Lau_Totoya_Joe_Transect 5,0.6081,127.444,4.695,4.755,1819.986,28.854,58.75,24.221,672.969,-564.368,-1594.036,Lau_Totoya_Joe,Peter,Labridae,Stethojulis,trilineata,37384157,1,AD,Passing,
TY_Joe_Cam1_Left_3110_02.MP4,45695,30.34,Lau_Totoya_Joe_Transect 5,0.6331,74.826,4.729,3.738,3309.525,4.964,9.492,17.929,-148.112,-245.064,-3297.115,Lau_Totoya_Joe,Peter,Acanthuridae,Ctenochaetus,striatus,37437022,1,AD,Passing,
TY_Joe_Cam1_Left_3110_02.MP4,45841,30.3806,Lau_Totoya_Joe_Transect 5,0.6737,38.144,1.972,6.546,1431.488,32.487,13.913,28.489,-701.692,-314.274,-1207.485,Lau_Totoya_Joe,Peter,Acanthuridae,Acanthurus,nigrofuscus,37437014,1,AD,Passing,
TY_Joe_Cam1_Left_3110_02.MP4,46152,30.4671,Lau_Totoya_Joe_Transect 5,0.7602,62.44,5.191,3,1741.822,20.342,59.508,5.538,-307.789,-521.429,-1633.194,Lau_Totoya_Joe,Peter,Labridae,Thalassoma,hardwicke,37384165,1,AD,Passing,
TY_Joe_Cam1_Left_3110_02.MP4,46230,30.4888,Lau_Totoya_Joe_Transect 5,0.7819,65.449,2.835,5.745,1634.857,30.209,24.073,5.863,708.024,-418.768,-1412.832,Lau_Totoya_Joe,Peter,Chaetodontidae,Chaetodon,vagabundus,37365062,1,AD,Passing,
TY_Joe_Cam1_Left_3110_02.MP4,46438,30.5466,Lau_Totoya_Joe_Transect 5,0.8397,68.423,5.884,10.75,1753.223,17.416,73.037,10.68,353.183,-388.108,-1672.85,Lau_Totoya_Joe,Peter,Chaetodontidae,Chaetodon,baronessa,37365034,1,AD,Passing,
TY_Joe_Cam1_Left_3110_02.MP4,46438,30.5466,Lau_Totoya_Joe_Transect 5,0.8397,86.395,3.232,2.304,1552.571,11.368,36.491,7.68,96.652,-290.367,-1522.111,Lau_Totoya_Joe,Peter,Acanthuridae,Ctenochaetus,binotatus,37437021,1,AD,Passing,
TY_Joe_Cam1_Left_3110_02.MP4,46438,30.5466,Lau_Totoya_Joe_Transect 5,0.8397,86.182,4.176,2.541,1745.149,29.487,53.294,20.815,750.047,-418.702,-1519.099,Lau_Totoya_Joe,Peter,Acanthuridae,Ctenochaetus,striatus,37437022,1,AD,Passing,
TY_Joe_Cam1_Left_3110_02.MP4,46438,30.5466,Lau_Totoya_Joe_Transect 5,0.8397,77.684,1.738,2.961,1362.957,15.869,18.795,0.374,187.607,-322.02,-1311.014,Lau_Totoya_Joe,Peter,Labridae,Thalassoma,hardwicke,37384165,1,AD,Passing,
TY_Joe_Cam1_Left_3110_02.MP4,46564,30.5817,Lau_Totoya_Joe_Transect 5,0.8748,87.014,7.542,2.833,2355.334,20.079,40.754,15.091,-779.743,-214.171,-2212.177,Lau_Totoya_Joe,Peter,Chaetodontidae,Chaetodon,rafflesii,37365052,1,AD,Passing,
TY_Joe_Cam1_Left_3110_02.MP4,46564,30.5817,Lau_Totoya_Joe_Transect 5,0.8748,94.077,8.942,3.22,2475.48,16.991,43.219,3.381,-667.115,-279.746,-2367.425,Lau_Totoya_Joe,Peter,Acanthuridae,Ctenochaetus,striatus,37437022,1,AD,Passing,
TY_Joe_Cam1_Left_3110_02.MP4,46564,30.5817,Lau_Totoya_Joe_Transect 5,0.8748,80.201,5.711,4.365,2016.465,18.826,40.38,0.527,-592.796,-268.326,-1908.592,Lau_Totoya_Joe,Peter,Acanthuridae,Ctenochaetus,striatus,37437022,1,AD,Passing,
TY_Joe_Cam1_Left_3110_02.MP4,46609,30.5942,Lau_Totoya_Joe_Transect 5,0.8873,47.862,3.058,1.082,1725.793,34.191,16.004,9.597,-912.218,-329.211,-1427.529,Lau_Totoya_Joe,Peter,Blenniidae,Plagiotremus,flavus,temp_code_003,1,AD,Passing,
TY_Joe_Cam1_Left_3110_02.MP4,46744,30.6317,Lau_Totoya_Joe_Transect 5,0.9248,112.835,8.279,2.567,2528.986,17.87,38.716,4.701,-433.283,-643.801,-2406.98,Lau_Totoya_Joe,Peter,Acanthuridae,Ctenochaetus,striatus,37437022,1,AD,Passing,
TY_Joe_Cam1_Left_3110_02.MP4,46812,30.6506,Lau_Totoya_Joe_Transect 5,0.9437,62.394,3.12,4.499,1722.257,30.451,26.771,2.496,685.771,-539.958,-1484.7,Lau_Totoya_Joe,Peter,Acanthuridae,Acanthurus,nigrofuscus,37437014,1,AD,Passing,
TY_Joe_Cam1_Left_3110_02.MP4,46912,30.6784,Lau_Totoya_Joe_Transect 5,0.9715,68.61,3.069,1.04,1489.157,28.769,64.345,33.199,-603.855,-386.024,-1305.348,Lau_Totoya_Joe,Peter,Pomacentridae,Pomacentrus,philippinus,37372123,1,AD,Passing,
TY_Joe_Cam1_Left_3110_02.MP4,46955,30.6904,Lau_Totoya_Joe_Transect 5,0.9835,,4.213,5.164,2409.833,19.294,,,-773.266,-175.644,-2275.633,Lau_Totoya_Joe,Peter,Acanthuridae,Acanthurus,nigrofuscus,37437014,1,AD,Passing,
TY_Joe_Cam1_Left_3110_02.MP4,46999,30.7026,Lau_Totoya_Joe_Transect 5,0.9957,88.234,6.207,2.255,2026.39,28.326,57.084,6.686,820.111,-501.899,-1783.752,Lau_Totoya_Joe,Peter,Acanthuridae,Acanthurus,nigrofuscus,37437014,1,AD,Passing,
TY_Joe_Cam1_Left_3110_02.MP4,46999,30.7026,Lau_Totoya_Joe_Transect 5,0.9957,52.532,5.078,10.113,2233.65,29.395,30.329,29.618,949.469,-548.146,-1946.083,Lau_Totoya_Joe,Peter,Acanthuridae,Acanthurus,nigrofuscus,37437014,1,AD,Passing,
TY_Joe_Cam1_Left_3110_02.MP4,46999,30.7026,Lau_Totoya_Joe_Transect 5,0.9957,81.49,6.427,6.132,2511.752,20.965,27.391,20.196,753.242,-490.202,-2345.469,Lau_Totoya_Joe,Peter,Mullidae,Parupeneus,crassilabris,37355023,1,AD,Passing,
TY_Joe_Cam1_Left_3110_02.MP4,47193,30.7566,Lau_Totoya_Joe_Transect 5,1.0497,,7.738,3.44,3388.88,13.295,,,498.872,-578.045,-3301.742,Lau_Totoya_Joe,Peter,Acanthuridae,Acanthurus,nigrofuscus,37437014,1,AD,Passing,
TY_Joe_Cam1_Left_3110_02.MP4,47193,30.7566,Lau_Totoya_Joe_Transect 5,1.0497,,11.076,0.6,4150.768,11.544,,,313.195,-743.841,-4071.546,Lau_Totoya_Joe,Peter,Pomacentridae,Amblyglyphidodon,curacao,37372017,1,AD,Passing,
TY_Joe_Cam1_Left_3110_02.MP4,47193,30.7566,Lau_Totoya_Joe_Transect 5,1.0497,,9.784,4.08,3719.793,24.242,,,1365.367,-663.199,-3395.997,Lau_Totoya_Joe,Peter,Acanthuridae,Ctenochaetus,striatus,37437022,1,AD,Passing,
TY_Joe_Cam1_Left_3110_02.MP4,47193,30.7566,Lau_Totoya_Joe_Transect 5,1.0497,,11.265,1.043,4226.037,34.911,,,2347.486,-560.442,-3469.092,Lau_Totoya_Joe,Peter,Acanthuridae,Zebrasoma,scopas,37437036,1,AD,Passing,
TY_Joe_Cam1_Left_3110_02.MP4,47237,30.7688,Lau_Totoya_Joe_Transect 5,1.0619,69.188,4.642,2.117,1788.118,34.534,86.176,0.614,-891.615,-482.232,-1473.039,Lau_Totoya_Joe,Peter,Acanthuridae,Acanthurus,nigrofuscus,37437014,1,AD,Passing,
TY_Joe_Cam1_Left_3110_02.MP4,47590,30.8669,Lau_Totoya_Joe_Transect 5,1.16,54.085,1.636,3.486,1617.803,12.356,3.447,16.276,-250.849,-238.578,-1580.33,Lau_Totoya_Joe,Peter,Pomacentridae,Amblyglyphidodon,curacao,37372017,1,AD,Passing,
TY_Joe_Cam1_Left_3110_02.MP4,47649,30.8834,Lau_Totoya_Joe_Transect 5,1.1765,47.887,1.462,3.053,1379.171,9.057,10.493,0.421,130.799,-173.282,-1361.976,Lau_Totoya_Joe,Peter,Pomacentridae,Amblyglyphidodon,curacao,37372017,1,AD,Passing,
TY_Joe_Cam1_Left_3110_02.MP4,47811,30.9284,Lau_Totoya_Joe_Transect 5,1.2215,39.161,1.633,0.713,924.217,21.294,82.6,18.004,184.872,-280.13,-861.119,Lau_Totoya_Joe,Peter,Pomacentridae,Pomacentrus,moluccensis,37372118,1,AD,Passing,
TY_Joe_Cam1_Left_3110_02.MP4,47881,30.9479,Lau_Totoya_Joe_Transect 5,1.241,70.737,1.634,4.609,1573.734,15.646,5.251,13.018,-262.569,-333.447,-1515.424,Lau_Totoya_Joe,Peter,Pomacentridae,Amblyglyphidodon,curacao,37372017,1,AD,Passing,
TY_Joe_Cam1_Left_3110_02.MP4,47881,30.9479,Lau_Totoya_Joe_Transect 5,1.241,84.784,3.623,3.612,1376.2,22.751,83.64,1.243,-386.909,-365.458,-1269.121,Lau_Totoya_Joe,Peter,Pomacentridae,Amblyglyphidodon,curacao,37372017,1,AD,Passing,
TY_Joe_Cam1_Left_3110_02.MP4,47881,30.9479,Lau_Totoya_Joe_Transect 5,1.241,170.846,4.739,3.966,3369.499,11.62,7.515,24.234,304.474,-606.585,-3300.435,Lau_Totoya_Joe,Peter,Labridae,Halichoeres,hortulanus,37384112,1,AD,Passing,
TY_Joe_Cam1_Left_3110_02.MP4,47881,30.9479,Lau_Totoya_Joe_Transect 5,1.241,118.782,4.44,3.838,2189.412,30.739,12.675,17.726,1023.133,-453.338,-1881.81,Lau_Totoya_Joe,Peter,Labridae,Thalassoma,hardwicke,37384165,1,AD,Passing,
TY_Joe_Cam1_Left_3110_02.MP4,47895,30.9518,Lau_Totoya_Joe_Transect 5,1.2449,,6.723,12.237,3235.836,36.523,,,-1779.816,-719.191,-2604.929,Lau_Totoya_Joe,Peter,Acanthuridae,Ctenochaetus,striatus,37437022,1,AD,Passing,
TY_Joe_Cam1_Left_3110_02.MP4,47895,30.9518,Lau_Totoya_Joe_Transect 5,1.2449,,7.19,0.198,3250.075,32.042,,,-1650.553,-481.633,-2758.023,Lau_Totoya_Joe,Peter,Acanthuridae,Ctenochaetus,striatus,37437022,1,AD,Passing,
TY_Joe_Cam1_Left_3110_02.MP4,47956,30.9687,Lau_Totoya_Joe_Transect 5,1.2618,85.514,4.288,2.914,1707.485,18.992,47.479,17.051,-264.711,-488.562,-1614.541,Lau_Totoya_Joe,Peter,Acanthuridae,Ctenochaetus,striatus,37437022,1,AD,Passing,
TY_Joe_Cam1_Left_3110_02.MP4,47956,30.9687,Lau_Totoya_Joe_Transect 5,1.2618,76.862,2.576,4.493,1924.887,22.094,5.509,17.52,-528.598,-494.747,-1783.536,Lau_Totoya_Joe,Peter,Acanthuridae,Ctenochaetus,binotatus,37437021,1,AD,Passing,
TY_Joe_Cam1_Left_3110_02.MP4,47956,30.9687,Lau_Totoya_Joe_Transect 5,1.2618,111.032,6.494,4.085,2729.132,33.419,16.444,33.376,-1424.826,-478.718,-2277.908,Lau_Totoya_Joe,Peter,Labridae,Thalassoma,hardwicke,37384165,1,AD,Passing,
TY_Joe_Cam1_Left_3110_02.MP4,48091,31.0063,Lau_Totoya_Joe_Transect 5,1.2994,73.033,4.069,5.19,2132.446,19.549,15.513,4.631,-697.274,-151.554,-2009.518,Lau_Totoya_Joe,Peter,Pomacentridae,Abudefduf,sexfasciatus,37372011,1,AD,Passing,
TY_Joe_Cam1_Left_3110_02.MP4,48091,31.0063,Lau_Totoya_Joe_Transect 5,1.2994,102.392,8.529,3.853,2245.424,10.09,53.2,6.715,-16.926,-393.008,-2210.699,Lau_Totoya_Joe,Peter,Acanthuridae,Ctenochaetus,binotatus,37437021,1,AD,Passing,
TY_Joe_Cam1_Left_3110_02.MP4,48180,31.031,Lau_Totoya_Joe_Transect 5,1.3241,79.268,3.95,4.027,1782.408,21.082,35.303,16.726,-552.56,-325.189,-1663.102,Lau_Totoya_Joe,Peter,Acanthuridae,Ctenochaetus,striatus,37437022,1,AD,Passing,
TY_Joe_Cam1_Left_3110_02.MP4,48237,31.0468,Lau_Totoya_Joe_Transect 5,1.3399,,5.205,0.99,2816.314,35.581,,,-1538.599,-549.56,-2293.974,Lau_Totoya_Joe,Peter,Labridae,Thalassoma,sp,,1,AD,Passing,
TY_Joe_Cam1_Left_3110_02.MP4,48439,31.103,Lau_Totoya_Joe_Transect 5,1.3961,74.699,4.094,5.295,1519.115,16.24,57.903,2.824,217.231,-365.095,-1458.501,Lau_Totoya_Joe,Peter,Acanthuridae,Ctenochaetus,binotatus,37437021,1,AD,Passing,
TY_Joe_Cam1_Left_3110_02.MP4,48439,31.103,Lau_Totoya_Joe_Transect 5,1.3961,48.754,1.664,3.027,1372.352,9.053,16.733,0.655,-35.886,-212.927,-1355.259,Lau_Totoya_Joe,Peter,Pomacentridae,Pomacentrus,callainus,temp_code_004,1,AD,Passing,
TY_Joe_Cam1_Left_3110_02.MP4,48567,31.1386,Lau_Totoya_Joe_Transect 5,1.4317,78.513,6.497,2.981,2539.636,34.979,22.479,18.011,1407.58,-371.963,-2080.893,Lau_Totoya_Joe,Peter,Acanthuridae,Acanthurus,nigrofuscus,37437014,1,AD,Passing,
TY_Joe_Cam1_Left_3110_02.MP4,48620,31.1533,Lau_Totoya_Joe_Transect 5,1.4464,66.823,1.988,3.469,1536.472,32.046,7.068,20.771,587.21,-565.519,-1302.352,Lau_Totoya_Joe,Peter,Chaetodontidae,Chaetodon,auriga,37365019,1,AD,Passing,
TY_Joe_Cam1_Left_3110_02.MP4,48699,31.1753,Lau_Totoya_Joe_Transect 5,1.4684,159.658,6.863,3.584,3010.555,20.869,8.561,12.366,1018.356,-336.367,-2813.05,Lau_Totoya_Joe,Peter,Lethrinidae,Lethrinus,harak,37351017,1,AD,Passing,
TY_Joe_Cam1_Left_3110_02.MP4,48763,31.1931,Lau_Totoya_Joe_Transect 5,1.4862,63.57,5.98,3.71,2558.116,26.685,21.667,26.836,-977.881,-602.954,-2285.641,Lau_Totoya_Joe,Peter,Pomacentridae,Stegastes,lacrymatus,temp_code_006,1,AD,Passing,
TY_Joe_Cam1_Left_3110_02.MP4,48854,31.2184,Lau_Totoya_Joe_Transect 5,1.5115,,11.522,7.579,4194.948,12.303,,,-718.062,-506.602,-4101.869,Lau_Totoya_Joe,Peter,Lethrinidae,Lethrinus,harak,37351017,1,AD,Passing,
TY_Joe_Cam1_Left_3110_02.MP4,48854,31.2184,Lau_Totoya_Joe_Transect 5,1.5115,248.282,16.636,4.042,4257.874,32.32,16.511,13.887,2009.714,-1069.225,-3598.236,Lau_Totoya_Joe,Peter,Scaridae,Scarus,schlegeli,37386029,1,AD,Passing,
TY_Joe_Cam1_Left_3110_02.MP4,48880,31.2256,Lau_Totoya_Joe_Transect 5,1.5187,242.678,9.682,6.118,3593.371,24.299,4.642,13.027,-1314.199,-677.791,-3275.026,Lau_Totoya_Joe,Peter,Scaridae,Chlorurus,spilurus,temp_code_002,1,AD,Passing,
TY_Joe_Cam1_Left_3110_02.MP4,48932,31.2401,Lau_Totoya_Joe_Transect 5,1.5332,178.975,6.729,4.043,4263.366,11.124,8.291,5.581,-191.625,-799.9,-4183.268,Lau_Totoya_Joe,Peter,Scaridae,Chlorurus,spilurus,temp_code_002,1,AD,Passing,
TY_Joe_Cam1_Left_3110_02.MP4,48932,31.2401,Lau_Totoya_Joe_Transect 5,1.5332,,8.162,18.427,3463.714,14.626,,,-535.593,-670.406,-3355.742,Lau_Totoya_Joe,Peter,Acanthuridae,Zebrasoma,scopas,37437036,1,AD,Passing,
TY_Joe_Cam1_Left_3110_02.MP4,49156,31.3024,Lau_Totoya_Joe_Transect 5,1.5955,143.328,5.819,4.105,2530.865,11.076,23.822,2.239,-182.506,-450.654,-2483.723,Lau_Totoya_Joe,Peter,Acanthuridae,Ctenochaetus,striatus,37437022,1,AD,Passing,
TY_Joe_Cam1_Left_3110_02.MP4,49156,31.3024,Lau_Totoya_Joe_Transect 5,1.5955,78.63,3.909,3.013,2569.056,11.131,14.104,22.346,-81.902,-489.138,-2520.731,Lau_Totoya_Joe,Peter,Acanthuridae,Ctenochaetus,striatus,37437022,1,AD,Passing,
TY_Joe_Cam1_Left_3110_02.MP4,49206,31.3163,Lau_Totoya_Joe_Transect 5,1.6094,200.802,8.62,5.676,2796.648,37.038,44.613,17.66,-1591.924,-550.903,-2232.381,Lau_Totoya_Joe,Peter,Scaridae,Chlorurus,spilurus,temp_code_002,1,AD,Passing,
TY_Joe_Cam1_Left_3110_02.MP4,49250,31.3285,Lau_Totoya_Joe_Transect 5,1.6216,146.738,13.943,5.988,3028.586,23.417,52.544,3.13,854.213,-847.975,-2779.135,Lau_Totoya_Joe,Peter,Lutjanidae,Lutjanus,fulvus,37346043,1,AD,Passing,
TY_Joe_Cam1_Left_3110_02.MP4,49282,31.3374,Lau_Totoya_Joe_Transect 5,1.6305,83.454,3.486,1.378,1657.027,30.557,48.281,22.904,-551.232,-637.029,-1426.912,Lau_Totoya_Joe,Peter,Labridae,Thalassoma,hardwicke,37384165,1,AD,Passing,
TY_Joe_Cam1_Left_3110_02.MP4,49308,31.3446,Lau_Totoya_Joe_Transect 5,1.6377,75.179,2.298,1.54,1695.024,32.025,5.037,8.72,-627.813,-643.258,-1437.072,Lau_Totoya_Joe,Peter,Acanthuridae,Acanthurus,nigrofuscus,37437014,1,AD,Passing,
TY_Joe_Cam1_Left_3110_02.MP4,49308,31.3446,Lau_Totoya_Joe_Transect 5,1.6377,106.501,3.391,3.172,1993.066,22.188,20.598,0.275,-397.881,-638.919,-1845.477,Lau_Totoya_Joe,Peter,Labridae,Halichoeres,hortulanus,37384112,1,AD,Passing,
TY_Joe_Cam1_Left_3110_02.MP4,49308,31.3446,Lau_Totoya_Joe_Transect 5,1.6377,79.208,6.983,6.594,2086.498,19.907,52.93,1.584,-446.2,-552.832,-1961.824,Lau_Totoya_Joe,Peter,Acanthuridae,Zebrasoma,scopas,37437036,1,AD,Passing,
TY_Joe_Cam1_Left_3110_02.MP4,49471,31.39,Lau_Totoya_Joe_Transect 5,1.6831,,2.328,0.602,1749.522,31.016,,,-604.917,-659.001,-1503.536,Lau_Totoya_Joe,Peter,Pomacentridae,Pomacentrus,coelestis,37372111,1,AD,Passing,
TY_Joe_Cam1_Left_3110_02.MP4,49519,31.4033,Lau_Totoya_Joe_Transect 5,1.6964,110.786,10.155,3.749,3494.494,30.974,4.384,17.964,1586.494,-846.958,-2996.196,Lau_Totoya_Joe,Peter,Chaetodontidae,Chaetodon,plebeius,37365050,1,AD,Passing,
TY_Joe_Cam1_Left_3110_02.MP4,49519,31.4033,Lau_Totoya_Joe_Transect 5,1.6964,164.658,8.906,4.44,2937.121,32.26,26.577,0.786,1337.215,-818.259,-2483.745,Lau_Totoya_Joe,Peter,Lethrinidae,Lethrinus,harak,37351017,1,AD,Passing,
TY_Joe_Cam1_Left_3110_02.MP4,49567,31.4167,Lau_Totoya_Joe_Transect 5,1.7098,218.963,12.11,3.094,3472.261,36.98,21.676,10.269,-2059.175,-349.875,-2773.802,Lau_Totoya_Joe,Peter,Scaridae,Chlorurus,spilurus,temp_code_002,1,AD,Passing,
TY_Joe_Cam1_Left_3110_02.MP4,49739,31.4645,Lau_Totoya_Joe_Transect 5,1.7576,83.233,4.497,2.431,2165.734,15.669,25.678,5.252,193.907,-551.837,-2085.253,Lau_Totoya_Joe,Peter,Acanthuridae,Ctenochaetus,striatus,37437022,1,AD,Passing,
TY_Joe_Cam1_Left_3110_02.MP4,49739,31.4645,Lau_Totoya_Joe_Transect 5,1.7576,139.995,8.505,4.067,2846.078,10.374,29.578,10.56,101.558,-502.32,-2799.557,Lau_Totoya_Joe,Peter,Mullidae,Parupeneus,multifasciatus,37355026,1,AD,Passing,
TY_Joe_Cam1_Left_3110_02.MP4,49805,31.4828,Lau_Totoya_Joe_Transect 5,1.7759,95.016,2.733,5.463,2788.783,9.896,2.272,6.004,197.237,-436.798,-2747.292,Lau_Totoya_Joe,Peter,Acanthuridae,Zebrasoma,scopas,37437036,1,AD,Passing,
TY_Joe_Cam1_Left_3110_02.MP4,49860,31.4981,Lau_Totoya_Joe_Transect 5,1.7912,83.239,7.202,2.81,2347.957,22.88,36.808,6.153,904.715,-121.905,-2163.222,Lau_Totoya_Joe,Peter,Pomacentridae,Amblyglyphidodon,curacao,37372017,1,AD,Passing,
TY_Joe_Cam1_Left_3110_02.MP4,49878,31.5031,Lau_Totoya_Joe_Transect 5,1.7962,73.501,1.918,0.96,1537.03,29.646,3.746,30.457,533.355,-541.817,-1335.825,Lau_Totoya_Joe,Peter,Acanthuridae,Ctenochaetus,striatus,37437022,1,AD,Passing,
TY_Joe_Cam1_Left_3110_02.MP4,49942,31.5209,Lau_Totoya_Joe_Transect 5,1.814,91.095,1.934,1.308,1354.92,25.118,23.582,3.649,-412.476,-400.807,-1226.795,Lau_Totoya_Joe,Peter,Acanthuridae,Ctenochaetus,striatus,37437022,1,AD,Passing,
TY_Joe_Cam1_Left_3110_02.MP4,50069,31.5562,Lau_Totoya_Joe_Transect 5,1.8493,96.877,7.113,2.857,2735.679,30.985,10.894,16.263,1377.565,-292.838,-2345.315,Lau_Totoya_Joe,Peter,Pomacentridae,Amblyglyphidodon,curacao,37372017,1,AD,Passing,
TY_Joe_Cam1_Left_3110_02.MP4,50069,31.5562,Lau_Totoya_Joe_Transect 5,1.8493,,3.389,1.177,2139.809,18.337,,,620.347,-248.722,-2032.754,Lau_Totoya_Joe,Peter,Pomacentridae,Stegastes,nigricans,37372135,1,AD,Passing,
TY_Joe_Cam1_Left_3110_02.MP4,50069,31.5562,Lau_Totoya_Joe_Transect 5,1.8493,,3.457,0.598,2166.524,17.269,,,589.088,-245.148,-2070.436,Lau_Totoya_Joe,Peter,Pomacentridae,Stegastes,nigricans,37372135,1,AD,Passing,
TY_Joe_Cam1_Left_3110_02.MP4,50148,31.5782,Lau_Totoya_Joe_Transect 5,1.8713,90.677,5.209,3.761,1842.296,12.766,48.049,16.738,-138.842,-382.675,-1796.758,Lau_Totoya_Joe,Peter,Acanthuridae,Ctenochaetus,striatus,37437022,1,AD,Passing,
TY_Joe_Cam1_Left_3110_02.MP4,50195,31.5913,Lau_Totoya_Joe_Transect 5,1.8844,,2.497,8.15,1794.578,23.86,,,-367.955,-615.454,-1645.095,Lau_Totoya_Joe,Peter,Pomacentridae,Amphiprion,barberi,temp_code_014,1,AD,Passing,
TY_Joe_Cam1_Left_3110_02.MP4,50284,31.616,Lau_Totoya_Joe_Transect 5,1.9091,42.915,1.987,3.788,1145.184,20.546,43.526,0.66,-321.321,-241.434,-1072.338,Lau_Totoya_Joe,Peter,Pomacentridae,Dascyllus,trimaculatus,37372075,1,AD,Passing,
TY_Joe_Cam1_Left_3110_02.MP4,50284,31.616,Lau_Totoya_Joe_Transect 5,1.9091,,4.99,2.151,2831.317,35.781,,,-1654.531,-40.977,-2297.217,Lau_Totoya_Joe,Peter,Holocentridae,Neoniphon,sammara,37261019,1,AD,Passing,
TY_Joe_Cam1_Left_3110_02.MP4,50284,31.616,Lau_Totoya_Joe_Transect 5,1.9091,,8.037,7.783,3756.876,37.968,,,-2307.827,144.979,-2960.918,Lau_Totoya_Joe,Peter,Holocentridae,Neoniphon,sammara,37261019,1,AD,Passing,
TY_Joe_Cam1_Left_3110_02.MP4,50284,31.616,Lau_Totoya_Joe_Transect 5,1.9091,,5.378,0.53,3060.576,38.448,,,-1893.166,209.116,-2395.687,Lau_Totoya_Joe,Peter,Holocentridae,Neoniphon,sammara,37261019,1,AD,Passing,
TY_Joe_Cam1_Left_3110_02.MP4,50323,31.6269,Lau_Totoya_Joe_Transect 5,1.92,75.683,2.902,5.722,2450.976,14.586,0.526,33.445,-376.022,-489.458,-2371.987,Lau_Totoya_Joe,Peter,Chaetodontidae,Heniochus,varius,37365078,1,AD,Passing,
TY_Joe_Cam1_Left_3110_02.MP4,50326,31.6277,Lau_Totoya_Joe_Transect 5,1.9208,,1.01,1.376,1113.894,31.181,,,-463.687,-336.946,-955.103,Lau_Totoya_Joe,Peter,Pomacentridae,Dascyllus,trimaculatus,37372075,1,AD,Passing,
TY_Joe_Cam1_Left_3110_02.MP4,50339,31.6313,Lau_Totoya_Joe_Transect 5,1.9244,107.998,9.052,4.669,3263.545,36.282,27.331,38.818,-1931.072,-24.827,-2630.793,Lau_Totoya_Joe,Peter,Holocentridae,Neoniphon,sammara,37261019,1,AD,Passing,
TY_Joe_Cam1_Left_3110_02.MP4,50367,31.6391,Lau_Totoya_Joe_Transect 5,1.9322,,3.197,2.611,2069.355,30.534,,,-762.795,-712.304,-1786.895,Lau_Totoya_Joe,Peter,Pomacentridae,Pomacentrus,coelestis,37372111,1,AD,Passing,
TY_Joe_Cam1_Left_3110_02.MP4,50460,31.665,Lau_Totoya_Joe_Transect 5,1.9581,71.359,6.035,5.34,2441.43,34.962,84.921,46.837,-1375.358,-256.289,-2000.822,Lau_Totoya_Joe,Peter,Pomacentridae,Amblyglyphidodon,curacao,37372017,1,AD,Passing,
TY_Joe_Cam1_Left_3110_02.MP4,50574,31.6967,Lau_Totoya_Joe_Transect 5,1.9898,87.876,5.743,3.227,2511.378,35.709,6.222,19.556,-1363.881,-537.054,-2039.221,Lau_Totoya_Joe,Peter,Acanthuridae,Acanthurus,nigrofuscus,37437014,1,AD,Passing,
TY_Joe_Cam1_Left_3110_02.MP4,50574,31.6967,Lau_Totoya_Joe_Transect 5,1.9898,88.471,8.126,2.355,2405.605,33.142,67.61,17.543,-1187.994,-564.276,-2014.248,Lau_Totoya_Joe,Peter,Acanthuridae,Ctenochaetus,striatus,37437022,1,AD,Passing,
TY_Joe_Cam1_Left_3110_02.MP4,50574,31.6967,Lau_Totoya_Joe_Transect 5,1.9898,93.58,8.797,2.475,2958.845,33.275,25.317,21.027,-1504.061,-610.882,-2473.739,Lau_Totoya_Joe,Peter,Labridae,Thalassoma,hardwicke,37384165,1,AD,Passing,
TY_Joe_Cam1_Left_3110_02.MP4,50574,31.6967,Lau_Totoya_Joe_Transect 5,1.9898,85.517,6.132,1.638,2441.206,37.521,33.946,14.935,-1357.429,-606.615,-1936.205,Lau_Totoya_Joe,Peter,Acanthuridae,Zebrasoma,scopas,37437036,1,AD,Passing,
TY_Joe_Cam1_Left_3110_02.MP4,50574,31.6967,Lau_Totoya_Joe_Transect 5,1.9898,,4.519,2.547,2542.133,32.891,,,-1258.878,-553.159,-2138.149,Lau_Totoya_Joe,Peter,Acanthuridae,Zebrasoma,scopas,37437036,1,AD,Passing,
TY_Joe_Cam1_Left_3110_02.MP4,50737,31.742,Lau_Totoya_Joe_Transect 5,2.0351,121.491,6.02,2.104,2557.709,36.974,8.553,17.109,-1438.751,-544.526,-2043.37,Lau_Totoya_Joe,Peter,Acanthuridae,Zebrasoma,scopas,37437036,1,AD,Passing,
TY_Joe_Cam1_Left_3110_02.MP4,50849,31.7731,Lau_Totoya_Joe_Transect 5,2.0662,89.201,6.344,4.989,2418.202,29.561,21.765,5.458,-1184.672,-140.938,-2103.423,Lau_Totoya_Joe,Peter,Pomacentridae,Amblyglyphidodon,curacao,37372017,1,AD,Passing,
TY_Joe_Cam1_Left_3110_02.MP4,50849,31.7731,Lau_Totoya_Joe_Transect 5,2.0662,100.694,5.872,4.381,1901.904,29.219,77.606,14.564,-889.495,-266.018,-1659.901,Lau_Totoya_Joe,Peter,Chaetodontidae,Chaetodon,auriga,37365019,1,AD,Passing,
TY_Joe_Cam1_Left_3110_02.MP4,50849,31.7731,Lau_Totoya_Joe_Transect 5,2.0662,,5.14,0.097,2769.391,33.092,,,-1480.247,-293.884,-2322.074,Lau_Totoya_Joe,Peter,Monacanthidae,Oxymonacanthus,longirostris,37465062,1,AD,Passing,
TY_Joe_Cam1_Left_3110_02.MP4,50875,31.7804,Lau_Totoya_Joe_Transect 5,2.0735,103.145,5.251,4.123,2275.597,12.764,28.951,20.037,119.858,-488.278,-2219.36,Lau_Totoya_Joe,Peter,Acanthuridae,Acanthurus,nigrofuscus,37437014,1,AD,Passing,
TY_Joe_Cam1_Left_3110_02.MP4,50875,31.7804,Lau_Totoya_Joe_Transect 5,2.0735,77.914,1.95,2.895,2204.31,11.524,0.952,6.122,-78.037,-433.408,-2159.873,Lau_Totoya_Joe,Peter,Acanthuridae,Zebrasoma,scopas,37437036,1,AD,Passing,
TY_Joe_Cam1_Left_3110_02.MP4,50875,31.7804,Lau_Totoya_Joe_Transect 5,2.0735,,7.754,4.124,3495.836,6.939,,,-122.243,-382.524,-3472.693,Lau_Totoya_Joe,Peter,Acanthuridae,Zebrasoma,scopas,37437036,1,AD,Passing,
TY_Joe_Cam1_Left_3110_02.MP4,50912,31.7906,Lau_Totoya_Joe_Transect 5,2.0837,126.189,4.727,3.569,2273.31,30.356,1.074,13.73,-1086.892,-372.191,-1961.652,Lau_Totoya_Joe,Peter,Labridae,Thalassoma,sp,,1,AD,Passing,
TY_Joe_Cam1_Left_3110_02.MP4,50969,31.8065,Lau_Totoya_Joe_Transect 5,2.0996,61.993,3.138,7.163,1467.285,31.777,62.391,3.203,-591.641,-497.023,-1247.339,Lau_Totoya_Joe,Peter,Acanthuridae,Ctenochaetus,striatus,37437022,1,AD,Passing,
TY_Joe_Cam1_Left_3110_02.MP4,51033,31.8243,Lau_Totoya_Joe_Transect 5,2.1174,96.471,3.463,1.246,2060.041,27.69,12.271,20.373,736.444,-611.561,-1824.119,Lau_Totoya_Joe,Peter,Acanthuridae,Ctenochaetus,striatus,37437022,1,AD,Passing,
TY_Joe_Cam1_Left_3110_02.MP4,51120,31.8485,Lau_Totoya_Joe_Transect 5,2.1416,71.727,4.73,3.263,2229.579,21.083,23.124,10.134,-598.361,-534.047,-2080.332,Lau_Totoya_Joe,Peter,Acanthuridae,Zebrasoma,scopas,37437036,1,AD,Passing,
TY_Joe_Cam1_Left_3110_02.MP4,51169,31.8621,Lau_Totoya_Joe_Transect 5,2.1552,,3.404,0.936,2189.059,32.379,,,-1081.747,-440.153,-1851.504,Lau_Totoya_Joe,Peter,Pomacentridae,Amphiprion,barberi,temp_code_014,1,AD,Passing,
TY_Joe_Cam1_Left_3110_02.MP4,51169,31.8621,Lau_Totoya_Joe_Transect 5,2.1552,74.869,3.678,2.833,1697.566,30.666,41.125,2.367,-761.516,-411.97,-1460.172,Lau_Totoya_Joe,Peter,Acanthuridae,Ctenochaetus,striatus,37437022,1,AD,Passing,
TY_Joe_Cam1_Left_3110_02.MP4,51249,31.8844,Lau_Totoya_Joe_Transect 5,2.1775,,10.923,7.197,3961.361,22.492,,,-1438.206,-454.629,-3662.957,Lau_Totoya_Joe,Peter,Pomacentridae,Amblyglyphidodon,curacao,37372017,1,AD,Passing,
TY_Joe_Cam1_Left_3110_02.MP4,51249,31.8844,Lau_Totoya_Joe_Transect 5,2.1775,80.407,2.873,3.932,1879.792,17.009,18.71,19.733,-296.537,-463.086,-1797.564,Lau_Totoya_Joe,Peter,Acanthuridae,Ctenochaetus,striatus,37437022,1,AD,Passing,
TY_Joe_Cam1_Left_3110_02.MP4,51249,31.8844,Lau_Totoya_Joe_Transect 5,2.1775,,4.437,3.525,2460.578,26.878,,,-1012.413,-447.179,-2197.611,Lau_Totoya_Joe,Peter,Acanthuridae,Zebrasoma,scopas,37437036,1,AD,Passing,
TY_Joe_Cam1_Left_3110_02.MP4,51249,31.8844,Lau_Totoya_Joe_Transect 5,2.1775,,3.876,3.785,2330.423,31.217,,,-1122.853,-432.525,-1995.745,Lau_Totoya_Joe,Peter,Acanthuridae,Zebrasoma,scopas,37437036,1,AD,Passing,
TY_Joe_Cam1_Left_3110_02.MP4,51249,31.8844,Lau_Totoya_Joe_Transect 5,2.1775,,13.28,0.196,4383.821,20.162,,,-1373.71,-603.46,-4119.058,Lau_Totoya_Joe,Peter,Acanthuridae,Zebrasoma,scopas,37437036,1,AD,Passing,
TY_Joe_Cam1_Left_3110_02.MP4,51249,31.8844,Lau_Totoya_Joe_Transect 5,2.1775,,9.771,8.849,3770.136,16.847,,,-926.43,-556.655,-3611.895,Lau_Totoya_Joe,Peter,Acanthuridae,Zebrasoma,scopas,37437036,1,AD,Passing,
TY_Joe_Cam1_Left_3110_02.MP4,51664,31.9997,Lau_Totoya_Joe_Transect 5,2.2928,223.088,6.363,7.463,5126.413,12.633,4.759,1.51,95.037,-1117.12,-5002.312,Lau_Totoya_Joe,Peter,Scaridae,Chlorurus,spilurus,temp_code_002,1,AD,Passing,
TY_Joe_Cam1_Left_3110_02.MP4,51664,31.9997,Lau_Totoya_Joe_Transect 5,2.2928,126.565,7.541,5.868,2346.003,19.136,42.108,6.614,-456.167,-619.144,-2216.371,Lau_Totoya_Joe,Peter,Acanthuridae,Zebrasoma,scopas,37437036,1,AD,Passing,
TY_Joe_Cam1_Left_3110_02.MP4,51704,32.0109,Lau_Totoya_Joe_Transect 5,2.304,79.241,5.876,2.256,2522.49,20.444,38.564,56.736,-177.628,-862.979,-2363.614,Lau_Totoya_Joe,Peter,Acanthuridae,Ctenochaetus,striatus,37437022,1,AD,Passing,
TY_Joe_Cam1_Left_3110_02.MP4,51704,32.0109,Lau_Totoya_Joe_Transect 5,2.304,,3.323,0.454,2116.74,23.414,,,-233.815,-795.816,-1947.459,Lau_Totoya_Joe,Peter,Pomacentridae,Pomacentrus,coelestis,37372111,1,AD,Passing,
TY_Joe_Cam1_Left_3110_02.MP4,51704,32.0109,Lau_Totoya_Joe_Transect 5,2.304,87.308,7.498,1.165,2453.208,21.777,40.321,7.326,-41.449,-909.186,-2278.134,Lau_Totoya_Joe,Peter,Acanthuridae,Zebrasoma,scopas,37437036,1,AD,Passing,
TY_Joe_Cam1_Left_3110_02.MP4,51794,32.0359,Lau_Totoya_Joe_Transect 5,2.329,71.618,4.713,1.86,2196.646,34.156,7.141,0.003,-1163.404,-409.327,-1817.745,Lau_Totoya_Joe,Peter,Acanthuridae,Ctenochaetus,striatus,37437022,1,AD,Passing,
TY_Joe_Cam1_Left_3110_02.MP4,51794,32.0359,Lau_Totoya_Joe_Transect 5,2.329,172.777,7.236,5.237,2424.501,29.265,37.625,13.587,-1097.586,-447.297,-2115.05,Lau_Totoya_Joe,Peter,Scaridae,Scarus,schlegeli,37386029,1,AD,Passing,
TY_Joe_Cam1_Left_3110_02.MP4,51948,32.0787,Lau_Totoya_Joe_Transect 5,2.3718,35.538,3.153,3.439,1405.206,21.115,53.857,14.854,-258.839,-435.044,-1310.857,Lau_Totoya_Joe,Peter,Pomacentridae,Amblyglyphidodon,curacao,37372017,1,AD,Passing,
TY_Joe_Cam1_Left_3110_02.MP4,51948,32.0787,Lau_Totoya_Joe_Transect 5,2.3718,,4.805,0.497,2598.777,16.914,,,344.833,-657.282,-2490.525,Lau_Totoya_Joe,Peter,Chaetodontidae,Chaetodon,auriga,37365019,1,AD,Passing,
TY_Joe_Cam1_Left_3110_02.MP4,51948,32.0787,Lau_Totoya_Joe_Transect 5,2.3718,75.796,4.128,3.905,2313.7,17.152,20.821,25.945,69.814,-678.761,-2210.795,Lau_Totoya_Joe,Peter,Acanthuridae,Ctenochaetus,striatus,37437022,1,AD,Passing,
TY_Joe_Cam1_Left_3110_02.MP4,51948,32.0787,Lau_Totoya_Joe_Transect 5,2.3718,115.661,11.347,0.831,3210.595,21.701,31.098,6.888,886.319,-789.826,-2983.041,Lau_Totoya_Joe,Peter,Acanthuridae,Zebrasoma,scopas,37437036,1,AD,Passing,
TY_Joe_Cam1_Left_3110_02.MP4,52044,32.1054,Lau_Totoya_Joe_Transect 5,2.3985,118.719,10.08,3.748,2768.734,23.791,45.038,6.107,-152.21,-1106.49,-2533.456,Lau_Totoya_Joe,Peter,Labridae,Halichoeres,hortulanus,37384112,1,AD,Passing,
TY_Joe_Cam1_Left_3110_02.MP4,52044,32.1054,Lau_Totoya_Joe_Transect 5,2.3985,,6.814,4.628,3055.29,26.751,,,-1014.057,-911.871,-2734.04,Lau_Totoya_Joe,Peter,Mullidae,Mulloidichthys,flavolineatus,37355019,1,AD,Passing,
