Filename,Frame,Time (mins),Period,Period time (mins),Length (mm),Precision (mm),RMS (mm),Range (mm),Direction (deg),Horz. Dir. (deg),Vert. Dir. (deg),Mid X (mm),Mid Y (mm),Mid Z (mm),OpCode,TapeReader,Family,Genus,Species,Code,Number,Stage,Activity,Comment,
SAV_SLR_CAM1_left_1909_1.MP4,7600,4.2264,SAV_SLR_Transect 1,0.5316,,22.127,15.667,6158.052,21.738,,,1755.527,-1433.296,-5725.853,SAV_SLR_1909,Peter,Acanthuridae,Acanthurus,sp,,1,AD,Passing,,
SAV_SLR_CAM1_left_1909_1.MP4,7777,4.3249,SAV_SLR_Transect 1,0.6301,,7.757,4.182,3667.268,22.626,,,-1021.032,-960.198,-3388.859,SAV_SLR_1909,Peter,Acanthuridae,Acanthurus,sp,,1,AD,Passing,,
SAV_SLR_CAM1_left_1909_1.MP4,7923,4.4061,SAV_SLR_Transect 1,0.7113,,12.682,9.828,4781.522,19.652,,,1603.301,141.221,-4502.492,SAV_SLR_1909,Peter,Acanthuridae,Acanthurus,sp,,1,AD,Passing,,
SAV_SLR_CAM1_left_1909_1.MP4,7923,4.4061,SAV_SLR_Transect 1,0.7113,184.032,15.103,15.802,4951.902,20.827,10.762,22.247,1760.534,19.152,-4628.336,SAV_SLR_1909,Peter,Acanthuridae,Ctenochaetus,striatus,37437022,1,AD,Passing,,
SAV_SLR_CAM1_left_1909_1.MP4,7944,4.4177,SAV_SLR_Transect 1,0.7229,152.078,6.709,4.554,3269.958,16.534,19.459,30.12,-14.956,-930.449,-3134.752,SAV_SLR_1909,Peter,Pomacanthidae,Pygoplites,diacanthus,37365082,1,AD,Passing,,
SAV_SLR_CAM1_left_1909_1.MP4,7984,4.44,SAV_SLR_Transect 1,0.7452,104.899,3.37,8.597,2998.842,18.943,4.353,22.723,209.579,-950.688,-2836.428,SAV_SLR_1909,Peter,Pomacanthidae,Pygoplites,diacanthus,37365082,1,AD,Passing,,
SAV_SLR_CAM1_left_1909_1.MP4,8057,4.4806,SAV_SLR_Transect 1,0.7858,,8.463,1.223,4109.425,26.296,,,1820.15,50.31,-3684.006,SAV_SLR_1909,Peter,Acanthuridae,Acanthurus,sp,,1,AD,Passing,,
SAV_SLR_CAM1_left_1909_1.MP4,8057,4.4806,SAV_SLR_Transect 1,0.7858,119.568,9.174,10.738,4240.524,17.953,2.903,18.487,1158.757,604.833,-4034.043,SAV_SLR_1909,Peter,Pomacentridae,Dascyllus,trimaculatus,37372075,1,AD,Passing,,
SAV_SLR_CAM1_left_1909_1.MP4,8162,4.539,SAV_SLR_Transect 1,0.8442,97.535,9.375,10.384,3976.604,20.226,8.615,15.419,1236.182,601.639,-3731.389,SAV_SLR_1909,Peter,Pomacentridae,Chromis,xanthura,37372057,1,AD,Passing,,
SAV_SLR_CAM1_left_1909_1.MP4,8162,4.539,SAV_SLR_Transect 1,0.8442,,14.436,3.951,4872.726,17.871,,,1059.929,1073.147,-4633.397,SAV_SLR_1909,Peter,Pomacentridae,Chromis,xanthura,37372057,1,AD,Passing,,
SAV_SLR_CAM1_left_1909_1.MP4,8162,4.539,SAV_SLR_Transect 1,0.8442,220.866,11.724,13.549,4148.911,20.45,27.124,41.949,1416.382,-308.532,-3887.433,SAV_SLR_1909,Peter,Scaridae,Scarus,schlegeli,37386029,1,AD,Passing,,
SAV_SLR_CAM1_left_1909_1.MP4,8307,4.6196,SAV_SLR_Transect 1,0.9248,182.167,11.344,3.633,3551.832,29.337,50.528,26.349,1701.167,-366.521,-3096.321,SAV_SLR_1909,Peter,Labridae,Oxycheilinus,sp,,1,AD,Passing,,
SAV_SLR_CAM1_left_1909_1.MP4,8331,4.633,SAV_SLR_Transect 1,0.9382,112.38,9.123,7.471,3914.958,14.995,9.888,1.47,1002.088,-147.832,-3781.648,SAV_SLR_1909,Peter,Pomacentridae,Abudefduf,vaigiensis,37372013,1,AD,Passing,,
SAV_SLR_CAM1_left_1909_1.MP4,8331,4.633,SAV_SLR_Transect 1,0.9382,111.379,7.88,7.764,4295.011,11.336,1.321,2.977,840.404,80.694,-4211.214,SAV_SLR_1909,Peter,Pomacentridae,Abudefduf,vaigiensis,37372013,1,AD,Passing,,
SAV_SLR_CAM1_left_1909_1.MP4,8331,4.633,SAV_SLR_Transect 1,0.9382,111.274,9.157,9.079,4408.444,14.1,8.202,9.044,821.044,692.322,-4275.624,SAV_SLR_1909,Peter,Pomacentridae,Abudefduf,vaigiensis,37372013,1,AD,Passing,,
SAV_SLR_CAM1_left_1909_1.MP4,8331,4.633,SAV_SLR_Transect 1,0.9382,,13.701,9.828,5346.551,29.222,,,2492.712,792.64,-4663.016,SAV_SLR_1909,Peter,Pomacentridae,Abudefduf,vaigiensis,37372013,1,AD,Passing,,
SAV_SLR_CAM1_left_1909_1.MP4,8331,4.633,SAV_SLR_Transect 1,0.9382,,11.958,1.974,4661.605,23.982,,,1726.368,797.55,-4256.07,SAV_SLR_1909,Peter,Pomacentridae,Abudefduf,vaigiensis,37372013,1,AD,Passing,,
SAV_SLR_CAM1_left_1909_1.MP4,8331,4.633,SAV_SLR_Transect 1,0.9382,,8.954,17.158,4201.77,27.259,,,1849.663,546.102,-3733.014,SAV_SLR_1909,Peter,Pomacentridae,Abudefduf,vaigiensis,37372013,1,AD,Passing,,
SAV_SLR_CAM1_left_1909_1.MP4,8331,4.633,SAV_SLR_Transect 1,0.9382,,14.169,1.201,5166.092,22.098,,,1941.905,96.859,-4786.243,SAV_SLR_1909,Peter,Pomacentridae,Abudefduf,vaigiensis,37372013,1,AD,Passing,,
SAV_SLR_CAM1_left_1909_1.MP4,8331,4.633,SAV_SLR_Transect 1,0.9382,,12.347,11,4722.648,19.654,,,1588.425,25.208,-4447.435,SAV_SLR_1909,Peter,Pomacentridae,Abudefduf,vaigiensis,37372013,1,AD,Passing,,
SAV_SLR_CAM1_left_1909_1.MP4,8331,4.633,SAV_SLR_Transect 1,0.9382,,12.149,4.288,4562.721,16.758,,,1267.206,370.616,-4367.523,SAV_SLR_1909,Peter,Pomacentridae,Abudefduf,vaigiensis,37372013,1,AD,Passing,,
SAV_SLR_CAM1_left_1909_1.MP4,8331,4.633,SAV_SLR_Transect 1,0.9382,,8.436,10.563,3735.206,9.813,,,602.104,-192.061,-3681.351,SAV_SLR_1909,Peter,Pomacentridae,Abudefduf,vaigiensis,37372013,1,AD,Passing,,
SAV_SLR_CAM1_left_1909_1.MP4,8331,4.633,SAV_SLR_Transect 1,0.9382,,19.887,4.269,5872.768,9.512,,,951.414,-168.475,-5792.74,SAV_SLR_1909,Peter,Pomacentridae,Abudefduf,vaigiensis,37372013,1,AD,Passing,,
SAV_SLR_CAM1_left_1909_1.MP4,8331,4.633,SAV_SLR_Transect 1,0.9382,,13.866,9.235,4932.867,3.623,,,121.094,-267.681,-4924.11,SAV_SLR_1909,Peter,Pomacentridae,Abudefduf,vaigiensis,37372013,1,AD,Passing,,
SAV_SLR_CAM1_left_1909_1.MP4,8331,4.633,SAV_SLR_Transect 1,0.9382,,11.431,3.293,4473.273,1.073,,,15.674,-64.555,-4472.78,SAV_SLR_1909,Peter,Pomacentridae,Abudefduf,vaigiensis,37372013,1,AD,Passing,,
SAV_SLR_CAM1_left_1909_1.MP4,8331,4.633,SAV_SLR_Transect 1,0.9382,,7.753,2.727,3600.145,10.107,,,-580.886,-234.447,-3545.23,SAV_SLR_1909,Peter,Pomacentridae,Abudefduf,vaigiensis,37372013,1,AD,Passing,,
SAV_SLR_CAM1_left_1909_1.MP4,8331,4.633,SAV_SLR_Transect 1,0.9382,,12.235,3.892,4636.834,14.736,,,-1141.489,-279.153,-4485.455,SAV_SLR_1909,Peter,Pomacentridae,Abudefduf,vaigiensis,37372013,1,AD,Passing,,
SAV_SLR_CAM1_left_1909_1.MP4,8331,4.633,SAV_SLR_Transect 1,0.9382,,16.5,12.118,5433.531,13.825,,,-1297.216,-33.937,-5276.3,SAV_SLR_1909,Peter,Pomacentridae,Abudefduf,vaigiensis,37372013,1,AD,Passing,,
SAV_SLR_CAM1_left_1909_1.MP4,8331,4.633,SAV_SLR_Transect 1,0.9382,,13.298,5.232,4838.192,12.874,,,-1077.955,25.777,-4716.509,SAV_SLR_1909,Peter,Pomacentridae,Abudefduf,vaigiensis,37372013,1,AD,Passing,,
SAV_SLR_CAM1_left_1909_1.MP4,8331,4.633,SAV_SLR_Transect 1,0.9382,,10.761,1.205,4407.815,17.269,,,-1304.227,122.749,-4208.653,SAV_SLR_1909,Peter,Pomacentridae,Abudefduf,vaigiensis,37372013,1,AD,Passing,,
SAV_SLR_CAM1_left_1909_1.MP4,8331,4.633,SAV_SLR_Transect 1,0.9382,,13.639,2.268,5061.211,19.099,,,-1654.578,-51.053,-4782.847,SAV_SLR_1909,Peter,Pomacentridae,Abudefduf,vaigiensis,37372013,1,AD,Passing,,
SAV_SLR_CAM1_left_1909_1.MP4,8331,4.633,SAV_SLR_Transect 1,0.9382,,20.198,11.441,6079.948,15.86,,,-1651.131,-163.01,-5849.185,SAV_SLR_1909,Peter,Pomacentridae,Abudefduf,vaigiensis,37372013,1,AD,Passing,,
SAV_SLR_CAM1_left_1909_1.MP4,8331,4.633,SAV_SLR_Transect 1,0.9382,,25.093,2.476,6856.553,17.822,,,-2072.356,-304.576,-6528.775,SAV_SLR_1909,Peter,Pomacentridae,Abudefduf,vaigiensis,37372013,1,AD,Passing,,
SAV_SLR_CAM1_left_1909_1.MP4,8331,4.633,SAV_SLR_Transect 1,0.9382,,17.618,2.174,5600.711,16.423,,,-1502.826,520.243,-5370.179,SAV_SLR_1909,Peter,Pomacentridae,Abudefduf,vaigiensis,37372013,1,AD,Passing,,
SAV_SLR_CAM1_left_1909_1.MP4,8331,4.633,SAV_SLR_Transect 1,0.9382,,11.93,0.461,4545.906,14.152,,,-1059.642,352.83,-4406.579,SAV_SLR_1909,Peter,Pomacentridae,Abudefduf,vaigiensis,37372013,1,AD,Passing,,
SAV_SLR_CAM1_left_1909_1.MP4,8331,4.633,SAV_SLR_Transect 1,0.9382,,22.921,6.277,6348.651,13.681,,,-1409.371,542.614,-6166.41,SAV_SLR_1909,Peter,Pomacentridae,Abudefduf,vaigiensis,37372013,1,AD,Passing,,
SAV_SLR_CAM1_left_1909_1.MP4,8331,4.633,SAV_SLR_Transect 1,0.9382,,15.218,8.153,5153.03,9.118,,,-806.5,148.391,-5087.363,SAV_SLR_1909,Peter,Pomacentridae,Abudefduf,vaigiensis,37372013,1,AD,Passing,,
SAV_SLR_CAM1_left_1909_1.MP4,8331,4.633,SAV_SLR_Transect 1,0.9382,,17.084,2.884,5460.57,7.008,,,-606.19,297.779,-5418.643,SAV_SLR_1909,Peter,Pomacentridae,Abudefduf,vaigiensis,37372013,1,AD,Passing,,
SAV_SLR_CAM1_left_1909_1.MP4,8331,4.633,SAV_SLR_Transect 1,0.9382,,18.311,10.002,5694.532,6.772,,,-671.257,40.201,-5654.688,SAV_SLR_1909,Peter,Pomacentridae,Abudefduf,vaigiensis,37372013,1,AD,Passing,,
SAV_SLR_CAM1_left_1909_1.MP4,8331,4.633,SAV_SLR_Transect 1,0.9382,,7.466,8.828,3514.907,8.293,,,-431.059,280.619,-3477.069,SAV_SLR_1909,Peter,Pomacentridae,Abudefduf,vaigiensis,37372013,1,AD,Passing,,
SAV_SLR_CAM1_left_1909_1.MP4,8331,4.633,SAV_SLR_Transect 1,0.9382,,16.312,8.154,5256.105,9.686,,,-566.011,700.05,-5178.436,SAV_SLR_1909,Peter,Pomacentridae,Abudefduf,vaigiensis,37372013,1,AD,Passing,,
SAV_SLR_CAM1_left_1909_1.MP4,8331,4.633,SAV_SLR_Transect 1,0.9382,,11.582,5.793,4399.748,7.786,,,345.615,502.93,-4357.223,SAV_SLR_1909,Peter,Pomacentridae,Abudefduf,vaigiensis,37372013,1,AD,Passing,,
SAV_SLR_CAM1_left_1909_1.MP4,8331,4.633,SAV_SLR_Transect 1,0.9382,,12.236,2.367,4586.355,5.191,,,-216.383,372.165,-4566.106,SAV_SLR_1909,Peter,Pomacentridae,Abudefduf,vaigiensis,37372013,1,AD,Passing,,
SAV_SLR_CAM1_left_1909_1.MP4,8331,4.633,SAV_SLR_Transect 1,0.9382,,9.5,1.42,4010.191,4.72,,,-13.95,345.553,-3995.251,SAV_SLR_1909,Peter,Pomacentridae,Abudefduf,vaigiensis,37372013,1,AD,Passing,,
SAV_SLR_CAM1_left_1909_1.MP4,8331,4.633,SAV_SLR_Transect 1,0.9382,,15.897,11.018,5183.46,10.377,,,-82.247,950.264,-5094.948,SAV_SLR_1909,Peter,Pomacentridae,Abudefduf,vaigiensis,37372013,1,AD,Passing,,
SAV_SLR_CAM1_left_1909_1.MP4,8331,4.633,SAV_SLR_Transect 1,0.9382,,15.914,10.797,5192.943,9.364,,,-253.106,826.451,-5120.505,SAV_SLR_1909,Peter,Pomacentridae,Abudefduf,vaigiensis,37372013,1,AD,Passing,,
SAV_SLR_CAM1_left_1909_1.MP4,8331,4.633,SAV_SLR_Transect 1,0.9382,,12.673,0.957,4710.462,2.297,,,176.323,86.03,-4706.375,SAV_SLR_1909,Peter,Pomacentridae,Abudefduf,vaigiensis,37372013,1,AD,Passing,,
SAV_SLR_CAM1_left_1909_1.MP4,8331,4.633,SAV_SLR_Transect 1,0.9382,,18.985,5.002,5856.654,1.357,,,138.338,33.566,-5854.924,SAV_SLR_1909,Peter,Pomacentridae,Abudefduf,vaigiensis,37372013,1,AD,Passing,,
SAV_SLR_CAM1_left_1909_1.MP4,8331,4.633,SAV_SLR_Transect 1,0.9382,,14.957,1.764,5160.464,1.384,,,-74.108,120.631,-5158.522,SAV_SLR_1909,Peter,Pomacentridae,Abudefduf,vaigiensis,37372013,1,AD,Passing,,
SAV_SLR_CAM1_left_1909_1.MP4,8331,4.633,SAV_SLR_Transect 1,0.9382,,23.268,8.984,6425.088,5.368,,,-453.461,419.833,-6395.301,SAV_SLR_1909,Peter,Pomacentridae,Abudefduf,vaigiensis,37372013,1,AD,Passing,,
SAV_SLR_CAM1_left_1909_1.MP4,8331,4.633,SAV_SLR_Transect 1,0.9382,,10.527,12.142,4214.955,13.685,,,982.363,187.452,-4094.591,SAV_SLR_1909,Peter,Pomacentridae,Abudefduf,vaigiensis,37372013,1,AD,Passing,,
SAV_SLR_CAM1_left_1909_1.MP4,8331,4.633,SAV_SLR_Transect 1,0.9382,,13.795,3.595,4807.443,11.528,,,875.388,414.546,-4708.859,SAV_SLR_1909,Peter,Pomacentridae,Abudefduf,vaigiensis,37372013,1,AD,Passing,,
SAV_SLR_CAM1_left_1909_1.MP4,8331,4.633,SAV_SLR_Transect 1,0.9382,,21.133,15.721,6021.451,10.619,,,1058.331,357.007,-5916.955,SAV_SLR_1909,Peter,Pomacentridae,Abudefduf,vaigiensis,37372013,1,AD,Passing,,
SAV_SLR_CAM1_left_1909_1.MP4,8331,4.633,SAV_SLR_Transect 1,0.9382,,23.392,9.423,6324.938,9.949,,,988.092,491.313,-6227.932,SAV_SLR_1909,Peter,Pomacentridae,Abudefduf,vaigiensis,37372013,1,AD,Passing,,
SAV_SLR_CAM1_left_1909_1.MP4,8331,4.633,SAV_SLR_Transect 1,0.9382,,17.648,4.095,5454.199,15.641,,,1307.273,694.143,-5249.523,SAV_SLR_1909,Peter,Pomacentridae,Abudefduf,vaigiensis,37372013,1,AD,Passing,,
SAV_SLR_CAM1_left_1909_1.MP4,8331,4.633,SAV_SLR_Transect 1,0.9382,,19.949,14.035,5803.93,16.214,,,1419.673,803.662,-5569.942,SAV_SLR_1909,Peter,Pomacentridae,Abudefduf,vaigiensis,37372013,1,AD,Passing,,
SAV_SLR_CAM1_left_1909_1.MP4,8331,4.633,SAV_SLR_Transect 1,0.9382,,5.195,6.357,2861.087,12.002,,,473.198,371.733,-2797.091,SAV_SLR_1909,Peter,Pomacentridae,Abudefduf,vaigiensis,37372013,1,AD,Passing,,
SAV_SLR_CAM1_left_1909_1.MP4,8331,4.633,SAV_SLR_Transect 1,0.9382,,16.35,8.467,5261.909,8.293,,,320.522,708.579,-5204.121,SAV_SLR_1909,Peter,Pomacentridae,Abudefduf,vaigiensis,37372013,1,AD,Passing,,
SAV_SLR_CAM1_left_1909_1.MP4,8331,4.633,SAV_SLR_Transect 1,0.9382,,17.641,8.512,5865.538,25.229,,,2428.108,616.729,-5303.628,SAV_SLR_1909,Peter,Pomacentridae,Dascyllus,trimaculatus,37372075,1,AD,Passing,,
SAV_SLR_CAM1_left_1909_1.MP4,8331,4.633,SAV_SLR_Transect 1,0.9382,,13.573,3.496,4777.686,11.219,,,836.294,-387.162,-4687.963,SAV_SLR_1909,Peter,Pomacentridae,Dascyllus,trimaculatus,37372075,1,AD,Passing,,
SAV_SLR_CAM1_left_1909_1.MP4,8331,4.633,SAV_SLR_Transect 1,0.9382,,22.666,6.106,6279.755,16.751,,,1702.948,-589.242,-6015.653,SAV_SLR_1909,Peter,Pomacentridae,Dascyllus,trimaculatus,37372075,1,AD,Passing,,
SAV_SLR_CAM1_left_1909_1.MP4,8433,4.6897,SAV_SLR_Transect 1,0.9949,113.339,6.221,5.941,3090.335,23.455,11.146,5.391,1038.126,659.741,-2834.996,SAV_SLR_1909,Peter,Pomacentridae,Abudefduf,vaigiensis,37372013,1,AD,Passing,measurement of point,frame 8331
SAV_SLR_CAM1_left_1909_1.MP4,8446,4.6969,SAV_SLR_Transect 1,1.0021,91.353,8.563,10.539,3187.151,28.134,29.928,2.458,1423.582,481.72,-2810.568,SAV_SLR_1909,Peter,Pomacentridae,Abudefduf,vaigiensis,37372013,1,AD,Passing,measurement of point,frame 8331
SAV_SLR_CAM1_left_1909_1.MP4,8446,4.6969,SAV_SLR_Transect 1,1.0021,104.886,9.265,14.263,3541.375,29.971,23.8,11.417,1637.958,668.49,-3067.825,SAV_SLR_1909,Peter,Pomacentridae,Abudefduf,vaigiensis,37372013,1,AD,Passing,measurement of point,frame 8331
SAV_SLR_CAM1_left_1909_1.MP4,8446,4.6969,SAV_SLR_Transect 1,1.0021,120.022,9.214,7.584,3944.616,17.548,11.858,2.833,964.221,696.194,-3761.062,SAV_SLR_1909,Peter,Pomacentridae,Abudefduf,vaigiensis,37372013,1,AD,Passing,measurement of point,frame 8331
SAV_SLR_CAM1_left_1909_1.MP4,8446,4.6969,SAV_SLR_Transect 1,1.0021,115.804,8.354,6.393,3692.876,16.022,12.261,7.211,903.591,471.64,-3549.425,SAV_SLR_1909,Peter,Pomacentridae,Abudefduf,vaigiensis,37372013,1,AD,Passing,measurement of point,frame 8331
SAV_SLR_CAM1_left_1909_1.MP4,8446,4.6969,SAV_SLR_Transect 1,1.0021,121.215,9.777,5.267,3829.338,21.836,10.42,5.683,1377.208,363.392,-3554.585,SAV_SLR_1909,Peter,Pomacentridae,Chromis,xanthura,37372057,1,AD,Passing,,
SAV_SLR_CAM1_left_1909_1.MP4,8471,4.7108,SAV_SLR_Transect 1,1.016,100.957,8.173,7.719,2990.819,26.895,34.699,8.755,1332.391,234.743,-2667.327,SAV_SLR_1909,Peter,Pomacentridae,Abudefduf,vaigiensis,37372013,1,AD,Passing,,
SAV_SLR_CAM1_left_1909_1.MP4,8471,4.7108,SAV_SLR_Transect 1,1.016,92.599,7.669,6.056,3400.925,21.357,8.306,3.112,1209.839,265.06,-3167.384,SAV_SLR_1909,Peter,Pomacentridae,Abudefduf,vaigiensis,37372013,1,AD,Passing,,
SAV_SLR_CAM1_left_1909_1.MP4,8471,4.7108,SAV_SLR_Transect 1,1.016,,6.868,8.698,3813.748,31.899,,,1838.826,837.415,-3234.522,SAV_SLR_1909,Peter,Pomacentridae,Abudefduf,vaigiensis,37372013,1,AD,Passing,,
SAV_SLR_CAM1_left_1909_1.MP4,8471,4.7108,SAV_SLR_Transect 1,1.016,,8.465,3.458,3721.822,12.77,,,741.382,370.986,-3628.317,SAV_SLR_1909,Peter,Pomacentridae,Abudefduf,vaigiensis,37372013,1,AD,Passing,,
SAV_SLR_CAM1_left_1909_1.MP4,8471,4.7108,SAV_SLR_Transect 1,1.016,,11.416,6.783,4352.451,13.997,,,944.131,482.376,-4221.346,SAV_SLR_1909,Peter,Pomacentridae,Abudefduf,vaigiensis,37372013,1,AD,Passing,,
SAV_SLR_CAM1_left_1909_1.MP4,8471,4.7108,SAV_SLR_Transect 1,1.016,,8.82,14.429,3805.038,16.838,,,930.714,604.838,-3639.54,SAV_SLR_1909,Peter,Pomacentridae,Abudefduf,vaigiensis,37372013,1,AD,Passing,,
SAV_SLR_CAM1_left_1909_1.MP4,8471,4.7108,SAV_SLR_Transect 1,1.016,,14.278,8.602,4862.865,11.034,,,698.361,634.2,-4770.486,SAV_SLR_1909,Peter,Pomacentridae,Abudefduf,vaigiensis,37372013,1,AD,Passing,,
SAV_SLR_CAM1_left_1909_1.MP4,8471,4.7108,SAV_SLR_Transect 1,1.016,,10.48,4.76,4163.164,8.692,,,334.173,549.345,-4113.208,SAV_SLR_1909,Peter,Pomacentridae,Abudefduf,vaigiensis,37372013,1,AD,Passing,,
SAV_SLR_CAM1_left_1909_1.MP4,8471,4.7108,SAV_SLR_Transect 1,1.016,,11.24,3.323,4297.733,10.266,,,469.038,622.262,-4226.5,SAV_SLR_1909,Peter,Pomacentridae,Abudefduf,vaigiensis,37372013,1,AD,Passing,,
SAV_SLR_CAM1_left_1909_1.MP4,8471,4.7108,SAV_SLR_Transect 1,1.016,,11.996,3.706,4436.109,12.54,,,747.551,624.46,-4327.85,SAV_SLR_1909,Peter,Pomacentridae,Abudefduf,vaigiensis,37372013,1,AD,Passing,,
SAV_SLR_CAM1_left_1909_1.MP4,8471,4.7108,SAV_SLR_Transect 1,1.016,,13.094,1.842,4674.811,9.687,,,225.793,771.735,-4605.138,SAV_SLR_1909,Peter,Pomacentridae,Abudefduf,vaigiensis,37372013,1,AD,Passing,,
SAV_SLR_CAM1_left_1909_1.MP4,8471,4.7108,SAV_SLR_Transect 1,1.016,,19.573,10.421,5729.908,11.798,,,317.332,1150.013,-5604.339,SAV_SLR_1909,Peter,Pomacentridae,Abudefduf,vaigiensis,37372013,1,AD,Passing,,
SAV_SLR_CAM1_left_1909_1.MP4,8471,4.7108,SAV_SLR_Transect 1,1.016,,18.145,4.817,5457.396,15.482,,,956.62,1119.506,-5254.974,SAV_SLR_1909,Peter,Pomacentridae,Abudefduf,vaigiensis,37372013,1,AD,Passing,,
SAV_SLR_CAM1_left_1909_1.MP4,8471,4.7108,SAV_SLR_Transect 1,1.016,,12.307,5.869,4616.287,21.051,,,1468.123,787.838,-4305.117,SAV_SLR_1909,Peter,Pomacentridae,Abudefduf,vaigiensis,37372013,1,AD,Passing,,
SAV_SLR_CAM1_left_1909_1.MP4,8471,4.7108,SAV_SLR_Transect 1,1.016,,14.091,2.593,4884.007,21.458,,,1364.193,1171.703,-4540.883,SAV_SLR_1909,Peter,Pomacentridae,Abudefduf,vaigiensis,37372013,1,AD,Passing,,
SAV_SLR_CAM1_left_1909_1.MP4,8471,4.7108,SAV_SLR_Transect 1,1.016,,12.676,17.481,4875.765,28.481,,,1820.92,1462.762,-4279.914,SAV_SLR_1909,Peter,Pomacentridae,Abudefduf,vaigiensis,37372013,1,AD,Passing,,
SAV_SLR_CAM1_left_1909_1.MP4,8471,4.7108,SAV_SLR_Transect 1,1.016,,21.026,10.365,6309.677,27.979,,,2409.183,1742.057,-5565.347,SAV_SLR_1909,Peter,Pomacentridae,Abudefduf,vaigiensis,37372013,1,AD,Passing,,
SAV_SLR_CAM1_left_1909_1.MP4,8471,4.7108,SAV_SLR_Transect 1,1.016,,16.921,3.504,5498.151,26.998,,,1677.586,1867.472,-4891.617,SAV_SLR_1909,Peter,Pomacentridae,Abudefduf,vaigiensis,37372013,1,AD,Passing,,
SAV_SLR_CAM1_left_1909_1.MP4,8471,4.7108,SAV_SLR_Transect 1,1.016,,14.173,2.244,4944.567,25.675,,,1210.678,1785.074,-4449.327,SAV_SLR_1909,Peter,Pomacentridae,Abudefduf,vaigiensis,37372013,1,AD,Passing,,
SAV_SLR_CAM1_left_1909_1.MP4,8471,4.7108,SAV_SLR_Transect 1,1.016,,14.976,4.117,5050.314,8.004,,,-259.055,673.602,-4998.482,SAV_SLR_1909,Peter,Pomacentridae,Abudefduf,vaigiensis,37372013,1,AD,Passing,,
SAV_SLR_CAM1_left_1909_1.MP4,8471,4.7108,SAV_SLR_Transect 1,1.016,,19.515,1.384,5846.138,5.762,,,-59.689,606.899,-5814.244,SAV_SLR_1909,Peter,Pomacentridae,Abudefduf,vaigiensis,37372013,1,AD,Passing,,
SAV_SLR_CAM1_left_1909_1.MP4,8471,4.7108,SAV_SLR_Transect 1,1.016,,12.176,0.152,4587.598,6.987,,,-549.917,113.232,-4553.112,SAV_SLR_1909,Peter,Pomacentridae,Abudefduf,vaigiensis,37372013,1,AD,Passing,,
SAV_SLR_CAM1_left_1909_1.MP4,8471,4.7108,SAV_SLR_Transect 1,1.016,,13.868,1.114,4904.808,9.055,,,-757.018,170.283,-4843.043,SAV_SLR_1909,Peter,Pomacentridae,Abudefduf,vaigiensis,37372013,1,AD,Passing,,
SAV_SLR_CAM1_left_1909_1.MP4,8508,4.7314,SAV_SLR_Transect 1,1.0366,201.555,19.935,12.72,5156.723,13.134,19.659,4.587,1136.597,-284.72,-5021.839,SAV_SLR_1909,Peter,Acanthuridae,Acanthurus,sp,,1,AD,Passing,,
SAV_SLR_CAM1_left_1909_1.MP4,8508,4.7314,SAV_SLR_Transect 1,1.0366,215.905,13.659,7.636,4642.596,20.818,15.9,15.572,-1401.974,-869.97,-4339.507,SAV_SLR_1909,Peter,Acanthuridae,Acanthurus,sp,,1,AD,Passing,,
SAV_SLR_CAM1_left_1909_1.MP4,8508,4.7314,SAV_SLR_Transect 1,1.0366,211.084,8.921,7.53,3822.89,14.635,12.855,4.41,852.86,-453.341,-3698.864,SAV_SLR_1909,Peter,Labridae,Cheilinus,sp,,1,AD,Passing,,
SAV_SLR_CAM1_left_1909_1.MP4,8508,4.7314,SAV_SLR_Transect 1,1.0366,,14.414,10.182,5116.434,18.295,,,-1535.118,-452.813,-4859.657,SAV_SLR_1909,Peter,Scaridae,Chlorurus,sp,,1,AD,Passing,,
SAV_SLR_CAM1_left_1909_1.MP4,8508,4.7314,SAV_SLR_Transect 1,1.0366,,12.291,7.251,4592.264,9.495,,,-690.181,-294.403,-4530.548,SAV_SLR_1909,Peter,Scaridae,Chlorurus,sp,,1,AD,Passing,,
SAV_SLR_CAM1_left_1909_1.MP4,8508,4.7314,SAV_SLR_Transect 1,1.0366,,15.613,9.145,5189.8,6.727,,,584.608,187.072,-5153.374,SAV_SLR_1909,Peter,Scaridae,Chlorurus,sp,,1,AD,Passing,,
SAV_SLR_CAM1_left_1909_1.MP4,8508,4.7314,SAV_SLR_Transect 1,1.0366,228.684,12.048,9.767,5285.163,17.298,0.262,25.788,-1289.362,-898.439,-5046.118,SAV_SLR_1909,Peter,Mullidae,Parupeneus,barberinus,37355022,1,AD,Passing,,
SAV_SLR_CAM1_left_1909_1.MP4,8522,4.7392,SAV_SLR_Transect 1,1.0444,177.946,6.898,4.934,4073.079,12.793,0.485,11.864,779.753,-453.287,-3971.963,SAV_SLR_1909,Peter,Acanthuridae,Acanthurus,sp,,1,AD,Passing,,
SAV_SLR_CAM1_left_1909_1.MP4,8522,4.7392,SAV_SLR_Transect 1,1.0444,236.688,9.664,5.001,4511.985,11.899,8.685,13.675,811.779,-454.389,-4415.038,SAV_SLR_1909,Peter,Mullidae,Parupeneus,cyclostomus,37355025,1,AD,Passing,,
SAV_SLR_CAM1_left_1909_1.MP4,8552,4.7559,SAV_SLR_Transect 1,1.0611,,12.051,9.257,4687.428,20.801,,,1650.522,-199.025,-4382.71,SAV_SLR_1909,Peter,Scaridae,Scarus,schlegeli,37386029,1,AD,Passing,,
SAV_SLR_CAM1_left_1909_1.MP4,8608,4.787,SAV_SLR_Transect 1,1.0922,121.147,8.284,9.841,3403.188,21.683,12.865,0.845,1257.226,-21.058,-3162.377,SAV_SLR_1909,Peter,Pomacentridae,Chromis,xanthura,37372057,1,AD,Passing,,
SAV_SLR_CAM1_left_1909_1.MP4,8614,4.7903,SAV_SLR_Transect 1,1.0955,,10.712,8.266,4245.631,13.216,,,935.763,-241.381,-4134.183,SAV_SLR_1909,Peter,Mullidae,Parupeneus,multifasciatus,37355026,1,AD,Passing,,
SAV_SLR_CAM1_left_1909_1.MP4,8646,4.8081,SAV_SLR_Transect 1,1.1133,,9.104,2.991,4036.317,22.285,,,-1281.368,-822.437,-3738.121,SAV_SLR_1909,Peter,Scaridae,Scarus,schlegeli,37386029,1,AD,Passing,,
SAV_SLR_CAM1_left_1909_1.MP4,8646,4.8081,SAV_SLR_Transect 1,1.1133,,10.092,4.657,4105.585,12.391,,,-675.797,-549.278,-4012.159,SAV_SLR_1909,Peter,Scaridae,Scarus,schlegeli,37386029,1,AD,Passing,,
SAV_SLR_CAM1_left_1909_1.MP4,8689,4.832,SAV_SLR_Transect 1,1.1372,139.582,10.819,14.532,3292.682,25.013,85.489,47.587,-1010.441,-957.733,-2983.875,SAV_SLR_1909,Peter,Acanthuridae,Acanthurus,sp,,1,AD,Passing,,
SAV_SLR_CAM1_left_1909_1.MP4,8689,4.832,SAV_SLR_Transect 1,1.1372,126.303,7.79,15.871,3654.365,28.866,9.693,16.425,-1472.346,-971.853,-3200.325,SAV_SLR_1909,Peter,Acanthuridae,Ctenochaetus,striatus,37437022,1,AD,Passing,,
SAV_SLR_CAM1_left_1909_1.MP4,8712,4.8448,SAV_SLR_Transect 1,1.15,174.576,15.017,9.861,3079.53,17.097,65.345,0.021,829.307,-363.179,-2943.443,SAV_SLR_1909,Peter,Lethrinidae,Lethrinus,semicinctus,37351016,1,AD,Passing,,
SAV_SLR_CAM1_left_1909_1.MP4,8712,4.8448,SAV_SLR_Transect 1,1.15,156.044,7.143,12.727,3476.386,12.855,13.086,12.502,667.716,-390.342,-3389.255,SAV_SLR_1909,Peter,Scaridae,Scarus,schlegeli,37386029,1,AD,Passing,,
SAV_SLR_CAM1_left_1909_1.MP4,8724,4.8515,SAV_SLR_Transect 1,1.1567,149.466,14.593,6.098,3467.728,12.552,39.6,12.738,611.823,-439.992,-3384.851,SAV_SLR_1909,Peter,Mullidae,Parupeneus,multifasciatus,37355026,1,AD,Passing,,
SAV_SLR_CAM1_left_1909_1.MP4,10473,5.8242,SAV_SLR_Transect 1,2.1293,33.416,2.366,2.977,1575.718,19.89,32.357,11.906,82.122,-529.756,-1481.723,SAV_SLR_1909,Peter,Pomacanthidae,Centropyge,bicolor,37365022,1,AD,Passing,,
SAV_SLR_CAM1_left_1909_1.MP4,10485,5.8308,SAV_SLR_Transect 1,2.136,,1.28,6.843,1382.932,23.023,,,-205.161,-495.383,-1274.758,SAV_SLR_1909,Peter,Pomacanthidae,Centropyge,bicolor,37365022,1,AD,Passing,,
SAV_SLR_CAM1_left_1909_1.MP4,10500,5.8392,SAV_SLR_Transect 1,2.1444,,1.15,4.751,1290.622,20.234,,,2.774,-441.547,-1212.738,SAV_SLR_1909,Peter,Pomacanthidae,Centropyge,heraldi,37385027,1,AD,Passing,,
SAV_SLR_CAM1_left_1909_1.MP4,10500,5.8392,SAV_SLR_Transect 1,2.1444,,2.943,4.001,2123.831,15.982,,,-307.701,-489.145,-2043.701,SAV_SLR_1909,Peter,Pomacanthidae,Centropyge,bicolor,37365022,1,AD,Passing,,
SAV_SLR_CAM1_left_1909_1.MP4,10500,5.8392,SAV_SLR_Transect 1,2.1444,,4.974,9.191,2842.201,16.774,,,-626.435,-518.721,-2723.346,SAV_SLR_1909,Peter,Pomacanthidae,Centropyge,bicolor,37365022,1,AD,Passing,,
SAV_SLR_CAM1_left_1909_1.MP4,10500,5.8392,SAV_SLR_Transect 1,2.1444,,2.969,2.179,2124.77,12.764,,,-150.807,-436.318,-2074.014,SAV_SLR_1909,Peter,Pomacentridae,Dascyllus,reticulatus,37372074,1,AD,Passing,,
SAV_SLR_CAM1_left_1909_1.MP4,10500,5.8392,SAV_SLR_Transect 1,2.1444,,3.084,4.165,2169.699,12.835,,,-198.543,-430.822,-2117.207,SAV_SLR_1909,Peter,Pomacentridae,Dascyllus,aruanus,37372073,1,AD,Passing,,
SAV_SLR_CAM1_left_1909_1.MP4,10529,5.8553,SAV_SLR_Transect 1,2.1605,62.724,2.825,5.985,1593.477,13.013,35.12,6.482,34.701,-357.128,-1552.554,SAV_SLR_1909,Peter,Pomacentridae,Pomacentrus,nigromarginatus,37372121,1,AD,Passing,,
SAV_SLR_CAM1_left_1909_1.MP4,10547,5.8653,SAV_SLR_Transect 1,2.1705,77.863,3.325,9.155,2398.466,24.383,1.87,10.862,-735.605,-662.797,-2184.543,SAV_SLR_1909,Peter,Pomacanthidae,Centropyge,bicolor,37365022,1,AD,Passing,,
SAV_SLR_CAM1_left_1909_1.MP4,10703,5.9521,SAV_SLR_Transect 1,2.2573,105.413,2.941,9.082,1976.31,25.715,12.238,3.45,740.096,-433.125,-1780.579,SAV_SLR_1909,Peter,Epinephelidae,Epinephelus,merra,37311063,1,AD,Passing,,
SAV_SLR_CAM1_left_1909_1.MP4,10854,6.036,SAV_SLR_Transect 1,2.3412,164.802,9.697,5.94,2553.888,17.491,69.397,16.232,-749.855,-164.094,-2435.802,SAV_SLR_1909,Peter,Epinephelidae,Epinephelus,merra,37311063,1,AD,Passing,,
SAV_SLR_CAM1_left_1909_1.MP4,10910,6.0672,SAV_SLR_Transect 1,2.3724,31.036,1.84,6.651,1967.141,8.179,6.92,11.293,-107.442,-258.417,-1947.132,SAV_SLR_1909,Peter,Pomacentridae,Dascyllus,aruanus,37372073,1,AD,Passing,,
SAV_SLR_CAM1_left_1909_1.MP4,10910,6.0672,SAV_SLR_Transect 1,2.3724,,2.353,5.797,1867.814,7.747,,,-36.859,-241.716,-1851.741,SAV_SLR_1909,Peter,Pomacentridae,Dascyllus,aruanus,37372073,1,AD,Passing,,
SAV_SLR_CAM1_left_1909_1.MP4,10910,6.0672,SAV_SLR_Transect 1,2.3724,,2.556,3.78,1958.435,12.206,,,-218.947,-343.862,-1915.539,SAV_SLR_1909,Peter,Pomacentridae,Dascyllus,aruanus,37372073,1,AD,Passing,,
SAV_SLR_CAM1_left_1909_1.MP4,10910,6.0672,SAV_SLR_Transect 1,2.3724,,2.399,5.72,1892.779,12.623,,,-251.33,-321.202,-1848.316,SAV_SLR_1909,Peter,Pomacentridae,Dascyllus,aruanus,37372073,1,AD,Passing,,
SAV_SLR_CAM1_left_1909_1.MP4,10910,6.0672,SAV_SLR_Transect 1,2.3724,,2.299,1.096,1848.584,12.953,,,-226.268,-339.971,-1802.91,SAV_SLR_1909,Peter,Pomacentridae,Dascyllus,aruanus,37372073,1,AD,Passing,,
SAV_SLR_CAM1_left_1909_1.MP4,10910,6.0672,SAV_SLR_Transect 1,2.3724,,2.41,4.493,1893.747,9.902,,,-133.485,-289.644,-1866.699,SAV_SLR_1909,Peter,Pomacentridae,Dascyllus,aruanus,37372073,1,AD,Passing,,
SAV_SLR_CAM1_left_1909_1.MP4,10910,6.0672,SAV_SLR_Transect 1,2.3724,,2.227,4.278,1813.271,10.707,,,-141.098,-298.838,-1782.902,SAV_SLR_1909,Peter,Pomacentridae,Dascyllus,aruanus,37372073,1,AD,Passing,,
SAV_SLR_CAM1_left_1909_1.MP4,10910,6.0672,SAV_SLR_Transect 1,2.3724,,2.51,3.864,1938.132,11.105,,,-215.679,-297.146,-1903.035,SAV_SLR_1909,Peter,Pomacentridae,Dascyllus,aruanus,37372073,1,AD,Passing,,
SAV_SLR_CAM1_left_1909_1.MP4,21773,12.1082,SAV_SLR_Transect 2,0.7685,44.003,3.861,6.215,1535.786,17.124,72.009,1.505,254.213,-373.969,-1467.707,SAV_SLR_1909,Peter,Pomacentridae,Pomacentrus,moluccensis,37372118,1,AD,Passing,,
SAV_SLR_CAM1_left_1909_1.MP4,21926,12.1933,SAV_SLR_Transect 2,0.8536,52.183,2.865,6.088,1994.659,21.843,11.432,12.395,632.46,-388.301,-1851.454,SAV_SLR_1909,Peter,Pomacentridae,Stegastes,sp,,1,AD,Passing,,
SAV_SLR_CAM1_left_1909_1.MP4,22183,12.3362,SAV_SLR_Transect 2,0.9966,148.162,13.647,4.822,4048.952,24.56,28.764,2.388,-1682.662,31.585,-3682.616,SAV_SLR_1909,Peter,Balistidae,Pseudobalistes,flavimarginatus,37465071,1,AD,Passing,,
SAV_SLR_CAM1_left_1909_1.MP4,22562,12.547,SAV_SLR_Transect 2,1.2073,142.704,13.593,13.306,3165.471,23.474,68.717,3.801,1258.912,70.893,-2903.502,SAV_SLR_1909,Peter,Scaridae,Chlorurus,sp,,1,AD,Passing,,
SAV_SLR_CAM1_left_1909_1.MP4,22799,12.6788,SAV_SLR_Transect 2,1.3391,,6.447,9.91,3712.747,29.81,,,1841.261,140.485,-3220.948,SAV_SLR_1909,Peter,Scaridae,Chlorurus,sp,,1,AD,Passing,,
SAV_SLR_CAM1_left_1909_1.MP4,22872,12.7194,SAV_SLR_Transect 2,1.3797,191.159,13.114,7.639,4937.569,10.058,14.057,27.063,860.228,59.548,-4861.692,SAV_SLR_1909,Peter,Scaridae,Scarus,schlegeli,37386029,1,AD,Passing,,
SAV_SLR_CAM1_left_1909_1.MP4,22914,12.7427,SAV_SLR_Transect 2,1.4031,195.587,16.467,7.124,3365.427,21.273,69.179,1.268,-911.655,-812.263,-3136.115,SAV_SLR_1909,Peter,Scaridae,Scarus,schlegeli,37386029,1,AD,Passing,,
SAV_SLR_CAM1_left_1909_1.MP4,22961,12.7689,SAV_SLR_Transect 2,1.4292,,10.649,14.992,4213.884,12.841,,,-677.627,-630.18,-4111.023,SAV_SLR_1909,Peter,Scaridae,Chlorurus,sp,,1,AD,Passing,,
SAV_SLR_CAM1_left_1909_1.MP4,22961,12.7689,SAV_SLR_Transect 2,1.4292,,13.645,1.581,4862.013,14.931,,,-1127.98,-526.319,-4699.981,SAV_SLR_1909,Peter,Scaridae,Scarus,schlegeli,37386029,1,AD,Passing,,
SAV_SLR_CAM1_left_1909_1.MP4,23053,12.82,SAV_SLR_Transect 2,1.4804,57.322,3.827,7.389,2305.852,17.075,21.097,2.765,168.165,-655.82,-2204.217,SAV_SLR_1909,Peter,Labridae,Halichoeres,prosopeion,37384120,1,AD,Passing,,
SAV_SLR_CAM1_left_1909_1.MP4,23365,12.9935,SAV_SLR_Transect 2,1.6539,,13.551,10.5,5021.287,18.476,,,-1591.164,40.341,-4762.341,SAV_SLR_1909,Peter,Chaetodontidae,Chaetodon,lunulatus,37365059,1,AD,Passing,,
SAV_SLR_CAM1_left_1909_1.MP4,23365,12.9935,SAV_SLR_Transect 2,1.6539,117.929,6.563,5.436,3557.996,11.235,9.266,0.31,-672.466,-168.422,-3489.808,SAV_SLR_1909,Peter,Scaridae,Scarus,schlegeli,37386029,1,AD,Passing,,
SAV_SLR_CAM1_left_1909_1.MP4,23365,12.9935,SAV_SLR_Transect 2,1.6539,149.289,14.504,8.721,3612.073,15.483,37.121,2.053,-935.467,-233.813,-3480.992,SAV_SLR_1909,Peter,Scaridae,Scarus,schlegeli,37386029,1,AD,Passing,,
SAV_SLR_CAM1_left_1909_1.MP4,23633,13.1426,SAV_SLR_Transect 2,1.8029,,9.881,1.392,4274.173,19.578,,,-1422.215,184.881,-4026.373,SAV_SLR_1909,Peter,Pomacentridae,Chromis,ternatensis,37372051,1,AD,Passing,,
SAV_SLR_CAM1_left_1909_1.MP4,23633,13.1426,SAV_SLR_Transect 2,1.8029,,6.631,0.466,3453.187,19.255,,,-1134.805,107.877,-3259.613,SAV_SLR_1909,Peter,Pomacentridae,Chromis,ternatensis,37372051,1,AD,Passing,,
SAV_SLR_CAM1_left_1909_1.MP4,23633,13.1426,SAV_SLR_Transect 2,1.8029,,10.147,2.932,4415.812,21.871,,,-1631.568,226.056,-4097.107,SAV_SLR_1909,Peter,Pomacentridae,Chromis,ternatensis,37372051,1,AD,Passing,,
SAV_SLR_CAM1_left_1909_1.MP4,23633,13.1426,SAV_SLR_Transect 2,1.8029,,9.673,4.485,4275.509,21.307,,,-1533.075,267.287,-3982.238,SAV_SLR_1909,Peter,Pomacentridae,Chromis,ternatensis,37372051,1,AD,Passing,,
SAV_SLR_CAM1_left_1909_1.MP4,23633,13.1426,SAV_SLR_Transect 2,1.8029,,10.309,2.767,4506.867,23.1,,,-1754.889,233.318,-4144.609,SAV_SLR_1909,Peter,Pomacentridae,Chromis,ternatensis,37372051,1,AD,Passing,,
SAV_SLR_CAM1_left_1909_1.MP4,23633,13.1426,SAV_SLR_Transect 2,1.8029,,10.446,0.491,4604.823,24.428,,,-1891.97,232.961,-4191.727,SAV_SLR_1909,Peter,Pomacentridae,Chromis,ternatensis,37372051,1,AD,Passing,,
SAV_SLR_CAM1_left_1909_1.MP4,23633,13.1426,SAV_SLR_Transect 2,1.8029,,10.739,5.388,4655.408,24.344,,,-1897.107,306.18,-4240.29,SAV_SLR_1909,Peter,Pomacentridae,Chromis,ternatensis,37372051,1,AD,Passing,,
SAV_SLR_CAM1_left_1909_1.MP4,23633,13.1426,SAV_SLR_Transect 2,1.8029,,12.568,0.973,4902.359,21.537,,,-1766.6,361.456,-4558.684,SAV_SLR_1909,Peter,Pomacentridae,Chromis,ternatensis,37372051,1,AD,Passing,,
SAV_SLR_CAM1_left_1909_1.MP4,23633,13.1426,SAV_SLR_Transect 2,1.8029,,11.491,0.996,4655.963,21.204,,,-1643.432,384.628,-4339.261,SAV_SLR_1909,Peter,Pomacentridae,Chromis,ternatensis,37372051,1,AD,Passing,,
SAV_SLR_CAM1_left_1909_1.MP4,23633,13.1426,SAV_SLR_Transect 2,1.8029,,11.399,3.135,4614.563,20.657,,,-1586.904,380.076,-4316.418,SAV_SLR_1909,Peter,Pomacentridae,Chromis,ternatensis,37372051,1,AD,Passing,,
SAV_SLR_CAM1_left_1909_1.MP4,23633,13.1426,SAV_SLR_Transect 2,1.8029,,15.118,5.595,5657.567,25.288,,,-2411.951,172.55,-5114.761,SAV_SLR_1909,Peter,Pomacentridae,Chromis,ternatensis,37372051,1,AD,Passing,,
SAV_SLR_CAM1_left_1909_1.MP4,23633,13.1426,SAV_SLR_Transect 2,1.8029,,15.462,0.652,5718.198,25.803,,,-2459.38,403.202,-5146.52,SAV_SLR_1909,Peter,Pomacentridae,Chromis,ternatensis,37372051,1,AD,Passing,,
SAV_SLR_CAM1_left_1909_1.MP4,23633,13.1426,SAV_SLR_Transect 2,1.8029,,14.219,2.953,5428.584,24.888,,,-2264.323,323.234,-4923.198,SAV_SLR_1909,Peter,Pomacentridae,Chromis,ternatensis,37372051,1,AD,Passing,,
SAV_SLR_CAM1_left_1909_1.MP4,23654,13.1543,SAV_SLR_Transect 2,1.8146,,6.868,1.352,3747.451,27.898,,,-1623.63,675.196,-3309.278,SAV_SLR_1909,Peter,Caesionidae,Caesio,teres,37346037,1,AD,Passing,,
SAV_SLR_CAM1_left_1909_1.MP4,23654,13.1543,SAV_SLR_Transect 2,1.8146,,7.396,1.172,3882.125,27.857,,,-1662.041,740.339,-3429.346,SAV_SLR_1909,Peter,Caesionidae,Caesio,teres,37346037,1,AD,Passing,,
SAV_SLR_CAM1_left_1909_1.MP4,23654,13.1543,SAV_SLR_Transect 2,1.8146,,8.854,3.741,4324.267,29.242,,,-1914.117,908.496,-3769.626,SAV_SLR_1909,Peter,Caesionidae,Caesio,teres,37346037,1,AD,Passing,,
SAV_SLR_CAM1_left_1909_1.MP4,23654,13.1543,SAV_SLR_Transect 2,1.8146,,6.477,0.035,3609.664,28.461,,,-1509.912,836.822,-3170.106,SAV_SLR_1909,Peter,Caesionidae,Caesio,teres,37346037,1,AD,Passing,,
SAV_SLR_CAM1_left_1909_1.MP4,23654,13.1543,SAV_SLR_Transect 2,1.8146,,10.332,0.407,4517.257,26.762,,,-1793.654,975.185,-4029.569,SAV_SLR_1909,Peter,Caesionidae,Caesio,teres,37346037,1,AD,Passing,,
SAV_SLR_CAM1_left_1909_1.MP4,23654,13.1543,SAV_SLR_Transect 2,1.8146,,14.941,0.687,5166.564,23.794,,,-1482.18,1484.333,-4721.576,SAV_SLR_1909,Peter,Caesionidae,Caesio,teres,37346037,1,AD,Passing,,
SAV_SLR_CAM1_left_1909_1.MP4,23654,13.1543,SAV_SLR_Transect 2,1.8146,,10.768,0.684,4410.094,23.079,,,-1417.763,1005.294,-4053.179,SAV_SLR_1909,Peter,Caesionidae,Caesio,teres,37346037,1,AD,Passing,,
SAV_SLR_CAM1_left_1909_1.MP4,23662,13.1587,SAV_SLR_Transect 2,1.819,,5.646,1.065,3236.137,23.248,,,-1216.237,402.048,-2971.819,SAV_SLR_1909,Peter,Pomacentridae,Chromis,ternatensis,37372051,1,AD,Passing,,
SAV_SLR_CAM1_left_1909_1.MP4,23662,13.1587,SAV_SLR_Transect 2,1.819,,4.95,1.128,3175.478,27.253,,,-1417.328,336.1,-2821.68,SAV_SLR_1909,Peter,Pomacentridae,Chromis,ternatensis,37372051,1,AD,Passing,,
SAV_SLR_CAM1_left_1909_1.MP4,23662,13.1587,SAV_SLR_Transect 2,1.819,,9.538,1.78,4406.647,26.384,,,-1862.561,620.321,-3945.201,SAV_SLR_1909,Peter,Pomacentridae,Chromis,ternatensis,37372051,1,AD,Passing,,
SAV_SLR_CAM1_left_1909_1.MP4,23662,13.1587,SAV_SLR_Transect 2,1.819,,9.414,5.745,4410.582,27.168,,,-1907.301,662.036,-3921.371,SAV_SLR_1909,Peter,Pomacentridae,Chromis,ternatensis,37372051,1,AD,Passing,,
SAV_SLR_CAM1_left_1909_1.MP4,23662,13.1587,SAV_SLR_Transect 2,1.819,,9.142,2.34,4282.285,26.396,,,-1773.269,707.992,-3833.045,SAV_SLR_1909,Peter,Pomacentridae,Chromis,ternatensis,37372051,1,AD,Passing,,
SAV_SLR_CAM1_left_1909_1.MP4,23662,13.1587,SAV_SLR_Transect 2,1.819,,8.539,3.381,4071.938,25.149,,,-1602.921,666.573,-3683.342,SAV_SLR_1909,Peter,Pomacentridae,Chromis,ternatensis,37372051,1,AD,Passing,,
SAV_SLR_CAM1_left_1909_1.MP4,23662,13.1587,SAV_SLR_Transect 2,1.819,,7.032,1.59,3875.163,28.573,,,-1780.665,527.684,-3401.127,SAV_SLR_1909,Peter,Pomacentridae,Chromis,ternatensis,37372051,1,AD,Passing,,
SAV_SLR_CAM1_left_1909_1.MP4,23689,13.1737,SAV_SLR_Transect 2,1.8341,,6.268,1.448,3578.097,28.927,,,-1536.975,808.054,-3128.503,SAV_SLR_1909,Peter,Caesionidae,Caesio,teres,37346037,1,AD,Passing,,
SAV_SLR_CAM1_left_1909_1.MP4,23689,13.1737,SAV_SLR_Transect 2,1.8341,,5.031,0.013,3162.784,27.493,,,-1353.108,559.718,-2803.394,SAV_SLR_1909,Peter,Caesionidae,Caesio,teres,37346037,1,AD,Passing,,
SAV_SLR_CAM1_left_1909_1.MP4,23689,13.1737,SAV_SLR_Transect 2,1.8341,,6.065,0.078,3597.356,29.715,,,-1655.755,674.353,-3121.649,SAV_SLR_1909,Peter,Caesionidae,Caesio,teres,37346037,1,AD,Passing,,
SAV_SLR_CAM1_left_1909_1.MP4,23743,13.2037,SAV_SLR_Transect 2,1.8641,128.5,6.258,4.933,2248.002,19.115,56.064,24.159,-721.01,148.538,-2124.051,SAV_SLR_1909,Peter,Caesionidae,Caesio,teres,37346037,1,AD,Passing,,
SAV_SLR_CAM1_left_1909_1.MP4,23743,13.2037,SAV_SLR_Transect 2,1.8641,137.157,5.805,5.93,2122.402,22.579,82.443,25.126,-786.081,214.896,-1959.716,SAV_SLR_1909,Peter,Caesionidae,Caesio,teres,37346037,1,AD,Passing,,
SAV_SLR_CAM1_left_1909_1.MP4,23743,13.2037,SAV_SLR_Transect 2,1.8641,126.678,8.093,5.402,2393.975,17.903,66.076,21.588,-661.05,323.405,-2278.056,SAV_SLR_1909,Peter,Caesionidae,Caesio,teres,37346037,1,AD,Passing,,
SAV_SLR_CAM1_left_1909_1.MP4,23743,13.2037,SAV_SLR_Transect 2,1.8641,167.613,8.063,3.447,2471.467,23.34,87.356,19.935,-904.151,375.861,-2269.226,SAV_SLR_1909,Peter,Caesionidae,Caesio,teres,37346037,1,AD,Passing,,
SAV_SLR_CAM1_left_1909_1.MP4,23743,13.2037,SAV_SLR_Transect 2,1.8641,,13.264,6.727,4736.205,16.119,,,-1031.014,834.207,-4546.729,SAV_SLR_1909,Peter,Caesionidae,Caesio,teres,37346037,1,AD,Passing,,
SAV_SLR_CAM1_left_1909_1.MP4,23743,13.2037,SAV_SLR_Transect 2,1.8641,,4.429,3.395,2638.381,11.864,,,-331.602,439.469,-2580.303,SAV_SLR_1909,Peter,Caesionidae,Caesio,teres,37346037,1,AD,Passing,,
SAV_SLR_CAM1_left_1909_1.MP4,23743,13.2037,SAV_SLR_Transect 2,1.8641,,5.518,9.222,2977.088,16.133,,,-525.125,650.554,-2857.285,SAV_SLR_1909,Peter,Caesionidae,Caesio,teres,37346037,1,AD,Passing,,
SAV_SLR_CAM1_left_1909_1.MP4,23743,13.2037,SAV_SLR_Transect 2,1.8641,,4.281,2.71,2595.759,13.642,,,-417.756,457.523,-2520.738,SAV_SLR_1909,Peter,Caesionidae,Caesio,teres,37346037,1,AD,Passing,,
SAV_SLR_CAM1_left_1909_1.MP4,23743,13.2037,SAV_SLR_Transect 2,1.8641,,8.912,3.774,3842.408,17.361,,,-782.334,852.713,-3664.006,SAV_SLR_1909,Peter,Caesionidae,Caesio,teres,37346037,1,AD,Passing,,
SAV_SLR_CAM1_left_1909_1.MP4,23743,13.2037,SAV_SLR_Transect 2,1.8641,,8.086,12.558,3641.502,18.731,,,-321.055,1138.125,-3444.144,SAV_SLR_1909,Peter,Caesionidae,Caesio,teres,37346037,1,AD,Passing,,
SAV_SLR_CAM1_left_1909_1.MP4,23743,13.2037,SAV_SLR_Transect 2,1.8641,,9.013,4.402,3853.324,17.7,,,-58.924,1184.587,-3666.25,SAV_SLR_1909,Peter,Caesionidae,Caesio,teres,37346037,1,AD,Passing,,
SAV_SLR_CAM1_left_1909_1.MP4,23743,13.2037,SAV_SLR_Transect 2,1.8641,,6.33,9.443,3192.433,16.2,,,-124.453,894.093,-3062.146,SAV_SLR_1909,Peter,Caesionidae,Caesio,teres,37346037,1,AD,Passing,,
SAV_SLR_CAM1_left_1909_1.MP4,23743,13.2037,SAV_SLR_Transect 2,1.8641,,8.248,10.894,3665.853,14.884,,,-49.5,954.356,-3539.101,SAV_SLR_1909,Peter,Caesionidae,Caesio,teres,37346037,1,AD,Passing,,
SAV_SLR_CAM1_left_1909_1.MP4,23743,13.2037,SAV_SLR_Transect 2,1.8641,,11.46,4.709,4347.341,13.695,,,-305.049,999.772,-4219.807,SAV_SLR_1909,Peter,Caesionidae,Caesio,teres,37346037,1,AD,Passing,,
SAV_SLR_CAM1_left_1909_1.MP4,23743,13.2037,SAV_SLR_Transect 2,1.8641,,7.734,2.951,3539.549,13.225,,,-325.441,755.112,-3442.717,SAV_SLR_1909,Peter,Caesionidae,Caesio,teres,37346037,1,AD,Passing,,
SAV_SLR_CAM1_left_1909_1.MP4,23743,13.2037,SAV_SLR_Transect 2,1.8641,,7.54,2.901,3494.17,12.723,,,-234.988,746.31,-3405.441,SAV_SLR_1909,Peter,Caesionidae,Caesio,teres,37346037,1,AD,Passing,,
SAV_SLR_CAM1_left_1909_1.MP4,23743,13.2037,SAV_SLR_Transect 2,1.8641,,5.276,6.163,2892.157,12.678,,,-87.594,639.862,-2819.127,SAV_SLR_1909,Peter,Caesionidae,Caesio,teres,37346037,1,AD,Passing,,
SAV_SLR_CAM1_left_1909_1.MP4,23743,13.2037,SAV_SLR_Transect 2,1.8641,,12.468,6.102,4506.889,16.445,,,505.329,1188.699,-4317.833,SAV_SLR_1909,Peter,Caesionidae,Caesio,teres,37346037,1,AD,Passing,,
SAV_SLR_CAM1_left_1909_1.MP4,23743,13.2037,SAV_SLR_Transect 2,1.8641,,4.4,3.904,2654.744,20.786,,,686.667,654.841,-2479.382,SAV_SLR_1909,Peter,Caesionidae,Caesio,teres,37346037,1,AD,Passing,,
SAV_SLR_CAM1_left_1909_1.MP4,23743,13.2037,SAV_SLR_Transect 2,1.8641,,12.311,0.74,4493.85,14.365,,,880.261,701.444,-4350.609,SAV_SLR_1909,Peter,Caesionidae,Caesio,teres,37346037,1,AD,Passing,,
SAV_SLR_CAM1_left_1909_1.MP4,23743,13.2037,SAV_SLR_Transect 2,1.8641,,7.006,5.127,3349.539,15.597,,,677.269,606.431,-3223.811,SAV_SLR_1909,Peter,Caesionidae,Caesio,teres,37346037,1,AD,Passing,,
SAV_SLR_CAM1_left_1909_1.MP4,23743,13.2037,SAV_SLR_Transect 2,1.8641,,4.89,3.298,2769.449,17.644,,,461.436,711.66,-2636.374,SAV_SLR_1909,Peter,Caesionidae,Caesio,teres,37346037,1,AD,Passing,,
SAV_SLR_CAM1_left_1909_1.MP4,23761,13.2138,SAV_SLR_Transect 2,1.8741,,3.966,0.532,2682.637,22.689,,,-1017.806,-176.744,-2475.757,SAV_SLR_1909,Peter,Holocentridae,Neoniphon,sammara,37261019,1,AD,Passing,,
SAV_SLR_CAM1_left_1909_1.MP4,23761,13.2138,SAV_SLR_Transect 2,1.8741,,6.722,1.718,3688.601,25.587,,,-1571.906,-245.475,-3327.857,SAV_SLR_1909,Peter,Holocentridae,Neoniphon,sammara,37261019,1,AD,Passing,,
SAV_SLR_CAM1_left_1909_1.MP4,23763,13.2149,SAV_SLR_Transect 2,1.8752,,6.351,1.25,3243.046,11.239,,,-613.197,165.869,-3180.224,SAV_SLR_1909,Peter,Pomacentridae,Chromis,ternatensis,37372051,1,AD,Passing,,
SAV_SLR_CAM1_left_1909_1.MP4,23763,13.2149,SAV_SLR_Transect 2,1.8752,,5.099,1.572,2899.71,13.104,,,-653.102,86.416,-2823.882,SAV_SLR_1909,Peter,Pomacentridae,Chromis,ternatensis,37372051,1,AD,Passing,,
SAV_SLR_CAM1_left_1909_1.MP4,23763,13.2149,SAV_SLR_Transect 2,1.8752,,5.156,0.991,2939.428,15.107,,,-761.004,99.105,-2837.48,SAV_SLR_1909,Peter,Pomacentridae,Chromis,ternatensis,37372051,1,AD,Passing,,
SAV_SLR_CAM1_left_1909_1.MP4,23763,13.2149,SAV_SLR_Transect 2,1.8752,,3.838,1.771,2470.433,11.026,,,-472.442,4.175,-2424.834,SAV_SLR_1909,Peter,Pomacentridae,Chromis,ternatensis,37372051,1,AD,Passing,,
SAV_SLR_CAM1_left_1909_1.MP4,23763,13.2149,SAV_SLR_Transect 2,1.8752,,4.23,0.789,2596.104,7.61,,,-340.818,-35.054,-2573.397,SAV_SLR_1909,Peter,Pomacentridae,Chromis,ternatensis,37372051,1,AD,Passing,,
SAV_SLR_CAM1_left_1909_1.MP4,23763,13.2149,SAV_SLR_Transect 2,1.8752,,4.668,1.779,2740.48,7.533,,,-359.213,4.101,-2716.833,SAV_SLR_1909,Peter,Pomacentridae,Chromis,ternatensis,37372051,1,AD,Passing,,
SAV_SLR_CAM1_left_1909_1.MP4,23763,13.2149,SAV_SLR_Transect 2,1.8752,,3.157,0.976,2245.094,15.248,,,-580.929,-96.993,-2166.463,SAV_SLR_1909,Peter,Pomacentridae,Chromis,ternatensis,37372051,1,AD,Passing,,
SAV_SLR_CAM1_left_1909_1.MP4,23763,13.2149,SAV_SLR_Transect 2,1.8752,,4.715,2.839,2871.505,19.429,,,-947.364,132.644,-2707.479,SAV_SLR_1909,Peter,Pomacentridae,Chromis,ternatensis,37372051,1,AD,Passing,,
SAV_SLR_CAM1_left_1909_1.MP4,23763,13.2149,SAV_SLR_Transect 2,1.8752,,4.692,2.397,2859.629,19.011,,,-929.898,65.902,-2703.409,SAV_SLR_1909,Peter,Pomacentridae,Chromis,ternatensis,37372051,1,AD,Passing,,
SAV_SLR_CAM1_left_1909_1.MP4,23763,13.2149,SAV_SLR_Transect 2,1.8752,,3.938,0.689,2633.494,20.696,,,-930.498,28.803,-2463.46,SAV_SLR_1909,Peter,Pomacentridae,Chromis,ternatensis,37372051,1,AD,Passing,,
SAV_SLR_CAM1_left_1909_1.MP4,23763,13.2149,SAV_SLR_Transect 2,1.8752,,4.765,0.604,2987.449,23.001,,,-1165.65,73.844,-2749.666,SAV_SLR_1909,Peter,Pomacentridae,Chromis,ternatensis,37372051,1,AD,Passing,,
SAV_SLR_CAM1_left_1909_1.MP4,23763,13.2149,SAV_SLR_Transect 2,1.8752,,6.313,4.091,3628.223,26.527,,,-1619.21,-50.433,-3246.478,SAV_SLR_1909,Peter,Pomacentridae,Chromis,ternatensis,37372051,1,AD,Passing,,
SAV_SLR_CAM1_left_1909_1.MP4,23805,13.2382,SAV_SLR_Transect 2,1.8986,54.026,4.792,6.571,2775.935,14.838,12.841,13.361,-635.966,-317.64,-2683.369,SAV_SLR_1909,Peter,Pomacentridae,Chromis,ternatensis,37372051,1,AD,Passing,,
SAV_SLR_CAM1_left_1909_1.MP4,23805,13.2382,SAV_SLR_Transect 2,1.8986,57.931,5.023,7.867,3002.791,15.698,7.228,16.285,-773.198,-249.471,-2890.793,SAV_SLR_1909,Peter,Pomacentridae,Chromis,ternatensis,37372051,1,AD,Passing,,
SAV_SLR_CAM1_left_1909_1.MP4,23805,13.2382,SAV_SLR_Transect 2,1.8986,51.92,2.804,6.561,1942.736,21.692,15.719,19.517,-644.285,-317.07,-1805.155,SAV_SLR_1909,Peter,Pomacentridae,Chromis,ternatensis,37372051,1,AD,Passing,,
SAV_SLR_CAM1_left_1909_1.MP4,23805,13.2382,SAV_SLR_Transect 2,1.8986,60.018,4.163,6.239,1842.742,21.659,50.552,3.15,-592.4,-334.138,-1712.633,SAV_SLR_1909,Peter,Pomacentridae,Chromis,ternatensis,37372051,1,AD,Passing,,
SAV_SLR_CAM1_left_1909_1.MP4,23805,13.2382,SAV_SLR_Transect 2,1.8986,,3.09,8.988,2247.764,19.358,,,-672.93,-311.457,-2121.934,SAV_SLR_1909,Peter,Pomacentridae,Chromis,ternatensis,37372051,1,AD,Passing,,
SAV_SLR_CAM1_left_1909_1.MP4,23805,13.2382,SAV_SLR_Transect 2,1.8986,,3.676,4.875,2497.681,20.158,,,-808.311,-286.431,-2345.848,SAV_SLR_1909,Peter,Pomacentridae,Chromis,ternatensis,37372051,1,AD,Passing,,
SAV_SLR_CAM1_left_1909_1.MP4,23805,13.2382,SAV_SLR_Transect 2,1.8986,,3.969,0.908,2605.631,19.788,,,-843.656,-247.944,-2452.77,SAV_SLR_1909,Peter,Pomacentridae,Chromis,ternatensis,37372051,1,AD,Passing,,
SAV_SLR_CAM1_left_1909_1.MP4,23805,13.2382,SAV_SLR_Transect 2,1.8986,,2.825,3.016,2094.55,16.97,,,-461.866,-392.578,-2004.919,SAV_SLR_1909,Peter,Pomacentridae,Chromis,ternatensis,37372051,1,AD,Passing,,
SAV_SLR_CAM1_left_1909_1.MP4,23805,13.2382,SAV_SLR_Transect 2,1.8986,,3.626,3.564,2376.145,14.157,,,-370.323,-438.76,-2305.736,SAV_SLR_1909,Peter,Pomacentridae,Chromis,ternatensis,37372051,1,AD,Passing,,
SAV_SLR_CAM1_left_1909_1.MP4,23805,13.2382,SAV_SLR_Transect 2,1.8986,,3.528,4.233,2339.733,14.632,,,-342.252,-472.89,-2265.743,SAV_SLR_1909,Peter,Pomacentridae,Chromis,ternatensis,37372051,1,AD,Passing,,
SAV_SLR_CAM1_left_1909_1.MP4,23805,13.2382,SAV_SLR_Transect 2,1.8986,,3.16,4.145,2210.93,15.694,,,-386.901,-447.607,-2130.297,SAV_SLR_1909,Peter,Pomacentridae,Chromis,ternatensis,37372051,1,AD,Passing,,
SAV_SLR_CAM1_left_1909_1.MP4,23805,13.2382,SAV_SLR_Transect 2,1.8986,,3.883,5.709,2457.816,14.211,,,-64.729,-590.425,-2384.967,SAV_SLR_1909,Peter,Pomacentridae,Chromis,ternatensis,37372051,1,AD,Passing,,
SAV_SLR_CAM1_left_1909_1.MP4,23805,13.2382,SAV_SLR_Transect 2,1.8986,,2.562,5.84,1982.859,18.222,,,-367.174,-492.178,-1885.384,SAV_SLR_1909,Peter,Pomacentridae,Chromis,ternatensis,37372051,1,AD,Passing,,
SAV_SLR_CAM1_left_1909_1.MP4,23815,13.2438,SAV_SLR_Transect 2,1.9041,,2.454,5.762,1932.942,15.556,,,-409.956,-309.89,-1863.375,SAV_SLR_1909,Peter,Caesionidae,Caesio,teres,37346037,1,AD,Passing,,
SAV_SLR_CAM1_left_1909_1.MP4,23815,13.2438,SAV_SLR_Transect 2,1.9041,,2.488,4.161,1932.562,11.349,,,-293.163,-234.739,-1895.718,SAV_SLR_1909,Peter,Caesionidae,Caesio,teres,37346037,1,AD,Passing,,
SAV_SLR_CAM1_left_1909_1.MP4,23815,13.2438,SAV_SLR_Transect 2,1.9041,,2.666,0.901,2001.925,9.822,,,-101.234,-318.338,-1973.858,SAV_SLR_1909,Peter,Caesionidae,Caesio,teres,37346037,1,AD,Passing,,
SAV_SLR_CAM1_left_1909_1.MP4,23815,13.2438,SAV_SLR_Transect 2,1.9041,,2.995,5.715,2133.162,7.658,,,50.526,-271.373,-2115.227,SAV_SLR_1909,Peter,Caesionidae,Caesio,teres,37346037,1,AD,Passing,,
SAV_SLR_CAM1_left_1909_1.MP4,23815,13.2438,SAV_SLR_Transect 2,1.9041,,3.465,10.22,2321.614,3.044,,,39.679,-107.535,-2318.783,SAV_SLR_1909,Peter,Caesionidae,Caesio,teres,37346037,1,AD,Passing,,
SAV_SLR_CAM1_left_1909_1.MP4,23815,13.2438,SAV_SLR_Transect 2,1.9041,,3.595,5.549,2352.567,8.951,,,291.145,-212.62,-2324.779,SAV_SLR_1909,Peter,Caesionidae,Caesio,teres,37346037,1,AD,Passing,,
SAV_SLR_CAM1_left_1909_1.MP4,23815,13.2438,SAV_SLR_Transect 2,1.9041,,4.954,7.996,2807.017,9.716,,,450.402,-135.845,-2767.314,SAV_SLR_1909,Peter,Caesionidae,Caesio,teres,37346037,1,AD,Passing,,
SAV_SLR_CAM1_left_1909_1.MP4,23815,13.2438,SAV_SLR_Transect 2,1.9041,,3.406,0.928,2279.295,12.383,,,364.115,-317.265,-2227.543,SAV_SLR_1909,Peter,Caesionidae,Caesio,teres,37346037,1,AD,Passing,,
SAV_SLR_CAM1_left_1909_1.MP4,23815,13.2438,SAV_SLR_Transect 2,1.9041,,3.766,1.783,2466.185,19.629,,,757.504,-326.236,-2324.183,SAV_SLR_1909,Peter,Caesionidae,Caesio,teres,37346037,1,AD,Passing,,
SAV_SLR_CAM1_left_1909_1.MP4,23815,13.2438,SAV_SLR_Transect 2,1.9041,,4.263,4.715,2659.356,20.434,,,873.909,-303.638,-2493.243,SAV_SLR_1909,Peter,Caesionidae,Caesio,teres,37346037,1,AD,Passing,,
SAV_SLR_CAM1_left_1909_1.MP4,23815,13.2438,SAV_SLR_Transect 2,1.9041,,6.341,3.377,3344.758,21.157,,,1197.166,-142.85,-3119.903,SAV_SLR_1909,Peter,Caesionidae,Caesio,teres,37346037,1,AD,Passing,,
SAV_SLR_CAM1_left_1909_1.MP4,23815,13.2438,SAV_SLR_Transect 2,1.9041,,4.979,2.534,2831.447,13.508,,,660.348,-25.952,-2753.245,SAV_SLR_1909,Peter,Caesionidae,Caesio,teres,37346037,1,AD,Passing,,
SAV_SLR_CAM1_left_1909_1.MP4,23815,13.2438,SAV_SLR_Transect 2,1.9041,,7.522,5.279,3557.761,2.312,,,137.38,-27.464,-3555.001,SAV_SLR_1909,Peter,Caesionidae,Caesio,teres,37346037,1,AD,Passing,,
SAV_SLR_CAM1_left_1909_1.MP4,23815,13.2438,SAV_SLR_Transect 2,1.9041,,4.22,1.574,2592.763,4.604,,,-204.542,-28.133,-2584.529,SAV_SLR_1909,Peter,Caesionidae,Caesio,teres,37346037,1,AD,Passing,,
SAV_SLR_CAM1_left_1909_1.MP4,23843,13.2594,SAV_SLR_Transect 2,1.9197,51.688,3.516,2.176,2266.643,22.65,6.948,3.827,-812.24,-319.633,-2091.834,SAV_SLR_1909,Peter,Pomacentridae,Chromis,ternatensis,37372051,1,AD,Passing,,
SAV_SLR_CAM1_left_1909_1.MP4,23843,13.2594,SAV_SLR_Transect 2,1.9197,113.553,6.915,6.572,2683.014,20.126,32.466,4.934,-747.152,-542.268,-2519.181,SAV_SLR_1909,Peter,Holocentridae,Neoniphon,sammara,37261019,1,AD,Passing,,
SAV_SLR_CAM1_left_1909_1.MP4,23843,13.2594,SAV_SLR_Transect 2,1.9197,72.034,5.013,6.74,2933.107,23.843,7.629,28.022,-1059.585,-531.995,-2682.794,SAV_SLR_1909,Peter,Holocentridae,Neoniphon,sammara,37261019,1,AD,Passing,,
SAV_SLR_CAM1_left_1909_1.MP4,23843,13.2594,SAV_SLR_Transect 2,1.9197,65.232,5.132,7.301,2465.684,21.319,32.04,30.427,-767.209,-463.639,-2296.96,SAV_SLR_1909,Peter,Holocentridae,Neoniphon,sammara,37261019,1,AD,Passing,,
SAV_SLR_CAM1_left_1909_1.MP4,23843,13.2594,SAV_SLR_Transect 2,1.9197,97.6,9.294,10.218,2660.102,20.994,68.683,23.529,-847.934,-435.043,-2483.523,SAV_SLR_1909,Peter,Holocentridae,Neoniphon,sammara,37261019,1,AD,Passing,,
SAV_SLR_CAM1_left_1909_1.MP4,23843,13.2594,SAV_SLR_Transect 2,1.9197,,4.352,5.24,2778.617,23.209,,,-973.163,-491.914,-2555.717,SAV_SLR_1909,Peter,Holocentridae,Neoniphon,sammara,37261019,1,AD,Passing,,
SAV_SLR_CAM1_left_1909_1.MP4,23843,13.2594,SAV_SLR_Transect 2,1.9197,,3.711,6.274,2548.803,24.193,,,-873.883,-562.934,-2327.194,SAV_SLR_1909,Peter,Holocentridae,Neoniphon,sammara,37261019,1,AD,Passing,,
SAV_SLR_CAM1_left_1909_1.MP4,23843,13.2594,SAV_SLR_Transect 2,1.9197,,4.225,2.191,2638.263,20.143,,,-692.213,-578.589,-2479.215,SAV_SLR_1909,Peter,Holocentridae,Neoniphon,sammara,37261019,1,AD,Passing,,
SAV_SLR_CAM1_left_1909_1.MP4,23843,13.2594,SAV_SLR_Transect 2,1.9197,,3.952,8.301,2538.366,19.456,,,-648.682,-532.762,-2395.554,SAV_SLR_1909,Peter,Holocentridae,Neoniphon,sammara,37261019,1,AD,Passing,,
SAV_SLR_CAM1_left_1909_1.MP4,23843,13.2594,SAV_SLR_Transect 2,1.9197,,4.458,5.602,2716.067,20.602,,,-707.654,-632.278,-2544.891,SAV_SLR_1909,Peter,Holocentridae,Neoniphon,sammara,37261019,1,AD,Passing,,
SAV_SLR_CAM1_left_1909_1.MP4,23843,13.2594,SAV_SLR_Transect 2,1.9197,,2.024,3.25,1858.902,26.572,,,-677.087,-476.091,-1664.455,SAV_SLR_1909,Peter,Holocentridae,Neoniphon,sammara,37261019,1,AD,Passing,,
SAV_SLR_CAM1_left_1909_1.MP4,23843,13.2594,SAV_SLR_Transect 2,1.9197,,2.917,0.002,2307.4,26.393,,,-921.89,-441.428,-2068.66,SAV_SLR_1909,Peter,Holocentridae,Neoniphon,sammara,37261019,1,AD,Passing,,
SAV_SLR_CAM1_left_1909_1.MP4,23843,13.2594,SAV_SLR_Transect 2,1.9197,,3.556,3.734,2381.324,19.075,,,-527.789,-563.006,-2252.813,SAV_SLR_1909,Peter,Holocentridae,Neoniphon,sammara,37261019,1,AD,Passing,,
SAV_SLR_CAM1_left_1909_1.MP4,23843,13.2594,SAV_SLR_Transect 2,1.9197,,3.546,1.457,2367.093,19.966,,,-153.231,-784.776,-2227.953,SAV_SLR_1909,Peter,Holocentridae,Neoniphon,sammara,37261019,1,AD,Passing,,
SAV_SLR_CAM1_left_1909_1.MP4,23843,13.2594,SAV_SLR_Transect 2,1.9197,,3.406,5.452,2314.644,19.716,,,-205.498,-744.691,-2181.922,SAV_SLR_1909,Peter,Holocentridae,Neoniphon,sammara,37261019,1,AD,Passing,,
SAV_SLR_CAM1_left_1909_1.MP4,23850,13.2632,SAV_SLR_Transect 2,1.9236,76.73,3.021,4.222,1970.122,19.068,23.006,25.35,-443.656,-466.292,-1862.021,SAV_SLR_1909,Peter,Apogonidae,Taeniamia,kagoshimana,temp_code_016,1,AD,Passing,,
SAV_SLR_CAM1_left_1909_1.MP4,23850,13.2632,SAV_SLR_Transect 2,1.9236,80.514,2.078,4.059,1911.091,19.48,4.692,18.385,-402.502,-494.135,-1801.691,SAV_SLR_1909,Peter,Apogonidae,Taeniamia,kagoshimana,temp_code_016,1,AD,Passing,,
SAV_SLR_CAM1_left_1909_1.MP4,23850,13.2632,SAV_SLR_Transect 2,1.9236,84.221,2.131,5.491,2093.989,17.562,1.074,20.581,-330.263,-538.665,-1996.386,SAV_SLR_1909,Peter,Apogonidae,Taeniamia,kagoshimana,temp_code_016,1,AD,Passing,,
SAV_SLR_CAM1_left_1909_1.MP4,23850,13.2632,SAV_SLR_Transect 2,1.9236,,2.821,2.68,2078.317,17.011,,,-266.651,-538.562,-1989.535,SAV_SLR_1909,Peter,Apogonidae,Taeniamia,kagoshimana,temp_code_016,1,AD,Passing,,
SAV_SLR_CAM1_left_1909_1.MP4,23850,13.2632,SAV_SLR_Transect 2,1.9236,,3.339,3.779,2273.439,16.56,,,-253.515,-587.66,-2181.492,SAV_SLR_1909,Peter,Apogonidae,Taeniamia,kagoshimana,temp_code_016,1,AD,Passing,,
SAV_SLR_CAM1_left_1909_1.MP4,23850,13.2632,SAV_SLR_Transect 2,1.9236,,2.484,0.516,1940.084,17.114,,,-161.418,-540.272,-1856.335,SAV_SLR_1909,Peter,Apogonidae,Taeniamia,kagoshimana,temp_code_016,1,AD,Passing,,
SAV_SLR_CAM1_left_1909_1.MP4,23850,13.2632,SAV_SLR_Transect 2,1.9236,,2.649,8.051,2005.258,16.283,,,-117.794,-542.142,-1926.983,SAV_SLR_1909,Peter,Apogonidae,Taeniamia,kagoshimana,temp_code_016,1,AD,Passing,,
SAV_SLR_CAM1_left_1909_1.MP4,23850,13.2632,SAV_SLR_Transect 2,1.9236,,3.381,2.547,2296.814,18.306,,,-78.383,-708.498,-2183.401,SAV_SLR_1909,Peter,Apogonidae,Taeniamia,kagoshimana,temp_code_016,1,AD,Passing,,
SAV_SLR_CAM1_left_1909_1.MP4,23850,13.2632,SAV_SLR_Transect 2,1.9236,,4.301,9.083,2619.62,19.622,,,-229.507,-839.459,-2470.839,SAV_SLR_1909,Peter,Apogonidae,Taeniamia,kagoshimana,temp_code_016,1,AD,Passing,,
SAV_SLR_CAM1_left_1909_1.MP4,23850,13.2632,SAV_SLR_Transect 2,1.9236,,3.325,0.892,2280.88,19.173,,,-25.053,-740.142,-2157.308,SAV_SLR_1909,Peter,Apogonidae,Taeniamia,kagoshimana,temp_code_016,1,AD,Passing,,
SAV_SLR_CAM1_left_1909_1.MP4,23850,13.2632,SAV_SLR_Transect 2,1.9236,,3.888,0.74,2468.393,18.49,,,126.439,-763.267,-2344.014,SAV_SLR_1909,Peter,Apogonidae,Taeniamia,kagoshimana,temp_code_016,1,AD,Passing,,
SAV_SLR_CAM1_left_1909_1.MP4,23850,13.2632,SAV_SLR_Transect 2,1.9236,,2.051,2.489,1777.782,21.839,,,-102.853,-646.739,-1652.772,SAV_SLR_1909,Peter,Apogonidae,Taeniamia,kagoshimana,temp_code_016,1,AD,Passing,,
SAV_SLR_CAM1_left_1909_1.MP4,23850,13.2632,SAV_SLR_Transect 2,1.9236,,4.705,0.42,2745.479,18.08,,,-489.502,-687.03,-2612.668,SAV_SLR_1909,Peter,Apogonidae,Taeniamia,kagoshimana,temp_code_016,1,AD,Passing,,
SAV_SLR_CAM1_left_1909_1.MP4,23890,13.2855,SAV_SLR_Transect 2,1.9458,174.458,6.905,11.019,2641.292,23.453,40.764,20.257,-708.165,-776.904,-2423.086,SAV_SLR_1909,Peter,Apogonidae,Taeniamia,kagoshimana,temp_code_016,1,AD,Passing,,
SAV_SLR_CAM1_left_1909_1.MP4,23895,13.2883,SAV_SLR_Transect 2,1.9486,,6.811,3.633,3375.019,21.412,,,-745.227,-968.708,-3145.949,SAV_SLR_1909,Peter,Holocentridae,Neoniphon,sammara,37261019,1,AD,Passing,,
SAV_SLR_CAM1_left_1909_1.MP4,23895,13.2883,SAV_SLR_Transect 2,1.9486,,5.405,2.207,2995.501,21.362,,,-693.29,-831.536,-2793.014,SAV_SLR_1909,Peter,Holocentridae,Neoniphon,sammara,37261019,1,AD,Passing,,
SAV_SLR_CAM1_left_1909_1.MP4,23895,13.2883,SAV_SLR_Transect 2,1.9486,,4.7,6.315,2814.796,22.286,,,-772.636,-726.226,-2607.433,SAV_SLR_1909,Peter,Holocentridae,Neoniphon,sammara,37261019,1,AD,Passing,,
SAV_SLR_CAM1_left_1909_1.MP4,23895,13.2883,SAV_SLR_Transect 2,1.9486,,13.752,4.688,5077.394,24.306,,,-1773.888,-1086.589,-4631.692,SAV_SLR_1909,Peter,Holocentridae,Neoniphon,sammara,37261019,1,AD,Passing,,
SAV_SLR_CAM1_left_1909_1.MP4,24534,13.6436,SAV_SLR_Transect 2,2.304,56.557,1.553,5.797,1802.074,7.979,4.406,22.233,100.565,-229.026,-1784.63,SAV_SLR_1909,Peter,Pomacentridae,Pomacentrus,coelestis,37372111,1,AD,Passing,,
SAV_SLR_CAM1_left_1909_1.MP4,24534,13.6436,SAV_SLR_Transect 2,2.304,44.557,3.556,5.302,1742.637,12.582,38.474,14.087,-136.606,-354.193,-1700.786,SAV_SLR_1909,Peter,Pomacentridae,Pomacentrus,coelestis,37372111,1,AD,Passing,,
SAV_SLR_CAM1_left_1909_1.MP4,24534,13.6436,SAV_SLR_Transect 2,2.304,28.023,2.493,5.908,1782.472,19.446,22.484,0.597,-286.78,-519.516,-1680.793,SAV_SLR_1909,Peter,Pomacentridae,Pomacentrus,coelestis,37372111,1,AD,Passing,,
SAV_SLR_CAM1_left_1909_1.MP4,24534,13.6436,SAV_SLR_Transect 2,2.304,,2.505,7.693,1934.591,6.147,,,-9.772,-199.302,-1924.273,SAV_SLR_1909,Peter,Pomacentridae,Pomacentrus,coelestis,37372111,1,AD,Passing,,
SAV_SLR_CAM1_left_1909_1.MP4,24534,13.6436,SAV_SLR_Transect 2,2.304,,1.743,3.592,1593.135,15.453,,,-9.026,-418.299,-1537.213,SAV_SLR_1909,Peter,Pomacentridae,Pomacentrus,coelestis,37372111,1,AD,Passing,,
SAV_SLR_CAM1_left_1909_1.MP4,24534,13.6436,SAV_SLR_Transect 2,2.304,,2.335,8.089,1904.995,21.4,,,-361.806,-586.479,-1775.991,SAV_SLR_1909,Peter,Pomacentridae,Pomacentrus,coelestis,37372111,1,AD,Passing,,
SAV_SLR_CAM1_left_1909_1.MP4,24542,13.6481,SAV_SLR_Transect 2,2.3084,31.568,1.288,7.967,1637.048,18.192,0.372,11.588,-132.697,-493.563,-1555.221,SAV_SLR_1909,Peter,Pomacentridae,Pomacentrus,moluccensis,37372118,1,AD,Passing,,
SAV_SLR_CAM1_left_1909_1.MP4,24557,13.6564,SAV_SLR_Transect 2,2.3168,27.499,1.578,5.311,1507.606,9.693,15.152,2.623,-64.377,-245.54,-1486.083,SAV_SLR_1909,Peter,Pomacentridae,Dascyllus,reticulatus,37372074,1,AD,Passing,,
SAV_SLR_CAM1_left_1909_1.MP4,24557,13.6564,SAV_SLR_Transect 2,2.3168,,1.48,4.652,1449.316,12.745,,,-17.593,-313.656,-1414.86,SAV_SLR_1909,Peter,Pomacentridae,Dascyllus,reticulatus,37372074,1,AD,Passing,,
SAV_SLR_CAM1_left_1909_1.MP4,24557,13.6564,SAV_SLR_Transect 2,2.3168,,1.763,3.335,1594.134,11.605,,,-136.131,-284.164,-1562.684,SAV_SLR_1909,Peter,Pomacentridae,Dascyllus,reticulatus,37372074,1,AD,Passing,,
SAV_SLR_CAM1_left_1909_1.MP4,24557,13.6564,SAV_SLR_Transect 2,2.3168,,1.783,8.751,1600.818,8.622,,,-69.297,-223.479,-1583.626,SAV_SLR_1909,Peter,Pomacentridae,Dascyllus,reticulatus,37372074,1,AD,Passing,,
SAV_SLR_CAM1_left_1909_1.MP4,24557,13.6564,SAV_SLR_Transect 2,2.3168,,1.471,3.773,1443.534,14.093,,,105.042,-329.872,-1401.407,SAV_SLR_1909,Peter,Pomacentridae,Dascyllus,reticulatus,37372074,1,AD,Passing,,
SAV_SLR_CAM1_left_1909_1.MP4,24557,13.6564,SAV_SLR_Transect 2,2.3168,,1.538,5.05,1488.225,15.764,,,-151.431,-369.216,-1433.723,SAV_SLR_1909,Peter,Pomacentridae,Pomacentrus,moluccensis,37372118,1,AD,Passing,,
SAV_SLR_CAM1_left_1909_1.MP4,24960,13.8805,SAV_SLR_Transect 2,2.5409,,15.559,11.821,5393.945,24.276,,,2089.424,762.628,-4913.995,SAV_SLR_1909,Peter,Balistidae,Balistapus,undulatus,37465047,1,AD,Passing,,
SAV_SLR_CAM1_left_1909_1.MP4,24972,13.8872,SAV_SLR_Transect 2,2.5475,55.319,4.875,7.2,2149.866,15.61,37.699,25.416,-305.944,-490.998,-2070.566,SAV_SLR_1909,Peter,Pomacentridae,Chrysiptera,sp,,1,AD,Passing,,
SAV_SLR_CAM1_left_1909_1.MP4,35609,19.8026,SAV_SLR_Transect 3,0.6512,,6.235,0.54,3639.788,29.33,,,-1667.953,642.418,-3170.692,SAV_SLR_1909,Peter,Pomacanthidae,Centropyge,flavissima,37365026,1,AD,Passing,,
SAV_SLR_CAM1_left_1909_1.MP4,35639,19.8192,SAV_SLR_Transect 3,0.6679,,5.143,1.522,3193.149,27.813,,,-1347.884,646.019,-2821.714,SAV_SLR_1909,Peter,Pomacentridae,Pomacentrus,sp,,1,AD,Passing,,
SAV_SLR_CAM1_left_1909_1.MP4,36217,20.1407,SAV_SLR_Transect 3,0.9893,,3.221,3.404,2505.462,26.577,,,-1117.711,94.095,-2240.359,SAV_SLR_1909,Peter,Pomacentridae,Chromis,ternatensis,37372051,1,AD,Passing,,
SAV_SLR_CAM1_left_1909_1.MP4,36217,20.1407,SAV_SLR_Transect 3,0.9893,,3.972,5.925,2619.624,19.537,,,-874.3,65.053,-2468.562,SAV_SLR_1909,Peter,Pomacentridae,Chromis,ternatensis,37372051,1,AD,Passing,,
SAV_SLR_CAM1_left_1909_1.MP4,36217,20.1407,SAV_SLR_Transect 3,0.9893,,4.876,5.25,2911.421,18.852,,,-931.803,140.235,-2754.714,SAV_SLR_1909,Peter,Pomacentridae,Chromis,ternatensis,37372051,1,AD,Passing,,
SAV_SLR_CAM1_left_1909_1.MP4,36217,20.1407,SAV_SLR_Transect 3,0.9893,,3.969,5.457,2745.45,24.675,,,-1137.68,148.947,-2494.193,SAV_SLR_1909,Peter,Pomacentridae,Chromis,ternatensis,37372051,1,AD,Passing,,
SAV_SLR_CAM1_left_1909_1.MP4,36217,20.1407,SAV_SLR_Transect 3,0.9893,,4.779,0.9,3030.441,24.224,,,-1240.156,100.912,-2763.223,SAV_SLR_1909,Peter,Pomacentridae,Chromis,ternatensis,37372051,1,AD,Passing,,
SAV_SLR_CAM1_left_1909_1.MP4,36217,20.1407,SAV_SLR_Transect 3,0.9893,,4.272,1.396,2724.121,19.673,,,-907.341,143.392,-2564.568,SAV_SLR_1909,Peter,Pomacentridae,Chromis,ternatensis,37372051,1,AD,Passing,,
SAV_SLR_CAM1_left_1909_1.MP4,36217,20.1407,SAV_SLR_Transect 3,0.9893,,5.332,6.033,3081.039,20.375,,,-1048.163,239.51,-2887.35,SAV_SLR_1909,Peter,Pomacentridae,Pomacentrus,sp,,1,AD,Passing,,
SAV_SLR_CAM1_left_1909_1.MP4,36236,20.1512,SAV_SLR_Transect 3,0.9999,,2.63,2.493,1996.376,19.234,,,293.166,-581.219,-1887.262,SAV_SLR_1909,Peter,Pomacentridae,Chromis,viridis,37372053,1,AD,Passing,,
SAV_SLR_CAM1_left_1909_1.MP4,36236,20.1512,SAV_SLR_Transect 3,0.9999,,2.868,4.015,2091.225,18.726,,,248.491,-615.844,-1982.98,SAV_SLR_1909,Peter,Pomacentridae,Chromis,viridis,37372053,1,AD,Passing,,
SAV_SLR_CAM1_left_1909_1.MP4,36236,20.1512,SAV_SLR_Transect 3,0.9999,,2.847,1.74,2091.462,20.727,,,379.672,-627.659,-1958.598,SAV_SLR_1909,Peter,Pomacentridae,Chromis,viridis,37372053,1,AD,Passing,,
SAV_SLR_CAM1_left_1909_1.MP4,36236,20.1512,SAV_SLR_Transect 3,0.9999,,2.994,4.909,2145.574,20.22,,,354.248,-643.496,-2015.914,SAV_SLR_1909,Peter,Pomacentridae,Chromis,viridis,37372053,1,AD,Passing,,
SAV_SLR_CAM1_left_1909_1.MP4,36236,20.1512,SAV_SLR_Transect 3,0.9999,,2.805,2.669,2085.271,22.023,,,444.231,-635.817,-1935.652,SAV_SLR_1909,Peter,Pomacentridae,Chromis,viridis,37372053,1,AD,Passing,,
SAV_SLR_CAM1_left_1909_1.MP4,36236,20.1512,SAV_SLR_Transect 3,0.9999,,2.528,3.111,1981.474,23.141,,,433.171,-639.889,-1824.594,SAV_SLR_1909,Peter,Pomacentridae,Chromis,viridis,37372053,1,AD,Passing,,
SAV_SLR_CAM1_left_1909_1.MP4,36236,20.1512,SAV_SLR_Transect 3,0.9999,,2.432,1.669,1953.343,24.252,,,491.879,-626.804,-1783.458,SAV_SLR_1909,Peter,Pomacentridae,Chromis,viridis,37372053,1,AD,Passing,,
SAV_SLR_CAM1_left_1909_1.MP4,36236,20.1512,SAV_SLR_Transect 3,0.9999,,2.687,1.724,2061.029,23.83,,,560.413,-608.407,-1887.754,SAV_SLR_1909,Peter,Pomacentridae,Chromis,viridis,37372053,1,AD,Passing,,
SAV_SLR_CAM1_left_1909_1.MP4,36236,20.1512,SAV_SLR_Transect 3,0.9999,,2.421,0.796,1985.108,26.456,,,628.762,-614.86,-1779.679,SAV_SLR_1909,Peter,Pomacentridae,Chromis,viridis,37372053,1,AD,Passing,,
SAV_SLR_CAM1_left_1909_1.MP4,36236,20.1512,SAV_SLR_Transect 3,0.9999,,2.848,4.839,2085.177,17.994,,,144.627,-619.827,-1985.663,SAV_SLR_1909,Peter,Pomacentridae,Dascyllus,reticulatus,37372074,1,AD,Passing,,
SAV_SLR_CAM1_left_1909_1.MP4,36236,20.1512,SAV_SLR_Transect 3,0.9999,,2.514,5.655,1959.718,19.644,,,124.946,-639.517,-1848.216,SAV_SLR_1909,Peter,Pomacentridae,Dascyllus,aruanus,37372073,1,AD,Passing,,
SAV_SLR_CAM1_left_1909_1.MP4,36236,20.1512,SAV_SLR_Transect 3,0.9999,,2.364,3.267,1909.341,22.578,,,271.058,-674.123,-1765.692,SAV_SLR_1909,Peter,Pomacentridae,Dascyllus,aruanus,37372073,1,AD,Passing,,
SAV_SLR_CAM1_left_1909_1.MP4,36313,20.1941,SAV_SLR_Transect 3,1.0427,235.121,21.194,17.215,4032.934,26.35,72.86,3.389,-1160.32,-1363.041,-3613.908,SAV_SLR_1909,Peter,Scaridae,Scarus,schlegeli,37386029,1,AD,Passing,,
SAV_SLR_CAM1_left_1909_1.MP4,36327,20.2018,SAV_SLR_Transect 3,1.0505,106.59,6.878,9.216,4070.884,22.259,1.662,12.219,-882.22,-1264.723,-3767.527,SAV_SLR_1909,Peter,Acanthuridae,Acanthurus,sp,,1,AD,Passing,,
SAV_SLR_CAM1_left_1909_1.MP4,36327,20.2018,SAV_SLR_Transect 3,1.0505,,11.527,9.643,4491.172,23.949,,,-1142.173,-1404.602,-4110.129,SAV_SLR_1909,Peter,Acanthuridae,Acanthurus,sp,,1,AD,Passing,,
SAV_SLR_CAM1_left_1909_1.MP4,36327,20.2018,SAV_SLR_Transect 3,1.0505,,9.779,8.047,4202.715,26.14,,,-1221.379,-1376.617,-3778.356,SAV_SLR_1909,Peter,Nemipteridae,Scolopsis,bilineata,37347031,1,AD,Passing,,
SAV_SLR_CAM1_left_1909_1.MP4,36355,20.2174,SAV_SLR_Transect 3,1.0661,181.002,9.226,10.909,3705.982,24.333,22.316,15.032,-847.741,-1270.058,-3376.772,SAV_SLR_1909,Peter,Mullidae,Parupeneus,multifasciatus,37355026,1,AD,Passing,,
SAV_SLR_CAM1_left_1909_1.MP4,36414,20.2502,SAV_SLR_Transect 3,1.0989,89.424,7.905,11.112,3526.061,25.916,11.123,6.724,-1388.123,-669.293,-3171.477,SAV_SLR_1909,Peter,Mullidae,Parupeneus,barberinus,37355022,1,AD,Passing,,
SAV_SLR_CAM1_left_1909_1.MP4,36414,20.2502,SAV_SLR_Transect 3,1.0989,131.473,10.275,7.082,4168.954,20.822,9.836,11.102,-1331.008,-651.602,-3896.667,SAV_SLR_1909,Peter,Mullidae,Parupeneus,barberinus,37355022,1,AD,Passing,,
SAV_SLR_CAM1_left_1909_1.MP4,36414,20.2502,SAV_SLR_Transect 3,1.0989,172.561,6.404,6.576,3448.817,17.516,6.518,11.736,-907.36,-504.085,-3288.911,SAV_SLR_1909,Peter,Scaridae,Scarus,schlegeli,37386029,1,AD,Passing,,
SAV_SLR_CAM1_left_1909_1.MP4,36758,20.4415,SAV_SLR_Transect 3,1.2902,120.911,9.308,7.693,2515.766,11.572,57.681,21.918,-481.465,-151.308,-2464.625,SAV_SLR_1909,Peter,Acanthuridae,Ctenochaetus,binotatus,37437021,1,AD,Passing,,
SAV_SLR_CAM1_left_1909_1.MP4,37822,21.0332,SAV_SLR_Transect 3,1.8819,34.281,2.721,13.913,2030.557,26.124,5.285,0.727,-714.394,-537.632,-1823.116,SAV_SLR_1909,Peter,Pomacentridae,Dascyllus,trimaculatus,37372075,1,AD,Passing,,
SAV_SLR_CAM1_left_1909_1.MP4,37822,21.0332,SAV_SLR_Transect 3,1.8819,54.17,4.173,9.149,1915.443,21.578,43.395,3.365,-258.303,-655.371,-1781.205,SAV_SLR_1909,Peter,Pomacentridae,Pomacentrus,moluccensis,37372118,1,AD,Passing,,
SAV_SLR_CAM1_left_1909_1.MP4,37836,21.041,SAV_SLR_Transect 3,1.8897,,9.169,8.256,4286.891,26.86,,,-1762.279,-788.493,-3827.543,SAV_SLR_1909,Peter,Pomacanthidae,Centropyge,bicolor,37365022,1,AD,Passing,,
SAV_SLR_CAM1_left_1909_1.MP4,38353,21.3285,SAV_SLR_Transect 3,2.1772,28.062,2.792,5.447,2149.948,19.647,11.64,24.844,-477.269,-542.903,-2024.784,SAV_SLR_1909,Peter,Pomacentridae,Pomacentrus,coelestis,37372111,1,AD,Passing,,
SAV_SLR_CAM1_left_1909_1.MP4,38353,21.3285,SAV_SLR_Transect 3,2.1772,36.64,3.465,3.663,2251.537,18.313,15.586,12.139,-535.569,-462.2,-2137.512,SAV_SLR_1909,Peter,Pomacentridae,Pomacentrus,coelestis,37372111,1,AD,Passing,,
SAV_SLR_CAM1_left_1909_1.MP4,38353,21.3285,SAV_SLR_Transect 3,2.1772,,3.294,0.67,2269.078,17.708,,,-415.977,-542.137,-2163.738,SAV_SLR_1909,Peter,Pomacentridae,Pomacentrus,coelestis,37372111,1,AD,Passing,,
SAV_SLR_CAM1_left_1909_1.MP4,38353,21.3285,SAV_SLR_Transect 3,2.1772,,4.534,1.679,2778.104,17.441,,,-832.445,29.906,-2650.284,SAV_SLR_1909,Peter,Pomacentridae,Pomacentrus,coelestis,37372111,1,AD,Passing,,
SAV_SLR_CAM1_left_1909_1.MP4,38353,21.3285,SAV_SLR_Transect 3,2.1772,,4.218,5.954,2620.589,13.644,,,-613.572,-64.978,-2546.918,SAV_SLR_1909,Peter,Pomacentridae,Pomacentrus,coelestis,37372111,1,AD,Passing,,
SAV_SLR_CAM1_left_1909_1.MP4,38353,21.3285,SAV_SLR_Transect 3,2.1772,,4.556,8.35,2705.63,9.268,,,-422.299,-96.787,-2670.718,SAV_SLR_1909,Peter,Pomacentridae,Pomacentrus,coelestis,37372111,1,AD,Passing,,
SAV_SLR_CAM1_left_1909_1.MP4,38353,21.3285,SAV_SLR_Transect 3,2.1772,,3.855,3.283,2452.946,11.866,,,-320.602,-379.847,-2402.057,SAV_SLR_1909,Peter,Pomacentridae,Pomacentrus,coelestis,37372111,1,AD,Passing,,
SAV_SLR_CAM1_left_1909_1.MP4,38431,21.3719,SAV_SLR_Transect 3,2.2206,,2.316,3.523,1971.557,21.871,,,-729.998,-73.486,-1829.957,SAV_SLR_1909,Peter,Pomacentridae,Dascyllus,reticulatus,37372074,1,AD,Passing,,
SAV_SLR_CAM1_left_1909_1.MP4,38431,21.3719,SAV_SLR_Transect 3,2.2206,,2.475,2.432,1969.34,16.39,,,-546.949,-90.766,-1889.685,SAV_SLR_1909,Peter,Pomacentridae,Dascyllus,reticulatus,37372074,1,AD,Passing,,
SAV_SLR_CAM1_left_1909_1.MP4,38431,21.3719,SAV_SLR_Transect 3,2.2206,,2.759,6.086,2087.84,15.957,,,-561.069,-113.14,-2007.853,SAV_SLR_1909,Peter,Pomacentridae,Dascyllus,reticulatus,37372074,1,AD,Passing,,
SAV_SLR_CAM1_left_1909_1.MP4,38431,21.3719,SAV_SLR_Transect 3,2.2206,,2.277,3.645,1904.575,18.735,,,-605.629,-78.988,-1803.99,SAV_SLR_1909,Peter,Pomacentridae,Dascyllus,reticulatus,37372074,1,AD,Passing,,
SAV_SLR_CAM1_left_1909_1.MP4,38431,21.3719,SAV_SLR_Transect 3,2.2206,52.476,4.428,6.729,1612.527,14.835,82.12,10.13,-282.373,-301.188,-1558.779,SAV_SLR_1909,Peter,Pomacentridae,Pomacentrus,coelestis,37372111,1,AD,Passing,,
SAV_SLR_CAM1_left_1909_1.MP4,38431,21.3719,SAV_SLR_Transect 3,2.2206,40.46,3.114,7.068,1778.208,22.383,32.895,11.473,-660.098,-150.94,-1644.236,SAV_SLR_1909,Peter,Pomacentridae,Pomacentrus,coelestis,37372111,1,AD,Passing,,
SAV_SLR_CAM1_left_1909_1.MP4,38463,21.3897,SAV_SLR_Transect 3,2.2383,47.423,2.644,10.607,1443.7,20.885,52.217,9.904,-399.635,-324.296,-1348.849,SAV_SLR_1909,Peter,Pomacentridae,Pomacentrus,coelestis,37372111,1,AD,Passing,,
SAV_SLR_CAM1_left_1909_1.MP4,38771,21.561,SAV_SLR_Transect 3,2.4096,140.416,3.978,7.208,1988.525,15.503,31.584,12.214,-401.605,-348.152,-1916.178,SAV_SLR_1909,Peter,Labridae,Coris,gaimard,37384094,1,AD,Passing,,
SAV_SLR_CAM1_left_1909_1.MP4,38879,21.621,SAV_SLR_Transect 3,2.4697,55.462,2.282,8.536,1235.421,18.853,74.541,12.398,-338.874,-211.057,-1169.138,SAV_SLR_1909,Peter,Pomacentridae,Pomacentrus,callainus,temp_code_004,1,AD,Passing,,
SAV_SLR_CAM1_left_1909_1.MP4,38940,21.655,SAV_SLR_Transect 3,2.5036,,3.235,6.489,2444.616,27.447,,,1093.723,-262.421,-2170.496,SAV_SLR_1909,Peter,Pomacanthidae,Centropyge,bicolor,37365022,1,AD,Passing,,
SAV_SLR_CAM1_left_1909_1.MP4,38947,21.6589,SAV_SLR_Transect 3,2.5075,104.127,8.087,7.962,2553.967,27.24,73.258,0.649,1136.193,-275.037,-2270.719,SAV_SLR_1909,Peter,Labridae,Stethojulis,sp,,1,AD,Passing,,
SAV_SLR_CAM1_left_1909_1.MP4,39051,21.7167,SAV_SLR_Transect 3,2.5653,,13.569,19.911,5257.691,26.487,,,2327.041,-270.318,-4706.923,SAV_SLR_1909,Peter,Scaridae,Scarus,sp,,1,AD,Passing,,
SAV_SLR_CAM1_left_1909_1.MP4,39110,21.7495,SAV_SLR_Transect 3,2.5982,109.031,6.504,11.919,3336.276,24.464,9.627,7.196,-1080.389,-861.201,-3036.747,SAV_SLR_1909,Peter,Nemipteridae,Scolopsis,bilineata,37347031,1,AD,Passing,,
SAV_SLR_CAM1_left_1909_1.MP4,39142,21.7673,SAV_SLR_Transect 3,2.6159,186.244,8.096,12.362,3187.482,23.831,30.42,25.894,-987.183,-827.057,-2915.732,SAV_SLR_1909,Peter,Scaridae,Scarus,globiceps,37386018,1,AD,Passing,,
SAV_SLR_CAM1_left_1909_1.MP4,39160,21.7773,SAV_SLR_Transect 3,2.626,149.158,8.946,9.492,3643.375,25.214,11.4,1.197,1417.275,-632.689,-3296.243,SAV_SLR_1909,Peter,Acanthuridae,Acanthurus,sp,,1,AD,Passing,,
SAV_SLR_CAM1_left_1909_1.MP4,39318,21.8652,SAV_SLR_Transect 3,2.7138,133.877,10.022,7.885,2502.544,15.706,61.28,4.014,296.59,-609.058,-2409.11,SAV_SLR_1909,Peter,Acanthuridae,Acanthurus,sp,,1,AD,Passing,,
SAV_SLR_CAM1_left_1909_1.MP4,39348,21.8819,SAV_SLR_Transect 3,2.7305,99.951,4.401,7.174,2719.987,21.536,7.998,24.078,812.528,-580.254,-2530.105,SAV_SLR_1909,Peter,Acanthuridae,Ctenochaetus,striatus,37437022,1,AD,Passing,,
SAV_SLR_CAM1_left_1909_1.MP4,39412,21.9175,SAV_SLR_Transect 3,2.7661,83.332,5.913,10.886,2970.756,27.228,16.538,21.052,-1312.256,-354.147,-2641.582,SAV_SLR_1909,Peter,Labridae,Labropsis,australis,37384132,1,AD,Passing,,
SAV_SLR_CAM1_left_1909_1.MP4,39421,21.9225,SAV_SLR_Transect 3,2.7711,88.673,4.881,8.057,2008.763,19.299,44.747,10.912,36.035,-662.923,-1895.88,SAV_SLR_1909,Peter,Chaetodontidae,Chaetodon,mertensii,37365044,1,AD,Passing,,
SAV_SLR_CAM1_left_1909_1.MP4,46122,25.649,SAV_SLR_Transect 4,0.2547,128.573,2.303,4.648,2085.19,11.756,11.382,7.023,-82.704,-416.714,-2041.452,SAV_SLR_1909,Peter,Pomacentridae,Abudefduf,sexfasciatus,37372011,1,AD,Passing,,
SAV_SLR_CAM1_left_1909_1.MP4,46122,25.649,SAV_SLR_Transect 4,0.2547,121.175,6.976,7.424,2926.02,26.919,35.521,23.424,-1324.609,-14.84,-2608.982,SAV_SLR_1909,Peter,Pomacentridae,Abudefduf,sexfasciatus,37372011,1,AD,Passing,,
SAV_SLR_CAM1_left_1909_1.MP4,46122,25.649,SAV_SLR_Transect 4,0.2547,,9.626,0.46,4485.346,25.509,,,-1930.347,-53.384,-4048.362,SAV_SLR_1909,Peter,Pomacentridae,Abudefduf,sexfasciatus,37372011,1,AD,Passing,,
SAV_SLR_CAM1_left_1909_1.MP4,46122,25.649,SAV_SLR_Transect 4,0.2547,,5.557,0.518,3319.697,25.076,,,-1401.269,138.284,-3006.278,SAV_SLR_1909,Peter,Pomacentridae,Abudefduf,sexfasciatus,37372011,1,AD,Passing,,
SAV_SLR_CAM1_left_1909_1.MP4,46181,25.6818,SAV_SLR_Transect 4,0.2875,102.508,8.226,5.449,3667.524,27.01,15.652,28.948,-1628.501,349.498,-3267.501,SAV_SLR_1909,Peter,Pomacentridae,Abudefduf,sexfasciatus,37372011,1,AD,Passing,,
SAV_SLR_CAM1_left_1909_1.MP4,46181,25.6818,SAV_SLR_Transect 4,0.2875,,3.586,2.689,2648.807,27.212,,,-1161.87,351.688,-2354.263,SAV_SLR_1909,Peter,Pomacentridae,Abudefduf,sexfasciatus,37372011,1,AD,Passing,,
SAV_SLR_CAM1_left_1909_1.MP4,46208,25.6968,SAV_SLR_Transect 4,0.3025,131.627,2.839,6.238,2178.129,8.733,16.101,36.698,-236.866,230.789,-2152.876,SAV_SLR_1909,Peter,Pomacentridae,Abudefduf,sexfasciatus,37372011,1,AD,Passing,,
SAV_SLR_CAM1_left_1909_1.MP4,46235,25.7118,SAV_SLR_Transect 4,0.3175,106.301,9.232,7.684,3259.499,26.254,47.302,32.048,-1372.704,441.176,-2923.249,SAV_SLR_1909,Peter,Pomacentridae,Abudefduf,sexfasciatus,37372011,1,AD,Passing,,
SAV_SLR_CAM1_left_1909_1.MP4,46250,25.7201,SAV_SLR_Transect 4,0.3259,128.529,6.673,8.823,2119.159,12.948,58.286,23.257,221.632,419.927,-2065.278,SAV_SLR_1909,Peter,Pomacentridae,Abudefduf,sexfasciatus,37372011,1,AD,Passing,,
SAV_SLR_CAM1_left_1909_1.MP4,46250,25.7201,SAV_SLR_Transect 4,0.3259,99.405,6.9,13.315,3476.43,17.973,15.188,29.564,-673.813,834.654,-3306.795,SAV_SLR_1909,Peter,Pomacentridae,Abudefduf,sexfasciatus,37372011,1,AD,Passing,,
SAV_SLR_CAM1_left_1909_1.MP4,46250,25.7201,SAV_SLR_Transect 4,0.3259,,5.105,1.492,3041.467,25.373,,,1223.028,461.193,-2746.275,SAV_SLR_1909,Peter,Pomacentridae,Abudefduf,sexfasciatus,37372011,1,AD,Passing,,
SAV_SLR_CAM1_left_1909_1.MP4,46250,25.7201,SAV_SLR_Transect 4,0.3259,,1.74,1.49,1608.319,18.67,,,-78.371,514.89,-1521.655,SAV_SLR_1909,Peter,Pomacentridae,Abudefduf,sexfasciatus,37372011,1,AD,Passing,,
SAV_SLR_CAM1_left_1909_1.MP4,46283,25.7385,SAV_SLR_Transect 4,0.3442,146.302,8.346,4.889,2668.142,28.203,67.045,4.628,1171.461,466.528,-2351.386,SAV_SLR_1909,Peter,Pomacentridae,Abudefduf,sexfasciatus,37372011,1,AD,Passing,,
SAV_SLR_CAM1_left_1909_1.MP4,46283,25.7385,SAV_SLR_Transect 4,0.3442,,6.526,0.162,3257.906,22,,,537.437,1107.715,-3016.303,SAV_SLR_1909,Peter,Pomacentridae,Abudefduf,sexfasciatus,37372011,1,AD,Passing,,
SAV_SLR_CAM1_left_1909_1.MP4,46283,25.7385,SAV_SLR_Transect 4,0.3442,149.321,4.535,4.895,3211.059,20.241,8.498,24.944,-336.021,1058.884,-3012.765,SAV_SLR_1909,Peter,Caesionidae,Caesio,teres,37346037,1,AD,Passing,,
SAV_SLR_CAM1_left_1909_1.MP4,46302,25.7491,SAV_SLR_Transect 4,0.3548,91.854,3.117,5.532,2387.577,24.368,13.904,56.833,-778.757,603.282,-2174.882,SAV_SLR_1909,Peter,Pomacentridae,Abudefduf,sexfasciatus,37372011,1,AD,Passing,,
SAV_SLR_CAM1_left_1909_1.MP4,46302,25.7491,SAV_SLR_Transect 4,0.3548,,3.424,12.728,2345.223,22.224,,,-300.315,843.24,-2167.678,SAV_SLR_1909,Peter,Pomacentridae,Abudefduf,sexfasciatus,37372011,1,AD,Passing,,
SAV_SLR_CAM1_left_1909_1.MP4,46312,25.7546,SAV_SLR_Transect 4,0.3604,100.582,6.174,4.376,2594.45,15.367,28.796,2.107,70.246,683.953,-2501.689,SAV_SLR_1909,Peter,Pomacentridae,Abudefduf,sexfasciatus,37372011,1,AD,Passing,,
SAV_SLR_CAM1_left_1909_1.MP4,46325,25.7618,SAV_SLR_Transect 4,0.3676,,2.75,0.259,2029.429,9.236,,,246.337,-205.184,-2003.946,SAV_SLR_1909,Peter,Pomacentridae,Neoglyphidodon,carlsoni,temp_code_008,1,AD,Passing,,
SAV_SLR_CAM1_left_1909_1.MP4,46325,25.7618,SAV_SLR_Transect 4,0.3676,78.127,4.614,3.146,1974.729,18.096,40.637,3.754,388.859,-474.37,-1877.05,SAV_SLR_1909,Peter,Pomacentridae,Pomacentrus,callainus,temp_code_004,1,AD,Passing,,
SAV_SLR_CAM1_left_1909_1.MP4,46354,25.778,SAV_SLR_Transect 4,0.3837,53.24,1.294,8.793,1617.684,13.943,5.454,10.207,-6.747,-389.741,-1570.018,SAV_SLR_1909,Peter,Pomacentridae,Pomacentrus,callainus,temp_code_004,1,AD,Passing,,
SAV_SLR_CAM1_left_1909_1.MP4,46354,25.778,SAV_SLR_Transect 4,0.3837,,3.068,1.633,2364.131,24.024,,,-957.791,-86.335,-2159.698,SAV_SLR_1909,Peter,Pomacentridae,Pomacentrus,callainus,temp_code_004,1,AD,Passing,,
SAV_SLR_CAM1_left_1909_1.MP4,46354,25.778,SAV_SLR_Transect 4,0.3837,,4.64,1.911,2763.397,13.874,,,-661.162,54.446,-2682.586,SAV_SLR_1909,Peter,Pomacentridae,Pomacentrus,callainus,temp_code_004,1,AD,Passing,,
SAV_SLR_CAM1_left_1909_1.MP4,46399,25.803,SAV_SLR_Transect 4,0.4087,68.315,3.202,2.402,1558.825,21.642,67.658,28.906,416.551,-396.226,-1448.94,SAV_SLR_1909,Peter,Chaetodontidae,Chaetodon,baronessa,37365034,1,AD,Passing,,
SAV_SLR_CAM1_left_1909_1.MP4,46423,25.8163,SAV_SLR_Transect 4,0.4221,128.54,1.166,4.778,1260.045,18.265,9.852,40.068,-246.639,308.42,-1196.561,SAV_SLR_1909,Peter,Pomacentridae,Abudefduf,sexfasciatus,37372011,1,AD,Passing,,
SAV_SLR_CAM1_left_1909_1.MP4,46423,25.8163,SAV_SLR_Transect 4,0.4221,125.982,3.307,3.426,1942.72,23.189,32.073,25.515,-563.344,517.506,-1785.775,SAV_SLR_1909,Peter,Pomacentridae,Abudefduf,sexfasciatus,37372011,1,AD,Passing,,
SAV_SLR_CAM1_left_1909_1.MP4,46423,25.8163,SAV_SLR_Transect 4,0.4221,118.261,4.756,7.308,2156.282,14.951,33.678,17.99,-393.912,392.84,-2083.281,SAV_SLR_1909,Peter,Pomacentridae,Abudefduf,sexfasciatus,37372011,1,AD,Passing,,
SAV_SLR_CAM1_left_1909_1.MP4,46423,25.8163,SAV_SLR_Transect 4,0.4221,136.976,6.281,7.377,2195.71,15.522,44.784,6.518,525.145,263.621,-2115.625,SAV_SLR_1909,Peter,Pomacentridae,Abudefduf,sexfasciatus,37372011,1,AD,Passing,,
SAV_SLR_CAM1_left_1909_1.MP4,46423,25.8163,SAV_SLR_Transect 4,0.4221,188.366,9.576,5.616,2838.602,28.499,77.097,7.976,1304.957,362.668,-2494.639,SAV_SLR_1909,Peter,Pomacentridae,Abudefduf,sexfasciatus,37372011,1,AD,Passing,,
SAV_SLR_CAM1_left_1909_1.MP4,46423,25.8163,SAV_SLR_Transect 4,0.4221,137.75,8.006,12.249,2621.477,23.732,48.869,10.076,848.483,627.014,-2399.807,SAV_SLR_1909,Peter,Pomacentridae,Abudefduf,sexfasciatus,37372011,1,AD,Passing,,
SAV_SLR_CAM1_left_1909_1.MP4,46423,25.8163,SAV_SLR_Transect 4,0.4221,108.983,6.561,8.92,2380.575,16.791,40.61,15.55,201.993,657.373,-2279.078,SAV_SLR_1909,Peter,Pomacentridae,Abudefduf,sexfasciatus,37372011,1,AD,Passing,,
SAV_SLR_CAM1_left_1909_1.MP4,46423,25.8163,SAV_SLR_Transect 4,0.4221,145.862,9.784,10.427,3234.329,19.857,37.105,34.298,-203.509,1079.612,-3042.023,SAV_SLR_1909,Peter,Pomacentridae,Abudefduf,sexfasciatus,37372011,1,AD,Passing,,
SAV_SLR_CAM1_left_1909_1.MP4,46423,25.8163,SAV_SLR_Transect 4,0.4221,110.744,9.288,8.594,4064.265,23.614,15.199,39.763,-872.499,1374.502,-3723.942,SAV_SLR_1909,Peter,Pomacentridae,Abudefduf,sexfasciatus,37372011,1,AD,Passing,,
SAV_SLR_CAM1_left_1909_1.MP4,46423,25.8163,SAV_SLR_Transect 4,0.4221,154.329,5.491,4.1,2127.843,27.162,73.081,10.424,-773.922,587.057,-1893.178,SAV_SLR_1909,Peter,Pomacentridae,Abudefduf,sexfasciatus,37372011,1,AD,Passing,,
SAV_SLR_CAM1_left_1909_1.MP4,46423,25.8163,SAV_SLR_Transect 4,0.4221,,7.577,0.636,3679.41,25.777,,,-1058.604,1212.921,-3308.51,SAV_SLR_1909,Peter,Pomacentridae,Abudefduf,sexfasciatus,37372011,1,AD,Passing,,
SAV_SLR_CAM1_left_1909_1.MP4,46423,25.8163,SAV_SLR_Transect 4,0.4221,,10.486,3.582,4171.917,20.855,,,340.016,1461.225,-3892.827,SAV_SLR_1909,Peter,Pomacentridae,Abudefduf,sexfasciatus,37372011,1,AD,Passing,,
SAV_SLR_CAM1_left_1909_1.MP4,46423,25.8163,SAV_SLR_Transect 4,0.4221,,3.38,3.509,2553.98,29.316,,,1196.05,373.785,-2225.436,SAV_SLR_1909,Peter,Pomacentridae,Abudefduf,sexfasciatus,37372011,1,AD,Passing,,
SAV_SLR_CAM1_left_1909_1.MP4,46423,25.8163,SAV_SLR_Transect 4,0.4221,,6.493,7.429,3232.578,19.246,,,318.557,1028.876,-3047.868,SAV_SLR_1909,Peter,Caesionidae,Caesio,teres,37346037,1,AD,Passing,,
SAV_SLR_CAM1_left_1909_1.MP4,46525,25.8731,SAV_SLR_Transect 4,0.4788,218.196,16.29,5.136,3734.979,7.333,43.641,33.705,466.27,99.27,-3704.43,SAV_SLR_1909,Peter,Scaridae,Scarus,schlegeli,37386029,1,AD,Passing,,
SAV_SLR_CAM1_left_1909_1.MP4,46549,25.8864,SAV_SLR_Transect 4,0.4922,127.221,5.912,7.753,2694.604,20.213,35.093,43.394,760.886,536.536,-2528.65,SAV_SLR_1909,Peter,Pomacentridae,Abudefduf,sexfasciatus,37372011,1,AD,Passing,,
SAV_SLR_CAM1_left_1909_1.MP4,46549,25.8864,SAV_SLR_Transect 4,0.4922,110.522,10.19,18.104,3685.562,29.147,28.717,20.78,1501.651,983.476,-3218.879,SAV_SLR_1909,Peter,Pomacentridae,Abudefduf,sexfasciatus,37372011,1,AD,Passing,,
SAV_SLR_CAM1_left_1909_1.MP4,46586,25.907,SAV_SLR_Transect 4,0.5127,121.25,7.202,5.177,3796.59,20.179,11.958,33.557,243.644,1286.768,-3563.56,SAV_SLR_1909,Peter,Pomacentridae,Abudefduf,sexfasciatus,37372011,1,AD,Passing,,
SAV_SLR_CAM1_left_1909_1.MP4,46623,25.9276,SAV_SLR_Transect 4,0.5333,117.067,10.509,7.13,4235.901,30.823,20.919,31.681,-1812.458,1194.057,-3637.593,SAV_SLR_1909,Peter,Pomacentridae,Chromis,xanthura,37372057,1,AD,Passing,,
SAV_SLR_CAM1_left_1909_1.MP4,46680,25.9593,SAV_SLR_Transect 4,0.565,156.705,5.514,14.094,2763.395,27.333,23.66,18.907,-1091.674,-646.654,-2454.881,SAV_SLR_1909,Peter,Scaridae,Scarus,schlegeli,37386029,1,AD,Passing,IP,double check
SAV_SLR_CAM1_left_1909_1.MP4,46714,25.9782,SAV_SLR_Transect 4,0.5839,160.244,7.764,13.751,2787.372,28.025,66.805,35.574,1135.459,652.624,-2460.54,SAV_SLR_1909,Peter,Pomacentridae,Abudefduf,sexfasciatus,37372011,1,AD,Passing,,
SAV_SLR_CAM1_left_1909_1.MP4,46714,25.9782,SAV_SLR_Transect 4,0.5839,,3.537,0.95,2376.184,23.189,,,459.167,823.876,-2180.973,SAV_SLR_1909,Peter,Pomacentridae,Abudefduf,sexfasciatus,37372011,1,AD,Passing,,
SAV_SLR_CAM1_left_1909_1.MP4,46766,26.0071,SAV_SLR_Transect 4,0.6128,130.997,11.207,13.046,2797.533,19.485,59.739,14.886,-233.174,903.548,-2637.313,SAV_SLR_1909,Peter,Pomacentridae,Abudefduf,sexfasciatus,37372011,1,AD,Passing,,
SAV_SLR_CAM1_left_1909_1.MP4,46783,26.0165,SAV_SLR_Transect 4,0.6223,180.201,9.127,6.664,3708.155,30.845,13.061,7.511,1730.877,-786.562,-3183.676,SAV_SLR_1909,Peter,Labridae,Cheilinus,fasciatus,37384066,1,AD,Passing,,
SAV_SLR_CAM1_left_1909_1.MP4,46903,26.0833,SAV_SLR_Transect 4,0.689,121.778,5.467,5.363,2763.425,27.871,21.844,0.308,-1046.134,757.93,-2442.88,SAV_SLR_1909,Peter,Pomacentridae,Abudefduf,sexfasciatus,37372011,1,AD,Passing,,
SAV_SLR_CAM1_left_1909_1.MP4,46951,26.11,SAV_SLR_Transect 4,0.7157,,12.168,3.639,5110.595,27.843,,,-2288.074,-661.846,-4521.599,SAV_SLR_1909,Peter,Labridae,Hemigymnus,fasciatus,37384124,1,AD,Passing,,
SAV_SLR_CAM1_left_1909_1.MP4,47009,26.1422,SAV_SLR_Transect 4,0.748,152.736,13.244,12.901,4758.813,27.731,0.454,4.434,-2015.694,-916.807,-4212.213,SAV_SLR_1909,Peter,Acanthuridae,Acanthurus,sp,,1,AD,Passing,,
SAV_SLR_CAM1_left_1909_1.MP4,47123,26.2056,SAV_SLR_Transect 4,0.8114,236.039,9.625,3.952,3801.462,25.509,11.632,6.017,-1637.094,12.208,-3430.872,SAV_SLR_1909,Peter,Lutjanidae,Macolor,macularis,37346047,1,AD,Passing,,
SAV_SLR_CAM1_left_1909_1.MP4,47303,26.3057,SAV_SLR_Transect 4,0.9115,39.294,2.946,3.332,2189.321,20.495,16.011,1.63,313.579,-699.46,-2050.743,SAV_SLR_1909,Peter,Labridae,Thalassoma,sp,,1,AD,Passing,,
SAV_SLR_CAM1_left_1909_1.MP4,47313,26.3113,SAV_SLR_Transect 4,0.917,33.253,3.299,1.757,1877.466,27.85,36.819,14.169,651.005,-587.768,-1660,SAV_SLR_1909,Peter,Pomacentridae,Dascyllus,reticulatus,37372074,1,AD,Passing,,
SAV_SLR_CAM1_left_1909_1.MP4,47367,26.3413,SAV_SLR_Transect 4,0.9471,,2.793,0.771,2059.466,17.759,,,195.614,-589.146,-1963.68,SAV_SLR_1909,Peter,Pomacentridae,Dascyllus,aruanus,37372073,1,AD,Passing,,
SAV_SLR_CAM1_left_1909_1.MP4,47371,26.3435,SAV_SLR_Transect 4,0.9493,,3.759,5.604,2418.961,15.555,,,-166.343,-617.743,-2332.83,SAV_SLR_1909,Peter,Pomacentridae,Dascyllus,aruanus,37372073,1,AD,Passing,,
SAV_SLR_CAM1_left_1909_1.MP4,47371,26.3435,SAV_SLR_Transect 4,0.9493,,2.698,2.749,2024.019,18.415,,,202.979,-598.695,-1922.763,SAV_SLR_1909,Peter,Pomacentridae,Dascyllus,aruanus,37372073,1,AD,Passing,,
SAV_SLR_CAM1_left_1909_1.MP4,47393,26.3558,SAV_SLR_Transect 4,0.9615,32.474,3.014,4.784,1817.801,21.376,30.871,6.199,210.264,-628.323,-1692.749,SAV_SLR_1909,Peter,Pomacentridae,Dascyllus,aruanus,37372073,1,AD,Passing,measurement of point,
SAV_SLR_CAM1_left_1909_1.MP4,47431,26.3769,SAV_SLR_Transect 4,0.9826,,5.041,5.48,2808.985,14.739,,,339.244,-618.244,-2719.023,SAV_SLR_1909,Peter,Pomacanthidae,Centropyge,bicolor,37365022,1,AD,Passing,,
SAV_SLR_CAM1_left_1909_1.MP4,47431,26.3769,SAV_SLR_Transect 4,0.9826,,3.953,5.687,2535.689,23.455,,,722.051,-695.984,-2328.941,SAV_SLR_1909,Peter,Pomacanthidae,Centropyge,bicolor,37365022,1,AD,Passing,,
SAV_SLR_CAM1_left_1909_1.MP4,47459,26.3925,SAV_SLR_Transect 4,0.9982,,4.174,8.974,2564.939,14.459,,,-418.608,-474.827,-2485.602,SAV_SLR_1909,Peter,Pomacentridae,Dascyllus,aruanus,37372073,1,AD,Passing,,
SAV_SLR_CAM1_left_1909_1.MP4,47459,26.3925,SAV_SLR_Transect 4,0.9982,,3.058,3.981,2212.971,20.183,,,-565.035,-505.267,-2079.106,SAV_SLR_1909,Peter,Pomacentridae,Dascyllus,aruanus,37372073,1,AD,Passing,,
SAV_SLR_CAM1_left_1909_1.MP4,47459,26.3925,SAV_SLR_Transect 4,0.9982,,4.134,8.794,2589.5,22.491,,,741.503,-647.36,-2395.122,SAV_SLR_1909,Peter,Pomacentridae,Dascyllus,aruanus,37372073,1,AD,Passing,,
SAV_SLR_CAM1_left_1909_1.MP4,47459,26.3925,SAV_SLR_Transect 4,0.9982,,2.825,2.654,2096.383,22.468,,,401.732,-685.478,-1939.987,SAV_SLR_1909,Peter,Pomacentridae,Dascyllus,aruanus,37372073,1,AD,Passing,,
SAV_SLR_CAM1_left_1909_1.MP4,47471,26.3992,SAV_SLR_Transect 4,1.0049,50.506,2.646,12.22,2085.458,22.171,9.988,24.056,-533.55,-578.514,-1931.264,SAV_SLR_1909,Peter,Pomacentridae,Dascyllus,aruanus,37372073,1,AD,Passing,measurement of point,
SAV_SLR_CAM1_left_1909_1.MP4,47642,26.4942,SAV_SLR_Transect 4,1.1,201.313,9.264,16.026,2756.099,27.763,83.402,11.979,1258.762,252.425,-2438.829,SAV_SLR_1909,Peter,Scaridae,Chlorurus,spilurus,temp_code_002,1,AD,Passing,,
SAV_SLR_CAM1_left_1909_1.MP4,47778,26.5699,SAV_SLR_Transect 4,1.1756,94.432,7.199,9.287,2662.738,11.421,33.715,24.685,26.479,-526.623,-2610.008,SAV_SLR_1909,Peter,Balistidae,Sufflamen,chrysopterum,37465079,1,AD,Passing,,
SAV_SLR_CAM1_left_1909_1.MP4,47830,26.5988,SAV_SLR_Transect 4,1.2045,184.782,7.494,9.711,3441.488,20.463,2.701,3.024,1200.419,-81.424,-3224.315,SAV_SLR_1909,Peter,Acanthuridae,Acanthurus,nigrofuscus,37437014,1,AD,Passing,,
SAV_SLR_CAM1_left_1909_1.MP4,47923,26.6505,SAV_SLR_Transect 4,1.2563,54.779,1.915,2.496,1947.466,10.924,2.201,28.245,295.705,-220.845,-1912.174,SAV_SLR_1909,Peter,Pomacentridae,Dascyllus,reticulatus,37372074,1,AD,Passing,,
SAV_SLR_CAM1_left_1909_1.MP4,47923,26.6505,SAV_SLR_Transect 4,1.2563,34.635,2.177,4.304,1839.342,12.113,10.249,14.974,344.427,-174.17,-1798.392,SAV_SLR_1909,Peter,Pomacentridae,Dascyllus,aruanus,37372073,1,AD,Passing,,
SAV_SLR_CAM1_left_1909_1.MP4,47923,26.6505,SAV_SLR_Transect 4,1.2563,,2.838,1.005,2069.627,12.02,,,405.092,-139.14,-2024.82,SAV_SLR_1909,Peter,Pomacentridae,Pomacentrus,maafu,temp_code_005,1,AD,Passing,,
SAV_SLR_CAM1_left_1909_1.MP4,47928,26.6533,SAV_SLR_Transect 4,1.259,143.437,4.639,2.366,2054.857,13.883,56.938,47.584,-318.766,-376.131,-1994.831,SAV_SLR_1909,Peter,Balistidae,Balistapus,undulatus,37465047,1,AD,Passing,,
SAV_SLR_CAM1_left_1909_1.MP4,47958,26.67,SAV_SLR_Transect 4,1.2757,33.802,1.915,6.125,1568.71,11.855,15.19,7.605,303.647,-107.989,-1535.248,SAV_SLR_1909,Peter,Pomacentridae,Dascyllus,reticulatus,37372074,1,AD,Passing,school aa,
SAV_SLR_CAM1_left_1909_1.MP4,47958,26.67,SAV_SLR_Transect 4,1.2757,34.891,2.171,6.247,1601.517,7.751,20.776,8.062,194.099,-94.731,-1586.886,SAV_SLR_1909,Peter,Pomacentridae,Dascyllus,reticulatus,37372074,1,AD,Passing,school aa,
SAV_SLR_CAM1_left_1909_1.MP4,47958,26.67,SAV_SLR_Transect 4,1.2757,,1.79,1.286,1603.1,0.935,,,-16.715,-13.767,-1602.954,SAV_SLR_1909,Peter,Pomacentridae,Dascyllus,reticulatus,37372074,1,AD,Passing,school aa,
SAV_SLR_CAM1_left_1909_1.MP4,47958,26.67,SAV_SLR_Transect 4,1.2757,,1.981,2.333,1694.511,3.901,,,107.805,47.576,-1690.409,SAV_SLR_1909,Peter,Pomacentridae,Dascyllus,reticulatus,37372074,1,AD,Passing,school aa,
SAV_SLR_CAM1_left_1909_1.MP4,47958,26.67,SAV_SLR_Transect 4,1.2757,,1.826,2.585,1617.609,4.954,,,139.391,-2.766,-1611.589,SAV_SLR_1909,Peter,Pomacentridae,Dascyllus,reticulatus,37372074,1,AD,Passing,school aa,
SAV_SLR_CAM1_left_1909_1.MP4,47958,26.67,SAV_SLR_Transect 4,1.2757,,1.976,1.655,1692.261,4.174,,,111.901,-44.769,-1687.963,SAV_SLR_1909,Peter,Pomacentridae,Dascyllus,reticulatus,37372074,1,AD,Passing,school aa,
SAV_SLR_CAM1_left_1909_1.MP4,47958,26.67,SAV_SLR_Transect 4,1.2757,,1.84,2.71,1624.127,5.611,,,146.103,-55.819,-1616.579,SAV_SLR_1909,Peter,Pomacentridae,Dascyllus,reticulatus,37372074,1,AD,Passing,school aa,
SAV_SLR_CAM1_left_1909_1.MP4,47958,26.67,SAV_SLR_Transect 4,1.2757,,1.921,2.364,1663.012,6.375,,,182.501,-21.603,-1652.826,SAV_SLR_1909,Peter,Pomacentridae,Dascyllus,reticulatus,37372074,1,AD,Passing,school aa,
SAV_SLR_CAM1_left_1909_1.MP4,47958,26.67,SAV_SLR_Transect 4,1.2757,,1.803,5.547,1604.684,9.937,,,276.799,-1.787,-1580.63,SAV_SLR_1909,Peter,Pomacentridae,Dascyllus,reticulatus,37372074,1,AD,Passing,school aa,
SAV_SLR_CAM1_left_1909_1.MP4,47958,26.67,SAV_SLR_Transect 4,1.2757,,1.731,3.709,1567.969,9.533,,,247.553,-72.31,-1546.615,SAV_SLR_1909,Peter,Pomacentridae,Dascyllus,reticulatus,37372074,1,AD,Passing,school aa,
SAV_SLR_CAM1_left_1909_1.MP4,47958,26.67,SAV_SLR_Transect 4,1.2757,,1.692,0.798,1547.681,9.397,,,223.64,-111.567,-1527.369,SAV_SLR_1909,Peter,Pomacentridae,Dascyllus,reticulatus,37372074,1,AD,Passing,school aa,
SAV_SLR_CAM1_left_1909_1.MP4,47958,26.67,SAV_SLR_Transect 4,1.2757,,1.73,0.418,1573.53,13.785,,,359.368,-100.852,-1528.621,SAV_SLR_1909,Peter,Pomacentridae,Dascyllus,reticulatus,37372074,1,AD,Passing,school aa,
SAV_SLR_CAM1_left_1909_1.MP4,47958,26.67,SAV_SLR_Transect 4,1.2757,,1.586,0.549,1497.292,13.494,,,341.213,-69.324,-1456.246,SAV_SLR_1909,Peter,Pomacentridae,Dascyllus,reticulatus,37372074,1,AD,Passing,school aa,
SAV_SLR_CAM1_left_1909_1.MP4,47958,26.67,SAV_SLR_Transect 4,1.2757,,1.648,1.362,1528.758,12.749,,,330.886,-59.915,-1491.317,SAV_SLR_1909,Peter,Pomacentridae,Dascyllus,reticulatus,37372074,1,AD,Passing,school aa,
SAV_SLR_CAM1_left_1909_1.MP4,47958,26.67,SAV_SLR_Transect 4,1.2757,,1.761,5.419,1598.769,15.812,,,434.312,-27.728,-1538.397,SAV_SLR_1909,Peter,Pomacentridae,Dascyllus,reticulatus,37372074,1,AD,Passing,school aa,
SAV_SLR_CAM1_left_1909_1.MP4,47958,26.67,SAV_SLR_Transect 4,1.2757,,1.754,1.338,1607.996,17.975,,,495.092,-27.64,-1529.631,SAV_SLR_1909,Peter,Pomacentridae,Dascyllus,reticulatus,37372074,1,AD,Passing,school aa,
SAV_SLR_CAM1_left_1909_1.MP4,47958,26.67,SAV_SLR_Transect 4,1.2757,,1.699,2.626,1582.089,18.36,,,498.26,-2.597,-1501.578,SAV_SLR_1909,Peter,Pomacentridae,Dascyllus,reticulatus,37372074,1,AD,Passing,school aa,
SAV_SLR_CAM1_left_1909_1.MP4,47958,26.67,SAV_SLR_Transect 4,1.2757,,1.842,4.47,1634.76,14.692,,,411.202,59.371,-1581.084,SAV_SLR_1909,Peter,Pomacentridae,Dascyllus,reticulatus,37372074,1,AD,Passing,school aa,
SAV_SLR_CAM1_left_1909_1.MP4,48003,26.695,SAV_SLR_Transect 4,1.3007,,1.028,1.476,1173.247,9.127,,,111.302,-144.569,-1158.974,SAV_SLR_1909,Peter,Pomacentridae,Dascyllus,reticulatus,37372074,1,AD,Passing,school aa,
SAV_SLR_CAM1_left_1909_1.MP4,48003,26.695,SAV_SLR_Transect 4,1.3007,,0.86,3.507,1064.746,15.001,,,204.463,-180.719,-1029.184,SAV_SLR_1909,Peter,Pomacentridae,Dascyllus,reticulatus,37372074,1,AD,Passing,school aa,
SAV_SLR_CAM1_left_1909_1.MP4,48003,26.695,SAV_SLR_Transect 4,1.3007,,0.833,1.383,1053.535,13.206,,,73.385,-225.145,-1026.576,SAV_SLR_1909,Peter,Pomacentridae,Dascyllus,reticulatus,37372074,1,AD,Passing,school aa,
SAV_SLR_CAM1_left_1909_1.MP4,48003,26.695,SAV_SLR_Transect 4,1.3007,,0.946,0.771,1126.316,11.818,,,85.772,-209.759,-1103.282,SAV_SLR_1909,Peter,Pomacentridae,Dascyllus,reticulatus,37372074,1,AD,Passing,school aa,
SAV_SLR_CAM1_left_1909_1.MP4,48003,26.695,SAV_SLR_Transect 4,1.3007,,0.91,0.943,1101.49,10.549,,,54.304,-189.916,-1083.634,SAV_SLR_1909,Peter,Pomacentridae,Dascyllus,reticulatus,37372074,1,AD,Passing,school aa,
SAV_SLR_CAM1_left_1909_1.MP4,48371,26.8997,SAV_SLR_Transect 4,1.5054,225.264,21.13,10.298,3717.428,6.3,50.091,6.648,-334.503,233.456,-3694.98,SAV_SLR_1909,Peter,Scaridae,Scarus,schlegeli,37386029,1,AD,Passing,,
SAV_SLR_CAM1_left_1909_1.MP4,48444,26.9402,SAV_SLR_Transect 4,1.546,223.753,14.793,6.973,4677.883,12.536,18.227,16.773,-1008.303,119.742,-4566.353,SAV_SLR_1909,Peter,Acanthuridae,Ctenochaetus,striatus,37437022,1,AD,Passing,,
SAV_SLR_CAM1_left_1909_1.MP4,48550,26.9992,SAV_SLR_Transect 4,1.6049,222.756,19.8,9.45,3402.812,4.66,59.339,10.19,-275.21,-26.376,-3391.562,SAV_SLR_1909,Peter,Acanthuridae,Acanthurus,auranticavus,37437005,1,AD,Passing,,
SAV_SLR_CAM1_left_1909_1.MP4,48642,27.0504,SAV_SLR_Transect 4,1.6561,178.599,12.489,8.889,2953.356,10.49,49.977,18.65,230.633,-485.742,-2903.993,SAV_SLR_1909,Peter,Acanthuridae,Ctenochaetus,striatus,37437022,1,AD,Passing,,
SAV_SLR_CAM1_left_1909_1.MP4,48689,27.0765,SAV_SLR_Transect 4,1.6822,,4.468,4.619,2705.366,18.234,,,-682.568,-490.491,-2571.483,SAV_SLR_1909,Peter,Labridae,Thalassoma,sp,,1,AD,Passing,,
SAV_SLR_CAM1_left_1909_1.MP4,48855,27.1688,SAV_SLR_Transect 4,1.7746,,5.757,0.425,3034.309,13.966,,,-328.964,-642.609,-2947.179,SAV_SLR_1909,Peter,Pomacentridae,Dascyllus,aruanus,37372073,1,AD,Passing,,
SAV_SLR_CAM1_left_1909_1.MP4,48855,27.1688,SAV_SLR_Transect 4,1.7746,,5.725,5.528,3036.033,15.906,,,-503.589,-650.791,-2922.39,SAV_SLR_1909,Peter,Pomacentridae,Dascyllus,aruanus,37372073,1,AD,Passing,,
SAV_SLR_CAM1_left_1909_1.MP4,48855,27.1688,SAV_SLR_Transect 4,1.7746,,5.699,7.405,3102.474,21.063,,,-834.669,-727.846,-2898.088,SAV_SLR_1909,Peter,Pomacentridae,Dascyllus,aruanus,37372073,1,AD,Passing,,
SAV_SLR_CAM1_left_1909_1.MP4,48891,27.1888,SAV_SLR_Transect 4,1.7946,,4.577,5.781,2724.145,18.502,,,-610.481,-601.822,-2585.748,SAV_SLR_1909,Peter,Pomacentridae,Dascyllus,aruanus,37372073,1,AD,Passing,,
SAV_SLR_CAM1_left_1909_1.MP4,48891,27.1888,SAV_SLR_Transect 4,1.7946,,4.458,4.085,2697.379,19.434,,,-644.956,-614.027,-2546.145,SAV_SLR_1909,Peter,Pomacentridae,Dascyllus,aruanus,37372073,1,AD,Passing,,
SAV_SLR_CAM1_left_1909_1.MP4,48891,27.1888,SAV_SLR_Transect 4,1.7946,,3.343,8.26,2309.068,20.314,,,-500.763,-617.403,-2167.912,SAV_SLR_1909,Peter,Pomacentridae,Dascyllus,aruanus,37372073,1,AD,Passing,,
SAV_SLR_CAM1_left_1909_1.MP4,48910,27.1994,SAV_SLR_Transect 4,1.8051,,4.371,13.634,2890.165,28.128,,,-1135.338,-743.236,-2551.796,SAV_SLR_1909,Peter,Pomacentridae,Dascyllus,aruanus,37372073,1,AD,Passing,,
SAV_SLR_CAM1_left_1909_1.MP4,48910,27.1994,SAV_SLR_Transect 4,1.8051,,5.069,6.856,3066.96,25.173,,,-1155.753,-594.06,-2778.052,SAV_SLR_1909,Peter,Pomacentridae,Dascyllus,aruanus,37372073,1,AD,Passing,,
SAV_SLR_CAM1_left_1909_1.MP4,48921,27.2055,SAV_SLR_Transect 4,1.8113,,11.444,12.556,4432.001,17.94,,,-1111.237,-776.243,-4219.625,SAV_SLR_1909,Peter,Serranidae,Cephalopholis,sp,,1,AD,Passing,,
SAV_SLR_CAM1_left_1909_1.MP4,48921,27.2055,SAV_SLR_Transect 4,1.8113,,4.659,14.159,2942.384,25.89,,,-1116.563,-625.079,-2649.564,SAV_SLR_1909,Peter,Pomacentridae,Dascyllus,aruanus,37372073,1,AD,Passing,,
SAV_SLR_CAM1_left_1909_1.MP4,48935,27.2133,SAV_SLR_Transect 4,1.819,155.9,10.095,2.307,4400.465,14.591,13.872,30.371,-772.357,-795.247,-4258.538,SAV_SLR_1909,Peter,Scaridae,Chlorurus,sp,,1,AD,Passing,,
SAV_SLR_CAM1_left_1909_1.MP4,48946,27.2194,SAV_SLR_Transect 4,1.8252,37.508,2.926,10.308,2005.217,21.051,22.763,26.949,-267.3,-668.835,-1871.391,SAV_SLR_1909,Peter,Pomacentridae,Dascyllus,aruanus,37372073,1,AD,Passing,measurement of poinr,
SAV_SLR_CAM1_left_1909_1.MP4,48946,27.2194,SAV_SLR_Transect 4,1.8252,35.329,3.3,8.997,2148.854,21.713,22.187,26.227,-374.95,-701.014,-1996.388,SAV_SLR_1909,Peter,Pomacentridae,Dascyllus,aruanus,37372073,1,AD,Passing,measurement of poinr,
SAV_SLR_CAM1_left_1909_1.MP4,49050,27.2772,SAV_SLR_Transect 4,1.883,162.261,10.744,6.517,3546.029,9.901,24.884,12.897,-567.283,-223.466,-3493.218,SAV_SLR_1909,Peter,Acanthuridae,Acanthurus,sp,,1,AD,Passing,,
SAV_SLR_CAM1_left_1909_1.MP4,49050,27.2772,SAV_SLR_Transect 4,1.883,193.758,10.975,4.229,3364.522,10.144,27.947,7.086,570.226,-161.19,-3311.928,SAV_SLR_1909,Peter,Acanthuridae,Acanthurus,sp,,1,AD,Passing,,
SAV_SLR_CAM1_left_1909_1.MP4,49050,27.2772,SAV_SLR_Transect 4,1.883,85.464,3.937,6.69,2692.277,10.894,16.253,45.134,309.724,-403.675,-2643.761,SAV_SLR_1909,Peter,Pomacanthidae,Centropyge,bicolor,37365022,1,AD,Passing,,
SAV_SLR_CAM1_left_1909_1.MP4,49078,27.2928,SAV_SLR_Transect 4,1.8986,,2.743,6.752,2245.125,27.23,,,-910.557,-467.709,-1998.179,SAV_SLR_1909,Peter,Acanthuridae,Zebrasoma,scopas,37437036,1,AD,Passing,,
SAV_SLR_CAM1_left_1909_1.MP4,49104,27.3073,SAV_SLR_Transect 4,1.913,142.388,8.075,9.407,4800.363,6.804,5.682,0.181,-568.183,-25.106,-4766.553,SAV_SLR_1909,Peter,Acanthuridae,Acanthurus,auranticavus,37437005,1,AD,Passing,,
SAV_SLR_CAM1_left_1909_1.MP4,49104,27.3073,SAV_SLR_Transect 4,1.913,64.253,2.959,5.647,2130.244,21.062,6.513,19.023,-689.5,-332.699,-1987.924,SAV_SLR_1909,Peter,Pomacentridae,Pomacentrus,callainus,temp_code_004,1,AD,Passing,,
SAV_SLR_CAM1_left_1909_1.MP4,49104,27.3073,SAV_SLR_Transect 4,1.913,,6.934,1.905,3402.303,13.37,,,-717.988,-308.523,-3311.34,SAV_SLR_1909,Peter,Acanthuridae,Zebrasoma,scopas,37437036,1,AD,Passing,,
SAV_SLR_CAM1_left_1909_1.MP4,49163,27.3401,SAV_SLR_Transect 4,1.9458,59.13,1.167,11.161,1492.281,15.708,0.626,10.995,-115.934,-387.023,-1436.549,SAV_SLR_1909,Peter,Pomacentridae,Pomacentrus,nigromarginatus,37372121,1,AD,Passing,,
SAV_SLR_CAM1_left_1909_1.MP4,49241,27.3835,SAV_SLR_Transect 4,1.9892,98.792,7.564,6.19,2734.415,26.388,76.716,38.597,1212.334,-85.069,-2449.497,SAV_SLR_1909,Peter,Scaridae,Chlorurus,spilurus,temp_code_002,1,AD,Passing,,
SAV_SLR_CAM1_left_1909_1.MP4,49432,27.4897,SAV_SLR_Transect 4,2.0954,,9.543,1.831,4712.008,29.484,,,-2316.637,-91.229,-4102.181,SAV_SLR_1909,Peter,Balistidae,Balistapus,undulatus,37465047,1,AD,Passing,,
SAV_SLR_CAM1_left_1909_1.MP4,49533,27.5459,SAV_SLR_Transect 4,2.1516,69.693,1.887,10.221,1347.437,13.863,39.234,37.118,-223.423,-233.04,-1308.19,SAV_SLR_1909,Peter,Pomacentridae,Pomacentrus,vaiuli,37372126,1,AD,Passing,,
SAV_SLR_CAM1_left_1909_1.MP4,49580,27.572,SAV_SLR_Transect 4,2.1777,223.36,19.736,5.273,5311.62,7.773,18.649,2.199,706.823,-128.563,-5262.811,SAV_SLR_1909,Peter,Acanthuridae,Acanthurus,auranticavus,37437005,1,AD,Passing,,
SAV_SLR_CAM1_left_1909_1.MP4,49661,27.617,SAV_SLR_Transect 4,2.2228,182.004,12.402,14.232,6239.033,10.407,2.788,11.062,-896.726,682.714,-6136.393,SAV_SLR_1909,Peter,Acanthuridae,Acanthurus,auranticavus,37437005,1,AD,Passing,,
SAV_SLR_CAM1_left_1909_1.MP4,49958,27.7822,SAV_SLR_Transect 4,2.3879,,12.667,2.524,4944.107,21.003,,,-1770.49,-55.69,-4615.891,SAV_SLR_1909,Peter,Acanthuridae,Acanthurus,sp,,1,AD,Passing,,
SAV_SLR_CAM1_left_1909_1.MP4,50224,27.9301,SAV_SLR_Transect 4,2.5359,,10.468,0.262,4137.145,18.545,,,917.164,-927.977,-3926.02,SAV_SLR_1909,Peter,Acanthuridae,Acanthurus,sp,,1,AD,Passing,,
SAV_SLR_CAM1_left_1909_1.MP4,50224,27.9301,SAV_SLR_Transect 4,2.5359,,10.441,3.276,4117.196,15.928,,,765.732,-815.103,-3962.393,SAV_SLR_1909,Peter,Acanthuridae,Ctenochaetus,sp,,1,AD,Passing,,
SAV_SLR_CAM1_left_1909_1.MP4,50246,27.9424,SAV_SLR_Transect 4,2.5481,107.775,6.492,7.862,3322.961,16.468,9.835,7.881,826.833,-451.302,-3186.651,SAV_SLR_1909,Peter,Pomacentridae,Dascyllus,trimaculatus,37372075,1,AD,Passing,,
SAV_SLR_CAM1_left_1909_1.MP4,50302,27.9735,SAV_SLR_Transect 4,2.5792,195.559,9.676,9.586,2692.634,7.507,44.067,18.723,203.431,-286.998,-2669.555,SAV_SLR_1909,Peter,Acanthuridae,Acanthurus,auranticavus,37437005,1,AD,Passing,,
SAV_SLR_CAM1_left_1909_1.MP4,50335,27.9919,SAV_SLR_Transect 4,2.5976,85.797,6.028,12.934,2317.773,21.369,57.796,35.422,807.312,-247.953,-2158.434,SAV_SLR_1909,Peter,Pomacentridae,Pomacentrus,brachialis,37372109,1,AD,Passing,,
SAV_SLR_CAM1_left_1909_1.MP4,57860,32.1766,SAV_SLR_Transect 5,0.3909,196.605,4.898,10.328,4558.471,6.558,1.916,5.889,293.431,-430.062,-4528.643,SAV_SLR_1909,Peter,Acanthuridae,Acanthurus,auranticavus,37437005,1,AD,Passing,,
SAV_SLR_CAM1_left_1909_1.MP4,57860,32.1766,SAV_SLR_Transect 5,0.3909,239.243,10.951,8.242,4650.683,3.873,13.094,4.88,253.628,-185.276,-4640.064,SAV_SLR_1909,Peter,Acanthuridae,Acanthurus,auranticavus,37437005,1,AD,Passing,,
SAV_SLR_CAM1_left_1909_1.MP4,57860,32.1766,SAV_SLR_Transect 5,0.3909,,10.83,1.713,4252.24,9.32,,,593.895,-331.903,-4197.461,SAV_SLR_1909,Peter,Acanthuridae,Acanthurus,sp,,1,AD,Passing,,
SAV_SLR_CAM1_left_1909_1.MP4,57860,32.1766,SAV_SLR_Transect 5,0.3909,,12.218,3.894,4595.572,4.839,,,83.707,-360.391,-4580.654,SAV_SLR_1909,Peter,Mullidae,Parupeneus,crassilabris,37355023,1,AD,Passing,,
SAV_SLR_CAM1_left_1909_1.MP4,57943,32.2227,SAV_SLR_Transect 5,0.4371,194.786,7.46,14.705,2936.125,24.842,43.49,37.34,1216.362,204.926,-2664.451,SAV_SLR_1909,Peter,Acanthuridae,Acanthurus,sp,,1,AD,Passing,,
SAV_SLR_CAM1_left_1909_1.MP4,58183,32.3562,SAV_SLR_Transect 5,0.5706,153.648,4.734,6.77,2855.038,22.474,4.843,21.866,-955.783,-526.876,-2638.204,SAV_SLR_1909,Peter,Acanthuridae,Ctenochaetus,striatus,37437022,1,AD,Passing,measurement of point,
SAV_SLR_CAM1_left_1909_1.MP4,58241,32.3885,SAV_SLR_Transect 5,0.6028,116.202,3.608,7.271,2077.445,20.389,26.921,24.423,-586.598,-423.952,-1947.291,SAV_SLR_1909,Peter,Acanthuridae,Ctenochaetus,striatus,37437022,1,AD,Passing,,
SAV_SLR_CAM1_left_1909_1.MP4,58241,32.3885,SAV_SLR_Transect 5,0.6028,117.44,2.824,5.843,2324.797,16.114,4.773,26.41,-489.034,-420.915,-2233.463,SAV_SLR_1909,Peter,Acanthuridae,Ctenochaetus,striatus,37437022,1,AD,Passing,,
SAV_SLR_CAM1_left_1909_1.MP4,58338,32.4424,SAV_SLR_Transect 5,0.6568,125.399,5.137,3.744,2360.977,19.002,29.135,18.68,648.226,-413.232,-2232.32,SAV_SLR_1909,Peter,Acanthuridae,Acanthurus,sp,,1,AD,Passing,,
SAV_SLR_CAM1_left_1909_1.MP4,58338,32.4424,SAV_SLR_Transect 5,0.6568,172.293,15.077,11.005,3192.06,18.999,62.487,6.586,948.201,-425.2,-3018.172,SAV_SLR_1909,Peter,Acanthuridae,Ctenochaetus,striatus,37437022,1,AD,Passing,,
SAV_SLR_CAM1_left_1909_1.MP4,58338,32.4424,SAV_SLR_Transect 5,0.6568,,5.995,2.453,3127.256,14.512,,,753.511,-203.278,-3028.305,SAV_SLR_1909,Peter,Acanthuridae,Ctenochaetus,binotatus,37437021,1,AD,Passing,,
SAV_SLR_CAM1_left_1909_1.MP4,58338,32.4424,SAV_SLR_Transect 5,0.6568,214.855,8.473,5.672,2936.261,29.968,80.747,33.794,1337.321,-602.358,-2543.691,SAV_SLR_1909,Peter,Scaridae,Scarus,schlegeli,37386029,1,AD,Passing,,
SAV_SLR_CAM1_left_1909_1.MP4,58355,32.4519,SAV_SLR_Transect 5,0.6662,66.754,4.127,6.179,1957.868,10.6,32.624,6.583,-169.925,-317.553,-1924.457,SAV_SLR_1909,Peter,Pomacentridae,Neoglyphidodon,carlsoni,temp_code_008,1,AD,Passing,,
SAV_SLR_CAM1_left_1909_1.MP4,58441,32.4997,SAV_SLR_Transect 5,0.714,,11.579,4.843,4877.114,28.282,,,2239.818,585.361,-4292.646,SAV_SLR_1909,Peter,Mullidae,Parupeneus,crassilabris,37355023,1,AD,Passing,,
SAV_SLR_CAM1_left_1909_1.MP4,58637,32.6087,SAV_SLR_Transect 5,0.823,51.819,3.909,8.726,1883.753,23.309,39.842,2.201,738.561,100.506,-1730.015,SAV_SLR_1909,Peter,Blenniidae,Plagiotremus,flavus,temp_code_003,1,AD,Passing,,
SAV_SLR_CAM1_left_1909_1.MP4,58818,32.7093,SAV_SLR_Transect 5,0.9237,,10.321,5.967,4186.797,5.921,,,430.058,-23.016,-4164.588,SAV_SLR_1909,Peter,Labridae,Thalassoma,sp,,1,AD,Passing,,
SAV_SLR_CAM1_left_1909_1.MP4,58818,32.7093,SAV_SLR_Transect 5,0.9237,,8.992,0.323,3875.819,8.305,,,557.748,-32.97,-3835.336,SAV_SLR_1909,Peter,Acanthuridae,Zebrasoma,scopas,37437036,1,AD,Passing,,
SAV_SLR_CAM1_left_1909_1.MP4,58836,32.7194,SAV_SLR_Transect 5,0.9337,,10.217,9.474,4111.884,10.656,,,645.052,-386.44,-4042.544,SAV_SLR_1909,Peter,Lethrinidae,Monotaxis,grandoculis,37351026,1,AD,Passing,,
SAV_SLR_CAM1_left_1909_1.MP4,58971,32.7944,SAV_SLR_Transect 5,1.0088,160.714,4.195,10.415,2815.662,16.606,14.13,2.176,188.245,-782.379,-2698.221,SAV_SLR_1909,Peter,Scaridae,Chlorurus,spilurus,temp_code_002,1,AD,Passing,,
SAV_SLR_CAM1_left_1909_1.MP4,58971,32.7944,SAV_SLR_Transect 5,1.0088,131.672,10.987,8.611,2896.779,17.874,50.689,19.108,555.563,-694.174,-2756.955,SAV_SLR_1909,Peter,Scaridae,Chlorurus,spilurus,temp_code_002,1,AD,Passing,,
SAV_SLR_CAM1_left_1909_1.MP4,59003,32.8122,SAV_SLR_Transect 5,1.0266,110.904,4.122,19.046,3759.089,10.763,1.519,18.794,321.319,-624.179,-3692.953,SAV_SLR_1909,Peter,Chaetodontidae,Chaetodon,rafflesii,37365052,1,AD,Passing,,
SAV_SLR_CAM1_left_1909_1.MP4,59003,32.8122,SAV_SLR_Transect 5,1.0266,,9.344,2.794,3900.137,11.605,,,403.092,-657.923,-3823.052,SAV_SLR_1909,Peter,Chaetodontidae,Chaetodon,rafflesii,37365052,1,AD,Passing,,
SAV_SLR_CAM1_left_1909_1.MP4,59003,32.8122,SAV_SLR_Transect 5,1.0266,219.292,6.482,15.586,3074.605,5.718,53.994,66.797,-302.624,47.339,-3059.31,SAV_SLR_1909,Peter,Scaridae,Scarus,schlegeli,37386029,1,AD,Passing,,
SAV_SLR_CAM1_left_1909_1.MP4,59028,32.8261,SAV_SLR_Transect 5,1.0405,53.837,2.668,2.338,1753.095,23.011,24.145,14.729,-632.055,264.86,-1613.597,SAV_SLR_1909,Peter,Pomacentridae,Dascyllus,reticulatus,37372074,1,AD,Passing,,
SAV_SLR_CAM1_left_1909_1.MP4,59039,32.8322,SAV_SLR_Transect 5,1.0466,236.562,15.372,3.475,4657.509,24.903,15.354,0.195,1876.59,-569.772,-4224.472,SAV_SLR_1909,Peter,Labridae,Hemigymnus,fasciatus,37384124,1,AD,Passing,,
SAV_SLR_CAM1_left_1909_1.MP4,59059,32.8434,SAV_SLR_Transect 5,1.0577,,11.289,0.467,4776.492,26.615,,,2118.457,-284.585,-4271.537,SAV_SLR_1909,Peter,Acanthuridae,Zebrasoma,velifer,37437037,1,AD,Passing,,
SAV_SLR_CAM1_left_1909_1.MP4,59139,32.8879,SAV_SLR_Transect 5,1.1022,,9.425,2.869,3946.184,9.114,,,475.215,-390.595,-3897.945,SAV_SLR_1909,Peter,Lethrinidae,Monotaxis,grandoculis,37351026,1,AD,Passing,,
SAV_SLR_CAM1_left_1909_1.MP4,59149,32.8934,SAV_SLR_Transect 5,1.1078,149.084,1.299,4.608,1371.685,23.584,11.22,15.766,-287.017,-467.758,-1257.117,SAV_SLR_1909,Peter,Scaridae,Chlorurus,spilurus,temp_code_002,1,AD,Passing,,
SAV_SLR_CAM1_left_1909_1.MP4,59269,32.9601,SAV_SLR_Transect 5,1.1745,242.394,18.038,8.811,3867.909,26.81,80.163,19.192,1700.633,-388.911,-3452.146,SAV_SLR_1909,Peter,Scaridae,Scarus,oviceps,37386022,1,AD,Passing,,
SAV_SLR_CAM1_left_1909_1.MP4,59269,32.9601,SAV_SLR_Transect 5,1.1745,176.235,5.925,8.668,4168.628,3.135,7.69,5.163,96.62,206.453,-4162.391,SAV_SLR_1909,Peter,Scaridae,Scarus,dimidiatus,37386013,1,F,Passing,,
SAV_SLR_CAM1_left_1909_1.MP4,59514,33.0964,SAV_SLR_Transect 5,1.3108,,8.065,0.873,4254.94,28.622,,,-2036.752,93.419,-3734.626,SAV_SLR_1909,Peter,Acanthuridae,Acanthurus,auranticavus,37437005,1,AD,Passing,,
SAV_SLR_CAM1_left_1909_1.MP4,59515,33.097,SAV_SLR_Transect 5,1.3113,203.302,6.405,18.213,2865.736,11.018,21.926,16.495,-488.121,-248.369,-2812.915,SAV_SLR_1909,Peter,Scaridae,Chlorurus,bleekeri,37386011,1,AD,Passing,,
SAV_SLR_CAM1_left_1909_1.MP4,59639,33.1659,SAV_SLR_Transect 5,1.3803,,12.353,0.04,5068.985,29.085,,,2359.463,-692.764,-4432.564,SAV_SLR_1909,Peter,Acanthuridae,Ctenochaetus,striatus,37437022,1,AD,Passing,,
SAV_SLR_CAM1_left_1909_1.MP4,59657,33.1759,SAV_SLR_Transect 5,1.3903,168.407,12.392,8.791,3413.22,23.665,44.901,20.54,1073.613,-851.031,-3126.208,SAV_SLR_1909,Peter,Balistidae,Balistapus,undulatus,37465047,1,AD,Passing,,
SAV_SLR_CAM1_left_1909_1.MP4,59683,33.1904,SAV_SLR_Transect 5,1.4047,195.531,15.378,7.236,4932.877,28.108,7.74,15.474,2215.471,-702.022,-4351.106,SAV_SLR_1909,Peter,Acanthuridae,Ctenochaetus,striatus,37437022,1,AD,Passing,,
SAV_SLR_CAM1_left_1909_1.MP4,59728,33.2154,SAV_SLR_Transect 5,1.4298,,6.837,0.386,3856.216,30.842,,,1942.759,-353.034,-3312.319,SAV_SLR_1909,Peter,Pomacanthidae,Centropyge,heraldi,37385027,1,AD,Passing,,
SAV_SLR_CAM1_left_1909_1.MP4,59841,33.2782,SAV_SLR_Transect 5,1.4926,47.934,1.958,5.35,1666.717,18.436,11.826,35.968,509.522,-134.929,-1581.179,SAV_SLR_1909,Peter,Pomacentridae,Pomacentrus,maafu,temp_code_005,1,AD,Passing,,
SAV_SLR_CAM1_left_1909_1.MP4,59944,33.3355,SAV_SLR_Transect 5,1.5499,126.31,12.046,4.205,3761.64,17.751,28.653,22.114,-1097.098,334.103,-3582.554,SAV_SLR_1909,Peter,Nemipteridae,Scolopsis,bilineata,37347031,1,AD,Passing,,
SAV_SLR_CAM1_left_1909_1.MP4,60128,33.4378,SAV_SLR_Transect 5,1.6522,122.241,2.862,14.395,2394.488,13.708,1.094,14.535,-468.765,-319.772,-2326.28,SAV_SLR_1909,Peter,Nemipteridae,Scolopsis,bilineata,37347031,1,AD,Passing,,
SAV_SLR_CAM1_left_1909_1.MP4,60139,33.444,SAV_SLR_Transect 5,1.6583,,2.081,4.749,1771.785,19.094,,,-230.79,-525.01,-1676.402,SAV_SLR_1909,Peter,Pomacanthidae,Centropyge,bicolor,37365022,1,AD,Passing,,
SAV_SLR_CAM1_left_1909_1.MP4,60139,33.444,SAV_SLR_Transect 5,1.6583,,1.384,7.079,1431.136,21.526,,,-298.999,-426.396,-1333.017,SAV_SLR_1909,Peter,Pomacentridae,Dascyllus,aruanus,37372073,1,AD,Passing,,
SAV_SLR_CAM1_left_1909_1.MP4,60139,33.444,SAV_SLR_Transect 5,1.6583,,1.234,8.047,1353.034,22.963,,,-328.391,-408.33,-1247.448,SAV_SLR_1909,Peter,Pomacentridae,Dascyllus,aruanus,37372073,1,AD,Passing,,
SAV_SLR_CAM1_left_1909_1.MP4,60344,33.558,SAV_SLR_Transect 5,1.7723,58.28,4.177,9.669,1719.439,11.369,53.459,24.404,81.122,-329.085,-1685.702,SAV_SLR_1909,Peter,Pomacentridae,Chromis,viridis,37372053,1,AD,Passing,,
SAV_SLR_CAM1_left_1909_1.MP4,60403,33.5908,SAV_SLR_Transect 5,1.8051,,12.021,5.394,5057.324,28.258,,,2389.599,168.79,-4453.97,SAV_SLR_1909,Peter,Scaridae,Scarus,sp,,1,AD,Passing,,
SAV_SLR_CAM1_left_1909_1.MP4,60403,33.5908,SAV_SLR_Transect 5,1.8051,,11.045,5.145,4776.574,27.1,,,2175.903,30.152,-4252.081,SAV_SLR_1909,Peter,Scaridae,Scarus,sp,,1,AD,Passing,,
SAV_SLR_CAM1_left_1909_1.MP4,60447,33.6152,SAV_SLR_Transect 5,1.8296,,6.933,10.215,3764.643,27.83,,,1757.487,27.363,-3329.118,SAV_SLR_1909,Peter,Chaetodontidae,Chaetodon,sp,,1,AD,Passing,,
SAV_SLR_CAM1_left_1909_1.MP4,60510,33.6503,SAV_SLR_Transect 5,1.8646,192.23,10.604,14.684,3592.517,24.124,23.591,6.643,1462.285,-132.691,-3278.764,SAV_SLR_1909,Peter,Acanthuridae,Acanthurus,auranticavus,37437005,1,AD,Passing,,
SAV_SLR_CAM1_left_1909_1.MP4,60956,33.8983,SAV_SLR_Transect 5,2.1127,266.08,23.678,8.339,4523.17,27.762,89.983,2.709,-2101.057,-156.887,-4002.501,SAV_SLR_1909,Peter,Acanthuridae,Acanthurus,auranticavus,37437005,1,AD,Passing,,
SAV_SLR_CAM1_left_1909_1.MP4,60956,33.8983,SAV_SLR_Transect 5,2.1127,,20.247,5.245,6014.849,12.147,,,-1262.247,-69.952,-5880.497,SAV_SLR_1909,Peter,Acanthuridae,Acanthurus,sp,,1,AD,Passing,,
SAV_SLR_CAM1_left_1909_1.MP4,61145,34.0034,SAV_SLR_Transect 5,2.2178,,6.032,1.546,3132.878,6.296,,,125.755,-307.366,-3115.227,SAV_SLR_1909,Peter,Acanthuridae,Acanthurus,sp,,1,AD,Passing,,
SAV_SLR_CAM1_left_1909_1.MP4,61145,34.0034,SAV_SLR_Transect 5,2.2178,199.958,8.913,7.123,3432.766,23.046,20.625,7.775,-1332.281,-175.895,-3158.793,SAV_SLR_1909,Peter,Mullidae,Parupeneus,multifasciatus,37355026,1,AD,Passing,,
SAV_SLR_CAM1_left_1909_1.MP4,61145,34.0034,SAV_SLR_Transect 5,2.2178,137.412,5.288,10.593,3240.817,7.82,11.233,3.92,336.542,-284.958,-3210.675,SAV_SLR_1909,Peter,Scaridae,Scarus,schlegeli,37386029,1,AD,Passing,,
SAV_SLR_CAM1_left_1909_1.MP4,61163,34.0134,SAV_SLR_Transect 5,2.2278,,0.939,5.719,1131.408,14.596,,,-73.878,-271.044,-1095.975,SAV_SLR_1909,Peter,Pomacentridae,Dascyllus,reticulatus,37372074,1,AD,Passing,,
SAV_SLR_CAM1_left_1909_1.MP4,61182,34.024,SAV_SLR_Transect 5,2.2383,,4.941,4.19,2851.925,21.602,,,861.202,-590.112,-2653.973,SAV_SLR_1909,Peter,Pomacentridae,Dascyllus,aruanus,37372073,1,AD,Passing,,
SAV_SLR_CAM1_left_1909_1.MP4,61182,34.024,SAV_SLR_Transect 5,2.2383,73.623,5.81,5.972,2888.146,28.329,10.158,9.213,1293.199,-453.899,-2542.243,SAV_SLR_1909,Peter,Labridae,Halichoeres,prosopeion,37384120,1,AD,Passing,,
SAV_SLR_CAM1_left_1909_1.MP4,61182,34.024,SAV_SLR_Transect 5,2.2383,123.019,7.219,8.147,3357.35,22.519,8.015,0.085,-1241.627,-334.286,-3101.357,SAV_SLR_1909,Peter,Nemipteridae,Scolopsis,bilineata,37347031,1,AD,Passing,,
SAV_SLR_CAM1_left_1909_1.MP4,61222,34.0462,SAV_SLR_Transect 5,2.2606,173.824,13.482,6.682,2867.47,18.029,79.836,6.675,-646.83,-607.636,-2726.678,SAV_SLR_1909,Peter,Scaridae,Scarus,sp,,1,AD,Passing,,
SAV_SLR_CAM1_left_1909_1.MP4,61248,34.0607,SAV_SLR_Transect 5,2.2751,45.456,1.568,5.326,1966.678,7.805,0.127,8.675,47.297,-262.872,-1948.457,SAV_SLR_1909,Peter,Pomacentridae,Dascyllus,aruanus,37372073,1,AD,Passing,,
SAV_SLR_CAM1_left_1909_1.MP4,61262,34.0685,SAV_SLR_Transect 5,2.2828,129.579,2.902,4.445,1909.557,18.383,24.626,2.969,-37.057,-601.072,-1812.112,SAV_SLR_1909,Peter,Acanthuridae,Ctenochaetus,sp,,1,AD,Passing,,
SAV_SLR_CAM1_left_1909_1.MP4,61274,34.0752,SAV_SLR_Transect 5,2.2895,31.571,1.334,5.285,1595.514,10.073,3.366,26.482,99.052,-260.895,-1570.919,SAV_SLR_1909,Peter,Pomacentridae,Dascyllus,aruanus,37372073,1,AD,Passing,,
SAV_SLR_CAM1_left_1909_1.MP4,61274,34.0752,SAV_SLR_Transect 5,2.2895,,2.025,2.524,1712.377,10.419,,,218.214,-213.042,-1685.002,SAV_SLR_1909,Peter,Pomacentridae,Dascyllus,aruanus,37372073,1,AD,Passing,,
SAV_SLR_CAM1_left_1909_1.MP4,61286,34.0818,SAV_SLR_Transect 5,2.2962,,1.466,3.784,1430.947,6.85,,,87.035,-141.166,-1421.304,SAV_SLR_1909,Peter,Pomacentridae,Chromis,viridis,37372053,1,AD,Passing,,
SAV_SLR_CAM1_left_1909_1.MP4,61286,34.0818,SAV_SLR_Transect 5,2.2962,,1.465,3.367,1430.034,7.426,,,111.808,-141.55,-1418.612,SAV_SLR_1909,Peter,Pomacentridae,Chromis,viridis,37372053,1,AD,Passing,,
SAV_SLR_CAM1_left_1909_1.MP4,61286,34.0818,SAV_SLR_Transect 5,2.2962,,1.415,0.658,1401.982,8.664,,,138.804,-153.691,-1386.602,SAV_SLR_1909,Peter,Pomacentridae,Chromis,viridis,37372053,1,AD,Passing,,
SAV_SLR_CAM1_left_1909_1.MP4,61286,34.0818,SAV_SLR_Transect 5,2.2962,,1.385,2.204,1386.436,7.899,,,99.951,-156.765,-1373.914,SAV_SLR_1909,Peter,Pomacentridae,Chromis,viridis,37372053,1,AD,Passing,,
SAV_SLR_CAM1_left_1909_1.MP4,61286,34.0818,SAV_SLR_Transect 5,2.2962,,1.357,1.34,1371.329,8.722,,,101.062,-176.351,-1356.182,SAV_SLR_1909,Peter,Pomacentridae,Chromis,viridis,37372053,1,AD,Passing,,
SAV_SLR_CAM1_left_1909_1.MP4,61286,34.0818,SAV_SLR_Transect 5,2.2962,,1.549,0.598,1475.186,11.103,,,191.876,-203.755,-1448.392,SAV_SLR_1909,Peter,Pomacentridae,Chromis,viridis,37372053,1,AD,Passing,,
SAV_SLR_CAM1_left_1909_1.MP4,61286,34.0818,SAV_SLR_Transect 5,2.2962,,1.614,1.091,1508.769,11.769,,,235.678,-192.023,-1477.825,SAV_SLR_1909,Peter,Pomacentridae,Chromis,viridis,37372053,1,AD,Passing,,
SAV_SLR_CAM1_left_1909_1.MP4,61286,34.0818,SAV_SLR_Transect 5,2.2962,,1.57,0.01,1485.425,11.721,,,236.174,-182.067,-1455.185,SAV_SLR_1909,Peter,Pomacentridae,Chromis,viridis,37372053,1,AD,Passing,,
SAV_SLR_CAM1_left_1909_1.MP4,61286,34.0818,SAV_SLR_Transect 5,2.2962,,1.509,1.044,1452.461,8.669,,,162.161,-141.397,-1436.438,SAV_SLR_1909,Peter,Pomacentridae,Chromis,viridis,37372053,1,AD,Passing,,
SAV_SLR_CAM1_left_1909_1.MP4,61286,34.0818,SAV_SLR_Transect 5,2.2962,,1.742,3.236,1574.409,11.399,,,259.891,-165,-1544.019,SAV_SLR_1909,Peter,Pomacentridae,Chromis,viridis,37372053,1,AD,Passing,,
SAV_SLR_CAM1_left_1909_1.MP4,61286,34.0818,SAV_SLR_Transect 5,2.2962,,1.588,0.901,1494.026,10.565,,,234.689,-135.471,-1469.245,SAV_SLR_1909,Peter,Pomacentridae,Chromis,viridis,37372053,1,AD,Passing,,
SAV_SLR_CAM1_left_1909_1.MP4,61286,34.0818,SAV_SLR_Transect 5,2.2962,,1.506,0.496,1449.962,10.121,,,215.903,-129.624,-1427.926,SAV_SLR_1909,Peter,Pomacentridae,Chromis,viridis,37372053,1,AD,Passing,,
SAV_SLR_CAM1_left_1909_1.MP4,61286,34.0818,SAV_SLR_Transect 5,2.2962,,1.725,0.449,1565.427,8.554,,,183.777,-136.859,-1548.567,SAV_SLR_1909,Peter,Pomacentridae,Chromis,viridis,37372053,1,AD,Passing,,
SAV_SLR_CAM1_left_1909_1.MP4,61286,34.0818,SAV_SLR_Transect 5,2.2962,,1.545,2.389,1471.542,7.746,,,157.454,-114.819,-1458.581,SAV_SLR_1909,Peter,Pomacentridae,Chromis,viridis,37372053,1,AD,Passing,,
SAV_SLR_CAM1_left_1909_1.MP4,61286,34.0818,SAV_SLR_Transect 5,2.2962,,1.663,2.522,1533.621,7.541,,,164.019,-110.632,-1520.807,SAV_SLR_1909,Peter,Pomacentridae,Chromis,viridis,37372053,1,AD,Passing,,
SAV_SLR_CAM1_left_1909_1.MP4,61286,34.0818,SAV_SLR_Transect 5,2.2962,,1.57,0.566,1486.985,5.459,,,86.922,-105.743,-1480.671,SAV_SLR_1909,Peter,Pomacentridae,Chromis,viridis,37372053,1,AD,Passing,,
SAV_SLR_CAM1_left_1909_1.MP4,61286,34.0818,SAV_SLR_Transect 5,2.2962,,1.531,4.98,1466.682,4.967,,,67.837,-101.571,-1461.587,SAV_SLR_1909,Peter,Pomacentridae,Chromis,viridis,37372053,1,AD,Passing,,
SAV_SLR_CAM1_left_1909_1.MP4,61286,34.0818,SAV_SLR_Transect 5,2.2962,,1.696,1.254,1551.252,6.083,,,138.939,-81.74,-1542.854,SAV_SLR_1909,Peter,Pomacentridae,Chromis,viridis,37372053,1,AD,Passing,,
SAV_SLR_CAM1_left_1909_1.MP4,61286,34.0818,SAV_SLR_Transect 5,2.2962,,1.761,2.37,1584.181,6.119,,,161.599,-42.763,-1575.337,SAV_SLR_1909,Peter,Pomacentridae,Chromis,viridis,37372053,1,AD,Passing,,
SAV_SLR_CAM1_left_1909_1.MP4,61286,34.0818,SAV_SLR_Transect 5,2.2962,,1.737,0.247,1571.58,6.307,,,161.944,-53.622,-1562.294,SAV_SLR_1909,Peter,Pomacentridae,Chromis,viridis,37372053,1,AD,Passing,,
SAV_SLR_CAM1_left_1909_1.MP4,61286,34.0818,SAV_SLR_Transect 5,2.2962,,1.588,1.246,1494.391,6.335,,,154.981,-50.404,-1485.478,SAV_SLR_1909,Peter,Pomacentridae,Chromis,viridis,37372053,1,AD,Passing,,
SAV_SLR_CAM1_left_1909_1.MP4,61286,34.0818,SAV_SLR_Transect 5,2.2962,,1.611,0.857,1506.172,6.723,,,164.919,-56.432,-1496.052,SAV_SLR_1909,Peter,Pomacentridae,Chromis,viridis,37372053,1,AD,Passing,,
SAV_SLR_CAM1_left_1909_1.MP4,61286,34.0818,SAV_SLR_Transect 5,2.2962,,1.609,4.017,1504.649,8.306,,,207.26,-59.594,-1489.114,SAV_SLR_1909,Peter,Pomacentridae,Chromis,viridis,37372053,1,AD,Passing,,
SAV_SLR_CAM1_left_1909_1.MP4,61286,34.0818,SAV_SLR_Transect 5,2.2962,,1.62,1.024,1510.559,7.977,,,196.824,-66.247,-1496.216,SAV_SLR_1909,Peter,Pomacentridae,Chromis,viridis,37372053,1,AD,Passing,,
SAV_SLR_CAM1_left_1909_1.MP4,61286,34.0818,SAV_SLR_Transect 5,2.2962,,1.599,0.266,1499.619,7.203,,,172.012,-70.015,-1488.075,SAV_SLR_1909,Peter,Pomacentridae,Chromis,viridis,37372053,1,AD,Passing,,
SAV_SLR_CAM1_left_1909_1.MP4,61286,34.0818,SAV_SLR_Transect 5,2.2962,,1.601,3.453,1500.437,8.24,,,196.896,-80.576,-1485.278,SAV_SLR_1909,Peter,Pomacentridae,Chromis,viridis,37372053,1,AD,Passing,,
SAV_SLR_CAM1_left_1909_1.MP4,61286,34.0818,SAV_SLR_Transect 5,2.2962,,1.692,1.618,1547.74,9.581,,,244.274,-75.759,-1526.463,SAV_SLR_1909,Peter,Pomacentridae,Chromis,viridis,37372053,1,AD,Passing,,
SAV_SLR_CAM1_left_1909_1.MP4,61286,34.0818,SAV_SLR_Transect 5,2.2962,,1.659,0.405,1530.829,8.616,,,208.753,-88.927,-1513.919,SAV_SLR_1909,Peter,Pomacentridae,Chromis,viridis,37372053,1,AD,Passing,,
SAV_SLR_CAM1_left_1909_1.MP4,61286,34.0818,SAV_SLR_Transect 5,2.2962,,1.71,0.548,1556.882,9.73,,,244.557,-90.998,-1534.86,SAV_SLR_1909,Peter,Pomacentridae,Chromis,viridis,37372053,1,AD,Passing,,
SAV_SLR_CAM1_left_1909_1.MP4,61286,34.0818,SAV_SLR_Transect 5,2.2962,,1.813,0.447,1609.566,9.966,,,262.694,-86.351,-1585.635,SAV_SLR_1909,Peter,Pomacentridae,Chromis,viridis,37372053,1,AD,Passing,,
SAV_SLR_CAM1_left_1909_1.MP4,61286,34.0818,SAV_SLR_Transect 5,2.2962,,1.727,1.765,1565.847,9.489,,,235.564,-99.442,-1544.829,SAV_SLR_1909,Peter,Pomacentridae,Chromis,viridis,37372053,1,AD,Passing,,
SAV_SLR_CAM1_left_1909_1.MP4,61286,34.0818,SAV_SLR_Transect 5,2.2962,,1.738,1.462,1571.539,10.416,,,262.859,-101.721,-1546.057,SAV_SLR_1909,Peter,Pomacentridae,Chromis,viridis,37372053,1,AD,Passing,,
SAV_SLR_CAM1_left_1909_1.MP4,61286,34.0818,SAV_SLR_Transect 5,2.2962,,1.716,0.67,1560.521,8.555,,,197.02,-116.637,-1543.634,SAV_SLR_1909,Peter,Pomacentridae,Chromis,viridis,37372053,1,AD,Passing,,
SAV_SLR_CAM1_left_1909_1.MP4,61286,34.0818,SAV_SLR_Transect 5,2.2962,,1.587,3.89,1504.531,11.946,,,-52.171,-301.178,-1473.154,SAV_SLR_1909,Peter,Pomacentridae,Chromis,viridis,37372053,1,AD,Passing,,
SAV_SLR_CAM1_left_1909_1.MP4,61286,34.0818,SAV_SLR_Transect 5,2.2962,,1.484,0.642,1451.257,12.656,,,-42.453,-309.499,-1417.235,SAV_SLR_1909,Peter,Pomacentridae,Chromis,viridis,37372053,1,AD,Passing,,
SAV_SLR_CAM1_left_1909_1.MP4,61286,34.0818,SAV_SLR_Transect 5,2.2962,,1.629,0.237,1529.975,13.533,,,-67.084,-345.788,-1488.876,SAV_SLR_1909,Peter,Pomacentridae,Chromis,viridis,37372053,1,AD,Passing,,
SAV_SLR_CAM1_left_1909_1.MP4,61286,34.0818,SAV_SLR_Transect 5,2.2962,,1.471,4.042,1449.128,14.535,,,-79.614,-349.303,-1404.144,SAV_SLR_1909,Peter,Pomacentridae,Chromis,viridis,37372053,1,AD,Passing,,
SAV_SLR_CAM1_left_1909_1.MP4,61286,34.0818,SAV_SLR_Transect 5,2.2962,,1.459,1.151,1439.54,13.369,,,-13.185,-327.045,-1401.835,SAV_SLR_1909,Peter,Pomacentridae,Chromis,viridis,37372053,1,AD,Passing,,
SAV_SLR_CAM1_left_1909_1.MP4,61286,34.0818,SAV_SLR_Transect 5,2.2962,,1.446,1.066,1431.911,13.454,,,7.029,-327.562,-1393.923,SAV_SLR_1909,Peter,Pomacentridae,Chromis,viridis,37372053,1,AD,Passing,,
SAV_SLR_CAM1_left_1909_1.MP4,61286,34.0818,SAV_SLR_Transect 5,2.2962,,1.38,2.769,1398.624,14.674,,,32.508,-347.427,-1354.396,SAV_SLR_1909,Peter,Pomacentridae,Chromis,viridis,37372053,1,AD,Passing,,
SAV_SLR_CAM1_left_1909_1.MP4,61286,34.0818,SAV_SLR_Transect 5,2.2962,,1.413,5.102,1415.335,14.533,,,58.995,-344.79,-1371.427,SAV_SLR_1909,Peter,Pomacentridae,Chromis,viridis,37372053,1,AD,Passing,,
SAV_SLR_CAM1_left_1909_1.MP4,61286,34.0818,SAV_SLR_Transect 5,2.2962,,1.434,3.386,1424.957,14.55,,,104.886,-336.802,-1380.604,SAV_SLR_1909,Peter,Pomacentridae,Chromis,viridis,37372053,1,AD,Passing,,
SAV_SLR_CAM1_left_1909_1.MP4,61286,34.0818,SAV_SLR_Transect 5,2.2962,,1.418,5.981,1415.08,14.525,,,122.47,-327.674,-1371.161,SAV_SLR_1909,Peter,Pomacentridae,Chromis,viridis,37372053,1,AD,Passing,,
SAV_SLR_CAM1_left_1909_1.MP4,61286,34.0818,SAV_SLR_Transect 5,2.2962,,1.419,3.032,1420.801,15.225,,,66.279,-361.737,-1372.381,SAV_SLR_1909,Peter,Pomacentridae,Chromis,viridis,37372053,1,AD,Passing,,
SAV_SLR_CAM1_left_1909_1.MP4,61286,34.0818,SAV_SLR_Transect 5,2.2962,,1.375,1.735,1398.058,15.45,,,40.529,-364.885,-1348.994,SAV_SLR_1909,Peter,Pomacentridae,Chromis,viridis,37372053,1,AD,Passing,,
SAV_SLR_CAM1_left_1909_1.MP4,61286,34.0818,SAV_SLR_Transect 5,2.2962,,1.407,6.554,1417.963,16.105,,,44.439,-385.426,-1363.851,SAV_SLR_1909,Peter,Pomacentridae,Chromis,viridis,37372053,1,AD,Passing,,
SAV_SLR_CAM1_left_1909_1.MP4,61286,34.0818,SAV_SLR_Transect 5,2.2962,,1.392,2.046,1408.691,16.11,,,71.665,-378.891,-1354.886,SAV_SLR_1909,Peter,Pomacentridae,Chromis,viridis,37372053,1,AD,Passing,,
SAV_SLR_CAM1_left_1909_1.MP4,61286,34.0818,SAV_SLR_Transect 5,2.2962,,1.385,1.943,1403.5,16.229,,,97.092,-374.701,-1349.069,SAV_SLR_1909,Peter,Pomacentridae,Chromis,viridis,37372053,1,AD,Passing,,
SAV_SLR_CAM1_left_1909_1.MP4,61286,34.0818,SAV_SLR_Transect 5,2.2962,,1.338,4.385,1378.183,16.912,,,128.027,-374.687,-1320.078,SAV_SLR_1909,Peter,Pomacentridae,Chromis,viridis,37372053,1,AD,Passing,,
SAV_SLR_CAM1_left_1909_1.MP4,61286,34.0818,SAV_SLR_Transect 5,2.2962,,1.282,0.315,1344.715,16.837,,,140.048,-358.353,-1288.499,SAV_SLR_1909,Peter,Pomacentridae,Chromis,viridis,37372053,1,AD,Passing,,
SAV_SLR_CAM1_left_1909_1.MP4,61286,34.0818,SAV_SLR_Transect 5,2.2962,,1.368,0.391,1389.904,16.043,,,157.14,-345.2,-1337.153,SAV_SLR_1909,Peter,Pomacentridae,Chromis,viridis,37372053,1,AD,Passing,,
SAV_SLR_CAM1_left_1909_1.MP4,61286,34.0818,SAV_SLR_Transect 5,2.2962,,1.422,0.113,1424.659,17.816,,,189.746,-387.054,-1357.881,SAV_SLR_1909,Peter,Pomacentridae,Chromis,viridis,37372053,1,AD,Passing,,
SAV_SLR_CAM1_left_1909_1.MP4,61286,34.0818,SAV_SLR_Transect 5,2.2962,,1.401,1.237,1410.877,17.181,,,183.216,-368.991,-1349.389,SAV_SLR_1909,Peter,Pomacentridae,Chromis,viridis,37372053,1,AD,Passing,,
SAV_SLR_CAM1_left_1909_1.MP4,61286,34.0818,SAV_SLR_Transect 5,2.2962,,1.335,3.011,1379.375,17.429,,,114.129,-391.85,-1317.613,SAV_SLR_1909,Peter,Pomacentridae,Chromis,viridis,37372053,1,AD,Passing,,
SAV_SLR_CAM1_left_1909_1.MP4,61286,34.0818,SAV_SLR_Transect 5,2.2962,,1.401,3.097,1422.432,19.109,,,149.429,-435.705,-1345.788,SAV_SLR_1909,Peter,Pomacentridae,Chromis,viridis,37372053,1,AD,Passing,,
SAV_SLR_CAM1_left_1909_1.MP4,61286,34.0818,SAV_SLR_Transect 5,2.2962,,1.351,4.968,1395.079,18.758,,,107.261,-430.367,-1322.696,SAV_SLR_1909,Peter,Pomacentridae,Chromis,viridis,37372053,1,AD,Passing,,
SAV_SLR_CAM1_left_1909_1.MP4,61286,34.0818,SAV_SLR_Transect 5,2.2962,,1.407,2.678,1423.934,19.413,,,196.488,-425.236,-1344.677,SAV_SLR_1909,Peter,Pomacentridae,Chromis,viridis,37372053,1,AD,Passing,,
SAV_SLR_CAM1_left_1909_1.MP4,61286,34.0818,SAV_SLR_Transect 5,2.2962,,1.307,2.019,1366.691,18.523,,,138.937,-406.199,-1297.515,SAV_SLR_1909,Peter,Pomacentridae,Chromis,viridis,37372053,1,AD,Passing,,
SAV_SLR_CAM1_left_1909_1.MP4,61286,34.0818,SAV_SLR_Transect 5,2.2962,,1.38,3.232,1405.404,17.941,,,140.401,-404.221,-1338.676,SAV_SLR_1909,Peter,Pomacentridae,Chromis,viridis,37372053,1,AD,Passing,,
SAV_SLR_CAM1_left_1909_1.MP4,61286,34.0818,SAV_SLR_Transect 5,2.2962,,1.71,4.592,1557.351,10.54,,,258.331,-114.032,-1531.537,SAV_SLR_1909,Peter,Pomacentridae,Dascyllus,reticulatus,37372074,1,AD,Passing,,
SAV_SLR_CAM1_left_1909_1.MP4,61286,34.0818,SAV_SLR_Transect 5,2.2962,,1.818,1.546,1611.824,7.743,,,200.326,-77.476,-1597.449,SAV_SLR_1909,Peter,Pomacentridae,Dascyllus,reticulatus,37372074,1,AD,Passing,,
SAV_SLR_CAM1_left_1909_1.MP4,61286,34.0818,SAV_SLR_Transect 5,2.2962,,1.536,2.234,1467.858,6.44,,,112.249,-114.67,-1459.061,SAV_SLR_1909,Peter,Pomacentridae,Dascyllus,reticulatus,37372074,1,AD,Passing,,
SAV_SLR_CAM1_left_1909_1.MP4,61342,34.113,SAV_SLR_Transect 5,2.3273,,1.006,1.132,1201.841,23.048,,,209.185,-417.068,-1107.573,SAV_SLR_1909,Peter,Pomacentridae,Dascyllus,aruanus,37372073,1,AD,Passing,,
SAV_SLR_CAM1_left_1909_1.MP4,61373,34.1302,SAV_SLR_Transect 5,2.3446,149.035,6.151,10.022,2843.996,20.22,24.354,10.48,350.111,-918.487,-2668.73,SAV_SLR_1909,Peter,Mullidae,Parupeneus,barberinoides,37355021,1,AD,Passing,,
SAV_SLR_CAM1_left_1909_1.MP4,61425,34.1591,SAV_SLR_Transect 5,2.3735,,19.846,3.653,5923.212,20.866,,,1913.453,-866.73,-5538.223,SAV_SLR_1909,Peter,Acanthuridae,Acanthurus,sp,,1,AD,Passing,.,
SAV_SLR_CAM1_left_1909_1.MP4,61425,34.1591,SAV_SLR_Transect 5,2.3735,,7.236,0.817,3481.157,18.011,,,-838.325,-661.985,-3313.222,SAV_SLR_1909,Peter,Scaridae,Scarus,sp,,1,AD,Passing,,
SAV_SLR_CAM1_left_1909_1.MP4,61497,34.1992,SAV_SLR_Transect 5,2.4135,146.898,9.594,9.537,4035.173,20.63,1.107,6.312,-1416.351,-123.29,-3776.422,SAV_SLR_1909,Peter,Acanthuridae,Ctenochaetus,striatus,37437022,1,AD,Passing,,
SAV_SLR_CAM1_left_1909_1.MP4,61522,34.2131,SAV_SLR_Transect 5,2.4274,,9.251,15.517,3906.04,12.588,,,762.131,-364.168,-3813.619,SAV_SLR_1909,Peter,Acanthuridae,Ctenochaetus,binotatus,37437021,1,AD,Passing,,
SAV_SLR_CAM1_left_1909_1.MP4,61522,34.2131,SAV_SLR_Transect 5,2.4274,,16.509,4.962,5608.614,25.419,,,2249.062,-838.688,-5069.011,SAV_SLR_1909,Peter,Scaridae,Scarus,schlegeli,37386029,1,AD,Passing,,
SAV_SLR_CAM1_left_1909_1.MP4,61584,34.2475,SAV_SLR_Transect 5,2.4619,,9.324,1.217,4006.486,1.598,,,-19.003,-94.247,-4005.332,SAV_SLR_1909,Peter,Chaetodontidae,Chaetodon,lunulatus,37365059,1,AD,Passing,,
SAV_SLR_CAM1_left_1909_1.MP4,61584,34.2475,SAV_SLR_Transect 5,2.4619,,10.053,7.236,4148.932,7.069,,,-509.404,-18.207,-4117.501,SAV_SLR_1909,Peter,Chaetodontidae,Chaetodon,lunulatus,37365059,1,AD,Passing,,
SAV_SLR_CAM1_left_1909_1.MP4,61648,34.2831,SAV_SLR_Transect 5,2.4975,,4.459,3.783,2687.08,12.923,,,-570.005,-179.96,-2619.754,SAV_SLR_1909,Peter,Chaetodontidae,Chaetodon,baronessa,37365034,1,AD,Passing,,
SAV_SLR_CAM1_left_1909_1.MP4,61661,34.2904,SAV_SLR_Transect 5,2.5047,92.997,7.442,5.133,2781.932,29.945,46.072,1.683,1261.014,-581.567,-2410.553,SAV_SLR_1909,Peter,Pomacanthidae,Centropyge,bicolor,37365022,1,AD,Passing,,
SAV_SLR_CAM1_left_1909_1.MP4,61677,34.2993,SAV_SLR_Transect 5,2.5136,,5.155,4.934,2896.185,17.629,,,801.501,-345.331,-2761.563,SAV_SLR_1909,Peter,Pomacentridae,Pomacentrus,callainus,temp_code_004,1,AD,Passing,,
SAV_SLR_CAM1_left_1909_1.MP4,61692,34.3076,SAV_SLR_Transect 5,2.522,195.946,5.754,10.764,3388.232,6.304,12.269,3.222,-196.097,-316.192,-3367.742,SAV_SLR_1909,Peter,Acanthuridae,Acanthurus,auranticavus,37437005,1,AD,Passing,,
SAV_SLR_CAM1_left_1909_1.MP4,61726,34.3265,SAV_SLR_Transect 5,2.5409,113.432,3.134,5.016,1919.402,16.879,25.355,20.472,-398.085,-389.999,-1836.719,SAV_SLR_1909,Peter,Chaetodontidae,Chaetodon,ulietensis,37365060,1,AD,Passing,,
SAV_SLR_CAM1_left_1909_1.MP4,61782,34.3577,SAV_SLR_Transect 5,2.572,,2.558,3.426,1955.746,10.382,,,-10.823,-344.651,-1925.108,SAV_SLR_1909,Peter,Pomacanthidae,Centropyge,bicolor,37365022,1,AD,Passing,,
SAV_SLR_CAM1_left_1909_1.MP4,61839,34.3894,SAV_SLR_Transect 5,2.6037,104.107,2.833,1.363,1827.197,22.258,19.132,2.328,-681.168,122.575,-1691.046,SAV_SLR_1909,Peter,Acanthuridae,Zebrasoma,scopas,37437036,1,AD,Passing,,
SAV_SLR_CAM1_left_1909_1.MP4,61861,34.4016,SAV_SLR_Transect 5,2.6159,,3.085,3.109,2168.738,5.933,,,181.695,-122.736,-2157.625,SAV_SLR_1909,Peter,Pomacanthidae,Centropyge,bicolor,37365022,1,AD,Passing,,
SAV_SLR_CAM1_left_1909_1.MP4,61861,34.4016,SAV_SLR_Transect 5,2.6159,,3.935,1.312,2478.174,10.191,,,433.39,-56.978,-2439.319,SAV_SLR_1909,Peter,Pomacentridae,Pomacentrus,callainus,temp_code_004,1,AD,Passing,,
SAV_SLR_CAM1_left_1909_1.MP4,61861,34.4016,SAV_SLR_Transect 5,2.6159,,1.717,2.867,1560.773,7.668,,,194.683,-67.823,-1547.098,SAV_SLR_1909,Peter,Pomacentridae,Pomacentrus,callainus,temp_code_004,1,AD,Passing,,
SAV_SLR_CAM1_left_1909_1.MP4,61901,34.4238,SAV_SLR_Transect 5,2.6382,169.431,11.29,9.776,3047.993,10.605,38.932,8.536,-490.568,-271.981,-2995.936,SAV_SLR_1909,Peter,Acanthuridae,Acanthurus,nigrofuscus,37437014,1,AD,Passing,,
SAV_SLR_CAM1_left_1909_1.MP4,61914,34.4311,SAV_SLR_Transect 5,2.6454,,1.311,3.317,1389.757,21.559,,,94.115,-496.811,-1294.506,SAV_SLR_1909,Peter,Pomacentridae,Pomacentrus,moluccensis,37372118,1,AD,Passing,,
SAV_SLR_CAM1_left_1909_1.MP4,61933,34.4416,SAV_SLR_Transect 5,2.656,113.17,3.58,11.807,1780.393,24.824,48.897,0.968,-608.111,-434.626,-1615.89,SAV_SLR_1909,Peter,Acanthuridae,Ctenochaetus,binotatus,37437021,1,AD,Passing,,
SAV_SLR_CAM1_left_1909_1.MP4,61933,34.4416,SAV_SLR_Transect 5,2.656,65.774,2.729,9.923,2181.13,22.99,1.948,18.873,-602.742,-602.012,-2007.887,SAV_SLR_1909,Peter,Labridae,Stethojulis,sp,,1,AD,Passing,,
SAV_SLR_CAM1_left_1909_1.MP4,61950,34.4511,SAV_SLR_Transect 5,2.6654,127.36,2.265,7.406,2167.671,13.493,5.334,33.95,-269.601,-427.926,-2107.841,SAV_SLR_1909,Peter,Acanthuridae,Ctenochaetus,binotatus,37437021,1,AD,Passing,,
SAV_SLR_CAM1_left_1909_1.MP4,61950,34.4511,SAV_SLR_Transect 5,2.6654,52.674,3.123,7.667,1810.958,17.017,30.195,1.346,100.067,-520.468,-1731.666,SAV_SLR_1909,Peter,Pomacentridae,Pomacentrus,moluccensis,37372118,1,AD,Passing,,
SAV_SLR_CAM1_left_1909_1.MP4,61950,34.4511,SAV_SLR_Transect 5,2.6654,53.235,3.705,11.524,2170.146,14.968,22.601,11.836,223.135,-514.186,-2096.511,SAV_SLR_1909,Peter,Pomacentridae,Pomacentrus,moluccensis,37372118,1,AD,Passing,,
SAV_SLR_CAM1_left_1909_1.MP4,62016,34.4878,SAV_SLR_Transect 5,2.7021,115.19,7.754,14.253,2402.305,24.437,81.602,19.804,-671.529,-732.618,-2187.096,SAV_SLR_1909,Peter,Scaridae,Scarus,globiceps,37386018,1,AD,Passing,IP,
SAV_SLR_CAM1_left_1909_1.MP4,62067,34.5161,SAV_SLR_Transect 5,2.7305,,6.574,6.295,3271.01,7.984,,,109.255,-428.146,-3241.027,SAV_SLR_1909,Peter,Mullidae,Parupeneus,barberinus,37355022,1,AD,Passing,,
SAV_SLR_CAM1_left_1909_1.MP4,62096,34.5323,SAV_SLR_Transect 5,2.7466,,8.856,3.395,4010.998,21.047,,,-1344.234,532.517,-3741.332,SAV_SLR_1909,Peter,Pomacentridae,Pomacentrus,sp,,1,AD,Passing,,
SAV_SLR_CAM1_left_1909_1.MP4,62096,34.5323,SAV_SLR_Transect 5,2.7466,,8.628,2.927,3824.568,6.506,,,-429.695,-41.019,-3800.131,SAV_SLR_1909,Peter,Scaridae,Scarus,schlegeli,37386029,1,AD,Passing,,
SAV_SLR_CAM1_left_1909_1.MP4,62171,34.574,SAV_SLR_Transect 5,2.7883,,7.889,1.328,3558.426,17.743,,,642.92,-859.868,-3392.591,SAV_SLR_1909,Peter,Acanthuridae,Acanthurus,nigrofuscus,37437014,1,AD,Passing,,
SAV_SLR_CAM1_left_1909_1.MP4,62237,34.6107,SAV_SLR_Transect 5,2.825,,11.416,0.123,4417.258,6.339,,,-104.384,-458.967,-4392.109,SAV_SLR_1909,Peter,Scaridae,Scarus,schlegeli,37386029,1,AD,Passing,,
SAV_SLR_CAM1_left_1909_1.MP4,62252,34.619,SAV_SLR_Transect 5,2.8334,93.166,3.208,7.449,2479.477,17.433,11.099,15.415,-347.11,-656.738,-2365.59,SAV_SLR_1909,Peter,Mullidae,Parupeneus,barberinus,37355022,1,AD,Passing,,
SAV_SLR_CAM1_left_1909_1.MP4,62282,34.6357,SAV_SLR_Transect 5,2.8501,107.921,5.631,7.696,3895.435,6.814,7.029,0.156,-363.616,-285.342,-3867.916,SAV_SLR_1909,Peter,Acanthuridae,Acanthurus,sp,,1,AD,Passing,,
SAV_SLR_CAM1_left_1909_1.MP4,62282,34.6357,SAV_SLR_Transect 5,2.8501,,6.748,1.108,3338.915,5.352,,,21.54,-297.509,-3325.564,SAV_SLR_1909,Peter,Acanthuridae,Acanthurus,sp,,1,AD,Passing,,
SAV_SLR_CAM1_left_1909_1.MP4,62331,34.663,SAV_SLR_Transect 5,2.8773,113.529,7.777,7.608,3877.845,17.926,7.915,25.667,-1051.261,-565.188,-3689.592,SAV_SLR_1909,Peter,Acanthuridae,Zebrasoma,scopas,37437036,1,AD,Passing,,
SAV_SLR_CAM1_left_1909_1.MP4,62331,34.663,SAV_SLR_Transect 5,2.8773,,8.247,3.519,3715.456,14.107,,,-770.784,-461.063,-3605.264,SAV_SLR_1909,Peter,Acanthuridae,Zebrasoma,scopas,37437036,1,AD,Passing,,
SAV_SLR_CAM1_left_1909_1.MP4,62394,34.698,SAV_SLR_Transect 5,2.9124,103.36,7.764,10.912,2486.514,11.293,39.814,1.625,121.917,-471.403,-2438.374,SAV_SLR_1909,Peter,Acanthuridae,Ctenochaetus,striatus,37437022,1,AD,Passing,,
SAV_SLR_CAM1_left_1909_1.MP4,62429,34.7175,SAV_SLR_Transect 5,2.9318,,7.06,3.49,3536.807,17.659,,,-1072.495,-15.882,-3370.239,SAV_SLR_1909,Peter,Pomacentridae,Pomacentrus,philippinus,37372123,1,AD,Passing,,
