Filename,Frame,Time (mins),Period,Period time (mins),Length (mm),Precision (mm),RMS (mm),Range (mm),Direction (deg),Horz. Dir. (deg),Vert. Dir. (deg),Mid X (mm),Mid Y (mm),Mid Z (mm),OpCode,TapeReader,Family,Genus,Species,Code,Number,Stage,Activity,Comment
GX010042_L.MP4,16301,9.0652,YA_COW_Transect 1,0.2675,182.982,14.635,3.249,3086.861,13.696,58.535,0.454,-703.473,198.182,-2999.093,YA_COW,Peter,Caesionidae,Pterocaesio,tile,37346063,1,AD,Passing,
GX010042_L.MP4,16301,9.0652,YA_COW_Transect 1,0.2675,190.735,12.359,3.961,3017.522,19.36,56.097,1.383,-908.726,418.119,-2846.899,YA_COW,Peter,Caesionidae,Pterocaesio,tile,37346063,1,AD,Passing,
GX010042_L.MP4,16301,9.0652,YA_COW_Transect 1,0.2675,150.706,9.345,2.021,2692.056,24.434,66.483,6.749,-1107.152,-119.045,-2450.96,YA_COW,Peter,Caesionidae,Pterocaesio,tile,37346063,1,AD,Passing,
GX010042_L.MP4,16301,9.0652,YA_COW_Transect 1,0.2675,,10.67,0.582,4293.96,3.658,,,256.923,92.544,-4285.267,YA_COW,Peter,Caesionidae,Pterocaesio,tile,37346063,1,AD,Passing,
GX010042_L.MP4,16301,9.0652,YA_COW_Transect 1,0.2675,,7.978,1.257,3690.355,2.24,,,-95.082,106.319,-3687.598,YA_COW,Peter,Caesionidae,Pterocaesio,tile,37346063,1,AD,Passing,
GX010042_L.MP4,16301,9.0652,YA_COW_Transect 1,0.2675,,7.591,0.951,3592.144,2.971,,,-177.598,-57.917,-3587.283,YA_COW,Peter,Caesionidae,Pterocaesio,tile,37346063,1,AD,Passing,
GX010042_L.MP4,16301,9.0652,YA_COW_Transect 1,0.2675,,8.776,1.993,3880.424,4.513,,,-304.916,-17.64,-3868.386,YA_COW,Peter,Caesionidae,Pterocaesio,tile,37346063,1,AD,Passing,
GX010042_L.MP4,16301,9.0652,YA_COW_Transect 1,0.2675,,6.494,0.965,3289.199,6.377,,,-340.707,-133.809,-3268.768,YA_COW,Peter,Caesionidae,Pterocaesio,tile,37346063,1,AD,Passing,
GX010042_L.MP4,16301,9.0652,YA_COW_Transect 1,0.2675,,7.538,0.444,3560.074,7.416,,,-420.662,-187.021,-3530.183,YA_COW,Peter,Caesionidae,Pterocaesio,tile,37346063,1,AD,Passing,
GX010042_L.MP4,16301,9.0652,YA_COW_Transect 1,0.2675,,14.391,7.722,5063.369,1.754,,,145.469,-56.459,-5060.964,YA_COW,Peter,Caesionidae,Pterocaesio,tile,37346063,1,AD,Passing,
GX010042_L.MP4,16301,9.0652,YA_COW_Transect 1,0.2675,,12.998,1.315,4795.236,1.823,,,99.274,-118.575,-4792.742,YA_COW,Peter,Caesionidae,Pterocaesio,tile,37346063,1,AD,Passing,
GX010042_L.MP4,16301,9.0652,YA_COW_Transect 1,0.2675,,3.924,6.397,2726.591,27.125,,,-1229.581,181.625,-2426.817,YA_COW,Peter,Caesionidae,Pterocaesio,tile,37346063,1,AD,Passing,
GX010042_L.MP4,16345,9.0896,YA_COW_Transect 1,0.292,65.127,5.317,5.233,2390.05,23.077,35.119,21.628,-782.33,-515.352,-2198.797,YA_COW,Peter,Chaetodontidae,Chaetodon,baronessa,37365034,1,AD,Passing,
GX010042_L.MP4,16358,9.0969,YA_COW_Transect 1,0.2992,190.715,8.941,4.107,2574.791,24.65,73.148,0.402,-1032.775,294.238,-2340.16,YA_COW,Peter,Caesionidae,Pterocaesio,tile,37346063,1,AD,Passing,
GX010042_L.MP4,16358,9.0969,YA_COW_Transect 1,0.2992,181.195,6.936,3.61,2294.551,25.237,69.473,0.925,-955.094,211.864,-2075.542,YA_COW,Peter,Caesionidae,Pterocaesio,tile,37346063,1,AD,Passing,
GX010042_L.MP4,16358,9.0969,YA_COW_Transect 1,0.2992,182.231,6.553,2.024,2186.739,21.271,60.853,1.491,-787.192,98.33,-2037.765,YA_COW,Peter,Caesionidae,Pterocaesio,tile,37346063,1,AD,Passing,
GX010042_L.MP4,16358,9.0969,YA_COW_Transect 1,0.2992,233.905,8.825,3.573,2466.288,21.996,75.297,0.315,-921.397,65.521,-2286.769,YA_COW,Peter,Caesionidae,Pterocaesio,tile,37346063,1,AD,Passing,
GX010042_L.MP4,16358,9.0969,YA_COW_Transect 1,0.2992,147.258,8.835,9.983,2508.261,16.517,55.757,9.873,-712.037,-38.998,-2404.757,YA_COW,Peter,Caesionidae,Pterocaesio,tile,37346063,1,AD,Passing,
GX010042_L.MP4,16370,9.1035,YA_COW_Transect 1,0.3059,97.061,5.278,8.994,1951.274,17.118,64.778,28.322,-426.758,-384.36,-1864.837,YA_COW,Peter,Acanthuridae,Ctenochaetus,striatus,37437022,1,AD,Passing,
GX010042_L.MP4,16391,9.1152,YA_COW_Transect 1,0.3175,95.03,4.817,11.165,1801.976,23.26,87.77,6.418,-577.781,-415.412,-1655.512,YA_COW,Peter,Pomacentridae,Dascyllus,trimaculatus,37372075,1,AD,Passing,
GX010042_L.MP4,16482,9.1658,YA_COW_Transect 1,0.3681,142.554,5.706,1.902,2087.932,12.622,45.744,15.65,-203.559,-408.31,-2037.476,YA_COW,Peter,Caesionidae,Pterocaesio,tile,37346063,1,AD,Passing,
GX010042_L.MP4,16482,9.1658,YA_COW_Transect 1,0.3681,136.889,7.182,4.353,2263.318,11.506,50.424,16.985,-292.392,-343.973,-2217.836,YA_COW,Peter,Caesionidae,Pterocaesio,tile,37346063,1,AD,Passing,
GX010042_L.MP4,16482,9.1658,YA_COW_Transect 1,0.3681,140.317,5.933,1.055,2060.858,11.676,49.469,13.788,-343.979,-235.861,-2018.213,YA_COW,Peter,Caesionidae,Pterocaesio,tile,37346063,1,AD,Passing,
GX010042_L.MP4,16482,9.1658,YA_COW_Transect 1,0.3681,187.861,8.16,1.407,2393.071,18.436,61.52,11.107,-751.537,-88.912,-2270.259,YA_COW,Peter,Caesionidae,Pterocaesio,tile,37346063,1,AD,Passing,
GX010042_L.MP4,16482,9.1658,YA_COW_Transect 1,0.3681,186.207,5.735,1.425,1992.166,20.459,66.583,7.97,-687.678,-109.486,-1866.505,YA_COW,Peter,Caesionidae,Pterocaesio,tile,37346063,1,AD,Passing,
GX010042_L.MP4,16482,9.1658,YA_COW_Transect 1,0.3681,261.312,5.586,9.512,1976.463,23.304,75.225,10.77,-728.487,284.043,-1815.222,YA_COW,Peter,Caesionidae,Pterocaesio,tile,37346063,1,AD,Passing,
GX010042_L.MP4,16505,9.1786,YA_COW_Transect 1,0.3809,,6.036,0.81,3119.023,20.475,,,755.508,-788.827,-2921.518,YA_COW,Peter,Pomacentridae,Amblyglyphidodon,orbicularis,temp_code_001,1,AD,Passing,
GX010042_L.MP4,16527,9.1908,YA_COW_Transect 1,0.3932,83.549,7.155,2.976,2624.783,18.102,49.828,40.813,784.016,-224.56,-2494.871,YA_COW,Peter,Pomacentridae,Amblyglyphidodon,orbicularis,temp_code_001,1,AD,Passing,
GX010042_L.MP4,16527,9.1908,YA_COW_Transect 1,0.3932,,6.83,7.027,3555.46,29.782,,,1569.454,-811.489,-3085.384,YA_COW,Peter,Pomacentridae,Amblyglyphidodon,orbicularis,temp_code_001,1,AD,Passing,
GX010042_L.MP4,16527,9.1908,YA_COW_Transect 1,0.3932,,5.785,7.03,3214.786,27.553,,,1324.089,-678.541,-2849.775,YA_COW,Peter,Pomacentridae,Amblyglyphidodon,orbicularis,temp_code_001,1,AD,Passing,
GX010042_L.MP4,16527,9.1908,YA_COW_Transect 1,0.3932,90.992,4.055,6.414,3604.141,22.597,4.019,9.162,388.6,-1329.246,-3327.451,YA_COW,Peter,Acanthuridae,Ctenochaetus,striatus,37437022,1,AD,Passing,
GX010042_L.MP4,16584,9.2225,YA_COW_Transect 1,0.4249,139.961,5.608,8.718,1921.89,23.813,82.505,0.831,541.995,-555.307,-1758.276,YA_COW,Peter,Chaetodontidae,Chaetodon,baronessa,37365034,1,AD,Passing,
GX010042_L.MP4,16584,9.2225,YA_COW_Transect 1,0.4249,101.426,5.735,5.633,1886.39,19.604,76.24,6.686,423.399,-470.446,-1777.042,YA_COW,Peter,Chaetodontidae,Chaetodon,baronessa,37365034,1,AD,Passing,
GX010042_L.MP4,16584,9.2225,YA_COW_Transect 1,0.4249,73.573,3.414,6.624,2061.107,21.297,19.234,15.972,663.43,-346.754,-1920.361,YA_COW,Peter,Pomacentridae,Dascyllus,trimaculatus,37372075,1,AD,Passing,
GX010042_L.MP4,16614,9.2392,YA_COW_Transect 1,0.4416,95.098,3.173,3.309,1679.485,15.471,33.811,4.889,422.028,-150.31,-1618.632,YA_COW,Peter,Acanthuridae,Ctenochaetus,binotatus,37437021,1,AD,Passing,
GX010042_L.MP4,16614,9.2392,YA_COW_Transect 1,0.4416,56.848,3.352,2.886,1796.557,19.214,39.012,30.68,563.858,-177.804,-1696.487,YA_COW,Peter,Acanthuridae,Acanthurus,sp,,1,AD,Passing,
GX010042_L.MP4,16614,9.2392,YA_COW_Transect 1,0.4416,76.124,2.138,1.978,1748.172,15.614,3.813,2.818,468.853,-39.619,-1683.661,YA_COW,Peter,Acanthuridae,Ctenochaetus,striatus,37437022,1,AD,Passing,
GX010042_L.MP4,16655,9.262,YA_COW_Transect 1,0.4644,155.67,4.68,0.371,1857.487,13.371,46.418,1.878,-383.325,193.836,-1807.138,YA_COW,Peter,Caesionidae,Pterocaesio,tile,37346063,1,AD,Passing,
GX010042_L.MP4,16655,9.262,YA_COW_Transect 1,0.4644,146.594,2.965,2.877,1497.023,2.828,41.925,12.409,68.448,27.78,-1495.2,YA_COW,Peter,Caesionidae,Pterocaesio,tile,37346063,1,AD,Passing,
GX010042_L.MP4,16655,9.262,YA_COW_Transect 1,0.4644,124.499,1.774,2.611,1551.637,19.018,3.939,19.533,462.668,-203.97,-1466.939,YA_COW,Peter,Caesionidae,Pterocaesio,tile,37346063,1,AD,Passing,
GX010042_L.MP4,16655,9.262,YA_COW_Transect 1,0.4644,154.219,5.883,2.011,1935.762,21.828,89.104,0.25,661.606,-283.463,-1796.97,YA_COW,Peter,Caesionidae,Pterocaesio,tile,37346063,1,AD,Passing,
GX010042_L.MP4,16655,9.262,YA_COW_Transect 1,0.4644,187.674,4.854,1.319,1833.599,13.995,51.494,5.865,-70.072,437.846,-1779.176,YA_COW,Peter,Caesionidae,Pterocaesio,tile,37346063,1,AD,Passing,
GX010042_L.MP4,16655,9.262,YA_COW_Transect 1,0.4644,194.176,4.746,2.367,1833.705,14.16,49.438,6.162,211.671,395.494,-1777.991,YA_COW,Peter,Caesionidae,Pterocaesio,tile,37346063,1,AD,Passing,
GX010042_L.MP4,16674,9.2726,YA_COW_Transect 1,0.4749,318.97,3.537,4.899,2654.74,13.153,0.43,10.597,-561.469,-222.937,-2585.091,YA_COW,Peter,Aulostomidae,Aulostomus,chinensis,37277001,1,AD,Passing,
GX010042_L.MP4,16722,9.2993,YA_COW_Transect 1,0.5016,,5.339,1.709,3172.508,25.684,,,-1331.476,341.572,-2859.249,YA_COW,Peter,Pomacentridae,Amblyglyphidodon,orbicularis,temp_code_001,1,AD,Passing,
GX010042_L.MP4,16749,9.3143,YA_COW_Transect 1,0.5166,88.732,3.421,9.603,1907.107,25.315,39.399,33.716,483.308,-656.794,-1723.976,YA_COW,Peter,Pomacentridae,Amblyglyphidodon,orbicularis,temp_code_001,1,AD,Passing,
GX010042_L.MP4,16759,9.3199,YA_COW_Transect 1,0.5222,69.721,3.238,6.544,2325.848,10.429,19.122,46.744,245.564,-341.994,-2287.424,YA_COW,Peter,Pomacentridae,Amblyglyphidodon,orbicularis,temp_code_001,1,AD,Passing,
GX010042_L.MP4,16759,9.3199,YA_COW_Transect 1,0.5222,,6.704,1.81,3373.027,14.443,,,-809.5,227.065,-3266.567,YA_COW,Peter,Pomacentridae,Amblyglyphidodon,orbicularis,temp_code_001,1,AD,Passing,
GX010042_L.MP4,16759,9.3199,YA_COW_Transect 1,0.5222,,8.773,0.541,3889.871,17.146,,,-1032.631,496.528,-3717.288,YA_COW,Peter,Pomacentridae,Amblyglyphidodon,orbicularis,temp_code_001,1,AD,Passing,
GX010042_L.MP4,16759,9.3199,YA_COW_Transect 1,0.5222,,5.321,0.677,3078.444,22.892,,,-1113.076,440.021,-2836.241,YA_COW,Peter,Pomacentridae,Amblyglyphidodon,orbicularis,temp_code_001,1,AD,Passing,
GX010042_L.MP4,16759,9.3199,YA_COW_Transect 1,0.5222,,5.914,0.28,3260.406,22.391,,,-1175.037,400.394,-3014.833,YA_COW,Peter,Pomacentridae,Amblyglyphidodon,orbicularis,temp_code_001,1,AD,Passing,
GX010042_L.MP4,16759,9.3199,YA_COW_Transect 1,0.5222,,6.536,0.534,3407.825,21.2,,,-1152.279,435.131,-3177.449,YA_COW,Peter,Pomacentridae,Amblyglyphidodon,orbicularis,temp_code_001,1,AD,Passing,
GX010042_L.MP4,16759,9.3199,YA_COW_Transect 1,0.5222,,10.474,2.293,4280.466,16.275,,,-1124.289,415.835,-4109.191,YA_COW,Peter,Pomacentridae,Amblyglyphidodon,orbicularis,temp_code_001,1,AD,Passing,
GX010042_L.MP4,16759,9.3199,YA_COW_Transect 1,0.5222,,8.815,0.431,3945.883,21.026,,,-1245.131,671.584,-3683.561,YA_COW,Peter,Pomacentridae,Amblyglyphidodon,orbicularis,temp_code_001,1,AD,Passing,
GX010042_L.MP4,16759,9.3199,YA_COW_Transect 1,0.5222,,7.338,0.016,3678.284,24.927,,,-1404.071,655.18,-3336.031,YA_COW,Peter,Pomacentridae,Amblyglyphidodon,orbicularis,temp_code_001,1,AD,Passing,
GX010042_L.MP4,16771,9.3265,YA_COW_Transect 1,0.5289,149.064,1.525,1.242,1055.161,10.401,46.257,9.136,-128.439,140.694,-1037.821,YA_COW,Peter,Caesionidae,Pterocaesio,tile,37346063,1,AD,Passing,
GX010042_L.MP4,16771,9.3265,YA_COW_Transect 1,0.5289,152.42,2.719,3.024,1345.169,10.941,54.235,9.872,-168.809,191.549,-1320.716,YA_COW,Peter,Caesionidae,Pterocaesio,tile,37346063,1,AD,Passing,
GX010042_L.MP4,16771,9.3265,YA_COW_Transect 1,0.5289,139.941,1.485,0.514,1092.141,9.073,37.83,10.671,-170.627,23.412,-1078.476,YA_COW,Peter,Caesionidae,Pterocaesio,tile,37346063,1,AD,Passing,
GX010042_L.MP4,16771,9.3265,YA_COW_Transect 1,0.5289,124.287,1.163,1.303,1042.666,6.839,30.664,18.119,55.523,-111.058,-1035.247,YA_COW,Peter,Caesionidae,Pterocaesio,tile,37346063,1,AD,Passing,
GX010042_L.MP4,16771,9.3265,YA_COW_Transect 1,0.5289,128.155,1.379,0.778,1087.566,10.566,33.858,14.723,198.998,12.982,-1069.126,YA_COW,Peter,Caesionidae,Pterocaesio,tile,37346063,1,AD,Passing,
GX010042_L.MP4,16771,9.3265,YA_COW_Transect 1,0.5289,139.746,2.218,3.018,1425.972,11.064,32.342,4.58,142.539,233.598,-1399.469,YA_COW,Peter,Caesionidae,Pterocaesio,tile,37346063,1,AD,Passing,
GX010042_L.MP4,16790,9.3371,YA_COW_Transect 1,0.5394,68.754,4,17.936,2243.399,25.879,35.569,38.383,-936.121,-287.208,-2018.422,YA_COW,Peter,Holocentridae,Sargocentron,spiniferum,37261029,1,AD,Passing,
GX010042_L.MP4,16834,9.3616,YA_COW_Transect 1,0.5639,100.622,8.906,1.306,2590.587,21.895,63.809,12.219,-964.965,-45.398,-2403.731,YA_COW,Peter,Pomacentridae,Amblyglyphidodon,orbicularis,temp_code_001,1,AD,Passing,
GX010042_L.MP4,16834,9.3616,YA_COW_Transect 1,0.5639,77.385,6.813,3.806,2545.022,12.662,38.592,32.229,292.019,-475.344,-2483.125,YA_COW,Peter,Pomacentridae,Amblyglyphidodon,orbicularis,temp_code_001,1,AD,Passing,
GX010042_L.MP4,16834,9.3616,YA_COW_Transect 1,0.5639,,4.72,2.958,2873.168,19.694,,,-967.132,44.808,-2705.132,YA_COW,Peter,Pomacentridae,Amblyglyphidodon,orbicularis,temp_code_001,1,AD,Passing,
GX010042_L.MP4,16834,9.3616,YA_COW_Transect 1,0.5639,,3.592,0.326,2565.732,25.502,,,-1096.072,136.098,-2315.833,YA_COW,Peter,Pomacentridae,Amblyglyphidodon,orbicularis,temp_code_001,1,AD,Passing,
GX010042_L.MP4,16834,9.3616,YA_COW_Transect 1,0.5639,65.71,2.337,2.115,2588.794,9.077,0.235,20.946,-175.998,-368.522,-2556.378,YA_COW,Peter,Pomacentridae,Chromis,ternatensis,37372051,1,AD,Passing,
GX010042_L.MP4,16834,9.3616,YA_COW_Transect 1,0.5639,,4.465,1.06,2661.854,9.016,,,-67.33,-413.192,-2628.728,YA_COW,Peter,Pomacentridae,Chromis,ternatensis,37372051,1,AD,Passing,
GX010042_L.MP4,16834,9.3616,YA_COW_Transect 1,0.5639,,4.372,1.175,2634.154,9.16,,,-214.442,-361.878,-2600.351,YA_COW,Peter,Pomacentridae,Chromis,ternatensis,37372051,1,AD,Passing,
GX010042_L.MP4,16834,9.3616,YA_COW_Transect 1,0.5639,,4.407,1.622,2647.963,9.072,,,-261.044,-327.397,-2614.646,YA_COW,Peter,Pomacentridae,Chromis,ternatensis,37372051,1,AD,Passing,
GX010042_L.MP4,16834,9.3616,YA_COW_Transect 1,0.5639,,4.599,1.068,2710.201,9.471,,,-301.696,-330.004,-2673.063,YA_COW,Peter,Pomacentridae,Chromis,ternatensis,37372051,1,AD,Passing,
GX010042_L.MP4,16834,9.3616,YA_COW_Transect 1,0.5639,,4.975,1.626,2831.634,8.747,,,-313.402,-296.971,-2798.524,YA_COW,Peter,Pomacentridae,Chromis,ternatensis,37372051,1,AD,Passing,
GX010042_L.MP4,16834,9.3616,YA_COW_Transect 1,0.5639,,4.634,2.693,2726.496,7.421,,,-230.38,-267.914,-2703.503,YA_COW,Peter,Pomacentridae,Chromis,ternatensis,37372051,1,AD,Passing,
GX010042_L.MP4,16834,9.3616,YA_COW_Transect 1,0.5639,,4.599,3.106,2715.564,5.863,,,-35.065,-276.771,-2701.195,YA_COW,Peter,Pomacentridae,Chromis,ternatensis,37372051,1,AD,Passing,
GX010042_L.MP4,16834,9.3616,YA_COW_Transect 1,0.5639,,6.006,6.794,3130.851,6.487,,,101.122,-340.782,-3110.606,YA_COW,Peter,Pomacentridae,Chromis,ternatensis,37372051,1,AD,Passing,
GX010042_L.MP4,16834,9.3616,YA_COW_Transect 1,0.5639,,4.8,0.059,2780.194,8.538,,,-325.706,-255.159,-2749.234,YA_COW,Peter,Pomacentridae,Chromis,ternatensis,37372051,1,AD,Passing,
GX010042_L.MP4,16834,9.3616,YA_COW_Transect 1,0.5639,,5.69,0.018,3052.699,6.143,,,-197.485,-261.998,-3035.017,YA_COW,Peter,Pomacentridae,Chromis,ternatensis,37372051,1,AD,Passing,
GX010042_L.MP4,16834,9.3616,YA_COW_Transect 1,0.5639,,5.199,0.369,2898.77,5.501,,,161.35,-227.935,-2885.287,YA_COW,Peter,Pomacentridae,Chromis,ternatensis,37372051,1,AD,Passing,
GX010042_L.MP4,16834,9.3616,YA_COW_Transect 1,0.5639,,6.241,11.378,3520.615,29.326,,,-1646.262,511.179,-3069.731,YA_COW,Peter,Pomacentridae,Chromis,ternatensis,37372051,1,AD,Passing,
GX010042_L.MP4,16834,9.3616,YA_COW_Transect 1,0.5639,,7.237,7.148,3800.421,29.411,,,-1767.993,595.78,-3310.959,YA_COW,Peter,Pomacentridae,Chromis,ternatensis,37372051,1,AD,Passing,
GX010042_L.MP4,16834,9.3616,YA_COW_Transect 1,0.5639,,6.449,0.211,3536.214,28.077,,,-1563.906,567.598,-3120.392,YA_COW,Peter,Pomacentridae,Chromis,ternatensis,37372051,1,AD,Passing,
GX010042_L.MP4,16834,9.3616,YA_COW_Transect 1,0.5639,,7.486,4.878,3840.207,28.681,,,-1730.573,631.92,-3369.419,YA_COW,Peter,Pomacentridae,Chromis,ternatensis,37372051,1,AD,Passing,
GX010042_L.MP4,16834,9.3616,YA_COW_Transect 1,0.5639,,9.375,11.362,4263.734,27.559,,,-1812.681,775.93,-3780.416,YA_COW,Peter,Pomacentridae,Chromis,ternatensis,37372051,1,AD,Passing,
GX010042_L.MP4,16834,9.3616,YA_COW_Transect 1,0.5639,,8.353,7.723,4027.418,27.292,,,-1727.819,649.748,-3579.464,YA_COW,Peter,Pomacentridae,Chromis,ternatensis,37372051,1,AD,Passing,
GX010042_L.MP4,16834,9.3616,YA_COW_Transect 1,0.5639,,8.6,5.264,4081.122,26.594,,,-1723.823,603.159,-3649.684,YA_COW,Peter,Pomacentridae,Chromis,ternatensis,37372051,1,AD,Passing,
GX010042_L.MP4,16834,9.3616,YA_COW_Transect 1,0.5639,,9.003,5.082,4244.678,27.92,,,-1911.58,541.937,-3750.928,YA_COW,Peter,Pomacentridae,Chromis,ternatensis,37372051,1,AD,Passing,
GX010042_L.MP4,16834,9.3616,YA_COW_Transect 1,0.5639,,5.983,3.277,3360.782,25.641,,,-1392.464,417.9,-3030.059,YA_COW,Peter,Pomacentridae,Chromis,ternatensis,37372051,1,AD,Passing,
GX010042_L.MP4,16834,9.3616,YA_COW_Transect 1,0.5639,,8.911,5.337,4143.214,25.282,,,-1696.85,499.56,-3746.647,YA_COW,Peter,Pomacentridae,Chromis,ternatensis,37372051,1,AD,Passing,
GX010042_L.MP4,16834,9.3616,YA_COW_Transect 1,0.5639,,7.835,0.957,3826.333,24.839,,,-1492.533,594.547,-3472.705,YA_COW,Peter,Pomacentridae,Chromis,ternatensis,37372051,1,AD,Passing,
GX010042_L.MP4,16834,9.3616,YA_COW_Transect 1,0.5639,,10.837,4.211,4513.469,24.473,,,-1721.612,726.982,-4108.4,YA_COW,Peter,Pomacentridae,Chromis,ternatensis,37372051,1,AD,Passing,
GX010042_L.MP4,16834,9.3616,YA_COW_Transect 1,0.5639,,8.084,2.133,3856.098,23.251,,,-1418.881,549.218,-3543.251,YA_COW,Peter,Pomacentridae,Chromis,ternatensis,37372051,1,AD,Passing,
GX010042_L.MP4,16834,9.3616,YA_COW_Transect 1,0.5639,,10.833,3.373,4527.417,24.443,,,-1748.822,669.371,-4122.022,YA_COW,Peter,Pomacentridae,Chromis,ternatensis,37372051,1,AD,Passing,
GX010042_L.MP4,16834,9.3616,YA_COW_Transect 1,0.5639,,10.764,1.269,4512.876,23.541,,,-1716.718,546.876,-4137.615,YA_COW,Peter,Pomacentridae,Chromis,ternatensis,37372051,1,AD,Passing,
GX010042_L.MP4,16834,9.3616,YA_COW_Transect 1,0.5639,,9.508,0.543,4171.29,21.321,,,-1440.441,472.366,-3886.086,YA_COW,Peter,Pomacentridae,Chromis,ternatensis,37372051,1,AD,Passing,
GX010042_L.MP4,16834,9.3616,YA_COW_Transect 1,0.5639,,10.531,2.1,4365.652,20.422,,,-1426.879,531.088,-4091.562,YA_COW,Peter,Pomacentridae,Chromis,ternatensis,37372051,1,AD,Passing,
GX010042_L.MP4,16834,9.3616,YA_COW_Transect 1,0.5639,,7.958,2.903,3807.093,21.845,,,-1341.557,452.986,-3533.976,YA_COW,Peter,Pomacentridae,Chromis,ternatensis,37372051,1,AD,Passing,
GX010042_L.MP4,16834,9.3616,YA_COW_Transect 1,0.5639,,8.06,1.669,3782.723,19.482,,,-1191.325,412.965,-3566.398,YA_COW,Peter,Pomacentridae,Chromis,ternatensis,37372051,1,AD,Passing,
GX010042_L.MP4,16834,9.3616,YA_COW_Transect 1,0.5639,,7.848,0.466,3736.614,19.393,,,-1185.016,365.58,-3524.822,YA_COW,Peter,Pomacentridae,Chromis,ternatensis,37372051,1,AD,Passing,
GX010042_L.MP4,16834,9.3616,YA_COW_Transect 1,0.5639,,9.721,4.268,4111.868,15.299,,,-1030.035,338.432,-3966.352,YA_COW,Peter,Pomacentridae,Chromis,ternatensis,37372051,1,AD,Passing,
GX010042_L.MP4,16834,9.3616,YA_COW_Transect 1,0.5639,,8.855,1.248,4012.91,19.729,,,-1324.615,281.339,-3777.524,YA_COW,Peter,Pomacentridae,Chromis,ternatensis,37372051,1,AD,Passing,
GX010042_L.MP4,16834,9.3616,YA_COW_Transect 1,0.5639,,9.427,3.43,4074.451,16.464,,,-1116.979,290.696,-3907.557,YA_COW,Peter,Pomacentridae,Chromis,ternatensis,37372051,1,AD,Passing,
GX010042_L.MP4,16834,9.3616,YA_COW_Transect 1,0.5639,,7.452,3.986,3550.46,12.548,,,-734.947,232.159,-3465.793,YA_COW,Peter,Pomacentridae,Chromis,ternatensis,37372051,1,AD,Passing,
GX010042_L.MP4,16834,9.3616,YA_COW_Transect 1,0.5639,,8.265,0.453,3769.335,13.804,,,-872.457,216.128,-3660.6,YA_COW,Peter,Pomacentridae,Chromis,ternatensis,37372051,1,AD,Passing,
GX010042_L.MP4,16834,9.3616,YA_COW_Transect 1,0.5639,,6.673,2.338,3349.003,11.817,,,-668.889,149.674,-3278.11,YA_COW,Peter,Pomacentridae,Chromis,ternatensis,37372051,1,AD,Passing,
GX010042_L.MP4,16834,9.3616,YA_COW_Transect 1,0.5639,,7.291,1.803,3523.525,12.621,,,-762.314,105.542,-3438.454,YA_COW,Peter,Pomacentridae,Chromis,ternatensis,37372051,1,AD,Passing,
GX010042_L.MP4,16834,9.3616,YA_COW_Transect 1,0.5639,,6.607,4.493,3341.985,12.971,,,-737.371,135.848,-3256.792,YA_COW,Peter,Pomacentridae,Chromis,ternatensis,37372051,1,AD,Passing,
GX010042_L.MP4,16834,9.3616,YA_COW_Transect 1,0.5639,,7.059,6.696,3480.277,14.405,,,-856.658,123.519,-3370.936,YA_COW,Peter,Pomacentridae,Chromis,ternatensis,37372051,1,AD,Passing,
GX010042_L.MP4,16834,9.3616,YA_COW_Transect 1,0.5639,,7.181,0.675,3486.539,11.287,,,-677.887,76.139,-3419.156,YA_COW,Peter,Pomacentridae,Chromis,ternatensis,37372051,1,AD,Passing,
GX010042_L.MP4,16834,9.3616,YA_COW_Transect 1,0.5639,,7.096,0.003,3495.222,15.282,,,-902.339,183.713,-3371.737,YA_COW,Peter,Pomacentridae,Chromis,ternatensis,37372051,1,AD,Passing,
GX010042_L.MP4,16834,9.3616,YA_COW_Transect 1,0.5639,,6.3,4.245,3276.52,15.329,,,-843.449,195.426,-3160.061,YA_COW,Peter,Pomacentridae,Chromis,ternatensis,37372051,1,AD,Passing,
GX010042_L.MP4,16834,9.3616,YA_COW_Transect 1,0.5639,,7.704,4.773,3641.552,15.556,,,-932.192,288.981,-3508.335,YA_COW,Peter,Pomacentridae,Chromis,ternatensis,37372051,1,AD,Passing,
GX010042_L.MP4,16834,9.3616,YA_COW_Transect 1,0.5639,,6.085,0.302,3177.822,6.336,,,-343.69,-71.506,-3158.372,YA_COW,Peter,Pomacentridae,Chromis,ternatensis,37372051,1,AD,Passing,
GX010042_L.MP4,16834,9.3616,YA_COW_Transect 1,0.5639,,7.171,1.549,3473.34,8.248,,,-493.602,-70.304,-3437.369,YA_COW,Peter,Pomacentridae,Chromis,ternatensis,37372051,1,AD,Passing,
GX010042_L.MP4,16834,9.3616,YA_COW_Transect 1,0.5639,,6.939,0.076,3418.737,10.166,,,-602.985,-24.916,-3365.048,YA_COW,Peter,Pomacentridae,Chromis,ternatensis,37372051,1,AD,Passing,
GX010042_L.MP4,16834,9.3616,YA_COW_Transect 1,0.5639,,7.079,1.814,3456.781,10.472,,,-627.431,31.301,-3399.218,YA_COW,Peter,Pomacentridae,Chromis,ternatensis,37372051,1,AD,Passing,
GX010042_L.MP4,16834,9.3616,YA_COW_Transect 1,0.5639,,5.834,1.707,3106.863,8.243,,,-443.35,-45.065,-3074.737,YA_COW,Peter,Pomacentridae,Chromis,ternatensis,37372051,1,AD,Passing,
GX010042_L.MP4,16834,9.3616,YA_COW_Transect 1,0.5639,,7.952,0.063,3666.004,6.996,,,-414.456,163.983,-3638.808,YA_COW,Peter,Pomacentridae,Chromis,ternatensis,37372051,1,AD,Passing,
GX010042_L.MP4,16834,9.3616,YA_COW_Transect 1,0.5639,,7.676,0.065,3599.08,9.113,,,-550.845,144.465,-3553.741,YA_COW,Peter,Pomacentridae,Chromis,ternatensis,37372051,1,AD,Passing,
GX010042_L.MP4,16834,9.3616,YA_COW_Transect 1,0.5639,,7.305,1.631,3507.582,8.39,,,-504.64,83.266,-3470.092,YA_COW,Peter,Pomacentridae,Chromis,ternatensis,37372051,1,AD,Passing,
GX010042_L.MP4,16834,9.3616,YA_COW_Transect 1,0.5639,,6.752,0.989,3361.739,6.557,,,-374.867,80.767,-3339.797,YA_COW,Peter,Pomacentridae,Chromis,ternatensis,37372051,1,AD,Passing,
GX010042_L.MP4,16834,9.3616,YA_COW_Transect 1,0.5639,,6.012,2.165,3151.752,5.493,,,-229.711,-197.402,-3137.165,YA_COW,Peter,Pomacentridae,Chromis,ternatensis,37372051,1,AD,Passing,
GX010042_L.MP4,16834,9.3616,YA_COW_Transect 1,0.5639,,5.964,1.042,3139.802,3.64,,,-12.474,-200.769,-3133.352,YA_COW,Peter,Pomacentridae,Chromis,ternatensis,37372051,1,AD,Passing,
GX010042_L.MP4,16834,9.3616,YA_COW_Transect 1,0.5639,,5.939,2.065,3129.833,3.859,,,45.131,-207.588,-3122.615,YA_COW,Peter,Pomacentridae,Chromis,ternatensis,37372051,1,AD,Passing,
GX010042_L.MP4,16834,9.3616,YA_COW_Transect 1,0.5639,,6.146,1.616,3193.988,2.526,,,118.255,-78.231,-3190.839,YA_COW,Peter,Pomacentridae,Chromis,ternatensis,37372051,1,AD,Passing,
GX010042_L.MP4,16834,9.3616,YA_COW_Transect 1,0.5639,,8.196,0.337,3739.756,3.63,,,-199.997,124.611,-3732.325,YA_COW,Peter,Pomacentridae,Chromis,ternatensis,37372051,1,AD,Passing,
GX010042_L.MP4,16834,9.3616,YA_COW_Transect 1,0.5639,,9.548,2.37,4055.092,4.268,,,-246.178,172.209,-4043.947,YA_COW,Peter,Pomacentridae,Chromis,ternatensis,37372051,1,AD,Passing,
GX010042_L.MP4,16877,9.3855,YA_COW_Transect 1,0.5878,80.448,1.968,8.12,1489.397,20.712,26.959,15.219,-283.211,-444.149,-1393.135,YA_COW,Peter,Pomacentridae,Amblyglyphidodon,orbicularis,temp_code_001,1,AD,Passing,
GX010042_L.MP4,16899,9.3977,YA_COW_Transect 1,0.6,77.001,3.287,10.464,1689.644,21.746,43.209,1.905,-360.325,-511.896,-1569.402,YA_COW,Peter,Pomacentridae,Chromis,ternatensis,37372051,1,AD,Passing,
GX010042_L.MP4,16899,9.3977,YA_COW_Transect 1,0.6,76.39,4.429,5.742,1788.352,19.93,59.587,16.417,-300.571,-530.337,-1681.25,YA_COW,Peter,Pomacentridae,Chromis,ternatensis,37372051,1,AD,Passing,
GX010042_L.MP4,16899,9.3977,YA_COW_Transect 1,0.6,59.227,2.542,4.397,1739.325,19.976,26.186,12.908,-255.975,-536.251,-1634.675,YA_COW,Peter,Pomacentridae,Chromis,ternatensis,37372051,1,AD,Passing,
GX010042_L.MP4,16899,9.3977,YA_COW_Transect 1,0.6,81.645,5.053,2.787,1817.514,18.046,66.367,13.456,-213.794,-520.873,-1728.104,YA_COW,Peter,Pomacentridae,Chromis,ternatensis,37372051,1,AD,Passing,
GX010042_L.MP4,16899,9.3977,YA_COW_Transect 1,0.6,63.525,3.946,3.252,1798.474,18.306,43.739,4.609,-402.384,-396.459,-1707.459,YA_COW,Peter,Pomacentridae,Chromis,ternatensis,37372051,1,AD,Passing,
GX010042_L.MP4,16899,9.3977,YA_COW_Transect 1,0.6,77.114,3.201,5.638,1796.291,17.844,31.075,0.747,-361.982,-414.672,-1709.876,YA_COW,Peter,Pomacentridae,Chromis,ternatensis,37372051,1,AD,Passing,
GX010042_L.MP4,16899,9.3977,YA_COW_Transect 1,0.6,74.199,2.524,4.121,1840.533,14.81,18.742,4.442,-276.054,-380.963,-1779.389,YA_COW,Peter,Pomacentridae,Chromis,ternatensis,37372051,1,AD,Passing,
GX010042_L.MP4,16899,9.3977,YA_COW_Transect 1,0.6,61.568,3.803,0.691,2086.27,10.687,25.374,8.761,-98.582,-374.133,-2050.08,YA_COW,Peter,Pomacentridae,Chromis,ternatensis,37372051,1,AD,Passing,
GX010042_L.MP4,16899,9.3977,YA_COW_Transect 1,0.6,75.938,6.093,2.54,2047.702,9.821,49.353,6.76,-168.551,-305.909,-2017.695,YA_COW,Peter,Pomacentridae,Chromis,ternatensis,37372051,1,AD,Passing,
GX010042_L.MP4,16899,9.3977,YA_COW_Transect 1,0.6,82.12,7.104,8.36,2450.241,10.353,37.112,1.381,-343.645,-275.334,-2410.348,YA_COW,Peter,Pomacentridae,Chromis,ternatensis,37372051,1,AD,Passing,
GX010042_L.MP4,16905,9.4011,YA_COW_Transect 1,0.6034,157.533,1.595,7.515,1187.018,20.087,39.718,0.515,131.974,385.722,-1114.816,YA_COW,Peter,Caesionidae,Pterocaesio,tile,37346063,1,AD,Passing,
GX010042_L.MP4,16921,9.41,YA_COW_Transect 1,0.6123,153.668,2.436,4.632,1272.023,18.796,63.527,0.241,106.41,395.796,-1204.186,YA_COW,Peter,Caesionidae,Pterocaesio,tile,37346063,1,AD,Passing,
GX010042_L.MP4,16921,9.41,YA_COW_Transect 1,0.6123,151.936,2.037,4.513,1190.677,17.077,57.102,8.496,-56.855,345.006,-1138.178,YA_COW,Peter,Caesionidae,Pterocaesio,tile,37346063,1,AD,Passing,
GX010042_L.MP4,16927,9.4133,YA_COW_Transect 1,0.6156,62.435,1.932,8.05,1613.264,22.612,15.676,30.724,-500.124,-366.894,-1489.257,YA_COW,Peter,Pomacentridae,Amblyglyphidodon,orbicularis,temp_code_001,1,AD,Passing,
GX010042_L.MP4,16927,9.4133,YA_COW_Transect 1,0.6156,,1.718,7.394,1640.802,24.058,,,-619.219,-253.856,-1498.117,YA_COW,Peter,Pomacentridae,Amblyglyphidodon,orbicularis,temp_code_001,1,AD,Passing,
GX010042_L.MP4,16958,9.4305,YA_COW_Transect 1,0.6329,128.981,2.267,0.409,1345.789,17.359,40.267,7.409,394.268,75.958,-1284.497,YA_COW,Peter,Caesionidae,Pterocaesio,tile,37346063,1,AD,Passing,
GX010042_L.MP4,16977,9.4411,YA_COW_Transect 1,0.6434,173.665,2.262,1.25,1292.983,7.243,43.339,2.388,-94.195,133.044,-1282.666,YA_COW,Peter,Caesionidae,Pterocaesio,tile,37346063,1,AD,Passing,
GX010042_L.MP4,16983,9.4444,YA_COW_Transect 1,0.6468,118.377,2.319,3.496,2518.097,22.054,5.685,6.602,-220.765,-919.351,-2333.852,YA_COW,Peter,Mullidae,Parupeneus,barberinoides,37355021,1,AD,Passing,
GX010042_L.MP4,17004,9.4561,YA_COW_Transect 1,0.6584,155.864,2.094,2.31,1246,9.029,44.217,6.525,-109.473,162.031,-1230.56,YA_COW,Peter,Caesionidae,Pterocaesio,tile,37346063,1,AD,Passing,
GX010042_L.MP4,17022,9.4661,YA_COW_Transect 1,0.6684,183.983,2.099,3.999,1172.156,15.356,59.6,6.597,-189.806,245.609,-1130.309,YA_COW,Peter,Caesionidae,Pterocaesio,tile,37346063,1,AD,Passing,
GX010042_L.MP4,17031,9.4711,YA_COW_Transect 1,0.6735,61.451,3.566,16.629,2120.262,24.71,22.951,16.402,-725.596,-509.012,-1926.117,YA_COW,Peter,Pomacentridae,Amblyglyphidodon,orbicularis,temp_code_001,1,AD,Passing,
GX010042_L.MP4,17053,9.4834,YA_COW_Transect 1,0.6857,186.431,1.797,9.102,1119.009,17.64,56.441,7.522,-136.234,310.538,-1066.39,YA_COW,Peter,Caesionidae,Pterocaesio,tile,37346063,1,AD,Passing,
GX010042_L.MP4,17095,9.5067,YA_COW_Transect 1,0.709,193.725,1.741,4.652,1214.036,17.024,39.788,3.349,-119.801,334.637,-1160.84,YA_COW,Peter,Caesionidae,Pterocaesio,tile,37346063,1,AD,Passing,
GX010042_L.MP4,17141,9.5323,YA_COW_Transect 1,0.7346,151.077,1.484,2.234,1018.608,14.857,54.29,4.321,-70.229,251.556,-984.555,YA_COW,Peter,Caesionidae,Pterocaesio,tile,37346063,1,AD,Passing,
GX010042_L.MP4,17173,9.5501,YA_COW_Transect 1,0.7524,167.594,1.738,4.516,1083.359,18.603,60.662,1.664,-175.321,297.834,-1026.755,YA_COW,Peter,Caesionidae,Pterocaesio,tile,37346063,1,AD,Passing,
GX010042_L.MP4,17274,9.6063,YA_COW_Transect 1,0.8086,221.694,8.096,13.127,2361.927,23.337,76.252,2.12,-742.945,-568.772,-2168.693,YA_COW,Peter,Holocentridae,Myripristis,kuntee,37261011,1,AD,Passing,
GX010042_L.MP4,17318,9.6307,YA_COW_Transect 1,0.8331,48.741,2.982,8.556,2127.428,19.863,0.911,3.666,-679.525,-246.414,-2000.869,YA_COW,Peter,Pomacentridae,Pomacentrus,moluccensis,37372118,1,AD,Passing,
GX010042_L.MP4,17318,9.6307,YA_COW_Transect 1,0.8331,101.363,6.201,0.893,2052.336,22.092,82.899,5.861,-771.053,-35.904,-1901.649,YA_COW,Peter,Pomacentridae,Amblyglyphidodon,orbicularis,temp_code_001,1,AD,Passing,
GX010042_L.MP4,17378,9.6641,YA_COW_Transect 1,0.8664,153.697,8.668,5.125,3002.419,14.078,30.566,8.846,-278.839,-674.966,-2912.248,YA_COW,Peter,Siganidae,Siganus,doliatus,37438009,1,AD,Passing,
GX010042_L.MP4,17378,9.6641,YA_COW_Transect 1,0.8664,135.91,3.468,4.546,2903.972,13.5,6.318,5.427,-355.431,-577.247,-2823.74,YA_COW,Peter,Siganidae,Siganus,doliatus,37438009,1,AD,Passing,
GX010042_L.MP4,17434,9.6952,YA_COW_Transect 1,0.8976,99.909,8.116,4.114,3205.323,17.073,23.54,10.481,-712.785,-614.451,-3064.063,YA_COW,Peter,Holocentridae,Myripristis,violacea,37261014,1,AD,Passing,
GX010042_L.MP4,17470,9.7153,YA_COW_Transect 1,0.9176,257.18,14.924,5.997,3064.554,21.201,74.97,2.489,636.937,-906.981,-2857.13,YA_COW,Peter,Priacanthidae,Priacanthus,hamrur,37326005,1,AD,Passing,
GX010042_L.MP4,17483,9.7225,YA_COW_Transect 1,0.9248,,10.219,0.197,4528.603,26.099,,,-1964.94,326.421,-4067.027,YA_COW,Peter,Pomacentridae,Chromis,ternatensis,37372051,1,AD,Passing,
GX010042_L.MP4,17483,9.7225,YA_COW_Transect 1,0.9248,,10.926,1.68,4668.692,25.598,,,-1985.407,353.795,-4210.662,YA_COW,Peter,Pomacentridae,Chromis,ternatensis,37372051,1,AD,Passing,
GX010042_L.MP4,17483,9.7225,YA_COW_Transect 1,0.9248,,11.938,1.863,4889.575,25.024,,,-2051.375,261.041,-4430.763,YA_COW,Peter,Pomacentridae,Chromis,ternatensis,37372051,1,AD,Passing,
GX010042_L.MP4,17483,9.7225,YA_COW_Transect 1,0.9248,,10.389,4.368,4503.267,23.934,,,-1806.685,268.834,-4116.191,YA_COW,Peter,Pomacentridae,Chromis,ternatensis,37372051,1,AD,Passing,
GX010042_L.MP4,17483,9.7225,YA_COW_Transect 1,0.9248,,10.277,3.387,4464.744,23.778,,,-1773.147,308.2,-4085.94,YA_COW,Peter,Pomacentridae,Chromis,ternatensis,37372051,1,AD,Passing,
GX010042_L.MP4,17483,9.7225,YA_COW_Transect 1,0.9248,,10.475,0.48,4604.24,26.897,,,-2045.398,391.019,-4106.394,YA_COW,Peter,Pomacentridae,Chromis,ternatensis,37372051,1,AD,Passing,
GX010042_L.MP4,17483,9.7225,YA_COW_Transect 1,0.9248,,11.213,0.955,4753.598,26.616,,,-2084.05,435.962,-4250.103,YA_COW,Peter,Pomacentridae,Chromis,ternatensis,37372051,1,AD,Passing,
GX010042_L.MP4,17483,9.7225,YA_COW_Transect 1,0.9248,,11.031,1.068,4762.893,27.838,,,-2184.766,414.011,-4211.953,YA_COW,Peter,Pomacentridae,Chromis,ternatensis,37372051,1,AD,Passing,
GX010042_L.MP4,17483,9.7225,YA_COW_Transect 1,0.9248,,5.938,1.344,3367.104,24.391,,,-1389.362,-57.617,-3066.552,YA_COW,Peter,Holocentridae,Myripristis,violacea,37261014,1,AD,Passing,
GX010042_L.MP4,17483,9.7225,YA_COW_Transect 1,0.9248,,11.552,0.164,4712.605,21.894,,,-1752.002,133.417,-4372.794,YA_COW,Peter,Holocentridae,Myripristis,violacea,37261014,1,AD,Passing,
GX010042_L.MP4,17484,9.723,YA_COW_Transect 1,0.9254,77.492,3.416,4.123,2666.132,9.279,8.635,21.223,-377.257,-206.074,-2631.249,YA_COW,Peter,Pomacentridae,Amblyglyphidodon,orbicularis,temp_code_001,1,AD,Passing,
GX010042_L.MP4,17516,9.7408,YA_COW_Transect 1,0.9432,243.668,8.599,3.839,3026.383,9.11,36.979,39.719,-366.698,-308.467,-2988.206,YA_COW,Peter,Labridae,Cheilinus,chlorourus,37384064,1,AD,Passing,
GX010042_L.MP4,17564,9.7675,YA_COW_Transect 1,0.9699,,7.275,0.536,3618.133,19.45,,,-1188.178,-201.238,-3411.543,YA_COW,Peter,Chaetodontidae,Heniochus,varius,37365078,1,AD,Passing,
GX010042_L.MP4,17564,9.7675,YA_COW_Transect 1,0.9699,,6.803,0.277,3510.839,20.227,,,-1202.959,-164.15,-3294.227,YA_COW,Peter,Chaetodontidae,Heniochus,varius,37365078,1,AD,Passing,
GX010042_L.MP4,17588,9.7809,YA_COW_Transect 1,0.9832,112.965,7.598,12.266,3010.418,23.712,26.778,0.872,-1056.527,-591.018,-2756.277,YA_COW,Peter,Holocentridae,Myripristis,kuntee,37261011,1,AD,Passing,
GX010042_L.MP4,17588,9.7809,YA_COW_Transect 1,0.9832,101.042,8.683,12.817,3024.725,24.854,35.93,7.034,-1155.075,-531.025,-2744.59,YA_COW,Peter,Holocentridae,Myripristis,violacea,37261014,1,AD,Passing,
GX010042_L.MP4,17590,9.782,YA_COW_Transect 1,0.9843,166.154,8.115,4.352,4025.65,17.981,1.447,22.301,1091.332,-594.44,-3829.033,YA_COW,Peter,Lethrinidae,Monotaxis,grandoculis,37351026,1,AD,Passing,
GX010042_L.MP4,17590,9.782,YA_COW_Transect 1,0.9843,,8.392,5.335,4108.868,27.897,,,-1870.127,443.531,-3631.625,YA_COW,Peter,Pomacentridae,Chromis,ternatensis,37372051,1,AD,Passing,
GX010042_L.MP4,17590,9.782,YA_COW_Transect 1,0.9843,,5.489,0.861,3197.761,23.743,,,-1273.226,189.629,-2927.219,YA_COW,Peter,Pomacentridae,Chromis,ternatensis,37372051,1,AD,Passing,
GX010042_L.MP4,17590,9.782,YA_COW_Transect 1,0.9843,,4.956,1.629,3003.363,23.078,,,-1155.211,225.205,-2763.144,YA_COW,Peter,Pomacentridae,Chromis,ternatensis,37372051,1,AD,Passing,
GX010042_L.MP4,17590,9.782,YA_COW_Transect 1,0.9843,,5.225,0.41,3173.189,26.079,,,-1385.926,157.077,-2850.204,YA_COW,Peter,Pomacentridae,Chromis,ternatensis,37372051,1,AD,Passing,
GX010042_L.MP4,17590,9.782,YA_COW_Transect 1,0.9843,,4.672,4.769,3004.485,27.315,,,-1360.256,223.091,-2669.619,YA_COW,Peter,Pomacentridae,Chromis,ternatensis,37372051,1,AD,Passing,
GX010042_L.MP4,17590,9.782,YA_COW_Transect 1,0.9843,,5.68,4.195,3207.507,21.324,,,-1157.751,139.68,-2988.01,YA_COW,Peter,Pomacentridae,Chromis,ternatensis,37372051,1,AD,Passing,
GX010042_L.MP4,17590,9.782,YA_COW_Transect 1,0.9843,,5.291,2.789,3106.336,22.23,,,-1168.629,122.717,-2875.512,YA_COW,Peter,Pomacentridae,Chromis,ternatensis,37372051,1,AD,Passing,
GX010042_L.MP4,17590,9.782,YA_COW_Transect 1,0.9843,,9.026,4.81,4020.013,17.241,,,-1185.099,120.803,-3839.46,YA_COW,Peter,Pomacentridae,Chromis,ternatensis,37372051,1,AD,Passing,
GX010042_L.MP4,17590,9.782,YA_COW_Transect 1,0.9843,,5.772,4.781,3179.99,18.17,,,-990.929,35.877,-3021.441,YA_COW,Peter,Pomacentridae,Chromis,ternatensis,37372051,1,AD,Passing,
GX010042_L.MP4,17590,9.782,YA_COW_Transect 1,0.9843,,6.169,4.456,3319.003,20.19,,,-1122.392,227.139,-3115.192,YA_COW,Peter,Pomacentridae,Chromis,ternatensis,37372051,1,AD,Passing,
GX010042_L.MP4,17590,9.782,YA_COW_Transect 1,0.9843,,8.724,1.823,3935.024,17.227,,,-1143.808,221.021,-3758.626,YA_COW,Peter,Pomacentridae,Chromis,ternatensis,37372051,1,AD,Passing,
GX010042_L.MP4,17590,9.782,YA_COW_Transect 1,0.9843,,9.872,0.486,4244.57,19.341,,,-1378.429,273.358,-4005.195,YA_COW,Peter,Pomacentridae,Chromis,ternatensis,37372051,1,AD,Passing,
GX010042_L.MP4,17636,9.8076,YA_COW_Transect 1,1.0099,,6.837,5.928,3573.155,32.706,,,1591.627,-1094.556,-3006.011,YA_COW,Peter,Pomacentridae,Amblyglyphidodon,orbicularis,temp_code_001,1,AD,Passing,
GX010042_L.MP4,17651,9.8159,YA_COW_Transect 1,1.0182,96.314,4.411,15.733,2197.121,25.897,32.228,3.699,-768.21,-575.074,-1976.483,YA_COW,Peter,Holocentridae,Myripristis,kuntee,37261011,1,AD,Passing,
GX010042_L.MP4,17661,9.8215,YA_COW_Transect 1,1.0238,,4.462,3.332,2669.818,18.449,,,-326.192,-780.886,-2532.142,YA_COW,Peter,Holocentridae,Myripristis,kuntee,37261011,1,AD,Passing,
GX010042_L.MP4,17661,9.8215,YA_COW_Transect 1,1.0238,95.021,2.281,7.26,1617.833,19.062,27.714,21.497,-223.265,-478.868,-1529.124,YA_COW,Peter,Pomacentridae,Amblyglyphidodon,orbicularis,temp_code_001,1,AD,Passing,
GX010042_L.MP4,17661,9.8215,YA_COW_Transect 1,1.0238,,6.904,0.472,3516.753,19.691,,,-1162.173,229.218,-3311.248,YA_COW,Peter,Pomacentridae,Chromis,ternatensis,37372051,1,AD,Passing,
GX010042_L.MP4,17661,9.8215,YA_COW_Transect 1,1.0238,,6.023,0.523,3246.057,18.856,,,-1018.904,247.963,-3072.008,YA_COW,Peter,Pomacentridae,Chromis,ternatensis,37372051,1,AD,Passing,
GX010042_L.MP4,17661,9.8215,YA_COW_Transect 1,1.0238,,6.777,1.454,3430.548,17.481,,,-992.596,274.918,-3272.283,YA_COW,Peter,Pomacentridae,Chromis,ternatensis,37372051,1,AD,Passing,
GX010042_L.MP4,17661,9.8215,YA_COW_Transect 1,1.0238,,9.017,2.456,3977.408,16.17,,,-1074.425,266.972,-3820.224,YA_COW,Peter,Pomacentridae,Chromis,ternatensis,37372051,1,AD,Passing,
GX010042_L.MP4,17661,9.8215,YA_COW_Transect 1,1.0238,,5.841,2.023,3153.934,15.765,,,-840.955,162.876,-3035.385,YA_COW,Peter,Pomacentridae,Chromis,ternatensis,37372051,1,AD,Passing,
GX010042_L.MP4,17661,9.8215,YA_COW_Transect 1,1.0238,,5.881,3.382,3137.669,13.423,,,-706.963,173.595,-3052.054,YA_COW,Peter,Pomacentridae,Chromis,ternatensis,37372051,1,AD,Passing,
GX010042_L.MP4,17661,9.8215,YA_COW_Transect 1,1.0238,,5.97,1.169,3288.721,21.92,,,-1193.612,285.597,-3051.133,YA_COW,Peter,Pomacentridae,Chromis,ternatensis,37372051,1,AD,Passing,
GX010042_L.MP4,17661,9.8215,YA_COW_Transect 1,1.0238,,5.854,8.801,3262.913,21.94,,,-1196.544,231.872,-3026.734,YA_COW,Peter,Pomacentridae,Chromis,ternatensis,37372051,1,AD,Passing,
GX010042_L.MP4,17661,9.8215,YA_COW_Transect 1,1.0238,,6.359,0.911,3362.347,21.298,,,-1145.642,421.296,-3132.952,YA_COW,Peter,Pomacentridae,Chromis,ternatensis,37372051,1,AD,Passing,
GX010042_L.MP4,17661,9.8215,YA_COW_Transect 1,1.0238,,9.497,2.593,4087.899,19.189,,,-1216.571,568.026,-3861.116,YA_COW,Peter,Pomacentridae,Chromis,ternatensis,37372051,1,AD,Passing,
GX010042_L.MP4,17661,9.8215,YA_COW_Transect 1,1.0238,,9.516,6.586,4093.286,18.951,,,-1212.968,541.577,-3871.743,YA_COW,Peter,Pomacentridae,Chromis,ternatensis,37372051,1,AD,Passing,
GX010042_L.MP4,17661,9.8215,YA_COW_Transect 1,1.0238,,7.468,1.016,3622.577,19.022,,,-1111.16,397.238,-3424.995,YA_COW,Peter,Pomacentridae,Chromis,ternatensis,37372051,1,AD,Passing,
GX010042_L.MP4,17661,9.8215,YA_COW_Transect 1,1.0238,,8.266,0.56,3777.401,15.931,,,-976.34,346.836,-3632.523,YA_COW,Peter,Pomacentridae,Chromis,ternatensis,37372051,1,AD,Passing,
GX010042_L.MP4,17661,9.8215,YA_COW_Transect 1,1.0238,,6.955,0.602,3454.304,16.849,,,-937.445,349.657,-3306.229,YA_COW,Peter,Pomacentridae,Chromis,ternatensis,37372051,1,AD,Passing,
GX010042_L.MP4,17661,9.8215,YA_COW_Transect 1,1.0238,,8.321,8.337,3785.425,16.599,,,-992.3,427.629,-3627.936,YA_COW,Peter,Pomacentridae,Chromis,ternatensis,37372051,1,AD,Passing,
GX010042_L.MP4,17661,9.8215,YA_COW_Transect 1,1.0238,,11.601,0.955,4482.355,16.956,,,-1141.91,633.829,-4287.868,YA_COW,Peter,Pomacentridae,Chromis,ternatensis,37372051,1,AD,Passing,
GX010042_L.MP4,17661,9.8215,YA_COW_Transect 1,1.0238,,4.672,0.517,2949.382,25.721,,,-1236.574,329.073,-2657.339,YA_COW,Peter,Pomacentridae,Chromis,ternatensis,37372051,1,AD,Passing,
GX010042_L.MP4,17661,9.8215,YA_COW_Transect 1,1.0238,,3.88,0.684,2681.615,26.348,,,-1160.615,262.184,-2403.183,YA_COW,Peter,Pomacentridae,Chromis,ternatensis,37372051,1,AD,Passing,
GX010042_L.MP4,17661,9.8215,YA_COW_Transect 1,1.0238,136.292,2.271,4.217,2756.382,19.907,1.489,6.832,158.932,-924.967,-2591.683,YA_COW,Peter,Holocentridae,Myripristis,violacea,37261014,1,AD,Passing,
GX010042_L.MP4,17682,9.8332,YA_COW_Transect 1,1.0355,,7.302,15.737,3649.552,30.996,,,1508.404,-1122.966,-3127.762,YA_COW,Peter,Pomacentridae,Neoglyphidodon,carlsoni,temp_code_008,1,AD,Passing,
GX010042_L.MP4,17700,9.8432,YA_COW_Transect 1,1.0455,300.454,17.303,10.666,3876.947,31.528,81.32,12.486,1916.647,-660.666,-3304.649,YA_COW,Peter,Lutjanidae,Lutjanus,monostigma,37346045,1,AD,Passing,
GX010042_L.MP4,17700,9.8432,YA_COW_Transect 1,1.0455,,4.391,0.338,2785.277,27.922,,,1167.051,-583.731,-2460.695,YA_COW,Peter,Pomacentridae,Amblyglyphidodon,orbicularis,temp_code_001,1,AD,Passing,
GX010042_L.MP4,17700,9.8432,YA_COW_Transect 1,1.0455,68.313,5.719,4.989,2975.376,24.687,18.997,38.978,1098.892,-580.281,-2703.437,YA_COW,Peter,Pomacentridae,Chromis,ternatensis,37372051,1,AD,Passing,
GX010042_L.MP4,17709,9.8482,YA_COW_Transect 1,1.0505,161.654,7.277,4.051,2350.05,25.589,82.813,12.665,-1010.304,-97.775,-2119.543,YA_COW,Peter,Holocentridae,Myripristis,violacea,37261014,1,AD,Passing,
GX010042_L.MP4,17715,9.8515,YA_COW_Transect 1,1.0538,95.141,7.44,4.489,2518.712,17.101,42.4,13.823,-498.617,-547.643,-2407.359,YA_COW,Peter,Pomacentridae,Chrysiptera,biocellata,37372058,1,AD,Passing,
GX010042_L.MP4,17752,9.8721,YA_COW_Transect 1,1.0744,,5.006,0.988,2857.921,5.258,,,-258.22,42.033,-2845.921,YA_COW,Peter,Pomacentridae,Amblyglyphidodon,orbicularis,temp_code_001,1,AD,Passing,
GX010042_L.MP4,17752,9.8721,YA_COW_Transect 1,1.0744,67.584,2.768,1.04,2449.048,10.649,9.372,56.154,-194.792,-408.509,-2406.867,YA_COW,Peter,Pomacentridae,Chromis,ternatensis,37372051,1,AD,Passing,
GX010042_L.MP4,17752,9.8721,YA_COW_Transect 1,1.0744,,3.908,2.468,2491.456,6.165,,,-253.619,83.752,-2477.098,YA_COW,Peter,Pomacentridae,Chromis,ternatensis,37372051,1,AD,Passing,
GX010042_L.MP4,17752,9.8721,YA_COW_Transect 1,1.0744,,4.46,2.38,2670.797,8.91,,,-339.542,234.731,-2638.706,YA_COW,Peter,Pomacentridae,Chromis,ternatensis,37372051,1,AD,Passing,
GX010042_L.MP4,17752,9.8721,YA_COW_Transect 1,1.0744,,4.97,0.275,2832.97,11.501,,,-471.237,309.855,-2776.265,YA_COW,Peter,Pomacentridae,Chromis,ternatensis,37372051,1,AD,Passing,
GX010042_L.MP4,17752,9.8721,YA_COW_Transect 1,1.0744,,4.398,2.537,2658.24,12.494,,,-507.152,269.618,-2595.447,YA_COW,Peter,Pomacentridae,Chromis,ternatensis,37372051,1,AD,Passing,
GX010042_L.MP4,17752,9.8721,YA_COW_Transect 1,1.0744,,4.724,0.037,2769.976,13.388,,,-576.369,279.721,-2694.87,YA_COW,Peter,Pomacentridae,Chromis,ternatensis,37372051,1,AD,Passing,
GX010042_L.MP4,17752,9.8721,YA_COW_Transect 1,1.0744,,3.795,0.505,2457.926,11.698,,,-470.736,-164.97,-2406.781,YA_COW,Peter,Pomacentridae,Chromis,ternatensis,37372051,1,AD,Passing,
GX010042_L.MP4,17752,9.8721,YA_COW_Transect 1,1.0744,,4.451,0.249,2714.636,15.524,,,-705.838,-173.854,-2615.495,YA_COW,Peter,Pomacentridae,Chromis,ternatensis,37372051,1,AD,Passing,
GX010042_L.MP4,17752,9.8721,YA_COW_Transect 1,1.0744,,2.556,1.038,2001.869,16.479,,,-564.903,-59.092,-1919.602,YA_COW,Peter,Pomacentridae,Chromis,ternatensis,37372051,1,AD,Passing,
GX010042_L.MP4,17752,9.8721,YA_COW_Transect 1,1.0744,,2.815,0.599,2126.775,18.046,,,-644.979,-135.624,-2022.074,YA_COW,Peter,Pomacentridae,Chromis,ternatensis,37372051,1,AD,Passing,
GX010042_L.MP4,17752,9.8721,YA_COW_Transect 1,1.0744,,3.205,3.593,2252.186,13.782,,,-529.086,87.869,-2187.393,YA_COW,Peter,Pomacentridae,Chromis,ternatensis,37372051,1,AD,Passing,
GX010042_L.MP4,17752,9.8721,YA_COW_Transect 1,1.0744,,3.608,0.153,2410.926,15.389,,,-609.224,194.002,-2324.602,YA_COW,Peter,Pomacentridae,Chromis,ternatensis,37372051,1,AD,Passing,
GX010042_L.MP4,17752,9.8721,YA_COW_Transect 1,1.0744,,2.88,1.099,2157.203,18.252,,,-665.861,113.293,-2048.736,YA_COW,Peter,Pomacentridae,Chromis,ternatensis,37372051,1,AD,Passing,
GX010042_L.MP4,17752,9.8721,YA_COW_Transect 1,1.0744,,2.867,1.207,2160.634,19.034,,,-695.184,113.889,-2042.568,YA_COW,Peter,Pomacentridae,Chromis,ternatensis,37372051,1,AD,Passing,
GX010042_L.MP4,17752,9.8721,YA_COW_Transect 1,1.0744,,2.453,1.691,2005.606,21.36,,,-728.448,53.768,-1867.867,YA_COW,Peter,Pomacentridae,Chromis,ternatensis,37372051,1,AD,Passing,
GX010042_L.MP4,17752,9.8721,YA_COW_Transect 1,1.0744,,2.795,1.89,2169.19,22.051,,,-805.784,116.95,-2010.577,YA_COW,Peter,Pomacentridae,Chromis,ternatensis,37372051,1,AD,Passing,
GX010042_L.MP4,17752,9.8721,YA_COW_Transect 1,1.0744,,2.984,0.388,2234.962,21.183,,,-790.488,164.118,-2084.047,YA_COW,Peter,Pomacentridae,Chromis,ternatensis,37372051,1,AD,Passing,
GX010042_L.MP4,17752,9.8721,YA_COW_Transect 1,1.0744,,3.633,1.311,2545.573,24.447,,,-1019.789,262.921,-2317.509,YA_COW,Peter,Pomacentridae,Chromis,ternatensis,37372051,1,AD,Passing,
GX010042_L.MP4,17752,9.8721,YA_COW_Transect 1,1.0744,,3.127,1.556,2326.05,23.9,,,-902.081,271.361,-2126.764,YA_COW,Peter,Pomacentridae,Chromis,ternatensis,37372051,1,AD,Passing,
GX010042_L.MP4,17752,9.8721,YA_COW_Transect 1,1.0744,,2.447,0.128,2048.917,25.097,,,-854.644,156.585,-1855.566,YA_COW,Peter,Pomacentridae,Chromis,ternatensis,37372051,1,AD,Passing,
GX010042_L.MP4,17752,9.8721,YA_COW_Transect 1,1.0744,,3.331,0.507,2478.938,27.394,,,-1108.712,266.484,-2201.108,YA_COW,Peter,Pomacentridae,Chromis,ternatensis,37372051,1,AD,Passing,
GX010042_L.MP4,17752,9.8721,YA_COW_Transect 1,1.0744,,8.161,4.079,3889.806,27.442,,,-1495.912,985.765,-3452.695,YA_COW,Peter,Pomacentridae,Chromis,ternatensis,37372051,1,AD,Passing,
GX010042_L.MP4,17752,9.8721,YA_COW_Transect 1,1.0744,,8.55,5.688,4018.547,28.237,,,-1624.955,984.944,-3540.922,YA_COW,Peter,Pomacentridae,Chromis,ternatensis,37372051,1,AD,Passing,
GX010042_L.MP4,17752,9.8721,YA_COW_Transect 1,1.0744,,7.153,7.491,3639.54,26.853,,,-1422.105,822.913,-3247.566,YA_COW,Peter,Pomacentridae,Chromis,ternatensis,37372051,1,AD,Passing,
GX010042_L.MP4,17752,9.8721,YA_COW_Transect 1,1.0744,,7.767,5.78,3826.682,28.161,,,-1557.019,913.136,-3374.221,YA_COW,Peter,Pomacentridae,Chromis,ternatensis,37372051,1,AD,Passing,
GX010042_L.MP4,17752,9.8721,YA_COW_Transect 1,1.0744,,5.994,1.382,3366.663,28.388,,,-1430.299,716.782,-2962.243,YA_COW,Peter,Pomacentridae,Chromis,ternatensis,37372051,1,AD,Passing,
GX010042_L.MP4,17752,9.8721,YA_COW_Transect 1,1.0744,,7.52,9.963,3792.49,28.538,,,-1609.121,830.777,-3332.195,YA_COW,Peter,Pomacentridae,Chromis,ternatensis,37372051,1,AD,Passing,
GX010042_L.MP4,17752,9.8721,YA_COW_Transect 1,1.0744,,7.437,0.52,3796.37,29.49,,,-1669.507,837.9,-3305.01,YA_COW,Peter,Pomacentridae,Chromis,ternatensis,37372051,1,AD,Passing,
GX010042_L.MP4,17752,9.8721,YA_COW_Transect 1,1.0744,,8.413,5.086,4041.128,29.586,,,-1762.382,933.364,-3514.762,YA_COW,Peter,Pomacentridae,Chromis,ternatensis,37372051,1,AD,Passing,
GX010042_L.MP4,17752,9.8721,YA_COW_Transect 1,1.0744,,7.034,3.639,3730.676,29.206,,,-1713.02,614.079,-3256.749,YA_COW,Peter,Pomacentridae,Chromis,ternatensis,37372051,1,AD,Passing,
GX010042_L.MP4,17752,9.8721,YA_COW_Transect 1,1.0744,,5.827,0.559,3172.614,22.8,,,-1008.199,701.915,-2925.12,YA_COW,Peter,Pomacentridae,Chromis,ternatensis,37372051,1,AD,Passing,
GX010042_L.MP4,17752,9.8721,YA_COW_Transect 1,1.0744,,7.318,1.861,3677.321,25.854,,,-1420.644,741.97,-3309.674,YA_COW,Peter,Pomacentridae,Chromis,ternatensis,37372051,1,AD,Passing,
GX010042_L.MP4,17752,9.8721,YA_COW_Transect 1,1.0744,,5.292,0.669,3023.177,22.315,,,-986.696,584.919,-2797.124,YA_COW,Peter,Pomacentridae,Chromis,ternatensis,37372051,1,AD,Passing,
GX010042_L.MP4,17752,9.8721,YA_COW_Transect 1,1.0744,,5.502,4.781,3130.997,23.597,,,-1132.675,534.943,-2869.499,YA_COW,Peter,Pomacentridae,Chromis,ternatensis,37372051,1,AD,Passing,
GX010042_L.MP4,17752,9.8721,YA_COW_Transect 1,1.0744,,6.795,3.987,3561.78,25.482,,,-1419.9,574.437,-3215.616,YA_COW,Peter,Pomacentridae,Chromis,ternatensis,37372051,1,AD,Passing,
GX010042_L.MP4,17752,9.8721,YA_COW_Transect 1,1.0744,,8.302,5.292,3965.926,25.648,,,-1596.293,629.345,-3575.519,YA_COW,Peter,Pomacentridae,Chromis,ternatensis,37372051,1,AD,Passing,
GX010042_L.MP4,17752,9.8721,YA_COW_Transect 1,1.0744,,4.967,2.011,2991.56,24.073,,,-1141.16,430.652,-2731.616,YA_COW,Peter,Pomacentridae,Chromis,ternatensis,37372051,1,AD,Passing,
GX010042_L.MP4,17752,9.8721,YA_COW_Transect 1,1.0744,,6.91,2.019,3476.651,20.772,,,-1103.828,547.506,-3250.985,YA_COW,Peter,Pomacentridae,Chromis,ternatensis,37372051,1,AD,Passing,
GX010042_L.MP4,17752,9.8721,YA_COW_Transect 1,1.0744,,7.379,7.29,3610.753,20.733,,,-1168.299,516.698,-3377.223,YA_COW,Peter,Pomacentridae,Chromis,ternatensis,37372051,1,AD,Passing,
GX010042_L.MP4,17752,9.8721,YA_COW_Transect 1,1.0744,,3.831,1.981,2512.604,18.201,,,-729.659,287.585,-2387.063,YA_COW,Peter,Pomacentridae,Chromis,ternatensis,37372051,1,AD,Passing,
GX010042_L.MP4,17752,9.8721,YA_COW_Transect 1,1.0744,,5.767,1.392,3064.548,14.717,,,-590.905,505.131,-2964.309,YA_COW,Peter,Pomacentridae,Chromis,ternatensis,37372051,1,AD,Passing,
GX010042_L.MP4,17752,9.8721,YA_COW_Transect 1,1.0744,,5.225,0.319,2914.374,13.758,,,-575.306,384.92,-2830.978,YA_COW,Peter,Pomacentridae,Chromis,ternatensis,37372051,1,AD,Passing,
GX010042_L.MP4,17752,9.8721,YA_COW_Transect 1,1.0744,,7.941,0.62,3658.496,14.738,,,-813.009,451.007,-3538.39,YA_COW,Peter,Pomacentridae,Chromis,ternatensis,37372051,1,AD,Passing,
GX010042_L.MP4,17752,9.8721,YA_COW_Transect 1,1.0744,,7.357,3.19,3504.097,18.046,,,-821.511,707.572,-3332.14,YA_COW,Peter,Pomacentridae,Chromis,ternatensis,37372051,1,AD,Passing,
GX010042_L.MP4,17752,9.8721,YA_COW_Transect 1,1.0744,,7.423,2.557,3482.713,11.557,,,-270.758,641.091,-3412.474,YA_COW,Peter,Pomacentridae,Chromis,ternatensis,37372051,1,AD,Passing,
GX010042_L.MP4,17752,9.8721,YA_COW_Transect 1,1.0744,,10.351,0.695,4137.467,14.649,,,-564.572,878.631,-4003.486,YA_COW,Peter,Pomacentridae,Chromis,ternatensis,37372051,1,AD,Passing,
GX010042_L.MP4,17752,9.8721,YA_COW_Transect 1,1.0744,,10.185,0.684,4115.451,16.331,,,-747.351,881.22,-3949.919,YA_COW,Peter,Pomacentridae,Chromis,ternatensis,37372051,1,AD,Passing,
GX010042_L.MP4,17752,9.8721,YA_COW_Transect 1,1.0744,,8.633,0.477,3788.554,9.106,,,-232.065,550.677,-3741.129,YA_COW,Peter,Pomacentridae,Chromis,ternatensis,37372051,1,AD,Passing,
GX010042_L.MP4,17752,9.8721,YA_COW_Transect 1,1.0744,,5.856,0.516,3093.751,6.69,,,-132.609,333.337,-3072.881,YA_COW,Peter,Pomacentridae,Chromis,ternatensis,37372051,1,AD,Passing,
GX010042_L.MP4,17752,9.8721,YA_COW_Transect 1,1.0744,,6.976,1.448,3396.492,6.649,,,-4.468,391.244,-3373.88,YA_COW,Peter,Pomacentridae,Chromis,ternatensis,37372051,1,AD,Passing,
GX010042_L.MP4,17752,9.8721,YA_COW_Transect 1,1.0744,,8.948,1.044,3884.845,6.184,,,17.648,415.866,-3862.482,YA_COW,Peter,Pomacentridae,Chromis,ternatensis,37372051,1,AD,Passing,
GX010042_L.MP4,17752,9.8721,YA_COW_Transect 1,1.0744,,7.9,1.537,3628.514,7.284,,,-143.844,434.889,-3599.485,YA_COW,Peter,Pomacentridae,Chromis,ternatensis,37372051,1,AD,Passing,
GX010042_L.MP4,17752,9.8721,YA_COW_Transect 1,1.0744,,2.552,3.203,1950.656,10.518,,,213.645,-286.002,-1917.711,YA_COW,Peter,Pomacentridae,Chromis,ternatensis,37372051,1,AD,Passing,
GX010042_L.MP4,17752,9.8721,YA_COW_Transect 1,1.0744,,3.269,1.14,2233.249,11.177,,,340.868,-268.119,-2190.735,YA_COW,Peter,Pomacentridae,Chromis,ternatensis,37372051,1,AD,Passing,
GX010042_L.MP4,17752,9.8721,YA_COW_Transect 1,1.0744,,2.859,0.075,2073.753,12.379,,,284.581,-342.717,-2025.342,YA_COW,Peter,Pomacentridae,Chromis,ternatensis,37372051,1,AD,Passing,
GX010042_L.MP4,17752,9.8721,YA_COW_Transect 1,1.0744,,3.195,2.745,2214.4,8.039,,,113.265,-289.491,-2192.472,YA_COW,Peter,Pomacentridae,Chromis,ternatensis,37372051,1,AD,Passing,
GX010042_L.MP4,17752,9.8721,YA_COW_Transect 1,1.0744,,2.93,0.52,2109.733,7.281,,,199.357,-179.38,-2092.619,YA_COW,Peter,Pomacentridae,Chromis,ternatensis,37372051,1,AD,Passing,
GX010042_L.MP4,17867,9.936,YA_COW_Transect 1,1.1384,60.875,3.442,10.385,1840.924,22.78,35.842,14.58,-625.263,-342.247,-1697.326,YA_COW,Peter,Pomacentridae,Chromis,ternatensis,37372051,1,AD,Passing,
GX010042_L.MP4,17867,9.936,YA_COW_Transect 1,1.1384,49.34,2.437,4.971,2046.247,15.516,20.538,57.144,-452.984,-307.289,-1971.675,YA_COW,Peter,Pomacentridae,Chromis,ternatensis,37372051,1,AD,Passing,
GX010042_L.MP4,17867,9.936,YA_COW_Transect 1,1.1384,61.339,2.591,3.144,1948.386,15.517,17.801,26.663,-290.724,-432.62,-1877.373,YA_COW,Peter,Pomacentridae,Chromis,ternatensis,37372051,1,AD,Passing,
GX010042_L.MP4,17867,9.936,YA_COW_Transect 1,1.1384,63.122,5.447,7.592,2065.86,12.921,43.074,9.401,-77.54,-455.373,-2013.554,YA_COW,Peter,Pomacentridae,Chromis,ternatensis,37372051,1,AD,Passing,
GX010042_L.MP4,17867,9.936,YA_COW_Transect 1,1.1384,44.744,2.102,2.723,1893.662,17.176,12.984,50.21,-465.947,-309.217,-1809.209,YA_COW,Peter,Pomacentridae,Chromis,viridis,37372053,1,AD,Passing,
GX010042_L.MP4,17924,9.9677,YA_COW_Transect 1,1.1701,67.668,4.526,2.669,1833.025,17.632,56.281,22.613,-302.725,-465.446,-1746.911,YA_COW,Peter,Pomacentridae,Amblyglyphidodon,orbicularis,temp_code_001,1,AD,Passing,
GX010042_L.MP4,17964,9.99,YA_COW_Transect 1,1.1923,86.665,6.951,2.667,3026.846,16.885,19.939,12.674,-867.56,-142.215,-2896.361,YA_COW,Peter,Pomacentridae,Amblyglyphidodon,orbicularis,temp_code_001,1,AD,Passing,
GX010042_L.MP4,17964,9.99,YA_COW_Transect 1,1.1923,,4.693,2.504,2962.095,24.474,,,-1226.525,-39.83,-2695.933,YA_COW,Peter,Pomacentridae,Amblyglyphidodon,orbicularis,temp_code_001,1,AD,Passing,
GX010042_L.MP4,18032,10.0278,YA_COW_Transect 1,1.2301,80.523,1.783,1.894,1442.752,14.476,17.405,7.573,-340.282,-119.487,-1396.948,YA_COW,Peter,Pomacentridae,Amblyglyphidodon,curacao,37372017,1,AD,Passing,
GX010042_L.MP4,18032,10.0278,YA_COW_Transect 1,1.2301,66.474,2.039,1.364,1570.443,16.331,21.453,6.47,253.57,-361.541,-1507.077,YA_COW,Peter,Pomacentridae,Chromis,ternatensis,37372051,1,AD,Passing,
GX010042_L.MP4,18032,10.0278,YA_COW_Transect 1,1.2301,48.596,2.331,2.493,1568.097,14.361,28.504,3.238,78.492,-380.92,-1519.101,YA_COW,Peter,Pomacentridae,Chromis,ternatensis,37372051,1,AD,Passing,
GX010042_L.MP4,18032,10.0278,YA_COW_Transect 1,1.2301,60.285,1.638,8.906,1221.056,20.529,37.354,13.956,-257.999,-341.759,-1143.51,YA_COW,Peter,Pomacentridae,Chromis,ternatensis,37372051,1,AD,Passing,
GX010042_L.MP4,18032,10.0278,YA_COW_Transect 1,1.2301,57.866,1.472,1.608,1427.197,14.55,17.787,8.952,4.145,-358.529,-1381.424,YA_COW,Peter,Pomacentridae,Chromis,ternatensis,37372051,1,AD,Passing,
GX010042_L.MP4,18032,10.0278,YA_COW_Transect 1,1.2301,53.779,3.282,0.848,1579.479,13.268,53.076,29.787,3.984,-362.475,-1537.319,YA_COW,Peter,Pomacentridae,Chromis,ternatensis,37372051,1,AD,Passing,
GX010042_L.MP4,18032,10.0278,YA_COW_Transect 1,1.2301,71.607,2.848,4.606,1745.705,12.203,26.746,1.978,-202.501,-308.453,-1706.264,YA_COW,Peter,Pomacentridae,Chromis,ternatensis,37372051,1,AD,Passing,
GX010042_L.MP4,18032,10.0278,YA_COW_Transect 1,1.2301,45.645,2.038,4.131,1566.889,15.766,17.357,8.011,-388.562,-173.99,-1507.942,YA_COW,Peter,Pomacentridae,Chromis,ternatensis,37372051,1,AD,Passing,
GX010042_L.MP4,18032,10.0278,YA_COW_Transect 1,1.2301,77.959,4.855,10.11,2067.155,10.5,35.298,4.708,-178.986,-331.478,-2032.539,YA_COW,Peter,Pomacentridae,Chromis,ternatensis,37372051,1,AD,Passing,
GX010042_L.MP4,18119,10.0762,YA_COW_Transect 1,1.2785,90.351,5.273,12.318,2179.594,6.239,36.022,23.521,98.131,-215.57,-2166.687,YA_COW,Peter,Pomacentridae,Amblyglyphidodon,curacao,37372017,1,AD,Passing,
GX010042_L.MP4,18119,10.0762,YA_COW_Transect 1,1.2785,238.575,22.077,17.845,3994.271,24.063,71.912,7.058,1578.565,-400.672,-3647.162,YA_COW,Peter,Lutjanidae,Lutjanus,monostigma,37346045,1,AD,Passing,
GX010042_L.MP4,18154,10.0956,YA_COW_Transect 1,1.298,47.771,1.729,5.255,1112.109,15.939,53.589,10.692,-176.205,-249.437,-1069.355,YA_COW,Peter,Pomacentridae,Pomacentrus,maafu,temp_code_005,1,AD,Passing,
GX010042_L.MP4,18166,10.1023,YA_COW_Transect 1,1.3046,67.081,3.559,3.049,1520.422,19.163,78.222,14.43,-497.739,-36.591,-1436.175,YA_COW,Peter,Pomacentridae,Pomacentrus,maafu,temp_code_005,1,AD,Passing,
GX010042_L.MP4,18166,10.1023,YA_COW_Transect 1,1.3046,56.88,2.768,2.604,1386.631,19.978,60.833,8.283,-473.747,0.734,-1303.192,YA_COW,Peter,Pomacentridae,Pomacentrus,maafu,temp_code_005,1,AD,Passing,
GX010042_L.MP4,18301,10.1774,YA_COW_Transect 1,1.3797,,4.391,5.294,2666.511,16.947,,,764.424,-142.157,-2550.633,YA_COW,Peter,Pomacentridae,Dascyllus,aruanus,37372073,1,AD,Passing,
GX010042_L.MP4,18301,10.1774,YA_COW_Transect 1,1.3797,,5.629,5.661,3036.89,8.001,,,-367.101,-211.375,-3007.202,YA_COW,Peter,Pomacentridae,Pomacentrus,maafu,temp_code_005,1,AD,Passing,
GX010042_L.MP4,18301,10.1774,YA_COW_Transect 1,1.3797,,4.983,1.957,2842.225,8.579,,,-379.178,188.034,-2810.536,YA_COW,Peter,Pomacentridae,Amblyglyphidodon,orbicularis,temp_code_001,1,AD,Passing,
GX010042_L.MP4,18301,10.1774,YA_COW_Transect 1,1.3797,69.94,5.683,6.126,2333.479,25.401,63.5,34.884,-1000.946,0.207,-2107.898,YA_COW,Peter,Pomacentridae,Chromis,ternatensis,37372051,1,AD,Passing,
GX010042_L.MP4,18301,10.1774,YA_COW_Transect 1,1.3797,51.473,3.894,5.645,2280.944,19.198,30.084,42.807,-749.57,26.754,-2154.097,YA_COW,Peter,Pomacentridae,Chromis,ternatensis,37372051,1,AD,Passing,
GX010042_L.MP4,18301,10.1774,YA_COW_Transect 1,1.3797,,3.796,6.346,2547.369,19.837,,,-861.839,65.438,-2396.255,YA_COW,Peter,Pomacentridae,Chromis,ternatensis,37372051,1,AD,Passing,
GX010042_L.MP4,18301,10.1774,YA_COW_Transect 1,1.3797,,3.433,1.231,2505.793,25.812,,,-1080.938,147.042,-2255.87,YA_COW,Peter,Pomacentridae,Chromis,ternatensis,37372051,1,AD,Passing,
GX010042_L.MP4,18301,10.1774,YA_COW_Transect 1,1.3797,,3.476,1.057,2533.041,26.78,,,-1117.901,228.566,-2261.493,YA_COW,Peter,Pomacentridae,Chromis,ternatensis,37372051,1,AD,Passing,
GX010042_L.MP4,18301,10.1774,YA_COW_Transect 1,1.3797,,5.108,1.898,3021.758,22.478,,,-1105.411,334.269,-2792.374,YA_COW,Peter,Pomacentridae,Chromis,ternatensis,37372051,1,AD,Passing,
GX010042_L.MP4,18301,10.1774,YA_COW_Transect 1,1.3797,,5.388,3.03,3204.989,26.305,,,-1378.855,338.858,-2873.306,YA_COW,Peter,Pomacentridae,Chromis,ternatensis,37372051,1,AD,Passing,
GX010042_L.MP4,18301,10.1774,YA_COW_Transect 1,1.3797,,4.352,1.725,2692.45,16.098,,,-739.383,101.922,-2586.931,YA_COW,Peter,Pomacentridae,Chromis,ternatensis,37372051,1,AD,Passing,
GX010042_L.MP4,18301,10.1774,YA_COW_Transect 1,1.3797,,4.054,4.129,2580.636,15.058,,,-668.171,53.413,-2492.062,YA_COW,Peter,Pomacentridae,Chromis,ternatensis,37372051,1,AD,Passing,
GX010042_L.MP4,18301,10.1774,YA_COW_Transect 1,1.3797,,3.937,5.487,2507.139,9.667,,,-420.957,4.762,-2471.542,YA_COW,Peter,Pomacentridae,Chromis,ternatensis,37372051,1,AD,Passing,
GX010042_L.MP4,18301,10.1774,YA_COW_Transect 1,1.3797,,4.402,6.481,2679.721,12.584,,,-580.429,-64.498,-2615.31,YA_COW,Peter,Pomacentridae,Chromis,ternatensis,37372051,1,AD,Passing,
GX010042_L.MP4,18301,10.1774,YA_COW_Transect 1,1.3797,,4.477,2.821,2714.742,14.25,,,-656.838,-124.509,-2631.138,YA_COW,Peter,Pomacentridae,Chromis,ternatensis,37372051,1,AD,Passing,
GX010042_L.MP4,18301,10.1774,YA_COW_Transect 1,1.3797,,5.641,7.076,3062.29,12.188,,,-633.416,-131.335,-2993.185,YA_COW,Peter,Pomacentridae,Chromis,ternatensis,37372051,1,AD,Passing,
GX010042_L.MP4,18301,10.1774,YA_COW_Transect 1,1.3797,,4.586,4.493,2757.743,15.042,,,-702.076,-140.538,-2663.172,YA_COW,Peter,Pomacentridae,Chromis,ternatensis,37372051,1,AD,Passing,
GX010042_L.MP4,18301,10.1774,YA_COW_Transect 1,1.3797,,4.513,11.549,2751.269,16.722,,,-775.816,-158.932,-2634.831,YA_COW,Peter,Pomacentridae,Chromis,ternatensis,37372051,1,AD,Passing,
GX010042_L.MP4,18301,10.1774,YA_COW_Transect 1,1.3797,,3.063,3.931,2230.486,18.115,,,-675.731,-157.245,-2119.842,YA_COW,Peter,Pomacentridae,Chromis,ternatensis,37372051,1,AD,Passing,
GX010042_L.MP4,18301,10.1774,YA_COW_Transect 1,1.3797,,2.979,2.278,2139.848,8.878,,,-271.724,-188.943,-2114.099,YA_COW,Peter,Pomacentridae,Chromis,ternatensis,37372051,1,AD,Passing,
GX010042_L.MP4,18301,10.1774,YA_COW_Transect 1,1.3797,,4.526,6.419,2696.778,7.063,,,-283.198,170.89,-2676.417,YA_COW,Peter,Pomacentridae,Chromis,ternatensis,37372051,1,AD,Passing,
GX010042_L.MP4,18301,10.1774,YA_COW_Transect 1,1.3797,,4.265,2.501,2604.417,8.647,,,-296.733,253.944,-2574.966,YA_COW,Peter,Pomacentridae,Chromis,ternatensis,37372051,1,AD,Passing,
GX010042_L.MP4,18301,10.1774,YA_COW_Transect 1,1.3797,,4.419,8.322,2647.405,9.977,,,-280.555,361.31,-2607.585,YA_COW,Peter,Pomacentridae,Chromis,ternatensis,37372051,1,AD,Passing,
GX010042_L.MP4,18301,10.1774,YA_COW_Transect 1,1.3797,,4.658,10.783,2762.809,14.289,,,-641.415,229.866,-2677.473,YA_COW,Peter,Pomacentridae,Chromis,ternatensis,37372051,1,AD,Passing,
GX010042_L.MP4,18301,10.1774,YA_COW_Transect 1,1.3797,,4.598,6.975,2734.29,13.977,,,-599.965,274.442,-2653.5,YA_COW,Peter,Pomacentridae,Chromis,ternatensis,37372051,1,AD,Passing,
GX010042_L.MP4,18301,10.1774,YA_COW_Transect 1,1.3797,,5.552,7.361,3020.051,13.721,,,-629.304,340.524,-2934.064,YA_COW,Peter,Pomacentridae,Chromis,ternatensis,37372051,1,AD,Passing,
GX010042_L.MP4,18301,10.1774,YA_COW_Transect 1,1.3797,,6.57,5.981,3357.001,14.671,,,-850.093,14.077,-3247.553,YA_COW,Peter,Pomacentridae,Chromis,ternatensis,37372051,1,AD,Passing,
GX010042_L.MP4,18301,10.1774,YA_COW_Transect 1,1.3797,,5.228,4.665,2881.597,15.143,,,622.498,421.64,-2781.783,YA_COW,Peter,Pomacentridae,Chromis,ternatensis,37372051,1,AD,Passing,
GX010042_L.MP4,18301,10.1774,YA_COW_Transect 1,1.3797,,5.597,2.736,3008.526,8.705,,,-163.721,423.143,-2974.118,YA_COW,Peter,Pomacentridae,Chromis,ternatensis,37372051,1,AD,Passing,
GX010042_L.MP4,18301,10.1774,YA_COW_Transect 1,1.3797,,4.963,1.218,2823.583,7.598,,,-109.166,355.369,-2799.003,YA_COW,Peter,Pomacentridae,Chromis,ternatensis,37372051,1,AD,Passing,
GX010042_L.MP4,18301,10.1774,YA_COW_Transect 1,1.3797,,5.574,5.207,3002.629,8.211,,,-70.985,421.173,-2972.096,YA_COW,Peter,Pomacentridae,Chromis,ternatensis,37372051,1,AD,Passing,
GX010042_L.MP4,18301,10.1774,YA_COW_Transect 1,1.3797,,5.032,11.564,2835.858,9.165,,,1.084,450.052,-2799.918,YA_COW,Peter,Pomacentridae,Chromis,ternatensis,37372051,1,AD,Passing,
GX010042_L.MP4,18301,10.1774,YA_COW_Transect 1,1.3797,,6.848,7.847,3334.625,12.585,,,-123.334,714.101,-3254.93,YA_COW,Peter,Pomacentridae,Chromis,ternatensis,37372051,1,AD,Passing,
GX010042_L.MP4,18301,10.1774,YA_COW_Transect 1,1.3797,,5.093,4.538,2840.219,11.114,,,182.975,514.361,-2787.256,YA_COW,Peter,Pomacentridae,Chromis,ternatensis,37372051,1,AD,Passing,
GX010042_L.MP4,18301,10.1774,YA_COW_Transect 1,1.3797,,6.405,6.468,3290.31,18.354,,,1019.651,182.014,-3123.031,YA_COW,Peter,Pomacentridae,Chromis,ternatensis,37372051,1,AD,Passing,
GX010042_L.MP4,18301,10.1774,YA_COW_Transect 1,1.3797,,5.582,11.921,3041.584,16.908,,,877.33,111.332,-2910.177,YA_COW,Peter,Pomacentridae,Chromis,ternatensis,37372051,1,AD,Passing,
GX010042_L.MP4,18301,10.1774,YA_COW_Transect 1,1.3797,,5.566,11.218,3073.899,19.319,,,1015.535,51.337,-2900.846,YA_COW,Peter,Pomacentridae,Chromis,ternatensis,37372051,1,AD,Passing,
GX010042_L.MP4,18301,10.1774,YA_COW_Transect 1,1.3797,,3.827,6.136,2447.565,8.056,,,29.013,-343.208,-2423.209,YA_COW,Peter,Pomacentridae,Chromis,ternatensis,37372051,1,AD,Passing,
GX010042_L.MP4,18301,10.1774,YA_COW_Transect 1,1.3797,,3.004,4.923,2145.984,7.551,,,-60.69,-276.637,-2127.213,YA_COW,Peter,Pomacentridae,Chromis,ternatensis,37372051,1,AD,Passing,
GX010042_L.MP4,18301,10.1774,YA_COW_Transect 1,1.3797,,4.37,8.169,2637.997,8.365,,,-251.868,-291.085,-2609.763,YA_COW,Peter,Pomacentridae,Chromis,ternatensis,37372051,1,AD,Passing,
GX010042_L.MP4,18301,10.1774,YA_COW_Transect 1,1.3797,,3.333,6.809,2280.515,12.973,,,-413.919,-302.558,-2222.133,YA_COW,Peter,Pomacentridae,Chromis,ternatensis,37372051,1,AD,Passing,
GX010042_L.MP4,18301,10.1774,YA_COW_Transect 1,1.3797,,3.045,5.469,2181.186,14.733,,,-486.014,-268.616,-2109.315,YA_COW,Peter,Pomacentridae,Chromis,ternatensis,37372051,1,AD,Passing,
GX010042_L.MP4,18301,10.1774,YA_COW_Transect 1,1.3797,,3.016,7.288,2164.707,15.238,,,-451.098,-347.951,-2088.396,YA_COW,Peter,Pomacentridae,Chromis,ternatensis,37372051,1,AD,Passing,
GX010042_L.MP4,18301,10.1774,YA_COW_Transect 1,1.3797,,3.061,3.251,2208.379,16.795,,,-595.041,-231.735,-2114.04,YA_COW,Peter,Pomacentridae,Chromis,ternatensis,37372051,1,AD,Passing,
GX010042_L.MP4,18301,10.1774,YA_COW_Transect 1,1.3797,,3.187,7.762,2252.826,15.858,,,-578.181,-212.567,-2166.967,YA_COW,Peter,Pomacentridae,Chromis,ternatensis,37372051,1,AD,Passing,
GX010042_L.MP4,18301,10.1774,YA_COW_Transect 1,1.3797,,7.279,3.29,3639.225,20.181,,,-1243.934,-172.11,-3415.694,YA_COW,Peter,Pomacentridae,Chromis,ternatensis,37372051,1,AD,Passing,
GX010042_L.MP4,18301,10.1774,YA_COW_Transect 1,1.3797,,5.882,13.359,3186.02,16.798,,,-913.041,-120.848,-3049.996,YA_COW,Peter,Pomacentridae,Chromis,ternatensis,37372051,1,AD,Passing,
GX010042_L.MP4,18301,10.1774,YA_COW_Transect 1,1.3797,,2.687,10.117,2143.418,24.054,,,-847.663,-212.693,-1957.159,YA_COW,Peter,Pomacentridae,Chromis,ternatensis,37372051,1,AD,Passing,
GX010042_L.MP4,18301,10.1774,YA_COW_Transect 1,1.3797,,5.066,4.821,2883.11,13.268,,,-616.132,239.582,-2806.297,YA_COW,Peter,Pomacentridae,Chromis,viridis,37372053,1,AD,Passing,
GX010042_L.MP4,18301,10.1774,YA_COW_Transect 1,1.3797,,5.977,6.03,3144.19,6.531,,,-335.886,120.882,-3123.86,YA_COW,Peter,Pomacentridae,Chromis,viridis,37372053,1,AD,Passing,
GX010042_L.MP4,18301,10.1774,YA_COW_Transect 1,1.3797,,7.752,10.977,3732.306,18.312,,,-1172.062,-40.023,-3543.272,YA_COW,Peter,Pomacentridae,Chromis,viridis,37372053,1,AD,Passing,
GX010042_L.MP4,18301,10.1774,YA_COW_Transect 1,1.3797,,6.635,7.405,3552.905,23.652,,,-1421.112,-111.508,-3254.403,YA_COW,Peter,Pomacentridae,Chromis,viridis,37372053,1,AD,Passing,
GX010042_L.MP4,18301,10.1774,YA_COW_Transect 1,1.3797,,6.624,1.367,3444.114,24.545,,,-1225.07,737.221,-3133.31,YA_COW,Peter,Pomacentridae,Chromis,viridis,37372053,1,AD,Passing,
GX010042_L.MP4,18301,10.1774,YA_COW_Transect 1,1.3797,,5.755,4.003,3190.018,23.68,,,-1116.549,626.594,-2921.799,YA_COW,Peter,Pomacentridae,Chromis,viridis,37372053,1,AD,Passing,
GX010042_L.MP4,18301,10.1774,YA_COW_Transect 1,1.3797,,6.429,2.16,3342.259,22.252,,,-1063.653,684.175,-3093.743,YA_COW,Peter,Pomacentridae,Chromis,viridis,37372053,1,AD,Passing,
GX010042_L.MP4,18301,10.1774,YA_COW_Transect 1,1.3797,,6.681,6.79,3437.574,21.451,,,-1148.16,510.176,-3199.744,YA_COW,Peter,Pomacentridae,Chromis,viridis,37372053,1,AD,Passing,
GX010042_L.MP4,18301,10.1774,YA_COW_Transect 1,1.3797,,7.526,8.517,3589.44,18.985,,,-997.851,604.518,-3394.545,YA_COW,Peter,Pomacentridae,Chromis,viridis,37372053,1,AD,Passing,
GX010042_L.MP4,18301,10.1774,YA_COW_Transect 1,1.3797,,6.567,5.67,3510.442,26.414,,,-1432.266,620.54,-3144.32,YA_COW,Peter,Pomacentridae,Chromis,viridis,37372053,1,AD,Passing,
GX010042_L.MP4,18301,10.1774,YA_COW_Transect 1,1.3797,,4.837,5.224,2793.461,14.96,,,-564.927,446.62,-2699.039,YA_COW,Peter,Pomacentridae,Chromis,viridis,37372053,1,AD,Passing,
GX010042_L.MP4,18301,10.1774,YA_COW_Transect 1,1.3797,,5.534,8.228,2998.866,13.843,,,-562.779,443.397,-2912.023,YA_COW,Peter,Pomacentridae,Chromis,viridis,37372053,1,AD,Passing,
GX010042_L.MP4,18301,10.1774,YA_COW_Transect 1,1.3797,,7.644,4.296,3571.884,14.898,,,-755.879,519.442,-3452.127,YA_COW,Peter,Pomacentridae,Chromis,viridis,37372053,1,AD,Passing,
GX010042_L.MP4,18301,10.1774,YA_COW_Transect 1,1.3797,,7.307,2.558,3476.111,14.063,,,-660.549,524.419,-3372.241,YA_COW,Peter,Pomacentridae,Chromis,viridis,37372053,1,AD,Passing,
GX010042_L.MP4,18301,10.1774,YA_COW_Transect 1,1.3797,,8.355,8.743,3723.285,14.34,,,-685.423,614.775,-3607.644,YA_COW,Peter,Pomacentridae,Chromis,viridis,37372053,1,AD,Passing,
GX010042_L.MP4,18301,10.1774,YA_COW_Transect 1,1.3797,,6.173,3.8,3167.133,14.585,,,-545.588,579.892,-3065.418,YA_COW,Peter,Pomacentridae,Chromis,viridis,37372053,1,AD,Passing,
GX010042_L.MP4,18301,10.1774,YA_COW_Transect 1,1.3797,,7.229,2.015,3433.92,12.405,,,-398.958,618.546,-3354.108,YA_COW,Peter,Pomacentridae,Chromis,viridis,37372053,1,AD,Passing,
GX010042_L.MP4,18301,10.1774,YA_COW_Transect 1,1.3797,,5.68,7.969,3018.563,11.499,,,21.957,599.615,-2958.328,YA_COW,Peter,Pomacentridae,Chromis,viridis,37372053,1,AD,Passing,
GX010042_L.MP4,18301,10.1774,YA_COW_Transect 1,1.3797,,6.109,5.797,3138.659,10.925,,,55.78,590.414,-3082.123,YA_COW,Peter,Pomacentridae,Chromis,viridis,37372053,1,AD,Passing,
GX010042_L.MP4,18301,10.1774,YA_COW_Transect 1,1.3797,,6.271,6.649,3169.4,12.601,,,202.186,659.384,-3093.45,YA_COW,Peter,Pomacentridae,Chromis,viridis,37372053,1,AD,Passing,
GX010042_L.MP4,18301,10.1774,YA_COW_Transect 1,1.3797,,6.832,3.852,3327.648,14.501,,,-237.027,796.916,-3222.109,YA_COW,Peter,Pomacentridae,Chromis,viridis,37372053,1,AD,Passing,
GX010042_L.MP4,18301,10.1774,YA_COW_Transect 1,1.3797,,7.512,11.332,3486.494,14.125,,,195.526,826.065,-3381.572,YA_COW,Peter,Pomacentridae,Chromis,viridis,37372053,1,AD,Passing,
GX010042_L.MP4,18301,10.1774,YA_COW_Transect 1,1.3797,,5.284,4.971,2883.094,14.779,,,385.74,624.519,-2788.084,YA_COW,Peter,Pomacentridae,Chromis,viridis,37372053,1,AD,Passing,
GX010042_L.MP4,18301,10.1774,YA_COW_Transect 1,1.3797,,6.71,3.624,3270.285,15.15,,,405.253,750.664,-3157.061,YA_COW,Peter,Pomacentridae,Chromis,viridis,37372053,1,AD,Passing,
GX010042_L.MP4,18301,10.1774,YA_COW_Transect 1,1.3797,,8.396,13.453,3675.448,16.91,,,505.197,940.146,-3517.076,YA_COW,Peter,Pomacentridae,Chromis,viridis,37372053,1,AD,Passing,
GX010042_L.MP4,18301,10.1774,YA_COW_Transect 1,1.3797,,8.646,8.739,3735.029,17.008,,,458.48,989.596,-3572.245,YA_COW,Peter,Pomacentridae,Chromis,viridis,37372053,1,AD,Passing,
GX010042_L.MP4,18301,10.1774,YA_COW_Transect 1,1.3797,,8.085,6.865,3609.535,16.958,,,405.157,969.685,-3453.158,YA_COW,Peter,Pomacentridae,Chromis,viridis,37372053,1,AD,Passing,
GX010042_L.MP4,18301,10.1774,YA_COW_Transect 1,1.3797,,6.917,8.378,3415.951,22.487,,,1118.527,673.335,-3156.618,YA_COW,Peter,Pomacentridae,Chromis,viridis,37372053,1,AD,Passing,
GX010042_L.MP4,18301,10.1774,YA_COW_Transect 1,1.3797,,6.839,14.76,3472.514,25.954,,,1344.939,705.814,-3122.71,YA_COW,Peter,Pomacentridae,Chromis,viridis,37372053,1,AD,Passing,
GX010042_L.MP4,18301,10.1774,YA_COW_Transect 1,1.3797,,7.507,7.738,3513.439,21.891,,,952.074,897.875,-3260.618,YA_COW,Peter,Pomacentridae,Chromis,viridis,37372053,1,AD,Passing,
GX010042_L.MP4,18301,10.1774,YA_COW_Transect 1,1.3797,,9.341,19.104,3947.429,23.553,,,1091.672,1136.462,-3619.241,YA_COW,Peter,Pomacentridae,Chromis,viridis,37372053,1,AD,Passing,
GX010042_L.MP4,18301,10.1774,YA_COW_Transect 1,1.3797,,9.783,13.312,4082.598,26.318,,,1217.715,1337.06,-3660.198,YA_COW,Peter,Pomacentridae,Chromis,viridis,37372053,1,AD,Passing,
GX010042_L.MP4,18301,10.1774,YA_COW_Transect 1,1.3797,,8.309,13.465,3733.72,25.834,,,988.33,1290.456,-3361.338,YA_COW,Peter,Pomacentridae,Chromis,viridis,37372053,1,AD,Passing,
GX010042_L.MP4,18389,10.2263,YA_COW_Transect 1,1.4286,45.181,3.111,0.837,2510.241,17.487,2.786,39.465,-562.742,-502.284,-2394.231,YA_COW,Peter,Pomacentridae,Dascyllus,aruanus,37372073,1,AD,Passing,
GX010042_L.MP4,18389,10.2263,YA_COW_Transect 1,1.4286,78.363,1.742,2.344,1473.785,16.46,21.784,31.711,-266.163,-321.769,-1413.387,YA_COW,Peter,Pomacentridae,Amblyglyphidodon,orbicularis,temp_code_001,1,AD,Passing,
GX010042_L.MP4,18389,10.2263,YA_COW_Transect 1,1.4286,98.153,2.163,2.433,2400.928,13.185,4.131,1.894,166.203,-521.83,-2337.632,YA_COW,Peter,Scaridae,Chlorurus,spilurus,temp_code_002,1,AD,Passing,
GX010042_L.MP4,18389,10.2263,YA_COW_Transect 1,1.4286,61.088,1.534,3.398,1402.576,8.973,33.469,60.526,31.329,-216.501,-1385.411,YA_COW,Peter,Pomacentridae,Chromis,ternatensis,37372051,1,AD,Passing,
GX010042_L.MP4,18389,10.2263,YA_COW_Transect 1,1.4286,50.001,1.841,3.519,1455.766,12.008,31.759,46.277,105.506,-283.899,-1423.912,YA_COW,Peter,Pomacentridae,Chromis,ternatensis,37372051,1,AD,Passing,
GX010042_L.MP4,18389,10.2263,YA_COW_Transect 1,1.4286,62.569,1.895,4.067,1547.918,8.443,23.87,37.082,-90.228,-208.601,-1531.141,YA_COW,Peter,Pomacentridae,Chromis,ternatensis,37372051,1,AD,Passing,
GX010042_L.MP4,18389,10.2263,YA_COW_Transect 1,1.4286,51.871,1.599,1.661,1699.292,6.292,10.423,35.634,43.151,-181.16,-1689.057,YA_COW,Peter,Pomacentridae,Chromis,ternatensis,37372051,1,AD,Passing,
GX010042_L.MP4,18389,10.2263,YA_COW_Transect 1,1.4286,56.825,2.021,1.941,1460.348,10.578,47.127,54.512,199.122,-179.48,-1435.533,YA_COW,Peter,Pomacentridae,Chromis,ternatensis,37372051,1,AD,Passing,
GX010042_L.MP4,18389,10.2263,YA_COW_Transect 1,1.4286,58.069,2.6,2.741,1463.04,7.28,66.352,49.142,-101.968,-154.828,-1451.247,YA_COW,Peter,Pomacentridae,Chromis,ternatensis,37372051,1,AD,Passing,
GX010042_L.MP4,18389,10.2263,YA_COW_Transect 1,1.4286,59.098,2.774,0.379,1650.879,18.671,41.234,35.538,-436.948,-297.32,-1563.995,YA_COW,Peter,Pomacentridae,Chromis,viridis,37372053,1,AD,Passing,
GX010042_L.MP4,18389,10.2263,YA_COW_Transect 1,1.4286,52.024,1.951,3.021,1866.939,12.159,8.452,6.448,-248.815,-304.51,-1825.055,YA_COW,Peter,Pomacentridae,Chromis,viridis,37372053,1,AD,Passing,
GX010042_L.MP4,18389,10.2263,YA_COW_Transect 1,1.4286,63.266,4.009,6.755,2216.492,16.761,24.986,26.547,-577.806,-273.336,-2122.325,YA_COW,Peter,Pomacentridae,Chromis,viridis,37372053,1,AD,Passing,
GX010042_L.MP4,18389,10.2263,YA_COW_Transect 1,1.4286,51.11,2.129,1.405,1881.209,13.784,7.977,30.347,-422.902,-148.554,-1827.029,YA_COW,Peter,Pomacentridae,Chromis,viridis,37372053,1,AD,Passing,
GX010042_L.MP4,18389,10.2263,YA_COW_Transect 1,1.4286,51.449,2.657,1.796,1868.073,5.849,28.301,46.515,-159.722,-103.567,-1858.349,YA_COW,Peter,Pomacentridae,Chromis,viridis,37372053,1,AD,Passing,
GX010042_L.MP4,18389,10.2263,YA_COW_Transect 1,1.4286,50.042,1.611,2.579,1699.629,3.976,22.874,67.878,-72.625,-92.809,-1695.538,YA_COW,Peter,Pomacentridae,Chromis,viridis,37372053,1,AD,Passing,
GX010042_L.MP4,18389,10.2263,YA_COW_Transect 1,1.4286,,2.519,2.003,2053.845,25.592,,,875.332,143.336,-1852.438,YA_COW,Peter,Pomacentridae,Chromis,viridis,37372053,1,AD,Passing,
GX010042_L.MP4,18389,10.2263,YA_COW_Transect 1,1.4286,,3.636,0.063,2466.783,23.474,,,926.28,326.574,-2262.824,YA_COW,Peter,Pomacentridae,Chromis,viridis,37372053,1,AD,Passing,
GX010042_L.MP4,18389,10.2263,YA_COW_Transect 1,1.4286,,3.732,0.639,2535.702,24.808,,,1027.752,273.789,-2301.858,YA_COW,Peter,Pomacentridae,Chromis,viridis,37372053,1,AD,Passing,
GX010042_L.MP4,18389,10.2263,YA_COW_Transect 1,1.4286,,2.692,1.896,2154.026,27.373,,,960.475,240.472,-1912.98,YA_COW,Peter,Pomacentridae,Chromis,viridis,37372053,1,AD,Passing,
GX010042_L.MP4,18389,10.2263,YA_COW_Transect 1,1.4286,,3.82,4.291,2568.773,25.982,,,1047.373,410.234,-2309.397,YA_COW,Peter,Pomacentridae,Chromis,viridis,37372053,1,AD,Passing,
GX010042_L.MP4,18389,10.2263,YA_COW_Transect 1,1.4286,,5.235,1.459,2889.684,14.056,,,620.434,326.443,-2803.35,YA_COW,Peter,Pomacentridae,Chromis,viridis,37372053,1,AD,Passing,
GX010042_L.MP4,18389,10.2263,YA_COW_Transect 1,1.4286,,6.293,2.889,3195.792,17.855,,,825.07,526.809,-3042.173,YA_COW,Peter,Pomacentridae,Chromis,viridis,37372053,1,AD,Passing,
GX010042_L.MP4,18389,10.2263,YA_COW_Transect 1,1.4286,,3.396,7.71,2454.003,29.151,,,1095.335,477.468,-2143.454,YA_COW,Peter,Pomacentridae,Chromis,viridis,37372053,1,AD,Passing,
GX010042_L.MP4,18389,10.2263,YA_COW_Transect 1,1.4286,,6.352,10.168,3352.177,27.25,,,1323.964,774.794,-2980.588,YA_COW,Peter,Pomacentridae,Chromis,viridis,37372053,1,AD,Passing,
GX010042_L.MP4,18389,10.2263,YA_COW_Transect 1,1.4286,,4.192,6.197,2754.971,30.211,,,1234.762,628.722,-2381.163,YA_COW,Peter,Pomacentridae,Chromis,viridis,37372053,1,AD,Passing,
GX010042_L.MP4,18389,10.2263,YA_COW_Transect 1,1.4286,,4.994,3.188,2922.438,26.459,,,1071.481,738.354,-2616.754,YA_COW,Peter,Pomacentridae,Chromis,viridis,37372053,1,AD,Passing,
GX010042_L.MP4,18389,10.2263,YA_COW_Transect 1,1.4286,,5.688,8.538,3139.368,27.265,,,1167.633,837.966,-2791.071,YA_COW,Peter,Pomacentridae,Chromis,viridis,37372053,1,AD,Passing,
GX010042_L.MP4,18389,10.2263,YA_COW_Transect 1,1.4286,,6.479,8.767,3383.132,28.207,,,1313.752,909.894,-2981.901,YA_COW,Peter,Pomacentridae,Chromis,viridis,37372053,1,AD,Passing,
GX010042_L.MP4,18389,10.2263,YA_COW_Transect 1,1.4286,,6.046,1.387,3296.47,29.473,,,1361.35,880.003,-2870.372,YA_COW,Peter,Pomacentridae,Chromis,viridis,37372053,1,AD,Passing,
GX010042_L.MP4,18506,10.2914,YA_COW_Transect 1,1.4937,,4.176,4.554,2589.539,16.148,,,714.231,-94.097,-2487.314,YA_COW,Peter,Pomacentridae,Chromis,ternatensis,37372051,1,AD,Passing,
GX010042_L.MP4,18506,10.2914,YA_COW_Transect 1,1.4937,,3.694,3.672,2418.409,16.648,,,669.487,-179.76,-2316.933,YA_COW,Peter,Pomacentridae,Chromis,ternatensis,37372051,1,AD,Passing,
GX010042_L.MP4,18506,10.2914,YA_COW_Transect 1,1.4937,,3.456,2.099,2356.104,19.972,,,761.763,-260.779,-2214.258,YA_COW,Peter,Pomacentridae,Chromis,ternatensis,37372051,1,AD,Passing,
GX010042_L.MP4,18506,10.2914,YA_COW_Transect 1,1.4937,,2.988,0.306,2215.655,23.311,,,838.957,-255.968,-2034.639,YA_COW,Peter,Pomacentridae,Chromis,ternatensis,37372051,1,AD,Passing,
GX010042_L.MP4,18506,10.2914,YA_COW_Transect 1,1.4937,,3.223,3.198,2290.528,23.043,,,812.434,-380.431,-2107.544,YA_COW,Peter,Pomacentridae,Chromis,ternatensis,37372051,1,AD,Passing,
GX010042_L.MP4,18506,10.2914,YA_COW_Transect 1,1.4937,,3.09,9.25,2331.472,28.569,,,1047.128,-384.161,-2047.365,YA_COW,Peter,Pomacentridae,Chromis,ternatensis,37372051,1,AD,Passing,
GX010042_L.MP4,18553,10.3175,YA_COW_Transect 1,1.5199,,4.264,0.383,2596.829,15.748,,,-109.187,-697.763,-2498.945,YA_COW,Peter,Pomacentridae,Dascyllus,aruanus,37372073,1,AD,Passing,
GX010042_L.MP4,18553,10.3175,YA_COW_Transect 1,1.5199,85.19,8.109,5.75,3163.172,19.551,25.558,3.484,-690.234,-802.567,-2980.792,YA_COW,Peter,Chaetodontidae,Chaetodon,baronessa,37365034,1,AD,Passing,
GX010042_L.MP4,18553,10.3175,YA_COW_Transect 1,1.5199,75.006,3.8,1.053,2705.05,12.908,13.211,12.373,124.34,-591.321,-2636.698,YA_COW,Peter,Pomacentridae,Amblyglyphidodon,orbicularis,temp_code_001,1,AD,Passing,
GX010042_L.MP4,18597,10.342,YA_COW_Transect 1,1.5443,47.511,4.343,0.896,2339.882,19.295,25.854,8.355,77.654,-769.259,-2208.451,YA_COW,Peter,Pomacentridae,Dascyllus,aruanus,37372073,1,AD,Passing,
GX010042_L.MP4,18630,10.3604,YA_COW_Transect 1,1.5627,,2.541,1.326,1980.866,20.255,,,97.682,-679.867,-1857.975,YA_COW,Peter,Pomacentridae,Dascyllus,aruanus,37372073,1,AD,Passing,
GX010042_L.MP4,18713,10.4065,YA_COW_Transect 1,1.6088,121.987,3.543,1.88,2585.543,20.802,14.881,0.515,228.846,-889.25,-2417.002,YA_COW,Peter,Holocentridae,Myripristis,violacea,37261014,1,AD,Passing,
GX010042_L.MP4,18750,10.4271,YA_COW_Transect 1,1.6294,246.174,23.315,12.072,4490.132,30.842,69.679,9.35,1986.816,-1162.562,-3855.165,YA_COW,Peter,Scaridae,Scarus,schlegeli,37386029,1,AD,Passing,
GX010042_L.MP4,18770,10.4382,YA_COW_Transect 1,1.6405,91.031,5.104,12.115,2887.496,27.177,5.344,28.554,-1259.158,-392.269,-2568.712,YA_COW,Peter,Chaetodontidae,Heniochus,varius,37365078,1,AD,Passing,
GX010042_L.MP4,18855,10.4855,YA_COW_Transect 1,1.6878,,11.398,6.207,4586.206,28.513,,,-1631.816,1457.153,-4030.778,YA_COW,Peter,Lethrinidae,Monotaxis,grandoculis,37351026,1,AD,Passing,
GX010042_L.MP4,18920,10.5216,YA_COW_Transect 1,1.7239,225.87,18.716,5.698,3981.152,17.914,41.616,8.916,1150.947,-418.121,-3788.149,YA_COW,Peter,Acanthuridae,Naso,lituratus,37437029,1,AD,Passing,
GX010042_L.MP4,19021,10.5778,YA_COW_Transect 1,1.7801,282.227,6.049,14.34,2087.298,23.817,67.872,5.953,-724.127,-431.399,-1909.541,YA_COW,Peter,Acanthuridae,Naso,lituratus,37437029,1,AD,Passing,
GX010042_L.MP4,19063,10.6011,YA_COW_Transect 1,1.8035,165.372,8.682,0.495,3506.967,23.547,23.774,35.09,1353.582,-361.611,-3214.945,YA_COW,Peter,Lutjanidae,Lutjanus,gibbus,37346028,1,AD,Passing,
GX010042_L.MP4,19100,10.6217,YA_COW_Transect 1,1.824,44.951,1.372,1.468,1464.482,13.913,12.461,30.832,-13.084,-351.878,-1421.519,YA_COW,Peter,Pomacentridae,Dascyllus,aruanus,37372073,1,AD,Passing,
GX010042_L.MP4,19118,10.6317,YA_COW_Transect 1,1.8341,,1.617,0.486,1524.974,12.83,,,-96.966,-325.319,-1486.712,YA_COW,Peter,Pomacentridae,Pomacentrus,moluccensis,37372118,1,AD,Passing,
GX010042_L.MP4,19118,10.6317,YA_COW_Transect 1,1.8341,,1.559,1.834,1498.755,17.058,,,-291.58,-329.893,-1432.626,YA_COW,Peter,Pomacentridae,Pomacentrus,moluccensis,37372118,1,AD,Passing,
GX010042_L.MP4,19118,10.6317,YA_COW_Transect 1,1.8341,42.459,2.449,2.092,1468.499,8.634,36.642,19.828,-32.958,-217.988,-1451.855,YA_COW,Peter,Pomacentridae,Amblyglyphidodon,orbicularis,temp_code_001,1,AD,Passing,
GX010042_L.MP4,19118,10.6317,YA_COW_Transect 1,1.8341,35.08,1.39,3.634,1440.704,15.419,5.093,20.379,-287.123,-253.544,-1388.85,YA_COW,Peter,Pomacentridae,Amblyglyphidodon,orbicularis,temp_code_001,1,AD,Passing,
GX010042_L.MP4,19118,10.6317,YA_COW_Transect 1,1.8341,,1.133,0.222,1256.116,15.592,,,-87.414,-326.831,-1209.697,YA_COW,Peter,Pomacentridae,Amblyglyphidodon,orbicularis,temp_code_001,1,AD,Passing,
GX010042_L.MP4,19192,10.6729,YA_COW_Transect 1,1.8752,,8.106,2.401,3763.702,23.649,,,-1158.604,965.949,-3448.193,YA_COW,Peter,Pomacentridae,Chromis,ternatensis,37372051,1,AD,Passing,
GX010042_L.MP4,19192,10.6729,YA_COW_Transect 1,1.8752,,8.188,0.54,3802.927,23.769,,,-1232.696,908.908,-3480.891,YA_COW,Peter,Pomacentridae,Chromis,ternatensis,37372051,1,AD,Passing,
GX010042_L.MP4,19192,10.6729,YA_COW_Transect 1,1.8752,,8.865,1.703,3967.12,23.648,,,-1297.178,919.53,-3634.534,YA_COW,Peter,Pomacentridae,Chromis,ternatensis,37372051,1,AD,Passing,
GX010042_L.MP4,19192,10.6729,YA_COW_Transect 1,1.8752,,8.703,0.766,3925.332,22.651,,,-1271.205,815.979,-3623.044,YA_COW,Peter,Pomacentridae,Chromis,ternatensis,37372051,1,AD,Passing,
GX010042_L.MP4,19192,10.6729,YA_COW_Transect 1,1.8752,,7.748,2.491,3710.966,22.877,,,-1244.554,727.643,-3419.487,YA_COW,Peter,Pomacentridae,Chromis,ternatensis,37372051,1,AD,Passing,
GX010042_L.MP4,19192,10.6729,YA_COW_Transect 1,1.8752,,7.469,0.667,3583.327,20.637,,,-1039.227,715.705,-3353.805,YA_COW,Peter,Pomacentridae,Chromis,ternatensis,37372051,1,AD,Passing,
GX010042_L.MP4,19192,10.6729,YA_COW_Transect 1,1.8752,,7.84,0.621,3661.096,20.942,,,-1016.104,822.523,-3419.739,YA_COW,Peter,Pomacentridae,Chromis,ternatensis,37372051,1,AD,Passing,
GX010042_L.MP4,19192,10.6729,YA_COW_Transect 1,1.8752,,7.29,0.33,3513.774,19.057,,,-930.837,668.761,-3321.583,YA_COW,Peter,Pomacentridae,Chromis,ternatensis,37372051,1,AD,Passing,
GX010042_L.MP4,19192,10.6729,YA_COW_Transect 1,1.8752,,8.93,3.249,3914.86,19.075,,,-1059.608,714.809,-3700.326,YA_COW,Peter,Pomacentridae,Chromis,ternatensis,37372051,1,AD,Passing,
GX010042_L.MP4,19192,10.6729,YA_COW_Transect 1,1.8752,,7.813,3.447,3674.898,20.248,,,-1078.588,671.902,-3448.198,YA_COW,Peter,Pomacentridae,Chromis,ternatensis,37372051,1,AD,Passing,
GX010042_L.MP4,19192,10.6729,YA_COW_Transect 1,1.8752,,7.813,6.272,3626.517,16.961,,,-868.954,601.412,-3469.128,YA_COW,Peter,Pomacentridae,Chromis,ternatensis,37372051,1,AD,Passing,
GX010042_L.MP4,19192,10.6729,YA_COW_Transect 1,1.8752,,9.736,0.396,4053.245,17.797,,,-935.854,809.462,-3859.76,YA_COW,Peter,Pomacentridae,Chromis,ternatensis,37372051,1,AD,Passing,
GX010042_L.MP4,19192,10.6729,YA_COW_Transect 1,1.8752,,9.086,5.107,3908.313,18.398,,,-900.696,840.655,-3709.037,YA_COW,Peter,Pomacentridae,Chromis,ternatensis,37372051,1,AD,Passing,
GX010042_L.MP4,19192,10.6729,YA_COW_Transect 1,1.8752,,5.746,2.593,3223.104,24.805,,,-1213.097,595.654,-2926.088,YA_COW,Peter,Pomacentridae,Chromis,ternatensis,37372051,1,AD,Passing,
GX010042_L.MP4,19192,10.6729,YA_COW_Transect 1,1.8752,,7.833,1.016,3695.252,19.626,,,-1110.416,552.447,-3480.9,YA_COW,Peter,Pomacentridae,Chromis,ternatensis,37372051,1,AD,Passing,
GX010042_L.MP4,19192,10.6729,YA_COW_Transect 1,1.8752,,10.787,0.441,4232.101,13.776,,,-591.299,813.626,-4110.846,YA_COW,Peter,Pomacentridae,Chromis,ternatensis,37372051,1,AD,Passing,
GX010042_L.MP4,19192,10.6729,YA_COW_Transect 1,1.8752,,9.013,0.805,3856.914,13.054,,,-522.363,694.99,-3757.648,YA_COW,Peter,Pomacentridae,Chromis,ternatensis,37372051,1,AD,Passing,
GX010042_L.MP4,19192,10.6729,YA_COW_Transect 1,1.8752,,7.889,4.079,3593.81,12.69,,,-407.499,674.118,-3506.42,YA_COW,Peter,Pomacentridae,Chromis,ternatensis,37372051,1,AD,Passing,
GX010042_L.MP4,19192,10.6729,YA_COW_Transect 1,1.8752,,10.118,4.607,4097.083,12.274,,,-475.9,727.118,-4003.862,YA_COW,Peter,Pomacentridae,Chromis,ternatensis,37372051,1,AD,Passing,
GX010042_L.MP4,19192,10.6729,YA_COW_Transect 1,1.8752,,9.778,4.97,4040.72,14.369,,,-737.991,676.589,-3914.718,YA_COW,Peter,Pomacentridae,Chromis,ternatensis,37372051,1,AD,Passing,
GX010042_L.MP4,19192,10.6729,YA_COW_Transect 1,1.8752,,9.179,0.499,3907.481,11.669,,,-548.822,566.438,-3827.055,YA_COW,Peter,Pomacentridae,Chromis,ternatensis,37372051,1,AD,Passing,
GX010042_L.MP4,19192,10.6729,YA_COW_Transect 1,1.8752,,9.643,2.216,4009.749,9.985,,,-347.977,599.589,-3949.366,YA_COW,Peter,Pomacentridae,Chromis,ternatensis,37372051,1,AD,Passing,
GX010042_L.MP4,19192,10.6729,YA_COW_Transect 1,1.8752,,9.888,5.076,4053.064,11.307,,,-412.205,677.112,-3974.787,YA_COW,Peter,Pomacentridae,Chromis,ternatensis,37372051,1,AD,Passing,
GX010042_L.MP4,19192,10.6729,YA_COW_Transect 1,1.8752,,9.864,7.817,4074.171,8.16,,,-191.099,543.438,-4033.24,YA_COW,Peter,Pomacentridae,Chromis,ternatensis,37372051,1,AD,Passing,
GX010042_L.MP4,19192,10.6729,YA_COW_Transect 1,1.8752,,9.097,0.163,3899.529,8.889,,,-335.431,498.297,-3852.987,YA_COW,Peter,Pomacentridae,Chromis,ternatensis,37372051,1,AD,Passing,
GX010042_L.MP4,19192,10.6729,YA_COW_Transect 1,1.8752,,11.214,4.945,4381.279,5.802,,,114.477,425.347,-4359.08,YA_COW,Peter,Pomacentridae,Chromis,ternatensis,37372051,1,AD,Passing,
GX010042_L.MP4,19192,10.6729,YA_COW_Transect 1,1.8752,,9.789,3.762,4070.232,5.911,,,210.645,360.045,-4048.801,YA_COW,Peter,Pomacentridae,Chromis,ternatensis,37372051,1,AD,Passing,
GX010042_L.MP4,19192,10.6729,YA_COW_Transect 1,1.8752,,16.939,4.472,5387.365,20.216,,,-1253.674,1373.354,-5056.273,YA_COW,Peter,Pomacentridae,Chromis,viridis,37372053,1,AD,Passing,
GX010042_L.MP4,19192,10.6729,YA_COW_Transect 1,1.8752,,14.628,2.664,5004.32,21.253,,,-1175.224,1379.048,-4664.793,YA_COW,Peter,Pomacentridae,Chromis,viridis,37372053,1,AD,Passing,
GX010042_L.MP4,19192,10.6729,YA_COW_Transect 1,1.8752,,9.055,6.712,4054.608,25.979,,,-1434.321,1045.352,-3645.519,YA_COW,Peter,Pomacentridae,Chromis,viridis,37372053,1,AD,Passing,
GX010042_L.MP4,19192,10.6729,YA_COW_Transect 1,1.8752,,11.373,5.126,4368.803,16.878,,,-878.686,912.345,-4181.146,YA_COW,Peter,Pomacentridae,Chromis,viridis,37372053,1,AD,Passing,
GX010042_L.MP4,19192,10.6729,YA_COW_Transect 1,1.8752,,17.157,5.02,5401.05,18.367,,,-1142.459,1258.378,-5126.657,YA_COW,Peter,Pomacentridae,Chromis,viridis,37372053,1,AD,Passing,
GX010042_L.MP4,19192,10.6729,YA_COW_Transect 1,1.8752,,14.004,10.701,4836.679,14.672,,,-650.508,1035.369,-4679.564,YA_COW,Peter,Pomacentridae,Chromis,viridis,37372053,1,AD,Passing,
GX010042_L.MP4,19192,10.6729,YA_COW_Transect 1,1.8752,,18.575,7.392,5594.958,13.775,,,-538.726,1215.237,-5434.752,YA_COW,Peter,Pomacentridae,Chromis,viridis,37372053,1,AD,Passing,
GX010042_L.MP4,19192,10.6729,YA_COW_Transect 1,1.8752,,12.553,9.898,4596.887,10.51,,,-315.553,774.226,-4520.218,YA_COW,Peter,Pomacentridae,Chromis,viridis,37372053,1,AD,Passing,
GX010042_L.MP4,19192,10.6729,YA_COW_Transect 1,1.8752,,10.759,3.696,4251.857,9.442,,,-163.068,675.766,-4194.644,YA_COW,Peter,Pomacentridae,Chromis,viridis,37372053,1,AD,Passing,
GX010042_L.MP4,19192,10.6729,YA_COW_Transect 1,1.8752,,13.464,4.193,4786.721,9.123,,,-142.887,742.585,-4726.61,YA_COW,Peter,Pomacentridae,Chromis,viridis,37372053,1,AD,Passing,
GX010042_L.MP4,19192,10.6729,YA_COW_Transect 1,1.8752,,15.904,1.683,5206.691,8.505,,,292.929,709.144,-5149.848,YA_COW,Peter,Pomacentridae,Chromis,viridis,37372053,1,AD,Passing,
GX010042_L.MP4,19192,10.6729,YA_COW_Transect 1,1.8752,,14.673,8.179,5008.825,7.838,,,214.531,645.625,-4962.406,YA_COW,Peter,Pomacentridae,Chromis,viridis,37372053,1,AD,Passing,
GX010042_L.MP4,19192,10.6729,YA_COW_Transect 1,1.8752,,20.271,9.254,5873.856,9.978,,,368.015,945.555,-5785.557,YA_COW,Peter,Pomacentridae,Chromis,viridis,37372053,1,AD,Passing,
GX010042_L.MP4,19192,10.6729,YA_COW_Transect 1,1.8752,,16.794,7.802,5362.939,9.713,,,9.754,901.663,-5286.589,YA_COW,Peter,Pomacentridae,Chromis,viridis,37372053,1,AD,Passing,
GX010042_L.MP4,19192,10.6729,YA_COW_Transect 1,1.8752,,11.617,5.304,4460.828,6.455,,,-14.626,498.73,-4432.836,YA_COW,Peter,Pomacentridae,Chromis,viridis,37372053,1,AD,Passing,
GX010042_L.MP4,19192,10.6729,YA_COW_Transect 1,1.8752,,9.888,3.891,4108.329,4.689,,,212.945,257.312,-4094.73,YA_COW,Peter,Pomacentridae,Chromis,viridis,37372053,1,AD,Passing,
GX010042_L.MP4,19192,10.6729,YA_COW_Transect 1,1.8752,,11.534,3.245,4459.857,4.897,,,116.152,359.94,-4443.791,YA_COW,Peter,Pomacentridae,Chromis,viridis,37372053,1,AD,Passing,
GX010042_L.MP4,19313,10.7402,YA_COW_Transect 1,1.9425,,5.996,3.836,3478.435,28.114,,,-1632.57,-148.415,-3067.931,YA_COW,Peter,Pomacentridae,Amblyglyphidodon,curacao,37372017,1,AD,Passing,
GX010042_L.MP4,19400,10.7886,YA_COW_Transect 1,1.9909,,10.077,4.011,4079.484,15.151,,,130.115,-1060.571,-3937.06,YA_COW,Peter,Lutjanidae,Lutjanus,gibbus,37346028,1,AD,Passing,
GX010042_L.MP4,19400,10.7886,YA_COW_Transect 1,1.9909,,5.556,0.141,3010.924,20.107,,,-266.121,-1001.926,-2826.833,YA_COW,Peter,Chaetodontidae,Heniochus,varius,37365078,1,AD,Passing,
GX010042_L.MP4,19411,10.7947,YA_COW_Transect 1,1.997,,10.177,0.531,4477.714,28.318,,,2094.676,-354.464,-3941.651,YA_COW,Peter,Pomacentridae,Amblyglyphidodon,orbicularis,temp_code_001,1,AD,Passing,
GX010042_L.MP4,19454,10.8186,YA_COW_Transect 1,2.0209,,5.342,0.108,2961.356,5.683,,,-292.922,-15.679,-2946.791,YA_COW,Peter,Pomacentridae,Chromis,ternatensis,37372051,1,AD,Passing,
GX010042_L.MP4,19454,10.8186,YA_COW_Transect 1,2.0209,,6.291,2.069,3234.594,9.1,,,-496.77,-124.173,-3193.806,YA_COW,Peter,Pomacentridae,Chromis,ternatensis,37372051,1,AD,Passing,
GX010042_L.MP4,19454,10.8186,YA_COW_Transect 1,2.0209,,4.475,5.505,2690.6,9.553,,,-446.512,-4.175,-2653.288,YA_COW,Peter,Pomacentridae,Chromis,ternatensis,37372051,1,AD,Passing,
GX010042_L.MP4,19454,10.8186,YA_COW_Transect 1,2.0209,,4.951,9.064,2848.639,10.809,,,-533.62,-26.879,-2798.084,YA_COW,Peter,Pomacentridae,Chromis,ternatensis,37372051,1,AD,Passing,
GX010042_L.MP4,19454,10.8186,YA_COW_Transect 1,2.0209,,4.835,3.929,2813.356,11.661,,,-558.448,-108.73,-2755.229,YA_COW,Peter,Pomacentridae,Chromis,ternatensis,37372051,1,AD,Passing,
GX010042_L.MP4,19454,10.8186,YA_COW_Transect 1,2.0209,,5.767,1.006,3091.03,10.5,,,-554.058,99.778,-3039.331,YA_COW,Peter,Pomacentridae,Chromis,ternatensis,37372051,1,AD,Passing,
GX010042_L.MP4,19454,10.8186,YA_COW_Transect 1,2.0209,,6.546,2.656,3304.071,9.06,,,-503.932,127.429,-3262.928,YA_COW,Peter,Pomacentridae,Chromis,ternatensis,37372051,1,AD,Passing,
GX010042_L.MP4,19454,10.8186,YA_COW_Transect 1,2.0209,,8.419,3.464,3775.016,8.812,,,-538.644,208.278,-3730.58,YA_COW,Peter,Pomacentridae,Chromis,ternatensis,37372051,1,AD,Passing,
GX010042_L.MP4,19454,10.8186,YA_COW_Transect 1,2.0209,,5.268,0.564,2950.217,13.04,,,-635.362,-200.187,-2874.026,YA_COW,Peter,Pomacentridae,Chromis,ternatensis,37372051,1,AD,Passing,
GX010042_L.MP4,19454,10.8186,YA_COW_Transect 1,2.0209,,5.313,0.28,2977.08,13.431,,,-687.739,70.43,-2895.696,YA_COW,Peter,Pomacentridae,Chromis,ternatensis,37372051,1,AD,Passing,
GX010042_L.MP4,19454,10.8186,YA_COW_Transect 1,2.0209,,10.892,1.671,4354.039,12.736,,,-934.471,217.087,-4247.033,YA_COW,Peter,Pomacentridae,Chromis,ternatensis,37372051,1,AD,Passing,
GX010042_L.MP4,19454,10.8186,YA_COW_Transect 1,2.0209,,6.165,0.312,3230.832,13.598,,,-758.553,37.542,-3140.296,YA_COW,Peter,Pomacentridae,Chromis,ternatensis,37372051,1,AD,Passing,
GX010042_L.MP4,19454,10.8186,YA_COW_Transect 1,2.0209,,7.118,2.397,3508.472,14.908,,,-902.551,6.237,-3390.39,YA_COW,Peter,Pomacentridae,Chromis,ternatensis,37372051,1,AD,Passing,
GX010042_L.MP4,19454,10.8186,YA_COW_Transect 1,2.0209,,7.967,0.593,3702.263,12.897,,,-825.832,-31.75,-3608.843,YA_COW,Peter,Pomacentridae,Chromis,ternatensis,37372051,1,AD,Passing,
GX010042_L.MP4,19454,10.8186,YA_COW_Transect 1,2.0209,,5.731,1.722,3151.287,18.676,,,-967.025,-290.082,-2985.185,YA_COW,Peter,Pomacentridae,Chromis,ternatensis,37372051,1,AD,Passing,
GX010042_L.MP4,19454,10.8186,YA_COW_Transect 1,2.0209,,4.449,0.246,2759.059,19.345,,,-882.878,-237.874,-2603.142,YA_COW,Peter,Pomacentridae,Chromis,ternatensis,37372051,1,AD,Passing,
GX010042_L.MP4,19454,10.8186,YA_COW_Transect 1,2.0209,,6.332,3.128,3295.355,16.516,,,-900.919,-258.664,-3159.241,YA_COW,Peter,Pomacentridae,Chromis,ternatensis,37372051,1,AD,Passing,
GX010042_L.MP4,19454,10.8186,YA_COW_Transect 1,2.0209,,6.199,1.337,3261.966,16.2,,,-890.372,-190.126,-3132.333,YA_COW,Peter,Pomacentridae,Chromis,ternatensis,37372051,1,AD,Passing,
GX010042_L.MP4,19454,10.8186,YA_COW_Transect 1,2.0209,,6.162,2.611,3282.584,18.318,,,-1008.211,-220.753,-3116.109,YA_COW,Peter,Pomacentridae,Chromis,ternatensis,37372051,1,AD,Passing,
GX010042_L.MP4,19454,10.8186,YA_COW_Transect 1,2.0209,,6.804,1.346,3466.434,18.053,,,-1062.796,-158.329,-3295.689,YA_COW,Peter,Pomacentridae,Chromis,ternatensis,37372051,1,AD,Passing,
GX010042_L.MP4,19454,10.8186,YA_COW_Transect 1,2.0209,,5.639,1.426,3209.573,22.071,,,-1194.238,-169.82,-2974.276,YA_COW,Peter,Pomacentridae,Chromis,ternatensis,37372051,1,AD,Passing,
GX010042_L.MP4,19454,10.8186,YA_COW_Transect 1,2.0209,,8.306,0.399,3863.291,19.406,,,-1243.768,315.257,-3643.991,YA_COW,Peter,Pomacentridae,Chromis,ternatensis,37372051,1,AD,Passing,
GX010042_L.MP4,19454,10.8186,YA_COW_Transect 1,2.0209,,9.802,0.325,4189.88,17.781,,,-1248.164,279.2,-3989.891,YA_COW,Peter,Pomacentridae,Chromis,ternatensis,37372051,1,AD,Passing,
GX010042_L.MP4,19454,10.8186,YA_COW_Transect 1,2.0209,,7.656,1.682,3737.355,20.556,,,-1289.454,241.681,-3499.531,YA_COW,Peter,Pomacentridae,Chromis,ternatensis,37372051,1,AD,Passing,
GX010042_L.MP4,19454,10.8186,YA_COW_Transect 1,2.0209,,7.835,0.777,3811.39,21.561,,,-1380.708,233.64,-3544.82,YA_COW,Peter,Pomacentridae,Chromis,ternatensis,37372051,1,AD,Passing,
GX010042_L.MP4,19454,10.8186,YA_COW_Transect 1,2.0209,,7.815,1.172,3818.582,21.664,,,-1399.987,162.794,-3548.958,YA_COW,Peter,Pomacentridae,Chromis,ternatensis,37372051,1,AD,Passing,
GX010042_L.MP4,19454,10.8186,YA_COW_Transect 1,2.0209,,7.572,1.236,3726.745,20.352,,,-1291.438,107.665,-3494.17,YA_COW,Peter,Pomacentridae,Chromis,ternatensis,37372051,1,AD,Passing,
GX010042_L.MP4,19454,10.8186,YA_COW_Transect 1,2.0209,,5.243,1.849,3005.335,17.633,,,-904.314,103.034,-2864.2,YA_COW,Peter,Pomacentridae,Chromis,ternatensis,37372051,1,AD,Passing,
GX010042_L.MP4,19454,10.8186,YA_COW_Transect 1,2.0209,,6.85,5.672,3464.312,16.963,,,-1006.36,92.022,-3313.643,YA_COW,Peter,Pomacentridae,Chromis,ternatensis,37372051,1,AD,Passing,
GX010042_L.MP4,19454,10.8186,YA_COW_Transect 1,2.0209,,7.948,0.088,3741.802,16.858,,,-1069.713,180.318,-3581.101,YA_COW,Peter,Pomacentridae,Chromis,ternatensis,37372051,1,AD,Passing,
GX010042_L.MP4,19454,10.8186,YA_COW_Transect 1,2.0209,,7.289,2.539,3562.147,15.901,,,-967.825,123.623,-3425.919,YA_COW,Peter,Pomacentridae,Chromis,ternatensis,37372051,1,AD,Passing,
GX010042_L.MP4,19454,10.8186,YA_COW_Transect 1,2.0209,,4.671,3.739,2817.272,17.139,,,-829.891,-24.774,-2692.154,YA_COW,Peter,Pomacentridae,Chromis,ternatensis,37372051,1,AD,Passing,
GX010042_L.MP4,19454,10.8186,YA_COW_Transect 1,2.0209,,4.347,1.48,2706.342,17.082,,,-793.588,-48.057,-2586.928,YA_COW,Peter,Pomacentridae,Chromis,ternatensis,37372051,1,AD,Passing,
GX010042_L.MP4,19454,10.8186,YA_COW_Transect 1,2.0209,,7.528,1.277,3749.459,21.61,,,-1379.31,63.963,-3485.952,YA_COW,Peter,Pomacentridae,Chromis,ternatensis,37372051,1,AD,Passing,
GX010042_L.MP4,19454,10.8186,YA_COW_Transect 1,2.0209,,4.353,3.445,2840.443,24.69,,,-1179.534,126.474,-2580.857,YA_COW,Peter,Pomacentridae,Chromis,ternatensis,37372051,1,AD,Passing,
GX010042_L.MP4,19454,10.8186,YA_COW_Transect 1,2.0209,,5.085,0.739,3093.11,24.37,,,-1275.516,42.727,-2817.546,YA_COW,Peter,Pomacentridae,Chromis,ternatensis,37372051,1,AD,Passing,
GX010042_L.MP4,19454,10.8186,YA_COW_Transect 1,2.0209,,4.648,4.656,3011.032,27.243,,,-1378.313,9.862,-2677.026,YA_COW,Peter,Pomacentridae,Chromis,ternatensis,37372051,1,AD,Passing,
GX010042_L.MP4,19454,10.8186,YA_COW_Transect 1,2.0209,,4.409,0.673,2915.275,26.844,,,-1316.372,-13.918,-2601.115,YA_COW,Peter,Pomacentridae,Chromis,ternatensis,37372051,1,AD,Passing,
GX010042_L.MP4,19454,10.8186,YA_COW_Transect 1,2.0209,,6.621,0.435,3635.306,26.639,,,-1629.926,-5.55,-3249.425,YA_COW,Peter,Pomacentridae,Chromis,ternatensis,37372051,1,AD,Passing,
GX010042_L.MP4,19454,10.8186,YA_COW_Transect 1,2.0209,,5.591,1.267,3274.707,25.008,,,-1384.295,11.1,-2967.711,YA_COW,Peter,Pomacentridae,Chromis,ternatensis,37372051,1,AD,Passing,
GX010042_L.MP4,19454,10.8186,YA_COW_Transect 1,2.0209,,5.975,1.124,3410.964,25.94,,,-1483.411,158.472,-3067.418,YA_COW,Peter,Pomacentridae,Chromis,ternatensis,37372051,1,AD,Passing,
GX010042_L.MP4,19454,10.8186,YA_COW_Transect 1,2.0209,,5.031,0.559,3140.327,28.191,,,-1453.781,294.036,-2767.98,YA_COW,Peter,Pomacentridae,Chromis,ternatensis,37372051,1,AD,Passing,
GX010042_L.MP4,19454,10.8186,YA_COW_Transect 1,2.0209,,7.638,6.532,3880.598,25.254,,,-1652.754,-98.971,-3509.652,YA_COW,Peter,Pomacentridae,Chromis,ternatensis,37372051,1,AD,Passing,
GX010042_L.MP4,19454,10.8186,YA_COW_Transect 1,2.0209,,6.835,4.966,3606.179,23.49,,,-1433.475,-108.25,-3307.259,YA_COW,Peter,Pomacentridae,Chromis,ternatensis,37372051,1,AD,Passing,
GX010042_L.MP4,19454,10.8186,YA_COW_Transect 1,2.0209,,5.324,6.903,3133.622,22.818,,,-1211.721,-93.771,-2888.343,YA_COW,Peter,Pomacentridae,Chromis,ternatensis,37372051,1,AD,Passing,
GX010042_L.MP4,19454,10.8186,YA_COW_Transect 1,2.0209,,6.392,0.621,3414.851,20.782,,,-1210.619,-51.698,-3192.637,YA_COW,Peter,Pomacentridae,Chromis,ternatensis,37372051,1,AD,Passing,
GX010042_L.MP4,19454,10.8186,YA_COW_Transect 1,2.0209,,3.642,1.747,2519.113,21.639,,,-927.761,-48.44,-2341.548,YA_COW,Peter,Pomacentridae,Chromis,ternatensis,37372051,1,AD,Passing,
GX010042_L.MP4,19454,10.8186,YA_COW_Transect 1,2.0209,,6.814,1.112,3385.915,3.709,,,-217.907,-23.872,-3378.811,YA_COW,Peter,Pomacentridae,Chromis,viridis,37372053,1,AD,Passing,
GX010042_L.MP4,19454,10.8186,YA_COW_Transect 1,2.0209,,6.141,0.158,3184.396,10.117,,,-504.966,-242.514,-3134.737,YA_COW,Peter,Pomacentridae,Chromis,viridis,37372053,1,AD,Passing,
GX010042_L.MP4,19454,10.8186,YA_COW_Transect 1,2.0209,,7.381,1.687,3547.889,12.793,,,-775.97,-124.627,-3459.748,YA_COW,Peter,Pomacentridae,Chromis,viridis,37372053,1,AD,Passing,
GX010042_L.MP4,19454,10.8186,YA_COW_Transect 1,2.0209,,7.665,3.639,3594.584,9.506,,,-567.419,172.489,-3545.323,YA_COW,Peter,Pomacentridae,Chromis,viridis,37372053,1,AD,Passing,
GX010042_L.MP4,19454,10.8186,YA_COW_Transect 1,2.0209,,7.051,1.909,3435.951,6.715,,,-366.014,163.724,-3412.476,YA_COW,Peter,Pomacentridae,Chromis,viridis,37372053,1,AD,Passing,
GX010042_L.MP4,19454,10.8186,YA_COW_Transect 1,2.0209,,5.79,0.198,3134.66,16.203,,,-837.231,-254.961,-3010.006,YA_COW,Peter,Pomacentridae,Chromis,viridis,37372053,1,AD,Passing,
GX010042_L.MP4,19454,10.8186,YA_COW_Transect 1,2.0209,,6.74,1.721,3421.347,16.334,,,-953,-134.655,-3283.181,YA_COW,Peter,Pomacentridae,Chromis,viridis,37372053,1,AD,Passing,
GX010042_L.MP4,19454,10.8186,YA_COW_Transect 1,2.0209,,9.089,0.524,4070.967,18.631,,,-1300.224,-31.949,-3857.612,YA_COW,Peter,Pomacentridae,Chromis,viridis,37372053,1,AD,Passing,
GX010042_L.MP4,19454,10.8186,YA_COW_Transect 1,2.0209,,7.777,0.621,3727.325,17.737,,,-1135.517,-9.18,-3550.136,YA_COW,Peter,Pomacentridae,Chromis,viridis,37372053,1,AD,Passing,
GX010042_L.MP4,19454,10.8186,YA_COW_Transect 1,2.0209,,6.461,3.53,3380.04,18.117,,,-1050.975,12.584,-3212.47,YA_COW,Peter,Pomacentridae,Chromis,viridis,37372053,1,AD,Passing,
GX010042_L.MP4,19454,10.8186,YA_COW_Transect 1,2.0209,,6.785,1.617,3519.707,20.847,,,-1241.496,-167.933,-3289.198,YA_COW,Peter,Pomacentridae,Chromis,viridis,37372053,1,AD,Passing,
GX010042_L.MP4,19454,10.8186,YA_COW_Transect 1,2.0209,,7.504,7.41,3947.874,29.086,,,-1907.331,-214.781,-3449.88,YA_COW,Peter,Pomacentridae,Chromis,viridis,37372053,1,AD,Passing,
GX010042_L.MP4,19581,10.8892,YA_COW_Transect 1,2.0915,61.193,3.834,1.719,2418.527,16.159,35.586,65.113,-379.201,-556.08,-2322.984,YA_COW,Peter,Pomacentridae,Amblyglyphidodon,orbicularis,temp_code_001,1,AD,Passing,
GX010042_L.MP4,19581,10.8892,YA_COW_Transect 1,2.0915,,5.05,0.435,2844.897,16.7,,,-148.612,-805.473,-2724.439,YA_COW,Peter,Pomacentridae,Amblyglyphidodon,orbicularis,temp_code_001,1,AD,Passing,
GX010042_L.MP4,20084,11.1689,YA_COW_Transect 1,2.3713,174.875,6.539,4.847,2466.818,21.603,40.278,10.438,-869.936,-260.862,-2293.546,YA_COW,Peter,Labridae,Coris,aygula,37384090,1,AD,Passing,
GX010042_L.MP4,20251,11.2618,YA_COW_Transect 1,2.4641,85.931,2.364,4.923,1869.024,13.199,15.431,17.33,-283.484,-318.992,-1819.652,YA_COW,Peter,Acanthuridae,Zebrasoma,scopas,37437036,1,AD,Passing,
GX010042_L.MP4,20272,11.2735,YA_COW_Transect 1,2.4758,263.31,2.683,5.538,2654.302,14.81,4.665,9.087,228.081,-639.013,-2566.118,YA_COW,Peter,Labridae,Coris,aygula,37384090,1,AD,Passing,
GX010042_L.MP4,20272,11.2735,YA_COW_Transect 1,2.4758,164.98,8.236,1.767,3047.801,15.903,26.585,5.996,566.449,-613.678,-2931.147,YA_COW,Peter,Holocentridae,Myripristis,kuntee,37261011,1,AD,Passing,
GX010042_L.MP4,20274,11.2746,YA_COW_Transect 1,2.4769,218.144,3.619,8.199,2562.219,10.113,9.914,2.061,-414.834,-174.115,-2522.412,YA_COW,Peter,Lutjanidae,Lutjanus,monostigma,37346045,1,AD,Passing,
GX010042_L.MP4,20296,11.2868,YA_COW_Transect 1,2.4892,55.301,5.07,2.166,2773.431,11.128,19.179,25.6,-264.23,465.526,-2721.284,YA_COW,Peter,Pomacentridae,Chrysiptera,glauca,37372062,1,AD,Passing,
GX010042_L.MP4,20296,11.2868,YA_COW_Transect 1,2.4892,,2.445,1.112,1923.613,13.313,,,-397.792,193.742,-1872.035,YA_COW,Peter,Pomacentridae,Pomacentrus,moluccensis,37372118,1,AD,Passing,
GX010042_L.MP4,20296,11.2868,YA_COW_Transect 1,2.4892,72.858,3.07,0.563,2293.658,8.417,16.137,34.035,-26.556,334.694,-2268.952,YA_COW,Peter,Pomacentridae,Amblyglyphidodon,orbicularis,temp_code_001,1,AD,Passing,
GX010042_L.MP4,20296,11.2868,YA_COW_Transect 1,2.4892,99.648,4.456,3.419,3002.415,20.104,5.174,38.746,515.619,-893.951,-2819.482,YA_COW,Peter,Acanthuridae,Ctenochaetus,striatus,37437022,1,AD,Passing,
GX010042_L.MP4,20319,11.2996,YA_COW_Transect 1,2.5019,58.434,4.948,5.279,2098.39,23.845,53.252,24.488,-820.247,216.409,-1919.271,YA_COW,Peter,Pomacentridae,Pomacentrus,callainus,temp_code_004,1,AD,Passing,
GX010042_L.MP4,20367,11.3263,YA_COW_Transect 1,2.5286,,5.468,4.406,2945.596,15.553,,,249.62,-750.952,-2837.304,YA_COW,Peter,Acanthuridae,Acanthurus,sp,,1,AD,Passing,
GX010042_L.MP4,20367,11.3263,YA_COW_Transect 1,2.5286,,11.634,4.102,4476.036,19.194,,,-1152.876,-917.046,-4226.677,YA_COW,Peter,Pomacentridae,Chromis,viridis,37372053,1,AD,Passing,
GX010042_L.MP4,27918,15.5255,YA_COW_Transect 2,0.1857,,9.064,0.264,4248.981,29.16,,,-1924.48,-765.438,-3710.03,YA_COW,Peter,Pomacentridae,Chromis,ternatensis,37372051,1,AD,Passing,
GX010042_L.MP4,27918,15.5255,YA_COW_Transect 2,0.1857,,9.23,3.745,4258.218,26.757,,,-1829.4,-575.341,-3801.934,YA_COW,Peter,Pomacentridae,Chromis,ternatensis,37372051,1,AD,Passing,
GX010042_L.MP4,27918,15.5255,YA_COW_Transect 2,0.1857,,4.864,4.563,2948.472,23.685,,,-1097.605,-446.738,-2699.848,YA_COW,Peter,Pomacentridae,Chromis,ternatensis,37372051,1,AD,Passing,
GX010042_L.MP4,27918,15.5255,YA_COW_Transect 2,0.1857,,3.818,11.564,2654.701,26.955,,,-1144.73,-372.34,-2366.092,YA_COW,Peter,Pomacentridae,Chromis,ternatensis,37372051,1,AD,Passing,
GX010042_L.MP4,27918,15.5255,YA_COW_Transect 2,0.1857,,9.803,3.075,4329.266,26.198,,,-1752.134,-765.807,-3884.084,YA_COW,Peter,Pomacentridae,Chromis,ternatensis,37372051,1,AD,Passing,
GX010042_L.MP4,27918,15.5255,YA_COW_Transect 2,0.1857,,8.872,17.451,4032.806,24.061,,,-1461.795,-754.93,-3681.95,YA_COW,Peter,Pomacentridae,Chromis,ternatensis,37372051,1,AD,Passing,
GX010042_L.MP4,27918,15.5255,YA_COW_Transect 2,0.1857,,5.966,7.683,3249.603,22.088,,,-1112.91,-506.296,-3010.817,YA_COW,Peter,Pomacentridae,Chromis,ternatensis,37372051,1,AD,Passing,
GX010042_L.MP4,27918,15.5255,YA_COW_Transect 2,0.1857,,8.581,7.547,3993.903,20.908,,,-1414.693,-175.52,-3730.831,YA_COW,Peter,Pomacentridae,Chromis,ternatensis,37372051,1,AD,Passing,
GX010042_L.MP4,27918,15.5255,YA_COW_Transect 2,0.1857,,4.977,0.301,2923.916,18.62,,,-904.876,-231.269,-2770.74,YA_COW,Peter,Pomacentridae,Chromis,ternatensis,37372051,1,AD,Passing,
GX010042_L.MP4,27918,15.5255,YA_COW_Transect 2,0.1857,,10.656,4.936,4447.171,21.183,,,-1552.877,-415.899,-4146.436,YA_COW,Peter,Pomacentridae,Chromis,ternatensis,37372051,1,AD,Passing,
GX010042_L.MP4,27918,15.5255,YA_COW_Transect 2,0.1857,,9.142,0.404,4132.385,22.36,,,-1518.585,-408.834,-3821.435,YA_COW,Peter,Pomacentridae,Chromis,ternatensis,37372051,1,AD,Passing,
GX010042_L.MP4,27918,15.5255,YA_COW_Transect 2,0.1857,,6.633,8.238,3392.624,18.912,,,-1016.868,-420.296,-3209.241,YA_COW,Peter,Pomacentridae,Chromis,ternatensis,37372051,1,AD,Passing,
GX010042_L.MP4,27918,15.5255,YA_COW_Transect 2,0.1857,,10.997,5.246,4509.033,21.864,,,-1583.167,-562.207,-4184.362,YA_COW,Peter,Pomacentridae,Chromis,ternatensis,37372051,1,AD,Passing,
GX010042_L.MP4,27918,15.5255,YA_COW_Transect 2,0.1857,,3.269,1.527,2268.497,13.031,,,-483.839,-167.217,-2209.981,YA_COW,Peter,Pomacentridae,Chromis,ternatensis,37372051,1,AD,Passing,
GX010042_L.MP4,27918,15.5255,YA_COW_Transect 2,0.1857,,3.625,8.084,2395.627,10.873,,,-435.023,-123.754,-2352.545,YA_COW,Peter,Pomacentridae,Chromis,ternatensis,37372051,1,AD,Passing,
GX010042_L.MP4,27979,15.5594,YA_COW_Transect 2,0.2197,105.893,2.621,1.905,1731.287,19.137,20.061,15.011,550.222,-139.221,-1635.613,YA_COW,Peter,Acanthuridae,Ctenochaetus,striatus,37437022,1,AD,Passing,
GX010042_L.MP4,28007,15.575,YA_COW_Transect 2,0.2352,73.645,2.109,2.928,1530.068,9.355,23.453,15.133,-234.29,-83.487,-1509.717,YA_COW,Peter,Pomacentridae,Chromis,viridis,37372053,1,AD,Passing,
GX010042_L.MP4,28065,15.6073,YA_COW_Transect 2,0.2675,,2.303,5.062,1860.781,16.807,,,529.164,-98.408,-1781.237,YA_COW,Peter,Pomacentridae,Dascyllus,aruanus,37372073,1,AD,Passing,
GX010042_L.MP4,28065,15.6073,YA_COW_Transect 2,0.2675,34.276,1.438,6.345,1408.782,14.116,18.218,43.097,43.768,-340.789,-1366.241,YA_COW,Peter,Chaetodontidae,Chaetodon,lunulatus,37365059,1,AD,Passing,
GX010042_L.MP4,28065,15.6073,YA_COW_Transect 2,0.2675,36.183,1.691,3.149,1523.865,5.892,16.806,11.589,39.276,-151.425,-1515.814,YA_COW,Peter,Pomacentridae,Pomacentrus,maafu,temp_code_005,1,AD,Passing,
GX010042_L.MP4,28065,15.6073,YA_COW_Transect 2,0.2675,,3.44,3.094,2303.442,11.935,,,454.351,-144.494,-2253.56,YA_COW,Peter,Pomacentridae,Pomacentrus,maafu,temp_code_005,1,AD,Passing,
GX010042_L.MP4,28065,15.6073,YA_COW_Transect 2,0.2675,29.548,1.442,3.359,1452.616,12.886,15.436,8.395,25.16,-322.963,-1416.035,YA_COW,Peter,Pomacentridae,Pomacentrus,moluccensis,37372118,1,AD,Passing,
GX010042_L.MP4,28065,15.6073,YA_COW_Transect 2,0.2675,,1.475,1.673,1440.618,16.398,,,301.749,-273.48,-1381.859,YA_COW,Peter,Pomacentridae,Pomacentrus,moluccensis,37372118,1,AD,Passing,
GX010042_L.MP4,28065,15.6073,YA_COW_Transect 2,0.2675,75.127,3.013,3.674,1740.809,25.433,33.36,17.908,712.614,-226.042,-1572.101,YA_COW,Peter,Scaridae,Scarus,sp,,1,AD,Passing,
GX010042_L.MP4,28065,15.6073,YA_COW_Transect 2,0.2675,62.905,4.859,5.332,1934.433,10.887,41.206,2.098,319.562,-177.132,-1899.614,YA_COW,Peter,Pomacentridae,Chromis,ternatensis,37372051,1,AD,Passing,
GX010042_L.MP4,28065,15.6073,YA_COW_Transect 2,0.2675,59.499,3.181,5.32,2219.528,12.843,10.716,6.5,483.02,-100.528,-2163.999,YA_COW,Peter,Pomacentridae,Chromis,ternatensis,37372051,1,AD,Passing,
GX010042_L.MP4,28065,15.6073,YA_COW_Transect 2,0.2675,86.546,5.548,2.568,1998.319,20.241,55.799,1.547,672.577,-159.997,-1874.919,YA_COW,Peter,Pomacentridae,Chromis,ternatensis,37372051,1,AD,Passing,
GX010042_L.MP4,28065,15.6073,YA_COW_Transect 2,0.2675,49.156,3.173,1.482,1499.664,17.971,80.176,34.538,379.39,-264.887,-1426.495,YA_COW,Peter,Pomacentridae,Chromis,ternatensis,37372051,1,AD,Passing,
GX010042_L.MP4,28065,15.6073,YA_COW_Transect 2,0.2675,61.777,3.798,6.634,1812.728,12.416,36.052,6.027,248.544,-300.235,-1770.329,YA_COW,Peter,Pomacentridae,Chromis,ternatensis,37372051,1,AD,Passing,
GX010042_L.MP4,28065,15.6073,YA_COW_Transect 2,0.2675,,2.202,3.434,1800.534,8.365,,,145.06,-219.154,-1781.25,YA_COW,Peter,Pomacentridae,Chromis,ternatensis,37372051,1,AD,Passing,
GX010042_L.MP4,28065,15.6073,YA_COW_Transect 2,0.2675,,2.634,7.946,1987.35,9.419,,,158.384,-285.23,-1960.387,YA_COW,Peter,Pomacentridae,Chromis,ternatensis,37372051,1,AD,Passing,
GX010042_L.MP4,28065,15.6073,YA_COW_Transect 2,0.2675,,2.268,2.633,1831.286,10.676,,,122.934,-317.261,-1799.4,YA_COW,Peter,Pomacentridae,Chromis,ternatensis,37372051,1,AD,Passing,
GX010042_L.MP4,28065,15.6073,YA_COW_Transect 2,0.2675,,2.058,0.582,1739.12,7.471,,,-156.026,-164.673,-1724.262,YA_COW,Peter,Pomacentridae,Chromis,ternatensis,37372051,1,AD,Passing,
GX010042_L.MP4,28065,15.6073,YA_COW_Transect 2,0.2675,,2.089,4.965,1754.572,6.387,,,-110.293,-162.066,-1743.586,YA_COW,Peter,Pomacentridae,Chromis,ternatensis,37372051,1,AD,Passing,
GX010042_L.MP4,28065,15.6073,YA_COW_Transect 2,0.2675,,1.851,3.808,1638.908,10.364,,,-254.128,-150.445,-1612.08,YA_COW,Peter,Pomacentridae,Chromis,ternatensis,37372051,1,AD,Passing,
GX010042_L.MP4,28065,15.6073,YA_COW_Transect 2,0.2675,,6.302,5.474,3433.452,28.041,,,-1407.423,788.397,-3030.871,YA_COW,Peter,Pomacentridae,Chromis,ternatensis,37372051,1,AD,Passing,
GX010042_L.MP4,28065,15.6073,YA_COW_Transect 2,0.2675,,8.025,0.469,3944.758,29.758,,,-1725.634,922.982,-3425.114,YA_COW,Peter,Pomacentridae,Chromis,ternatensis,37372051,1,AD,Passing,
GX010042_L.MP4,28065,15.6073,YA_COW_Transect 2,0.2675,,8.913,10.697,4207.378,31.315,,,-1940.478,1006.113,-3595.04,YA_COW,Peter,Pomacentridae,Chromis,ternatensis,37372051,1,AD,Passing,
GX010042_L.MP4,28065,15.6073,YA_COW_Transect 2,0.2675,,9.304,3.998,4291.717,29.623,,,-1934.851,867.592,-3731.283,YA_COW,Peter,Pomacentridae,Chromis,ternatensis,37372051,1,AD,Passing,
GX010042_L.MP4,28065,15.6073,YA_COW_Transect 2,0.2675,,8.742,0.083,4141.477,29.917,,,-1846.747,923.063,-3590.168,YA_COW,Peter,Pomacentridae,Chromis,ternatensis,37372051,1,AD,Passing,
GX010042_L.MP4,28065,15.6073,YA_COW_Transect 2,0.2675,,9.04,5.425,4074.924,26.913,,,-1498.922,1072.689,-3634.223,YA_COW,Peter,Pomacentridae,Chromis,ternatensis,37372051,1,AD,Passing,
GX010042_L.MP4,28065,15.6073,YA_COW_Transect 2,0.2675,,10.972,6.775,4527.853,28,,,-1720.514,1246.043,-3998.583,YA_COW,Peter,Pomacentridae,Chromis,ternatensis,37372051,1,AD,Passing,
GX010042_L.MP4,28065,15.6073,YA_COW_Transect 2,0.2675,,8.899,2.175,4049.541,27.934,,,-1497.896,1161.934,-3578.408,YA_COW,Peter,Pomacentridae,Chromis,ternatensis,37372051,1,AD,Passing,
GX010042_L.MP4,28065,15.6073,YA_COW_Transect 2,0.2675,,10.378,6.646,4356.366,27.408,,,-1533.828,1289.539,-3868.124,YA_COW,Peter,Pomacentridae,Chromis,ternatensis,37372051,1,AD,Passing,
GX010042_L.MP4,28065,15.6073,YA_COW_Transect 2,0.2675,,10.38,11.077,4347.132,26.969,,,-1508.622,1266.849,-3875.14,YA_COW,Peter,Pomacentridae,Chromis,ternatensis,37372051,1,AD,Passing,
GX010042_L.MP4,28065,15.6073,YA_COW_Transect 2,0.2675,,8.963,0.342,3999.809,25.564,,,-1316.786,1113.702,-3608.907,YA_COW,Peter,Pomacentridae,Chromis,ternatensis,37372051,1,AD,Passing,
GX010042_L.MP4,28065,15.6073,YA_COW_Transect 2,0.2675,,8.317,0.133,3801.8,24.575,,,-1097.565,1136.052,-3458.094,YA_COW,Peter,Pomacentridae,Chromis,ternatensis,37372051,1,AD,Passing,
GX010042_L.MP4,28065,15.6073,YA_COW_Transect 2,0.2675,,8.366,0.564,3798.73,22.756,,,-1082.166,991.961,-3503.609,YA_COW,Peter,Pomacentridae,Chromis,ternatensis,37372051,1,AD,Passing,
GX010042_L.MP4,28065,15.6073,YA_COW_Transect 2,0.2675,,7.008,1.515,3473.23,22.602,,,-1028.41,849.128,-3206.974,YA_COW,Peter,Pomacentridae,Chromis,ternatensis,37372051,1,AD,Passing,
GX010042_L.MP4,28065,15.6073,YA_COW_Transect 2,0.2675,,8.534,4.993,3887.164,24.556,,,-1256.602,1013.108,-3536.185,YA_COW,Peter,Pomacentridae,Chromis,ternatensis,37372051,1,AD,Passing,
GX010042_L.MP4,28065,15.6073,YA_COW_Transect 2,0.2675,,6.982,1.43,3371.596,17.827,,,-355.667,967.124,-3210.27,YA_COW,Peter,Pomacentridae,Chromis,ternatensis,37372051,1,AD,Passing,
GX010042_L.MP4,28065,15.6073,YA_COW_Transect 2,0.2675,,10.746,0.554,4226.917,19.144,,,-465.852,1303.247,-3993.915,YA_COW,Peter,Pomacentridae,Chromis,ternatensis,37372051,1,AD,Passing,
GX010042_L.MP4,28065,15.6073,YA_COW_Transect 2,0.2675,,9.217,6.008,3910.149,19.671,,,-666.063,1133.072,-3682.631,YA_COW,Peter,Pomacentridae,Chromis,ternatensis,37372051,1,AD,Passing,
GX010042_L.MP4,28065,15.6073,YA_COW_Transect 2,0.2675,,8.22,1.048,3685.944,20.025,,,-609.583,1103.177,-3463.755,YA_COW,Peter,Pomacentridae,Chromis,ternatensis,37372051,1,AD,Passing,
GX010042_L.MP4,28065,15.6073,YA_COW_Transect 2,0.2675,,6.919,6.309,3397.886,21.562,,,-774.78,977.464,-3160.682,YA_COW,Peter,Pomacentridae,Chromis,ternatensis,37372051,1,AD,Passing,
GX010042_L.MP4,28065,15.6073,YA_COW_Transect 2,0.2675,,9.765,1.176,4053.055,22.16,,,-771.8,1317.453,-3754.45,YA_COW,Peter,Pomacentridae,Chromis,ternatensis,37372051,1,AD,Passing,
GX010042_L.MP4,28065,15.6073,YA_COW_Transect 2,0.2675,,14.001,9.575,4875.301,21.667,,,-976.733,1509.314,-4531.724,YA_COW,Peter,Pomacentridae,Chromis,ternatensis,37372051,1,AD,Passing,
GX010042_L.MP4,28065,15.6073,YA_COW_Transect 2,0.2675,,12.273,5.848,4538.321,20.48,,,-780.327,1380.441,-4252.273,YA_COW,Peter,Pomacentridae,Chromis,ternatensis,37372051,1,AD,Passing,
GX010042_L.MP4,28065,15.6073,YA_COW_Transect 2,0.2675,,14.981,12.858,5204.737,23.49,,,-1715.181,1164.242,-4774.095,YA_COW,Peter,Pomacentridae,Chromis,ternatensis,37372051,1,AD,Passing,
GX010042_L.MP4,28065,15.6073,YA_COW_Transect 2,0.2675,,11.679,1.279,4546.587,22.101,,,-1403.085,976.06,-4213.088,YA_COW,Peter,Pomacentridae,Chromis,ternatensis,37372051,1,AD,Passing,
GX010042_L.MP4,28065,15.6073,YA_COW_Transect 2,0.2675,,15.251,6.433,5275.489,23.277,,,-1789.571,1066.644,-4846.699,YA_COW,Peter,Pomacentridae,Chromis,ternatensis,37372051,1,AD,Passing,
GX010042_L.MP4,28065,15.6073,YA_COW_Transect 2,0.2675,,13.517,1.23,4997.934,24.299,,,-1793.69,1003.619,-4555.74,YA_COW,Peter,Pomacentridae,Chromis,ternatensis,37372051,1,AD,Passing,
GX010042_L.MP4,28065,15.6073,YA_COW_Transect 2,0.2675,,15.423,12.889,5324.684,24.132,,,-1860.121,1128.029,-4860.017,YA_COW,Peter,Pomacentridae,Chromis,ternatensis,37372051,1,AD,Passing,
GX010042_L.MP4,28065,15.6073,YA_COW_Transect 2,0.2675,,11.897,10.811,4578.168,20.574,,,-1361.056,855.279,-4286.682,YA_COW,Peter,Pomacentridae,Chromis,ternatensis,37372051,1,AD,Passing,
GX010042_L.MP4,28065,15.6073,YA_COW_Transect 2,0.2675,,3.819,7.66,2637.168,24.258,,,-1083.278,-22.053,-2404.304,YA_COW,Peter,Pomacentridae,Chromis,ternatensis,37372051,1,AD,Passing,
GX010042_L.MP4,28065,15.6073,YA_COW_Transect 2,0.2675,,5.323,3.709,3211.998,25.976,,,-1406.791,11.304,-2887.516,YA_COW,Peter,Pomacentridae,Chromis,ternatensis,37372051,1,AD,Passing,
GX010042_L.MP4,28065,15.6073,YA_COW_Transect 2,0.2675,,5.074,9.453,3062.236,23.186,,,-1204.859,-45.733,-2814.873,YA_COW,Peter,Pomacentridae,Chromis,ternatensis,37372051,1,AD,Passing,
GX010042_L.MP4,28065,15.6073,YA_COW_Transect 2,0.2675,,5.03,15.36,3005.295,22.274,,,-1106.093,-273.873,-2780.89,YA_COW,Peter,Pomacentridae,Chromis,ternatensis,37372051,1,AD,Passing,
GX010042_L.MP4,28065,15.6073,YA_COW_Transect 2,0.2675,,2.001,5.218,1732.834,15.62,,,-462.488,-62.711,-1668.798,YA_COW,Peter,Pomacentridae,Chromis,ternatensis,37372051,1,AD,Passing,
GX010042_L.MP4,28065,15.6073,YA_COW_Transect 2,0.2675,,5.988,10.689,3179.564,17.221,,,-851.207,400.142,-3037.262,YA_COW,Peter,Pomacentridae,Chromis,ternatensis,37372051,1,AD,Passing,
GX010042_L.MP4,28065,15.6073,YA_COW_Transect 2,0.2675,,8.608,2.661,4139.65,27.955,,,-1857.746,558.852,-3656.934,YA_COW,Peter,Pomacentridae,Chromis,ternatensis,37372051,1,AD,Passing,
GX010042_L.MP4,28065,15.6073,YA_COW_Transect 2,0.2675,,7.977,3.603,3879.533,24.764,,,-1537.097,525.27,-3523.095,YA_COW,Peter,Pomacentridae,Chromis,ternatensis,37372051,1,AD,Passing,
GX010042_L.MP4,28065,15.6073,YA_COW_Transect 2,0.2675,,6.948,4.978,3754.18,28.129,,,-1752.945,242.784,-3310.907,YA_COW,Peter,Pomacentridae,Chromis,ternatensis,37372051,1,AD,Passing,
GX010042_L.MP4,28065,15.6073,YA_COW_Transect 2,0.2675,,12.01,1.92,4759.968,25.01,,,-1827.728,839.606,-4314.135,YA_COW,Peter,Pomacentridae,Chromis,ternatensis,37372051,1,AD,Passing,
GX010042_L.MP4,28065,15.6073,YA_COW_Transect 2,0.2675,,13.98,3.442,5170.48,25.861,,,-2043.947,950.514,-4653.242,YA_COW,Peter,Pomacentridae,Chromis,ternatensis,37372051,1,AD,Passing,
GX010042_L.MP4,28065,15.6073,YA_COW_Transect 2,0.2675,,11.536,1.647,4746.626,27.196,,,-2007.896,818.925,-4222.343,YA_COW,Peter,Pomacentridae,Chromis,ternatensis,37372051,1,AD,Passing,
GX010042_L.MP4,28065,15.6073,YA_COW_Transect 2,0.2675,,11.516,1.307,4889.654,28.35,,,-2281.776,427.059,-4303.468,YA_COW,Peter,Pomacentridae,Chromis,ternatensis,37372051,1,AD,Passing,
GX010042_L.MP4,28065,15.6073,YA_COW_Transect 2,0.2675,,7.683,2.844,3540.14,16.481,,,-355.033,937.515,-3395.233,YA_COW,Peter,Pomacentridae,Chromis,ternatensis,37372051,1,AD,Passing,
GX010042_L.MP4,28065,15.6073,YA_COW_Transect 2,0.2675,,16.826,13.233,5338.019,19.103,,,-1064.485,1382.214,-5044.879,YA_COW,Peter,Pomacentridae,Chromis,ternatensis,37372051,1,AD,Passing,
GX010042_L.MP4,28065,15.6073,YA_COW_Transect 2,0.2675,,8.316,4.158,3702.445,17.851,,,-58.121,1131.38,-3524.869,YA_COW,Peter,Pomacentridae,Chromis,ternatensis,37372051,1,AD,Passing,
GX010042_L.MP4,28065,15.6073,YA_COW_Transect 2,0.2675,,9.722,6.566,4021.191,19.209,,,-268.278,1293.314,-3798.071,YA_COW,Peter,Pomacentridae,Chromis,ternatensis,37372051,1,AD,Passing,
GX010042_L.MP4,28065,15.6073,YA_COW_Transect 2,0.2675,,12.479,10.381,4583.612,19.23,,,-182.639,1496.015,-4328.751,YA_COW,Peter,Pomacentridae,Chromis,ternatensis,37372051,1,AD,Passing,
GX010042_L.MP4,28065,15.6073,YA_COW_Transect 2,0.2675,,7.028,7.741,3391.352,18.218,,,-86.104,1054.838,-3221.982,YA_COW,Peter,Pomacentridae,Chromis,ternatensis,37372051,1,AD,Passing,
GX010042_L.MP4,28065,15.6073,YA_COW_Transect 2,0.2675,,9.316,10.506,3927.508,18.761,,,-313.245,1221.568,-3719.539,YA_COW,Peter,Pomacentridae,Chromis,ternatensis,37372051,1,AD,Passing,
GX010042_L.MP4,28065,15.6073,YA_COW_Transect 2,0.2675,,18.713,6.353,5673.662,20.726,,,-127.996,2000.735,-5307.647,YA_COW,Peter,Pomacentridae,Chromis,ternatensis,37372051,1,AD,Passing,
GX010042_L.MP4,28065,15.6073,YA_COW_Transect 2,0.2675,,16.79,9.679,5371.681,21.225,,,8.264,1941.785,-5008.429,YA_COW,Peter,Pomacentridae,Chromis,ternatensis,37372051,1,AD,Passing,
GX010042_L.MP4,28065,15.6073,YA_COW_Transect 2,0.2675,,12.242,6.529,4543.659,19.558,,,-110.091,1514.582,-4282.378,YA_COW,Peter,Pomacentridae,Chromis,ternatensis,37372051,1,AD,Passing,
GX010042_L.MP4,28065,15.6073,YA_COW_Transect 2,0.2675,,13.07,3.01,4695.101,19.406,,,63.993,1556.052,-4429.286,YA_COW,Peter,Pomacentridae,Chromis,ternatensis,37372051,1,AD,Passing,
GX010042_L.MP4,28065,15.6073,YA_COW_Transect 2,0.2675,,15.772,2.44,5175.737,19.118,,,11.868,1692.21,-4891.271,YA_COW,Peter,Pomacentridae,Chromis,ternatensis,37372051,1,AD,Passing,
GX010042_L.MP4,28065,15.6073,YA_COW_Transect 2,0.2675,,12.217,4.961,4521.504,18.75,,,137.896,1444.332,-4282.393,YA_COW,Peter,Pomacentridae,Chromis,ternatensis,37372051,1,AD,Passing,
GX010042_L.MP4,28065,15.6073,YA_COW_Transect 2,0.2675,,17.528,2.946,5434.316,18.55,,,264.036,1705.521,-5152.986,YA_COW,Peter,Pomacentridae,Chromis,ternatensis,37372051,1,AD,Passing,
GX010042_L.MP4,28065,15.6073,YA_COW_Transect 2,0.2675,,9.884,1.474,4281.597,29.13,,,-1574.59,1363.38,-3740.846,YA_COW,Peter,Pomacentridae,Chromis,ternatensis,37372051,1,AD,Passing,
GX010042_L.MP4,28065,15.6073,YA_COW_Transect 2,0.2675,,11.958,5.731,4628.024,26.589,,,-1439.814,1486.776,-4139.449,YA_COW,Peter,Pomacentridae,Chromis,ternatensis,37372051,1,AD,Passing,
GX010042_L.MP4,28065,15.6073,YA_COW_Transect 2,0.2675,,10.199,1.103,4261.61,26.097,,,-1333.48,1315.376,-3827.916,YA_COW,Peter,Pomacentridae,Chromis,ternatensis,37372051,1,AD,Passing,
GX010042_L.MP4,28065,15.6073,YA_COW_Transect 2,0.2675,,12.02,1.148,4617.011,26.434,,,-1329.673,1564.823,-4135.226,YA_COW,Peter,Pomacentridae,Chromis,ternatensis,37372051,1,AD,Passing,
GX010042_L.MP4,28065,15.6073,YA_COW_Transect 2,0.2675,,9.982,4.558,4175.195,25.837,,,-1114.64,1436.016,-3758.682,YA_COW,Peter,Pomacentridae,Chromis,ternatensis,37372051,1,AD,Passing,
GX010042_L.MP4,28065,15.6073,YA_COW_Transect 2,0.2675,,9.893,4.479,4149.355,25.484,,,-1093.217,1409.216,-3746.483,YA_COW,Peter,Pomacentridae,Chromis,ternatensis,37372051,1,AD,Passing,
GX010042_L.MP4,28065,15.6073,YA_COW_Transect 2,0.2675,,9.879,0.437,4137.878,24.727,,,-1091.789,1340.859,-3759.272,YA_COW,Peter,Pomacentridae,Chromis,ternatensis,37372051,1,AD,Passing,
GX010042_L.MP4,28065,15.6073,YA_COW_Transect 2,0.2675,,7.396,3.568,3535.075,23.888,,,-780.956,1197.854,-3232.957,YA_COW,Peter,Pomacentridae,Chromis,ternatensis,37372051,1,AD,Passing,
GX010042_L.MP4,28065,15.6073,YA_COW_Transect 2,0.2675,,11.949,5.202,4498.178,22.701,,,-701.985,1585.258,-4150.636,YA_COW,Peter,Pomacentridae,Chromis,ternatensis,37372051,1,AD,Passing,
GX010042_L.MP4,28065,15.6073,YA_COW_Transect 2,0.2675,,12.516,3.153,4624.65,23.624,,,-914.02,1609.659,-4238.036,YA_COW,Peter,Pomacentridae,Chromis,ternatensis,37372051,1,AD,Passing,
GX010042_L.MP4,28065,15.6073,YA_COW_Transect 2,0.2675,,9.833,4.812,4066.892,22.436,,,-533.516,1455.395,-3759.893,YA_COW,Peter,Pomacentridae,Chromis,ternatensis,37372051,1,AD,Passing,
GX010042_L.MP4,28065,15.6073,YA_COW_Transect 2,0.2675,,16.447,10.167,5248.626,23.893,,,1179.822,1765.596,-4799.872,YA_COW,Peter,Pomacentridae,Chromis,ternatensis,37372051,1,AD,Passing,
GX010042_L.MP4,28065,15.6073,YA_COW_Transect 2,0.2675,,14.523,6.279,4938.613,24.686,,,1116.757,1731.456,-4488.298,YA_COW,Peter,Pomacentridae,Chromis,ternatensis,37372051,1,AD,Passing,
GX010042_L.MP4,28065,15.6073,YA_COW_Transect 2,0.2675,,15.421,9.975,5077.586,23.878,,,1074.716,1749.256,-4644.025,YA_COW,Peter,Pomacentridae,Chromis,ternatensis,37372051,1,AD,Passing,
GX010042_L.MP4,28065,15.6073,YA_COW_Transect 2,0.2675,,15.84,6.594,5139.711,23.33,,,961.656,1791.23,-4720.524,YA_COW,Peter,Pomacentridae,Chromis,ternatensis,37372051,1,AD,Passing,
GX010042_L.MP4,28065,15.6073,YA_COW_Transect 2,0.2675,,16.907,11.395,5310.933,23.008,,,910.448,1862.631,-4889.551,YA_COW,Peter,Pomacentridae,Chromis,ternatensis,37372051,1,AD,Passing,
GX010042_L.MP4,28065,15.6073,YA_COW_Transect 2,0.2675,,12.021,8.269,4467.298,22.454,,,601.897,1594.13,-4129.554,YA_COW,Peter,Pomacentridae,Chromis,ternatensis,37372051,1,AD,Passing,
GX010042_L.MP4,28065,15.6073,YA_COW_Transect 2,0.2675,,16.745,6.68,5309.575,21.875,,,503.197,1910.306,-4928.399,YA_COW,Peter,Pomacentridae,Chromis,ternatensis,37372051,1,AD,Passing,
GX010042_L.MP4,28065,15.6073,YA_COW_Transect 2,0.2675,,14.648,12.833,4911.107,20.846,,,842.799,1528.352,-4590.512,YA_COW,Peter,Pomacentridae,Chromis,ternatensis,37372051,1,AD,Passing,
GX010042_L.MP4,28065,15.6073,YA_COW_Transect 2,0.2675,,14.361,10.124,4871.873,20.91,,,670.358,1601.696,-4551.96,YA_COW,Peter,Pomacentridae,Chromis,ternatensis,37372051,1,AD,Passing,
GX010042_L.MP4,28065,15.6073,YA_COW_Transect 2,0.2675,,16.501,8.067,5224.661,19.608,,,635.509,1631.177,-4922.649,YA_COW,Peter,Pomacentridae,Chromis,ternatensis,37372051,1,AD,Passing,
GX010042_L.MP4,28065,15.6073,YA_COW_Transect 2,0.2675,,15.714,3.54,5109.138,20.229,,,556.326,1673.897,-4794.983,YA_COW,Peter,Pomacentridae,Chromis,ternatensis,37372051,1,AD,Passing,
GX010042_L.MP4,28065,15.6073,YA_COW_Transect 2,0.2675,,11.15,11.071,4296.361,21.086,,,441.924,1478.835,-4009.548,YA_COW,Peter,Pomacentridae,Chromis,ternatensis,37372051,1,AD,Passing,
GX010042_L.MP4,28065,15.6073,YA_COW_Transect 2,0.2675,,18.836,4.289,5617.829,21.021,,,585.349,1925.236,-5245.078,YA_COW,Peter,Pomacentridae,Chromis,ternatensis,37372051,1,AD,Passing,
GX010042_L.MP4,28065,15.6073,YA_COW_Transect 2,0.2675,,13.323,5.362,4717.795,20.762,,,382.311,1625.534,-4412.376,YA_COW,Peter,Pomacentridae,Chromis,ternatensis,37372051,1,AD,Passing,
GX010042_L.MP4,28065,15.6073,YA_COW_Transect 2,0.2675,,17.568,15.905,5462.027,21.194,,,322.01,1945.293,-5093.71,YA_COW,Peter,Pomacentridae,Chromis,ternatensis,37372051,1,AD,Passing,
GX010042_L.MP4,28065,15.6073,YA_COW_Transect 2,0.2675,,15.824,14.824,5195.936,21.856,,,241.924,1916.299,-4823.59,YA_COW,Peter,Pomacentridae,Chromis,ternatensis,37372051,1,AD,Passing,
GX010042_L.MP4,28065,15.6073,YA_COW_Transect 2,0.2675,,17.134,8.367,5425.825,21.836,,,154.513,2009.286,-5037.705,YA_COW,Peter,Pomacentridae,Chromis,ternatensis,37372051,1,AD,Passing,
GX010042_L.MP4,28065,15.6073,YA_COW_Transect 2,0.2675,,7.473,9.789,3473.507,14.322,,,234.817,824.572,-3366.035,YA_COW,Peter,Pomacentridae,Chromis,ternatensis,37372051,1,AD,Passing,
GX010042_L.MP4,28065,15.6073,YA_COW_Transect 2,0.2675,,9.854,7.722,4020.465,13.63,,,219.729,919.34,-3907.771,YA_COW,Peter,Pomacentridae,Chromis,ternatensis,37372051,1,AD,Passing,
GX010042_L.MP4,28065,15.6073,YA_COW_Transect 2,0.2675,,18.72,1.713,5588.291,17.285,,,432.258,1600.012,-5336.863,YA_COW,Peter,Pomacentridae,Chromis,ternatensis,37372051,1,AD,Passing,
GX010042_L.MP4,28065,15.6073,YA_COW_Transect 2,0.2675,,13.323,12.223,4717.878,17.57,,,176.244,1410.596,-4498.615,YA_COW,Peter,Pomacentridae,Chromis,ternatensis,37372051,1,AD,Passing,
GX010042_L.MP4,28065,15.6073,YA_COW_Transect 2,0.2675,,14.788,10.258,4943.921,14.403,,,423.218,1151.833,-4789.209,YA_COW,Peter,Pomacentridae,Chromis,ternatensis,37372051,1,AD,Passing,
GX010042_L.MP4,28065,15.6073,YA_COW_Transect 2,0.2675,,2.566,4.674,2034.119,20.532,,,-669.485,-247.603,-1904.763,YA_COW,Peter,Pomacentridae,Chromis,ternatensis,37372051,1,AD,Passing,
GX010042_L.MP4,28065,15.6073,YA_COW_Transect 2,0.2675,,3.903,4.224,2577.032,21.649,,,-864.252,-397.592,-2395.012,YA_COW,Peter,Pomacentridae,Chromis,ternatensis,37372051,1,AD,Passing,
GX010042_L.MP4,28115,15.6351,YA_COW_Transect 2,0.2953,122.067,4.467,7.911,2175.015,22.242,27.67,1.569,761.29,313.399,-2013.184,YA_COW,Peter,Nemipteridae,Scolopsis,bilineata,37347031,1,AD,Passing,
GX010042_L.MP4,28115,15.6351,YA_COW_Transect 2,0.2953,76.115,5.025,5.141,1853.859,23.871,87.475,9.813,743.191,102.438,-1695.278,YA_COW,Peter,Pomacentridae,Pomacentrus,moluccensis,37372118,1,AD,Passing,
GX010042_L.MP4,28132,15.6445,YA_COW_Transect 2,0.3047,45.804,0.782,5.549,902.937,12.087,22.583,0.253,-53.679,-181.299,-882.918,YA_COW,Peter,Pomacentridae,Pomacentrus,maafu,temp_code_005,1,AD,Passing,
GX010042_L.MP4,28143,15.6506,YA_COW_Transect 2,0.3109,49.149,0.588,2.205,789.493,12.797,10.587,2.007,122.743,-124.558,-769.882,YA_COW,Peter,Blenniidae,Plagiotremus,rhinorhynchos,37408004,1,AD,Passing,
GX010042_L.MP4,28148,15.6534,YA_COW_Transect 2,0.3136,60.044,1.314,2.114,1152.244,1.873,27.749,22.806,33.732,16.755,-1151.628,YA_COW,Peter,Pomacentridae,Chromis,ternatensis,37372051,1,AD,Passing,
GX010042_L.MP4,28148,15.6534,YA_COW_Transect 2,0.3136,55.843,1.193,14.646,1432.659,2.006,7.024,24.322,35.002,-35.903,-1431.782,YA_COW,Peter,Pomacentridae,Chromis,ternatensis,37372051,1,AD,Passing,
GX010042_L.MP4,28148,15.6534,YA_COW_Transect 2,0.3136,67.375,2.174,4.269,1532.975,9.097,24.924,8.08,152.361,188.501,-1513.693,YA_COW,Peter,Pomacentridae,Chromis,ternatensis,37372051,1,AD,Passing,
GX010042_L.MP4,28223,15.6951,YA_COW_Transect 2,0.3554,44.801,2.719,4.156,1325.852,16.507,61.467,4.78,367.599,82.346,-1271.209,YA_COW,Peter,Pomacentridae,Dascyllus,aruanus,37372073,1,AD,Passing,
GX010042_L.MP4,28223,15.6951,YA_COW_Transect 2,0.3554,38.014,0.773,3.925,966.809,14.664,15.768,0.756,-59.838,-237.317,-935.318,YA_COW,Peter,Pomacentridae,Pomacentrus,moluccensis,37372118,1,AD,Passing,
GX010042_L.MP4,28223,15.6951,YA_COW_Transect 2,0.3554,90.297,1.382,1.792,973.743,14.127,56.758,17.204,221.074,-87.233,-944.294,YA_COW,Peter,Labridae,Thalassoma,sp,,1,AD,Passing,
GX010042_L.MP4,28223,15.6951,YA_COW_Transect 2,0.3554,54.518,1.874,1.652,1273.533,3.959,34.062,8.717,80.024,36.43,-1270.494,YA_COW,Peter,Pomacentridae,Chromis,ternatensis,37372051,1,AD,Passing,
GX010042_L.MP4,28223,15.6951,YA_COW_Transect 2,0.3554,58.785,2.766,6.157,1426.24,7.541,51.977,29.247,179.506,52.987,-1413.906,YA_COW,Peter,Pomacentridae,Chromis,ternatensis,37372051,1,AD,Passing,
GX010042_L.MP4,28223,15.6951,YA_COW_Transect 2,0.3554,58.797,1.205,3.306,1284.691,4.836,14.031,10.46,53.779,-93.996,-1280.118,YA_COW,Peter,Pomacentridae,Chromis,ternatensis,37372051,1,AD,Passing,
GX010042_L.MP4,28223,15.6951,YA_COW_Transect 2,0.3554,59.788,0.827,1.924,1046.222,10.744,4.657,14.125,136.09,-139.705,-1027.882,YA_COW,Peter,Pomacentridae,Chromis,ternatensis,37372051,1,AD,Passing,
GX010042_L.MP4,28223,15.6951,YA_COW_Transect 2,0.3554,77.663,1.196,2.382,916.281,19.12,61.595,13.856,189.534,-232.706,-865.734,YA_COW,Peter,Pomacentridae,Chromis,ternatensis,37372051,1,AD,Passing,
GX010042_L.MP4,28223,15.6951,YA_COW_Transect 2,0.3554,57.063,1.164,17.308,1014.135,14.302,37.98,18.789,44.621,-246.517,-982.705,YA_COW,Peter,Pomacentridae,Chromis,ternatensis,37372051,1,AD,Passing,
GX010042_L.MP4,28223,15.6951,YA_COW_Transect 2,0.3554,59.003,0.683,5.635,953.704,17.783,5.377,11.541,-83.979,-278.906,-908.136,YA_COW,Peter,Pomacentridae,Chromis,ternatensis,37372051,1,AD,Passing,
GX010042_L.MP4,28223,15.6951,YA_COW_Transect 2,0.3554,59.237,1.862,4.128,1359.661,15.868,27.976,17.883,-343.192,-142.947,-1307.847,YA_COW,Peter,Pomacentridae,Chromis,ternatensis,37372051,1,AD,Passing,
GX010042_L.MP4,28223,15.6951,YA_COW_Transect 2,0.3554,60.385,1.397,1.235,1441.567,13.921,15.621,51.005,-343.308,49.278,-1399.223,YA_COW,Peter,Pomacentridae,Chromis,ternatensis,37372051,1,AD,Passing,
GX010042_L.MP4,28223,15.6951,YA_COW_Transect 2,0.3554,54.922,2.951,5.255,1523.19,13.665,46.918,23.426,-346.311,97.792,-1480.072,YA_COW,Peter,Pomacentridae,Chromis,ternatensis,37372051,1,AD,Passing,
GX010042_L.MP4,28223,15.6951,YA_COW_Transect 2,0.3554,,1.804,2.007,1612.658,3.827,,,104.933,22.98,-1609.076,YA_COW,Peter,Pomacentridae,Chromis,ternatensis,37372051,1,AD,Passing,
GX010042_L.MP4,28223,15.6951,YA_COW_Transect 2,0.3554,,1.057,1.439,1191.725,8.362,,,-117.226,-128.341,-1178.98,YA_COW,Peter,Pomacentridae,Chromis,ternatensis,37372051,1,AD,Passing,
GX010042_L.MP4,28223,15.6951,YA_COW_Transect 2,0.3554,,1.606,0.416,1511.371,11.294,,,-285.179,78.401,-1482.15,YA_COW,Peter,Pomacentridae,Chromis,ternatensis,37372051,1,AD,Passing,
GX010042_L.MP4,28223,15.6951,YA_COW_Transect 2,0.3554,,1.579,4.405,1498.37,2.275,,,-57.184,15.453,-1497.198,YA_COW,Peter,Pomacentridae,Chromis,ternatensis,37372051,1,AD,Passing,
GX010042_L.MP4,28283,15.7285,YA_COW_Transect 2,0.3887,95.256,1.675,2.216,1271.027,3.994,32.266,27.944,-75.197,-46.721,-1267.94,YA_COW,Peter,Holocentridae,Neoniphon,sammara,37261019,1,AD,Passing,
GX010042_L.MP4,28321,15.7496,YA_COW_Transect 2,0.4099,142.74,4.958,0.768,3071.093,9.464,13.193,14.365,-246.752,440.553,-3029.296,YA_COW,Peter,Labridae,Thalassoma,nigrofasciatum,37384196,1,AD,Passing,
GX010042_L.MP4,28321,15.7496,YA_COW_Transect 2,0.4099,60.195,1.946,0.253,1175.061,9.959,51.456,19.32,-192.841,-64.126,-1157.354,YA_COW,Peter,Pomacentridae,Chromis,ternatensis,37372051,1,AD,Passing,
GX010042_L.MP4,28321,15.7496,YA_COW_Transect 2,0.4099,54.616,1.827,1.317,1195.235,7.242,41.232,15.012,-150.511,-6.798,-1185.701,YA_COW,Peter,Pomacentridae,Chromis,ternatensis,37372051,1,AD,Passing,
GX010042_L.MP4,28321,15.7496,YA_COW_Transect 2,0.4099,65.609,1.708,1.286,1366.451,5.396,23.979,10.388,-59.688,-113.792,-1360.396,YA_COW,Peter,Pomacentridae,Chromis,ternatensis,37372051,1,AD,Passing,
GX010042_L.MP4,28321,15.7496,YA_COW_Transect 2,0.4099,54.051,1.073,6.874,1363.066,3.675,3.407,29.822,-0.356,-87.369,-1360.263,YA_COW,Peter,Pomacentridae,Chromis,ternatensis,37372051,1,AD,Passing,
GX010042_L.MP4,28321,15.7496,YA_COW_Transect 2,0.4099,58.494,1.168,1.747,1352.82,2.696,9.482,22.37,60.281,20.41,-1351.323,YA_COW,Peter,Pomacentridae,Chromis,ternatensis,37372051,1,AD,Passing,
GX010042_L.MP4,28321,15.7496,YA_COW_Transect 2,0.4099,,1.237,0.296,1300.247,7.398,,,-167.147,-10.341,-1289.417,YA_COW,Peter,Pomacentridae,Chromis,ternatensis,37372051,1,AD,Passing,
GX010042_L.MP4,28321,15.7496,YA_COW_Transect 2,0.4099,,1.378,0.382,1386.79,3.596,,,29.764,-82.548,-1384.011,YA_COW,Peter,Pomacentridae,Chromis,ternatensis,37372051,1,AD,Passing,
GX010042_L.MP4,28321,15.7496,YA_COW_Transect 2,0.4099,,1.306,1.589,1344.066,5.055,,,78.895,-89.114,-1338.785,YA_COW,Peter,Pomacentridae,Chromis,ternatensis,37372051,1,AD,Passing,
GX010042_L.MP4,28321,15.7496,YA_COW_Transect 2,0.4099,,1.368,1.099,1380.48,2.143,,,46.537,-23.169,-1379.501,YA_COW,Peter,Pomacentridae,Chromis,ternatensis,37372051,1,AD,Passing,
GX010042_L.MP4,28321,15.7496,YA_COW_Transect 2,0.4099,,1.371,1.793,1383.158,2.113,,,-29.171,-42.646,-1382.192,YA_COW,Peter,Pomacentridae,Chromis,ternatensis,37372051,1,AD,Passing,
GX010042_L.MP4,28321,15.7496,YA_COW_Transect 2,0.4099,,1.345,1.413,1366.553,3.606,,,71.921,46.255,-1363.875,YA_COW,Peter,Pomacentridae,Chromis,ternatensis,37372051,1,AD,Passing,
GX010042_L.MP4,28321,15.7496,YA_COW_Transect 2,0.4099,,1.795,4.856,1636.797,18.187,,,-485.747,157.309,-1555.123,YA_COW,Peter,Pomacentridae,Chromis,ternatensis,37372051,1,AD,Passing,
GX010042_L.MP4,28321,15.7496,YA_COW_Transect 2,0.4099,,2.549,0.339,1996.762,18.011,,,-565.866,245.81,-1899.061,YA_COW,Peter,Pomacentridae,Chromis,ternatensis,37372051,1,AD,Passing,
GX010042_L.MP4,28321,15.7496,YA_COW_Transect 2,0.4099,,1.88,2.584,1653.06,11.826,,,-280.794,188.574,-1618.086,YA_COW,Peter,Pomacentridae,Chromis,ternatensis,37372051,1,AD,Passing,
GX010042_L.MP4,28321,15.7496,YA_COW_Transect 2,0.4099,,1.42,0.257,1407.93,11.606,,,-259.937,111.699,-1379.211,YA_COW,Peter,Pomacentridae,Chromis,ternatensis,37372051,1,AD,Passing,
GX010042_L.MP4,28321,15.7496,YA_COW_Transect 2,0.4099,,1.374,9.739,1382.563,12.612,,,-282.989,104.302,-1349.267,YA_COW,Peter,Pomacentridae,Chromis,ternatensis,37372051,1,AD,Passing,
GX010042_L.MP4,28321,15.7496,YA_COW_Transect 2,0.4099,,1.195,5.248,1273.941,12.323,,,-263.854,64.865,-1244.628,YA_COW,Peter,Pomacentridae,Chromis,ternatensis,37372051,1,AD,Passing,
GX010042_L.MP4,28321,15.7496,YA_COW_Transect 2,0.4099,,1.632,4.092,1524.176,8.043,,,-171.407,126.012,-1509.256,YA_COW,Peter,Pomacentridae,Chromis,ternatensis,37372051,1,AD,Passing,
GX010042_L.MP4,28321,15.7496,YA_COW_Transect 2,0.4099,,1.924,1.269,1673.942,6.985,,,-170.295,110.551,-1661.584,YA_COW,Peter,Pomacentridae,Chromis,ternatensis,37372051,1,AD,Passing,
GX010042_L.MP4,28321,15.7496,YA_COW_Transect 2,0.4099,,1.494,0.447,1450.926,4.386,,,-90.831,62.89,-1446.714,YA_COW,Peter,Pomacentridae,Chromis,ternatensis,37372051,1,AD,Passing,
GX010042_L.MP4,28321,15.7496,YA_COW_Transect 2,0.4099,,1.474,3.747,1438.646,6.053,,,-151.641,3.189,-1430.629,YA_COW,Peter,Pomacentridae,Chromis,ternatensis,37372051,1,AD,Passing,
GX010042_L.MP4,28321,15.7496,YA_COW_Transect 2,0.4099,,1.895,1.167,1661.14,2.647,,,-7.063,75.428,-1659.412,YA_COW,Peter,Pomacentridae,Chromis,ternatensis,37372051,1,AD,Passing,
GX010042_L.MP4,28321,15.7496,YA_COW_Transect 2,0.4099,,1.886,5.716,1656.32,5.05,,,-59.167,132.281,-1649.969,YA_COW,Peter,Pomacentridae,Chromis,ternatensis,37372051,1,AD,Passing,
GX010042_L.MP4,28321,15.7496,YA_COW_Transect 2,0.4099,,1.654,1.939,1536.827,5.17,,,56.672,125.475,-1530.647,YA_COW,Peter,Pomacentridae,Chromis,ternatensis,37372051,1,AD,Passing,
GX010042_L.MP4,28321,15.7496,YA_COW_Transect 2,0.4099,,1.688,0.796,1546.538,10.159,,,266.067,59.293,-1522.325,YA_COW,Peter,Pomacentridae,Chromis,ternatensis,37372051,1,AD,Passing,
GX010042_L.MP4,28321,15.7496,YA_COW_Transect 2,0.4099,,1.552,3.4,1482.66,16.458,,,412.384,79.064,-1421.96,YA_COW,Peter,Pomacentridae,Chromis,ternatensis,37372051,1,AD,Passing,
GX010042_L.MP4,28321,15.7496,YA_COW_Transect 2,0.4099,,1.437,1.381,1416.781,16.212,,,388.83,-73.429,-1360.4,YA_COW,Peter,Pomacentridae,Chromis,ternatensis,37372051,1,AD,Passing,
GX010042_L.MP4,28321,15.7496,YA_COW_Transect 2,0.4099,,0.846,2.405,1047.909,10.928,,,149.523,-131.405,-1028.829,YA_COW,Peter,Pomacentridae,Chromis,ternatensis,37372051,1,AD,Passing,
GX010042_L.MP4,28321,15.7496,YA_COW_Transect 2,0.4099,,0.969,0.413,1127.233,13.761,,,245.857,-107.669,-1094.813,YA_COW,Peter,Pomacentridae,Chromis,ternatensis,37372051,1,AD,Passing,
GX010042_L.MP4,28438,15.8147,YA_COW_Transect 2,0.4749,70.436,2.929,0.694,1462.484,6.265,44.868,9.935,-85.293,-134.898,-1453.749,YA_COW,Peter,Pomacentridae,Chromis,viridis,37372053,1,AD,Passing,
GX010042_L.MP4,28488,15.8425,YA_COW_Transect 2,0.5027,58.105,4.078,3.73,2037.841,20.366,29.2,10.756,682.353,193.263,-1910.456,YA_COW,Peter,Pomacentridae,Amblyglyphidodon,orbicularis,temp_code_001,1,AD,Passing,
GX010042_L.MP4,28545,15.8742,YA_COW_Transect 2,0.5344,79.4,1.786,1.308,1579.007,4.773,17.509,23.405,15.754,-130.443,-1573.531,YA_COW,Peter,Pomacentridae,Amblyglyphidodon,orbicularis,temp_code_001,1,AD,Passing,
GX010042_L.MP4,28587,15.8975,YA_COW_Transect 2,0.5578,,4.995,7.647,2884.509,23.114,,,-691.469,-898.288,-2652.422,YA_COW,Peter,Blenniidae,Plagiotremus,flavus,temp_code_003,1,AD,Passing,
GX010042_L.MP4,28593,15.9009,YA_COW_Transect 2,0.5611,241.618,5.065,4.943,1899.717,24.457,84.095,19.175,761.158,-198.062,-1729.258,YA_COW,Peter,Scaridae,Chlorurus,bleekeri,37386011,1,AD,Passing,
GX010042_L.MP4,28625,15.9187,YA_COW_Transect 2,0.5789,121.73,3.677,3.617,1923.232,13.374,29.262,6.315,294.556,-333.374,-1871.075,YA_COW,Peter,Nemipteridae,Scolopsis,bilineata,37347031,1,AD,Passing,
GX010042_L.MP4,28688,15.9537,YA_COW_Transect 2,0.6139,,2.88,2.067,2129.923,21.089,,,-441.345,-627.695,-1986.903,YA_COW,Peter,Pomacentridae,Dascyllus,aruanus,37372073,1,AD,Passing,
GX010042_L.MP4,28717,15.9698,YA_COW_Transect 2,0.6301,182.868,12.467,3.402,3335.819,13.988,48.876,38.819,687.561,421.237,-3236.898,YA_COW,Peter,Labridae,Oxycheilinus,digrammus,37384065,1,AD,Passing,
GX010042_L.MP4,28717,15.9698,YA_COW_Transect 2,0.6301,57.187,2.789,5.387,1830.618,20.886,26.59,29.504,-515.172,-400.658,-1710.331,YA_COW,Peter,Pomacentridae,Chromis,ternatensis,37372051,1,AD,Passing,
GX010042_L.MP4,28717,15.9698,YA_COW_Transect 2,0.6301,64.577,3.227,1.962,1849.273,18.708,35.342,32.935,-368.902,-464.475,-1751.566,YA_COW,Peter,Pomacentridae,Chromis,ternatensis,37372051,1,AD,Passing,
GX010042_L.MP4,28717,15.9698,YA_COW_Transect 2,0.6301,60.934,4.519,8.294,2187.18,22.711,33.564,18.083,-744.545,-398.388,-2017.596,YA_COW,Peter,Pomacentridae,Chromis,ternatensis,37372051,1,AD,Passing,
GX010042_L.MP4,28717,15.9698,YA_COW_Transect 2,0.6301,67.413,4.601,4.103,2359.405,18.765,27.34,27.747,-651.643,-389.118,-2233.997,YA_COW,Peter,Pomacentridae,Chromis,ternatensis,37372051,1,AD,Passing,
GX010042_L.MP4,28717,15.9698,YA_COW_Transect 2,0.6301,56.649,3.261,3.448,2039.596,17.61,18.778,4.244,-529.238,-317.267,-1944.017,YA_COW,Peter,Pomacentridae,Chromis,ternatensis,37372051,1,AD,Passing,
GX010042_L.MP4,28717,15.9698,YA_COW_Transect 2,0.6301,55.642,3.504,2.643,2243.813,16.651,13.002,3.744,-602.437,-224.626,-2149.723,YA_COW,Peter,Pomacentridae,Chromis,ternatensis,37372051,1,AD,Passing,
GX010042_L.MP4,28717,15.9698,YA_COW_Transect 2,0.6301,,2.909,4.148,2112.967,13.967,,,-354.838,-367.506,-2050.283,YA_COW,Peter,Pomacentridae,Chromis,ternatensis,37372051,1,AD,Passing,
GX010042_L.MP4,28717,15.9698,YA_COW_Transect 2,0.6301,,3.678,4.831,2478.973,19.991,,,-786.4,-317.336,-2329.417,YA_COW,Peter,Pomacentridae,Chromis,ternatensis,37372051,1,AD,Passing,
GX010042_L.MP4,28717,15.9698,YA_COW_Transect 2,0.6301,,4.173,4.11,2658.998,20.818,,,-853.379,-407.361,-2485.17,YA_COW,Peter,Pomacentridae,Chromis,ternatensis,37372051,1,AD,Passing,
GX010042_L.MP4,28717,15.9698,YA_COW_Transect 2,0.6301,,4.018,1.503,2522.85,9.018,,,-315.475,-239.894,-2491.525,YA_COW,Peter,Pomacentridae,Chromis,ternatensis,37372051,1,AD,Passing,
GX010042_L.MP4,28717,15.9698,YA_COW_Transect 2,0.6301,,4.289,3.062,2627.089,2.499,,,-113.537,-16.833,-2624.58,YA_COW,Peter,Pomacentridae,Chromis,ternatensis,37372051,1,AD,Passing,
GX010042_L.MP4,28717,15.9698,YA_COW_Transect 2,0.6301,,4.69,0.539,2759.847,2.756,,,-126.545,38.308,-2756.678,YA_COW,Peter,Pomacentridae,Chromis,ternatensis,37372051,1,AD,Passing,
GX010042_L.MP4,28717,15.9698,YA_COW_Transect 2,0.6301,,4.719,0.769,2767.122,3.209,,,-118.018,98.714,-2762.841,YA_COW,Peter,Pomacentridae,Chromis,ternatensis,37372051,1,AD,Passing,
GX010042_L.MP4,28717,15.9698,YA_COW_Transect 2,0.6301,,4.822,0.075,2752.471,13.122,,,474.577,404.944,-2680.838,YA_COW,Peter,Pomacentridae,Chromis,ternatensis,37372051,1,AD,Passing,
GX010042_L.MP4,28717,15.9698,YA_COW_Transect 2,0.6301,,5.262,3.886,2892.646,10.417,,,421.194,308.416,-2845.149,YA_COW,Peter,Pomacentridae,Chromis,ternatensis,37372051,1,AD,Passing,
GX010042_L.MP4,28717,15.9698,YA_COW_Transect 2,0.6301,,4.366,2.87,2646.143,3.234,,,32.557,144.127,-2642.015,YA_COW,Peter,Pomacentridae,Chromis,ternatensis,37372051,1,AD,Passing,
GX010042_L.MP4,28717,15.9698,YA_COW_Transect 2,0.6301,,5.684,6.965,3060.984,3.083,,,-12.466,162.353,-3056.65,YA_COW,Peter,Pomacentridae,Chromis,ternatensis,37372051,1,AD,Passing,
GX010042_L.MP4,28717,15.9698,YA_COW_Transect 2,0.6301,,6.033,4.016,3126.33,10.767,,,559.019,167.303,-3071.392,YA_COW,Peter,Pomacentridae,Chromis,ternatensis,37372051,1,AD,Passing,
GX010042_L.MP4,28717,15.9698,YA_COW_Transect 2,0.6301,,5.184,0.991,2885.556,9.681,,,484.213,29.712,-2844.484,YA_COW,Peter,Pomacentridae,Chromis,ternatensis,37372051,1,AD,Passing,
GX010042_L.MP4,28717,15.9698,YA_COW_Transect 2,0.6301,,3.294,3.17,2264.099,14.789,,,576.986,31.643,-2189.116,YA_COW,Peter,Pomacentridae,Chromis,ternatensis,37372051,1,AD,Passing,
GX010042_L.MP4,28717,15.9698,YA_COW_Transect 2,0.6301,,2.426,5.417,1947.315,21.633,,,672.817,249.335,-1810.299,YA_COW,Peter,Pomacentridae,Chromis,ternatensis,37372051,1,AD,Passing,
GX010042_L.MP4,28751,15.9888,YA_COW_Transect 2,0.649,,2.778,0.283,2069.786,17.791,,,-63.85,-630.33,-1970.437,YA_COW,Peter,Pomacentridae,Dascyllus,aruanus,37372073,1,AD,Passing,
GX010042_L.MP4,28835,16.0355,YA_COW_Transect 2,0.6957,,3.31,0.332,2333.903,21.229,,,844.597,-30.68,-2175.504,YA_COW,Peter,Pomacentridae,Dascyllus,aruanus,37372073,1,AD,Passing,
GX010042_L.MP4,28896,16.0694,YA_COW_Transect 2,0.7296,195.647,1.78,2.997,1263.766,20.148,48.039,38.182,221.769,-374.579,-1186.429,YA_COW,Peter,Scaridae,Chlorurus,bleekeri,37386011,1,AD,Passing,
GX010042_L.MP4,28977,16.1144,YA_COW_Transect 2,0.7747,74.725,2.894,0.755,2117.662,6.156,15.893,23.126,219.027,59.984,-2105.45,YA_COW,Peter,Pomacentridae,Amblyglyphidodon,orbicularis,temp_code_001,1,AD,Passing,
GX010042_L.MP4,28997,16.1256,YA_COW_Transect 2,0.7858,98.229,5.531,5.34,2110.434,7.733,42.653,25.141,281.65,36.114,-2091.244,YA_COW,Peter,Labridae,Labroides,bicolor,37384130,1,AD,Passing,
GX010042_L.MP4,28997,16.1256,YA_COW_Transect 2,0.7858,,2.964,2.842,2121.717,8.167,,,279.929,-112.977,-2100.133,YA_COW,Peter,Pomacentridae,Amblyglyphidodon,orbicularis,temp_code_001,1,AD,Passing,
GX010042_L.MP4,29108,16.1873,YA_COW_Transect 2,0.8475,48.639,2.218,12.161,1474.365,27.004,49.715,37.922,463.433,-483.095,-1313.621,YA_COW,Peter,Pomacentridae,Pomacentrus,moluccensis,37372118,1,AD,Passing,
GX010042_L.MP4,29163,16.2179,YA_COW_Transect 2,0.8781,29.423,1.972,1.307,1585.744,19.148,12.527,3.18,442.701,-273.051,-1498.013,YA_COW,Peter,Pomacentridae,Pomacentrus,moluccensis,37372118,1,AD,Passing,
GX010042_L.MP4,29163,16.2179,YA_COW_Transect 2,0.8781,,1.427,4.347,1439.996,22.948,,,507.157,-241.662,-1325.889,YA_COW,Peter,Pomacentridae,Pomacentrus,moluccensis,37372118,1,AD,Passing,
GX010042_L.MP4,29180,16.2273,YA_COW_Transect 2,0.8876,114.334,6.067,9.401,3693.506,14.124,9.145,33.229,-587.286,-683.719,-3581.844,YA_COW,Peter,Siganidae,Siganus,doliatus,37438009,1,AD,Passing,
GX010042_L.MP4,29180,16.2273,YA_COW_Transect 2,0.8876,,4.014,1.337,2570.107,21.737,,,876.595,369.475,-2387.576,YA_COW,Peter,Pomacentridae,Amblyglyphidodon,orbicularis,temp_code_001,1,AD,Passing,
GX010042_L.MP4,29206,16.2418,YA_COW_Transect 2,0.902,122.802,10.242,3.809,3745.146,12.773,22.383,21.68,-542.34,-625.694,-3652.463,YA_COW,Peter,Siganidae,Siganus,doliatus,37438009,1,AD,Passing,
GX010042_L.MP4,29316,16.303,YA_COW_Transect 2,0.9632,48.473,1.668,2.701,1432.12,19.879,22.53,13.546,210.553,-439.102,-1346.783,YA_COW,Peter,Pomacentridae,Pomacentrus,maafu,temp_code_005,1,AD,Passing,
GX010042_L.MP4,29375,16.3358,YA_COW_Transect 2,0.996,,5.549,4.937,3141.664,21.905,,,-1104.114,-394.883,-2914.627,YA_COW,Peter,Pomacentridae,Chromis,xanthura,37372057,1,AD,Passing,
GX010042_L.MP4,29517,16.4147,YA_COW_Transect 2,1.075,,2.877,16.721,2237.752,29.196,,,-849.181,-686.998,-1953.064,YA_COW,Peter,Pomacentridae,Dascyllus,aruanus,37372073,1,AD,Passing,
GX010042_L.MP4,29517,16.4147,YA_COW_Transect 2,1.075,,4.62,14.19,2889.147,28.287,,,-1105.555,-809.151,-2543.658,YA_COW,Peter,Pomacentridae,Dascyllus,aruanus,37372073,1,AD,Passing,
GX010042_L.MP4,29517,16.4147,YA_COW_Transect 2,1.075,,4.963,15.294,2996.853,28.765,,,-1118.937,-911.339,-2626.512,YA_COW,Peter,Pomacentridae,Dascyllus,aruanus,37372073,1,AD,Passing,
GX010042_L.MP4,29517,16.4147,YA_COW_Transect 2,1.075,,4.936,6.196,2925.029,23.946,,,-968.621,-688.018,-2672.864,YA_COW,Peter,Pomacentridae,Dascyllus,aruanus,37372073,1,AD,Passing,
GX010042_L.MP4,29517,16.4147,YA_COW_Transect 2,1.075,,3.729,0.572,2415.11,11.543,,,-305.662,-375.688,-2366.049,YA_COW,Peter,Pomacentridae,Dascyllus,aruanus,37372073,1,AD,Passing,
GX010042_L.MP4,29517,16.4147,YA_COW_Transect 2,1.075,,5.483,3.541,2985.76,5.202,,,157.307,-222.063,-2973.332,YA_COW,Peter,Pomacentridae,Dascyllus,aruanus,37372073,1,AD,Passing,
GX010042_L.MP4,29517,16.4147,YA_COW_Transect 2,1.075,,5.502,1.674,3000.329,5.369,,,-149.689,-239.258,-2987.026,YA_COW,Peter,Pomacentridae,Dascyllus,aruanus,37372073,1,AD,Passing,
GX010042_L.MP4,29568,16.4431,YA_COW_Transect 2,1.1033,122.395,5.122,1.366,1944.768,18.584,50.6,5.756,581.552,-214.35,-1843.359,YA_COW,Peter,Nemipteridae,Scolopsis,bilineata,37347031,1,AD,Passing,
GX010042_L.MP4,29568,16.4431,YA_COW_Transect 2,1.1033,,3.464,1.208,2314.861,13.625,,,47.126,-544.564,-2249.402,YA_COW,Peter,Pomacentridae,Pomacentrus,moluccensis,37372118,1,AD,Passing,
GX010042_L.MP4,29568,16.4431,YA_COW_Transect 2,1.1033,54.867,4.043,2.961,1959.586,15.212,37.131,25.497,81.858,-507.606,-1890.93,YA_COW,Peter,Pomacentridae,Chromis,ternatensis,37372051,1,AD,Passing,
GX010042_L.MP4,29568,16.4431,YA_COW_Transect 2,1.1033,59.754,2.054,1.531,2091.367,14.824,8.964,8.279,113.526,-522.906,-2021.756,YA_COW,Peter,Pomacentridae,Chromis,weberi,37372054,1,AD,Passing,
GX010042_L.MP4,29595,16.4581,YA_COW_Transect 2,1.1183,120.441,1.401,2.042,1601.52,7.711,6.136,47.047,114.249,-182.005,-1587.037,YA_COW,Peter,Labridae,Oxycheilinus,digrammus,37384065,1,AD,Passing,
GX010042_L.MP4,29595,16.4581,YA_COW_Transect 2,1.1183,77.266,4.105,4.633,2238.79,18.604,40.456,49.126,-610.832,-370.183,-2121.798,YA_COW,Peter,Pomacentridae,Chromis,viridis,37372053,1,AD,Passing,
GX010042_L.MP4,29614,16.4687,YA_COW_Transect 2,1.1289,126.851,3.603,4.72,1733.107,22.473,44.159,4.397,582.868,-314.84,-1601.5,YA_COW,Peter,Nemipteridae,Scolopsis,bilineata,37347031,1,AD,Passing,
GX010042_L.MP4,29614,16.4687,YA_COW_Transect 2,1.1289,,2.553,2.761,2063.64,26.106,,,864.552,-278.835,-1852.946,YA_COW,Peter,Acanthuridae,Zebrasoma,scopas,37437036,1,AD,Passing,
GX010042_L.MP4,29641,16.4837,YA_COW_Transect 2,1.1439,85.587,4.154,0.443,1850.121,20.213,50.329,25.189,618.531,-161.371,-1736.181,YA_COW,Peter,Pomacentridae,Pomacentrus,brachialis,37372109,1,AD,Passing,
GX010042_L.MP4,29666,16.4976,YA_COW_Transect 2,1.1578,72.06,3.216,6.237,1836.505,23.804,31.254,2.504,508.869,-538.957,-1680.277,YA_COW,Peter,Chaetodontidae,Chaetodon,baronessa,37365034,1,AD,Passing,
GX010042_L.MP4,29666,16.4976,YA_COW_Transect 2,1.1578,100.219,4.717,3.408,1822.457,22.581,62.388,2.315,277.284,-642.521,-1682.745,YA_COW,Peter,Chaetodontidae,Chaetodon,baronessa,37365034,1,AD,Passing,
GX010042_L.MP4,29666,16.4976,YA_COW_Transect 2,1.1578,65.446,1.683,0.402,1674.524,14.624,8.743,44.204,265.555,-328.966,-1620.276,YA_COW,Peter,Pomacentridae,Amblyglyphidodon,orbicularis,temp_code_001,1,AD,Passing,
GX010042_L.MP4,29712,16.5232,YA_COW_Transect 2,1.1834,,5.007,1.325,2950.341,23.692,,,1138.851,-330.963,-2701.48,YA_COW,Peter,Pomacanthidae,Centropyge,bicolor,37365022,1,AD,Passing,
GX010042_L.MP4,29712,16.5232,YA_COW_Transect 2,1.1834,124.435,6.842,2.08,2972.019,12.684,26.201,33.372,73.736,-648.379,-2899.494,YA_COW,Peter,Labridae,Anampses,neoguinaicus,37384050,1,AD,Passing,
GX010042_L.MP4,29722,16.5287,YA_COW_Transect 2,1.189,157.175,3.705,3.646,2580.944,19.854,2.866,37.518,850.853,-210.664,-2427.538,YA_COW,Peter,Scaridae,Chlorurus,bleekeri,37386011,1,AD,Passing,
GX010042_L.MP4,29722,16.5287,YA_COW_Transect 2,1.189,166.13,6.278,11.561,2650.403,15.499,41.191,47.031,577.871,-409.481,-2554.022,YA_COW,Peter,Scaridae,Scarus,schlegeli,37386029,1,AD,Passing,
GX010042_L.MP4,29762,16.551,YA_COW_Transect 2,1.2112,153.313,2.042,1.827,1939.841,14.84,7.543,17.271,278.651,-411.337,-1875.137,YA_COW,Peter,Chaetodontidae,Heniochus,monoceros,37365076,1,AD,Passing,
GX010042_L.MP4,29762,16.551,YA_COW_Transect 2,1.2112,175.591,4.106,2.623,1975.184,19.35,34.845,17.586,606.779,-245.188,-1863.613,YA_COW,Peter,Chaetodontidae,Heniochus,monoceros,37365076,1,AD,Passing,
GX010042_L.MP4,29764,16.5521,YA_COW_Transect 2,1.2123,,4.863,1.368,2850.947,22.414,,,976.782,475.488,-2635.851,YA_COW,Peter,Pomacentridae,Chromis,ternatensis,37372051,1,AD,Passing,
GX010042_L.MP4,29764,16.5521,YA_COW_Transect 2,1.2123,,5.033,1.305,2866.49,19.63,,,857.883,435.924,-2700.143,YA_COW,Peter,Pomacentridae,Chromis,ternatensis,37372051,1,AD,Passing,
GX010042_L.MP4,29764,16.5521,YA_COW_Transect 2,1.2123,,4.677,7.087,2727.64,16.319,,,674.016,363.289,-2617.965,YA_COW,Peter,Pomacentridae,Chromis,ternatensis,37372051,1,AD,Passing,
GX010042_L.MP4,29764,16.5521,YA_COW_Transect 2,1.2123,,5.278,2.119,2921.755,16.545,,,765.076,325.374,-2800.972,YA_COW,Peter,Pomacentridae,Chromis,ternatensis,37372051,1,AD,Passing,
GX010042_L.MP4,29764,16.5521,YA_COW_Transect 2,1.2123,,4.825,2.301,2882.768,23.373,,,1092.181,337.617,-2646.414,YA_COW,Peter,Pomacentridae,Chromis,ternatensis,37372051,1,AD,Passing,
GX010042_L.MP4,29764,16.5521,YA_COW_Transect 2,1.2123,,3.446,7.782,2428.817,24.713,,,989.001,228.826,-2206.505,YA_COW,Peter,Pomacentridae,Chromis,ternatensis,37372051,1,AD,Passing,
GX010042_L.MP4,29764,16.5521,YA_COW_Transect 2,1.2123,,4.144,1.825,2670.401,23.543,,,1043.052,221.649,-2448.256,YA_COW,Peter,Pomacentridae,Chromis,ternatensis,37372051,1,AD,Passing,
GX010042_L.MP4,29764,16.5521,YA_COW_Transect 2,1.2123,,4.504,2.004,2718.899,18.307,,,840.446,150.229,-2581.374,YA_COW,Peter,Pomacentridae,Chromis,ternatensis,37372051,1,AD,Passing,
GX010042_L.MP4,29764,16.5521,YA_COW_Transect 2,1.2123,,3.077,0.712,2309.292,25.992,,,1000.703,149.849,-2075.805,YA_COW,Peter,Pomacentridae,Chromis,ternatensis,37372051,1,AD,Passing,
GX010042_L.MP4,29764,16.5521,YA_COW_Transect 2,1.2123,,4.878,1.176,2946.078,26.777,,,1233.189,489.247,-2630.448,YA_COW,Peter,Pomacentridae,Chromis,ternatensis,37372051,1,AD,Passing,
GX010042_L.MP4,29764,16.5521,YA_COW_Transect 2,1.2123,,4.672,6.876,2898.217,27.881,,,1255.936,507.953,-2562.083,YA_COW,Peter,Pomacentridae,Chromis,ternatensis,37372051,1,AD,Passing,
GX010042_L.MP4,29764,16.5521,YA_COW_Transect 2,1.2123,,3.904,0.116,2546.216,21.109,,,896.517,191.297,-2375.474,YA_COW,Peter,Pomacentridae,Chromis,ternatensis,37372051,1,AD,Passing,
GX010042_L.MP4,29764,16.5521,YA_COW_Transect 2,1.2123,,6.038,1.427,3109.479,12.796,,,571.508,382.478,-3032.483,YA_COW,Peter,Pomacentridae,Chromis,ternatensis,37372051,1,AD,Passing,
GX010042_L.MP4,29764,16.5521,YA_COW_Transect 2,1.2123,,5.31,0.448,2913.854,11.986,,,556.123,236.874,-2850.468,YA_COW,Peter,Pomacentridae,Chromis,ternatensis,37372051,1,AD,Passing,
GX010042_L.MP4,29764,16.5521,YA_COW_Transect 2,1.2123,,4.828,2.754,2777.827,12.172,,,577.115,98.19,-2715.441,YA_COW,Peter,Pomacentridae,Chromis,ternatensis,37372051,1,AD,Passing,
GX010042_L.MP4,29764,16.5521,YA_COW_Transect 2,1.2123,,7.206,0.34,3443.751,9.549,,,558.828,116.766,-3396.1,YA_COW,Peter,Pomacentridae,Chromis,ternatensis,37372051,1,AD,Passing,
GX010042_L.MP4,29764,16.5521,YA_COW_Transect 2,1.2123,,7.892,5.865,3605.469,9.488,,,540.838,244.346,-3556.29,YA_COW,Peter,Pomacentridae,Chromis,ternatensis,37372051,1,AD,Passing,
GX010042_L.MP4,29764,16.5521,YA_COW_Transect 2,1.2123,,5.997,3.472,3142.914,4.082,,,219.103,43.447,-3134.967,YA_COW,Peter,Pomacentridae,Chromis,ternatensis,37372051,1,AD,Passing,
GX010042_L.MP4,29834,16.591,YA_COW_Transect 2,1.2513,113.239,5.434,2.558,1972.372,25.904,79.051,1.196,822.708,-256.185,-1774.196,YA_COW,Peter,Pomacanthidae,Centropyge,bicolor,37365022,1,AD,Passing,
GX010042_L.MP4,29834,16.591,YA_COW_Transect 2,1.2513,62.969,3.338,4.666,1965.794,21.053,28.511,32.184,684.794,-172.397,-1834.58,YA_COW,Peter,Labridae,Hologymnosus,doliatus,37384127,1,AD,Passing,
GX010042_L.MP4,29888,16.621,YA_COW_Transect 2,1.2813,35.099,1.937,1.481,1740.278,15.874,9.756,28.874,365.04,-305.503,-1673.912,YA_COW,Peter,Pomacentridae,Dascyllus,aruanus,37372073,1,AD,Passing,
GX010042_L.MP4,29888,16.621,YA_COW_Transect 2,1.2813,,2.27,1.788,1851.989,19.018,,,553.734,-240.987,-1750.762,YA_COW,Peter,Pomacentridae,Dascyllus,aruanus,37372073,1,AD,Passing,
GX010042_L.MP4,29888,16.621,YA_COW_Transect 2,1.2813,,2.903,5.941,2125.179,18.726,,,-415.067,-542.665,-2012.367,YA_COW,Peter,Pomacentridae,Dascyllus,aruanus,37372073,1,AD,Passing,
GX010042_L.MP4,29888,16.621,YA_COW_Transect 2,1.2813,,3.394,0.958,2294.928,8.478,,,-153.059,-303.064,-2269.674,YA_COW,Peter,Pomacentridae,Dascyllus,aruanus,37372073,1,AD,Passing,
GX010042_L.MP4,29888,16.621,YA_COW_Transect 2,1.2813,,3.272,1.51,2249.733,5.773,,,61.883,-218.981,-2238.195,YA_COW,Peter,Pomacentridae,Dascyllus,aruanus,37372073,1,AD,Passing,
GX010042_L.MP4,29888,16.621,YA_COW_Transect 2,1.2813,,3.516,3.784,2392.127,18.815,,,-676.441,-372.289,-2264.089,YA_COW,Peter,Pomacentridae,Pomacentrus,philippinus,37372123,1,AD,Passing,
GX010042_L.MP4,29903,16.6294,YA_COW_Transect 2,1.2896,72.162,3.557,3.651,1528.963,18.387,72.83,22.174,173.569,-449.983,-1450.902,YA_COW,Peter,Pomacentridae,Pomacentrus,moluccensis,37372118,1,AD,Passing,
GX010042_L.MP4,29959,16.6605,YA_COW_Transect 2,1.3208,150.912,9.467,5.532,2387.699,6.985,63.666,21.043,268.554,-110.442,-2369.976,YA_COW,Peter,Chaetodontidae,Heniochus,acuminatus,37365011,1,AD,Passing,
GX010042_L.MP4,30040,16.7056,YA_COW_Transect 2,1.3658,,15.674,7.492,5547.468,29.404,,,-2360.183,-1362.126,-4832.033,YA_COW,Peter,Priacanthidae,Priacanthus,hamrur,37326005,1,AD,Passing,
GX010042_L.MP4,30049,16.7106,YA_COW_Transect 2,1.3708,,10.746,0.545,4488.231,25.279,,,-1709.135,-869.682,-4057.922,YA_COW,Peter,Chaetodontidae,Heniochus,monoceros,37365076,1,AD,Passing,
GX010042_L.MP4,30102,16.7401,YA_COW_Transect 2,1.4003,,4.713,2.882,2742.849,12.712,,,592.961,111.124,-2675.681,YA_COW,Peter,Pomacentridae,Amblyglyphidodon,orbicularis,temp_code_001,1,AD,Passing,
GX010042_L.MP4,30102,16.7401,YA_COW_Transect 2,1.4003,103.912,3.946,1.397,2617.859,10.062,12.291,21.532,442.738,-114.768,-2577.596,YA_COW,Peter,Scaridae,Scarus,schlegeli,37386029,1,AD,Passing,
GX010042_L.MP4,30102,16.7401,YA_COW_Transect 2,1.4003,99.449,9.059,1.25,2886.608,9.862,35.947,23.958,488.37,-76.878,-2843.957,YA_COW,Peter,Scaridae,Scarus,schlegeli,37386029,1,AD,Passing,
GX010042_L.MP4,30102,16.7401,YA_COW_Transect 2,1.4003,104.23,6.811,1.597,2391.327,7.598,36.456,9.864,248.379,-195.647,-2370.332,YA_COW,Peter,Acanthuridae,Zebrasoma,scopas,37437036,1,AD,Passing,
GX010042_L.MP4,30140,16.7612,YA_COW_Transect 2,1.4214,99.281,5.397,7.137,2121.2,12.46,41.587,23.206,438.681,-130.458,-2071.238,YA_COW,Peter,Mullidae,Parupeneus,multifasciatus,37355026,1,AD,Passing,
GX010042_L.MP4,30140,16.7612,YA_COW_Transect 2,1.4214,111.654,1.946,2.611,1953.381,13.723,2.495,15.667,299.765,-353.373,-1897.621,YA_COW,Peter,Labridae,Anampses,neoguinaicus,37384050,1,AD,Passing,
GX010042_L.MP4,30183,16.7851,YA_COW_Transect 2,1.4453,118.411,2.891,1.263,1395,18.209,63.194,16.494,390.682,-193.387,-1325.139,YA_COW,Peter,Labridae,Thalassoma,lunare,37384167,1,AD,Passing,
GX010042_L.MP4,30189,16.7884,YA_COW_Transect 2,1.4487,86.332,2.579,2.644,1418.931,17.163,47.987,22.747,418.354,-17.072,-1355.748,YA_COW,Peter,Pomacentridae,Amblyglyphidodon,orbicularis,temp_code_001,1,AD,Passing,
GX010042_L.MP4,30223,16.8073,YA_COW_Transect 2,1.4676,71.425,2.717,2.232,1715.811,21.408,32.27,13.87,-156.457,-606.423,-1597.429,YA_COW,Peter,Pomacentridae,Pomacentrus,philippinus,37372123,1,AD,Passing,
GX010042_L.MP4,30274,16.8357,YA_COW_Transect 2,1.4959,,2.897,0.238,2137.022,21.316,,,28.692,-777.477,-1990.37,YA_COW,Peter,Pomacentridae,Dascyllus,aruanus,37372073,1,AD,Passing,
GX010042_L.MP4,30274,16.8357,YA_COW_Transect 2,1.4959,,3.58,1.934,2373.869,19.825,,,164.141,-789.496,-2232.713,YA_COW,Peter,Pomacentridae,Dascyllus,aruanus,37372073,1,AD,Passing,
GX010042_L.MP4,30274,16.8357,YA_COW_Transect 2,1.4959,,2.709,4.849,2049.198,21.69,,,250.25,-715.915,-1903.695,YA_COW,Peter,Pomacentridae,Dascyllus,aruanus,37372073,1,AD,Passing,
GX010042_L.MP4,30274,16.8357,YA_COW_Transect 2,1.4959,149.521,8.516,3.055,3129.67,21.978,29.186,19.948,947.064,-689.194,-2902.226,YA_COW,Peter,Nemipteridae,Scolopsis,bilineata,37347031,1,AD,Passing,
GX010042_L.MP4,30274,16.8357,YA_COW_Transect 2,1.4959,129.257,12.814,1.28,3070.108,17.668,49.994,4.147,585.684,-724.727,-2925.288,YA_COW,Peter,Nemipteridae,Scolopsis,bilineata,37347031,1,AD,Passing,
GX010042_L.MP4,30274,16.8357,YA_COW_Transect 2,1.4959,65.746,1.943,1.09,2162.186,17.439,6.674,14.062,39.075,-646.812,-2062.802,YA_COW,Peter,Pomacentridae,Chromis,ternatensis,37372051,1,AD,Passing,
GX010042_L.MP4,30274,16.8357,YA_COW_Transect 2,1.4959,51.139,4.907,2.977,2254.695,17.901,31.566,8.727,273.931,-636.608,-2145.54,YA_COW,Peter,Pomacentridae,Chromis,ternatensis,37372051,1,AD,Passing,
GX010042_L.MP4,30274,16.8357,YA_COW_Transect 2,1.4959,,3.43,1.469,2299.201,18.129,,,330.442,-635.794,-2184.696,YA_COW,Peter,Pomacentridae,Chromis,ternatensis,37372051,1,AD,Passing,
GX010042_L.MP4,30274,16.8357,YA_COW_Transect 2,1.4959,,3.864,0.599,2441.159,14.395,,,344.038,-501.312,-2364.229,YA_COW,Peter,Pomacentridae,Chromis,ternatensis,37372051,1,AD,Passing,
GX010042_L.MP4,30332,16.868,YA_COW_Transect 2,1.5282,35.762,1.354,7.155,1313.613,23.452,17.843,8.942,288.289,-436.117,-1205.102,YA_COW,Peter,Pomacentridae,Dascyllus,aruanus,37372073,1,AD,Passing,
GX010042_L.MP4,30332,16.868,YA_COW_Transect 2,1.5282,24.229,1.584,2.353,1608.558,18.445,8.88,32.836,213.686,-461.905,-1525.923,YA_COW,Peter,Pomacentridae,Pomacentrus,moluccensis,37372118,1,AD,Passing,
GX010042_L.MP4,30432,16.9236,YA_COW_Transect 2,1.5838,,4.127,1.174,2689.012,24.106,,,1096.102,-69.994,-2454.475,YA_COW,Peter,Pomacentridae,Pomacentrus,moluccensis,37372118,1,AD,Passing,
GX010042_L.MP4,30432,16.9236,YA_COW_Transect 2,1.5838,,5.452,1.606,3083.759,21.794,,,1144.084,-44.972,-2863.323,YA_COW,Peter,Pomacentridae,Pomacentrus,moluccensis,37372118,1,AD,Passing,
GX010042_L.MP4,30432,16.9236,YA_COW_Transect 2,1.5838,,4.096,6.3,2757.354,27.939,,,1287.747,101.949,-2436.045,YA_COW,Peter,Pomacentridae,Pomacentrus,moluccensis,37372118,1,AD,Passing,
GX010042_L.MP4,30432,16.9236,YA_COW_Transect 2,1.5838,171.126,12.37,4.446,3136.045,20.188,47.714,2.108,1058.203,226.973,-2943.377,YA_COW,Peter,Balistidae,Balistapus,undulatus,37465047,1,AD,Passing,
GX010042_L.MP4,30450,16.9336,YA_COW_Transect 2,1.5938,177.744,12.196,5.9,3122.626,20.357,61.42,29.342,1086.15,-15.487,-2927.598,YA_COW,Peter,Scaridae,Scarus,schlegeli,37386029,1,AD,Passing,
GX010042_L.MP4,30472,16.9458,YA_COW_Transect 2,1.606,,4.478,9.571,2890.784,31.123,,,1374.783,583.825,-2475.026,YA_COW,Peter,Pomacentridae,Amblyglyphidodon,orbicularis,temp_code_001,1,AD,Passing,
GX010042_L.MP4,30472,16.9458,YA_COW_Transect 2,1.606,155.29,6.119,0.546,2162.134,26.68,67.277,3.308,910.004,-338.156,-1931.933,YA_COW,Peter,Acanthuridae,Ctenochaetus,striatus,37437022,1,AD,Passing,
GX010042_L.MP4,30585,17.0087,YA_COW_Transect 2,1.6689,,4.979,1.774,2809.671,12.622,,,538.376,-296.768,-2741.593,YA_COW,Peter,Pomacentridae,Pomacentrus,maafu,temp_code_005,1,AD,Passing,
GX010042_L.MP4,30585,17.0087,YA_COW_Transect 2,1.6689,43.942,3.318,4.564,2004.479,17.952,24.719,7.943,269.871,-555.78,-1906.886,YA_COW,Peter,Pomacentridae,Pomacentrus,moluccensis,37372118,1,AD,Passing,
GX010042_L.MP4,30585,17.0087,YA_COW_Transect 2,1.6689,,2.462,0.629,1925.731,19.06,,,321.99,-541.244,-1819.841,YA_COW,Peter,Pomacentridae,Pomacentrus,moluccensis,37372118,1,AD,Passing,
GX010042_L.MP4,30585,17.0087,YA_COW_Transect 2,1.6689,,3.804,1.552,2430.898,18.728,,,500.176,-600.532,-2301.837,YA_COW,Peter,Pomacentridae,Pomacentrus,moluccensis,37372118,1,AD,Passing,
GX010042_L.MP4,30585,17.0087,YA_COW_Transect 2,1.6689,79.387,3.56,1.851,1991.911,9.36,52.164,58.786,-112.648,-303.751,-1965.389,YA_COW,Peter,Pomacentridae,Amblyglyphidodon,orbicularis,temp_code_001,1,AD,Passing,
GX010042_L.MP4,30585,17.0087,YA_COW_Transect 2,1.6689,99.185,6.959,1.306,2477.695,5.62,34.281,9.453,-165.256,-177.668,-2465.786,YA_COW,Peter,Pomacentridae,Amblyglyphidodon,orbicularis,temp_code_001,1,AD,Passing,
GX010042_L.MP4,30585,17.0087,YA_COW_Transect 2,1.6689,93.246,5.763,1.543,2403.238,14.792,33.992,23.147,106.204,-604.322,-2323.589,YA_COW,Peter,Acanthuridae,Zebrasoma,scopas,37437036,1,AD,Passing,
GX010042_L.MP4,30585,17.0087,YA_COW_Transect 2,1.6689,114.972,6.035,2.844,2527.517,11.615,29.523,15.989,-23.094,-508.334,-2475.764,YA_COW,Peter,Labridae,Gomphosus,varius,37384106,1,AD,Passing,
GX010042_L.MP4,30585,17.0087,YA_COW_Transect 2,1.6689,53.784,2.856,0.562,1948.833,22.157,3.818,7.879,723.323,-130.438,-1804.921,YA_COW,Peter,Pomacentridae,Chromis,xanthura,37372057,1,AD,Passing,
GX010042_L.MP4,30625,17.0309,YA_COW_Transect 2,1.6911,,3.195,0.049,2261.155,22.334,,,742.815,-433.103,-2091.284,YA_COW,Peter,Pomacentridae,Pomacentrus,moluccensis,37372118,1,AD,Passing,
GX010042_L.MP4,30625,17.0309,YA_COW_Transect 2,1.6911,,4.34,0.579,2613.078,18.728,,,609.781,-577.705,-2474.389,YA_COW,Peter,Pomacentridae,Pomacentrus,moluccensis,37372118,1,AD,Passing,
GX010042_L.MP4,30625,17.0309,YA_COW_Transect 2,1.6911,82.858,4.479,1.333,2381.387,27.715,12.791,4.373,1096.151,-158.309,-2108.174,YA_COW,Peter,Pomacentridae,Pomacentrus,philippinus,37372123,1,AD,Passing,
GX010042_L.MP4,30689,17.0665,YA_COW_Transect 2,1.7267,57.849,3.843,6.497,1638.867,22.895,65.765,6.199,515.016,-375.883,-1509.753,YA_COW,Peter,Pomacentridae,Pomacentrus,moluccensis,37372118,1,AD,Passing,
GX010042_L.MP4,30740,17.0949,YA_COW_Transect 2,1.7551,52.755,2.804,7.488,1953.436,23.228,21.818,6.755,-390.805,-663.921,-1795.103,YA_COW,Peter,Pomacentridae,Pomacentrus,moluccensis,37372118,1,AD,Passing,
GX010042_L.MP4,30740,17.0949,YA_COW_Transect 2,1.7551,39.703,1.697,1.315,1804.482,10.983,8.242,32.973,35.763,-341.916,-1771.431,YA_COW,Peter,Pomacentridae,Pomacentrus,moluccensis,37372118,1,AD,Passing,
GX010042_L.MP4,30740,17.0949,YA_COW_Transect 2,1.7551,27.286,1.788,2.045,1680.974,10.116,17.048,49.723,78.883,-284.508,-1654.844,YA_COW,Peter,Pomacentridae,Pomacentrus,moluccensis,37372118,1,AD,Passing,
GX010042_L.MP4,30740,17.0949,YA_COW_Transect 2,1.7551,,2.842,5.995,2120.471,22.102,,,-419.574,-679.766,-1964.248,YA_COW,Peter,Pomacentridae,Pomacentrus,moluccensis,37372118,1,AD,Passing,
GX010042_L.MP4,30740,17.0949,YA_COW_Transect 2,1.7551,,1.998,0.987,1709.74,11.547,,,87.217,-331.92,-1674.943,YA_COW,Peter,Pomacentridae,Pomacentrus,moluccensis,37372118,1,AD,Passing,
GX010042_L.MP4,30740,17.0949,YA_COW_Transect 2,1.7551,,2.47,0.114,1919.779,10.282,,,115.62,-323.684,-1888.76,YA_COW,Peter,Pomacentridae,Pomacentrus,moluccensis,37372118,1,AD,Passing,
GX010042_L.MP4,30740,17.0949,YA_COW_Transect 2,1.7551,35.936,2.178,8.2,1566.912,22.33,27.862,14.237,-343.469,-486.252,-1449.414,YA_COW,Peter,Pomacentridae,Amblyglyphidodon,orbicularis,temp_code_001,1,AD,Passing,
GX010042_L.MP4,30740,17.0949,YA_COW_Transect 2,1.7551,93.193,2.943,3.008,2427.374,17.76,1.353,46.3,739.285,41.168,-2311.689,YA_COW,Peter,Scaridae,Scarus,schlegeli,37386029,1,AD,Passing,
GX010042_L.MP4,30787,17.121,YA_COW_Transect 2,1.7812,119.59,4.256,1.158,2220.368,20.36,22.193,14.59,771.826,32.384,-2081.651,YA_COW,Peter,Acanthuridae,Ctenochaetus,striatus,37437022,1,AD,Passing,
GX010042_L.MP4,30802,17.1293,YA_COW_Transect 2,1.7896,60.708,2.168,5.817,1600.659,24.343,20.277,23.709,578.418,-317.435,-1458.347,YA_COW,Peter,Pomacentridae,Pomacentrus,callainus,temp_code_004,1,AD,Passing,
GX010042_L.MP4,30802,17.1293,YA_COW_Transect 2,1.7896,70.216,3.598,13.317,1637.612,27.459,85.397,16.733,630.427,-415.674,-1453.118,YA_COW,Peter,Pomacentridae,Pomacentrus,moluccensis,37372118,1,AD,Passing,
GX010042_L.MP4,30837,17.1488,YA_COW_Transect 2,1.809,,6.36,1.613,3209.294,15.369,,,748.827,401.621,-3094.758,YA_COW,Peter,Pomacentridae,Chromis,ternatensis,37372051,1,AD,Passing,
GX010042_L.MP4,30837,17.1488,YA_COW_Transect 2,1.809,,6.68,2.864,3331.331,18.003,,,959.18,372.317,-3168.457,YA_COW,Peter,Pomacentridae,Chromis,ternatensis,37372051,1,AD,Passing,
GX010042_L.MP4,30837,17.1488,YA_COW_Transect 2,1.809,,8.881,0.925,3835.11,19.195,,,1044.421,704.416,-3622.299,YA_COW,Peter,Pomacentridae,Chromis,ternatensis,37372051,1,AD,Passing,
GX010042_L.MP4,30837,17.1488,YA_COW_Transect 2,1.809,,8.024,0.943,3641.41,17.042,,,949.576,485.033,-3481.797,YA_COW,Peter,Pomacentridae,Chromis,ternatensis,37372051,1,AD,Passing,
GX010042_L.MP4,30837,17.1488,YA_COW_Transect 2,1.809,,7.296,0.828,3515.064,21.368,,,1144.926,572.039,-3273.774,YA_COW,Peter,Pomacentridae,Chromis,ternatensis,37372051,1,AD,Passing,
GX010042_L.MP4,30837,17.1488,YA_COW_Transect 2,1.809,,6.437,0.248,3259.65,21.017,,,967.294,654.76,-3043.181,YA_COW,Peter,Pomacentridae,Chromis,ternatensis,37372051,1,AD,Passing,
GX010042_L.MP4,30837,17.1488,YA_COW_Transect 2,1.809,,7.199,0.402,3452.07,20.259,,,1004.262,646.39,-3238.893,YA_COW,Peter,Pomacentridae,Chromis,ternatensis,37372051,1,AD,Passing,
GX010042_L.MP4,30837,17.1488,YA_COW_Transect 2,1.809,,10.087,2.826,4110.341,20.452,,,1186.629,806.909,-3851.716,YA_COW,Peter,Pomacentridae,Chromis,ternatensis,37372051,1,AD,Passing,
GX010042_L.MP4,30837,17.1488,YA_COW_Transect 2,1.809,,12.861,1.307,4627.806,17.693,,,1159.052,794.068,-4409.381,YA_COW,Peter,Pomacentridae,Chromis,ternatensis,37372051,1,AD,Passing,
GX010042_L.MP4,30837,17.1488,YA_COW_Transect 2,1.809,,7.953,1.559,3680.797,22.986,,,1225.976,748.338,-3388.988,YA_COW,Peter,Pomacentridae,Chromis,ternatensis,37372051,1,AD,Passing,
GX010042_L.MP4,30837,17.1488,YA_COW_Transect 2,1.809,,11.17,3.529,4391.246,24.08,,,1475.417,1014.171,-4009.694,YA_COW,Peter,Pomacentridae,Chromis,ternatensis,37372051,1,AD,Passing,
GX010042_L.MP4,30837,17.1488,YA_COW_Transect 2,1.809,,6.986,1.459,3430.84,24.084,,,1105.217,857.593,-3132.681,YA_COW,Peter,Pomacentridae,Chromis,ternatensis,37372051,1,AD,Passing,
GX010042_L.MP4,30837,17.1488,YA_COW_Transect 2,1.809,,7.196,1.569,3456.23,22.693,,,1019.724,857.293,-3189.159,YA_COW,Peter,Pomacentridae,Chromis,ternatensis,37372051,1,AD,Passing,
GX010042_L.MP4,30837,17.1488,YA_COW_Transect 2,1.809,,11.77,1.014,4484.917,24.815,,,1403.172,1252.19,-4071.561,YA_COW,Peter,Pomacentridae,Chromis,ternatensis,37372051,1,AD,Passing,
GX010042_L.MP4,30837,17.1488,YA_COW_Transect 2,1.809,,10.364,1.339,4258.817,26.823,,,1505.159,1192.563,-3801.29,YA_COW,Peter,Pomacentridae,Chromis,ternatensis,37372051,1,AD,Passing,
GX010042_L.MP4,30837,17.1488,YA_COW_Transect 2,1.809,,6.509,3.149,3387.358,27.928,,,1308.306,895.69,-2993.372,YA_COW,Peter,Pomacentridae,Chromis,ternatensis,37372051,1,AD,Passing,
GX010042_L.MP4,30837,17.1488,YA_COW_Transect 2,1.809,,6.485,10.825,3396.636,27.672,,,1359.632,798.09,-3008.586,YA_COW,Peter,Pomacentridae,Chromis,ternatensis,37372051,1,AD,Passing,
GX010042_L.MP4,30837,17.1488,YA_COW_Transect 2,1.809,,8.358,3.556,3917.922,27.868,,,1659.858,771.751,-3464.013,YA_COW,Peter,Pomacentridae,Chromis,ternatensis,37372051,1,AD,Passing,
GX010042_L.MP4,30837,17.1488,YA_COW_Transect 2,1.809,,8.285,3.843,3897.649,28.071,,,1647.983,803.001,-3439.624,YA_COW,Peter,Pomacentridae,Chromis,ternatensis,37372051,1,AD,Passing,
GX010042_L.MP4,30837,17.1488,YA_COW_Transect 2,1.809,,9.421,2.145,4087.302,25.526,,,1546.907,839.974,-3688.843,YA_COW,Peter,Pomacentridae,Chromis,ternatensis,37372051,1,AD,Passing,
GX010042_L.MP4,30837,17.1488,YA_COW_Transect 2,1.809,,9.261,5.796,4037.35,24.678,,,1490.709,784.756,-3669.079,YA_COW,Peter,Pomacentridae,Chromis,ternatensis,37372051,1,AD,Passing,
GX010042_L.MP4,30837,17.1488,YA_COW_Transect 2,1.809,,10.739,6.987,4435.37,26.211,,,1808.796,749.962,-3979.738,YA_COW,Peter,Pomacentridae,Chromis,ternatensis,37372051,1,AD,Passing,
GX010042_L.MP4,30837,17.1488,YA_COW_Transect 2,1.809,,6.717,1.672,3439.161,24.875,,,1323.441,582.342,-3120.45,YA_COW,Peter,Pomacentridae,Chromis,ternatensis,37372051,1,AD,Passing,
GX010042_L.MP4,30837,17.1488,YA_COW_Transect 2,1.809,,8.034,9.636,3778.409,24.518,,,1450.286,593.941,-3438.064,YA_COW,Peter,Pomacentridae,Chromis,ternatensis,37372051,1,AD,Passing,
GX010042_L.MP4,30837,17.1488,YA_COW_Transect 2,1.809,,8.956,1.54,4001.924,24.204,,,1534.753,578.049,-3650.45,YA_COW,Peter,Pomacentridae,Chromis,ternatensis,37372051,1,AD,Passing,
GX010042_L.MP4,30837,17.1488,YA_COW_Transect 2,1.809,,4.303,2.937,2725.016,24.987,,,1075.704,408.245,-2470.204,YA_COW,Peter,Pomacentridae,Chromis,ternatensis,37372051,1,AD,Passing,
GX010042_L.MP4,30837,17.1488,YA_COW_Transect 2,1.809,,6.956,1.734,3631.361,29.349,,,1677.984,591.524,-3165.636,YA_COW,Peter,Pomacentridae,Chromis,ternatensis,37372051,1,AD,Passing,
GX010042_L.MP4,30837,17.1488,YA_COW_Transect 2,1.809,,5.564,1.914,3234.544,29.907,,,1511.6,560.426,-2804.151,YA_COW,Peter,Pomacentridae,Chromis,ternatensis,37372051,1,AD,Passing,
GX010042_L.MP4,30837,17.1488,YA_COW_Transect 2,1.809,,4.48,7.515,2887.694,30.576,,,1364.422,542.707,-2486.484,YA_COW,Peter,Pomacentridae,Chromis,ternatensis,37372051,1,AD,Passing,
GX010042_L.MP4,30837,17.1488,YA_COW_Transect 2,1.809,,7.691,4.784,3818.239,30.385,,,1762.834,787,-3294.237,YA_COW,Peter,Pomacentridae,Chromis,ternatensis,37372051,1,AD,Passing,
GX010042_L.MP4,30837,17.1488,YA_COW_Transect 2,1.809,,7.535,11.246,3802.638,31.436,,,1810.6,807.428,-3244.972,YA_COW,Peter,Pomacentridae,Chromis,ternatensis,37372051,1,AD,Passing,
GX010042_L.MP4,30837,17.1488,YA_COW_Transect 2,1.809,,6.589,6.553,3515.016,31.417,,,1609.417,874.003,-3000.206,YA_COW,Peter,Pomacentridae,Chromis,ternatensis,37372051,1,AD,Passing,
GX010042_L.MP4,30837,17.1488,YA_COW_Transect 2,1.809,,8.149,2.527,3808.729,28.494,,,1466.727,1070.5,-3348.008,YA_COW,Peter,Pomacentridae,Chromis,ternatensis,37372051,1,AD,Passing,
GX010042_L.MP4,30936,17.2039,YA_COW_Transect 2,1.8641,192.658,17.39,5.901,3942.968,28.605,80.756,22.535,-1852.352,363.921,-3461.698,YA_COW,Peter,Caesionidae,Pterocaesio,trilineata,37346051,1,AD,Passing,
GX010042_L.MP4,30936,17.2039,YA_COW_Transect 2,1.8641,114.698,8.592,3.345,3052.96,17.473,57.837,59.858,140.276,905.864,-2912.095,YA_COW,Peter,Caesionidae,Pterocaesio,trilineata,37346051,1,AD,Passing,
GX010042_L.MP4,30936,17.2039,YA_COW_Transect 2,1.8641,,6.398,2.089,3219.391,16.418,,,-121.543,899.987,-3088.645,YA_COW,Peter,Caesionidae,Pterocaesio,trilineata,37346051,1,AD,Passing,
GX010042_L.MP4,30936,17.2039,YA_COW_Transect 2,1.8641,,8.091,1.23,3640.355,17.409,,,-349.921,1029.366,-3474.211,YA_COW,Peter,Caesionidae,Pterocaesio,trilineata,37346051,1,AD,Passing,
GX010042_L.MP4,30936,17.2039,YA_COW_Transect 2,1.8641,,5.99,0.208,3116.701,18.778,,,-272.343,963.864,-2951.376,YA_COW,Peter,Caesionidae,Pterocaesio,trilineata,37346051,1,AD,Passing,
GX010042_L.MP4,30936,17.2039,YA_COW_Transect 2,1.8641,,6.418,3.273,3243.111,20.301,,,-273.56,1089.653,-3042.3,YA_COW,Peter,Caesionidae,Pterocaesio,trilineata,37346051,1,AD,Passing,
GX010042_L.MP4,30936,17.2039,YA_COW_Transect 2,1.8641,,6.336,0.463,3225.598,21.162,,,-385.136,1097.18,-3008.712,YA_COW,Peter,Caesionidae,Pterocaesio,trilineata,37346051,1,AD,Passing,
GX010042_L.MP4,30936,17.2039,YA_COW_Transect 2,1.8641,,5.865,0.491,3104.903,21.23,,,-136.739,1114.299,-2894.833,YA_COW,Peter,Caesionidae,Pterocaesio,trilineata,37346051,1,AD,Passing,
GX010042_L.MP4,30936,17.2039,YA_COW_Transect 2,1.8641,,7.236,0.059,3464.258,20.836,,,-53.5,1229.187,-3238.413,YA_COW,Peter,Caesionidae,Pterocaesio,trilineata,37346051,1,AD,Passing,
GX010042_L.MP4,30936,17.2039,YA_COW_Transect 2,1.8641,,6.554,1.192,3276.71,20.431,,,128.094,1134.866,-3071.237,YA_COW,Peter,Caesionidae,Pterocaesio,trilineata,37346051,1,AD,Passing,
GX010042_L.MP4,30936,17.2039,YA_COW_Transect 2,1.8641,,7.306,2.556,3474.357,21.638,,,203.459,1262.992,-3230.265,YA_COW,Peter,Caesionidae,Pterocaesio,trilineata,37346051,1,AD,Passing,
GX010042_L.MP4,30936,17.2039,YA_COW_Transect 2,1.8641,,7.514,0.364,3507.465,22.576,,,484.662,1254.422,-3239.42,YA_COW,Peter,Caesionidae,Pterocaesio,trilineata,37346051,1,AD,Passing,
GX010042_L.MP4,30936,17.2039,YA_COW_Transect 2,1.8641,,7.513,0.778,3511.38,22.507,,,427.632,1272.396,-3244.677,YA_COW,Peter,Caesionidae,Pterocaesio,trilineata,37346051,1,AD,Passing,
GX010042_L.MP4,30936,17.2039,YA_COW_Transect 2,1.8641,,7.139,5.982,3458.87,26.092,,,950.406,1186.018,-3107.068,YA_COW,Peter,Caesionidae,Pterocaesio,trilineata,37346051,1,AD,Passing,
GX010042_L.MP4,30936,17.2039,YA_COW_Transect 2,1.8641,,7.894,0.449,3674.517,27.66,,,1113.374,1290.425,-3255.346,YA_COW,Peter,Caesionidae,Pterocaesio,trilineata,37346051,1,AD,Passing,
GX010042_L.MP4,30936,17.2039,YA_COW_Transect 2,1.8641,,6.731,0.192,3336.702,21.814,,,-590.61,1088.409,-3098.408,YA_COW,Peter,Caesionidae,Pterocaesio,trilineata,37346051,1,AD,Passing,
GX010042_L.MP4,30936,17.2039,YA_COW_Transect 2,1.8641,,8.171,1.063,3662.64,17.583,,,-582.596,938.582,-3492.074,YA_COW,Peter,Caesionidae,Pterocaesio,trilineata,37346051,1,AD,Passing,
GX010042_L.MP4,30936,17.2039,YA_COW_Transect 2,1.8641,,10.862,3.37,4287.905,21.744,,,-931.114,1284.656,-3983.568,YA_COW,Peter,Caesionidae,Pterocaesio,trilineata,37346051,1,AD,Passing,
GX010042_L.MP4,30936,17.2039,YA_COW_Transect 2,1.8641,,7.848,0.904,3651.407,22.396,,,-942.704,1021.137,-3376.59,YA_COW,Peter,Caesionidae,Pterocaesio,trilineata,37346051,1,AD,Passing,
GX010042_L.MP4,30936,17.2039,YA_COW_Transect 2,1.8641,,6.571,2.211,3323.312,21.546,,,-854.709,869.399,-3091.605,YA_COW,Peter,Caesionidae,Pterocaesio,trilineata,37346051,1,AD,Passing,
GX010042_L.MP4,30936,17.2039,YA_COW_Transect 2,1.8641,,6.105,0.801,3188.153,20.932,,,-784.959,823.577,-2978.234,YA_COW,Peter,Caesionidae,Pterocaesio,trilineata,37346051,1,AD,Passing,
GX010042_L.MP4,30936,17.2039,YA_COW_Transect 2,1.8641,,10.786,1.333,4408.109,25.412,,,-1477.253,1179.136,-3982.309,YA_COW,Peter,Caesionidae,Pterocaesio,trilineata,37346051,1,AD,Passing,
GX010042_L.MP4,30936,17.2039,YA_COW_Transect 2,1.8641,,7.511,6.129,3672.606,24.529,,,-1289.95,810.844,-3341.646,YA_COW,Peter,Caesionidae,Pterocaesio,trilineata,37346051,1,AD,Passing,
GX010042_L.MP4,30936,17.2039,YA_COW_Transect 2,1.8641,,7.529,0.572,3648.104,22.586,,,-1203.563,715.395,-3368.725,YA_COW,Peter,Caesionidae,Pterocaesio,trilineata,37346051,1,AD,Passing,
GX010042_L.MP4,30936,17.2039,YA_COW_Transect 2,1.8641,,10.535,5.066,4313.821,18.902,,,-1271.646,577.09,-4081.536,YA_COW,Peter,Caesionidae,Pterocaesio,trilineata,37346051,1,AD,Passing,
GX010042_L.MP4,30936,17.2039,YA_COW_Transect 2,1.8641,,10.5,4.957,4359.784,19.733,,,-1401.307,448.479,-4104.013,YA_COW,Peter,Caesionidae,Pterocaesio,trilineata,37346051,1,AD,Passing,
GX010042_L.MP4,30936,17.2039,YA_COW_Transect 2,1.8641,,11.059,2.378,4515.391,20.41,,,-1524.57,391.685,-4232.142,YA_COW,Peter,Caesionidae,Pterocaesio,trilineata,37346051,1,AD,Passing,
GX010042_L.MP4,30936,17.2039,YA_COW_Transect 2,1.8641,,8.497,1.344,3998.258,22.976,,,-1518.085,360.062,-3681.283,YA_COW,Peter,Caesionidae,Pterocaesio,trilineata,37346051,1,AD,Passing,
GX010042_L.MP4,30936,17.2039,YA_COW_Transect 2,1.8641,,6.464,1.603,3418.912,22.703,,,-1237.219,456.975,-3154.27,YA_COW,Peter,Caesionidae,Pterocaesio,trilineata,37346051,1,AD,Passing,
GX010042_L.MP4,30936,17.2039,YA_COW_Transect 2,1.8641,,7.681,0.306,3840.38,29.742,,,-1646.3,956.967,-3335.031,YA_COW,Peter,Caesionidae,Pterocaesio,trilineata,37346051,1,AD,Passing,
GX010042_L.MP4,30936,17.2039,YA_COW_Transect 2,1.8641,,8.676,2.255,4090.618,27.331,,,-1728.072,733.536,-3634.398,YA_COW,Peter,Caesionidae,Pterocaesio,trilineata,37346051,1,AD,Passing,
GX010042_L.MP4,30936,17.2039,YA_COW_Transect 2,1.8641,,6.169,0.043,3450.915,28.196,,,-1523.908,578.163,-3041.75,YA_COW,Peter,Caesionidae,Pterocaesio,trilineata,37346051,1,AD,Passing,
GX010042_L.MP4,30936,17.2039,YA_COW_Transect 2,1.8641,,8.904,0.925,4213.881,25.813,,,-1819.44,235.011,-3793.574,YA_COW,Peter,Caesionidae,Pterocaesio,trilineata,37346051,1,AD,Passing,
GX010042_L.MP4,30936,17.2039,YA_COW_Transect 2,1.8641,,10.464,1.125,4604.814,25.949,,,-2006.269,-189.301,-4140.455,YA_COW,Peter,Caesionidae,Pterocaesio,trilineata,37346051,1,AD,Passing,
GX010042_L.MP4,30979,17.2278,YA_COW_Transect 2,1.888,,6.946,5.148,3433.359,19.778,,,1103.192,-366.179,-3230.609,YA_COW,Peter,Siganidae,Siganus,doliatus,37438009,1,AD,Passing,
GX010042_L.MP4,30979,17.2278,YA_COW_Transect 2,1.888,154.492,4.174,5.638,2226.929,22.906,36.764,41.771,778.257,-381.599,-2051.319,YA_COW,Peter,Labridae,Gomphosus,varius,37384106,1,AD,Passing,
GX010042_L.MP4,31024,17.2528,YA_COW_Transect 2,1.913,60.143,3.283,2.274,2596.263,19.207,11.165,21.611,209.883,-827.925,-2451.749,YA_COW,Peter,Pomacentridae,Stegastes,lacrymatus,temp_code_006,1,AD,Passing,
GX010042_L.MP4,31024,17.2528,YA_COW_Transect 2,1.913,,5.394,3.076,2946.276,17.687,,,68.808,-894.124,-2806.483,YA_COW,Peter,Pomacentridae,Pomacentrus,moluccensis,37372118,1,AD,Passing,
GX010042_L.MP4,31024,17.2528,YA_COW_Transect 2,1.913,,6.087,0.927,3140.933,19.095,,,178.921,-1013.563,-2967.514,YA_COW,Peter,Pomacentridae,Pomacentrus,moluccensis,37372118,1,AD,Passing,
GX010042_L.MP4,31024,17.2528,YA_COW_Transect 2,1.913,,6.312,0.562,3212.94,19.41,,,75.13,-1066.873,-3029.707,YA_COW,Peter,Pomacentridae,Pomacentrus,moluccensis,37372118,1,AD,Passing,
GX010042_L.MP4,31024,17.2528,YA_COW_Transect 2,1.913,171.366,11.105,9.56,3287.127,23.938,79.011,46.281,1232.329,510.173,-3004.378,YA_COW,Peter,Caesionidae,Pterocaesio,tile,37346063,1,AD,Passing,
GX010042_L.MP4,31024,17.2528,YA_COW_Transect 2,1.913,157.788,8.309,6.785,2704.737,23.659,73.02,40.144,946.557,531.144,-2477.401,YA_COW,Peter,Caesionidae,Pterocaesio,trilineata,37346051,1,AD,Passing,
GX010042_L.MP4,31024,17.2528,YA_COW_Transect 2,1.913,119.544,5.937,5.158,2603.191,21.636,67.33,57.536,795.418,537.151,-2419.79,YA_COW,Peter,Caesionidae,Pterocaesio,trilineata,37346051,1,AD,Passing,
GX010042_L.MP4,31024,17.2528,YA_COW_Transect 2,1.913,104.285,8.403,5.155,2676.414,22.253,60.708,35.245,787.24,638.406,-2477.072,YA_COW,Peter,Caesionidae,Pterocaesio,trilineata,37346051,1,AD,Passing,
GX010042_L.MP4,31024,17.2528,YA_COW_Transect 2,1.913,119.535,5.982,9.385,2534.81,25.2,68.43,51.558,877.713,628.021,-2293.572,YA_COW,Peter,Caesionidae,Pterocaesio,trilineata,37346051,1,AD,Passing,
GX010042_L.MP4,31024,17.2528,YA_COW_Transect 2,1.913,108.039,7.878,4.209,2574.892,18.445,69.912,45.097,589.403,562.44,-2442.608,YA_COW,Peter,Caesionidae,Pterocaesio,trilineata,37346051,1,AD,Passing,
GX010042_L.MP4,31024,17.2528,YA_COW_Transect 2,1.913,99.41,6.859,7.418,2542.932,20.41,67.688,49.634,654.549,598.312,-2383.294,YA_COW,Peter,Caesionidae,Pterocaesio,trilineata,37346051,1,AD,Passing,
GX010042_L.MP4,31024,17.2528,YA_COW_Transect 2,1.913,85.918,4.919,3.771,2683.005,21.441,35.753,60.443,684.685,702.193,-2497.328,YA_COW,Peter,Caesionidae,Pterocaesio,trilineata,37346051,1,AD,Passing,
GX010042_L.MP4,31024,17.2528,YA_COW_Transect 2,1.913,96.723,6.96,4.389,2783.932,21.377,52.784,53.148,691.565,742.588,-2592.407,YA_COW,Peter,Caesionidae,Pterocaesio,trilineata,37346051,1,AD,Passing,
GX010042_L.MP4,31024,17.2528,YA_COW_Transect 2,1.913,296.989,20.373,8.348,5544.314,26.603,47.923,60.852,1955.503,1529.73,-4957.354,YA_COW,Peter,Caesionidae,Pterocaesio,trilineata,37346051,1,AD,Passing,
GX010042_L.MP4,31024,17.2528,YA_COW_Transect 2,1.913,95.466,6.478,3.786,2673.603,20.547,60.735,57.939,579.332,738.209,-2503.513,YA_COW,Peter,Caesionidae,Pterocaesio,trilineata,37346051,1,AD,Passing,
GX010042_L.MP4,31024,17.2528,YA_COW_Transect 2,1.913,96.44,8.083,5.31,2637.816,17.904,69.238,47.387,538.608,606.213,-2510.076,YA_COW,Peter,Caesionidae,Pterocaesio,trilineata,37346051,1,AD,Passing,
GX010042_L.MP4,31024,17.2528,YA_COW_Transect 2,1.913,,4.722,0.331,2772.694,24.925,,,697.568,935.996,-2514.983,YA_COW,Peter,Caesionidae,Pterocaesio,trilineata,37346051,1,AD,Passing,
GX010042_L.MP4,31024,17.2528,YA_COW_Transect 2,1.913,,5.575,1.38,3046.551,26.098,,,881.418,1008.001,-2736.514,YA_COW,Peter,Caesionidae,Pterocaesio,trilineata,37346051,1,AD,Passing,
GX010042_L.MP4,31024,17.2528,YA_COW_Transect 2,1.913,,5.063,1.723,2908.294,26.654,,,888.736,953.627,-2599.792,YA_COW,Peter,Caesionidae,Pterocaesio,trilineata,37346051,1,AD,Passing,
GX010042_L.MP4,31024,17.2528,YA_COW_Transect 2,1.913,,4.365,8.169,2703.822,27.665,,,857.592,915.377,-2395.26,YA_COW,Peter,Caesionidae,Pterocaesio,trilineata,37346051,1,AD,Passing,
GX010042_L.MP4,31117,17.3045,YA_COW_Transect 2,1.9647,,4.711,5.808,2774.699,22.039,,,-469.15,-930.971,-2571.409,YA_COW,Peter,Pomacentridae,Chromis,viridis,37372053,1,AD,Passing,
GX010042_L.MP4,31146,17.3206,YA_COW_Transect 2,1.9809,,4.941,1.761,2953.02,25.588,,,-1041.623,-737.553,-2662.962,YA_COW,Peter,Pomacentridae,Amblyglyphidodon,orbicularis,temp_code_001,1,AD,Passing,
GX010042_L.MP4,31146,17.3206,YA_COW_Transect 2,1.9809,146.691,3.799,3.049,1896.814,10.146,32.052,7.491,-57.75,-329.101,-1867.153,YA_COW,Peter,Caesionidae,Pterocaesio,tile,37346063,1,AD,Passing,
GX010042_L.MP4,31146,17.3206,YA_COW_Transect 2,1.9809,,3.697,8.527,2523.367,26.256,,,-862.963,-709.413,-2262.612,YA_COW,Peter,Caesionidae,Pterocaesio,tile,37346063,1,AD,Passing,
GX010042_L.MP4,31146,17.3206,YA_COW_Transect 2,1.9809,,3.976,8.962,2597.581,23.602,,,-842.523,-611.132,-2379.937,YA_COW,Peter,Caesionidae,Pterocaesio,tile,37346063,1,AD,Passing,
GX010042_L.MP4,31328,17.4218,YA_COW_Transect 2,2.0821,104.951,9.531,2.823,2543.093,7.094,64.094,35.135,35.001,-312.103,-2523.626,YA_COW,Peter,Pomacentridae,Amblyglyphidodon,orbicularis,temp_code_001,1,AD,Passing,
GX010042_L.MP4,31328,17.4218,YA_COW_Transect 2,2.0821,169.425,1.867,1.356,1845.761,8.965,10.604,14.112,27.427,-286.32,-1823.212,YA_COW,Peter,Caesionidae,Pterocaesio,tile,37346063,1,AD,Passing,
GX010042_L.MP4,31328,17.4218,YA_COW_Transect 2,2.0821,126.412,2.849,18.222,1638.758,13.686,33.542,7.279,-10.492,-387.578,-1592.231,YA_COW,Peter,Caesionidae,Pterocaesio,tile,37346063,1,AD,Passing,
GX010042_L.MP4,31328,17.4218,YA_COW_Transect 2,2.0821,65.082,2.162,1.8,2029.046,20.354,1.522,37.666,128.932,-693.858,-1902.358,YA_COW,Peter,Pomacentridae,Chromis,viridis,37372053,1,AD,Passing,
GX010042_L.MP4,31338,17.4274,YA_COW_Transect 2,2.0876,132.641,11.923,7,2811.748,15.072,56.518,9.304,568.445,-459.847,-2715.021,YA_COW,Peter,Acanthuridae,Zebrasoma,scopas,37437036,1,AD,Passing,
GX010042_L.MP4,31392,17.4574,YA_COW_Transect 2,2.1177,159.941,4.772,12.807,2716.903,14.415,12.813,18.107,673.991,-56.579,-2631.368,YA_COW,Peter,Acanthuridae,Naso,hexacanthus,37437028,1,AD,Passing,
GX010042_L.MP4,31433,17.4802,YA_COW_Transect 2,2.1405,135.161,1.191,2.807,1018.541,6.608,33.794,12.65,-54.171,-103.931,-1011.775,YA_COW,Peter,Caesionidae,Pterocaesio,tile,37346063,1,AD,Passing,
GX010042_L.MP4,31433,17.4802,YA_COW_Transect 2,2.1405,97.3,1.649,1.724,1195.82,11.677,36.334,20.398,-207.564,-124.483,-1171.071,YA_COW,Peter,Caesionidae,Pterocaesio,tile,37346063,1,AD,Passing,
GX010042_L.MP4,31433,17.4802,YA_COW_Transect 2,2.1405,125.194,2.502,2.145,1522.571,14.353,31.736,14.865,361.608,108.179,-1475.046,YA_COW,Peter,Caesionidae,Pterocaesio,trilineata,37346051,1,AD,Passing,
GX010042_L.MP4,31433,17.4802,YA_COW_Transect 2,2.1405,103.297,1.967,0.837,1252.303,5.277,39.063,12.219,115.163,-0.918,-1246.996,YA_COW,Peter,Caesionidae,Pterocaesio,trilineata,37346051,1,AD,Passing,
GX010042_L.MP4,31433,17.4802,YA_COW_Transect 2,2.1405,109.809,1.525,2.497,1286.978,15.252,18.177,11.732,334.232,53.948,-1241.648,YA_COW,Peter,Caesionidae,Pterocaesio,trilineata,37346051,1,AD,Passing,
GX010042_L.MP4,31433,17.4802,YA_COW_Transect 2,2.1405,102.307,2.143,3.648,1442.741,15.418,27.103,9.946,381.57,39.062,-1390.82,YA_COW,Peter,Caesionidae,Pterocaesio,trilineata,37346051,1,AD,Passing,
GX010042_L.MP4,31433,17.4802,YA_COW_Transect 2,2.1405,114.482,1.64,1.687,1301.362,14.141,21.777,7.213,317.457,-17.508,-1261.926,YA_COW,Peter,Caesionidae,Pterocaesio,trilineata,37346051,1,AD,Passing,
GX010042_L.MP4,31433,17.4802,YA_COW_Transect 2,2.1405,110.448,1.19,2.019,1165.914,9.047,18.18,16.432,177.967,-44.05,-1151.409,YA_COW,Peter,Caesionidae,Pterocaesio,trilineata,37346051,1,AD,Passing,
GX010042_L.MP4,31433,17.4802,YA_COW_Transect 2,2.1405,111.771,1.562,1.491,1136.724,4.43,37.596,14.249,23.24,-84.672,-1133.328,YA_COW,Peter,Caesionidae,Pterocaesio,trilineata,37346051,1,AD,Passing,
GX010042_L.MP4,31433,17.4802,YA_COW_Transect 2,2.1405,102.457,1.385,0.918,1121.456,9.149,30.934,2.352,132.036,-119.84,-1107.189,YA_COW,Peter,Caesionidae,Pterocaesio,trilineata,37346051,1,AD,Passing,
GX010042_L.MP4,31433,17.4802,YA_COW_Transect 2,2.1405,115.171,1.3,2.594,1021.649,9.115,40.306,11.169,57.287,-151.375,-1008.747,YA_COW,Peter,Caesionidae,Pterocaesio,trilineata,37346051,1,AD,Passing,
GX010042_L.MP4,31433,17.4802,YA_COW_Transect 2,2.1405,104.458,1.464,1.73,1097.877,7.927,38.44,12.538,-44.606,-144.694,-1087.386,YA_COW,Peter,Caesionidae,Pterocaesio,trilineata,37346051,1,AD,Passing,
GX010042_L.MP4,31441,17.4847,YA_COW_Transect 2,2.1449,,3.182,4.176,2262.316,23.16,,,-450.273,-768.641,-2079.548,YA_COW,Peter,Blenniidae,Plagiotremus,flavus,temp_code_003,1,AD,Passing,
GX010042_L.MP4,31441,17.4847,YA_COW_Transect 2,2.1449,60.54,1.273,3.817,1427.584,19.389,0.023,28.369,-233.996,-412.132,-1346.621,YA_COW,Peter,Pomacentridae,Amblyglyphidodon,orbicularis,temp_code_001,1,AD,Passing,
GX010042_L.MP4,31441,17.4847,YA_COW_Transect 2,2.1449,80.579,3.143,6.369,1473.637,21.451,76.282,21.984,-311.265,-439.941,-1371.558,YA_COW,Peter,Pomacentridae,Amblyglyphidodon,orbicularis,temp_code_001,1,AD,Passing,
GX010042_L.MP4,31470,17.5008,YA_COW_Transect 2,2.161,73.186,2.229,2.908,1535.673,18.034,31.235,33.584,433.37,-195.462,-1460.232,YA_COW,Peter,Pomacentridae,Amblyglyphidodon,orbicularis,temp_code_001,1,AD,Passing,
GX010042_L.MP4,31574,17.5587,YA_COW_Transect 2,2.2189,138.972,2.075,1.393,1588.776,19.899,10.731,13.986,539.301,-39.555,-1493.92,YA_COW,Peter,Caesionidae,Pterocaesio,tile,37346063,1,AD,Passing,
GX010042_L.MP4,31574,17.5587,YA_COW_Transect 2,2.2189,115.376,4.061,0.428,2011.761,5.559,28.475,0.894,100.298,-167.07,-2002.301,YA_COW,Peter,Caesionidae,Pterocaesio,tile,37346063,1,AD,Passing,
GX010042_L.MP4,31574,17.5587,YA_COW_Transect 2,2.2189,,3.21,5.551,2229.784,6.128,,,-121.994,-205.692,-2216.923,YA_COW,Peter,Caesionidae,Pterocaesio,tile,37346063,1,AD,Passing,
GX010042_L.MP4,31574,17.5587,YA_COW_Transect 2,2.2189,106.919,2.298,1.985,1852.797,17.19,17.54,1.075,-180.282,-517.044,-1770.035,YA_COW,Peter,Caesionidae,Pterocaesio,trilineata,37346051,1,AD,Passing,
GX010042_L.MP4,31574,17.5587,YA_COW_Transect 2,2.2189,120.954,3.608,2.204,1680.421,16.093,45.089,3.41,-133.075,-446.405,-1614.567,YA_COW,Peter,Caesionidae,Pterocaesio,trilineata,37346051,1,AD,Passing,
GX010042_L.MP4,31574,17.5587,YA_COW_Transect 2,2.2189,88.542,4.335,2.814,1977.605,18.527,38.513,6.527,-373.609,-505.269,-1875.111,YA_COW,Peter,Caesionidae,Pterocaesio,trilineata,37346051,1,AD,Passing,
GX010042_L.MP4,31574,17.5587,YA_COW_Transect 2,2.2189,100.017,5.784,1.104,1976.162,17.854,60.191,1.11,-414.992,-441.418,-1880.996,YA_COW,Peter,Caesionidae,Pterocaesio,trilineata,37346051,1,AD,Passing,
GX010042_L.MP4,31574,17.5587,YA_COW_Transect 2,2.2189,76.588,1.702,4.225,1704.898,16.535,10.988,13.407,188.891,-446.932,-1634.396,YA_COW,Peter,Caesionidae,Pterocaesio,trilineata,37346051,1,AD,Passing,
GX010042_L.MP4,31574,17.5587,YA_COW_Transect 2,2.2189,137.974,4.074,18.609,1652.676,15.147,55.554,0.682,109.579,-417.712,-1595.258,YA_COW,Peter,Caesionidae,Pterocaesio,trilineata,37346051,1,AD,Passing,
GX010042_L.MP4,31574,17.5587,YA_COW_Transect 2,2.2189,,3.726,7.082,2410.006,12.105,,,-115.31,-493.453,-2356.127,YA_COW,Peter,Caesionidae,Pterocaesio,trilineata,37346051,1,AD,Passing,
GX010042_L.MP4,31574,17.5587,YA_COW_Transect 2,2.2189,,2.427,3.658,1914.872,20.232,,,446.779,-489.846,-1796.434,YA_COW,Peter,Caesionidae,Pterocaesio,trilineata,37346051,1,AD,Passing,
GX010042_L.MP4,31574,17.5587,YA_COW_Transect 2,2.2189,,1.545,3.862,1492.558,20.641,,,445.265,-281.125,-1396.58,YA_COW,Peter,Caesionidae,Pterocaesio,trilineata,37346051,1,AD,Passing,
GX010042_L.MP4,31574,17.5587,YA_COW_Transect 2,2.2189,,1.612,3.112,1512.767,15.908,,,324.521,-258.939,-1454.683,YA_COW,Peter,Caesionidae,Pterocaesio,trilineata,37346051,1,AD,Passing,
GX010042_L.MP4,31574,17.5587,YA_COW_Transect 2,2.2189,,1.767,0.507,1590.574,13.849,,,272.904,-266.368,-1544.182,YA_COW,Peter,Caesionidae,Pterocaesio,trilineata,37346051,1,AD,Passing,
GX010042_L.MP4,31574,17.5587,YA_COW_Transect 2,2.2189,,2.833,0.817,2072.604,9.358,,,74.189,-329.944,-2044.828,YA_COW,Peter,Caesionidae,Pterocaesio,trilineata,37346051,1,AD,Passing,
GX010042_L.MP4,31574,17.5587,YA_COW_Transect 2,2.2189,,3.373,0.299,2285.083,8.041,,,-0.525,-320.954,-2262.431,YA_COW,Peter,Caesionidae,Pterocaesio,trilineata,37346051,1,AD,Passing,
GX010042_L.MP4,31574,17.5587,YA_COW_Transect 2,2.2189,,2.849,7.813,2085.223,6.821,,,-83.895,-234.219,-2070.328,YA_COW,Peter,Caesionidae,Pterocaesio,trilineata,37346051,1,AD,Passing,
GX010042_L.MP4,31574,17.5587,YA_COW_Transect 2,2.2189,,3.807,1.91,2447.995,4.673,,,93.646,-177.532,-2439.752,YA_COW,Peter,Caesionidae,Pterocaesio,trilineata,37346051,1,AD,Passing,
GX010042_L.MP4,31574,17.5587,YA_COW_Transect 2,2.2189,,2.679,2.769,2014.115,9.44,,,-185.963,-274.204,-1986.678,YA_COW,Peter,Caesionidae,Pterocaesio,trilineata,37346051,1,AD,Passing,
GX010042_L.MP4,31574,17.5587,YA_COW_Transect 2,2.2189,,3.355,7.529,2285.902,3.217,,,77.677,-103.412,-2282.24,YA_COW,Peter,Caesionidae,Pterocaesio,trilineata,37346051,1,AD,Passing,
GX010042_L.MP4,31574,17.5587,YA_COW_Transect 2,2.2189,,3.444,0.613,2324.866,2.226,,,-63.774,-65.267,-2323.074,YA_COW,Peter,Caesionidae,Pterocaesio,trilineata,37346051,1,AD,Passing,
GX010042_L.MP4,31574,17.5587,YA_COW_Transect 2,2.2189,,4.297,0.159,2609.125,14.261,,,-398.617,-505.68,-2528.423,YA_COW,Peter,Caesionidae,Pterocaesio,trilineata,37346051,1,AD,Passing,
GX010042_L.MP4,31574,17.5587,YA_COW_Transect 2,2.2189,,3.249,2.769,2266.67,17.273,,,-538.285,-405.293,-2164.204,YA_COW,Peter,Caesionidae,Pterocaesio,trilineata,37346051,1,AD,Passing,
GX010042_L.MP4,31574,17.5587,YA_COW_Transect 2,2.2189,,3.726,2.066,2417.35,12.625,,,-372.873,-375.715,-2358.683,YA_COW,Peter,Caesionidae,Pterocaesio,trilineata,37346051,1,AD,Passing,
GX010042_L.MP4,31574,17.5587,YA_COW_Transect 2,2.2189,,3.106,0.553,2183.259,10.942,,,-111.42,-400.403,-2143.335,YA_COW,Peter,Caesionidae,Pterocaesio,trilineata,37346051,1,AD,Passing,
GX010042_L.MP4,31657,17.6048,YA_COW_Transect 2,2.265,131.399,2.762,5.325,1681.51,20.901,29.481,16.408,511.913,-312.733,-1570.866,YA_COW,Peter,Caesionidae,Pterocaesio,tile,37346063,1,AD,Passing,
GX010042_L.MP4,31657,17.6048,YA_COW_Transect 2,2.265,95.401,2.747,16.913,1855.329,23.284,13.349,4.539,666.26,-306.528,-1704.225,YA_COW,Peter,Caesionidae,Pterocaesio,tile,37346063,1,AD,Passing,
GX010042_L.MP4,31657,17.6048,YA_COW_Transect 2,2.265,,2.548,1.562,1960.108,17.821,,,490.843,-345.98,-1865.849,YA_COW,Peter,Caesionidae,Pterocaesio,trilineata,37346051,1,AD,Passing,
GX010042_L.MP4,31657,17.6048,YA_COW_Transect 2,2.265,,2.406,1.682,1908.338,18.692,,,543.32,-281.832,-1807.52,YA_COW,Peter,Caesionidae,Pterocaesio,trilineata,37346051,1,AD,Passing,
GX010042_L.MP4,31657,17.6048,YA_COW_Transect 2,2.265,,1.986,0.001,1706.745,17.231,,,453.372,-224.714,-1630.01,YA_COW,Peter,Caesionidae,Pterocaesio,trilineata,37346051,1,AD,Passing,
GX010042_L.MP4,31657,17.6048,YA_COW_Transect 2,2.265,,2.607,1.45,1986.059,19.005,,,471.77,-443.52,-1877.539,YA_COW,Peter,Caesionidae,Pterocaesio,trilineata,37346051,1,AD,Passing,
GX010042_L.MP4,31657,17.6048,YA_COW_Transect 2,2.265,,2.2,0.435,1811.328,18.609,,,264.301,-515.034,-1716.331,YA_COW,Peter,Caesionidae,Pterocaesio,trilineata,37346051,1,AD,Passing,
GX010042_L.MP4,31657,17.6048,YA_COW_Transect 2,2.265,,3.312,9.514,2262.111,16.121,,,111.25,-619.471,-2172.792,YA_COW,Peter,Caesionidae,Pterocaesio,trilineata,37346051,1,AD,Passing,
GX010042_L.MP4,31657,17.6048,YA_COW_Transect 2,2.265,,2.42,2.158,1905.54,12.86,,,-36.818,-423.587,-1857.498,YA_COW,Peter,Caesionidae,Pterocaesio,trilineata,37346051,1,AD,Passing,
GX010042_L.MP4,31657,17.6048,YA_COW_Transect 2,2.265,,3.797,0.119,2439.216,15.377,,,-113.953,-638.046,-2351.529,YA_COW,Peter,Caesionidae,Pterocaesio,trilineata,37346051,1,AD,Passing,
GX010042_L.MP4,31657,17.6048,YA_COW_Transect 2,2.265,,2.083,0.014,1775.124,19.179,,,45.817,-582.344,-1676.258,YA_COW,Peter,Caesionidae,Pterocaesio,trilineata,37346051,1,AD,Passing,
GX010042_L.MP4,31657,17.6048,YA_COW_Transect 2,2.265,,3.53,2.62,2348.768,16.686,,,-288.743,-610.761,-2249.513,YA_COW,Peter,Caesionidae,Pterocaesio,trilineata,37346051,1,AD,Passing,
GX010042_L.MP4,31657,17.6048,YA_COW_Transect 2,2.265,,3.122,0.176,2192.549,14.605,,,-183.325,-522.829,-2121.394,YA_COW,Peter,Caesionidae,Pterocaesio,trilineata,37346051,1,AD,Passing,
GX010042_L.MP4,31657,17.6048,YA_COW_Transect 2,2.265,,3.881,4.113,2481.663,17.759,,,-467.772,-596.499,-2363.055,YA_COW,Peter,Caesionidae,Pterocaesio,trilineata,37346051,1,AD,Passing,
GX010042_L.MP4,31657,17.6048,YA_COW_Transect 2,2.265,,3.824,2.891,2456.809,16.497,,,-436.626,-545.514,-2355.352,YA_COW,Peter,Caesionidae,Pterocaesio,trilineata,37346051,1,AD,Passing,
GX010042_L.MP4,31657,17.6048,YA_COW_Transect 2,2.265,,3.158,2.505,2204.003,12.771,,,-213.467,-439.222,-2149.219,YA_COW,Peter,Caesionidae,Pterocaesio,trilineata,37346051,1,AD,Passing,
GX010042_L.MP4,31657,17.6048,YA_COW_Transect 2,2.265,,3.919,2.646,2481.971,14.238,,,-367.381,-488.901,-2405.45,YA_COW,Peter,Caesionidae,Pterocaesio,trilineata,37346051,1,AD,Passing,
GX010042_L.MP4,31657,17.6048,YA_COW_Transect 2,2.265,,5.98,4.257,3108.863,11.306,,,-225.346,-568.07,-3048.204,YA_COW,Peter,Caesionidae,Pterocaesio,trilineata,37346051,1,AD,Passing,
GX010042_L.MP4,31657,17.6048,YA_COW_Transect 2,2.265,,4.181,0.257,2570.743,13.376,,,-383.752,-455.801,-2500.74,YA_COW,Peter,Caesionidae,Pterocaesio,trilineata,37346051,1,AD,Passing,
GX010042_L.MP4,31657,17.6048,YA_COW_Transect 2,2.265,,4.745,4.002,2760.644,13.862,,,-498.622,-436.151,-2679.982,YA_COW,Peter,Caesionidae,Pterocaesio,trilineata,37346051,1,AD,Passing,
GX010042_L.MP4,31657,17.6048,YA_COW_Transect 2,2.265,,4.039,0.252,2520.289,11.22,,,-263.829,-414.828,-2471.876,YA_COW,Peter,Caesionidae,Pterocaesio,trilineata,37346051,1,AD,Passing,
GX010042_L.MP4,31657,17.6048,YA_COW_Transect 2,2.265,,3.861,1.802,2459.663,8.835,,,-43.098,-376.746,-2430.257,YA_COW,Peter,Caesionidae,Pterocaesio,trilineata,37346051,1,AD,Passing,
GX010042_L.MP4,31657,17.6048,YA_COW_Transect 2,2.265,,5.086,0.722,2856.843,11.002,,,-344.111,-424.546,-2804.086,YA_COW,Peter,Caesionidae,Pterocaesio,trilineata,37346051,1,AD,Passing,
GX010042_L.MP4,31826,17.6988,YA_COW_Transect 2,2.359,106.815,3.646,2.613,1571.309,8.286,52.284,15.75,46.61,-221.606,-1554.905,YA_COW,Peter,Caesionidae,Gymnocaesio,gymnoptera,temp_code_017,1,AD,Passing,
GX010042_L.MP4,31826,17.6988,YA_COW_Transect 2,2.359,116.313,2.71,0.435,1414.552,17.939,56.558,23.965,254.019,-353.989,-1345.78,YA_COW,Peter,Caesionidae,Gymnocaesio,gymnoptera,temp_code_017,1,AD,Passing,
GX010042_L.MP4,31826,17.6988,YA_COW_Transect 2,2.359,83.858,2.598,1.311,1436.751,16.894,83.502,46.677,289.55,-300.824,-1374.744,YA_COW,Peter,Caesionidae,Gymnocaesio,gymnoptera,temp_code_017,1,AD,Passing,
GX010042_L.MP4,31826,17.6988,YA_COW_Transect 2,2.359,,1.463,0.246,1450.091,16.215,,,70.563,-399.555,-1392.172,YA_COW,Peter,Caesionidae,Gymnocaesio,gymnoptera,temp_code_017,1,AD,Passing,
GX010042_L.MP4,31826,17.6988,YA_COW_Transect 2,2.359,,2.139,1.439,1777.547,16.077,,,209.439,-446.491,-1707.763,YA_COW,Peter,Caesionidae,Gymnocaesio,gymnoptera,temp_code_017,1,AD,Passing,
GX010042_L.MP4,31826,17.6988,YA_COW_Transect 2,2.359,,0.834,1.548,1069.762,18.936,,,38.47,-345.604,-1011.666,YA_COW,Peter,Caesionidae,Gymnocaesio,gymnoptera,temp_code_017,1,AD,Passing,
GX010042_L.MP4,31826,17.6988,YA_COW_Transect 2,2.359,,1.204,0.226,1292.92,16.497,,,189.318,-315.302,-1239.511,YA_COW,Peter,Caesionidae,Gymnocaesio,gymnoptera,temp_code_017,1,AD,Passing,
GX010042_L.MP4,31826,17.6988,YA_COW_Transect 2,2.359,,1.441,0.22,1424.971,18.127,,,345.874,-278.162,-1354.082,YA_COW,Peter,Caesionidae,Gymnocaesio,gymnoptera,temp_code_017,1,AD,Passing,
GX010042_L.MP4,31826,17.6988,YA_COW_Transect 2,2.359,,1.847,0.446,1631.025,14.406,,,278.567,-296.002,-1579.565,YA_COW,Peter,Caesionidae,Gymnocaesio,gymnoptera,temp_code_017,1,AD,Passing,
GX010042_L.MP4,31826,17.6988,YA_COW_Transect 2,2.359,,1.52,0.108,1465.17,16.004,,,286.459,-285.623,-1408.221,YA_COW,Peter,Caesionidae,Gymnocaesio,gymnoptera,temp_code_017,1,AD,Passing,
GX010042_L.MP4,31826,17.6988,YA_COW_Transect 2,2.359,,1.307,0.334,1342.029,16.024,,,323.082,-182.026,-1289.777,YA_COW,Peter,Caesionidae,Gymnocaesio,gymnoptera,temp_code_017,1,AD,Passing,
GX010042_L.MP4,31826,17.6988,YA_COW_Transect 2,2.359,,2.208,0.089,1799.51,13.217,,,348.86,-219.123,-1751.719,YA_COW,Peter,Caesionidae,Gymnocaesio,gymnoptera,temp_code_017,1,AD,Passing,
GX010042_L.MP4,31826,17.6988,YA_COW_Transect 2,2.359,,1.734,0.827,1578.419,11.226,,,118.814,-284.299,-1548.052,YA_COW,Peter,Caesionidae,Gymnocaesio,gymnoptera,temp_code_017,1,AD,Passing,
GX010042_L.MP4,31826,17.6988,YA_COW_Transect 2,2.359,,1.746,0.306,1585.532,8.28,,,51.5,-223.357,-1568.875,YA_COW,Peter,Caesionidae,Gymnocaesio,gymnoptera,temp_code_017,1,AD,Passing,
GX010042_L.MP4,31826,17.6988,YA_COW_Transect 2,2.359,,2.548,1.003,1957.403,8.484,,,4.505,-289.89,-1935.812,YA_COW,Peter,Caesionidae,Gymnocaesio,gymnoptera,temp_code_017,1,AD,Passing,
GX010042_L.MP4,31826,17.6988,YA_COW_Transect 2,2.359,,4.274,3.515,2632.168,19.204,,,-614.321,-611.564,-2485.338,YA_COW,Peter,Caesionidae,Gymnocaesio,gymnoptera,temp_code_017,1,AD,Passing,
GX010042_L.MP4,31826,17.6988,YA_COW_Transect 2,2.359,,3.777,2.583,2554.377,26.443,,,-876.201,-726.682,-2286.711,YA_COW,Peter,Caesionidae,Gymnocaesio,gymnoptera,temp_code_017,1,AD,Passing,
GX010042_L.MP4,31826,17.6988,YA_COW_Transect 2,2.359,,3.245,0.513,2365.269,27.472,,,-838.04,-700.009,-2098.136,YA_COW,Peter,Caesionidae,Gymnocaesio,gymnoptera,temp_code_017,1,AD,Passing,
GX010042_L.MP4,31826,17.6988,YA_COW_Transect 2,2.359,,3.61,0.934,2499.505,26.266,,,-889.033,-659.46,-2241.04,YA_COW,Peter,Caesionidae,Gymnocaesio,gymnoptera,temp_code_017,1,AD,Passing,
GX010042_L.MP4,31826,17.6988,YA_COW_Transect 2,2.359,,2.867,16.558,2186.003,25.69,,,-715.308,-622.71,-1969.563,YA_COW,Peter,Caesionidae,Gymnocaesio,gymnoptera,temp_code_017,1,AD,Passing,
GX010042_L.MP4,31826,17.6988,YA_COW_Transect 2,2.359,,2.195,2.706,1859.647,22.121,,,-584.376,-386.889,-1722.53,YA_COW,Peter,Caesionidae,Gymnocaesio,gymnoptera,temp_code_017,1,AD,Passing,
GX010042_L.MP4,31826,17.6988,YA_COW_Transect 2,2.359,111.035,2.452,5.168,2044.413,16.042,4.127,20.541,-494.175,-273.779,-1964.805,YA_COW,Peter,Caesionidae,Pterocaesio,tile,37346063,1,AD,Passing,
GX010042_L.MP4,31826,17.6988,YA_COW_Transect 2,2.359,114.938,2.192,3.932,2049.805,11.198,8.181,10.649,-245.916,-313.027,-2010.781,YA_COW,Peter,Caesionidae,Pterocaesio,tile,37346063,1,AD,Passing,
GX010042_L.MP4,31826,17.6988,YA_COW_Transect 2,2.359,104.779,3.236,5.312,2105.557,7.934,18.894,7.708,-157.237,-244.437,-2085.401,YA_COW,Peter,Caesionidae,Pterocaesio,tile,37346063,1,AD,Passing,
GX010042_L.MP4,31826,17.6988,YA_COW_Transect 2,2.359,98.962,2.118,6.238,2317.007,7.318,2.38,0.984,-189.347,-226.379,-2298.134,YA_COW,Peter,Caesionidae,Pterocaesio,tile,37346063,1,AD,Passing,
GX010042_L.MP4,31826,17.6988,YA_COW_Transect 2,2.359,142.6,6.591,4.788,2001.554,16.835,71.7,4.977,569.76,-106.861,-1915.769,YA_COW,Peter,Caesionidae,Pterocaesio,tile,37346063,1,AD,Passing,
GX010042_L.MP4,31826,17.6988,YA_COW_Transect 2,2.359,105.768,3.742,4.4,1787.253,8.887,50.538,41.65,194.173,-196.294,-1765.797,YA_COW,Peter,Caesionidae,Pterocaesio,tile,37346063,1,AD,Passing,
GX010042_L.MP4,31826,17.6988,YA_COW_Transect 2,2.359,105.788,2.834,4.215,1608.622,5.592,38.224,32.654,135.787,-78.337,-1600.965,YA_COW,Peter,Caesionidae,Pterocaesio,tile,37346063,1,AD,Passing,
GX010042_L.MP4,31826,17.6988,YA_COW_Transect 2,2.359,,5.382,2.979,3049.298,21.811,,,-979.891,-570.37,-2830.673,YA_COW,Peter,Caesionidae,Pterocaesio,tile,37346063,1,AD,Passing,
GX010042_L.MP4,31826,17.6988,YA_COW_Transect 2,2.359,,4.911,1.138,2835.892,10.764,,,-529.519,8.971,-2786.003,YA_COW,Peter,Caesionidae,Pterocaesio,tile,37346063,1,AD,Passing,
GX010042_L.MP4,31826,17.6988,YA_COW_Transect 2,2.359,,6.402,8.278,3271.158,11.844,,,-642.688,-196.161,-3201.398,YA_COW,Peter,Caesionidae,Pterocaesio,tile,37346063,1,AD,Passing,
GX010042_L.MP4,31826,17.6988,YA_COW_Transect 2,2.359,,6.144,3.35,3242.027,16.011,,,-871.353,-202.654,-3116.154,YA_COW,Peter,Caesionidae,Pterocaesio,tile,37346063,1,AD,Passing,
GX010042_L.MP4,31826,17.6988,YA_COW_Transect 2,2.359,,5.039,3.817,2977.695,20.288,,,-1012.924,-201.751,-2792.838,YA_COW,Peter,Caesionidae,Pterocaesio,tile,37346063,1,AD,Passing,
GX010042_L.MP4,31826,17.6988,YA_COW_Transect 2,2.359,,5.212,1.328,3032.32,20.474,,,-1033.8,-238.812,-2840.632,YA_COW,Peter,Caesionidae,Pterocaesio,tile,37346063,1,AD,Passing,
GX010042_L.MP4,31826,17.6988,YA_COW_Transect 2,2.359,,4.746,7.119,2868.166,20.755,,,-957.688,-342.068,-2681.828,YA_COW,Peter,Caesionidae,Pterocaesio,tile,37346063,1,AD,Passing,
GX010042_L.MP4,31826,17.6988,YA_COW_Transect 2,2.359,,4.881,0.54,2869.943,18.336,,,-834.069,-347.224,-2724.03,YA_COW,Peter,Caesionidae,Pterocaesio,tile,37346063,1,AD,Passing,
GX010042_L.MP4,31826,17.6988,YA_COW_Transect 2,2.359,,2.357,4.706,1889.824,15.796,,,-411.039,-310.394,-1818.279,YA_COW,Peter,Caesionidae,Pterocaesio,tile,37346063,1,AD,Passing,
GX010042_L.MP4,31826,17.6988,YA_COW_Transect 2,2.359,,2.061,2.622,1752.38,16.267,,,-355.855,-339.088,-1682.029,YA_COW,Peter,Caesionidae,Pterocaesio,tile,37346063,1,AD,Passing,
GX010042_L.MP4,31826,17.6988,YA_COW_Transect 2,2.359,,1.864,2.794,1648.808,13.474,,,-223.761,-313.234,-1603.241,YA_COW,Peter,Caesionidae,Pterocaesio,tile,37346063,1,AD,Passing,
GX010042_L.MP4,31826,17.6988,YA_COW_Transect 2,2.359,,1.819,0.16,1623.589,11.574,,,-207.939,-251.678,-1590.427,YA_COW,Peter,Caesionidae,Pterocaesio,tile,37346063,1,AD,Passing,
GX010042_L.MP4,31826,17.6988,YA_COW_Transect 2,2.359,,1.951,1.004,1690.812,11.658,,,-93.895,-329.475,-1655.74,YA_COW,Peter,Caesionidae,Pterocaesio,tile,37346063,1,AD,Passing,
GX010042_L.MP4,31826,17.6988,YA_COW_Transect 2,2.359,,1.36,0.885,1386.885,15.68,,,-182.779,-328.033,-1335.079,YA_COW,Peter,Caesionidae,Pterocaesio,tile,37346063,1,AD,Passing,
GX010042_L.MP4,31826,17.6988,YA_COW_Transect 2,2.359,,3.892,3.557,2553.744,23.145,,,-780.498,-632.561,-2347.829,YA_COW,Peter,Caesionidae,Pterocaesio,tile,37346063,1,AD,Passing,
GX010042_L.MP4,31826,17.6988,YA_COW_Transect 2,2.359,,1.963,0.236,1735.241,22.567,,,-400.554,-532.923,-1602.065,YA_COW,Peter,Caesionidae,Pterocaesio,tile,37346063,1,AD,Passing,
GX010042_L.MP4,31826,17.6988,YA_COW_Transect 2,2.359,,1.952,0.889,1717.178,19.645,,,-450.286,-362.241,-1617.011,YA_COW,Peter,Caesionidae,Pterocaesio,tile,37346063,1,AD,Passing,
GX010042_L.MP4,31826,17.6988,YA_COW_Transect 2,2.359,,5.804,1.812,3086.695,7.492,,,-334.434,-225.685,-3060.213,YA_COW,Peter,Caesionidae,Pterocaesio,tile,37346063,1,AD,Passing,
GX010042_L.MP4,31826,17.6988,YA_COW_Transect 2,2.359,,11.468,1.352,4432.876,6.573,,,-207.726,-465.561,-4403.464,YA_COW,Peter,Caesionidae,Pterocaesio,tile,37346063,1,AD,Passing,
GX010042_L.MP4,31826,17.6988,YA_COW_Transect 2,2.359,,1.881,0.136,1677.01,19.381,,,-234.26,-505.724,-1581.686,YA_COW,Peter,Caesionidae,Pterocaesio,tile,37346063,1,AD,Passing,
GX010042_L.MP4,31826,17.6988,YA_COW_Transect 2,2.359,,1.867,1.47,1666.341,17.526,,,-45.063,-500.703,-1588.697,YA_COW,Peter,Caesionidae,Pterocaesio,tile,37346063,1,AD,Passing,
GX010042_L.MP4,31826,17.6988,YA_COW_Transect 2,2.359,,2.308,3.001,1877.988,19.237,,,19.612,-619.474,-1772.768,YA_COW,Peter,Caesionidae,Pterocaesio,tile,37346063,1,AD,Passing,
GX010042_L.MP4,31826,17.6988,YA_COW_Transect 2,2.359,,1.809,3.014,1631.056,15.881,,,3.147,-447.241,-1568.537,YA_COW,Peter,Caesionidae,Pterocaesio,tile,37346063,1,AD,Passing,
GX010042_L.MP4,31826,17.6988,YA_COW_Transect 2,2.359,,1.494,0.761,1464.291,15.471,,,-124.884,-370.921,-1411.018,YA_COW,Peter,Caesionidae,Pterocaesio,tile,37346063,1,AD,Passing,
GX010042_L.MP4,31826,17.6988,YA_COW_Transect 2,2.359,,1.927,1.573,1679.769,12.981,,,53.626,-374.46,-1636.62,YA_COW,Peter,Caesionidae,Pterocaesio,tile,37346063,1,AD,Passing,
GX010042_L.MP4,31826,17.6988,YA_COW_Transect 2,2.359,109.549,2.308,4.539,1961.446,6.102,14.054,23.436,-99.618,-183.177,-1950.331,YA_COW,Peter,Caesionidae,Pterocaesio,trilineata,37346051,1,AD,Passing,
GX010042_L.MP4,31826,17.6988,YA_COW_Transect 2,2.359,120.807,3.261,3.926,1688.668,10.939,48.868,40.827,319.467,-24.961,-1657.986,YA_COW,Peter,Caesionidae,Pterocaesio,trilineata,37346051,1,AD,Passing,
GX010042_L.MP4,31826,17.6988,YA_COW_Transect 2,2.359,103.037,3.008,8.775,1506.587,10.075,69.033,43.196,261.555,-32.373,-1483.356,YA_COW,Peter,Caesionidae,Pterocaesio,trilineata,37346051,1,AD,Passing,
GX010042_L.MP4,31826,17.6988,YA_COW_Transect 2,2.359,84.48,2.459,6.681,1612.979,14.037,46.526,51.118,379.976,-93.101,-1564.817,YA_COW,Peter,Caesionidae,Pterocaesio,trilineata,37346051,1,AD,Passing,
GX010042_L.MP4,31826,17.6988,YA_COW_Transect 2,2.359,110.937,2.167,2.493,1252.232,20.657,63.122,22.881,283.558,-338.733,-1171.726,YA_COW,Peter,Caesionidae,Pterocaesio,trilineata,37346051,1,AD,Passing,
GX010042_L.MP4,31852,17.7133,YA_COW_Transect 2,2.3735,,2.078,7.174,1792.776,24.938,,,573.082,-493.884,-1625.331,YA_COW,Peter,Pomacentridae,Dascyllus,aruanus,37372073,1,AD,Passing,
GX010042_L.MP4,31852,17.7133,YA_COW_Transect 2,2.3735,137.469,2.515,3.239,1561.183,19.46,34.601,2.327,183.676,-486.59,-1472.001,YA_COW,Peter,Nemipteridae,Scolopsis,bilineata,37347031,1,AD,Passing,
GX010042_L.MP4,31852,17.7133,YA_COW_Transect 2,2.3735,,1.716,2.309,1583.402,18.358,,,192.316,-460.996,-1502.55,YA_COW,Peter,Pomacanthidae,Centropyge,heraldi,37385027,1,AD,Passing,
GX010042_L.MP4,31852,17.7133,YA_COW_Transect 2,2.3735,,2.586,0.405,1973.948,13.333,,,62.933,-451.971,-1920.477,YA_COW,Peter,Pomacentridae,Pomacentrus,moluccensis,37372118,1,AD,Passing,
GX010042_L.MP4,31852,17.7133,YA_COW_Transect 2,2.3735,,2.591,1.19,1979.639,14.189,,,1.141,-486.374,-1918.96,YA_COW,Peter,Pomacentridae,Pomacentrus,moluccensis,37372118,1,AD,Passing,
GX010042_L.MP4,31852,17.7133,YA_COW_Transect 2,2.3735,72.121,6.996,1.859,2165.92,12.558,59.346,21.408,-304.261,-359.447,-2114.103,YA_COW,Peter,Pomacentridae,Amblyglyphidodon,orbicularis,temp_code_001,1,AD,Passing,
GX010042_L.MP4,31861,17.7183,YA_COW_Transect 2,2.3785,241.661,5.873,3.14,3252.866,22.181,1.609,30.859,-1217.058,-164.179,-3012.134,YA_COW,Peter,Scaridae,Scarus,schlegeli,37386029,1,AD,Passing,
GX010042_L.MP4,31898,17.7388,YA_COW_Transect 2,2.3991,,3.501,3.709,2333.79,16.612,,,589.182,311.775,-2236.568,YA_COW,Peter,Pomacentridae,Amblyglyphidodon,orbicularis,temp_code_001,1,AD,Passing,
GX010042_L.MP4,31939,17.7616,YA_COW_Transect 2,2.4219,120.722,3.416,7.016,1819.601,24.013,33.989,5.721,655.908,-343.653,-1662.118,YA_COW,Peter,Holocentridae,Myripristis,violacea,37261014,1,AD,Passing,
GX010042_L.MP4,31942,17.7633,YA_COW_Transect 2,2.4235,54.552,2.684,1.657,1716.714,19.108,26.867,9.407,354.426,-436.116,-1622.126,YA_COW,Peter,Pomacentridae,Pomacentrus,maafu,temp_code_005,1,AD,Passing,
GX010042_L.MP4,31942,17.7633,YA_COW_Transect 2,2.4235,101.348,4.814,2.387,1891.748,19.695,57.269,20.011,635.134,-55.48,-1781.078,YA_COW,Peter,Pomacentridae,Amblyglyphidodon,orbicularis,temp_code_001,1,AD,Passing,
GX010042_L.MP4,31956,17.7711,YA_COW_Transect 2,2.4313,110.45,1.005,1.331,1174.713,14.241,11.842,16.392,116.288,-264.541,-1138.616,YA_COW,Peter,Lutjanidae,Lutjanus,bohar,37346029,1,AD,Passing,
GX010042_L.MP4,31958,17.7722,YA_COW_Transect 2,2.4324,45.948,2.547,8.241,1617.309,25.46,37.362,29.677,611.98,-329.942,-1460.243,YA_COW,Peter,Pomacentridae,Pomacentrus,moluccensis,37372118,1,AD,Passing,
GX010042_L.MP4,32045,17.8206,YA_COW_Transect 2,2.4808,,2.825,5.703,2098.742,20.127,,,-336.063,-640.377,-1970.202,YA_COW,Peter,Pomacentridae,Pomacentrus,moluccensis,37372118,1,AD,Passing,
GX010042_L.MP4,32045,17.8206,YA_COW_Transect 2,2.4808,52.521,2.221,10.779,1813.309,19.84,15.398,60.396,-200.025,-582.028,-1705.673,YA_COW,Peter,Pomacentridae,Amblyglyphidodon,orbicularis,temp_code_001,1,AD,Passing,
GX010042_L.MP4,32045,17.8206,YA_COW_Transect 2,2.4808,104.909,4.725,2.613,2279.608,25.891,26.312,5.615,984.999,-143.645,-2050.794,YA_COW,Peter,Holocentridae,Myripristis,violacea,37261014,1,AD,Passing,
GX010042_L.MP4,32049,17.8228,YA_COW_Transect 2,2.483,109.864,2.95,3.876,2001.975,18.277,15.807,10.727,499.685,-380.115,-1900.982,YA_COW,Peter,Holocentridae,Neoniphon,sammara,37261019,1,AD,Passing,
GX010042_L.MP4,32049,17.8228,YA_COW_Transect 2,2.483,122.558,3.227,5.223,1739.767,20.016,36.854,9.448,283.78,-523.536,-1634.677,YA_COW,Peter,Holocentridae,Myripristis,violacea,37261014,1,AD,Passing,
GX010042_L.MP4,32113,17.8584,YA_COW_Transect 2,2.5186,37.348,1.675,6.534,1489.523,23.3,1.775,28.684,526.026,-265.357,-1368.05,YA_COW,Peter,Pomacentridae,Pomacentrus,moluccensis,37372118,1,AD,Passing,
GX010042_L.MP4,32118,17.8612,YA_COW_Transect 2,2.5214,40.971,2.038,4.5,1705.713,18.344,19.85,10.116,46.815,-534.783,-1619.035,YA_COW,Peter,Pomacentridae,Pomacentrus,moluccensis,37372118,1,AD,Passing,
GX010042_L.MP4,41188,22.9051,YA_COW_Transect 3,0.1907,41.172,3.813,0.891,2541.597,15.871,13.009,8.608,431.536,-544.841,-2444.717,YA_COW,Peter,Pomacentridae,Dascyllus,aruanus,37372073,1,AD,Passing,
GX010042_L.MP4,41188,22.9051,YA_COW_Transect 3,0.1907,,4.875,3.366,2773.542,12.957,,,176.773,-597.829,-2702.57,YA_COW,Peter,Pomacentridae,Dascyllus,aruanus,37372073,1,AD,Passing,
GX010042_L.MP4,41188,22.9051,YA_COW_Transect 3,0.1907,,4.883,2.323,2780.112,13.659,,,118.349,-647.339,-2701.105,YA_COW,Peter,Pomacentridae,Dascyllus,aruanus,37372073,1,AD,Passing,
GX010042_L.MP4,41188,22.9051,YA_COW_Transect 3,0.1907,,4.928,0.035,2797.764,12.274,,,42.135,-594.869,-2733.466,YA_COW,Peter,Pomacentridae,Dascyllus,aruanus,37372073,1,AD,Passing,
GX010042_L.MP4,41188,22.9051,YA_COW_Transect 3,0.1907,,7.345,0.164,3466.976,9.974,,,82.134,-596.846,-3414.228,YA_COW,Peter,Pomacentridae,Dascyllus,aruanus,37372073,1,AD,Passing,
GX010042_L.MP4,41188,22.9051,YA_COW_Transect 3,0.1907,,4.651,3.654,2819.684,20.863,,,-903.417,-440.002,-2634.549,YA_COW,Peter,Pomacentridae,Dascyllus,aruanus,37372073,1,AD,Passing,
GX010042_L.MP4,41188,22.9051,YA_COW_Transect 3,0.1907,,4.031,15.404,2686.914,25.618,,,-1058.202,-480.794,-2422.509,YA_COW,Peter,Pomacentridae,Dascyllus,aruanus,37372073,1,AD,Passing,
GX010042_L.MP4,41188,22.9051,YA_COW_Transect 3,0.1907,,5.732,3.491,3030.123,11.127,,,136.548,-570.34,-2972.83,YA_COW,Peter,Pomacentridae,Dascyllus,aruanus,37372073,1,AD,Passing,
GX010042_L.MP4,41201,22.9123,YA_COW_Transect 3,0.198,,4.404,1.44,2672.222,19.773,,,-592.778,-683.96,-2514.276,YA_COW,Peter,Pomacentridae,Pomacentrus,sp,,1,AD,Passing,
GX010042_L.MP4,41218,22.9218,YA_COW_Transect 3,0.2074,,5.977,2.052,3112.355,17.246,,,-199.418,-902.674,-2971.896,YA_COW,Peter,Pomacentridae,Dascyllus,aruanus,37372073,1,AD,Passing,
GX010042_L.MP4,41218,22.9218,YA_COW_Transect 3,0.2074,,5.974,3.711,3110.066,16.675,,,-135.681,-883.763,-2978.769,YA_COW,Peter,Pomacentridae,Dascyllus,aruanus,37372073,1,AD,Passing,
GX010042_L.MP4,41218,22.9218,YA_COW_Transect 3,0.2074,43.368,3.082,2.751,2230.082,21.028,16.647,25.327,-328.038,-729.877,-2081.57,YA_COW,Peter,Pomacentridae,Pomacentrus,callainus,temp_code_004,1,AD,Passing,
GX010042_L.MP4,41268,22.9496,YA_COW_Transect 3,0.2352,87.635,7.784,15.575,3767.673,24.328,8.9,7.603,-1128.81,-1065.305,-3433.115,YA_COW,Peter,Scaridae,Chlorurus,spilurus,temp_code_002,1,AD,Passing,
GX010042_L.MP4,41268,22.9496,YA_COW_Transect 3,0.2352,,7.081,8.628,3480.474,23.592,,,-920.446,-1047.415,-3188.949,YA_COW,Peter,Scaridae,Chlorurus,spilurus,temp_code_002,1,AD,Passing,
GX010042_L.MP4,41461,23.0569,YA_COW_Transect 3,0.3426,,9.471,5.484,3972.546,10.125,,,-128.439,-688.722,-3910.28,YA_COW,Peter,Acanthuridae,Zebrasoma,scopas,37437036,1,AD,Passing,
GX010042_L.MP4,41547,23.1047,YA_COW_Transect 3,0.3904,141.737,4.785,5.254,2220.027,12.08,29.425,19.712,420.604,-197.346,-2170.868,YA_COW,Peter,Balistidae,Balistapus,undulatus,37465047,1,AD,Passing,
GX010042_L.MP4,41577,23.1214,YA_COW_Transect 3,0.4071,,28.221,7.676,7145.528,26.122,,,-2183.731,2261.042,-6416.976,YA_COW,Peter,Balistidae,Balistapus,undulatus,37465047,1,AD,Passing,
GX010042_L.MP4,41652,23.1631,YA_COW_Transect 3,0.4488,,1.812,3.827,1637.194,17.398,,,-417.919,-255.854,-1562.142,YA_COW,Peter,Pomacentridae,Dascyllus,aruanus,37372073,1,AD,Passing,
GX010042_L.MP4,41652,23.1631,YA_COW_Transect 3,0.4488,70.75,2.03,5.706,1583.187,18.038,21.213,17.455,-312.574,-377.668,-1505.373,YA_COW,Peter,Monacanthidae,Oxymonacanthus,longirostris,37465062,1,AD,Passing,
GX010042_L.MP4,41662,23.1687,YA_COW_Transect 3,0.4543,,1.807,2.788,1630.869,16.694,,,-161.117,-440.812,-1561.877,YA_COW,Peter,Pomacentridae,Dascyllus,aruanus,37372073,1,AD,Passing,
GX010042_L.MP4,41683,23.1804,YA_COW_Transect 3,0.466,194.852,6.249,3.377,2095.002,23.664,79.159,1.177,-840.168,34.461,-1918.845,YA_COW,Peter,Nemipteridae,Scolopsis,bilineata,37347031,1,AD,Passing,
GX010042_L.MP4,41719,23.2004,YA_COW_Transect 3,0.486,,3.129,2.851,2227.762,18.973,,,707.267,-157.391,-2106.639,YA_COW,Peter,Pomacentridae,Dascyllus,aruanus,37372073,1,AD,Passing,
GX010042_L.MP4,41732,23.2076,YA_COW_Transect 3,0.4933,97.759,8.471,9.767,2634.742,28.323,76.525,17.331,1224.645,250.689,-2319.324,YA_COW,Peter,Pomacentridae,Amblyglyphidodon,orbicularis,temp_code_001,1,AD,Passing,
GX010042_L.MP4,41794,23.2421,YA_COW_Transect 3,0.5277,,4.341,4.29,2853.683,28.502,,,1350.525,-175.76,-2507.727,YA_COW,Peter,Acanthuridae,Zebrasoma,scopas,37437036,1,AD,Passing,
GX010042_L.MP4,41868,23.2833,YA_COW_Transect 3,0.5689,47.248,1.556,1.129,1540.058,18.239,14.764,32.06,-35.923,-480.66,-1462.687,YA_COW,Peter,Pomacentridae,Pomacentrus,moluccensis,37372118,1,AD,Passing,
GX010042_L.MP4,41877,23.2883,YA_COW_Transect 3,0.5739,,3.03,8.098,2198.894,24.777,,,658.104,-646.219,-1996.105,YA_COW,Peter,Chaetodontidae,Chaetodon,sp,,1,AD,Passing,
GX010042_L.MP4,41996,23.3544,YA_COW_Transect 3,0.6401,121.467,5.971,3.954,2515.765,27.59,32.266,5.848,1161.618,-90.608,-2229.687,YA_COW,Peter,Nemipteridae,Scolopsis,bilineata,37347031,1,AD,Passing,
GX010042_L.MP4,42083,23.4028,YA_COW_Transect 3,0.6885,,2.173,6.364,1899.423,24.348,,,-761.516,-183.527,-1730.381,YA_COW,Peter,Pomacentridae,Pomacentrus,callainus,temp_code_004,1,AD,Passing,
GX010042_L.MP4,42107,23.4162,YA_COW_Transect 3,0.7018,,4.614,0.29,2809.743,18.676,,,-878.427,-196.252,-2661.674,YA_COW,Peter,Pomacentridae,Amblyglyphidodon,orbicularis,temp_code_001,1,AD,Passing,
GX010042_L.MP4,42110,23.4178,YA_COW_Transect 3,0.7035,54.615,2.753,8.022,1701.394,21.949,26.985,1.304,-578.229,-264.741,-1578.07,YA_COW,Peter,Pomacentridae,Pomacentrus,callainus,temp_code_004,1,AD,Passing,
GX010042_L.MP4,42153,23.4418,YA_COW_Transect 3,0.7274,87.829,3.36,3.403,2419.295,11.272,14.964,18.618,25.075,-472.21,-2372.631,YA_COW,Peter,Scaridae,Chlorurus,spilurus,temp_code_002,1,AD,Passing,
GX010042_L.MP4,42184,23.459,YA_COW_Transect 3,0.7446,95.729,1.628,1.951,1656.022,11.599,11.565,12.006,89.962,-320.573,-1622.205,YA_COW,Peter,Scaridae,Chlorurus,spilurus,temp_code_002,1,AD,Passing,
GX010042_L.MP4,42194,23.4646,YA_COW_Transect 3,0.7502,86.819,2.193,8.632,1725.9,20.281,21.803,35.566,170.341,-573.49,-1618.896,YA_COW,Peter,Labridae,Thalassoma,sp,,1,AD,Passing,
GX010042_L.MP4,42209,23.4729,YA_COW_Transect 3,0.7585,,6.723,0.469,3699.765,29.353,,,-1773.05,-383.191,-3224.55,YA_COW,Peter,Scaridae,Chlorurus,spilurus,temp_code_002,1,AD,Passing,
GX010042_L.MP4,42216,23.4768,YA_COW_Transect 3,0.7624,,3.657,0.556,2371.731,11.555,,,309.692,-361.645,-2323.449,YA_COW,Peter,Pomacentridae,Pomacentrus,callainus,temp_code_004,1,AD,Passing,
GX010042_L.MP4,42216,23.4768,YA_COW_Transect 3,0.7624,,3.445,1.896,2296.822,12.314,,,378.895,-311.784,-2243.796,YA_COW,Peter,Pomacentridae,Pomacentrus,callainus,temp_code_004,1,AD,Passing,
GX010042_L.MP4,42216,23.4768,YA_COW_Transect 3,0.7624,,3.004,4.977,2132.425,12.217,,,371.148,-257.87,-2083.984,YA_COW,Peter,Pomacentridae,Chromis,ternatensis,37372051,1,AD,Passing,
GX010042_L.MP4,42234,23.4868,YA_COW_Transect 3,0.7724,251.947,15.456,5.112,4730.472,26.098,23.504,27.573,-1938.946,-755.501,-4248.185,YA_COW,Peter,Pomacentridae,Pomacentrus,sp,,1,AD,Passing,
GX010042_L.MP4,42240,23.4901,YA_COW_Transect 3,0.7758,,2.077,1.912,1751.857,12.209,,,-316.365,-193.786,-1712.122,YA_COW,Peter,Pomacentridae,Pomacentrus,callainus,temp_code_004,1,AD,Passing,
GX010042_L.MP4,42240,23.4901,YA_COW_Transect 3,0.7758,,3.153,4.905,2202.934,10.654,,,-230.918,-336.771,-2164.759,YA_COW,Peter,Pomacentridae,Pomacentrus,callainus,temp_code_004,1,AD,Passing,
GX010042_L.MP4,42240,23.4901,YA_COW_Transect 3,0.7758,,1.318,5.266,1368.269,19.373,,,-374.121,-257.72,-1290.649,YA_COW,Peter,Pomacentridae,Pomacentrus,callainus,temp_code_004,1,AD,Passing,
GX010042_L.MP4,42243,23.4918,YA_COW_Transect 3,0.7774,,2.644,2.859,1994.568,15.852,,,462.499,-289.062,-1918.552,YA_COW,Peter,Pomacentridae,Pomacentrus,callainus,temp_code_004,1,AD,Passing,
GX010042_L.MP4,42243,23.4918,YA_COW_Transect 3,0.7774,,2.437,2.461,1919.911,19.175,,,522.35,-354.329,-1813.191,YA_COW,Peter,Pomacentridae,Chromis,ternatensis,37372051,1,AD,Passing,
GX010042_L.MP4,42243,23.4918,YA_COW_Transect 3,0.7774,,2.861,2.139,2082.015,17.306,,,444.909,-432.044,-1987.506,YA_COW,Peter,Pomacentridae,Chromis,viridis,37372053,1,AD,Passing,
GX010042_L.MP4,42264,23.5035,YA_COW_Transect 3,0.7891,64.267,2.919,4.622,1805.328,17.793,28.757,21.372,-298.346,-464.05,-1718.969,YA_COW,Peter,Pomacentridae,Amblyglyphidodon,orbicularis,temp_code_001,1,AD,Passing,
GX010042_L.MP4,42272,23.5079,YA_COW_Transect 3,0.7936,,1.957,4.353,1718.957,19.573,,,-447.5,-363.396,-1619.414,YA_COW,Peter,Pomacentridae,Pomacentrus,callainus,temp_code_004,1,AD,Passing,
GX010042_L.MP4,42272,23.5079,YA_COW_Transect 3,0.7936,,1.671,4.095,1577.802,21.932,,,210.286,-551.382,-1463.289,YA_COW,Peter,Pomacentridae,Pomacentrus,callainus,temp_code_004,1,AD,Passing,
GX010042_L.MP4,42272,23.5079,YA_COW_Transect 3,0.7936,,1.823,8.509,1666.509,24.402,,,571.921,-384.182,-1517.42,YA_COW,Peter,Pomacentridae,Pomacentrus,callainus,temp_code_004,1,AD,Passing,
GX010042_L.MP4,42272,23.5079,YA_COW_Transect 3,0.7936,,4.226,6.291,2567.128,17.753,,,505.368,-599.206,-2444.525,YA_COW,Peter,Pomacentridae,Chromis,iomelas,37372043,1,AD,Passing,
GX010042_L.MP4,42272,23.5079,YA_COW_Transect 3,0.7936,,2.76,6.383,2062.922,18.284,,,-241.635,-601.54,-1958.42,YA_COW,Peter,Acanthuridae,Acanthurus,nigrofuscus,37437014,1,AD,Passing,
GX010042_L.MP4,42290,23.5179,YA_COW_Transect 3,0.8036,,3.637,2.145,2368.764,16.839,,,308.029,-614.477,-2266.843,YA_COW,Peter,Labridae,Hemigymnus,melapterus,37384125,1,AD,Passing,
GX010042_L.MP4,42294,23.5202,YA_COW_Transect 3,0.8058,,5.529,2.512,2963.443,19.064,,,582.778,-774.477,-2800.456,YA_COW,Peter,Acanthuridae,Zebrasoma,scopas,37437036,1,AD,Passing,
GX010042_L.MP4,42319,23.5341,YA_COW_Transect 3,0.8197,,7.342,19.948,3819.181,29.525,,,1868.256,-229.758,-3323.097,YA_COW,Peter,Zanclidae,Zanclus,cornutus,37437001,1,AD,Passing,
GX010042_L.MP4,42336,23.5435,YA_COW_Transect 3,0.8292,121.481,11.402,1.526,3358.064,29.172,77.229,35.302,1630.733,-141.241,-2932.125,YA_COW,Peter,Chaetodontidae,Chaetodon,lunula,37365042,1,AD,Passing,
GX010042_L.MP4,42336,23.5435,YA_COW_Transect 3,0.8292,,6.559,5.546,3442.05,24.918,,,1402.395,-371.059,-3121.428,YA_COW,Peter,Chaetodontidae,Chaetodon,lunula,37365042,1,AD,Passing,
GX010042_L.MP4,42336,23.5435,YA_COW_Transect 3,0.8292,,5.042,11.511,2973.363,26.805,,,1190.778,614.876,-2654.216,YA_COW,Peter,Pomacentridae,Chromis,viridis,37372053,1,AD,Passing,
GX010042_L.MP4,42336,23.5435,YA_COW_Transect 3,0.8292,,5.222,14.929,3069.218,29.072,,,1316.673,698.799,-2682.937,YA_COW,Peter,Pomacentridae,Chromis,viridis,37372053,1,AD,Passing,
GX010042_L.MP4,42336,23.5435,YA_COW_Transect 3,0.8292,,6.256,6.254,3238.296,23.471,,,1050.229,746.895,-2970.813,YA_COW,Peter,Pomacentridae,Chromis,viridis,37372053,1,AD,Passing,
GX010042_L.MP4,42336,23.5435,YA_COW_Transect 3,0.8292,,5.308,6.664,2969.058,22.26,,,965.812,574.7,-2748.132,YA_COW,Peter,Pomacentridae,Chromis,viridis,37372053,1,AD,Passing,
GX010042_L.MP4,42336,23.5435,YA_COW_Transect 3,0.8292,,5.916,5.731,3127.07,21.812,,,960.705,651.792,-2903.58,YA_COW,Peter,Pomacentridae,Chromis,viridis,37372053,1,AD,Passing,
GX010042_L.MP4,42336,23.5435,YA_COW_Transect 3,0.8292,,6.655,5.981,3311.144,21.414,,,959.684,733.406,-3082.985,YA_COW,Peter,Pomacentridae,Chromis,viridis,37372053,1,AD,Passing,
GX010042_L.MP4,42336,23.5435,YA_COW_Transect 3,0.8292,,6.463,2.461,3243.595,19.848,,,867.582,676.582,-3051.303,YA_COW,Peter,Pomacentridae,Chromis,viridis,37372053,1,AD,Passing,
GX010042_L.MP4,42336,23.5435,YA_COW_Transect 3,0.8292,,6.452,6.026,3250.077,20.23,,,911.066,656.22,-3049.973,YA_COW,Peter,Pomacentridae,Chromis,viridis,37372053,1,AD,Passing,
GX010042_L.MP4,42336,23.5435,YA_COW_Transect 3,0.8292,,6.848,6.923,3358.834,20.234,,,962.699,648.274,-3151.938,YA_COW,Peter,Pomacentridae,Chromis,viridis,37372053,1,AD,Passing,
GX010042_L.MP4,42336,23.5435,YA_COW_Transect 3,0.8292,,6.024,2.074,3113.84,18.261,,,768.301,599.735,-2957.369,YA_COW,Peter,Pomacentridae,Chromis,viridis,37372053,1,AD,Passing,
GX010042_L.MP4,42336,23.5435,YA_COW_Transect 3,0.8292,,6.706,4.091,3292.982,17.731,,,798.36,605.096,-3136.911,YA_COW,Peter,Pomacentridae,Chromis,viridis,37372053,1,AD,Passing,
GX010042_L.MP4,42336,23.5435,YA_COW_Transect 3,0.8292,,6.722,2.465,3278.715,15.353,,,626.956,598.602,-3162.052,YA_COW,Peter,Pomacentridae,Chromis,viridis,37372053,1,AD,Passing,
GX010042_L.MP4,42337,23.5441,YA_COW_Transect 3,0.8297,,4.831,1.902,3031.116,26.235,,,-1316.603,247.263,-2719.022,YA_COW,Peter,Pomacentridae,Chromis,viridis,37372053,1,AD,Passing,
GX010042_L.MP4,42337,23.5441,YA_COW_Transect 3,0.8297,,5.284,4.349,3165.611,26.062,,,-1349.936,333.037,-2843.915,YA_COW,Peter,Pomacentridae,Chromis,viridis,37372053,1,AD,Passing,
GX010042_L.MP4,42337,23.5441,YA_COW_Transect 3,0.8297,,5.353,4.206,3216.784,27.531,,,-1437.234,379.353,-2852.744,YA_COW,Peter,Pomacentridae,Chromis,viridis,37372053,1,AD,Passing,
GX010042_L.MP4,42337,23.5441,YA_COW_Transect 3,0.8297,,4.332,5.051,2892.467,28.469,,,-1342.526,312.63,-2542.882,YA_COW,Peter,Pomacentridae,Chromis,viridis,37372053,1,AD,Passing,
GX010042_L.MP4,42337,23.5441,YA_COW_Transect 3,0.8297,,6.593,1.204,3479.44,22.818,,,-1298.635,364.532,-3207.362,YA_COW,Peter,Pomacentridae,Chromis,viridis,37372053,1,AD,Passing,
GX010042_L.MP4,42337,23.5441,YA_COW_Transect 3,0.8297,,5.674,0.722,3220.492,23.473,,,-1229.756,363.32,-2954.195,YA_COW,Peter,Pomacentridae,Chromis,viridis,37372053,1,AD,Passing,
GX010042_L.MP4,42337,23.5441,YA_COW_Transect 3,0.8297,,7.42,5.513,3699.336,23.263,,,-1382.945,469.42,-3398.852,YA_COW,Peter,Pomacentridae,Chromis,viridis,37372053,1,AD,Passing,
GX010042_L.MP4,42337,23.5441,YA_COW_Transect 3,0.8297,,6.382,1.428,3493.206,26.294,,,-1480.092,449.647,-3132.034,YA_COW,Peter,Pomacentridae,Chromis,viridis,37372053,1,AD,Passing,
GX010042_L.MP4,42337,23.5441,YA_COW_Transect 3,0.8297,,6.02,3.832,3451.697,29.054,,,-1606.052,478.303,-3017.621,YA_COW,Peter,Pomacentridae,Chromis,viridis,37372053,1,AD,Passing,
GX010042_L.MP4,42337,23.5441,YA_COW_Transect 3,0.8297,,6.899,0.719,3639.703,26.93,,,-1552.42,552.414,-3245.345,YA_COW,Peter,Pomacentridae,Chromis,viridis,37372053,1,AD,Passing,
GX010042_L.MP4,42337,23.5441,YA_COW_Transect 3,0.8297,,7.366,5.427,3759.242,26.931,,,-1590.216,606.493,-3351.907,YA_COW,Peter,Pomacentridae,Chromis,viridis,37372053,1,AD,Passing,
GX010042_L.MP4,42357,23.5552,YA_COW_Transect 3,0.8408,,8.409,12.847,4098.841,31.609,,,2065.317,589.19,-3491.105,YA_COW,Peter,Pomacentridae,Amblyglyphidodon,orbicularis,temp_code_001,1,AD,Passing,
GX010042_L.MP4,42357,23.5552,YA_COW_Transect 3,0.8408,,7.26,6.194,3821.503,31,,,1937.38,345.018,-3275.883,YA_COW,Peter,Pomacentridae,Pomacentrus,philippinus,37372123,1,AD,Passing,
GX010042_L.MP4,42363,23.5585,YA_COW_Transect 3,0.8442,,4.87,0.208,2984.283,24,,,-1177.446,293.239,-2726.459,YA_COW,Peter,Pomacentridae,Chromis,viridis,37372053,1,AD,Passing,
GX010042_L.MP4,42363,23.5585,YA_COW_Transect 3,0.8442,,5.264,0.73,3031.514,20.594,,,-1009.853,340.67,-2837.996,YA_COW,Peter,Pomacentridae,Chromis,viridis,37372053,1,AD,Passing,
GX010042_L.MP4,42363,23.5585,YA_COW_Transect 3,0.8442,,5.449,0.993,3036.247,19.02,,,-877.17,456.221,-2870.754,YA_COW,Peter,Pomacentridae,Chromis,viridis,37372053,1,AD,Passing,
GX010042_L.MP4,42363,23.5585,YA_COW_Transect 3,0.8442,,5.6,7.691,3304.29,28.522,,,-1505.315,471.018,-2903.532,YA_COW,Peter,Pomacentridae,Chromis,viridis,37372053,1,AD,Passing,
GX010042_L.MP4,42414,23.5869,YA_COW_Transect 3,0.8725,,4.106,5.109,2749.489,27.127,,,-1160.635,-475.393,-2446.757,YA_COW,Peter,Acanthuridae,Naso,sp,,1,AD,Passing,
GX010042_L.MP4,42420,23.5902,YA_COW_Transect 3,0.8759,98.744,9.341,6.646,2783.683,28.155,63.608,4.35,1299.113,193.865,-2454.305,YA_COW,Peter,Pomacentridae,Chromis,viridis,37372053,1,AD,Passing,
GX010042_L.MP4,42428,23.5947,YA_COW_Transect 3,0.8803,,4.202,8.701,2593.352,16.898,,,-536.113,-531.372,-2481.069,YA_COW,Peter,Acanthuridae,Acanthurus,sp,,1,AD,Passing,
GX010042_L.MP4,42431,23.5964,YA_COW_Transect 3,0.882,,4.794,9.693,2967.426,24.129,,,-1182.786,-271.011,-2707.986,YA_COW,Peter,Scaridae,Chlorurus,spilurus,temp_code_002,1,AD,Passing,
GX010042_L.MP4,42457,23.6108,YA_COW_Transect 3,0.8965,,3.731,5.277,2587.424,26.64,,,1150.935,144.738,-2312.826,YA_COW,Peter,Chaetodontidae,Chaetodon,lunulatus,37365059,1,AD,Passing,
GX010042_L.MP4,42457,23.6108,YA_COW_Transect 3,0.8965,,4.297,8.843,2770.258,25.266,,,1176.013,121.172,-2505.322,YA_COW,Peter,Chaetodontidae,Chaetodon,lunulatus,37365059,1,AD,Passing,
GX010042_L.MP4,42457,23.6108,YA_COW_Transect 3,0.8965,,2.973,1.924,2123.497,9.795,,,165.885,319.709,-2092.727,YA_COW,Peter,Pomacentridae,Chromis,viridis,37372053,1,AD,Passing,
GX010042_L.MP4,42457,23.6108,YA_COW_Transect 3,0.8965,,2.934,4.798,2111.537,18.258,,,400.109,525.666,-2005.537,YA_COW,Peter,Pomacentridae,Chromis,viridis,37372053,1,AD,Passing,
GX010042_L.MP4,42457,23.6108,YA_COW_Transect 3,0.8965,,2.608,5.108,1994.791,20.257,,,529.922,441.866,-1871.664,YA_COW,Peter,Pomacentridae,Chromis,viridis,37372053,1,AD,Passing,
GX010042_L.MP4,42457,23.6108,YA_COW_Transect 3,0.8965,,3.137,4.463,2197.448,18.31,,,550.576,415.248,-2086.435,YA_COW,Peter,Pomacentridae,Chromis,viridis,37372053,1,AD,Passing,
GX010042_L.MP4,42497,23.6331,YA_COW_Transect 3,0.9187,55.685,3.658,0.726,1837.723,10.714,35.062,22.578,231.827,250.954,-1805.687,YA_COW,Peter,Pomacentridae,Chromis,viridis,37372053,1,AD,Passing,
GX010042_L.MP4,42497,23.6331,YA_COW_Transect 3,0.9187,66.184,3.615,1.426,1804.052,13.411,37.521,24.399,347.336,233.292,-1754.861,YA_COW,Peter,Pomacentridae,Chromis,viridis,37372053,1,AD,Passing,
GX010042_L.MP4,42497,23.6331,YA_COW_Transect 3,0.9187,64.828,3.576,1.912,1759.499,12.877,40.111,25.914,356.183,163.989,-1715.248,YA_COW,Peter,Pomacentridae,Chromis,viridis,37372053,1,AD,Passing,
GX010042_L.MP4,42497,23.6331,YA_COW_Transect 3,0.9187,56.522,4.449,2.795,1890.345,15.602,48.874,28.14,418.677,288.418,-1820.695,YA_COW,Peter,Pomacentridae,Chromis,viridis,37372053,1,AD,Passing,
GX010042_L.MP4,42497,23.6331,YA_COW_Transect 3,0.9187,62.173,4.182,2.997,1960.672,16.476,40.732,30.026,437.668,343.009,-1880.166,YA_COW,Peter,Pomacentridae,Chromis,viridis,37372053,1,AD,Passing,
GX010042_L.MP4,42497,23.6331,YA_COW_Transect 3,0.9187,,2.21,4.449,1828.608,19.65,,,566.321,238.555,-1722.259,YA_COW,Peter,Pomacentridae,Chromis,viridis,37372053,1,AD,Passing,
GX010042_L.MP4,42497,23.6331,YA_COW_Transect 3,0.9187,,2.5,10.518,1958.757,21.237,,,573.243,417.044,-1825.978,YA_COW,Peter,Pomacentridae,Chromis,viridis,37372053,1,AD,Passing,
GX010042_L.MP4,42508,23.6392,YA_COW_Transect 3,0.9248,,7.235,3.682,3816.401,26.922,,,-1723.768,118.592,-3402.863,YA_COW,Peter,Pomacentridae,Chromis,viridis,37372053,1,AD,Passing,
GX010042_L.MP4,42508,23.6392,YA_COW_Transect 3,0.9248,,6.81,3.058,3720.665,27.863,,,-1734.464,121.858,-3289.398,YA_COW,Peter,Pomacentridae,Chromis,viridis,37372053,1,AD,Passing,
GX010042_L.MP4,42508,23.6392,YA_COW_Transect 3,0.9248,,7.168,4.448,3854.474,29.339,,,-1873.752,234.467,-3360.216,YA_COW,Peter,Pomacentridae,Chromis,viridis,37372053,1,AD,Passing,
GX010042_L.MP4,42508,23.6392,YA_COW_Transect 3,0.9248,,6.068,1.034,3524.237,29.138,,,-1707.056,173.16,-3078.347,YA_COW,Peter,Pomacentridae,Chromis,viridis,37372053,1,AD,Passing,
GX010042_L.MP4,42508,23.6392,YA_COW_Transect 3,0.9248,,9.029,2.404,4261.757,26.37,,,-1876.296,248.233,-3818.438,YA_COW,Peter,Pomacentridae,Chromis,viridis,37372053,1,AD,Passing,
GX010042_L.MP4,42508,23.6392,YA_COW_Transect 3,0.9248,,8.445,4.555,4059.144,25.03,,,-1689.624,305.305,-3678.126,YA_COW,Peter,Pomacentridae,Chromis,viridis,37372053,1,AD,Passing,
GX010042_L.MP4,42508,23.6392,YA_COW_Transect 3,0.9248,,8.864,4.065,4130.562,23.855,,,-1644.122,293.602,-3777.857,YA_COW,Peter,Pomacentridae,Chromis,viridis,37372053,1,AD,Passing,
GX010042_L.MP4,42508,23.6392,YA_COW_Transect 3,0.9248,,8.189,0.23,3949.279,23.095,,,-1534.114,212.969,-3632.898,YA_COW,Peter,Pomacentridae,Chromis,viridis,37372053,1,AD,Passing,
GX010042_L.MP4,42508,23.6392,YA_COW_Transect 3,0.9248,,9.202,0.922,4189.281,22.448,,,-1590.09,172.505,-3871.941,YA_COW,Peter,Pomacentridae,Chromis,viridis,37372053,1,AD,Passing,
GX010042_L.MP4,42508,23.6392,YA_COW_Transect 3,0.9248,,11.548,0.816,4735.057,23.595,,,-1862.08,350.917,-4339.388,YA_COW,Peter,Pomacentridae,Chromis,viridis,37372053,1,AD,Passing,
GX010042_L.MP4,42508,23.6392,YA_COW_Transect 3,0.9248,,5.812,4.567,3346.083,25.46,,,-1428.201,169.495,-3021.223,YA_COW,Peter,Pomacentridae,Chromis,viridis,37372053,1,AD,Passing,
GX010042_L.MP4,42510,23.6403,YA_COW_Transect 3,0.9259,,21.729,3.834,6246.366,4.473,,,-135.208,-471.605,-6227.069,YA_COW,Peter,Acanthuridae,Acanthurus,sp,,1,AD,Passing,
GX010042_L.MP4,42510,23.6403,YA_COW_Transect 3,0.9259,150.002,5.508,5.299,5106.849,7.421,0.027,13.927,-333.278,-569.214,-5064.072,YA_COW,Peter,Acanthuridae,Ctenochaetus,striatus,37437022,1,AD,Passing,
GX010042_L.MP4,42518,23.6447,YA_COW_Transect 3,0.9304,,1.818,4.27,1613.255,9.848,,,263.378,81.352,-1589.53,YA_COW,Peter,Pomacentridae,Chromis,viridis,37372053,1,AD,Passing,
GX010042_L.MP4,42518,23.6447,YA_COW_Transect 3,0.9304,,2.163,3.578,1779.578,13.052,,,357.383,182.845,-1733.707,YA_COW,Peter,Pomacentridae,Chromis,viridis,37372053,1,AD,Passing,
GX010042_L.MP4,42518,23.6447,YA_COW_Transect 3,0.9304,,2.353,2.176,1876.766,17.082,,,492.989,245.681,-1794.117,YA_COW,Peter,Pomacentridae,Chromis,viridis,37372053,1,AD,Passing,
GX010042_L.MP4,42518,23.6447,YA_COW_Transect 3,0.9304,,1.945,4.767,1689.582,17.648,,,467.737,207.862,-1610.188,YA_COW,Peter,Pomacentridae,Chromis,viridis,37372053,1,AD,Passing,
GX010042_L.MP4,42518,23.6447,YA_COW_Transect 3,0.9304,,2.428,3.957,1913.524,18.93,,,505.829,358.768,-1810.247,YA_COW,Peter,Pomacentridae,Chromis,viridis,37372053,1,AD,Passing,
GX010042_L.MP4,42518,23.6447,YA_COW_Transect 3,0.9304,,4.254,2.432,2589.034,8.011,,,330.121,144.102,-2563.855,YA_COW,Peter,Pomacentridae,Chromis,viridis,37372053,1,AD,Passing,
GX010042_L.MP4,42543,23.6586,YA_COW_Transect 3,0.9443,77.789,4.755,3.665,1889.66,23.675,79.132,26.301,734.656,-189.898,-1730.617,YA_COW,Peter,Chaetodontidae,Chaetodon,lunulatus,37365059,1,AD,Passing,
GX010042_L.MP4,42543,23.6586,YA_COW_Transect 3,0.9443,66.439,3.943,2.143,1929.873,25.175,59.116,36.915,808.91,-140.041,-1746.557,YA_COW,Peter,Chaetodontidae,Chaetodon,lunulatus,37365059,1,AD,Passing,
GX010042_L.MP4,42562,23.6692,YA_COW_Transect 3,0.9548,,12.598,9.552,4712.365,17.858,,,1440.399,-119.437,-4485.239,YA_COW,Peter,Siganidae,Siganus,doliatus,37438009,1,AD,Passing,
GX010042_L.MP4,42565,23.6709,YA_COW_Transect 3,0.9565,,4.461,12.67,2840.159,25.507,,,-1120.573,-491.579,-2563.039,YA_COW,Peter,Acanthuridae,Zebrasoma,scopas,37437036,1,AD,Passing,
GX010042_L.MP4,42694,23.7426,YA_COW_Transect 3,1.0282,195.771,13.404,8.255,3286.91,26.526,76.587,12.973,-1444.974,-258.727,-2940.899,YA_COW,Peter,Acanthuridae,Ctenochaetus,striatus,37437022,1,AD,Passing,
GX010042_L.MP4,42694,23.7426,YA_COW_Transect 3,1.0282,,8.351,6.264,3987.202,22.614,,,-1526.878,-141.047,-3680.561,YA_COW,Peter,Acanthuridae,Ctenochaetus,striatus,37437022,1,AD,Passing,
GX010042_L.MP4,42701,23.7465,YA_COW_Transect 3,1.0321,,10.816,4.196,4695.186,25.871,,,-2048.694,9.463,-4224.634,YA_COW,Peter,Acanthuridae,Naso,lituratus,37437029,1,AD,Passing,
GX010042_L.MP4,42722,23.7582,YA_COW_Transect 3,1.0438,86.546,8.446,10.099,3280.978,22.876,23.779,3.847,-1068.656,-696.261,-3022.915,YA_COW,Peter,Pomacentridae,Pomacentrus,philippinus,37372123,1,AD,Passing,
GX010042_L.MP4,42739,23.7676,YA_COW_Transect 3,1.0533,,11.399,7.7,4892.759,28.064,,,-2291.025,-225.396,-4317.348,YA_COW,Peter,Acanthuridae,Naso,lituratus,37437029,1,AD,Passing,
GX010042_L.MP4,42808,23.806,YA_COW_Transect 3,1.0916,,7.444,10.506,3807.895,29.42,,,-1682.904,-818.27,-3316.374,YA_COW,Peter,Scaridae,Chlorurus,spilurus,temp_code_002,1,AD,Passing,
GX010042_L.MP4,42837,23.8221,YA_COW_Transect 3,1.1078,,6.938,3.645,3783.456,29.012,,,-1823.413,-207.11,-3308.596,YA_COW,Peter,Pomacentridae,Chromis,viridis,37372053,1,AD,Passing,
GX010042_L.MP4,42902,23.8583,YA_COW_Transect 3,1.1439,,8.319,7.343,4028.973,25.094,,,-1681.372,302.232,-3648.872,YA_COW,Peter,Pomacentridae,Neoglyphidodon,carlsoni,temp_code_008,1,AD,Passing,
GX010042_L.MP4,42902,23.8583,YA_COW_Transect 3,1.1439,,11.312,13.347,4478.179,18.662,,,-1314.238,568.569,-4243.065,YA_COW,Peter,Zanclidae,Zanclus,cornutus,37437001,1,AD,Passing,
GX010042_L.MP4,42912,23.8638,YA_COW_Transect 3,1.1495,,7.984,7.123,4001.727,28.939,,,-1849.741,570.517,-3502.398,YA_COW,Peter,Chaetodontidae,Chaetodon,lunulatus,37365059,1,AD,Passing,
GX010042_L.MP4,42912,23.8638,YA_COW_Transect 3,1.1495,,7.697,7.323,3966.914,29.791,,,-1907.529,493.735,-3442.959,YA_COW,Peter,Pomacentridae,Pomacentrus,maafu,temp_code_005,1,AD,Passing,
GX010042_L.MP4,42917,23.8666,YA_COW_Transect 3,1.1523,,15.019,1.495,5035.042,20.991,,,-742.04,1641.236,-4701.847,YA_COW,Peter,Pomacentridae,Chromis,viridis,37372053,1,AD,Passing,
GX010042_L.MP4,42917,23.8666,YA_COW_Transect 3,1.1523,,17.172,2.38,5382.924,19.558,,,-574.207,1705.125,-5073.332,YA_COW,Peter,Pomacentridae,Chromis,viridis,37372053,1,AD,Passing,
GX010042_L.MP4,42917,23.8666,YA_COW_Transect 3,1.1523,,16.058,1.366,5199.117,19.711,,,-646.803,1627.025,-4895.431,YA_COW,Peter,Pomacentridae,Chromis,viridis,37372053,1,AD,Passing,
GX010042_L.MP4,42917,23.8666,YA_COW_Transect 3,1.1523,,13.004,4.362,4661.322,18.513,,,-459.953,1404.194,-4420.928,YA_COW,Peter,Pomacentridae,Chromis,viridis,37372053,1,AD,Passing,
GX010042_L.MP4,42917,23.8666,YA_COW_Transect 3,1.1523,,9.206,6.964,3900.345,19.131,,,-515.39,1167.623,-3685.61,YA_COW,Peter,Pomacentridae,Chromis,viridis,37372053,1,AD,Passing,
GX010042_L.MP4,42917,23.8666,YA_COW_Transect 3,1.1523,,13.979,2.695,4837.459,17.938,,,-812.878,1245.916,-4603.035,YA_COW,Peter,Pomacentridae,Chromis,viridis,37372053,1,AD,Passing,
GX010042_L.MP4,42917,23.8666,YA_COW_Transect 3,1.1523,,16.234,0.486,5239.569,18.869,,,-1035.035,1338.723,-4958.791,YA_COW,Peter,Pomacentridae,Chromis,viridis,37372053,1,AD,Passing,
GX010042_L.MP4,42917,23.8666,YA_COW_Transect 3,1.1523,,16.328,4.417,5233.946,18.058,,,-801.081,1407.975,-4976.954,YA_COW,Peter,Pomacentridae,Chromis,viridis,37372053,1,AD,Passing,
GX010042_L.MP4,42917,23.8666,YA_COW_Transect 3,1.1523,,16.495,2.893,5267.552,19.153,,,-842.385,1506.11,-4976.859,YA_COW,Peter,Pomacentridae,Chromis,viridis,37372053,1,AD,Passing,
GX010042_L.MP4,42917,23.8666,YA_COW_Transect 3,1.1523,,16.529,0.399,5279.648,19.4,,,-939.601,1477.785,-4980.761,YA_COW,Peter,Pomacentridae,Chromis,viridis,37372053,1,AD,Passing,
GX010042_L.MP4,42917,23.8666,YA_COW_Transect 3,1.1523,,14.827,0.327,4992.825,18.653,,,-906.583,1311.804,-4731.34,YA_COW,Peter,Pomacentridae,Chromis,viridis,37372053,1,AD,Passing,
GX010042_L.MP4,42917,23.8666,YA_COW_Transect 3,1.1523,,11.796,2.676,4448.347,20.047,,,-833.492,1274.496,-4179.563,YA_COW,Peter,Pomacentridae,Chromis,viridis,37372053,1,AD,Passing,
GX010042_L.MP4,42917,23.8666,YA_COW_Transect 3,1.1523,,15.806,4.67,5163.695,20.275,,,-874.174,1558.501,-4844.651,YA_COW,Peter,Pomacentridae,Chromis,viridis,37372053,1,AD,Passing,
GX010042_L.MP4,42917,23.8666,YA_COW_Transect 3,1.1523,,15.503,0.654,5119.395,20.85,,,-898.635,1582.306,-4785.078,YA_COW,Peter,Pomacentridae,Chromis,viridis,37372053,1,AD,Passing,
GX010042_L.MP4,42917,23.8666,YA_COW_Transect 3,1.1523,,14.809,2.615,5001.328,21.109,,,-824.833,1598.487,-4666.666,YA_COW,Peter,Pomacentridae,Chromis,viridis,37372053,1,AD,Passing,
GX010042_L.MP4,42917,23.8666,YA_COW_Transect 3,1.1523,,12.262,2.791,4575.019,22.438,,,-1037.341,1402.194,-4229.489,YA_COW,Peter,Pomacentridae,Chromis,viridis,37372053,1,AD,Passing,
GX010042_L.MP4,42985,23.9044,YA_COW_Transect 3,1.1901,,5.933,6.583,3191.596,20.366,,,-964.237,-553.065,-2991.764,YA_COW,Peter,Holocentridae,Myripristis,kuntee,37261011,1,AD,Passing,
GX010042_L.MP4,43035,23.9322,YA_COW_Transect 3,1.2179,,7.418,5.355,3620.99,19.551,,,-1143.975,397.606,-3412.448,YA_COW,Peter,Pomacentridae,Pomacentrus,philippinus,37372123,1,AD,Passing,
GX010042_L.MP4,43075,23.9545,YA_COW_Transect 3,1.2401,,5.035,7.96,2970.408,24.352,,,-1038.813,647.288,-2706.512,YA_COW,Peter,Pomacentridae,Pomacentrus,philippinus,37372123,1,AD,Passing,
GX010042_L.MP4,43077,23.9556,YA_COW_Transect 3,1.2412,,20.115,12.844,5910.667,15.432,,,-1311.784,-871.033,-5697.061,YA_COW,Peter,Zanclidae,Zanclus,cornutus,37437001,1,AD,Passing,
GX010042_L.MP4,43141,23.9912,YA_COW_Transect 3,1.2768,,6.366,7.373,3621.666,29.767,,,-1777.156,-275.405,-3143.617,YA_COW,Peter,Chaetodontidae,Heniochus,chrysostomus,37365075,1,AD,Passing,
GX010042_L.MP4,43232,24.0418,YA_COW_Transect 3,1.3274,,7.008,3.273,3436.109,19.6,,,-874.917,-752.271,-3236.581,YA_COW,Peter,Pomacentridae,Chromis,viridis,37372053,1,AD,Passing,
GX010042_L.MP4,43267,24.0613,YA_COW_Transect 3,1.3469,150.768,4.525,10.711,2054.893,25.146,67.653,37.834,-817.235,-307.533,-1860.144,YA_COW,Peter,Holocentridae,Myripristis,violacea,37261014,1,AD,Passing,
GX010042_L.MP4,43267,24.0613,YA_COW_Transect 3,1.3469,,4.268,8.579,2775.566,24.22,,,-1092.952,-320.824,-2531.065,YA_COW,Peter,Holocentridae,Myripristis,violacea,37261014,1,AD,Passing,
GX010042_L.MP4,43292,24.0752,YA_COW_Transect 3,1.3608,,8.832,3.092,3852.141,7.001,,,-40.732,-470.001,-3823.144,YA_COW,Peter,Labridae,Hemigymnus,melapterus,37384125,1,AD,Passing,
GX010042_L.MP4,43292,24.0752,YA_COW_Transect 3,1.3608,,1.503,13.052,1501.746,23.962,,,-422.645,-440.537,-1372.057,YA_COW,Peter,Pomacentridae,Pomacentrus,moluccensis,37372118,1,AD,Passing,
GX010042_L.MP4,43292,24.0752,YA_COW_Transect 3,1.3608,,4.863,5.789,2931.507,27.077,,,1206.947,-570.611,-2609.869,YA_COW,Peter,Pomacentridae,Chromis,ternatensis,37372051,1,AD,Passing,
GX010042_L.MP4,43292,24.0752,YA_COW_Transect 3,1.3608,,12.277,3.541,4921.885,30.822,,,2377.455,-843.495,-4226.249,YA_COW,Peter,Pomacentridae,Chromis,ternatensis,37372051,1,AD,Passing,
GX010042_L.MP4,43292,24.0752,YA_COW_Transect 3,1.3608,,6.706,6.671,3583.032,30.671,,,1705.901,-657.952,-3081.415,YA_COW,Peter,Pomacentridae,Chromis,ternatensis,37372051,1,AD,Passing,
GX010042_L.MP4,43292,24.0752,YA_COW_Transect 3,1.3608,,6.921,4.806,3419.334,23.831,,,1119.708,-811.131,-3127.326,YA_COW,Peter,Pomacentridae,Chromis,ternatensis,37372051,1,AD,Passing,
GX010042_L.MP4,43292,24.0752,YA_COW_Transect 3,1.3608,,7.191,2.615,3474.78,23.492,,,1091.29,-854.913,-3186.269,YA_COW,Peter,Pomacentridae,Chromis,ternatensis,37372051,1,AD,Passing,
GX010042_L.MP4,43292,24.0752,YA_COW_Transect 3,1.3608,,5.791,1.11,3053.636,21.497,,,696.708,-877.338,-2840.699,YA_COW,Peter,Pomacentridae,Chromis,ternatensis,37372051,1,AD,Passing,
GX010042_L.MP4,43292,24.0752,YA_COW_Transect 3,1.3608,,4.942,5.021,2851.13,25.094,,,806.626,-902.321,-2581.494,YA_COW,Peter,Pomacentridae,Chromis,ternatensis,37372051,1,AD,Passing,
GX010042_L.MP4,43292,24.0752,YA_COW_Transect 3,1.3608,,6.54,3.937,3238.758,19.468,,,671.968,-846.51,-3053.102,YA_COW,Peter,Pomacentridae,Chromis,ternatensis,37372051,1,AD,Passing,
GX010042_L.MP4,43292,24.0752,YA_COW_Transect 3,1.3608,,7.145,3.747,3701.198,32.609,,,1771.019,-919.317,-3117.245,YA_COW,Peter,Pomacentridae,Chromis,ternatensis,37372051,1,AD,Passing,
GX010042_L.MP4,43292,24.0752,YA_COW_Transect 3,1.3608,,11.822,2.786,4389.483,16.409,,,790.655,-957.721,-4210.13,YA_COW,Peter,Pomacentridae,Chromis,ternatensis,37372051,1,AD,Passing,
GX010042_L.MP4,43292,24.0752,YA_COW_Transect 3,1.3608,,5.301,3.692,2890.026,16.182,,,506.537,-627.84,-2775.156,YA_COW,Peter,Pomacentridae,Chromis,ternatensis,37372051,1,AD,Passing,
GX010042_L.MP4,43292,24.0752,YA_COW_Transect 3,1.3608,,7.263,1.936,3418.995,16.464,,,715.093,-655.795,-3278.429,YA_COW,Peter,Pomacentridae,Chromis,ternatensis,37372051,1,AD,Passing,
GX010042_L.MP4,43292,24.0752,YA_COW_Transect 3,1.3608,,7.05,1.158,3409.644,19.163,,,960.518,-576.389,-3220.381,YA_COW,Peter,Pomacentridae,Chromis,ternatensis,37372051,1,AD,Passing,
GX010042_L.MP4,43292,24.0752,YA_COW_Transect 3,1.3608,,8.015,1.265,3646.359,20.132,,,1040.284,-704.015,-3423.172,YA_COW,Peter,Pomacentridae,Chromis,ternatensis,37372051,1,AD,Passing,
GX010042_L.MP4,43292,24.0752,YA_COW_Transect 3,1.3608,,8.08,8.104,3648.128,19.327,,,982.282,-704.1,-3442.122,YA_COW,Peter,Pomacentridae,Chromis,ternatensis,37372051,1,AD,Passing,
GX010042_L.MP4,43292,24.0752,YA_COW_Transect 3,1.3608,,9.422,2.296,3935.256,18.252,,,975.749,-755.226,-3736.815,YA_COW,Peter,Pomacentridae,Chromis,ternatensis,37372051,1,AD,Passing,
GX010042_L.MP4,43292,24.0752,YA_COW_Transect 3,1.3608,,9.658,0.376,3985.601,16.939,,,951.426,-667.938,-3812.305,YA_COW,Peter,Pomacentridae,Chromis,ternatensis,37372051,1,AD,Passing,
GX010042_L.MP4,43292,24.0752,YA_COW_Transect 3,1.3608,,7.045,3.448,3396.437,18.548,,,906.587,-589.517,-3219.683,YA_COW,Peter,Pomacentridae,Chromis,ternatensis,37372051,1,AD,Passing,
GX010042_L.MP4,43292,24.0752,YA_COW_Transect 3,1.3608,,5.167,7.039,3024.592,25.38,,,1229.865,-411.596,-2732.43,YA_COW,Peter,Pomacentridae,Chromis,ternatensis,37372051,1,AD,Passing,
GX010042_L.MP4,43292,24.0752,YA_COW_Transect 3,1.3608,,8.152,1.706,3947.843,28.22,,,1803.261,-484.788,-3478.318,YA_COW,Peter,Pomacentridae,Chromis,ternatensis,37372051,1,AD,Passing,
GX010042_L.MP4,43292,24.0752,YA_COW_Transect 3,1.3608,,7.724,6.944,3847.277,28.28,,,1770.229,-436.512,-3387.815,YA_COW,Peter,Pomacentridae,Chromis,ternatensis,37372051,1,AD,Passing,
GX010042_L.MP4,43292,24.0752,YA_COW_Transect 3,1.3608,,8.326,4.098,3973.942,27.38,,,1771.855,-449.781,-3528.518,YA_COW,Peter,Pomacentridae,Chromis,ternatensis,37372051,1,AD,Passing,
GX010042_L.MP4,43292,24.0752,YA_COW_Transect 3,1.3608,,8.107,3.403,3882.691,26.454,,,1663.437,-475.979,-3475.875,YA_COW,Peter,Pomacentridae,Chromis,ternatensis,37372051,1,AD,Passing,
GX010042_L.MP4,43292,24.0752,YA_COW_Transect 3,1.3608,,8.093,2.256,3850.72,25.461,,,1588.104,-469.312,-3476.451,YA_COW,Peter,Pomacentridae,Chromis,ternatensis,37372051,1,AD,Passing,
GX010042_L.MP4,43292,24.0752,YA_COW_Transect 3,1.3608,,7.967,3.776,3805.686,26.291,,,1565.122,-627.925,-3411.649,YA_COW,Peter,Pomacentridae,Chromis,ternatensis,37372051,1,AD,Passing,
GX010042_L.MP4,43292,24.0752,YA_COW_Transect 3,1.3608,,9.909,1.423,4248.381,25.957,,,1716.284,-717.852,-3819.398,YA_COW,Peter,Pomacentridae,Chromis,ternatensis,37372051,1,AD,Passing,
GX010042_L.MP4,43292,24.0752,YA_COW_Transect 3,1.3608,,6.529,2.417,3301.79,23.097,,,1033.053,-783.131,-3036.663,YA_COW,Peter,Pomacentridae,Chromis,ternatensis,37372051,1,AD,Passing,
GX010042_L.MP4,43292,24.0752,YA_COW_Transect 3,1.3608,,7.54,4.536,3498.871,11.131,,,241.741,-632.752,-3432.679,YA_COW,Peter,Pomacentridae,Chromis,ternatensis,37372051,1,AD,Passing,
GX010042_L.MP4,43292,24.0752,YA_COW_Transect 3,1.3608,,7.022,1.405,3361.874,11.481,,,364.997,-562.746,-3294.281,YA_COW,Peter,Pomacentridae,Chromis,ternatensis,37372051,1,AD,Passing,
GX010042_L.MP4,43292,24.0752,YA_COW_Transect 3,1.3608,,7.626,5.521,3503.52,12.954,,,508.986,-600.091,-3414.012,YA_COW,Peter,Pomacentridae,Chromis,ternatensis,37372051,1,AD,Passing,
GX010042_L.MP4,43292,24.0752,YA_COW_Transect 3,1.3608,,7.185,0.157,3398.723,12.249,,,380.841,-614.238,-3320.993,YA_COW,Peter,Pomacentridae,Chromis,ternatensis,37372051,1,AD,Passing,
GX010042_L.MP4,43292,24.0752,YA_COW_Transect 3,1.3608,,4.364,2.959,2895.385,27.078,,,-1306.948,-171.734,-2577.916,YA_COW,Peter,Pomacentridae,Chromis,viridis,37372053,1,AD,Passing,
GX010042_L.MP4,43292,24.0752,YA_COW_Transect 3,1.3608,,4.651,4.926,2894.283,22.562,,,-1093.328,-196.121,-2672.648,YA_COW,Peter,Pomacentridae,Chromis,viridis,37372053,1,AD,Passing,
GX010042_L.MP4,43292,24.0752,YA_COW_Transect 3,1.3608,,4.143,3.549,2747.718,23.953,,,-1106.764,-141.028,-2511.004,YA_COW,Peter,Pomacentridae,Chromis,viridis,37372053,1,AD,Passing,
GX010042_L.MP4,43292,24.0752,YA_COW_Transect 3,1.3608,,3.902,4.363,2698.114,25.892,,,-1170.628,-134.734,-2427.199,YA_COW,Peter,Pomacentridae,Chromis,viridis,37372053,1,AD,Passing,
GX010042_L.MP4,43346,24.1052,YA_COW_Transect 3,1.3908,,5.168,11.59,3053.956,29.456,,,1309.092,-737.582,-2658.739,YA_COW,Peter,Pomacentridae,Amblyglyphidodon,orbicularis,temp_code_001,1,AD,Passing,
GX010042_L.MP4,43346,24.1052,YA_COW_Transect 3,1.3908,,7.201,0.428,3451.73,22.447,,,986.985,-875.283,-3189.699,YA_COW,Peter,Pomacentridae,Amblyglyphidodon,orbicularis,temp_code_001,1,AD,Passing,
GX010042_L.MP4,43355,24.1102,YA_COW_Transect 3,1.3958,,6.944,7.776,3783.677,29.775,,,-1846.534,-349.545,-3283.952,YA_COW,Peter,Pomacentridae,Chromis,iomelas,37372043,1,AD,Passing,
GX010042_L.MP4,43355,24.1102,YA_COW_Transect 3,1.3958,,7.271,5.258,3772.482,26.18,,,-1627.369,-351.103,-3385.265,YA_COW,Peter,Pomacentridae,Chromis,iomelas,37372043,1,AD,Passing,
GX010042_L.MP4,43355,24.1102,YA_COW_Transect 3,1.3958,,7.728,5.321,3805.333,23.419,,,-1458.316,-403.039,-3491.623,YA_COW,Peter,Pomacentridae,Chromis,iomelas,37372043,1,AD,Passing,
GX010042_L.MP4,43355,24.1102,YA_COW_Transect 3,1.3958,,7.953,8.373,3863.216,24.032,,,-1495.399,-491.012,-3528.049,YA_COW,Peter,Pomacentridae,Chromis,viridis,37372053,1,AD,Passing,
GX010042_L.MP4,43393,24.1313,YA_COW_Transect 3,1.417,,6.205,4.572,3378.811,22.79,,,-1272.571,-307.683,-3114.844,YA_COW,Peter,Pomacentridae,Chromis,ternatensis,37372051,1,AD,Passing,
GX010042_L.MP4,43393,24.1313,YA_COW_Transect 3,1.417,,5.979,6.921,3315.213,23.514,,,-1267.264,-380.678,-3039.698,YA_COW,Peter,Pomacentridae,Chromis,ternatensis,37372051,1,AD,Passing,
GX010042_L.MP4,43393,24.1313,YA_COW_Transect 3,1.417,,5.573,2.329,3148.759,21.728,,,-1103.874,-376.227,-2924.824,YA_COW,Peter,Pomacentridae,Chromis,ternatensis,37372051,1,AD,Passing,
GX010042_L.MP4,43393,24.1313,YA_COW_Transect 3,1.417,,7.055,12.238,3667.836,24.961,,,-1498.205,-390.752,-3325.013,YA_COW,Peter,Pomacentridae,Chromis,viridis,37372053,1,AD,Passing,
GX010042_L.MP4,43401,24.1358,YA_COW_Transect 3,1.4214,,5.383,8.936,3169.291,25.488,,,-1297.297,-422.375,-2860.599,YA_COW,Peter,Pomacentridae,Chromis,ternatensis,37372051,1,AD,Passing,
GX010042_L.MP4,43508,24.1953,YA_COW_Transect 3,1.4809,,9.469,5.628,3945.961,22.47,,,832.391,-1259.734,-3645.656,YA_COW,Peter,Holocentridae,Myripristis,violacea,37261014,1,AD,Passing,
GX010042_L.MP4,43573,24.2314,YA_COW_Transect 3,1.5171,61.959,5.065,2.792,2884.686,18.637,11.864,64.745,66.583,-919.434,-2733.427,YA_COW,Peter,Zanclidae,Zanclus,cornutus,37437001,1,AD,Passing,
GX010042_L.MP4,43573,24.2314,YA_COW_Transect 3,1.5171,,5.853,3.567,3076.579,16.818,,,-29.398,-891.387,-2944.47,YA_COW,Peter,Pomacentridae,Chromis,margaritifer,37372047,1,AD,Passing,
GX010042_L.MP4,43573,24.2314,YA_COW_Transect 3,1.5171,114.313,3.764,0.475,3178.485,15.392,2.372,7.065,-455.185,-710.334,-3064.474,YA_COW,Peter,Holocentridae,Myripristis,violacea,37261014,1,AD,Passing,
GX010042_L.MP4,43573,24.2314,YA_COW_Transect 3,1.5171,120.613,5.334,4.162,3398.881,14.884,6.818,2.223,-629.534,-604.927,-3284.835,YA_COW,Peter,Holocentridae,Myripristis,violacea,37261014,1,AD,Passing,
GX010042_L.MP4,43575,24.2325,YA_COW_Transect 3,1.5182,,6.538,9.24,3605.921,26.785,,,-1616.37,-168.832,-3218.93,YA_COW,Peter,Chaetodontidae,Chaetodon,baronessa,37365034,1,AD,Passing,
GX010042_L.MP4,43672,24.2865,YA_COW_Transect 3,1.5721,,7.262,0.21,3824.503,29.906,,,1905.911,-60.019,-3315.227,YA_COW,Peter,Pomacentridae,Amblyglyphidodon,curacao,37372017,1,AD,Passing,
GX010042_L.MP4,43672,24.2865,YA_COW_Transect 3,1.5721,,9.916,2.865,4560.508,31.525,,,2380.159,142.236,-3887.524,YA_COW,Peter,Pomacentridae,Amblyglyphidodon,curacao,37372017,1,AD,Passing,
GX010042_L.MP4,43672,24.2865,YA_COW_Transect 3,1.5721,,7.33,6.06,3742.3,26.711,,,1676.409,136.692,-3343.019,YA_COW,Peter,Pomacentridae,Amblyglyphidodon,curacao,37372017,1,AD,Passing,
GX010042_L.MP4,43673,24.287,YA_COW_Transect 3,1.5727,,9.441,9.954,3980.484,15.239,,,996.185,-321.939,-3840.342,YA_COW,Peter,Scaridae,Scarus,dimidiatus,37386013,1,AD,Passing,
GX010042_L.MP4,43673,24.287,YA_COW_Transect 3,1.5727,164.749,11.024,6.138,3501.433,17.223,27.581,15.005,941.022,-435.134,-3344.423,YA_COW,Peter,Acanthuridae,Acanthurus,sp,,1,AD,Passing,
GX010042_L.MP4,43687,24.2948,YA_COW_Transect 3,1.5805,,18.648,4.229,5786.34,4.05,,,-323.098,246.823,-5772.037,YA_COW,Peter,Acanthuridae,Naso,lituratus,37437029,1,AD,Passing,
GX010042_L.MP4,43700,24.3021,YA_COW_Transect 3,1.5877,,4.467,5.756,2966.295,28.347,,,-1403.062,-124.529,-2610.52,YA_COW,Peter,Holocentridae,Myripristis,violacea,37261014,1,AD,Passing,
GX010042_L.MP4,43728,24.3176,YA_COW_Transect 3,1.6033,261.664,14.552,2.231,3349.19,26.386,68.555,3.373,1446.843,-349.365,-3000.276,YA_COW,Peter,Lethrinidae,Lethrinus,sp,,1,AD,Passing,
GX010042_L.MP4,43748,24.3287,YA_COW_Transect 3,1.6144,168.602,11.597,9.574,3250.854,28.19,56.281,4.835,-1493.037,-359.46,-2865.254,YA_COW,Peter,Holocentridae,Myripristis,violacea,37261014,1,AD,Passing,
GX010042_L.MP4,43748,24.3287,YA_COW_Transect 3,1.6144,159.736,11.602,12.504,3134.027,27.293,63.569,5.937,-1359.553,-465.628,-2785.127,YA_COW,Peter,Holocentridae,Myripristis,violacea,37261014,1,AD,Passing,
GX010042_L.MP4,43751,24.3304,YA_COW_Transect 3,1.6161,,3.697,10.199,2557.279,26.978,,,1113.38,-327.247,-2278.808,YA_COW,Peter,Pomacentridae,Amblyglyphidodon,curacao,37372017,1,AD,Passing,
GX010042_L.MP4,43751,24.3304,YA_COW_Transect 3,1.6161,,4.288,4.354,2721.01,25.404,,,1077.586,-450.219,-2457.643,YA_COW,Peter,Pomacentridae,Amblyglyphidodon,curacao,37372017,1,AD,Passing,
GX010042_L.MP4,43755,24.3326,YA_COW_Transect 3,1.6183,66.163,2.572,2.313,2839.563,13.168,1.423,10.036,-204.717,-613.639,-2764.897,YA_COW,Peter,Pomacentridae,Amblyglyphidodon,curacao,37372017,1,AD,Passing,
GX010042_L.MP4,43755,24.3326,YA_COW_Transect 3,1.6183,179.964,13.212,10.445,3734.181,23.588,36.323,12.292,-1379.811,-573.466,-3422.187,YA_COW,Peter,Holocentridae,Myripristis,kuntee,37261011,1,AD,Passing,
GX010042_L.MP4,43755,24.3326,YA_COW_Transect 3,1.6183,150.68,5.9,4.455,3399.203,21.08,8.117,40.09,-1150.339,-414.122,-3171.719,YA_COW,Peter,Balistidae,Balistapus,undulatus,37465047,1,AD,Passing,
GX010042_L.MP4,43755,24.3326,YA_COW_Transect 3,1.6183,86.435,6.446,1.776,3422.682,13.907,19.489,49.855,-513.636,-642.55,-3322.358,YA_COW,Peter,Chaetodontidae,Heniochus,varius,37365078,1,AD,Passing,
GX010042_L.MP4,43755,24.3326,YA_COW_Transect 3,1.6183,85.652,7.04,1.453,3757.265,13.147,14.148,40.027,-721.206,-458.413,-3658.792,YA_COW,Peter,Chaetodontidae,Heniochus,varius,37365078,1,AD,Passing,
GX010042_L.MP4,43755,24.3326,YA_COW_Transect 3,1.6183,132.612,6.983,2.419,2652.326,19.524,35.413,15.799,-537.895,-704.542,-2499.825,YA_COW,Peter,Holocentridae,Myripristis,violacea,37261014,1,AD,Passing,
GX010042_L.MP4,43755,24.3326,YA_COW_Transect 3,1.6183,109.604,7.488,3.02,3103.602,14.713,24.164,12.139,-107.28,-780.914,-3001.835,YA_COW,Peter,Holocentridae,Myripristis,violacea,37261014,1,AD,Passing,
GX010042_L.MP4,43755,24.3326,YA_COW_Transect 3,1.6183,142.063,6.43,9.798,3353.214,22.263,8.47,7.852,944.697,-849.365,-3103.252,YA_COW,Peter,Holocentridae,Myripristis,violacea,37261014,1,AD,Passing,
GX010042_L.MP4,43755,24.3326,YA_COW_Transect 3,1.6183,,6.823,4.743,3332.209,21.829,,,807.282,-941.764,-3092.732,YA_COW,Peter,Holocentridae,Myripristis,violacea,37261014,1,AD,Passing,
GX010042_L.MP4,43773,24.3427,YA_COW_Transect 3,1.6283,,10.384,2.345,4447.225,28.275,,,1993.394,-683.882,-3916.185,YA_COW,Peter,Pomacentridae,Amblyglyphidodon,curacao,37372017,1,AD,Passing,
GX010042_L.MP4,43773,24.3427,YA_COW_Transect 3,1.6283,,6.299,1.061,3299.433,23.015,,,1198.732,-478.329,-3036.528,YA_COW,Peter,Pomacentridae,Chromis,ternatensis,37372051,1,AD,Passing,
GX010042_L.MP4,43773,24.3427,YA_COW_Transect 3,1.6283,,6.941,1.256,3551.01,25.082,,,1455.719,-385.198,-3215.926,YA_COW,Peter,Pomacentridae,Chromis,ternatensis,37372051,1,AD,Passing,
GX010042_L.MP4,43773,24.3427,YA_COW_Transect 3,1.6283,,12.028,4.581,4921.551,29.476,,,2384.795,-423.756,-4284.255,YA_COW,Peter,Pomacentridae,Chromis,ternatensis,37372051,1,AD,Passing,
GX010042_L.MP4,43773,24.3427,YA_COW_Transect 3,1.6283,,11.775,0.637,4928.595,30.713,,,2492.936,-351.284,-4237.088,YA_COW,Peter,Pomacentridae,Chromis,ternatensis,37372051,1,AD,Passing,
GX010042_L.MP4,43773,24.3427,YA_COW_Transect 3,1.6283,,11.463,5.237,4863.722,31.05,,,2478.211,-391.796,-4166.624,YA_COW,Peter,Pomacentridae,Chromis,ternatensis,37372051,1,AD,Passing,
GX010042_L.MP4,43773,24.3427,YA_COW_Transect 3,1.6283,,5.685,8.321,3198.334,29.349,,,1336.716,-820.47,-2787.357,YA_COW,Peter,Holocentridae,Myripristis,violacea,37261014,1,AD,Passing,
GX010042_L.MP4,43783,24.3482,YA_COW_Transect 3,1.6339,,11.079,6.782,4275.01,11.869,,,690.434,-546.881,-4183.292,YA_COW,Peter,Pomacentridae,Amblyglyphidodon,curacao,37372017,1,AD,Passing,
GX010042_L.MP4,43783,24.3482,YA_COW_Transect 3,1.6339,,9.725,4.334,4022.232,12.507,,,810.726,-320.898,-3926.589,YA_COW,Peter,Pomacentridae,Amblyglyphidodon,curacao,37372017,1,AD,Passing,
GX010042_L.MP4,43783,24.3482,YA_COW_Transect 3,1.6339,,12.144,6.421,4512.02,10.78,,,754.337,-380.934,-4432.176,YA_COW,Peter,Pomacentridae,Amblyglyphidodon,curacao,37372017,1,AD,Passing,
GX010042_L.MP4,43783,24.3482,YA_COW_Transect 3,1.6339,,13.826,2.627,4891.766,5.87,,,458.33,-203.478,-4865.994,YA_COW,Peter,Pomacentridae,Amblyglyphidodon,curacao,37372017,1,AD,Passing,
GX010042_L.MP4,43783,24.3482,YA_COW_Transect 3,1.6339,,11.515,4.15,4865.909,30.045,,,2424.907,-237.759,-4211.931,YA_COW,Peter,Pomacentridae,Chromis,viridis,37372053,1,AD,Passing,
GX010042_L.MP4,43783,24.3482,YA_COW_Transect 3,1.6339,,12.428,1.305,4919.669,27.385,,,2218.467,-448.673,-4368.093,YA_COW,Peter,Pomacentridae,Chromis,viridis,37372053,1,AD,Passing,
GX010042_L.MP4,43783,24.3482,YA_COW_Transect 3,1.6339,,13.409,3.01,5207.528,28.792,,,2489.597,-306.985,-4563.552,YA_COW,Peter,Pomacentridae,Chromis,viridis,37372053,1,AD,Passing,
GX010042_L.MP4,43783,24.3482,YA_COW_Transect 3,1.6339,,13.349,1.045,5075.197,25.936,,,2194.003,-339.84,-4563.823,YA_COW,Peter,Pomacentridae,Chromis,viridis,37372053,1,AD,Passing,
GX010042_L.MP4,43783,24.3482,YA_COW_Transect 3,1.6339,,13.272,2.997,5031.136,25.116,,,2110.605,-327.407,-4555.27,YA_COW,Peter,Pomacentridae,Chromis,viridis,37372053,1,AD,Passing,
GX010042_L.MP4,43783,24.3482,YA_COW_Transect 3,1.6339,,14.089,4.913,5235.018,25.858,,,2270.273,-245.127,-4710.753,YA_COW,Peter,Pomacentridae,Chromis,viridis,37372053,1,AD,Passing,
GX010042_L.MP4,43783,24.3482,YA_COW_Transect 3,1.6339,,12.188,3.001,4752.61,24.176,,,1895.547,-444.363,-4335.522,YA_COW,Peter,Pomacentridae,Chromis,viridis,37372053,1,AD,Passing,
GX010042_L.MP4,43783,24.3482,YA_COW_Transect 3,1.6339,,12.811,4.868,4902.458,24.422,,,1991.409,-380.568,-4463.58,YA_COW,Peter,Pomacentridae,Chromis,viridis,37372053,1,AD,Passing,
GX010042_L.MP4,43783,24.3482,YA_COW_Transect 3,1.6339,,15.947,3.228,5495.123,24.25,,,2226.019,-375.199,-5010.034,YA_COW,Peter,Pomacentridae,Chromis,viridis,37372053,1,AD,Passing,
GX010042_L.MP4,43783,24.3482,YA_COW_Transect 3,1.6339,,15.107,1.589,5384.205,24.987,,,2254.266,-304.475,-4880.087,YA_COW,Peter,Pomacentridae,Chromis,viridis,37372053,1,AD,Passing,
GX010042_L.MP4,43783,24.3482,YA_COW_Transect 3,1.6339,,15.581,5.532,5390.785,23.196,,,2092.269,-364.51,-4954.806,YA_COW,Peter,Pomacentridae,Chromis,viridis,37372053,1,AD,Passing,
GX010042_L.MP4,43783,24.3482,YA_COW_Transect 3,1.6339,,14.608,4.995,5248.573,23.931,,,2106.24,-313.172,-4797.207,YA_COW,Peter,Pomacentridae,Chromis,viridis,37372053,1,AD,Passing,
GX010042_L.MP4,43783,24.3482,YA_COW_Transect 3,1.6339,,16.613,0.41,5604.536,23.591,,,2224.216,-292.655,-5135.955,YA_COW,Peter,Pomacentridae,Chromis,viridis,37372053,1,AD,Passing,
GX010042_L.MP4,43783,24.3482,YA_COW_Transect 3,1.6339,,14.793,3.493,5182.274,21.009,,,1831.374,-316.027,-4837.578,YA_COW,Peter,Pomacentridae,Chromis,viridis,37372053,1,AD,Passing,
GX010042_L.MP4,43783,24.3482,YA_COW_Transect 3,1.6339,,14.131,0.672,5073.817,21.587,,,1837.287,-333.071,-4717.739,YA_COW,Peter,Pomacentridae,Chromis,viridis,37372053,1,AD,Passing,
GX010042_L.MP4,43783,24.3482,YA_COW_Transect 3,1.6339,,16.392,5.417,5522.456,22.419,,,2086.839,-287.682,-5104.886,YA_COW,Peter,Pomacentridae,Chromis,viridis,37372053,1,AD,Passing,
GX010042_L.MP4,43783,24.3482,YA_COW_Transect 3,1.6339,,13.328,8.829,4949.671,22.426,,,1861.908,-316.85,-4575.166,YA_COW,Peter,Pomacentridae,Chromis,viridis,37372053,1,AD,Passing,
GX010042_L.MP4,43783,24.3482,YA_COW_Transect 3,1.6339,,16.927,0.967,5589.2,22.454,,,2092.991,-422.984,-5165.232,YA_COW,Peter,Pomacentridae,Chromis,viridis,37372053,1,AD,Passing,
GX010042_L.MP4,43783,24.3482,YA_COW_Transect 3,1.6339,,8.855,1.343,4019.055,22.969,,,1556.258,-196.545,-3700.302,YA_COW,Peter,Pomacentridae,Chromis,viridis,37372053,1,AD,Passing,
GX010042_L.MP4,43783,24.3482,YA_COW_Transect 3,1.6339,,15.991,2.101,5509.053,23.635,,,2198.75,-211.277,-5046.833,YA_COW,Peter,Pomacentridae,Chromis,viridis,37372053,1,AD,Passing,
GX010042_L.MP4,43783,24.3482,YA_COW_Transect 3,1.6339,,14.874,0.791,5265.26,22.594,,,2010.666,-224.709,-4861.038,YA_COW,Peter,Pomacentridae,Chromis,viridis,37372053,1,AD,Passing,
GX010042_L.MP4,43783,24.3482,YA_COW_Transect 3,1.6339,,16.06,1.733,5452.102,21.823,,,2013.589,-234.076,-5061.234,YA_COW,Peter,Pomacentridae,Chromis,viridis,37372053,1,AD,Passing,
GX010042_L.MP4,43783,24.3482,YA_COW_Transect 3,1.6339,,16.104,2.699,5632.485,25.964,,,2462.371,-136.103,-5063.901,YA_COW,Peter,Pomacentridae,Chromis,viridis,37372053,1,AD,Passing,
GX010042_L.MP4,43783,24.3482,YA_COW_Transect 3,1.6339,,22.682,5.376,6301.476,12.117,,,1315.463,-141.772,-6161.011,YA_COW,Peter,Pomacentridae,Chromis,viridis,37372053,1,AD,Passing,
GX010042_L.MP4,43783,24.3482,YA_COW_Transect 3,1.6339,,23.832,3.998,6468.509,13.202,,,1466.091,-185.762,-6297.434,YA_COW,Peter,Pomacentridae,Chromis,viridis,37372053,1,AD,Passing,
GX010042_L.MP4,43783,24.3482,YA_COW_Transect 3,1.6339,,23.538,1.884,6436.925,14.565,,,1601.784,-237.56,-6229.916,YA_COW,Peter,Pomacentridae,Chromis,viridis,37372053,1,AD,Passing,
GX010042_L.MP4,43783,24.3482,YA_COW_Transect 3,1.6339,,23.032,0.356,6343.843,13.599,,,1465.153,-282.987,-6165.84,YA_COW,Peter,Pomacentridae,Chromis,viridis,37372053,1,AD,Passing,
GX010042_L.MP4,43783,24.3482,YA_COW_Transect 3,1.6339,,18.643,4.407,5701.745,15.322,,,1475.683,-307.337,-5498.89,YA_COW,Peter,Pomacentridae,Chromis,viridis,37372053,1,AD,Passing,
GX010042_L.MP4,43783,24.3482,YA_COW_Transect 3,1.6339,,26.349,6.493,6844.234,15.68,,,1834.003,-244.887,-6589.386,YA_COW,Peter,Pomacentridae,Chromis,viridis,37372053,1,AD,Passing,
GX010042_L.MP4,43783,24.3482,YA_COW_Transect 3,1.6339,,15.321,2.358,5167.442,17.24,,,1486.539,-371.361,-4935.053,YA_COW,Peter,Pomacentridae,Chromis,viridis,37372053,1,AD,Passing,
GX010042_L.MP4,43783,24.3482,YA_COW_Transect 3,1.6339,,15.84,7.531,5263.95,16.835,,,1494.888,-302,-5038.182,YA_COW,Peter,Pomacentridae,Chromis,viridis,37372053,1,AD,Passing,
GX010042_L.MP4,43783,24.3482,YA_COW_Transect 3,1.6339,,16.532,0.298,5400.201,17.826,,,1620.928,-327.647,-5140.759,YA_COW,Peter,Pomacentridae,Chromis,viridis,37372053,1,AD,Passing,
GX010042_L.MP4,43783,24.3482,YA_COW_Transect 3,1.6339,,17.206,2.307,5500.759,16.662,,,1556.153,-259.747,-5269.655,YA_COW,Peter,Pomacentridae,Chromis,viridis,37372053,1,AD,Passing,
GX010042_L.MP4,43783,24.3482,YA_COW_Transect 3,1.6339,,16.261,0.765,5416.838,20.011,,,1829.076,-303.735,-5089.633,YA_COW,Peter,Pomacentridae,Chromis,viridis,37372053,1,AD,Passing,
GX010042_L.MP4,43783,24.3482,YA_COW_Transect 3,1.6339,,15.014,0.709,5173.105,19.025,,,1664.09,-275.729,-4890.377,YA_COW,Peter,Pomacentridae,Chromis,viridis,37372053,1,AD,Passing,
GX010042_L.MP4,43783,24.3482,YA_COW_Transect 3,1.6339,,15.891,3.473,5317.552,18.559,,,1670.792,-272.784,-5040.873,YA_COW,Peter,Pomacentridae,Chromis,viridis,37372053,1,AD,Passing,
GX010042_L.MP4,43783,24.3482,YA_COW_Transect 3,1.6339,,15.725,2.753,5282.154,18.182,,,1628.758,-255.297,-5018.279,YA_COW,Peter,Pomacentridae,Chromis,viridis,37372053,1,AD,Passing,
GX010042_L.MP4,43783,24.3482,YA_COW_Transect 3,1.6339,,15.674,5.381,5261.039,17.666,,,1576.518,-254.895,-5012.799,YA_COW,Peter,Pomacentridae,Chromis,viridis,37372053,1,AD,Passing,
GX010042_L.MP4,43783,24.3482,YA_COW_Transect 3,1.6339,,24.025,10.996,6559.012,16.998,,,1905.186,-220,-6272.36,YA_COW,Peter,Pomacentridae,Chromis,viridis,37372053,1,AD,Passing,
GX010042_L.MP4,43783,24.3482,YA_COW_Transect 3,1.6339,,15.94,1.313,5364.729,19.914,,,1808.381,-265.363,-5043.775,YA_COW,Peter,Pomacentridae,Chromis,viridis,37372053,1,AD,Passing,
GX010042_L.MP4,43783,24.3482,YA_COW_Transect 3,1.6339,,16.944,2.537,5521.459,19.275,,,1804.889,-256.544,-5211.82,YA_COW,Peter,Pomacentridae,Chromis,viridis,37372053,1,AD,Passing,
GX010042_L.MP4,43783,24.3482,YA_COW_Transect 3,1.6339,,15.725,4.841,5353.848,20.319,,,1852.139,-163.273,-5020.618,YA_COW,Peter,Pomacentridae,Chromis,viridis,37372053,1,AD,Passing,
GX010042_L.MP4,43783,24.3482,YA_COW_Transect 3,1.6339,,16.568,1.734,5467.283,19.207,,,1790.266,-176.461,-5162.847,YA_COW,Peter,Pomacentridae,Chromis,viridis,37372053,1,AD,Passing,
GX010042_L.MP4,43783,24.3482,YA_COW_Transect 3,1.6339,,15.533,12.957,5280.477,18.941,,,1706.281,-165.388,-4994.466,YA_COW,Peter,Pomacentridae,Chromis,viridis,37372053,1,AD,Passing,
GX010042_L.MP4,43783,24.3482,YA_COW_Transect 3,1.6339,,10.506,2.494,4268.848,17.332,,,1262.263,-157.111,-4074.932,YA_COW,Peter,Pomacentridae,Chromis,viridis,37372053,1,AD,Passing,
GX010042_L.MP4,43783,24.3482,YA_COW_Transect 3,1.6339,,18.034,4.424,5662.867,16.709,,,1628.151,-13.326,-5423.745,YA_COW,Peter,Pomacentridae,Chromis,viridis,37372053,1,AD,Passing,
GX010042_L.MP4,43783,24.3482,YA_COW_Transect 3,1.6339,,20.814,3.336,6135.309,18.125,,,1908.206,-45.162,-5830.842,YA_COW,Peter,Pomacentridae,Chromis,viridis,37372053,1,AD,Passing,
GX010042_L.MP4,43783,24.3482,YA_COW_Transect 3,1.6339,,22.867,1.976,6438.862,18.184,,,2006.51,-111.543,-6117.223,YA_COW,Peter,Pomacentridae,Chromis,viridis,37372053,1,AD,Passing,
GX010042_L.MP4,43783,24.3482,YA_COW_Transect 3,1.6339,,16.285,6.15,5350.23,16.095,,,1476.535,-143.824,-5140.44,YA_COW,Peter,Pomacentridae,Chromis,viridis,37372053,1,AD,Passing,
GX010042_L.MP4,43783,24.3482,YA_COW_Transect 3,1.6339,,17.003,2.439,5497.529,17.248,,,1625.462,-125.341,-5250.237,YA_COW,Peter,Pomacentridae,Chromis,viridis,37372053,1,AD,Passing,
GX010042_L.MP4,43783,24.3482,YA_COW_Transect 3,1.6339,,19.354,2.123,5898.372,18.197,,,1833.317,-181.151,-5603.296,YA_COW,Peter,Pomacentridae,Chromis,viridis,37372053,1,AD,Passing,
GX010042_L.MP4,43783,24.3482,YA_COW_Transect 3,1.6339,,24.301,0.909,6706.467,20.067,,,2298.085,-122.031,-6299.255,YA_COW,Peter,Pomacentridae,Chromis,viridis,37372053,1,AD,Passing,
GX010042_L.MP4,43783,24.3482,YA_COW_Transect 3,1.6339,,20.987,7.297,6195.056,19.292,,,2045.61,-72.021,-5847.137,YA_COW,Peter,Pomacentridae,Chromis,viridis,37372053,1,AD,Passing,
GX010042_L.MP4,43783,24.3482,YA_COW_Transect 3,1.6339,,25.254,4.332,6801.579,19.102,,,2219.915,-166.554,-6426.952,YA_COW,Peter,Pomacentridae,Chromis,viridis,37372053,1,AD,Passing,
GX010042_L.MP4,43783,24.3482,YA_COW_Transect 3,1.6339,,15.803,0.511,5383.194,20.975,,,1916.732,-201.073,-5026.379,YA_COW,Peter,Pomacentridae,Chromis,viridis,37372053,1,AD,Passing,
GX010042_L.MP4,43783,24.3482,YA_COW_Transect 3,1.6339,,13.802,7.626,5038.365,21.711,,,1853.691,-196.793,-4680.836,YA_COW,Peter,Pomacentridae,Chromis,viridis,37372053,1,AD,Passing,
GX010042_L.MP4,43783,24.3482,YA_COW_Transect 3,1.6339,,22.07,1.167,6423.846,21.131,,,2315.015,-65.581,-5991.845,YA_COW,Peter,Pomacentridae,Chromis,viridis,37372053,1,AD,Passing,
GX010042_L.MP4,43783,24.3482,YA_COW_Transect 3,1.6339,,20.362,1.837,6167.136,21.349,,,2242.899,-102.495,-5743.906,YA_COW,Peter,Pomacentridae,Chromis,viridis,37372053,1,AD,Passing,
GX010042_L.MP4,43783,24.3482,YA_COW_Transect 3,1.6339,,22.978,1.069,6580.183,21.643,,,2426.397,47.789,-6116.3,YA_COW,Peter,Pomacentridae,Chromis,viridis,37372053,1,AD,Passing,
GX010042_L.MP4,43783,24.3482,YA_COW_Transect 3,1.6339,,18.786,4.875,5966.931,22.7,,,2301.294,-81.86,-5504.69,YA_COW,Peter,Pomacentridae,Chromis,viridis,37372053,1,AD,Passing,
GX010042_L.MP4,43783,24.3482,YA_COW_Transect 3,1.6339,,18.759,4.953,5957.183,22.688,,,2293.688,-139.642,-5496.138,YA_COW,Peter,Pomacentridae,Chromis,viridis,37372053,1,AD,Passing,
GX010042_L.MP4,43783,24.3482,YA_COW_Transect 3,1.6339,,18.438,5.176,5913.517,23.023,,,2306.557,-172.817,-5442.391,YA_COW,Peter,Pomacentridae,Chromis,viridis,37372053,1,AD,Passing,
GX010042_L.MP4,43783,24.3482,YA_COW_Transect 3,1.6339,,19.038,0.53,6037.278,23.526,,,2406.224,-134.963,-5535.394,YA_COW,Peter,Pomacentridae,Chromis,viridis,37372053,1,AD,Passing,
GX010042_L.MP4,43783,24.3482,YA_COW_Transect 3,1.6339,,19.322,3.858,6088.822,23.529,,,2429.716,-73.172,-5582.551,YA_COW,Peter,Pomacentridae,Chromis,viridis,37372053,1,AD,Passing,
GX010042_L.MP4,43783,24.3482,YA_COW_Transect 3,1.6339,,18.177,9.217,5914.017,23.85,,,2391.068,26.653,-5409.036,YA_COW,Peter,Pomacentridae,Chromis,viridis,37372053,1,AD,Passing,
GX010042_L.MP4,43783,24.3482,YA_COW_Transect 3,1.6339,,17.697,4.664,5848.828,24.367,,,2410.531,-114.574,-5327.757,YA_COW,Peter,Pomacentridae,Chromis,viridis,37372053,1,AD,Passing,
GX010042_L.MP4,43783,24.3482,YA_COW_Transect 3,1.6339,,25.082,8.969,6623.6,10.5,,,1185.623,-229.974,-6512.563,YA_COW,Peter,Pomacentridae,Chromis,viridis,37372053,1,AD,Passing,
GX010042_L.MP4,43783,24.3482,YA_COW_Transect 3,1.6339,,31.604,4.827,7424.008,12.346,,,1521.631,-456.4,-7252.05,YA_COW,Peter,Pomacentridae,Chromis,viridis,37372053,1,AD,Passing,
GX010042_L.MP4,43783,24.3482,YA_COW_Transect 3,1.6339,,27.159,3.718,6919.094,10.317,,,1236.418,-86.693,-6807.174,YA_COW,Peter,Pomacentridae,Chromis,viridis,37372053,1,AD,Passing,
GX010042_L.MP4,43783,24.3482,YA_COW_Transect 3,1.6339,,26.833,1.112,6869.362,9.616,,,1133.449,-182.888,-6772.738,YA_COW,Peter,Pomacentridae,Chromis,viridis,37372053,1,AD,Passing,
GX010042_L.MP4,43829,24.3738,YA_COW_Transect 3,1.6594,130.971,10.704,7.525,3479.039,20.638,30.861,13.496,-794.269,-934.222,-3255.776,YA_COW,Peter,Holocentridae,Myripristis,violacea,37261014,1,AD,Passing,
GX010042_L.MP4,43829,24.3738,YA_COW_Transect 3,1.6594,118.356,6.364,8.679,3363.072,24.176,11.426,19.595,-953.67,-993.736,-3068.102,YA_COW,Peter,Holocentridae,Myripristis,violacea,37261014,1,AD,Passing,
GX010042_L.MP4,43829,24.3738,YA_COW_Transect 3,1.6594,142.854,4.591,11.487,2630.697,24.26,20.865,33.323,-600.878,-898.479,-2398.384,YA_COW,Peter,Holocentridae,Myripristis,violacea,37261014,1,AD,Passing,
GX010042_L.MP4,43829,24.3738,YA_COW_Transect 3,1.6594,,6.411,17.422,3380.944,26.494,,,-1147.003,-981.171,-3025.305,YA_COW,Peter,Holocentridae,Myripristis,violacea,37261014,1,AD,Passing,
GX010042_L.MP4,43865,24.3938,YA_COW_Transect 3,1.6795,158.766,4.577,5.596,2167.194,24.065,35.182,4.714,481.69,-740.904,-1978.829,YA_COW,Peter,Scaridae,Chlorurus,bleekeri,37386011,1,AD,Passing,
GX010042_L.MP4,43889,24.4072,YA_COW_Transect 3,1.6928,,6.919,6.409,3649.087,24.784,,,-1508.806,-253.818,-3312.842,YA_COW,Peter,Pomacentridae,Chromis,viridis,37372053,1,AD,Passing,
GX010042_L.MP4,43889,24.4072,YA_COW_Transect 3,1.6928,,9.288,8.279,4171.909,21.659,,,-1514.043,-282.649,-3877.191,YA_COW,Peter,Pomacentridae,Chromis,viridis,37372053,1,AD,Passing,
GX010042_L.MP4,43889,24.4072,YA_COW_Transect 3,1.6928,,9.903,7.006,4241.41,19.333,,,-1363.261,-338.812,-4002.035,YA_COW,Peter,Pomacentridae,Chromis,viridis,37372053,1,AD,Passing,
GX010042_L.MP4,43889,24.4072,YA_COW_Transect 3,1.6928,,9.089,8.556,4160.4,22.646,,,-1584.606,-236.977,-3839.505,YA_COW,Peter,Pomacentridae,Chromis,viridis,37372053,1,AD,Passing,
GX010042_L.MP4,43913,24.4205,YA_COW_Transect 3,1.7061,,7.022,4.962,3785.873,27.802,,,-1765.077,-51.678,-3348.831,YA_COW,Peter,Pomacentridae,Amblyglyphidodon,curacao,37372017,1,AD,Passing,
GX010042_L.MP4,43913,24.4205,YA_COW_Transect 3,1.7061,,8.323,3.43,3866.853,19.258,,,-1236.785,-313.421,-3650.299,YA_COW,Peter,Pomacentridae,Amblyglyphidodon,curacao,37372017,1,AD,Passing,
GX010042_L.MP4,43913,24.4205,YA_COW_Transect 3,1.7061,,12.712,6.881,4843.502,22.878,,,-1710.75,784.192,-4462.946,YA_COW,Peter,Pomacentridae,Amblyglyphidodon,curacao,37372017,1,AD,Passing,
GX010042_L.MP4,43913,24.4205,YA_COW_Transect 3,1.7061,,7.982,5.995,3862.21,22.184,,,-1433.013,-272.361,-3576.165,YA_COW,Peter,Pomacentridae,Chromis,viridis,37372053,1,AD,Passing,
GX010042_L.MP4,43913,24.4205,YA_COW_Transect 3,1.7061,,7.396,5.895,3681.208,21.491,,,-1311.863,-314.763,-3425.088,YA_COW,Peter,Pomacentridae,Chromis,viridis,37372053,1,AD,Passing,
GX010042_L.MP4,43913,24.4205,YA_COW_Transect 3,1.7061,,7.454,5.652,3675.297,20.605,,,-1255.686,-312.121,-3440.006,YA_COW,Peter,Pomacentridae,Chromis,viridis,37372053,1,AD,Passing,
GX010042_L.MP4,43923,24.4261,YA_COW_Transect 3,1.7117,,4.722,1.179,2730.681,12.949,,,113.688,-602.807,-2660.887,YA_COW,Peter,Pomacentridae,Amblyglyphidodon,curacao,37372017,1,AD,Passing,
GX010042_L.MP4,43923,24.4261,YA_COW_Transect 3,1.7117,171.4,11.835,0.809,3193.623,12.511,39.923,21.753,193.522,-664.215,-3117.787,YA_COW,Peter,Holocentridae,Neoniphon,sammara,37261019,1,AD,Passing,
GX010042_L.MP4,43923,24.4261,YA_COW_Transect 3,1.7117,,4.209,5.67,2595.389,19.004,,,-468.748,-704.678,-2453.518,YA_COW,Peter,Holocentridae,Sargocentron,spiniferum,37261029,1,AD,Passing,
GX010042_L.MP4,43923,24.4261,YA_COW_Transect 3,1.7117,232.064,16.748,2.902,3261.625,16.641,67.92,2.685,-840.442,-407.497,-3125.028,YA_COW,Peter,Acanthuridae,Ctenochaetus,striatus,37437022,1,AD,Passing,
GX010042_L.MP4,43923,24.4261,YA_COW_Transect 3,1.7117,122.032,2.779,7.386,2551.297,18.211,5.154,4.341,-370.006,-706.265,-2423.51,YA_COW,Peter,Holocentridae,Myripristis,violacea,37261014,1,AD,Passing,
GX010042_L.MP4,43923,24.4261,YA_COW_Transect 3,1.7117,,5.515,4.816,2984.898,15.192,,,-505.969,-598.227,-2880.232,YA_COW,Peter,Holocentridae,Myripristis,violacea,37261014,1,AD,Passing,
GX010042_L.MP4,43930,24.43,YA_COW_Transect 3,1.7156,,5.3,2.959,2919.284,22.267,,,526.919,-974.191,-2701.023,YA_COW,Peter,Holocentridae,Myripristis,violacea,37261014,1,AD,Passing,
GX010042_L.MP4,43930,24.43,YA_COW_Transect 3,1.7156,,6.527,0.131,3270.311,23.004,,,851.205,-955.094,-3009.681,YA_COW,Peter,Holocentridae,Myripristis,violacea,37261014,1,AD,Passing,
GX010042_L.MP4,43930,24.43,YA_COW_Transect 3,1.7156,,7.769,4.43,3559.936,20.672,,,874.23,-904.768,-3330.204,YA_COW,Peter,Holocentridae,Myripristis,violacea,37261014,1,AD,Passing,
GX010042_L.MP4,43930,24.43,YA_COW_Transect 3,1.7156,,8.266,4.264,3774.821,25.179,,,1303.406,-940.259,-3415.6,YA_COW,Peter,Holocentridae,Myripristis,violacea,37261014,1,AD,Passing,
GX010042_L.MP4,43952,24.4422,YA_COW_Transect 3,1.7278,,7.564,4.595,3505.651,16.851,,,211.548,-995.957,-3354.535,YA_COW,Peter,Chaetodontidae,Chaetodon,baronessa,37365034,1,AD,Passing,
GX010042_L.MP4,44022,24.4811,YA_COW_Transect 3,1.7668,67.045,5.904,0.103,3391.53,20.166,12.52,20.329,515.073,-1049.646,-3183.617,YA_COW,Peter,Pomacentridae,Amblyglyphidodon,curacao,37372017,1,AD,Passing,
GX010042_L.MP4,44022,24.4811,YA_COW_Transect 3,1.7668,,7.872,2.941,3594.082,20.832,,,340.313,-1234.009,-3358.398,YA_COW,Peter,Holocentridae,Myripristis,violacea,37261014,1,AD,Passing,
GX010042_L.MP4,44031,24.4861,YA_COW_Transect 3,1.7718,,7.282,0.257,3432.869,20.629,,,745.377,-954.373,-3212.191,YA_COW,Peter,Pomacentridae,Chromis,viridis,37372053,1,AD,Passing,
GX010042_L.MP4,44031,24.4861,YA_COW_Transect 3,1.7718,,7.974,0.239,3613.991,22.054,,,868.888,-1044.31,-3348.937,YA_COW,Peter,Pomacentridae,Chromis,viridis,37372053,1,AD,Passing,
GX010042_L.MP4,44031,24.4861,YA_COW_Transect 3,1.7718,,8.171,0.601,3641.99,20.077,,,801.043,-961.909,-3420.11,YA_COW,Peter,Pomacentridae,Chromis,viridis,37372053,1,AD,Passing,
GX010042_L.MP4,44031,24.4861,YA_COW_Transect 3,1.7718,,8.398,2.099,3684.127,18.938,,,721.094,-955.822,-3484.138,YA_COW,Peter,Pomacentridae,Chromis,viridis,37372053,1,AD,Passing,
GX010042_L.MP4,44031,24.4861,YA_COW_Transect 3,1.7718,,8.992,5.733,3816.684,18.557,,,767.55,-943.494,-3617.702,YA_COW,Peter,Pomacentridae,Chromis,viridis,37372053,1,AD,Passing,
GX010042_L.MP4,44031,24.4861,YA_COW_Transect 3,1.7718,,8.299,2.858,3665.22,18.781,,,779.653,-887.79,-3469.555,YA_COW,Peter,Pomacentridae,Chromis,viridis,37372053,1,AD,Passing,
GX010042_L.MP4,44031,24.4861,YA_COW_Transect 3,1.7718,,8.09,3.369,3607.265,17.662,,,610.372,-910.415,-3436.706,YA_COW,Peter,Pomacentridae,Chromis,viridis,37372053,1,AD,Passing,
GX010042_L.MP4,44031,24.4861,YA_COW_Transect 3,1.7718,,9.173,1.902,3850.011,17.092,,,690.142,-898.886,-3679.442,YA_COW,Peter,Pomacentridae,Chromis,viridis,37372053,1,AD,Passing,
GX010042_L.MP4,44031,24.4861,YA_COW_Transect 3,1.7718,,9.302,5.72,3876.863,16.021,,,647.251,-854.18,-3725.79,YA_COW,Peter,Pomacentridae,Chromis,viridis,37372053,1,AD,Passing,
GX010042_L.MP4,44031,24.4861,YA_COW_Transect 3,1.7718,,9.482,3.784,3918.384,16.565,,,728.452,-849.196,-3755.257,YA_COW,Peter,Pomacentridae,Chromis,viridis,37372053,1,AD,Passing,
GX010042_L.MP4,44031,24.4861,YA_COW_Transect 3,1.7718,,10.357,8.131,4105.992,17.102,,,830.591,-878.681,-3923.928,YA_COW,Peter,Pomacentridae,Chromis,viridis,37372053,1,AD,Passing,
GX010042_L.MP4,44031,24.4861,YA_COW_Transect 3,1.7718,,10.63,4.457,4161.051,16.676,,,825.908,-864.723,-3985.533,YA_COW,Peter,Pomacentridae,Chromis,viridis,37372053,1,AD,Passing,
GX010042_L.MP4,44031,24.4861,YA_COW_Transect 3,1.7718,,9.261,7.857,3868.114,15.308,,,590.499,-835.344,-3730.391,YA_COW,Peter,Pomacentridae,Chromis,viridis,37372053,1,AD,Passing,
GX010042_L.MP4,44031,24.4861,YA_COW_Transect 3,1.7718,,9.373,9.968,3904.612,13.234,,,387.441,-807.779,-3800.445,YA_COW,Peter,Pomacentridae,Chromis,viridis,37372053,1,AD,Passing,
GX010042_L.MP4,44031,24.4861,YA_COW_Transect 3,1.7718,,10.133,2.332,4055.651,15.422,,,711.39,-812.944,-3909.137,YA_COW,Peter,Pomacentridae,Chromis,viridis,37372053,1,AD,Passing,
GX010042_L.MP4,44031,24.4861,YA_COW_Transect 3,1.7718,,9.959,1.962,4022.358,14.974,,,716.654,-754.96,-3885.332,YA_COW,Peter,Pomacentridae,Chromis,viridis,37372053,1,AD,Passing,
GX010042_L.MP4,44031,24.4861,YA_COW_Transect 3,1.7718,,10.235,4.312,4075.582,15.274,,,685.014,-828.994,-3931.144,YA_COW,Peter,Pomacentridae,Chromis,viridis,37372053,1,AD,Passing,
GX010042_L.MP4,44031,24.4861,YA_COW_Transect 3,1.7718,,8.718,0.859,3777.675,12.966,,,171.378,-832.254,-3680.871,YA_COW,Peter,Pomacentridae,Chromis,viridis,37372053,1,AD,Passing,
GX010042_L.MP4,44031,24.4861,YA_COW_Transect 3,1.7718,,9.227,4.866,3879.954,13.158,,,297.648,-833.787,-3777.598,YA_COW,Peter,Pomacentridae,Chromis,viridis,37372053,1,AD,Passing,
GX010042_L.MP4,44031,24.4861,YA_COW_Transect 3,1.7718,,9.436,5.089,3936.611,12.082,,,222.158,-795.72,-3848.945,YA_COW,Peter,Pomacentridae,Chromis,viridis,37372053,1,AD,Passing,
GX010042_L.MP4,44031,24.4861,YA_COW_Transect 3,1.7718,,9.26,0.987,3902.852,12.641,,,144.324,-844.045,-3807.756,YA_COW,Peter,Pomacentridae,Chromis,viridis,37372053,1,AD,Passing,
GX010042_L.MP4,44031,24.4861,YA_COW_Transect 3,1.7718,,8.629,3.402,3773.329,11.847,,,-145.213,-763.091,-3692.508,YA_COW,Peter,Pomacentridae,Chromis,viridis,37372053,1,AD,Passing,
GX010042_L.MP4,44031,24.4861,YA_COW_Transect 3,1.7718,,8.703,4.171,3787.936,12.803,,,-91.6,-836.573,-3693.266,YA_COW,Peter,Pomacentridae,Chromis,viridis,37372053,1,AD,Passing,
GX010042_L.MP4,44031,24.4861,YA_COW_Transect 3,1.7718,,8.679,4.473,3780.079,13.195,,,-3.078,-865.03,-3679.77,YA_COW,Peter,Pomacentridae,Chromis,viridis,37372053,1,AD,Passing,
GX010042_L.MP4,44031,24.4861,YA_COW_Transect 3,1.7718,,8.309,5.966,3705.372,10.376,,,-82.702,-664.329,-3644.395,YA_COW,Peter,Pomacentridae,Chromis,viridis,37372053,1,AD,Passing,
GX010042_L.MP4,44031,24.4861,YA_COW_Transect 3,1.7718,,9.726,2.828,4020.24,10.633,,,60.748,-741.632,-3950.774,YA_COW,Peter,Pomacentridae,Chromis,viridis,37372053,1,AD,Passing,
GX010042_L.MP4,44031,24.4861,YA_COW_Transect 3,1.7718,,8.935,5.06,3851.778,10.008,,,-33.59,-670.792,-3792.77,YA_COW,Peter,Pomacentridae,Chromis,viridis,37372053,1,AD,Passing,
GX010042_L.MP4,44031,24.4861,YA_COW_Transect 3,1.7718,,9.259,2.998,3928.782,9.577,,,-91.288,-649.522,-3873.644,YA_COW,Peter,Pomacentridae,Chromis,viridis,37372053,1,AD,Passing,
GX010042_L.MP4,44031,24.4861,YA_COW_Transect 3,1.7718,,9.68,0.022,4008.977,10.272,,,113.946,-708.089,-3944.302,YA_COW,Peter,Pomacentridae,Chromis,viridis,37372053,1,AD,Passing,
GX010042_L.MP4,44031,24.4861,YA_COW_Transect 3,1.7718,,10.105,2.716,4090.877,10.258,,,236.591,-691.393,-4025.081,YA_COW,Peter,Pomacentridae,Chromis,viridis,37372053,1,AD,Passing,
GX010042_L.MP4,44031,24.4861,YA_COW_Transect 3,1.7718,,10.498,0.378,4133.554,13.852,,,526.604,-840.261,-4012.844,YA_COW,Peter,Pomacentridae,Chromis,viridis,37372053,1,AD,Passing,
GX010042_L.MP4,44031,24.4861,YA_COW_Transect 3,1.7718,,10.304,1.763,4098.836,13.186,,,460.808,-815.871,-3990.296,YA_COW,Peter,Pomacentridae,Chromis,viridis,37372053,1,AD,Passing,
GX010042_L.MP4,44031,24.4861,YA_COW_Transect 3,1.7718,,10.603,3.497,4160.887,12.809,,,506.833,-773.123,-4056.894,YA_COW,Peter,Pomacentridae,Chromis,viridis,37372053,1,AD,Passing,
GX010042_L.MP4,44108,24.5289,YA_COW_Transect 3,1.8146,,6.796,5.016,3469.242,19.2,,,-1104.91,-286.274,-3276.104,YA_COW,Peter,Pomacentridae,Chromis,viridis,37372053,1,AD,Passing,
GX010042_L.MP4,44108,24.5289,YA_COW_Transect 3,1.8146,,7.354,6.818,3695.085,22.321,,,-1372.255,-295.889,-3418.042,YA_COW,Peter,Pomacentridae,Chromis,viridis,37372053,1,AD,Passing,
GX010042_L.MP4,44108,24.5289,YA_COW_Transect 3,1.8146,,5.255,4.151,2937.633,15.292,,,-661.767,-404.55,-2833.388,YA_COW,Peter,Pomacentridae,Chromis,viridis,37372053,1,AD,Passing,
GX010042_L.MP4,44122,24.5367,YA_COW_Transect 3,1.8224,62.379,4.203,2.469,1940.457,19.024,39.62,10.906,205.638,-598.156,-1834.474,YA_COW,Peter,Pomacentridae,Chromis,viridis,37372053,1,AD,Passing,measurement of point
GX010042_L.MP4,44122,24.5367,YA_COW_Transect 3,1.8224,62.662,4.844,2.561,1799.933,19.932,70.307,20.3,66.808,-609.95,-1692.116,YA_COW,Peter,Pomacentridae,Chromis,viridis,37372053,1,AD,Passing,measurement of point
GX010042_L.MP4,44122,24.5367,YA_COW_Transect 3,1.8224,59.99,4.779,2.443,1920.498,20.785,57.673,26.886,168.302,-660.391,-1795.514,YA_COW,Peter,Pomacentridae,Chromis,viridis,37372053,1,AD,Passing,measurement of point
GX010042_L.MP4,44200,24.5801,YA_COW_Transect 3,1.8658,70.487,4.214,2.275,2236.58,14.935,31.525,41.397,39.374,-575.078,-2161.024,YA_COW,Peter,Labridae,Labropsis,australis,37384132,1,AD,Passing,
GX010042_L.MP4,44200,24.5801,YA_COW_Transect 3,1.8658,61.602,5.022,2.96,1863.635,14.874,60.338,21.439,-405.22,-254.261,-1801.19,YA_COW,Peter,Pomacentridae,Chromis,viridis,37372053,1,AD,Passing,
GX010042_L.MP4,44200,24.5801,YA_COW_Transect 3,1.8658,45.47,3.856,4.649,1812.351,15.225,42.275,21.507,-343.187,-329.741,-1748.745,YA_COW,Peter,Pomacentridae,Chromis,viridis,37372053,1,AD,Passing,
GX010042_L.MP4,44200,24.5801,YA_COW_Transect 3,1.8658,46.101,4.058,7.07,1690.345,20.604,76.478,23.858,-511.82,-303.14,-1582.218,YA_COW,Peter,Pomacentridae,Chromis,viridis,37372053,1,AD,Passing,
GX010042_L.MP4,44200,24.5801,YA_COW_Transect 3,1.8658,48.148,2.198,2.895,1826.609,16.666,17.687,4.93,-80.082,-517.688,-1749.881,YA_COW,Peter,Pomacentridae,Chromis,viridis,37372053,1,AD,Passing,
GX010042_L.MP4,44200,24.5801,YA_COW_Transect 3,1.8658,55.724,2.118,2.799,1704.377,17.303,20.858,12.321,-19.505,-506.536,-1627.25,YA_COW,Peter,Pomacentridae,Chromis,viridis,37372053,1,AD,Passing,
GX010042_L.MP4,44200,24.5801,YA_COW_Transect 3,1.8658,56.366,1.637,5.061,1505.165,19.227,19.656,26.779,-69.961,-490.715,-1421.206,YA_COW,Peter,Pomacentridae,Chromis,viridis,37372053,1,AD,Passing,
GX010042_L.MP4,44200,24.5801,YA_COW_Transect 3,1.8658,51.042,3.499,2.826,1522.688,18.186,84.276,29.034,6.288,-475.19,-1446.629,YA_COW,Peter,Pomacentridae,Chromis,viridis,37372053,1,AD,Passing,
GX010042_L.MP4,44200,24.5801,YA_COW_Transect 3,1.8658,49.106,2.473,8.118,1570.914,21.462,43.465,40.812,-108.48,-564.43,-1461.993,YA_COW,Peter,Pomacentridae,Chromis,viridis,37372053,1,AD,Passing,
GX010042_L.MP4,44200,24.5801,YA_COW_Transect 3,1.8658,50.297,2.653,2.526,1587.931,21.247,40.289,21.929,15.335,-575.247,-1479.993,YA_COW,Peter,Pomacentridae,Chromis,viridis,37372053,1,AD,Passing,
GX010042_L.MP4,44200,24.5801,YA_COW_Transect 3,1.8658,99.743,3.735,4.816,1548.732,21.11,74.159,1.528,81.821,-551.755,-1444.799,YA_COW,Peter,Pomacentridae,Chromis,viridis,37372053,1,AD,Passing,
GX010042_L.MP4,44200,24.5801,YA_COW_Transect 3,1.8658,,1.256,0.304,1345.612,19.212,,,27.205,-442.71,-1270.409,YA_COW,Peter,Pomacentridae,Chromis,viridis,37372053,1,AD,Passing,
GX010042_L.MP4,44200,24.5801,YA_COW_Transect 3,1.8658,,1.429,8.214,1469.692,25.469,,,-366.557,-515.615,-1326.563,YA_COW,Peter,Pomacentridae,Chromis,viridis,37372053,1,AD,Passing,
GX010042_L.MP4,44200,24.5801,YA_COW_Transect 3,1.8658,,1.454,7.05,1474.156,24.092,,,-383.767,-464.292,-1345.47,YA_COW,Peter,Pomacentridae,Chromis,viridis,37372053,1,AD,Passing,
GX010042_L.MP4,44200,24.5801,YA_COW_Transect 3,1.8658,,1.309,8.855,1387.642,24.187,,,-412.095,-392.408,-1265.601,YA_COW,Peter,Pomacentridae,Chromis,viridis,37372053,1,AD,Passing,
GX010042_L.MP4,44200,24.5801,YA_COW_Transect 3,1.8658,,1.558,1.312,1521.987,22.156,,,-331.153,-469.657,-1409.327,YA_COW,Peter,Pomacentridae,Chromis,viridis,37372053,1,AD,Passing,
GX010042_L.MP4,44200,24.5801,YA_COW_Transect 3,1.8658,,1.438,9.39,1461.567,22.69,,,-238.927,-511.459,-1348.148,YA_COW,Peter,Pomacentridae,Chromis,viridis,37372053,1,AD,Passing,
GX010042_L.MP4,44200,24.5801,YA_COW_Transect 3,1.8658,,1.677,4.016,1563.481,16.582,,,-184.998,-406.911,-1498.223,YA_COW,Peter,Pomacentridae,Chromis,viridis,37372053,1,AD,Passing,
GX010042_L.MP4,44200,24.5801,YA_COW_Transect 3,1.8658,,1.927,4,1692.72,18.017,,,-290.994,-436.177,-1609.463,YA_COW,Peter,Pomacentridae,Chromis,viridis,37372053,1,AD,Passing,
GX010042_L.MP4,44200,24.5801,YA_COW_Transect 3,1.8658,,1.697,2.746,1575.494,17.781,,,-288.411,-385.967,-1500.01,YA_COW,Peter,Pomacentridae,Chromis,viridis,37372053,1,AD,Passing,
GX010042_L.MP4,44200,24.5801,YA_COW_Transect 3,1.8658,,1.851,0.784,1648.378,16.145,,,-281.13,-362.935,-1583.159,YA_COW,Peter,Pomacentridae,Chromis,viridis,37372053,1,AD,Passing,
GX010042_L.MP4,44200,24.5801,YA_COW_Transect 3,1.8658,,1.638,7.504,1552.909,19.582,,,-397.349,-337.028,-1462.891,YA_COW,Peter,Pomacentridae,Chromis,viridis,37372053,1,AD,Passing,
GX010042_L.MP4,44200,24.5801,YA_COW_Transect 3,1.8658,,2.079,5.225,1778.831,19.078,,,-478.544,-331.179,-1680.939,YA_COW,Peter,Pomacentridae,Chromis,viridis,37372053,1,AD,Passing,
GX010042_L.MP4,44200,24.5801,YA_COW_Transect 3,1.8658,,1.855,2.978,1667.191,18.854,,,-457.474,-285.487,-1577.574,YA_COW,Peter,Pomacentridae,Chromis,viridis,37372053,1,AD,Passing,
GX010042_L.MP4,44200,24.5801,YA_COW_Transect 3,1.8658,,1.741,7.59,1629.468,22.145,,,-526.923,-316.508,-1509.086,YA_COW,Peter,Pomacentridae,Chromis,viridis,37372053,1,AD,Passing,
GX010042_L.MP4,44200,24.5801,YA_COW_Transect 3,1.8658,,1.56,6.057,1531.561,22.454,,,-514.862,-278.524,-1415.281,YA_COW,Peter,Pomacentridae,Chromis,viridis,37372053,1,AD,Passing,
GX010042_L.MP4,44200,24.5801,YA_COW_Transect 3,1.8658,,4.361,0.78,2856.261,25.176,,,-1210.958,97.987,-2584.996,YA_COW,Peter,Pomacentridae,Chromis,viridis,37372053,1,AD,Passing,
GX010042_L.MP4,44200,24.5801,YA_COW_Transect 3,1.8658,,4.945,0.927,2980.139,21.576,,,-1089.863,113.331,-2771.387,YA_COW,Peter,Pomacentridae,Chromis,viridis,37372053,1,AD,Passing,
GX010042_L.MP4,44200,24.5801,YA_COW_Transect 3,1.8658,,6.6,0.194,3471.85,20.73,,,-1226.94,67.76,-3247.117,YA_COW,Peter,Pomacentridae,Chromis,viridis,37372053,1,AD,Passing,
GX010042_L.MP4,44200,24.5801,YA_COW_Transect 3,1.8658,,4.567,3.039,2877.196,22.567,,,-1104.137,8.233,-2656.891,YA_COW,Peter,Pomacentridae,Chromis,viridis,37372053,1,AD,Passing,
GX010042_L.MP4,44200,24.5801,YA_COW_Transect 3,1.8658,,5.343,2.764,3116.801,21.684,,,-1151.356,-25.882,-2896.232,YA_COW,Peter,Pomacentridae,Chromis,viridis,37372053,1,AD,Passing,
GX010042_L.MP4,44200,24.5801,YA_COW_Transect 3,1.8658,,5.181,5.795,3065.288,21.77,,,-1134.756,-71.016,-2846.626,YA_COW,Peter,Pomacentridae,Chromis,viridis,37372053,1,AD,Passing,
GX010042_L.MP4,44200,24.5801,YA_COW_Transect 3,1.8658,,4.808,6.391,2924.474,21.219,,,-1046.952,-157.154,-2726.122,YA_COW,Peter,Pomacentridae,Chromis,viridis,37372053,1,AD,Passing,
GX010042_L.MP4,44200,24.5801,YA_COW_Transect 3,1.8658,,4.401,4.125,2784.825,20.914,,,-990.689,-83.433,-2601.312,YA_COW,Peter,Pomacentridae,Chromis,viridis,37372053,1,AD,Passing,
GX010042_L.MP4,44200,24.5801,YA_COW_Transect 3,1.8658,,4.892,2.58,2961.579,21.313,,,-1075.475,-47.296,-2758.998,YA_COW,Peter,Pomacentridae,Chromis,viridis,37372053,1,AD,Passing,
GX010042_L.MP4,44200,24.5801,YA_COW_Transect 3,1.8658,,5.895,1.731,3249.663,19.902,,,-1105.541,-40.644,-3055.558,YA_COW,Peter,Pomacentridae,Chromis,viridis,37372053,1,AD,Passing,
GX010042_L.MP4,44200,24.5801,YA_COW_Transect 3,1.8658,,4.325,6.313,2753.272,20.552,,,-966.538,3.751,-2578.042,YA_COW,Peter,Pomacentridae,Chromis,viridis,37372053,1,AD,Passing,
GX010042_L.MP4,44200,24.5801,YA_COW_Transect 3,1.8658,,4.538,2.049,2800.018,19.049,,,-910.82,-76.129,-2646.642,YA_COW,Peter,Pomacentridae,Chromis,viridis,37372053,1,AD,Passing,
GX010042_L.MP4,44200,24.5801,YA_COW_Transect 3,1.8658,,4.911,0.173,2936.723,19.925,,,-992.652,-129.188,-2760.85,YA_COW,Peter,Pomacentridae,Chromis,viridis,37372053,1,AD,Passing,
GX010042_L.MP4,44200,24.5801,YA_COW_Transect 3,1.8658,,4.708,2.885,2856.451,19.305,,,-932.635,-149.725,-2695.754,YA_COW,Peter,Pomacentridae,Chromis,viridis,37372053,1,AD,Passing,
GX010042_L.MP4,44200,24.5801,YA_COW_Transect 3,1.8658,,5.705,1.724,3176.236,19.06,,,-1036.86,-29.458,-3002.087,YA_COW,Peter,Pomacentridae,Chromis,viridis,37372053,1,AD,Passing,
GX010042_L.MP4,44200,24.5801,YA_COW_Transect 3,1.8658,,5.689,4.518,3163.594,18.617,,,-1009.936,-3.132,-2998.057,YA_COW,Peter,Pomacentridae,Chromis,viridis,37372053,1,AD,Passing,
GX010042_L.MP4,44200,24.5801,YA_COW_Transect 3,1.8658,,5.276,1.795,3030.734,18.568,,,-959.075,105.553,-2873.044,YA_COW,Peter,Pomacentridae,Chromis,viridis,37372053,1,AD,Passing,
GX010042_L.MP4,44200,24.5801,YA_COW_Transect 3,1.8658,,9.66,1.191,4122.552,14.491,,,-1029.547,62.143,-3991.441,YA_COW,Peter,Pomacentridae,Chromis,viridis,37372053,1,AD,Passing,
GX010042_L.MP4,44200,24.5801,YA_COW_Transect 3,1.8658,,4.086,5.052,2608.99,16.786,,,-746.197,-105.797,-2497.764,YA_COW,Peter,Pomacentridae,Chromis,viridis,37372053,1,AD,Passing,
GX010042_L.MP4,44200,24.5801,YA_COW_Transect 3,1.8658,,3.958,2.588,2562.158,16.63,,,-727.965,-89.506,-2454.935,YA_COW,Peter,Pomacentridae,Chromis,viridis,37372053,1,AD,Passing,
GX010042_L.MP4,44200,24.5801,YA_COW_Transect 3,1.8658,,5.472,3.862,3052.055,15.673,,,-824.283,-21.182,-2938.563,YA_COW,Peter,Pomacentridae,Chromis,viridis,37372053,1,AD,Passing,
GX010042_L.MP4,44200,24.5801,YA_COW_Transect 3,1.8658,,5.091,0.943,2947.105,16.674,,,-845.59,-4.197,-2823.188,YA_COW,Peter,Pomacentridae,Chromis,viridis,37372053,1,AD,Passing,
GX010042_L.MP4,44200,24.5801,YA_COW_Transect 3,1.8658,,4.8,1.626,2872.16,18.029,,,-887.037,-59.246,-2731.109,YA_COW,Peter,Pomacentridae,Chromis,viridis,37372053,1,AD,Passing,
GX010042_L.MP4,44200,24.5801,YA_COW_Transect 3,1.8658,,4.429,7.519,2757.594,18.675,,,-881.465,-53.23,-2612.377,YA_COW,Peter,Pomacentridae,Chromis,viridis,37372053,1,AD,Passing,
GX010042_L.MP4,44200,24.5801,YA_COW_Transect 3,1.8658,,6.019,9.214,3204.835,17.248,,,-891.187,-331.57,-3060.525,YA_COW,Peter,Pomacentridae,Chromis,viridis,37372053,1,AD,Passing,
GX010042_L.MP4,44200,24.5801,YA_COW_Transect 3,1.8658,,5.944,1.031,3160.871,15.807,,,-792.473,-338.466,-3041.141,YA_COW,Peter,Pomacentridae,Chromis,viridis,37372053,1,AD,Passing,
GX010042_L.MP4,44200,24.5801,YA_COW_Transect 3,1.8658,,4.478,2.148,2753.52,18.155,,,-831.618,-212.61,-2616.311,YA_COW,Peter,Pomacentridae,Chromis,viridis,37372053,1,AD,Passing,
GX010042_L.MP4,44200,24.5801,YA_COW_Transect 3,1.8658,,5.988,4.862,3248.627,19.237,,,-1047.173,-223.38,-3067.101,YA_COW,Peter,Pomacentridae,Chromis,viridis,37372053,1,AD,Passing,
GX010042_L.MP4,44200,24.5801,YA_COW_Transect 3,1.8658,,8.734,3.774,3889.411,14.915,,,-961.666,-280.247,-3758.215,YA_COW,Peter,Pomacentridae,Chromis,viridis,37372053,1,AD,Passing,
GX010042_L.MP4,44200,24.5801,YA_COW_Transect 3,1.8658,,8.764,7.728,3884.697,14.373,,,-915.784,-304.326,-3762.924,YA_COW,Peter,Pomacentridae,Chromis,viridis,37372053,1,AD,Passing,
GX010042_L.MP4,44200,24.5801,YA_COW_Transect 3,1.8658,,8.641,2.242,3855.148,14.024,,,-892.474,-278.227,-3740.087,YA_COW,Peter,Pomacentridae,Chromis,viridis,37372053,1,AD,Passing,
GX010042_L.MP4,44200,24.5801,YA_COW_Transect 3,1.8658,,3.942,1.623,2541.242,16.34,,,-679.71,-223.119,-2438.467,YA_COW,Peter,Pomacentridae,Chromis,viridis,37372053,1,AD,Passing,
GX010042_L.MP4,44200,24.5801,YA_COW_Transect 3,1.8658,,7.241,0.342,3508.22,11.87,,,-720.96,28.396,-3433.223,YA_COW,Peter,Pomacentridae,Chromis,viridis,37372053,1,AD,Passing,
GX010042_L.MP4,44200,24.5801,YA_COW_Transect 3,1.8658,,7.027,9.898,3455.551,12.323,,,-736.906,27.438,-3375.952,YA_COW,Peter,Pomacentridae,Chromis,viridis,37372053,1,AD,Passing,
GX010042_L.MP4,44200,24.5801,YA_COW_Transect 3,1.8658,,6.365,0.725,3282.413,13.05,,,-741.09,10.525,-3197.641,YA_COW,Peter,Pomacentridae,Chromis,viridis,37372053,1,AD,Passing,
GX010042_L.MP4,44200,24.5801,YA_COW_Transect 3,1.8658,,6.366,1.244,3285.522,13.354,,,-758.499,21.96,-3196.694,YA_COW,Peter,Pomacentridae,Chromis,viridis,37372053,1,AD,Passing,
GX010042_L.MP4,44200,24.5801,YA_COW_Transect 3,1.8658,,6.273,3.007,3266.129,14.065,,,-792.271,46.089,-3168.246,YA_COW,Peter,Pomacentridae,Chromis,viridis,37372053,1,AD,Passing,
GX010042_L.MP4,44200,24.5801,YA_COW_Transect 3,1.8658,,6.233,2.298,3260.951,14.618,,,-821.342,49.898,-3155.426,YA_COW,Peter,Pomacentridae,Chromis,viridis,37372053,1,AD,Passing,
GX010042_L.MP4,44200,24.5801,YA_COW_Transect 3,1.8658,,4.891,2.611,2840.672,12.689,,,-622.748,-40.93,-2771.268,YA_COW,Peter,Pomacentridae,Chromis,viridis,37372053,1,AD,Passing,
GX010042_L.MP4,44200,24.5801,YA_COW_Transect 3,1.8658,,4.351,3.049,2681.029,14.727,,,-680.519,-39.264,-2592.926,YA_COW,Peter,Pomacentridae,Chromis,viridis,37372053,1,AD,Passing,
GX010042_L.MP4,44200,24.5801,YA_COW_Transect 3,1.8658,,5.465,1.886,3026.953,13.625,,,-713.016,-10.729,-2941.758,YA_COW,Peter,Pomacentridae,Chromis,viridis,37372053,1,AD,Passing,
GX010042_L.MP4,44200,24.5801,YA_COW_Transect 3,1.8658,,6.369,3.248,3310.512,15.407,,,-879.315,-20.067,-3191.534,YA_COW,Peter,Pomacentridae,Chromis,viridis,37372053,1,AD,Passing,
GX010042_L.MP4,44200,24.5801,YA_COW_Transect 3,1.8658,,4.218,2.543,2627.058,14.018,,,-630.053,-90.866,-2548.767,YA_COW,Peter,Pomacentridae,Chromis,viridis,37372053,1,AD,Passing,
GX010042_L.MP4,44200,24.5801,YA_COW_Transect 3,1.8658,,3.684,3.104,2448.645,15.625,,,-646.87,-129.945,-2358.079,YA_COW,Peter,Pomacentridae,Chromis,viridis,37372053,1,AD,Passing,
GX010042_L.MP4,44200,24.5801,YA_COW_Transect 3,1.8658,,3.848,6.031,2501.824,14.874,,,-630,-126.105,-2417.917,YA_COW,Peter,Pomacentridae,Chromis,viridis,37372053,1,AD,Passing,
GX010042_L.MP4,44200,24.5801,YA_COW_Transect 3,1.8658,,7.075,1.037,3494.594,15.483,,,-916.243,-177.554,-3367.664,YA_COW,Peter,Pomacentridae,Chromis,viridis,37372053,1,AD,Passing,
GX010042_L.MP4,44200,24.5801,YA_COW_Transect 3,1.8658,,4.028,1.239,2558.434,14.789,,,-620.318,-205.681,-2473.557,YA_COW,Peter,Pomacentridae,Chromis,viridis,37372053,1,AD,Passing,
GX010042_L.MP4,44200,24.5801,YA_COW_Transect 3,1.8658,,4.059,0.197,2556.293,13.111,,,-545.017,-199.463,-2489.539,YA_COW,Peter,Pomacentridae,Chromis,viridis,37372053,1,AD,Passing,
GX010042_L.MP4,44200,24.5801,YA_COW_Transect 3,1.8658,,4.203,4.319,2600.014,12.677,,,-522.275,-231.257,-2536.497,YA_COW,Peter,Pomacentridae,Chromis,viridis,37372053,1,AD,Passing,
GX010042_L.MP4,44200,24.5801,YA_COW_Transect 3,1.8658,,5.912,0.841,3149.929,13.798,,,-727.387,-189.692,-3058.917,YA_COW,Peter,Pomacentridae,Chromis,viridis,37372053,1,AD,Passing,
GX010042_L.MP4,44200,24.5801,YA_COW_Transect 3,1.8658,,5.023,0.045,2871.927,12.489,,,-594.338,-181.86,-2803.864,YA_COW,Peter,Pomacentridae,Chromis,viridis,37372053,1,AD,Passing,
GX010042_L.MP4,44200,24.5801,YA_COW_Transect 3,1.8658,,8.666,2.822,3845.296,12.47,,,-785.454,-271.464,-3754.42,YA_COW,Peter,Pomacentridae,Chromis,viridis,37372053,1,AD,Passing,
GX010042_L.MP4,44200,24.5801,YA_COW_Transect 3,1.8658,,8.398,1.203,3791.426,13.272,,,-832.56,-256.038,-3690.014,YA_COW,Peter,Pomacentridae,Chromis,viridis,37372053,1,AD,Passing,
GX010042_L.MP4,44200,24.5801,YA_COW_Transect 3,1.8658,,5.778,5.278,3093.548,10.425,,,-548.427,-113.902,-3042.416,YA_COW,Peter,Pomacentridae,Chromis,viridis,37372053,1,AD,Passing,
GX010042_L.MP4,44200,24.5801,YA_COW_Transect 3,1.8658,,5.321,3.366,2964.772,11.322,,,-578.875,-62.294,-2907.043,YA_COW,Peter,Pomacentridae,Chromis,viridis,37372053,1,AD,Passing,
GX010042_L.MP4,44200,24.5801,YA_COW_Transect 3,1.8658,,4.87,1.913,2827.922,11.955,,,-580.609,-79.218,-2766.543,YA_COW,Peter,Pomacentridae,Chromis,viridis,37372053,1,AD,Passing,
GX010042_L.MP4,44200,24.5801,YA_COW_Transect 3,1.8658,,5.951,1.263,3161.26,13.131,,,-708.196,-120.957,-3078.538,YA_COW,Peter,Pomacentridae,Chromis,viridis,37372053,1,AD,Passing,
GX010042_L.MP4,44200,24.5801,YA_COW_Transect 3,1.8658,,4.936,1.873,2875.912,14.92,,,-740.132,19.929,-2778.97,YA_COW,Peter,Pomacentridae,Chromis,viridis,37372053,1,AD,Passing,
GX010042_L.MP4,44200,24.5801,YA_COW_Transect 3,1.8658,,6.982,4.156,3426.465,9.042,,,-538.5,-3.361,-3383.883,YA_COW,Peter,Pomacentridae,Chromis,viridis,37372053,1,AD,Passing,
GX010042_L.MP4,44200,24.5801,YA_COW_Transect 3,1.8658,,8.634,4.996,3838.334,7.701,,,-511.468,-56.498,-3803.684,YA_COW,Peter,Pomacentridae,Chromis,viridis,37372053,1,AD,Passing,
GX010042_L.MP4,44200,24.5801,YA_COW_Transect 3,1.8658,,7.679,6.406,3605.488,8.761,,,-547.78,-40.671,-3563.401,YA_COW,Peter,Pomacentridae,Chromis,viridis,37372053,1,AD,Passing,
GX010042_L.MP4,44200,24.5801,YA_COW_Transect 3,1.8658,,5.795,10.441,3101.016,10.314,,,-552.84,-53.192,-3050.875,YA_COW,Peter,Pomacentridae,Chromis,viridis,37372053,1,AD,Passing,
GX010042_L.MP4,44200,24.5801,YA_COW_Transect 3,1.8658,,6.658,5.264,3358.953,13.407,,,-763.302,-156.538,-3267.328,YA_COW,Peter,Pomacentridae,Chromis,viridis,37372053,1,AD,Passing,
GX010042_L.MP4,44200,24.5801,YA_COW_Transect 3,1.8658,,3.935,2.496,2505.155,10.249,,,-430.535,-116.802,-2465.116,YA_COW,Peter,Pomacentridae,Chromis,viridis,37372053,1,AD,Passing,
GX010042_L.MP4,44200,24.5801,YA_COW_Transect 3,1.8658,,3.896,0.698,2493.483,11.175,,,-462.683,-140.897,-2446.126,YA_COW,Peter,Pomacentridae,Chromis,viridis,37372053,1,AD,Passing,
GX010042_L.MP4,44200,24.5801,YA_COW_Transect 3,1.8658,,5.536,0.742,3021.431,11.121,,,-558.624,-167.862,-2964.592,YA_COW,Peter,Pomacentridae,Chromis,viridis,37372053,1,AD,Passing,
GX010042_L.MP4,44200,24.5801,YA_COW_Transect 3,1.8658,,8.806,16.797,3987.623,17.946,,,-1228.256,-33.204,-3793.602,YA_COW,Peter,Pomacentridae,Chromis,viridis,37372053,1,AD,Passing,
GX010042_L.MP4,44200,24.5801,YA_COW_Transect 3,1.8658,,6.308,2.622,3226.813,8.732,,,-418.799,-256.013,-3189.261,YA_COW,Peter,Pomacentridae,Chromis,viridis,37372053,1,AD,Passing,
GX010042_L.MP4,44200,24.5801,YA_COW_Transect 3,1.8658,,5.808,3.452,3089.673,9.162,,,-442.57,-216.582,-3050.132,YA_COW,Peter,Pomacentridae,Chromis,viridis,37372053,1,AD,Passing,
GX010042_L.MP4,44200,24.5801,YA_COW_Transect 3,1.8658,,4.38,2.769,2646.344,9.383,,,-361.422,-237.106,-2610.803,YA_COW,Peter,Pomacentridae,Chromis,viridis,37372053,1,AD,Passing,
GX010042_L.MP4,44200,24.5801,YA_COW_Transect 3,1.8658,,3.775,3.038,2441.993,9.842,,,-369.289,-195.965,-2405.941,YA_COW,Peter,Pomacentridae,Chromis,viridis,37372053,1,AD,Passing,
GX010042_L.MP4,44200,24.5801,YA_COW_Transect 3,1.8658,,4.739,4.017,2766.93,10.732,,,-458.502,-236.657,-2718.395,YA_COW,Peter,Pomacentridae,Chromis,viridis,37372053,1,AD,Passing,
GX010042_L.MP4,44200,24.5801,YA_COW_Transect 3,1.8658,,7.891,9.427,3634.174,6.166,,,-26.126,-391.607,-3612.919,YA_COW,Peter,Pomacentridae,Chromis,viridis,37372053,1,AD,Passing,
GX010042_L.MP4,44200,24.5801,YA_COW_Transect 3,1.8658,,8.475,3.838,3769.945,6.643,,,9.715,-438.212,-3744.377,YA_COW,Peter,Pomacentridae,Chromis,viridis,37372053,1,AD,Passing,
GX010042_L.MP4,44200,24.5801,YA_COW_Transect 3,1.8658,,8.814,0.979,3849.225,6.433,,,69.228,-427.92,-3824.739,YA_COW,Peter,Pomacentridae,Chromis,viridis,37372053,1,AD,Passing,
GX010042_L.MP4,44200,24.5801,YA_COW_Transect 3,1.8658,,9.067,5.297,3902.842,7.148,,,22.895,-487.388,-3872.222,YA_COW,Peter,Pomacentridae,Chromis,viridis,37372053,1,AD,Passing,
GX010042_L.MP4,44200,24.5801,YA_COW_Transect 3,1.8658,,9.739,2.819,4050.651,6.956,,,127.203,-476.162,-4020.555,YA_COW,Peter,Pomacentridae,Chromis,viridis,37372053,1,AD,Passing,
GX010042_L.MP4,44200,24.5801,YA_COW_Transect 3,1.8658,,4.365,9,2628.618,9.807,,,-148.903,-423.743,-2589.962,YA_COW,Peter,Pomacentridae,Chromis,viridis,37372053,1,AD,Passing,
GX010042_L.MP4,44200,24.5801,YA_COW_Transect 3,1.8658,,7.906,3.157,3623.429,7.999,,,-46.388,-504.156,-3587.884,YA_COW,Peter,Pomacentridae,Chromis,viridis,37372053,1,AD,Passing,
GX010042_L.MP4,44200,24.5801,YA_COW_Transect 3,1.8658,,9.235,3.1,3936.419,8.096,,,-169.022,-530.281,-3896.874,YA_COW,Peter,Pomacentridae,Chromis,viridis,37372053,1,AD,Passing,
GX010042_L.MP4,44200,24.5801,YA_COW_Transect 3,1.8658,,10.029,4.323,4159.584,3.778,,,-84.534,-263.131,-4150.392,YA_COW,Peter,Pomacentridae,Chromis,viridis,37372053,1,AD,Passing,
GX010042_L.MP4,44200,24.5801,YA_COW_Transect 3,1.8658,,9.381,2.357,4000.485,5.202,,,-159.621,-328.023,-3983.817,YA_COW,Peter,Pomacentridae,Chromis,viridis,37372053,1,AD,Passing,
GX010042_L.MP4,44200,24.5801,YA_COW_Transect 3,1.8658,,14.529,3.118,5033.019,5.715,,,-53.831,-501.212,-5007.711,YA_COW,Peter,Pomacentridae,Chromis,viridis,37372053,1,AD,Passing,
GX010042_L.MP4,44200,24.5801,YA_COW_Transect 3,1.8658,,6.875,3.067,3386.081,5.048,,,-121.502,-274.025,-3372.787,YA_COW,Peter,Pomacentridae,Chromis,viridis,37372053,1,AD,Passing,
GX010042_L.MP4,44200,24.5801,YA_COW_Transect 3,1.8658,,9.069,14.663,3941.608,4.651,,,-259.861,-188.363,-3928.52,YA_COW,Peter,Pomacentridae,Chromis,viridis,37372053,1,AD,Passing,
GX010042_L.MP4,44200,24.5801,YA_COW_Transect 3,1.8658,,8.074,14.546,3701.344,5.935,,,-360.014,-131.967,-3681.43,YA_COW,Peter,Pomacentridae,Chromis,viridis,37372053,1,AD,Passing,
GX010042_L.MP4,44200,24.5801,YA_COW_Transect 3,1.8658,,8.442,4.843,3790.126,6.585,,,-416.598,-126.226,-3765.045,YA_COW,Peter,Pomacentridae,Chromis,viridis,37372053,1,AD,Passing,
GX010042_L.MP4,44200,24.5801,YA_COW_Transect 3,1.8658,,8.932,17.23,3905.463,8.687,,,-577.054,-124.66,-3860.584,YA_COW,Peter,Pomacentridae,Chromis,viridis,37372053,1,AD,Passing,
GX010042_L.MP4,44200,24.5801,YA_COW_Transect 3,1.8658,,5.764,2.341,3076.99,7.212,,,-328.644,-204.791,-3052.527,YA_COW,Peter,Pomacentridae,Chromis,viridis,37372053,1,AD,Passing,
GX010042_L.MP4,44200,24.5801,YA_COW_Transect 3,1.8658,,5.671,0.199,3052,8.086,,,-392.272,-176.211,-3021.552,YA_COW,Peter,Pomacentridae,Chromis,viridis,37372053,1,AD,Passing,
GX010042_L.MP4,44200,24.5801,YA_COW_Transect 3,1.8658,,5.904,3.585,3108.808,8.005,,,-315.407,-298.327,-3078.345,YA_COW,Peter,Pomacentridae,Chromis,viridis,37372053,1,AD,Passing,
GX010042_L.MP4,44200,24.5801,YA_COW_Transect 3,1.8658,,5.316,1.28,2943.741,12.344,,,-539.833,-325.14,-2875.495,YA_COW,Peter,Pomacentridae,Chromis,viridis,37372053,1,AD,Passing,
GX010042_L.MP4,44200,24.5801,YA_COW_Transect 3,1.8658,,10.816,1.071,4293.777,11.784,,,-766.549,-428.301,-4203.033,YA_COW,Peter,Pomacentridae,Chromis,viridis,37372053,1,AD,Passing,
GX010042_L.MP4,44200,24.5801,YA_COW_Transect 3,1.8658,,10.808,7.451,4294.912,6.725,,,-227.98,-450.813,-4265.098,YA_COW,Peter,Pomacentridae,Chromis,viridis,37372053,1,AD,Passing,
GX010042_L.MP4,44200,24.5801,YA_COW_Transect 3,1.8658,,11.489,11.578,4445.203,6.135,,,-258.337,-401.231,-4419.514,YA_COW,Peter,Pomacentridae,Chromis,viridis,37372053,1,AD,Passing,
GX010042_L.MP4,44200,24.5801,YA_COW_Transect 3,1.8658,,9.637,3.357,4053.713,5.87,,,-245.634,-336.342,-4032.261,YA_COW,Peter,Pomacentridae,Chromis,viridis,37372053,1,AD,Passing,
GX010042_L.MP4,44200,24.5801,YA_COW_Transect 3,1.8658,,6.738,3.969,3346.769,6.369,,,-271.11,-255.573,-3325.966,YA_COW,Peter,Pomacentridae,Chromis,viridis,37372053,1,AD,Passing,
GX010042_L.MP4,44200,24.5801,YA_COW_Transect 3,1.8658,,8.914,1.463,3891.063,6.358,,,-340.275,-266.631,-3866.975,YA_COW,Peter,Pomacentridae,Chromis,viridis,37372053,1,AD,Passing,
GX010042_L.MP4,44200,24.5801,YA_COW_Transect 3,1.8658,,5.952,0.081,3139.072,8.803,,,-467.816,-110.96,-3102.033,YA_COW,Peter,Pomacentridae,Chromis,viridis,37372053,1,AD,Passing,
GX010042_L.MP4,44200,24.5801,YA_COW_Transect 3,1.8658,,6.053,5.446,3164.847,9.22,,,-480.344,-164.314,-3123.864,YA_COW,Peter,Pomacentridae,Chromis,viridis,37372053,1,AD,Passing,
GX010042_L.MP4,44200,24.5801,YA_COW_Transect 3,1.8658,,6.082,0.792,3172.48,9.954,,,-513.877,-193.239,-3124.614,YA_COW,Peter,Pomacentridae,Chromis,viridis,37372053,1,AD,Passing,
GX010042_L.MP4,44200,24.5801,YA_COW_Transect 3,1.8658,,12.628,2.811,4624.069,10.588,,,-584.323,-619.497,-4544.976,YA_COW,Peter,Pomacentridae,Chromis,viridis,37372053,1,AD,Passing,
GX010042_L.MP4,44200,24.5801,YA_COW_Transect 3,1.8658,,14.277,8.27,4933.142,10.079,,,-592.393,-630.843,-4856.645,YA_COW,Peter,Pomacentridae,Chromis,viridis,37372053,1,AD,Passing,
GX010042_L.MP4,44200,24.5801,YA_COW_Transect 3,1.8658,,12.64,0.856,4641.573,9.011,,,-498.005,-532.271,-4583.98,YA_COW,Peter,Pomacentridae,Chromis,viridis,37372053,1,AD,Passing,
GX010042_L.MP4,44200,24.5801,YA_COW_Transect 3,1.8658,,16.601,0.094,5357.081,7.958,,,-351.73,-656.057,-5305.11,YA_COW,Peter,Pomacentridae,Chromis,viridis,37372053,1,AD,Passing,
GX010042_L.MP4,44200,24.5801,YA_COW_Transect 3,1.8658,,11.921,0.094,4515.651,7.254,,,-261.615,-509.256,-4479.21,YA_COW,Peter,Pomacentridae,Chromis,viridis,37372053,1,AD,Passing,
GX010042_L.MP4,44200,24.5801,YA_COW_Transect 3,1.8658,,14.74,3.565,5041.323,7.774,,,-406.895,-550.128,-4994.671,YA_COW,Peter,Pomacentridae,Chromis,viridis,37372053,1,AD,Passing,
GX010042_L.MP4,44200,24.5801,YA_COW_Transect 3,1.8658,,11.324,2.949,4390.748,7.762,,,-335.192,-491.738,-4350.231,YA_COW,Peter,Pomacentridae,Chromis,viridis,37372053,1,AD,Passing,
GX010042_L.MP4,44200,24.5801,YA_COW_Transect 3,1.8658,,16.624,5.2,5354.533,11.887,,,-923.076,-606.646,-5239.365,YA_COW,Peter,Pomacentridae,Chromis,viridis,37372053,1,AD,Passing,
GX010042_L.MP4,44200,24.5801,YA_COW_Transect 3,1.8658,,13.133,3.157,4723.867,8.31,,,160.766,-666.235,-4673.885,YA_COW,Peter,Pomacentridae,Chromis,viridis,37372053,1,AD,Passing,
GX010042_L.MP4,44200,24.5801,YA_COW_Transect 3,1.8658,,15.556,6.732,5163.223,7.988,,,204.161,-690.873,-5112.718,YA_COW,Peter,Pomacentridae,Chromis,viridis,37372053,1,AD,Passing,
GX010042_L.MP4,44200,24.5801,YA_COW_Transect 3,1.8658,,14.392,1.6,4904.247,10.372,,,466.976,-752.195,-4823.668,YA_COW,Peter,Pomacentridae,Chromis,viridis,37372053,1,AD,Passing,
GX010042_L.MP4,44200,24.5801,YA_COW_Transect 3,1.8658,,8.55,0.624,3758.799,9.82,,,86.086,-637.412,-3703.358,YA_COW,Peter,Pomacentridae,Chromis,viridis,37372053,1,AD,Passing,
GX010042_L.MP4,44200,24.5801,YA_COW_Transect 3,1.8658,,11.633,0.702,4415.991,10.342,,,109.056,-787.801,-4343.784,YA_COW,Peter,Pomacentridae,Chromis,viridis,37372053,1,AD,Passing,
GX010042_L.MP4,44200,24.5801,YA_COW_Transect 3,1.8658,,12.511,6.236,4605.429,8.773,,,81.164,-700.34,-4551.144,YA_COW,Peter,Pomacentridae,Chromis,viridis,37372053,1,AD,Passing,
GX010042_L.MP4,44200,24.5801,YA_COW_Transect 3,1.8658,,13.529,4.728,4789.629,8.805,,,184.196,-712.397,-4732.769,YA_COW,Peter,Pomacentridae,Chromis,viridis,37372053,1,AD,Passing,
GX010042_L.MP4,44200,24.5801,YA_COW_Transect 3,1.8658,,13.863,8.305,4867.516,8.274,,,64.958,-700.263,-4816.443,YA_COW,Peter,Pomacentridae,Chromis,viridis,37372053,1,AD,Passing,
GX010042_L.MP4,44200,24.5801,YA_COW_Transect 3,1.8658,,13.293,8.917,4770.095,7.846,,,2.982,-653.955,-4725.055,YA_COW,Peter,Pomacentridae,Chromis,viridis,37372053,1,AD,Passing,
GX010042_L.MP4,44200,24.5801,YA_COW_Transect 3,1.8658,,16.915,6.502,5414.599,7.427,,,78.592,-698.596,-5368.768,YA_COW,Peter,Pomacentridae,Chromis,viridis,37372053,1,AD,Passing,
GX010042_L.MP4,44200,24.5801,YA_COW_Transect 3,1.8658,,11.534,3.959,4431.717,7.605,,,-97.059,-580.994,-4392.396,YA_COW,Peter,Pomacentridae,Chromis,viridis,37372053,1,AD,Passing,
GX010042_L.MP4,44200,24.5801,YA_COW_Transect 3,1.8658,,5.927,3.977,3120.763,5.891,,,-157.384,-280.785,-3104.119,YA_COW,Peter,Pomacentridae,Chromis,viridis,37372053,1,AD,Passing,
GX010042_L.MP4,44200,24.5801,YA_COW_Transect 3,1.8658,,8.205,5.89,3727.682,6.509,,,-377.984,-191.029,-3703.546,YA_COW,Peter,Pomacentridae,Chromis,viridis,37372053,1,AD,Passing,
GX010042_L.MP4,44200,24.5801,YA_COW_Transect 3,1.8658,,5.505,1.163,3217.943,24.548,,,-1317.493,225.35,-2927.215,YA_COW,Peter,Pomacentridae,Chromis,viridis,37372053,1,AD,Passing,
GX010042_L.MP4,44200,24.5801,YA_COW_Transect 3,1.8658,,9.675,1.748,4373.813,25.243,,,-1840.42,301.09,-3956.316,YA_COW,Peter,Pomacentridae,Chromis,viridis,37372053,1,AD,Passing,
GX010042_L.MP4,44200,24.5801,YA_COW_Transect 3,1.8658,,9.353,2.861,4182.867,21.818,,,-1520.776,320.167,-3883.44,YA_COW,Peter,Pomacentridae,Chromis,viridis,37372053,1,AD,Passing,
GX010042_L.MP4,44200,24.5801,YA_COW_Transect 3,1.8658,,5.448,1.14,3283.231,27.903,,,-1517.843,236.751,-2901.673,YA_COW,Peter,Pomacentridae,Chromis,viridis,37372053,1,AD,Passing,
GX010042_L.MP4,44200,24.5801,YA_COW_Transect 3,1.8658,,7.332,0.367,3844.999,28.043,,,-1774.763,341.386,-3393.772,YA_COW,Peter,Pomacentridae,Chromis,viridis,37372053,1,AD,Passing,
GX010042_L.MP4,44200,24.5801,YA_COW_Transect 3,1.8658,,6.357,0.947,3610.98,29.912,,,-1770.053,328.978,-3130.155,YA_COW,Peter,Pomacentridae,Chromis,viridis,37372053,1,AD,Passing,
GX010042_L.MP4,44231,24.5974,YA_COW_Transect 3,1.883,,5.798,1.699,3098.999,24.894,,,884.643,-960.318,-2810.514,YA_COW,Peter,Pomacentridae,Chromis,viridis,37372053,1,AD,Passing,
GX010042_L.MP4,44304,24.6379,YA_COW_Transect 3,1.9236,,6.325,2.46,3289.58,25.365,,,1153.745,-810.854,-2971.99,YA_COW,Peter,Pomacentridae,Amblyglyphidodon,curacao,37372017,1,AD,Passing,
GX010042_L.MP4,44348,24.6624,YA_COW_Transect 3,1.9481,,3.899,1.33,2491.487,19.211,,,-99.816,-815.089,-2352.27,YA_COW,Peter,Pomacentridae,Dascyllus,aruanus,37372073,1,AD,Passing,
GX010042_L.MP4,44348,24.6624,YA_COW_Transect 3,1.9481,,4.35,0.811,2624.91,15.905,,,-106.565,-712.884,-2524.003,YA_COW,Peter,Acanthuridae,Naso,lituratus,37437029,1,AD,Passing,
GX010042_L.MP4,44374,24.6769,YA_COW_Transect 3,1.9625,,2.799,15.946,2204.7,27.717,,,-873.507,-538.258,-1951.401,YA_COW,Peter,Pomacentridae,Dascyllus,aruanus,37372073,1,AD,Passing,
GX010042_L.MP4,44390,24.6858,YA_COW_Transect 3,1.9714,60.341,3.339,9.675,2549.454,22.798,6.973,53.541,-802.56,-576.016,-2350.281,YA_COW,Peter,Chaetodontidae,Heniochus,varius,37365078,1,AD,Passing,
GX010042_L.MP4,44407,24.6952,YA_COW_Transect 3,1.9809,77.599,7.319,17.167,2325.714,25.764,76.092,11.572,-706.238,-723.323,-2094.511,YA_COW,Peter,Pomacentridae,Amphiprion,barberi,temp_code_014,1,AD,Passing,
GX010042_L.MP4,44619,24.8131,YA_COW_Transect 3,2.0988,,7.618,5.635,3881.15,25.85,,,-1678.554,-216.846,-3492.672,YA_COW,Peter,Pomacentridae,Chromis,viridis,37372053,1,AD,Passing,
GX010042_L.MP4,44781,24.9032,YA_COW_Transect 3,2.1889,,20.107,3.773,5913.729,20.267,,,1844.286,888.316,-5548.126,YA_COW,Peter,Pomacentridae,Chromis,viridis,37372053,1,AD,Passing,
GX010042_L.MP4,44781,24.9032,YA_COW_Transect 3,2.1889,,22.031,3.794,6199.289,20.775,,,1965.549,982.269,-5796.805,YA_COW,Peter,Pomacentridae,Chromis,viridis,37372053,1,AD,Passing,
GX010042_L.MP4,44781,24.9032,YA_COW_Transect 3,2.1889,,20.56,5.525,6020.669,21.281,,,1997.564,882.57,-5610.639,YA_COW,Peter,Pomacentridae,Chromis,viridis,37372053,1,AD,Passing,
GX010042_L.MP4,44781,24.9032,YA_COW_Transect 3,2.1889,,21.847,1.301,6196.856,21.494,,,2043.408,986.539,-5766.476,YA_COW,Peter,Pomacentridae,Chromis,viridis,37372053,1,AD,Passing,
GX010042_L.MP4,44781,24.9032,YA_COW_Transect 3,2.1889,,20.598,1.481,6051.524,22.23,,,2094.42,921.321,-5602.278,YA_COW,Peter,Pomacentridae,Chromis,viridis,37372053,1,AD,Passing,
GX010042_L.MP4,44781,24.9032,YA_COW_Transect 3,2.1889,,20.184,1.546,5981.141,22.398,,,2063.248,964.686,-5530.501,YA_COW,Peter,Pomacentridae,Chromis,viridis,37372053,1,AD,Passing,
GX010042_L.MP4,44781,24.9032,YA_COW_Transect 3,2.1889,,21.294,3.013,6142.742,22.71,,,2124.761,1050.019,-5667.109,YA_COW,Peter,Pomacentridae,Chromis,viridis,37372053,1,AD,Passing,
GX010042_L.MP4,44781,24.9032,YA_COW_Transect 3,2.1889,,17.804,5.099,5643.977,22.631,,,2012.176,814.181,-5209.869,YA_COW,Peter,Pomacentridae,Chromis,viridis,37372053,1,AD,Passing,
GX010042_L.MP4,44781,24.9032,YA_COW_Transect 3,2.1889,,19.742,1.572,5938.768,22.207,,,2081.093,837.822,-5498.734,YA_COW,Peter,Pomacentridae,Chromis,viridis,37372053,1,AD,Passing,
GX010042_L.MP4,44781,24.9032,YA_COW_Transect 3,2.1889,,20.126,6.153,6040.211,23.749,,,2251.441,917.899,-5529.251,YA_COW,Peter,Pomacentridae,Chromis,viridis,37372053,1,AD,Passing,
GX010042_L.MP4,44781,24.9032,YA_COW_Transect 3,2.1889,,25.006,4.613,6726.228,23.731,,,2477.245,1087.503,-6158.144,YA_COW,Peter,Pomacentridae,Chromis,viridis,37372053,1,AD,Passing,
GX010042_L.MP4,44781,24.9032,YA_COW_Transect 3,2.1889,,20.607,0.284,6130.906,24.893,,,2357.942,1045.414,-5561.944,YA_COW,Peter,Pomacentridae,Chromis,viridis,37372053,1,AD,Passing,
GX010042_L.MP4,44781,24.9032,YA_COW_Transect 3,2.1889,,17.258,1.909,5614.779,24.615,,,2171.257,866.005,-5105.038,YA_COW,Peter,Pomacentridae,Chromis,viridis,37372053,1,AD,Passing,
GX010042_L.MP4,44781,24.9032,YA_COW_Transect 3,2.1889,,15.208,5.611,5313.892,26.372,,,2187.576,883.866,-4761.381,YA_COW,Peter,Pomacentridae,Chromis,viridis,37372053,1,AD,Passing,
GX010042_L.MP4,44781,24.9032,YA_COW_Transect 3,2.1889,,14.967,9.361,5369.948,28.658,,,2423.666,868.042,-4712.61,YA_COW,Peter,Pomacentridae,Chromis,viridis,37372053,1,AD,Passing,
GX010042_L.MP4,44781,24.9032,YA_COW_Transect 3,2.1889,,15.727,9.723,5458.53,27.53,,,2360.169,888.875,-4840.976,YA_COW,Peter,Pomacentridae,Chromis,viridis,37372053,1,AD,Passing,
GX010042_L.MP4,44781,24.9032,YA_COW_Transect 3,2.1889,,15.927,12.155,5527.261,27.938,,,2448.742,839.606,-4883.578,YA_COW,Peter,Pomacentridae,Chromis,viridis,37372053,1,AD,Passing,
GX010042_L.MP4,44781,24.9032,YA_COW_Transect 3,2.1889,,17.16,2.77,5669.473,26.094,,,2348.859,834.505,-5092.091,YA_COW,Peter,Pomacentridae,Chromis,viridis,37372053,1,AD,Passing,
GX010042_L.MP4,44781,24.9032,YA_COW_Transect 3,2.1889,,11.159,9.412,4767.348,32.692,,,2464.64,743.334,-4012.557,YA_COW,Peter,Pomacentridae,Chromis,viridis,37372053,1,AD,Passing,
GX010042_L.MP4,44781,24.9032,YA_COW_Transect 3,2.1889,,10.287,1.718,4591.52,32.74,,,2398.176,642.133,-3862.444,YA_COW,Peter,Pomacentridae,Chromis,viridis,37372053,1,AD,Passing,
GX010042_L.MP4,44781,24.9032,YA_COW_Transect 3,2.1889,,9.802,6.443,4536.57,32.077,,,2395.186,257.163,-3844.14,YA_COW,Peter,Pomacentridae,Chromis,viridis,37372053,1,AD,Passing,
GX010042_L.MP4,44827,24.9288,YA_COW_Transect 3,2.2144,,12.298,7.313,5003.942,28.756,,,2406.229,-75.266,-4386.779,YA_COW,Peter,Nemipteridae,Scolopsis,bilineata,37347031,1,AD,Passing,
GX010042_L.MP4,44827,24.9288,YA_COW_Transect 3,2.2144,,14.09,11.298,5107.597,22.887,,,1956.463,340.776,-4705.706,YA_COW,Peter,Pomacentridae,Amblyglyphidodon,orbicularis,temp_code_001,1,AD,Passing,
GX010042_L.MP4,44827,24.9288,YA_COW_Transect 3,2.2144,,11.452,3.507,4640.359,23.741,,,1865.513,98.271,-4247.722,YA_COW,Peter,Pomacentridae,Amblyglyphidodon,orbicularis,temp_code_001,1,AD,Passing,
GX010042_L.MP4,44878,24.9572,YA_COW_Transect 3,2.2428,155.027,1.259,6.914,1560.28,21.526,0.891,3.637,-199.454,-536.636,-1451.453,YA_COW,Peter,Nemipteridae,Scolopsis,bilineata,37347031,1,AD,Passing,
GX010042_L.MP4,44890,24.9638,YA_COW_Transect 3,2.2495,69.281,4.274,2.965,2085.556,16.459,32.34,11.459,-150.495,-571.426,-2000.092,YA_COW,Peter,Pomacentridae,Chromis,viridis,37372053,1,AD,Passing,
GX010042_L.MP4,44923,24.9822,YA_COW_Transect 3,2.2678,,9.836,11.142,4508.333,30.838,,,2300.644,-221.109,-3870.815,YA_COW,Peter,Lethrinidae,Monotaxis,grandoculis,37351026,1,AD,Passing,
GX010042_L.MP4,44923,24.9822,YA_COW_Transect 3,2.2678,,5.121,4.012,3127.626,29.076,,,1497.262,-262.989,-2733.329,YA_COW,Peter,Pomacentridae,Chromis,viridis,37372053,1,AD,Passing,
GX010042_L.MP4,44955,25,YA_COW_Transect 3,2.2856,,2.027,8.997,1759.326,24.313,,,446.174,-571.579,-1602.951,YA_COW,Peter,Acanthuridae,Ctenochaetus,striatus,37437022,1,AD,Passing,
GX010042_L.MP4,44972,25.0094,YA_COW_Transect 3,2.2951,,1.057,11.067,1228.153,24.041,,,-281.866,-414.05,-1121.371,YA_COW,Peter,Pomacentridae,Chromis,viridis,37372053,1,AD,Passing,
GX010042_L.MP4,44976,25.0117,YA_COW_Transect 3,2.2973,,3.776,3.845,2627.039,27.4,,,1208.418,35.428,-2332.339,YA_COW,Peter,Pomacentridae,Chromis,margaritifer,37372047,1,AD,Passing,
GX010042_L.MP4,44976,25.0117,YA_COW_Transect 3,2.2973,,10.304,3.984,4656.422,31.523,,,2432.386,-105.083,-3969.222,YA_COW,Peter,Pomacentridae,Amblyglyphidodon,orbicularis,temp_code_001,1,AD,Passing,
GX010042_L.MP4,45002,25.0261,YA_COW_Transect 3,2.3118,,3.755,1.618,2539.188,23.33,,,1005.592,0.826,-2331.579,YA_COW,Peter,Pomacentridae,Amblyglyphidodon,orbicularis,temp_code_001,1,AD,Passing,
GX010042_L.MP4,45002,25.0261,YA_COW_Transect 3,2.3118,,6.098,10.144,3484.163,30.782,,,1761.244,276.501,-2993.486,YA_COW,Peter,Pomacentridae,Chromis,viridis,37372053,1,AD,Passing,
GX010042_L.MP4,45015,25.0333,YA_COW_Transect 3,2.319,107.037,2.973,6.222,1402.739,18.98,71.047,17.078,-269.063,-368.425,-1326.479,YA_COW,Peter,Serranidae,Cephalopholis,sp,,1,AD,Passing,
GX010042_L.MP4,45024,25.0383,YA_COW_Transect 3,2.324,,4.194,1.284,2757.982,26.377,,,1220.359,-111.282,-2470.79,YA_COW,Peter,Pomacentridae,Amblyglyphidodon,orbicularis,temp_code_001,1,AD,Passing,
GX010042_L.MP4,45039,25.0467,YA_COW_Transect 3,2.3323,357.193,17.236,10.218,4236.369,23.891,32.735,0.158,1714.654,61.393,-3873.373,YA_COW,Peter,Lethrinidae,Lethrinus,harak,37351017,1,AD,Passing,
GX010042_L.MP4,45058,25.0573,YA_COW_Transect 3,2.3429,79.358,2.27,1.86,1284.945,15.786,60.286,28.536,4.057,-349.538,-1236.483,YA_COW,Peter,Pomacentridae,Amblyglyphidodon,curacao,37372017,1,AD,Passing,
GX010042_L.MP4,45058,25.0573,YA_COW_Transect 3,2.3429,,1.704,1.381,1565.382,14.029,,,158.284,-345.761,-1518.492,YA_COW,Peter,Pomacentridae,Amblyglyphidodon,curacao,37372017,1,AD,Passing,
GX010042_L.MP4,45070,25.0639,YA_COW_Transect 3,2.3496,56.242,3.417,2.695,1656.85,19.179,45.963,5.211,185.585,-511.701,-1564.888,YA_COW,Peter,Pomacentridae,Pomacentrus,maafu,temp_code_005,1,AD,Passing,
GX010042_L.MP4,45070,25.0639,YA_COW_Transect 3,2.3496,63.269,1.193,10.993,1141.901,18.913,28.545,26.17,-39.743,-367.985,-1080.252,YA_COW,Peter,Pomacentridae,Amblyglyphidodon,orbicularis,temp_code_001,1,AD,Passing,
GX010042_L.MP4,45070,25.0639,YA_COW_Transect 3,2.3496,,1.361,1.149,1385.874,15.711,,,151.108,-344.288,-1333.897,YA_COW,Peter,Pomacentridae,Amblyglyphidodon,orbicularis,temp_code_001,1,AD,Passing,
GX010042_L.MP4,45088,25.0739,YA_COW_Transect 3,2.3596,67.426,1.947,4.659,1845.314,20.223,4.656,4.488,-392.635,-502.72,-1731.559,YA_COW,Peter,Acanthuridae,Ctenochaetus,striatus,37437022,1,AD,Passing,
GX010042_L.MP4,45167,25.1179,YA_COW_Transect 3,2.4035,,13.305,4.44,4990.518,24.671,,,-1861.486,932.286,-4535.525,YA_COW,Peter,Pomacentridae,Chromis,viridis,37372053,1,AD,Passing,
GX010042_L.MP4,45167,25.1179,YA_COW_Transect 3,2.4035,,6.665,6.651,3552.812,27.512,,,-1487.567,691.399,-3151.441,YA_COW,Peter,Pomacentridae,Chromis,viridis,37372053,1,AD,Passing,
GX010042_L.MP4,45167,25.1179,YA_COW_Transect 3,2.4035,,6.258,7.244,3367.356,24.691,,,-1255.622,632.195,-3059.873,YA_COW,Peter,Pomacentridae,Chromis,viridis,37372053,1,AD,Passing,
GX010042_L.MP4,45213,25.1435,YA_COW_Transect 3,2.4291,,2.578,1.846,2097.92,23.662,,,-840.772,-45.948,-1921.525,YA_COW,Peter,Pomacentridae,Amblyglyphidodon,orbicularis,temp_code_001,1,AD,Passing,
GX010042_L.MP4,45213,25.1435,YA_COW_Transect 3,2.4291,,4.902,3.605,3021.43,24.92,,,-1245.29,262.977,-2740.28,YA_COW,Peter,Pomacentridae,Chromis,viridis,37372053,1,AD,Passing,
GX010042_L.MP4,45213,25.1435,YA_COW_Transect 3,2.4291,,5.011,3.237,3048.237,25.768,,,-1254.811,424.42,-2745.372,YA_COW,Peter,Pomacentridae,Chromis,viridis,37372053,1,AD,Passing,
GX010042_L.MP4,45213,25.1435,YA_COW_Transect 3,2.4291,,5.108,12.782,3134.28,28.353,,,-1410.192,474.785,-2758.559,YA_COW,Peter,Pomacentridae,Chromis,viridis,37372053,1,AD,Passing,
GX010042_L.MP4,45242,25.1596,YA_COW_Transect 3,2.4452,146.501,13.614,8.027,3217.999,26.101,76.321,20.01,1102.307,-888.407,-2889.839,YA_COW,Peter,Siganidae,Siganus,doliatus,37438009,1,AD,Passing,
GX010042_L.MP4,45242,25.1596,YA_COW_Transect 3,2.4452,,3.771,0.892,2486.323,19.565,,,831.405,-46.239,-2342.739,YA_COW,Peter,Pomacentridae,Pomacentrus,sp,,1,AD,Passing,
GX010042_L.MP4,45242,25.1596,YA_COW_Transect 3,2.4452,,6.759,0.99,3445.854,22.741,,,1282.298,-362.495,-3177.77,YA_COW,Peter,Pomacentridae,Chromis,ternatensis,37372051,1,AD,Passing,
GX010042_L.MP4,45242,25.1596,YA_COW_Transect 3,2.4452,,6.916,0.015,3397.537,17.377,,,969.464,-301.575,-3242.29,YA_COW,Peter,Pomacentridae,Chromis,ternatensis,37372051,1,AD,Passing,
GX010042_L.MP4,45242,25.1596,YA_COW_Transect 3,2.4452,,8.632,12.212,4005.43,24.608,,,1651.024,-238.826,-3641.504,YA_COW,Peter,Pomacentridae,Chromis,viridis,37372053,1,AD,Passing,
GX010042_L.MP4,45242,25.1596,YA_COW_Transect 3,2.4452,,4.174,14.682,2620.695,19.39,,,856.115,-156.496,-2471.967,YA_COW,Peter,Pomacentridae,Chromis,viridis,37372053,1,AD,Passing,
GX010042_L.MP4,45242,25.1596,YA_COW_Transect 3,2.4452,,3.335,0.927,2372.891,23.217,,,932.729,-72.459,-2180.683,YA_COW,Peter,Pomacentridae,Chromis,viridis,37372053,1,AD,Passing,
GX010042_L.MP4,45242,25.1596,YA_COW_Transect 3,2.4452,,3.331,1.084,2401.992,25.338,,,1015.591,-160.283,-2170.818,YA_COW,Peter,Pomacentridae,Chromis,viridis,37372053,1,AD,Passing,
GX010042_L.MP4,45242,25.1596,YA_COW_Transect 3,2.4452,,3.799,3.755,2564.302,25.312,,,1049.774,-317.548,-2317.926,YA_COW,Peter,Pomacentridae,Chromis,viridis,37372053,1,AD,Passing,
GX010042_L.MP4,45242,25.1596,YA_COW_Transect 3,2.4452,,5.666,1.321,3204.88,25.115,,,1338.585,-243.518,-2901.748,YA_COW,Peter,Pomacentridae,Chromis,viridis,37372053,1,AD,Passing,
GX010042_L.MP4,45242,25.1596,YA_COW_Transect 3,2.4452,,4.091,0.47,2669.251,23.94,,,1075.815,-127.04,-2439.545,YA_COW,Peter,Pomacentridae,Chromis,viridis,37372053,1,AD,Passing,
GX010042_L.MP4,45242,25.1596,YA_COW_Transect 3,2.4452,,16.648,7.726,5598.617,22.508,,,2142.686,-49.444,-5172.134,YA_COW,Peter,Pomacentridae,Chromis,viridis,37372053,1,AD,Passing,
GX010042_L.MP4,45242,25.1596,YA_COW_Transect 3,2.4452,,3.314,5.082,2383.391,24.315,,,979.313,62.341,-2172.007,YA_COW,Peter,Pomacentridae,Chromis,viridis,37372053,1,AD,Passing,
GX010042_L.MP4,45242,25.1596,YA_COW_Transect 3,2.4452,,3.497,4.431,2432.475,22.886,,,945.103,-41.82,-2240.974,YA_COW,Peter,Pomacentridae,Chromis,viridis,37372053,1,AD,Passing,
GX010042_L.MP4,45242,25.1596,YA_COW_Transect 3,2.4452,,3.136,6.09,2379.468,28.008,,,1117.268,14.724,-2100.801,YA_COW,Peter,Pomacentridae,Chromis,viridis,37372053,1,AD,Passing,
GX010042_L.MP4,45242,25.1596,YA_COW_Transect 3,2.4452,,3.62,4.06,2606.909,29.327,,,1276.648,-24.796,-2272.781,YA_COW,Peter,Pomacentridae,Chromis,viridis,37372053,1,AD,Passing,
GX010042_L.MP4,45242,25.1596,YA_COW_Transect 3,2.4452,,3.25,0.283,2439.13,28.708,,,1167.886,-94.563,-2139.265,YA_COW,Peter,Pomacentridae,Chromis,viridis,37372053,1,AD,Passing,
GX010042_L.MP4,45289,25.1857,YA_COW_Transect 3,2.4714,,3.635,5.798,2506.895,28.272,,,1022.363,-605.242,-2207.483,YA_COW,Peter,Pomacentridae,Amblyglyphidodon,orbicularis,temp_code_001,1,AD,Passing,
GX010042_L.MP4,45304,25.1941,YA_COW_Transect 3,2.4797,,2.348,2.087,2002.135,24.894,,,-836.572,-103.068,-1816.058,YA_COW,Peter,Pomacentridae,Pomacentrus,callainus,temp_code_004,1,AD,Passing,
GX010042_L.MP4,45304,25.1941,YA_COW_Transect 3,2.4797,,1.831,4.354,1653.727,22.312,,,324.315,-538.489,-1529.595,YA_COW,Peter,Pomacentridae,Chrysiptera,glauca,37372062,1,AD,Passing,
GX010042_L.MP4,45304,25.1941,YA_COW_Transect 3,2.4797,,2.582,0.16,1966.665,16.427,,,419.953,-365.721,-1886.176,YA_COW,Peter,Pomacentridae,Chromis,ternatensis,37372051,1,AD,Passing,
GX010042_L.MP4,45304,25.1941,YA_COW_Transect 3,2.4797,,2.631,2.977,2003.264,19.154,,,548.643,-363.078,-1892.15,YA_COW,Peter,Pomacentridae,Chromis,ternatensis,37372051,1,AD,Passing,
GX010042_L.MP4,45304,25.1941,YA_COW_Transect 3,2.4797,,3.302,1.408,2262.458,17.592,,,587.422,-351.29,-2156.443,YA_COW,Peter,Pomacentridae,Chromis,ternatensis,37372051,1,AD,Passing,
GX010042_L.MP4,45304,25.1941,YA_COW_Transect 3,2.4797,,2.869,1.596,2091.379,17.649,,,516.725,-368.666,-1992.724,YA_COW,Peter,Pomacentridae,Chromis,ternatensis,37372051,1,AD,Passing,
GX010042_L.MP4,45304,25.1941,YA_COW_Transect 3,2.4797,,2.952,0.646,2188.8,23.766,,,792.648,-388.188,-2002.964,YA_COW,Peter,Pomacentridae,Chromis,ternatensis,37372051,1,AD,Passing,
GX010042_L.MP4,45304,25.1941,YA_COW_Transect 3,2.4797,,2.062,2.459,1795.777,23.999,,,675.603,-278.469,-1640.375,YA_COW,Peter,Pomacentridae,Chromis,ternatensis,37372051,1,AD,Passing,
GX010042_L.MP4,45304,25.1941,YA_COW_Transect 3,2.4797,,2.861,2.765,2221.289,28.709,,,965.779,-454.783,-1947.965,YA_COW,Peter,Pomacentridae,Chromis,ternatensis,37372051,1,AD,Passing,
GX010042_L.MP4,45304,25.1941,YA_COW_Transect 3,2.4797,,3.502,1.73,2430.009,25.109,,,945.162,-413.527,-2200.138,YA_COW,Peter,Pomacentridae,Chromis,ternatensis,37372051,1,AD,Passing,
GX010042_L.MP4,45304,25.1941,YA_COW_Transect 3,2.4797,,2.218,1.196,1834.898,21.204,,,553.182,-367.647,-1710.46,YA_COW,Peter,Pomacentridae,Chromis,viridis,37372053,1,AD,Passing,
GX010042_L.MP4,45304,25.1941,YA_COW_Transect 3,2.4797,,2.275,0.179,1836.892,16.795,,,430.861,-311.006,-1758.353,YA_COW,Peter,Pomacentridae,Chromis,viridis,37372053,1,AD,Passing,
GX010042_L.MP4,45304,25.1941,YA_COW_Transect 3,2.4797,,2.164,3.11,1793.716,17.498,,,492.587,-220.577,-1710.591,YA_COW,Peter,Pomacentridae,Chromis,viridis,37372053,1,AD,Passing,
GX010042_L.MP4,45304,25.1941,YA_COW_Transect 3,2.4797,,2.472,0.744,1925.713,15.638,,,483.253,-190.66,-1854.316,YA_COW,Peter,Pomacentridae,Chromis,viridis,37372053,1,AD,Passing,
GX010042_L.MP4,45304,25.1941,YA_COW_Transect 3,2.4797,,2.436,4.137,1992.075,24.673,,,797.193,-237.644,-1810.075,YA_COW,Peter,Pomacentridae,Chromis,viridis,37372053,1,AD,Passing,
GX010042_L.MP4,45304,25.1941,YA_COW_Transect 3,2.4797,,4.135,0.369,2612.493,19.45,,,864.939,-94.357,-2463.351,YA_COW,Peter,Pomacentridae,Chromis,viridis,37372053,1,AD,Passing,
GX010042_L.MP4,45304,25.1941,YA_COW_Transect 3,2.4797,,2.438,1.156,1982.911,23.199,,,772.034,-119.945,-1822.502,YA_COW,Peter,Pomacentridae,Chromis,viridis,37372053,1,AD,Passing,
GX010042_L.MP4,45304,25.1941,YA_COW_Transect 3,2.4797,,3.536,3.94,2455.127,23.932,,,977.763,-190.592,-2243.947,YA_COW,Peter,Pomacentridae,Chromis,viridis,37372053,1,AD,Passing,
GX010042_L.MP4,45304,25.1941,YA_COW_Transect 3,2.4797,,2.878,1.366,2196.18,24.698,,,894.537,-205.775,-1995.161,YA_COW,Peter,Pomacentridae,Chromis,viridis,37372053,1,AD,Passing,
GX010042_L.MP4,45304,25.1941,YA_COW_Transect 3,2.4797,,3.204,2.738,2312.957,23.735,,,898.274,-245.901,-2117.17,YA_COW,Peter,Pomacentridae,Chromis,viridis,37372053,1,AD,Passing,
GX010042_L.MP4,45304,25.1941,YA_COW_Transect 3,2.4797,,2.438,1.035,1954.103,21.398,,,680.732,-212.973,-1819.276,YA_COW,Peter,Pomacentridae,Chromis,viridis,37372053,1,AD,Passing,
GX010042_L.MP4,45304,25.1941,YA_COW_Transect 3,2.4797,,2.582,1.241,2093.387,25.906,,,912.953,-55.602,-1883.001,YA_COW,Peter,Pomacentridae,Chromis,viridis,37372053,1,AD,Passing,
GX010042_L.MP4,45304,25.1941,YA_COW_Transect 3,2.4797,,4.604,1.154,2926.632,27.671,,,1346.608,-185.391,-2591.804,YA_COW,Peter,Pomacentridae,Chromis,viridis,37372053,1,AD,Passing,
GX010042_L.MP4,45314,25.1996,YA_COW_Transect 3,2.4853,57.774,1.921,6.752,1654.484,19.82,11.995,12.821,-402.708,-390.554,-1556.474,YA_COW,Peter,Pomacentridae,Pomacentrus,callainus,temp_code_004,1,AD,Passing,
GX010042_L.MP4,45347,25.218,YA_COW_Transect 3,2.5036,65.361,3.025,12.962,1683.4,24.185,44.552,24.458,-576.78,-378.083,-1535.648,YA_COW,Peter,Pomacentridae,Pomacentrus,callainus,temp_code_004,1,AD,Passing,
GX010042_L.MP4,45357,25.2235,YA_COW_Transect 3,2.5092,62.865,3.002,1.295,1614,15.709,40.719,18.91,33.913,-435.685,-1553.714,YA_COW,Peter,Pomacentridae,Pomacentrus,callainus,temp_code_004,1,AD,Passing,
GX010042_L.MP4,45357,25.2235,YA_COW_Transect 3,2.5092,51.403,1.155,0.829,1538.384,19.268,0.363,14.519,69.554,-502.852,-1452.214,YA_COW,Peter,Pomacentridae,Pomacentrus,callainus,temp_code_004,1,AD,Passing,
GX010042_L.MP4,45357,25.2235,YA_COW_Transect 3,2.5092,,1.7,2.062,1587.238,21.065,,,215.046,-529.291,-1480.854,YA_COW,Peter,Pomacentridae,Pomacentrus,callainus,temp_code_004,1,AD,Passing,
GX010042_L.MP4,45357,25.2235,YA_COW_Transect 3,2.5092,,1.35,2.579,1395.804,20.341,,,180.593,-451.086,-1308.502,YA_COW,Peter,Pomacentridae,Pomacentrus,callainus,temp_code_004,1,AD,Passing,
GX010042_L.MP4,45357,25.2235,YA_COW_Transect 3,2.5092,,3.827,3.741,2639.241,29.007,,,1217.831,-394.86,-2307.936,YA_COW,Peter,Pomacentridae,Chromis,ternatensis,37372051,1,AD,Passing,
GX010042_L.MP4,45357,25.2235,YA_COW_Transect 3,2.5092,,5.442,3.954,3097.819,24.47,,,1227.676,-374.841,-2819.359,YA_COW,Peter,Pomacentridae,Chromis,ternatensis,37372051,1,AD,Passing,
GX010042_L.MP4,45357,25.2235,YA_COW_Transect 3,2.5092,,4.957,1.93,2951.483,25.197,,,1186.66,-414.827,-2670.394,YA_COW,Peter,Pomacentridae,Chromis,ternatensis,37372051,1,AD,Passing,
GX010042_L.MP4,45357,25.2235,YA_COW_Transect 3,2.5092,,4.72,5.077,2814.456,23.518,,,989.56,-532.564,-2580.37,YA_COW,Peter,Pomacentridae,Chromis,ternatensis,37372051,1,AD,Passing,
GX010042_L.MP4,45357,25.2235,YA_COW_Transect 3,2.5092,,4.857,5.864,2777.183,9.353,,,399.451,-211.685,-2740.141,YA_COW,Peter,Pomacentridae,Chromis,ternatensis,37372051,1,AD,Passing,
GX010042_L.MP4,45357,25.2235,YA_COW_Transect 3,2.5092,,8.515,5.73,3792.438,14.774,,,966.129,-44.842,-3667.038,YA_COW,Peter,Pomacentridae,Chromis,ternatensis,37372051,1,AD,Passing,
GX010042_L.MP4,45357,25.2235,YA_COW_Transect 3,2.5092,,5.333,1.201,3034.436,21.732,,,1107.169,-192.877,-2818.648,YA_COW,Peter,Pomacentridae,Chromis,ternatensis,37372051,1,AD,Passing,
GX010042_L.MP4,45357,25.2235,YA_COW_Transect 3,2.5092,,2.493,4.079,1943.983,11.101,,,-366.355,-77.715,-1907.568,YA_COW,Peter,Pomacentridae,Chromis,viridis,37372053,1,AD,Passing,
GX010042_L.MP4,45357,25.2235,YA_COW_Transect 3,2.5092,,1.468,3.499,1468.124,21.711,,,199.848,-505.774,-1363.686,YA_COW,Peter,Pomacentridae,Chromis,viridis,37372053,1,AD,Passing,
GX010042_L.MP4,45357,25.2235,YA_COW_Transect 3,2.5092,,1.524,0.749,1479.269,16.573,,,151.095,-394.785,-1417.586,YA_COW,Peter,Pomacentridae,Chromis,viridis,37372053,1,AD,Passing,
GX010042_L.MP4,45357,25.2235,YA_COW_Transect 3,2.5092,,1.953,1.128,1689.764,16.202,,,231.043,-411.938,-1622.414,YA_COW,Peter,Pomacentridae,Chromis,viridis,37372053,1,AD,Passing,
GX010042_L.MP4,45357,25.2235,YA_COW_Transect 3,2.5092,,1.68,1.084,1555.195,13.26,,,99.278,-343.512,-1513.53,YA_COW,Peter,Pomacentridae,Chromis,viridis,37372053,1,AD,Passing,
GX010042_L.MP4,45357,25.2235,YA_COW_Transect 3,2.5092,,1.361,0.665,1413.656,20.797,,,44.657,-500.724,-1321.251,YA_COW,Peter,Pomacentridae,Chromis,viridis,37372053,1,AD,Passing,
GX010042_L.MP4,45357,25.2235,YA_COW_Transect 3,2.5092,,1.577,6.595,1524,23.111,,,374.672,-467.151,-1401.417,YA_COW,Peter,Pomacentridae,Chromis,viridis,37372053,1,AD,Passing,
GX010042_L.MP4,45357,25.2235,YA_COW_Transect 3,2.5092,,5.177,0.395,2929.154,23.178,,,942.601,-665.376,-2692.345,YA_COW,Peter,Pomacentridae,Chromis,viridis,37372053,1,AD,Passing,
GX010042_L.MP4,45357,25.2235,YA_COW_Transect 3,2.5092,,2.032,5.209,1720.12,14.219,,,265.657,-329.536,-1667.227,YA_COW,Peter,Pomacentridae,Chromis,viridis,37372053,1,AD,Passing,
GX010042_L.MP4,45357,25.2235,YA_COW_Transect 3,2.5092,,2.222,0.326,1806.812,14.492,,,337.019,-302.427,-1749.15,YA_COW,Peter,Pomacentridae,Chromis,viridis,37372053,1,AD,Passing,
GX010042_L.MP4,45357,25.2235,YA_COW_Transect 3,2.5092,,2.526,3.666,1969.053,19.899,,,594.698,-310.124,-1851.304,YA_COW,Peter,Pomacentridae,Chromis,viridis,37372053,1,AD,Passing,
GX010042_L.MP4,45357,25.2235,YA_COW_Transect 3,2.5092,,1.913,5.592,1669.197,12.388,,,105.535,-343.146,-1630.133,YA_COW,Peter,Pomacentridae,Chromis,viridis,37372053,1,AD,Passing,
GX010042_L.MP4,45357,25.2235,YA_COW_Transect 3,2.5092,,2.187,3.495,1870.657,25.951,,,721.472,-387.779,-1681.803,YA_COW,Peter,Pomacentridae,Chromis,viridis,37372053,1,AD,Passing,
GX010042_L.MP4,45357,25.2235,YA_COW_Transect 3,2.5092,,1.852,2.336,1688.288,24.48,,,625.041,-315.139,-1536.336,YA_COW,Peter,Pomacentridae,Chromis,viridis,37372053,1,AD,Passing,
GX010042_L.MP4,45357,25.2235,YA_COW_Transect 3,2.5092,,1.361,8.688,1432.118,27.869,,,468.373,-479.058,-1265.737,YA_COW,Peter,Pomacentridae,Chromis,viridis,37372053,1,AD,Passing,
GX010042_L.MP4,45357,25.2235,YA_COW_Transect 3,2.5092,,2.202,1.117,1904.487,29.148,,,763.426,-527.896,-1663.003,YA_COW,Peter,Pomacentridae,Chromis,viridis,37372053,1,AD,Passing,
GX010042_L.MP4,45357,25.2235,YA_COW_Transect 3,2.5092,,3.541,7.239,2547.937,29.141,,,1208.557,-282.155,-2225.256,YA_COW,Peter,Pomacentridae,Chromis,viridis,37372053,1,AD,Passing,
GX010042_L.MP4,45357,25.2235,YA_COW_Transect 3,2.5092,,3.371,2.401,2440.652,26.838,,,1080.442,-217.48,-2177.643,YA_COW,Peter,Pomacentridae,Chromis,viridis,37372053,1,AD,Passing,
GX010042_L.MP4,45357,25.2235,YA_COW_Transect 3,2.5092,,3.005,7.472,2134.526,13.777,,,428.294,-274.986,-2072.957,YA_COW,Peter,Pomacentridae,Chromis,viridis,37372053,1,AD,Passing,
GX010042_L.MP4,45357,25.2235,YA_COW_Transect 3,2.5092,,2.76,1.483,2034.957,11.393,,,312.132,-254.442,-1994.713,YA_COW,Peter,Pomacentridae,Chromis,viridis,37372053,1,AD,Passing,
GX010042_L.MP4,45357,25.2235,YA_COW_Transect 3,2.5092,,2.65,2.333,1997.271,7.659,,,115.502,-240.976,-1979.313,YA_COW,Peter,Pomacentridae,Chromis,viridis,37372053,1,AD,Passing,
GX010042_L.MP4,45357,25.2235,YA_COW_Transect 3,2.5092,,3.521,0.887,2328.315,10.739,,,375.919,-217.909,-2287.411,YA_COW,Peter,Pomacentridae,Chromis,viridis,37372053,1,AD,Passing,
GX010042_L.MP4,45357,25.2235,YA_COW_Transect 3,2.5092,,3.262,3.461,2239.824,7.219,,,158.283,-234.016,-2221.935,YA_COW,Peter,Pomacentridae,Chromis,viridis,37372053,1,AD,Passing,
GX010042_L.MP4,45357,25.2235,YA_COW_Transect 3,2.5092,,2.818,3.081,2065.22,6.977,,,229.094,-103.427,-2049.866,YA_COW,Peter,Pomacentridae,Chromis,viridis,37372053,1,AD,Passing,
GX010042_L.MP4,45357,25.2235,YA_COW_Transect 3,2.5092,,2.962,2.846,2134.608,4.409,,,-83.209,-142.674,-2128.209,YA_COW,Peter,Pomacentridae,Chromis,viridis,37372053,1,AD,Passing,
GX010042_L.MP4,45357,25.2235,YA_COW_Transect 3,2.5092,,3.44,5.34,2322.292,4.329,,,-160.187,-72.585,-2315.624,YA_COW,Peter,Pomacentridae,Chromis,viridis,37372053,1,AD,Passing,
GX010042_L.MP4,45357,25.2235,YA_COW_Transect 3,2.5092,,3.52,3.977,2353.524,3.1,,,-126.845,9.018,-2350.086,YA_COW,Peter,Pomacentridae,Chromis,viridis,37372053,1,AD,Passing,
GX010042_L.MP4,45357,25.2235,YA_COW_Transect 3,2.5092,,3.621,3.98,2390.357,0.721,,,-3.767,-31.239,-2390.15,YA_COW,Peter,Pomacentridae,Chromis,viridis,37372053,1,AD,Passing,
GX010042_L.MP4,45357,25.2235,YA_COW_Transect 3,2.5092,,4.033,1.484,2530.787,3.236,,,142.265,11.484,-2526.759,YA_COW,Peter,Pomacentridae,Chromis,viridis,37372053,1,AD,Passing,
GX010042_L.MP4,45357,25.2235,YA_COW_Transect 3,2.5092,,3.96,4.518,2498.925,5.156,,,222.214,-33.969,-2488.793,YA_COW,Peter,Pomacentridae,Chromis,viridis,37372053,1,AD,Passing,
GX010042_L.MP4,45357,25.2235,YA_COW_Transect 3,2.5092,,3.848,1.59,2460.249,4.898,,,198.875,66.186,-2451.304,YA_COW,Peter,Pomacentridae,Chromis,viridis,37372053,1,AD,Passing,
GX010042_L.MP4,45357,25.2235,YA_COW_Transect 3,2.5092,,5.616,4.526,3013.573,7.472,,,362.285,-151.168,-2987.895,YA_COW,Peter,Pomacentridae,Chromis,viridis,37372053,1,AD,Passing,
GX010042_L.MP4,45357,25.2235,YA_COW_Transect 3,2.5092,,6.052,1.782,3145.153,13.347,,,718.473,-106.578,-3060.135,YA_COW,Peter,Pomacentridae,Chromis,viridis,37372053,1,AD,Passing,
GX010042_L.MP4,45357,25.2235,YA_COW_Transect 3,2.5092,,4.49,4.548,2692.651,16.587,,,748.439,-176.65,-2580.505,YA_COW,Peter,Pomacentridae,Chromis,viridis,37372053,1,AD,Passing,
GX010042_L.MP4,45357,25.2235,YA_COW_Transect 3,2.5092,,6.482,4.959,3250.24,8.187,,,408.115,216.408,-3217.246,YA_COW,Peter,Pomacentridae,Chromis,viridis,37372053,1,AD,Passing,
GX010042_L.MP4,45357,25.2235,YA_COW_Transect 3,2.5092,,7.676,2.087,3572.611,12.717,,,785.012,45.254,-3485.004,YA_COW,Peter,Pomacentridae,Chromis,viridis,37372053,1,AD,Passing,
GX010042_L.MP4,45357,25.2235,YA_COW_Transect 3,2.5092,,6.536,4.388,3289.036,14.573,,,823.68,78.282,-3183.265,YA_COW,Peter,Pomacentridae,Chromis,viridis,37372053,1,AD,Passing,
GX010042_L.MP4,45357,25.2235,YA_COW_Transect 3,2.5092,,5.849,3.62,3098.666,15.05,,,794.283,126.795,-2992.452,YA_COW,Peter,Pomacentridae,Chromis,viridis,37372053,1,AD,Passing,
GX010042_L.MP4,45357,25.2235,YA_COW_Transect 3,2.5092,,8.192,4.236,3700.633,13.162,,,839.515,70.639,-3603.458,YA_COW,Peter,Pomacentridae,Chromis,viridis,37372053,1,AD,Passing,
GX010042_L.MP4,45357,25.2235,YA_COW_Transect 3,2.5092,,5.572,3.814,3004.416,11.927,,,620.917,-5.349,-2939.549,YA_COW,Peter,Pomacentridae,Chromis,viridis,37372053,1,AD,Passing,
GX010042_L.MP4,45357,25.2235,YA_COW_Transect 3,2.5092,,3.463,1.284,2401.564,22.728,,,898.887,-231.311,-2214.951,YA_COW,Peter,Pomacentridae,Chromis,viridis,37372053,1,AD,Passing,
GX010042_L.MP4,45357,25.2235,YA_COW_Transect 3,2.5092,,5.148,2.911,2982.55,22.712,,,1115.817,-286.367,-2751.1,YA_COW,Peter,Pomacentridae,Chromis,viridis,37372053,1,AD,Passing,
GX010042_L.MP4,45357,25.2235,YA_COW_Transect 3,2.5092,,6.11,4.537,3324.462,23.749,,,1338.651,23.348,-3042.945,YA_COW,Peter,Pomacentridae,Chromis,viridis,37372053,1,AD,Passing,
GX010042_L.MP4,45357,25.2235,YA_COW_Transect 3,2.5092,,4.09,0.273,2633.194,21.84,,,975.298,-93.136,-2444.143,YA_COW,Peter,Pomacentridae,Chromis,viridis,37372053,1,AD,Passing,
GX010042_L.MP4,45357,25.2235,YA_COW_Transect 3,2.5092,,3.24,1.981,2396.304,26.796,,,1074.822,-109.74,-2138.922,YA_COW,Peter,Pomacentridae,Chromis,viridis,37372053,1,AD,Passing,
GX010042_L.MP4,45385,25.2391,YA_COW_Transect 3,2.5247,,3.133,1.844,2189.604,18.378,,,455.612,-519.862,-2077.625,YA_COW,Peter,Pomacentridae,Chromis,ternatensis,37372051,1,AD,Passing,
GX010042_L.MP4,45385,25.2391,YA_COW_Transect 3,2.5247,,2.999,0.63,2132.389,11.102,,,185.137,-367.72,-2092.269,YA_COW,Peter,Pomacentridae,Chromis,ternatensis,37372051,1,AD,Passing,
GX010042_L.MP4,45385,25.2391,YA_COW_Transect 3,2.5247,,2.925,0.547,2116.832,5.854,,,-54.387,-210.178,-2105.669,YA_COW,Peter,Pomacentridae,Chromis,ternatensis,37372051,1,AD,Passing,
GX010042_L.MP4,45385,25.2391,YA_COW_Transect 3,2.5247,,3.334,14.898,2397.767,29.18,,,978.987,-640.182,-2093.093,YA_COW,Peter,Pomacentridae,Chromis,ternatensis,37372051,1,AD,Passing,
GX010042_L.MP4,45385,25.2391,YA_COW_Transect 3,2.5247,,2.05,14.11,1783.232,25.853,,,516.57,-582.148,-1604.424,YA_COW,Peter,Pomacentridae,Chromis,ternatensis,37372051,1,AD,Passing,
GX010042_L.MP4,45385,25.2391,YA_COW_Transect 3,2.5247,,4.216,4.334,2682.359,23.065,,,1018.843,-258.94,-2467.785,YA_COW,Peter,Pomacentridae,Chromis,ternatensis,37372051,1,AD,Passing,
GX010042_L.MP4,45385,25.2391,YA_COW_Transect 3,2.5247,,3.77,7.891,2611.482,29.893,,,1193.146,-521.298,-2263.734,YA_COW,Peter,Pomacentridae,Chromis,ternatensis,37372051,1,AD,Passing,
GX010042_L.MP4,45385,25.2391,YA_COW_Transect 3,2.5247,,3.817,11.462,2650.142,31.033,,,1254.586,-542.219,-2270.521,YA_COW,Peter,Pomacentridae,Chromis,ternatensis,37372051,1,AD,Passing,
GX010042_L.MP4,45385,25.2391,YA_COW_Transect 3,2.5247,,7.424,3.417,3598.021,19.936,,,1221.515,-115.708,-3382.346,YA_COW,Peter,Pomacentridae,Chromis,ternatensis,37372051,1,AD,Passing,
GX010042_L.MP4,45385,25.2391,YA_COW_Transect 3,2.5247,,7.099,2.185,3516.577,20.286,,,1210.448,-147.916,-3298.371,YA_COW,Peter,Pomacentridae,Chromis,ternatensis,37372051,1,AD,Passing,
GX010042_L.MP4,45385,25.2391,YA_COW_Transect 3,2.5247,,6.488,3.845,3339.175,21.246,,,1157.566,-354.178,-3112.023,YA_COW,Peter,Pomacentridae,Chromis,ternatensis,37372051,1,AD,Passing,
GX010042_L.MP4,45385,25.2391,YA_COW_Transect 3,2.5247,,5.842,4.897,3121.846,19.63,,,980.402,-374.233,-2940.184,YA_COW,Peter,Pomacentridae,Chromis,ternatensis,37372051,1,AD,Passing,
GX010042_L.MP4,45385,25.2391,YA_COW_Transect 3,2.5247,,5.197,3.699,2906.133,18.814,,,829.47,-437.927,-2750.601,YA_COW,Peter,Pomacentridae,Chromis,ternatensis,37372051,1,AD,Passing,
GX010042_L.MP4,45385,25.2391,YA_COW_Transect 3,2.5247,,7.722,5.902,3741.079,22.726,,,1443.399,-75.328,-3450.594,YA_COW,Peter,Pomacentridae,Chromis,ternatensis,37372051,1,AD,Passing,
GX010042_L.MP4,45385,25.2391,YA_COW_Transect 3,2.5247,,5.993,0.336,3315.885,26.722,,,1434.085,-409.876,-2961.503,YA_COW,Peter,Pomacentridae,Chromis,ternatensis,37372051,1,AD,Passing,
GX010042_L.MP4,45385,25.2391,YA_COW_Transect 3,2.5247,60.58,3.013,5.395,1490.551,18.475,53.87,14.246,-412.172,-230.719,-1413.728,YA_COW,Peter,Pomacentridae,Chromis,viridis,37372053,1,AD,Passing,
GX010042_L.MP4,45385,25.2391,YA_COW_Transect 3,2.5247,56.502,1.617,3.109,1546.283,15.252,10.396,8.493,-280.098,-294.985,-1491.818,YA_COW,Peter,Pomacentridae,Chromis,viridis,37372053,1,AD,Passing,
GX010042_L.MP4,45385,25.2391,YA_COW_Transect 3,2.5247,52.187,1.309,6.104,1291.421,17.765,19.119,9.127,-151.875,-363.592,-1229.838,YA_COW,Peter,Pomacentridae,Chromis,viridis,37372053,1,AD,Passing,
GX010042_L.MP4,45385,25.2391,YA_COW_Transect 3,2.5247,60.626,1.108,4.548,1389.697,19.239,2.344,22.343,-111.582,-444.118,-1312.085,YA_COW,Peter,Pomacentridae,Chromis,viridis,37372053,1,AD,Passing,
GX010042_L.MP4,45385,25.2391,YA_COW_Transect 3,2.5247,62.952,1.357,1.414,1433.597,21.315,12.567,33.105,90.815,-513.141,-1335.53,YA_COW,Peter,Pomacentridae,Chromis,viridis,37372053,1,AD,Passing,
GX010042_L.MP4,45385,25.2391,YA_COW_Transect 3,2.5247,58.203,1.598,1.671,1528.515,18.874,15.396,32.194,173.781,-462.923,-1446.326,YA_COW,Peter,Pomacentridae,Chromis,viridis,37372053,1,AD,Passing,
GX010042_L.MP4,45385,25.2391,YA_COW_Transect 3,2.5247,60.069,1.552,0.377,1430.396,16.281,19.508,24.241,133.149,-378.256,-1373.035,YA_COW,Peter,Pomacentridae,Chromis,viridis,37372053,1,AD,Passing,
GX010042_L.MP4,45385,25.2391,YA_COW_Transect 3,2.5247,57.532,1.149,1.966,1521.598,13.938,0.012,6.922,-60.346,-361.518,-1476.796,YA_COW,Peter,Pomacentridae,Chromis,viridis,37372053,1,AD,Passing,
GX010042_L.MP4,45385,25.2391,YA_COW_Transect 3,2.5247,65.109,2.716,3.04,1859.992,11.189,22.655,21.816,13.131,-360.696,-1824.635,YA_COW,Peter,Pomacentridae,Chromis,viridis,37372053,1,AD,Passing,
GX010042_L.MP4,45385,25.2391,YA_COW_Transect 3,2.5247,,1.776,1.175,1604.056,11.53,,,-111.66,-301.46,-1571.512,YA_COW,Peter,Pomacentridae,Chromis,viridis,37372053,1,AD,Passing,
GX010042_L.MP4,45385,25.2391,YA_COW_Transect 3,2.5247,,1.965,1.877,1696.288,11.176,,,-127.503,-304.033,-1663.941,YA_COW,Peter,Pomacentridae,Chromis,viridis,37372053,1,AD,Passing,
GX010042_L.MP4,45385,25.2391,YA_COW_Transect 3,2.5247,,2.257,3.404,1832.253,7.884,,,-199.099,-154.431,-1814.845,YA_COW,Peter,Pomacentridae,Chromis,viridis,37372053,1,AD,Passing,
GX010042_L.MP4,45385,25.2391,YA_COW_Transect 3,2.5247,,2.556,3.303,1963.184,7.577,,,-134.797,-222.151,-1945.911,YA_COW,Peter,Pomacentridae,Chromis,viridis,37372053,1,AD,Passing,
GX010042_L.MP4,45385,25.2391,YA_COW_Transect 3,2.5247,,2.433,2.079,1909.853,7.803,,,-111.813,-235.072,-1892.03,YA_COW,Peter,Pomacentridae,Chromis,viridis,37372053,1,AD,Passing,
GX010042_L.MP4,45385,25.2391,YA_COW_Transect 3,2.5247,,2.417,3.072,1902.058,8.463,,,-34.974,-278.832,-1881.185,YA_COW,Peter,Pomacentridae,Chromis,viridis,37372053,1,AD,Passing,
GX010042_L.MP4,45385,25.2391,YA_COW_Transect 3,2.5247,,2.734,1.726,2036.263,5.283,,,94.398,-163.198,-2027.516,YA_COW,Peter,Pomacentridae,Chromis,viridis,37372053,1,AD,Passing,
GX010042_L.MP4,45385,25.2391,YA_COW_Transect 3,2.5247,,3.209,3.428,2217.95,7.59,,,194.666,-220.235,-2198.387,YA_COW,Peter,Pomacentridae,Chromis,viridis,37372053,1,AD,Passing,
GX010042_L.MP4,45385,25.2391,YA_COW_Transect 3,2.5247,,2.968,1.611,2120.845,9.43,,,212.136,-276.456,-2092.021,YA_COW,Peter,Pomacentridae,Chromis,viridis,37372053,1,AD,Passing,
GX010042_L.MP4,45385,25.2391,YA_COW_Transect 3,2.5247,,2.877,0.025,2081.387,11.781,,,266.698,-332.056,-2037.347,YA_COW,Peter,Pomacentridae,Chromis,viridis,37372053,1,AD,Passing,
GX010042_L.MP4,45385,25.2391,YA_COW_Transect 3,2.5247,,1.989,1.599,1705.47,13.19,,,130.488,-367.606,-1660.261,YA_COW,Peter,Pomacentridae,Chromis,viridis,37372053,1,AD,Passing,
GX010042_L.MP4,45385,25.2391,YA_COW_Transect 3,2.5247,,2.067,0.913,1742.633,16.408,,,254.34,-422.414,-1671.42,YA_COW,Peter,Pomacentridae,Chromis,viridis,37372053,1,AD,Passing,
GX010042_L.MP4,45385,25.2391,YA_COW_Transect 3,2.5247,,1.662,4.924,1576.885,24.355,,,402.266,-511.794,-1436.25,YA_COW,Peter,Pomacentridae,Chromis,viridis,37372053,1,AD,Passing,
GX010042_L.MP4,45385,25.2391,YA_COW_Transect 3,2.5247,,2.862,11.081,2172.027,26.561,,,816.934,-526.412,-1942.475,YA_COW,Peter,Pomacentridae,Chromis,viridis,37372053,1,AD,Passing,
GX010042_L.MP4,45385,25.2391,YA_COW_Transect 3,2.5247,,2.43,1.176,1919.563,19.602,,,535.49,-358.759,-1808.111,YA_COW,Peter,Pomacentridae,Chromis,viridis,37372053,1,AD,Passing,
GX010042_L.MP4,45385,25.2391,YA_COW_Transect 3,2.5247,,2.742,3.172,2109.2,24.503,,,784.769,-387.586,-1919.02,YA_COW,Peter,Pomacentridae,Chromis,viridis,37372053,1,AD,Passing,
GX010042_L.MP4,45385,25.2391,YA_COW_Transect 3,2.5247,,4.143,2.007,2563.4,16.865,,,675.948,-311.518,-2452.972,YA_COW,Peter,Pomacentridae,Chromis,viridis,37372053,1,AD,Passing,
GX010042_L.MP4,45385,25.2391,YA_COW_Transect 3,2.5247,,3.402,0.01,2304.991,16.562,,,615.815,-230.36,-2209.228,YA_COW,Peter,Pomacentridae,Chromis,viridis,37372053,1,AD,Passing,
GX010042_L.MP4,45385,25.2391,YA_COW_Transect 3,2.5247,,3.274,0.904,2322.014,22.853,,,855.707,-285.831,-2139.582,YA_COW,Peter,Pomacentridae,Chromis,viridis,37372053,1,AD,Passing,
GX010042_L.MP4,45385,25.2391,YA_COW_Transect 3,2.5247,,3.7,6.183,2551.655,27.174,,,1099.031,-388.773,-2269.786,YA_COW,Peter,Pomacentridae,Chromis,viridis,37372053,1,AD,Passing,
GX010042_L.MP4,45385,25.2391,YA_COW_Transect 3,2.5247,,2.733,1.165,2159.324,26.527,,,936.675,-230.667,-1931.868,YA_COW,Peter,Pomacentridae,Chromis,viridis,37372053,1,AD,Passing,
GX010042_L.MP4,45385,25.2391,YA_COW_Transect 3,2.5247,,3.47,4.752,2508.237,28.634,,,1168.052,-284.884,-2201.306,YA_COW,Peter,Pomacentridae,Chromis,viridis,37372053,1,AD,Passing,
GX010042_L.MP4,45385,25.2391,YA_COW_Transect 3,2.5247,,3.423,10.284,2462.751,29.399,,,1092.632,-518.631,-2145.302,YA_COW,Peter,Pomacentridae,Chromis,viridis,37372053,1,AD,Passing,
GX010042_L.MP4,45385,25.2391,YA_COW_Transect 3,2.5247,,5.215,0.23,3022.493,22.424,,,1152.035,-47.107,-2793.933,YA_COW,Peter,Pomacentridae,Chromis,viridis,37372053,1,AD,Passing,
GX010042_L.MP4,45385,25.2391,YA_COW_Transect 3,2.5247,,4.728,1.453,2923.677,25.687,,,1254.66,-180.084,-2634.632,YA_COW,Peter,Pomacentridae,Chromis,viridis,37372053,1,AD,Passing,
GX010042_L.MP4,45385,25.2391,YA_COW_Transect 3,2.5247,,4.207,2.367,2654.992,20.978,,,936.695,-162.924,-2478.919,YA_COW,Peter,Pomacentridae,Chromis,viridis,37372053,1,AD,Passing,
GX010042_L.MP4,45385,25.2391,YA_COW_Transect 3,2.5247,,6.571,2.473,3391.928,21.224,,,1218.663,-152.329,-3161.776,YA_COW,Peter,Pomacentridae,Chromis,viridis,37372053,1,AD,Passing,
GX010042_L.MP4,45385,25.2391,YA_COW_Transect 3,2.5247,,9.828,3.624,4237.2,23.459,,,1651.328,-346.486,-3886.763,YA_COW,Peter,Pomacentridae,Chromis,viridis,37372053,1,AD,Passing,
GX010042_L.MP4,45385,25.2391,YA_COW_Transect 3,2.5247,,6.67,6.517,3344.97,16.317,,,939.219,-34.243,-3210.221,YA_COW,Peter,Pomacentridae,Chromis,viridis,37372053,1,AD,Passing,
GX010042_L.MP4,45385,25.2391,YA_COW_Transect 3,2.5247,,6.441,2.685,3261.631,14.628,,,816.497,-110.551,-3155.843,YA_COW,Peter,Pomacentridae,Chromis,viridis,37372053,1,AD,Passing,
GX010042_L.MP4,45385,25.2391,YA_COW_Transect 3,2.5247,,7.226,5.115,3502.989,17.793,,,1056.903,-171.759,-3335.324,YA_COW,Peter,Pomacentridae,Chromis,viridis,37372053,1,AD,Passing,
GX010042_L.MP4,45385,25.2391,YA_COW_Transect 3,2.5247,,7.84,2.455,3681.92,18.628,,,1173.698,-76.946,-3488.99,YA_COW,Peter,Pomacentridae,Chromis,viridis,37372053,1,AD,Passing,
GX010042_L.MP4,45385,25.2391,YA_COW_Transect 3,2.5247,,7.223,2.561,3509.691,17.648,,,1063.43,-36.755,-3344.502,YA_COW,Peter,Pomacentridae,Chromis,viridis,37372053,1,AD,Passing,
GX010042_L.MP4,45385,25.2391,YA_COW_Transect 3,2.5247,,10.988,3.384,4394.56,19.49,,,1435.009,-303.272,-4142.576,YA_COW,Peter,Pomacentridae,Chromis,viridis,37372053,1,AD,Passing,
GX010042_L.MP4,45385,25.2391,YA_COW_Transect 3,2.5247,,7.491,3.912,3653.057,22.19,,,1361.983,-222.31,-3382.367,YA_COW,Peter,Pomacentridae,Chromis,viridis,37372053,1,AD,Passing,
GX010042_L.MP4,45385,25.2391,YA_COW_Transect 3,2.5247,,8.522,5.772,3783.671,14.691,,,943.755,-175.655,-3659.868,YA_COW,Peter,Pomacentridae,Chromis,viridis,37372053,1,AD,Passing,
GX010042_L.MP4,45385,25.2391,YA_COW_Transect 3,2.5247,,6.643,1.955,3294.527,12.698,,,694.683,-206.495,-3213.827,YA_COW,Peter,Pomacentridae,Chromis,viridis,37372053,1,AD,Passing,
GX010042_L.MP4,45385,25.2391,YA_COW_Transect 3,2.5247,,7.198,3.517,3449.425,12.171,,,726.775,-27.759,-3371.878,YA_COW,Peter,Pomacentridae,Chromis,viridis,37372053,1,AD,Passing,
GX010042_L.MP4,45385,25.2391,YA_COW_Transect 3,2.5247,,9.272,3.959,3964.958,14.423,,,987.442,-19.215,-3839.984,YA_COW,Peter,Pomacentridae,Chromis,viridis,37372053,1,AD,Passing,
GX010042_L.MP4,45385,25.2391,YA_COW_Transect 3,2.5247,,7.966,11.702,3676.481,16.14,,,1021.904,14.433,-3531.574,YA_COW,Peter,Pomacentridae,Chromis,viridis,37372053,1,AD,Passing,
GX010042_L.MP4,45385,25.2391,YA_COW_Transect 3,2.5247,,12.258,5.611,4590.993,14.368,,,1134.943,96.169,-4447.457,YA_COW,Peter,Pomacentridae,Chromis,viridis,37372053,1,AD,Passing,
GX010042_L.MP4,45385,25.2391,YA_COW_Transect 3,2.5247,,9.209,0.75,3918.486,11.046,,,721.872,204.03,-3846.012,YA_COW,Peter,Pomacentridae,Chromis,viridis,37372053,1,AD,Passing,
GX010042_L.MP4,45385,25.2391,YA_COW_Transect 3,2.5247,,7.465,2.69,3524.188,13.961,,,841.706,118.278,-3420.152,YA_COW,Peter,Pomacentridae,Chromis,viridis,37372053,1,AD,Passing,
GX010042_L.MP4,45385,25.2391,YA_COW_Transect 3,2.5247,,7.845,3.905,3618.703,13.759,,,854.613,99.732,-3514.925,YA_COW,Peter,Pomacentridae,Chromis,viridis,37372053,1,AD,Passing,
GX010042_L.MP4,45385,25.2391,YA_COW_Transect 3,2.5247,,7.198,2.436,3443.579,9.378,,,553.864,88.055,-3397.605,YA_COW,Peter,Pomacentridae,Chromis,viridis,37372053,1,AD,Passing,
GX010042_L.MP4,45385,25.2391,YA_COW_Transect 3,2.5247,,10.982,7.709,4312.38,9.577,,,711.488,89.844,-4252.333,YA_COW,Peter,Pomacentridae,Chromis,viridis,37372053,1,AD,Passing,
GX010042_L.MP4,45385,25.2391,YA_COW_Transect 3,2.5247,,7.581,3.28,3571.49,3.781,,,224.647,68.735,-3563.755,YA_COW,Peter,Pomacentridae,Chromis,viridis,37372053,1,AD,Passing,
GX010042_L.MP4,45385,25.2391,YA_COW_Transect 3,2.5247,,7.089,5.676,3448.57,3.114,,,175.432,63.776,-3443.514,YA_COW,Peter,Pomacentridae,Chromis,viridis,37372053,1,AD,Passing,
GX010042_L.MP4,45385,25.2391,YA_COW_Transect 3,2.5247,,5.168,5.16,2880.214,8.54,,,418.574,-89.696,-2848.225,YA_COW,Peter,Pomacentridae,Chromis,viridis,37372053,1,AD,Passing,
GX010042_L.MP4,45385,25.2391,YA_COW_Transect 3,2.5247,,4.849,3.626,2782.553,8.607,,,411.66,-64.301,-2751.182,YA_COW,Peter,Pomacentridae,Chromis,viridis,37372053,1,AD,Passing,
GX010042_L.MP4,45385,25.2391,YA_COW_Transect 3,2.5247,,13.569,8.973,4815.671,9.308,,,760.944,-169.046,-4752.166,YA_COW,Peter,Pomacentridae,Chromis,viridis,37372053,1,AD,Passing,
GX010042_L.MP4,45385,25.2391,YA_COW_Transect 3,2.5247,,10.067,3.589,4138.611,5.574,,,358.963,178.599,-4119.144,YA_COW,Peter,Pomacentridae,Chromis,viridis,37372053,1,AD,Passing,
GX010042_L.MP4,45385,25.2391,YA_COW_Transect 3,2.5247,,12.378,4.853,4622.308,5.402,,,400.581,167.365,-4601.876,YA_COW,Peter,Pomacentridae,Chromis,viridis,37372053,1,AD,Passing,
GX010042_L.MP4,45385,25.2391,YA_COW_Transect 3,2.5247,,9.945,7.214,4076.977,8.979,,,571.161,278.111,-4027.179,YA_COW,Peter,Pomacentridae,Chromis,viridis,37372053,1,AD,Passing,
GX010042_L.MP4,45385,25.2391,YA_COW_Transect 3,2.5247,,7.812,1.075,3593.706,10.195,,,618.597,146.007,-3537.053,YA_COW,Peter,Pomacentridae,Chromis,viridis,37372053,1,AD,Passing,
GX010042_L.MP4,45385,25.2391,YA_COW_Transect 3,2.5247,,8.375,0.287,3734.952,12.615,,,799.849,158.084,-3644.875,YA_COW,Peter,Pomacentridae,Chromis,viridis,37372053,1,AD,Passing,
GX010042_L.MP4,45385,25.2391,YA_COW_Transect 3,2.5247,,8.976,2.39,3874.601,12.3,,,811.145,150.716,-3785.745,YA_COW,Peter,Pomacentridae,Chromis,viridis,37372053,1,AD,Passing,
GX010042_L.MP4,45385,25.2391,YA_COW_Transect 3,2.5247,,11.803,3.463,4486.193,13.036,,,1004.772,-122.365,-4370.513,YA_COW,Peter,Pomacentridae,Chromis,viridis,37372053,1,AD,Passing,
GX010042_L.MP4,45385,25.2391,YA_COW_Transect 3,2.5247,,5.44,5.624,2960.384,12.349,,,613.169,-159.428,-2891.795,YA_COW,Peter,Pomacentridae,Chromis,viridis,37372053,1,AD,Passing,
GX010042_L.MP4,45494,25.2997,YA_COW_Transect 3,2.5854,,6.186,6.218,3517.672,29.683,,,-1670.792,491.021,-3056.366,YA_COW,Peter,Pomacentridae,Chromis,ternatensis,37372051,1,AD,Passing,
GX010042_L.MP4,45494,25.2997,YA_COW_Transect 3,2.5854,,6.504,11.517,3592.587,29.138,,,-1667.58,526.573,-3138.245,YA_COW,Peter,Pomacentridae,Chromis,ternatensis,37372051,1,AD,Passing,
GX010042_L.MP4,45494,25.2997,YA_COW_Transect 3,2.5854,,7.086,1.105,3758.664,27.967,,,-1714.689,406.451,-3319.97,YA_COW,Peter,Pomacentridae,Chromis,ternatensis,37372051,1,AD,Passing,
GX010042_L.MP4,45494,25.2997,YA_COW_Transect 3,2.5854,,6.467,0.979,3514.433,25.885,,,-1475.67,418.129,-3162.089,YA_COW,Peter,Pomacentridae,Chromis,ternatensis,37372051,1,AD,Passing,
GX010042_L.MP4,45513,25.3103,YA_COW_Transect 3,2.5959,87.53,6.178,5.539,2112.672,24.389,84.372,20.661,768.409,-413.07,-1924.138,YA_COW,Peter,Pomacentridae,Chromis,viridis,37372053,1,AD,Passing,
GX010042_L.MP4,45538,25.3242,YA_COW_Transect 3,2.6098,91.127,7.421,3.412,2822.305,16.994,33.751,28.084,-293.204,-771.034,-2699.064,YA_COW,Peter,Pomacentridae,Amblyglyphidodon,curacao,37372017,1,AD,Passing,
GX010042_L.MP4,45561,25.337,YA_COW_Transect 3,2.6226,,4.613,1.009,2974.09,26.237,,,-1313.772,49.909,-2667.719,YA_COW,Peter,Pomacentridae,Amblyglyphidodon,orbicularis,temp_code_001,1,AD,Passing,
GX010042_L.MP4,45561,25.337,YA_COW_Transect 3,2.6226,,6.017,0.583,3265.511,19.784,,,-1081.216,227.628,-3072.9,YA_COW,Peter,Pomacentridae,Pomacentrus,philippinus,37372123,1,AD,Passing,
GX010042_L.MP4,45561,25.337,YA_COW_Transect 3,2.6226,,10.994,4.126,4481.482,17.835,,,-1370.225,-82.798,-4266.065,YA_COW,Peter,Pomacentridae,Chromis,viridis,37372053,1,AD,Passing,
GX010042_L.MP4,45581,25.3481,YA_COW_Transect 3,2.6337,65.755,6.155,4.015,2385.039,13.298,35.441,15.443,-401.455,373.87,-2321.092,YA_COW,Peter,Pomacentridae,Chromis,viridis,37372053,1,AD,Passing,
GX010042_L.MP4,45581,25.3481,YA_COW_Transect 3,2.6337,,2.414,2.739,1967.729,22.743,,,756.298,-83.019,-1814.685,YA_COW,Peter,Pomacentridae,Chromis,viridis,37372053,1,AD,Passing,
GX010042_L.MP4,45581,25.3481,YA_COW_Transect 3,2.6337,,4.507,3.038,2886.983,27.625,,,1320.467,-221.228,-2557.752,YA_COW,Peter,Pomacentridae,Chromis,viridis,37372053,1,AD,Passing,
GX010042_L.MP4,45581,25.3481,YA_COW_Transect 3,2.6337,,3.774,3.305,2440.373,14.756,,,619.066,-57.1,-2359.856,YA_COW,Peter,Pomacentridae,Chromis,viridis,37372053,1,AD,Passing,
GX010042_L.MP4,45581,25.3481,YA_COW_Transect 3,2.6337,,3.702,4.774,2420.386,15.496,,,645.64,34.558,-2332.428,YA_COW,Peter,Pomacentridae,Chromis,viridis,37372053,1,AD,Passing,
GX010042_L.MP4,45581,25.3481,YA_COW_Transect 3,2.6337,,7.41,4.407,3484.315,11.326,,,637.744,-250.049,-3416.315,YA_COW,Peter,Pomacentridae,Chromis,viridis,37372053,1,AD,Passing,
GX010042_L.MP4,45581,25.3481,YA_COW_Transect 3,2.6337,,7.543,5.794,3529.793,14.169,,,824.027,-261.893,-3422.255,YA_COW,Peter,Pomacentridae,Chromis,viridis,37372053,1,AD,Passing,
GX010042_L.MP4,45581,25.3481,YA_COW_Transect 3,2.6337,,7.925,3.012,3632.517,15.109,,,909.865,-264.141,-3506.787,YA_COW,Peter,Pomacentridae,Chromis,viridis,37372053,1,AD,Passing,
GX010042_L.MP4,45581,25.3481,YA_COW_Transect 3,2.6337,,7.106,6.525,3434.022,15.335,,,881.223,-221.516,-3311.629,YA_COW,Peter,Pomacentridae,Chromis,viridis,37372053,1,AD,Passing,
GX010042_L.MP4,45581,25.3481,YA_COW_Transect 3,2.6337,,7.741,2.106,3591,14.591,,,883.343,-197.16,-3475.07,YA_COW,Peter,Pomacentridae,Chromis,viridis,37372053,1,AD,Passing,
GX010042_L.MP4,45581,25.3481,YA_COW_Transect 3,2.6337,,6.021,1.882,3139.938,14.2,,,758.179,-137.685,-3043.915,YA_COW,Peter,Pomacentridae,Chromis,viridis,37372053,1,AD,Passing,
GX010042_L.MP4,45581,25.3481,YA_COW_Transect 3,2.6337,,9.238,3.467,3927.09,10.873,,,719.142,-180.065,-3856.481,YA_COW,Peter,Pomacentridae,Chromis,viridis,37372053,1,AD,Passing,
GX010042_L.MP4,45581,25.3481,YA_COW_Transect 3,2.6337,,4.289,2.089,2615.651,14.215,,,642.065,15.255,-2535.577,YA_COW,Peter,Pomacentridae,Chromis,viridis,37372053,1,AD,Passing,
GX010042_L.MP4,45581,25.3481,YA_COW_Transect 3,2.6337,,5.891,1.152,3132.475,16.676,,,898.021,-41.171,-3000.71,YA_COW,Peter,Pomacentridae,Chromis,viridis,37372053,1,AD,Passing,
GX010042_L.MP4,45581,25.3481,YA_COW_Transect 3,2.6337,,3.529,2.274,2337.513,9.227,,,373.386,31.499,-2307.284,YA_COW,Peter,Pomacentridae,Chromis,viridis,37372053,1,AD,Passing,
GX010042_L.MP4,45581,25.3481,YA_COW_Transect 3,2.6337,,7.035,4.979,3405.719,11.689,,,689.734,16.042,-3335.106,YA_COW,Peter,Pomacentridae,Chromis,viridis,37372053,1,AD,Passing,
GX010042_L.MP4,45581,25.3481,YA_COW_Transect 3,2.6337,,5.361,0.507,2950.364,14.217,,,714.96,116.23,-2860.065,YA_COW,Peter,Pomacentridae,Chromis,viridis,37372053,1,AD,Passing,
GX010042_L.MP4,45581,25.3481,YA_COW_Transect 3,2.6337,,5.345,0.132,2931.803,11.379,,,564.233,125.797,-2874.245,YA_COW,Peter,Pomacentridae,Chromis,viridis,37372053,1,AD,Passing,
GX010042_L.MP4,45581,25.3481,YA_COW_Transect 3,2.6337,,5.357,4.332,2939.87,12.674,,,633.279,120.834,-2868.308,YA_COW,Peter,Pomacentridae,Chromis,viridis,37372053,1,AD,Passing,
GX010042_L.MP4,45581,25.3481,YA_COW_Transect 3,2.6337,,3.848,3.078,2468.902,2.539,,,49.891,95.886,-2466.535,YA_COW,Peter,Pomacentridae,Chromis,viridis,37372053,1,AD,Passing,
GX010042_L.MP4,45581,25.3481,YA_COW_Transect 3,2.6337,,5.517,2.718,3014.599,1.518,,,79.006,9.988,-3013.547,YA_COW,Peter,Pomacentridae,Chromis,viridis,37372053,1,AD,Passing,
GX010042_L.MP4,45581,25.3481,YA_COW_Transect 3,2.6337,,7.273,0.948,3471.224,6.487,,,365.427,-144.39,-3448.915,YA_COW,Peter,Pomacentridae,Chromis,viridis,37372053,1,AD,Passing,
GX010042_L.MP4,45581,25.3481,YA_COW_Transect 3,2.6337,,7.708,1.617,3600.311,4.251,,,258.536,64.175,-3590.443,YA_COW,Peter,Pomacentridae,Chromis,viridis,37372053,1,AD,Passing,
GX010042_L.MP4,45581,25.3481,YA_COW_Transect 3,2.6337,,15.824,4.1,5333.831,1.102,,,101.268,13.31,-5332.853,YA_COW,Peter,Pomacentridae,Chromis,viridis,37372053,1,AD,Passing,
GX010042_L.MP4,45581,25.3481,YA_COW_Transect 3,2.6337,,6.572,1.234,3313.817,2.397,,,126.269,55.204,-3310.95,YA_COW,Peter,Pomacentridae,Chromis,viridis,37372053,1,AD,Passing,
GX010042_L.MP4,45581,25.3481,YA_COW_Transect 3,2.6337,,7.884,8.073,3651.968,3.305,,,199.293,65.79,-3645.933,YA_COW,Peter,Pomacentridae,Chromis,viridis,37372053,1,AD,Passing,
GX010042_L.MP4,45581,25.3481,YA_COW_Transect 3,2.6337,,11.108,2.065,4359.317,6.112,,,454.38,-97.211,-4334.482,YA_COW,Peter,Pomacentridae,Chromis,viridis,37372053,1,AD,Passing,
GX010042_L.MP4,45581,25.3481,YA_COW_Transect 3,2.6337,,9.478,4.662,4000.962,6.969,,,483.339,-47.561,-3971.375,YA_COW,Peter,Pomacentridae,Chromis,viridis,37372053,1,AD,Passing,
GX010042_L.MP4,45581,25.3481,YA_COW_Transect 3,2.6337,,12.484,1.854,4626.958,7.554,,,608.183,-13.613,-4586.793,YA_COW,Peter,Pomacentridae,Chromis,viridis,37372053,1,AD,Passing,
GX010042_L.MP4,45581,25.3481,YA_COW_Transect 3,2.6337,,10.098,5.17,4127.823,9.23,,,662.056,-8.162,-4074.376,YA_COW,Peter,Pomacentridae,Chromis,viridis,37372053,1,AD,Passing,
GX010042_L.MP4,45581,25.3481,YA_COW_Transect 3,2.6337,,3.736,1.877,2418.484,10.467,,,-310.002,309.976,-2378.419,YA_COW,Peter,Pomacentridae,Chromis,viridis,37372053,1,AD,Passing,
GX010042_L.MP4,45581,25.3481,YA_COW_Transect 3,2.6337,,2.88,3.929,2096.873,7.51,,,-143.873,232.028,-2079.024,YA_COW,Peter,Pomacentridae,Chromis,viridis,37372053,1,AD,Passing,
GX010042_L.MP4,45581,25.3481,YA_COW_Transect 3,2.6337,,3.261,1.848,2245.015,7.364,,,-104.411,266.849,-2226.653,YA_COW,Peter,Pomacentridae,Chromis,viridis,37372053,1,AD,Passing,
GX010042_L.MP4,45581,25.3481,YA_COW_Transect 3,2.6337,,6.253,5.725,3218.571,4.244,,,-21.33,235.338,-3209.884,YA_COW,Peter,Pomacentridae,Chromis,viridis,37372053,1,AD,Passing,
GX010042_L.MP4,45581,25.3481,YA_COW_Transect 3,2.6337,,5.311,4.574,2944.347,7.265,,,-331.728,167.371,-2920.809,YA_COW,Peter,Pomacentridae,Chromis,viridis,37372053,1,AD,Passing,
GX010042_L.MP4,45581,25.3481,YA_COW_Transect 3,2.6337,,6.919,3.981,3385.449,7.683,,,-323.219,314.87,-3355.242,YA_COW,Peter,Pomacentridae,Chromis,viridis,37372053,1,AD,Passing,
GX010042_L.MP4,45581,25.3481,YA_COW_Transect 3,2.6337,,3.342,2.523,2279.182,3.625,,,117.864,81.551,-2274.671,YA_COW,Peter,Pomacentridae,Chromis,viridis,37372053,1,AD,Passing,
GX010042_L.MP4,45581,25.3481,YA_COW_Transect 3,2.6337,,4.089,0.56,2532.877,8.375,,,339.263,143.431,-2505.952,YA_COW,Peter,Pomacentridae,Chromis,viridis,37372053,1,AD,Passing,
GX010042_L.MP4,45581,25.3481,YA_COW_Transect 3,2.6337,,4.196,4.586,2573.959,6.461,,,241.424,158.504,-2557.705,YA_COW,Peter,Pomacentridae,Chromis,viridis,37372053,1,AD,Passing,
GX010042_L.MP4,45581,25.3481,YA_COW_Transect 3,2.6337,,3.92,2.765,2468.22,9.716,,,322.899,261.737,-2432.97,YA_COW,Peter,Pomacentridae,Chromis,viridis,37372053,1,AD,Passing,
GX010042_L.MP4,45581,25.3481,YA_COW_Transect 3,2.6337,,3.474,1.494,2314.843,8.442,,,292.589,171.534,-2289.862,YA_COW,Peter,Pomacentridae,Chromis,viridis,37372053,1,AD,Passing,
GX010042_L.MP4,45581,25.3481,YA_COW_Transect 3,2.6337,,3.919,1.367,2469.71,10.002,,,374.567,207.565,-2432.3,YA_COW,Peter,Pomacentridae,Chromis,viridis,37372053,1,AD,Passing,
GX010042_L.MP4,45581,25.3481,YA_COW_Transect 3,2.6337,,4.06,0.182,2519.851,10.329,,,417.031,172.36,-2479.118,YA_COW,Peter,Pomacentridae,Chromis,viridis,37372053,1,AD,Passing,
GX010042_L.MP4,45581,25.3481,YA_COW_Transect 3,2.6337,,2.952,2.431,2116.104,10.652,,,374.398,112.008,-2079.706,YA_COW,Peter,Pomacentridae,Chromis,viridis,37372053,1,AD,Passing,
GX010042_L.MP4,45581,25.3481,YA_COW_Transect 3,2.6337,,8.906,4.033,3858.921,10.739,,,714.529,78.338,-3791.383,YA_COW,Peter,Pomacentridae,Chromis,viridis,37372053,1,AD,Passing,
GX010042_L.MP4,45581,25.3481,YA_COW_Transect 3,2.6337,,7.163,0.718,3435.64,9.972,,,592.852,48.011,-3383.762,YA_COW,Peter,Pomacentridae,Chromis,viridis,37372053,1,AD,Passing,
GX010042_L.MP4,45581,25.3481,YA_COW_Transect 3,2.6337,,20.973,7.977,6112.453,16.176,,,1702.468,34.055,-5870.479,YA_COW,Peter,Pomacentridae,Chromis,viridis,37372053,1,AD,Passing,
GX010042_L.MP4,45581,25.3481,YA_COW_Transect 3,2.6337,,3.772,2.156,2423.078,9.231,,,373.99,104.535,-2391.759,YA_COW,Peter,Pomacentridae,Chromis,viridis,37372053,1,AD,Passing,
GX010042_L.MP4,45581,25.3481,YA_COW_Transect 3,2.6337,,6.897,0.249,3355.312,10.432,,,-260.998,546.691,-3300.171,YA_COW,Peter,Pomacentridae,Chromis,viridis,37372053,1,AD,Passing,
GX010042_L.MP4,45581,25.3481,YA_COW_Transect 3,2.6337,,5.469,0.401,2970.349,7.306,,,125.826,354.436,-2946.441,YA_COW,Peter,Pomacentridae,Chromis,viridis,37372053,1,AD,Passing,
GX010042_L.MP4,45581,25.3481,YA_COW_Transect 3,2.6337,,7.943,2.8,3673.009,2.823,,,32.281,175.819,-3668.656,YA_COW,Peter,Pomacentridae,Chromis,viridis,37372053,1,AD,Passing,
GX010042_L.MP4,45581,25.3481,YA_COW_Transect 3,2.6337,,4.361,2.753,2627.898,9.285,,,-202.25,371.153,-2593.682,YA_COW,Peter,Pomacentridae,Chromis,viridis,37372053,1,AD,Passing,
GX010042_L.MP4,45581,25.3481,YA_COW_Transect 3,2.6337,,10.81,4.004,4253.668,10.807,,,-476.532,637.093,-4178.603,YA_COW,Peter,Pomacentridae,Chromis,viridis,37372053,1,AD,Passing,
GX010042_L.MP4,45581,25.3481,YA_COW_Transect 3,2.6337,,14.585,2.692,5015.702,7.893,,,-471.429,499.3,-4968.473,YA_COW,Peter,Pomacentridae,Chromis,viridis,37372053,1,AD,Passing,
GX010042_L.MP4,45581,25.3481,YA_COW_Transect 3,2.6337,,9.281,1.565,3963.335,7.618,,,-405.082,332.322,-3928.549,YA_COW,Peter,Pomacentridae,Chromis,viridis,37372053,1,AD,Passing,
GX010042_L.MP4,45581,25.3481,YA_COW_Transect 3,2.6337,,9.274,5.543,3993.785,3.524,,,-141.305,198.444,-3986.348,YA_COW,Peter,Pomacentridae,Chromis,viridis,37372053,1,AD,Passing,
GX010042_L.MP4,45581,25.3481,YA_COW_Transect 3,2.6337,,13.082,0.033,4703.361,8.197,,,502.714,441.057,-4655.572,YA_COW,Peter,Pomacentridae,Chromis,viridis,37372053,1,AD,Passing,
GX010042_L.MP4,53402,29.6974,YA_COW_Transect 4,0.2391,86.952,4.151,8.709,2091.852,21.663,37.073,29.258,-378.972,-672.823,-1944.102,YA_COW,Peter,Pomacentridae,Amblyglyphidodon,orbicularis,temp_code_001,1,AD,Passing,
GX010042_L.MP4,53415,29.7047,YA_COW_Transect 4,0.2464,,4.607,1.513,2739.401,19.341,,,834.024,-358.64,-2584.588,YA_COW,Peter,Chaetodontidae,Chaetodon,sp,,1,AD,Passing,
GX010042_L.MP4,53415,29.7047,YA_COW_Transect 4,0.2464,,3.624,0.941,2363.42,14.069,,,205.141,-538,-2292.21,YA_COW,Peter,Pomacentridae,Chromis,ternatensis,37372051,1,AD,Passing,
GX010042_L.MP4,53419,29.7069,YA_COW_Transect 4,0.2486,,9.75,3.114,4208.096,27.019,,,-1427.17,-1274.083,-3748.062,YA_COW,Peter,Pomacentridae,Pomacentrus,sp,,1,AD,Passing,
GX010042_L.MP4,53419,29.7069,YA_COW_Transect 4,0.2486,,4.683,13.845,2938.903,27.2,,,-1211.612,-581.738,-2613.565,YA_COW,Peter,Pomacentridae,Chromis,ternatensis,37372051,1,AD,Passing,
GX010042_L.MP4,53419,29.7069,YA_COW_Transect 4,0.2486,,5.747,11.584,3272.33,25.782,,,-1326.347,-518.039,-2946.283,YA_COW,Peter,Pomacentridae,Chromis,ternatensis,37372051,1,AD,Passing,
GX010042_L.MP4,53488,29.7453,YA_COW_Transect 4,0.287,,4.882,0.158,2774.059,16.653,,,278.612,-746.093,-2657.278,YA_COW,Peter,Pomacentridae,Pomacentrus,callainus,temp_code_004,1,AD,Passing,
GX010042_L.MP4,53488,29.7453,YA_COW_Transect 4,0.287,,2.934,0.873,2122.003,15.459,,,-195.495,-531.973,-2044.917,YA_COW,Peter,Pomacentridae,Pomacentrus,callainus,temp_code_004,1,AD,Passing,
GX010042_L.MP4,53488,29.7453,YA_COW_Transect 4,0.287,,3.544,3.782,2373.718,20.566,,,-352.741,-756.854,-2222,YA_COW,Peter,Pomacentridae,Pomacentrus,callainus,temp_code_004,1,AD,Passing,
GX010042_L.MP4,53488,29.7453,YA_COW_Transect 4,0.287,,4.949,12.849,2947.631,25.869,,,-1008.346,-799.831,-2651.799,YA_COW,Peter,Pomacentridae,Amblyglyphidodon,curacao,37372017,1,AD,Passing,
GX010042_L.MP4,53488,29.7453,YA_COW_Transect 4,0.287,,3.054,2.473,2193.12,20.776,,,-316.648,-711.778,-2050.093,YA_COW,Peter,Pomacentridae,Pomacentrus,sp,,1,AD,Passing,
GX010042_L.MP4,53488,29.7453,YA_COW_Transect 4,0.287,,2.631,6.709,2048.537,23.935,,,-448.722,-700.657,-1871.96,YA_COW,Peter,Pomacentridae,Pomacentrus,sp,,1,AD,Passing,
GX010042_L.MP4,53488,29.7453,YA_COW_Transect 4,0.287,53.03,3.448,1.955,2452.823,16.153,14.272,37.81,-420.472,-537.425,-2355.996,YA_COW,Peter,Pomacentridae,Chromis,ternatensis,37372051,1,AD,Passing,
GX010042_L.MP4,53488,29.7453,YA_COW_Transect 4,0.287,62.635,4.836,10.593,2080.22,24.456,69.624,38.584,-682.078,-525.765,-1893.583,YA_COW,Peter,Pomacentridae,Chromis,ternatensis,37372051,1,AD,Passing,
GX010042_L.MP4,53488,29.7453,YA_COW_Transect 4,0.287,37.953,3.091,9.685,2004.281,21.761,24.964,32.659,-519.108,-531.66,-1861.453,YA_COW,Peter,Pomacentridae,Chromis,ternatensis,37372051,1,AD,Passing,
GX010042_L.MP4,53488,29.7453,YA_COW_Transect 4,0.287,,2.656,5.196,2029.454,19.55,,,-58.312,-677.728,-1912.058,YA_COW,Peter,Pomacentridae,Chromis,ternatensis,37372051,1,AD,Passing,
GX010042_L.MP4,53488,29.7453,YA_COW_Transect 4,0.287,,2.958,3.092,2135.716,16.553,,,-339.976,-505.832,-2046.909,YA_COW,Peter,Pomacentridae,Chromis,ternatensis,37372051,1,AD,Passing,
GX010042_L.MP4,53488,29.7453,YA_COW_Transect 4,0.287,,3.636,1.531,2388.297,14.982,,,-414.461,-458.993,-2306.84,YA_COW,Peter,Pomacentridae,Chromis,ternatensis,37372051,1,AD,Passing,
GX010042_L.MP4,53488,29.7453,YA_COW_Transect 4,0.287,,3.549,2.527,2349.288,11.239,,,-244.641,-388.401,-2304.008,YA_COW,Peter,Pomacentridae,Chromis,ternatensis,37372051,1,AD,Passing,
GX010042_L.MP4,53488,29.7453,YA_COW_Transect 4,0.287,,13.113,19.943,4945.454,25.218,,,-1826.311,-1053.444,-4473.518,YA_COW,Peter,Pomacentridae,Abudefduf,vaigiensis,37372013,1,AD,Passing,
GX010042_L.MP4,53541,29.7747,YA_COW_Transect 4,0.3164,,4.436,4.741,2655.268,16.714,,,-146.071,-751.017,-2542.653,YA_COW,Peter,Pomacentridae,Pomacentrus,callainus,temp_code_004,1,AD,Passing,
GX010042_L.MP4,53541,29.7747,YA_COW_Transect 4,0.3164,66.947,3.714,4.338,2587.166,19.451,10.201,31.319,-610.235,-608.158,-2439.505,YA_COW,Peter,Pomacentridae,Chromis,ternatensis,37372051,1,AD,Passing,
GX010042_L.MP4,53541,29.7747,YA_COW_Transect 4,0.3164,,1.75,3.19,1628.648,21.66,,,27.587,-601.376,-1513.301,YA_COW,Peter,Pomacentridae,Chromis,ternatensis,37372051,1,AD,Passing,
GX010042_L.MP4,53541,29.7747,YA_COW_Transect 4,0.3164,,1.799,13.452,1686.47,27.899,,,657.337,-437.455,-1490.209,YA_COW,Peter,Pomacentridae,Chromis,ternatensis,37372051,1,AD,Passing,
GX010042_L.MP4,53541,29.7747,YA_COW_Transect 4,0.3164,,15.339,9.807,5206.552,23.056,,,-1509.162,-1373.92,-4789.88,YA_COW,Peter,Pomacentridae,Abudefduf,vaigiensis,37372013,1,AD,Passing,
GX010042_L.MP4,53541,29.7747,YA_COW_Transect 4,0.3164,,16.498,1.121,5289.781,19.878,,,-992.258,-1503.09,-4973.724,YA_COW,Peter,Pomacentridae,Abudefduf,vaigiensis,37372013,1,AD,Passing,
GX010042_L.MP4,53541,29.7747,YA_COW_Transect 4,0.3164,,16.318,7.675,5277.973,18.716,,,-1157.377,-1239.294,-4998.162,YA_COW,Peter,Pomacentridae,Abudefduf,vaigiensis,37372013,1,AD,Passing,
GX010042_L.MP4,53541,29.7747,YA_COW_Transect 4,0.3164,,12.196,5.197,4507.352,14.424,,,-547.538,-982.719,-4364.709,YA_COW,Peter,Pomacentridae,Abudefduf,vaigiensis,37372013,1,AD,Passing,
GX010042_L.MP4,53541,29.7747,YA_COW_Transect 4,0.3164,,4.254,3.063,2594.699,16.676,,,15.892,-745.846,-2485.141,YA_COW,Peter,Pomacentridae,Abudefduf,vaigiensis,37372013,1,AD,Passing,
GX010042_L.MP4,53590,29.802,YA_COW_Transect 4,0.3437,,10.751,10.492,4254.145,25.351,,,1115.341,1437.775,-3845.331,YA_COW,Peter,Pomacentridae,Chromis,ternatensis,37372051,1,AD,Passing,
GX010042_L.MP4,53590,29.802,YA_COW_Transect 4,0.3437,,9.998,7.99,4106.15,25.395,,,1140.87,1339.228,-3710.169,YA_COW,Peter,Pomacentridae,Chromis,ternatensis,37372051,1,AD,Passing,
GX010042_L.MP4,53590,29.802,YA_COW_Transect 4,0.3437,,13.897,4.182,4829.869,24.384,,,1187.678,1599.138,-4399.979,YA_COW,Peter,Pomacentridae,Chromis,ternatensis,37372051,1,AD,Passing,
GX010042_L.MP4,53590,29.802,YA_COW_Transect 4,0.3437,,10.191,3.209,4135.685,24.765,,,1116.495,1322.434,-3756.128,YA_COW,Peter,Pomacentridae,Chromis,ternatensis,37372051,1,AD,Passing,
GX010042_L.MP4,53590,29.802,YA_COW_Transect 4,0.3437,,16.337,8.065,5292.737,25.105,,,1602.48,1570.356,-4793.653,YA_COW,Peter,Pomacentridae,Chromis,ternatensis,37372051,1,AD,Passing,
GX010042_L.MP4,53590,29.802,YA_COW_Transect 4,0.3437,,11.683,13.331,4578.797,29.745,,,1705.05,1498.81,-3976.399,YA_COW,Peter,Pomacentridae,Chromis,ternatensis,37372051,1,AD,Passing,
GX010042_L.MP4,53590,29.802,YA_COW_Transect 4,0.3437,,9.848,10.161,4133.878,28.202,,,1322.195,1436.077,-3643.958,YA_COW,Peter,Pomacentridae,Chromis,ternatensis,37372051,1,AD,Passing,
GX010042_L.MP4,53590,29.802,YA_COW_Transect 4,0.3437,,13.536,5.668,4893.858,28.419,,,1713.696,1574.772,-4305.018,YA_COW,Peter,Pomacentridae,Chromis,ternatensis,37372051,1,AD,Passing,
GX010042_L.MP4,53615,29.8159,YA_COW_Transect 4,0.3576,,13.483,7.464,4771.892,24.46,,,1314.856,1472.269,-4344.483,YA_COW,Peter,Pomacentridae,Chromis,ternatensis,37372051,1,AD,Passing,
GX010042_L.MP4,53615,29.8159,YA_COW_Transect 4,0.3576,,10.147,8.303,4106.168,23.843,,,1002.133,1321.011,-3756.497,YA_COW,Peter,Pomacentridae,Chromis,ternatensis,37372051,1,AD,Passing,
GX010042_L.MP4,53615,29.8159,YA_COW_Transect 4,0.3576,,12.151,5.703,4506.651,24.135,,,1102.201,1474.372,-4113.549,YA_COW,Peter,Pomacentridae,Chromis,ternatensis,37372051,1,AD,Passing,
GX010042_L.MP4,53615,29.8159,YA_COW_Transect 4,0.3576,,15.206,6.351,5089.311,25.486,,,1427.142,1658.241,-4595.062,YA_COW,Peter,Pomacentridae,Chromis,ternatensis,37372051,1,AD,Passing,
GX010042_L.MP4,53615,29.8159,YA_COW_Transect 4,0.3576,,9.536,5.314,3966.076,23.398,,,760.046,1377.351,-3640.741,YA_COW,Peter,Pomacentridae,Chromis,ternatensis,37372051,1,AD,Passing,
GX010042_L.MP4,53615,29.8159,YA_COW_Transect 4,0.3576,,8.494,4.949,3745.417,24.122,,,778.586,1315.896,-3419.118,YA_COW,Peter,Pomacentridae,Chromis,ternatensis,37372051,1,AD,Passing,
GX010042_L.MP4,53615,29.8159,YA_COW_Transect 4,0.3576,,14.736,9.955,4972.032,23.661,,,1271.623,1535.018,-4554.974,YA_COW,Peter,Pomacentridae,Chromis,ternatensis,37372051,1,AD,Passing,
GX010042_L.MP4,53615,29.8159,YA_COW_Transect 4,0.3576,,11.096,11.148,4285.244,21.715,,,1082.372,1156.209,-3981.83,YA_COW,Peter,Pomacentridae,Chromis,ternatensis,37372051,1,AD,Passing,
GX010042_L.MP4,53615,29.8159,YA_COW_Transect 4,0.3576,,7.573,3.607,3489.387,19.246,,,588.601,986.224,-3294.956,YA_COW,Peter,Pomacentridae,Chromis,ternatensis,37372051,1,AD,Passing,
GX010042_L.MP4,53615,29.8159,YA_COW_Transect 4,0.3576,,8.234,4.816,3644.557,19.079,,,549.919,1054.797,-3444.965,YA_COW,Peter,Pomacentridae,Chromis,ternatensis,37372051,1,AD,Passing,
GX010042_L.MP4,53615,29.8159,YA_COW_Transect 4,0.3576,,8.22,5.272,3642.921,19.595,,,596.093,1064.438,-3432.567,YA_COW,Peter,Pomacentridae,Chromis,ternatensis,37372051,1,AD,Passing,
GX010042_L.MP4,53615,29.8159,YA_COW_Transect 4,0.3576,,7.516,2.634,3479.402,19.266,,,480.673,1040.669,-3285.149,YA_COW,Peter,Pomacentridae,Chromis,ternatensis,37372051,1,AD,Passing,
GX010042_L.MP4,53615,29.8159,YA_COW_Transect 4,0.3576,,15.869,6.429,5151.679,22.78,,,1294.205,1515.101,-4750.715,YA_COW,Peter,Pomacentridae,Chromis,ternatensis,37372051,1,AD,Passing,
GX010042_L.MP4,53615,29.8159,YA_COW_Transect 4,0.3576,,13.785,3.432,4759.61,20.661,,,815.098,1465.698,-4454.35,YA_COW,Peter,Pomacentridae,Chromis,ternatensis,37372051,1,AD,Passing,
GX010042_L.MP4,53615,29.8159,YA_COW_Transect 4,0.3576,,8.042,0.368,3594.402,17.109,,,501.287,929.079,-3435.877,YA_COW,Peter,Pomacentridae,Chromis,ternatensis,37372051,1,AD,Passing,
GX010042_L.MP4,53615,29.8159,YA_COW_Transect 4,0.3576,,6.909,1.836,3336.97,11.579,,,247.096,620.618,-3269.425,YA_COW,Peter,Pomacentridae,Chromis,ternatensis,37372051,1,AD,Passing,
GX010042_L.MP4,53615,29.8159,YA_COW_Transect 4,0.3576,,10.535,4.497,4137.407,14.272,,,608.983,815.852,-4010.195,YA_COW,Peter,Pomacentridae,Chromis,ternatensis,37372051,1,AD,Passing,
GX010042_L.MP4,53615,29.8159,YA_COW_Transect 4,0.3576,,9.794,4.749,3993.595,17.336,,,859.618,820.676,-3812.657,YA_COW,Peter,Pomacentridae,Chromis,ternatensis,37372051,1,AD,Passing,
GX010042_L.MP4,53615,29.8159,YA_COW_Transect 4,0.3576,,13.98,6.189,4782.147,16.785,,,875.411,1065.42,-4579.025,YA_COW,Peter,Pomacentridae,Chromis,ternatensis,37372051,1,AD,Passing,
GX010042_L.MP4,53615,29.8159,YA_COW_Transect 4,0.3576,,8.565,0.425,3723.286,13.99,,,345.942,828.87,-3613.331,YA_COW,Peter,Pomacentridae,Chromis,ternatensis,37372051,1,AD,Passing,
GX010042_L.MP4,53615,29.8159,YA_COW_Transect 4,0.3576,,8.247,2.752,3646.91,17.019,,,412.463,982.467,-3487.777,YA_COW,Peter,Pomacentridae,Chromis,ternatensis,37372051,1,AD,Passing,
GX010042_L.MP4,53615,29.8159,YA_COW_Transect 4,0.3576,,13.191,0.408,4649.674,15.801,,,497.637,1161.589,-4474.655,YA_COW,Peter,Pomacentridae,Chromis,ternatensis,37372051,1,AD,Passing,
GX010042_L.MP4,53615,29.8159,YA_COW_Transect 4,0.3576,,9.497,4.404,3941.518,15.711,,,233.904,1039.162,-3794.864,YA_COW,Peter,Pomacentridae,Chromis,ternatensis,37372051,1,AD,Passing,
GX010042_L.MP4,53615,29.8159,YA_COW_Transect 4,0.3576,,10.905,3.461,4242.876,16.144,,,192.867,1161.519,-4076.233,YA_COW,Peter,Pomacentridae,Chromis,ternatensis,37372051,1,AD,Passing,
GX010042_L.MP4,53615,29.8159,YA_COW_Transect 4,0.3576,,6.938,0.351,3337.454,13.219,,,277.555,709.024,-3249.438,YA_COW,Peter,Pomacentridae,Chromis,ternatensis,37372051,1,AD,Passing,
GX010042_L.MP4,53615,29.8159,YA_COW_Transect 4,0.3576,,10.595,2.285,4193.81,13.109,,,10.948,948.713,-4085.078,YA_COW,Peter,Pomacentridae,Chromis,ternatensis,37372051,1,AD,Passing,
GX010042_L.MP4,53615,29.8159,YA_COW_Transect 4,0.3576,,8.025,0.131,3624.124,11.576,,,86.104,720.031,-3550.833,YA_COW,Peter,Pomacentridae,Chromis,ternatensis,37372051,1,AD,Passing,
GX010042_L.MP4,53615,29.8159,YA_COW_Transect 4,0.3576,,9.278,4.632,3913.353,11.77,,,63.882,793.459,-3831.536,YA_COW,Peter,Pomacentridae,Chromis,ternatensis,37372051,1,AD,Passing,
GX010042_L.MP4,53615,29.8159,YA_COW_Transect 4,0.3576,,10.803,0.871,4245.863,11.38,,,-46.925,834.037,-4162.876,YA_COW,Peter,Pomacentridae,Chromis,ternatensis,37372051,1,AD,Passing,
GX010042_L.MP4,53615,29.8159,YA_COW_Transect 4,0.3576,,7.743,3.624,3561.928,10.752,,,44.797,660.934,-3499.784,YA_COW,Peter,Pomacentridae,Chromis,ternatensis,37372051,1,AD,Passing,
GX010042_L.MP4,53615,29.8159,YA_COW_Transect 4,0.3576,,10.731,2.622,4242.444,9.812,,,-167.49,700.86,-4180.798,YA_COW,Peter,Pomacentridae,Chromis,ternatensis,37372051,1,AD,Passing,
GX010042_L.MP4,53615,29.8159,YA_COW_Transect 4,0.3576,,10.914,2.009,4288.46,9.451,,,-436.182,550.332,-4230.575,YA_COW,Peter,Pomacentridae,Chromis,ternatensis,37372051,1,AD,Passing,
GX010042_L.MP4,53615,29.8159,YA_COW_Transect 4,0.3576,,12.448,0.39,4615.184,7.369,,,-61.748,586.034,-4577.409,YA_COW,Peter,Pomacentridae,Chromis,ternatensis,37372051,1,AD,Passing,
GX010042_L.MP4,53615,29.8159,YA_COW_Transect 4,0.3576,,11.562,3.782,4417.055,8.485,,,128.449,636.422,-4369.078,YA_COW,Peter,Pomacentridae,Chromis,ternatensis,37372051,1,AD,Passing,
GX010042_L.MP4,53615,29.8159,YA_COW_Transect 4,0.3576,,16.53,8.634,5219.959,17.09,,,1072.667,1093.75,-4990.097,YA_COW,Peter,Pomacentridae,Abudefduf,vaigiensis,37372013,1,AD,Passing,
GX010042_L.MP4,53701,29.8637,YA_COW_Transect 4,0.4054,142.096,7.416,5.141,3331.676,12.673,20.444,25.487,175.45,-709.533,-3250.515,YA_COW,Peter,Siganidae,Siganus,doliatus,37438009,1,AD,Passing,
GX010042_L.MP4,53701,29.8637,YA_COW_Transect 4,0.4054,77.101,7.293,8.032,2562.032,7.477,32.945,6.633,285.195,172.695,-2540.246,YA_COW,Peter,Pomacentridae,Amblyglyphidodon,orbicularis,temp_code_001,1,AD,Passing,
GX010042_L.MP4,53701,29.8637,YA_COW_Transect 4,0.4054,,17.943,7.667,5972.39,25.457,,,-2469.705,-703.649,-5392.113,YA_COW,Peter,Pomacentridae,Chromis,ternatensis,37372051,1,AD,Passing,
GX010042_L.MP4,53701,29.8637,YA_COW_Transect 4,0.4054,128.047,2.991,6.934,3502.234,4.974,0.685,7.999,100.682,-286.461,-3489.047,YA_COW,Peter,Pomacentridae,Abudefduf,vaigiensis,37372013,1,AD,Passing,
GX010042_L.MP4,53701,29.8637,YA_COW_Transect 4,0.4054,137.628,11.341,3.582,3226.853,13.39,34.974,1.101,-163.404,-729.169,-3139.139,YA_COW,Peter,Pomacentridae,Abudefduf,vaigiensis,37372013,1,AD,Passing,
GX010042_L.MP4,53701,29.8637,YA_COW_Transect 4,0.4054,,7.847,9.426,3621.41,13.721,,,857.823,-46.132,-3518.042,YA_COW,Peter,Pomacentridae,Abudefduf,vaigiensis,37372013,1,AD,Passing,
GX010042_L.MP4,53701,29.8637,YA_COW_Transect 4,0.4054,,9.497,0.217,3981.758,9.555,,,623.075,-222.875,-3926.386,YA_COW,Peter,Pomacentridae,Abudefduf,vaigiensis,37372013,1,AD,Passing,
GX010042_L.MP4,53701,29.8637,YA_COW_Transect 4,0.4054,,7.147,0.593,3431.103,16.456,,,-662.231,-713.372,-3290.14,YA_COW,Peter,Pomacentridae,Abudefduf,vaigiensis,37372013,1,AD,Passing,
GX010042_L.MP4,53701,29.8637,YA_COW_Transect 4,0.4054,,14.807,6.278,5104,5.353,,,-379.961,-289.934,-5081.573,YA_COW,Peter,Pomacentridae,Abudefduf,vaigiensis,37372013,1,AD,Passing,
GX010042_L.MP4,53701,29.8637,YA_COW_Transect 4,0.4054,,8.017,2.099,3673.666,15.296,,,-818.064,-521.707,-3543.221,YA_COW,Peter,Pomacentridae,Chromis,viridis,37372053,1,AD,Passing,
GX010042_L.MP4,53701,29.8637,YA_COW_Transect 4,0.4054,,7.579,7.894,3672.235,20.943,,,-1205.708,-520.789,-3429.338,YA_COW,Peter,Pomacentridae,Chromis,viridis,37372053,1,AD,Passing,
GX010042_L.MP4,53779,29.9071,YA_COW_Transect 4,0.4488,,6.536,11.934,3421.488,22.915,,,1325.23,134.459,-3151.55,YA_COW,Peter,Pomacentridae,Abudefduf,vaigiensis,37372013,1,AD,Passing,
GX010042_L.MP4,53779,29.9071,YA_COW_Transect 4,0.4488,,3.247,8.068,2421.957,28.071,,,1131.317,136.547,-2137.137,YA_COW,Peter,Pomacentridae,Chromis,viridis,37372053,1,AD,Passing,
GX010042_L.MP4,53779,29.9071,YA_COW_Transect 4,0.4488,,3.899,4.971,2635.043,25.732,,,1138.007,115.739,-2373.815,YA_COW,Peter,Pomacentridae,Chromis,viridis,37372053,1,AD,Passing,
GX010042_L.MP4,53808,29.9232,YA_COW_Transect 4,0.4649,,4.891,2.958,2796.407,20.777,,,703.601,-700.783,-2614.143,YA_COW,Peter,Pomacentridae,Pomacentrus,callainus,temp_code_004,1,AD,Passing,
GX010042_L.MP4,53808,29.9232,YA_COW_Transect 4,0.4649,67.513,3.975,2.631,2618.986,15.156,15.711,19.376,176.491,-661.573,-2527.897,YA_COW,Peter,Pomacentridae,Pomacentrus,maafu,temp_code_005,1,AD,Passing,
GX010042_L.MP4,53808,29.9232,YA_COW_Transect 4,0.4649,,5.596,4.45,2987.369,18.09,,,683.83,-628.448,-2839.331,YA_COW,Peter,Pomacentridae,Abudefduf,vaigiensis,37372013,1,AD,Passing,
GX010042_L.MP4,53808,29.9232,YA_COW_Transect 4,0.4649,75.49,7.063,2.938,2327.714,18.161,47.747,6.525,307.832,-656.992,-2211.754,YA_COW,Peter,Pomacentridae,Chromis,viridis,37372053,1,AD,Passing,
GX010042_L.MP4,53808,29.9232,YA_COW_Transect 4,0.4649,,5.45,3.288,2995.427,25.353,,,738.842,-1050.006,-2706.322,YA_COW,Peter,Pomacentridae,Chromis,viridis,37372053,1,AD,Passing,
GX010042_L.MP4,53808,29.9232,YA_COW_Transect 4,0.4649,,5.792,1.998,3081.858,24.297,,,779.062,-1002.173,-2808.302,YA_COW,Peter,Pomacentridae,Chromis,viridis,37372053,1,AD,Passing,
GX010042_L.MP4,53808,29.9232,YA_COW_Transect 4,0.4649,,6.846,0.905,3346.683,23.301,,,758.367,-1086.836,-3073.101,YA_COW,Peter,Pomacentridae,Chromis,viridis,37372053,1,AD,Passing,
GX010042_L.MP4,53808,29.9232,YA_COW_Transect 4,0.4649,,7.026,0.588,3389.677,23.232,,,681.723,-1152.05,-3114.153,YA_COW,Peter,Pomacentridae,Chromis,viridis,37372053,1,AD,Passing,
GX010042_L.MP4,53808,29.9232,YA_COW_Transect 4,0.4649,,8.989,3.116,3825.889,19.142,,,865.872,-909.98,-3613.81,YA_COW,Peter,Pomacentridae,Chromis,viridis,37372053,1,AD,Passing,
GX010042_L.MP4,53861,29.9527,YA_COW_Transect 4,0.4944,97.701,4.726,12.246,2084.265,28.241,89.48,38.793,853.196,-494.709,-1836.159,YA_COW,Peter,Pomacentridae,Chromis,viridis,37372053,1,AD,Passing,
GX010042_L.MP4,53898,29.9733,YA_COW_Transect 4,0.515,,4.414,16.115,2822.365,30.121,,,1241.728,679.87,-2441.645,YA_COW,Peter,Pomacentridae,Abudefduf,vaigiensis,37372013,1,AD,Passing,
GX010042_L.MP4,53898,29.9733,YA_COW_Transect 4,0.515,,6.082,3.71,3283.089,22.763,,,1257.428,178.42,-3027.493,YA_COW,Peter,Pomacentridae,Abudefduf,vaigiensis,37372013,1,AD,Passing,
GX010042_L.MP4,53911,29.9805,YA_COW_Transect 4,0.5222,,5.084,8.727,2875.442,20.526,,,-297.462,-964.918,-2692.326,YA_COW,Peter,Chaetodontidae,Heniochus,chrysostomus,37365075,1,AD,Passing,
GX010042_L.MP4,53911,29.9805,YA_COW_Transect 4,0.5222,74.643,4.117,4.501,2716.302,19.155,1.689,57.976,-262.367,-851.773,-2565.919,YA_COW,Peter,Chaetodontidae,Heniochus,varius,37365078,1,AD,Passing,
GX010042_L.MP4,53942,29.9977,YA_COW_Transect 4,0.5394,,20.557,4.696,5944.886,26.381,,,1664.949,2047.696,-5326.965,YA_COW,Peter,Pomacentridae,Chromis,ternatensis,37372051,1,AD,Passing,
GX010042_L.MP4,53942,29.9977,YA_COW_Transect 4,0.5394,,22.632,8.122,6218.45,25.611,,,1659.97,2110.869,-5608.73,YA_COW,Peter,Pomacentridae,Chromis,ternatensis,37372051,1,AD,Passing,
GX010042_L.MP4,53942,29.9977,YA_COW_Transect 4,0.5394,,24.006,8.113,6420.488,26.476,,,1678.474,2315.331,-5748.446,YA_COW,Peter,Pomacentridae,Chromis,ternatensis,37372051,1,AD,Passing,
GX010042_L.MP4,53942,29.9977,YA_COW_Transect 4,0.5394,,26.421,8.686,6702.458,25.224,,,1595.178,2365.812,-6064.758,YA_COW,Peter,Pomacentridae,Chromis,ternatensis,37372051,1,AD,Passing,
GX010042_L.MP4,53942,29.9977,YA_COW_Transect 4,0.5394,,24.761,9.09,6475.807,24.777,,,1500.189,2258.189,-5880.994,YA_COW,Peter,Pomacentridae,Chromis,ternatensis,37372051,1,AD,Passing,
GX010042_L.MP4,53942,29.9977,YA_COW_Transect 4,0.5394,,26.977,1.808,6735.97,23.52,,,1473.534,2244.691,-6177.649,YA_COW,Peter,Pomacentridae,Chromis,ternatensis,37372051,1,AD,Passing,
GX010042_L.MP4,53942,29.9977,YA_COW_Transect 4,0.5394,,28.754,8.16,6945.067,22.899,,,1483.37,2255.102,-6399.069,YA_COW,Peter,Pomacentridae,Chromis,ternatensis,37372051,1,AD,Passing,
GX010042_L.MP4,53942,29.9977,YA_COW_Transect 4,0.5394,,22.933,4.103,6193.935,22.615,,,1394.151,1927.762,-5718.82,YA_COW,Peter,Pomacentridae,Chromis,ternatensis,37372051,1,AD,Passing,
GX010042_L.MP4,53942,29.9977,YA_COW_Transect 4,0.5394,,27.115,4.073,6707.045,19.905,,,1092.616,2001.409,-6307.535,YA_COW,Peter,Pomacentridae,Chromis,ternatensis,37372051,1,AD,Passing,
GX010042_L.MP4,53942,29.9977,YA_COW_Transect 4,0.5394,,30.991,0.711,7191.703,21.301,,,1196.593,2318.479,-6701.747,YA_COW,Peter,Pomacentridae,Chromis,ternatensis,37372051,1,AD,Passing,
GX010042_L.MP4,53942,29.9977,YA_COW_Transect 4,0.5394,,34.111,4.739,7543.865,20.149,,,1092.043,2353.875,-7083.545,YA_COW,Peter,Pomacentridae,Chromis,ternatensis,37372051,1,AD,Passing,
GX010042_L.MP4,53942,29.9977,YA_COW_Transect 4,0.5394,,35.761,2.219,7734.242,21.401,,,1253.981,2524.132,-7202.416,YA_COW,Peter,Pomacentridae,Chromis,ternatensis,37372051,1,AD,Passing,
GX010042_L.MP4,53942,29.9977,YA_COW_Transect 4,0.5394,,35.259,11.729,7700.458,22.728,,,1298.215,2672.727,-7104.099,YA_COW,Peter,Pomacentridae,Chromis,ternatensis,37372051,1,AD,Passing,
GX010042_L.MP4,53942,29.9977,YA_COW_Transect 4,0.5394,,31.54,6.586,7295.177,23.704,,,1311.029,2619.515,-6681.239,YA_COW,Peter,Pomacentridae,Chromis,ternatensis,37372051,1,AD,Passing,
GX010042_L.MP4,53942,29.9977,YA_COW_Transect 4,0.5394,,32.766,4.625,7388.416,19.079,,,985.641,2200.737,-6983.836,YA_COW,Peter,Pomacentridae,Chromis,ternatensis,37372051,1,AD,Passing,
GX010042_L.MP4,53942,29.9977,YA_COW_Transect 4,0.5394,,33.995,3.948,7536.178,18.993,,,915.611,2271.202,-7127.221,YA_COW,Peter,Pomacentridae,Chromis,ternatensis,37372051,1,AD,Passing,
GX010042_L.MP4,53942,29.9977,YA_COW_Transect 4,0.5394,,32.311,1.054,7352.866,20.032,,,922.501,2339.688,-6909.377,YA_COW,Peter,Pomacentridae,Chromis,ternatensis,37372051,1,AD,Passing,
GX010042_L.MP4,53942,29.9977,YA_COW_Transect 4,0.5394,,33.913,0.74,7532.062,20.254,,,996.936,2405.275,-7067.725,YA_COW,Peter,Pomacentridae,Chromis,ternatensis,37372051,1,AD,Passing,
GX010042_L.MP4,53942,29.9977,YA_COW_Transect 4,0.5394,,36.393,3.585,7801.837,20.583,,,1115.018,2501.748,-7305.248,YA_COW,Peter,Pomacentridae,Chromis,ternatensis,37372051,1,AD,Passing,
GX010042_L.MP4,53942,29.9977,YA_COW_Transect 4,0.5394,,30.777,11.089,7184.281,21.17,,,953.825,2408.904,-6700.843,YA_COW,Peter,Pomacentridae,Chromis,ternatensis,37372051,1,AD,Passing,
GX010042_L.MP4,53942,29.9977,YA_COW_Transect 4,0.5394,,32.456,8.569,7379.595,21.463,,,1027.298,2493.169,-6869.294,YA_COW,Peter,Pomacentridae,Chromis,ternatensis,37372051,1,AD,Passing,
GX010042_L.MP4,53942,29.9977,YA_COW_Transect 4,0.5394,,32.367,7.423,7383.568,22.358,,,1050.794,2600.702,-6830.026,YA_COW,Peter,Pomacentridae,Chromis,ternatensis,37372051,1,AD,Passing,
GX010042_L.MP4,53942,29.9977,YA_COW_Transect 4,0.5394,,30.941,3.63,7182.204,17.943,,,836.594,2044.32,-6834.1,YA_COW,Peter,Pomacentridae,Chromis,ternatensis,37372051,1,AD,Passing,
GX010042_L.MP4,53942,29.9977,YA_COW_Transect 4,0.5394,,35.864,5.407,7744.613,19.346,,,957.739,2375.766,-7308.728,YA_COW,Peter,Pomacentridae,Chromis,ternatensis,37372051,1,AD,Passing,
GX010042_L.MP4,53942,29.9977,YA_COW_Transect 4,0.5394,,33.067,1.226,7446.897,18.61,,,764.198,2246.142,-7058.833,YA_COW,Peter,Pomacentridae,Chromis,ternatensis,37372051,1,AD,Passing,
GX010042_L.MP4,53942,29.9977,YA_COW_Transect 4,0.5394,,29.834,1.565,7098.246,16.14,,,473.188,1911.615,-6819.598,YA_COW,Peter,Pomacentridae,Chromis,ternatensis,37372051,1,AD,Passing,
GX010042_L.MP4,53942,29.9977,YA_COW_Transect 4,0.5394,,33.31,2.996,7499.463,17.054,,,558.516,2123.078,-7170.951,YA_COW,Peter,Pomacentridae,Chromis,ternatensis,37372051,1,AD,Passing,
GX010042_L.MP4,53942,29.9977,YA_COW_Transect 4,0.5394,,34.776,1.203,7732.317,15.556,,,192.12,2060.312,-7450.298,YA_COW,Peter,Pomacentridae,Chromis,ternatensis,37372051,1,AD,Passing,
GX010042_L.MP4,53942,29.9977,YA_COW_Transect 4,0.5394,,36.534,5.77,7887.555,17.162,,,445.284,2280.045,-7537.681,YA_COW,Peter,Pomacentridae,Chromis,ternatensis,37372051,1,AD,Passing,
GX010042_L.MP4,53942,29.9977,YA_COW_Transect 4,0.5394,,31.53,3.521,7312.336,17.553,,,454.254,2153.939,-6973.124,YA_COW,Peter,Pomacentridae,Chromis,ternatensis,37372051,1,AD,Passing,
GX010042_L.MP4,53942,29.9977,YA_COW_Transect 4,0.5394,,33.334,4.553,7494.235,18.247,,,644.641,2252.053,-7118.726,YA_COW,Peter,Pomacentridae,Chromis,ternatensis,37372051,1,AD,Passing,
GX010042_L.MP4,53942,29.9977,YA_COW_Transect 4,0.5394,,34.1,1.321,7574.602,18.846,,,722.536,2333.465,-7169.901,YA_COW,Peter,Pomacentridae,Chromis,ternatensis,37372051,1,AD,Passing,
GX010042_L.MP4,53942,29.9977,YA_COW_Transect 4,0.5394,,36.606,7.736,7868.475,22.291,,,1011.155,2803.828,-7282.102,YA_COW,Peter,Pomacentridae,Chromis,ternatensis,37372051,1,AD,Passing,
GX010042_L.MP4,53942,29.9977,YA_COW_Transect 4,0.5394,,37.621,0.594,7967.264,23.02,,,1280.703,2835.962,-7334.467,YA_COW,Peter,Pomacentridae,Chromis,ternatensis,37372051,1,AD,Passing,
GX010042_L.MP4,53942,29.9977,YA_COW_Transect 4,0.5394,,34.908,4.818,7704.055,25.019,,,1668.924,2794.18,-6982.816,YA_COW,Peter,Pomacentridae,Chromis,ternatensis,37372051,1,AD,Passing,
GX010042_L.MP4,53942,29.9977,YA_COW_Transect 4,0.5394,134.142,9.478,4.863,3226.699,19.527,32.212,26.02,870.645,636.54,-3041.115,YA_COW,Peter,Pomacentridae,Abudefduf,vaigiensis,37372013,1,AD,Passing,
GX010042_L.MP4,53942,29.9977,YA_COW_Transect 4,0.5394,,9.603,9.175,3980.189,17.428,,,991.507,659.563,-3797.867,YA_COW,Peter,Pomacentridae,Abudefduf,vaigiensis,37372013,1,AD,Passing,
GX010042_L.MP4,53942,29.9977,YA_COW_Transect 4,0.5394,,15.38,13.627,5253.222,28.951,,,1941.075,1639.994,-4597.715,YA_COW,Peter,Pomacentridae,Abudefduf,vaigiensis,37372013,1,AD,Passing,
GX010042_L.MP4,53964,30.01,YA_COW_Transect 4,0.5517,130.346,3.654,6.758,2283.194,17.799,23.22,45.776,203.122,-667.709,-2173.909,YA_COW,Peter,Scaridae,Chlorurus,spilurus,temp_code_002,1,AD,Passing,
GX010042_L.MP4,54031,30.0472,YA_COW_Transect 4,0.5889,118.981,11.849,10.072,4832.94,23.918,1.459,6.344,-1497.265,-1263.925,-4417.918,YA_COW,Peter,Pomacentridae,Abudefduf,vaigiensis,37372013,1,AD,Passing,
GX010042_L.MP4,54031,30.0472,YA_COW_Transect 4,0.5889,,10.502,7.106,4530.523,28.363,,,2100.83,465.475,-3986.915,YA_COW,Peter,Pomacentridae,Abudefduf,vaigiensis,37372013,1,AD,Passing,
GX010042_L.MP4,54031,30.0472,YA_COW_Transect 4,0.5889,,7.636,11.323,3817.204,27.205,,,1718.801,300.024,-3395.107,YA_COW,Peter,Pomacentridae,Abudefduf,vaigiensis,37372013,1,AD,Passing,
GX010042_L.MP4,54031,30.0472,YA_COW_Transect 4,0.5889,,11.949,2.705,4531.843,17.15,,,-1100.656,-760.348,-4329.899,YA_COW,Peter,Pomacentridae,Abudefduf,vaigiensis,37372013,1,AD,Passing,
GX010042_L.MP4,54051,30.0584,YA_COW_Transect 4,0.6,,5.733,15.955,3246.374,28.808,,,-1253.653,-937.359,-2844.057,YA_COW,Peter,Pomacentridae,Abudefduf,vaigiensis,37372013,1,AD,Passing,
GX010042_L.MP4,54083,30.0762,YA_COW_Transect 4,0.6178,,7.055,2.793,3411.057,20.198,,,-389.294,-1113.383,-3200.646,YA_COW,Peter,Pomacentridae,Pomacentrus,maafu,temp_code_005,1,AD,Passing,
GX010042_L.MP4,54083,30.0762,YA_COW_Transect 4,0.6178,,8.087,0.865,3617.488,12.441,,,362.014,-692.21,-3532.139,YA_COW,Peter,Pomacentridae,Abudefduf,vaigiensis,37372013,1,AD,Passing,
GX010042_L.MP4,54083,30.0762,YA_COW_Transect 4,0.6178,,7.453,2.232,3488.643,15.881,,,-434.546,-851.928,-3354.999,YA_COW,Peter,Pomacentridae,Abudefduf,vaigiensis,37372013,1,AD,Passing,
GX010042_L.MP4,54083,30.0762,YA_COW_Transect 4,0.6178,,17.535,16.743,5682.035,27.669,,,-1897.441,-1836.362,-5031.204,YA_COW,Peter,Pomacentridae,Abudefduf,vaigiensis,37372013,1,AD,Passing,
GX010042_L.MP4,54111,30.0917,YA_COW_Transect 4,0.6334,198.261,12.645,5.579,5949.635,12.251,0.063,27.811,1114.054,593.844,-5814.155,YA_COW,Peter,Acanthuridae,Zebrasoma,velifer,37437037,1,AD,Passing,
GX010042_L.MP4,54158,30.1179,YA_COW_Transect 4,0.6595,,8.727,5.183,3817.178,9.287,,,609.728,-90.07,-3767.09,YA_COW,Peter,Pomacentridae,Abudefduf,vaigiensis,37372013,1,AD,Passing,
GX010042_L.MP4,54216,30.1501,YA_COW_Transect 4,0.6918,,6.026,0.428,3274.221,20.261,,,-1102.52,-266.602,-3071.465,YA_COW,Peter,Pomacentridae,Abudefduf,vaigiensis,37372013,1,AD,Passing,
GX010042_L.MP4,54216,30.1501,YA_COW_Transect 4,0.6918,,8.848,0.149,3910.494,13.563,,,-896.076,-197.171,-3801.333,YA_COW,Peter,Pomacentridae,Abudefduf,vaigiensis,37372013,1,AD,Passing,
GX010042_L.MP4,54216,30.1501,YA_COW_Transect 4,0.6918,,13.936,1.809,4946.041,11.506,,,-959.999,-230.404,-4846.507,YA_COW,Peter,Pomacentridae,Abudefduf,vaigiensis,37372013,1,AD,Passing,
GX010042_L.MP4,54216,30.1501,YA_COW_Transect 4,0.6918,,8.614,2.648,3803.815,6.383,,,38.441,418.926,-3780.48,YA_COW,Peter,Pomacentridae,Abudefduf,vaigiensis,37372013,1,AD,Passing,
GX010042_L.MP4,54283,30.1874,YA_COW_Transect 4,0.7291,,4.687,15.88,2862.828,26.278,,,-965.86,-822.184,-2566.498,YA_COW,Peter,Labridae,Thalassoma,sp,,1,AD,Passing,
GX010042_L.MP4,54332,30.2146,YA_COW_Transect 4,0.7563,,5.963,19.516,3319.192,31.175,,,1478.647,873.403,-2840.389,YA_COW,Peter,Pomacentridae,Amblyglyphidodon,orbicularis,temp_code_001,1,AD,Passing,
GX010042_L.MP4,54343,30.2207,YA_COW_Transect 4,0.7624,,12.456,12.66,4875.948,27.69,,,-1944.762,-1165.106,-4316.862,YA_COW,Peter,Labridae,Thalassoma,lunare,37384167,1,AD,Passing,
GX010042_L.MP4,54343,30.2207,YA_COW_Transect 4,0.7624,,15.867,6.702,5336.414,23.159,,,-1675.89,-1266.205,-4905.653,YA_COW,Peter,Scaridae,Chlorurus,sp,,1,AD,Passing,
GX010042_L.MP4,54352,30.2258,YA_COW_Transect 4,0.7674,,5.579,3.699,3229.317,28.116,,,1471.336,387.089,-2848.477,YA_COW,Peter,Pomacentridae,Amblyglyphidodon,orbicularis,temp_code_001,1,AD,Passing,
GX010042_L.MP4,54378,30.2402,YA_COW_Transect 4,0.7819,135.062,11.528,14.681,3379.686,30.195,59.287,25.705,1652.548,398.035,-2921.118,YA_COW,Peter,Caesionidae,Pterocaesio,tile,37346063,1,AD,Passing,
GX010042_L.MP4,54404,30.2547,YA_COW_Transect 4,0.7964,,3.095,0.927,2214.275,21.049,,,-76.523,-792.815,-2066.06,YA_COW,Peter,Pomacentridae,Pomacentrus,maafu,temp_code_005,1,AD,Passing,
GX010042_L.MP4,54404,30.2547,YA_COW_Transect 4,0.7964,,7.183,5.254,3491.39,17.094,,,1025.934,23.181,-3337.174,YA_COW,Peter,Pomacentridae,Amblyglyphidodon,orbicularis,temp_code_001,1,AD,Passing,
GX010042_L.MP4,54404,30.2547,YA_COW_Transect 4,0.7964,,12.245,1.691,4531.392,12.398,,,-149.335,-963.964,-4425.154,YA_COW,Peter,Pomacentridae,Abudefduf,sexfasciatus,37372011,1,AD,Passing,
GX010042_L.MP4,54404,30.2547,YA_COW_Transect 4,0.7964,,5.74,5.307,3170.53,22.561,,,1193.895,231.399,-2928.025,YA_COW,Peter,Pomacentridae,Abudefduf,vaigiensis,37372013,1,AD,Passing,
GX010042_L.MP4,54404,30.2547,YA_COW_Transect 4,0.7964,,6.148,3.487,3187.476,16.273,,,868.343,-210.838,-3059.662,YA_COW,Peter,Pomacentridae,Abudefduf,vaigiensis,37372013,1,AD,Passing,
GX010042_L.MP4,54404,30.2547,YA_COW_Transect 4,0.7964,,6.427,2.447,3245.145,7.695,,,-37.611,-434.781,-3215.668,YA_COW,Peter,Pomacentridae,Abudefduf,vaigiensis,37372013,1,AD,Passing,
GX010042_L.MP4,54423,30.2652,YA_COW_Transect 4,0.8069,,2.718,2.363,2048.936,18.523,,,-113.103,-642.164,-1942.414,YA_COW,Peter,Pomacentridae,Pomacentrus,moluccensis,37372118,1,AD,Passing,
GX010042_L.MP4,54445,30.2775,YA_COW_Transect 4,0.8192,61.778,2.005,4.543,2042.324,22.16,1.827,25.283,-254.464,-727.107,-1891.468,YA_COW,Peter,Pomacentridae,Chromis,viridis,37372053,1,AD,Passing,
GX010042_L.MP4,54498,30.3069,YA_COW_Transect 4,0.8486,,20.797,11.421,6129.749,25.99,,,-1867.053,-1934.473,-5508.698,YA_COW,Peter,Chaetodontidae,Heniochus,monoceros,37365076,1,AD,Passing,
GX010042_L.MP4,54498,30.3069,YA_COW_Transect 4,0.8486,114.472,8.33,10.444,3273.832,17.114,22.042,22.547,948.952,-166.177,-3128.874,YA_COW,Peter,Pomacentridae,Abudefduf,vaigiensis,37372013,1,AD,Passing,
GX010042_L.MP4,54516,30.317,YA_COW_Transect 4,0.8586,,19.498,10.452,5894.974,22.817,,,-1752.294,-1471.21,-5432.838,YA_COW,Peter,Pomacentridae,Abudefduf,vaigiensis,37372013,1,AD,Passing,
GX010042_L.MP4,54516,30.317,YA_COW_Transect 4,0.8586,,25.837,11.642,6667.566,17.479,,,-1427.616,-1408.114,-6358.897,YA_COW,Peter,Pomacentridae,Abudefduf,vaigiensis,37372013,1,AD,Passing,
GX010042_L.MP4,54516,30.317,YA_COW_Transect 4,0.8586,,24.372,9.056,6478.122,15.714,,,-1322.534,-1156.593,-6235.323,YA_COW,Peter,Pomacentridae,Abudefduf,vaigiensis,37372013,1,AD,Passing,
GX010042_L.MP4,54516,30.317,YA_COW_Transect 4,0.8586,,22.472,3.196,6221.635,14.767,,,-1229.796,-1004.716,-6015.555,YA_COW,Peter,Pomacentridae,Abudefduf,vaigiensis,37372013,1,AD,Passing,
GX010042_L.MP4,54516,30.317,YA_COW_Transect 4,0.8586,,26.494,10.024,6837.963,16.922,,,-1709.502,-1023.104,-6541.3,YA_COW,Peter,Pomacentridae,Abudefduf,vaigiensis,37372013,1,AD,Passing,
GX010042_L.MP4,54516,30.317,YA_COW_Transect 4,0.8586,,31.303,11.341,7447.762,15.214,,,-1734.53,-904.859,-7186.222,YA_COW,Peter,Pomacentridae,Abudefduf,vaigiensis,37372013,1,AD,Passing,
GX010042_L.MP4,54516,30.317,YA_COW_Transect 4,0.8586,,27.399,1.606,7013.763,16.325,,,-1818.803,-764.479,-6730.557,YA_COW,Peter,Pomacentridae,Abudefduf,vaigiensis,37372013,1,AD,Passing,
GX010042_L.MP4,54561,30.342,YA_COW_Transect 4,0.8837,141.058,8.124,8.208,2609.184,21.145,55.883,28.576,941.061,16.129,-2433.513,YA_COW,Peter,Pomacentridae,Abudefduf,vaigiensis,37372013,1,AD,Passing,
GX010042_L.MP4,54615,30.372,YA_COW_Transect 4,0.9137,120.171,8.685,4.39,2794.292,9.802,34.653,15.748,474.392,-35.189,-2753.503,YA_COW,Peter,Pomacentridae,Abudefduf,vaigiensis,37372013,1,AD,Passing,
GX010042_L.MP4,54629,30.3798,YA_COW_Transect 4,0.9215,101.857,2.825,7.869,1776.508,25.1,33.499,32.879,605.81,-448.219,-1608.749,YA_COW,Peter,Scaridae,Chlorurus,spilurus,temp_code_002,1,AD,Passing,
GX010042_L.MP4,54637,30.3842,YA_COW_Transect 4,0.9259,,2.887,5.556,2136.572,24.86,,,532.994,-724.13,-1938.168,YA_COW,Peter,Monacanthidae,Amanses,scopas,37465046,1,AD,Passing,
GX010042_L.MP4,54679,30.4076,YA_COW_Transect 4,0.9493,,2.931,2.287,2126.814,21.116,,,365.521,-674.56,-1983.608,YA_COW,Peter,Pomacentridae,Pomacentrus,moluccensis,37372118,1,AD,Passing,
GX010042_L.MP4,54679,30.4076,YA_COW_Transect 4,0.9493,,2.846,0.52,2108.275,22.711,,,306.475,-755.206,-1944.367,YA_COW,Peter,Pomacentridae,Pomacentrus,moluccensis,37372118,1,AD,Passing,
GX010042_L.MP4,54686,30.4115,YA_COW_Transect 4,0.9532,,2.988,0.5,2150.976,19.575,,,182.398,-698.398,-2026.245,YA_COW,Peter,Pomacentridae,Pomacentrus,moluccensis,37372118,1,AD,Passing,
GX010042_L.MP4,54686,30.4115,YA_COW_Transect 4,0.9532,72.912,3.057,3.868,2042.386,18.421,26.535,51.444,270.64,-585.918,-1937.729,YA_COW,Peter,Pomacentridae,Chromis,ternatensis,37372051,1,AD,Passing,
GX010042_L.MP4,54727,30.4343,YA_COW_Transect 4,0.976,,4.916,9.205,2951.955,24.727,,,-1069.705,-618.335,-2680.938,YA_COW,Peter,Pomacentridae,Amblyglyphidodon,orbicularis,temp_code_001,1,AD,Passing,
GX010042_L.MP4,54727,30.4343,YA_COW_Transect 4,0.976,,5.97,9.798,3263.613,23.602,,,-1157.032,-608.953,-2990.254,YA_COW,Peter,Pomacentridae,Abudefduf,vaigiensis,37372013,1,AD,Passing,
GX010042_L.MP4,54727,30.4343,YA_COW_Transect 4,0.976,,8.046,5.092,3890.023,23.537,,,-1497.319,-415.939,-3566.134,YA_COW,Peter,Pomacentridae,Abudefduf,vaigiensis,37372013,1,AD,Passing,
GX010042_L.MP4,54727,30.4343,YA_COW_Transect 4,0.976,,17.033,3.35,5608.255,22.997,,,-1938.207,-1024.803,-5161.943,YA_COW,Peter,Pomacentridae,Abudefduf,vaigiensis,37372013,1,AD,Passing,
GX010042_L.MP4,54727,30.4343,YA_COW_Transect 4,0.976,,16.932,4.155,5571.091,18.617,,,-1706.774,-502.979,-5279.298,YA_COW,Peter,Pomacentridae,Abudefduf,vaigiensis,37372013,1,AD,Passing,
GX010042_L.MP4,54727,30.4343,YA_COW_Transect 4,0.976,,14.055,1.712,4982.3,16.108,,,-1285.47,-511.205,-4786.393,YA_COW,Peter,Pomacentridae,Abudefduf,vaigiensis,37372013,1,AD,Passing,
GX010042_L.MP4,54727,30.4343,YA_COW_Transect 4,0.976,,18.92,0.758,5948.74,18.277,,,-1847.778,-260.211,-5648.497,YA_COW,Peter,Pomacentridae,Abudefduf,vaigiensis,37372013,1,AD,Passing,
GX010042_L.MP4,54727,30.4343,YA_COW_Transect 4,0.976,,20.912,0.959,6144.189,13.898,,,-1449.312,-281.692,-5964.16,YA_COW,Peter,Pomacentridae,Abudefduf,vaigiensis,37372013,1,AD,Passing,
GX010042_L.MP4,54727,30.4343,YA_COW_Transect 4,0.976,,5.345,2.653,2954.58,9.002,,,-419.486,-196.049,-2918.071,YA_COW,Peter,Pomacentridae,Abudefduf,vaigiensis,37372013,1,AD,Passing,
GX010042_L.MP4,54727,30.4343,YA_COW_Transect 4,0.976,,21.362,3.123,6185.709,7.851,,,-834.026,-139.167,-6127.644,YA_COW,Peter,Pomacentridae,Abudefduf,vaigiensis,37372013,1,AD,Passing,
GX010042_L.MP4,54727,30.4343,YA_COW_Transect 4,0.976,,25.099,0.945,6719.891,9.229,,,-1063.333,-179.636,-6632.797,YA_COW,Peter,Pomacentridae,Abudefduf,vaigiensis,37372013,1,AD,Passing,
GX010042_L.MP4,54727,30.4343,YA_COW_Transect 4,0.976,,14.25,1.353,5009.513,9.544,,,-828.542,-60.958,-4940.144,YA_COW,Peter,Pomacentridae,Abudefduf,vaigiensis,37372013,1,AD,Passing,
GX010042_L.MP4,54727,30.4343,YA_COW_Transect 4,0.976,,18.44,6.381,5692.6,7.856,,,-675.216,-389.926,-5638.948,YA_COW,Peter,Pomacentridae,Abudefduf,vaigiensis,37372013,1,AD,Passing,
GX010042_L.MP4,54727,30.4343,YA_COW_Transect 4,0.976,,20.3,9.401,5974.822,10.779,,,-1024.002,-450.592,-5869.147,YA_COW,Peter,Pomacentridae,Abudefduf,vaigiensis,37372013,1,AD,Passing,
GX010042_L.MP4,54727,30.4343,YA_COW_Transect 4,0.976,,14.428,1.542,5004.096,12.094,,,-953.509,-438.873,-4892.769,YA_COW,Peter,Pomacentridae,Abudefduf,vaigiensis,37372013,1,AD,Passing,
GX010042_L.MP4,54727,30.4343,YA_COW_Transect 4,0.976,,3.506,0.687,2338.022,20.01,,,579.833,-552.497,-2196.563,YA_COW,Peter,Pomacentridae,Chromis,viridis,37372053,1,AD,Passing,
GX010042_L.MP4,54727,30.4343,YA_COW_Transect 4,0.976,,8.842,4.989,3834.547,9.111,,,24.199,-608.898,-3785.817,YA_COW,Peter,Pomacentridae,Chromis,viridis,37372053,1,AD,Passing,
GX010042_L.MP4,54727,30.4343,YA_COW_Transect 4,0.976,,6.999,16.198,3561.231,27.875,,,-1247.8,-1104.23,-3147.386,YA_COW,Peter,Pomacentridae,Chromis,viridis,37372053,1,AD,Passing,
GX010042_L.MP4,54735,30.4387,YA_COW_Transect 4,0.9804,,3.742,1.67,2436.192,16.181,,,668.109,-121.855,-2339.618,YA_COW,Peter,Pomacentridae,Chromis,viridis,37372053,1,AD,Passing,
GX010042_L.MP4,54735,30.4387,YA_COW_Transect 4,0.9804,,3.861,0.568,2468.549,15.31,,,629.479,-170.468,-2380.847,YA_COW,Peter,Pomacentridae,Chromis,viridis,37372053,1,AD,Passing,
GX010042_L.MP4,54735,30.4387,YA_COW_Transect 4,0.9804,,3.998,0.306,2510.471,14.418,,,600.74,-174.19,-2431.303,YA_COW,Peter,Pomacentridae,Chromis,viridis,37372053,1,AD,Passing,
GX010042_L.MP4,54735,30.4387,YA_COW_Transect 4,0.9804,,8.422,3.675,3736.626,9.37,,,-15.213,-610.34,-3686.411,YA_COW,Peter,Pomacentridae,Chromis,viridis,37372053,1,AD,Passing,
GX010042_L.MP4,54735,30.4387,YA_COW_Transect 4,0.9804,,7.341,3.564,3474.892,7.458,,,230.522,-389.69,-3445.268,YA_COW,Peter,Pomacentridae,Chromis,viridis,37372053,1,AD,Passing,
GX010042_L.MP4,54825,30.4888,YA_COW_Transect 4,1.0305,,2.669,1.376,2062.844,21.125,,,736.033,-105.861,-1924.156,YA_COW,Peter,Pomacentridae,Pomacentrus,maafu,temp_code_005,1,AD,Passing,
GX010042_L.MP4,54825,30.4888,YA_COW_Transect 4,1.0305,,2.783,2.579,2152.372,23.827,,,869.178,22.755,-1968.938,YA_COW,Peter,Pomacentridae,Pomacentrus,maafu,temp_code_005,1,AD,Passing,
GX010042_L.MP4,54825,30.4888,YA_COW_Transect 4,1.0305,47.481,1.83,0.999,1568.984,19.315,7.811,26.309,488.817,-174.288,-1480.673,YA_COW,Peter,Pomacentridae,Chromis,viridis,37372053,1,AD,Passing,
GX010042_L.MP4,54825,30.4888,YA_COW_Transect 4,1.0305,,1.869,1.85,1651.239,17.543,,,456.654,-198.886,-1574.326,YA_COW,Peter,Pomacentridae,Chromis,viridis,37372053,1,AD,Passing,
GX010042_L.MP4,54825,30.4888,YA_COW_Transect 4,1.0305,,2.608,0.033,1994.782,17.735,,,564.61,-225.664,-1899.854,YA_COW,Peter,Pomacentridae,Chromis,viridis,37372053,1,AD,Passing,
GX010042_L.MP4,54825,30.4888,YA_COW_Transect 4,1.0305,,2.044,7.601,1728.263,15.334,,,412.119,-198.58,-1666.618,YA_COW,Peter,Pomacentridae,Chromis,viridis,37372053,1,AD,Passing,
GX010042_L.MP4,54825,30.4888,YA_COW_Transect 4,1.0305,,2.001,1.065,1705.502,14.334,,,382.099,-180.669,-1652.301,YA_COW,Peter,Pomacentridae,Chromis,viridis,37372053,1,AD,Passing,
GX010042_L.MP4,54825,30.4888,YA_COW_Transect 4,1.0305,,1.846,1.311,1632.58,14.855,,,407.077,-98.25,-1577.958,YA_COW,Peter,Pomacentridae,Chromis,viridis,37372053,1,AD,Passing,
GX010042_L.MP4,54825,30.4888,YA_COW_Transect 4,1.0305,,1.99,0.015,1711.765,17.07,,,482.277,-141.984,-1636.273,YA_COW,Peter,Pomacentridae,Chromis,viridis,37372053,1,AD,Passing,
GX010042_L.MP4,54825,30.4888,YA_COW_Transect 4,1.0305,,2.05,0.923,1755.106,19.31,,,561.602,-147.368,-1656.286,YA_COW,Peter,Pomacentridae,Chromis,viridis,37372053,1,AD,Passing,
GX010042_L.MP4,54825,30.4888,YA_COW_Transect 4,1.0305,,2.08,1.683,1757.291,17.652,,,503.883,-174.385,-1674.444,YA_COW,Peter,Pomacentridae,Chromis,viridis,37372053,1,AD,Passing,
GX010042_L.MP4,54825,30.4888,YA_COW_Transect 4,1.0305,,3.33,0.858,2334.363,20.989,,,827.178,-123.303,-2179.409,YA_COW,Peter,Pomacentridae,Chromis,viridis,37372053,1,AD,Passing,
GX010042_L.MP4,54825,30.4888,YA_COW_Transect 4,1.0305,,2.366,5.252,1960.92,23.871,,,791.744,-54.322,-1793.154,YA_COW,Peter,Pomacentridae,Chromis,viridis,37372053,1,AD,Passing,
GX010042_L.MP4,54825,30.4888,YA_COW_Transect 4,1.0305,,4.066,4.78,2602.049,20.216,,,899.134,-6.017,-2441.758,YA_COW,Peter,Pomacentridae,Chromis,viridis,37372053,1,AD,Passing,
GX010042_L.MP4,54825,30.4888,YA_COW_Transect 4,1.0305,,4.151,0.634,2562.241,13.389,,,585.62,-96.584,-2492.548,YA_COW,Peter,Pomacentridae,Chromis,viridis,37372053,1,AD,Passing,
GX010042_L.MP4,54825,30.4888,YA_COW_Transect 4,1.0305,,4.672,2.177,2733.942,13.271,,,623.345,-74.628,-2660.885,YA_COW,Peter,Pomacentridae,Chromis,viridis,37372053,1,AD,Passing,
GX010042_L.MP4,54825,30.4888,YA_COW_Transect 4,1.0305,,2.929,1.165,2113.004,13.077,,,475.862,-47.44,-2058.177,YA_COW,Peter,Pomacentridae,Chromis,viridis,37372053,1,AD,Passing,
GX010042_L.MP4,54825,30.4888,YA_COW_Transect 4,1.0305,,4.269,1.945,2615.265,15.103,,,681.323,-13.799,-2524.92,YA_COW,Peter,Pomacentridae,Chromis,viridis,37372053,1,AD,Passing,
GX010042_L.MP4,54864,30.5105,YA_COW_Transect 4,1.0522,,3.121,0.004,2295.956,24.667,,,930.341,-230.577,-2086.316,YA_COW,Peter,Pomacentridae,Chromis,ternatensis,37372051,1,AD,Passing,
GX010042_L.MP4,54864,30.5105,YA_COW_Transect 4,1.0522,,4.265,0.241,2666.735,21.296,,,929.752,-272.785,-2484.477,YA_COW,Peter,Pomacentridae,Chromis,ternatensis,37372051,1,AD,Passing,
GX010042_L.MP4,54864,30.5105,YA_COW_Transect 4,1.0522,,2.749,4.928,2130.778,24.621,,,847.048,-266.72,-1936.902,YA_COW,Peter,Pomacentridae,Chromis,ternatensis,37372051,1,AD,Passing,
GX010042_L.MP4,54864,30.5105,YA_COW_Transect 4,1.0522,,4.152,1.311,2697.217,24.204,,,1100.212,-112.653,-2460.045,YA_COW,Peter,Pomacentridae,Chromis,ternatensis,37372051,1,AD,Passing,
GX010042_L.MP4,54864,30.5105,YA_COW_Transect 4,1.0522,,2.721,7.773,2140.95,25.662,,,901.732,-216.754,-1929.653,YA_COW,Peter,Pomacentridae,Chromis,ternatensis,37372051,1,AD,Passing,
GX010042_L.MP4,54864,30.5105,YA_COW_Transect 4,1.0522,,4.707,1.153,2733.232,16.302,,,657.835,-396.341,-2623.114,YA_COW,Peter,Pomacentridae,Chromis,ternatensis,37372051,1,AD,Passing,
GX010042_L.MP4,54864,30.5105,YA_COW_Transect 4,1.0522,,4.158,1.907,2544.4,14.247,,,496.902,-382.482,-2465.922,YA_COW,Peter,Pomacentridae,Chromis,ternatensis,37372051,1,AD,Passing,
GX010042_L.MP4,54864,30.5105,YA_COW_Transect 4,1.0522,,5.306,0.421,3119.788,25.492,,,1342.175,36.247,-2816.084,YA_COW,Peter,Pomacentridae,Chromis,ternatensis,37372051,1,AD,Passing,
GX010042_L.MP4,54864,30.5105,YA_COW_Transect 4,1.0522,,5.89,0.835,3269.066,24.201,,,1338.973,-57.711,-2981.713,YA_COW,Peter,Pomacentridae,Chromis,ternatensis,37372051,1,AD,Passing,
GX010042_L.MP4,54864,30.5105,YA_COW_Transect 4,1.0522,,3.365,3.27,2274.256,12.978,,,124.721,-496.581,-2215.873,YA_COW,Peter,Pomacentridae,Chromis,ternatensis,37372051,1,AD,Passing,
GX010042_L.MP4,54864,30.5105,YA_COW_Transect 4,1.0522,,8.043,0.4,3641.075,10.41,,,-35.141,-659.066,-3580.758,YA_COW,Peter,Pomacentridae,Chromis,ternatensis,37372051,1,AD,Passing,
GX010042_L.MP4,54864,30.5105,YA_COW_Transect 4,1.0522,,6.461,0.204,3241.913,11.083,,,-318.649,-537.403,-3181.142,YA_COW,Peter,Pomacentridae,Chromis,ternatensis,37372051,1,AD,Passing,
GX010042_L.MP4,54864,30.5105,YA_COW_Transect 4,1.0522,,9.44,0.849,3964.074,12.643,,,-597.283,-631.603,-3867.585,YA_COW,Peter,Pomacentridae,Chromis,ternatensis,37372051,1,AD,Passing,
GX010042_L.MP4,54864,30.5105,YA_COW_Transect 4,1.0522,55.058,2.693,2.346,1976.387,17.937,10.722,23.382,570.568,-211.955,-1880.328,YA_COW,Peter,Pomacentridae,Chromis,viridis,37372053,1,AD,Passing,
GX010042_L.MP4,54864,30.5105,YA_COW_Transect 4,1.0522,,2.297,7.839,1901.238,23.889,,,-335.073,-694.22,-1737.956,YA_COW,Peter,Pomacentridae,Chromis,viridis,37372053,1,AD,Passing,
GX010042_L.MP4,54864,30.5105,YA_COW_Transect 4,1.0522,,3.37,0.585,2312.347,20.604,,,-215.953,-785.815,-2163.98,YA_COW,Peter,Pomacentridae,Chromis,viridis,37372053,1,AD,Passing,
GX010042_L.MP4,54864,30.5105,YA_COW_Transect 4,1.0522,,2.2,0.302,1827.044,19.062,,,66.345,-594.008,-1726.512,YA_COW,Peter,Pomacentridae,Chromis,viridis,37372053,1,AD,Passing,
GX010042_L.MP4,54864,30.5105,YA_COW_Transect 4,1.0522,,3.564,0.415,2369.416,18.417,,,-161.083,-732.352,-2247.631,YA_COW,Peter,Pomacentridae,Chromis,viridis,37372053,1,AD,Passing,
GX010042_L.MP4,54864,30.5105,YA_COW_Transect 4,1.0522,,5.759,5.637,3068.581,20.376,,,-471.856,-960.271,-2876.007,YA_COW,Peter,Pomacentridae,Chromis,viridis,37372053,1,AD,Passing,
GX010042_L.MP4,54864,30.5105,YA_COW_Transect 4,1.0522,,1.688,0.073,1565.484,19.479,,,315.496,-416.766,-1475.639,YA_COW,Peter,Pomacentridae,Chromis,viridis,37372053,1,AD,Passing,
GX010042_L.MP4,54864,30.5105,YA_COW_Transect 4,1.0522,,2.365,0.16,1878.014,16.11,,,213.015,-476.653,-1803.985,YA_COW,Peter,Pomacentridae,Chromis,viridis,37372053,1,AD,Passing,
GX010042_L.MP4,54864,30.5105,YA_COW_Transect 4,1.0522,,1.719,0.422,1574.545,15.73,,,202.769,-376.517,-1515.359,YA_COW,Peter,Pomacentridae,Chromis,viridis,37372053,1,AD,Passing,
GX010042_L.MP4,54864,30.5105,YA_COW_Transect 4,1.0522,,2.057,4.221,1762.187,22.032,,,524.338,-403.489,-1633.269,YA_COW,Peter,Pomacentridae,Chromis,viridis,37372053,1,AD,Passing,
GX010042_L.MP4,54864,30.5105,YA_COW_Transect 4,1.0522,,1.42,3.124,1414.142,18.338,,,347.199,-279.012,-1342.163,YA_COW,Peter,Pomacentridae,Chromis,viridis,37372053,1,AD,Passing,
GX010042_L.MP4,54864,30.5105,YA_COW_Transect 4,1.0522,,1.755,2.277,1598.716,19.669,,,410.132,-349.242,-1505.229,YA_COW,Peter,Pomacentridae,Chromis,viridis,37372053,1,AD,Passing,
GX010042_L.MP4,54864,30.5105,YA_COW_Transect 4,1.0522,,1.961,5.802,1697.954,18.963,,,413.505,-366.274,-1605.585,YA_COW,Peter,Pomacentridae,Chromis,viridis,37372053,1,AD,Passing,
GX010042_L.MP4,54864,30.5105,YA_COW_Transect 4,1.0522,,1.631,1.321,1536.311,20.113,,,426.017,-313.277,-1442.435,YA_COW,Peter,Pomacentridae,Chromis,viridis,37372053,1,AD,Passing,
GX010042_L.MP4,54864,30.5105,YA_COW_Transect 4,1.0522,,1.903,1.308,1701.279,23.448,,,577.576,-354.009,-1560.588,YA_COW,Peter,Pomacentridae,Chromis,viridis,37372053,1,AD,Passing,
GX010042_L.MP4,54864,30.5105,YA_COW_Transect 4,1.0522,,1.845,1.335,1652.805,20.789,,,500.227,-307.349,-1545.016,YA_COW,Peter,Pomacentridae,Chromis,viridis,37372053,1,AD,Passing,
GX010042_L.MP4,54864,30.5105,YA_COW_Transect 4,1.0522,,1.792,0.785,1632.09,21.893,,,513.293,-327.814,-1514.195,YA_COW,Peter,Pomacentridae,Chromis,viridis,37372053,1,AD,Passing,
GX010042_L.MP4,54864,30.5105,YA_COW_Transect 4,1.0522,,1.96,0.3,1737.619,23.98,,,620.659,-337.842,-1587.439,YA_COW,Peter,Pomacentridae,Chromis,viridis,37372053,1,AD,Passing,
GX010042_L.MP4,54864,30.5105,YA_COW_Transect 4,1.0522,,6.938,0.05,3353.775,9.54,,,299.068,-470.482,-3307.116,YA_COW,Peter,Pomacentridae,Chromis,viridis,37372053,1,AD,Passing,
GX010042_L.MP4,54864,30.5105,YA_COW_Transect 4,1.0522,,4.299,1.885,2600.361,8.424,,,187.961,-332.873,-2572.108,YA_COW,Peter,Pomacentridae,Chromis,viridis,37372053,1,AD,Passing,
GX010042_L.MP4,54864,30.5105,YA_COW_Transect 4,1.0522,,4.392,1.956,2633.167,8.09,,,158.373,-336.543,-2606.765,YA_COW,Peter,Pomacentridae,Chromis,viridis,37372053,1,AD,Passing,
GX010042_L.MP4,54864,30.5105,YA_COW_Transect 4,1.0522,,2.196,0.856,1905.176,25.827,,,829.743,-22.174,-1714.857,YA_COW,Peter,Pomacentridae,Chromis,viridis,37372053,1,AD,Passing,
GX010042_L.MP4,54864,30.5105,YA_COW_Transect 4,1.0522,,2.934,1.578,2161.551,20.835,,,731.148,-238.889,-2020.064,YA_COW,Peter,Pomacentridae,Chromis,viridis,37372053,1,AD,Passing,
GX010042_L.MP4,54864,30.5105,YA_COW_Transect 4,1.0522,,1.921,1.972,1666.421,10.635,,,201.687,-233.116,-1637.662,YA_COW,Peter,Pomacentridae,Chromis,viridis,37372053,1,AD,Passing,
GX010042_L.MP4,54864,30.5105,YA_COW_Transect 4,1.0522,,4.602,1.048,2701.86,9.631,,,21.031,-453.092,-2663.515,YA_COW,Peter,Pomacentridae,Chromis,viridis,37372053,1,AD,Passing,
GX010042_L.MP4,54864,30.5105,YA_COW_Transect 4,1.0522,,2.535,7.446,1942.338,12.95,,,264.926,-346.495,-1892.731,YA_COW,Peter,Pomacentridae,Chromis,viridis,37372053,1,AD,Passing,
GX010042_L.MP4,54864,30.5105,YA_COW_Transect 4,1.0522,,2.696,0.843,2009.424,14.684,,,361.247,-360.259,-1943.579,YA_COW,Peter,Pomacentridae,Chromis,viridis,37372053,1,AD,Passing,
GX010042_L.MP4,54864,30.5105,YA_COW_Transect 4,1.0522,,2.336,2.448,1861.233,16.185,,,410.119,-318.768,-1787.283,YA_COW,Peter,Pomacentridae,Chromis,viridis,37372053,1,AD,Passing,
GX010042_L.MP4,54947,30.5566,YA_COW_Transect 4,1.0983,,3.803,6.553,2480.362,22.017,,,-108.961,-924.783,-2298.935,YA_COW,Peter,Chaetodontidae,Chaetodon,lunulatus,37365059,1,AD,Passing,
GX010042_L.MP4,54951,30.5589,YA_COW_Transect 4,1.1005,,3.636,3.953,2383.072,17.107,,,101.675,-694.927,-2277.229,YA_COW,Peter,Pomacentridae,Chromis,ternatensis,37372051,1,AD,Passing,
GX010042_L.MP4,54951,30.5589,YA_COW_Transect 4,1.1005,,4.799,1.123,2746.055,14.49,,,250.763,-641.265,-2658.329,YA_COW,Peter,Pomacentridae,Chromis,ternatensis,37372051,1,AD,Passing,
GX010042_L.MP4,54951,30.5589,YA_COW_Transect 4,1.1005,,5.026,3.2,2830.681,13.56,,,-59.495,-662.609,-2751.393,YA_COW,Peter,Pomacentridae,Chromis,ternatensis,37372051,1,AD,Passing,
GX010042_L.MP4,54951,30.5589,YA_COW_Transect 4,1.1005,,4.422,0.499,2646.373,15.427,,,-306.327,-635.329,-2550.649,YA_COW,Peter,Pomacentridae,Chromis,ternatensis,37372051,1,AD,Passing,
GX010042_L.MP4,54951,30.5589,YA_COW_Transect 4,1.1005,,4.566,2.771,2706.8,18.945,,,-424.534,-770.96,-2559.718,YA_COW,Peter,Pomacentridae,Chromis,ternatensis,37372051,1,AD,Passing,
GX010042_L.MP4,54951,30.5589,YA_COW_Transect 4,1.1005,,4.09,0.131,2592.365,23.531,,,-556.914,-873.76,-2376.288,YA_COW,Peter,Pomacentridae,Chromis,ternatensis,37372051,1,AD,Passing,
GX010042_L.MP4,54951,30.5589,YA_COW_Transect 4,1.1005,,3.984,9.988,2555.039,22.53,,,-622.313,-757.12,-2359.602,YA_COW,Peter,Pomacentridae,Chromis,ternatensis,37372051,1,AD,Passing,
GX010042_L.MP4,54951,30.5589,YA_COW_Transect 4,1.1005,,3.699,4.966,2437.458,21.721,,,-372.801,-822.744,-2263.915,YA_COW,Peter,Pomacentridae,Chromis,ternatensis,37372051,1,AD,Passing,
GX010042_L.MP4,54951,30.5589,YA_COW_Transect 4,1.1005,,2.983,11.123,2215.367,24.194,,,-678.663,-604.298,-2020.418,YA_COW,Peter,Balistidae,Balistoides,viridescens,37465048,1,AD,Passing,
GX010042_L.MP4,54951,30.5589,YA_COW_Transect 4,1.1005,,3.446,16.638,2422.874,25.843,,,-815.174,-672.799,-2180.172,YA_COW,Peter,Pomacentridae,Chromis,viridis,37372053,1,AD,Passing,
GX010042_L.MP4,55012,30.5928,YA_COW_Transect 4,1.1345,81.264,6.416,3.469,2721.007,6.5,25.924,19.762,117.804,-284.612,-2703.515,YA_COW,Peter,Chaetodontidae,Chaetodon,baronessa,37365034,1,AD,Passing,
GX010042_L.MP4,55012,30.5928,YA_COW_Transect 4,1.1345,64.7,5.027,2.213,2904.324,5.097,17.741,31.607,120.212,-228.289,-2892.841,YA_COW,Peter,Chaetodontidae,Chaetodon,baronessa,37365034,1,AD,Passing,
GX010042_L.MP4,55012,30.5928,YA_COW_Transect 4,1.1345,,2.694,11.393,2098.567,24.488,,,-653.898,-574.791,-1909.455,YA_COW,Peter,Pomacentridae,Pomacentrus,moluccensis,37372118,1,AD,Passing,
GX010042_L.MP4,55012,30.5928,YA_COW_Transect 4,1.1345,59.996,2.78,1.743,1990.551,17.44,20.807,28.734,85.731,-590.377,-1899.052,YA_COW,Peter,Pomacentridae,Chromis,ternatensis,37372051,1,AD,Passing,
GX010042_L.MP4,55012,30.5928,YA_COW_Transect 4,1.1345,61.324,3.515,2.88,2107.993,18.16,30.216,48.195,-6.676,-656.955,-2002.997,YA_COW,Peter,Pomacentridae,Chromis,ternatensis,37372051,1,AD,Passing,
GX010042_L.MP4,55012,30.5928,YA_COW_Transect 4,1.1345,55.345,2.273,1.941,2184.594,15.614,10.115,8.709,-114.701,-576.695,-2103.976,YA_COW,Peter,Pomacentridae,Chromis,ternatensis,37372051,1,AD,Passing,
GX010042_L.MP4,55012,30.5928,YA_COW_Transect 4,1.1345,,2.907,8.71,2123.289,18.611,,,-262.875,-625.726,-2011.895,YA_COW,Peter,Pomacentridae,Chromis,ternatensis,37372051,1,AD,Passing,
GX010042_L.MP4,55012,30.5928,YA_COW_Transect 4,1.1345,,3.39,0.029,2301.994,16.659,,,-402.244,-524.431,-2205.073,YA_COW,Peter,Pomacentridae,Chromis,ternatensis,37372051,1,AD,Passing,
GX010042_L.MP4,55087,30.6345,YA_COW_Transect 4,1.1762,,2.283,9.729,1896.874,23.529,,,-496.693,-572.612,-1738.834,YA_COW,Peter,Pomacentridae,Pomacentrus,moluccensis,37372118,1,AD,Passing,
GX010042_L.MP4,55095,30.6389,YA_COW_Transect 4,1.1806,,7.768,1.264,3985.564,31.69,,,2067.225,-334.016,-3391.126,YA_COW,Peter,Pomacentridae,Chromis,ternatensis,37372051,1,AD,Passing,
GX010042_L.MP4,55103,30.6434,YA_COW_Transect 4,1.1851,,11.323,6.748,4665.778,25.333,,,1993.788,-104.956,-4217.023,YA_COW,Peter,Pomacentridae,Chromis,ternatensis,37372051,1,AD,Passing,
GX010042_L.MP4,55103,30.6434,YA_COW_Transect 4,1.1851,,12.6,11.881,5010.278,27.639,,,2314.742,-212.877,-4438.416,YA_COW,Peter,Pomacentridae,Chromis,ternatensis,37372051,1,AD,Passing,
GX010042_L.MP4,55172,30.6818,YA_COW_Transect 4,1.2234,,6.558,9.018,3321.178,16.997,,,966.753,87.292,-3176.16,YA_COW,Peter,Pomacentridae,Dascyllus,aruanus,37372073,1,AD,Passing,
GX010042_L.MP4,55172,30.6818,YA_COW_Transect 4,1.2234,,4.158,0.409,2745.095,26.218,,,1212.224,-37.272,-2462.655,YA_COW,Peter,Pomacentridae,Chromis,ternatensis,37372051,1,AD,Passing,
GX010042_L.MP4,55172,30.6818,YA_COW_Transect 4,1.2234,,4.205,2.114,2763.428,26.267,,,1222.941,-11.295,-2478.068,YA_COW,Peter,Pomacentridae,Chromis,ternatensis,37372051,1,AD,Passing,
GX010042_L.MP4,55208,30.7018,YA_COW_Transect 4,1.2435,,6.9,2.175,3577.589,25.197,,,1513.606,167.972,-3237.271,YA_COW,Peter,Pomacentridae,Chromis,ternatensis,37372051,1,AD,Passing,
GX010042_L.MP4,55208,30.7018,YA_COW_Transect 4,1.2435,,5.823,4.535,3319.457,27.369,,,1515.18,179.804,-2947.999,YA_COW,Peter,Pomacentridae,Chromis,ternatensis,37372051,1,AD,Passing,
GX010042_L.MP4,55208,30.7018,YA_COW_Transect 4,1.2435,,7.96,3.297,3927.673,27.287,,,1794.755,143.519,-3490.683,YA_COW,Peter,Pomacentridae,Chromis,ternatensis,37372051,1,AD,Passing,
GX010042_L.MP4,55208,30.7018,YA_COW_Transect 4,1.2435,,7.675,1.346,3613.42,18.008,,,1091.476,235.946,-3436.541,YA_COW,Peter,Pomacentridae,Chromis,ternatensis,37372051,1,AD,Passing,
GX010042_L.MP4,55208,30.7018,YA_COW_Transect 4,1.2435,,7.495,2.861,3584.857,19.098,,,1146.155,247.246,-3387.683,YA_COW,Peter,Pomacentridae,Chromis,ternatensis,37372051,1,AD,Passing,
GX010042_L.MP4,55208,30.7018,YA_COW_Transect 4,1.2435,,10.101,3.731,4270.262,21.313,,,1545.26,143.009,-3978.299,YA_COW,Peter,Pomacentridae,Chromis,ternatensis,37372051,1,AD,Passing,
GX010042_L.MP4,55222,30.7096,YA_COW_Transect 4,1.2513,,9.022,7.439,3922.645,3.875,,,263.919,22.839,-3913.69,YA_COW,Peter,Pomacentridae,Dascyllus,aruanus,37372073,1,AD,Passing,
GX010042_L.MP4,55222,30.7096,YA_COW_Transect 4,1.2513,57.085,3.202,1.12,1895.043,22.461,25.759,22.268,691.774,-213.63,-1751.285,YA_COW,Peter,Pomacentridae,Chromis,ternatensis,37372051,1,AD,Passing,
GX010042_L.MP4,55222,30.7096,YA_COW_Transect 4,1.2513,49.865,2.4,3.907,1891.419,25.53,12.561,41.411,758.872,-297.67,-1706.743,YA_COW,Peter,Pomacentridae,Chromis,ternatensis,37372051,1,AD,Passing,
GX010042_L.MP4,55222,30.7096,YA_COW_Transect 4,1.2513,,8.587,7.336,3772.534,13.358,,,820.178,292.782,-3670.64,YA_COW,Peter,Pomacentridae,Chromis,ternatensis,37372051,1,AD,Passing,
GX010042_L.MP4,55222,30.7096,YA_COW_Transect 4,1.2513,,8.73,5.786,3818.383,7.242,,,423.474,226.559,-3788.059,YA_COW,Peter,Pomacentridae,Chromis,ternatensis,37372051,1,AD,Passing,
GX010042_L.MP4,55222,30.7096,YA_COW_Transect 4,1.2513,,10.704,6.983,4267.621,15.481,,,1107.042,265.823,-4112.954,YA_COW,Peter,Pomacentridae,Chromis,ternatensis,37372051,1,AD,Passing,
GX010042_L.MP4,55222,30.7096,YA_COW_Transect 4,1.2513,,8.447,3.411,3795.009,16.496,,,1073.088,96.301,-3638.86,YA_COW,Peter,Pomacentridae,Chromis,ternatensis,37372051,1,AD,Passing,
GX010042_L.MP4,55222,30.7096,YA_COW_Transect 4,1.2513,,9.82,8.013,4192.546,20.602,,,1471.344,105.066,-3924.48,YA_COW,Peter,Pomacentridae,Chromis,ternatensis,37372051,1,AD,Passing,
GX010042_L.MP4,55222,30.7096,YA_COW_Transect 4,1.2513,,6.805,3.444,3449.302,21.111,,,1226.91,193.35,-3217.918,YA_COW,Peter,Pomacentridae,Chromis,ternatensis,37372051,1,AD,Passing,
GX010042_L.MP4,55222,30.7096,YA_COW_Transect 4,1.2513,,6.407,5.324,3401.566,23.769,,,1360.149,170.213,-3113.146,YA_COW,Peter,Pomacentridae,Chromis,ternatensis,37372051,1,AD,Passing,
GX010042_L.MP4,55222,30.7096,YA_COW_Transect 4,1.2513,,15.606,1.11,5097.472,14.482,,,1039.209,735.335,-4935.945,YA_COW,Peter,Pomacentridae,Abudefduf,vaigiensis,37372013,1,AD,Passing,
GX010042_L.MP4,55222,30.7096,YA_COW_Transect 4,1.2513,,13.841,6.224,4851.638,8.528,,,633.358,338.534,-4798.192,YA_COW,Peter,Pomacentridae,Chromis,viridis,37372053,1,AD,Passing,
GX010042_L.MP4,55222,30.7096,YA_COW_Transect 4,1.2513,,13.975,0.605,4883.97,8.557,,,672.502,272.462,-4829.769,YA_COW,Peter,Pomacentridae,Chromis,viridis,37372053,1,AD,Passing,
GX010042_L.MP4,55222,30.7096,YA_COW_Transect 4,1.2513,,13.71,6.047,4840.78,8.603,,,689.395,218.849,-4786.438,YA_COW,Peter,Pomacentridae,Chromis,viridis,37372053,1,AD,Passing,
GX010042_L.MP4,55222,30.7096,YA_COW_Transect 4,1.2513,,14.052,4.451,4907.307,8.828,,,732.296,173.062,-4849.273,YA_COW,Peter,Pomacentridae,Chromis,viridis,37372053,1,AD,Passing,
GX010042_L.MP4,55222,30.7096,YA_COW_Transect 4,1.2513,,15.441,2.156,5149.526,10.11,,,883.178,189.782,-5069.674,YA_COW,Peter,Pomacentridae,Chromis,viridis,37372053,1,AD,Passing,
GX010042_L.MP4,55222,30.7096,YA_COW_Transect 4,1.2513,,14.436,1.155,4977.458,10.092,,,862.938,123.908,-4900.518,YA_COW,Peter,Pomacentridae,Chromis,viridis,37372053,1,AD,Passing,
GX010042_L.MP4,55222,30.7096,YA_COW_Transect 4,1.2513,,14.807,0.143,5029.633,9.81,,,815.78,259.457,-4956.248,YA_COW,Peter,Pomacentridae,Chromis,viridis,37372053,1,AD,Passing,
GX010042_L.MP4,55222,30.7096,YA_COW_Transect 4,1.2513,,14.54,1.089,4983.857,10.616,,,887.267,233.223,-4898.693,YA_COW,Peter,Pomacentridae,Chromis,viridis,37372053,1,AD,Passing,
GX010042_L.MP4,55222,30.7096,YA_COW_Transect 4,1.2513,,13.676,3.758,4821.029,10.332,,,820.451,270.188,-4743.013,YA_COW,Peter,Pomacentridae,Chromis,viridis,37372053,1,AD,Passing,
GX010042_L.MP4,55222,30.7096,YA_COW_Transect 4,1.2513,,13.846,3.082,4867.657,11.133,,,927.673,148.06,-4776.148,YA_COW,Peter,Pomacentridae,Chromis,viridis,37372053,1,AD,Passing,
GX010042_L.MP4,55222,30.7096,YA_COW_Transect 4,1.2513,,14.36,2.292,4965.164,11.891,,,1013.576,135.986,-4858.706,YA_COW,Peter,Pomacentridae,Chromis,viridis,37372053,1,AD,Passing,
GX010042_L.MP4,55222,30.7096,YA_COW_Transect 4,1.2513,,16.09,1.409,5263.112,11.741,,,1053.286,191.006,-5153.102,YA_COW,Peter,Pomacentridae,Chromis,viridis,37372053,1,AD,Passing,
GX010042_L.MP4,55222,30.7096,YA_COW_Transect 4,1.2513,,15.104,1.567,5088.794,11.881,,,1024.35,216.788,-4979.913,YA_COW,Peter,Pomacentridae,Chromis,viridis,37372053,1,AD,Passing,
GX010042_L.MP4,55222,30.7096,YA_COW_Transect 4,1.2513,,12.371,4.339,4581.309,12.725,,,976.524,251.726,-4468.94,YA_COW,Peter,Pomacentridae,Chromis,viridis,37372053,1,AD,Passing,
GX010042_L.MP4,55222,30.7096,YA_COW_Transect 4,1.2513,,14.226,2.316,4939.365,13.398,,,1120.726,229.172,-4805.079,YA_COW,Peter,Pomacentridae,Chromis,viridis,37372053,1,AD,Passing,
GX010042_L.MP4,55222,30.7096,YA_COW_Transect 4,1.2513,,13.514,0.953,4817.075,12.726,,,1056.401,97.172,-4698.807,YA_COW,Peter,Pomacentridae,Chromis,viridis,37372053,1,AD,Passing,
GX010042_L.MP4,55222,30.7096,YA_COW_Transect 4,1.2513,,16.639,3.794,5378.708,13.89,,,1283.724,135.686,-5221.507,YA_COW,Peter,Pomacentridae,Chromis,viridis,37372053,1,AD,Passing,
GX010042_L.MP4,55222,30.7096,YA_COW_Transect 4,1.2513,,12.199,3.953,4573.719,14.455,,,1128.945,167.582,-4429.03,YA_COW,Peter,Pomacentridae,Chromis,viridis,37372053,1,AD,Passing,
GX010042_L.MP4,55222,30.7096,YA_COW_Transect 4,1.2513,,11.122,2.007,4358.842,14.919,,,1105.495,190.354,-4212.025,YA_COW,Peter,Pomacentridae,Chromis,viridis,37372053,1,AD,Passing,
GX010042_L.MP4,55222,30.7096,YA_COW_Transect 4,1.2513,,12.94,4.851,4713.581,15.017,,,1194.966,249.657,-4552.755,YA_COW,Peter,Pomacentridae,Chromis,viridis,37372053,1,AD,Passing,
GX010042_L.MP4,55222,30.7096,YA_COW_Transect 4,1.2513,,11.822,11.035,4521.311,16.226,,,1249.899,181.342,-4341.327,YA_COW,Peter,Pomacentridae,Chromis,viridis,37372053,1,AD,Passing,
GX010042_L.MP4,55222,30.7096,YA_COW_Transect 4,1.2513,,10.99,1.514,4392.788,18.688,,,1391.893,206.712,-4161.309,YA_COW,Peter,Pomacentridae,Chromis,viridis,37372053,1,AD,Passing,
GX010042_L.MP4,55222,30.7096,YA_COW_Transect 4,1.2513,,11.789,0.004,4564.713,18.837,,,1461.791,185.693,-4320.335,YA_COW,Peter,Pomacentridae,Chromis,viridis,37372053,1,AD,Passing,
GX010042_L.MP4,55222,30.7096,YA_COW_Transect 4,1.2513,,4.438,3.419,2819.119,25.109,,,1193.371,81.56,-2552.772,YA_COW,Peter,Pomacentridae,Chromis,viridis,37372053,1,AD,Passing,
GX010042_L.MP4,55222,30.7096,YA_COW_Transect 4,1.2513,,3.71,3.212,2578.232,26.291,,,1141.222,39.702,-2311.562,YA_COW,Peter,Pomacentridae,Chromis,viridis,37372053,1,AD,Passing,
GX010042_L.MP4,55268,30.7351,YA_COW_Transect 4,1.2768,,17.522,0.718,5494.257,8.78,,,-372.028,-754.82,-5429.429,YA_COW,Peter,Pomacentridae,Dascyllus,aruanus,37372073,1,AD,Passing,
GX010042_L.MP4,55268,30.7351,YA_COW_Transect 4,1.2768,,8.313,5.199,3718.613,13.056,,,816.094,197.182,-3622.595,YA_COW,Peter,Pomacentridae,Chromis,ternatensis,37372051,1,AD,Passing,
GX010042_L.MP4,55268,30.7351,YA_COW_Transect 4,1.2768,,8.377,2.603,3736.499,13.749,,,861.467,213.573,-3629.558,YA_COW,Peter,Pomacentridae,Chromis,ternatensis,37372051,1,AD,Passing,
GX010042_L.MP4,55268,30.7351,YA_COW_Transect 4,1.2768,,5.431,0.867,2958.52,11.492,,,579.203,-111.148,-2899.14,YA_COW,Peter,Pomacentridae,Chromis,ternatensis,37372051,1,AD,Passing,
GX010042_L.MP4,55268,30.7351,YA_COW_Transect 4,1.2768,,6.715,3.727,3317.771,11.342,,,644.462,-103.866,-3252.919,YA_COW,Peter,Pomacentridae,Chromis,ternatensis,37372051,1,AD,Passing,
GX010042_L.MP4,55268,30.7351,YA_COW_Transect 4,1.2768,,10.529,1.477,4238.86,6.286,,,-100.093,-455.665,-4213.109,YA_COW,Peter,Pomacentridae,Chromis,ternatensis,37372051,1,AD,Passing,
GX010042_L.MP4,55268,30.7351,YA_COW_Transect 4,1.2768,,6.86,2.066,3362.789,9.238,,,-382.346,-383.073,-3318.948,YA_COW,Peter,Pomacentridae,Chromis,ternatensis,37372051,1,AD,Passing,
GX010042_L.MP4,55302,30.7541,YA_COW_Transect 4,1.2957,,15.69,6.161,5124.786,10.966,,,426.913,-879.4,-5030.689,YA_COW,Peter,Pomacentridae,Dascyllus,aruanus,37372073,1,AD,Passing,
GX010042_L.MP4,55302,30.7541,YA_COW_Transect 4,1.2957,,19.317,9.922,5809.281,16.257,,,1580.101,-388.135,-5576.771,YA_COW,Peter,Chaetodontidae,Heniochus,monoceros,37365076,1,AD,Passing,
GX010042_L.MP4,55302,30.7541,YA_COW_Transect 4,1.2957,,8.02,4.713,3646.351,7.272,,,378.369,-266.414,-3616.868,YA_COW,Peter,Pomacentridae,Chromis,ternatensis,37372051,1,AD,Passing,
GX010042_L.MP4,55302,30.7541,YA_COW_Transect 4,1.2957,,8.862,3.671,3809.685,10.278,,,461.905,-500.842,-3748.266,YA_COW,Peter,Pomacentridae,Chromis,ternatensis,37372051,1,AD,Passing,
GX010042_L.MP4,55302,30.7541,YA_COW_Transect 4,1.2957,,6.673,4.65,3321.824,16.658,,,900.623,-311.163,-3182.227,YA_COW,Peter,Pomacentridae,Chromis,ternatensis,37372051,1,AD,Passing,
GX010042_L.MP4,55302,30.7541,YA_COW_Transect 4,1.2957,,9.444,3.188,4006.976,5.006,,,117.592,-331.653,-3991.496,YA_COW,Peter,Pomacentridae,Chromis,viridis,37372053,1,AD,Passing,
GX010042_L.MP4,55302,30.7541,YA_COW_Transect 4,1.2957,,9.123,0.72,3922.045,5.682,,,275.209,-276.24,-3902.613,YA_COW,Peter,Pomacentridae,Chromis,viridis,37372053,1,AD,Passing,
GX010042_L.MP4,55345,30.778,YA_COW_Transect 4,1.3197,,12.605,0.676,4606.991,9.897,,,707.34,-358.561,-4538.223,YA_COW,Peter,Pomacentridae,Dascyllus,aruanus,37372073,1,AD,Passing,
GX010042_L.MP4,55345,30.778,YA_COW_Transect 4,1.3197,68.415,5.989,1.986,2025.367,16.924,64.361,22.823,564.669,-169.554,-1937.656,YA_COW,Peter,Pomacentridae,Pomacentrus,callainus,temp_code_004,1,AD,Passing,
GX010042_L.MP4,55345,30.778,YA_COW_Transect 4,1.3197,,10.524,3.799,4237.24,14.231,,,1040.625,-48.513,-4107.183,YA_COW,Peter,Pomacentridae,Amblyglyphidodon,orbicularis,temp_code_001,1,AD,Passing,
GX010042_L.MP4,55345,30.778,YA_COW_Transect 4,1.3197,,8.292,6.923,3845.096,21.927,,,-1268.987,-673.876,-3566.557,YA_COW,Peter,Pomacentridae,Amblyglyphidodon,orbicularis,temp_code_001,1,AD,Passing,
GX010042_L.MP4,55345,30.778,YA_COW_Transect 4,1.3197,,5.263,0.768,2898.716,11.8,,,38.038,-593.222,-2837.11,YA_COW,Peter,Pomacentridae,Chromis,ternatensis,37372051,1,AD,Passing,
GX010042_L.MP4,55345,30.778,YA_COW_Transect 4,1.3197,,7.395,11.011,3615.778,23.956,,,-1182.127,-872.528,-3303.804,YA_COW,Peter,Pomacentridae,Chromis,ternatensis,37372051,1,AD,Passing,
GX010042_L.MP4,55396,30.8063,YA_COW_Transect 4,1.348,,8.906,2.227,3906.267,2.634,,,130.008,-126.038,-3902.068,YA_COW,Peter,Pomacentridae,Dascyllus,aruanus,37372073,1,AD,Passing,
GX010042_L.MP4,55396,30.8063,YA_COW_Transect 4,1.348,191.581,16.717,13.53,3700.434,22.618,78.309,34.787,-1136.98,-855.871,-3415.842,YA_COW,Peter,Labridae,Coris,aygula,37384090,1,AD,Passing,
GX010042_L.MP4,55396,30.8063,YA_COW_Transect 4,1.348,65.681,2.86,3.108,2032.283,15.847,19.777,32.858,-307.295,-462.101,-1955.047,YA_COW,Peter,Pomacentridae,Chromis,ternatensis,37372051,1,AD,Passing,
GX010042_L.MP4,55396,30.8063,YA_COW_Transect 4,1.348,75.16,4.121,5.401,2092.822,13.457,28.886,12.834,-251.783,-416.897,-2035.364,YA_COW,Peter,Pomacentridae,Chromis,ternatensis,37372051,1,AD,Passing,
GX010042_L.MP4,55396,30.8063,YA_COW_Transect 4,1.348,52.679,4.176,3.39,2431.766,7.091,43.44,62.877,253.595,-160.619,-2413.167,YA_COW,Peter,Pomacentridae,Chromis,ternatensis,37372051,1,AD,Passing,
GX010042_L.MP4,55396,30.8063,YA_COW_Transect 4,1.348,61.046,4.442,2.81,2001.356,17.291,38.723,22.414,589.909,-76.491,-1910.912,YA_COW,Peter,Pomacentridae,Chromis,ternatensis,37372051,1,AD,Passing,
GX010042_L.MP4,55468,30.8464,YA_COW_Transect 4,1.3881,,4.838,1.923,2766.369,12.519,,,117.098,-589.707,-2700.246,YA_COW,Peter,Pomacentridae,Dascyllus,aruanus,37372073,1,AD,Passing,
GX010042_L.MP4,55468,30.8464,YA_COW_Transect 4,1.3881,,5.117,1.386,2859.115,9.426,,,75.055,-463.84,-2820.24,YA_COW,Peter,Pomacentridae,Dascyllus,aruanus,37372073,1,AD,Passing,
GX010042_L.MP4,55468,30.8464,YA_COW_Transect 4,1.3881,,7.877,5.147,3599.913,11.415,,,-391.723,-597.208,-3528.352,YA_COW,Peter,Pomacentridae,Dascyllus,aruanus,37372073,1,AD,Passing,
GX010042_L.MP4,55468,30.8464,YA_COW_Transect 4,1.3881,,9.988,3.252,4091.081,9.384,,,-286.077,-604.932,-4035.983,YA_COW,Peter,Pomacentridae,Dascyllus,aruanus,37372073,1,AD,Passing,
GX010042_L.MP4,55468,30.8464,YA_COW_Transect 4,1.3881,,9.745,0.431,4042.38,8.926,,,-256.038,-574.876,-3993.094,YA_COW,Peter,Pomacentridae,Dascyllus,aruanus,37372073,1,AD,Passing,
GX010042_L.MP4,55468,30.8464,YA_COW_Transect 4,1.3881,78.397,5.372,2.414,2229.964,18.949,36.421,5.679,455.983,-562.54,-2109.116,YA_COW,Peter,Chaetodontidae,Chaetodon,baronessa,37365034,1,AD,Passing,
GX010042_L.MP4,55468,30.8464,YA_COW_Transect 4,1.3881,,10.919,7.594,4314.76,6.988,,,-232.434,-473.157,-4282.435,YA_COW,Peter,Pomacentridae,Chromis,viridis,37372053,1,AD,Passing,
GX010042_L.MP4,55492,30.8597,YA_COW_Transect 4,1.4014,74.345,6.065,7.808,2789.638,23.831,26.352,23.93,-945.349,-613.82,-2551.788,YA_COW,Peter,Pomacentridae,Amblyglyphidodon,orbicularis,temp_code_001,1,AD,Passing,
GX010042_L.MP4,55523,30.877,YA_COW_Transect 4,1.4186,66.572,3.621,8.973,2500.972,13.795,14.927,11.363,189.819,-565.355,-2428.828,YA_COW,Peter,Pomacentridae,Amblyglyphidodon,curacao,37372017,1,AD,Passing,
GX010042_L.MP4,55587,30.9125,YA_COW_Transect 4,1.4542,,4.008,2.026,2510.609,15.611,,,-16.149,-676.855,-2417.595,YA_COW,Peter,Pomacentridae,Chromis,viridis,37372053,1,AD,Passing,
GX010042_L.MP4,55620,30.9309,YA_COW_Transect 4,1.4726,137.844,10.261,2.589,2787.101,17.21,49.284,14.916,66.327,-821.945,-2662.318,YA_COW,Peter,Mullidae,Parupeneus,cyclostomus,37355025,1,AD,Passing,
GX010042_L.MP4,55634,30.9387,YA_COW_Transect 4,1.4804,,4.366,15.571,2696.081,24.448,,,-627.67,-923.977,-2453.802,YA_COW,Peter,Pomacanthidae,Centropyge,bicolor,37365022,1,AD,Passing,
GX010042_L.MP4,55634,30.9387,YA_COW_Transect 4,1.4804,160.335,5.84,2.775,2414.303,8.089,31.142,19.016,1.908,-339.706,-2390.284,YA_COW,Peter,Scaridae,Scarus,schlegeli,37386029,1,AD,Passing,
GX010042_L.MP4,55639,30.9415,YA_COW_Transect 4,1.4831,,13.152,8.615,4718.246,24.65,,,1331.543,1446.484,-4289.117,YA_COW,Peter,Pomacentridae,Pomacentrus,sp,,1,AD,Passing,
GX010042_L.MP4,55639,30.9415,YA_COW_Transect 4,1.4831,,16.06,7.431,5194.137,23.471,,,1342.155,1571.495,-4765.299,YA_COW,Peter,Balistidae,Balistapus,undulatus,37465047,1,AD,Passing,
GX010042_L.MP4,55649,30.947,YA_COW_Transect 4,1.4887,,2.602,3.198,2015.134,20.848,,,-32.051,-717.56,-1882.776,YA_COW,Peter,Labridae,Thalassoma,sp,,1,AD,Passing,
GX010042_L.MP4,55650,30.9476,YA_COW_Transect 4,1.4893,,5.007,2.006,2822.603,13.874,,,607.227,-300.552,-2740.078,YA_COW,Peter,Pomacentridae,Pomacentrus,maafu,temp_code_005,1,AD,Passing,
GX010042_L.MP4,55650,30.9476,YA_COW_Transect 4,1.4893,,4.881,3.76,2841.785,20.647,,,922.11,-393.729,-2659.029,YA_COW,Peter,Pomacentridae,Pomacentrus,maafu,temp_code_005,1,AD,Passing,
GX010042_L.MP4,55650,30.9476,YA_COW_Transect 4,1.4893,,4.846,0.328,2856.573,21.434,,,994.769,-317.941,-2658.827,YA_COW,Peter,Labridae,Halichoeres,prosopeion,37384120,1,AD,Passing,
GX010042_L.MP4,55676,30.962,YA_COW_Transect 4,1.5037,113.719,9.385,3.502,4809.633,20.571,12.88,1.541,15.459,1689.868,-4502.963,YA_COW,Peter,Chaetodontidae,Heniochus,diphreutes,37365005,1,AD,Passing,
GX010042_L.MP4,55677,30.9626,YA_COW_Transect 4,1.5043,,18.095,1.455,5464.857,20.288,,,911.65,1658.168,-5126.796,YA_COW,Peter,Holocentridae,Myripristis,violacea,37261014,1,AD,Passing,
GX010042_L.MP4,55733,30.9937,YA_COW_Transect 4,1.5354,64.661,4.496,4.537,2269.428,12.714,42.043,53.154,222.646,-447.109,-2213.781,YA_COW,Peter,Zanclidae,Zanclus,cornutus,37437001,1,AD,Passing,
GX010042_L.MP4,55733,30.9937,YA_COW_Transect 4,1.5354,126.065,9.334,4.633,4131.492,9.113,15.228,8.627,-44.933,652.798,-4079.346,YA_COW,Peter,Chaetodontidae,Chaetodon,lunula,37365042,1,AD,Passing,
GX010042_L.MP4,55733,30.9937,YA_COW_Transect 4,1.5354,133.917,10.809,5.983,4124.772,13.88,17.603,19.131,-771.723,619.285,-4004.332,YA_COW,Peter,Chaetodontidae,Chaetodon,lunula,37365042,1,AD,Passing,
GX010042_L.MP4,55733,30.9937,YA_COW_Transect 4,1.5354,,11.123,6.961,4338.413,16.344,,,-946.213,769.017,-4163.547,YA_COW,Peter,Chaetodontidae,Chaetodon,lunula,37365042,1,AD,Passing,
GX010042_L.MP4,55733,30.9937,YA_COW_Transect 4,1.5354,,12.517,1.819,4656.631,18.486,,,-1224.908,821.743,-4416.848,YA_COW,Peter,Chaetodontidae,Chaetodon,lunula,37365042,1,AD,Passing,
GX010042_L.MP4,55733,30.9937,YA_COW_Transect 4,1.5354,,2.899,2.872,2103.876,13.22,,,-59.459,-478.633,-2047.845,YA_COW,Peter,Pomacentridae,Pomacentrus,sp,,1,AD,Passing,
GX010042_L.MP4,55733,30.9937,YA_COW_Transect 4,1.5354,92.084,3.703,6.008,2043.246,20.56,32.206,28.699,-320.689,-641.91,-1913.103,YA_COW,Peter,Acanthuridae,Ctenochaetus,striatus,37437022,1,AD,Passing,
GX010042_L.MP4,55733,30.9937,YA_COW_Transect 4,1.5354,175.803,8.241,2.239,2279.024,17.919,66.634,1.165,589.82,-379.188,-2168.474,YA_COW,Peter,Labridae,Gomphosus,varius,37384106,1,AD,Passing,
GX010042_L.MP4,55772,31.0154,YA_COW_Transect 4,1.5571,,6.191,13.222,3398.317,32.463,,,1538.198,978.669,-2867.876,YA_COW,Peter,Scaridae,Scarus,schlegeli,37386029,1,AD,Passing,
GX010042_L.MP4,55784,31.0221,YA_COW_Transect 4,1.5638,,7.224,18.122,3629.616,30.164,,,1525.31,997.96,-3138.729,YA_COW,Peter,Pomacentridae,Pomacentrus,sp,,1,AD,Passing,
GX010042_L.MP4,55786,31.0232,YA_COW_Transect 4,1.5649,155.676,13.738,4.931,3772.424,8.737,29.296,15.206,367.656,439.573,-3728.644,YA_COW,Peter,Nemipteridae,Scolopsis,bilineata,37347031,1,AD,Passing,
GX010042_L.MP4,55807,31.0349,YA_COW_Transect 4,1.5766,,4.427,7.874,2774.072,25.449,,,1111.305,429.807,-2505.144,YA_COW,Peter,Pomacentridae,Pomacentrus,brachialis,37372109,1,AD,Passing,
GX010042_L.MP4,55808,31.0354,YA_COW_Transect 4,1.5771,,13.246,1.291,4683.369,20.371,,,1156.164,1146.758,-4391.147,YA_COW,Peter,Holocentridae,Myripristis,violacea,37261014,1,AD,Passing,
GX010042_L.MP4,55846,31.0566,YA_COW_Transect 4,1.5983,119.092,9.999,6.058,3203.991,6.991,28.561,5.335,52.133,386.486,-3180.168,YA_COW,Peter,Holocentridae,Myripristis,violacea,37261014,1,AD,Passing,
GX010042_L.MP4,55846,31.0566,YA_COW_Transect 4,1.5983,,7.239,9.266,3403.671,14.226,,,426.704,717.496,-3299.712,YA_COW,Peter,Holocentridae,Myripristis,violacea,37261014,1,AD,Passing,
GX010042_L.MP4,55846,31.0566,YA_COW_Transect 4,1.5983,,5.467,11.402,2955.257,9.139,,,285.778,370.675,-2917.957,YA_COW,Peter,Holocentridae,Myripristis,violacea,37261014,1,AD,Passing,
GX010042_L.MP4,55853,31.0605,YA_COW_Transect 4,1.6022,87.107,8.128,1.117,3492.483,22.895,10.676,4.226,-1324.674,302.274,-3217.344,YA_COW,Peter,Nemipteridae,Scolopsis,bilineata,37347031,1,AD,Passing,
GX010042_L.MP4,55853,31.0605,YA_COW_Transect 4,1.6022,,5.26,1.314,2951.96,14.426,,,-690.476,251.437,-2859.037,YA_COW,Peter,Pomacentridae,Amblyglyphidodon,curacao,37372017,1,AD,Passing,
GX010042_L.MP4,55895,31.0838,YA_COW_Transect 4,1.6255,117.499,11.501,1.448,3308.644,12.629,33.106,7.77,-712.143,126.924,-3228.602,YA_COW,Peter,Holocentridae,Myripristis,violacea,37261014,1,AD,Passing,
GX010042_L.MP4,55895,31.0838,YA_COW_Transect 4,1.6255,,3.231,2.417,2257.077,18.115,,,676.183,186.589,-2145.311,YA_COW,Peter,Pomacentridae,Chromis,viridis,37372053,1,AD,Passing,
GX010042_L.MP4,55973,31.1272,YA_COW_Transect 4,1.6689,151.908,6.202,4.648,2686.096,19.851,25.099,7.49,-880.137,-239.43,-2526.488,YA_COW,Peter,Nemipteridae,Scolopsis,bilineata,37347031,1,AD,Passing,
GX010042_L.MP4,55973,31.1272,YA_COW_Transect 4,1.6689,159.717,9.368,4.555,2676.92,2.864,41.526,16.175,112.2,72.844,-2673.575,YA_COW,Peter,Nemipteridae,Scolopsis,bilineata,37347031,1,AD,Passing,
GX010042_L.MP4,55973,31.1272,YA_COW_Transect 4,1.6689,,6.772,4.542,3520.496,20.663,,,-1241.961,27.341,-3294.036,YA_COW,Peter,Pomacentridae,Pomacentrus,philippinus,37372123,1,AD,Passing,
GX010042_L.MP4,55973,31.1272,YA_COW_Transect 4,1.6689,,7.448,0.531,3623.134,16.814,,,-1045.601,-73.381,-3468.203,YA_COW,Peter,Pomacentridae,Chromis,ternatensis,37372051,1,AD,Passing,
GX010042_L.MP4,55973,31.1272,YA_COW_Transect 4,1.6689,,6.991,2.938,3472.575,14.837,,,-887.53,-56.712,-3356.762,YA_COW,Peter,Pomacentridae,Chromis,ternatensis,37372051,1,AD,Passing,
GX010042_L.MP4,55973,31.1272,YA_COW_Transect 4,1.6689,,7.623,7.974,3622.975,13.555,,,-849.102,-8.946,-3522.058,YA_COW,Peter,Pomacentridae,Chromis,ternatensis,37372051,1,AD,Passing,
GX010042_L.MP4,55973,31.1272,YA_COW_Transect 4,1.6689,,7.72,3.244,3640.678,12.925,,,-813.897,-29.336,-3548.415,YA_COW,Peter,Pomacentridae,Chromis,ternatensis,37372051,1,AD,Passing,
GX010042_L.MP4,55973,31.1272,YA_COW_Transect 4,1.6689,,5.1,5.962,2883.079,9.528,,,-445.92,-171.642,-2843.209,YA_COW,Peter,Pomacentridae,Chromis,ternatensis,37372051,1,AD,Passing,
GX010042_L.MP4,55973,31.1272,YA_COW_Transect 4,1.6689,,4.969,2.812,2846.202,13.346,,,-581.617,-307.179,-2769.156,YA_COW,Peter,Pomacentridae,Chromis,ternatensis,37372051,1,AD,Passing,
GX010042_L.MP4,55973,31.1272,YA_COW_Transect 4,1.6689,,6.651,2.357,3346.469,11.149,,,-646.757,19.007,-3283.322,YA_COW,Peter,Pomacentridae,Chromis,ternatensis,37372051,1,AD,Passing,
GX010042_L.MP4,55973,31.1272,YA_COW_Transect 4,1.6689,,6.424,0.489,3274.211,9.045,,,-510.212,66.093,-3233.538,YA_COW,Peter,Pomacentridae,Chromis,ternatensis,37372051,1,AD,Passing,
GX010042_L.MP4,55973,31.1272,YA_COW_Transect 4,1.6689,,5.834,6.386,3107.868,8.865,,,-477.57,34.786,-3070.759,YA_COW,Peter,Pomacentridae,Chromis,ternatensis,37372051,1,AD,Passing,
GX010042_L.MP4,55997,31.1406,YA_COW_Transect 4,1.6822,,8.035,0.606,3675.731,19.946,,,1118.897,564.045,-3455.563,YA_COW,Peter,Pomacentridae,Chromis,ternatensis,37372051,1,AD,Passing,
GX010042_L.MP4,55997,31.1406,YA_COW_Transect 4,1.6822,,7.865,5.424,3678.242,22.91,,,1271.785,655.923,-3388.479,YA_COW,Peter,Pomacentridae,Chromis,ternatensis,37372051,1,AD,Passing,
GX010042_L.MP4,55997,31.1406,YA_COW_Transect 4,1.6822,,7.273,12.641,3598.675,26.265,,,1423.101,712.777,-3227.568,YA_COW,Peter,Pomacentridae,Chromis,ternatensis,37372051,1,AD,Passing,
GX010042_L.MP4,55997,31.1406,YA_COW_Transect 4,1.6822,,7.649,11.489,3748.483,28.376,,,1605.4,770.336,-3298.545,YA_COW,Peter,Pomacentridae,Chromis,ternatensis,37372051,1,AD,Passing,
GX010042_L.MP4,55997,31.1406,YA_COW_Transect 4,1.6822,,7.701,10.19,3698.455,27.497,,,1438.262,918.579,-3281.186,YA_COW,Peter,Pomacentridae,Chromis,ternatensis,37372051,1,AD,Passing,
GX010042_L.MP4,55997,31.1406,YA_COW_Transect 4,1.6822,,4.408,4.295,2833.377,30.267,,,1277.683,636.592,-2447.51,YA_COW,Peter,Pomacentridae,Chromis,ternatensis,37372051,1,AD,Passing,
GX010042_L.MP4,55997,31.1406,YA_COW_Transect 4,1.6822,,4.456,2.307,2855.909,30.142,,,1301.96,599.807,-2470.09,YA_COW,Peter,Pomacentridae,Chromis,ternatensis,37372051,1,AD,Passing,
GX010042_L.MP4,56020,31.1533,YA_COW_Transect 4,1.695,146.338,8.833,6.757,2493.342,16.239,67.962,31.106,604.755,347.029,-2393.866,YA_COW,Peter,Nemipteridae,Scolopsis,bilineata,37347031,1,AD,Passing,
GX010042_L.MP4,56035,31.1617,YA_COW_Transect 4,1.7034,,4.174,4.066,2585.827,18.163,,,739.728,318.812,-2457.166,YA_COW,Peter,Pomacentridae,Pomacentrus,maafu,temp_code_005,1,AD,Passing,
GX010042_L.MP4,56048,31.1689,YA_COW_Transect 4,1.7106,,4.88,6.872,2821.462,20.679,,,857.953,505.058,-2639.978,YA_COW,Peter,Pomacentridae,Chromis,ternatensis,37372051,1,AD,Passing,
GX010042_L.MP4,56063,31.1773,YA_COW_Transect 4,1.7189,,3.191,4.95,2378.457,24.473,,,-970.764,-169.883,-2164.675,YA_COW,Peter,Pomacentridae,Pomacentrus,sp,,1,AD,Passing,
GX010042_L.MP4,56063,31.1773,YA_COW_Transect 4,1.7189,,3.628,2.159,2491.23,21.964,,,-874.742,-322.363,-2310.224,YA_COW,Peter,Pomacentridae,Chromis,ternatensis,37372051,1,AD,Passing,
GX010042_L.MP4,56063,31.1773,YA_COW_Transect 4,1.7189,,4.178,6.57,2672.632,20.883,,,-886.867,-349.409,-2496.866,YA_COW,Peter,Pomacentridae,Chromis,ternatensis,37372051,1,AD,Passing,
GX010042_L.MP4,56063,31.1773,YA_COW_Transect 4,1.7189,,4.028,2.275,2608.336,20.132,,,-833.882,-334.041,-2448.77,YA_COW,Peter,Pomacentridae,Chromis,ternatensis,37372051,1,AD,Passing,
GX010042_L.MP4,56063,31.1773,YA_COW_Transect 4,1.7189,,4.048,11.199,2591.837,18.683,,,-756.138,-344.297,-2455.063,YA_COW,Peter,Pomacentridae,Chromis,ternatensis,37372051,1,AD,Passing,
GX010042_L.MP4,56063,31.1773,YA_COW_Transect 4,1.7189,,4.044,9.546,2578.241,17.964,,,-710.373,-358.789,-2452.339,YA_COW,Peter,Pomacentridae,Chromis,ternatensis,37372051,1,AD,Passing,
GX010042_L.MP4,56063,31.1773,YA_COW_Transect 4,1.7189,,4.026,2.601,2559.936,16.452,,,-652.845,-316.792,-2454.935,YA_COW,Peter,Pomacentridae,Chromis,ternatensis,37372051,1,AD,Passing,
GX010042_L.MP4,56063,31.1773,YA_COW_Transect 4,1.7189,,4.395,1.234,2682.448,15.837,,,-665.805,-305.828,-2580.446,YA_COW,Peter,Pomacentridae,Chromis,ternatensis,37372051,1,AD,Passing,
GX010042_L.MP4,56063,31.1773,YA_COW_Transect 4,1.7189,,1.941,11.276,1777.044,26.107,,,-686.285,-375.813,-1595.513,YA_COW,Peter,Pomacentridae,Chromis,viridis,37372053,1,AD,Passing,
GX010042_L.MP4,56063,31.1773,YA_COW_Transect 4,1.7189,,3.053,4.133,2237.026,22.178,,,-701.956,-470.591,-2071.252,YA_COW,Peter,Pomacentridae,Chromis,viridis,37372053,1,AD,Passing,
GX010042_L.MP4,56063,31.1773,YA_COW_Transect 4,1.7189,,2.988,5.232,2216.978,21.95,,,-723.414,-405.451,-2056.033,YA_COW,Peter,Pomacentridae,Chromis,viridis,37372053,1,AD,Passing,
GX010042_L.MP4,56063,31.1773,YA_COW_Transect 4,1.7189,,3.415,3.621,2363.515,20.578,,,-696.481,-454.091,-2212.447,YA_COW,Peter,Pomacentridae,Chromis,viridis,37372053,1,AD,Passing,
GX010042_L.MP4,56063,31.1773,YA_COW_Transect 4,1.7189,,2.308,5.476,1903.961,21.506,,,-562.745,-413.974,-1771.161,YA_COW,Peter,Pomacentridae,Chromis,viridis,37372053,1,AD,Passing,
GX010042_L.MP4,56063,31.1773,YA_COW_Transect 4,1.7189,,2.498,2.384,1954.096,17.043,,,-417.707,-392.922,-1868.053,YA_COW,Peter,Pomacentridae,Chromis,viridis,37372053,1,AD,Passing,
GX010042_L.MP4,56063,31.1773,YA_COW_Transect 4,1.7189,,4.203,4.122,2609.285,16.557,,,-624.082,-405.743,-2500.853,YA_COW,Peter,Pomacentridae,Chromis,viridis,37372053,1,AD,Passing,
GX010042_L.MP4,56078,31.1856,YA_COW_Transect 4,1.7273,126.846,8.4,10.492,2871.923,23.088,35.207,1.658,1048.093,412.173,-2641.885,YA_COW,Peter,Holocentridae,Myripristis,violacea,37261014,1,AD,Passing,
GX010042_L.MP4,56098,31.1967,YA_COW_Transect 4,1.7384,142.69,4.097,3.154,1715.614,19.144,53.6,3.801,369.413,-424.361,-1620.735,YA_COW,Peter,Holocentridae,Sargocentron,caudimaculatum,37261022,1,AD,Passing,
GX010042_L.MP4,56132,31.2156,YA_COW_Transect 4,1.7573,116.751,5.191,1.928,2748.87,11.756,18.526,11.594,-360.33,-428.751,-2691.212,YA_COW,Peter,Holocentridae,Myripristis,violacea,37261014,1,AD,Passing,
GX010042_L.MP4,56149,31.2251,YA_COW_Transect 4,1.7668,163.737,15.032,4.503,4308.972,19.864,42.864,51.63,1074.716,994.313,-4052.6,YA_COW,Peter,Balistidae,Balistapus,undulatus,37465047,1,AD,Passing,
GX010042_L.MP4,56149,31.2251,YA_COW_Transect 4,1.7668,,5.822,7.823,3058.028,13.493,,,-171.283,690.94,-2974.021,YA_COW,Peter,Pomacentridae,Abudefduf,vaigiensis,37372013,1,AD,Passing,
GX010042_L.MP4,56149,31.2251,YA_COW_Transect 4,1.7668,,10.957,13.844,4279.956,18.365,,,-73.033,1344.152,-4062.751,YA_COW,Peter,Pomacentridae,Abudefduf,vaigiensis,37372013,1,AD,Passing,
GX010042_L.MP4,56149,31.2251,YA_COW_Transect 4,1.7668,,10.173,8.077,4117.428,19.901,,,159.911,1390.106,-3872.369,YA_COW,Peter,Pomacentridae,Abudefduf,vaigiensis,37372013,1,AD,Passing,
GX010042_L.MP4,56149,31.2251,YA_COW_Transect 4,1.7668,,7.134,5.931,3376.592,16.422,,,448.674,840.674,-3239.341,YA_COW,Peter,Pomacentridae,Abudefduf,vaigiensis,37372013,1,AD,Passing,
GX010042_L.MP4,56149,31.2251,YA_COW_Transect 4,1.7668,,12.013,2.306,4441.518,20.994,,,696.967,1428.104,-4147.51,YA_COW,Peter,Pomacentridae,Abudefduf,vaigiensis,37372013,1,AD,Passing,
GX010042_L.MP4,56192,31.249,YA_COW_Transect 4,1.7907,,6.685,3.689,3290.77,9.125,,,302.398,423.471,-3249.369,YA_COW,Peter,Pomacentridae,Pomacentrus,moluccensis,37372118,1,AD,Passing,
GX010042_L.MP4,56192,31.249,YA_COW_Transect 4,1.7907,,5.197,3.619,2869.807,13.652,,,557.733,382.689,-2788.956,YA_COW,Peter,Acanthuridae,Acanthurus,sp,,1,AD,Passing,
GX010042_L.MP4,56192,31.249,YA_COW_Transect 4,1.7907,,3.694,4.323,2392.572,11.863,,,451.592,193.538,-2341.583,YA_COW,Peter,Pomacentridae,Chromis,ternatensis,37372051,1,AD,Passing,
GX010042_L.MP4,56239,31.2751,YA_COW_Transect 4,1.8168,,11.67,3.705,4559.643,14.596,,,-1148.256,-44.746,-4412.466,YA_COW,Peter,Nemipteridae,Scolopsis,bilineata,37347031,1,AD,Passing,
GX010042_L.MP4,56239,31.2751,YA_COW_Transect 4,1.8168,,4.268,0.207,2618.27,0.717,,,29.893,11.84,-2618.073,YA_COW,Peter,Pomacentridae,Pomacentrus,maafu,temp_code_005,1,AD,Passing,
GX010042_L.MP4,56239,31.2751,YA_COW_Transect 4,1.8168,,12.696,12.993,5003.515,31.997,,,2441.947,1029.91,-4243.977,YA_COW,Peter,Pomacentridae,Pomacentrus,maafu,temp_code_005,1,AD,Passing,
GX010042_L.MP4,56239,31.2751,YA_COW_Transect 4,1.8168,,9.24,1.902,3987.569,14.626,,,-939.941,358.824,-3858.557,YA_COW,Peter,Pomacentridae,Amblyglyphidodon,orbicularis,temp_code_001,1,AD,Passing,
GX010042_L.MP4,56239,31.2751,YA_COW_Transect 4,1.8168,,3.746,0.23,2427.053,4.002,,,169.143,-10.398,-2421.13,YA_COW,Peter,Acanthuridae,Zebrasoma,scopas,37437036,1,AD,Passing,
GX010042_L.MP4,56239,31.2751,YA_COW_Transect 4,1.8168,,15.136,4.643,5144.986,6.076,,,-374.211,392.657,-5116.313,YA_COW,Peter,Acanthuridae,Naso,sp,,1,AD,Passing,
GX010042_L.MP4,56239,31.2751,YA_COW_Transect 4,1.8168,,19.255,3.92,5740.644,23.369,,,1736.796,1469.452,-5270.602,YA_COW,Peter,Scaridae,Scarus,sp,,1,AD,Passing,
GX010042_L.MP4,56239,31.2751,YA_COW_Transect 4,1.8168,84.937,7.83,3.33,2923.973,4.142,27.034,15.796,-204.904,51.165,-2916.336,YA_COW,Peter,Scaridae,Chlorurus,spilurus,temp_code_002,1,AD,Passing,
GX010042_L.MP4,56239,31.2751,YA_COW_Transect 4,1.8168,,7.618,0.137,3572.634,5.889,,,-185.395,314.171,-3553.961,YA_COW,Peter,Scaridae,Chlorurus,spilurus,temp_code_002,1,AD,Passing,
GX010042_L.MP4,56239,31.2751,YA_COW_Transect 4,1.8168,,10.935,5.492,4417.266,15.281,,,-1163.598,34.171,-4261.116,YA_COW,Peter,Pomacentridae,Chromis,ternatensis,37372051,1,AD,Passing,
GX010042_L.MP4,56239,31.2751,YA_COW_Transect 4,1.8168,,8.839,0.434,3925.276,15.416,,,-1012.55,249.916,-3784.187,YA_COW,Peter,Pomacentridae,Abudefduf,vaigiensis,37372013,1,AD,Passing,
GX010042_L.MP4,56277,31.2963,YA_COW_Transect 4,1.8379,,10.424,0.779,4232.853,4.177,,,208.546,224.596,-4221.743,YA_COW,Peter,Nemipteridae,Scolopsis,bilineata,37347031,1,AD,Passing,
GX010042_L.MP4,56277,31.2963,YA_COW_Transect 4,1.8379,,12.098,3.119,4543.714,6.48,,,398.235,320.405,-4514.874,YA_COW,Peter,Nemipteridae,Scolopsis,bilineata,37347031,1,AD,Passing,
GX010042_L.MP4,56277,31.2963,YA_COW_Transect 4,1.8379,79.003,6.374,2.764,2123.669,13.992,59.054,25.184,-412.831,-305.339,-2060.657,YA_COW,Peter,Pomacentridae,Pomacentrus,callainus,temp_code_004,1,AD,Passing,
GX010042_L.MP4,56277,31.2963,YA_COW_Transect 4,1.8379,86.887,4.283,3.503,2313.161,5.854,21.678,1.218,-115.93,-205.48,-2301.098,YA_COW,Peter,Labridae,Thalassoma,hardwicke,37384165,1,AD,Passing,
GX010042_L.MP4,56277,31.2963,YA_COW_Transect 4,1.8379,116.392,6.836,2.104,2250.482,2.948,41.884,5.767,-78.754,-84.797,-2247.504,YA_COW,Peter,Scaridae,Chlorurus,spilurus,temp_code_002,1,AD,Passing,
GX010042_L.MP4,56277,31.2963,YA_COW_Transect 4,1.8379,100.584,7.118,3.465,2821.162,6.066,25.147,1.472,-295.456,-39.76,-2805.366,YA_COW,Peter,Scaridae,Chlorurus,spilurus,temp_code_002,1,AD,Passing,
GX010042_L.MP4,56315,31.3174,YA_COW_Transect 4,1.8591,,24.789,7.54,6699.133,29.774,,,2468.164,2227.008,-5816.097,YA_COW,Peter,Pomacentridae,Chromis,ternatensis,37372051,1,AD,Passing,
GX010042_L.MP4,56315,31.3174,YA_COW_Transect 4,1.8591,,20.439,5.056,6039.953,28.759,,,2129.161,1974.623,-5296.09,YA_COW,Peter,Pomacentridae,Chromis,ternatensis,37372051,1,AD,Passing,
GX010042_L.MP4,56315,31.3174,YA_COW_Transect 4,1.8591,,16.815,3.704,5501.407,29.226,,,2039.317,1745.47,-4802.082,YA_COW,Peter,Pomacentridae,Chromis,ternatensis,37372051,1,AD,Passing,
GX010042_L.MP4,56315,31.3174,YA_COW_Transect 4,1.8591,,20.313,12.118,5992.474,27.726,,,2049.424,1887.044,-5305.533,YA_COW,Peter,Pomacentridae,Chromis,ternatensis,37372051,1,AD,Passing,
GX010042_L.MP4,56315,31.3174,YA_COW_Transect 4,1.8591,,24.013,4.972,6562.187,28.466,,,2371.251,2036.319,-5769.998,YA_COW,Peter,Pomacentridae,Chromis,ternatensis,37372051,1,AD,Passing,
GX010042_L.MP4,56315,31.3174,YA_COW_Transect 4,1.8591,,18.037,10.15,5666,27.997,,,2022.302,1724.621,-5003.952,YA_COW,Peter,Pomacentridae,Chromis,ternatensis,37372051,1,AD,Passing,
GX010042_L.MP4,56315,31.3174,YA_COW_Transect 4,1.8591,,24.878,6.11,6581.39,26.598,,,2053.43,2109.952,-5886.104,YA_COW,Peter,Pomacentridae,Chromis,ternatensis,37372051,1,AD,Passing,
GX010042_L.MP4,56315,31.3174,YA_COW_Transect 4,1.8591,,24.475,10.32,6561.46,27.013,,,2185.861,2022.301,-5846.8,YA_COW,Peter,Pomacentridae,Chromis,ternatensis,37372051,1,AD,Passing,
GX010042_L.MP4,56315,31.3174,YA_COW_Transect 4,1.8591,,23.309,7.693,6341.514,25.401,,,1922.416,1921.149,-5729.599,YA_COW,Peter,Pomacentridae,Chromis,ternatensis,37372051,1,AD,Passing,
GX010042_L.MP4,56315,31.3174,YA_COW_Transect 4,1.8591,,17.767,4.039,5700.143,29.823,,,2244.717,1728.374,-4946.271,YA_COW,Peter,Pomacentridae,Chromis,ternatensis,37372051,1,AD,Passing,
GX010042_L.MP4,56315,31.3174,YA_COW_Transect 4,1.8591,,15.854,5.128,5425.566,31.046,,,2250.165,1660.445,-4649.35,YA_COW,Peter,Pomacentridae,Chromis,ternatensis,37372051,1,AD,Passing,
GX010042_L.MP4,56315,31.3174,YA_COW_Transect 4,1.8591,,16.556,5.809,5567.479,32.007,,,2351.702,1779.677,-4722.189,YA_COW,Peter,Pomacentridae,Chromis,ternatensis,37372051,1,AD,Passing,
GX010042_L.MP4,56315,31.3174,YA_COW_Transect 4,1.8591,,16.303,5.239,5531.064,32.286,,,2351.076,1786.37,-4676.964,YA_COW,Peter,Pomacentridae,Chromis,ternatensis,37372051,1,AD,Passing,
GX010042_L.MP4,56315,31.3174,YA_COW_Transect 4,1.8591,,16.019,9.19,5524.282,33.005,,,2467.495,1719.552,-4633.822,YA_COW,Peter,Pomacentridae,Chromis,ternatensis,37372051,1,AD,Passing,
GX010042_L.MP4,56315,31.3174,YA_COW_Transect 4,1.8591,,14.497,16.513,5206.27,31.353,,,2219.069,1550.983,-4446.957,YA_COW,Peter,Pomacentridae,Chromis,ternatensis,37372051,1,AD,Passing,
GX010042_L.MP4,56315,31.3174,YA_COW_Transect 4,1.8591,,27.356,4.886,6834.479,23.684,,,1952.755,1926.079,-6259.957,YA_COW,Peter,Pomacentridae,Chromis,ternatensis,37372051,1,AD,Passing,
GX010042_L.MP4,56315,31.3174,YA_COW_Transect 4,1.8591,,23.703,10.929,6398.465,24.911,,,1979.653,1825.438,-5804.232,YA_COW,Peter,Pomacentridae,Chromis,ternatensis,37372051,1,AD,Passing,
GX010042_L.MP4,56315,31.3174,YA_COW_Transect 4,1.8591,,20.072,4.195,5883.205,24.667,,,1834.947,1628.303,-5347.308,YA_COW,Peter,Pomacentridae,Chromis,ternatensis,37372051,1,AD,Passing,
GX010042_L.MP4,56315,31.3174,YA_COW_Transect 4,1.8591,,20.45,6.496,5933.034,24.231,,,1836.692,1595.585,-5411.245,YA_COW,Peter,Pomacentridae,Chromis,ternatensis,37372051,1,AD,Passing,
GX010042_L.MP4,56315,31.3174,YA_COW_Transect 4,1.8591,,21.16,3.616,6029.63,24.204,,,1838.239,1649.587,-5500.561,YA_COW,Peter,Pomacentridae,Chromis,ternatensis,37372051,1,AD,Passing,
GX010042_L.MP4,56315,31.3174,YA_COW_Transect 4,1.8591,,20.245,14.845,5957.886,26.037,,,2011.851,1667.723,-5354.21,YA_COW,Peter,Pomacentridae,Chromis,ternatensis,37372051,1,AD,Passing,
GX010042_L.MP4,56315,31.3174,YA_COW_Transect 4,1.8591,,26.514,3.157,6822.137,25.951,,,2281.214,1922.242,-6135.356,YA_COW,Peter,Pomacentridae,Chromis,ternatensis,37372051,1,AD,Passing,
GX010042_L.MP4,56315,31.3174,YA_COW_Transect 4,1.8591,,20.272,8.223,5966.937,26.426,,,2021.503,1718.835,-5344.479,YA_COW,Peter,Pomacentridae,Chromis,ternatensis,37372051,1,AD,Passing,
GX010042_L.MP4,56315,31.3174,YA_COW_Transect 4,1.8591,,16.825,10.234,5515.945,28.371,,,2117.431,1541.902,-4854.345,YA_COW,Peter,Pomacentridae,Chromis,ternatensis,37372051,1,AD,Passing,
GX010042_L.MP4,56315,31.3174,YA_COW_Transect 4,1.8591,,17.768,6.535,5641.634,27.823,,,2086.092,1603.967,-4990.346,YA_COW,Peter,Pomacentridae,Chromis,ternatensis,37372051,1,AD,Passing,
GX010042_L.MP4,56315,31.3174,YA_COW_Transect 4,1.8591,,27.085,4.678,6734.795,20.489,,,1640.62,1689.097,-6309.737,YA_COW,Peter,Pomacentridae,Chromis,ternatensis,37372051,1,AD,Passing,
GX010042_L.MP4,56315,31.3174,YA_COW_Transect 4,1.8591,,25.37,0.394,6534.384,20.886,,,1697.988,1591.318,-6105.957,YA_COW,Peter,Pomacentridae,Chromis,ternatensis,37372051,1,AD,Passing,
GX010042_L.MP4,56315,31.3174,YA_COW_Transect 4,1.8591,,25.783,4.39,6600.354,21.558,,,1774.972,1649.056,-6139.606,YA_COW,Peter,Pomacentridae,Chromis,ternatensis,37372051,1,AD,Passing,
GX010042_L.MP4,56315,31.3174,YA_COW_Transect 4,1.8591,,28.384,10.208,6944.377,22.234,,,1933.759,1775.34,-6429.083,YA_COW,Peter,Pomacentridae,Chromis,ternatensis,37372051,1,AD,Passing,
GX010042_L.MP4,56315,31.3174,YA_COW_Transect 4,1.8591,,29.375,8.225,7100.533,23.206,,,2115.683,1827.101,-6527.11,YA_COW,Peter,Pomacentridae,Chromis,ternatensis,37372051,1,AD,Passing,
GX010042_L.MP4,56315,31.3174,YA_COW_Transect 4,1.8591,,26.085,2.673,6712.004,23.705,,,2091.059,1702.021,-6146.673,YA_COW,Peter,Pomacentridae,Chromis,ternatensis,37372051,1,AD,Passing,
GX010042_L.MP4,56315,31.3174,YA_COW_Transect 4,1.8591,,23.781,2.959,6354.663,22.025,,,1792.969,1566.42,-5891.802,YA_COW,Peter,Pomacentridae,Chromis,ternatensis,37372051,1,AD,Passing,
GX010042_L.MP4,56315,31.3174,YA_COW_Transect 4,1.8591,,22.442,8.956,6194.618,22.803,,,1841.436,1537.056,-5711.38,YA_COW,Peter,Pomacentridae,Chromis,ternatensis,37372051,1,AD,Passing,
GX010042_L.MP4,56315,31.3174,YA_COW_Transect 4,1.8591,,28.505,0.504,6989.345,22.47,,,2070.022,1684.743,-6459.689,YA_COW,Peter,Pomacentridae,Chromis,ternatensis,37372051,1,AD,Passing,
GX010042_L.MP4,56315,31.3174,YA_COW_Transect 4,1.8591,,23.239,2.591,6256.351,20.901,,,1655.701,1493.446,-5845.528,YA_COW,Peter,Pomacentridae,Chromis,ternatensis,37372051,1,AD,Passing,
GX010042_L.MP4,56315,31.3174,YA_COW_Transect 4,1.8591,,28.537,5.187,6960.669,21.232,,,1927.228,1621.052,-6489.136,YA_COW,Peter,Pomacentridae,Chromis,ternatensis,37372051,1,AD,Passing,
GX010042_L.MP4,56315,31.3174,YA_COW_Transect 4,1.8591,,23.966,5.435,6417.333,22.596,,,1954.928,1499.285,-5925.586,YA_COW,Peter,Pomacentridae,Chromis,ternatensis,37372051,1,AD,Passing,
GX010042_L.MP4,56315,31.3174,YA_COW_Transect 4,1.8591,,21.345,11.945,6043.308,22.195,,,1811.052,1386.687,-5596.317,YA_COW,Peter,Pomacentridae,Chromis,ternatensis,37372051,1,AD,Passing,
GX010042_L.MP4,56315,31.3174,YA_COW_Transect 4,1.8591,,21.948,11.481,6294.074,27.44,,,2380.509,1653.796,-5586.905,YA_COW,Peter,Pomacentridae,Chromis,ternatensis,37372051,1,AD,Passing,
GX010042_L.MP4,56315,31.3174,YA_COW_Transect 4,1.8591,,22.163,13.517,6307.374,27.062,,,2339.136,1658.892,-5617.783,YA_COW,Peter,Pomacentridae,Chromis,ternatensis,37372051,1,AD,Passing,
GX010042_L.MP4,56315,31.3174,YA_COW_Transect 4,1.8591,,23.808,6.199,6524.925,26.762,,,2379.171,1720.418,-5827.037,YA_COW,Peter,Pomacentridae,Chromis,ternatensis,37372051,1,AD,Passing,
GX010042_L.MP4,56315,31.3174,YA_COW_Transect 4,1.8591,,21.799,6.127,6234.901,26.516,,,2260.575,1620.866,-5580.016,YA_COW,Peter,Pomacentridae,Chromis,ternatensis,37372051,1,AD,Passing,
GX010042_L.MP4,56315,31.3174,YA_COW_Transect 4,1.8591,,25.911,4.317,6784.679,26.241,,,2404.025,1790.728,-6086.528,YA_COW,Peter,Pomacentridae,Chromis,ternatensis,37372051,1,AD,Passing,
GX010042_L.MP4,56315,31.3174,YA_COW_Transect 4,1.8591,,26.535,1.021,6848.714,25.786,,,2376.334,1793.302,-6167.818,YA_COW,Peter,Pomacentridae,Chromis,ternatensis,37372051,1,AD,Passing,
GX010042_L.MP4,56315,31.3174,YA_COW_Transect 4,1.8591,,27.825,10.539,7032.266,25.791,,,2492.776,1770.445,-6332.801,YA_COW,Peter,Pomacentridae,Chromis,ternatensis,37372051,1,AD,Passing,
GX010042_L.MP4,56315,31.3174,YA_COW_Transect 4,1.8591,,25.136,13.437,6657.016,25.23,,,2294.086,1666.507,-6022.938,YA_COW,Peter,Pomacentridae,Chromis,ternatensis,37372051,1,AD,Passing,
GX010042_L.MP4,56315,31.3174,YA_COW_Transect 4,1.8591,,28.764,2.857,7108.341,24.961,,,2396.049,1801.126,-6445.418,YA_COW,Peter,Pomacentridae,Chromis,ternatensis,37372051,1,AD,Passing,
GX010042_L.MP4,56315,31.3174,YA_COW_Transect 4,1.8591,,25.849,10.198,6721.932,24.772,,,2225.873,1722.178,-6104.422,YA_COW,Peter,Pomacentridae,Chromis,ternatensis,37372051,1,AD,Passing,
GX010042_L.MP4,56315,31.3174,YA_COW_Transect 4,1.8591,,25.128,11.477,6637.093,25.174,,,2228.222,1730.218,-6007.693,YA_COW,Peter,Pomacentridae,Chromis,ternatensis,37372051,1,AD,Passing,
GX010042_L.MP4,56315,31.3174,YA_COW_Transect 4,1.8591,,24.166,7.246,6507.921,24.695,,,2190.892,1606.716,-5913.67,YA_COW,Peter,Pomacentridae,Chromis,ternatensis,37372051,1,AD,Passing,
GX010042_L.MP4,56315,31.3174,YA_COW_Transect 4,1.8591,,30.53,11.19,7311.943,24.321,,,2425.008,1781.641,-6664.052,YA_COW,Peter,Pomacentridae,Chromis,ternatensis,37372051,1,AD,Passing,
GX010042_L.MP4,56315,31.3174,YA_COW_Transect 4,1.8591,,29.693,1.086,7201.415,23.423,,,2356.112,1622.052,-6608.938,YA_COW,Peter,Pomacentridae,Chromis,ternatensis,37372051,1,AD,Passing,
GX010042_L.MP4,56315,31.3174,YA_COW_Transect 4,1.8591,,28.882,11.004,7090.843,22.653,,,2276.019,1505.636,-6544.681,YA_COW,Peter,Pomacentridae,Chromis,ternatensis,37372051,1,AD,Passing,
GX010042_L.MP4,56315,31.3174,YA_COW_Transect 4,1.8591,,26.498,3.153,6754.672,22.095,,,2060.022,1483.457,-6259.494,YA_COW,Peter,Pomacentridae,Chromis,ternatensis,37372051,1,AD,Passing,
GX010042_L.MP4,56315,31.3174,YA_COW_Transect 4,1.8591,,32.7,2.324,7517.55,21.987,,,2305.331,1610.591,-6971.729,YA_COW,Peter,Pomacentridae,Chromis,ternatensis,37372051,1,AD,Passing,
GX010042_L.MP4,56315,31.3174,YA_COW_Transect 4,1.8591,,26.534,5.84,6770.975,21.865,,,2093.665,1401.862,-6284.7,YA_COW,Peter,Pomacentridae,Chromis,ternatensis,37372051,1,AD,Passing,
GX010042_L.MP4,56315,31.3174,YA_COW_Transect 4,1.8591,,29.806,14.76,7198.924,21.969,,,2276.01,1435.887,-6677.014,YA_COW,Peter,Pomacentridae,Chromis,ternatensis,37372051,1,AD,Passing,
GX010042_L.MP4,56315,31.3174,YA_COW_Transect 4,1.8591,,29.566,11.586,7134.236,21.588,,,2147.561,1505.502,-6634.664,YA_COW,Peter,Pomacentridae,Chromis,ternatensis,37372051,1,AD,Passing,
GX010042_L.MP4,56315,31.3174,YA_COW_Transect 4,1.8591,,31.06,6.062,7291.849,20.897,,,2105.674,1522.855,-6813.083,YA_COW,Peter,Pomacentridae,Chromis,ternatensis,37372051,1,AD,Passing,
GX010042_L.MP4,56315,31.3174,YA_COW_Transect 4,1.8591,,33.612,3.438,7575.005,21.023,,,2146.127,1662.774,-7071.777,YA_COW,Peter,Pomacentridae,Chromis,ternatensis,37372051,1,AD,Passing,
GX010042_L.MP4,56315,31.3174,YA_COW_Transect 4,1.8591,,34.615,4.7,7646.088,19.645,,,1963.243,1655.145,-7202.003,YA_COW,Peter,Pomacentridae,Chromis,ternatensis,37372051,1,AD,Passing,
GX010042_L.MP4,56315,31.3174,YA_COW_Transect 4,1.8591,,29.737,13.448,7073.893,19.198,,,1769.265,1506.241,-6681.385,YA_COW,Peter,Pomacentridae,Chromis,ternatensis,37372051,1,AD,Passing,
GX010042_L.MP4,56315,31.3174,YA_COW_Transect 4,1.8591,,27.588,5.66,6784.104,18.468,,,1536.486,1498.736,-6435.61,YA_COW,Peter,Pomacentridae,Chromis,ternatensis,37372051,1,AD,Passing,
GX010042_L.MP4,56315,31.3174,YA_COW_Transect 4,1.8591,,31.297,7.245,7229.658,18.065,,,1608.604,1557.613,-6874.168,YA_COW,Peter,Pomacentridae,Chromis,ternatensis,37372051,1,AD,Passing,
GX010042_L.MP4,56315,31.3174,YA_COW_Transect 4,1.8591,,26.807,0.334,6724.131,19.374,,,1738.42,1393.911,-6344.198,YA_COW,Peter,Pomacentridae,Chromis,ternatensis,37372051,1,AD,Passing,
GX010042_L.MP4,56315,31.3174,YA_COW_Transect 4,1.8591,,25.875,1.153,6601.136,18.884,,,1673.553,1324.477,-6246.597,YA_COW,Peter,Pomacentridae,Chromis,ternatensis,37372051,1,AD,Passing,
GX010042_L.MP4,56315,31.3174,YA_COW_Transect 4,1.8591,,25.468,4.423,6562.501,19.076,,,1723.721,1272.652,-6202.867,YA_COW,Peter,Pomacentridae,Chromis,ternatensis,37372051,1,AD,Passing,
GX010042_L.MP4,56315,31.3174,YA_COW_Transect 4,1.8591,,23.414,12.382,6315.369,19.984,,,1781.09,1215.597,-5935.817,YA_COW,Peter,Pomacentridae,Chromis,ternatensis,37372051,1,AD,Passing,
GX010042_L.MP4,56315,31.3174,YA_COW_Transect 4,1.8591,,33.603,1.435,7637.192,20.997,,,2344.778,1406.882,-7130.877,YA_COW,Peter,Pomacentridae,Chromis,ternatensis,37372051,1,AD,Passing,
GX010042_L.MP4,56315,31.3174,YA_COW_Transect 4,1.8591,,29.718,2.219,7163.902,20.272,,,2133.203,1265.004,-6720.915,YA_COW,Peter,Pomacentridae,Chromis,ternatensis,37372051,1,AD,Passing,
GX010042_L.MP4,56315,31.3174,YA_COW_Transect 4,1.8591,,33.702,2.756,7596.053,19.834,,,2138.987,1433.608,-7146.294,YA_COW,Peter,Pomacentridae,Chromis,ternatensis,37372051,1,AD,Passing,
GX010042_L.MP4,56315,31.3174,YA_COW_Transect 4,1.8591,,31.632,6.522,7390.145,19.937,,,2173.337,1271.472,-6947.964,YA_COW,Peter,Pomacentridae,Chromis,ternatensis,37372051,1,AD,Passing,
GX010042_L.MP4,56315,31.3174,YA_COW_Transect 4,1.8591,,31.625,5.025,7373.306,19.697,,,2116.054,1299.047,-6942.653,YA_COW,Peter,Pomacentridae,Chromis,ternatensis,37372051,1,AD,Passing,
GX010042_L.MP4,56315,31.3174,YA_COW_Transect 4,1.8591,,32.099,4.234,7411.747,18.846,,,2032.229,1261.591,-7015.157,YA_COW,Peter,Pomacentridae,Chromis,ternatensis,37372051,1,AD,Passing,
GX010042_L.MP4,56315,31.3174,YA_COW_Transect 4,1.8591,,33.672,0.191,7573.785,18.008,,,1966.352,1266.816,-7203.53,YA_COW,Peter,Pomacentridae,Chromis,ternatensis,37372051,1,AD,Passing,
GX010042_L.MP4,56315,31.3174,YA_COW_Transect 4,1.8591,,28.617,3.852,6975.374,18.231,,,1826.804,1189.915,-6625.914,YA_COW,Peter,Pomacentridae,Chromis,ternatensis,37372051,1,AD,Passing,
GX010042_L.MP4,56315,31.3174,YA_COW_Transect 4,1.8591,,28.235,5.558,6921.071,18.186,,,1789.629,1205.831,-6576.049,YA_COW,Peter,Pomacentridae,Chromis,ternatensis,37372051,1,AD,Passing,
GX010042_L.MP4,56315,31.3174,YA_COW_Transect 4,1.8591,,33.795,5.663,7579.654,18.343,,,1968.034,1343.576,-7195.332,YA_COW,Peter,Pomacentridae,Chromis,ternatensis,37372051,1,AD,Passing,
GX010042_L.MP4,56315,31.3174,YA_COW_Transect 4,1.8591,,31.325,6.362,7266.358,17.911,,,1765.811,1365.512,-6915.002,YA_COW,Peter,Pomacentridae,Chromis,ternatensis,37372051,1,AD,Passing,
GX010042_L.MP4,56315,31.3174,YA_COW_Transect 4,1.8591,,30.473,3.918,7151.548,17.537,,,1656.628,1374.08,-6819.98,YA_COW,Peter,Pomacentridae,Chromis,ternatensis,37372051,1,AD,Passing,
GX010042_L.MP4,56315,31.3174,YA_COW_Transect 4,1.8591,,31.404,1.755,7245.507,16.598,,,1529.892,1389.817,-6944.437,YA_COW,Peter,Pomacentridae,Chromis,ternatensis,37372051,1,AD,Passing,
GX010042_L.MP4,56315,31.3174,YA_COW_Transect 4,1.8591,,28.587,10.286,6925.502,16.982,,,1573.458,1267.145,-6624.285,YA_COW,Peter,Pomacentridae,Chromis,ternatensis,37372051,1,AD,Passing,
GX010042_L.MP4,56315,31.3174,YA_COW_Transect 4,1.8591,,25.965,5.001,6602.327,17.027,,,1529.92,1178.325,-6313.606,YA_COW,Peter,Pomacentridae,Chromis,ternatensis,37372051,1,AD,Passing,
GX010042_L.MP4,56315,31.3174,YA_COW_Transect 4,1.8591,,30.534,6.999,7166.646,16.583,,,1620.807,1243.531,-6869.311,YA_COW,Peter,Pomacentridae,Chromis,ternatensis,37372051,1,AD,Passing,
GX010042_L.MP4,56315,31.3174,YA_COW_Transect 4,1.8591,,27.978,0.904,6864.865,16.239,,,1557.774,1117.97,-6591.651,YA_COW,Peter,Pomacentridae,Chromis,ternatensis,37372051,1,AD,Passing,
GX010042_L.MP4,56315,31.3174,YA_COW_Transect 4,1.8591,,20.951,4.474,5917.721,14.016,,,1119.929,890.989,-5742.066,YA_COW,Peter,Pomacentridae,Chromis,ternatensis,37372051,1,AD,Passing,
GX010042_L.MP4,56332,31.3269,YA_COW_Transect 4,1.8685,,8.217,2.13,3957.42,25.974,,,1729.841,106.135,-3557.746,YA_COW,Peter,Pomacanthidae,Centropyge,bicolor,37365022,1,AD,Passing,
GX010042_L.MP4,56354,31.3391,YA_COW_Transect 4,1.8808,146.568,3.558,5.899,2903.379,18.263,2.27,22.792,-464.305,-782.453,-2757.136,YA_COW,Peter,Nemipteridae,Scolopsis,bilineata,37347031,1,AD,Passing,
GX010042_L.MP4,56354,31.3391,YA_COW_Transect 4,1.8808,70.971,3.859,1.292,2772.802,18.792,7.296,43.482,-719.66,-529.11,-2624.988,YA_COW,Peter,Pomacentridae,Amblyglyphidodon,orbicularis,temp_code_001,1,AD,Passing,
GX010042_L.MP4,56354,31.3391,YA_COW_Transect 4,1.8808,,6.615,7.617,3278.536,12.026,,,-302.866,-614.153,-3206.226,YA_COW,Peter,Acanthuridae,Naso,sp,,1,AD,Passing,
GX010042_L.MP4,56354,31.3391,YA_COW_Transect 4,1.8808,179.724,10.963,6.566,3663.967,18.488,26.65,16.813,-832.731,-810.233,-3474.872,YA_COW,Peter,Holocentridae,Myripristis,violacea,37261014,1,AD,Passing,
GX010042_L.MP4,56354,31.3391,YA_COW_Transect 4,1.8808,144.844,13.95,6.271,3413.895,11.802,38.764,5.317,-354.306,-601.686,-3341.724,YA_COW,Peter,Holocentridae,Myripristis,violacea,37261014,1,AD,Passing,
GX010042_L.MP4,56378,31.3524,YA_COW_Transect 4,1.8941,,5.681,18.065,3236.029,28.007,,,-1276.924,-825.44,-2856.57,YA_COW,Peter,Pomacentridae,Chromis,ternatensis,37372051,1,AD,Passing,
GX010042_L.MP4,56378,31.3524,YA_COW_Transect 4,1.8941,,5.845,16.075,3258.69,26.993,,,-1222.49,-834.207,-2903.218,YA_COW,Peter,Pomacentridae,Chromis,ternatensis,37372051,1,AD,Passing,
GX010042_L.MP4,56378,31.3524,YA_COW_Transect 4,1.8941,,6.585,10.089,3396.905,23.795,,,-1094.2,-827.126,-3107.661,YA_COW,Peter,Pomacentridae,Chromis,ternatensis,37372051,1,AD,Passing,
GX010042_L.MP4,56396,31.3624,YA_COW_Transect 4,1.9041,120.267,5.577,15.375,2179.011,25.179,51.406,6.016,-649.313,-661.678,-1971.97,YA_COW,Peter,Pomacentridae,Pomacentrus,sp,,1,AD,Passing,
GX010042_L.MP4,56396,31.3624,YA_COW_Transect 4,1.9041,,2.858,9.139,2133.995,22.478,,,-503.24,-643.338,-1971.497,YA_COW,Peter,Pomacentridae,Chromis,ternatensis,37372051,1,AD,Passing,
GX010042_L.MP4,56456,31.3958,YA_COW_Transect 4,1.9375,,6.866,1.256,3314.737,13.576,,,367.633,-687.66,-3221.716,YA_COW,Peter,Pomacentridae,Chromis,ternatensis,37372051,1,AD,Passing,
GX010042_L.MP4,56456,31.3958,YA_COW_Transect 4,1.9375,,6.091,2.742,3133.035,12.566,,,36.064,-682.494,-3057.582,YA_COW,Peter,Pomacentridae,Chromis,viridis,37372053,1,AD,Passing,
GX010042_L.MP4,56576,31.4625,YA_COW_Transect 4,2.0042,66.751,1.906,4.676,1413.615,20.127,34.256,28.682,-62.496,-482.406,-1327.285,YA_COW,Peter,Pomacentridae,Pomacentrus,brachialis,37372109,1,AD,Passing,
GX010042_L.MP4,56641,31.4987,YA_COW_Transect 4,2.0404,,9.674,8.377,4177.944,23.051,,,-1417.323,-819.176,-3843.874,YA_COW,Peter,Nemipteridae,Scolopsis,bilineata,37347031,1,AD,Passing,
GX010042_L.MP4,56641,31.4987,YA_COW_Transect 4,2.0404,,8.31,5.208,3696.312,12.334,,,-269.152,-744.375,-3610.566,YA_COW,Peter,Pomacentridae,Amblyglyphidodon,orbicularis,temp_code_001,1,AD,Passing,
GX010042_L.MP4,56699,31.5309,YA_COW_Transect 4,2.0726,135.849,7.638,15.686,3657.963,26.361,0.703,7.173,-1327.871,-935.358,-3277.584,YA_COW,Peter,Labridae,Stethojulis,bandanensis,37384154,1,AD,Passing,
GX010042_L.MP4,56735,31.551,YA_COW_Transect 4,2.0926,,9.348,2.946,3927.652,14.934,,,-274.344,-976.504,-3794.42,YA_COW,Peter,Pomacentridae,Chromis,ternatensis,37372051,1,AD,Passing,
GX010042_L.MP4,56735,31.551,YA_COW_Transect 4,2.0926,,9.626,2.672,3986.502,16.294,,,-489.572,-1007.862,-3825.798,YA_COW,Peter,Pomacentridae,Chromis,ternatensis,37372051,1,AD,Passing,
GX010042_L.MP4,56735,31.551,YA_COW_Transect 4,2.0926,,6.787,5.77,3356.713,21.082,,,-198.554,-1192.821,-3131.338,YA_COW,Peter,Pomacentridae,Chromis,ternatensis,37372051,1,AD,Passing,
GX010042_L.MP4,56735,31.551,YA_COW_Transect 4,2.0926,,7.301,3.494,3471.639,19.436,,,-225.75,-1134.865,-3273.132,YA_COW,Peter,Pomacentridae,Chromis,ternatensis,37372051,1,AD,Passing,
GX010042_L.MP4,56833,31.6055,YA_COW_Transect 4,2.1471,,13.721,18.716,5248.311,29.294,,,-2355.387,-1025.69,-4576.557,YA_COW,Peter,Labridae,Anampses,neoguinaicus,37384050,1,AD,Passing,
GX010042_L.MP4,56833,31.6055,YA_COW_Transect 4,2.1471,,14.314,9.789,5004.499,11.086,,,-920.814,-282.152,-4910.957,YA_COW,Peter,Pomacentridae,Amblyglyphidodon,orbicularis,temp_code_001,1,AD,Passing,
GX010042_L.MP4,56833,31.6055,YA_COW_Transect 4,2.1471,,15.117,1.823,5156.179,9.941,,,-867.685,-201.516,-5078.651,YA_COW,Peter,Pomacentridae,Amblyglyphidodon,orbicularis,temp_code_001,1,AD,Passing,
GX010042_L.MP4,56833,31.6055,YA_COW_Transect 4,2.1471,,13.126,19.221,5174.391,29.891,,,-2406.112,-930.11,-4485.514,YA_COW,Peter,Pomacentridae,Chromis,ternatensis,37372051,1,AD,Passing,
GX010042_L.MP4,56833,31.6055,YA_COW_Transect 4,2.1471,,7.108,11.869,3613.543,23.943,,,-1353.468,-566.397,-3302.274,YA_COW,Peter,Pomacentridae,Chromis,ternatensis,37372051,1,AD,Passing,
GX010042_L.MP4,56833,31.6055,YA_COW_Transect 4,2.1471,,14.479,5.926,4991.825,11.046,,,-812.213,-507.951,-4899.042,YA_COW,Peter,Pomacentridae,Chromis,ternatensis,37372051,1,AD,Passing,
GX010042_L.MP4,56897,31.6411,YA_COW_Transect 4,2.1827,,13.901,7.493,5166.91,25.208,,,-2037.035,-835.353,-4674.359,YA_COW,Peter,Nemipteridae,Scolopsis,bilineata,37347031,1,AD,Passing,
GX010042_L.MP4,56979,31.6867,YA_COW_Transect 4,2.2283,,5.471,17.548,3242.474,29.429,,,-1445.84,-670.789,-2823.691,YA_COW,Peter,Pomacentridae,Amblyglyphidodon,curacao,37372017,1,AD,Passing,
GX010042_L.MP4,57003,31.7,YA_COW_Transect 4,2.2417,81.181,5.447,17.343,2332.897,25.035,41.233,18.03,-662.806,-731.624,-2113.723,YA_COW,Peter,Pomacentridae,Chromis,atripes,37372037,1,AD,Passing,
GX010042_L.MP4,57041,31.7211,YA_COW_Transect 4,2.2628,485.083,25.454,6.796,6640.875,18.544,8.346,4.292,-2106.716,-148.837,-6296.095,YA_COW,Peter,Lutjanidae,Lutjanus,bohar,37346029,1,AD,Passing,
GX010042_L.MP4,57041,31.7211,YA_COW_Transect 4,2.2628,,25.263,1.087,6985.885,19.486,,,-2329.968,-44.937,-6585.728,YA_COW,Peter,Lutjanidae,Lutjanus,bohar,37346029,1,AD,Passing,
GX010042_L.MP4,57078,31.7417,YA_COW_Transect 4,2.2834,,23.547,10.725,6747.834,19.824,,,-2286.784,-90.362,-6347.891,YA_COW,Peter,Lutjanidae,Lutjanus,bohar,37346029,1,AD,Passing,
GX010042_L.MP4,57094,31.7506,YA_COW_Transect 4,2.2923,,2.847,7.628,2136.728,20.502,,,-627.064,-409.659,-2001.144,YA_COW,Peter,Pomacentridae,Pomacentrus,moluccensis,37372118,1,AD,Passing,
GX010042_L.MP4,57152,31.7829,YA_COW_Transect 4,2.3245,,2.371,5.101,1911.529,18.756,,,-489.392,-372.91,-1809.801,YA_COW,Peter,Pomacentridae,Pomacentrus,callainus,temp_code_004,1,AD,Passing,
GX010042_L.MP4,57212,31.8162,YA_COW_Transect 4,2.3579,,25.537,16.322,6906.807,21.405,,,-2337.394,-947.407,-6429.851,YA_COW,Peter,Lutjanidae,Lutjanus,bohar,37346029,1,AD,Passing,
GX010042_L.MP4,57212,31.8162,YA_COW_Transect 4,2.3579,,19.79,7.743,6048.916,22.253,,,-2056.458,-1012.484,-5597.789,YA_COW,Peter,Lutjanidae,Lutjanus,bohar,37346029,1,AD,Passing,
GX010042_L.MP4,57212,31.8162,YA_COW_Transect 4,2.3579,,24.743,14.883,6772.564,23.996,,,-2344.678,-1448.68,-6186.391,YA_COW,Peter,Lutjanidae,Lutjanus,bohar,37346029,1,AD,Passing,
GX010042_L.MP4,57212,31.8162,YA_COW_Transect 4,2.3579,,13.466,0.214,5120.246,26.641,,,-2113.447,-899.586,-4576.135,YA_COW,Peter,Lutjanidae,Lutjanus,bohar,37346029,1,AD,Passing,
GX010042_L.MP4,57212,31.8162,YA_COW_Transect 4,2.3579,,22.441,2.186,6504.767,25.669,,,-2406.43,-1469.093,-5861.984,YA_COW,Peter,Lutjanidae,Lutjanus,bohar,37346029,1,AD,Passing,
GX010042_L.MP4,57227,31.8246,YA_COW_Transect 4,2.3663,136.563,10.128,11.071,4945.977,23.6,2.041,24.176,-1015.52,-1699.896,-4532.302,YA_COW,Peter,Pomacentridae,Abudefduf,vaigiensis,37372013,1,AD,Passing,
GX010042_L.MP4,57227,31.8246,YA_COW_Transect 4,2.3663,,17.433,12.515,5474.586,23.085,,,-942.997,-1931.262,-5035.084,YA_COW,Peter,Pomacentridae,Abudefduf,vaigiensis,37372013,1,AD,Passing,
GX010042_L.MP4,57227,31.8246,YA_COW_Transect 4,2.3663,,20.882,8.382,5978.454,21.754,,,-992.283,-1984.371,-5551.536,YA_COW,Peter,Pomacentridae,Abudefduf,vaigiensis,37372013,1,AD,Passing,
GX010042_L.MP4,57227,31.8246,YA_COW_Transect 4,2.3663,,14.332,7.332,4926.466,20.886,,,-603.262,-1652.2,-4601.78,YA_COW,Peter,Pomacentridae,Abudefduf,vaigiensis,37372013,1,AD,Passing,
GX010042_L.MP4,57227,31.8246,YA_COW_Transect 4,2.3663,,16.126,5.348,5256.47,22.396,,,-1027.803,-1721.716,-4858.99,YA_COW,Peter,Pomacentridae,Abudefduf,vaigiensis,37372013,1,AD,Passing,
GX010042_L.MP4,57227,31.8246,YA_COW_Transect 4,2.3663,,15.581,2.657,5126.687,17.592,,,-358.265,-1510.342,-4886.045,YA_COW,Peter,Pomacentridae,Abudefduf,vaigiensis,37372013,1,AD,Passing,
GX010042_L.MP4,57227,31.8246,YA_COW_Transect 4,2.3663,,18.878,0.94,5654.742,17.254,,,-411.017,-1629.279,-5399.317,YA_COW,Peter,Pomacentridae,Abudefduf,vaigiensis,37372013,1,AD,Passing,
GX010042_L.MP4,57227,31.8246,YA_COW_Transect 4,2.3663,,22.062,4.618,6130.298,15.832,,,-317.419,-1645.535,-5896.78,YA_COW,Peter,Pomacentridae,Abudefduf,vaigiensis,37372013,1,AD,Passing,
GX010042_L.MP4,57227,31.8246,YA_COW_Transect 4,2.3663,,22.847,1.228,6251.641,15.009,,,-165.604,-1614.078,-6037.412,YA_COW,Peter,Pomacentridae,Abudefduf,vaigiensis,37372013,1,AD,Passing,
GX010042_L.MP4,57227,31.8246,YA_COW_Transect 4,2.3663,,24.832,5.474,6527.974,13.871,,,-171.923,-1559.244,-6336.691,YA_COW,Peter,Pomacentridae,Abudefduf,vaigiensis,37372013,1,AD,Passing,
GX010042_L.MP4,57227,31.8246,YA_COW_Transect 4,2.3663,,22.633,9.795,6148.761,12.72,,,707.615,-1157.72,-5997.185,YA_COW,Peter,Pomacentridae,Abudefduf,vaigiensis,37372013,1,AD,Passing,
GX010042_L.MP4,57285,31.8568,YA_COW_Transect 4,2.3985,,10.439,1.642,4526.12,26.877,,,2045.611,-49.537,-4037.175,YA_COW,Peter,Lutjanidae,Lutjanus,bohar,37346029,1,AD,Passing,
GX010042_L.MP4,57294,31.8618,YA_COW_Transect 4,2.4035,,15.218,9.875,5463.414,29.257,,,-2320.833,-1323.042,-4765.73,YA_COW,Peter,Lutjanidae,Lutjanus,bohar,37346029,1,AD,Passing,
GX010042_L.MP4,57294,31.8618,YA_COW_Transect 4,2.4035,,21.467,1.979,6395.984,25.151,,,-2428.133,-1225.558,-5788.851,YA_COW,Peter,Lutjanidae,Lutjanus,bohar,37346029,1,AD,Passing,
GX010042_L.MP4,57294,31.8618,YA_COW_Transect 4,2.4035,,18.162,4.796,5534.202,15.796,,,-477.367,-1431.979,-5324.373,YA_COW,Peter,Pomacentridae,Abudefduf,vaigiensis,37372013,1,AD,Passing,
GX010042_L.MP4,57294,31.8618,YA_COW_Transect 4,2.4035,,26.212,1.256,6673.565,14.419,,,-664.871,-1526.738,-6462.467,YA_COW,Peter,Pomacentridae,Abudefduf,vaigiensis,37372013,1,AD,Passing,
GX010042_L.MP4,57352,31.8941,YA_COW_Transect 4,2.4358,,18.514,2.188,5531.941,14.461,,,901.532,-1049.805,-5356.074,YA_COW,Peter,Zanclidae,Zanclus,cornutus,37437001,1,AD,Passing,
GX010042_L.MP4,57356,31.8963,YA_COW_Transect 4,2.438,159.932,5.983,5.567,2117.604,24.154,65.603,21.454,505.506,-703.785,-1932.201,YA_COW,Peter,Caesionidae,Pterocaesio,trilineata,37346051,1,AD,Passing,
GX010042_L.MP4,57356,31.8963,YA_COW_Transect 4,2.438,101.044,5.523,4.808,2063.561,23.149,62.546,25.08,518.499,-623.928,-1897.408,YA_COW,Peter,Caesionidae,Pterocaesio,trilineata,37346051,1,AD,Passing,
GX010042_L.MP4,57356,31.8963,YA_COW_Transect 4,2.438,120.957,5.34,3.44,1976.796,22.028,62.7,19.81,497.787,-549.478,-1832.485,YA_COW,Peter,Caesionidae,Pterocaesio,trilineata,37346051,1,AD,Passing,
GX010042_L.MP4,57356,31.8963,YA_COW_Transect 4,2.438,108.272,5.602,3.222,2037.428,22.386,66.692,24.231,585.341,-509.393,-1883.88,YA_COW,Peter,Caesionidae,Pterocaesio,trilineata,37346051,1,AD,Passing,
GX010042_L.MP4,57356,31.8963,YA_COW_Transect 4,2.438,,3.164,0.418,2246.296,24.279,,,663.924,-643.291,-2047.249,YA_COW,Peter,Caesionidae,Pterocaesio,trilineata,37346051,1,AD,Passing,
GX010042_L.MP4,57356,31.8963,YA_COW_Transect 4,2.438,,2.675,0.681,2052.713,24.262,,,623.24,-569.471,-1871.071,YA_COW,Peter,Caesionidae,Pterocaesio,trilineata,37346051,1,AD,Passing,
GX010042_L.MP4,57356,31.8963,YA_COW_Transect 4,2.438,,2.69,4.462,2058.504,23.553,,,655.111,-498.575,-1886.714,YA_COW,Peter,Caesionidae,Pterocaesio,trilineata,37346051,1,AD,Passing,
GX010042_L.MP4,57356,31.8963,YA_COW_Transect 4,2.438,,3.01,2.263,2185.582,22.936,,,692.684,-496.801,-2012.498,YA_COW,Peter,Caesionidae,Pterocaesio,trilineata,37346051,1,AD,Passing,
GX010042_L.MP4,57356,31.8963,YA_COW_Transect 4,2.438,,3.583,6.166,2402.942,23.111,,,760.305,-559.434,-2209.773,YA_COW,Peter,Caesionidae,Pterocaesio,trilineata,37346051,1,AD,Passing,
GX010042_L.MP4,57356,31.8963,YA_COW_Transect 4,2.438,,2.759,5.029,2108.347,26.41,,,684.005,-642.628,-1887.933,YA_COW,Peter,Caesionidae,Pterocaesio,trilineata,37346051,1,AD,Passing,
GX010042_L.MP4,57356,31.8963,YA_COW_Transect 4,2.438,,2.163,9.284,1881.667,29.345,,,724.903,-570.91,-1639.892,YA_COW,Peter,Caesionidae,Pterocaesio,trilineata,37346051,1,AD,Passing,
GX010042_L.MP4,57356,31.8963,YA_COW_Transect 4,2.438,,2.194,12.087,1879.958,28.187,,,668.747,-585.21,-1656.668,YA_COW,Peter,Caesionidae,Pterocaesio,trilineata,37346051,1,AD,Passing,
GX010042_L.MP4,57356,31.8963,YA_COW_Transect 4,2.438,,2.374,3.022,1956.108,27.455,,,682.594,-590.429,-1735.459,YA_COW,Peter,Caesionidae,Pterocaesio,trilineata,37346051,1,AD,Passing,
GX010042_L.MP4,57356,31.8963,YA_COW_Transect 4,2.438,,2.625,1.961,2121.569,28.119,,,939.844,-342.382,-1870.968,YA_COW,Peter,Caesionidae,Pterocaesio,trilineata,37346051,1,AD,Passing,
GX010042_L.MP4,57356,31.8963,YA_COW_Transect 4,2.438,,3.167,5.206,2342.328,28.163,,,1004.469,-462.998,-2064.746,YA_COW,Peter,Caesionidae,Pterocaesio,trilineata,37346051,1,AD,Passing,
GX010042_L.MP4,57356,31.8963,YA_COW_Transect 4,2.438,,2.442,12.889,2003.64,27.605,,,788.467,-491.272,-1775.259,YA_COW,Peter,Caesionidae,Pterocaesio,trilineata,37346051,1,AD,Passing,
GX010042_L.MP4,57356,31.8963,YA_COW_Transect 4,2.438,,3.145,3.346,2302.638,27.276,,,908.468,-538.086,-2046.287,YA_COW,Peter,Caesionidae,Pterocaesio,trilineata,37346051,1,AD,Passing,
GX010042_L.MP4,57356,31.8963,YA_COW_Transect 4,2.438,,2.562,14.41,2080.718,28.711,,,880.198,-474.776,-1824.616,YA_COW,Peter,Caesionidae,Pterocaesio,trilineata,37346051,1,AD,Passing,
GX010042_L.MP4,57356,31.8963,YA_COW_Transect 4,2.438,,2.492,11.019,2046.291,29.277,,,842.676,-540.77,-1784.593,YA_COW,Peter,Caesionidae,Pterocaesio,trilineata,37346051,1,AD,Passing,
GX010042_L.MP4,57358,31.8974,YA_COW_Transect 4,2.4391,158.061,5.312,5.772,2018.994,24.689,66.12,19.861,752.898,-379.886,-1834.44,YA_COW,Peter,Caesionidae,Pterocaesio,tile,37346063,1,AD,Passing,
GX010042_L.MP4,57501,31.9769,YA_COW_Transect 4,2.5186,,6.712,1.908,3327.34,20.472,,,-316.866,-1121.58,-3116.544,YA_COW,Peter,Pomacentridae,Amblyglyphidodon,orbicularis,temp_code_001,1,AD,Passing,
GX010042_L.MP4,57519,31.987,YA_COW_Transect 4,2.5286,,3.649,7.328,2485.926,28.601,,,898.972,-781.006,-2182.133,YA_COW,Peter,Caesionidae,Pterocaesio,trilineata,37346051,1,AD,Passing,
GX010042_L.MP4,57519,31.987,YA_COW_Transect 4,2.5286,,3.969,6.813,2629.943,28.302,,,1075.758,-631.843,-2315.193,YA_COW,Peter,Caesionidae,Pterocaesio,trilineata,37346051,1,AD,Passing,
GX010042_L.MP4,57519,31.987,YA_COW_Transect 4,2.5286,,3.633,2.603,2524.164,30.733,,,1034.859,-771.355,-2169.212,YA_COW,Peter,Caesionidae,Pterocaesio,trilineata,37346051,1,AD,Passing,
GX010042_L.MP4,57519,31.987,YA_COW_Transect 4,2.5286,,3.858,9.963,2634.039,32.396,,,1139.867,-833.347,-2223.6,YA_COW,Peter,Caesionidae,Pterocaesio,trilineata,37346051,1,AD,Passing,
GX010042_L.MP4,57519,31.987,YA_COW_Transect 4,2.5286,,2.599,6.085,2106.781,30.491,,,882.809,-603.884,-1815.076,YA_COW,Peter,Caesionidae,Pterocaesio,trilineata,37346051,1,AD,Passing,
GX010042_L.MP4,57531,31.9936,YA_COW_Transect 4,2.5353,,7.488,3.663,3504.471,21.412,,,925.098,-885.669,-3262.07,YA_COW,Peter,Caesionidae,Pterocaesio,trilineata,37346051,1,AD,Passing,
GX010042_L.MP4,57531,31.9936,YA_COW_Transect 4,2.5353,,5.502,0.119,2996.41,22.9,,,827.657,-822.894,-2759.766,YA_COW,Peter,Caesionidae,Pterocaesio,trilineata,37346051,1,AD,Passing,
GX010042_L.MP4,57531,31.9936,YA_COW_Transect 4,2.5353,,6.972,9.968,3418.996,23.641,,,1069.674,-859.452,-3131.561,YA_COW,Peter,Caesionidae,Pterocaesio,trilineata,37346051,1,AD,Passing,
GX010042_L.MP4,57531,31.9936,YA_COW_Transect 4,2.5353,,6.347,0.738,3259.476,24.11,,,1027.362,-848.684,-2974.634,YA_COW,Peter,Caesionidae,Pterocaesio,trilineata,37346051,1,AD,Passing,
GX010042_L.MP4,57531,31.9936,YA_COW_Transect 4,2.5353,,6.495,14.636,3312.528,24.225,,,1096.82,-804.485,-3020.369,YA_COW,Peter,Caesionidae,Pterocaesio,trilineata,37346051,1,AD,Passing,
GX010042_L.MP4,57531,31.9936,YA_COW_Transect 4,2.5353,,8.56,8.592,3870.764,25.845,,,1413.816,-923.119,-3483.072,YA_COW,Peter,Caesionidae,Pterocaesio,trilineata,37346051,1,AD,Passing,
GX010042_L.MP4,57531,31.9936,YA_COW_Transect 4,2.5353,,4.831,1.163,2876.42,25.496,,,1078.48,-609.713,-2595.943,YA_COW,Peter,Caesionidae,Pterocaesio,trilineata,37346051,1,AD,Passing,
GX010042_L.MP4,57531,31.9936,YA_COW_Transect 4,2.5353,,3.469,14.669,2443.057,29.93,,,945.504,-770.532,-2116.797,YA_COW,Peter,Caesionidae,Pterocaesio,trilineata,37346051,1,AD,Passing,
GX010042_L.MP4,57531,31.9936,YA_COW_Transect 4,2.5353,,9.647,0.321,4114.354,23.553,,,1482.826,-712.318,-3771.172,YA_COW,Peter,Caesionidae,Pterocaesio,trilineata,37346051,1,AD,Passing,
GX010042_L.MP4,57546,32.002,YA_COW_Transect 4,2.5437,,8.343,0.221,3754.123,15.692,,,1003.549,-156.365,-3614.122,YA_COW,Peter,Lutjanidae,Lutjanus,bohar,37346029,1,AD,Passing,
GX010042_L.MP4,57546,32.002,YA_COW_Transect 4,2.5437,,9.789,1.859,4044.01,8.616,,,536.953,-282.98,-3998.202,YA_COW,Peter,Lutjanidae,Lutjanus,bohar,37346029,1,AD,Passing,
GX010042_L.MP4,57546,32.002,YA_COW_Transect 4,2.5437,,11.948,0.13,4584.525,2.829,,,-179.23,-140.745,-4578.858,YA_COW,Peter,Lutjanidae,Lutjanus,bohar,37346029,1,AD,Passing,
GX010042_L.MP4,57546,32.002,YA_COW_Transect 4,2.5437,,14.493,1.494,5049.156,7.768,,,-671.46,-124.959,-5002.749,YA_COW,Peter,Lutjanidae,Lutjanus,bohar,37346029,1,AD,Passing,
GX010042_L.MP4,57546,32.002,YA_COW_Transect 4,2.5437,,31.953,7.921,7578.943,8.575,,,-1060.628,385.748,-7494.441,YA_COW,Peter,Lutjanidae,Lutjanus,bohar,37346029,1,AD,Passing,
GX010042_L.MP4,57546,32.002,YA_COW_Transect 4,2.5437,,29.898,9.445,7389.469,11.897,,,-1522.797,38.826,-7230.756,YA_COW,Peter,Lutjanidae,Lutjanus,bohar,37346029,1,AD,Passing,
GX010042_L.MP4,57546,32.002,YA_COW_Transect 4,2.5437,,14.927,1.418,5177.854,14.584,,,-1291.601,-181.03,-5010.905,YA_COW,Peter,Lutjanidae,Lutjanus,bohar,37346029,1,AD,Passing,
GX010042_L.MP4,57546,32.002,YA_COW_Transect 4,2.5437,,35.426,4.642,7936.112,11.56,,,1587.931,84.054,-7775.171,YA_COW,Peter,Lutjanidae,Lutjanus,bohar,37346029,1,AD,Passing,
GX020042_L.MP4,9543,40.5422,YA_COW_Transect 5,0.436,78.449,4.676,4.019,2795.809,14.405,10.398,20.955,691.564,74.182,-2707.912,YA_COW,Peter,Pomacentridae,Pomacentrus,philippinus,37372123,1,AD,Passing,
GX020042_L.MP4,9590,40.5683,YA_COW_Transect 5,0.4621,70.588,1.703,4.943,1777.868,16.17,1.974,30.122,-259.303,-421.766,-1707.539,YA_COW,Peter,Pomacentridae,Chromis,viridis,37372053,1,AD,Passing,
GX020042_L.MP4,9590,40.5683,YA_COW_Transect 5,0.4621,62.091,3.81,2.417,1681.189,13.816,49.628,19.249,148.295,-373.078,-1632.55,YA_COW,Peter,Pomacentridae,Chromis,viridis,37372053,1,AD,Passing,
GX020042_L.MP4,9617,40.5833,YA_COW_Transect 5,0.4771,64.088,2.798,4.124,1986.284,17.672,21.276,26.765,54.278,-600.536,-1892.548,YA_COW,Peter,Pomacentridae,Chromis,viridis,37372053,1,AD,Passing,
GX020042_L.MP4,9677,40.6167,YA_COW_Transect 5,0.5105,49.477,4.614,5.685,2029.665,22.665,50.136,24.46,-758.951,-188.889,-1872.927,YA_COW,Peter,Pomacentridae,Chrysiptera,glauca,37372062,1,AD,Passing,
GX020042_L.MP4,9677,40.6167,YA_COW_Transect 5,0.5105,,3.414,0.387,2284.334,15.005,,,393.637,-442.681,-2206.188,YA_COW,Peter,Pomacentridae,Pomacentrus,maafu,temp_code_005,1,AD,Passing,
GX020042_L.MP4,9677,40.6167,YA_COW_Transect 5,0.5105,66.95,3.961,4.254,2221.479,15.169,21.659,20.144,-579.348,-47.531,-2144.077,YA_COW,Peter,Pomacentridae,Chromis,viridis,37372053,1,AD,Passing,
GX020042_L.MP4,9677,40.6167,YA_COW_Transect 5,0.5105,41.702,2.724,2.516,1833.797,21.867,14.172,9.803,645.476,-223.286,-1701.856,YA_COW,Peter,Pomacentridae,Chromis,viridis,37372053,1,AD,Passing,
GX020042_L.MP4,9699,40.6289,YA_COW_Transect 5,0.5227,,9.106,18.512,4143.237,30.001,,,1864.253,901.404,-3588.655,YA_COW,Peter,Pomacentridae,Chromis,viridis,37372053,1,AD,Passing,
GX020042_L.MP4,9699,40.6289,YA_COW_Transect 5,0.5227,,8.155,12.557,3957.625,31.472,,,1877.043,861.625,-3375.961,YA_COW,Peter,Pomacentridae,Chromis,viridis,37372053,1,AD,Passing,
GX020042_L.MP4,9699,40.6289,YA_COW_Transect 5,0.5227,,8.071,12.021,3930.591,30.581,,,1844.183,771.256,-3384.331,YA_COW,Peter,Pomacentridae,Chromis,viridis,37372053,1,AD,Passing,
GX020042_L.MP4,9699,40.6289,YA_COW_Transect 5,0.5227,,7.202,13.003,3732.905,31.102,,,1805.432,675.366,-3196.698,YA_COW,Peter,Pomacentridae,Chromis,viridis,37372053,1,AD,Passing,
GX020042_L.MP4,9699,40.6289,YA_COW_Transect 5,0.5227,,10.182,2.567,4327.031,28.666,,,1813.17,1008.187,-3797.259,YA_COW,Peter,Pomacentridae,Chromis,viridis,37372053,1,AD,Passing,
GX020042_L.MP4,9710,40.635,YA_COW_Transect 5,0.5289,55.323,3.399,2.382,1676.649,17.257,46.913,25.932,200.191,-455.32,-1601.175,YA_COW,Peter,Pomacentridae,Chromis,viridis,37372053,1,AD,Passing,
GX020042_L.MP4,9729,40.6456,YA_COW_Transect 5,0.5394,,7.979,5.314,3760.523,23.921,,,1425.06,540.396,-3437.835,YA_COW,Peter,Pomacentridae,Chromis,viridis,37372053,1,AD,Passing,
GX020042_L.MP4,9729,40.6456,YA_COW_Transect 5,0.5394,,7.711,8.249,3745.434,26.237,,,1546.577,589.498,-3359.891,YA_COW,Peter,Pomacentridae,Chromis,viridis,37372053,1,AD,Passing,
GX020042_L.MP4,9729,40.6456,YA_COW_Transect 5,0.5394,,8.132,7.223,3882.283,27.742,,,1678.344,668.026,-3436.426,YA_COW,Peter,Pomacentridae,Chromis,viridis,37372053,1,AD,Passing,
GX020042_L.MP4,9729,40.6456,YA_COW_Transect 5,0.5394,,7.89,9.956,3829.948,28.694,,,1681.416,742.527,-3360.059,YA_COW,Peter,Pomacentridae,Chromis,viridis,37372053,1,AD,Passing,
GX020042_L.MP4,9729,40.6456,YA_COW_Transect 5,0.5394,,8.922,8.1,4004.293,25.476,,,1577.583,689.149,-3615.338,YA_COW,Peter,Pomacentridae,Chromis,viridis,37372053,1,AD,Passing,
GX020042_L.MP4,9729,40.6456,YA_COW_Transect 5,0.5394,,10.165,4.534,4258.691,24.822,,,1619.327,755.351,-3865.705,YA_COW,Peter,Pomacentridae,Chromis,viridis,37372053,1,AD,Passing,
GX020042_L.MP4,9729,40.6456,YA_COW_Transect 5,0.5394,,10.823,7.192,4335.281,22.508,,,1478.305,751.845,-4005.497,YA_COW,Peter,Pomacentridae,Chromis,viridis,37372053,1,AD,Passing,
GX020042_L.MP4,9729,40.6456,YA_COW_Transect 5,0.5394,,8.719,8.943,3961.732,26.113,,,1578.462,738.94,-3557.772,YA_COW,Peter,Pomacentridae,Chromis,viridis,37372053,1,AD,Passing,
GX020042_L.MP4,9729,40.6456,YA_COW_Transect 5,0.5394,,8.643,9.408,3925.545,25.89,,,1525.21,780.115,-3532.005,YA_COW,Peter,Pomacentridae,Chromis,viridis,37372053,1,AD,Passing,
GX020042_L.MP4,9729,40.6456,YA_COW_Transect 5,0.5394,,16.663,4.946,5516.21,26.229,,,2179.96,1088.556,-4948.878,YA_COW,Peter,Pomacentridae,Chromis,viridis,37372053,1,AD,Passing,
GX020042_L.MP4,9729,40.6456,YA_COW_Transect 5,0.5394,,13.959,3.536,5109.249,28.435,,,2186.039,1064.973,-4493.495,YA_COW,Peter,Pomacentridae,Chromis,viridis,37372053,1,AD,Passing,
GX020042_L.MP4,9729,40.6456,YA_COW_Transect 5,0.5394,,11.582,0.253,4570.029,26.468,,,1789.461,970.601,-4091.568,YA_COW,Peter,Pomacentridae,Chromis,viridis,37372053,1,AD,Passing,
GX020042_L.MP4,9729,40.6456,YA_COW_Transect 5,0.5394,,14.201,2.352,5161.039,28.979,,,2228.179,1132.146,-4515.505,YA_COW,Peter,Pomacentridae,Chromis,viridis,37372053,1,AD,Passing,
GX020042_L.MP4,9729,40.6456,YA_COW_Transect 5,0.5394,,13.204,0.053,4977.107,29.306,,,2160.395,1123.402,-4340.767,YA_COW,Peter,Pomacentridae,Chromis,viridis,37372053,1,AD,Passing,
GX020042_L.MP4,9729,40.6456,YA_COW_Transect 5,0.5394,,14.146,0.265,5211.356,30.891,,,2389.816,1200.478,-4472.791,YA_COW,Peter,Pomacentridae,Chromis,viridis,37372053,1,AD,Passing,
GX020042_L.MP4,9729,40.6456,YA_COW_Transect 5,0.5394,,8.794,1.006,3862.772,19.875,,,1195.58,541.167,-3633.006,YA_COW,Peter,Pomacentridae,Chromis,viridis,37372053,1,AD,Passing,
GX020042_L.MP4,9729,40.6456,YA_COW_Transect 5,0.5394,,8.856,9.75,3869.024,19.822,,,1178.757,573.962,-3640.116,YA_COW,Peter,Pomacentridae,Chromis,viridis,37372053,1,AD,Passing,
GX020042_L.MP4,9729,40.6456,YA_COW_Transect 5,0.5394,,9.432,4.735,3997.296,20.299,,,1227.655,642.672,-3749.428,YA_COW,Peter,Pomacentridae,Chromis,viridis,37372053,1,AD,Passing,
GX020042_L.MP4,9752,40.6584,YA_COW_Transect 5,0.5522,,4.508,0.674,2654.303,12.092,,,386.261,-401.503,-2595.172,YA_COW,Peter,Pomacentridae,Amblyglyphidodon,curacao,37372017,1,AD,Passing,
GX020042_L.MP4,9752,40.6584,YA_COW_Transect 5,0.5522,72.135,3.87,3.081,1936.93,22.113,34.792,14.181,637.799,-353.297,-1794.461,YA_COW,Peter,Pomacentridae,Chromis,viridis,37372053,1,AD,Passing,
GX020042_L.MP4,9752,40.6584,YA_COW_Transect 5,0.5522,46.35,3.01,2.274,1920.321,11.116,22.006,13.644,235.327,-285.807,-1884.295,YA_COW,Peter,Pomacentridae,Chromis,viridis,37372053,1,AD,Passing,
GX020042_L.MP4,9752,40.6584,YA_COW_Transect 5,0.5522,,2.939,1.381,2109.086,9.286,,,254.712,-226.906,-2081.317,YA_COW,Peter,Pomacentridae,Chromis,viridis,37372053,1,AD,Passing,
GX020042_L.MP4,9752,40.6584,YA_COW_Transect 5,0.5522,,3.308,0.752,2256.715,7.064,,,219.266,-171.411,-2239.487,YA_COW,Peter,Pomacentridae,Chromis,viridis,37372053,1,AD,Passing,
GX020042_L.MP4,9752,40.6584,YA_COW_Transect 5,0.5522,,3.49,0.642,2322.129,7.838,,,186.859,-257.035,-2300.283,YA_COW,Peter,Pomacentridae,Chromis,viridis,37372053,1,AD,Passing,
GX020042_L.MP4,9752,40.6584,YA_COW_Transect 5,0.5522,,3.634,4.089,2382.601,6.552,,,43.608,-269.742,-2366.881,YA_COW,Peter,Pomacentridae,Chromis,viridis,37372053,1,AD,Passing,
GX020042_L.MP4,9752,40.6584,YA_COW_Transect 5,0.5522,,4.083,4.241,2539.754,7.433,,,-48.082,-326.484,-2518.223,YA_COW,Peter,Pomacentridae,Chromis,viridis,37372053,1,AD,Passing,
GX020042_L.MP4,9752,40.6584,YA_COW_Transect 5,0.5522,,3.06,4.141,2167.922,9.306,,,-200.67,-288.722,-2139.218,YA_COW,Peter,Pomacentridae,Chromis,viridis,37372053,1,AD,Passing,
GX020042_L.MP4,9780,40.674,YA_COW_Transect 5,0.5678,,12.271,1.359,4934.423,31.573,,,2424.078,891.361,-4204.504,YA_COW,Peter,Pomacentridae,Chromis,viridis,37372053,1,AD,Passing,
GX020042_L.MP4,9780,40.674,YA_COW_Transect 5,0.5678,,4.998,10.88,3022.599,29.518,,,1349.436,628.348,-2630.648,YA_COW,Peter,Pomacentridae,Chromis,viridis,37372053,1,AD,Passing,
GX020042_L.MP4,9780,40.674,YA_COW_Transect 5,0.5678,,5.519,16.825,3235.126,32.337,,,1551.984,763.801,-2733.861,YA_COW,Peter,Pomacentridae,Chromis,viridis,37372053,1,AD,Passing,
GX020042_L.MP4,9780,40.674,YA_COW_Transect 5,0.5678,,5.917,16.215,3380.511,33.399,,,1679.323,800.021,-2822.711,YA_COW,Peter,Pomacentridae,Chromis,viridis,37372053,1,AD,Passing,
GX020042_L.MP4,9780,40.674,YA_COW_Transect 5,0.5678,,7.976,3.763,3927.511,32.967,,,1904.065,968.645,-3295.695,YA_COW,Peter,Pomacentridae,Chromis,viridis,37372053,1,AD,Passing,
GX020042_L.MP4,9780,40.674,YA_COW_Transect 5,0.5678,,7.033,6.876,3669.821,32.847,,,1756.997,933.594,-3083.658,YA_COW,Peter,Pomacentridae,Chromis,viridis,37372053,1,AD,Passing,
GX020042_L.MP4,9780,40.674,YA_COW_Transect 5,0.5678,,8.115,3.221,3968.509,33.642,,,1940.828,1030.975,-3304.443,YA_COW,Peter,Pomacentridae,Chromis,viridis,37372053,1,AD,Passing,
GX020042_L.MP4,9780,40.674,YA_COW_Transect 5,0.5678,,8.263,0.536,3988.574,33.39,,,1910.289,1079.314,-3330.855,YA_COW,Peter,Pomacentridae,Chromis,viridis,37372053,1,AD,Passing,
GX020042_L.MP4,9780,40.674,YA_COW_Transect 5,0.5678,,7.329,11.175,3645.218,28.752,,,1514.798,881.215,-3196.319,YA_COW,Peter,Pomacentridae,Chromis,viridis,37372053,1,AD,Passing,
GX020042_L.MP4,9780,40.674,YA_COW_Transect 5,0.5678,,10.316,1.441,4374.668,29.867,,,1874.815,1107.336,-3794.285,YA_COW,Peter,Pomacentridae,Chromis,viridis,37372053,1,AD,Passing,
GX020042_L.MP4,9780,40.674,YA_COW_Transect 5,0.5678,,13.001,17.109,4925.188,30.106,,,2111.556,1279.867,-4261.543,YA_COW,Peter,Pomacentridae,Chromis,viridis,37372053,1,AD,Passing,
GX020042_L.MP4,9780,40.674,YA_COW_Transect 5,0.5678,,6.936,7.014,3460.744,25.498,,,1244.195,817.542,-3124.157,YA_COW,Peter,Pomacentridae,Chromis,viridis,37372053,1,AD,Passing,
GX020042_L.MP4,9780,40.674,YA_COW_Transect 5,0.5678,,7.015,1.394,3442.595,23.824,,,1128.258,810.993,-3149.728,YA_COW,Peter,Pomacentridae,Chromis,viridis,37372053,1,AD,Passing,
GX020042_L.MP4,9780,40.674,YA_COW_Transect 5,0.5678,,8.697,8.103,3854.293,23.582,,,1280.623,856.799,-3532.913,YA_COW,Peter,Pomacentridae,Chromis,viridis,37372053,1,AD,Passing,
GX020042_L.MP4,9780,40.674,YA_COW_Transect 5,0.5678,,6.473,0.439,3281.281,22.293,,,1016.647,716.418,-3036.442,YA_COW,Peter,Pomacentridae,Chromis,viridis,37372053,1,AD,Passing,
GX020042_L.MP4,9780,40.674,YA_COW_Transect 5,0.5678,,6.677,1.02,3340.126,21.966,,,1051.723,672.673,-3098.037,YA_COW,Peter,Pomacentridae,Chromis,viridis,37372053,1,AD,Passing,
GX020042_L.MP4,9780,40.674,YA_COW_Transect 5,0.5678,,5.322,3.34,2965.174,20.946,,,935.191,497.375,-2769.529,YA_COW,Peter,Pomacentridae,Chromis,viridis,37372053,1,AD,Passing,
GX020042_L.MP4,9780,40.674,YA_COW_Transect 5,0.5678,,5.917,4.723,3173.536,23.871,,,1116.975,632.118,-2902.435,YA_COW,Peter,Pomacentridae,Chromis,viridis,37372053,1,AD,Passing,
GX020042_L.MP4,9780,40.674,YA_COW_Transect 5,0.5678,,8.619,3.296,3781.959,20.695,,,1069.524,799.4,-3538.402,YA_COW,Peter,Pomacentridae,Chromis,viridis,37372053,1,AD,Passing,
GX020042_L.MP4,9801,40.6856,YA_COW_Transect 5,0.5795,57.058,1.526,1.446,1569.719,15.262,13.878,1.456,31.423,-412.001,-1514.36,YA_COW,Peter,Pomacentridae,Chromis,viridis,37372053,1,AD,Passing,
GX020042_L.MP4,9809,40.6901,YA_COW_Transect 5,0.5839,67.353,2.982,4.333,1855.635,18.464,22.641,23.029,587.492,-15.667,-1760.11,YA_COW,Peter,Pomacentridae,Chromis,viridis,37372053,1,AD,Passing,
GX020042_L.MP4,9809,40.6901,YA_COW_Transect 5,0.5839,62.619,2.656,2.71,1543.262,15.644,32.95,1.796,377.559,-175.036,-1486.092,YA_COW,Peter,Pomacentridae,Chromis,viridis,37372053,1,AD,Passing,
GX020042_L.MP4,9826,40.6995,YA_COW_Transect 5,0.5934,56.8,1.83,0.747,1371.977,17.946,33.859,30.555,128.748,-402.663,-1305.223,YA_COW,Peter,Pomacentridae,Pomacentrus,callainus,temp_code_004,1,AD,Passing,
GX020042_L.MP4,9828,40.7007,YA_COW_Transect 5,0.5945,,3.911,2.233,2598.593,27.187,,,1046.897,558.712,-2311.825,YA_COW,Peter,Pomacentridae,Chromis,viridis,37372053,1,AD,Passing,
GX020042_L.MP4,9828,40.7007,YA_COW_Transect 5,0.5945,,3.868,14.734,2621.751,30.484,,,1126.145,706.296,-2259.762,YA_COW,Peter,Pomacentridae,Chromis,viridis,37372053,1,AD,Passing,
GX020042_L.MP4,9828,40.7007,YA_COW_Transect 5,0.5945,,5.76,0.637,3265.457,31.248,,,1469.582,840.815,-2792.233,YA_COW,Peter,Pomacentridae,Chromis,viridis,37372053,1,AD,Passing,
GX020042_L.MP4,9828,40.7007,YA_COW_Transect 5,0.5945,,2.953,0.039,2233.076,27.831,,,901.225,522.947,-1975.082,YA_COW,Peter,Pomacentridae,Chromis,viridis,37372053,1,AD,Passing,
GX020042_L.MP4,9828,40.7007,YA_COW_Transect 5,0.5945,,4.673,0.499,2819.33,25.532,,,1039.426,627.999,-2544.372,YA_COW,Peter,Pomacentridae,Chromis,viridis,37372053,1,AD,Passing,
GX020042_L.MP4,9828,40.7007,YA_COW_Transect 5,0.5945,,2.861,3.326,2179.08,27.323,,,832.432,553.355,-1936.297,YA_COW,Peter,Pomacentridae,Chromis,viridis,37372053,1,AD,Passing,
GX020042_L.MP4,9828,40.7007,YA_COW_Transect 5,0.5945,,4.545,4.573,2790.536,24.775,,,1065.546,480.255,-2533.981,YA_COW,Peter,Pomacentridae,Chromis,viridis,37372053,1,AD,Passing,
GX020042_L.MP4,9828,40.7007,YA_COW_Transect 5,0.5945,,4.489,1.113,2733.856,22.644,,,944.965,462.122,-2523.381,YA_COW,Peter,Pomacentridae,Chromis,viridis,37372053,1,AD,Passing,
GX020042_L.MP4,9828,40.7007,YA_COW_Transect 5,0.5945,,5.252,0.094,2944.495,21.391,,,931.77,532.427,-2741.966,YA_COW,Peter,Pomacentridae,Chromis,viridis,37372053,1,AD,Passing,
GX020042_L.MP4,9828,40.7007,YA_COW_Transect 5,0.5945,,3.758,4.415,2436.477,19.836,,,676.369,474.11,-2292.197,YA_COW,Peter,Pomacentridae,Chromis,viridis,37372053,1,AD,Passing,
GX020042_L.MP4,9828,40.7007,YA_COW_Transect 5,0.5945,,6.043,2.819,3177.366,22.523,,,1026.524,652.199,-2935.394,YA_COW,Peter,Pomacentridae,Chromis,viridis,37372053,1,AD,Passing,
GX020042_L.MP4,9828,40.7007,YA_COW_Transect 5,0.5945,,3.917,11.567,2633.287,28.171,,,1136.573,502.374,-2321.643,YA_COW,Peter,Pomacentridae,Chromis,viridis,37372053,1,AD,Passing,
GX020042_L.MP4,9828,40.7007,YA_COW_Transect 5,0.5945,,5.845,4.609,3146.261,23.901,,,1087.863,662.721,-2876.858,YA_COW,Peter,Pomacentridae,Chromis,viridis,37372053,1,AD,Passing,
GX020042_L.MP4,9828,40.7007,YA_COW_Transect 5,0.5945,,4.317,9.92,2659.644,23.247,,,858.499,602.71,-2444.059,YA_COW,Peter,Pomacentridae,Chromis,viridis,37372053,1,AD,Passing,
GX020042_L.MP4,9828,40.7007,YA_COW_Transect 5,0.5945,,7.381,5.132,3498.819,21.126,,,1028.224,728.16,-3264.089,YA_COW,Peter,Pomacentridae,Chromis,viridis,37372053,1,AD,Passing,
GX020042_L.MP4,9828,40.7007,YA_COW_Transect 5,0.5945,,3.787,6.898,2541.501,25.758,,,1000.915,465.595,-2289.239,YA_COW,Peter,Pomacentridae,Chromis,viridis,37372053,1,AD,Passing,
GX020042_L.MP4,9828,40.7007,YA_COW_Transect 5,0.5945,,7.323,4.067,3531.32,24.236,,,1190.105,825.721,-3220.568,YA_COW,Peter,Pomacentridae,Chromis,viridis,37372053,1,AD,Passing,
GX020042_L.MP4,9828,40.7007,YA_COW_Transect 5,0.5945,,6.164,10.506,3190.476,23.162,,,943.158,826.087,-2933.798,YA_COW,Peter,Pomacentridae,Chromis,viridis,37372053,1,AD,Passing,
GX020042_L.MP4,9828,40.7007,YA_COW_Transect 5,0.5945,,5.985,13.914,3123.148,22.045,,,849.383,806.212,-2895.277,YA_COW,Peter,Pomacentridae,Chromis,viridis,37372053,1,AD,Passing,
GX020042_L.MP4,9828,40.7007,YA_COW_Transect 5,0.5945,,8.3,3.225,3665.255,19.726,,,767.985,967.835,-3450.738,YA_COW,Peter,Pomacentridae,Chromis,viridis,37372053,1,AD,Passing,
GX020042_L.MP4,9828,40.7007,YA_COW_Transect 5,0.5945,,7.451,0.531,3463.883,18.699,,,738.25,827.696,-3281.523,YA_COW,Peter,Pomacentridae,Chromis,viridis,37372053,1,AD,Passing,
GX020042_L.MP4,9828,40.7007,YA_COW_Transect 5,0.5945,,7.204,0.543,3414.016,19.107,,,809.768,768.242,-3226.389,YA_COW,Peter,Pomacentridae,Chromis,viridis,37372053,1,AD,Passing,
GX020042_L.MP4,9828,40.7007,YA_COW_Transect 5,0.5945,,6.556,1.584,3246.837,17.99,,,748.636,665.414,-3088.481,YA_COW,Peter,Pomacentridae,Chromis,viridis,37372053,1,AD,Passing,
GX020042_L.MP4,9828,40.7007,YA_COW_Transect 5,0.5945,,3.994,1.89,2503.244,19.044,,,614.516,536.681,-2366.553,YA_COW,Peter,Pomacentridae,Chromis,viridis,37372053,1,AD,Passing,
GX020042_L.MP4,9844,40.7096,YA_COW_Transect 5,0.6034,68.904,2.684,7.579,1339.562,23.096,77.419,9.846,407.893,-331.27,-1232.197,YA_COW,Peter,Pomacentridae,Amblyglyphidodon,curacao,37372017,1,AD,Passing,
GX020042_L.MP4,9883,40.7312,YA_COW_Transect 5,0.6251,,5.58,3.923,3081.011,22.481,,,1086.892,452.891,-2847.136,YA_COW,Peter,Pomacentridae,Chromis,viridis,37372053,1,AD,Passing,
GX020042_L.MP4,9883,40.7312,YA_COW_Transect 5,0.6251,,4.191,0.604,2680.967,23.742,,,1038.883,291.537,-2454.244,YA_COW,Peter,Pomacentridae,Chromis,viridis,37372053,1,AD,Passing,
GX020042_L.MP4,9883,40.7312,YA_COW_Transect 5,0.6251,,4.65,10.138,2905.551,28.984,,,1290.371,561.673,-2541.986,YA_COW,Peter,Pomacentridae,Chromis,viridis,37372053,1,AD,Passing,
GX020042_L.MP4,9883,40.7312,YA_COW_Transect 5,0.6251,,8.433,8.256,3922.935,26.842,,,1626.42,699.685,-3500.66,YA_COW,Peter,Pomacentridae,Chromis,viridis,37372053,1,AD,Passing,
GX020042_L.MP4,9883,40.7312,YA_COW_Transect 5,0.6251,,4.288,6.26,2768.205,27.365,,,1198.644,425.537,-2458.684,YA_COW,Peter,Pomacentridae,Chromis,viridis,37372053,1,AD,Passing,
GX020042_L.MP4,9883,40.7312,YA_COW_Transect 5,0.6251,,5.084,3.954,2875.176,17.394,,,804.541,300.799,-2743.878,YA_COW,Peter,Pomacentridae,Chromis,viridis,37372053,1,AD,Passing,
GX020042_L.MP4,9883,40.7312,YA_COW_Transect 5,0.6251,,19.034,8.9,5641.259,15.328,,,1210.065,868.301,-5441.103,YA_COW,Peter,Pomacentridae,Chromis,viridis,37372053,1,AD,Passing,
GX020042_L.MP4,9883,40.7312,YA_COW_Transect 5,0.6251,,8.166,0.462,3622.011,16.29,,,615.891,805.935,-3477.083,YA_COW,Peter,Pomacentridae,Chromis,viridis,37372053,1,AD,Passing,
GX020042_L.MP4,9883,40.7312,YA_COW_Transect 5,0.6251,,7.163,1.961,3385.441,13.812,,,466.62,658.023,-3287.93,YA_COW,Peter,Pomacentridae,Chromis,viridis,37372053,1,AD,Passing,
GX020042_L.MP4,9883,40.7312,YA_COW_Transect 5,0.6251,,8.094,4.391,3613.174,12.87,,,455.649,661.339,-3522.789,YA_COW,Peter,Pomacentridae,Chromis,viridis,37372053,1,AD,Passing,
GX020042_L.MP4,9886,40.7329,YA_COW_Transect 5,0.6267,58.164,2.176,1.233,1570.954,20.369,30.261,36.194,337.03,-430.586,-1472.719,YA_COW,Peter,Pomacentridae,Chrysiptera,glauca,37372062,1,AD,Passing,
GX020042_L.MP4,9886,40.7329,YA_COW_Transect 5,0.6267,67.358,4.793,3.379,1818.098,14.855,60.088,24.511,318.866,-339.957,-1757.338,YA_COW,Peter,Pomacentridae,Chromis,viridis,37372053,1,AD,Passing,
GX020042_L.MP4,9886,40.7329,YA_COW_Transect 5,0.6267,65.145,5.008,0.602,1917.593,15.473,65.164,34.686,439.263,-262.239,-1848.091,YA_COW,Peter,Pomacentridae,Chromis,viridis,37372053,1,AD,Passing,
GX020042_L.MP4,9886,40.7329,YA_COW_Transect 5,0.6267,,3.918,0.172,2473.084,18.596,,,567.579,-548.92,-2343.648,YA_COW,Peter,Pomacentridae,Chromis,viridis,37372053,1,AD,Passing,
GX020042_L.MP4,9886,40.7329,YA_COW_Transect 5,0.6267,,2.32,0.361,1848.541,11.894,,,302.908,-232.113,-1808.722,YA_COW,Peter,Pomacentridae,Chromis,viridis,37372053,1,AD,Passing,
GX020042_L.MP4,9940,40.7629,YA_COW_Transect 5,0.6568,70.942,3.146,0.87,1529.471,19.872,59.302,24.299,176.845,-488.894,-1438.399,YA_COW,Peter,Pomacentridae,Chromis,viridis,37372053,1,AD,Passing,
GX020042_L.MP4,10007,40.8002,YA_COW_Transect 5,0.694,,4.516,6.465,2704.663,23.577,,,759.597,768.855,-2479.33,YA_COW,Peter,Pomacentridae,Chromis,viridis,37372053,1,AD,Passing,
GX020042_L.MP4,10007,40.8002,YA_COW_Transect 5,0.694,,4.23,2.901,2604.249,21.727,,,740.743,615.618,-2419.593,YA_COW,Peter,Pomacentridae,Chromis,viridis,37372053,1,AD,Passing,
GX020042_L.MP4,10007,40.8002,YA_COW_Transect 5,0.694,,4.047,2.584,2533.599,20.282,,,689.018,543.165,-2376.836,YA_COW,Peter,Pomacentridae,Chromis,viridis,37372053,1,AD,Passing,
GX020042_L.MP4,10007,40.8002,YA_COW_Transect 5,0.694,,4.89,0.786,2785.967,18.665,,,670.735,585.865,-2639.79,YA_COW,Peter,Pomacentridae,Chromis,viridis,37372053,1,AD,Passing,
GX020042_L.MP4,10007,40.8002,YA_COW_Transect 5,0.694,,4.04,6.033,2597.37,24.657,,,933.019,549.63,-2360.871,YA_COW,Peter,Pomacentridae,Chromis,viridis,37372053,1,AD,Passing,
GX020042_L.MP4,10007,40.8002,YA_COW_Transect 5,0.694,,4.036,2.788,2587.607,23.853,,,909.163,516.644,-2366.899,YA_COW,Peter,Pomacentridae,Chromis,viridis,37372053,1,AD,Passing,
GX020042_L.MP4,10007,40.8002,YA_COW_Transect 5,0.694,,3.405,12.583,2414.324,26.896,,,985.57,469.413,-2153.431,YA_COW,Peter,Pomacentridae,Chromis,viridis,37372053,1,AD,Passing,
GX020042_L.MP4,10007,40.8002,YA_COW_Transect 5,0.694,,3.286,2.296,2352.616,25.742,,,928.263,425.802,-2119.391,YA_COW,Peter,Pomacentridae,Chromis,viridis,37372053,1,AD,Passing,
GX020042_L.MP4,10007,40.8002,YA_COW_Transect 5,0.694,,3.537,1.921,2451.902,27.561,,,954.059,612.611,-2174.006,YA_COW,Peter,Pomacentridae,Chromis,viridis,37372053,1,AD,Passing,
GX020042_L.MP4,10007,40.8002,YA_COW_Transect 5,0.694,,4.511,7.217,2733.197,24.609,,,901.675,693.111,-2485.346,YA_COW,Peter,Pomacentridae,Chromis,viridis,37372053,1,AD,Passing,
GX020042_L.MP4,10007,40.8002,YA_COW_Transect 5,0.694,,7.231,6.055,3622.264,29.326,,,1507.276,933.895,-3158.601,YA_COW,Peter,Pomacentridae,Chromis,viridis,37372053,1,AD,Passing,
GX020042_L.MP4,10007,40.8002,YA_COW_Transect 5,0.694,,4.085,13.004,2694.187,29.223,,,1157.849,622.666,-2351.663,YA_COW,Peter,Pomacentridae,Chromis,viridis,37372053,1,AD,Passing,
GX020042_L.MP4,10007,40.8002,YA_COW_Transect 5,0.694,,10.637,2.404,4567.274,31.926,,,2223.116,941.868,-3876.935,YA_COW,Peter,Pomacentridae,Chromis,viridis,37372053,1,AD,Passing,
GX020042_L.MP4,10007,40.8002,YA_COW_Transect 5,0.694,,6.274,9.567,3251.811,26.326,,,1009.643,1028.011,-2915.148,YA_COW,Peter,Pomacentridae,Chromis,viridis,37372053,1,AD,Passing,
GX020042_L.MP4,10007,40.8002,YA_COW_Transect 5,0.694,,5.921,2.258,3115.554,24.116,,,814.643,976.472,-2844.211,YA_COW,Peter,Pomacentridae,Chromis,viridis,37372053,1,AD,Passing,
GX020042_L.MP4,10007,40.8002,YA_COW_Transect 5,0.694,,5.521,5.453,2992.631,23.227,,,737.426,919.87,-2750.615,YA_COW,Peter,Pomacentridae,Chromis,viridis,37372053,1,AD,Passing,
GX020042_L.MP4,10007,40.8002,YA_COW_Transect 5,0.694,,6.022,7.054,3186.906,26.861,,,977.986,1055.197,-2843.672,YA_COW,Peter,Pomacentridae,Chromis,viridis,37372053,1,AD,Passing,
GX020042_L.MP4,10007,40.8002,YA_COW_Transect 5,0.694,,4.529,2.409,2692.374,21.809,,,707.994,705.12,-2500.086,YA_COW,Peter,Pomacentridae,Chromis,viridis,37372053,1,AD,Passing,
GX020042_L.MP4,10007,40.8002,YA_COW_Transect 5,0.694,,5.078,1.405,2833.95,19.572,,,543.359,776.934,-2670.657,YA_COW,Peter,Pomacentridae,Chromis,viridis,37372053,1,AD,Passing,
GX020042_L.MP4,10007,40.8002,YA_COW_Transect 5,0.694,,4.884,4.037,2775.916,18.568,,,595.507,651.693,-2631.801,YA_COW,Peter,Pomacentridae,Chromis,viridis,37372053,1,AD,Passing,
GX020042_L.MP4,10007,40.8002,YA_COW_Transect 5,0.694,,4.953,0.771,2791.275,18.239,,,503.778,712.185,-2651.456,YA_COW,Peter,Pomacentridae,Chromis,viridis,37372053,1,AD,Passing,
GX020042_L.MP4,10007,40.8002,YA_COW_Transect 5,0.694,,6.091,4.629,3118.492,19.152,,,418.845,931.715,-2946.433,YA_COW,Peter,Pomacentridae,Chromis,viridis,37372053,1,AD,Passing,
GX020042_L.MP4,10007,40.8002,YA_COW_Transect 5,0.694,,8.857,2.214,3819.035,23.455,,,800.783,1290.039,-3504.223,YA_COW,Peter,Pomacentridae,Chromis,viridis,37372053,1,AD,Passing,
GX020042_L.MP4,10007,40.8002,YA_COW_Transect 5,0.694,,6.275,1.995,3164.374,19.218,,,512.707,904.924,-2988.562,YA_COW,Peter,Pomacentridae,Chromis,viridis,37372053,1,AD,Passing,
GX020042_L.MP4,10007,40.8002,YA_COW_Transect 5,0.694,,6.925,4.601,3335.368,20.097,,,580.635,986.252,-3132.866,YA_COW,Peter,Pomacentridae,Chromis,viridis,37372053,1,AD,Passing,
GX020042_L.MP4,10007,40.8002,YA_COW_Transect 5,0.694,,7.572,2.725,3497.474,20.7,,,655.729,1046.107,-3272.308,YA_COW,Peter,Pomacentridae,Chromis,viridis,37372053,1,AD,Passing,
GX020042_L.MP4,10007,40.8002,YA_COW_Transect 5,0.694,,5.525,5.857,2977.435,21.926,,,600.555,934.013,-2762.62,YA_COW,Peter,Pomacentridae,Chromis,viridis,37372053,1,AD,Passing,
GX020042_L.MP4,10007,40.8002,YA_COW_Transect 5,0.694,,6.244,7.101,3177.129,22.366,,,619.022,1036.747,-2938.727,YA_COW,Peter,Pomacentridae,Chromis,viridis,37372053,1,AD,Passing,
GX020042_L.MP4,10007,40.8002,YA_COW_Transect 5,0.694,,6.235,1.032,3180.173,22.944,,,651.238,1053.181,-2929.198,YA_COW,Peter,Pomacentridae,Chromis,viridis,37372053,1,AD,Passing,
GX020042_L.MP4,10007,40.8002,YA_COW_Transect 5,0.694,,6.595,8.105,3279.627,23.395,,,725.448,1079.673,-3010.646,YA_COW,Peter,Pomacentridae,Chromis,viridis,37372053,1,AD,Passing,
GX020042_L.MP4,10007,40.8002,YA_COW_Transect 5,0.694,,6.059,6.167,3102.344,13.582,,,340.19,642.496,-3015.959,YA_COW,Peter,Pomacentridae,Chromis,viridis,37372053,1,AD,Passing,
GX020042_L.MP4,10007,40.8002,YA_COW_Transect 5,0.694,,8.367,0.025,3671.412,17.88,,,509.912,1003.211,-3494.685,YA_COW,Peter,Pomacentridae,Chromis,viridis,37372053,1,AD,Passing,
GX020042_L.MP4,10055,40.8269,YA_COW_Transect 5,0.7207,55.064,4.163,4.533,2359.43,19.674,17.721,16.151,680.177,410.31,-2221.692,YA_COW,Peter,Pomacentridae,Chromis,viridis,37372053,1,AD,Passing,
GX020042_L.MP4,10055,40.8269,YA_COW_Transect 5,0.7207,,8.318,15.717,3795.772,24.473,,,1345.082,812.498,-3455.212,YA_COW,Peter,Pomacentridae,Chromis,viridis,37372053,1,AD,Passing,
GX020042_L.MP4,10055,40.8269,YA_COW_Transect 5,0.7207,,3.037,6.13,2210.98,23.756,,,756.14,469.501,-2023.92,YA_COW,Peter,Pomacentridae,Chromis,viridis,37372053,1,AD,Passing,
GX020042_L.MP4,10125,40.8658,YA_COW_Transect 5,0.7596,,6.042,1.446,3162.343,7.621,,,-401.027,120.824,-3134.485,YA_COW,Peter,Pomacentridae,Chromis,viridis,37372053,1,AD,Passing,
GX020042_L.MP4,10125,40.8658,YA_COW_Transect 5,0.7596,,6.284,0.778,3222.714,9.136,,,-459.531,223.238,-3181.962,YA_COW,Peter,Pomacentridae,Chromis,viridis,37372053,1,AD,Passing,
GX020042_L.MP4,10125,40.8658,YA_COW_Transect 5,0.7596,,6.618,1.042,3312.207,10.098,,,-517.372,261.898,-3261.05,YA_COW,Peter,Pomacentridae,Chromis,viridis,37372053,1,AD,Passing,
GX020042_L.MP4,10125,40.8658,YA_COW_Transect 5,0.7596,,8.689,4.668,3850.959,13.72,,,-848.661,335.492,-3741.271,YA_COW,Peter,Pomacentridae,Chromis,viridis,37372053,1,AD,Passing,
GX020042_L.MP4,10125,40.8658,YA_COW_Transect 5,0.7596,,7.591,2.491,3640.357,15.631,,,-978.278,69.345,-3505.761,YA_COW,Peter,Pomacentridae,Chromis,viridis,37372053,1,AD,Passing,
GX020042_L.MP4,10125,40.8658,YA_COW_Transect 5,0.7596,,6.869,9.264,3389.923,10.35,,,-579.853,184.236,-3334.877,YA_COW,Peter,Pomacentridae,Chromis,viridis,37372053,1,AD,Passing,
GX020042_L.MP4,10125,40.8658,YA_COW_Transect 5,0.7596,,7.258,1.929,3489.993,6.33,,,-340.84,176.558,-3468.819,YA_COW,Peter,Pomacentridae,Chromis,viridis,37372053,1,AD,Passing,
GX020042_L.MP4,10125,40.8658,YA_COW_Transect 5,0.7596,,5.877,9.859,3126.953,11.012,,,-592.248,75.557,-3069.425,YA_COW,Peter,Pomacentridae,Chromis,viridis,37372053,1,AD,Passing,
GX020042_L.MP4,10125,40.8658,YA_COW_Transect 5,0.7596,,8.345,0.726,3703.373,12.131,,,-391.345,670.613,-3621.063,YA_COW,Peter,Pomacentridae,Chromis,viridis,37372053,1,AD,Passing,
GX020042_L.MP4,10125,40.8658,YA_COW_Transect 5,0.7596,,10.683,2.35,4222.163,11.98,,,-554.291,676.467,-4130.595,YA_COW,Peter,Pomacentridae,Chromis,viridis,37372053,1,AD,Passing,
GX020042_L.MP4,10125,40.8658,YA_COW_Transect 5,0.7596,,9.711,5.942,4009.284,12.766,,,-505.862,725.029,-3910.601,YA_COW,Peter,Pomacentridae,Chromis,viridis,37372053,1,AD,Passing,
GX020042_L.MP4,10125,40.8658,YA_COW_Transect 5,0.7596,,8.799,0.346,3825.513,9.932,,,-404.525,519.047,-3768.488,YA_COW,Peter,Pomacentridae,Chromis,viridis,37372053,1,AD,Passing,
GX020042_L.MP4,10125,40.8658,YA_COW_Transect 5,0.7596,,5.002,4.556,2861.268,12.106,,,-567.34,-197.124,-2797.521,YA_COW,Peter,Pomacentridae,Chromis,viridis,37372053,1,AD,Passing,
GX020042_L.MP4,10125,40.8658,YA_COW_Transect 5,0.7596,,8.665,1.386,3947.841,17.84,,,-1205.327,-102.441,-3757.943,YA_COW,Peter,Pomacentridae,Chromis,viridis,37372053,1,AD,Passing,
GX020042_L.MP4,10125,40.8658,YA_COW_Transect 5,0.7596,,16.027,2.657,5476.061,19.343,,,-1785.638,315.101,-5167.152,YA_COW,Peter,Pomacentridae,Chromis,viridis,37372053,1,AD,Passing,
GX020042_L.MP4,10125,40.8658,YA_COW_Transect 5,0.7596,,15.013,3.398,5282.923,18.353,,,-1652.581,186.826,-5014.314,YA_COW,Peter,Pomacentridae,Chromis,viridis,37372053,1,AD,Passing,
GX020042_L.MP4,10125,40.8658,YA_COW_Transect 5,0.7596,,7.476,1.339,3686.638,19.518,,,-1231.718,-2.555,-3474.79,YA_COW,Peter,Pomacentridae,Chromis,viridis,37372053,1,AD,Passing,
GX020042_L.MP4,10125,40.8658,YA_COW_Transect 5,0.7596,,11.691,2.691,4673.975,19.43,,,-1554.795,-12.392,-4407.777,YA_COW,Peter,Pomacentridae,Chromis,viridis,37372053,1,AD,Passing,
GX020042_L.MP4,10125,40.8658,YA_COW_Transect 5,0.7596,,7.618,0.538,3765.275,21.246,,,-1363.99,33.473,-3509.374,YA_COW,Peter,Pomacentridae,Chromis,viridis,37372053,1,AD,Passing,
GX020042_L.MP4,10125,40.8658,YA_COW_Transect 5,0.7596,,6.813,1.953,3480.396,18.217,,,-1087.997,9.097,-3305.955,YA_COW,Peter,Pomacentridae,Chromis,viridis,37372053,1,AD,Passing,
GX020042_L.MP4,10125,40.8658,YA_COW_Transect 5,0.7596,,17.102,0.026,5726.974,21.19,,,-2040.515,345.302,-5339.971,YA_COW,Peter,Pomacentridae,Chromis,viridis,37372053,1,AD,Passing,
GX020042_L.MP4,10125,40.8658,YA_COW_Transect 5,0.7596,,13.549,0.089,5119.948,22.687,,,-1943.853,345.142,-4724,YA_COW,Peter,Pomacentridae,Chromis,viridis,37372053,1,AD,Passing,
GX020042_L.MP4,10125,40.8658,YA_COW_Transect 5,0.7596,,13.299,1.997,5023.787,20.786,,,-1766.763,236.286,-4696.93,YA_COW,Peter,Pomacentridae,Chromis,viridis,37372053,1,AD,Passing,
GX020042_L.MP4,10125,40.8658,YA_COW_Transect 5,0.7596,,17.095,4.559,5816.473,23.211,,,-2271.573,304.903,-5345.873,YA_COW,Peter,Pomacentridae,Chromis,viridis,37372053,1,AD,Passing,
GX020042_L.MP4,10125,40.8658,YA_COW_Transect 5,0.7596,,9.929,4.723,4506.125,26.624,,,-2014.027,143.987,-4028.415,YA_COW,Peter,Pomacentridae,Chromis,viridis,37372053,1,AD,Passing,
GX020042_L.MP4,10125,40.8658,YA_COW_Transect 5,0.7596,,13.81,2.683,5304.21,25.525,,,-2272.965,237.417,-4786.638,YA_COW,Peter,Pomacentridae,Chromis,viridis,37372053,1,AD,Passing,
GX020042_L.MP4,10125,40.8658,YA_COW_Transect 5,0.7596,,8.809,2.351,4247.717,27.377,,,-1943.869,189.165,-3772.094,YA_COW,Peter,Pomacentridae,Chromis,viridis,37372053,1,AD,Passing,
GX020042_L.MP4,10125,40.8658,YA_COW_Transect 5,0.7596,,7.421,1.574,3858.887,26.446,,,-1717.748,-55.449,-3455.036,YA_COW,Peter,Pomacentridae,Chromis,viridis,37372053,1,AD,Passing,
GX020042_L.MP4,10125,40.8658,YA_COW_Transect 5,0.7596,,7.684,1.244,3899.5,25.412,,,-1671.878,-72.881,-3522.16,YA_COW,Peter,Pomacentridae,Chromis,viridis,37372053,1,AD,Passing,
GX020042_L.MP4,10125,40.8658,YA_COW_Transect 5,0.7596,,8.176,6.909,3972.711,23.497,,,-1582.356,-72.598,-3643.256,YA_COW,Peter,Pomacentridae,Chromis,viridis,37372053,1,AD,Passing,
GX020042_L.MP4,10125,40.8658,YA_COW_Transect 5,0.7596,,12.147,1.422,4875.351,22.968,,,-1896.57,-151.775,-4488.768,YA_COW,Peter,Pomacentridae,Chromis,viridis,37372053,1,AD,Passing,
GX020042_L.MP4,10125,40.8658,YA_COW_Transect 5,0.7596,,8.203,5.349,3982.677,23.829,,,-1601.171,-160.788,-3643.091,YA_COW,Peter,Pomacentridae,Chromis,viridis,37372053,1,AD,Passing,
GX020042_L.MP4,10125,40.8658,YA_COW_Transect 5,0.7596,,10.167,5.106,4573.247,27.367,,,-2084.594,-274.335,-4061.255,YA_COW,Peter,Pomacentridae,Chromis,viridis,37372053,1,AD,Passing,
GX020042_L.MP4,10125,40.8658,YA_COW_Transect 5,0.7596,,11.952,6.53,4969.103,26.922,,,-2236.491,-247.983,-4430.418,YA_COW,Peter,Pomacentridae,Chromis,viridis,37372053,1,AD,Passing,
GX020042_L.MP4,10125,40.8658,YA_COW_Transect 5,0.7596,,9.937,6.115,4332.407,21.935,,,-1592.856,-288.705,-4018.608,YA_COW,Peter,Pomacentridae,Chromis,viridis,37372053,1,AD,Passing,
GX020042_L.MP4,10125,40.8658,YA_COW_Transect 5,0.7596,,6.908,4.324,3539.13,20.379,,,-1216.263,-200.902,-3317.497,YA_COW,Peter,Pomacentridae,Chromis,viridis,37372053,1,AD,Passing,
GX020042_L.MP4,10125,40.8658,YA_COW_Transect 5,0.7596,,6.95,2.711,3611.617,22.683,,,-1382.814,-167.985,-3332.174,YA_COW,Peter,Pomacentridae,Chromis,viridis,37372053,1,AD,Passing,
GX020042_L.MP4,10125,40.8658,YA_COW_Transect 5,0.7596,,6.052,7.56,3151.689,23.942,,,843.16,960.052,-2881.063,YA_COW,Peter,Pomacentridae,Chromis,viridis,37372053,1,AD,Passing,
GX020042_L.MP4,10125,40.8658,YA_COW_Transect 5,0.7596,,5.504,4.222,3031.399,25.875,,,929.377,939.921,-2728.037,YA_COW,Peter,Pomacentridae,Chromis,viridis,37372053,1,AD,Passing,
GX020042_L.MP4,10125,40.8658,YA_COW_Transect 5,0.7596,,6.852,5.929,3372.33,23.958,,,974.384,960.421,-3082.333,YA_COW,Peter,Pomacentridae,Chromis,viridis,37372053,1,AD,Passing,
GX020042_L.MP4,10125,40.8658,YA_COW_Transect 5,0.7596,,4.831,8.074,2841.667,25.766,,,938.058,802.166,-2559.619,YA_COW,Peter,Pomacentridae,Chromis,viridis,37372053,1,AD,Passing,
GX020042_L.MP4,10125,40.8658,YA_COW_Transect 5,0.7596,,4.333,9.88,2648.308,23.181,,,775.959,694.713,-2434.912,YA_COW,Peter,Pomacentridae,Chromis,viridis,37372053,1,AD,Passing,
GX020042_L.MP4,10125,40.8658,YA_COW_Transect 5,0.7596,,3.585,2.523,2421.518,25.077,,,806.979,632.837,-2193.639,YA_COW,Peter,Pomacentridae,Chromis,viridis,37372053,1,AD,Passing,
GX020042_L.MP4,10125,40.8658,YA_COW_Transect 5,0.7596,,4.918,4.398,2884.165,26.442,,,1002.267,801.564,-2582.898,YA_COW,Peter,Pomacentridae,Chromis,viridis,37372053,1,AD,Passing,
GX020042_L.MP4,10125,40.8658,YA_COW_Transect 5,0.7596,,3.876,3.388,2548.329,26.571,,,911.463,683.156,-2279.587,YA_COW,Peter,Pomacentridae,Chromis,viridis,37372053,1,AD,Passing,
GX020042_L.MP4,10125,40.8658,YA_COW_Transect 5,0.7596,,4.512,1.495,2770.778,26.548,,,1018.722,702.714,-2479.034,YA_COW,Peter,Pomacentridae,Chromis,viridis,37372053,1,AD,Passing,
GX020042_L.MP4,10125,40.8658,YA_COW_Transect 5,0.7596,,4.583,1.754,2822.273,28.822,,,1089.608,813.375,-2473.136,YA_COW,Peter,Pomacentridae,Chromis,viridis,37372053,1,AD,Passing,
GX020042_L.MP4,10125,40.8658,YA_COW_Transect 5,0.7596,,3.361,3.324,2371.66,26.214,,,900.281,534.454,-2128.056,YA_COW,Peter,Pomacentridae,Chromis,viridis,37372053,1,AD,Passing,
GX020042_L.MP4,10125,40.8658,YA_COW_Transect 5,0.7596,,5.256,4.665,2966.897,23.803,,,1002.659,653.036,-2714.903,YA_COW,Peter,Pomacentridae,Chromis,viridis,37372053,1,AD,Passing,
GX020042_L.MP4,10125,40.8658,YA_COW_Transect 5,0.7596,,4.547,1.683,2726.298,22.975,,,850.449,638.186,-2510.41,YA_COW,Peter,Pomacentridae,Chromis,viridis,37372053,1,AD,Passing,
GX020042_L.MP4,10125,40.8658,YA_COW_Transect 5,0.7596,,6.543,3.986,3269.739,21.756,,,882.929,828.405,-3037.331,YA_COW,Peter,Pomacentridae,Chromis,viridis,37372053,1,AD,Passing,
GX020042_L.MP4,10125,40.8658,YA_COW_Transect 5,0.7596,,4.549,2.157,2700.412,21.244,,,739.11,639.692,-2517.288,YA_COW,Peter,Pomacentridae,Chromis,viridis,37372053,1,AD,Passing,
GX020042_L.MP4,10125,40.8658,YA_COW_Transect 5,0.7596,,5.748,0.363,3051.386,21.914,,,789.593,818.96,-2831.396,YA_COW,Peter,Pomacentridae,Chromis,viridis,37372053,1,AD,Passing,
GX020042_L.MP4,10125,40.8658,YA_COW_Transect 5,0.7596,,6.23,7.613,3166.303,21.064,,,701.062,894.662,-2955.261,YA_COW,Peter,Pomacentridae,Chromis,viridis,37372053,1,AD,Passing,
GX020042_L.MP4,10125,40.8658,YA_COW_Transect 5,0.7596,,5.024,1.387,2820.91,18.731,,,634.699,644.769,-2671.884,YA_COW,Peter,Pomacentridae,Chromis,viridis,37372053,1,AD,Passing,
GX020042_L.MP4,10125,40.8658,YA_COW_Transect 5,0.7596,,8.683,4.153,3756.173,18.733,,,852.629,851.297,-3557.689,YA_COW,Peter,Pomacentridae,Chromis,viridis,37372053,1,AD,Passing,
GX020042_L.MP4,10125,40.8658,YA_COW_Transect 5,0.7596,,7.531,1.52,3496.213,20.923,,,804.557,952.828,-3266.238,YA_COW,Peter,Pomacentridae,Chromis,viridis,37372053,1,AD,Passing,
GX020042_L.MP4,10125,40.8658,YA_COW_Transect 5,0.7596,,5.206,6.011,3014.15,29.002,,,1141.168,911.352,-2636.716,YA_COW,Peter,Pomacentridae,Chromis,viridis,37372053,1,AD,Passing,
GX020042_L.MP4,10125,40.8658,YA_COW_Transect 5,0.7596,,3.674,3.895,2527.449,29.935,,,1017.168,744.413,-2190.711,YA_COW,Peter,Pomacentridae,Chromis,viridis,37372053,1,AD,Passing,
GX020042_L.MP4,10125,40.8658,YA_COW_Transect 5,0.7596,,5.714,5.247,3213.496,31.252,,,1331.533,1001.652,-2747.775,YA_COW,Peter,Pomacentridae,Chromis,viridis,37372053,1,AD,Passing,
GX020042_L.MP4,10125,40.8658,YA_COW_Transect 5,0.7596,,3.784,2.704,2561.904,28.684,,,1039.328,655.817,-2247.9,YA_COW,Peter,Pomacentridae,Chromis,viridis,37372053,1,AD,Passing,
GX020042_L.MP4,10125,40.8658,YA_COW_Transect 5,0.7596,,3.574,5.614,2489.231,28.263,,,1031.714,568.692,-2192.813,YA_COW,Peter,Pomacentridae,Chromis,viridis,37372053,1,AD,Passing,
GX020042_L.MP4,10125,40.8658,YA_COW_Transect 5,0.7596,,4.094,1.605,2710.804,29.805,,,1194.669,621.736,-2352.588,YA_COW,Peter,Pomacentridae,Chromis,viridis,37372053,1,AD,Passing,
GX020042_L.MP4,10125,40.8658,YA_COW_Transect 5,0.7596,,3.717,7.478,2570.382,30.658,,,1113.606,689.88,-2211.518,YA_COW,Peter,Pomacentridae,Chromis,viridis,37372053,1,AD,Passing,
GX020042_L.MP4,10125,40.8658,YA_COW_Transect 5,0.7596,,2.288,0.333,1963.32,29.989,,,842.291,502.575,-1700.761,YA_COW,Peter,Pomacentridae,Chromis,viridis,37372053,1,AD,Passing,
GX020042_L.MP4,10125,40.8658,YA_COW_Transect 5,0.7596,,3.636,0.164,2543.403,31.362,,,1099.217,736.226,-2172.232,YA_COW,Peter,Pomacentridae,Chromis,viridis,37372053,1,AD,Passing,
GX020042_L.MP4,10125,40.8658,YA_COW_Transect 5,0.7596,,4.132,1.13,2742.149,32.644,,,1222.083,832.01,-2309.47,YA_COW,Peter,Pomacentridae,Chromis,viridis,37372053,1,AD,Passing,
GX020042_L.MP4,10125,40.8658,YA_COW_Transect 5,0.7596,,7.33,0.502,3711.889,32.981,,,1679.618,1121.46,-3114.375,YA_COW,Peter,Pomacentridae,Chromis,viridis,37372053,1,AD,Passing,
GX020042_L.MP4,10125,40.8658,YA_COW_Transect 5,0.7596,,3.186,9.328,2388.954,32.278,,,1086.022,668.235,-2020.178,YA_COW,Peter,Pomacentridae,Chromis,viridis,37372053,1,AD,Passing,
GX020042_L.MP4,10125,40.8658,YA_COW_Transect 5,0.7596,,2.565,11.028,2099.13,29.314,,,931.121,433.928,-1830.592,YA_COW,Peter,Pomacentridae,Chromis,viridis,37372053,1,AD,Passing,
GX020042_L.MP4,10125,40.8658,YA_COW_Transect 5,0.7596,,2.591,1.655,2117.325,29.452,,,954.896,413.647,-1843.946,YA_COW,Peter,Pomacentridae,Chromis,viridis,37372053,1,AD,Passing,
GX020042_L.MP4,10125,40.8658,YA_COW_Transect 5,0.7596,,5.433,1.948,2981.607,23.129,,,857.289,796.341,-2742.422,YA_COW,Peter,Pomacentridae,Chromis,viridis,37372053,1,AD,Passing,
GX020042_L.MP4,10125,40.8658,YA_COW_Transect 5,0.7596,,8.175,3.411,3643.61,17.975,,,307.015,1079.664,-3466.405,YA_COW,Peter,Pomacentridae,Chromis,viridis,37372053,1,AD,Passing,
GX020042_L.MP4,10125,40.8658,YA_COW_Transect 5,0.7596,,9.34,2.957,3911.47,16.568,,,213.113,1092.61,-3749.717,YA_COW,Peter,Pomacentridae,Chromis,viridis,37372053,1,AD,Passing,
GX020042_L.MP4,10125,40.8658,YA_COW_Transect 5,0.7596,,7.182,8.625,3393.471,18.432,,,474.748,960.311,-3219.947,YA_COW,Peter,Pomacentridae,Chromis,viridis,37372053,1,AD,Passing,
GX020042_L.MP4,10125,40.8658,YA_COW_Transect 5,0.7596,,7.939,2.733,3574.541,18.867,,,562.726,1007.708,-3383.077,YA_COW,Peter,Pomacentridae,Chromis,viridis,37372053,1,AD,Passing,
GX020042_L.MP4,10125,40.8658,YA_COW_Transect 5,0.7596,,8.726,1.076,3756.583,19.52,,,624.683,1086.645,-3541.312,YA_COW,Peter,Pomacentridae,Chromis,viridis,37372053,1,AD,Passing,
GX020042_L.MP4,10125,40.8658,YA_COW_Transect 5,0.7596,,7.454,1.975,3468.961,20.648,,,653.936,1031.89,-3246.731,YA_COW,Peter,Pomacentridae,Chromis,viridis,37372053,1,AD,Passing,
GX020042_L.MP4,10125,40.8658,YA_COW_Transect 5,0.7596,,9.721,6.417,3978.133,20.56,,,706.189,1203.265,-3725.452,YA_COW,Peter,Pomacentridae,Chromis,viridis,37372053,1,AD,Passing,
GX020042_L.MP4,10125,40.8658,YA_COW_Transect 5,0.7596,,6.822,3.22,3309.817,20.034,,,650.073,927.208,-3110.077,YA_COW,Peter,Pomacentridae,Chromis,viridis,37372053,1,AD,Passing,
GX020042_L.MP4,10125,40.8658,YA_COW_Transect 5,0.7596,,7.227,2.239,3400.051,16.912,,,460.837,873.288,-3253.513,YA_COW,Peter,Pomacentridae,Chromis,viridis,37372053,1,AD,Passing,
GX020042_L.MP4,10125,40.8658,YA_COW_Transect 5,0.7596,,7.218,4.905,3398.76,16.752,,,432.181,877.202,-3255.044,YA_COW,Peter,Pomacentridae,Chromis,viridis,37372053,1,AD,Passing,
GX020042_L.MP4,10125,40.8658,YA_COW_Transect 5,0.7596,,5.83,0.545,3036.856,16.191,,,422.491,732.181,-2916.831,YA_COW,Peter,Pomacentridae,Chromis,viridis,37372053,1,AD,Passing,
GX020042_L.MP4,10125,40.8658,YA_COW_Transect 5,0.7596,,5.51,2.795,2948.305,15.42,,,371.329,688.749,-2842.577,YA_COW,Peter,Pomacentridae,Chromis,viridis,37372053,1,AD,Passing,
GX020042_L.MP4,10125,40.8658,YA_COW_Transect 5,0.7596,,5.347,4.228,2902.341,17.007,,,467.93,706.641,-2775.839,YA_COW,Peter,Pomacentridae,Chromis,viridis,37372053,1,AD,Passing,
GX020042_L.MP4,10125,40.8658,YA_COW_Transect 5,0.7596,,6.158,1.385,3125.827,16.311,,,541.027,689.623,-3000.418,YA_COW,Peter,Pomacentridae,Chromis,viridis,37372053,1,AD,Passing,
GX020042_L.MP4,10125,40.8658,YA_COW_Transect 5,0.7596,,6.067,0.383,3100.434,15.116,,,464.701,659.862,-2993.548,YA_COW,Peter,Pomacentridae,Chromis,viridis,37372053,1,AD,Passing,
GX020042_L.MP4,10125,40.8658,YA_COW_Transect 5,0.7596,,5.988,1.664,3082.671,14.943,,,331.505,720.725,-2978.846,YA_COW,Peter,Pomacentridae,Chromis,viridis,37372053,1,AD,Passing,
GX020042_L.MP4,10125,40.8658,YA_COW_Transect 5,0.7596,,5.582,4.684,2986.883,19.722,,,697.195,726.278,-2812.1,YA_COW,Peter,Pomacentridae,Chromis,viridis,37372053,1,AD,Passing,
GX020042_L.MP4,10125,40.8658,YA_COW_Transect 5,0.7596,,6.913,2.071,3323.603,18.029,,,600.769,833.106,-3160.91,YA_COW,Peter,Pomacentridae,Chromis,viridis,37372053,1,AD,Passing,
GX020042_L.MP4,10125,40.8658,YA_COW_Transect 5,0.7596,,15.823,4.389,5108.484,14.508,,,899.036,907.878,-4946.12,YA_COW,Peter,Pomacentridae,Chromis,viridis,37372053,1,AD,Passing,
GX020042_L.MP4,10125,40.8658,YA_COW_Transect 5,0.7596,,4.53,0.18,2662.379,14.068,,,499.225,410.265,-2582.774,YA_COW,Peter,Pomacentridae,Chromis,viridis,37372053,1,AD,Passing,
GX020042_L.MP4,10125,40.8658,YA_COW_Transect 5,0.7596,,9.181,3.495,3872.147,15.997,,,850.351,642.467,-3722.588,YA_COW,Peter,Pomacentridae,Chromis,viridis,37372053,1,AD,Passing,
GX020042_L.MP4,10125,40.8658,YA_COW_Transect 5,0.7596,,9.254,4.61,3886.005,16.544,,,863.186,690.152,-3725.538,YA_COW,Peter,Pomacentridae,Chromis,viridis,37372053,1,AD,Passing,
GX020042_L.MP4,10125,40.8658,YA_COW_Transect 5,0.7596,,7.698,0.19,3520.665,15.105,,,666.998,627.968,-3399.389,YA_COW,Peter,Pomacentridae,Chromis,viridis,37372053,1,AD,Passing,
GX020042_L.MP4,10125,40.8658,YA_COW_Transect 5,0.7596,,8.288,3.619,3658.202,15.392,,,700.259,670.537,-3527.387,YA_COW,Peter,Pomacentridae,Chromis,viridis,37372053,1,AD,Passing,
GX020042_L.MP4,10125,40.8658,YA_COW_Transect 5,0.7596,,9.622,0.626,3958.979,16.606,,,845.395,749.722,-3794.304,YA_COW,Peter,Pomacentridae,Chromis,viridis,37372053,1,AD,Passing,
GX020042_L.MP4,10125,40.8658,YA_COW_Transect 5,0.7596,,10.301,5.925,4117.084,18.157,,,1003.931,796.538,-3912.547,YA_COW,Peter,Pomacentridae,Chromis,viridis,37372053,1,AD,Passing,
GX020042_L.MP4,10125,40.8658,YA_COW_Transect 5,0.7596,,6.699,1.902,3276.238,17.05,,,692.406,664.001,-3132.637,YA_COW,Peter,Pomacentridae,Chromis,viridis,37372053,1,AD,Passing,
GX020042_L.MP4,10125,40.8658,YA_COW_Transect 5,0.7596,,8.292,0.017,3670.468,17.804,,,845.271,736.188,-3495.122,YA_COW,Peter,Pomacentridae,Chromis,viridis,37372053,1,AD,Passing,
GX020042_L.MP4,10125,40.8658,YA_COW_Transect 5,0.7596,,6.412,2.501,3208.784,18.25,,,738.421,679.799,-3047.771,YA_COW,Peter,Pomacentridae,Chromis,viridis,37372053,1,AD,Passing,
GX020042_L.MP4,10125,40.8658,YA_COW_Transect 5,0.7596,,7.646,11.577,3541.98,20.238,,,951.512,769.984,-3323.759,YA_COW,Peter,Pomacentridae,Chromis,viridis,37372053,1,AD,Passing,
GX020042_L.MP4,10125,40.8658,YA_COW_Transect 5,0.7596,,9.341,8.223,3918.803,15.133,,,102.508,1015.67,-3783.506,YA_COW,Peter,Pomacentridae,Chromis,viridis,37372053,1,AD,Passing,
GX020042_L.MP4,10125,40.8658,YA_COW_Transect 5,0.7596,,7.003,2.076,3367.983,14.001,,,79.797,809.009,-3268.402,YA_COW,Peter,Pomacentridae,Chromis,viridis,37372053,1,AD,Passing,
GX020042_L.MP4,10125,40.8658,YA_COW_Transect 5,0.7596,,8.272,5.878,3681.613,13.713,,,-0.263,870.673,-3577.178,YA_COW,Peter,Pomacentridae,Chromis,viridis,37372053,1,AD,Passing,
GX020042_L.MP4,10125,40.8658,YA_COW_Transect 5,0.7596,,6.909,0.562,3343.747,12.868,,,99.634,736.043,-3260.208,YA_COW,Peter,Pomacentridae,Chromis,viridis,37372053,1,AD,Passing,
GX020042_L.MP4,10125,40.8658,YA_COW_Transect 5,0.7596,,6.868,3.592,3327.018,13.257,,,179.822,739.572,-3238.787,YA_COW,Peter,Pomacentridae,Chromis,viridis,37372053,1,AD,Passing,
GX020042_L.MP4,10125,40.8658,YA_COW_Transect 5,0.7596,,5.685,0.099,3008.05,12.468,,,206.035,614.129,-2937.475,YA_COW,Peter,Pomacentridae,Chromis,viridis,37372053,1,AD,Passing,
GX020042_L.MP4,10125,40.8658,YA_COW_Transect 5,0.7596,,6.483,3.109,3221.155,12.469,,,279.476,635.017,-3145.55,YA_COW,Peter,Pomacentridae,Chromis,viridis,37372053,1,AD,Passing,
GX020042_L.MP4,10125,40.8658,YA_COW_Transect 5,0.7596,,6.008,2.872,3105.562,10.51,,,177.95,536.024,-3053.773,YA_COW,Peter,Pomacentridae,Chromis,viridis,37372053,1,AD,Passing,
GX020042_L.MP4,10125,40.8658,YA_COW_Transect 5,0.7596,,6.392,4.25,3221.181,9.305,,,77.898,513.094,-3179.099,YA_COW,Peter,Pomacentridae,Chromis,viridis,37372053,1,AD,Passing,
GX020042_L.MP4,10125,40.8658,YA_COW_Transect 5,0.7596,,6.486,1.482,3248.726,9.846,,,-80.943,547.705,-3201.201,YA_COW,Peter,Pomacentridae,Chromis,viridis,37372053,1,AD,Passing,
GX020042_L.MP4,10125,40.8658,YA_COW_Transect 5,0.7596,,7.065,3.639,3392.007,11.851,,,-154.465,677.351,-3320.098,YA_COW,Peter,Pomacentridae,Chromis,viridis,37372053,1,AD,Passing,
GX020042_L.MP4,10125,40.8658,YA_COW_Transect 5,0.7596,,9.232,3.417,3902.019,11.221,,,121.59,747.299,-3827.86,YA_COW,Peter,Pomacentridae,Chromis,viridis,37372053,1,AD,Passing,
GX020042_L.MP4,10125,40.8658,YA_COW_Transect 5,0.7596,,8.621,6.046,3769.766,10.862,,,47.174,706.632,-3702.645,YA_COW,Peter,Pomacentridae,Chromis,viridis,37372053,1,AD,Passing,
GX020042_L.MP4,10125,40.8658,YA_COW_Transect 5,0.7596,,8.082,2.092,3644.635,11.261,,,-80.465,705.064,-3574.881,YA_COW,Peter,Pomacentridae,Chromis,viridis,37372053,1,AD,Passing,
GX020042_L.MP4,10125,40.8658,YA_COW_Transect 5,0.7596,,7.84,0.332,3586.686,11.188,,,-260.126,643.44,-3518.897,YA_COW,Peter,Pomacentridae,Chromis,viridis,37372053,1,AD,Passing,
GX020042_L.MP4,10125,40.8658,YA_COW_Transect 5,0.7596,,7.759,2.647,3569.564,10.68,,,-181.908,633.984,-3508.1,YA_COW,Peter,Pomacentridae,Chromis,viridis,37372053,1,AD,Passing,
GX020042_L.MP4,10125,40.8658,YA_COW_Transect 5,0.7596,,8.378,0.058,3724.945,8.891,,,64.464,569.924,-3680.523,YA_COW,Peter,Pomacentridae,Chromis,viridis,37372053,1,AD,Passing,
GX020042_L.MP4,10125,40.8658,YA_COW_Transect 5,0.7596,,8.255,0.848,3677.711,12.373,,,54.704,784.058,-3592.745,YA_COW,Peter,Pomacentridae,Chromis,viridis,37372053,1,AD,Passing,
GX020042_L.MP4,10125,40.8658,YA_COW_Transect 5,0.7596,,5.627,0.173,2993.308,12.447,,,179.665,617.955,-2923.311,YA_COW,Peter,Pomacentridae,Chromis,viridis,37372053,1,AD,Passing,
GX020042_L.MP4,10125,40.8658,YA_COW_Transect 5,0.7596,,4.44,3.951,2639.556,14.43,,,548.388,361.739,-2556.496,YA_COW,Peter,Pomacentridae,Chromis,viridis,37372053,1,AD,Passing,
GX020042_L.MP4,10125,40.8658,YA_COW_Transect 5,0.7596,,4.764,0.807,2734.4,11.62,,,353.944,420.384,-2678.609,YA_COW,Peter,Pomacentridae,Chromis,viridis,37372053,1,AD,Passing,
GX020042_L.MP4,10125,40.8658,YA_COW_Transect 5,0.7596,,4.387,2.06,2623.226,9.493,,,256.395,346.948,-2587.509,YA_COW,Peter,Pomacentridae,Chromis,viridis,37372053,1,AD,Passing,
GX020042_L.MP4,10125,40.8658,YA_COW_Transect 5,0.7596,,4.626,0.945,2698.028,9.914,,,258.271,384.521,-2657.969,YA_COW,Peter,Pomacentridae,Chromis,viridis,37372053,1,AD,Passing,
GX020042_L.MP4,10125,40.8658,YA_COW_Transect 5,0.7596,,4.769,2.019,2742.622,9.918,,,329.314,337.067,-2701.835,YA_COW,Peter,Pomacentridae,Chromis,viridis,37372053,1,AD,Passing,
GX020042_L.MP4,10125,40.8658,YA_COW_Transect 5,0.7596,,4.69,3.594,2716.848,10.112,,,304.016,365.98,-2674.863,YA_COW,Peter,Pomacentridae,Chromis,viridis,37372053,1,AD,Passing,
GX020042_L.MP4,10125,40.8658,YA_COW_Transect 5,0.7596,,4.973,1.569,2819.89,7.655,,,117.203,355.244,-2794.968,YA_COW,Peter,Pomacentridae,Chromis,viridis,37372053,1,AD,Passing,
GX020042_L.MP4,10125,40.8658,YA_COW_Transect 5,0.7596,,4.362,1.099,2631.65,6.263,,,111.237,263.147,-2616.096,YA_COW,Peter,Pomacentridae,Chromis,viridis,37372053,1,AD,Passing,
GX020042_L.MP4,10125,40.8658,YA_COW_Transect 5,0.7596,,5.228,0.106,2903.768,7.432,,,-48.376,370.779,-2879.592,YA_COW,Peter,Pomacentridae,Chromis,viridis,37372053,1,AD,Passing,
GX020042_L.MP4,10125,40.8658,YA_COW_Transect 5,0.7596,,5.087,0.673,2860.862,7.835,,,-124.988,367.786,-2834.368,YA_COW,Peter,Pomacentridae,Chromis,viridis,37372053,1,AD,Passing,
GX020042_L.MP4,10125,40.8658,YA_COW_Transect 5,0.7596,,5.349,1.658,2935.785,8.699,,,-159.74,412.612,-2902.253,YA_COW,Peter,Pomacentridae,Chromis,viridis,37372053,1,AD,Passing,
GX020042_L.MP4,10125,40.8658,YA_COW_Transect 5,0.7596,,14.621,4.199,4995.945,7.519,,,349.309,549.686,-4953.311,YA_COW,Peter,Pomacentridae,Chromis,viridis,37372053,1,AD,Passing,
GX020042_L.MP4,10125,40.8658,YA_COW_Transect 5,0.7596,,6.339,8.081,3222.641,6.904,,,43.279,383.074,-3199.5,YA_COW,Peter,Pomacentridae,Chromis,viridis,37372053,1,AD,Passing,
GX020042_L.MP4,10125,40.8658,YA_COW_Transect 5,0.7596,,11.072,3.16,4363.219,5.2,,,37.932,391.072,-4345.492,YA_COW,Peter,Pomacentridae,Chromis,viridis,37372053,1,AD,Passing,
GX020042_L.MP4,10125,40.8658,YA_COW_Transect 5,0.7596,,6.536,1.685,3276.413,8.563,,,-318.631,367.499,-3240.108,YA_COW,Peter,Pomacentridae,Chromis,viridis,37372053,1,AD,Passing,
GX020042_L.MP4,10125,40.8658,YA_COW_Transect 5,0.7596,,5.945,4.92,3118.33,8.1,,,-313.186,306.378,-3087.398,YA_COW,Peter,Pomacentridae,Chromis,viridis,37372053,1,AD,Passing,
GX020042_L.MP4,10125,40.8658,YA_COW_Transect 5,0.7596,,6.438,1.658,3254.46,9.356,,,-420.373,319.388,-3211.353,YA_COW,Peter,Pomacentridae,Chromis,viridis,37372053,1,AD,Passing,
GX020042_L.MP4,10125,40.8658,YA_COW_Transect 5,0.7596,,10.342,2.047,4158.874,12.74,,,-661.965,632.418,-4056.856,YA_COW,Peter,Pomacentridae,Chromis,viridis,37372053,1,AD,Passing,
GX020042_L.MP4,10125,40.8658,YA_COW_Transect 5,0.7596,,10.143,6.861,4128.983,13.082,,,-736.72,572.736,-4022.154,YA_COW,Peter,Pomacentridae,Chromis,viridis,37372053,1,AD,Passing,
GX020042_L.MP4,10125,40.8658,YA_COW_Transect 5,0.7596,,11.623,0.97,4447.965,14.089,,,-904.376,592.856,-4314.513,YA_COW,Peter,Pomacentridae,Chromis,viridis,37372053,1,AD,Passing,
GX020042_L.MP4,10125,40.8658,YA_COW_Transect 5,0.7596,,10.798,5.279,4310.119,15.401,,,-1016.301,524.149,-4155.662,YA_COW,Peter,Pomacentridae,Chromis,viridis,37372053,1,AD,Passing,
GX020042_L.MP4,10125,40.8658,YA_COW_Transect 5,0.7596,,12.996,1.344,4689.264,9.887,,,-435.068,674.801,-4620.017,YA_COW,Peter,Pomacentridae,Chromis,viridis,37372053,1,AD,Passing,
GX020042_L.MP4,10125,40.8658,YA_COW_Transect 5,0.7596,,8.187,0.706,3711.171,12.104,,,-691.48,354.78,-3628.881,YA_COW,Peter,Pomacentridae,Chromis,viridis,37372053,1,AD,Passing,
GX020042_L.MP4,10125,40.8658,YA_COW_Transect 5,0.7596,,7.772,2.365,3622.013,13.188,,,-756.478,330.459,-3526.686,YA_COW,Peter,Pomacentridae,Chromis,viridis,37372053,1,AD,Passing,
GX020042_L.MP4,10125,40.8658,YA_COW_Transect 5,0.7596,,11.18,8.129,4350.94,10.363,,,-609.494,488.533,-4280.248,YA_COW,Peter,Pomacentridae,Chromis,viridis,37372053,1,AD,Passing,
GX020042_L.MP4,10125,40.8658,YA_COW_Transect 5,0.7596,,8.437,1.028,3758.112,12.207,,,-663.566,434.978,-3673.401,YA_COW,Peter,Pomacentridae,Chromis,viridis,37372053,1,AD,Passing,
GX020042_L.MP4,10125,40.8658,YA_COW_Transect 5,0.7596,,12.407,1.689,4578.281,11.654,,,-677.389,627.029,-4484.265,YA_COW,Peter,Pomacentridae,Chromis,viridis,37372053,1,AD,Passing,
GX020042_L.MP4,10125,40.8658,YA_COW_Transect 5,0.7596,,6.791,8.463,3361.887,7.554,,,-388.045,209.621,-3332.831,YA_COW,Peter,Pomacentridae,Chromis,viridis,37372053,1,AD,Passing,
GX020042_L.MP4,10125,40.8658,YA_COW_Transect 5,0.7596,,7.496,3.267,3547.799,5.036,,,-132.451,279.825,-3534.265,YA_COW,Peter,Pomacentridae,Chromis,viridis,37372053,1,AD,Passing,
GX020042_L.MP4,10125,40.8658,YA_COW_Transect 5,0.7596,,6.632,4.67,3315.202,6.089,,,-192.237,292.504,-3296.672,YA_COW,Peter,Pomacentridae,Chromis,viridis,37372053,1,AD,Passing,
GX020042_L.MP4,10125,40.8658,YA_COW_Transect 5,0.7596,,9.873,0.209,4093.367,7.27,,,-352.832,376.901,-4060.679,YA_COW,Peter,Pomacentridae,Chromis,viridis,37372053,1,AD,Passing,
GX020042_L.MP4,10125,40.8658,YA_COW_Transect 5,0.7596,,7.57,7.343,3541.293,8.367,,,-276.599,432.736,-3503.853,YA_COW,Peter,Pomacentridae,Chromis,viridis,37372053,1,AD,Passing,
GX020042_L.MP4,10125,40.8658,YA_COW_Transect 5,0.7596,,5.298,12.356,2930.923,5.573,,,65.575,275.269,-2917.231,YA_COW,Peter,Pomacentridae,Chromis,viridis,37372053,1,AD,Passing,
GX020042_L.MP4,10125,40.8658,YA_COW_Transect 5,0.7596,,6.434,8.991,3273.137,5.006,,,-233.024,163.275,-3260.746,YA_COW,Peter,Pomacentridae,Chromis,viridis,37372053,1,AD,Passing,
GX020042_L.MP4,10125,40.8658,YA_COW_Transect 5,0.7596,,4.985,11.46,2850.32,4.801,,,-219.424,91.983,-2840.373,YA_COW,Peter,Pomacentridae,Chromis,viridis,37372053,1,AD,Passing,
GX020042_L.MP4,10125,40.8658,YA_COW_Transect 5,0.7596,,5.03,6.167,2866.075,4.445,,,-215.383,52.711,-2857.484,YA_COW,Peter,Pomacentridae,Chromis,viridis,37372053,1,AD,Passing,
GX020042_L.MP4,10125,40.8658,YA_COW_Transect 5,0.7596,,6.926,7.936,3450.947,15.484,,,-899.771,196.129,-3325.805,YA_COW,Peter,Pomacentridae,Chromis,viridis,37372053,1,AD,Passing,
GX020042_L.MP4,10125,40.8658,YA_COW_Transect 5,0.7596,,12.19,8.504,4702.521,16.714,,,-1347.173,116.672,-4503.911,YA_COW,Peter,Pomacentridae,Chromis,viridis,37372053,1,AD,Passing,
GX020042_L.MP4,10125,40.8658,YA_COW_Transect 5,0.7596,,8.72,2.23,4260.97,28.11,,,-2007.11,43.664,-3758.387,YA_COW,Peter,Pomacentridae,Chromis,viridis,37372053,1,AD,Passing,
GX020042_L.MP4,10125,40.8658,YA_COW_Transect 5,0.7596,,9.963,1.285,4611.201,29.302,,,-2254.264,-109.582,-4021.126,YA_COW,Peter,Pomacentridae,Chromis,viridis,37372053,1,AD,Passing,
GX020042_L.MP4,10125,40.8658,YA_COW_Transect 5,0.7596,,9.321,1.068,4437.559,28.855,,,-2139.526,-95.127,-3886.555,YA_COW,Peter,Pomacentridae,Chromis,viridis,37372053,1,AD,Passing,
GX020042_L.MP4,10125,40.8658,YA_COW_Transect 5,0.7596,,10.743,3.391,4782.805,29.028,,,-2314.184,-177.032,-4181.918,YA_COW,Peter,Pomacentridae,Chromis,viridis,37372053,1,AD,Passing,
GX020042_L.MP4,10125,40.8658,YA_COW_Transect 5,0.7596,,11.742,3,4846.958,24.429,,,-2002.96,75.937,-4413.093,YA_COW,Peter,Pomacentridae,Chromis,viridis,37372053,1,AD,Passing,
GX020042_L.MP4,10125,40.8658,YA_COW_Transect 5,0.7596,,11.142,2.971,4654.789,22.718,,,-1795.505,84.818,-4293.719,YA_COW,Peter,Pomacentridae,Chromis,viridis,37372053,1,AD,Passing,
GX020042_L.MP4,10125,40.8658,YA_COW_Transect 5,0.7596,,10.727,1.587,4559.173,22.547,,,-1747.848,32.494,-4210.705,YA_COW,Peter,Pomacentridae,Chromis,viridis,37372053,1,AD,Passing,
GX020042_L.MP4,10125,40.8658,YA_COW_Transect 5,0.7596,,11.718,1.862,4899.901,26.048,,,-2148.851,108.028,-4402.249,YA_COW,Peter,Pomacentridae,Chromis,viridis,37372053,1,AD,Passing,
GX020042_L.MP4,10125,40.8658,YA_COW_Transect 5,0.7596,,11.666,5.134,4906.18,26.517,,,-2187.677,107.213,-4390.123,YA_COW,Peter,Pomacentridae,Chromis,viridis,37372053,1,AD,Passing,
GX020042_L.MP4,10125,40.8658,YA_COW_Transect 5,0.7596,,10.895,4.977,4672.411,24.734,,,-1954.985,-1.933,-4243.754,YA_COW,Peter,Pomacentridae,Chromis,viridis,37372053,1,AD,Passing,
GX020042_L.MP4,10125,40.8658,YA_COW_Transect 5,0.7596,,10.401,2.017,4572.862,25.129,,,-1941.815,-22.46,-4140.039,YA_COW,Peter,Pomacentridae,Chromis,viridis,37372053,1,AD,Passing,
GX020042_L.MP4,10125,40.8658,YA_COW_Transect 5,0.7596,,9.641,2.505,4415.304,25.785,,,-1920.62,0.918,-3975.693,YA_COW,Peter,Pomacentridae,Chromis,viridis,37372053,1,AD,Passing,
GX020042_L.MP4,10125,40.8658,YA_COW_Transect 5,0.7596,,11.538,3.373,4823.033,24.943,,,-2033.618,35.272,-4373.191,YA_COW,Peter,Pomacentridae,Chromis,viridis,37372053,1,AD,Passing,
GX020042_L.MP4,10125,40.8658,YA_COW_Transect 5,0.7596,,8.744,1.109,4071.33,21.883,,,-1516.998,33.468,-3778.005,YA_COW,Peter,Pomacentridae,Chromis,viridis,37372053,1,AD,Passing,
GX020042_L.MP4,10125,40.8658,YA_COW_Transect 5,0.7596,,15.661,3.105,5653.868,25.861,,,-2436.102,-386.606,-5087.452,YA_COW,Peter,Pomacentridae,Chromis,viridis,37372053,1,AD,Passing,
GX020042_L.MP4,10200,40.9075,YA_COW_Transect 5,0.8014,,5.989,1.846,3220.63,17.465,,,-947.177,-194.532,-3072.047,YA_COW,Peter,Pomacentridae,Chromis,viridis,37372053,1,AD,Passing,
GX020042_L.MP4,10200,40.9075,YA_COW_Transect 5,0.8014,,6.274,2.212,3311.352,17.933,,,-1001.422,-193.37,-3150.367,YA_COW,Peter,Pomacentridae,Chromis,viridis,37372053,1,AD,Passing,
GX020042_L.MP4,10200,40.9075,YA_COW_Transect 5,0.8014,,8.144,2.102,3834.303,18.809,,,-1225.707,-163.207,-3629.447,YA_COW,Peter,Pomacentridae,Chromis,viridis,37372053,1,AD,Passing,
GX020042_L.MP4,10200,40.9075,YA_COW_Transect 5,0.8014,,6.744,2.269,3471.923,18.829,,,-1118.373,-71.827,-3286.082,YA_COW,Peter,Pomacentridae,Chromis,viridis,37372053,1,AD,Passing,
GX020042_L.MP4,10200,40.9075,YA_COW_Transect 5,0.8014,,6.041,5.406,3278.702,19.187,,,-1076.623,-46.081,-3096.554,YA_COW,Peter,Pomacentridae,Chromis,viridis,37372053,1,AD,Passing,
GX020042_L.MP4,10200,40.9075,YA_COW_Transect 5,0.8014,,5.045,3.66,2928.724,18.237,,,-865.707,-302.622,-2781.438,YA_COW,Peter,Pomacentridae,Chromis,viridis,37372053,1,AD,Passing,
GX020042_L.MP4,10200,40.9075,YA_COW_Transect 5,0.8014,,4.968,6.136,2895.999,18.105,,,-834.321,-338.992,-2752.418,YA_COW,Peter,Pomacentridae,Chromis,viridis,37372053,1,AD,Passing,
GX020042_L.MP4,10200,40.9075,YA_COW_Transect 5,0.8014,,4.795,1.816,2834.211,17.481,,,-790.623,-317.457,-2703.126,YA_COW,Peter,Pomacentridae,Chromis,viridis,37372053,1,AD,Passing,
GX020042_L.MP4,10200,40.9075,YA_COW_Transect 5,0.8014,,5.016,3.117,2901.364,17.641,,,-804.572,-356.221,-2764.722,YA_COW,Peter,Pomacentridae,Chromis,viridis,37372053,1,AD,Passing,
GX020042_L.MP4,10200,40.9075,YA_COW_Transect 5,0.8014,,5.198,1.129,2961.725,18.41,,,-843.088,-406.71,-2809.912,YA_COW,Peter,Pomacentridae,Chromis,viridis,37372053,1,AD,Passing,
GX020042_L.MP4,10200,40.9075,YA_COW_Transect 5,0.8014,,5.293,3.481,2960.68,15.545,,,-711.236,-353.327,-2852.18,YA_COW,Peter,Pomacentridae,Chromis,viridis,37372053,1,AD,Passing,
GX020042_L.MP4,10200,40.9075,YA_COW_Transect 5,0.8014,,4.255,2.718,2631.293,15.592,,,-634.839,-313.27,-2534.274,YA_COW,Peter,Pomacentridae,Chromis,viridis,37372053,1,AD,Passing,
GX020042_L.MP4,10200,40.9075,YA_COW_Transect 5,0.8014,,4.476,3.813,2703.397,14.984,,,-637.742,-287.572,-2611.31,YA_COW,Peter,Pomacentridae,Chromis,viridis,37372053,1,AD,Passing,
GX020042_L.MP4,10200,40.9075,YA_COW_Transect 5,0.8014,,5.143,2.139,2936.747,15.276,,,-755.405,-169.012,-2832.892,YA_COW,Peter,Pomacentridae,Chromis,viridis,37372053,1,AD,Passing,
GX020042_L.MP4,10200,40.9075,YA_COW_Transect 5,0.8014,,8.25,2.771,3790.924,15.468,,,-989.302,-210.752,-3653.488,YA_COW,Peter,Pomacentridae,Chromis,viridis,37372053,1,AD,Passing,
GX020042_L.MP4,10200,40.9075,YA_COW_Transect 5,0.8014,,9.931,1.618,4184.469,16.116,,,-1124.94,-291.534,-4019.863,YA_COW,Peter,Pomacentridae,Chromis,viridis,37372053,1,AD,Passing,
GX020042_L.MP4,10200,40.9075,YA_COW_Transect 5,0.8014,,4.331,2.034,2712.332,19.966,,,-862.047,-340.119,-2549.106,YA_COW,Peter,Pomacentridae,Chromis,viridis,37372053,1,AD,Passing,
GX020042_L.MP4,10200,40.9075,YA_COW_Transect 5,0.8014,,4.47,0.054,2795.356,21.613,,,-981.209,-313.495,-2598.647,YA_COW,Peter,Pomacentridae,Chromis,viridis,37372053,1,AD,Passing,
GX020042_L.MP4,10200,40.9075,YA_COW_Transect 5,0.8014,,4.006,7.186,2655.777,22.82,,,-989.004,-289.244,-2447.726,YA_COW,Peter,Pomacentridae,Chromis,viridis,37372053,1,AD,Passing,
GX020042_L.MP4,10200,40.9075,YA_COW_Transect 5,0.8014,,4.714,3.536,2860.843,21.578,,,-970.048,-408.93,-2660.114,YA_COW,Peter,Pomacentridae,Chromis,viridis,37372053,1,AD,Passing,
GX020042_L.MP4,10200,40.9075,YA_COW_Transect 5,0.8014,,4.154,4.176,2693.283,22.688,,,-969.757,-373.962,-2484.652,YA_COW,Peter,Pomacentridae,Chromis,viridis,37372053,1,AD,Passing,
GX020042_L.MP4,10200,40.9075,YA_COW_Transect 5,0.8014,,6.786,3,3486.193,19.652,,,-1151.834,-220.737,-3283.001,YA_COW,Peter,Pomacentridae,Chromis,viridis,37372053,1,AD,Passing,
GX020042_L.MP4,10200,40.9075,YA_COW_Transect 5,0.8014,,6.366,3.831,3401.323,21.268,,,-1211.723,-233.975,-3169.54,YA_COW,Peter,Pomacentridae,Chromis,viridis,37372053,1,AD,Passing,
GX020042_L.MP4,10200,40.9075,YA_COW_Transect 5,0.8014,,5.521,3.37,3141.608,20.505,,,-1091.097,-144.877,-2942.485,YA_COW,Peter,Pomacentridae,Chromis,viridis,37372053,1,AD,Passing,
GX020042_L.MP4,10200,40.9075,YA_COW_Transect 5,0.8014,,5.577,1.808,3153.882,20.161,,,-1080.305,-122.308,-2960.566,YA_COW,Peter,Pomacentridae,Chromis,viridis,37372053,1,AD,Passing,
GX020042_L.MP4,10200,40.9075,YA_COW_Transect 5,0.8014,,12.722,1.814,4899.89,20.921,,,-1722.674,303.574,-4577.025,YA_COW,Peter,Pomacentridae,Chromis,viridis,37372053,1,AD,Passing,
GX020042_L.MP4,10200,40.9075,YA_COW_Transect 5,0.8014,,8.378,0.811,3946.274,20.797,,,-1397.05,104.729,-3689.223,YA_COW,Peter,Pomacentridae,Chromis,viridis,37372053,1,AD,Passing,
GX020042_L.MP4,10200,40.9075,YA_COW_Transect 5,0.8014,,13.001,3.216,4971.818,20.834,,,-1757.115,195.498,-4646.859,YA_COW,Peter,Pomacentridae,Chromis,viridis,37372053,1,AD,Passing,
GX020042_L.MP4,10200,40.9075,YA_COW_Transect 5,0.8014,,12.197,2.761,4767.966,19.76,,,-1594.043,237.115,-4487.35,YA_COW,Peter,Pomacentridae,Chromis,viridis,37372053,1,AD,Passing,
GX020042_L.MP4,10200,40.9075,YA_COW_Transect 5,0.8014,,11.199,3.946,4674.907,22.855,,,-1815.623,-22.731,-4307.871,YA_COW,Peter,Pomacentridae,Chromis,viridis,37372053,1,AD,Passing,
GX020042_L.MP4,10200,40.9075,YA_COW_Transect 5,0.8014,,11.219,0.245,4684.793,23.047,,,-1833.278,49.399,-4310.909,YA_COW,Peter,Pomacentridae,Chromis,viridis,37372053,1,AD,Passing,
GX020042_L.MP4,10200,40.9075,YA_COW_Transect 5,0.8014,,14.754,6.802,5388.688,22.564,,,-2065.622,90.364,-4976.243,YA_COW,Peter,Pomacentridae,Chromis,viridis,37372053,1,AD,Passing,
GX020042_L.MP4,10200,40.9075,YA_COW_Transect 5,0.8014,,8.414,2.711,4048.527,24.057,,,-1646.909,104.589,-3696.934,YA_COW,Peter,Pomacentridae,Chromis,viridis,37372053,1,AD,Passing,
GX020042_L.MP4,10200,40.9075,YA_COW_Transect 5,0.8014,,11.703,3.092,4896.615,26.12,,,-2151.15,137.895,-4396.632,YA_COW,Peter,Pomacentridae,Chromis,viridis,37372053,1,AD,Passing,
GX020042_L.MP4,10200,40.9075,YA_COW_Transect 5,0.8014,,11.364,2.535,4850.898,27.297,,,-2210.462,248.487,-4310.839,YA_COW,Peter,Pomacentridae,Chromis,viridis,37372053,1,AD,Passing,
GX020042_L.MP4,10200,40.9075,YA_COW_Transect 5,0.8014,,13.106,3.898,5179.867,25.865,,,-2250.905,196.794,-4661.085,YA_COW,Peter,Pomacentridae,Chromis,viridis,37372053,1,AD,Passing,
GX020042_L.MP4,10200,40.9075,YA_COW_Transect 5,0.8014,,10.286,4.944,4539.639,25.2,,,-1926.43,155.489,-4107.677,YA_COW,Peter,Pomacentridae,Chromis,viridis,37372053,1,AD,Passing,
GX020042_L.MP4,10200,40.9075,YA_COW_Transect 5,0.8014,,9.188,5.435,4305.177,25.856,,,-1876.791,51.02,-3874.223,YA_COW,Peter,Pomacentridae,Chromis,viridis,37372053,1,AD,Passing,
GX020042_L.MP4,10200,40.9075,YA_COW_Transect 5,0.8014,,9.378,2.157,4360.55,26.073,,,-1916.424,15.757,-3916.819,YA_COW,Peter,Pomacentridae,Chromis,viridis,37372053,1,AD,Passing,
GX020042_L.MP4,10200,40.9075,YA_COW_Transect 5,0.8014,,11.144,0.776,4686.288,23.548,,,-1872.118,21.16,-4296.048,YA_COW,Peter,Pomacentridae,Chromis,viridis,37372053,1,AD,Passing,
GX020042_L.MP4,10200,40.9075,YA_COW_Transect 5,0.8014,,12.55,2.015,5057.856,25.366,,,-2166.684,-20.537,-4570.226,YA_COW,Peter,Pomacentridae,Chromis,viridis,37372053,1,AD,Passing,
GX020042_L.MP4,10200,40.9075,YA_COW_Transect 5,0.8014,,10.481,2.973,4570.908,24.551,,,-1898.717,-46.15,-4157.637,YA_COW,Peter,Pomacentridae,Chromis,viridis,37372053,1,AD,Passing,
GX020042_L.MP4,10200,40.9075,YA_COW_Transect 5,0.8014,,7.387,1.423,3761.678,23.451,,,-1495.903,-59.779,-3450.931,YA_COW,Peter,Pomacentridae,Chromis,viridis,37372053,1,AD,Passing,
GX020042_L.MP4,10200,40.9075,YA_COW_Transect 5,0.8014,,6.773,5.645,3623.533,24.79,,,-1515.128,-114.428,-3289.572,YA_COW,Peter,Pomacentridae,Chromis,viridis,37372053,1,AD,Passing,
GX020042_L.MP4,10200,40.9075,YA_COW_Transect 5,0.8014,,7.325,3.571,3767.572,24.595,,,-1557.591,-182.839,-3425.65,YA_COW,Peter,Pomacentridae,Chromis,viridis,37372053,1,AD,Passing,
GX020042_L.MP4,10200,40.9075,YA_COW_Transect 5,0.8014,,5.757,1.646,3297.78,24.518,,,-1348.741,-233.411,-3000.296,YA_COW,Peter,Pomacentridae,Chromis,viridis,37372053,1,AD,Passing,
GX020042_L.MP4,10200,40.9075,YA_COW_Transect 5,0.8014,,4.807,4.723,3007.789,25.144,,,-1265.676,-178.612,-2722.675,YA_COW,Peter,Pomacentridae,Chromis,viridis,37372053,1,AD,Passing,
GX020042_L.MP4,10200,40.9075,YA_COW_Transect 5,0.8014,,7.739,2.128,3858.234,24.423,,,-1567.462,-298.549,-3512.819,YA_COW,Peter,Pomacentridae,Chromis,viridis,37372053,1,AD,Passing,
GX020042_L.MP4,10200,40.9075,YA_COW_Transect 5,0.8014,,6.511,16.875,3475.909,22.462,,,-1311.895,-208.5,-3212.071,YA_COW,Peter,Pomacentridae,Chromis,viridis,37372053,1,AD,Passing,
GX020042_L.MP4,10200,40.9075,YA_COW_Transect 5,0.8014,,7.252,7.737,3845.541,27.642,,,-1781.905,-90.505,-3406.584,YA_COW,Peter,Pomacentridae,Chromis,viridis,37372053,1,AD,Passing,
GX020042_L.MP4,10200,40.9075,YA_COW_Transect 5,0.8014,,7.078,3.983,3781.661,27.255,,,-1727.279,-126.928,-3361.75,YA_COW,Peter,Pomacentridae,Chromis,viridis,37372053,1,AD,Passing,
GX020042_L.MP4,10200,40.9075,YA_COW_Transect 5,0.8014,,7.69,4.597,3940.169,26.997,,,-1779.173,-185.548,-3510.705,YA_COW,Peter,Pomacentridae,Chromis,viridis,37372053,1,AD,Passing,
GX020042_L.MP4,10200,40.9075,YA_COW_Transect 5,0.8014,,6.259,5.932,3593.057,29.266,,,-1751.903,-129.007,-3134.367,YA_COW,Peter,Pomacentridae,Chromis,viridis,37372053,1,AD,Passing,
GX020042_L.MP4,10200,40.9075,YA_COW_Transect 5,0.8014,,5.336,1.538,3257.744,28.732,,,-1535.633,-308.737,-2856.468,YA_COW,Peter,Pomacentridae,Chromis,viridis,37372053,1,AD,Passing,
GX020042_L.MP4,10200,40.9075,YA_COW_Transect 5,0.8014,,3.361,12.585,2457.055,25.665,,,-1023.81,-291.627,-2214.472,YA_COW,Peter,Pomacentridae,Chromis,viridis,37372053,1,AD,Passing,
GX020042_L.MP4,10200,40.9075,YA_COW_Transect 5,0.8014,,5.203,2.289,3157.942,26.604,,,-1378.146,-318.944,-2823.4,YA_COW,Peter,Pomacentridae,Chromis,viridis,37372053,1,AD,Passing,
GX020042_L.MP4,10200,40.9075,YA_COW_Transect 5,0.8014,,4.545,8.284,2930.26,26.653,,,-1274.955,-321.412,-2618.704,YA_COW,Peter,Pomacentridae,Chromis,viridis,37372053,1,AD,Passing,
GX020042_L.MP4,10200,40.9075,YA_COW_Transect 5,0.8014,,4.029,4.325,2702.145,24.442,,,-1088.989,-254.743,-2459.837,YA_COW,Peter,Pomacentridae,Chromis,viridis,37372053,1,AD,Passing,
GX020042_L.MP4,10200,40.9075,YA_COW_Transect 5,0.8014,,6.806,3.106,3568.512,23.41,,,-1382.833,-314.748,-3274.597,YA_COW,Peter,Pomacentridae,Chromis,viridis,37372053,1,AD,Passing,
GX020042_L.MP4,10200,40.9075,YA_COW_Transect 5,0.8014,,3.54,1.353,2492.882,23.377,,,-957.714,-248.567,-2288.113,YA_COW,Peter,Pomacentridae,Chromis,viridis,37372053,1,AD,Passing,
GX020042_L.MP4,10200,40.9075,YA_COW_Transect 5,0.8014,,4.726,2.059,2960.083,25.774,,,-1225.325,-395.591,-2665.366,YA_COW,Peter,Pomacentridae,Chromis,viridis,37372053,1,AD,Passing,
GX020042_L.MP4,10200,40.9075,YA_COW_Transect 5,0.8014,,4.986,10.462,3050.14,26.226,,,-1272.322,-446.601,-2735.891,YA_COW,Peter,Pomacentridae,Chromis,viridis,37372053,1,AD,Passing,
GX020042_L.MP4,10200,40.9075,YA_COW_Transect 5,0.8014,,3.855,8.24,2683.674,28.34,,,-1192.536,-449.482,-2361.764,YA_COW,Peter,Pomacentridae,Chromis,viridis,37372053,1,AD,Passing,
GX020042_L.MP4,10200,40.9075,YA_COW_Transect 5,0.8014,,3.525,2.627,2534.482,27.357,,,-1083.369,-428.838,-2250.779,YA_COW,Peter,Pomacentridae,Chromis,viridis,37372053,1,AD,Passing,
GX020042_L.MP4,10200,40.9075,YA_COW_Transect 5,0.8014,,4.734,8.079,2958.45,26.844,,,-1223.899,-537.025,-2639.337,YA_COW,Peter,Pomacentridae,Chromis,viridis,37372053,1,AD,Passing,
GX020042_L.MP4,10200,40.9075,YA_COW_Transect 5,0.8014,,6.826,5.073,3658.502,29.059,,,-1649.708,-662.198,-3197.592,YA_COW,Peter,Pomacentridae,Chromis,viridis,37372053,1,AD,Passing,
GX020042_L.MP4,10218,40.9175,YA_COW_Transect 5,0.8114,59.655,2.911,2.582,1730.238,21.432,24.955,2.393,631.822,22.543,-1610.595,YA_COW,Peter,Pomacentridae,Chromis,viridis,37372053,1,AD,Passing,
GX020042_L.MP4,10241,40.9303,YA_COW_Transect 5,0.8242,63.131,3.726,1.876,2062.108,11.843,41.37,53.096,161.329,-391.268,-2018.21,YA_COW,Peter,Pomacentridae,Chromis,viridis,37372053,1,AD,Passing,
GX020042_L.MP4,10281,40.9526,YA_COW_Transect 5,0.8464,56.187,2.974,1.989,1560.701,9.646,43.747,28.004,161.792,-205.443,-1538.637,YA_COW,Peter,Pomacentridae,Chromis,viridis,37372053,1,AD,Passing,
GX020042_L.MP4,10281,40.9526,YA_COW_Transect 5,0.8464,77.893,3.854,2.389,1626.768,9.934,54.992,23.081,214.151,-181.389,-1602.377,YA_COW,Peter,Pomacentridae,Chromis,viridis,37372053,1,AD,Passing,
GX020042_L.MP4,10281,40.9526,YA_COW_Transect 5,0.8464,42.357,2.441,3.841,1593.638,11.227,30.415,29.884,263.15,-164.402,-1563.14,YA_COW,Peter,Pomacentridae,Chromis,viridis,37372053,1,AD,Passing,
GX020042_L.MP4,10281,40.9526,YA_COW_Transect 5,0.8464,,1.81,1.123,1614.21,8.59,,,133.653,-201.585,-1595.987,YA_COW,Peter,Pomacentridae,Chromis,viridis,37372053,1,AD,Passing,
GX020042_L.MP4,10281,40.9526,YA_COW_Transect 5,0.8464,,1.43,0.122,1414.823,7.102,,,91.871,-149.667,-1403.881,YA_COW,Peter,Pomacentridae,Chromis,viridis,37372053,1,AD,Passing,
GX020042_L.MP4,10281,40.9526,YA_COW_Transect 5,0.8464,,1.586,4.132,1498.381,8.484,,,133.469,-177.079,-1481.882,YA_COW,Peter,Pomacentridae,Chromis,viridis,37372053,1,AD,Passing,
GX020042_L.MP4,10281,40.9526,YA_COW_Transect 5,0.8464,,1.413,1.5,1399.922,10.028,,,210.768,-123.262,-1378.464,YA_COW,Peter,Pomacentridae,Chromis,viridis,37372053,1,AD,Passing,
GX020042_L.MP4,10281,40.9526,YA_COW_Transect 5,0.8464,,1.597,3.032,1501.959,7.182,,,170.589,-79.336,-1490.129,YA_COW,Peter,Pomacentridae,Chromis,viridis,37372053,1,AD,Passing,
GX020042_L.MP4,10281,40.9526,YA_COW_Transect 5,0.8464,,1.657,2.911,1536.271,5.709,,,120.907,-94.358,-1528.596,YA_COW,Peter,Pomacentridae,Chromis,viridis,37372053,1,AD,Passing,
GX020042_L.MP4,10281,40.9526,YA_COW_Transect 5,0.8464,,1.497,4.066,1444.925,11.908,,,281.542,-98.909,-1413.775,YA_COW,Peter,Pomacentridae,Chromis,viridis,37372053,1,AD,Passing,
GX020042_L.MP4,10281,40.9526,YA_COW_Transect 5,0.8464,,2.019,3.118,1710.951,11.233,,,282.032,-178.589,-1678.069,YA_COW,Peter,Pomacentridae,Chromis,viridis,37372053,1,AD,Passing,
GX020042_L.MP4,10281,40.9526,YA_COW_Transect 5,0.8464,,2.613,0.02,1979.632,8.918,,,148.979,-269.454,-1955.541,YA_COW,Peter,Pomacentridae,Chromis,viridis,37372053,1,AD,Passing,
GX020042_L.MP4,10281,40.9526,YA_COW_Transect 5,0.8464,,1.884,1.344,1651.895,14.81,,,418.294,-58.614,-1596.982,YA_COW,Peter,Pomacentridae,Chromis,viridis,37372053,1,AD,Passing,
GX020042_L.MP4,10281,40.9526,YA_COW_Transect 5,0.8464,,1.459,4.45,1428.853,15.811,,,386.395,-48.28,-1374.768,YA_COW,Peter,Pomacentridae,Chromis,viridis,37372053,1,AD,Passing,
GX020042_L.MP4,10281,40.9526,YA_COW_Transect 5,0.8464,,5.045,2.274,2863.804,5.824,,,-227.468,-182.536,-2848.914,YA_COW,Peter,Pomacentridae,Chromis,viridis,37372053,1,AD,Passing,
GX020042_L.MP4,10281,40.9526,YA_COW_Transect 5,0.8464,,4.185,1.729,2578.862,7.708,,,-241.774,-248.832,-2555.417,YA_COW,Peter,Pomacentridae,Chromis,viridis,37372053,1,AD,Passing,
GX020042_L.MP4,10281,40.9526,YA_COW_Transect 5,0.8464,,2.265,1.982,1834.837,8.967,,,-67.03,-279.093,-1812.248,YA_COW,Peter,Pomacentridae,Chromis,viridis,37372053,1,AD,Passing,
GX020042_L.MP4,10281,40.9526,YA_COW_Transect 5,0.8464,,2.275,0.887,1840.165,6.455,,,-44.286,-203.164,-1828.379,YA_COW,Peter,Pomacentridae,Chromis,viridis,37372053,1,AD,Passing,
GX020042_L.MP4,10281,40.9526,YA_COW_Transect 5,0.8464,,2.368,1.424,1880.425,6.117,,,24.21,-199.999,-1869.602,YA_COW,Peter,Pomacentridae,Chromis,viridis,37372053,1,AD,Passing,
GX020042_L.MP4,10281,40.9526,YA_COW_Transect 5,0.8464,,2.16,8.227,1785.837,6.058,,,48.367,-183.209,-1775.756,YA_COW,Peter,Pomacentridae,Chromis,viridis,37372053,1,AD,Passing,
GX020042_L.MP4,10281,40.9526,YA_COW_Transect 5,0.8464,,2.178,2.778,1793.929,5.504,,,70.186,-158.132,-1785.567,YA_COW,Peter,Pomacentridae,Chromis,viridis,37372053,1,AD,Passing,
GX020042_L.MP4,10281,40.9526,YA_COW_Transect 5,0.8464,,2.234,5.741,1818.159,4.827,,,128.663,-83.829,-1811.662,YA_COW,Peter,Pomacentridae,Chromis,viridis,37372053,1,AD,Passing,
GX020042_L.MP4,10281,40.9526,YA_COW_Transect 5,0.8464,,3.56,4.963,2358.418,4.534,,,128.019,-136.919,-2350.958,YA_COW,Peter,Pomacentridae,Chromis,viridis,37372053,1,AD,Passing,
GX020042_L.MP4,10281,40.9526,YA_COW_Transect 5,0.8464,,2.559,2.463,1957.353,6.924,,,235.615,-13.739,-1943.072,YA_COW,Peter,Pomacentridae,Chromis,viridis,37372053,1,AD,Passing,
GX020042_L.MP4,10281,40.9526,YA_COW_Transect 5,0.8464,,2.46,6.602,1913.944,7.413,,,235.527,-75.297,-1897.904,YA_COW,Peter,Pomacentridae,Chromis,viridis,37372053,1,AD,Passing,
GX020042_L.MP4,10281,40.9526,YA_COW_Transect 5,0.8464,,2.266,0.517,1826.194,9.55,,,302.194,-22.765,-1800.873,YA_COW,Peter,Pomacentridae,Chromis,viridis,37372053,1,AD,Passing,
GX020042_L.MP4,10281,40.9526,YA_COW_Transect 5,0.8464,,2.309,2.972,1846.867,11.828,,,378.099,-19.721,-1807.643,YA_COW,Peter,Pomacentridae,Chromis,viridis,37372053,1,AD,Passing,
GX020042_L.MP4,10281,40.9526,YA_COW_Transect 5,0.8464,,2.047,1.689,1726.349,12.242,,,366.018,-6.624,-1687.089,YA_COW,Peter,Pomacentridae,Chromis,viridis,37372053,1,AD,Passing,
GX020042_L.MP4,10281,40.9526,YA_COW_Transect 5,0.8464,,1.913,4.68,1660.055,10.302,,,294.475,36.699,-1633.316,YA_COW,Peter,Pomacentridae,Chromis,viridis,37372053,1,AD,Passing,
GX020042_L.MP4,10281,40.9526,YA_COW_Transect 5,0.8464,,2.309,0.238,1853.298,3.627,,,116.645,-12.999,-1849.578,YA_COW,Peter,Pomacentridae,Chromis,viridis,37372053,1,AD,Passing,
GX020042_L.MP4,10281,40.9526,YA_COW_Transect 5,0.8464,,2.95,4.805,2125.477,3.853,,,136.511,40.82,-2120.696,YA_COW,Peter,Pomacentridae,Chromis,viridis,37372053,1,AD,Passing,
GX020042_L.MP4,10281,40.9526,YA_COW_Transect 5,0.8464,,3.699,0.708,2411.791,15.026,,,611.746,128.097,-2329.398,YA_COW,Peter,Pomacentridae,Chromis,viridis,37372053,1,AD,Passing,
GX020042_L.MP4,10281,40.9526,YA_COW_Transect 5,0.8464,,3.74,0.733,2426.996,14.715,,,609.882,88.549,-2347.448,YA_COW,Peter,Pomacentridae,Chromis,viridis,37372053,1,AD,Passing,
GX020042_L.MP4,10281,40.9526,YA_COW_Transect 5,0.8464,,3.322,1.564,2277.137,15.227,,,595.721,51.795,-2197.222,YA_COW,Peter,Pomacentridae,Chromis,viridis,37372053,1,AD,Passing,
GX020042_L.MP4,10281,40.9526,YA_COW_Transect 5,0.8464,,3.715,2.226,2412.394,13.321,,,555.808,2.524,-2347.491,YA_COW,Peter,Pomacentridae,Chromis,viridis,37372053,1,AD,Passing,
GX020042_L.MP4,10281,40.9526,YA_COW_Transect 5,0.8464,,3.596,5.071,2363.842,11.492,,,470.28,24.102,-2316.464,YA_COW,Peter,Pomacentridae,Chromis,viridis,37372053,1,AD,Passing,
GX020042_L.MP4,10281,40.9526,YA_COW_Transect 5,0.8464,,3.532,0.192,2342.42,12.313,,,499.516,-2.581,-2288.538,YA_COW,Peter,Pomacentridae,Chromis,viridis,37372053,1,AD,Passing,
GX020042_L.MP4,10412,41.0254,YA_COW_Transect 5,0.9193,55.923,4.284,3.749,2134.351,21.956,30.118,21.08,797.579,-26.719,-1979.547,YA_COW,Peter,Pomacentridae,Pomacentrus,brachialis,37372109,1,AD,Passing,
GX020042_L.MP4,10412,41.0254,YA_COW_Transect 5,0.9193,,3.981,3.329,2522.677,15.976,,,692.619,-50.003,-2425.217,YA_COW,Peter,Pomacentridae,Pomacentrus,brachialis,37372109,1,AD,Passing,
GX020042_L.MP4,10412,41.0254,YA_COW_Transect 5,0.9193,,3.445,4.861,2350.983,18.783,,,746.487,-126.922,-2225.706,YA_COW,Peter,Pomacentridae,Pomacentrus,brachialis,37372109,1,AD,Passing,
GX020042_L.MP4,10412,41.0254,YA_COW_Transect 5,0.9193,,4.509,6.672,2705.546,17.542,,,789.054,-207.337,-2579.609,YA_COW,Peter,Pomacentridae,Pomacentrus,brachialis,37372109,1,AD,Passing,
GX020042_L.MP4,10412,41.0254,YA_COW_Transect 5,0.9193,70.682,4.172,1.349,1851.931,10.476,39.01,8.493,-98.296,-322.06,-1821.061,YA_COW,Peter,Pomacentridae,Chromis,viridis,37372053,1,AD,Passing,
GX020042_L.MP4,10412,41.0254,YA_COW_Transect 5,0.9193,71.374,2.652,2.11,2230.497,12.397,15.237,57.14,-271.813,-394.212,-2178.493,YA_COW,Peter,Pomacentridae,Chromis,viridis,37372053,1,AD,Passing,
GX020042_L.MP4,10412,41.0254,YA_COW_Transect 5,0.9193,,4.426,9.479,2652.441,10.313,,,-311.246,-360.163,-2609.377,YA_COW,Peter,Pomacentridae,Chromis,viridis,37372053,1,AD,Passing,
GX020042_L.MP4,10412,41.0254,YA_COW_Transect 5,0.9193,,3.891,1.905,2474.873,12.162,,,-371.757,-367.021,-2419.11,YA_COW,Peter,Pomacentridae,Chromis,viridis,37372053,1,AD,Passing,
GX020042_L.MP4,10412,41.0254,YA_COW_Transect 5,0.9193,,3.63,3.232,2382.001,8.115,,,-159.015,-297.64,-2357.976,YA_COW,Peter,Pomacentridae,Chromis,viridis,37372053,1,AD,Passing,
GX020042_L.MP4,10412,41.0254,YA_COW_Transect 5,0.9193,,5.092,0.13,2866.543,8.54,,,-288.558,-314.6,-2834.577,YA_COW,Peter,Pomacentridae,Chromis,viridis,37372053,1,AD,Passing,
GX020042_L.MP4,10412,41.0254,YA_COW_Transect 5,0.9193,,5.007,6.018,2847.042,6.942,,,-247.921,-240.264,-2826.032,YA_COW,Peter,Pomacentridae,Chromis,viridis,37372053,1,AD,Passing,
GX020042_L.MP4,10412,41.0254,YA_COW_Transect 5,0.9193,,4.762,1.906,2773.967,6.038,,,-225.797,-186.432,-2758.469,YA_COW,Peter,Pomacentridae,Chromis,viridis,37372053,1,AD,Passing,
GX020042_L.MP4,10412,41.0254,YA_COW_Transect 5,0.9193,,3.929,3.668,2489.684,5.147,,,91.65,-205.118,-2479.527,YA_COW,Peter,Pomacentridae,Chromis,viridis,37372053,1,AD,Passing,
GX020042_L.MP4,10412,41.0254,YA_COW_Transect 5,0.9193,,3.505,3.134,2338.031,13.65,,,-369.694,-410.89,-2271.758,YA_COW,Peter,Pomacentridae,Chromis,viridis,37372053,1,AD,Passing,
GX020042_L.MP4,10412,41.0254,YA_COW_Transect 5,0.9193,,4.333,5.848,2641.17,3.792,,,-173.599,-20.912,-2635.376,YA_COW,Peter,Pomacentridae,Chromis,viridis,37372053,1,AD,Passing,
GX020042_L.MP4,10412,41.0254,YA_COW_Transect 5,0.9193,,3.785,0.763,2447.135,3.234,,,-27.284,-136.751,-2443.159,YA_COW,Peter,Pomacentridae,Chromis,viridis,37372053,1,AD,Passing,
GX020042_L.MP4,10412,41.0254,YA_COW_Transect 5,0.9193,,4.329,3.09,2634.666,3.452,,,-14.089,-159.571,-2629.791,YA_COW,Peter,Pomacentridae,Chromis,viridis,37372053,1,AD,Passing,
GX020042_L.MP4,10412,41.0254,YA_COW_Transect 5,0.9193,,5.051,3.87,2862.793,3.829,,,115.631,-153.936,-2856.312,YA_COW,Peter,Pomacentridae,Chromis,viridis,37372053,1,AD,Passing,
GX020042_L.MP4,10412,41.0254,YA_COW_Transect 5,0.9193,,4.616,8.245,2729.668,2.572,,,80.194,-94.161,-2726.864,YA_COW,Peter,Pomacentridae,Chromis,viridis,37372053,1,AD,Passing,
GX020042_L.MP4,10412,41.0254,YA_COW_Transect 5,0.9193,,3.261,0.488,2242.42,5.87,,,211.951,-88.91,-2230.609,YA_COW,Peter,Pomacentridae,Chromis,viridis,37372053,1,AD,Passing,
GX020042_L.MP4,10412,41.0254,YA_COW_Transect 5,0.9193,,3.616,3.693,2375.947,5.365,,,213.349,-63.32,-2365.501,YA_COW,Peter,Pomacentridae,Chromis,viridis,37372053,1,AD,Passing,
GX020042_L.MP4,10412,41.0254,YA_COW_Transect 5,0.9193,,3.353,1.904,2274.971,6.92,,,273.692,-15.867,-2258.392,YA_COW,Peter,Pomacentridae,Chromis,viridis,37372053,1,AD,Passing,
GX020042_L.MP4,10412,41.0254,YA_COW_Transect 5,0.9193,,3.185,1.633,2214.28,5.491,,,211.877,-3.788,-2204.117,YA_COW,Peter,Pomacentridae,Chromis,viridis,37372053,1,AD,Passing,
GX020042_L.MP4,10412,41.0254,YA_COW_Transect 5,0.9193,,5.22,4.215,2925.734,1.596,,,8.59,-82.725,-2924.552,YA_COW,Peter,Pomacentridae,Chromis,viridis,37372053,1,AD,Passing,
GX020042_L.MP4,10412,41.0254,YA_COW_Transect 5,0.9193,,5.038,1.555,2869.935,0.614,,,25.777,-18.486,-2869.76,YA_COW,Peter,Pomacentridae,Chromis,viridis,37372053,1,AD,Passing,
GX020042_L.MP4,10412,41.0254,YA_COW_Transect 5,0.9193,,4.796,0.145,2791.846,1.087,,,52.408,6.128,-2791.348,YA_COW,Peter,Pomacentridae,Chromis,viridis,37372053,1,AD,Passing,
GX020042_L.MP4,10412,41.0254,YA_COW_Transect 5,0.9193,,4.736,1.77,2774.951,0.911,,,-24.051,35.385,-2774.621,YA_COW,Peter,Pomacentridae,Chromis,viridis,37372053,1,AD,Passing,
GX020042_L.MP4,10412,41.0254,YA_COW_Transect 5,0.9193,,4.204,4.61,2597.176,3.311,,,-140.556,50.852,-2592.871,YA_COW,Peter,Pomacentridae,Chromis,viridis,37372053,1,AD,Passing,
GX020042_L.MP4,10412,41.0254,YA_COW_Transect 5,0.9193,,5.219,9.4,2928.381,1.576,,,-78.502,16.349,-2927.283,YA_COW,Peter,Pomacentridae,Chromis,viridis,37372053,1,AD,Passing,
GX020042_L.MP4,10412,41.0254,YA_COW_Transect 5,0.9193,,4.169,2.555,2581.441,2.786,,,13.315,123.236,-2578.463,YA_COW,Peter,Pomacentridae,Chromis,viridis,37372053,1,AD,Passing,
GX020042_L.MP4,10412,41.0254,YA_COW_Transect 5,0.9193,,4.41,2.781,2660.099,3.056,,,96.263,102.606,-2656.376,YA_COW,Peter,Pomacentridae,Chromis,viridis,37372053,1,AD,Passing,
GX020042_L.MP4,10412,41.0254,YA_COW_Transect 5,0.9193,,4.426,2.265,2662.602,3.658,,,166.548,31.796,-2657.198,YA_COW,Peter,Pomacentridae,Chromis,viridis,37372053,1,AD,Passing,
GX020042_L.MP4,10412,41.0254,YA_COW_Transect 5,0.9193,,4.107,1.921,2548.353,5.332,,,181.5,150.651,-2537.413,YA_COW,Peter,Pomacentridae,Chromis,viridis,37372053,1,AD,Passing,
GX020042_L.MP4,10412,41.0254,YA_COW_Transect 5,0.9193,,3.833,2.978,2440.648,9.085,,,318.105,216.135,-2410.157,YA_COW,Peter,Pomacentridae,Chromis,viridis,37372053,1,AD,Passing,
GX020042_L.MP4,10412,41.0254,YA_COW_Transect 5,0.9193,,4.982,1.666,2813.832,8.681,,,285.35,312.947,-2781.778,YA_COW,Peter,Pomacentridae,Chromis,viridis,37372053,1,AD,Passing,
GX020042_L.MP4,10412,41.0254,YA_COW_Transect 5,0.9193,,4.359,2.982,2607.09,12.662,,,424.213,381.402,-2543.913,YA_COW,Peter,Pomacentridae,Chromis,viridis,37372053,1,AD,Passing,
GX020042_L.MP4,10412,41.0254,YA_COW_Transect 5,0.9193,,15.826,6.912,5201.513,14.384,,,1225.55,406.69,-5038.687,YA_COW,Peter,Pomacentridae,Chromis,viridis,37372053,1,AD,Passing,
GX020042_L.MP4,10412,41.0254,YA_COW_Transect 5,0.9193,,3.106,1.242,2194.998,15.784,,,587.541,104.935,-2112.297,YA_COW,Peter,Pomacentridae,Chromis,viridis,37372053,1,AD,Passing,
GX020042_L.MP4,10412,41.0254,YA_COW_Transect 5,0.9193,,3.011,8.479,2162.948,16.683,,,610.83,110.288,-2071.972,YA_COW,Peter,Pomacentridae,Chromis,viridis,37372053,1,AD,Passing,
GX020042_L.MP4,10412,41.0254,YA_COW_Transect 5,0.9193,,4.304,3.762,2603.476,8.818,,,365.152,159.56,-2572.798,YA_COW,Peter,Pomacentridae,Chromis,viridis,37372053,1,AD,Passing,
GX020042_L.MP4,10412,41.0254,YA_COW_Transect 5,0.9193,,4.238,0.123,2585.901,7.092,,,277.434,156.48,-2566.209,YA_COW,Peter,Pomacentridae,Chromis,viridis,37372053,1,AD,Passing,
GX020042_L.MP4,10412,41.0254,YA_COW_Transect 5,0.9193,,4.206,0.853,2564.661,9.672,,,332.588,272.432,-2528.369,YA_COW,Peter,Pomacentridae,Chromis,viridis,37372053,1,AD,Passing,
GX020042_L.MP4,10412,41.0254,YA_COW_Transect 5,0.9193,,2.916,1.402,2101.599,13.359,,,436.837,210.819,-2044.859,YA_COW,Peter,Pomacentridae,Chromis,viridis,37372053,1,AD,Passing,
GX020042_L.MP4,10412,41.0254,YA_COW_Transect 5,0.9193,,2.868,0.387,2085.756,12.184,,,436.036,59.195,-2038.81,YA_COW,Peter,Pomacentridae,Chromis,viridis,37372053,1,AD,Passing,
GX020042_L.MP4,10412,41.0254,YA_COW_Transect 5,0.9193,,3.071,1.214,2169.552,13.043,,,487.499,44.251,-2113.609,YA_COW,Peter,Pomacentridae,Chromis,viridis,37372053,1,AD,Passing,
GX020042_L.MP4,10412,41.0254,YA_COW_Transect 5,0.9193,,2.482,0.508,1933.942,15.125,,,503.813,27.627,-1866.96,YA_COW,Peter,Pomacentridae,Chromis,viridis,37372053,1,AD,Passing,
GX020042_L.MP4,10412,41.0254,YA_COW_Transect 5,0.9193,,3.405,1.89,2291.665,13.321,,,491.618,191.347,-2230.118,YA_COW,Peter,Pomacentridae,Chromis,viridis,37372053,1,AD,Passing,
GX020042_L.MP4,10412,41.0254,YA_COW_Transect 5,0.9193,,3.365,0.948,2282.758,15.604,,,559.992,250.598,-2198.771,YA_COW,Peter,Pomacentridae,Chromis,viridis,37372053,1,AD,Passing,
GX020042_L.MP4,10412,41.0254,YA_COW_Transect 5,0.9193,,3.255,4.036,2235.891,15.575,,,518.027,302.145,-2153.964,YA_COW,Peter,Pomacentridae,Chromis,viridis,37372053,1,AD,Passing,
GX020042_L.MP4,10412,41.0254,YA_COW_Transect 5,0.9193,,3.613,0.072,2365.683,15.458,,,537.463,328.376,-2280.298,YA_COW,Peter,Pomacentridae,Chromis,viridis,37372053,1,AD,Passing,
GX020042_L.MP4,10412,41.0254,YA_COW_Transect 5,0.9193,,3.585,0.131,2349.815,14.426,,,476.636,338.538,-2275.926,YA_COW,Peter,Pomacentridae,Chromis,viridis,37372053,1,AD,Passing,
GX020042_L.MP4,10412,41.0254,YA_COW_Transect 5,0.9193,,3.754,2.529,2422.469,14.472,,,569.041,205.212,-2345.727,YA_COW,Peter,Pomacentridae,Chromis,viridis,37372053,1,AD,Passing,
GX020042_L.MP4,10412,41.0254,YA_COW_Transect 5,0.9193,,5.428,0.948,2988.612,17.647,,,866.968,261.377,-2848.131,YA_COW,Peter,Pomacentridae,Chromis,viridis,37372053,1,AD,Passing,
GX020042_L.MP4,10412,41.0254,YA_COW_Transect 5,0.9193,,2.93,3.603,2164.815,21.066,,,746.89,217.069,-2020.262,YA_COW,Peter,Pomacentridae,Chromis,viridis,37372053,1,AD,Passing,
GX020042_L.MP4,10412,41.0254,YA_COW_Transect 5,0.9193,,2.463,0.524,1954.912,19.945,,,648.556,-156.252,-1837.564,YA_COW,Peter,Pomacentridae,Chromis,viridis,37372053,1,AD,Passing,
GX020042_L.MP4,10412,41.0254,YA_COW_Transect 5,0.9193,,2.17,0.863,1850.248,22.93,,,709.742,-127.117,-1703.974,YA_COW,Peter,Pomacentridae,Chromis,viridis,37372053,1,AD,Passing,
GX020042_L.MP4,10412,41.0254,YA_COW_Transect 5,0.9193,,2.526,1.995,1951.244,14.88,,,497.346,-62.023,-1885.777,YA_COW,Peter,Pomacentridae,Chromis,viridis,37372053,1,AD,Passing,
GX020042_L.MP4,10412,41.0254,YA_COW_Transect 5,0.9193,,2.695,2.942,2015.492,12.32,,,429.769,-16.302,-1969.071,YA_COW,Peter,Pomacentridae,Chromis,viridis,37372053,1,AD,Passing,
GX020042_L.MP4,10412,41.0254,YA_COW_Transect 5,0.9193,,3.268,0.283,2240.423,9.976,,,388.099,-6.201,-2206.543,YA_COW,Peter,Pomacentridae,Chromis,viridis,37372053,1,AD,Passing,
GX020042_L.MP4,10412,41.0254,YA_COW_Transect 5,0.9193,,4.842,0.823,2786.711,6.098,,,282.62,-89.751,-2770.89,YA_COW,Peter,Pomacentridae,Chromis,viridis,37372053,1,AD,Passing,
GX020042_L.MP4,10412,41.0254,YA_COW_Transect 5,0.9193,,4.647,3.788,2723.391,6.648,,,308.294,64.37,-2705.119,YA_COW,Peter,Pomacentridae,Chromis,viridis,37372053,1,AD,Passing,
GX020042_L.MP4,10412,41.0254,YA_COW_Transect 5,0.9193,,5.634,0.87,3021.566,7.799,,,408.254,36.127,-2993.641,YA_COW,Peter,Pomacentridae,Chromis,viridis,37372053,1,AD,Passing,
GX020042_L.MP4,10412,41.0254,YA_COW_Transect 5,0.9193,,3.962,5.434,2524.084,20.81,,,772.558,453.926,-2359.683,YA_COW,Peter,Pomacentridae,Chromis,viridis,37372053,1,AD,Passing,
GX020042_L.MP4,10412,41.0254,YA_COW_Transect 5,0.9193,,4.38,1.626,2640.741,18.298,,,708.878,428.483,-2507.47,YA_COW,Peter,Pomacentridae,Chromis,viridis,37372053,1,AD,Passing,
GX020042_L.MP4,10412,41.0254,YA_COW_Transect 5,0.9193,,4.291,0.543,2611.46,17.784,,,695.155,389.63,-2486.9,YA_COW,Peter,Pomacentridae,Chromis,viridis,37372053,1,AD,Passing,
GX020042_L.MP4,10412,41.0254,YA_COW_Transect 5,0.9193,,3.818,1.853,2438.823,16.636,,,575.118,394.563,-2336.967,YA_COW,Peter,Pomacentridae,Chromis,viridis,37372053,1,AD,Passing,
GX020042_L.MP4,10412,41.0254,YA_COW_Transect 5,0.9193,,4.544,2.284,2684.881,15.736,,,648.911,328.819,-2584.449,YA_COW,Peter,Pomacentridae,Chromis,viridis,37372053,1,AD,Passing,
GX020042_L.MP4,10412,41.0254,YA_COW_Transect 5,0.9193,,3.093,2.753,2210.577,19.62,,,696.86,254.421,-2082.38,YA_COW,Peter,Pomacentridae,Chromis,viridis,37372053,1,AD,Passing,
GX020042_L.MP4,10412,41.0254,YA_COW_Transect 5,0.9193,,2.985,6.156,2160.518,18.634,,,653.225,222.069,-2047.394,YA_COW,Peter,Pomacentridae,Chromis,viridis,37372053,1,AD,Passing,
GX020042_L.MP4,10412,41.0254,YA_COW_Transect 5,0.9193,,4.466,7.353,2732.583,21.547,,,951.467,317.73,-2541.804,YA_COW,Peter,Pomacentridae,Chromis,viridis,37372053,1,AD,Passing,
GX020042_L.MP4,10412,41.0254,YA_COW_Transect 5,0.9193,,5.458,5.154,3040.599,20.842,,,1038.496,301.455,-2841.812,YA_COW,Peter,Pomacentridae,Chromis,viridis,37372053,1,AD,Passing,
GX020042_L.MP4,10412,41.0254,YA_COW_Transect 5,0.9193,,3.865,0.933,2552.657,23.039,,,959.583,276.471,-2349.217,YA_COW,Peter,Pomacentridae,Chromis,viridis,37372053,1,AD,Passing,
GX020042_L.MP4,10412,41.0254,YA_COW_Transect 5,0.9193,,4.562,0.12,2723.321,22.107,,,828.71,601.512,-2523.47,YA_COW,Peter,Pomacentridae,Chromis,viridis,37372053,1,AD,Passing,
GX020042_L.MP4,10412,41.0254,YA_COW_Transect 5,0.9193,,5.005,2.705,2864.261,22.054,,,885.101,609.415,-2655.033,YA_COW,Peter,Pomacentridae,Chromis,viridis,37372053,1,AD,Passing,
GX020042_L.MP4,10412,41.0254,YA_COW_Transect 5,0.9193,,3.145,0.706,2266.777,24.466,,,815.67,463.593,-2063.503,YA_COW,Peter,Pomacentridae,Chromis,viridis,37372053,1,AD,Passing,
GX020042_L.MP4,10412,41.0254,YA_COW_Transect 5,0.9193,,4.395,1.197,2736.512,25.037,,,1034.652,518.802,-2479.685,YA_COW,Peter,Pomacentridae,Chromis,viridis,37372053,1,AD,Passing,
GX020042_L.MP4,10412,41.0254,YA_COW_Transect 5,0.9193,,4.154,4.433,2628.979,23.455,,,927.87,482.366,-2412.035,YA_COW,Peter,Pomacentridae,Chromis,viridis,37372053,1,AD,Passing,
GX020042_L.MP4,10412,41.0254,YA_COW_Transect 5,0.9193,,6.842,2.469,3457.736,25.739,,,1301.681,746.79,-3115.104,YA_COW,Peter,Pomacentridae,Chromis,viridis,37372053,1,AD,Passing,
GX020042_L.MP4,10412,41.0254,YA_COW_Transect 5,0.9193,,3.563,1.436,2415.519,22.312,,,844.211,356.867,-2234.879,YA_COW,Peter,Pomacentridae,Chromis,viridis,37372053,1,AD,Passing,
GX020042_L.MP4,10412,41.0254,YA_COW_Transect 5,0.9193,,4.9,1.655,2817.096,16.949,,,-589.727,-573.112,-2694.4,YA_COW,Peter,Pomacentridae,Chromis,viridis,37372053,1,AD,Passing,
GX020042_L.MP4,10412,41.0254,YA_COW_Transect 5,0.9193,,4.028,5.542,2575.816,19.978,,,-723.452,-502.536,-2420.517,YA_COW,Peter,Pomacentridae,Chromis,viridis,37372053,1,AD,Passing,
GX020042_L.MP4,10412,41.0254,YA_COW_Transect 5,0.9193,,5.574,0.396,3035.565,18.246,,,-733.298,-606.291,-2882.593,YA_COW,Peter,Pomacentridae,Chromis,viridis,37372053,1,AD,Passing,
GX020042_L.MP4,10412,41.0254,YA_COW_Transect 5,0.9193,,3.133,5.811,2210.381,18.219,,,-375.314,-581.528,-2099.226,YA_COW,Peter,Pomacentridae,Chromis,viridis,37372053,1,AD,Passing,
GX020042_L.MP4,10412,41.0254,YA_COW_Transect 5,0.9193,,2.976,2.4,2169.75,21.17,,,-469.129,-628.791,-2022.958,YA_COW,Peter,Pomacentridae,Chromis,viridis,37372053,1,AD,Passing,
GX020042_L.MP4,10412,41.0254,YA_COW_Transect 5,0.9193,,3.073,7.172,2239.416,23.495,,,-637.089,-626.659,-2053.387,YA_COW,Peter,Pomacentridae,Chromis,viridis,37372053,1,AD,Passing,
GX020042_L.MP4,10412,41.0254,YA_COW_Transect 5,0.9193,,4.653,8.005,2810.278,24.306,,,-824.319,-812.995,-2560.703,YA_COW,Peter,Pomacentridae,Chromis,viridis,37372053,1,AD,Passing,
GX020042_L.MP4,10412,41.0254,YA_COW_Transect 5,0.9193,,4.159,4.479,2651.064,23.525,,,-820.709,-669.381,-2430.331,YA_COW,Peter,Pomacentridae,Chromis,viridis,37372053,1,AD,Passing,
GX020042_L.MP4,10412,41.0254,YA_COW_Transect 5,0.9193,,5.53,5.277,3073.476,22.852,,,-914.349,-768.856,-2831.798,YA_COW,Peter,Pomacentridae,Chromis,viridis,37372053,1,AD,Passing,
GX020042_L.MP4,10412,41.0254,YA_COW_Transect 5,0.9193,,3.887,13.697,2576.68,24.129,,,-866.487,-600.282,-2351.2,YA_COW,Peter,Pomacentridae,Chromis,viridis,37372053,1,AD,Passing,
GX020042_L.MP4,10412,41.0254,YA_COW_Transect 5,0.9193,,4.635,0.921,2840.476,25.556,,,-956.079,-767.946,-2562.123,YA_COW,Peter,Pomacentridae,Chromis,viridis,37372053,1,AD,Passing,
GX020042_L.MP4,10412,41.0254,YA_COW_Transect 5,0.9193,,3.34,2.212,2390.551,25.81,,,-839.949,-615.878,-2151.723,YA_COW,Peter,Pomacentridae,Chromis,viridis,37372053,1,AD,Passing,
GX020042_L.MP4,10412,41.0254,YA_COW_Transect 5,0.9193,,3.249,1.422,2368.269,27.465,,,-845.477,-692.73,-2100.95,YA_COW,Peter,Pomacentridae,Chromis,viridis,37372053,1,AD,Passing,
GX020042_L.MP4,10412,41.0254,YA_COW_Transect 5,0.9193,,3.51,0.642,2469.531,27.981,,,-861.189,-776.383,-2180.405,YA_COW,Peter,Pomacentridae,Chromis,viridis,37372053,1,AD,Passing,
GX020042_L.MP4,10441,41.0416,YA_COW_Transect 5,0.9354,136.173,5.533,1.851,2087.324,24.77,63.616,18.909,872.923,-53.222,-1895.283,YA_COW,Peter,Acanthuridae,Ctenochaetus,striatus,37437022,1,AD,Passing,
GX020042_L.MP4,10520,41.0855,YA_COW_Transect 5,0.9793,,14.816,10.259,5100.822,24.425,,,1787.14,1117.528,-4644.96,YA_COW,Peter,Lutjanidae,Lutjanus,bohar,37346029,1,AD,Passing,
GX020042_L.MP4,10520,41.0855,YA_COW_Transect 5,0.9793,,15.317,3.796,5021.44,14.455,,,851.173,917.334,-4863.01,YA_COW,Peter,Lutjanidae,Lutjanus,bohar,37346029,1,AD,Passing,
GX020042_L.MP4,10520,41.0855,YA_COW_Transect 5,0.9793,,12.818,2.266,4613.575,19.982,,,1184.196,1038.229,-4336.454,YA_COW,Peter,Kyphosidae,Kyphosus,cinerascens,37361022,1,AD,Passing,
GX020042_L.MP4,10534,41.0933,YA_COW_Transect 5,0.9871,,18.526,5.018,5769.941,22.926,,,2085.378,835.253,-5314.675,YA_COW,Peter,Lutjanidae,Lutjanus,bohar,37346029,1,AD,Passing,
GX020042_L.MP4,10545,41.0994,YA_COW_Transect 5,0.9932,76.746,7.053,8.574,2404.813,24.218,63.031,25.116,-714.337,-680.351,-2193.164,YA_COW,Peter,Pomacentridae,Chromis,viridis,37372053,1,AD,Passing,
GX020042_L.MP4,10545,41.0994,YA_COW_Transect 5,0.9932,,5.898,1.767,3136.652,13.008,,,-675.798,-206.121,-3056.042,YA_COW,Peter,Pomacentridae,Chromis,viridis,37372053,1,AD,Passing,
GX020042_L.MP4,10545,41.0994,YA_COW_Transect 5,0.9932,,6.129,4.488,3181.451,10.677,,,-531.818,-255.954,-3126.226,YA_COW,Peter,Pomacentridae,Chromis,viridis,37372053,1,AD,Passing,
GX020042_L.MP4,10545,41.0994,YA_COW_Transect 5,0.9932,,6.281,1.801,3234.155,12.808,,,-661.035,-279.496,-3153.518,YA_COW,Peter,Pomacentridae,Chromis,viridis,37372053,1,AD,Passing,
GX020042_L.MP4,10545,41.0994,YA_COW_Transect 5,0.9932,,9.48,4.056,4057.379,15.448,,,-1019.531,-360.89,-3910.58,YA_COW,Peter,Pomacentridae,Chromis,viridis,37372053,1,AD,Passing,
GX020042_L.MP4,10545,41.0994,YA_COW_Transect 5,0.9932,,5.873,0.376,3106.241,12.603,,,-581.222,-350.452,-3031.187,YA_COW,Peter,Pomacentridae,Chromis,viridis,37372053,1,AD,Passing,
GX020042_L.MP4,10545,41.0994,YA_COW_Transect 5,0.9932,,7.195,1.259,3452.921,11.731,,,-572.26,-408.619,-3380.564,YA_COW,Peter,Pomacentridae,Chromis,viridis,37372053,1,AD,Passing,
GX020042_L.MP4,10545,41.0994,YA_COW_Transect 5,0.9932,,7.434,3.706,3522.696,13.701,,,-705.181,-447.924,-3422.203,YA_COW,Peter,Pomacentridae,Chromis,viridis,37372053,1,AD,Passing,
GX020042_L.MP4,10545,41.0994,YA_COW_Transect 5,0.9932,,7.038,0.901,3418.151,10.248,,,-515.083,-325.279,-3363.427,YA_COW,Peter,Pomacentridae,Chromis,viridis,37372053,1,AD,Passing,
GX020042_L.MP4,10545,41.0994,YA_COW_Transect 5,0.9932,,7.462,9.894,3524.035,9.69,,,-486.201,-341.766,-3473.561,YA_COW,Peter,Pomacentridae,Chromis,viridis,37372053,1,AD,Passing,
GX020042_L.MP4,10545,41.0994,YA_COW_Transect 5,0.9932,,7.678,1.875,3602.425,7.068,,,-433.119,-96.319,-3574.997,YA_COW,Peter,Pomacentridae,Chromis,viridis,37372053,1,AD,Passing,
GX020042_L.MP4,10545,41.0994,YA_COW_Transect 5,0.9932,,8.202,0.163,3729.874,6.773,,,-415.285,-147.12,-3703.762,YA_COW,Peter,Pomacentridae,Chromis,viridis,37372053,1,AD,Passing,
GX020042_L.MP4,10545,41.0994,YA_COW_Transect 5,0.9932,,7.037,6.499,3438.413,8.289,,,-490.98,-70.07,-3402.457,YA_COW,Peter,Pomacentridae,Chromis,viridis,37372053,1,AD,Passing,
GX020042_L.MP4,10545,41.0994,YA_COW_Transect 5,0.9932,,5.214,2.807,2902.412,12.032,,,-461.469,-392.952,-2838.42,YA_COW,Peter,Pomacentridae,Chromis,viridis,37372053,1,AD,Passing,
GX020042_L.MP4,10545,41.0994,YA_COW_Transect 5,0.9932,,6.372,2.165,3237.82,14.429,,,-635.076,-499.407,-3135.403,YA_COW,Peter,Pomacentridae,Chromis,viridis,37372053,1,AD,Passing,
GX020042_L.MP4,10545,41.0994,YA_COW_Transect 5,0.9932,,5.743,1.568,3085.541,16.497,,,-734.481,-479.474,-2958.244,YA_COW,Peter,Pomacentridae,Chromis,viridis,37372053,1,AD,Passing,
GX020042_L.MP4,10545,41.0994,YA_COW_Transect 5,0.9932,,7.996,2.329,3649.396,14.662,,,-720.189,-580.475,-3530.222,YA_COW,Peter,Pomacentridae,Chromis,viridis,37372053,1,AD,Passing,
GX020042_L.MP4,10545,41.0994,YA_COW_Transect 5,0.9932,,3.314,1.955,2271.911,15.146,,,-406.344,-434.015,-2192.737,YA_COW,Peter,Pomacentridae,Chromis,viridis,37372053,1,AD,Passing,
GX020042_L.MP4,10545,41.0994,YA_COW_Transect 5,0.9932,,3.118,1.48,2202.117,17.127,,,-401.959,-510.122,-2104.168,YA_COW,Peter,Pomacentridae,Chromis,viridis,37372053,1,AD,Passing,
GX020042_L.MP4,10545,41.0994,YA_COW_Transect 5,0.9932,,2.781,6.192,2102.909,21.62,,,-553.489,-543.331,-1954.653,YA_COW,Peter,Pomacentridae,Chromis,viridis,37372053,1,AD,Passing,
GX020042_L.MP4,10545,41.0994,YA_COW_Transect 5,0.9932,,2.896,0.371,2126.028,18.642,,,-465.914,-495.945,-2014.189,YA_COW,Peter,Pomacentridae,Chromis,viridis,37372053,1,AD,Passing,
GX020042_L.MP4,10545,41.0994,YA_COW_Transect 5,0.9932,,2.913,3.52,2126.711,17.868,,,-426.732,-494.835,-2023.842,YA_COW,Peter,Pomacentridae,Chromis,viridis,37372053,1,AD,Passing,
GX020042_L.MP4,10545,41.0994,YA_COW_Transect 5,0.9932,,2.924,0.517,2144.369,19.302,,,-510.102,-493.32,-2023.548,YA_COW,Peter,Pomacentridae,Chromis,viridis,37372053,1,AD,Passing,
GX020042_L.MP4,10545,41.0994,YA_COW_Transect 5,0.9932,,4.337,0.625,2648.382,19.304,,,-584.244,-653.514,-2499.101,YA_COW,Peter,Pomacentridae,Chromis,viridis,37372053,1,AD,Passing,
GX020042_L.MP4,10545,41.0994,YA_COW_Transect 5,0.9932,,7.256,6.191,3471.949,18.651,,,-753.725,-817.218,-3289.147,YA_COW,Peter,Pomacentridae,Chromis,viridis,37372053,1,AD,Passing,
GX020042_L.MP4,10545,41.0994,YA_COW_Transect 5,0.9932,,3.742,0.4,2555.899,27.509,,,-905.009,-759.372,-2266.48,YA_COW,Peter,Pomacentridae,Chromis,viridis,37372053,1,AD,Passing,
GX020042_L.MP4,10545,41.0994,YA_COW_Transect 5,0.9932,,2.525,1.474,2007.493,23.168,,,-568.429,-549.407,-1845.283,YA_COW,Peter,Pomacentridae,Chromis,viridis,37372053,1,AD,Passing,
GX020042_L.MP4,10545,41.0994,YA_COW_Transect 5,0.9932,,3.716,0.49,2500.083,24.096,,,-783.872,-655.053,-2281.855,YA_COW,Peter,Pomacentridae,Chromis,viridis,37372053,1,AD,Passing,
GX020042_L.MP4,10545,41.0994,YA_COW_Transect 5,0.9932,,5.508,7.78,3017.555,16.602,,,857.728,-89.365,-2891.705,YA_COW,Peter,Pomacentridae,Chromis,viridis,37372053,1,AD,Passing,
GX020042_L.MP4,10565,41.1105,YA_COW_Transect 5,1.0043,249.682,20.721,8.857,5603.019,25.709,10.01,7.128,2243.228,935.833,-5048.363,YA_COW,Peter,Lutjanidae,Lutjanus,bohar,37346029,1,AD,Passing,
GX020042_L.MP4,10585,41.1216,YA_COW_Transect 5,1.0155,,2.776,1.122,2082.393,23.333,,,568.108,-599.031,-1911.747,YA_COW,Peter,Blenniidae,Plagiotremus,flavus,temp_code_003,1,AD,Passing,
GX020042_L.MP4,10591,41.125,YA_COW_Transect 5,1.0188,188.889,13.665,6.632,4755.522,20.839,10.803,14.926,1474.419,829.569,-4444.423,YA_COW,Peter,Lutjanidae,Lutjanus,bohar,37346029,1,AD,Passing,
GX020042_L.MP4,10591,41.125,YA_COW_Transect 5,1.0188,,8.352,1.979,3727.534,12.576,,,791.692,176.441,-3638.214,YA_COW,Peter,Pomacentridae,Pomacentrus,brachialis,37372109,1,AD,Passing,
GX020042_L.MP4,10591,41.125,YA_COW_Transect 5,1.0188,,6.648,0.503,3292.202,13.244,,,706.57,262.064,-3204.789,YA_COW,Peter,Pomacentridae,Pomacentrus,brachialis,37372109,1,AD,Passing,
GX020042_L.MP4,10591,41.125,YA_COW_Transect 5,1.0188,,8.385,4.324,3909.253,24.094,,,1556.016,352.314,-3568.886,YA_COW,Peter,Pomacentridae,Pomacentrus,brachialis,37372109,1,AD,Passing,
GX020042_L.MP4,10627,41.145,YA_COW_Transect 5,1.0388,105.644,7.343,7.806,2365.243,23.181,56.462,5.44,803.786,469.835,-2174.294,YA_COW,Peter,Pomacentridae,Amblyglyphidodon,curacao,37372017,1,AD,Passing,
GX020042_L.MP4,10638,41.1511,YA_COW_Transect 5,1.0449,102.702,8.081,8.345,2429.855,25.386,84.969,16.613,952.37,422.073,-2195.232,YA_COW,Peter,Pomacentridae,Pomacentrus,brachialis,37372109,1,AD,Passing,
GX020042_L.MP4,10638,41.1511,YA_COW_Transect 5,1.0449,124.334,9.9,2.305,3600.785,2.413,37.797,53.923,-102.996,-111.234,-3597.592,YA_COW,Peter,Zanclidae,Zanclus,cornutus,37437001,1,AD,Passing,
GX020042_L.MP4,10638,41.1511,YA_COW_Transect 5,1.0449,,7.011,5.79,3393.221,9.052,,,-244.275,472.714,-3351.242,YA_COW,Peter,Pomacentridae,Chromis,ternatensis,37372051,1,AD,Passing,
GX020042_L.MP4,10638,41.1511,YA_COW_Transect 5,1.0449,,4.995,0.666,2831.731,9.044,,,-271.08,351.414,-2796.735,YA_COW,Peter,Pomacentridae,Chromis,ternatensis,37372051,1,AD,Passing,
GX020042_L.MP4,10638,41.1511,YA_COW_Transect 5,1.0449,,5.242,2.904,2907.349,8.235,,,-194.916,366.3,-2877.588,YA_COW,Peter,Pomacentridae,Chromis,ternatensis,37372051,1,AD,Passing,
GX020042_L.MP4,10638,41.1511,YA_COW_Transect 5,1.0449,,4.371,2.318,2616.167,10.01,,,255.033,374.968,-2576.565,YA_COW,Peter,Pomacentridae,Chromis,ternatensis,37372051,1,AD,Passing,
GX020042_L.MP4,10638,41.1511,YA_COW_Transect 5,1.0449,,7.09,3.185,3422.947,8.388,,,-325.296,376.869,-3386.549,YA_COW,Peter,Pomacentridae,Chromis,ternatensis,37372051,1,AD,Passing,
GX020042_L.MP4,10638,41.1511,YA_COW_Transect 5,1.0449,,6.396,3.052,3238.543,9.066,,,-362.296,357.483,-3198.298,YA_COW,Peter,Pomacentridae,Chromis,ternatensis,37372051,1,AD,Passing,
GX020042_L.MP4,10638,41.1511,YA_COW_Transect 5,1.0449,62.401,5.239,5.184,2388.987,20.806,30.654,17.152,546.73,648.995,-2233.193,YA_COW,Peter,Pomacentridae,Chromis,viridis,37372053,1,AD,Passing,
GX020042_L.MP4,10638,41.1511,YA_COW_Transect 5,1.0449,,2.782,2.38,2056.383,8.28,,,-189.048,226.774,-2035.079,YA_COW,Peter,Pomacentridae,Chromis,viridis,37372053,1,AD,Passing,
GX020042_L.MP4,10638,41.1511,YA_COW_Transect 5,1.0449,,2.96,2.541,2125.712,9.378,,,-136.828,317,-2097.484,YA_COW,Peter,Pomacentridae,Chromis,viridis,37372053,1,AD,Passing,
GX020042_L.MP4,10638,41.1511,YA_COW_Transect 5,1.0449,,3.661,1.539,2399.799,13.295,,,-446.146,323.466,-2335.671,YA_COW,Peter,Pomacentridae,Chromis,viridis,37372053,1,AD,Passing,
GX020042_L.MP4,10638,41.1511,YA_COW_Transect 5,1.0449,,3.105,1.076,2191.801,13.718,,,-409.565,318.789,-2129.465,YA_COW,Peter,Pomacentridae,Chromis,viridis,37372053,1,AD,Passing,
GX020042_L.MP4,10638,41.1511,YA_COW_Transect 5,1.0449,,3.474,0.195,2343.737,13.476,,,-502.165,213.449,-2279.336,YA_COW,Peter,Pomacentridae,Chromis,viridis,37372053,1,AD,Passing,
GX020042_L.MP4,10638,41.1511,YA_COW_Transect 5,1.0449,,2.711,1.974,2040.688,13.492,,,-435.802,190.599,-1984.479,YA_COW,Peter,Pomacentridae,Chromis,viridis,37372053,1,AD,Passing,
GX020042_L.MP4,10638,41.1511,YA_COW_Transect 5,1.0449,,2.675,0.067,2026.298,13.253,,,-435.415,160.706,-1972.428,YA_COW,Peter,Pomacentridae,Chromis,viridis,37372053,1,AD,Passing,
GX020042_L.MP4,10638,41.1511,YA_COW_Transect 5,1.0449,,4.069,0.515,2562.917,14,,,-580.869,215.419,-2486.912,YA_COW,Peter,Pomacentridae,Chromis,viridis,37372053,1,AD,Passing,
GX020042_L.MP4,10638,41.1511,YA_COW_Transect 5,1.0449,,2.704,0.799,2028.115,7.744,,,-247.359,115.02,-2009.685,YA_COW,Peter,Pomacentridae,Chromis,viridis,37372053,1,AD,Passing,
GX020042_L.MP4,10638,41.1511,YA_COW_Transect 5,1.0449,,4.751,1.739,2792.364,12.525,,,-599.358,84.904,-2725.96,YA_COW,Peter,Pomacentridae,Chromis,viridis,37372053,1,AD,Passing,
GX020042_L.MP4,10638,41.1511,YA_COW_Transect 5,1.0449,,2.271,2.641,1851.175,13.228,,,-422.117,34.349,-1802.078,YA_COW,Peter,Pomacentridae,Chromis,viridis,37372053,1,AD,Passing,
GX020042_L.MP4,10638,41.1511,YA_COW_Transect 5,1.0449,,2.375,2.121,1903.419,14.431,,,-465.198,91.698,-1843.417,YA_COW,Peter,Pomacentridae,Chromis,viridis,37372053,1,AD,Passing,
GX020042_L.MP4,10638,41.1511,YA_COW_Transect 5,1.0449,,3.905,1.994,2573.062,18.83,,,-827.55,-71.153,-2435.312,YA_COW,Peter,Pomacentridae,Chromis,viridis,37372053,1,AD,Passing,
GX020042_L.MP4,10638,41.1511,YA_COW_Transect 5,1.0449,,3.142,2.102,2263.028,17.611,,,-683.825,32.702,-2156.991,YA_COW,Peter,Pomacentridae,Chromis,viridis,37372053,1,AD,Passing,
GX020042_L.MP4,10638,41.1511,YA_COW_Transect 5,1.0449,,2.461,0.268,1972.414,18.102,,,-610.327,54.329,-1874.825,YA_COW,Peter,Pomacentridae,Chromis,viridis,37372053,1,AD,Passing,
GX020042_L.MP4,10638,41.1511,YA_COW_Transect 5,1.0449,,3.283,2.803,2326.556,18.328,,,-727.394,76.901,-2208.585,YA_COW,Peter,Pomacentridae,Chromis,viridis,37372053,1,AD,Passing,
GX020042_L.MP4,10638,41.1511,YA_COW_Transect 5,1.0449,,2.9,0.46,2164.128,18.254,,,-664.243,134.106,-2055.298,YA_COW,Peter,Pomacentridae,Chromis,viridis,37372053,1,AD,Passing,
GX020042_L.MP4,10638,41.1511,YA_COW_Transect 5,1.0449,,2.294,1.38,1890.707,17.617,,,-572.021,-16.723,-1802.022,YA_COW,Peter,Pomacentridae,Chromis,viridis,37372053,1,AD,Passing,
GX020042_L.MP4,10638,41.1511,YA_COW_Transect 5,1.0449,,4.219,3.348,2665.439,17.314,,,-792.724,-30.074,-2544.652,YA_COW,Peter,Pomacentridae,Chromis,viridis,37372053,1,AD,Passing,
GX020042_L.MP4,10638,41.1511,YA_COW_Transect 5,1.0449,,2.096,0.066,1784.839,16.515,,,-501.171,-80.059,-1711.159,YA_COW,Peter,Pomacentridae,Chromis,viridis,37372053,1,AD,Passing,
GX020042_L.MP4,10638,41.1511,YA_COW_Transect 5,1.0449,,2.022,0.638,1744.571,16.632,,,-466.062,-180.24,-1671.475,YA_COW,Peter,Pomacentridae,Chromis,viridis,37372053,1,AD,Passing,
GX020042_L.MP4,10638,41.1511,YA_COW_Transect 5,1.0449,,2.021,4.115,1764.605,19.139,,,-558.954,-150.251,-1666.981,YA_COW,Peter,Pomacentridae,Chromis,viridis,37372053,1,AD,Passing,
GX020042_L.MP4,10638,41.1511,YA_COW_Transect 5,1.0449,,2.136,3.779,1777.006,6.469,,,-198.18,-29.366,-1765.676,YA_COW,Peter,Pomacentridae,Chromis,viridis,37372053,1,AD,Passing,
GX020042_L.MP4,10638,41.1511,YA_COW_Transect 5,1.0449,,2.279,5.056,1845.833,9.806,,,-314.371,-3.826,-1818.861,YA_COW,Peter,Pomacentridae,Chromis,viridis,37372053,1,AD,Passing,
GX020042_L.MP4,10638,41.1511,YA_COW_Transect 5,1.0449,,4.073,11.878,2588.034,26.396,,,764.794,858.25,-2318.71,YA_COW,Peter,Pomacentridae,Chromis,viridis,37372053,1,AD,Passing,
GX020042_L.MP4,10638,41.1511,YA_COW_Transect 5,1.0449,,3.844,3.76,2535.793,27.683,,,855.911,808.181,-2245.997,YA_COW,Peter,Pomacentridae,Chromis,viridis,37372053,1,AD,Passing,
GX020042_L.MP4,10638,41.1511,YA_COW_Transect 5,1.0449,,2.896,0.296,2156.067,25.912,,,668.211,663.089,-1939.699,YA_COW,Peter,Pomacentridae,Chromis,viridis,37372053,1,AD,Passing,
GX020042_L.MP4,10638,41.1511,YA_COW_Transect 5,1.0449,,4.938,3.632,2881.099,26.49,,,955.708,857.58,-2579.13,YA_COW,Peter,Pomacentridae,Chromis,viridis,37372053,1,AD,Passing,
GX020042_L.MP4,10638,41.1511,YA_COW_Transect 5,1.0449,,5.148,3.701,2957.243,27.193,,,1012.827,893.171,-2630.915,YA_COW,Peter,Pomacentridae,Chromis,viridis,37372053,1,AD,Passing,
GX020042_L.MP4,10638,41.1511,YA_COW_Transect 5,1.0449,,4.049,2.434,2615.183,27.921,,,918.778,808.256,-2311.223,YA_COW,Peter,Pomacentridae,Chromis,viridis,37372053,1,AD,Passing,
GX020042_L.MP4,10638,41.1511,YA_COW_Transect 5,1.0449,,4.525,12.325,2793.623,28.498,,,1049.724,819.979,-2455.615,YA_COW,Peter,Pomacentridae,Chromis,viridis,37372053,1,AD,Passing,
GX020042_L.MP4,10638,41.1511,YA_COW_Transect 5,1.0449,,4.242,15.715,2721.876,28.907,,,1094.435,728.908,-2383.173,YA_COW,Peter,Pomacentridae,Chromis,viridis,37372053,1,AD,Passing,
GX020042_L.MP4,10638,41.1511,YA_COW_Transect 5,1.0449,,4.318,7.152,2710.283,27.366,,,991.596,752.798,-2407.42,YA_COW,Peter,Pomacentridae,Chromis,viridis,37372053,1,AD,Passing,
GX020042_L.MP4,10638,41.1511,YA_COW_Transect 5,1.0449,,4.927,5.316,2903.882,27.051,,,1060.168,785.983,-2586.659,YA_COW,Peter,Pomacentridae,Chromis,viridis,37372053,1,AD,Passing,
GX020042_L.MP4,10638,41.1511,YA_COW_Transect 5,1.0449,,4.203,0.596,2648.281,25.95,,,909.429,716.876,-2381.684,YA_COW,Peter,Pomacentridae,Chromis,viridis,37372053,1,AD,Passing,
GX020042_L.MP4,10638,41.1511,YA_COW_Transect 5,1.0449,,5.449,4.975,3063.653,26.795,,,1129.261,793.498,-2735.16,YA_COW,Peter,Pomacentridae,Chromis,viridis,37372053,1,AD,Passing,
GX020042_L.MP4,10638,41.1511,YA_COW_Transect 5,1.0449,,4.477,0.026,2758.449,26.42,,,1013.914,690.197,-2470.759,YA_COW,Peter,Pomacentridae,Chromis,viridis,37372053,1,AD,Passing,
GX020042_L.MP4,10638,41.1511,YA_COW_Transect 5,1.0449,,4.492,7.604,2778.691,27.048,,,1062.538,682.392,-2475.172,YA_COW,Peter,Pomacentridae,Chromis,viridis,37372053,1,AD,Passing,
GX020042_L.MP4,10638,41.1511,YA_COW_Transect 5,1.0449,,4.723,4.242,2863.311,27.318,,,1120.205,685.433,-2544.381,YA_COW,Peter,Pomacentridae,Chromis,viridis,37372053,1,AD,Passing,
GX020042_L.MP4,10638,41.1511,YA_COW_Transect 5,1.0449,,4.593,7.713,2748.219,24.834,,,841.686,788.351,-2494.549,YA_COW,Peter,Pomacentridae,Chromis,viridis,37372053,1,AD,Passing,
GX020042_L.MP4,10638,41.1511,YA_COW_Transect 5,1.0449,,5.887,3.932,3103.289,23.299,,,843.817,889.708,-2850.753,YA_COW,Peter,Pomacentridae,Chromis,viridis,37372053,1,AD,Passing,
GX020042_L.MP4,10638,41.1511,YA_COW_Transect 5,1.0449,,3.872,3.572,2468.863,21.593,,,557.779,715.874,-2296.016,YA_COW,Peter,Pomacentridae,Chromis,viridis,37372053,1,AD,Passing,
GX020042_L.MP4,10638,41.1511,YA_COW_Transect 5,1.0449,,3.412,0.877,2345.881,24.844,,,719.939,671.894,-2129.179,YA_COW,Peter,Pomacentridae,Chromis,viridis,37372053,1,AD,Passing,
GX020042_L.MP4,10638,41.1511,YA_COW_Transect 5,1.0449,,3.259,1.206,2301.004,25.639,,,750.602,652.946,-2074.821,YA_COW,Peter,Pomacentridae,Chromis,viridis,37372053,1,AD,Passing,
GX020042_L.MP4,10638,41.1511,YA_COW_Transect 5,1.0449,,3.531,2.636,2350.456,20.68,,,596.421,576.037,-2199.342,YA_COW,Peter,Pomacentridae,Chromis,viridis,37372053,1,AD,Passing,
GX020042_L.MP4,10638,41.1511,YA_COW_Transect 5,1.0449,,4.879,4.085,2819.199,23.167,,,819.797,745.529,-2592.297,YA_COW,Peter,Pomacentridae,Chromis,viridis,37372053,1,AD,Passing,
GX020042_L.MP4,10638,41.1511,YA_COW_Transect 5,1.0449,,4.687,1.476,2785.221,24.363,,,906.142,704.899,-2537.613,YA_COW,Peter,Pomacentridae,Chromis,viridis,37372053,1,AD,Passing,
GX020042_L.MP4,10638,41.1511,YA_COW_Transect 5,1.0449,,5.392,1.079,2929.619,20.026,,,422.064,908.5,-2753.027,YA_COW,Peter,Pomacentridae,Chromis,viridis,37372053,1,AD,Passing,
GX020042_L.MP4,10638,41.1511,YA_COW_Transect 5,1.0449,,4.118,0.559,2543.71,17.115,,,114.498,738.376,-2431.491,YA_COW,Peter,Pomacentridae,Chromis,viridis,37372053,1,AD,Passing,
GX020042_L.MP4,10638,41.1511,YA_COW_Transect 5,1.0449,,4.88,0.54,2788.943,16.852,,,8.948,806.924,-2669.643,YA_COW,Peter,Pomacentridae,Chromis,viridis,37372053,1,AD,Passing,
GX020042_L.MP4,10638,41.1511,YA_COW_Transect 5,1.0449,,6.113,5.43,3134.245,18.245,,,230.744,951.993,-2977.24,YA_COW,Peter,Pomacentridae,Chromis,viridis,37372053,1,AD,Passing,
GX020042_L.MP4,10638,41.1511,YA_COW_Transect 5,1.0449,,6.215,2.971,3171.883,18.604,,,138.408,1000.657,-3006.721,YA_COW,Peter,Pomacentridae,Chromis,viridis,37372053,1,AD,Passing,
GX020042_L.MP4,10638,41.1511,YA_COW_Transect 5,1.0449,,4.124,2.655,2546.338,15.501,,,-57.175,676.7,-2454.107,YA_COW,Peter,Pomacentridae,Chromis,viridis,37372053,1,AD,Passing,
GX020042_L.MP4,10638,41.1511,YA_COW_Transect 5,1.0449,,4.559,5.748,2673.838,18.595,,,403.332,749.727,-2534.688,YA_COW,Peter,Pomacentridae,Chromis,viridis,37372053,1,AD,Passing,
GX020042_L.MP4,10638,41.1511,YA_COW_Transect 5,1.0449,,4.613,2.69,2693.558,19.068,,,387.896,788.386,-2546.221,YA_COW,Peter,Pomacentridae,Chromis,viridis,37372053,1,AD,Passing,
GX020042_L.MP4,10638,41.1511,YA_COW_Transect 5,1.0449,,4.175,2.657,2551.389,17.882,,,327.885,710.096,-2428.547,YA_COW,Peter,Pomacentridae,Chromis,viridis,37372053,1,AD,Passing,
GX020042_L.MP4,10638,41.1511,YA_COW_Transect 5,1.0449,,3.809,0.31,2425.495,14.273,,,226.601,552.021,-2350.947,YA_COW,Peter,Pomacentridae,Chromis,viridis,37372053,1,AD,Passing,
GX020042_L.MP4,10638,41.1511,YA_COW_Transect 5,1.0449,,3.459,3.093,2307.547,13.785,,,124.373,534.282,-2241.394,YA_COW,Peter,Pomacentridae,Chromis,viridis,37372053,1,AD,Passing,
GX020042_L.MP4,10638,41.1511,YA_COW_Transect 5,1.0449,,4.053,0.723,2508.285,14.682,,,227.408,592.255,-2426.729,YA_COW,Peter,Pomacentridae,Chromis,viridis,37372053,1,AD,Passing,
GX020042_L.MP4,10638,41.1511,YA_COW_Transect 5,1.0449,,3.9,1.717,2463.02,16.484,,,194.996,669.727,-2362.183,YA_COW,Peter,Pomacentridae,Chromis,viridis,37372053,1,AD,Passing,
GX020042_L.MP4,10638,41.1511,YA_COW_Transect 5,1.0449,,4.092,2.649,2532.552,12.496,,,-183.711,514.805,-2472.862,YA_COW,Peter,Pomacentridae,Chromis,viridis,37372053,1,AD,Passing,
GX020042_L.MP4,10638,41.1511,YA_COW_Transect 5,1.0449,,5.101,5.324,2849.994,13.632,,,-265.124,615.546,-2770.068,YA_COW,Peter,Pomacentridae,Chromis,viridis,37372053,1,AD,Passing,
GX020042_L.MP4,10638,41.1511,YA_COW_Transect 5,1.0449,,5.02,7.157,2825.936,13.503,,,-88.712,652.25,-2748.202,YA_COW,Peter,Pomacentridae,Chromis,viridis,37372053,1,AD,Passing,
GX020042_L.MP4,10638,41.1511,YA_COW_Transect 5,1.0449,,4.669,0.002,2719.226,15.052,,,-252.847,657.798,-2626.321,YA_COW,Peter,Pomacentridae,Chromis,viridis,37372053,1,AD,Passing,
GX020042_L.MP4,10638,41.1511,YA_COW_Transect 5,1.0449,,4.72,11.806,2735.058,14.376,,,-81.621,672.591,-2649.812,YA_COW,Peter,Pomacentridae,Chromis,viridis,37372053,1,AD,Passing,
GX020042_L.MP4,10638,41.1511,YA_COW_Transect 5,1.0449,,4.507,11.072,2668.496,14.614,,,-113.142,662.17,-2582.557,YA_COW,Peter,Pomacentridae,Chromis,viridis,37372053,1,AD,Passing,
GX020042_L.MP4,10638,41.1511,YA_COW_Transect 5,1.0449,,4.948,0.967,2804.785,12.408,,,-99.929,592.727,-2739.618,YA_COW,Peter,Pomacentridae,Chromis,viridis,37372053,1,AD,Passing,
GX020042_L.MP4,10638,41.1511,YA_COW_Transect 5,1.0449,,3.489,2.387,2320.955,12.48,,,41.056,498.527,-2266.411,YA_COW,Peter,Pomacentridae,Chromis,viridis,37372053,1,AD,Passing,
GX020042_L.MP4,10638,41.1511,YA_COW_Transect 5,1.0449,,3.96,0.493,2486.336,11.134,,,36.053,477.323,-2439.822,YA_COW,Peter,Pomacentridae,Chromis,viridis,37372053,1,AD,Passing,
GX020042_L.MP4,10638,41.1511,YA_COW_Transect 5,1.0449,,2.524,1.967,1945.005,10.113,,,29.853,339.111,-1914.982,YA_COW,Peter,Pomacentridae,Chromis,viridis,37372053,1,AD,Passing,
GX020042_L.MP4,10638,41.1511,YA_COW_Transect 5,1.0449,,3.513,1.377,2332.33,11.473,,,-106.406,450.209,-2285.99,YA_COW,Peter,Pomacentridae,Chromis,viridis,37372053,1,AD,Passing,
GX020042_L.MP4,10638,41.1511,YA_COW_Transect 5,1.0449,,3.119,0.123,2186.179,11.51,,,-164.307,402.853,-2142.45,YA_COW,Peter,Pomacentridae,Chromis,viridis,37372053,1,AD,Passing,
GX020042_L.MP4,10638,41.1511,YA_COW_Transect 5,1.0449,,3.996,0.451,2502.527,10.673,,,-186.998,422.662,-2459.478,YA_COW,Peter,Pomacentridae,Chromis,viridis,37372053,1,AD,Passing,
GX020042_L.MP4,10685,41.1772,YA_COW_Transect 5,1.0711,170.473,4.818,3.148,1867.061,21.23,61.758,17.28,653.728,-172.434,-1740.351,YA_COW,Peter,Holocentridae,Myripristis,kuntee,37261011,1,AD,Passing,
GX020042_L.MP4,10685,41.1772,YA_COW_Transect 5,1.0711,69.176,4.321,5.103,2080.633,20.044,49.1,40.452,-647.703,-298.325,-1954.614,YA_COW,Peter,Pomacentridae,Chromis,ternatensis,37372051,1,AD,Passing,
GX020042_L.MP4,10685,41.1772,YA_COW_Transect 5,1.0711,61.024,3.789,2.175,2108.021,13.2,34.256,43.088,-435.268,-205.579,-2052.324,YA_COW,Peter,Pomacentridae,Chromis,ternatensis,37372051,1,AD,Passing,
GX020042_L.MP4,10685,41.1772,YA_COW_Transect 5,1.0711,60.669,4.866,2.507,1877.083,1.693,67.077,42.384,5.398,55.191,-1876.264,YA_COW,Peter,Pomacentridae,Chromis,ternatensis,37372051,1,AD,Passing,
GX020042_L.MP4,10685,41.1772,YA_COW_Transect 5,1.0711,,3.919,0.4,2495.694,8.159,,,-340.14,-100.185,-2470.376,YA_COW,Peter,Pomacentridae,Chromis,ternatensis,37372051,1,AD,Passing,
GX020042_L.MP4,10685,41.1772,YA_COW_Transect 5,1.0711,,3.739,0.05,2436.179,10.933,,,-440.927,-139.534,-2391.878,YA_COW,Peter,Pomacentridae,Chromis,ternatensis,37372051,1,AD,Passing,
GX020042_L.MP4,10710,41.1912,YA_COW_Transect 5,1.085,87.778,5.423,3.738,1943.114,18.225,74.024,26.386,-532.187,-293.407,-1845.638,YA_COW,Peter,Pomacentridae,Chromis,ternatensis,37372051,1,AD,Passing,
GX020042_L.MP4,10710,41.1912,YA_COW_Transect 5,1.085,79.999,5.426,5.791,1899.075,18.569,86.073,23.078,-542.725,-266.777,-1800.213,YA_COW,Peter,Pomacentridae,Chromis,ternatensis,37372051,1,AD,Passing,
GX020042_L.MP4,10710,41.1912,YA_COW_Transect 5,1.085,65.386,4.267,4.564,1812.039,15.627,63.602,36.003,-408.187,-267.654,-1745.058,YA_COW,Peter,Pomacentridae,Chromis,ternatensis,37372051,1,AD,Passing,
GX020042_L.MP4,10710,41.1912,YA_COW_Transect 5,1.085,65.739,2.006,2.419,1554.472,8.685,28.59,43.103,-196.383,-128.57,-1536.647,YA_COW,Peter,Pomacentridae,Chromis,ternatensis,37372051,1,AD,Passing,
GX020042_L.MP4,10733,41.2039,YA_COW_Transect 5,1.0978,63.977,1.603,3.815,1412.848,14.077,13.651,8.419,315.159,136.998,-1370.418,YA_COW,Peter,Pomacentridae,Chromis,ternatensis,37372051,1,AD,Passing,
GX020042_L.MP4,10733,41.2039,YA_COW_Transect 5,1.0978,63.156,2.006,1.73,1658.695,3.466,16.708,4.291,97.827,22.027,-1655.661,YA_COW,Peter,Pomacentridae,Chromis,ternatensis,37372051,1,AD,Passing,
GX020042_L.MP4,10733,41.2039,YA_COW_Transect 5,1.0978,,5.623,0.456,3080.735,15.37,,,-790.911,-204.666,-2970.437,YA_COW,Peter,Pomacentridae,Abudefduf,vaigiensis,37372013,1,AD,Passing,
GX020042_L.MP4,10750,41.2134,YA_COW_Transect 5,1.1072,72.14,2.53,6.22,1615.938,11.06,42.461,47.199,-237.173,-199.622,-1585.925,YA_COW,Peter,Pomacentridae,Chromis,viridis,37372053,1,AD,Passing,
GX020042_L.MP4,10750,41.2134,YA_COW_Transect 5,1.1072,82.78,2.713,2.874,1515.075,14.972,45.142,28.864,-298.941,-252.661,-1463.642,YA_COW,Peter,Pomacentridae,Chromis,viridis,37372053,1,AD,Passing,
GX020042_L.MP4,10750,41.2134,YA_COW_Transect 5,1.1072,67.556,1.403,8.334,1611.052,9.239,2.827,45.457,-167.007,-197.536,-1590.15,YA_COW,Peter,Pomacentridae,Chromis,viridis,37372053,1,AD,Passing,
GX020042_L.MP4,10750,41.2134,YA_COW_Transect 5,1.1072,71.419,1.691,12.4,1383.624,8.159,27.654,35.966,-74.029,-181.877,-1369.618,YA_COW,Peter,Pomacentridae,Chromis,viridis,37372053,1,AD,Passing,
GX020042_L.MP4,10750,41.2134,YA_COW_Transect 5,1.1072,76.103,2.436,12.922,1474.471,15.249,33.84,12.426,356.223,153.28,-1422.56,YA_COW,Peter,Pomacentridae,Chromis,viridis,37372053,1,AD,Passing,
GX020042_L.MP4,10780,41.2301,YA_COW_Transect 5,1.1239,110.733,2.456,3.098,1684.988,15.972,18.199,3.694,462.902,26.481,-1619.939,YA_COW,Peter,Chaetodontidae,Chaetodon,lunula,37365042,1,AD,Passing,
GX020042_L.MP4,10856,41.2723,YA_COW_Transect 5,1.1662,91.122,6.268,3.529,1996.977,17.366,67.086,4.901,-382.942,-456.737,-1905.955,YA_COW,Peter,Pomacentridae,Abudefduf,vaigiensis,37372013,1,AD,Passing,
GX020042_L.MP4,10856,41.2723,YA_COW_Transect 5,1.1662,,11.174,1.338,4325.104,11.121,,,-217.855,-807.806,-4243.409,YA_COW,Peter,Pomacentridae,Abudefduf,vaigiensis,37372013,1,AD,Passing,
GX020042_L.MP4,10856,41.2723,YA_COW_Transect 5,1.1662,,9.593,6.075,3987.006,13.12,,,-530.787,-735.326,-3882.496,YA_COW,Peter,Pomacentridae,Abudefduf,vaigiensis,37372013,1,AD,Passing,
GX020042_L.MP4,10856,41.2723,YA_COW_Transect 5,1.1662,,8.949,10.918,3868.625,13.352,,,-698.772,-558.85,-3763.73,YA_COW,Peter,Pomacentridae,Abudefduf,vaigiensis,37372013,1,AD,Passing,
GX020042_L.MP4,10856,41.2723,YA_COW_Transect 5,1.1662,,17.173,8.091,5426.928,9.396,,,-425.222,-780.458,-5353.655,YA_COW,Peter,Pomacentridae,Abudefduf,vaigiensis,37372013,1,AD,Passing,
GX020042_L.MP4,10856,41.2723,YA_COW_Transect 5,1.1662,,7.95,4.497,3641.602,7.145,,,-69.665,-449.645,-3613.064,YA_COW,Peter,Pomacentridae,Abudefduf,vaigiensis,37372013,1,AD,Passing,
GX020042_L.MP4,10856,41.2723,YA_COW_Transect 5,1.1662,,9.633,9.821,4117.602,20,,,-1236.59,-676.139,-3868.892,YA_COW,Peter,Pomacentridae,Abudefduf,vaigiensis,37372013,1,AD,Passing,
GX020042_L.MP4,10856,41.2723,YA_COW_Transect 5,1.1662,,18.667,3.245,5744.527,19.682,,,-1609.674,-1076.52,-5408.294,YA_COW,Peter,Pomacentridae,Abudefduf,vaigiensis,37372013,1,AD,Passing,
GX020042_L.MP4,10856,41.2723,YA_COW_Transect 5,1.1662,,14.684,5.96,5074.453,20.619,,,-1420.087,-1087.464,-4748.773,YA_COW,Peter,Pomacentridae,Abudefduf,vaigiensis,37372013,1,AD,Passing,
GX020042_L.MP4,10856,41.2723,YA_COW_Transect 5,1.1662,,9.403,4.358,4115.205,24.273,,,-1395.894,-957.879,-3750.847,YA_COW,Peter,Pomacentridae,Abudefduf,vaigiensis,37372013,1,AD,Passing,
GX020042_L.MP4,10856,41.2723,YA_COW_Transect 5,1.1662,,12.115,2.796,4573.123,21.216,,,-1188.998,-1153.596,-4262.505,YA_COW,Peter,Pomacentridae,Abudefduf,vaigiensis,37372013,1,AD,Passing,
GX020042_L.MP4,10856,41.2723,YA_COW_Transect 5,1.1662,,10.322,1.817,4149.419,8.77,,,250.364,-583.404,-4100.565,YA_COW,Peter,Pomacentridae,Abudefduf,vaigiensis,37372013,1,AD,Passing,
GX020042_L.MP4,10856,41.2723,YA_COW_Transect 5,1.1662,,11.852,4.173,4441.124,9.723,,,467.339,-589.223,-4376.984,YA_COW,Peter,Pomacentridae,Abudefduf,vaigiensis,37372013,1,AD,Passing,
GX020042_L.MP4,10856,41.2723,YA_COW_Transect 5,1.1662,,12.495,5.844,4610.068,15.245,,,1156.577,-365.706,-4447.619,YA_COW,Peter,Pomacentridae,Abudefduf,vaigiensis,37372013,1,AD,Passing,
GX020042_L.MP4,10864,41.2768,YA_COW_Transect 5,1.1706,70.117,3.696,0.515,1934.825,18.936,41.952,41.836,5.409,-627.861,-1830.112,YA_COW,Peter,Pomacentridae,Chromis,ternatensis,37372051,1,AD,Passing,
GX020042_L.MP4,10864,41.2768,YA_COW_Transect 5,1.1706,50.502,2.177,1.723,2031.266,16.103,9.215,35.471,43.068,-561.764,-1951.566,YA_COW,Peter,Pomacentridae,Chromis,ternatensis,37372051,1,AD,Passing,
GX020042_L.MP4,10864,41.2768,YA_COW_Transect 5,1.1706,63.098,2.311,4.791,1753.58,22.194,14.215,13.671,516.64,-414.549,-1623.661,YA_COW,Peter,Pomacentridae,Chromis,ternatensis,37372051,1,AD,Passing,
GX020042_L.MP4,10864,41.2768,YA_COW_Transect 5,1.1706,61.827,2.646,5.911,1574.444,23.247,35.886,3.904,476.049,-399.448,-1446.614,YA_COW,Peter,Pomacentridae,Chromis,ternatensis,37372051,1,AD,Passing,
GX020042_L.MP4,10921,41.3085,YA_COW_Transect 5,1.2023,141.821,5.14,19.918,1914.502,25.623,82.212,11.953,-545.066,-623.197,-1726.223,YA_COW,Peter,Pomacentridae,Abudefduf,vaigiensis,37372013,1,AD,Passing,
GX020042_L.MP4,10967,41.3341,YA_COW_Transect 5,1.2279,57.334,2.402,3.209,1619.875,19.139,28.571,15.598,262.645,-461.604,-1530.338,YA_COW,Peter,Pomacentridae,Abudefduf,vaigiensis,37372013,1,AD,Passing,
GX020042_L.MP4,10967,41.3341,YA_COW_Transect 5,1.2279,65.8,2.231,6.549,1282.458,19.609,54.283,12.037,250.893,-349.704,-1208.08,YA_COW,Peter,Pomacentridae,Chromis,viridis,37372053,1,AD,Passing,
GX020042_L.MP4,10967,41.3341,YA_COW_Transect 5,1.2279,69.346,1.348,1.262,1383.764,21.437,18.432,19.637,70.125,-500.854,-1288.034,YA_COW,Peter,Pomacentridae,Chromis,viridis,37372053,1,AD,Passing,
GX020042_L.MP4,10967,41.3341,YA_COW_Transect 5,1.2279,70.339,2.361,0.783,1612.501,16.226,28.575,28.592,286.086,-348.091,-1548.272,YA_COW,Peter,Pomacentridae,Chromis,viridis,37372053,1,AD,Passing,
GX020042_L.MP4,10967,41.3341,YA_COW_Transect 5,1.2279,65.297,1.895,3.539,1400.454,19.769,26.804,23.026,423.927,-211.335,-1317.913,YA_COW,Peter,Pomacentridae,Chromis,viridis,37372053,1,AD,Passing,
GX020042_L.MP4,11063,41.3875,YA_COW_Transect 5,1.2813,328.068,25.346,15.088,5556.921,23.902,32.483,30.639,2040.028,952.602,-5080.375,YA_COW,Peter,Lutjanidae,Lutjanus,bohar,37346029,1,AD,Passing,
GX020042_L.MP4,11063,41.3875,YA_COW_Transect 5,1.2813,,6.958,0.909,3438.757,21.05,,,1137.48,479.502,-3209.559,YA_COW,Peter,Pomacentridae,Chromis,viridis,37372053,1,AD,Passing,
GX020042_L.MP4,11063,41.3875,YA_COW_Transect 5,1.2813,,8.411,0.027,3851.29,23.096,,,1416.874,522.262,-3542.901,YA_COW,Peter,Pomacentridae,Chromis,viridis,37372053,1,AD,Passing,
GX020042_L.MP4,11063,41.3875,YA_COW_Transect 5,1.2813,,6.778,0.643,3431.315,22.73,,,1244.059,456.511,-3165.097,YA_COW,Peter,Pomacentridae,Chromis,viridis,37372053,1,AD,Passing,
GX020042_L.MP4,11063,41.3875,YA_COW_Transect 5,1.2813,,7.753,1.136,3710.324,24.109,,,1419.616,528.68,-3386.989,YA_COW,Peter,Pomacentridae,Chromis,viridis,37372053,1,AD,Passing,
GX020042_L.MP4,11063,41.3875,YA_COW_Transect 5,1.2813,,6.282,0.32,3289.102,22.24,,,1171.221,420.125,-3044.655,YA_COW,Peter,Pomacentridae,Chromis,viridis,37372053,1,AD,Passing,
GX020042_L.MP4,11063,41.3875,YA_COW_Transect 5,1.2813,,7.449,4.404,3639.815,23.575,,,1391.727,425.024,-3336.271,YA_COW,Peter,Pomacentridae,Chromis,viridis,37372053,1,AD,Passing,
GX020042_L.MP4,11063,41.3875,YA_COW_Transect 5,1.2813,,6.088,0.795,3331.04,26.187,,,1412.689,404.619,-2989.384,YA_COW,Peter,Pomacentridae,Chromis,viridis,37372053,1,AD,Passing,
GX020042_L.MP4,11063,41.3875,YA_COW_Transect 5,1.2813,,6.709,6.113,3440.752,24.793,,,1330.502,556.299,-3123.951,YA_COW,Peter,Pomacentridae,Chromis,viridis,37372053,1,AD,Passing,
GX020042_L.MP4,11063,41.3875,YA_COW_Transect 5,1.2813,,6.193,8.19,3252.75,20.806,,,1108.992,322.35,-3040.824,YA_COW,Peter,Pomacentridae,Chromis,viridis,37372053,1,AD,Passing,
GX020042_L.MP4,11063,41.3875,YA_COW_Transect 5,1.2813,,6.311,3.591,3318.344,22.375,,,1219.984,325.789,-3068.698,YA_COW,Peter,Pomacentridae,Chromis,viridis,37372053,1,AD,Passing,
GX020042_L.MP4,11063,41.3875,YA_COW_Transect 5,1.2813,,7.52,0.354,3621.782,21.124,,,1267.211,310.884,-3378.585,YA_COW,Peter,Pomacentridae,Chromis,viridis,37372053,1,AD,Passing,
GX020042_L.MP4,11063,41.3875,YA_COW_Transect 5,1.2813,,9.254,1.879,4004.109,19.433,,,1288.825,334.899,-3776.196,YA_COW,Peter,Pomacentridae,Chromis,viridis,37372053,1,AD,Passing,
GX020042_L.MP4,11063,41.3875,YA_COW_Transect 5,1.2813,,4.382,2.145,2698.965,20.343,,,912.215,218.13,-2530.75,YA_COW,Peter,Pomacentridae,Chromis,viridis,37372053,1,AD,Passing,
GX020042_L.MP4,11063,41.3875,YA_COW_Transect 5,1.2813,,6.024,5.369,3318.837,28.936,,,1444.773,699.047,-2904.934,YA_COW,Peter,Pomacentridae,Chromis,viridis,37372053,1,AD,Passing,
GX020042_L.MP4,11063,41.3875,YA_COW_Transect 5,1.2813,,5.065,10.731,3040.918,29.182,,,1350.777,609.857,-2655.308,YA_COW,Peter,Pomacentridae,Chromis,viridis,37372053,1,AD,Passing,
GX020042_L.MP4,11063,41.3875,YA_COW_Transect 5,1.2813,,5.875,18.31,3254.544,27.377,,,1369.717,601.292,-2890.394,YA_COW,Peter,Pomacentridae,Chromis,viridis,37372053,1,AD,Passing,
GX020042_L.MP4,11063,41.3875,YA_COW_Transect 5,1.2813,,5.741,1.846,3239.338,27.352,,,1406.989,483.596,-2877.468,YA_COW,Peter,Pomacentridae,Chromis,viridis,37372053,1,AD,Passing,
GX020042_L.MP4,11063,41.3875,YA_COW_Transect 5,1.2813,,9.895,1.929,4284.503,27.251,,,1820.801,728.159,-3809.388,YA_COW,Peter,Pomacentridae,Chromis,viridis,37372053,1,AD,Passing,
GX020042_L.MP4,11063,41.3875,YA_COW_Transect 5,1.2813,,5.255,0.41,3165.641,31.035,,,1536.407,548.972,-2712.816,YA_COW,Peter,Pomacentridae,Chromis,viridis,37372053,1,AD,Passing,
GX020042_L.MP4,11063,41.3875,YA_COW_Transect 5,1.2813,,5.205,5.059,3128.814,30.62,,,1479.372,590.99,-2692.892,YA_COW,Peter,Pomacentridae,Chromis,viridis,37372053,1,AD,Passing,
GX020042_L.MP4,11063,41.3875,YA_COW_Transect 5,1.2813,,5.082,15.132,3117.165,31.89,,,1532.886,600.199,-2647.024,YA_COW,Peter,Pomacentridae,Chromis,viridis,37372053,1,AD,Passing,
GX020042_L.MP4,11092,41.4036,YA_COW_Transect 5,1.2974,132.697,4.283,3.966,2723.846,22.842,14.035,0.621,554.254,-900.482,-2510.234,YA_COW,Peter,Holocentridae,Myripristis,kuntee,37261011,1,AD,Passing,
GX020042_L.MP4,11092,41.4036,YA_COW_Transect 5,1.2974,131.626,5.02,5.627,2592.609,26.439,27.372,36.748,860.108,-769.886,-2321.446,YA_COW,Peter,Holocentridae,Myripristis,kuntee,37261011,1,AD,Passing,
GX020042_L.MP4,11141,41.4308,YA_COW_Transect 5,1.3247,144.632,12.951,10.352,3320.39,22.806,51.696,16.348,-940.056,-879.07,-3060.804,YA_COW,Peter,Pomacentridae,Abudefduf,vaigiensis,37372013,1,AD,Passing,
GX020042_L.MP4,11162,41.4425,YA_COW_Transect 5,1.3363,45.381,4.175,1.937,2047.09,20.151,48.328,46.07,384.019,-591.467,-1921.789,YA_COW,Peter,Pomacentridae,Chromis,ternatensis,37372051,1,AD,Passing,
GX020042_L.MP4,11162,41.4425,YA_COW_Transect 5,1.3363,42.796,3.451,5.942,2016.251,23.333,32.486,37.675,491.824,-629.18,-1851.353,YA_COW,Peter,Pomacentridae,Chromis,ternatensis,37372051,1,AD,Passing,
GX020042_L.MP4,11162,41.4425,YA_COW_Transect 5,1.3363,,2.733,2.377,2057.962,22.614,,,374.007,-698.472,-1899.332,YA_COW,Peter,Pomacentridae,Chromis,ternatensis,37372051,1,AD,Passing,
GX020042_L.MP4,11162,41.4425,YA_COW_Transect 5,1.3363,,2.597,4.873,2001.125,22.031,,,312.309,-683.667,-1854.606,YA_COW,Peter,Pomacentridae,Chromis,ternatensis,37372051,1,AD,Passing,
GX020042_L.MP4,11162,41.4425,YA_COW_Transect 5,1.3363,,2.689,0.685,2042.698,21.548,,,215.088,-719.874,-1899.509,YA_COW,Peter,Pomacentridae,Chromis,ternatensis,37372051,1,AD,Passing,
GX020042_L.MP4,11162,41.4425,YA_COW_Transect 5,1.3363,,2.601,3.28,2013.06,24.102,,,469.489,-675.876,-1837.167,YA_COW,Peter,Pomacentridae,Chromis,ternatensis,37372051,1,AD,Passing,
GX020042_L.MP4,11162,41.4425,YA_COW_Transect 5,1.3363,,2.477,0.748,1956.525,22.874,,,311.917,-694.665,-1802.259,YA_COW,Peter,Pomacentridae,Chromis,ternatensis,37372051,1,AD,Passing,
GX020042_L.MP4,11162,41.4425,YA_COW_Transect 5,1.3363,,3.128,0.828,2213.433,19.998,,,99.048,-751.667,-2079.537,YA_COW,Peter,Pomacentridae,Chromis,ternatensis,37372051,1,AD,Passing,
GX020042_L.MP4,11162,41.4425,YA_COW_Transect 5,1.3363,43.705,3.116,11.03,1716.473,27.04,51.142,30.854,648.036,-434.706,-1528.842,YA_COW,Peter,Pomacentridae,Chromis,viridis,37372053,1,AD,Passing,
GX020042_L.MP4,11198,41.4625,YA_COW_Transect 5,1.3564,79.727,2.199,3.174,2432.643,18.882,1.291,20.022,-109.54,-779.613,-2301.729,YA_COW,Peter,Pomacentridae,Stegastes,lacrymatus,temp_code_006,1,AD,Passing,
GX020042_L.MP4,11198,41.4625,YA_COW_Transect 5,1.3564,179.072,12.187,4.548,4191.424,22.485,12.514,9.887,1581.495,261.547,-3872.79,YA_COW,Peter,Acanthuridae,Acanthurus,nigrofuscus,37437014,1,AD,Passing,
GX020042_L.MP4,11198,41.4625,YA_COW_Transect 5,1.3564,126.935,8.948,2.664,3017.855,17.073,31.903,17.86,817.965,340.485,-2884.866,YA_COW,Peter,Pomacentridae,Abudefduf,vaigiensis,37372013,1,AD,Passing,
GX020042_L.MP4,11216,41.4725,YA_COW_Transect 5,1.3664,,8.099,4.656,4108.768,29.081,,,-1982.441,-243.074,-3590.657,YA_COW,Peter,Caesionidae,Pterocaesio,tile,37346063,1,AD,Passing,
GX020042_L.MP4,11216,41.4725,YA_COW_Transect 5,1.3664,,7.998,3.74,4060.798,28.393,,,-1916.549,-237.556,-3572.182,YA_COW,Peter,Caesionidae,Pterocaesio,tile,37346063,1,AD,Passing,
GX020042_L.MP4,11216,41.4725,YA_COW_Transect 5,1.3664,,7.607,3.109,3914.474,27.219,,,-1772.44,-255.193,-3480.867,YA_COW,Peter,Caesionidae,Pterocaesio,tile,37346063,1,AD,Passing,
GX020042_L.MP4,11216,41.4725,YA_COW_Transect 5,1.3664,,7.772,15.24,3971.694,28.122,,,-1839.529,-349.535,-3502.615,YA_COW,Peter,Caesionidae,Pterocaesio,tile,37346063,1,AD,Passing,
GX020042_L.MP4,11216,41.4725,YA_COW_Transect 5,1.3664,,9.457,8.074,4334.508,25.493,,,-1844.163,-284.354,-3912.309,YA_COW,Peter,Caesionidae,Pterocaesio,tile,37346063,1,AD,Passing,
GX020042_L.MP4,11216,41.4725,YA_COW_Transect 5,1.3664,,10.565,4.341,4611.476,26.105,,,-2002.51,-330.061,-4140.86,YA_COW,Peter,Caesionidae,Pterocaesio,tile,37346063,1,AD,Passing,
GX020042_L.MP4,11216,41.4725,YA_COW_Transect 5,1.3664,,7.8,5.318,3861.031,23.983,,,-1540.647,-300.966,-3527.519,YA_COW,Peter,Caesionidae,Pterocaesio,tile,37346063,1,AD,Passing,
GX020042_L.MP4,11216,41.4725,YA_COW_Transect 5,1.3664,,10.175,1.446,4479.087,24.208,,,-1829.054,-168.935,-4085.124,YA_COW,Peter,Caesionidae,Pterocaesio,tile,37346063,1,AD,Passing,
GX020042_L.MP4,11216,41.4725,YA_COW_Transect 5,1.3664,,10.304,4.385,4490.647,23.885,,,-1804.552,-225.115,-4105.95,YA_COW,Peter,Caesionidae,Pterocaesio,tile,37346063,1,AD,Passing,
GX020042_L.MP4,11216,41.4725,YA_COW_Transect 5,1.3664,,10.298,1.607,4438.572,22.499,,,-1679.107,-258.359,-4100.582,YA_COW,Peter,Caesionidae,Pterocaesio,tile,37346063,1,AD,Passing,
GX020042_L.MP4,11216,41.4725,YA_COW_Transect 5,1.3664,,10.803,1.841,4544.867,21.559,,,-1669.767,-32.382,-4226.896,YA_COW,Peter,Caesionidae,Pterocaesio,tile,37346063,1,AD,Passing,
GX020042_L.MP4,11216,41.4725,YA_COW_Transect 5,1.3664,,9.765,6.823,4257.964,19.776,,,-1440.06,-43.447,-4006.819,YA_COW,Peter,Caesionidae,Pterocaesio,tile,37346063,1,AD,Passing,
GX020042_L.MP4,11249,41.4909,YA_COW_Transect 5,1.3847,150.428,13.99,5.119,3745.563,23.039,42.087,19.697,-1452.773,-195.445,-3446.809,YA_COW,Peter,Caesionidae,Pterocaesio,tile,37346063,1,AD,Passing,
GX020042_L.MP4,11262,41.4981,YA_COW_Transect 5,1.3919,158.346,14.904,2.856,3532.146,23.312,58.943,17.365,-1392.929,-116.768,-3243.789,YA_COW,Peter,Caesionidae,Pterocaesio,tile,37346063,1,AD,Passing,
GX020042_L.MP4,11262,41.4981,YA_COW_Transect 5,1.3919,193.119,14.927,1.122,3604.412,26.893,62.604,12.449,-1620.941,175.231,-3214.597,YA_COW,Peter,Caesionidae,Pterocaesio,tile,37346063,1,AD,Passing,
GX020042_L.MP4,11270,41.5026,YA_COW_Transect 5,1.3964,144.481,6.455,13.846,2449.333,24.909,44.821,10.719,-626.397,-819.654,-2221.492,YA_COW,Peter,Holocentridae,Myripristis,kuntee,37261011,1,AD,Passing,
GX020042_L.MP4,11282,41.5092,YA_COW_Transect 5,1.4031,186.285,14.668,6.625,3910.923,27.522,36.456,1.171,1802.422,130.997,-3468.348,YA_COW,Peter,Acanthuridae,Acanthurus,sp,,1,AD,Passing,
GX020042_L.MP4,11322,41.5315,YA_COW_Transect 5,1.4253,167.754,3.507,5.211,2094.143,13.092,28.337,39.745,-334.696,-336.167,-2039.707,YA_COW,Peter,Acanthuridae,Acanthurus,lineatus,37437010,1,AD,Passing,
GX020042_L.MP4,11322,41.5315,YA_COW_Transect 5,1.4253,70.938,4.154,4.55,2420.22,8.651,19.672,17.145,-154.041,-329.841,-2392.685,YA_COW,Peter,Pomacentridae,Pomacentrus,maafu,temp_code_005,1,AD,Passing,
GX020042_L.MP4,11345,41.5443,YA_COW_Transect 5,1.4381,,3.663,3.685,2444.873,18.629,,,-685.49,-375.575,-2316.56,YA_COW,Peter,Pomacentridae,Amphiprion,barberi,temp_code_014,1,AD,Passing,
GX020042_L.MP4,11345,41.5443,YA_COW_Transect 5,1.4381,,5.104,5.048,3006.103,22.648,,,-1070.068,-443.121,-2774.032,YA_COW,Peter,Pomacentridae,Pomacentrus,philippinus,37372123,1,AD,Passing,
GX020042_L.MP4,11358,41.5515,YA_COW_Transect 5,1.4453,91.659,3.699,7.415,1804.193,24.187,44.498,16.243,709.826,-206.289,-1645.815,YA_COW,Peter,Pomacentridae,Stegastes,lacrymatus,temp_code_006,1,AD,Passing,
GX020042_L.MP4,11361,41.5532,YA_COW_Transect 5,1.447,69.503,3.648,4.034,1691.376,19.779,49.518,18.036,569.588,56.141,-1591.594,YA_COW,Peter,Pomacentridae,Chromis,ternatensis,37372051,1,AD,Passing,
GX020042_L.MP4,11369,41.5576,YA_COW_Transect 5,1.4515,94.286,3.91,4.209,1608.911,14.454,57.017,0.247,-219.479,-336.296,-1557.988,YA_COW,Peter,Labridae,Labroides,dimidiatus,37384028,1,AD,Passing,
GX020042_L.MP4,11391,41.5699,YA_COW_Transect 5,1.4637,37.721,3.365,3.039,1588.155,18.217,50.587,0.765,-167.75,-467.283,-1508.557,YA_COW,Peter,Pomacentridae,Pomacentrus,coelestis,37372111,1,AD,Passing,
GX020042_L.MP4,11424,41.5882,YA_COW_Transect 5,1.482,74.13,5.198,4.777,2156.838,23.539,53.148,25.031,-854.284,-110.467,-1977.359,YA_COW,Peter,Pomacentridae,Pomacentrus,brachialis,37372109,1,AD,Passing,
GX020042_L.MP4,11424,41.5882,YA_COW_Transect 5,1.482,,4.614,0.171,2771.22,16.463,,,-744.837,-250.523,-2657.465,YA_COW,Peter,Pomacentridae,Chromis,viridis,37372053,1,AD,Passing,
GX020042_L.MP4,11436,41.5949,YA_COW_Transect 5,1.4887,60.088,6.004,6.388,2521.841,25.06,35.344,14.031,-1058.622,-142.611,-2284.439,YA_COW,Peter,Pomacentridae,Pomacentrus,brachialis,37372109,1,AD,Passing,
GX020042_L.MP4,11473,41.6155,YA_COW_Transect 5,1.5093,68.237,1.698,10.898,1211.549,23.052,47.782,26.988,297.975,-369.134,-1114.81,YA_COW,Peter,Pomacentridae,Pomacentrus,callainus,temp_code_004,1,AD,Passing,
GX020042_L.MP4,11509,41.6355,YA_COW_Transect 5,1.5293,,1.315,15.216,1404.815,27.992,,,496.905,-434.106,-1240.219,YA_COW,Peter,Labridae,Hemigymnus,melapterus,37384125,1,AD,Passing,
GX020042_L.MP4,11537,41.6511,YA_COW_Transect 5,1.5449,52.67,2.262,1.709,2166.829,17.371,10.042,2.765,181.618,-620.914,-2068.001,YA_COW,Peter,Pomacentridae,Stegastes,nigricans,37372135,1,AD,Passing,
GX020042_L.MP4,11556,41.6616,YA_COW_Transect 5,1.5554,57.702,4.059,4.98,1755.471,22.006,57.891,19.907,225.914,-617.783,-1627.57,YA_COW,Peter,Pomacentridae,Pomacentrus,callainus,temp_code_004,1,AD,Passing,
GX020042_L.MP4,11616,41.695,YA_COW_Transect 5,1.5888,267.575,13.725,3.373,3823.218,1.492,35.722,39.435,-37.98,91.996,-3821.922,YA_COW,Peter,Scaridae,Chlorurus,spilurus,temp_code_002,1,AD,Passing,
GX020042_L.MP4,11618,41.6961,YA_COW_Transect 5,1.5899,,6.609,1.408,3497.088,27.985,,,-1359.66,-920.528,-3087.649,YA_COW,Peter,Siganidae,Siganus,doliatus,37438009,1,AD,Passing,
GX020042_L.MP4,11641,41.7089,YA_COW_Transect 5,1.6027,111.202,8.656,15.716,3152.526,26.818,36.476,21.672,-944.792,-1063.161,-2813.446,YA_COW,Peter,Labridae,Coris,aygula,37384090,1,AD,Passing,
GX020042_L.MP4,11662,41.7206,YA_COW_Transect 5,1.6144,,4.77,2.192,2973.083,28.783,,,1369.093,416.592,-2606.005,YA_COW,Peter,Pomacentridae,Pomacentrus,callainus,temp_code_004,1,AD,Passing,
GX020042_L.MP4,11662,41.7206,YA_COW_Transect 5,1.6144,92.015,6.176,4.39,2798.13,24.194,17.429,6.771,1125.852,217.837,-2552.359,YA_COW,Peter,Labridae,Thalassoma,sp,,1,AD,Passing,
GX020042_L.MP4,11680,41.7306,YA_COW_Transect 5,1.6244,90.254,5.399,12.834,2161.561,27.424,52.895,11.436,823.446,559.53,-1918.648,YA_COW,Peter,Pomacentridae,Abudefduf,sexfasciatus,37372011,1,AD,Passing,
GX020042_L.MP4,11737,41.7623,YA_COW_Transect 5,1.6561,99.925,6.307,2.97,2186.142,22.141,58.378,14.559,823.91,-3.083,-2024.94,YA_COW,Peter,Pomacentridae,Pomacentrus,philippinus,37372123,1,AD,Passing,
GX020042_L.MP4,11737,41.7623,YA_COW_Transect 5,1.6561,160.33,6.676,5.549,2510.498,22.265,42.722,24.249,947.853,-79.95,-2323.313,YA_COW,Peter,Scaridae,Scarus,schlegeli,37386029,1,AD,Passing,
GX020042_L.MP4,11812,41.804,YA_COW_Transect 5,1.6978,152.773,7.18,4.161,2271.08,25.241,83.793,13.041,912.35,-324.847,-2054.238,YA_COW,Peter,Labridae,Thalassoma,hardwicke,37384165,1,AD,Passing,
GX020042_L.MP4,11812,41.804,YA_COW_Transect 5,1.6978,,13.925,2.932,5165.288,26.189,,,2226.262,-493.123,-4634.737,YA_COW,Peter,Scaridae,Scarus,schlegeli,37386029,1,AD,Passing,
GX020042_L.MP4,11849,41.8246,YA_COW_Transect 5,1.7184,342.334,8.534,7.995,5539.134,9.311,6.294,16.992,-162.45,-881.354,-5466.153,YA_COW,Peter,Haemulidae,Plectorhinchus,vittatus,37350015,1,AD,Passing,
GX020042_L.MP4,11849,41.8246,YA_COW_Transect 5,1.7184,340.924,24.206,7.898,5370.389,15.688,24.792,8.664,1199.959,-817.827,-5170.333,YA_COW,Peter,Haemulidae,Plectorhinchus,vittatus,37350015,1,AD,Passing,
GX020042_L.MP4,11901,41.8535,YA_COW_Transect 5,1.7473,331.581,23.238,9.749,5100.162,20.484,27.379,8.141,1774.276,-193.421,-4777.676,YA_COW,Peter,Lethrinidae,Lethrinus,sp,,1,AD,Passing,
GX020042_L.MP4,11944,41.8774,YA_COW_Transect 5,1.7712,254.964,18.387,6.224,5550.868,20.096,4.615,11.263,1907.043,30.247,-5212.908,YA_COW,Peter,Acanthuridae,Naso,sp,,1,AD,Passing,
GX020042_L.MP4,11944,41.8774,YA_COW_Transect 5,1.7712,,13.076,4.187,5061.375,26.153,,,2227.915,-118.186,-4543.12,YA_COW,Peter,Lethrinidae,Lethrinus,sp,,1,AD,Passing,
GX020042_L.MP4,11944,41.8774,YA_COW_Transect 5,1.7712,,16.029,3.708,5313.465,16.931,,,1532.91,-214.301,-5083.028,YA_COW,Peter,Lethrinidae,Lethrinus,sp,,1,AD,Passing,
GX020042_L.MP4,12255,42.0503,YA_COW_Transect 5,1.9442,,3.17,0.64,2293.366,23.328,,,876.871,-237.524,-2105.756,YA_COW,Peter,Pomacentridae,Chromis,viridis,37372053,1,AD,Passing,
GX020042_L.MP4,12255,42.0503,YA_COW_Transect 5,1.9442,,3.405,1.162,2422.284,24.882,,,1005.099,-170.171,-2197.334,YA_COW,Peter,Pomacentridae,Chromis,viridis,37372053,1,AD,Passing,
GX020042_L.MP4,12255,42.0503,YA_COW_Transect 5,1.9442,,2.989,0.676,2284.973,26.637,,,1016.791,-126.129,-2042.383,YA_COW,Peter,Pomacentridae,Chromis,viridis,37372053,1,AD,Passing,
GX020042_L.MP4,12255,42.0503,YA_COW_Transect 5,1.9442,,3.908,1.225,2683.28,27.741,,,1246.684,-77.602,-2374.816,YA_COW,Peter,Pomacentridae,Chromis,viridis,37372053,1,AD,Passing,
GX020042_L.MP4,12255,42.0503,YA_COW_Transect 5,1.9442,,2.79,0.831,2225.505,28.021,,,1043.612,-64.477,-1964.584,YA_COW,Peter,Pomacentridae,Chromis,viridis,37372053,1,AD,Passing,
GX020042_L.MP4,12255,42.0503,YA_COW_Transect 5,1.9442,,3.849,1.486,2659.63,27.627,,,1232.287,-51.585,-2356.361,YA_COW,Peter,Pomacentridae,Chromis,viridis,37372053,1,AD,Passing,
GX020042_L.MP4,12255,42.0503,YA_COW_Transect 5,1.9442,,3.407,3.003,2461.714,26.484,,,1096.784,-48.606,-2203.347,YA_COW,Peter,Pomacentridae,Chromis,viridis,37372053,1,AD,Passing,
GX020042_L.MP4,12255,42.0503,YA_COW_Transect 5,1.9442,,3.184,0.641,2310.976,23.095,,,905.534,-43.219,-2125.735,YA_COW,Peter,Pomacentridae,Chromis,viridis,37372053,1,AD,Passing,
GX020042_L.MP4,12255,42.0503,YA_COW_Transect 5,1.9442,,5.728,2.244,3180.835,22.508,,,1214.87,-84.409,-2938.482,YA_COW,Peter,Pomacentridae,Chromis,viridis,37372053,1,AD,Passing,
GX020042_L.MP4,12278,42.0631,YA_COW_Transect 5,1.957,,4.595,0,2698.081,12.576,,,552.05,-202.442,-2633.23,YA_COW,Peter,Pomacentridae,Chromis,viridis,37372053,1,AD,Passing,
GX020042_L.MP4,12278,42.0631,YA_COW_Transect 5,1.957,,5.26,1.351,2942.885,17.575,,,862.167,-216.795,-2805.395,YA_COW,Peter,Pomacentridae,Chromis,viridis,37372053,1,AD,Passing,
GX020042_L.MP4,12278,42.0631,YA_COW_Transect 5,1.957,,5.936,1.72,3145.289,18.109,,,945.26,-251.297,-2989.344,YA_COW,Peter,Pomacentridae,Chromis,viridis,37372053,1,AD,Passing,
GX020042_L.MP4,12278,42.0631,YA_COW_Transect 5,1.957,,4.638,1.145,2778.206,20.059,,,924.023,-234.369,-2609.537,YA_COW,Peter,Pomacentridae,Chromis,viridis,37372053,1,AD,Passing,
GX020042_L.MP4,12278,42.0631,YA_COW_Transect 5,1.957,,5.345,0.388,2996.329,19.497,,,977.44,-213.047,-2824.396,YA_COW,Peter,Pomacentridae,Chromis,viridis,37372053,1,AD,Passing,
GX020042_L.MP4,12278,42.0631,YA_COW_Transect 5,1.957,,4.779,5.16,2846.523,21.196,,,1008.575,-206.489,-2653.834,YA_COW,Peter,Pomacentridae,Chromis,viridis,37372053,1,AD,Passing,
GX020042_L.MP4,12278,42.0631,YA_COW_Transect 5,1.957,,4.818,1.522,2853.031,20.874,,,994.364,-212.908,-2665.651,YA_COW,Peter,Pomacentridae,Chromis,viridis,37372053,1,AD,Passing,
GX020042_L.MP4,12278,42.0631,YA_COW_Transect 5,1.957,,5.242,0.186,3001.495,21.788,,,1088.993,-236.783,-2786.934,YA_COW,Peter,Pomacentridae,Chromis,viridis,37372053,1,AD,Passing,
GX020042_L.MP4,12278,42.0631,YA_COW_Transect 5,1.957,,4.026,1.026,2572.289,19.643,,,850.953,-154.932,-2422.508,YA_COW,Peter,Pomacentridae,Chromis,viridis,37372053,1,AD,Passing,
GX020042_L.MP4,12278,42.0631,YA_COW_Transect 5,1.957,,4.293,3.867,2703.036,21.862,,,999.428,-120.963,-2508.568,YA_COW,Peter,Pomacentridae,Chromis,viridis,37372053,1,AD,Passing,
GX020042_L.MP4,12278,42.0631,YA_COW_Transect 5,1.957,,4.487,2.376,2768.563,21.605,,,1017.573,-62.667,-2574.016,YA_COW,Peter,Pomacentridae,Chromis,viridis,37372053,1,AD,Passing,
GX020042_L.MP4,12278,42.0631,YA_COW_Transect 5,1.957,,4.343,2.084,2753.88,23.858,,,1102.092,-163.06,-2518.463,YA_COW,Peter,Pomacentridae,Chromis,viridis,37372053,1,AD,Passing,
GX020042_L.MP4,12310,42.0809,YA_COW_Transect 5,1.9748,73.403,2.652,0.477,1603.616,20.028,36.845,16.465,111.524,-537.756,-1506.64,YA_COW,Peter,Pomacentridae,Pomacentrus,brachialis,37372109,1,AD,Passing,
GX020042_L.MP4,12310,42.0809,YA_COW_Transect 5,1.9748,53.906,4.92,2.288,2190.803,21.475,32.897,7.361,765.645,-238.813,-2038.719,YA_COW,Peter,Pomacentridae,Chromis,viridis,37372053,1,AD,Passing,
GX020042_L.MP4,12310,42.0809,YA_COW_Transect 5,1.9748,85.382,6.601,1.06,2209.545,25.29,74.908,13.301,916.507,-225.785,-1997.78,YA_COW,Peter,Pomacentridae,Chromis,viridis,37372053,1,AD,Passing,
GX020042_L.MP4,12310,42.0809,YA_COW_Transect 5,1.9748,,3.515,0.638,2467.823,25.246,,,1030.705,-214.663,-2231.976,YA_COW,Peter,Pomacentridae,Chromis,viridis,37372053,1,AD,Passing,
GX020042_L.MP4,12310,42.0809,YA_COW_Transect 5,1.9748,,3.216,1.816,2382.392,26.995,,,1063.907,-194.998,-2122.703,YA_COW,Peter,Pomacentridae,Chromis,viridis,37372053,1,AD,Passing,
GX020042_L.MP4,12310,42.0809,YA_COW_Transect 5,1.9748,,3.947,1.091,2606.965,23.786,,,1033.205,-196.34,-2385.415,YA_COW,Peter,Pomacentridae,Chromis,viridis,37372053,1,AD,Passing,
GX020042_L.MP4,12310,42.0809,YA_COW_Transect 5,1.9748,,3.955,5.21,2622.526,24.272,,,1065.472,-165.503,-2390.611,YA_COW,Peter,Pomacentridae,Chromis,viridis,37372053,1,AD,Passing,
GX020042_L.MP4,12339,42.0971,YA_COW_Transect 5,1.9909,124.946,8.974,1.679,3136.639,22.217,31.516,19.965,1069.819,-511.969,-2903.77,YA_COW,Peter,Holocentridae,Myripristis,kuntee,37261011,1,AD,Passing,
GX020042_L.MP4,12339,42.0971,YA_COW_Transect 5,1.9909,128.645,6.687,1.995,2946.354,15.156,22.123,6.698,434.299,-636.216,-2843.873,YA_COW,Peter,Holocentridae,Myripristis,kuntee,37261011,1,AD,Passing,
GX020042_L.MP4,12362,42.1098,YA_COW_Transect 5,2.0037,,3.455,1.765,2448.853,26.983,,,1036.349,-401.967,-2182.036,YA_COW,Peter,Pomacentridae,Chromis,viridis,37372053,1,AD,Passing,
GX020042_L.MP4,12362,42.1098,YA_COW_Transect 5,2.0037,,3.5,8.14,2463.486,26.588,,,1036.703,-376.662,-2202.756,YA_COW,Peter,Pomacentridae,Chromis,viridis,37372053,1,AD,Passing,
GX020042_L.MP4,12362,42.1098,YA_COW_Transect 5,2.0037,,3.427,2.035,2417.744,25.475,,,979.342,-351.041,-2182.463,YA_COW,Peter,Pomacentridae,Chromis,viridis,37372053,1,AD,Passing,
GX020042_L.MP4,12362,42.1098,YA_COW_Transect 5,2.0037,,3.155,9.666,2295.187,24.42,,,897.058,-310.536,-2089.674,YA_COW,Peter,Pomacentridae,Chromis,viridis,37372053,1,AD,Passing,
GX020042_L.MP4,12362,42.1098,YA_COW_Transect 5,2.0037,,3.269,1.112,2301.578,21.97,,,798.561,-323.365,-2134.243,YA_COW,Peter,Pomacentridae,Chromis,viridis,37372053,1,AD,Passing,
GX020042_L.MP4,12362,42.1098,YA_COW_Transect 5,2.0037,,3.386,3.178,2422.555,26.205,,,1026.302,-303.145,-2173.379,YA_COW,Peter,Pomacentridae,Chromis,viridis,37372053,1,AD,Passing,
GX020042_L.MP4,12362,42.1098,YA_COW_Transect 5,2.0037,,3.279,5.581,2403.273,27.288,,,1066.062,-279.717,-2135.648,YA_COW,Peter,Pomacentridae,Chromis,viridis,37372053,1,AD,Passing,
GX020042_L.MP4,12362,42.1098,YA_COW_Transect 5,2.0037,,3.05,3.903,2339.551,28.882,,,1099.824,-260.747,-2048.388,YA_COW,Peter,Pomacentridae,Chromis,viridis,37372053,1,AD,Passing,
GX020042_L.MP4,12362,42.1098,YA_COW_Transect 5,2.0037,,3.979,6.55,2545.727,20.568,,,828.862,-337.388,-2383.251,YA_COW,Peter,Pomacentridae,Chromis,viridis,37372053,1,AD,Passing,
GX020042_L.MP4,12362,42.1098,YA_COW_Transect 5,2.0037,,4.516,1.551,2688.558,17.664,,,730.735,-364.198,-2561.587,YA_COW,Peter,Pomacentridae,Chromis,viridis,37372053,1,AD,Passing,
GX020042_L.MP4,12362,42.1098,YA_COW_Transect 5,2.0037,,4.691,2.11,2746.474,18.609,,,766.171,-427.062,-2602.637,YA_COW,Peter,Pomacentridae,Chromis,viridis,37372053,1,AD,Passing,
GX020042_L.MP4,12362,42.1098,YA_COW_Transect 5,2.0037,,5.184,3.625,2869.663,15.169,,,625.397,-417.222,-2769.435,YA_COW,Peter,Pomacentridae,Chromis,viridis,37372053,1,AD,Passing,
GX020042_L.MP4,12405,42.1338,YA_COW_Transect 5,2.0276,80.245,5.894,1.482,2056.759,25.195,73.406,3.109,813.985,-322.539,-1861.09,YA_COW,Peter,Pomacentridae,Chromis,ternatensis,37372051,1,AD,Passing,
GX020042_L.MP4,12405,42.1338,YA_COW_Transect 5,2.0276,,3.371,1.637,2277.634,16.804,,,519.262,-406.151,-2180.144,YA_COW,Peter,Pomacentridae,Chromis,ternatensis,37372051,1,AD,Passing,
GX020042_L.MP4,12438,42.1521,YA_COW_Transect 5,2.0459,72.127,6.325,13.638,2658.182,23.951,47.44,44.302,-754.921,-771.079,-2429.293,YA_COW,Peter,Pomacentridae,Stegastes,lacrymatus,temp_code_006,1,AD,Passing,
GX020042_L.MP4,12438,42.1521,YA_COW_Transect 5,2.0459,81.993,4.022,2.917,2394.127,18.354,14.391,2.34,627.589,-417.703,-2272.334,YA_COW,Peter,Pomacentridae,Stegastes,lacrymatus,temp_code_006,1,AD,Passing,
GX020042_L.MP4,12438,42.1521,YA_COW_Transect 5,2.0459,64.51,3.464,2.452,2041.793,21.912,21.169,5.089,626.383,-433.867,-1894.286,YA_COW,Peter,Pomacentridae,Chromis,viridis,37372053,1,AD,Passing,
GX020042_L.MP4,12438,42.1521,YA_COW_Transect 5,2.0459,55.765,3.972,12.553,1895.479,23.404,39.818,0.225,604.95,-448.235,-1739.529,YA_COW,Peter,Pomacentridae,Chromis,viridis,37372053,1,AD,Passing,
GX020042_L.MP4,12469,42.1693,YA_COW_Transect 5,2.0632,111.513,3.447,2.916,3003.422,20.045,2.243,11.197,440.912,-930.251,-2821.485,YA_COW,Peter,Holocentridae,Myripristis,violacea,37261014,1,AD,Passing,
GX020042_L.MP4,12469,42.1693,YA_COW_Transect 5,2.0632,193.382,18.584,14.697,3270.439,18.015,83.274,5.322,410.753,-924.249,-3110.115,YA_COW,Peter,Holocentridae,Myripristis,violacea,37261014,1,AD,Passing,
GX020042_L.MP4,12469,42.1693,YA_COW_Transect 5,2.0632,155.287,13.357,2.795,3070.54,20.7,79.114,29.262,795.756,-738.078,-2872.321,YA_COW,Peter,Holocentridae,Myripristis,violacea,37261014,1,AD,Passing,
GX020042_L.MP4,12488,42.1799,YA_COW_Transect 5,2.0737,,9.943,5.667,4358.154,25.417,,,1866.204,124.762,-3936.397,YA_COW,Peter,Zanclidae,Zanclus,cornutus,37437001,1,AD,Passing,
GX020042_L.MP4,12488,42.1799,YA_COW_Transect 5,2.0737,167.832,9.545,9.537,2906.115,28.709,84.851,28.551,1365.188,-291.586,-2548.871,YA_COW,Peter,Holocentridae,Myripristis,violacea,37261014,1,AD,Passing,
GX020042_L.MP4,12488,42.1799,YA_COW_Transect 5,2.0737,158.198,15.67,3.005,3391.681,24.374,80.965,16.61,1389.707,-167.227,-3089.377,YA_COW,Peter,Holocentridae,Myripristis,violacea,37261014,1,AD,Passing,
GX020042_L.MP4,12488,42.1799,YA_COW_Transect 5,2.0737,,7.161,3.563,3526.344,21.648,,,1244.466,-380.766,-3277.411,YA_COW,Peter,Holocentridae,Myripristis,violacea,37261014,1,AD,Passing,
GX020042_L.MP4,12488,42.1799,YA_COW_Transect 5,2.0737,,8.01,7.584,3896.98,25.605,,,1684.126,5.869,-3514.276,YA_COW,Peter,Holocentridae,Myripristis,violacea,37261014,1,AD,Passing,
GX020042_L.MP4,12524,42.1999,YA_COW_Transect 5,2.0938,174.518,9.642,17.206,2963.109,27.42,52.544,2.556,-1266.874,-506.907,-2630.227,YA_COW,Peter,Nemipteridae,Scolopsis,bilineata,37347031,1,AD,Passing,
GX020042_L.MP4,12524,42.1999,YA_COW_Transect 5,2.0938,,6.032,12.735,3445.085,28.97,,,-1582.212,-531.757,-3013.71,YA_COW,Peter,Nemipteridae,Scolopsis,bilineata,37347031,1,AD,Passing,
GX020042_L.MP4,12526,42.201,YA_COW_Transect 5,2.0949,71.297,6.429,5.762,3145.456,21.4,18.401,28.279,-908.974,-700.672,-2928.604,YA_COW,Peter,Chaetodontidae,Chaetodon,baronessa,37365034,1,AD,Passing,
GX020042_L.MP4,12526,42.201,YA_COW_Transect 5,2.0949,141.303,3.484,12.262,2725.632,21.143,6.156,0.808,-539.46,-821.9,-2542.151,YA_COW,Peter,Holocentridae,Myripristis,violacea,37261014,1,AD,Passing,
GX020042_L.MP4,12585,42.2339,YA_COW_Transect 5,2.1277,142.269,13.678,4.038,3247.705,26.347,76.169,12.77,1440.778,-40.342,-2910.347,YA_COW,Peter,Holocentridae,Myripristis,violacea,37261014,1,AD,Passing,
GX020042_L.MP4,12817,42.3629,YA_COW_Transect 5,2.2567,,3.038,1.963,2143.822,14.274,,,346.863,-400.07,-2077.403,YA_COW,Peter,Pomacentridae,Pomacentrus,maafu,temp_code_005,1,AD,Passing,
GX020042_L.MP4,12817,42.3629,YA_COW_Transect 5,2.2567,79.798,5.63,4.395,2250.504,25.145,47.262,17.844,848.014,-441.936,-2037.237,YA_COW,Peter,Pomacentridae,Stegastes,nigricans,37372135,1,AD,Passing,
GX020042_L.MP4,12817,42.3629,YA_COW_Transect 5,2.2567,,6.127,1.099,3158.408,8.052,,,425.319,-123.68,-3127.195,YA_COW,Peter,Pomacentridae,Chromis,viridis,37372053,1,AD,Passing,
GX020042_L.MP4,12817,42.3629,YA_COW_Transect 5,2.2567,,4.044,1.947,2519.85,7.833,,,331.536,-91.091,-2496.284,YA_COW,Peter,Pomacentridae,Chromis,viridis,37372053,1,AD,Passing,
GX020042_L.MP4,12817,42.3629,YA_COW_Transect 5,2.2567,,4.851,0.234,2781.913,8.088,,,368.471,-133.584,-2754.164,YA_COW,Peter,Pomacentridae,Chromis,viridis,37372053,1,AD,Passing,
GX020042_L.MP4,12817,42.3629,YA_COW_Transect 5,2.2567,,5.625,3.035,3033.315,4.368,,,225.187,-53.347,-3024.475,YA_COW,Peter,Pomacentridae,Chromis,viridis,37372053,1,AD,Passing,
GX020042_L.MP4,12817,42.3629,YA_COW_Transect 5,2.2567,,5.301,4.241,2923.367,7.632,,,385.876,-44.397,-2897.448,YA_COW,Peter,Pomacentridae,Chromis,viridis,37372053,1,AD,Passing,
GX020042_L.MP4,12817,42.3629,YA_COW_Transect 5,2.2567,,3.608,6.049,2353.325,12.891,,,300.962,-431.545,-2293.759,YA_COW,Peter,Pomacentridae,Chromis,viridis,37372053,1,AD,Passing,
GX020042_L.MP4,12817,42.3629,YA_COW_Transect 5,2.2567,,4.556,0.9,2678.645,10.298,,,167.408,-450.178,-2635.233,YA_COW,Peter,Pomacentridae,Chromis,viridis,37372053,1,AD,Passing,
GX020042_L.MP4,12817,42.3629,YA_COW_Transect 5,2.2567,,3.161,0.031,2213.153,16.808,,,16.097,-641.022,-2118.225,YA_COW,Peter,Pomacentridae,Chromis,viridis,37372053,1,AD,Passing,
GX020042_L.MP4,12817,42.3629,YA_COW_Transect 5,2.2567,,3.647,3.103,2380.708,13.731,,,31.131,-565.601,-2312.335,YA_COW,Peter,Pomacentridae,Chromis,viridis,37372053,1,AD,Passing,
GX020042_L.MP4,12817,42.3629,YA_COW_Transect 5,2.2567,,4.863,2.048,2789.55,7.669,,,37.636,-371.976,-2764.381,YA_COW,Peter,Pomacentridae,Chromis,viridis,37372053,1,AD,Passing,
GX020042_L.MP4,12817,42.3629,YA_COW_Transect 5,2.2567,,4.814,5.399,2784.797,6.009,,,-81.341,-281.584,-2769.33,YA_COW,Peter,Pomacentridae,Chromis,viridis,37372053,1,AD,Passing,
GX020042_L.MP4,12817,42.3629,YA_COW_Transect 5,2.2567,,5.018,0.06,2843.348,5.816,,,104.22,-270.285,-2828.553,YA_COW,Peter,Pomacentridae,Chromis,viridis,37372053,1,AD,Passing,
GX020042_L.MP4,12817,42.3629,YA_COW_Transect 5,2.2567,,4.762,2.229,2752.681,7.439,,,225.855,-277.296,-2729.349,YA_COW,Peter,Pomacentridae,Chromis,viridis,37372053,1,AD,Passing,
GX020042_L.MP4,12817,42.3629,YA_COW_Transect 5,2.2567,,4.87,3.601,2792.361,6.3,,,217.404,-217.535,-2775.373,YA_COW,Peter,Pomacentridae,Chromis,viridis,37372053,1,AD,Passing,
GX020042_L.MP4,12817,42.3629,YA_COW_Transect 5,2.2567,,4.968,0.646,2818.408,7.159,,,279.339,-214.581,-2796.31,YA_COW,Peter,Pomacentridae,Chromis,viridis,37372053,1,AD,Passing,
GX020042_L.MP4,12817,42.3629,YA_COW_Transect 5,2.2567,,5.302,4.098,2950.744,2.813,,,-91.904,-113.656,-2947.122,YA_COW,Peter,Pomacentridae,Chromis,viridis,37372053,1,AD,Passing,
GX020042_L.MP4,12817,42.3629,YA_COW_Transect 5,2.2567,,4.934,0.052,2833.137,3.459,,,-73.911,-155.775,-2827.885,YA_COW,Peter,Pomacentridae,Chromis,viridis,37372053,1,AD,Passing,
GX020042_L.MP4,12817,42.3629,YA_COW_Transect 5,2.2567,,5.416,2.958,2974.249,3.803,,,127.899,-151.895,-2967.613,YA_COW,Peter,Pomacentridae,Chromis,viridis,37372053,1,AD,Passing,
GX020042_L.MP4,12817,42.3629,YA_COW_Transect 5,2.2567,,4.69,2.017,2731.801,10.081,,,473.989,61.668,-2689.66,YA_COW,Peter,Pomacentridae,Chromis,viridis,37372053,1,AD,Passing,
GX020042_L.MP4,12817,42.3629,YA_COW_Transect 5,2.2567,,5.345,1.066,2933.019,11.733,,,583.542,121.658,-2871.808,YA_COW,Peter,Pomacentridae,Chromis,viridis,37372053,1,AD,Passing,
GX020042_L.MP4,12817,42.3629,YA_COW_Transect 5,2.2567,,5.703,3.733,3042.271,12.723,,,660.379,111.566,-2967.637,YA_COW,Peter,Pomacentridae,Chromis,viridis,37372053,1,AD,Passing,
GX020042_L.MP4,12817,42.3629,YA_COW_Transect 5,2.2567,,5.977,2.459,3113.614,11.769,,,615.196,155.823,-3048.253,YA_COW,Peter,Pomacentridae,Chromis,viridis,37372053,1,AD,Passing,
GX020042_L.MP4,12817,42.3629,YA_COW_Transect 5,2.2567,,5.507,0.02,2978.321,9.963,,,499.57,124.504,-2933.484,YA_COW,Peter,Pomacentridae,Chromis,viridis,37372053,1,AD,Passing,
GX020042_L.MP4,12817,42.3629,YA_COW_Transect 5,2.2567,,7.665,0.474,3551.639,10.631,,,619.518,211.299,-3490.801,YA_COW,Peter,Pomacentridae,Chromis,viridis,37372053,1,AD,Passing,
GX020042_L.MP4,12817,42.3629,YA_COW_Transect 5,2.2567,,5.474,1.066,2969.282,8.714,,,427.886,137.163,-2935.087,YA_COW,Peter,Pomacentridae,Chromis,viridis,37372053,1,AD,Passing,
GX020042_L.MP4,12817,42.3629,YA_COW_Transect 5,2.2567,,7.04,1.947,3405.798,7.008,,,369.694,187.771,-3380.463,YA_COW,Peter,Pomacentridae,Chromis,viridis,37372053,1,AD,Passing,
GX020042_L.MP4,12817,42.3629,YA_COW_Transect 5,2.2567,,5.614,3.031,3039.228,2.938,,,53.243,144.638,-3035.317,YA_COW,Peter,Pomacentridae,Chromis,viridis,37372053,1,AD,Passing,
GX020042_L.MP4,12817,42.3629,YA_COW_Transect 5,2.2567,,6.192,6.315,3183.662,6.065,,,282.364,180.939,-3165.949,YA_COW,Peter,Pomacentridae,Chromis,viridis,37372053,1,AD,Passing,
GX020042_L.MP4,12904,42.4113,YA_COW_Transect 5,2.3051,,4.37,1.574,2787.489,21.613,,,-1023.888,-77.855,-2591.465,YA_COW,Peter,Pomacentridae,Chromis,ternatensis,37372051,1,AD,Passing,
GX020042_L.MP4,12904,42.4113,YA_COW_Transect 5,2.3051,,4.531,5.74,2875.363,23.187,,,-1128.892,-87.04,-2643.055,YA_COW,Peter,Pomacentridae,Chromis,ternatensis,37372051,1,AD,Passing,
GX020042_L.MP4,12904,42.4113,YA_COW_Transect 5,2.3051,,3.773,1.392,2476.348,14.638,,,-623.748,-52.254,-2395.936,YA_COW,Peter,Pomacentridae,Chromis,ternatensis,37372051,1,AD,Passing,
GX020042_L.MP4,12904,42.4113,YA_COW_Transect 5,2.3051,,4.679,3.127,2785.08,14.389,,,-686.404,-90.347,-2697.658,YA_COW,Peter,Pomacentridae,Chromis,ternatensis,37372051,1,AD,Passing,
GX020042_L.MP4,12904,42.4113,YA_COW_Transect 5,2.3051,,4.397,0.841,2711.319,16.923,,,-766.278,-190.444,-2593.8,YA_COW,Peter,Pomacentridae,Chromis,ternatensis,37372051,1,AD,Passing,
GX020042_L.MP4,12904,42.4113,YA_COW_Transect 5,2.3051,,4.469,2.085,2710.732,14.735,,,-662.623,-192.035,-2621.473,YA_COW,Peter,Pomacentridae,Chromis,ternatensis,37372051,1,AD,Passing,
GX020042_L.MP4,12904,42.4113,YA_COW_Transect 5,2.3051,,5.39,4.281,2976.031,11.006,,,-538.968,-181.515,-2921.186,YA_COW,Peter,Pomacentridae,Chromis,ternatensis,37372051,1,AD,Passing,
GX020042_L.MP4,12904,42.4113,YA_COW_Transect 5,2.3051,,3.982,0.807,2728.707,25.694,,,-1182.014,48.576,-2458.928,YA_COW,Peter,Pomacentridae,Chromis,viridis,37372053,1,AD,Passing,
GX020042_L.MP4,12904,42.4113,YA_COW_Transect 5,2.3051,,3.976,0.429,2699.372,24.353,,,-1113.112,0.434,-2459.185,YA_COW,Peter,Pomacentridae,Chromis,viridis,37372053,1,AD,Passing,
GX020042_L.MP4,12904,42.4113,YA_COW_Transect 5,2.3051,,3.915,3.036,2650.725,23.077,,,-1038.996,5.721,-2438.606,YA_COW,Peter,Pomacentridae,Chromis,viridis,37372053,1,AD,Passing,
GX020042_L.MP4,12904,42.4113,YA_COW_Transect 5,2.3051,,3.868,5.765,2592.01,20.826,,,-921.469,-12.015,-2422.657,YA_COW,Peter,Pomacentridae,Chromis,viridis,37372053,1,AD,Passing,
GX020042_L.MP4,12904,42.4113,YA_COW_Transect 5,2.3051,,4.543,5.274,2841.435,21.396,,,-1031.426,101.811,-2645.665,YA_COW,Peter,Pomacentridae,Chromis,viridis,37372053,1,AD,Passing,
GX020042_L.MP4,12904,42.4113,YA_COW_Transect 5,2.3051,,4.099,3.591,2663.957,20.28,,,-917.35,103.764,-2498.873,YA_COW,Peter,Pomacentridae,Chromis,viridis,37372053,1,AD,Passing,
GX020042_L.MP4,12904,42.4113,YA_COW_Transect 5,2.3051,,5.254,5.352,3114.477,23.086,,,-1215.619,115.223,-2865.128,YA_COW,Peter,Pomacentridae,Chromis,viridis,37372053,1,AD,Passing,
GX020042_L.MP4,12904,42.4113,YA_COW_Transect 5,2.3051,,4.762,9.456,2930.706,22.554,,,-1107.02,193.419,-2706.683,YA_COW,Peter,Pomacentridae,Chromis,viridis,37372053,1,AD,Passing,
GX020042_L.MP4,12904,42.4113,YA_COW_Transect 5,2.3051,,7.528,6.243,3881.944,26.439,,,-1722.564,140.368,-3475.998,YA_COW,Peter,Pomacentridae,Chromis,viridis,37372053,1,AD,Passing,
GX020042_L.MP4,12904,42.4113,YA_COW_Transect 5,2.3051,,3.962,0.083,2748.866,27.273,,,-1251.787,138.706,-2443.369,YA_COW,Peter,Pomacentridae,Chromis,viridis,37372053,1,AD,Passing,
GX020042_L.MP4,12904,42.4113,YA_COW_Transect 5,2.3051,,4.225,1.048,2693.338,19.081,,,-880.476,-5.519,-2545.35,YA_COW,Peter,Pomacentridae,Chromis,viridis,37372053,1,AD,Passing,
GX020042_L.MP4,12904,42.4113,YA_COW_Transect 5,2.3051,,4.24,2.296,2647.422,15.159,,,-691.981,19.322,-2555.314,YA_COW,Peter,Pomacentridae,Chromis,viridis,37372053,1,AD,Passing,
GX020042_L.MP4,12904,42.4113,YA_COW_Transect 5,2.3051,,3.798,9.548,2476.028,13.481,,,-575.471,-46.397,-2407.778,YA_COW,Peter,Pomacentridae,Chromis,viridis,37372053,1,AD,Passing,
GX020042_L.MP4,12942,42.4324,YA_COW_Transect 5,2.3262,308.468,8.482,11.11,2503.437,26.209,74.36,8.856,1066.347,292.091,-2246.06,YA_COW,Peter,Scaridae,Chlorurus,spilurus,temp_code_002,1,AD,Passing,
GX020042_L.MP4,12961,42.443,YA_COW_Transect 5,2.3368,,3.142,0.245,2215.383,22.096,,,561.559,-616.918,-2052.312,YA_COW,Peter,Holocentridae,Myripristis,kuntee,37261011,1,AD,Passing,
