Filename,Frame,Time (mins),Period,Period time (mins),Length (mm),Precision (mm),RMS (mm),Range (mm),Direction (deg),Horz. Dir. (deg),Vert. Dir. (deg),Mid X (mm),Mid Y (mm),Mid Z (mm),OpCode,TapeReader,Family,Genus,Species,Code,Number,Stage,Activity,Comment
GX010045_L.MP4,11746,6.5321,YA_VUI_Transect 1,0.2019,,8.392,7.61,4053.731,27.606,,,-1764.286,-647.077,-3591.841,YA_VUI,Peter,Scaridae,Chlorurus,spilurus,temp_code_002,1,AD,Passing,
GX010045_L.MP4,11746,6.5321,YA_VUI_Transect 1,0.2019,,9.053,11.866,4246.461,28.344,,,-1905.991,-659.215,-3736.986,YA_VUI,Peter,Scaridae,Chlorurus,spilurus,temp_code_002,1,AD,Passing,
GX010045_L.MP4,11811,6.5682,YA_VUI_Transect 1,0.238,159.125,5.654,5.259,3159.455,22.066,10.78,27.244,-917.637,-752.801,-2928.035,YA_VUI,Peter,Scaridae,Chlorurus,spilurus,temp_code_002,1,AD,Passing,
GX010045_L.MP4,11821,6.5738,YA_VUI_Transect 1,0.2436,86.377,7.517,4.392,2911.796,17.267,30.068,20.241,-406.548,-762.721,-2780.563,YA_VUI,Peter,Pomacentridae,Pomacentrus,brachialis,37372109,1,AD,Passing,
GX010045_L.MP4,11909,6.6227,YA_VUI_Transect 1,0.2925,,7.168,1.802,3519.986,20.879,,,1209.276,-335.852,-3288.64,YA_VUI,Peter,Pomacentridae,Pomacentrus,philippinus,37372123,1,AD,Passing,
GX010045_L.MP4,11947,6.6439,YA_VUI_Transect 1,0.3136,114.021,8.822,4.382,2707.716,29.227,81.852,17.575,1283.023,-319.087,-2362.998,YA_VUI,Peter,Labridae,Thalassoma,sp,,1,AD,Passing,
GX010045_L.MP4,12113,6.7362,YA_VUI_Transect 1,0.406,,6.151,12.953,3246.183,27.731,,,1074.414,-1063.39,-2872.724,YA_VUI,Peter,Pomacentridae,Pomacentrus,moluccensis,37372118,1,AD,Passing,
GX010045_L.MP4,12113,6.7362,YA_VUI_Transect 1,0.406,,5.47,4.279,3055.633,26.834,,,1064.411,-878.836,-2726.091,YA_VUI,Peter,Pomacentridae,Pomacentrus,moluccensis,37372118,1,AD,Passing,
GX010045_L.MP4,12113,6.7362,YA_VUI_Transect 1,0.406,,7.374,7.552,3519.416,25.548,,,1013.188,-1131.967,-3174.649,YA_VUI,Peter,Pomacentridae,Pomacentrus,moluccensis,37372118,1,AD,Passing,
GX010045_L.MP4,12113,6.7362,YA_VUI_Transect 1,0.406,,8.756,1.23,3854.549,25.452,,,1173.806,-1170.915,-3479.754,YA_VUI,Peter,Pomacentridae,Pomacentrus,moluccensis,37372118,1,AD,Passing,
GX010045_L.MP4,12113,6.7362,YA_VUI_Transect 1,0.406,,4.301,0.364,2755.032,29.769,,,1130.057,-772.175,-2391.007,YA_VUI,Peter,Pomacentridae,Pomacentrus,moluccensis,37372118,1,AD,Passing,
GX010045_L.MP4,12155,6.7595,YA_VUI_Transect 1,0.4293,71.86,6.856,16.457,2597.64,30.512,77.844,39.512,1034.206,-818.423,-2237.932,YA_VUI,Peter,Pomacentridae,Dascyllus,reticulatus,37372074,1,AD,Passing,
GX010045_L.MP4,12155,6.7595,YA_VUI_Transect 1,0.4293,,6.923,6.656,3466.469,27.732,,,1220.35,-1056.644,-3067.68,YA_VUI,Peter,Pomacentridae,Dascyllus,reticulatus,37372074,1,AD,Passing,
GX010045_L.MP4,12233,6.8029,YA_VUI_Transect 1,0.4727,,6.695,1.887,3320.596,20.415,,,-385.868,-1093.949,-3111.389,YA_VUI,Peter,Pomacentridae,Pomacentrus,brachialis,37372109,1,AD,Passing,
GX010045_L.MP4,12233,6.8029,YA_VUI_Transect 1,0.4727,,7.849,2.86,3604.187,19.595,,,-302.204,-1172.34,-3394.769,YA_VUI,Peter,Pomacentridae,Pomacentrus,moluccensis,37372118,1,AD,Passing,
GX010045_L.MP4,12233,6.8029,YA_VUI_Transect 1,0.4727,,8.1,4.574,3650.45,17.872,,,-527.245,-990.533,-3473.708,YA_VUI,Peter,Pomacentridae,Pomacentrus,moluccensis,37372118,1,AD,Passing,
GX010045_L.MP4,12233,6.8029,YA_VUI_Transect 1,0.4727,,11.406,1.019,4360.479,18.169,,,-661.625,-1190.252,-4142.382,YA_VUI,Peter,Pomacentridae,Pomacentrus,moluccensis,37372118,1,AD,Passing,
GX010045_L.MP4,12233,6.8029,YA_VUI_Transect 1,0.4727,,7.736,1.346,3589.373,20.482,,,-713.672,-1035.49,-3361.85,YA_VUI,Peter,Pomacentridae,Pomacentrus,moluccensis,37372118,1,AD,Passing,
GX010045_L.MP4,12233,6.8029,YA_VUI_Transect 1,0.4727,,7.795,2.31,3597.864,20.83,,,-548.466,-1157.825,-3362.031,YA_VUI,Peter,Pomacentridae,Dascyllus,reticulatus,37372074,1,AD,Passing,
GX010045_L.MP4,12354,6.8702,YA_VUI_Transect 1,0.54,65.098,4.933,17.995,1867.641,25.834,88.992,7.838,-544.693,-604.706,-1680.988,YA_VUI,Peter,Pomacentridae,Pomacentrus,moluccensis,37372118,1,AD,Passing,
GX010045_L.MP4,12354,6.8702,YA_VUI_Transect 1,0.54,,3.825,0.18,2492.768,21.813,,,-584.145,-720.213,-2313.862,YA_VUI,Peter,Pomacentridae,Pomacentrus,moluccensis,37372118,1,AD,Passing,
GX010045_L.MP4,12354,6.8702,YA_VUI_Transect 1,0.54,,3.167,5.717,2239.122,20.872,,,-433.349,-671.002,-2091.801,YA_VUI,Peter,Pomacentridae,Pomacentrus,moluccensis,37372118,1,AD,Passing,
GX010045_L.MP4,12384,6.8869,YA_VUI_Transect 1,0.5567,101.604,5.552,11.077,2821.5,29.711,4.767,0.516,1255.437,-615.968,-2450.576,YA_VUI,Peter,Balistidae,Balistapus,undulatus,37465047,1,AD,Passing,
GX010045_L.MP4,12484,6.9425,YA_VUI_Transect 1,0.6123,221.851,15.7,4.129,3497.303,21.784,64.339,27.003,-832.677,-995.564,-3247.558,YA_VUI,Peter,Scaridae,Scarus,schlegeli,37386029,1,AD,Passing,
GX010045_L.MP4,12602,7.0081,YA_VUI_Transect 1,0.6779,,2.981,4.656,2175.812,22.236,,,-388.237,-727.265,-2013.582,YA_VUI,Peter,Pomacentridae,Pomacentrus,callainus,temp_code_004,1,AD,Passing,
GX010045_L.MP4,12602,7.0081,YA_VUI_Transect 1,0.6779,,3.256,3.032,2276.187,21.618,,,-367.902,-754.809,-2115.641,YA_VUI,Peter,Pomacentridae,Pomacentrus,moluccensis,37372118,1,AD,Passing,
GX010045_L.MP4,12602,7.0081,YA_VUI_Transect 1,0.6779,,3.288,2.801,2286.554,21.393,,,-383.289,-741.989,-2128.585,YA_VUI,Peter,Pomacentridae,Pomacentrus,moluccensis,37372118,1,AD,Passing,
GX010045_L.MP4,12650,7.0348,YA_VUI_Transect 1,0.7046,,2.924,2.972,2150.35,21.609,,,-186.306,-770.868,-1998.764,YA_VUI,Peter,Pomacentridae,Stegastes,lacrymatus,temp_code_006,1,AD,Passing,
GX010045_L.MP4,12705,7.0654,YA_VUI_Transect 1,0.7352,194.138,16.08,7.65,4090.407,27.366,54.231,29.062,-1798.651,-547.83,-3632.652,YA_VUI,Peter,Scaridae,Scarus,schlegeli,37386029,1,AD,Passing,
GX010045_L.MP4,12770,7.1015,YA_VUI_Transect 1,0.7713,,25.349,8.988,6835.466,17.986,,,-2026.1,-595.28,-6501.088,YA_VUI,Peter,Acanthuridae,Acanthurus,sp,,1,AD,Passing,
GX010045_L.MP4,12770,7.1015,YA_VUI_Transect 1,0.7713,,21.66,2.711,6038.569,11.154,,,607.996,-1000.911,-5923.92,YA_VUI,Peter,Acanthuridae,Acanthurus,sp,,1,AD,Passing,
GX010045_L.MP4,12770,7.1015,YA_VUI_Transect 1,0.7713,,8.856,10.582,4112.485,23.3,,,-1599.202,-300.013,-3776.913,YA_VUI,Peter,Acanthuridae,Ctenochaetus,striatus,37437022,1,AD,Passing,
GX010045_L.MP4,12805,7.121,YA_VUI_Transect 1,0.7908,124.304,11.382,13.826,3500.505,25.85,52.097,36.569,-1335.794,-738.354,-3150.242,YA_VUI,Peter,Chaetodontidae,Chaetodon,ulietensis,37365060,1,AD,Passing,
GX010045_L.MP4,12854,7.1483,YA_VUI_Transect 1,0.818,,12.431,8.324,4552.434,14.241,,,-547.969,-979.308,-4411.954,YA_VUI,Peter,Scaridae,Scarus,schlegeli,37386029,1,AD,Passing,
GX010045_L.MP4,12854,7.1483,YA_VUI_Transect 1,0.818,202.67,17.773,6.611,4466.349,16.836,28.353,6.463,-1073.309,-722.096,-4274.91,YA_VUI,Peter,Acanthuridae,Acanthurus,sp,,1,AD,Passing,
GX010045_L.MP4,12887,7.1666,YA_VUI_Transect 1,0.8364,243.549,22.612,4.229,4209.966,13.985,45.946,14.309,-838.267,-576.583,-4085.177,YA_VUI,Peter,Scaridae,Chlorurus,bleekeri,37386011,1,AD,Passing,
GX010045_L.MP4,12967,7.2111,YA_VUI_Transect 1,0.8809,122.87,11.017,12.263,2759.838,18.817,60.999,1.118,-715.161,-530.028,-2612.34,YA_VUI,Peter,Mullidae,Parupeneus,barberinoides,37355021,1,AD,Passing,
GX010045_L.MP4,12967,7.2111,YA_VUI_Transect 1,0.8809,115.639,10.712,4.267,2766.878,17.371,54.864,1.095,-688.089,-457.076,-2640.687,YA_VUI,Peter,Mullidae,Parupeneus,barberinoides,37355021,1,AD,Passing,
GX010045_L.MP4,12967,7.2111,YA_VUI_Transect 1,0.8809,53.738,4.796,4.047,2172.964,16.926,32.17,5.578,-529.394,-346.371,-2078.832,YA_VUI,Peter,Blenniidae,Plagiotremus,flavus,temp_code_003,1,AD,Passing,
GX010045_L.MP4,12967,7.2111,YA_VUI_Transect 1,0.8809,38.762,2.783,5.174,2321.7,17.075,1.517,21.654,-505.587,-457.279,-2219.362,YA_VUI,Peter,Pomacentridae,Pomacentrus,moluccensis,37372118,1,AD,Passing,
GX010045_L.MP4,12967,7.2111,YA_VUI_Transect 1,0.8809,,3.076,12.782,2283.822,25.169,,,-811.569,-534.851,-2066.672,YA_VUI,Peter,Pomacentridae,Pomacentrus,moluccensis,37372118,1,AD,Passing,
GX010045_L.MP4,12967,7.2111,YA_VUI_Transect 1,0.8809,112.315,5.518,3.728,2647.693,16.072,23.29,21.299,-639.992,-357.34,-2544.209,YA_VUI,Peter,Scaridae,Scarus,schlegeli,37386029,1,AD,Passing,
GX010045_L.MP4,12977,7.2167,YA_VUI_Transect 1,0.8864,81.973,4.47,4.736,2647.428,20.098,3.658,9.353,-905.177,-90.918,-2486.214,YA_VUI,Peter,Pomacentridae,Pomacentrus,brachialis,37372109,1,AD,Passing,
GX010045_L.MP4,13121,7.2967,YA_VUI_Transect 1,0.9665,,24.833,9.853,6655.74,6.038,,,-456.838,526.66,-6619.124,YA_VUI,Peter,Siganidae,Siganus,uspi,temp_code_007,1,AD,Passing,
GX010045_L.MP4,13253,7.3701,YA_VUI_Transect 1,1.0399,,9.461,0.414,3925.928,20.462,,,681.829,-1193.245,-3677.525,YA_VUI,Peter,Labridae,Stethojulis,bandanensis,37384154,1,AD,Passing,
GX010045_L.MP4,13253,7.3701,YA_VUI_Transect 1,1.0399,184.614,4.727,7.823,4877.938,4.002,2.405,7.222,-126.532,-316.082,-4866.041,YA_VUI,Peter,Siganidae,Siganus,uspi,temp_code_007,1,AD,Passing,
GX010045_L.MP4,13332,7.4141,YA_VUI_Transect 1,1.0839,,2.653,12.77,2115.809,25.497,,,-792.218,-450.453,-1909.485,YA_VUI,Peter,Pomacanthidae,Centropyge,heraldi,37385027,1,AD,Passing,
GX010045_L.MP4,13433,7.4702,YA_VUI_Transect 1,1.14,,4.023,6.836,2704.537,24.982,,,-1102.889,-298.544,-2451.332,YA_VUI,Peter,Pomacentridae,Pomacentrus,philippinus,37372123,1,AD,Passing,
GX010045_L.MP4,13460,7.4853,YA_VUI_Transect 1,1.155,72.69,2.936,0.27,2711.465,14.225,3.591,17.403,-336.315,-575.2,-2628.322,YA_VUI,Peter,Pomacentridae,Pomacentrus,brachialis,37372109,1,AD,Passing,
GX010045_L.MP4,13501,7.5081,YA_VUI_Transect 1,1.1778,,1.995,14.996,1793.827,27.031,,,-582.328,-571.475,-1597.538,YA_VUI,Peter,Pomacentridae,Stegastes,lacrymatus,temp_code_006,1,AD,Passing,
GX010045_L.MP4,13724,7.6321,YA_VUI_Transect 1,1.3019,,5.617,16.134,3194.434,25.381,,,-1216.298,-630.561,-2885.727,YA_VUI,Peter,Pomacanthidae,Centropyge,bicolor,37365022,1,AD,Passing,
GX010045_L.MP4,13724,7.6321,YA_VUI_Transect 1,1.3019,,4.723,11.872,2956.673,26.053,,,-1222.079,-440.645,-2655.988,YA_VUI,Peter,Pomacentridae,Pomacentrus,maafu,temp_code_005,1,AD,Passing,
GX010045_L.MP4,13724,7.6321,YA_VUI_Transect 1,1.3019,,6.211,9.878,3363.853,23.476,,,-1253.496,-475.604,-3085.135,YA_VUI,Peter,Pomacentridae,Pomacentrus,maafu,temp_code_005,1,AD,Passing,
GX010045_L.MP4,13724,7.6321,YA_VUI_Transect 1,1.3019,,6.072,13.608,3281.599,22.941,,,-1133.895,-593.743,-3021.695,YA_VUI,Peter,Pomacentridae,Pomacentrus,maafu,temp_code_005,1,AD,Passing,
GX010045_L.MP4,13724,7.6321,YA_VUI_Transect 1,1.3019,,5.933,5.238,3255.764,21.264,,,-1131.368,-339.777,-3033.902,YA_VUI,Peter,Pomacentridae,Pomacentrus,maafu,temp_code_005,1,AD,Passing,
GX010045_L.MP4,13760,7.6521,YA_VUI_Transect 1,1.3219,,4.525,10.86,2926.229,26.366,,,-1273.492,-260.57,-2621.666,YA_VUI,Peter,Pomacentridae,Pomacentrus,callainus,temp_code_004,1,AD,Passing,
GX010045_L.MP4,13760,7.6521,YA_VUI_Transect 1,1.3219,,4.028,8.854,2681.15,24.367,,,-1042.695,-370.806,-2442.101,YA_VUI,Peter,Pomacentridae,Pomacentrus,maafu,temp_code_005,1,AD,Passing,
GX010045_L.MP4,13760,7.6521,YA_VUI_Transect 1,1.3219,,6.783,1.783,3610.14,24.303,,,-1478.775,-145.971,-3290.141,YA_VUI,Peter,Pomacentridae,Amblyglyphidodon,orbicularis,temp_code_001,1,AD,Passing,
GX010045_L.MP4,13789,7.6682,YA_VUI_Transect 1,1.338,,5.08,3.562,2889.854,21.883,,,-576.48,-911.378,-2681.103,YA_VUI,Peter,Pomacentridae,Stegastes,lacrymatus,temp_code_006,1,AD,Passing,
GX010045_L.MP4,13935,7.7494,YA_VUI_Transect 1,1.4192,,4.118,4.189,2559.814,18.939,,,54.116,-830.456,-2420.756,YA_VUI,Peter,Labridae,Thalassoma,lunare,37384167,1,AD,Passing,
GX010045_L.MP4,13935,7.7494,YA_VUI_Transect 1,1.4192,,4.629,3.199,2832.561,27.439,,,1103.119,-699.199,-2513.494,YA_VUI,Peter,Scaridae,Chlorurus,spilurus,temp_code_002,1,AD,Passing,
GX010045_L.MP4,13935,7.7494,YA_VUI_Transect 1,1.4192,,4.811,4.386,2898.284,27.915,,,1142.421,-733.596,-2560.617,YA_VUI,Peter,Scaridae,Chlorurus,spilurus,temp_code_002,1,AD,Passing,
GX010045_L.MP4,13935,7.7494,YA_VUI_Transect 1,1.4192,,5.399,0.54,3076.885,26.755,,,1214.737,-667.246,-2747.074,YA_VUI,Peter,Scaridae,Chlorurus,spilurus,temp_code_002,1,AD,Passing,
GX010045_L.MP4,13960,7.7633,YA_VUI_Transect 1,1.4331,,6.58,1.589,3343.245,13.22,,,-763.628,-39.328,-3254.63,YA_VUI,Peter,Pomacentridae,Pomacentrus,brachialis,37372109,1,AD,Passing,
GX010045_L.MP4,13960,7.7633,YA_VUI_Transect 1,1.4331,,7.05,3.453,3491.216,15.068,,,-905.638,-61.455,-3371.146,YA_VUI,Peter,Pomacentridae,Pomacentrus,moluccensis,37372118,1,AD,Passing,
GX010045_L.MP4,13960,7.7633,YA_VUI_Transect 1,1.4331,,6.968,4.277,3424.738,10.544,,,-617.334,-110.031,-3366.841,YA_VUI,Peter,Pomacentridae,Pomacentrus,moluccensis,37372118,1,AD,Passing,
GX010045_L.MP4,13988,7.7789,YA_VUI_Transect 1,1.4487,,5.175,0.455,2876.449,12.692,,,-291.266,-562.522,-2805.832,YA_VUI,Peter,Pomacentridae,Pomacentrus,brachialis,37372109,1,AD,Passing,
GX010045_L.MP4,14032,7.8034,YA_VUI_Transect 1,1.4731,99.948,6.523,10.576,2397.627,26.034,72.364,31.381,-953.051,-446.166,-2154.355,YA_VUI,Peter,Pomacentridae,Pomacentrus,callainus,temp_code_004,1,AD,Passing,
GX010045_L.MP4,14032,7.8034,YA_VUI_Transect 1,1.4731,,3.772,4.102,2509.478,21.214,,,-785.395,-457.131,-2339.159,YA_VUI,Peter,Pomacentridae,Pomacentrus,callainus,temp_code_004,1,AD,Passing,
GX010045_L.MP4,14041,7.8084,YA_VUI_Transect 1,1.4781,81.031,7.822,8.986,2583.194,26.426,65.97,19.394,-1111.755,-292.584,-2313.285,YA_VUI,Peter,Pomacentridae,Pomacentrus,callainus,temp_code_004,1,AD,Passing,
GX010045_L.MP4,14113,7.8484,YA_VUI_Transect 1,1.5182,,6.645,1.142,3280.548,21.263,,,764.847,-913.022,-3056.697,YA_VUI,Peter,Pomacentridae,Pomacentrus,moluccensis,37372118,1,AD,Passing,
GX010045_L.MP4,14113,7.8484,YA_VUI_Transect 1,1.5182,,3.932,2.145,2492.818,17.42,,,-106.843,-740,-2378.051,YA_VUI,Peter,Labridae,Stethojulis,sp,,1,AD,Passing,
GX010045_L.MP4,14113,7.8484,YA_VUI_Transect 1,1.5182,,5.057,5.041,2845.545,16.783,,,19.836,-822.988,-2723.862,YA_VUI,Peter,Labridae,Stethojulis,sp,,1,AD,Passing,
GX010045_L.MP4,14113,7.8484,YA_VUI_Transect 1,1.5182,,3.705,2.37,2405.357,19.38,,,287.404,-745.975,-2268.625,YA_VUI,Peter,Labridae,Stethojulis,sp,,1,AD,Passing,
GX010045_L.MP4,14113,7.8484,YA_VUI_Transect 1,1.5182,,5.262,0.735,2891.004,18.855,,,361.337,-863.188,-2735.369,YA_VUI,Peter,Labridae,Stethojulis,sp,,1,AD,Passing,
GX010045_L.MP4,14113,7.8484,YA_VUI_Transect 1,1.5182,,9.63,1.255,3966.264,19.326,,,467.796,-1228.625,-3742.045,YA_VUI,Peter,Labridae,Stethojulis,sp,,1,AD,Passing,
GX010045_L.MP4,14113,7.8484,YA_VUI_Transect 1,1.5182,,6.138,0.026,3137.166,20.032,,,676.775,-836.435,-2946.891,YA_VUI,Peter,Labridae,Stethojulis,sp,,1,AD,Passing,
GX010045_L.MP4,14113,7.8484,YA_VUI_Transect 1,1.5182,,6.342,0.135,3191.012,20.222,,,668.378,-879.181,-2993.805,YA_VUI,Peter,Labridae,Stethojulis,sp,,1,AD,Passing,
GX010045_L.MP4,14113,7.8484,YA_VUI_Transect 1,1.5182,,5.79,2.461,3046.225,20.762,,,643.08,-869.136,-2847.901,YA_VUI,Peter,Labridae,Stethojulis,sp,,1,AD,Passing,
GX010045_L.MP4,14113,7.8484,YA_VUI_Transect 1,1.5182,,7.524,0.34,3554.545,22.057,,,1114.319,-736.777,-3293.971,YA_VUI,Peter,Labridae,Stethojulis,sp,,1,AD,Passing,
GX010045_L.MP4,14113,7.8484,YA_VUI_Transect 1,1.5182,,7.326,8.722,3508.178,22.695,,,1107.756,-779.696,-3236.088,YA_VUI,Peter,Labridae,Stethojulis,sp,,1,AD,Passing,
GX010045_L.MP4,14113,7.8484,YA_VUI_Transect 1,1.5182,,5.995,5.629,3217.14,25.719,,,1183.731,-741.864,-2898.001,YA_VUI,Peter,Labridae,Stethojulis,sp,,1,AD,Passing,
GX010045_L.MP4,14113,7.8484,YA_VUI_Transect 1,1.5182,,5.802,6.939,3139.078,24.978,,,1089.125,-757.252,-2845.028,YA_VUI,Peter,Scaridae,Chlorurus,spilurus,temp_code_002,1,AD,Passing,
GX010045_L.MP4,14158,7.8734,YA_VUI_Transect 1,1.5432,,3.266,10.99,2405.235,27.051,,,-971.588,-503.781,-2141.816,YA_VUI,Peter,Pomacentridae,Pomacentrus,callainus,temp_code_004,1,AD,Passing,
GX010045_L.MP4,14158,7.8734,YA_VUI_Transect 1,1.5432,99.969,4.898,9.043,2813.91,20.458,9.973,13.405,-856.746,-482.995,-2636.436,YA_VUI,Peter,Labridae,Labroides,dimidiatus,37384028,1,AD,Passing,
GX010045_L.MP4,14158,7.8734,YA_VUI_Transect 1,1.5432,,4.26,7.039,2719.673,24.219,,,-951.12,-584.633,-2479.959,YA_VUI,Peter,Pomacentridae,Pomacentrus,moluccensis,37372118,1,AD,Passing,
GX010045_L.MP4,14233,7.9151,YA_VUI_Transect 1,1.5849,,18.364,4.203,5847.722,23.869,,,-2080.33,-1130.758,-5346.912,YA_VUI,Peter,Siganidae,Siganus,doliatus,37438009,1,AD,Passing,
GX010045_L.MP4,14233,7.9151,YA_VUI_Transect 1,1.5849,,23.167,3.099,6359.703,18.73,,,-1601.003,-1271.215,-6022.178,YA_VUI,Peter,Siganidae,Siganus,doliatus,37438009,1,AD,Passing,
GX010045_L.MP4,14269,7.9351,YA_VUI_Transect 1,1.6049,161.754,11.847,12.957,3827.872,23.309,25.783,3.545,-1324.687,-734.377,-3515.466,YA_VUI,Peter,Scaridae,Scarus,schlegeli,37386029,1,AD,Passing,
GX010045_L.MP4,14344,7.9769,YA_VUI_Transect 1,1.6466,174.967,10.09,2.619,4128.96,21.994,11.827,27.054,-1491.579,-407.741,-3828.479,YA_VUI,Peter,Scaridae,Scarus,schlegeli,37386029,1,AD,Passing,
GX010045_L.MP4,14344,7.9769,YA_VUI_Transect 1,1.6466,191.557,13.033,3.332,4069.217,25.695,29.951,24.374,-1727.853,-356.782,-3666.846,YA_VUI,Peter,Scaridae,Scarus,schlegeli,37386029,1,AD,Passing,
GX010045_L.MP4,14611,8.1253,YA_VUI_Transect 1,1.7951,,5.342,16.794,3163.89,29.086,,,-1325.463,-781.822,-2764.435,YA_VUI,Peter,Scaridae,Scarus,schlegeli,37386029,1,AD,Passing,
GX010045_L.MP4,22984,12.7817,YA_VUI_Transect 2,0.1807,,3.959,1.756,2537.911,20.427,,,-639.703,-614.089,-2377.955,YA_VUI,Peter,Pomacentridae,Pomacentrus,moluccensis,37372118,1,AD,Passing,
GX010045_L.MP4,22984,12.7817,YA_VUI_Transect 2,0.1807,,3.885,1.343,2545.853,22.689,,,-763.211,-619.298,-2348.477,YA_VUI,Peter,Pomacentridae,Pomacentrus,moluccensis,37372118,1,AD,Passing,
GX010045_L.MP4,22984,12.7817,YA_VUI_Transect 2,0.1807,105.196,10.212,7.443,2798.816,25.849,89.12,17.703,-1047,-626.774,-2518.793,YA_VUI,Peter,Acanthuridae,Acanthurus,sp,,1,AD,Passing,
GX010045_L.MP4,23002,12.7917,YA_VUI_Transect 2,0.1907,78.467,5.454,1.266,2116.901,8.789,37.967,4.747,-31.943,-321.86,-2092.045,YA_VUI,Peter,Pomacentridae,Pomacentrus,brachialis,37372109,1,AD,Passing,
GX010045_L.MP4,23023,12.8033,YA_VUI_Transect 2,0.2024,90.194,5.525,9.034,1945.889,22.162,70.211,4.355,-514.332,-523.721,-1802.127,YA_VUI,Peter,Scaridae,Chlorurus,spilurus,temp_code_002,1,AD,Passing,
GX010045_L.MP4,23033,12.8089,YA_VUI_Transect 2,0.208,85.723,4.28,7.34,1986.337,23.809,62.7,37.636,-717.495,-358.055,-1817.287,YA_VUI,Peter,Pomacentridae,Pomacentrus,brachialis,37372109,1,AD,Passing,
GX010045_L.MP4,23044,12.815,YA_VUI_Transect 2,0.2141,53.749,3.182,3.974,2004.914,20.57,34.694,46.711,-577.707,-403.092,-1877.086,YA_VUI,Peter,Pomacentridae,Pomacentrus,brachialis,37372109,1,AD,Passing,
GX010045_L.MP4,23116,12.8551,YA_VUI_Transect 2,0.2541,66.079,5.061,4.414,2628.562,9.97,28.844,47.631,205.276,-406.158,-2588.867,YA_VUI,Peter,Pomacentridae,Pomacentrus,brachialis,37372109,1,AD,Passing,
GX010045_L.MP4,23242,12.9251,YA_VUI_Transect 2,0.3242,83.76,7.237,6.89,2725.283,26.349,65.942,39.14,-1174.359,-289.746,-2442.149,YA_VUI,Peter,Labridae,Stethojulis,sp,,1,AD,Passing,
GX010045_L.MP4,23318,12.9674,YA_VUI_Transect 2,0.3665,66.947,4.773,6.966,2655.932,22.577,45.533,58.311,-914.295,-451.41,-2452.4,YA_VUI,Peter,Pomacentridae,Pomacentrus,brachialis,37372109,1,AD,Passing,
GX010045_L.MP4,23622,13.1365,YA_VUI_Transect 2,0.5355,81.978,1.732,3.61,1720.741,11.923,4.374,34.994,355.498,1.22,-1683.618,YA_VUI,Peter,Scaridae,Scarus,schlegeli,37386029,1,AD,Passing,
GX010045_L.MP4,23622,13.1365,YA_VUI_Transect 2,0.5355,58.896,3.002,3.224,1681.355,13.78,29.748,0.127,396.45,-56.678,-1632.964,YA_VUI,Peter,Scaridae,Scarus,schlegeli,37386029,1,AD,Passing,
GX010045_L.MP4,23622,13.1365,YA_VUI_Transect 2,0.5355,70.967,3.153,3.938,1701.907,14.964,32.449,12.031,431.387,83.833,-1644.191,YA_VUI,Peter,Scaridae,Scarus,schlegeli,37386029,1,AD,Passing,
GX010045_L.MP4,23622,13.1365,YA_VUI_Transect 2,0.5355,56.924,3.32,3.482,1831.89,7.922,31.483,25.471,56.448,-246.076,-1814.409,YA_VUI,Peter,Scaridae,Scarus,schlegeli,37386029,1,AD,Passing,
GX010045_L.MP4,23622,13.1365,YA_VUI_Transect 2,0.5355,62.241,4.255,4.053,2037.152,12.253,34.755,25.882,-302.756,-308.656,-1990.743,YA_VUI,Peter,Scaridae,Scarus,schlegeli,37386029,1,AD,Passing,
GX010045_L.MP4,23650,13.152,YA_VUI_Transect 2,0.5511,68.09,4.568,6.149,1850.838,2.832,48.738,28.915,-59.854,-69.144,-1848.577,YA_VUI,Peter,Pomacentridae,Pomacentrus,philippinus,37372123,1,AD,Passing,
GX010045_L.MP4,23665,13.1604,YA_VUI_Transect 2,0.5594,81.316,3.522,0.562,1840.45,10.336,30.801,9.293,-268.256,-192.584,-1810.582,YA_VUI,Peter,Labridae,Halichoeres,prosopeion,37384120,1,AD,Passing,
GX010045_L.MP4,23665,13.1604,YA_VUI_Transect 2,0.5594,79.774,2.509,1.173,2139.013,11.711,4.979,13.097,-413.805,-131.381,-2094.489,YA_VUI,Peter,Scaridae,Scarus,schlegeli,37386029,1,AD,Passing,
GX010045_L.MP4,23665,13.1604,YA_VUI_Transect 2,0.5594,69.53,2.903,0.979,1999.133,13.88,18.706,27.595,-438.786,-193.52,-1940.76,YA_VUI,Peter,Scaridae,Scarus,schlegeli,37386029,1,AD,Passing,
GX010045_L.MP4,23696,13.1776,YA_VUI_Transect 2,0.5767,53.133,1.972,1.822,1539.505,6.902,36.1,53.579,182.694,29.089,-1528.35,YA_VUI,Peter,Pomacentridae,Pomacentrus,moluccensis,37372118,1,AD,Passing,
GX010045_L.MP4,23773,13.2204,YA_VUI_Transect 2,0.6195,71.728,6.066,0.506,2230.195,7.265,37.821,8.382,-5.838,-281.964,-2212.291,YA_VUI,Peter,Scaridae,Cetoscarus,ocellatus,37386007,1,J,Passing,
GX010045_L.MP4,23863,13.2705,YA_VUI_Transect 2,0.6696,81.168,2.737,2.864,2284.832,11.677,11.146,37.644,297.362,-354.129,-2237.549,YA_VUI,Peter,Chaetodontidae,Chaetodon,kleinii,37365040,1,AD,Passing,
GX010045_L.MP4,23863,13.2705,YA_VUI_Transect 2,0.6696,65.533,4.574,6.558,2040.635,16.263,36.022,17.412,534.494,-202.271,-1958.978,YA_VUI,Peter,Chaetodontidae,Chaetodon,kleinii,37365040,1,AD,Passing,
GX010045_L.MP4,23927,13.3061,YA_VUI_Transect 2,0.7051,,6.562,3.417,3577.38,29.996,,,1740.623,409.159,-3098.462,YA_VUI,Peter,Scaridae,Scarus,schlegeli,37386029,1,AD,Passing,
GX010045_L.MP4,24046,13.3722,YA_VUI_Transect 2,0.7713,142.65,8.755,7.981,3715.402,12.907,17.355,12.105,466.568,686.372,-3621.521,YA_VUI,Peter,Scaridae,Scarus,sp,,1,AD,Passing,
GX010045_L.MP4,24064,13.3823,YA_VUI_Transect 2,0.7813,,7.658,11.543,3848.675,27.108,,,-1643.027,-615.191,-3425.537,YA_VUI,Peter,Scaridae,Scarus,sp,,1,AD,Passing,
GX010045_L.MP4,24064,13.3823,YA_VUI_Transect 2,0.7813,,8.243,0.961,3912.512,23.826,,,-1472.994,-575.007,-3578.744,YA_VUI,Peter,Scaridae,Scarus,sp,,1,AD,Passing,
GX010045_L.MP4,24064,13.3823,YA_VUI_Transect 2,0.7813,,7.443,7.12,3676.252,23.79,,,-1325.063,-667.822,-3363.488,YA_VUI,Peter,Scaridae,Scarus,sp,,1,AD,Passing,
GX010045_L.MP4,24064,13.3823,YA_VUI_Transect 2,0.7813,,7.846,1.61,3702.88,21.393,,,-1138.218,-729.149,-3447.336,YA_VUI,Peter,Scaridae,Scarus,sp,,1,AD,Passing,
GX010045_L.MP4,24065,13.3828,YA_VUI_Transect 2,0.7819,83.342,7.214,2.342,2285.023,19.77,56.987,16.881,128.633,-762.103,-2150.345,YA_VUI,Peter,Scaridae,Scarus,sp,,1,AD,Passing,
GX010045_L.MP4,24080,13.3912,YA_VUI_Transect 2,0.7902,129.289,4.989,3.033,2157.888,23.663,41.694,14.08,418.72,-758.127,-1976.461,YA_VUI,Peter,Mullidae,Parupeneus,barberinoides,37355021,1,AD,Passing,
GX010045_L.MP4,24189,13.4518,YA_VUI_Transect 2,0.8509,101.136,3.611,2.288,2408.476,19.491,18.458,3.803,164.829,-786.531,-2270.453,YA_VUI,Peter,Scaridae,Scarus,schlegeli,37386029,1,AD,Passing,
GX010045_L.MP4,24189,13.4518,YA_VUI_Transect 2,0.8509,89.237,2.103,1.747,2356.551,18.618,2.591,19.894,59.196,-750.014,-2233.228,YA_VUI,Peter,Scaridae,Scarus,schlegeli,37386029,1,AD,Passing,
GX010045_L.MP4,24243,13.4818,YA_VUI_Transect 2,0.8809,,6.481,3.939,3324.222,19.66,,,-940.807,-606.512,-3130.092,YA_VUI,Peter,Chaetodontidae,Chaetodon,plebeius,37365050,1,AD,Passing,
GX010045_L.MP4,24252,13.4868,YA_VUI_Transect 2,0.8859,150.224,7.548,9.985,2408.789,21.432,54.418,12.644,-401.65,-783.161,-2242.232,YA_VUI,Peter,Nemipteridae,Scolopsis,bilineata,37347031,1,AD,Passing,
GX010045_L.MP4,24252,13.4868,YA_VUI_Transect 2,0.8859,,5.56,0.652,3012.497,18.485,,,-613.024,-734.143,-2856.637,YA_VUI,Peter,Chaetodontidae,Chaetodon,lunulatus,37365059,1,AD,Passing,
GX010045_L.MP4,24320,13.5246,YA_VUI_Transect 2,0.9237,,5.337,8.972,3056.347,28.171,,,1187.819,817.61,-2694.783,YA_VUI,Peter,Pomacentridae,Pomacentrus,brachialis,37372109,1,AD,Passing,
GX010045_L.MP4,24320,13.5246,YA_VUI_Transect 2,0.9237,,6.363,0.071,3314.554,26.788,,,1191.842,898.841,-2959.369,YA_VUI,Peter,Pomacentridae,Pomacentrus,brachialis,37372109,1,AD,Passing,
GX010045_L.MP4,24320,13.5246,YA_VUI_Transect 2,0.9237,,6.577,2.659,3382.219,28.376,,,1206.511,1060.38,-2976.463,YA_VUI,Peter,Pomacentridae,Pomacentrus,brachialis,37372109,1,AD,Passing,
GX010045_L.MP4,24320,13.5246,YA_VUI_Transect 2,0.9237,,7.423,1.564,3496.528,20.492,,,977.41,734.963,-3275.699,YA_VUI,Peter,Pomacentridae,Pomacentrus,brachialis,37372109,1,AD,Passing,
GX010045_L.MP4,24320,13.5246,YA_VUI_Transect 2,0.9237,,6.734,6.904,3308.999,20.238,,,858.705,755.058,-3105.155,YA_VUI,Peter,Pomacentridae,Pomacentrus,brachialis,37372109,1,AD,Passing,
GX010045_L.MP4,24320,13.5246,YA_VUI_Transect 2,0.9237,,8.336,6.57,3689.163,20.505,,,901.337,924.055,-3455.957,YA_VUI,Peter,Pomacentridae,Pomacentrus,brachialis,37372109,1,AD,Passing,
GX010045_L.MP4,24349,13.5407,YA_VUI_Transect 2,0.9398,,9.721,1.067,4028.221,11.304,,,751.518,-244.566,-3949.933,YA_VUI,Peter,Pomacanthidae,Centropyge,bicolor,37365022,1,AD,Passing,
GX010045_L.MP4,24563,13.6598,YA_VUI_Transect 2,1.0588,,3.394,4.697,2299.755,16.746,,,-290.526,-596.824,-2201.878,YA_VUI,Peter,Mullidae,Parupeneus,barberinoides,37355021,1,AD,Passing,
GX010045_L.MP4,24563,13.6598,YA_VUI_Transect 2,1.0588,,3.304,2.79,2259.813,13.851,,,-89.716,-534.779,-2193.791,YA_VUI,Peter,Mullidae,Parupeneus,barberinoides,37355021,1,AD,Passing,
GX010045_L.MP4,24586,13.6725,YA_VUI_Transect 2,1.0716,103.476,5.965,3.945,1952.076,19.436,68.895,2.333,-179.547,-624.257,-1840.833,YA_VUI,Peter,Labridae,Cheilinus,sp,,1,AD,Passing,
GX010045_L.MP4,24593,13.6764,YA_VUI_Transect 2,1.0755,,2.087,0.313,1786.526,20.944,,,61.23,-636.641,-1668.117,YA_VUI,Peter,Pomacentridae,Stegastes,nigricans,37372135,1,AD,Passing,
GX010045_L.MP4,24641,13.7031,YA_VUI_Transect 2,1.1022,130.495,7.788,2.484,3295.529,19.575,23.846,22.219,-378.32,-1037.327,-3105.05,YA_VUI,Peter,Mullidae,Parupeneus,barberinoides,37355021,1,AD,Passing,
GX010045_L.MP4,24641,13.7031,YA_VUI_Transect 2,1.1022,112.036,9.655,12.45,3789.772,24.894,21.696,13.06,-968.388,-1267.696,-3437.666,YA_VUI,Peter,Mullidae,Parupeneus,barberinoides,37355021,1,AD,Passing,
GX010045_L.MP4,24692,13.7315,YA_VUI_Transect 2,1.1306,84.335,4.54,8.067,2215.582,24.884,35.251,26.237,752.82,-549.926,-2009.887,YA_VUI,Peter,Scaridae,Scarus,schlegeli,37386029,1,AD,Passing,
GX010045_L.MP4,24692,13.7315,YA_VUI_Transect 2,1.1306,92.15,5.567,8.511,2391.606,22.241,39.901,32.295,633.149,-646.966,-2213.671,YA_VUI,Peter,Scaridae,Scarus,schlegeli,37386029,1,AD,Passing,
GX010045_L.MP4,24692,13.7315,YA_VUI_Transect 2,1.1306,74.888,5.102,2.833,2462.234,19.513,27.384,24.638,549.707,-611.755,-2320.813,YA_VUI,Peter,Scaridae,Scarus,schlegeli,37386029,1,AD,Passing,
GX010045_L.MP4,24692,13.7315,YA_VUI_Transect 2,1.1306,96.652,6.163,7.563,2299.367,24.089,50.691,20.181,711.629,-611.864,-2099.117,YA_VUI,Peter,Scaridae,Scarus,schlegeli,37386029,1,AD,Passing,
GX010045_L.MP4,24692,13.7315,YA_VUI_Transect 2,1.1306,67.628,4.739,9.997,2149.084,25.509,49.938,34.513,697.832,-607.967,-1939.579,YA_VUI,Peter,Scaridae,Scarus,schlegeli,37386029,1,AD,Passing,
GX010045_L.MP4,24692,13.7315,YA_VUI_Transect 2,1.1306,68.432,5.697,8.444,2156.909,24.458,59.703,26.015,598.918,-662.411,-1963.356,YA_VUI,Peter,Scaridae,Scarus,schlegeli,37386029,1,AD,Passing,
GX010045_L.MP4,24692,13.7315,YA_VUI_Transect 2,1.1306,91.013,4.856,5.327,2324.856,23.72,33.743,28.906,762.857,-540.99,-2128.459,YA_VUI,Peter,Scaridae,Scarus,schlegeli,37386029,1,AD,Passing,
GX010045_L.MP4,24692,13.7315,YA_VUI_Transect 2,1.1306,85.063,6.102,7.071,2302.413,24.583,55.889,26.864,838.266,-463.42,-2093.718,YA_VUI,Peter,Scaridae,Scarus,schlegeli,37386029,1,AD,Passing,
GX010045_L.MP4,24692,13.7315,YA_VUI_Transect 2,1.1306,94.249,6.839,6.421,2412.21,23.63,65.125,33.728,858.151,-445.445,-2209.957,YA_VUI,Peter,Scaridae,Scarus,schlegeli,37386029,1,AD,Passing,
GX010045_L.MP4,24692,13.7315,YA_VUI_Transect 2,1.1306,111.777,6.274,11.434,2366.058,27.214,64.342,29.327,984.999,-447.835,-2104.151,YA_VUI,Peter,Scaridae,Scarus,schlegeli,37386029,1,AD,Passing,
GX010045_L.MP4,24692,13.7315,YA_VUI_Transect 2,1.1306,103.185,6.776,8.952,2384.578,27.375,79.326,27.977,1018.174,-406.84,-2117.549,YA_VUI,Peter,Scaridae,Scarus,schlegeli,37386029,1,AD,Passing,
GX010045_L.MP4,24692,13.7315,YA_VUI_Transect 2,1.1306,150.029,7.603,7.639,2465.657,27.009,83.168,23.369,1059.607,-361.995,-2196.737,YA_VUI,Peter,Scaridae,Scarus,schlegeli,37386029,1,AD,Passing,
GX010045_L.MP4,24731,13.7532,YA_VUI_Transect 2,1.1523,,7.172,0.826,3489.043,17.844,,,1053.682,179.167,-3321.306,YA_VUI,Peter,Nemipteridae,Scolopsis,bilineata,37347031,1,AD,Passing,
GX010045_L.MP4,24731,13.7532,YA_VUI_Transect 2,1.1523,254.91,11.863,10.071,2997.113,26.833,74.63,5.117,1310.012,337.873,-2674.397,YA_VUI,Peter,Scaridae,Scarus,sp,,1,AD,Passing,
GX010045_L.MP4,24731,13.7532,YA_VUI_Transect 2,1.1523,196.051,17.208,5.45,3463.075,21.319,63.914,2.813,1162.917,482.476,-3226.102,YA_VUI,Peter,Scaridae,Scarus,sp,,1,AD,Passing,
GX010045_L.MP4,24731,13.7532,YA_VUI_Transect 2,1.1523,170.067,5.47,7.009,3392.973,27.071,17.88,61.367,1396.719,658.432,-3021.243,YA_VUI,Peter,Scaridae,Scarus,sp,,1,AD,Passing,
GX010045_L.MP4,24758,13.7682,YA_VUI_Transect 2,1.1673,130.308,4.758,7.111,2791.864,16.38,17.364,0.629,201.647,-761.088,-2678.542,YA_VUI,Peter,Nemipteridae,Scolopsis,bilineata,37347031,1,AD,Passing,
GX010045_L.MP4,24784,13.7827,YA_VUI_Transect 2,1.1817,,8.432,1.255,4175.573,27.787,,,-1946.228,-41.055,-3694.039,YA_VUI,Peter,Scaridae,Scarus,schlegeli,37386029,1,AD,Passing,
GX010045_L.MP4,24851,13.8199,YA_VUI_Transect 2,1.219,95.245,5.412,13.864,2466.253,18.431,58.186,59.163,478.421,-615.703,-2339.749,YA_VUI,Peter,Mullidae,Parupeneus,barberinoides,37355021,1,AD,Passing,
GX010045_L.MP4,24851,13.8199,YA_VUI_Transect 2,1.219,33.388,2.344,9.914,1568.11,25.358,30.865,16.919,514.623,-431.485,-1417.023,YA_VUI,Peter,Pomacentridae,Pomacentrus,maafu,temp_code_005,1,AD,Passing,
GX010045_L.MP4,24851,13.8199,YA_VUI_Transect 2,1.219,68.95,2.504,8.055,1575.364,24.499,33.371,13.298,520.829,-394.313,-1433.536,YA_VUI,Peter,Labridae,Halichoeres,prosopeion,37384120,1,AD,Passing,
GX010045_L.MP4,24863,13.8266,YA_VUI_Transect 2,1.2257,77.916,5.572,1.995,2844.242,2.442,19.603,21.074,-6.854,120.972,-2841.66,YA_VUI,Peter,Chaetodontidae,Chaetodon,citrinellus,37365036,1,AD,Passing,
GX010045_L.MP4,24863,13.8266,YA_VUI_Transect 2,1.2257,73.827,3.29,7.306,2955.168,3.718,7.286,20.973,-151.537,117.28,-2948.949,YA_VUI,Peter,Chaetodontidae,Chaetodon,citrinellus,37365036,1,AD,Passing,
GX010045_L.MP4,24878,13.8349,YA_VUI_Transect 2,1.234,163.748,15.21,5.52,3264.834,9.179,58.354,29.971,-456.886,250.023,-3223.025,YA_VUI,Peter,Scaridae,Chlorurus,bleekeri,37386011,1,AD,Passing,
GX010045_L.MP4,24878,13.8349,YA_VUI_Transect 2,1.234,219.941,19.691,1.498,3621.859,7.059,49.609,5.576,-383.242,226.321,-3594.408,YA_VUI,Peter,Scaridae,Chlorurus,bleekeri,37386011,1,AD,Passing,
GX010045_L.MP4,24878,13.8349,YA_VUI_Transect 2,1.234,204.159,18.686,4.615,3513.999,6.841,50.502,11.071,-169.691,382.661,-3488.978,YA_VUI,Peter,Scaridae,Chlorurus,bleekeri,37386011,1,AD,Passing,
GX010045_L.MP4,24878,13.8349,YA_VUI_Transect 2,1.234,,8.493,3.905,3752.439,20.297,,,1055.726,759.337,-3519.894,YA_VUI,Peter,Scaridae,Chlorurus,bleekeri,37386011,1,AD,Passing,
GX010045_L.MP4,24878,13.8349,YA_VUI_Transect 2,1.234,,8.995,2.764,3808.488,15.332,,,572.332,826.416,-3673.425,YA_VUI,Peter,Scaridae,Chlorurus,bleekeri,37386011,1,AD,Passing,
GX010045_L.MP4,24878,13.8349,YA_VUI_Transect 2,1.234,,8.407,6.561,3710.605,9.831,,,302.645,554.461,-3656.442,YA_VUI,Peter,Scaridae,Chlorurus,bleekeri,37386011,1,AD,Passing,
GX010045_L.MP4,24878,13.8349,YA_VUI_Transect 2,1.234,334.463,31.092,7.026,5338.793,17.47,37.793,13.68,1053.294,1208.043,-5092.535,YA_VUI,Peter,Scaridae,Scarus,frenatus,37386016,1,AD,Passing,
GX010045_L.MP4,24878,13.8349,YA_VUI_Transect 2,1.234,175.928,12.508,7.716,5244.497,14.239,11.112,37.885,906.916,917.383,-5083.371,YA_VUI,Peter,Acanthuridae,Acanthurus,thompsoni,37437018,1,AD,Passing,
GX010045_L.MP4,25026,13.9172,YA_VUI_Transect 2,1.3163,14.684,1.103,3.313,1149.168,17.007,7.579,34.003,335.115,-26.013,-1098.913,YA_VUI,Peter,Pomacentridae,Pomacentrus,moluccensis,37372118,1,AD,Passing,
GX010045_L.MP4,25117,13.9678,YA_VUI_Transect 2,1.3669,86.753,6.339,5.55,3256.273,18.401,12.936,23.739,-908.85,-480.11,-3089.789,YA_VUI,Peter,Mullidae,Parupeneus,multifasciatus,37355026,1,AD,Passing,
GX010045_L.MP4,25117,13.9678,YA_VUI_Transect 2,1.3669,,5.864,3.477,3231.219,22.776,,,-1136.799,-523.71,-2978.959,YA_VUI,Peter,Scaridae,Scarus,schlegeli,37386029,1,AD,Passing,
GX010045_L.MP4,25117,13.9678,YA_VUI_Transect 2,1.3669,,4.675,1.404,2811.71,20.28,,,-855.315,-468.709,-2637.132,YA_VUI,Peter,Scaridae,Scarus,schlegeli,37386029,1,AD,Passing,
GX010045_L.MP4,25117,13.9678,YA_VUI_Transect 2,1.3669,,5.652,0.674,3103.469,18.49,,,-898.679,-403.138,-2943.022,YA_VUI,Peter,Scaridae,Scarus,schlegeli,37386029,1,AD,Passing,
GX010045_L.MP4,25194,14.0107,YA_VUI_Transect 2,1.4097,35.7,2.017,13.882,1522.112,24.669,26.763,28.313,-523.614,-359.738,-1383.2,YA_VUI,Peter,Pomacentridae,Chrysiptera,glauca,37372062,1,AD,Passing,
GX010045_L.MP4,25194,14.0107,YA_VUI_Transect 2,1.4097,,4.309,6.822,2719.037,22.763,,,-908.868,-531.315,-2506.955,YA_VUI,Peter,Scaridae,Scarus,schlegeli,37386029,1,AD,Passing,
GX010045_L.MP4,25194,14.0107,YA_VUI_Transect 2,1.4097,,5.761,5.305,3064.28,9.574,,,-386.014,-334.516,-3021.408,YA_VUI,Peter,Scaridae,Scarus,schlegeli,37386029,1,AD,Passing,
GX010045_L.MP4,25194,14.0107,YA_VUI_Transect 2,1.4097,,5.442,7.043,2980.208,5.91,,,-173.013,-255.14,-2964.222,YA_VUI,Peter,Scaridae,Scarus,schlegeli,37386029,1,AD,Passing,
GX010045_L.MP4,25194,14.0107,YA_VUI_Transect 2,1.4097,,5.342,5.121,2953.801,5.209,,,-157.1,-219.072,-2941.474,YA_VUI,Peter,Scaridae,Scarus,schlegeli,37386029,1,AD,Passing,
GX010045_L.MP4,25194,14.0107,YA_VUI_Transect 2,1.4097,,6.683,5.79,3331.98,4.348,,,251.811,-22.346,-3322.376,YA_VUI,Peter,Scaridae,Scarus,schlegeli,37386029,1,AD,Passing,
GX010045_L.MP4,25194,14.0107,YA_VUI_Transect 2,1.4097,,6.401,6.845,3232.701,12.38,,,674.129,159.076,-3157.625,YA_VUI,Peter,Scaridae,Scarus,schlegeli,37386029,1,AD,Passing,
GX010045_L.MP4,25194,14.0107,YA_VUI_Transect 2,1.4097,,7.045,8.147,3446.02,18.036,,,1031.244,271.701,-3276.854,YA_VUI,Peter,Scaridae,Scarus,schlegeli,37386029,1,AD,Passing,
GX010045_L.MP4,25281,14.059,YA_VUI_Transect 2,1.4581,223.957,21.37,11.687,5879.048,25.181,12.406,27.569,2340.274,883.182,-5320.368,YA_VUI,Peter,Scaridae,Scarus,schlegeli,37386029,1,AD,Passing,
GX010045_L.MP4,25424,14.1386,YA_VUI_Transect 2,1.5376,,1.428,4.727,1437.252,22.201,,,341.249,-423.244,-1330.454,YA_VUI,Peter,Pomacentridae,Pomacentrus,moluccensis,37372118,1,AD,Passing,
GX010045_L.MP4,25424,14.1386,YA_VUI_Transect 2,1.5376,,1.677,1.827,1562.252,20.398,,,360.146,-409.257,-1464.047,YA_VUI,Peter,Pomacentridae,Pomacentrus,moluccensis,37372118,1,AD,Passing,
GX010045_L.MP4,25424,14.1386,YA_VUI_Transect 2,1.5376,,1.498,0.368,1465.147,18.383,,,233.337,-399.633,-1390.145,YA_VUI,Peter,Pomacentridae,Pomacentrus,moluccensis,37372118,1,AD,Passing,
GX010045_L.MP4,25424,14.1386,YA_VUI_Transect 2,1.5376,62.034,3.237,6.397,2102.429,24.661,22.206,36.885,711.31,-513.386,-1910.675,YA_VUI,Peter,Acanthuridae,Acanthurus,sp,,1,AD,Passing,
GX010045_L.MP4,25507,14.1847,YA_VUI_Transect 2,1.5838,,9.271,2.489,4137.44,28.21,,,-1501.672,-1255.162,-3645.265,YA_VUI,Peter,Acanthuridae,Acanthurus,nigrofuscus,37437014,1,AD,Passing,
GX010045_L.MP4,25531,14.1981,YA_VUI_Transect 2,1.5972,187.775,6.566,4.897,2488.794,14.622,35.539,22.8,627.947,20.305,-2408.187,YA_VUI,Peter,Scaridae,Scarus,schlegeli,37386029,1,AD,Passing,
GX010045_L.MP4,25548,14.2075,YA_VUI_Transect 2,1.6066,,14.943,7.089,5174.072,24.907,,,1935.356,998.553,-4693.432,YA_VUI,Peter,Pomacanthidae,Centropyge,bicolor,37365022,1,AD,Passing,
GX010045_L.MP4,25610,14.242,YA_VUI_Transect 2,1.6411,115.946,10.508,11.617,3860.153,23.962,22.613,32.083,1454.261,585.629,-3527.456,YA_VUI,Peter,Pomacanthidae,Centropyge,bicolor,37365022,1,AD,Passing,
GX010045_L.MP4,25651,14.2648,YA_VUI_Transect 2,1.6639,288.665,3.967,2.958,3221.892,9.751,16.332,63.409,545.54,-13.033,-3175.343,YA_VUI,Peter,Scaridae,Scarus,tricolor,37386036,1,AD,Passing,TP
GX010045_L.MP4,25828,14.3632,YA_VUI_Transect 2,1.7623,71.32,2.931,2.285,1703.264,19.038,30.972,19.98,536.875,142.971,-1610.104,YA_VUI,Peter,Pomacentridae,Pomacentrus,brachialis,37372109,1,AD,Passing,
GX010045_L.MP4,25828,14.3632,YA_VUI_Transect 2,1.7623,88.583,4.411,3.281,1694.755,22.217,81.073,1.206,628.062,127.132,-1568.939,YA_VUI,Peter,Tetraodontidae,Canthigaster,solandri,37467073,1,AD,Passing,
GX010045_L.MP4,26189,14.564,YA_VUI_Transect 2,1.9631,163.494,8.567,11.772,3392.759,19.41,27.373,38.987,-249.729,-1099.499,-3199.93,YA_VUI,Peter,Scaridae,Scarus,schlegeli,37386029,1,AD,Passing,
GX010045_L.MP4,26405,14.6841,YA_VUI_Transect 2,2.0832,,1.214,3.223,1333.725,26.371,,,375.328,-459.045,-1194.667,YA_VUI,Peter,Pomacentridae,Pomacentrus,moluccensis,37372118,1,AD,Passing,
GX010045_L.MP4,26654,14.8226,YA_VUI_Transect 2,2.2217,87.324,6.153,11.316,2871.613,28.476,29.701,37.191,985.082,-950.895,-2524.198,YA_VUI,Peter,Pomacentridae,Pomacentrus,brachialis,37372109,1,AD,Passing,
GX010045_L.MP4,26745,14.8732,YA_VUI_Transect 2,2.2723,,10.097,17.835,4342.269,28.77,,,-1624.434,-1317.097,-3805.492,YA_VUI,Peter,Mullidae,Parupeneus,barberinoides,37355021,1,AD,Passing,
GX010045_L.MP4,26967,14.9966,YA_VUI_Transect 2,2.3957,,10.762,3.47,4681.673,30.026,,,2320.56,318.601,-4053.586,YA_VUI,Peter,Pomacentridae,Pomacentrus,brachialis,37372109,1,AD,Passing,
GX010045_L.MP4,26967,14.9966,YA_VUI_Transect 2,2.3957,,7.78,3.173,3671.711,19.285,,,1201.201,164.003,-3465.787,YA_VUI,Peter,Pomacentridae,Pomacentrus,moluccensis,37372118,1,AD,Passing,
GX010045_L.MP4,26967,14.9966,YA_VUI_Transect 2,2.3957,,13.44,4.081,5114.583,25.855,,,2221.512,197.166,-4602.713,YA_VUI,Peter,Pomacentridae,Pomacentrus,sp,,1,AD,Passing,
GX010045_L.MP4,26967,14.9966,YA_VUI_Transect 2,2.3957,,10.186,2.197,4455.302,27.043,,,2011.202,239.246,-3968.318,YA_VUI,Peter,Pomacentridae,Pomacentrus,sp,,1,AD,Passing,
GX010045_L.MP4,27011,15.0211,YA_VUI_Transect 2,2.4202,,5.834,3.526,3306.845,27.04,,,1484.572,235.044,-2945.509,YA_VUI,Peter,Labridae,Coris,sp,,1,AD,Passing,
GX010045_L.MP4,27099,15.0701,YA_VUI_Transect 2,2.4691,77.119,2.059,6.69,1419.393,22.52,33.131,19.836,431.157,-331.139,-1311.155,YA_VUI,Peter,Labridae,Halichoeres,prosopeion,37384120,1,AD,Passing,
GX010045_L.MP4,27119,15.0812,YA_VUI_Transect 2,2.4803,,11.675,0.738,4542.202,15.868,,,-1189.26,-360.541,-4368.898,YA_VUI,Peter,Pomacanthidae,Centropyge,bicolor,37365022,1,AD,Passing,
GX010045_L.MP4,27156,15.1018,YA_VUI_Transect 2,2.5008,,3.844,0.908,2457.687,16.159,,,-70.828,-681.706,-2360.187,YA_VUI,Peter,Mullidae,Parupeneus,barberinoides,37355021,1,AD,Passing,
GX010045_L.MP4,27156,15.1018,YA_VUI_Transect 2,2.5008,,3.92,1.371,2477.331,14.195,,,-9.912,-608.804,-2401.339,YA_VUI,Peter,Mullidae,Parupeneus,barberinoides,37355021,1,AD,Passing,
GX010045_L.MP4,27156,15.1018,YA_VUI_Transect 2,2.5008,,2.286,0.162,1873.141,19.905,,,-25.938,-638.232,-1760.865,YA_VUI,Peter,Pomacentridae,Pomacentrus,callainus,temp_code_004,1,AD,Passing,
GX010045_L.MP4,27156,15.1018,YA_VUI_Transect 2,2.5008,,4.221,0.873,2582.524,15.819,,,-181.853,-681.538,-2484.324,YA_VUI,Peter,Scaridae,Scarus,schlegeli,37386029,1,AD,Passing,
GX010045_L.MP4,27156,15.1018,YA_VUI_Transect 2,2.5008,,3.618,0.832,2376.315,15.576,,,-17.293,-639.195,-2288.669,YA_VUI,Peter,Scaridae,Scarus,schlegeli,37386029,1,AD,Passing,
GX010045_L.MP4,27156,15.1018,YA_VUI_Transect 2,2.5008,,4.313,4.779,2608.358,13.591,,,-152.048,-595.274,-2534.968,YA_VUI,Peter,Scaridae,Scarus,schlegeli,37386029,1,AD,Passing,
GX010045_L.MP4,27191,15.1212,YA_VUI_Transect 2,2.5203,,4.181,0.687,2755.036,26.558,,,1224.01,-139.582,-2464.252,YA_VUI,Peter,Pomacentridae,Pomacentrus,brachialis,37372109,1,AD,Passing,
GX010045_L.MP4,27191,15.1212,YA_VUI_Transect 2,2.5203,,4.295,1.496,2749.798,24.788,,,1132.677,-216.443,-2496.314,YA_VUI,Peter,Pomacentridae,Pomacentrus,moluccensis,37372118,1,AD,Passing,
GX010045_L.MP4,27229,15.1423,YA_VUI_Transect 2,2.5414,82.258,3.589,2.647,2097.269,15.833,29.849,42.203,225.452,-525.922,-2017.701,YA_VUI,Peter,Pomacentridae,Pomacentrus,brachialis,37372109,1,AD,Passing,
GX010045_L.MP4,27229,15.1423,YA_VUI_Transect 2,2.5414,67.514,2.654,1.644,2236.137,13.711,12.743,12.158,-79.467,-524.029,-2172.415,YA_VUI,Peter,Scaridae,Scarus,schlegeli,37386029,1,AD,Passing,
GX010045_L.MP4,27293,15.1779,YA_VUI_Transect 2,2.577,,5.732,2.087,3268.204,23.113,,,-1278.816,100.958,-3005.926,YA_VUI,Peter,Pomacentridae,Pomacentrus,brachialis,37372109,1,AD,Passing,
GX010045_L.MP4,27315,15.1902,YA_VUI_Transect 2,2.5893,81.762,1.919,9.222,1295.683,20.988,39.378,11.331,-339.666,-316.223,-1209.721,YA_VUI,Peter,Pomacentridae,Pomacentrus,brachialis,37372109,1,AD,Passing,
GX010045_L.MP4,27376,15.2241,YA_VUI_Transect 2,2.6232,79.667,6.122,1.004,2524.896,17.557,30.666,13.528,-753.53,-110.869,-2407.281,YA_VUI,Peter,Pomacanthidae,Centropyge,bicolor,37365022,1,AD,Passing,
GX010045_L.MP4,27376,15.2241,YA_VUI_Transect 2,2.6232,131.102,6.495,3.688,2365.618,12.968,37.609,8.211,-496.662,-187.47,-2305.284,YA_VUI,Peter,Labridae,Cheilinus,chlorourus,37384064,1,AD,Passing,
GX010045_L.MP4,39162,21.7784,YA_VUI_Transect 3,0.0762,58.556,5.154,1.558,2706.683,18.615,14.355,19.797,861.433,-66.419,-2565.084,YA_VUI,Peter,Pomacentridae,Dascyllus,reticulatus,37372074,1,AD,Passing,
GX010045_L.MP4,39162,21.7784,YA_VUI_Transect 3,0.0762,,3.916,0.728,2702.468,28.397,,,1284.87,28.893,-2377.311,YA_VUI,Peter,Pomacentridae,Dascyllus,reticulatus,37372074,1,AD,Passing,
GX010045_L.MP4,39162,21.7784,YA_VUI_Transect 3,0.0762,,4.491,1.024,2747.827,20.266,,,949.728,-63.967,-2577.689,YA_VUI,Peter,Pomacentridae,Dascyllus,reticulatus,37372074,1,AD,Passing,
GX010045_L.MP4,39162,21.7784,YA_VUI_Transect 3,0.0762,,5.064,1.563,2909.765,18.615,,,927.763,-46.352,-2757.506,YA_VUI,Peter,Pomacentridae,Dascyllus,reticulatus,37372074,1,AD,Passing,
GX010045_L.MP4,39178,21.7873,YA_VUI_Transect 3,0.0851,,3.807,3.638,2642.927,27.661,,,1224.675,-75.833,-2340.83,YA_VUI,Peter,Pomacentridae,Pomacentrus,sp,,1,AD,Passing,
GX010045_L.MP4,39353,21.8846,YA_VUI_Transect 3,0.1824,,5.135,1.112,2919.546,22.559,,,955.644,-585.76,-2695.807,YA_VUI,Peter,Pomacentridae,Pomacentrus,brachialis,37372109,1,AD,Passing,
GX010045_L.MP4,39353,21.8846,YA_VUI_Transect 3,0.1824,,4.732,1.796,2731.157,17.991,,,603.343,-591.098,-2597.267,YA_VUI,Peter,Pomacentridae,Pomacentrus,brachialis,37372109,1,AD,Passing,
GX010045_L.MP4,39353,21.8846,YA_VUI_Transect 3,0.1824,,12.192,3.981,4589.424,16.022,,,-1100.27,-630.238,-4410.785,YA_VUI,Peter,Pomacentridae,Pomacentrus,brachialis,37372109,1,AD,Passing,
GX010045_L.MP4,39353,21.8846,YA_VUI_Transect 3,0.1824,,7.536,6.633,3762.903,25.212,,,-1490.988,-590.295,-3404.107,YA_VUI,Peter,Pomacentridae,Pomacentrus,brachialis,37372109,1,AD,Passing,
GX010045_L.MP4,39353,21.8846,YA_VUI_Transect 3,0.1824,,4.875,6.683,2960.057,28.673,,,1271.594,-634.092,-2596.712,YA_VUI,Peter,Pomacentridae,Pomacentrus,brachialis,37372109,1,AD,Passing,
GX010045_L.MP4,39353,21.8846,YA_VUI_Transect 3,0.1824,,7.593,0.863,3664.307,26.301,,,1409.251,-808.258,-3284.49,YA_VUI,Peter,Pomacentridae,Pomacentrus,brachialis,37372109,1,AD,Passing,
GX010045_L.MP4,39353,21.8846,YA_VUI_Transect 3,0.1824,,8.25,1.846,3695.253,21.913,,,1021.612,-928.322,-3427.743,YA_VUI,Peter,Pomacentridae,Pomacentrus,brachialis,37372109,1,AD,Passing,
GX010045_L.MP4,39380,21.8997,YA_VUI_Transect 3,0.1974,100.585,6.019,8.858,2060.425,25.046,70.419,1.534,549.469,-677.459,-1866.678,YA_VUI,Peter,Pomacentridae,Chromis,viridis,37372053,1,AD,Passing,
GX010045_L.MP4,39394,21.9074,YA_VUI_Transect 3,0.2052,58.288,4.098,0.908,2255.086,24.012,15.433,3.871,901.075,-173.74,-2059.926,YA_VUI,Peter,Pomacentridae,Pomacentrus,brachialis,37372109,1,AD,Passing,
GX010045_L.MP4,39437,21.9314,YA_VUI_Transect 3,0.2291,,7.071,2.83,3391.541,22.21,,,721.239,-1061.703,-3139.292,YA_VUI,Peter,Pomacanthidae,Centropyge,bicolor,37365022,1,AD,Passing,
GX010045_L.MP4,39529,21.9825,YA_VUI_Transect 3,0.2803,94.106,3.853,5.66,2179.673,22.904,19.648,12.568,-845.384,-70.408,-2007.82,YA_VUI,Peter,Acanthuridae,Acanthurus,sp,,1,AD,Passing,
GX010045_L.MP4,39545,21.9914,YA_VUI_Transect 3,0.2892,102.304,2.611,3.517,1991.833,19.461,16.356,0.088,317.776,-582.585,-1878.034,YA_VUI,Peter,Pomacanthidae,Centropyge,bicolor,37365022,1,AD,Passing,
GX010045_L.MP4,39637,22.0426,YA_VUI_Transect 3,0.3403,,5.139,1.631,2876.199,21.673,,,736.719,-766.733,-2672.43,YA_VUI,Peter,Pomacentridae,Chromis,viridis,37372053,1,AD,Passing,
GX010045_L.MP4,39637,22.0426,YA_VUI_Transect 3,0.3403,,4.809,2.292,2807.059,23.191,,,859.777,-696.278,-2579.838,YA_VUI,Peter,Pomacentridae,Chromis,viridis,37372053,1,AD,Passing,
GX010045_L.MP4,39637,22.0426,YA_VUI_Transect 3,0.3403,,4.74,3.308,2750.09,18.436,,,716.512,-494.448,-2608.664,YA_VUI,Peter,Pomacentridae,Chromis,viridis,37372053,1,AD,Passing,
GX010045_L.MP4,39637,22.0426,YA_VUI_Transect 3,0.3403,,5.523,3.928,2957.774,12.012,,,395.675,-473.246,-2892.734,YA_VUI,Peter,Pomacentridae,Chromis,viridis,37372053,1,AD,Passing,
GX010045_L.MP4,39637,22.0426,YA_VUI_Transect 3,0.3403,,5.188,1.538,2862.902,11.369,,,335.892,-455.13,-2806.464,YA_VUI,Peter,Pomacentridae,Chromis,viridis,37372053,1,AD,Passing,
GX010045_L.MP4,39637,22.0426,YA_VUI_Transect 3,0.3403,,1.695,1.186,1557.888,8.326,,,-200.707,-103.889,-1541.408,YA_VUI,Peter,Pomacentridae,Chromis,viridis,37372053,1,AD,Passing,
GX010045_L.MP4,39637,22.0426,YA_VUI_Transect 3,0.3403,,1.622,1.219,1519.475,9.857,,,-239.796,-101.666,-1496.986,YA_VUI,Peter,Pomacentridae,Chromis,viridis,37372053,1,AD,Passing,
GX010045_L.MP4,39637,22.0426,YA_VUI_Transect 3,0.3403,,1.936,0.572,1680.747,5.978,,,-173.545,-23.8,-1671.594,YA_VUI,Peter,Pomacentridae,Chromis,viridis,37372053,1,AD,Passing,
GX010045_L.MP4,39637,22.0426,YA_VUI_Transect 3,0.3403,,10.475,1.747,4517.23,23.116,,,-1770.169,-110.486,-4154.475,YA_VUI,Peter,Pomacentridae,Chromis,viridis,37372053,1,AD,Passing,
GX010045_L.MP4,39637,22.0426,YA_VUI_Transect 3,0.3403,,10.086,11.876,4232,16.42,,,-1170.289,-250.378,-4059.256,YA_VUI,Peter,Pomacentridae,Chromis,viridis,37372053,1,AD,Passing,
GX010045_L.MP4,39643,22.0459,YA_VUI_Transect 3,0.3437,73.893,3.34,11.177,1835.209,24.559,32.93,0.059,-703.177,-295.552,-1669.187,YA_VUI,Peter,Pomacentridae,Abudefduf,vaigiensis,37372013,1,AD,Passing,
GX010045_L.MP4,39684,22.0687,YA_VUI_Transect 3,0.3665,70.29,4.122,1.827,2233.802,21.535,30.138,35.67,363.472,-734.987,-2077.872,YA_VUI,Peter,Pomacentridae,Chromis,viridis,37372053,1,AD,Passing,
GX010045_L.MP4,39684,22.0687,YA_VUI_Transect 3,0.3665,82.014,6.423,1.584,2446.369,17.646,37.577,18.823,408.032,-619.25,-2331.257,YA_VUI,Peter,Pomacentridae,Chromis,viridis,37372053,1,AD,Passing,
GX010045_L.MP4,39684,22.0687,YA_VUI_Transect 3,0.3665,,5.683,8.665,3276.068,25.924,,,-1367.661,-426.975,-2946.153,YA_VUI,Peter,Pomacentridae,Chromis,viridis,37372053,1,AD,Passing,
GX010045_L.MP4,39684,22.0687,YA_VUI_Transect 3,0.3665,,5.632,10.127,3255.536,26.465,,,-1358.444,-511.121,-2914.086,YA_VUI,Peter,Pomacentridae,Chromis,viridis,37372053,1,AD,Passing,
GX010045_L.MP4,39684,22.0687,YA_VUI_Transect 3,0.3665,,5.727,12.771,3328.624,28.254,,,-1483.854,-531.908,-2931.721,YA_VUI,Peter,Pomacentridae,Chromis,viridis,37372053,1,AD,Passing,
GX010045_L.MP4,39684,22.0687,YA_VUI_Transect 3,0.3665,,8.013,11.219,3947.646,27.998,,,-1710.329,-715.572,-3485.203,YA_VUI,Peter,Pomacentridae,Chromis,viridis,37372053,1,AD,Passing,
GX010045_L.MP4,39684,22.0687,YA_VUI_Transect 3,0.3665,,5.723,11.947,3379.027,29.886,,,-1611.462,-489.596,-2929.387,YA_VUI,Peter,Pomacentridae,Chromis,viridis,37372053,1,AD,Passing,
GX010045_L.MP4,39684,22.0687,YA_VUI_Transect 3,0.3665,,6.674,2.936,3547.701,25.153,,,-1434.634,-466.131,-3211.032,YA_VUI,Peter,Pomacentridae,Chromis,viridis,37372053,1,AD,Passing,
GX010045_L.MP4,39684,22.0687,YA_VUI_Transect 3,0.3665,,6.049,5.233,3333.895,23.849,,,-1276.467,-435.019,-3048.975,YA_VUI,Peter,Pomacentridae,Chromis,viridis,37372053,1,AD,Passing,
GX010045_L.MP4,39684,22.0687,YA_VUI_Transect 3,0.3665,,5.743,1.46,3220.216,22.738,,,-1179.277,-399.953,-2969.703,YA_VUI,Peter,Pomacentridae,Chromis,viridis,37372053,1,AD,Passing,
GX010045_L.MP4,39684,22.0687,YA_VUI_Transect 3,0.3665,,7.747,5.78,3748.459,22.472,,,-1321.238,-556.299,-3463.497,YA_VUI,Peter,Pomacentridae,Chromis,viridis,37372053,1,AD,Passing,
GX010045_L.MP4,39684,22.0687,YA_VUI_Transect 3,0.3665,,8.828,14.829,3993.335,22.507,,,-1369.026,-682.266,-3688.767,YA_VUI,Peter,Pomacentridae,Chromis,viridis,37372053,1,AD,Passing,
GX010045_L.MP4,39684,22.0687,YA_VUI_Transect 3,0.3665,,3.635,4.925,2366.261,12.833,,,207.326,-484.281,-2306.877,YA_VUI,Peter,Pomacentridae,Chromis,viridis,37372053,1,AD,Passing,
GX010045_L.MP4,39684,22.0687,YA_VUI_Transect 3,0.3665,,3.586,2.332,2360.622,11.133,,,-92.962,-447.594,-2315.935,YA_VUI,Peter,Pomacentridae,Chromis,viridis,37372053,1,AD,Passing,
GX010045_L.MP4,39684,22.0687,YA_VUI_Transect 3,0.3665,,4.213,0.106,2581.612,10.203,,,-286.255,-358.104,-2540.579,YA_VUI,Peter,Pomacentridae,Chromis,viridis,37372053,1,AD,Passing,
GX010045_L.MP4,39684,22.0687,YA_VUI_Transect 3,0.3665,,5.175,12.51,2914.861,15.122,,,-658.122,-382.533,-2813.709,YA_VUI,Peter,Pomacentridae,Chromis,viridis,37372053,1,AD,Passing,
GX010045_L.MP4,39684,22.0687,YA_VUI_Transect 3,0.3665,,5.666,19.875,3075.114,15.942,,,-758.96,-372.395,-2956.624,YA_VUI,Peter,Pomacentridae,Chromis,viridis,37372053,1,AD,Passing,
GX010045_L.MP4,39684,22.0687,YA_VUI_Transect 3,0.3665,,4.068,0.211,2616.891,19.845,,,-820.29,-342.556,-2461.279,YA_VUI,Peter,Pomacentridae,Chromis,viridis,37372053,1,AD,Passing,
GX010045_L.MP4,39684,22.0687,YA_VUI_Transect 3,0.3665,,10.135,3.381,4265.434,19.473,,,-1337.124,-486.076,-4021.164,YA_VUI,Peter,Pomacentridae,Chromis,viridis,37372053,1,AD,Passing,
GX010045_L.MP4,39684,22.0687,YA_VUI_Transect 3,0.3665,,6.803,8.1,3513.847,21.06,,,-1231.52,-280.593,-3278.985,YA_VUI,Peter,Pomacentridae,Chromis,viridis,37372053,1,AD,Passing,
GX010045_L.MP4,39684,22.0687,YA_VUI_Transect 3,0.3665,,7.57,2.913,3710.806,21.08,,,-1288.856,-348.824,-3462.261,YA_VUI,Peter,Pomacentridae,Chromis,viridis,37372053,1,AD,Passing,
GX010045_L.MP4,39684,22.0687,YA_VUI_Transect 3,0.3665,,8.167,1.626,3848.812,20.824,,,-1308.931,-400.519,-3597.171,YA_VUI,Peter,Pomacentridae,Chromis,viridis,37372053,1,AD,Passing,
GX010045_L.MP4,39684,22.0687,YA_VUI_Transect 3,0.3665,,8.681,3.811,3893.762,17.401,,,-1088.034,-417.049,-3715.325,YA_VUI,Peter,Pomacentridae,Chromis,viridis,37372053,1,AD,Passing,
GX010045_L.MP4,39684,22.0687,YA_VUI_Transect 3,0.3665,,5.171,0.061,2918.971,13.327,,,-632.755,-230.424,-2840.232,YA_VUI,Peter,Pomacentridae,Chromis,viridis,37372053,1,AD,Passing,
GX010045_L.MP4,39730,22.0943,YA_VUI_Transect 3,0.3921,78.47,4.632,10.492,1948.229,24.751,54.05,3.412,-746.317,-329.118,-1769.262,YA_VUI,Peter,Pomacentridae,Chromis,viridis,37372053,1,AD,Passing,
GX010045_L.MP4,39730,22.0943,YA_VUI_Transect 3,0.3921,74.546,2.872,1.914,2162.736,17.127,6.278,1.826,-552.259,-317.276,-2066.827,YA_VUI,Peter,Pomacentridae,Chromis,viridis,37372053,1,AD,Passing,
GX010045_L.MP4,39781,22.1227,YA_VUI_Transect 3,0.4204,66.358,1.76,2.173,1526.042,18.42,21.927,33.757,-8.204,-482.126,-1447.858,YA_VUI,Peter,Pomacentridae,Chromis,viridis,37372053,1,AD,Passing,
GX010045_L.MP4,39814,22.141,YA_VUI_Transect 3,0.4388,66.001,1.219,6.674,1340.074,17.576,8.576,10.422,-220.966,-339.004,-1277.517,YA_VUI,Peter,Pomacentridae,Chromis,viridis,37372053,1,AD,Passing,
GX010045_L.MP4,39820,22.1443,YA_VUI_Transect 3,0.4421,,2.576,1.379,1971.925,17.865,,,493.143,-351.445,-1876.642,YA_VUI,Peter,Pomacentridae,Pomacentrus,brachialis,37372109,1,AD,Passing,
GX010045_L.MP4,39835,22.1527,YA_VUI_Transect 3,0.4505,61.722,3.789,10.449,1762.992,25.568,55.431,16.984,625.658,-432.982,-1590.351,YA_VUI,Peter,Pomacentridae,Pomacentrus,brachialis,37372109,1,AD,Passing,
GX010045_L.MP4,40067,22.2817,YA_VUI_Transect 3,0.5795,119.938,5.235,4.196,3349.464,17.734,3.22,5.17,-746.306,-695.663,-3190.296,YA_VUI,Peter,Labridae,Hemigymnus,melapterus,37384125,1,AD,Passing,
GX010045_L.MP4,40094,22.2967,YA_VUI_Transect 3,0.5945,,4.327,1.434,2898.678,27.46,,,-1336.311,-32.841,-2572.068,YA_VUI,Peter,Pomacentridae,Pomacentrus,philippinus,37372123,1,AD,Passing,
GX010045_L.MP4,40113,22.3073,YA_VUI_Transect 3,0.605,58.336,4.148,6.137,2590.958,24.884,13.727,28.155,697.261,-838.111,-2350.417,YA_VUI,Peter,Pomacentridae,Pomacentrus,philippinus,37372123,1,AD,Passing,
GX010045_L.MP4,40137,22.3206,YA_VUI_Transect 3,0.6184,135.89,2.46,2.753,2497.676,14.625,2.615,28.724,-80.856,-625.432,-2416.75,YA_VUI,Peter,Mullidae,Parupeneus,multifasciatus,37355026,1,AD,Passing,
GX010045_L.MP4,40207,22.3596,YA_VUI_Transect 3,0.6573,71.266,2.579,3.834,2192.591,12.412,5.601,25.669,-451.213,-136.093,-2141.341,YA_VUI,Peter,Pomacentridae,Pomacentrus,philippinus,37372123,1,AD,Passing,
GX010045_L.MP4,40257,22.3874,YA_VUI_Transect 3,0.6851,66.094,2.222,1.565,1226.737,7.772,61.486,27.99,-19.522,-164.742,-1215.468,YA_VUI,Peter,Pomacentridae,Stegastes,lacrymatus,temp_code_006,1,AD,Passing,
GX010045_L.MP4,40257,22.3874,YA_VUI_Transect 3,0.6851,,1.98,1.005,1704.824,13.013,,,-202.641,-327.017,-1660.849,YA_VUI,Peter,Pomacentridae,Chrysiptera,taupou,37372070,1,AD,Passing,
GX010045_L.MP4,40297,22.4096,YA_VUI_Transect 3,0.7074,52.439,2.464,2.516,1264.503,15.5,67.566,17.132,48.102,-334.476,-1218.515,YA_VUI,Peter,Pomacentridae,Chrysiptera,taupou,37372070,1,AD,Passing,
GX010045_L.MP4,40320,22.4224,YA_VUI_Transect 3,0.7202,,1.03,0.349,1170.262,14.767,,,254.925,-155.533,-1131.519,YA_VUI,Peter,Pomacentridae,Pomacentrus,callainus,temp_code_004,1,AD,Passing,
GX010045_L.MP4,40320,22.4224,YA_VUI_Transect 3,0.7202,47.787,1.388,1.327,1109.513,18.284,39.159,10.789,106.552,-331.385,-1053.495,YA_VUI,Peter,Pomacentridae,Pomacentrus,moluccensis,37372118,1,AD,Passing,
GX010045_L.MP4,40320,22.4224,YA_VUI_Transect 3,0.7202,,1.199,4.776,1306.18,18.189,,,-81.39,-400.255,-1240.677,YA_VUI,Peter,Pomacentridae,Chrysiptera,taupou,37372070,1,AD,Passing,
GX010045_L.MP4,40490,22.5169,YA_VUI_Transect 3,0.8147,108.281,3.977,3.042,2042.146,16.947,41.844,42.77,567.986,-178.093,-1953.468,YA_VUI,Peter,Acanthuridae,Acanthurus,nigrofuscus,37437014,1,AD,Passing,
GX010045_L.MP4,40521,22.5342,YA_VUI_Transect 3,0.8319,87.917,3.861,4.242,2474.882,12.541,11.598,13.275,537.397,-0.086,-2415.832,YA_VUI,Peter,Labridae,Hemigymnus,melapterus,37384125,1,AD,Passing,
GX010045_L.MP4,40576,22.5648,YA_VUI_Transect 3,0.8625,62.569,1.565,2.214,1550.187,2.889,16.049,39.469,-72.514,-29.108,-1548.217,YA_VUI,Peter,Pomacentridae,Stegastes,lacrymatus,temp_code_006,1,AD,Passing,
GX010045_L.MP4,40576,22.5648,YA_VUI_Transect 3,0.8625,55.471,4.654,6.186,1823.254,15.725,67.237,32.291,482.121,-108.254,-1755.02,YA_VUI,Peter,Pomacentridae,Pomacentrus,philippinus,37372123,1,AD,Passing,
GX010045_L.MP4,40587,22.5709,YA_VUI_Transect 3,0.8686,,2.786,2.418,2081.987,13.93,,,-493.122,88.408,-2020.813,YA_VUI,Peter,Pomacentridae,Pomacentrus,moluccensis,37372118,1,AD,Passing,
GX010045_L.MP4,40587,22.5709,YA_VUI_Transect 3,0.8686,64.472,3.895,2.7,2033.336,20.078,28.381,11.961,-683.786,140.426,-1909.757,YA_VUI,Peter,Pomacentridae,Dascyllus,reticulatus,37372074,1,AD,Passing,
GX010045_L.MP4,40587,22.5709,YA_VUI_Transect 3,0.8686,33.143,2.465,2.624,2111.815,15.98,4.572,37.749,-574.816,87.187,-2030.209,YA_VUI,Peter,Pomacentridae,Dascyllus,reticulatus,37372074,1,AD,Passing,
GX010045_L.MP4,40617,22.5876,YA_VUI_Transect 3,0.8853,44.024,3.351,3.537,2081.775,18.607,15.411,5.95,-660.237,72.706,-1972.965,YA_VUI,Peter,Pomacentridae,Dascyllus,reticulatus,37372074,1,AD,Passing,
GX010045_L.MP4,40617,22.5876,YA_VUI_Transect 3,0.8853,50.856,5.023,0.755,2240.148,24.534,71.292,43.602,-903.459,221.359,-2037.898,YA_VUI,Peter,Pomacentridae,Dascyllus,reticulatus,37372074,1,AD,Passing,
GX010045_L.MP4,40670,22.617,YA_VUI_Transect 3,0.9148,,7.039,5.543,3766.185,29.022,,,-1770.154,450.813,-3293.55,YA_VUI,Peter,Pomacentridae,Dascyllus,reticulatus,37372074,1,AD,Passing,
GX010045_L.MP4,40670,22.617,YA_VUI_Transect 3,0.9148,,4.61,0.789,2930.676,26.556,,,-1243.813,410.296,-2621.727,YA_VUI,Peter,Pomacentridae,Dascyllus,reticulatus,37372074,1,AD,Passing,
GX010045_L.MP4,40682,22.6237,YA_VUI_Transect 3,0.9215,,2.99,1.935,2193.712,19.747,,,-654.736,346.154,-2064.914,YA_VUI,Peter,Pomacentridae,Pomacentrus,sp,,1,AD,Passing,
GX010045_L.MP4,40682,22.6237,YA_VUI_Transect 3,0.9215,,3.768,0.458,2526.708,21.754,,,-852.955,385.181,-2346.988,YA_VUI,Peter,Pomacentridae,Pomacentrus,sp,,1,AD,Passing,
GX010045_L.MP4,40682,22.6237,YA_VUI_Transect 3,0.9215,,4.252,0.274,2700.963,22.233,,,-917.672,448.277,-2500.426,YA_VUI,Peter,Pomacentridae,Pomacentrus,sp,,1,AD,Passing,
GX010045_L.MP4,40682,22.6237,YA_VUI_Transect 3,0.9215,,5.244,6.578,2941.193,18.035,,,-736.659,533.635,-2796.996,YA_VUI,Peter,Pomacentridae,Pomacentrus,sp,,1,AD,Passing,
GX010045_L.MP4,40682,22.6237,YA_VUI_Transect 3,0.9215,,2.498,1.599,1978.347,18.494,,,-576.014,247.953,-1876.322,YA_VUI,Peter,Pomacentridae,Pomacentrus,sp,,1,AD,Passing,
GX010045_L.MP4,40705,22.6365,YA_VUI_Transect 3,0.9343,,4.345,1.911,2636.667,15.16,,,-536.13,432.108,-2545.164,YA_VUI,Peter,Pomacentridae,Pomacentrus,sp,,1,AD,Passing,
GX010045_L.MP4,40705,22.6365,YA_VUI_Transect 3,0.9343,,5.893,3.391,3094.573,15.011,,,-572.301,559.39,-2989.304,YA_VUI,Peter,Pomacentridae,Pomacentrus,sp,,1,AD,Passing,
GX010045_L.MP4,40705,22.6365,YA_VUI_Transect 3,0.9343,,4.77,6.63,2767.141,15.943,,,-537.392,535.989,-2661.014,YA_VUI,Peter,Pomacentridae,Pomacentrus,sp,,1,AD,Passing,
GX010045_L.MP4,40705,22.6365,YA_VUI_Transect 3,0.9343,,6.214,4.703,3166.748,13.593,,,-377.662,639.509,-3078.423,YA_VUI,Peter,Pomacentridae,Pomacentrus,sp,,1,AD,Passing,
GX010045_L.MP4,40705,22.6365,YA_VUI_Transect 3,0.9343,,7.657,4.022,3538.299,12.618,,,-402.885,657.625,-3453.226,YA_VUI,Peter,Pomacentridae,Pomacentrus,sp,,1,AD,Passing,
GX010045_L.MP4,40705,22.6365,YA_VUI_Transect 3,0.9343,,5.342,4.9,2928.984,12.561,,,-412.255,483.928,-2859.162,YA_VUI,Peter,Pomacentridae,Pomacentrus,sp,,1,AD,Passing,
GX010045_L.MP4,40758,22.666,YA_VUI_Transect 3,0.9637,55.949,3.748,1.046,2055.204,18.522,24.288,4.105,-597.705,262.695,-1948.744,YA_VUI,Peter,Pomacentridae,Pomacentrus,brachialis,37372109,1,AD,Passing,
GX010045_L.MP4,40758,22.666,YA_VUI_Transect 3,0.9637,60.352,4.709,2.405,2100.661,14.248,34.423,15.028,-459.614,236.762,-2036.044,YA_VUI,Peter,Pomacentridae,Pomacentrus,brachialis,37372109,1,AD,Passing,
GX010045_L.MP4,40758,22.666,YA_VUI_Transect 3,0.9637,,3.587,2.381,2411.562,17.939,,,-665.223,329.11,-2294.514,YA_VUI,Peter,Pomacentridae,Pomacentrus,brachialis,37372109,1,AD,Passing,
GX010045_L.MP4,40758,22.666,YA_VUI_Transect 3,0.9637,,4.38,2.472,2672.028,17.514,,,-673.827,437.324,-2548.419,YA_VUI,Peter,Pomacentridae,Pomacentrus,brachialis,37372109,1,AD,Passing,
GX010045_L.MP4,40758,22.666,YA_VUI_Transect 3,0.9637,50.257,4.765,7.338,2028.016,25.263,50.04,5.797,-815.028,291.261,-1834.051,YA_VUI,Peter,Pomacentridae,Pomacentrus,callainus,temp_code_004,1,AD,Passing,
GX010045_L.MP4,40758,22.666,YA_VUI_Transect 3,0.9637,38.125,2.947,0.605,2137.892,19.943,8.719,25.406,-671.835,283.544,-2009.682,YA_VUI,Peter,Pomacentridae,Pomacentrus,callainus,temp_code_004,1,AD,Passing,
GX010045_L.MP4,40758,22.666,YA_VUI_Transect 3,0.9637,,3.135,0.54,2223.768,15.898,,,-546.293,268.272,-2138.864,YA_VUI,Peter,Pomacentridae,Pomacentrus,callainus,temp_code_004,1,AD,Passing,
GX010045_L.MP4,40758,22.666,YA_VUI_Transect 3,0.9637,,3.899,0.697,2522.803,16.843,,,-677.792,272.285,-2414.745,YA_VUI,Peter,Pomacentridae,Pomacentrus,callainus,temp_code_004,1,AD,Passing,
GX010045_L.MP4,40758,22.666,YA_VUI_Transect 3,0.9637,41.008,2.744,2.505,2021.9,21.115,6.883,25.106,-705.62,180.606,-1886.15,YA_VUI,Peter,Pomacentridae,Pomacentrus,moluccensis,37372118,1,AD,Passing,
GX010045_L.MP4,40758,22.666,YA_VUI_Transect 3,0.9637,,4.385,4.086,2726.121,21.124,,,981.016,51.971,-2542.959,YA_VUI,Peter,Pomacentridae,Pomacentrus,moluccensis,37372118,1,AD,Passing,
GX010045_L.MP4,40758,22.666,YA_VUI_Transect 3,0.9637,58,3.208,3.307,2485.781,11.559,9.437,4.333,-353.527,350.904,-2435.363,YA_VUI,Peter,Pomacentridae,Chromis,viridis,37372053,1,AD,Passing,
GX010045_L.MP4,40758,22.666,YA_VUI_Transect 3,0.9637,,4.434,2.156,2667.204,10.668,,,-439.69,223.122,-2621.234,YA_VUI,Peter,Pomacentridae,Chromis,viridis,37372053,1,AD,Passing,
GX010045_L.MP4,40758,22.666,YA_VUI_Transect 3,0.9637,,3.569,0.286,2441.715,21.643,,,-795.708,420.393,-2269.822,YA_VUI,Peter,Pomacentridae,Chromis,viridis,37372053,1,AD,Passing,
GX010045_L.MP4,40767,22.671,YA_VUI_Transect 3,0.9687,,4.69,0.88,2860.697,23.179,,,1116.271,146.17,-2629.859,YA_VUI,Peter,Pomacentridae,Pomacentrus,brachialis,37372109,1,AD,Passing,
GX010045_L.MP4,40767,22.671,YA_VUI_Transect 3,0.9687,,3.996,1.696,2524.622,16.583,,,696.145,184.458,-2419.726,YA_VUI,Peter,Pomacentridae,Pomacentrus,brachialis,37372109,1,AD,Passing,
GX010045_L.MP4,40767,22.671,YA_VUI_Transect 3,0.9687,,9.067,6.933,3914.215,14.627,,,978.883,134.686,-3787.444,YA_VUI,Peter,Pomacentridae,Dascyllus,reticulatus,37372074,1,AD,Passing,
GX010045_L.MP4,40767,22.671,YA_VUI_Transect 3,0.9687,,7.849,6.593,3642.129,15.763,,,987.881,53.324,-3505.19,YA_VUI,Peter,Pomacentridae,Dascyllus,reticulatus,37372074,1,AD,Passing,
GX010045_L.MP4,40767,22.671,YA_VUI_Transect 3,0.9687,,8.366,4.451,3805.081,18.203,,,1187.528,49.905,-3614.682,YA_VUI,Peter,Pomacentridae,Dascyllus,reticulatus,37372074,1,AD,Passing,
GX010045_L.MP4,40767,22.671,YA_VUI_Transect 3,0.9687,,5.974,2.424,3354.54,26.743,,,1504.25,123.848,-2995.802,YA_VUI,Peter,Pomacentridae,Dascyllus,reticulatus,37372074,1,AD,Passing,
GX010045_L.MP4,40794,22.686,YA_VUI_Transect 3,0.9838,52.618,1.856,1.28,1678.296,13.739,4.31,8.833,-380.424,118.972,-1630.276,YA_VUI,Peter,Pomacentridae,Pomacentrus,maafu,temp_code_005,1,AD,Passing,
GX010045_L.MP4,40826,22.7038,YA_VUI_Transect 3,1.0016,108.735,4.835,5.301,2711.202,22.021,0.128,0.301,955.903,-345.869,-2513.413,YA_VUI,Peter,Chaetodontidae,Chaetodon,ulietensis,37365060,1,AD,Passing,
GX010045_L.MP4,40864,22.7249,YA_VUI_Transect 3,1.0227,69.569,4.283,4.686,1753.267,18.39,57.413,14.008,-426.301,-352.435,-1663.731,YA_VUI,Peter,Pomacentridae,Chromis,viridis,37372053,1,AD,Passing,
GX010045_L.MP4,40873,22.7299,YA_VUI_Transect 3,1.0277,89.381,3.749,4.588,1644.188,20.379,63.695,18.447,-504.241,-271.235,-1541.275,YA_VUI,Peter,Pomacentridae,Chromis,viridis,37372053,1,AD,Passing,
GX010045_L.MP4,40887,22.7377,YA_VUI_Transect 3,1.0355,57.513,3.465,5.785,1601.073,18.692,55.31,16.642,-342.894,-381.716,-1516.625,YA_VUI,Peter,Pomacentridae,Pomacentrus,brachialis,37372109,1,AD,Passing,
GX010045_L.MP4,40940,22.7672,YA_VUI_Transect 3,1.065,41.743,2.145,3.608,1869.295,23.142,15.71,5.249,279.325,-679.482,-1718.879,YA_VUI,Peter,Pomacentridae,Chrysiptera,taupou,37372070,1,AD,Passing,
GX010045_L.MP4,40940,22.7672,YA_VUI_Transect 3,1.065,25.598,1.355,0.979,1683.361,17.862,3.179,19.352,59.246,-512.915,-1602.221,YA_VUI,Peter,Pomacentridae,Chrysiptera,taupou,37372070,1,AD,Passing,
GX010045_L.MP4,40952,22.7739,YA_VUI_Transect 3,1.0716,19.633,1.57,14.881,1349.449,24.929,23.394,11.14,-360.581,-439.891,-1223.72,YA_VUI,Peter,Pomacentridae,Chrysiptera,taupou,37372070,1,AD,Passing,
GX010045_L.MP4,41024,22.8139,YA_VUI_Transect 3,1.1117,,21.298,8.061,6113.121,25.301,,,2065.251,-1603.306,-5525.794,YA_VUI,Peter,Scaridae,Scarus,schlegeli,37386029,1,AD,Passing,
GX010045_L.MP4,41024,22.8139,YA_VUI_Transect 3,1.1117,,15.854,6.15,5247.687,26.09,,,1688.413,-1576.131,-4712.037,YA_VUI,Peter,Siganidae,Siganus,uspi,temp_code_007,1,AD,Passing,
GX010045_L.MP4,41112,22.8628,YA_VUI_Transect 3,1.1606,212.755,8.482,6.728,3732.027,15.03,17.805,14.74,-374.306,-892.477,-3604.36,YA_VUI,Peter,Scaridae,Chlorurus,spilurus,temp_code_002,1,AD,Passing,
GX010045_L.MP4,41155,22.8868,YA_VUI_Transect 3,1.1845,192.5,7.729,8.017,4098.144,24.231,3.509,9.927,-1059.456,-1306.345,-3737.085,YA_VUI,Peter,Scaridae,Scarus,schlegeli,37386029,1,AD,Passing,
GX010045_L.MP4,41187,22.9045,YA_VUI_Transect 3,1.2023,224.426,16.208,4.42,5181.226,22.906,11.478,25.861,1842.502,-819.665,-4772.676,YA_VUI,Peter,Scaridae,Chlorurus,spilurus,temp_code_002,1,AD,Passing,
GX010045_L.MP4,41203,22.9134,YA_VUI_Transect 3,1.2112,183.055,10.407,6.047,4379.242,19.433,12.972,9.283,-952.407,-1102.594,-4129.766,YA_VUI,Peter,Acanthuridae,Acanthurus,sp,,1,AD,Passing,
GX010045_L.MP4,41265,22.9479,YA_VUI_Transect 3,1.2457,181.72,7.723,3.87,3721.335,21.908,5.321,31.402,1295.745,-498.942,-3452.598,YA_VUI,Peter,Scaridae,Scarus,sp,,1,AD,Passing,
GX010045_L.MP4,41355,22.998,YA_VUI_Transect 3,1.2957,,8.356,5.92,3997.21,25.251,,,-1621.525,-529.644,-3614.944,YA_VUI,Peter,Chaetodontidae,Chaetodon,vagabundus,37365062,1,AD,Passing,
GX010045_L.MP4,41374,23.0085,YA_VUI_Transect 3,1.3063,66.939,4.455,8.154,3207.105,21.453,6.914,1.174,-589.914,-1013.852,-2984.9,YA_VUI,Peter,Pomacentridae,Amblyglyphidodon,aureus,37372016,1,AD,Passing,
GX010045_L.MP4,41389,23.0169,YA_VUI_Transect 3,1.3146,137.307,5.296,7.274,3580.218,22.31,3.715,3.573,-731.945,-1145.153,-3312.226,YA_VUI,Peter,Nemipteridae,Scolopsis,bilineata,37347031,1,AD,Passing,
GX010045_L.MP4,41405,23.0258,YA_VUI_Transect 3,1.3235,264.559,8.301,10.318,3543.98,20.894,21.814,44.901,310.692,-1225.165,-3310.927,YA_VUI,Peter,Scaridae,Scarus,schlegeli,37386029,1,AD,Passing,
GX010045_L.MP4,41485,23.0703,YA_VUI_Transect 3,1.368,183.419,9.059,4.169,3291.434,23.287,26.743,13.2,1031.139,-793.675,-3023.305,YA_VUI,Peter,Siganidae,Siganus,uspi,temp_code_007,1,AD,Passing,
GX010045_L.MP4,41560,23.112,YA_VUI_Transect 3,1.4097,88.957,8.366,4.432,3110.088,16.015,28.359,16.061,-202.068,-833.9,-2989.386,YA_VUI,Peter,Pomacentridae,Pomacentrus,philippinus,37372123,1,AD,Passing,
GX010045_L.MP4,41560,23.112,YA_VUI_Transect 3,1.4097,,4.911,3.393,2800.953,15.045,,,-405.265,-605.199,-2704.595,YA_VUI,Peter,Pomacentridae,Pomacentrus,philippinus,37372123,1,AD,Passing,
GX010045_L.MP4,41560,23.112,YA_VUI_Transect 3,1.4097,263.577,19.197,9.811,3640.586,18.81,62.494,21.039,-251.151,-1146.641,-3446.158,YA_VUI,Peter,Scaridae,Scarus,sp,,1,AD,Passing,
GX010045_L.MP4,41652,23.1631,YA_VUI_Transect 3,1.4609,,18.145,1.923,5556.616,15.289,,,1334.719,-607.497,-5359.613,YA_VUI,Peter,Zanclidae,Zanclus,cornutus,37437001,1,AD,Passing,
GX010045_L.MP4,41652,23.1631,YA_VUI_Transect 3,1.4609,,19.466,0.32,5905.778,20.691,,,2001.122,-594.486,-5524.519,YA_VUI,Peter,Zanclidae,Zanclus,cornutus,37437001,1,AD,Passing,
GX010045_L.MP4,41726,23.2043,YA_VUI_Transect 3,1.5021,160.777,13.042,7.375,4671.525,19.097,14.298,31.217,1477.707,-390.251,-4414.434,YA_VUI,Peter,Chaetodontidae,Heniochus,monoceros,37365076,1,AD,Passing,
GX010045_L.MP4,41747,23.216,YA_VUI_Transect 3,1.5137,126.061,9.23,2.504,3759.286,18.391,18.913,29.937,-1183.158,-82.424,-3567.293,YA_VUI,Peter,Zanclidae,Zanclus,cornutus,37437001,1,AD,Passing,
GX010045_L.MP4,41776,23.2321,YA_VUI_Transect 3,1.5299,149.659,14.321,10.053,3835.417,30.297,45.578,13.588,1723.71,-879.019,-3311.581,YA_VUI,Peter,Zanclidae,Zanclus,cornutus,37437001,1,AD,Passing,
GX010045_L.MP4,41900,23.3011,YA_VUI_Transect 3,1.5988,112.166,6.065,2.393,2231.746,12.202,42.156,20.962,100.273,-460.899,-2181.331,YA_VUI,Peter,Labridae,Stethojulis,bandanensis,37384154,1,AD,Passing,
GX010045_L.MP4,41900,23.3011,YA_VUI_Transect 3,1.5988,107.517,2.651,1.149,1895.741,13.022,22.406,33.64,-2.734,-427.151,-1846.989,YA_VUI,Peter,Scaridae,Scarus,schlegeli,37386029,1,AD,Passing,
GX010045_L.MP4,41900,23.3011,YA_VUI_Transect 3,1.5988,76.735,3.758,0.383,2020.683,11.538,31.335,31.786,-12.754,-403.969,-1979.85,YA_VUI,Peter,Scaridae,Scarus,schlegeli,37386029,1,AD,Passing,
GX010045_L.MP4,41900,23.3011,YA_VUI_Transect 3,1.5988,92.851,4.974,1.091,2190.961,9.315,31.827,13.248,-69.372,-347.781,-2162.07,YA_VUI,Peter,Scaridae,Scarus,schlegeli,37386029,1,AD,Passing,
GX010045_L.MP4,41900,23.3011,YA_VUI_Transect 3,1.5988,81.128,2.495,0.701,2342.928,11.49,4.379,16.011,-321.258,-338.543,-2295.974,YA_VUI,Peter,Scaridae,Scarus,schlegeli,37386029,1,AD,Passing,
GX010045_L.MP4,41900,23.3011,YA_VUI_Transect 3,1.5988,167.442,15.603,2.099,4173.809,18.425,29.491,18.406,1037.039,-815.346,-3959.854,YA_VUI,Peter,Scaridae,Scarus,schlegeli,37386029,1,AD,Passing,
GX010045_L.MP4,41945,23.3261,YA_VUI_Transect 3,1.6238,97.76,2.548,9.727,1628.358,22.809,32.998,18.886,368.875,-512.265,-1501.021,YA_VUI,Peter,Mullidae,Parupeneus,multifasciatus,37355026,1,AD,Passing,
GX010045_L.MP4,41987,23.3494,YA_VUI_Transect 3,1.6472,65.419,3.293,8.988,1949.577,16.951,25.338,11.634,-384.644,-418.477,-1864.879,YA_VUI,Peter,Pomacentridae,Pomacentrus,callainus,temp_code_004,1,AD,Passing,
GX010045_L.MP4,41987,23.3494,YA_VUI_Transect 3,1.6472,,4.734,0.302,2935.384,22.719,,,-1129.991,-93.237,-2707.565,YA_VUI,Peter,Pomacentridae,Pomacentrus,callainus,temp_code_004,1,AD,Passing,
GX010045_L.MP4,41987,23.3494,YA_VUI_Transect 3,1.6472,,4.841,2.895,2857.546,16.381,,,-794.652,-135.637,-2741.478,YA_VUI,Peter,Pomacentridae,Pomacentrus,sp,,1,AD,Passing,
GX010045_L.MP4,41987,23.3494,YA_VUI_Transect 3,1.6472,,4.559,1.802,2714.132,9.955,,,-446.132,-146.929,-2673.18,YA_VUI,Peter,Pomacentridae,Pomacentrus,sp,,1,AD,Passing,
GX010045_L.MP4,41987,23.3494,YA_VUI_Transect 3,1.6472,,3.546,2.113,2363.674,10.043,,,-394.457,-120.968,-2327.386,YA_VUI,Peter,Pomacentridae,Pomacentrus,sp,,1,AD,Passing,
GX010045_L.MP4,41987,23.3494,YA_VUI_Transect 3,1.6472,,4.829,3.132,2795.228,8.458,,,-369.895,-181.104,-2764.721,YA_VUI,Peter,Pomacentridae,Pomacentrus,sp,,1,AD,Passing,
GX010045_L.MP4,41987,23.3494,YA_VUI_Transect 3,1.6472,,8.27,6.043,3774.296,13.006,,,-842.429,-110.891,-3677.408,YA_VUI,Peter,Scaridae,Chlorurus,sp,,1,AD,Passing,
GX010045_L.MP4,41987,23.3494,YA_VUI_Transect 3,1.6472,,8.292,1.368,3759.476,11.915,,,-749.482,199.786,-3678.59,YA_VUI,Peter,Pomacentridae,Pomacentrus,sp,,1,AD,Passing,
GX010045_L.MP4,41987,23.3494,YA_VUI_Transect 3,1.6472,,8.3,2.307,3775.846,15.012,,,-921.829,324.532,-3647.18,YA_VUI,Peter,Pomacentridae,Pomacentrus,sp,,1,AD,Passing,
GX010045_L.MP4,41987,23.3494,YA_VUI_Transect 3,1.6472,,7.448,4.547,3616.98,16.439,,,-1021.887,57.055,-3469.155,YA_VUI,Peter,Pomacentridae,Pomacentrus,sp,,1,AD,Passing,
GX010045_L.MP4,41987,23.3494,YA_VUI_Transect 3,1.6472,,8.119,3.709,3912.279,21.927,,,-1458.62,80.711,-3629.303,YA_VUI,Peter,Pomacentridae,Pomacentrus,sp,,1,AD,Passing,
GX010045_L.MP4,41987,23.3494,YA_VUI_Transect 3,1.6472,,10.21,0.186,4469.421,23.476,,,-1778.411,83.262,-4099.518,YA_VUI,Peter,Pomacentridae,Pomacentrus,sp,,1,AD,Passing,
GX010045_L.MP4,41987,23.3494,YA_VUI_Transect 3,1.6472,,17.759,0.987,5791.829,19.603,,,-1920.067,295.771,-5456.294,YA_VUI,Peter,Pomacentridae,Pomacentrus,sp,,1,AD,Passing,
GX010045_L.MP4,41987,23.3494,YA_VUI_Transect 3,1.6472,,10.573,1.503,4236.271,8.623,,,-483.918,408.939,-4188.626,YA_VUI,Peter,Pomacentridae,Pomacentrus,sp,,1,AD,Passing,
GX010045_L.MP4,41987,23.3494,YA_VUI_Transect 3,1.6472,,9.843,2.656,4086.132,6.755,,,-212.607,428.698,-4058.016,YA_VUI,Peter,Pomacentridae,Pomacentrus,sp,,1,AD,Passing,
GX010045_L.MP4,41987,23.3494,YA_VUI_Transect 3,1.6472,,8.39,5.109,3793.176,1.792,,,-54.291,103.21,-3791.383,YA_VUI,Peter,Pomacentridae,Pomacentrus,sp,,1,AD,Passing,
GX010045_L.MP4,41987,23.3494,YA_VUI_Transect 3,1.6472,,15.745,1.756,5291.974,3.949,,,-257.284,254.983,-5279.562,YA_VUI,Peter,Pomacentridae,Pomacentrus,sp,,1,AD,Passing,
GX010045_L.MP4,41987,23.3494,YA_VUI_Transect 3,1.6472,,12.789,4.065,4730.195,4.686,,,-273.811,269.906,-4714.544,YA_VUI,Peter,Pomacentridae,Pomacentrus,sp,,1,AD,Passing,
GX010045_L.MP4,41987,23.3494,YA_VUI_Transect 3,1.6472,,14.443,4.324,5027.635,6.075,,,-428.08,313.013,-4999.588,YA_VUI,Peter,Pomacentridae,Pomacentrus,sp,,1,AD,Passing,
GX010045_L.MP4,41987,23.3494,YA_VUI_Transect 3,1.6472,,14.191,2.179,4992.969,6.28,,,-509.508,193.855,-4963.12,YA_VUI,Peter,Pomacentridae,Pomacentrus,sp,,1,AD,Passing,
GX010045_L.MP4,41987,23.3494,YA_VUI_Transect 3,1.6472,,17.895,4.11,5628.864,6.934,,,-626.958,258.923,-5587.843,YA_VUI,Peter,Pomacentridae,Pomacentrus,sp,,1,AD,Passing,
GX010045_L.MP4,41987,23.3494,YA_VUI_Transect 3,1.6472,,8.117,0.525,3710.932,10.005,,,-626.114,151.521,-3654.591,YA_VUI,Peter,Pomacentridae,Pomacentrus,sp,,1,AD,Passing,
GX010045_L.MP4,41987,23.3494,YA_VUI_Transect 3,1.6472,,13.333,2.04,4863.331,3.16,,,-267.387,-22.776,-4855.921,YA_VUI,Peter,Pomacentridae,Pomacentrus,sp,,1,AD,Passing,
GX010045_L.MP4,41987,23.3494,YA_VUI_Transect 3,1.6472,,6.275,0.523,3235.712,4.515,,,-254.608,4.692,-3225.676,YA_VUI,Peter,Pomacentridae,Pomacentrus,sp,,1,AD,Passing,
GX010045_L.MP4,41987,23.3494,YA_VUI_Transect 3,1.6472,,9.745,0.31,4100.104,4.095,,,-229.941,-183.665,-4089.529,YA_VUI,Peter,Pomacentridae,Pomacentrus,sp,,1,AD,Passing,
GX010045_L.MP4,41987,23.3494,YA_VUI_Transect 3,1.6472,,14.953,2.185,5163.414,3.114,,,-224.784,-170.811,-5155.69,YA_VUI,Peter,Pomacentridae,Pomacentrus,sp,,1,AD,Passing,
GX010045_L.MP4,41987,23.3494,YA_VUI_Transect 3,1.6472,,6.23,4.64,3194.512,5.866,,,230.591,-232.976,-3177.65,YA_VUI,Peter,Pomacentridae,Pomacentrus,sp,,1,AD,Passing,
GX010045_L.MP4,41987,23.3494,YA_VUI_Transect 3,1.6472,,7.513,0.185,3528.673,6.399,,,203.747,-338.469,-3506.488,YA_VUI,Peter,Pomacentridae,Pomacentrus,sp,,1,AD,Passing,
GX010045_L.MP4,41987,23.3494,YA_VUI_Transect 3,1.6472,,9.019,7.376,3879.958,11.264,,,741.738,-157.862,-3805.125,YA_VUI,Peter,Pomacentridae,Pomacentrus,sp,,1,AD,Passing,
GX010045_L.MP4,41987,23.3494,YA_VUI_Transect 3,1.6472,249.903,19.126,3.448,3606.663,17.496,57.849,2.088,1077.199,-123.913,-3439.812,YA_VUI,Peter,Scaridae,Chlorurus,spilurus,temp_code_002,1,AD,Passing,
GX010045_L.MP4,41990,23.3511,YA_VUI_Transect 3,1.6489,102.524,6.47,3.072,2680.761,14.365,29.195,22.086,-530.966,-400.523,-2596.948,YA_VUI,Peter,Chaetodontidae,Chaetodon,plebeius,37365050,1,AD,Passing,
GX010045_L.MP4,42129,23.4284,YA_VUI_Transect 3,1.7262,94.912,5.665,4.153,1916.387,18.382,65.251,4.56,-240.4,-554.478,-1818.599,YA_VUI,Peter,Mullidae,Parupeneus,multifasciatus,37355026,1,AD,Passing,
GX010045_L.MP4,42140,23.4345,YA_VUI_Transect 3,1.7323,65.021,2.919,8.163,2110.585,25.891,3.413,24.445,755.285,-528.098,-1898.743,YA_VUI,Peter,Pomacentridae,Pomacentrus,callainus,temp_code_004,1,AD,Passing,
GX010045_L.MP4,42140,23.4345,YA_VUI_Transect 3,1.7323,79.411,3.63,8.7,1582.685,20.446,75.456,26.035,-175.98,-524.128,-1482.975,YA_VUI,Peter,Pomacentridae,Neoglyphidodon,carlsoni,temp_code_008,1,AD,Passing,
GX010045_L.MP4,42140,23.4345,YA_VUI_Transect 3,1.7323,110.321,7.045,15.343,2367.184,29.593,75.342,0.493,1027.027,-558.387,-2058.393,YA_VUI,Peter,Pomacentridae,Stegastes,lacrymatus,temp_code_006,1,AD,Passing,
GX010045_L.MP4,42140,23.4345,YA_VUI_Transect 3,1.7323,64.667,3.432,1.727,1793.799,17.905,48.466,43.325,-28.745,-550.728,-1706.923,YA_VUI,Peter,Pomacentridae,Pomacentrus,philippinus,37372123,1,AD,Passing,
GX010045_L.MP4,42182,23.4579,YA_VUI_Transect 3,1.7556,96.638,4.259,4.486,1638.894,20.661,80.192,6.743,482.438,-318.792,-1533.493,YA_VUI,Peter,Pomacentridae,Amblyglyphidodon,orbicularis,temp_code_001,1,AD,Passing,
GX010045_L.MP4,42222,23.4801,YA_VUI_Transect 3,1.7779,67.911,3.028,2.488,1647.405,15.306,32.629,3.531,434.862,-2.915,-1588.972,YA_VUI,Peter,Pomacentridae,Pomacentrus,callainus,temp_code_004,1,AD,Passing,
GX010045_L.MP4,42241,23.4907,YA_VUI_Transect 3,1.7885,77.034,1.106,4.261,1217.159,15.786,13.977,5.851,-144.931,-297.715,-1171.254,YA_VUI,Peter,Pomacentridae,Pomacentrus,callainus,temp_code_004,1,AD,Passing,
GX010045_L.MP4,42257,23.4996,YA_VUI_Transect 3,1.7974,77.435,2.107,2.134,1736.968,14.353,21.664,47.048,429.545,-30.041,-1682.749,YA_VUI,Peter,Pomacentridae,Pomacentrus,callainus,temp_code_004,1,AD,Passing,
GX010045_L.MP4,42284,23.5146,YA_VUI_Transect 3,1.8124,84.148,4.45,5.247,1785.124,18.189,60.052,22.051,553.406,65.244,-1695.922,YA_VUI,Peter,Pomacentridae,Pomacentrus,callainus,temp_code_004,1,AD,Passing,
GX010045_L.MP4,42334,23.5424,YA_VUI_Transect 3,1.8402,78.671,3.443,0.806,1517.873,14.518,62.007,22.069,370.663,86.024,-1469.403,YA_VUI,Peter,Pomacentridae,Pomacentrus,callainus,temp_code_004,1,AD,Passing,
GX010045_L.MP4,42334,23.5424,YA_VUI_Transect 3,1.8402,62.42,2.854,2.948,1793.905,7.882,39.312,51.192,-49.129,241.056,-1776.957,YA_VUI,Peter,Pomacentridae,Stegastes,lacrymatus,temp_code_006,1,AD,Passing,
GX010045_L.MP4,42394,23.5758,YA_VUI_Transect 3,1.8735,57.797,1.64,4.724,1495.482,15.986,12.852,4.031,-297.484,-284.851,-1437.648,YA_VUI,Peter,Pomacentridae,Pomacentrus,callainus,temp_code_004,1,AD,Passing,
GX010045_L.MP4,42394,23.5758,YA_VUI_Transect 3,1.8735,71.948,2.371,2.501,1508.1,13.256,31.703,1.81,-141.767,-315.419,-1467.916,YA_VUI,Peter,Pomacentridae,Pomacentrus,callainus,temp_code_004,1,AD,Passing,
GX010045_L.MP4,42394,23.5758,YA_VUI_Transect 3,1.8735,38.665,2.595,1.166,1651.095,15.167,29.297,9.958,122.459,-414.275,-1593.58,YA_VUI,Peter,Pomacentridae,Pomacentrus,maafu,temp_code_005,1,AD,Passing,
GX010045_L.MP4,42394,23.5758,YA_VUI_Transect 3,1.8735,49.404,1.69,4.056,1827.066,11.352,5.069,37.505,-136.081,-332.893,-1791.322,YA_VUI,Peter,Pomacentridae,Pomacentrus,maafu,temp_code_005,1,AD,Passing,
GX010045_L.MP4,42460,23.6125,YA_VUI_Transect 3,1.9102,66.028,1.325,4.402,1482.839,17.442,5.438,16.703,-219.337,-386.589,-1414.656,YA_VUI,Peter,Pomacentridae,Pomacentrus,callainus,temp_code_004,1,AD,Passing,
GX010045_L.MP4,42460,23.6125,YA_VUI_Transect 3,1.9102,37.702,1.371,12.329,1249.737,18.999,24.52,8.968,-167.111,-370.946,-1181.659,YA_VUI,Peter,Pomacentridae,Pomacentrus,callainus,temp_code_004,1,AD,Passing,
GX010045_L.MP4,42460,23.6125,YA_VUI_Transect 3,1.9102,35.834,2.757,10,1584.422,20.17,38.887,5.298,-258.866,-481.105,-1487.253,YA_VUI,Peter,Pomacentridae,Pomacentrus,callainus,temp_code_004,1,AD,Passing,
GX010045_L.MP4,43221,24.0357,YA_VUI_Transect 3,2.3334,,4.973,0.197,3071.056,25.253,,,-1302.791,-140.39,-2777.483,YA_VUI,Peter,Pomacentridae,Stegastes,lacrymatus,temp_code_006,1,AD,Passing,
GX010045_L.MP4,43221,24.0357,YA_VUI_Transect 3,2.3334,,7.656,0.939,3517.395,17.088,,,769.519,-691.975,-3361.708,YA_VUI,Peter,Scaridae,Scarus,schlegeli,37386029,1,AD,Passing,
GX010045_L.MP4,43221,24.0357,YA_VUI_Transect 3,2.3334,,7.447,3.773,3642.137,18.367,,,-1133.388,178.34,-3456.702,YA_VUI,Peter,Pomacentridae,Pomacentrus,sp,,1,AD,Passing,
GX010045_L.MP4,43221,24.0357,YA_VUI_Transect 3,2.3334,,5.406,1.332,3017.194,14.574,,,-756.731,59.859,-2920.143,YA_VUI,Peter,Pomacentridae,Pomacentrus,sp,,1,AD,Passing,
GX010045_L.MP4,43221,24.0357,YA_VUI_Transect 3,2.3334,,8.719,4.663,3885.952,14.483,,,-943.833,229.525,-3762.595,YA_VUI,Peter,Pomacentridae,Pomacentrus,sp,,1,AD,Passing,
GX010045_L.MP4,43221,24.0357,YA_VUI_Transect 3,2.3334,,9.312,0.136,4020.396,15.616,,,-1021.831,354.297,-3872.198,YA_VUI,Peter,Pomacentridae,Pomacentrus,sp,,1,AD,Passing,
GX010045_L.MP4,43221,24.0357,YA_VUI_Transect 3,2.3334,,8.35,1.698,3825.612,18.572,,,-1129.857,453.904,-3626.665,YA_VUI,Peter,Pomacentridae,Pomacentrus,sp,,1,AD,Passing,
GX010045_L.MP4,43221,24.0357,YA_VUI_Transect 3,2.3334,,7.808,0.161,3631.669,11.588,,,-687.037,243.163,-3557.79,YA_VUI,Peter,Pomacentridae,Pomacentrus,sp,,1,AD,Passing,
GX010045_L.MP4,43221,24.0357,YA_VUI_Transect 3,2.3334,,6.122,0.615,3188.828,9.799,,,-529.115,118.918,-3142.375,YA_VUI,Peter,Pomacentridae,Pomacentrus,sp,,1,AD,Passing,
GX010045_L.MP4,43221,24.0357,YA_VUI_Transect 3,2.3334,,9.337,0.897,3971.367,10.298,,,-609.27,362.167,-3907.606,YA_VUI,Peter,Pomacentridae,Pomacentrus,sp,,1,AD,Passing,
GX010045_L.MP4,43221,24.0357,YA_VUI_Transect 3,2.3334,,8.763,4.881,3867.927,4.383,,,-193.875,220.842,-3856.747,YA_VUI,Peter,Pomacentridae,Pomacentrus,sp,,1,AD,Passing,
GX010045_L.MP4,43221,24.0357,YA_VUI_Transect 3,2.3334,,11.935,9.17,4562.789,4.635,,,-286.944,228.899,-4548.001,YA_VUI,Peter,Pomacentridae,Pomacentrus,sp,,1,AD,Passing,
GX010045_L.MP4,43221,24.0357,YA_VUI_Transect 3,2.3334,,9.717,0.722,4079.9,4.784,,,-122.423,315.119,-4065.87,YA_VUI,Peter,Pomacentridae,Pomacentrus,sp,,1,AD,Passing,
GX010045_L.MP4,43221,24.0357,YA_VUI_Transect 3,2.3334,,5.633,5.395,3053.982,1.528,,,-80.244,-15.688,-3052.887,YA_VUI,Peter,Pomacentridae,Pomacentrus,sp,,1,AD,Passing,
GX010045_L.MP4,43221,24.0357,YA_VUI_Transect 3,2.3334,,12.064,0.492,4612.618,1.396,,,55.003,95.302,-4611.305,YA_VUI,Peter,Pomacentridae,Pomacentrus,sp,,1,AD,Passing,
GX010045_L.MP4,43221,24.0357,YA_VUI_Transect 3,2.3334,,10.371,2.885,4243.517,2.476,,,70.507,166.767,-4239.653,YA_VUI,Peter,Pomacentridae,Pomacentrus,sp,,1,AD,Passing,
GX010045_L.MP4,43221,24.0357,YA_VUI_Transect 3,2.3334,,11.375,0.942,4443.357,3.7,,,122.716,256.591,-4434.245,YA_VUI,Peter,Pomacentridae,Pomacentrus,sp,,1,AD,Passing,
GX010045_L.MP4,43221,24.0357,YA_VUI_Transect 3,2.3334,,12.817,2.253,4700.893,6.163,,,489.733,-124.675,-4673.651,YA_VUI,Peter,Pomacentridae,Pomacentrus,sp,,1,AD,Passing,
GX010045_L.MP4,43221,24.0357,YA_VUI_Transect 3,2.3334,171.864,14.232,3.722,3275.102,20.562,72.024,33.943,809.271,-817.464,-3066.452,YA_VUI,Peter,Acanthuridae,Ctenochaetus,striatus,37437022,1,AD,Passing,
GX010045_L.MP4,43360,24.113,YA_VUI_Transect 3,2.4107,110.507,9.874,3.903,2732.755,25.722,79.019,1.383,-1158.598,253.56,-2461.972,YA_VUI,Peter,Labridae,Thalassoma,lunare,37384167,1,AD,Passing,
GX010045_L.MP4,43405,24.138,YA_VUI_Transect 3,2.4358,,4.475,0.364,2714.481,18.616,,,-718.31,-486.175,-2572.173,YA_VUI,Peter,Pomacentridae,Pomacentrus,brachialis,37372109,1,AD,Passing,
GX010045_L.MP4,43405,24.138,YA_VUI_Transect 3,2.4358,,2.858,0.833,2110.751,17.933,,,-481.717,-437.455,-2007.947,YA_VUI,Peter,Pomacentridae,Pomacentrus,brachialis,37372109,1,AD,Passing,
GX010045_L.MP4,43405,24.138,YA_VUI_Transect 3,2.4358,,2.253,5.161,1858.437,20.149,,,-416.489,-487.182,-1744.413,YA_VUI,Peter,Pomacentridae,Pomacentrus,brachialis,37372109,1,AD,Passing,
GX010045_L.MP4,43405,24.138,YA_VUI_Transect 3,2.4358,80.99,2.297,2.441,2582.456,19.732,3.612,15.943,-51.483,-870.372,-2430.819,YA_VUI,Peter,Acanthuridae,Ctenochaetus,striatus,37437022,1,AD,Passing,
GX010045_L.MP4,52003,28.9194,YA_VUI_Transect 4,0.1763,101.75,4.494,8.763,2568.4,28.06,25.78,42.78,1092.945,-514.867,-2266.509,YA_VUI,Peter,Labridae,Stethojulis,sp,,1,AD,Passing,
GX010045_L.MP4,52025,28.9317,YA_VUI_Transect 4,0.1885,,4.447,6.709,2863.46,29.73,,,1325.51,-510.814,-2486.261,YA_VUI,Peter,Pomacentridae,Pomacentrus,coelestis,37372111,1,AD,Passing,
GX010045_L.MP4,52025,28.9317,YA_VUI_Transect 4,0.1885,,5.896,2.584,3260.936,26.33,,,1364.055,-482.713,-2922.336,YA_VUI,Peter,Pomacentridae,Pomacentrus,coelestis,37372111,1,AD,Passing,
GX010045_L.MP4,52141,28.9962,YA_VUI_Transect 4,0.253,30.717,2.88,1.098,2182.254,25.653,36.455,59.219,924.427,-194.932,-1967.147,YA_VUI,Peter,Pomacentridae,Pomacentrus,coelestis,37372111,1,AD,Passing,
GX010045_L.MP4,52141,28.9962,YA_VUI_Transect 4,0.253,,2.689,7.091,2133.232,27.776,,,901.84,-419.357,-1887.195,YA_VUI,Peter,Pomacentridae,Pomacentrus,coelestis,37372111,1,AD,Passing,
GX010045_L.MP4,52141,28.9962,YA_VUI_Transect 4,0.253,,3.856,0.834,2449.883,18.208,,,302.548,-704.557,-2326.798,YA_VUI,Peter,Pomacentridae,Pomacentrus,coelestis,37372111,1,AD,Passing,
GX010045_L.MP4,52200,29.029,YA_VUI_Transect 4,0.2858,127.314,11.465,7.913,3088.064,24.382,58.403,10.107,-1270.499,-104.602,-2812.655,YA_VUI,Peter,Labridae,Thalassoma,amblycephalum,37384164,1,AD,Passing,
GX010045_L.MP4,52200,29.029,YA_VUI_Transect 4,0.2858,115.253,6.616,8.518,3100.736,28.632,85.405,57.257,-1472.239,-200.588,-2721.551,YA_VUI,Peter,Labridae,Thalassoma,amblycephalum,37384164,1,AD,Passing,
GX010045_L.MP4,52212,29.0357,YA_VUI_Transect 4,0.2925,,4.186,17.905,2674.808,25.006,,,-851.962,-744.778,-2423.647,YA_VUI,Peter,Pomacentridae,Pomacentrus,sp,,1,AD,Passing,
GX010045_L.MP4,52272,29.069,YA_VUI_Transect 4,0.3259,83.526,5.738,1.156,2126.035,16.634,49.408,24.37,440.572,-419.838,-2037.071,YA_VUI,Peter,Pomacentridae,Chrysiptera,glauca,37372062,1,AD,Passing,
GX010045_L.MP4,52355,29.1152,YA_VUI_Transect 4,0.372,,16.759,1.763,5464.003,21.518,,,1886.866,672.724,-5083.553,YA_VUI,Peter,Pomacentridae,Chromis,viridis,37372053,1,AD,Passing,
GX010045_L.MP4,52355,29.1152,YA_VUI_Transect 4,0.372,,16.902,2.469,5312.014,13.639,,,1016.893,728.386,-5162.643,YA_VUI,Peter,Pomacentridae,Chromis,viridis,37372053,1,AD,Passing,
GX010045_L.MP4,52355,29.1152,YA_VUI_Transect 4,0.372,,16.956,4.198,5338.685,10.186,,,591.091,733.052,-5254.978,YA_VUI,Peter,Pomacentridae,Chromis,viridis,37372053,1,AD,Passing,
GX010045_L.MP4,52409,29.1452,YA_VUI_Transect 4,0.4021,,3.002,2.187,2227.627,22.774,,,-734.735,-452.576,-2053.695,YA_VUI,Peter,Pomacentridae,Stegastes,lacrymatus,temp_code_006,1,AD,Passing,
GX010045_L.MP4,52471,29.1797,YA_VUI_Transect 4,0.4365,79.14,3.453,3.779,2641.872,14.079,15.53,52.478,-602.348,223.991,-2562.517,YA_VUI,Peter,Pomacentridae,Stegastes,lacrymatus,temp_code_006,1,AD,Passing,
GX010045_L.MP4,52471,29.1797,YA_VUI_Transect 4,0.4365,93.635,6.591,7.293,2495.084,12.731,36.879,24.716,-549.717,12.272,-2433.743,YA_VUI,Peter,Pomacentridae,Stegastes,lacrymatus,temp_code_006,1,AD,Passing,
GX010045_L.MP4,52552,29.2248,YA_VUI_Transect 4,0.4816,80.45,6.322,1.408,2044.983,13.31,57.411,8.916,-470.438,17.894,-1990.056,YA_VUI,Peter,Pomacentridae,Pomacentrus,brachialis,37372109,1,AD,Passing,
GX010045_L.MP4,52598,29.2503,YA_VUI_Transect 4,0.5072,100.018,5.434,4.587,2396.383,18.541,32.266,11.796,-182.112,-739.943,-2271.997,YA_VUI,Peter,Labridae,Thalassoma,lunare,37384167,1,AD,Passing,
GX010045_L.MP4,52767,29.3443,YA_VUI_Transect 4,0.6012,140.755,10.605,4.149,3511.413,16.61,25.658,13.216,841.797,-546.679,-3364.899,YA_VUI,Peter,Nemipteridae,Scolopsis,bilineata,37347031,1,AD,Passing,
GX010045_L.MP4,52767,29.3443,YA_VUI_Transect 4,0.6012,93.956,7.13,0.625,2646.835,13.696,31.238,0.488,355.273,-516.266,-2571.573,YA_VUI,Peter,Chaetodontidae,Chaetodon,oxycephalus,37365048,1,AD,Passing,
GX010045_L.MP4,52812,29.3693,YA_VUI_Transect 4,0.6262,61.326,2.38,3.967,2270.345,11.456,5.706,43.887,-354.282,-278.983,-2225.111,YA_VUI,Peter,Labridae,Halichoeres,prosopeion,37384120,1,AD,Passing,
GX010045_L.MP4,52842,29.386,YA_VUI_Transect 4,0.6429,116.021,2.724,0.554,1678.289,21.321,31.402,10.575,358.425,-493.848,-1563.425,YA_VUI,Peter,Labridae,Thalassoma,lunare,37384167,1,AD,Passing,
GX010045_L.MP4,52848,29.3894,YA_VUI_Transect 4,0.6462,38.088,3.028,6.567,1820.871,19.346,23.585,1.747,-590.347,-123.85,-1718.059,YA_VUI,Peter,Pomacentridae,Pomacentrus,moluccensis,37372118,1,AD,Passing,
GX010045_L.MP4,52848,29.3894,YA_VUI_Transect 4,0.6462,,2.874,3.933,2122.149,14.242,,,-519.636,49.282,-2056.955,YA_VUI,Peter,Pomacentridae,Pomacentrus,moluccensis,37372118,1,AD,Passing,
GX010045_L.MP4,52848,29.3894,YA_VUI_Transect 4,0.6462,59.904,2.304,2.072,1868.175,18.929,5.448,29.088,-603.769,52.159,-1767.15,YA_VUI,Peter,Pomacentridae,Dascyllus,reticulatus,37372074,1,AD,Passing,
GX010045_L.MP4,52885,29.4099,YA_VUI_Transect 4,0.6668,122.197,6.574,7.155,2070.957,22.555,79.685,6.397,601.007,-519.403,-1912.557,YA_VUI,Peter,Chaetodontidae,Chaetodon,citrinellus,37365036,1,AD,Passing,
GX010045_L.MP4,52916,29.4272,YA_VUI_Transect 4,0.684,95.764,4.026,1.412,2458.379,22.939,2.81,22.296,940.562,-182.76,-2263.973,YA_VUI,Peter,Acanthuridae,Acanthurus,sp,,1,AD,Passing,
GX010045_L.MP4,52996,29.4717,YA_VUI_Transect 4,0.7285,242.224,8.628,2.662,4031.439,4.723,14.937,25.829,328.547,47.262,-4017.751,YA_VUI,Peter,Scaridae,Scarus,schlegeli,37386029,1,AD,Passing,
GX010045_L.MP4,53057,29.5056,YA_VUI_Transect 4,0.7624,,5.181,2.944,2896.604,19.588,,,-360.003,-903.476,-2728.45,YA_VUI,Peter,Pomacentridae,Pomacentrus,coelestis,37372111,1,AD,Passing,
GX010045_L.MP4,53057,29.5056,YA_VUI_Transect 4,0.7624,,6.222,3.349,3171.708,13.915,,,-150.424,-749.587,-3078.185,YA_VUI,Peter,Pomacentridae,Pomacentrus,coelestis,37372111,1,AD,Passing,
GX010045_L.MP4,53057,29.5056,YA_VUI_Transect 4,0.7624,,5.158,1.867,2872.889,17.194,,,99.538,-845.003,-2744.003,YA_VUI,Peter,Pomacentridae,Pomacentrus,coelestis,37372111,1,AD,Passing,
GX010045_L.MP4,53152,29.5584,YA_VUI_Transect 4,0.8153,34.148,3.368,1.824,2271.254,21.19,17.765,7.195,381.484,-726.942,-2117.692,YA_VUI,Peter,Pomacentridae,Pomacentrus,coelestis,37372111,1,AD,Passing,
GX010045_L.MP4,53152,29.5584,YA_VUI_Transect 4,0.8153,,3.798,5.789,2428.278,18.074,,,328.29,-679.439,-2308.055,YA_VUI,Peter,Pomacentridae,Pomacentrus,coelestis,37372111,1,AD,Passing,
GX010045_L.MP4,53167,29.5668,YA_VUI_Transect 4,0.8236,183.904,4.112,3.027,2650.963,10.492,13.883,5.427,285.059,-389.557,-2606.643,YA_VUI,Peter,Scaridae,Scarus,globiceps,37386018,1,AD,Passing,
GX010045_L.MP4,53196,29.5829,YA_VUI_Transect 4,0.8397,191.082,2.313,8.366,2261.8,2.686,7.873,19.939,102.832,-25.638,-2259.316,YA_VUI,Peter,Scaridae,Scarus,globiceps,37386018,1,AD,Passing,
GX010045_L.MP4,53240,29.6074,YA_VUI_Transect 4,0.8642,178.383,2.106,2.445,2024.932,8.92,3.63,16.548,-309.245,-54.273,-2000.443,YA_VUI,Peter,Scaridae,Scarus,globiceps,37386018,1,AD,Passing,
GX010045_L.MP4,53258,29.6174,YA_VUI_Transect 4,0.8742,160.106,2.757,5.539,2328.04,9.944,7.468,22.274,-375.058,-144.746,-2293.065,YA_VUI,Peter,Scaridae,Scarus,globiceps,37386018,1,AD,Passing,
GX010045_L.MP4,53291,29.6357,YA_VUI_Transect 4,0.8926,244.971,22.013,8.229,4264.386,26.186,81.883,21.581,-1795.273,-564.054,-3826.726,YA_VUI,Peter,Scaridae,Scarus,schlegeli,37386029,1,AD,Passing,
GX010045_L.MP4,53455,29.7269,YA_VUI_Transect 4,0.9838,,11.615,3.098,4651.848,25.24,,,1914.153,517.903,-4208.026,YA_VUI,Peter,Pomacentridae,Dascyllus,reticulatus,37372074,1,AD,Passing,
GX010045_L.MP4,53455,29.7269,YA_VUI_Transect 4,0.9838,,8.341,3.223,3879.682,23.259,,,1496.077,327.783,-3564.582,YA_VUI,Peter,Pomacentridae,Dascyllus,reticulatus,37372074,1,AD,Passing,
GX010045_L.MP4,53455,29.7269,YA_VUI_Transect 4,0.9838,,7.424,7.868,3775.197,27.225,,,1714.448,206.889,-3357.079,YA_VUI,Peter,Pomacentridae,Dascyllus,reticulatus,37372074,1,AD,Passing,
GX010045_L.MP4,53455,29.7269,YA_VUI_Transect 4,0.9838,,7.553,4.497,3766.468,25.429,,,1612.455,122.803,-3401.645,YA_VUI,Peter,Pomacentridae,Dascyllus,reticulatus,37372074,1,AD,Passing,
GX010045_L.MP4,53455,29.7269,YA_VUI_Transect 4,0.9838,,8.493,6.04,3865.62,19.873,,,1309.887,102.901,-3635.467,YA_VUI,Peter,Pomacentridae,Dascyllus,reticulatus,37372074,1,AD,Passing,
GX010045_L.MP4,53455,29.7269,YA_VUI_Transect 4,0.9838,,10.891,0.67,4359.058,22.079,,,1495.899,666.163,-4039.79,YA_VUI,Peter,Pomacentridae,Dascyllus,reticulatus,37372074,1,AD,Passing,
GX010045_L.MP4,53455,29.7269,YA_VUI_Transect 4,0.9838,182.094,14.109,12.022,3617.526,25.383,47.037,16.356,1528.308,262.797,-3268.288,YA_VUI,Peter,Scaridae,Chlorurus,spilurus,temp_code_002,1,AD,Passing,
GX010045_L.MP4,53671,29.847,YA_VUI_Transect 4,1.1039,215.326,8.012,6.636,4629.912,3.107,9.78,23.347,192.652,160.797,-4623.106,YA_VUI,Peter,Scaridae,Chlorurus,spilurus,temp_code_002,1,AD,Passing,
GX010045_L.MP4,53733,29.8815,YA_VUI_Transect 4,1.1384,,4.917,0.921,2914.945,23.247,,,1107.843,-312.021,-2678.102,YA_VUI,Peter,Pomacentridae,Stegastes,lacrymatus,temp_code_006,1,AD,Passing,
GX010045_L.MP4,53780,29.9077,YA_VUI_Transect 4,1.1645,193.231,8.469,4.21,2732.247,21.295,48.169,28.763,538.022,-833.727,-2545.703,YA_VUI,Peter,Scaridae,Scarus,globiceps,37386018,1,AD,Passing,
GX010045_L.MP4,53854,29.9488,YA_VUI_Transect 4,1.2056,103.832,5.406,0.61,2079.115,24.903,76.366,28.557,858.795,-170.161,-1885.798,YA_VUI,Peter,Pomacentridae,Pomacentrus,philippinus,37372123,1,AD,Passing,
GX010045_L.MP4,53895,29.9716,YA_VUI_Transect 4,1.2284,,2.74,0.61,2120.883,24.131,,,828.709,-256.14,-1935.402,YA_VUI,Peter,Pomacentridae,Pomacentrus,callainus,temp_code_004,1,AD,Passing,
GX010045_L.MP4,54054,30.06,YA_VUI_Transect 4,1.3169,78.119,6.252,1.244,2110.804,22.311,61.898,4.555,665.325,-446.659,-1952.776,YA_VUI,Peter,Labridae,Thalassoma,amblycephalum,37384164,1,AD,Passing,
GX010045_L.MP4,54054,30.06,YA_VUI_Transect 4,1.3169,,3.072,0.533,2161.974,9.526,,,189.159,-304.936,-2131.987,YA_VUI,Peter,Labridae,Thalassoma,amblycephalum,37384164,1,AD,Passing,
GX010045_L.MP4,54054,30.06,YA_VUI_Transect 4,1.3169,,4.075,1.812,2515.06,15.244,,,484.772,-451.171,-2426.307,YA_VUI,Peter,Labridae,Thalassoma,amblycephalum,37384164,1,AD,Passing,
GX010045_L.MP4,54054,30.06,YA_VUI_Transect 4,1.3169,,2.886,3.185,2118.118,18.137,,,630.866,-192.833,-2012.771,YA_VUI,Peter,Labridae,Thalassoma,amblycephalum,37384164,1,AD,Passing,
GX010045_L.MP4,54054,30.06,YA_VUI_Transect 4,1.3169,,3.749,0.454,2429.329,15.605,,,625.884,-189.278,-2339.675,YA_VUI,Peter,Labridae,Thalassoma,amblycephalum,37384164,1,AD,Passing,
GX010045_L.MP4,54054,30.06,YA_VUI_Transect 4,1.3169,,3.334,2.2,2263.221,15.964,,,510.049,-358.099,-2175.726,YA_VUI,Peter,Labridae,Thalassoma,amblycephalum,37384164,1,AD,Passing,
GX010045_L.MP4,54054,30.06,YA_VUI_Transect 4,1.3169,87.404,6.403,2.375,2270.71,16.235,44.947,16.978,94.184,-627.796,-2180.167,YA_VUI,Peter,Labridae,Stethojulis,bandanensis,37384154,1,AD,Passing,
GX010045_L.MP4,54082,30.0756,YA_VUI_Transect 4,1.3324,60.723,2.421,2.822,2241.463,13.729,5.57,33.769,-318.701,-425.953,-2177.418,YA_VUI,Peter,Labridae,Thalassoma,amblycephalum,37384164,1,AD,Passing,
GX010045_L.MP4,54082,30.0756,YA_VUI_Transect 4,1.3324,,3.092,3.729,2178.843,13.015,,,-195.943,-451.129,-2122.603,YA_VUI,Peter,Labridae,Thalassoma,amblycephalum,37384164,1,AD,Passing,
GX010045_L.MP4,54082,30.0756,YA_VUI_Transect 4,1.3324,,3.259,0.399,2240.319,11.62,,,-40.564,-450.705,-2194.139,YA_VUI,Peter,Pomacentridae,Pomacentrus,callainus,temp_code_004,1,AD,Passing,
GX010045_L.MP4,54082,30.0756,YA_VUI_Transect 4,1.3324,,3.087,0.261,2180.491,12.787,,,-328.444,-354.836,-2126.207,YA_VUI,Peter,Pomacentridae,Pomacentrus,callainus,temp_code_004,1,AD,Passing,
GX010045_L.MP4,54169,30.124,YA_VUI_Transect 4,1.3808,64.518,1.619,7.996,1433.774,21.211,9.314,15.656,-447.169,-262.936,-1336.642,YA_VUI,Peter,Pomacentridae,Pomacentrus,callainus,temp_code_004,1,AD,Passing,
GX010045_L.MP4,54395,30.2497,YA_VUI_Transect 4,1.5065,,7.963,2.243,3607.551,17.114,,,878.968,-597.347,-3447.465,YA_VUI,Peter,Acanthuridae,Acanthurus,sp,,1,AD,Passing,
GX010045_L.MP4,54511,30.3142,YA_VUI_Transect 4,1.571,208.692,12.895,7.956,3067.259,19.888,57.245,13.072,-531.508,-897.888,-2884.333,YA_VUI,Peter,Labridae,Cheilinus,chlorourus,37384064,1,AD,Passing,
GX010045_L.MP4,54542,30.3314,YA_VUI_Transect 4,1.5883,194.727,7.849,2.573,3515.961,18.439,14.633,12.977,-956.692,-566.926,-3335.463,YA_VUI,Peter,Scaridae,Scarus,schlegeli,37386029,1,AD,Passing,
GX010045_L.MP4,54622,30.3759,YA_VUI_Transect 4,1.6327,127.266,7.25,14.106,2837.502,26.187,33.259,6.202,-1088.926,-618.244,-2546.259,YA_VUI,Peter,Nemipteridae,Scolopsis,bilineata,37347031,1,AD,Passing,
GX010045_L.MP4,54687,30.412,YA_VUI_Transect 4,1.6689,33.146,1.77,2.528,1583.993,17.608,18.132,26.474,-153.365,-453.944,-1509.784,YA_VUI,Peter,Pomacentridae,Pomacentrus,callainus,temp_code_004,1,AD,Passing,
GX010045_L.MP4,54687,30.412,YA_VUI_Transect 4,1.6689,,2.093,1.71,1773.634,18.45,,,-297.992,-476.662,-1682.193,YA_VUI,Peter,Pomacentridae,Pomacentrus,callainus,temp_code_004,1,AD,Passing,
GX010045_L.MP4,54687,30.412,YA_VUI_Transect 4,1.6689,,2.099,0.864,1764.157,14.363,,,-158.627,-408.879,-1708.774,YA_VUI,Peter,Pomacentridae,Pomacentrus,callainus,temp_code_004,1,AD,Passing,
GX010045_L.MP4,54687,30.412,YA_VUI_Transect 4,1.6689,,3.625,3.04,2359.602,12.535,,,354.138,-371.283,-2303.141,YA_VUI,Peter,Pomacentridae,Pomacentrus,coelestis,37372111,1,AD,Passing,
GX010045_L.MP4,54687,30.412,YA_VUI_Transect 4,1.6689,59.761,3.582,3.591,2099.616,16.026,28.554,39.378,528.578,-237.939,-2018.013,YA_VUI,Peter,Labridae,Thalassoma,hardwicke,37384165,1,AD,Passing,
GX010045_L.MP4,54739,30.441,YA_VUI_Transect 4,1.6978,65.371,5.318,2.357,1798.162,18.541,86.175,13.704,-149.964,-551.774,-1704.829,YA_VUI,Peter,Pomacentridae,Pomacentrus,callainus,temp_code_004,1,AD,Passing,
GX010045_L.MP4,54739,30.441,YA_VUI_Transect 4,1.6978,,4.014,0.602,2509.262,12.192,,,-186.802,-497.359,-2452.374,YA_VUI,Peter,Pomacentridae,Pomacentrus,coelestis,37372111,1,AD,Passing,
GX010045_L.MP4,54814,30.4827,YA_VUI_Transect 4,1.7395,33.848,1.962,4.548,1602.885,21.645,23.528,24.185,-151.439,-571.498,-1489.864,YA_VUI,Peter,Pomacentridae,Pomacentrus,coelestis,37372111,1,AD,Passing,
GX010045_L.MP4,55027,30.6011,YA_VUI_Transect 4,1.858,86.159,3.133,3.581,1560.373,19.74,50.87,14.13,96.061,-518.201,-1468.674,YA_VUI,Peter,Labridae,Thalassoma,nigrofasciatum,37384196,1,AD,Passing,
GX010045_L.MP4,55149,30.669,YA_VUI_Transect 4,1.9258,,11.704,1.674,4801.64,27.569,,,2200.868,-310.037,-4256.267,YA_VUI,Peter,Scaridae,Scarus,schlegeli,37386029,1,AD,Passing,
GX010045_L.MP4,55149,30.669,YA_VUI_Transect 4,1.9258,,14.927,1.516,5198.774,19.574,,,1741.592,-21.865,-4898.329,YA_VUI,Peter,Pomacentridae,Abudefduf,vaigiensis,37372013,1,AD,Passing,
GX010045_L.MP4,55212,30.704,YA_VUI_Transect 4,1.9608,198.441,18.815,6.65,3917.626,21.307,47.907,3.43,1348.39,-456.403,-3649.84,YA_VUI,Peter,Scaridae,Scarus,schlegeli,37386029,1,AD,Passing,
GX010045_L.MP4,55273,30.7379,YA_VUI_Transect 4,1.9948,151.804,6.514,5.62,2903.292,25.708,19.15,16.3,1213.701,-336.197,-2615.914,YA_VUI,Peter,Scaridae,Scarus,schlegeli,37386029,1,AD,Passing,
GX010045_L.MP4,55273,30.7379,YA_VUI_Transect 4,1.9948,171.988,7.535,2.049,3242.266,22.108,23.438,34.332,1141.216,-431.992,-3003.88,YA_VUI,Peter,Scaridae,Scarus,schlegeli,37386029,1,AD,Passing,
GX010045_L.MP4,55325,30.7668,YA_VUI_Transect 4,2.0237,,8.368,1.348,3792.312,20.166,,,1236.602,422.125,-3560.093,YA_VUI,Peter,Pomacentridae,Abudefduf,vaigiensis,37372013,1,AD,Passing,
GX010045_L.MP4,55337,30.7735,YA_VUI_Transect 4,2.0304,133.289,7.074,9.961,3191.191,20.85,21.489,15.412,-643.546,-935.928,-2982.212,YA_VUI,Peter,Nemipteridae,Scolopsis,bilineata,37347031,1,AD,Passing,
GX010045_L.MP4,55383,30.7991,YA_VUI_Transect 4,2.0559,102.966,3.687,8.443,3051.446,20.614,0.037,28.635,-234.14,-1048.513,-2856.067,YA_VUI,Peter,Chaetodontidae,Chaetodon,ephippium,37365037,1,AD,Passing,
GX010045_L.MP4,55383,30.7991,YA_VUI_Transect 4,2.0559,129.811,10.433,6.724,3394.339,16.198,31.54,25.59,78.778,-943.572,-3259.602,YA_VUI,Peter,Chaetodontidae,Chaetodon,ephippium,37365037,1,AD,Passing,
GX010045_L.MP4,55388,30.8019,YA_VUI_Transect 4,2.0587,141.902,11.257,7.624,3043.722,27.17,76.162,21.608,1381.505,152.383,-2707.853,YA_VUI,Peter,Pomacentridae,Abudefduf,vaigiensis,37372013,1,AD,Passing,
GX020045_L.MP4,3509,37.1866,YA_VUI_Transect 5,0.2063,64.949,3.867,5.097,1669.554,20.563,88.236,34.746,-224.703,-541.638,-1563.185,YA_VUI,Peter,Scaridae,Chlorurus,spilurus,temp_code_002,1,AD,Passing,
GX020045_L.MP4,3509,37.1866,YA_VUI_Transect 5,0.2063,85.242,5.023,6.168,1869.075,20.695,63.511,9.397,-374.915,-543.798,-1748.475,YA_VUI,Peter,Scaridae,Chlorurus,spilurus,temp_code_002,1,AD,Passing,
GX020045_L.MP4,3527,37.1966,YA_VUI_Transect 5,0.2163,105.321,5.097,12.673,1849.321,22.729,88.797,13.724,-483.854,-525.776,-1705.706,YA_VUI,Peter,Scaridae,Chlorurus,spilurus,temp_code_002,1,AD,Passing,
GX020045_L.MP4,3537,37.2022,YA_VUI_Transect 5,0.2219,,9.728,3.976,4448.251,27.083,,,-2000.594,312.489,-3960.671,YA_VUI,Peter,Pomacentridae,Chromis,viridis,37372053,1,AD,Passing,
GX020045_L.MP4,3537,37.2022,YA_VUI_Transect 5,0.2219,,8.866,7.025,4248.786,27.099,,,-1922.414,222.12,-3782.481,YA_VUI,Peter,Pomacentridae,Chromis,viridis,37372053,1,AD,Passing,
GX020045_L.MP4,3537,37.2022,YA_VUI_Transect 5,0.2219,,9.399,6.249,4268.081,23.303,,,-1683.187,130.22,-3920.005,YA_VUI,Peter,Pomacentridae,Chromis,viridis,37372053,1,AD,Passing,
GX020045_L.MP4,3537,37.2022,YA_VUI_Transect 5,0.2219,,10.324,4.486,4307.971,17.499,,,-1272.616,239.436,-4108.739,YA_VUI,Peter,Pomacentridae,Chromis,viridis,37372053,1,AD,Passing,
GX020045_L.MP4,3552,37.2105,YA_VUI_Transect 5,0.2302,50.522,1.761,3.908,1520.573,14.12,13.687,25.804,369.351,34.438,-1474.63,YA_VUI,Peter,Pomacentridae,Pomacentrus,maafu,temp_code_005,1,AD,Passing,
GX020045_L.MP4,3626,37.2517,YA_VUI_Transect 5,0.2714,37.473,1.093,8.144,822.297,11.018,72.293,4.19,147.436,-54.425,-807.138,YA_VUI,Peter,Pomacentridae,Pomacentrus,maafu,temp_code_005,1,AD,Passing,
GX020045_L.MP4,3653,37.2667,YA_VUI_Transect 5,0.2864,74.212,1.374,6.155,1233.905,23.004,18.148,2.038,367.773,-311.876,-1135.78,YA_VUI,Peter,Chaetodontidae,Chaetodon,baronessa,37365034,1,AD,Passing,
GX020045_L.MP4,3653,37.2667,YA_VUI_Transect 5,0.2864,79.356,4.571,2.141,2415.83,7.997,21.566,4.832,-141.921,-304.655,-2392.338,YA_VUI,Peter,Chaetodontidae,Chaetodon,baronessa,37365034,1,AD,Passing,
GX020045_L.MP4,3653,37.2667,YA_VUI_Transect 5,0.2864,89.828,4.954,2.818,1979.87,14.128,45.752,18.83,-345.979,-337.399,-1919.986,YA_VUI,Peter,Chaetodontidae,Chaetodon,citrinellus,37365036,1,AD,Passing,
GX020045_L.MP4,3668,37.275,YA_VUI_Transect 5,0.2947,90.944,6.872,3.288,3100.574,8.177,20.018,18.307,-420.118,-134.141,-3069.05,YA_VUI,Peter,Chaetodontidae,Chaetodon,citrinellus,37365036,1,AD,Passing,
GX020045_L.MP4,3701,37.2934,YA_VUI_Transect 5,0.3131,,6.838,0.474,3314.393,11.743,,,463.53,-491.937,-3244.74,YA_VUI,Peter,Pomacentridae,Pomacentrus,coelestis,37372111,1,AD,Passing,
GX020045_L.MP4,3717,37.3023,YA_VUI_Transect 5,0.322,71.36,6.331,4.011,3116.436,2.658,17.436,6.764,2.434,-144.517,-3113.083,YA_VUI,Peter,Pomacanthidae,Centropyge,bicolor,37365022,1,AD,Passing,
GX020045_L.MP4,3717,37.3023,YA_VUI_Transect 5,0.322,190.83,3.807,15.617,1700.914,23.003,56.004,3.187,-526.081,-406.24,-1565.669,YA_VUI,Peter,Nemipteridae,Scolopsis,bilineata,37347031,1,AD,Passing,
GX020045_L.MP4,3717,37.3023,YA_VUI_Transect 5,0.322,,6.634,1.594,3299.892,8.15,,,467.793,4.518,-3266.563,YA_VUI,Peter,Scaridae,Scarus,schlegeli,37386029,1,AD,Passing,
GX020045_L.MP4,3726,37.3073,YA_VUI_Transect 5,0.327,,5.755,3.988,3082.485,15.977,,,842.002,102.754,-2963.476,YA_VUI,Peter,Pomacentridae,Chromis,viridis,37372053,1,AD,Passing,
GX020045_L.MP4,3726,37.3073,YA_VUI_Transect 5,0.327,,6.653,1.35,3297.024,14.007,,,749.941,270.945,-3199.148,YA_VUI,Peter,Pomacentridae,Chromis,viridis,37372053,1,AD,Passing,
GX020045_L.MP4,3726,37.3073,YA_VUI_Transect 5,0.327,,6.443,2.931,3235.291,10.409,,,544.294,211.188,-3182.177,YA_VUI,Peter,Pomacentridae,Chromis,viridis,37372053,1,AD,Passing,
GX020045_L.MP4,3740,37.3151,YA_VUI_Transect 5,0.3348,80.62,1.945,2.542,1499.218,19.732,26.998,8.349,131.221,-488.874,-1411.184,YA_VUI,Peter,Labridae,Thalassoma,hardwicke,37384165,1,AD,Passing,
GX020045_L.MP4,3790,37.3429,YA_VUI_Transect 5,0.3626,73.463,3.543,2.192,2329.563,21.119,1.364,16.318,780.819,-307.921,-2173.102,YA_VUI,Peter,Pomacanthidae,Centropyge,bicolor,37365022,1,AD,Passing,
GX020045_L.MP4,3790,37.3429,YA_VUI_Transect 5,0.3626,95.542,4.131,1.2,2461.964,21.268,2.267,2.114,865.328,-220.677,-2294.292,YA_VUI,Peter,Scaridae,Scarus,schlegeli,37386029,1,AD,Passing,
GX020045_L.MP4,3790,37.3429,YA_VUI_Transect 5,0.3626,77.461,4.84,3.355,2491.004,20.097,16.396,3.088,832.027,-200.931,-2339.329,YA_VUI,Peter,Scaridae,Scarus,schlegeli,37386029,1,AD,Passing,
GX020045_L.MP4,3790,37.3429,YA_VUI_Transect 5,0.3626,89.431,4.063,1.642,2530.725,17.966,5.001,3.924,747.243,-225.786,-2407.326,YA_VUI,Peter,Scaridae,Scarus,schlegeli,37386029,1,AD,Passing,
GX020045_L.MP4,3790,37.3429,YA_VUI_Transect 5,0.3626,85.273,5.116,1.069,2522.504,18.41,18.609,1.207,777.564,-173.334,-2393.403,YA_VUI,Peter,Scaridae,Scarus,schlegeli,37386029,1,AD,Passing,
GX020045_L.MP4,3790,37.3429,YA_VUI_Transect 5,0.3626,86.495,3.994,0.914,2425.922,20.8,5.291,14.815,849.418,-143.483,-2267.818,YA_VUI,Peter,Scaridae,Scarus,schlegeli,37386029,1,AD,Passing,
GX020045_L.MP4,3790,37.3429,YA_VUI_Transect 5,0.3626,91.359,4.675,0.467,2310.664,26.355,23.835,7.786,1012.382,-165.125,-2070.504,YA_VUI,Peter,Scaridae,Scarus,schlegeli,37386029,1,AD,Passing,
GX020045_L.MP4,3790,37.3429,YA_VUI_Transect 5,0.3626,71.732,6.268,3.947,2349.21,23.233,45.578,15.921,914.258,-151.421,-2158.701,YA_VUI,Peter,Acanthuridae,Ctenochaetus,sp,,1,AD,Passing,
GX020045_L.MP4,3790,37.3429,YA_VUI_Transect 5,0.3626,111.869,5.82,1.895,2556.045,20.498,24.213,5.639,886.018,-126.84,-2394.212,YA_VUI,Peter,Acanthuridae,Acanthurus,sp,,1,AD,Passing,
GX020045_L.MP4,3790,37.3429,YA_VUI_Transect 5,0.3626,105.68,5.706,3.615,2257.195,25.583,44.836,5.568,943.834,-243.269,-2035.909,YA_VUI,Peter,Scaridae,Chlorurus,spilurus,temp_code_002,1,AD,Passing,
GX020045_L.MP4,4105,37.518,YA_VUI_Transect 5,0.5378,160.761,3.17,9.99,1487.003,21.223,63.528,9.768,-431.854,-321.329,-1386.156,YA_VUI,Peter,Acanthuridae,Ctenochaetus,striatus,37437022,1,AD,Passing,
GX020045_L.MP4,4105,37.518,YA_VUI_Transect 5,0.5378,67.583,5.779,13.229,2257.419,25.225,45.818,6.778,821.087,501.336,-2042.16,YA_VUI,Peter,Pomacentridae,Chromis,viridis,37372053,1,AD,Passing,
GX020045_L.MP4,4105,37.518,YA_VUI_Transect 5,0.5378,57.565,4.379,4.865,2095.487,19.91,30.622,5.537,616.239,359.825,-1970.239,YA_VUI,Peter,Pomacentridae,Chromis,viridis,37372053,1,AD,Passing,
GX020045_L.MP4,4105,37.518,YA_VUI_Transect 5,0.5378,45.209,4.431,5.456,2140.174,11.364,28.959,6.057,78.354,414.363,-2098.216,YA_VUI,Peter,Pomacentridae,Chromis,viridis,37372053,1,AD,Passing,
GX020045_L.MP4,4105,37.518,YA_VUI_Transect 5,0.5378,52.754,1.933,4.266,2346.517,15.723,2.153,2.183,149.699,617.984,-2258.723,YA_VUI,Peter,Pomacentridae,Chromis,viridis,37372053,1,AD,Passing,
GX020045_L.MP4,4105,37.518,YA_VUI_Transect 5,0.5378,,6.022,1.881,3113.05,15.306,,,-262.976,776.776,-3003.089,YA_VUI,Peter,Pomacentridae,Chromis,viridis,37372053,1,AD,Passing,
GX020045_L.MP4,4105,37.518,YA_VUI_Transect 5,0.5378,,9.266,5.533,3903.106,14.313,,,-395.416,877.956,-3782.47,YA_VUI,Peter,Pomacentridae,Chromis,viridis,37372053,1,AD,Passing,
GX020045_L.MP4,4105,37.518,YA_VUI_Transect 5,0.5378,,3.819,1.986,2441.104,13.412,,,-280.72,490.322,-2374.82,YA_VUI,Peter,Pomacentridae,Chromis,viridis,37372053,1,AD,Passing,
GX020045_L.MP4,4105,37.518,YA_VUI_Transect 5,0.5378,,5.231,6.113,2897.106,11.257,,,-351.51,441.353,-2841.631,YA_VUI,Peter,Pomacentridae,Chromis,viridis,37372053,1,AD,Passing,
GX020045_L.MP4,4105,37.518,YA_VUI_Transect 5,0.5378,,7.804,2.257,3585.882,14.948,,,-644.067,661.86,-3464.92,YA_VUI,Peter,Pomacentridae,Chromis,viridis,37372053,1,AD,Passing,
GX020045_L.MP4,4105,37.518,YA_VUI_Transect 5,0.5378,,6.872,1.073,3454.903,21.078,,,-1074.074,622.824,-3224.099,YA_VUI,Peter,Pomacentridae,Chromis,viridis,37372053,1,AD,Passing,
GX020045_L.MP4,4105,37.518,YA_VUI_Transect 5,0.5378,,6.376,2.871,3271.121,16.992,,,-827.014,477.642,-3128.6,YA_VUI,Peter,Pomacentridae,Chromis,viridis,37372053,1,AD,Passing,
GX020045_L.MP4,4105,37.518,YA_VUI_Transect 5,0.5378,,12.748,5.052,4703.189,18.627,,,-1247.426,834.481,-4457.304,YA_VUI,Peter,Pomacentridae,Chromis,viridis,37372053,1,AD,Passing,
GX020045_L.MP4,4143,37.5392,YA_VUI_Transect 5,0.5589,81.451,1.833,4.336,1238.776,17.05,41.266,22.885,-348.503,-102.33,-1184.332,YA_VUI,Peter,Acanthuridae,Ctenochaetus,striatus,37437022,1,AD,Passing,
GX020045_L.MP4,4148,37.5419,YA_VUI_Transect 5,0.5617,70.224,2.137,4.64,1223.012,8,48.848,2.904,-15.94,-169.454,-1211.111,YA_VUI,Peter,Acanthuridae,Ctenochaetus,striatus,37437022,1,AD,Passing,
GX020045_L.MP4,4219,37.5814,YA_VUI_Transect 5,0.6012,174.57,7.676,7.947,2955,15.153,26.886,16.669,-766.898,-92.338,-2852.257,YA_VUI,Peter,Scaridae,Scarus,schlegeli,37386029,1,AD,Passing,
GX020045_L.MP4,4219,37.5814,YA_VUI_Transect 5,0.6012,267.118,20.349,3.329,3611.887,2.962,52.317,14.194,-155.662,103.01,-3607.061,YA_VUI,Peter,Scaridae,Scarus,schlegeli,37386029,1,AD,Passing,
GX020045_L.MP4,4219,37.5814,YA_VUI_Transect 5,0.6012,55.577,3.474,3.276,2093.887,13.299,20.052,16.144,-475.107,79.277,-2037.732,YA_VUI,Peter,Pomacentridae,Chromis,viridis,37372053,1,AD,Passing,
GX020045_L.MP4,4219,37.5814,YA_VUI_Transect 5,0.6012,,3.569,1.067,2431.112,18.355,,,-744.874,175.489,-2307.525,YA_VUI,Peter,Pomacentridae,Chromis,viridis,37372053,1,AD,Passing,
GX020045_L.MP4,4219,37.5814,YA_VUI_Transect 5,0.6012,,3.319,4.207,2279.374,13.222,,,-455.51,252.316,-2219.098,YA_VUI,Peter,Pomacentridae,Chromis,viridis,37372053,1,AD,Passing,
GX020045_L.MP4,4219,37.5814,YA_VUI_Transect 5,0.6012,,5.139,2.649,2910.565,16.399,,,-712.067,408.466,-2792.401,YA_VUI,Peter,Pomacentridae,Chromis,viridis,37372053,1,AD,Passing,
GX020045_L.MP4,4219,37.5814,YA_VUI_Transect 5,0.6012,,3.078,0.62,2179.275,6.736,,,-208.87,146.088,-2164.318,YA_VUI,Peter,Pomacentridae,Chromis,viridis,37372053,1,AD,Passing,
GX020045_L.MP4,4219,37.5814,YA_VUI_Transect 5,0.6012,,2.326,2.75,1861.914,3.106,,,95.252,32.147,-1859.198,YA_VUI,Peter,Pomacentridae,Chromis,viridis,37372053,1,AD,Passing,
GX020045_L.MP4,4219,37.5814,YA_VUI_Transect 5,0.6012,,2.479,0.097,1932.562,5.034,,,-148.133,81.425,-1925.155,YA_VUI,Peter,Pomacentridae,Chromis,viridis,37372053,1,AD,Passing,
GX020045_L.MP4,4219,37.5814,YA_VUI_Transect 5,0.6012,,2.944,0.148,2127.317,4.003,,,-78.028,125.102,-2122.201,YA_VUI,Peter,Pomacentridae,Chromis,viridis,37372053,1,AD,Passing,
GX020045_L.MP4,4219,37.5814,YA_VUI_Transect 5,0.6012,,2.889,0.05,2103.895,3.978,,,-16.007,143.855,-2098.911,YA_VUI,Peter,Pomacentridae,Chromis,viridis,37372053,1,AD,Passing,
GX020045_L.MP4,4219,37.5814,YA_VUI_Transect 5,0.6012,,2.363,0.93,1874.046,6.329,,,145.678,145.394,-1862.709,YA_VUI,Peter,Pomacentridae,Chromis,viridis,37372053,1,AD,Passing,
GX020045_L.MP4,4219,37.5814,YA_VUI_Transect 5,0.6012,,3.434,0.684,2480.623,25.792,,,-1027.944,327.796,-2233.69,YA_VUI,Peter,Pomacentridae,Chromis,viridis,37372053,1,AD,Passing,
GX020045_L.MP4,4219,37.5814,YA_VUI_Transect 5,0.6012,,3.376,1.542,2508.891,27.031,,,-1134.936,108.45,-2234.881,YA_VUI,Peter,Pomacentridae,Chromis,viridis,37372053,1,AD,Passing,
GX020045_L.MP4,4335,37.6459,YA_VUI_Transect 5,0.6657,,3.487,1.916,2402.887,21.42,,,871.572,-103.354,-2236.86,YA_VUI,Peter,Nemipteridae,Scolopsis,bilineata,37347031,1,AD,Passing,
GX020045_L.MP4,4335,37.6459,YA_VUI_Transect 5,0.6657,,1.954,0.119,1717.377,20.982,,,583.552,-194.885,-1603.394,YA_VUI,Peter,Pomacentridae,Pomacentrus,coelestis,37372111,1,AD,Passing,
GX020045_L.MP4,4335,37.6459,YA_VUI_Transect 5,0.6657,,2.33,0.557,1979.688,26.384,,,877.656,-61.777,-1773.434,YA_VUI,Peter,Pomacentridae,Pomacentrus,coelestis,37372111,1,AD,Passing,
GX020045_L.MP4,4335,37.6459,YA_VUI_Transect 5,0.6657,,3.136,4.577,2196.421,13.66,,,512.555,78.395,-2134.34,YA_VUI,Peter,Pomacentridae,Pomacentrus,coelestis,37372111,1,AD,Passing,
GX020045_L.MP4,4462,37.7166,YA_VUI_Transect 5,0.7363,,9.009,17.125,4076.198,30.673,,,1728.089,1154.59,-3506.568,YA_VUI,Peter,Pomacentridae,Chromis,viridis,37372053,1,AD,Passing,
GX020045_L.MP4,4462,37.7166,YA_VUI_Transect 5,0.7363,,7.093,14.71,3617.81,30.559,,,1577.031,944.905,-3115.875,YA_VUI,Peter,Pomacentridae,Chromis,viridis,37372053,1,AD,Passing,
GX020045_L.MP4,4462,37.7166,YA_VUI_Transect 5,0.7363,,7.296,14.519,3699.636,30.729,,,1679.269,866.322,-3180.7,YA_VUI,Peter,Pomacentridae,Chromis,viridis,37372053,1,AD,Passing,
GX020045_L.MP4,4462,37.7166,YA_VUI_Transect 5,0.7363,,8.805,17.312,3932.244,28.039,,,1413.248,1189.413,-3471.393,YA_VUI,Peter,Pomacentridae,Chromis,viridis,37372053,1,AD,Passing,
GX020045_L.MP4,4462,37.7166,YA_VUI_Transect 5,0.7363,,8.723,17.812,3830.621,22.78,,,1176.316,901.356,-3532.349,YA_VUI,Peter,Pomacentridae,Chromis,viridis,37372053,1,AD,Passing,
GX020045_L.MP4,4462,37.7166,YA_VUI_Transect 5,0.7363,,10.007,14.345,4084.826,20.891,,,1152.638,888.341,-3816.816,YA_VUI,Peter,Pomacentridae,Chromis,viridis,37372053,1,AD,Passing,
GX020045_L.MP4,4462,37.7166,YA_VUI_Transect 5,0.7363,,8.549,1.629,3774.999,20.746,,,1100.58,757.412,-3530.675,YA_VUI,Peter,Pomacentridae,Chromis,viridis,37372053,1,AD,Passing,
GX020045_L.MP4,4462,37.7166,YA_VUI_Transect 5,0.7363,,9.048,2.914,3908.164,21.004,,,1204.429,713.129,-3648.91,YA_VUI,Peter,Pomacentridae,Chromis,viridis,37372053,1,AD,Passing,
GX020045_L.MP4,4462,37.7166,YA_VUI_Transect 5,0.7363,,9.175,7.035,3963.542,21.109,,,1288.654,611.862,-3697.927,YA_VUI,Peter,Pomacentridae,Chromis,viridis,37372053,1,AD,Passing,
GX020045_L.MP4,4462,37.7166,YA_VUI_Transect 5,0.7363,,7.419,13.26,3663.919,26.722,,,1507.648,662.472,-3272.985,YA_VUI,Peter,Pomacentridae,Chromis,viridis,37372053,1,AD,Passing,
GX020045_L.MP4,4462,37.7166,YA_VUI_Transect 5,0.7363,,8.647,0.939,3762.713,14.16,,,786.334,476.404,-3648.661,YA_VUI,Peter,Pomacentridae,Chromis,viridis,37372053,1,AD,Passing,
GX020045_L.MP4,4462,37.7166,YA_VUI_Transect 5,0.7363,,10.039,4.486,4035.139,16.305,,,753.247,843.942,-3873.335,YA_VUI,Peter,Pomacentridae,Chromis,viridis,37372053,1,AD,Passing,
GX020045_L.MP4,4462,37.7166,YA_VUI_Transect 5,0.7363,,9.892,4.019,4016.908,13.996,,,732.271,636.147,-3898.03,YA_VUI,Peter,Pomacentridae,Chromis,viridis,37372053,1,AD,Passing,
GX020045_L.MP4,4462,37.7166,YA_VUI_Transect 5,0.7363,,9.699,11.941,3985.489,11.575,,,583.25,544.786,-3904.76,YA_VUI,Peter,Pomacentridae,Chromis,viridis,37372053,1,AD,Passing,
GX020045_L.MP4,4462,37.7166,YA_VUI_Transect 5,0.7363,,14.6,7.237,4890.501,19.066,,,876.963,1332.573,-4623.006,YA_VUI,Peter,Pomacentridae,Chromis,viridis,37372053,1,AD,Passing,
GX020045_L.MP4,4462,37.7166,YA_VUI_Transect 5,0.7363,,10.704,6.633,4167.483,17.264,,,592.813,1083.148,-3980.362,YA_VUI,Peter,Pomacentridae,Chromis,viridis,37372053,1,AD,Passing,
GX020045_L.MP4,4462,37.7166,YA_VUI_Transect 5,0.7363,,13.688,7.424,4728.934,17.894,,,851.6,1174.647,-4500.866,YA_VUI,Peter,Pomacentridae,Chromis,viridis,37372053,1,AD,Passing,
GX020045_L.MP4,4462,37.7166,YA_VUI_Transect 5,0.7363,,15.912,2.384,5134.18,15.691,,,423.182,1319.591,-4943.622,YA_VUI,Peter,Pomacentridae,Chromis,viridis,37372053,1,AD,Passing,
GX020045_L.MP4,4462,37.7166,YA_VUI_Transect 5,0.7363,,16.879,1.853,5296.43,14.783,,,410.094,1284.702,-5121.868,YA_VUI,Peter,Pomacentridae,Chromis,viridis,37372053,1,AD,Passing,
GX020045_L.MP4,4462,37.7166,YA_VUI_Transect 5,0.7363,,9.408,5.157,3900.043,14.847,,,507.862,858.504,-3770.329,YA_VUI,Peter,Pomacentridae,Chromis,viridis,37372053,1,AD,Passing,
GX020045_L.MP4,4462,37.7166,YA_VUI_Transect 5,0.7363,,16.12,7.535,5144.925,15.15,,,747.543,1114.776,-4966.761,YA_VUI,Peter,Pomacentridae,Chromis,viridis,37372053,1,AD,Passing,
GX020045_L.MP4,4462,37.7166,YA_VUI_Transect 5,0.7363,,12.771,4.868,4576.886,13.626,,,509.649,947.569,-4448.624,YA_VUI,Peter,Pomacentridae,Chromis,viridis,37372053,1,AD,Passing,
GX020045_L.MP4,4462,37.7166,YA_VUI_Transect 5,0.7363,,14.032,1.074,4815.675,12.406,,,496.237,905.053,-4703.759,YA_VUI,Peter,Pomacentridae,Chromis,viridis,37372053,1,AD,Passing,
GX020045_L.MP4,4462,37.7166,YA_VUI_Transect 5,0.7363,,10.588,11.969,4169.704,12.022,,,347.813,793.438,-4078.715,YA_VUI,Peter,Pomacentridae,Chromis,viridis,37372053,1,AD,Passing,
GX020045_L.MP4,4462,37.7166,YA_VUI_Transect 5,0.7363,,12.864,9.21,4618.274,11.246,,,412.422,798.051,-4530.064,YA_VUI,Peter,Pomacentridae,Chromis,viridis,37372053,1,AD,Passing,
GX020045_L.MP4,4487,37.7305,YA_VUI_Transect 5,0.7502,198.367,4.609,5.732,3186.22,6.486,10.043,15.586,266.895,-241.481,-3165.825,YA_VUI,Peter,Scaridae,Chlorurus,spilurus,temp_code_002,1,AD,Passing,
GX020045_L.MP4,4565,37.7738,YA_VUI_Transect 5,0.7936,,4.779,1.723,2759.688,10.91,,,-263.901,-452.336,-2709.544,YA_VUI,Peter,Pomacentridae,Pomacentrus,coelestis,37372111,1,AD,Passing,
GX020045_L.MP4,4565,37.7738,YA_VUI_Transect 5,0.7936,107.058,8.777,8.611,2240.972,10.544,83.099,23.069,-99.991,-397.703,-2203.131,YA_VUI,Peter,Acanthuridae,Acanthurus,sp,,1,AD,Passing,
GX020045_L.MP4,4565,37.7738,YA_VUI_Transect 5,0.7936,108.094,7.809,2.829,2390.532,7.012,50.902,28.662,0.824,-291.847,-2372.65,YA_VUI,Peter,Acanthuridae,Acanthurus,sp,,1,AD,Passing,
GX020045_L.MP4,4727,37.8639,YA_VUI_Transect 5,0.8837,39.99,2.061,2.179,1333.39,14.974,38.487,9.668,-143.792,-313.07,-1288.115,YA_VUI,Peter,Pomacentridae,Pomacentrus,coelestis,37372111,1,AD,Passing,
GX020045_L.MP4,4781,37.894,YA_VUI_Transect 5,0.9137,,2.371,11.201,1990.422,25.427,,,-765.146,-381.734,-1797.39,YA_VUI,Peter,Pomacentridae,Pomacentrus,coelestis,37372111,1,AD,Passing,
GX020045_L.MP4,4802,37.9056,YA_VUI_Transect 5,0.9254,33.437,2.876,3.744,1493.657,19.794,47.773,6.431,364.848,-350.337,-1405.404,YA_VUI,Peter,Pomacentridae,Pomacentrus,coelestis,37372111,1,AD,Passing,
GX020045_L.MP4,4845,37.9296,YA_VUI_Transect 5,0.9493,71.392,2.616,1.783,1717.638,13.243,23.761,15.593,-353.269,-173.304,-1671.959,YA_VUI,Peter,Labridae,Thalassoma,lunare,37384167,1,AD,Passing,
GX020045_L.MP4,4895,37.9574,YA_VUI_Transect 5,0.9771,49.567,0.953,6.111,1117.099,20.558,19.11,1.698,-38.743,-390.366,-1045.956,YA_VUI,Peter,Labridae,Stethojulis,bandanensis,37384154,1,AD,Passing,
GX020045_L.MP4,4895,37.9574,YA_VUI_Transect 5,0.9771,38.271,0.851,3.261,1059.577,20.977,16.908,5.583,83.011,-370.129,-989.352,YA_VUI,Peter,Pomacentridae,Chrysiptera,sp,,1,AD,Passing,
GX020045_L.MP4,4919,37.9707,YA_VUI_Transect 5,0.9904,130.574,2.524,19.563,1444.481,25.261,51.139,8.609,-395.214,-473.051,-1306.351,YA_VUI,Peter,Labridae,Gomphosus,varius,37384106,1,AD,Passing,
GX020045_L.MP4,4954,37.9902,YA_VUI_Transect 5,1.0099,78.81,3.325,2.636,1436.852,15.291,87.439,24.376,-83.984,-369.508,-1385.985,YA_VUI,Peter,Pomacentridae,Neoglyphidodon,carlsoni,temp_code_008,1,AD,Passing,
GX020045_L.MP4,5136,38.0914,YA_VUI_Transect 5,1.1111,152.799,8.309,4.3,3011.787,18.529,29.796,3.57,-669.201,-684.289,-2855.658,YA_VUI,Peter,Acanthuridae,Ctenochaetus,striatus,37437022,1,AD,Passing,
GX020045_L.MP4,5142,38.0947,YA_VUI_Transect 5,1.1144,156.103,3.912,3.505,1781.112,21.225,46.511,12.44,578.528,-284.765,-1660.293,YA_VUI,Peter,Acanthuridae,Acanthurus,nigrofuscus,37437014,1,AD,Passing,
GX020045_L.MP4,5177,38.1142,YA_VUI_Transect 5,1.1339,127.178,10.707,2.877,2717.937,23.189,81.627,10.467,1070.218,3.087,-2498.361,YA_VUI,Peter,Acanthuridae,Acanthurus,sp,,1,AD,Passing,
GX020045_L.MP4,5192,38.1225,YA_VUI_Transect 5,1.1423,200.128,19.297,15.395,4159.404,23.635,48.978,15.876,-1204.1,-1153.637,-3810.499,YA_VUI,Peter,Scaridae,Scarus,globiceps,37386018,1,AD,Passing,
GX020045_L.MP4,5227,38.142,YA_VUI_Transect 5,1.1617,172.17,3.033,1.833,2118.4,19.483,19.993,35.811,89.545,-700.861,-1997.096,YA_VUI,Peter,Scaridae,Scarus,globiceps,37386018,1,AD,Passing,
GX020045_L.MP4,5227,38.142,YA_VUI_Transect 5,1.1617,142.649,8.905,6.856,2796.846,13.4,52.309,43.521,20.811,-647.836,-2720.703,YA_VUI,Peter,Scaridae,Scarus,globiceps,37386018,1,AD,Passing,
GX020045_L.MP4,5227,38.142,YA_VUI_Transect 5,1.1617,176.982,12.418,14.363,3195.057,17.121,79.911,48.786,-307.413,-888.964,-3053.462,YA_VUI,Peter,Scaridae,Scarus,globiceps,37386018,1,AD,Passing,
GX020045_L.MP4,5227,38.142,YA_VUI_Transect 5,1.1617,191.34,8.161,5.524,3412.176,19.703,21.789,11.597,-599.446,-981.866,-3212.406,YA_VUI,Peter,Scaridae,Scarus,globiceps,37386018,1,AD,Passing,
GX020045_L.MP4,5227,38.142,YA_VUI_Transect 5,1.1617,168.068,7.607,12.931,3434.459,23.557,20.276,8.517,-703.517,-1178.623,-3148.241,YA_VUI,Peter,Scaridae,Scarus,globiceps,37386018,1,AD,Passing,
GX020045_L.MP4,5227,38.142,YA_VUI_Transect 5,1.1617,,9.5,3.023,3958.164,15.356,,,-428.802,-958.723,-3816.286,YA_VUI,Peter,Labridae,Hemigymnus,melapterus,37384125,1,AD,Passing,
GX020045_L.MP4,5299,38.182,YA_VUI_Transect 5,1.2018,184.932,8.789,3.247,2825.868,20.233,43.99,26.205,-122.212,-969.635,-2651.491,YA_VUI,Peter,Scaridae,Scarus,globiceps,37386018,1,AD,Passing,
GX020045_L.MP4,5299,38.182,YA_VUI_Transect 5,1.2018,113.19,8.207,3.985,2609.046,17.046,42.494,6.598,-144.487,-751.057,-2494.425,YA_VUI,Peter,Scaridae,Scarus,globiceps,37386018,1,AD,Passing,
GX020045_L.MP4,5299,38.182,YA_VUI_Transect 5,1.2018,167.714,3.315,2.507,2987.877,17.404,1.306,13.312,-400.544,-798.904,-2851.092,YA_VUI,Peter,Scaridae,Scarus,globiceps,37386018,1,AD,Passing,
GX020045_L.MP4,5328,38.1982,YA_VUI_Transect 5,1.2179,,9.038,0.46,3861.692,15.338,,,-574.13,-846.993,-3723.66,YA_VUI,Peter,Pomacentridae,Pomacentrus,coelestis,37372111,1,AD,Passing,
GX020045_L.MP4,5328,38.1982,YA_VUI_Transect 5,1.2179,159.415,7.733,5.048,3907.083,18.258,1.546,5.211,-1059.862,-612.386,-3710.387,YA_VUI,Peter,Scaridae,Chlorurus,spilurus,temp_code_002,1,AD,Passing,
GX020045_L.MP4,5358,38.2148,YA_VUI_Transect 5,1.2346,155.517,8.029,6.762,2340.408,21.801,64.954,9.246,409.36,-766.748,-2173.024,YA_VUI,Peter,Acanthuridae,Acanthurus,sp,,1,AD,Passing,
GX020045_L.MP4,5383,38.2287,YA_VUI_Transect 5,1.2485,84.623,7.005,1.755,3030.32,19.212,25.822,23.348,-317.963,-945.117,-2861.554,YA_VUI,Peter,Pomacentridae,Pomacentrus,callainus,temp_code_004,1,AD,Passing,
GX020045_L.MP4,5494,38.2905,YA_VUI_Transect 5,1.3102,,9.532,2.126,3990.264,12.008,,,796.986,230.182,-3903.08,YA_VUI,Peter,Zanclidae,Zanclus,cornutus,37437001,1,AD,Passing,
GX020045_L.MP4,5494,38.2905,YA_VUI_Transect 5,1.3102,,18.552,1.499,5588.768,12.754,,,1044.693,653.259,-5451.256,YA_VUI,Peter,Zanclidae,Zanclus,cornutus,37437001,1,AD,Passing,
GX020045_L.MP4,5494,38.2905,YA_VUI_Transect 5,1.3102,71.21,4.652,6.451,1819.647,16.944,52.43,2.216,86.471,-523.209,-1740.658,YA_VUI,Peter,Pomacentridae,Amblyglyphidodon,curacao,37372017,1,AD,Passing,
GX020045_L.MP4,5494,38.2905,YA_VUI_Transect 5,1.3102,111.585,3.871,5.005,3734.747,6.889,3.434,3.796,225.582,-387.039,-3707.782,YA_VUI,Peter,Pomacentridae,Abudefduf,vaigiensis,37372013,1,AD,Passing,
GX020045_L.MP4,5571,38.3333,YA_VUI_Transect 5,1.353,155.428,6.54,15.535,2245.507,24.612,63.346,9.536,-762.344,-541.69,-2041.495,YA_VUI,Peter,Pomacentridae,Abudefduf,vaigiensis,37372013,1,AD,Passing,
GX020045_L.MP4,5621,38.3611,YA_VUI_Transect 5,1.3808,,8.048,2.292,3652.874,12.846,,,-604.872,-544.027,-3561.131,YA_VUI,Peter,Chaetodontidae,Chaetodon,vagabundus,37365062,1,AD,Passing,
GX020045_L.MP4,5681,38.3945,YA_VUI_Transect 5,1.4142,82.658,3.647,3.318,2021.328,21.585,32.679,31.373,383.106,-637.317,-1879.581,YA_VUI,Peter,Chaetodontidae,Chaetodon,baronessa,37365034,1,AD,Passing,
GX020045_L.MP4,5681,38.3945,YA_VUI_Transect 5,1.4142,113.057,4.873,0.547,2386.787,14.145,30.388,36.463,310.926,-493.511,-2314.416,YA_VUI,Peter,Pomacentridae,Abudefduf,vaigiensis,37372013,1,AD,Passing,
GX020045_L.MP4,5702,38.4061,YA_VUI_Transect 5,1.4259,66.532,2.937,0.623,2040.179,14.591,18.923,12.384,204.951,-471.337,-1974.378,YA_VUI,Peter,Chaetodontidae,Chaetodon,baronessa,37365034,1,AD,Passing,
GX020045_L.MP4,5814,38.4684,YA_VUI_Transect 5,1.4882,105.948,1.612,3.085,1053.501,20.23,66.387,16.017,227.027,-284.906,-988.51,YA_VUI,Peter,Chaetodontidae,Chaetodon,baronessa,37365034,1,AD,Passing,
GX020045_L.MP4,5907,38.5201,YA_VUI_Transect 5,1.5399,,3.599,2.066,2550.153,27.321,,,1162.132,-140.846,-2265.589,YA_VUI,Peter,Pomacentridae,Chromis,viridis,37372053,1,AD,Passing,
GX020045_L.MP4,5907,38.5201,YA_VUI_Transect 5,1.5399,,3.799,2.185,2525.51,21.536,,,927.085,-5.282,-2349.188,YA_VUI,Peter,Pomacentridae,Chromis,viridis,37372053,1,AD,Passing,
GX020045_L.MP4,5907,38.5201,YA_VUI_Transect 5,1.5399,,6.065,1.627,3176.102,16.122,,,881.859,11.247,-3051.2,YA_VUI,Peter,Pomacentridae,Chromis,viridis,37372053,1,AD,Passing,
GX020045_L.MP4,5907,38.5201,YA_VUI_Transect 5,1.5399,,3.516,2.139,2339.978,5.06,,,201.205,44.57,-2330.886,YA_VUI,Peter,Pomacentridae,Chromis,viridis,37372053,1,AD,Passing,
GX020045_L.MP4,5907,38.5201,YA_VUI_Transect 5,1.5399,,2.903,4.362,2104.042,4.973,,,154.492,95.73,-2096.178,YA_VUI,Peter,Pomacentridae,Chromis,viridis,37372053,1,AD,Passing,
GX020045_L.MP4,5907,38.5201,YA_VUI_Transect 5,1.5399,,12.281,7.149,4574.878,13.485,,,1045.235,210.886,-4448.878,YA_VUI,Peter,Pomacentridae,Chromis,viridis,37372053,1,AD,Passing,
GX020045_L.MP4,5907,38.5201,YA_VUI_Transect 5,1.5399,,15.044,3.77,4966.737,15.834,,,871.032,1035.385,-4778.887,YA_VUI,Peter,Pomacentridae,Chromis,viridis,37372053,1,AD,Passing,
GX020045_L.MP4,5907,38.5201,YA_VUI_Transect 5,1.5399,,12.893,6.499,4587.38,16.002,,,793.222,982.285,-4410.212,YA_VUI,Peter,Pomacentridae,Chromis,viridis,37372053,1,AD,Passing,
GX020045_L.MP4,5907,38.5201,YA_VUI_Transect 5,1.5399,,12.722,1.547,4558.977,14.531,,,649.021,939.323,-4413.696,YA_VUI,Peter,Pomacentridae,Chromis,viridis,37372053,1,AD,Passing,
GX020045_L.MP4,5907,38.5201,YA_VUI_Transect 5,1.5399,,15.446,6.249,5057.43,17.326,,,1143.535,977.442,-4828.513,YA_VUI,Peter,Pomacentridae,Chromis,viridis,37372053,1,AD,Passing,
GX020045_L.MP4,5907,38.5201,YA_VUI_Transect 5,1.5399,,11.551,1.034,4346.239,15.361,,,835.564,789.57,-4191.445,YA_VUI,Peter,Pomacentridae,Chromis,viridis,37372053,1,AD,Passing,
GX020045_L.MP4,5907,38.5201,YA_VUI_Transect 5,1.5399,,11.335,2.976,4303.778,13.325,,,638.395,756.68,-4188.364,YA_VUI,Peter,Pomacentridae,Chromis,viridis,37372053,1,AD,Passing,
GX020045_L.MP4,5907,38.5201,YA_VUI_Transect 5,1.5399,,10.616,1.687,4169.594,14.262,,,794.391,648.864,-4041.464,YA_VUI,Peter,Pomacentridae,Chromis,viridis,37372053,1,AD,Passing,
GX020045_L.MP4,5907,38.5201,YA_VUI_Transect 5,1.5399,,11.885,4.182,4419.343,14.997,,,883.073,724.072,-4269.249,YA_VUI,Peter,Pomacentridae,Chromis,viridis,37372053,1,AD,Passing,
GX020045_L.MP4,5907,38.5201,YA_VUI_Transect 5,1.5399,,36.66,9.374,7895.487,15.056,,,1737.212,1085.743,-7625.088,YA_VUI,Peter,Pomacentridae,Chromis,viridis,37372053,1,AD,Passing,
GX020045_L.MP4,5907,38.5201,YA_VUI_Transect 5,1.5399,,23.099,8.981,6260.495,13.357,,,1259.998,706.469,-6091.56,YA_VUI,Peter,Pomacentridae,Chromis,viridis,37372053,1,AD,Passing,
GX020045_L.MP4,5907,38.5201,YA_VUI_Transect 5,1.5399,,7.502,2.146,3498.718,10.178,,,517.488,336.311,-3443.854,YA_VUI,Peter,Pomacentridae,Chromis,viridis,37372053,1,AD,Passing,
GX020045_L.MP4,5907,38.5201,YA_VUI_Transect 5,1.5399,,16.749,4.19,5331.46,14.175,,,1194.473,524.055,-5169.436,YA_VUI,Peter,Pomacentridae,Chromis,viridis,37372053,1,AD,Passing,
GX020045_L.MP4,5907,38.5201,YA_VUI_Transect 5,1.5399,,2.926,2.167,2122.807,8.284,,,-305.669,-11.564,-2100.652,YA_VUI,Peter,Pomacentridae,Chromis,viridis,37372053,1,AD,Passing,
GX020045_L.MP4,5907,38.5201,YA_VUI_Transect 5,1.5399,,3.263,2.74,2253.449,8.129,,,-300.103,105.836,-2230.867,YA_VUI,Peter,Pomacentridae,Chromis,viridis,37372053,1,AD,Passing,
GX020045_L.MP4,5907,38.5201,YA_VUI_Transect 5,1.5399,,9.671,2.672,4075.971,12.439,,,-834.743,269.766,-3980.448,YA_VUI,Peter,Pomacentridae,Chromis,viridis,37372053,1,AD,Passing,
GX020045_L.MP4,5907,38.5201,YA_VUI_Transect 5,1.5399,,5.215,3.973,3177.241,26.012,,,-1393.319,11.948,-2855.413,YA_VUI,Peter,Pomacentridae,Chromis,viridis,37372053,1,AD,Passing,
GX020045_L.MP4,5907,38.5201,YA_VUI_Transect 5,1.5399,,3.757,1.424,2645.844,25.957,,,-1156.044,67.404,-2378.973,YA_VUI,Peter,Pomacentridae,Chromis,viridis,37372053,1,AD,Passing,
GX020045_L.MP4,5938,38.5374,YA_VUI_Transect 5,1.5571,96.657,1.745,3.347,1790.363,19.727,8.58,17.775,-231.071,-558.39,-1685.292,YA_VUI,Peter,Labridae,Thalassoma,hardwicke,37384165,1,AD,Passing,
GX020045_L.MP4,5938,38.5374,YA_VUI_Transect 5,1.5571,91.296,5.392,6.823,2579.816,17.583,26.34,14.511,-9.447,-779.289,-2459.283,YA_VUI,Peter,Acanthuridae,Ctenochaetus,sp,,1,AD,Passing,
GX020045_L.MP4,5968,38.5541,YA_VUI_Transect 5,1.5738,55.664,2.341,5.394,1275.433,14.392,54.189,7.254,-126.079,-290.862,-1235.408,YA_VUI,Peter,Pomacentridae,Chromis,viridis,37372053,1,AD,Passing,
GX020045_L.MP4,5968,38.5541,YA_VUI_Transect 5,1.5738,49.689,2.262,1.475,1371.48,11.002,38.228,5.066,-107.713,-238.538,-1346.274,YA_VUI,Peter,Pomacentridae,Chromis,viridis,37372053,1,AD,Passing,
GX020045_L.MP4,5968,38.5541,YA_VUI_Transect 5,1.5738,51.784,2.552,3.013,1598.656,7.559,29.611,18.106,-130.87,-164.608,-1584.765,YA_VUI,Peter,Pomacentridae,Chromis,viridis,37372053,1,AD,Passing,
GX020045_L.MP4,6007,38.5758,YA_VUI_Transect 5,1.5955,,5.057,18.285,3072.806,32.775,,,1432.373,844.237,-2584.126,YA_VUI,Peter,Pomacentridae,Chromis,viridis,37372053,1,AD,Passing,
GX020045_L.MP4,6007,38.5758,YA_VUI_Transect 5,1.5955,,4.231,17.709,2791.93,31.655,,,1299.954,674.612,-2376.95,YA_VUI,Peter,Pomacentridae,Chromis,viridis,37372053,1,AD,Passing,
GX020045_L.MP4,6007,38.5758,YA_VUI_Transect 5,1.5955,,3.685,7.365,2597.758,30.429,,,1225.831,476.589,-2240.212,YA_VUI,Peter,Pomacentridae,Chromis,viridis,37372053,1,AD,Passing,
GX020045_L.MP4,6049,38.5991,YA_VUI_Transect 5,1.6188,69.952,1.789,8.73,1448.105,24.369,23.603,10.942,370.412,-468.834,-1319.089,YA_VUI,Peter,Pomacentridae,Stegastes,nigricans,37372135,1,AD,Passing,
GX020045_L.MP4,6095,38.6247,YA_VUI_Transect 5,1.6444,110.576,5.372,2.415,2043.83,21.453,50.451,6.223,740.804,-99.968,-1902.224,YA_VUI,Peter,Scaridae,Chlorurus,spilurus,temp_code_002,1,AD,Passing,
GX020045_L.MP4,6147,38.6536,YA_VUI_Transect 5,1.6733,,8.201,12.875,4042.339,33.003,,,2064.866,762.389,-3390.515,YA_VUI,Peter,Pomacentridae,Chromis,viridis,37372053,1,AD,Passing,
GX020045_L.MP4,6147,38.6536,YA_VUI_Transect 5,1.6733,,7.737,14.904,3932.46,32.925,,,2022.82,688.694,-3301.233,YA_VUI,Peter,Pomacentridae,Chromis,viridis,37372053,1,AD,Passing,
GX020045_L.MP4,6147,38.6536,YA_VUI_Transect 5,1.6733,,7.642,12.799,3913.581,32.469,,,2010.881,606.765,-3302.167,YA_VUI,Peter,Pomacentridae,Chromis,viridis,37372053,1,AD,Passing,
GX020045_L.MP4,6147,38.6536,YA_VUI_Transect 5,1.6733,,9.331,3.633,4301.043,31.22,,,2125.421,670.627,-3678.561,YA_VUI,Peter,Pomacentridae,Chromis,viridis,37372053,1,AD,Passing,
GX020045_L.MP4,6147,38.6536,YA_VUI_Transect 5,1.6733,,6.744,10.52,3611.549,30.004,,,1735.405,498.153,-3127.859,YA_VUI,Peter,Pomacentridae,Chromis,viridis,37372053,1,AD,Passing,
GX020045_L.MP4,6147,38.6536,YA_VUI_Transect 5,1.6733,,8.956,12.615,4185.669,31.378,,,2037.143,772.358,-3573.98,YA_VUI,Peter,Pomacentridae,Chromis,viridis,37372053,1,AD,Passing,
GX020045_L.MP4,6147,38.6536,YA_VUI_Transect 5,1.6733,,9.61,8.268,4336.544,30.795,,,2091.623,742.233,-3725.562,YA_VUI,Peter,Pomacentridae,Chromis,viridis,37372053,1,AD,Passing,
GX020045_L.MP4,6147,38.6536,YA_VUI_Transect 5,1.6733,,9.698,7.145,4299.586,29.624,,,1964.619,808.572,-3738.038,YA_VUI,Peter,Pomacentridae,Chromis,viridis,37372053,1,AD,Passing,
GX020045_L.MP4,6147,38.6536,YA_VUI_Transect 5,1.6733,,10.772,7.785,4505.441,28.888,,,1991.034,877.046,-3945.322,YA_VUI,Peter,Pomacentridae,Chromis,viridis,37372053,1,AD,Passing,
GX020045_L.MP4,6147,38.6536,YA_VUI_Transect 5,1.6733,,7.09,8.308,3648.993,29.952,,,1661.286,745.994,-3162.083,YA_VUI,Peter,Pomacentridae,Chromis,viridis,37372053,1,AD,Passing,
GX020045_L.MP4,6147,38.6536,YA_VUI_Transect 5,1.6733,,10.985,5.323,4589.626,30.386,,,2117.695,949.016,-3959.722,YA_VUI,Peter,Pomacentridae,Chromis,viridis,37372053,1,AD,Passing,
GX020045_L.MP4,6147,38.6536,YA_VUI_Transect 5,1.6733,,8.486,12.547,4003.044,30.419,,,1819.711,890.535,-3452.53,YA_VUI,Peter,Pomacentridae,Chromis,viridis,37372053,1,AD,Passing,
GX020045_L.MP4,6147,38.6536,YA_VUI_Transect 5,1.6733,,10.686,6.786,4448.594,28.715,,,1892.136,991.676,-3902.101,YA_VUI,Peter,Pomacentridae,Chromis,viridis,37372053,1,AD,Passing,
GX020045_L.MP4,6147,38.6536,YA_VUI_Transect 5,1.6733,,2.52,4.103,1946.082,17.882,,,461.919,377.994,-1852.292,YA_VUI,Peter,Pomacentridae,Chromis,viridis,37372053,1,AD,Passing,
GX020045_L.MP4,6240,38.7053,YA_VUI_Transect 5,1.7251,60.428,1.778,1.895,1155.783,8.993,44.783,11.955,103.815,-147.853,-1141.576,YA_VUI,Peter,Pomacentridae,Chromis,viridis,37372053,1,AD,Passing,
GX020045_L.MP4,6240,38.7053,YA_VUI_Transect 5,1.7251,64.411,1.966,2.746,1361.689,6.655,31.379,14.623,-33.37,-154.25,-1352.513,YA_VUI,Peter,Pomacentridae,Chromis,viridis,37372053,1,AD,Passing,
GX020045_L.MP4,6240,38.7053,YA_VUI_Transect 5,1.7251,57.761,2.132,2.853,1259.141,8.834,45.644,11.729,14.4,-192.828,-1244.205,YA_VUI,Peter,Pomacentridae,Chromis,viridis,37372053,1,AD,Passing,
GX020045_L.MP4,6240,38.7053,YA_VUI_Transect 5,1.7251,57.632,2.335,2.542,1301.188,10.445,47.005,4.971,-106.759,-210.361,-1279.625,YA_VUI,Peter,Pomacentridae,Chromis,viridis,37372053,1,AD,Passing,
GX020045_L.MP4,6240,38.7053,YA_VUI_Transect 5,1.7251,,1.304,3.926,1352.483,20.066,,,458.824,68.625,-1270.426,YA_VUI,Peter,Pomacentridae,Chromis,viridis,37372053,1,AD,Passing,
GX020045_L.MP4,6240,38.7053,YA_VUI_Transect 5,1.7251,,1.545,0.985,1484.524,17.977,,,451.099,79.377,-1412.098,YA_VUI,Peter,Pomacentridae,Chromis,viridis,37372053,1,AD,Passing,
GX020045_L.MP4,6240,38.7053,YA_VUI_Transect 5,1.7251,,1.394,1.425,1387.95,13.903,,,333.279,-12.75,-1347.281,YA_VUI,Peter,Pomacentridae,Chromis,viridis,37372053,1,AD,Passing,
GX020045_L.MP4,6240,38.7053,YA_VUI_Transect 5,1.7251,,1.523,2.508,1460.068,8.446,,,212.854,25.303,-1444.247,YA_VUI,Peter,Pomacentridae,Chromis,viridis,37372053,1,AD,Passing,
GX020045_L.MP4,6240,38.7053,YA_VUI_Transect 5,1.7251,,1.495,3.382,1452.911,2.751,,,-36.017,-60.564,-1451.201,YA_VUI,Peter,Pomacentridae,Chromis,viridis,37372053,1,AD,Passing,
GX020045_L.MP4,6240,38.7053,YA_VUI_Transect 5,1.7251,,3.167,7.093,2219.318,8.782,,,-335.154,-51.078,-2193.27,YA_VUI,Peter,Pomacentridae,Chromis,viridis,37372053,1,AD,Passing,
GX020045_L.MP4,6240,38.7053,YA_VUI_Transect 5,1.7251,,1.781,4.448,1602.97,9.236,,,-232.006,-112.102,-1582.125,YA_VUI,Peter,Pomacentridae,Chromis,viridis,37372053,1,AD,Passing,
GX020045_L.MP4,6240,38.7053,YA_VUI_Transect 5,1.7251,,3.037,0.042,2166.329,1.909,,,-18.324,68.547,-2165.166,YA_VUI,Peter,Pomacentridae,Chromis,viridis,37372053,1,AD,Passing,
GX020045_L.MP4,6240,38.7053,YA_VUI_Transect 5,1.7251,,2.258,4.124,1844.166,12.835,,,-409.553,-10.427,-1798.084,YA_VUI,Peter,Pomacentridae,Chromis,viridis,37372053,1,AD,Passing,
GX020045_L.MP4,6240,38.7053,YA_VUI_Transect 5,1.7251,,1.729,1.1,1579.193,12.455,,,-296.394,-168.689,-1541.929,YA_VUI,Peter,Pomacentridae,Chromis,viridis,37372053,1,AD,Passing,
GX020045_L.MP4,6240,38.7053,YA_VUI_Transect 5,1.7251,,1.296,5.137,1343.135,15.383,,,-283.949,-215.984,-1294.888,YA_VUI,Peter,Pomacentridae,Chromis,viridis,37372053,1,AD,Passing,
GX020045_L.MP4,6240,38.7053,YA_VUI_Transect 5,1.7251,,1.149,3.265,1259.296,17.882,,,-285.58,-261.411,-1198.305,YA_VUI,Peter,Pomacentridae,Chromis,viridis,37372053,1,AD,Passing,
GX020045_L.MP4,6240,38.7053,YA_VUI_Transect 5,1.7251,,1.141,2.42,1255.003,14.557,,,-138.877,-283.93,-1214.549,YA_VUI,Peter,Pomacentridae,Chromis,viridis,37372053,1,AD,Passing,
GX020045_L.MP4,6240,38.7053,YA_VUI_Transect 5,1.7251,,1.536,3.551,1496.331,18.982,,,-431.057,-226.856,-1414.826,YA_VUI,Peter,Pomacentridae,Chromis,viridis,37372053,1,AD,Passing,
GX020045_L.MP4,6278,38.7265,YA_VUI_Transect 5,1.7462,,2.107,6.948,1771.577,19.496,,,486.298,335.313,-1670.199,YA_VUI,Peter,Pomacentridae,Chromis,viridis,37372053,1,AD,Passing,
GX020045_L.MP4,6278,38.7265,YA_VUI_Transect 5,1.7462,,1.347,0.162,1361.917,14.706,,,341.76,51.561,-1317.331,YA_VUI,Peter,Pomacentridae,Chromis,viridis,37372053,1,AD,Passing,
GX020045_L.MP4,6278,38.7265,YA_VUI_Transect 5,1.7462,,0.965,2.072,1125.618,8.639,,,168.997,-5.801,-1112.845,YA_VUI,Peter,Pomacentridae,Chromis,viridis,37372053,1,AD,Passing,
GX020045_L.MP4,6278,38.7265,YA_VUI_Transect 5,1.7462,,1.195,0.632,1269.552,13.028,,,284.345,-33.225,-1236.854,YA_VUI,Peter,Pomacentridae,Chromis,viridis,37372053,1,AD,Passing,
GX020045_L.MP4,6278,38.7265,YA_VUI_Transect 5,1.7462,,1.054,1.041,1182.523,11.225,,,222.543,-59.521,-1159.867,YA_VUI,Peter,Pomacentridae,Chromis,viridis,37372053,1,AD,Passing,
GX020045_L.MP4,6278,38.7265,YA_VUI_Transect 5,1.7462,,1.188,2.037,1274.299,4.435,,,64.404,-75.315,-1270.44,YA_VUI,Peter,Pomacentridae,Chromis,viridis,37372053,1,AD,Passing,
GX020045_L.MP4,6278,38.7265,YA_VUI_Transect 5,1.7462,,2.188,11.49,1791.679,8.16,,,254.274,-5.518,-1773.535,YA_VUI,Peter,Pomacentridae,Chromis,viridis,37372053,1,AD,Passing,
GX020045_L.MP4,6278,38.7265,YA_VUI_Transect 5,1.7462,,1.262,0.315,1315.35,9.596,,,-209.154,-66.595,-1296.906,YA_VUI,Peter,Pomacentridae,Chromis,viridis,37372053,1,AD,Passing,
GX020045_L.MP4,6334,38.7576,YA_VUI_Transect 5,1.7773,,1.21,2.459,1288.446,4.505,,,-17.138,99.001,-1284.523,YA_VUI,Peter,Pomacentridae,Chromis,viridis,37372053,1,AD,Passing,
GX020045_L.MP4,6334,38.7576,YA_VUI_Transect 5,1.7773,,0.847,0.237,1049.53,2.862,,,-52.321,-3.432,-1048.219,YA_VUI,Peter,Pomacentridae,Chromis,viridis,37372053,1,AD,Passing,
GX020045_L.MP4,6334,38.7576,YA_VUI_Transect 5,1.7773,,0.744,0.412,970.354,9.566,,,-132.943,-91.829,-956.808,YA_VUI,Peter,Pomacentridae,Chromis,viridis,37372053,1,AD,Passing,
GX020045_L.MP4,6334,38.7576,YA_VUI_Transect 5,1.7773,,2.18,0.554,1802.863,13.915,,,-374.068,218.165,-1750.084,YA_VUI,Peter,Pomacentridae,Chromis,viridis,37372053,1,AD,Passing,
GX020045_L.MP4,6334,38.7576,YA_VUI_Transect 5,1.7773,,2.093,1.525,1773.918,15.645,,,-453.554,151.154,-1708.282,YA_VUI,Peter,Pomacentridae,Chromis,viridis,37372053,1,AD,Passing,
GX020045_L.MP4,6334,38.7576,YA_VUI_Transect 5,1.7773,,1.364,2.917,1375.946,12.142,,,-282.23,63.227,-1345.205,YA_VUI,Peter,Pomacentridae,Chromis,viridis,37372053,1,AD,Passing,
GX020045_L.MP4,6334,38.7576,YA_VUI_Transect 5,1.7773,,1.985,1.704,1767.707,21.786,,,-631.182,178.01,-1641.557,YA_VUI,Peter,Pomacentridae,Chromis,viridis,37372053,1,AD,Passing,
GX020045_L.MP4,6383,38.7849,YA_VUI_Transect 5,1.8046,,0.513,1.944,781.252,8.331,,,-88.631,-70.856,-772.967,YA_VUI,Peter,Pomacentridae,Chromis,viridis,37372053,1,AD,Passing,
GX020045_L.MP4,6383,38.7849,YA_VUI_Transect 5,1.8046,,0.877,2.586,1064.898,8.331,,,-154.226,-5.184,-1053.658,YA_VUI,Peter,Pomacentridae,Chromis,viridis,37372053,1,AD,Passing,
GX020045_L.MP4,6383,38.7849,YA_VUI_Transect 5,1.8046,,0.587,3.05,844.64,6.658,,,-95.446,21.419,-838.957,YA_VUI,Peter,Pomacentridae,Chromis,viridis,37372053,1,AD,Passing,
GX020045_L.MP4,6383,38.7849,YA_VUI_Transect 5,1.8046,,0.542,4.899,802.979,12.92,,,176.195,34.046,-782.67,YA_VUI,Peter,Pomacentridae,Chromis,viridis,37372053,1,AD,Passing,
GX020045_L.MP4,6383,38.7849,YA_VUI_Transect 5,1.8046,,0.736,4.339,965.303,8.116,,,-103.618,87.956,-955.687,YA_VUI,Peter,Pomacentridae,Chromis,viridis,37372053,1,AD,Passing,
GX020045_L.MP4,6383,38.7849,YA_VUI_Transect 5,1.8046,,0.805,4.63,1018.112,11.529,,,-135.975,150.804,-997.657,YA_VUI,Peter,Pomacentridae,Chromis,viridis,37372053,1,AD,Passing,
GX020045_L.MP4,6383,38.7849,YA_VUI_Transect 5,1.8046,,0.914,2.548,1099.414,13.095,,,-140.865,204.816,-1070.943,YA_VUI,Peter,Pomacentridae,Chromis,viridis,37372053,1,AD,Passing,
GX020045_L.MP4,6383,38.7849,YA_VUI_Transect 5,1.8046,,0.691,6.456,941.295,18.521,,,198.302,223.268,-892.672,YA_VUI,Peter,Pomacentridae,Chromis,viridis,37372053,1,AD,Passing,
GX020045_L.MP4,6383,38.7849,YA_VUI_Transect 5,1.8046,,1.285,0.569,1333.944,9.125,,,-85.248,192.832,-1317.177,YA_VUI,Peter,Pomacentridae,Chromis,viridis,37372053,1,AD,Passing,
GX020045_L.MP4,6444,38.8188,YA_VUI_Transect 5,1.8385,78.136,2.251,6.485,2004.736,20.456,8.727,29.447,-339.965,-612.634,-1878.315,YA_VUI,Peter,Pomacentridae,Pomacentrus,brachialis,37372109,1,AD,Passing,
GX020045_L.MP4,6444,38.8188,YA_VUI_Transect 5,1.8385,87.242,6.525,3.321,2081.466,18.473,61.574,9.366,83.628,-654.208,-1974.213,YA_VUI,Peter,Labridae,Thalassoma,lunare,37384167,1,AD,Passing,
GX020045_L.MP4,6444,38.8188,YA_VUI_Transect 5,1.8385,,3.123,1.078,2202.616,17.613,,,-191.265,-639.679,-2098.987,YA_VUI,Peter,Scaridae,Chlorurus,spilurus,temp_code_002,1,AD,Passing,
GX020045_L.MP4,6444,38.8188,YA_VUI_Transect 5,1.8385,,3.048,2.938,2179.454,18.838,,,-251.206,-658.584,-2062.324,YA_VUI,Peter,Scaridae,Chlorurus,spilurus,temp_code_002,1,AD,Passing,
GX020045_L.MP4,6444,38.8188,YA_VUI_Transect 5,1.8385,,3.697,2.029,2409.531,17.014,,,-325.708,-626.636,-2303.711,YA_VUI,Peter,Scaridae,Chlorurus,spilurus,temp_code_002,1,AD,Passing,
GX020045_L.MP4,6464,38.8299,YA_VUI_Transect 5,1.8496,,3.26,0.45,2236.636,9.61,,,91.557,360.684,-2205.462,YA_VUI,Peter,Pomacentridae,Chromis,viridis,37372053,1,AD,Passing,
GX020045_L.MP4,6464,38.8299,YA_VUI_Transect 5,1.8496,,3.929,2.378,2462.967,15.057,,,425.375,476.574,-2378.684,YA_VUI,Peter,Pomacentridae,Chromis,viridis,37372053,1,AD,Passing,
GX020045_L.MP4,6464,38.8299,YA_VUI_Transect 5,1.8496,,3.323,0.613,2249.804,13.243,,,337.521,388.187,-2190.207,YA_VUI,Peter,Pomacentridae,Chromis,viridis,37372053,1,AD,Passing,
GX020045_L.MP4,6464,38.8299,YA_VUI_Transect 5,1.8496,,3.095,4.019,2168.915,15.695,,,441.33,385.406,-2088.272,YA_VUI,Peter,Pomacentridae,Chromis,viridis,37372053,1,AD,Passing,
GX020045_L.MP4,6464,38.8299,YA_VUI_Transect 5,1.8496,,3.677,4.139,2380.294,15.592,,,471.983,430.592,-2292.951,YA_VUI,Peter,Pomacentridae,Chromis,viridis,37372053,1,AD,Passing,
GX020045_L.MP4,6464,38.8299,YA_VUI_Transect 5,1.8496,,5.074,0.078,2824.896,12.554,,,347.627,504.506,-2757.656,YA_VUI,Peter,Pomacentridae,Chromis,viridis,37372053,1,AD,Passing,
GX020045_L.MP4,6464,38.8299,YA_VUI_Transect 5,1.8496,,4.133,0.432,2530.872,15.91,,,435.055,538.976,-2434.244,YA_VUI,Peter,Pomacentridae,Chromis,viridis,37372053,1,AD,Passing,
GX020045_L.MP4,6464,38.8299,YA_VUI_Transect 5,1.8496,,4.29,2.595,2588.58,17.193,,,286.207,708.189,-2473.318,YA_VUI,Peter,Pomacentridae,Chromis,viridis,37372053,1,AD,Passing,
GX020045_L.MP4,6464,38.8299,YA_VUI_Transect 5,1.8496,,2.859,4.489,2099.481,21.756,,,449.054,634.424,-1950.302,YA_VUI,Peter,Pomacentridae,Chromis,viridis,37372053,1,AD,Passing,
GX020045_L.MP4,6464,38.8299,YA_VUI_Transect 5,1.8496,,4.55,1.806,2685.848,21.485,,,495.41,848.39,-2499.717,YA_VUI,Peter,Pomacentridae,Chromis,viridis,37372053,1,AD,Passing,
GX020045_L.MP4,6464,38.8299,YA_VUI_Transect 5,1.8496,,2.978,3.671,2133.033,19.396,,,430.076,561.68,-2012.307,YA_VUI,Peter,Pomacentridae,Chromis,viridis,37372053,1,AD,Passing,
GX020045_L.MP4,6464,38.8299,YA_VUI_Transect 5,1.8496,,3.518,5.159,2324.203,17.007,,,363.479,573.172,-2222.898,YA_VUI,Peter,Pomacentridae,Chromis,viridis,37372053,1,AD,Passing,
GX020045_L.MP4,6464,38.8299,YA_VUI_Transect 5,1.8496,,4.52,2.423,2657.893,17.719,,,416.799,691.783,-2532.214,YA_VUI,Peter,Pomacentridae,Chromis,viridis,37372053,1,AD,Passing,
GX020045_L.MP4,6464,38.8299,YA_VUI_Transect 5,1.8496,,2.652,4.394,2028.876,21.636,,,617.209,421.545,-1886.185,YA_VUI,Peter,Pomacentridae,Chromis,viridis,37372053,1,AD,Passing,
GX020045_L.MP4,6464,38.8299,YA_VUI_Transect 5,1.8496,,2.979,3.629,2141.614,20.131,,,536.454,504.285,-2011.076,YA_VUI,Peter,Pomacentridae,Chromis,viridis,37372053,1,AD,Passing,
GX020045_L.MP4,6464,38.8299,YA_VUI_Transect 5,1.8496,,3.441,1.942,2343.699,21.183,,,737.148,415.686,-2185.576,YA_VUI,Peter,Pomacentridae,Chromis,viridis,37372053,1,AD,Passing,
GX020045_L.MP4,6464,38.8299,YA_VUI_Transect 5,1.8496,,2.825,15.818,2193.995,28.382,,,924.729,481.085,-1930.556,YA_VUI,Peter,Pomacentridae,Chromis,viridis,37372053,1,AD,Passing,
GX020045_L.MP4,6464,38.8299,YA_VUI_Transect 5,1.8496,,2.405,13.041,2016.231,29.524,,,864.77,488.22,-1754.708,YA_VUI,Peter,Pomacentridae,Chromis,viridis,37372053,1,AD,Passing,
GX020045_L.MP4,6464,38.8299,YA_VUI_Transect 5,1.8496,,3.103,12.719,2315.137,28.729,,,984.06,518.369,-2030.463,YA_VUI,Peter,Pomacentridae,Chromis,viridis,37372053,1,AD,Passing,
GX020045_L.MP4,6464,38.8299,YA_VUI_Transect 5,1.8496,,2.79,5.513,2180.437,27.465,,,933.243,373.498,-1934.906,YA_VUI,Peter,Pomacentridae,Chromis,viridis,37372053,1,AD,Passing,
GX020045_L.MP4,6476,38.8366,YA_VUI_Transect 5,1.8563,87.776,6.708,1.383,2121.253,14.682,74.211,31.255,512.896,-161.255,-2051.986,YA_VUI,Peter,Pomacentridae,Dascyllus,reticulatus,37372074,1,AD,Passing,
GX020045_L.MP4,6517,38.8594,YA_VUI_Transect 5,1.8791,67.334,1.815,1.102,1547.131,16.418,27.955,55.998,254.923,-355.293,-1484.047,YA_VUI,Peter,Pomacentridae,Pomacentrus,brachialis,37372109,1,AD,Passing,
GX020045_L.MP4,6543,38.8738,YA_VUI_Transect 5,1.8936,67.215,1.565,1.19,1402.925,22.137,10.807,35.375,522.346,-81.485,-1299.505,YA_VUI,Peter,Scaridae,Chlorurus,spilurus,temp_code_002,1,AD,Passing,
GX020045_L.MP4,6566,38.8866,YA_VUI_Transect 5,1.9063,,11.009,4.735,4573.87,27.423,,,-1819.163,-1064.452,-4059.295,YA_VUI,Peter,Pomacentridae,Abudefduf,vaigiensis,37372013,1,AD,Passing,
GX020045_L.MP4,6611,38.9117,YA_VUI_Transect 5,1.9314,,16.028,1.671,5564.659,29.303,,,-2258.418,-1525.075,-4851.714,YA_VUI,Peter,Acanthuridae,Acanthurus,sp,,1,AD,Passing,
GX020045_L.MP4,6730,38.9778,YA_VUI_Transect 5,1.9976,61.133,2.263,2.727,1874.835,9.689,14.895,9.803,-138.017,-283.742,-1848.093,YA_VUI,Peter,Chaetodontidae,Chaetodon,plebeius,37365050,1,AD,Passing,
GX020045_L.MP4,6798,39.0156,YA_VUI_Transect 5,2.0354,,1.517,3.01,1471.017,19.023,,,342.335,-336.515,-1390.488,YA_VUI,Peter,Pomacentridae,Pomacentrus,coelestis,37372111,1,AD,Passing,
GX020045_L.MP4,6798,39.0156,YA_VUI_Transect 5,2.0354,,2.833,1.15,2115.593,21.123,,,701.831,-298.991,-1973.264,YA_VUI,Peter,Pomacentridae,Pomacentrus,coelestis,37372111,1,AD,Passing,
GX020045_L.MP4,6814,39.0245,YA_VUI_Transect 5,2.0443,202.662,6.43,3.948,2820.728,11.073,21.834,6.89,-541.661,-9.576,-2768.216,YA_VUI,Peter,Scaridae,Scarus,schlegeli,37386029,1,AD,Passing,
GX020045_L.MP4,6814,39.0245,YA_VUI_Transect 5,2.0443,181.294,14.138,8.143,3171.501,3.216,43.809,3.112,-150.327,95.187,-3166.506,YA_VUI,Peter,Scaridae,Chlorurus,spilurus,temp_code_002,1,AD,Passing,
GX020045_L.MP4,6855,39.0473,YA_VUI_Transect 5,2.0671,194.834,8.47,2.062,3126.289,20.681,27.492,13.026,-1089.899,-176.565,-2924.83,YA_VUI,Peter,Scaridae,Scarus,schlegeli,37386029,1,AD,Passing,
GX020045_L.MP4,6855,39.0473,YA_VUI_Transect 5,2.0671,159.512,6.072,4.679,2234.491,5.445,40.694,23.266,-178.576,-114.306,-2224.408,YA_VUI,Peter,Scaridae,Scarus,schlegeli,37386029,1,AD,Passing,
GX020045_L.MP4,6883,39.0629,YA_VUI_Transect 5,2.0826,31.604,1.945,3.018,1753.147,20.555,1.813,13.841,444.68,-425.613,-1641.535,YA_VUI,Peter,Pomacentridae,Pomacentrus,coelestis,37372111,1,AD,Passing,
GX020045_L.MP4,6883,39.0629,YA_VUI_Transect 5,2.0826,138.277,2.174,1.361,1519.868,18.467,25.348,13.169,388.893,-283.774,-1441.608,YA_VUI,Peter,Acanthuridae,Acanthurus,sp,,1,AD,Passing,
GX020045_L.MP4,6891,39.0674,YA_VUI_Transect 5,2.0871,114.258,8.076,5.449,2253.098,14.391,61.153,7.214,-152.072,-538.953,-2182.397,YA_VUI,Peter,Pomacanthidae,Centropyge,bicolor,37365022,1,AD,Passing,
GX020045_L.MP4,6912,39.079,YA_VUI_Transect 5,2.0988,71.193,5.524,9.859,2754.142,21.569,19.433,8.896,-812.771,-603.753,-2561.285,YA_VUI,Peter,Pomacanthidae,Centropyge,bicolor,37365022,1,AD,Passing,
GX020045_L.MP4,6912,39.079,YA_VUI_Transect 5,2.0988,,3.271,2.152,2263.008,17.746,,,-428.359,-541.906,-2155.007,YA_VUI,Peter,Pomacentridae,Pomacentrus,coelestis,37372111,1,AD,Passing,
GX020045_L.MP4,6912,39.079,YA_VUI_Transect 5,2.0988,,2.555,2.062,1955.39,16.628,,,406.011,-386.112,-1873.398,YA_VUI,Peter,Pomacentridae,Pomacentrus,coelestis,37372111,1,AD,Passing,
GX020045_L.MP4,6912,39.079,YA_VUI_Transect 5,2.0988,141.262,9.507,9.554,2468.638,16.845,67.443,7.017,-624.398,-349.15,-2362.709,YA_VUI,Peter,Scaridae,Chlorurus,spilurus,temp_code_002,1,AD,Passing,
GX020045_L.MP4,6977,39.1152,YA_VUI_Transect 5,2.1349,275.073,11.194,6.704,3334.629,21.015,45.202,29.649,-1185.311,-158.266,-3112.834,YA_VUI,Peter,Scaridae,Chlorurus,spilurus,temp_code_002,1,AD,Passing,
GX020045_L.MP4,6981,39.1174,YA_VUI_Transect 5,2.1371,,3.185,4.825,2199.005,14.713,,,329.256,449.876,-2127.164,YA_VUI,Peter,Pomacentridae,Chromis,viridis,37372053,1,AD,Passing,
GX020045_L.MP4,6981,39.1174,YA_VUI_Transect 5,2.1371,,4.231,3.429,2588.813,19.168,,,680.661,507.702,-2445.587,YA_VUI,Peter,Pomacentridae,Chromis,viridis,37372053,1,AD,Passing,
GX020045_L.MP4,6981,39.1174,YA_VUI_Transect 5,2.1371,,3.119,1.205,2188.537,17.426,,,539.201,371.374,-2088.31,YA_VUI,Peter,Pomacentridae,Chromis,viridis,37372053,1,AD,Passing,
GX020045_L.MP4,6981,39.1174,YA_VUI_Transect 5,2.1371,,3.973,5.447,2490.748,17.826,,,582.681,490.394,-2371.46,YA_VUI,Peter,Pomacentridae,Chromis,viridis,37372053,1,AD,Passing,
GX020045_L.MP4,6981,39.1174,YA_VUI_Transect 5,2.1371,,5.336,6.221,2928.474,20.301,,,758.053,674.953,-2746.954,YA_VUI,Peter,Pomacentridae,Chromis,viridis,37372053,1,AD,Passing,
GX020045_L.MP4,6981,39.1174,YA_VUI_Transect 5,2.1371,,4.411,6.865,2719.954,24.899,,,965.803,613.881,-2467.494,YA_VUI,Peter,Pomacentridae,Chromis,viridis,37372053,1,AD,Passing,
GX020045_L.MP4,7013,39.1352,YA_VUI_Transect 5,2.1549,88.457,1.877,2.674,2291.029,2.738,1.361,23.129,15.553,108.314,-2288.414,YA_VUI,Peter,Scaridae,Scarus,schlegeli,37386029,1,AD,Passing,
GX020045_L.MP4,7013,39.1352,YA_VUI_Transect 5,2.1549,155.347,6.901,3.545,2296.45,3.113,40.036,3.149,-89.917,-86.443,-2293.061,YA_VUI,Peter,Scaridae,Chlorurus,spilurus,temp_code_002,1,AD,Passing,
GX020045_L.MP4,7013,39.1352,YA_VUI_Transect 5,2.1549,110.505,6.698,2.361,2571.164,5.526,29.461,4.628,-16.147,247.087,-2559.213,YA_VUI,Peter,Scaridae,Chlorurus,spilurus,temp_code_002,1,AD,Passing,
GX020045_L.MP4,7013,39.1352,YA_VUI_Transect 5,2.1549,90.34,4.387,1.852,2346.325,8.878,26.415,35.724,273.133,237.771,-2318.212,YA_VUI,Peter,Scaridae,Chlorurus,spilurus,temp_code_002,1,AD,Passing,
GX020045_L.MP4,7013,39.1352,YA_VUI_Transect 5,2.1549,69.863,5.18,3.967,2352.621,9.249,42.483,48.807,252.283,281.656,-2322.035,YA_VUI,Peter,Scaridae,Chlorurus,spilurus,temp_code_002,1,AD,Passing,
GX020045_L.MP4,7068,39.1658,YA_VUI_Transect 5,2.1855,276.376,5.949,9.441,2109.683,21.907,57.327,13.538,-410.259,-671.761,-1957.341,YA_VUI,Peter,Scaridae,Scarus,sp,,1,AD,Passing,
