Filename,Frame,Time (mins),Period,Period time (mins),Length (mm),Precision (mm),RMS (mm),Range (mm),Direction (deg),Horz. Dir. (deg),Vert. Dir. (deg),Mid X (mm),Mid Y (mm),Mid Z (mm),OpCode,TapeReader,Family,Genus,Species,Code,Number,Stage,Activity,Comment,
GX010031_L.MP4,14340,7.9746,KAD_LUPE_Transect 1,0.2308,137.916,12.772,2.834,4851.181,14.238,15.582,28.169,584.334,-1040.252,-4702.168,KAD_LUPE,Peter,Mullidae,Mulloidichthys,flavolineatus,37355019,1,AD,Passing,,
GX010031_L.MP4,14340,7.9746,KAD_LUPE_Transect 1,0.2308,,11.521,0.825,4358.986,17.285,,,325.437,-1256.074,-4161.385,KAD_LUPE,Peter,Mullidae,Mulloidichthys,flavolineatus,37355019,1,AD,Passing,,
GX010031_L.MP4,14340,7.9746,KAD_LUPE_Transect 1,0.2308,,11.732,1.166,4409.183,16.838,,,241.56,-1256.602,-4219.419,KAD_LUPE,Peter,Mullidae,Mulloidichthys,flavolineatus,37355019,1,AD,Passing,,
GX010031_L.MP4,14340,7.9746,KAD_LUPE_Transect 1,0.2308,,10.789,1.026,4236.516,16.967,,,92.967,-1235.206,-4051.381,KAD_LUPE,Peter,Mullidae,Mulloidichthys,flavolineatus,37355019,1,AD,Passing,,
GX010031_L.MP4,14340,7.9746,KAD_LUPE_Transect 1,0.2308,,12.064,4.313,4489.121,16.002,,,64.463,-1238.352,-4314.456,KAD_LUPE,Peter,Mullidae,Mulloidichthys,flavolineatus,37355019,1,AD,Passing,,
GX010031_L.MP4,14340,7.9746,KAD_LUPE_Transect 1,0.2308,,12.13,1.721,4504.621,15.216,,,-18.757,-1184.652,-4346.016,KAD_LUPE,Peter,Mullidae,Mulloidichthys,flavolineatus,37355019,1,AD,Passing,,
GX010031_L.MP4,14340,7.9746,KAD_LUPE_Transect 1,0.2308,,13.171,2,4702.471,15.105,,,-102.975,-1223.761,-4539.277,KAD_LUPE,Peter,Mullidae,Mulloidichthys,flavolineatus,37355019,1,AD,Passing,,
GX010031_L.MP4,14416,8.0169,KAD_LUPE_Transect 1,0.2731,,8.551,2.745,3730.335,13.933,,,253.772,-863.715,-3620.082,KAD_LUPE,Peter,Mullidae,Mulloidichthys,flavolineatus,37355019,1,AD,Passing,,
GX010031_L.MP4,14480,8.0525,KAD_LUPE_Transect 1,0.3086,166.787,5.088,4.748,3319.269,13.952,2.669,12.533,676.972,-426.808,-3221.349,KAD_LUPE,Peter,Scaridae,Scarus,schlegeli,37386029,1,AD,Passing,,
GX010031_L.MP4,14542,8.087,KAD_LUPE_Transect 1,0.3431,308.441,18.953,4.165,6046.454,16.598,3.853,1.637,-1727.066,24.828,-5794.501,KAD_LUPE,Peter,Labridae,Bodianus,loxozonus,37384059,1,AD,Passing,,
GX010031_L.MP4,14588,8.1125,KAD_LUPE_Transect 1,0.3687,,3.302,0.688,2324.833,22.284,,,835.128,-283.672,-2151.033,KAD_LUPE,Peter,Pomacentridae,Pomacentrus,moluccensis,37372118,1,AD,Passing,,
GX010031_L.MP4,14627,8.1342,KAD_LUPE_Transect 1,0.3904,48.589,3.924,7.609,2036.46,26.144,47.351,40.623,652.049,-616.468,-1828.105,KAD_LUPE,Peter,Pomacentridae,Pomacentrus,maafu,temp_code_005,1,AD,Passing,,
GX010031_L.MP4,14803,8.2321,KAD_LUPE_Transect 1,0.4883,,7.59,3.506,3654.816,23.25,,,1357.772,-489.739,-3357.721,KAD_LUPE,Peter,Scaridae,Scarus,sp,,1,AD,Passing,,
GX010031_L.MP4,14853,8.2599,KAD_LUPE_Transect 1,0.5161,192.788,14.313,4.462,4931.593,15.415,14.281,22.759,-1296.755,-191.985,-4754.175,KAD_LUPE,Peter,Acanthuridae,Acanthurus,blochii,37437007,1,AD,Passing,,
GX010031_L.MP4,14877,8.2733,KAD_LUPE_Transect 1,0.5294,,4.147,0.098,2604.365,21.513,,,854.929,-427.158,-2422.675,KAD_LUPE,Peter,Pomacentridae,Pomacentrus,maafu,temp_code_005,1,AD,Passing,,
GX010031_L.MP4,14928,8.3016,KAD_LUPE_Transect 1,0.5578,,9.558,0.504,4355.879,25.41,,,-1848.401,274.944,-3934.654,KAD_LUPE,Peter,Scaridae,Chlorurus,spilurus,temp_code_002,1,AD,Passing,,
GX010031_L.MP4,15028,8.3572,KAD_LUPE_Transect 1,0.6134,,7.472,7.593,3779.559,31.07,,,1782.714,-793.464,-3236.884,KAD_LUPE,Peter,Labridae,Labropsis,australis,37384132,1,AD,Passing,,
GX010031_L.MP4,15035,8.3611,KAD_LUPE_Transect 1,0.6173,79.024,6.843,3.295,2927.23,18.418,22.484,13.757,757.53,-530.533,-2777.294,KAD_LUPE,Peter,Labridae,Labropsis,australis,37384132,1,AD,Passing,,
GX010031_L.MP4,15035,8.3611,KAD_LUPE_Transect 1,0.6173,126.477,3.127,4.007,2181.716,18.775,15.261,11.291,-456.924,-533.204,-2065.623,KAD_LUPE,Peter,Mullidae,Parupeneus,barberinus,37355022,1,AD,Passing,,
GX010031_L.MP4,15118,8.4073,KAD_LUPE_Transect 1,0.6634,89.543,1.667,11.3,1569.304,23.123,3.956,29.014,-457.617,-412.76,-1443.237,KAD_LUPE,Peter,Mullidae,Mulloidichthys,flavolineatus,37355019,1,AD,Passing,,
GX010031_L.MP4,15118,8.4073,KAD_LUPE_Transect 1,0.6634,88.461,2.01,15.153,1544.33,24.514,27.229,30.92,-442.409,-463.539,-1405.12,KAD_LUPE,Peter,Mullidae,Mulloidichthys,flavolineatus,37355019,1,AD,Passing,,
GX010031_L.MP4,15257,8.4846,KAD_LUPE_Transect 1,0.7407,118.793,2.71,7.169,1677.217,19.261,42.756,41.743,-484.588,-266.989,-1583.335,KAD_LUPE,Peter,Acanthuridae,Zebrasoma,scopas,37437036,1,AD,Passing,,
GX010031_L.MP4,15288,8.5018,KAD_LUPE_Transect 1,0.758,116.365,4.371,1.745,2577.284,12.612,16.148,5.364,-411.866,-383.454,-2515.099,KAD_LUPE,Peter,Zanclidae,Zanclus,cornutus,37437001,1,AD,Passing,,
GX010031_L.MP4,15330,8.5252,KAD_LUPE_Transect 1,0.7813,,1.974,5.725,1756.489,21.718,,,-595.539,-261.338,-1631.652,KAD_LUPE,Peter,Acanthuridae,Zebrasoma,scopas,37437036,1,AD,Passing,,
GX010031_L.MP4,15332,8.5263,KAD_LUPE_Transect 1,0.7824,,3.386,0.015,2334.571,17.223,,,-625.561,-295.378,-2229.719,KAD_LUPE,Peter,Scaridae,Scarus,schlegeli,37386029,1,AD,Passing,,
GX010031_L.MP4,15396,8.5619,KAD_LUPE_Transect 1,0.818,112.168,6.973,4.335,2649.08,13.113,31.553,12.94,-329.463,-502.655,-2580.003,KAD_LUPE,Peter,Chaetodontidae,Chaetodon,baronessa,37365034,1,AD,Passing,,
GX010031_L.MP4,15396,8.5619,KAD_LUPE_Transect 1,0.818,98.088,4.642,2.428,2778.496,12.202,15.39,8.071,-314.305,-496.073,-2715.726,KAD_LUPE,Peter,Chaetodontidae,Chaetodon,baronessa,37365034,1,AD,Passing,,
GX010031_L.MP4,15396,8.5619,KAD_LUPE_Transect 1,0.818,101.948,4.155,4.153,2697.648,8.612,16.094,32.233,-236.71,-327.336,-2667.231,KAD_LUPE,Peter,Scaridae,Scarus,schlegeli,37386029,1,AD,Passing,,
GX010031_L.MP4,15396,8.5619,KAD_LUPE_Transect 1,0.818,126.158,4.802,4.173,2321.159,15.28,31.65,32.023,-554.463,-258.382,-2239.105,KAD_LUPE,Peter,Nemipteridae,Scolopsis,bilineata,37347031,1,AD,Passing,,
GX010031_L.MP4,15407,8.568,KAD_LUPE_Transect 1,0.8242,90.613,4.174,2.233,2549.331,20.206,19.908,15.811,-191.403,-859.479,-2392.436,KAD_LUPE,Peter,Chaetodontidae,Chaetodon,mertensii,37365044,1,AD,Passing,,
GX010031_L.MP4,15407,8.568,KAD_LUPE_Transect 1,0.8242,,3.314,4.303,2305.8,22.17,,,-49.402,-869.963,-2134.815,KAD_LUPE,Peter,Chaetodontidae,Chaetodon,mertensii,37365044,1,AD,Passing,,
GX010031_L.MP4,15407,8.568,KAD_LUPE_Transect 1,0.8242,43.205,2.537,8.297,1967.481,23.05,15.296,38.894,-589.32,-496.099,-1810.405,KAD_LUPE,Peter,Blenniidae,Plagiotremus,flavus,temp_code_003,1,AD,Passing,,
GX010031_L.MP4,15422,8.5763,KAD_LUPE_Transect 1,0.8325,,2.586,6.851,2017.75,22.104,,,-112.723,-751.931,-1869.013,KAD_LUPE,Peter,Acanthuridae,Acanthurus,sp,,1,AD,Passing,,
GX010031_L.MP4,15428,8.5797,KAD_LUPE_Transect 1,0.8358,,2.566,4.861,2107.746,24.769,,,-878.605,-89.612,-1913.796,KAD_LUPE,Peter,Chaetodontidae,Chaetodon,pelewensis,37365049,1,AD,Passing,,
GX010031_L.MP4,15458,8.5964,KAD_LUPE_Transect 1,0.8525,,3.986,9.727,2673.668,25.114,,,-1059.089,-408.905,-2420.667,KAD_LUPE,Peter,Mullidae,Mulloidichthys,flavolineatus,37355019,1,AD,Passing,,
GX010031_L.MP4,15480,8.6086,KAD_LUPE_Transect 1,0.8648,,13.393,5.359,4749.151,12.117,,,-173.578,-984.378,-4642.769,KAD_LUPE,Peter,Mullidae,Mulloidichthys,flavolineatus,37355019,1,AD,Passing,,
GX010031_L.MP4,15480,8.6086,KAD_LUPE_Transect 1,0.8648,,13.421,0.942,4751.271,12.778,,,-164.036,-1040.682,-4632.996,KAD_LUPE,Peter,Mullidae,Mulloidichthys,flavolineatus,37355019,1,AD,Passing,,
GX010031_L.MP4,15480,8.6086,KAD_LUPE_Transect 1,0.8648,,14.036,4.964,4857.106,14.474,,,-219.556,-1196.724,-4702.247,KAD_LUPE,Peter,Mullidae,Mulloidichthys,flavolineatus,37355019,1,AD,Passing,,
GX010031_L.MP4,15480,8.6086,KAD_LUPE_Transect 1,0.8648,,14.09,3.346,4870.247,14.876,,,-60.323,-1251.628,-4706.282,KAD_LUPE,Peter,Mullidae,Mulloidichthys,flavolineatus,37355019,1,AD,Passing,,
GX010031_L.MP4,15480,8.6086,KAD_LUPE_Transect 1,0.8648,,12.925,4.973,4654.747,13.828,,,19.123,-1114.982,-4519.195,KAD_LUPE,Peter,Mullidae,Mulloidichthys,flavolineatus,37355019,1,AD,Passing,,
GX010031_L.MP4,15480,8.6086,KAD_LUPE_Transect 1,0.8648,,13.907,4.404,4828.471,13.863,,,119.598,-1153.424,-4687.157,KAD_LUPE,Peter,Mullidae,Mulloidichthys,flavolineatus,37355019,1,AD,Passing,,
GX010031_L.MP4,15480,8.6086,KAD_LUPE_Transect 1,0.8648,,14.134,5.849,4865.546,12.953,,,181.956,-1078.101,-4741.11,KAD_LUPE,Peter,Mullidae,Mulloidichthys,flavolineatus,37355019,1,AD,Passing,,
GX010031_L.MP4,15480,8.6086,KAD_LUPE_Transect 1,0.8648,,15.077,4.334,5013.443,12.212,,,371.511,-996.188,-4899.408,KAD_LUPE,Peter,Mullidae,Mulloidichthys,flavolineatus,37355019,1,AD,Passing,,
GX010031_L.MP4,15480,8.6086,KAD_LUPE_Transect 1,0.8648,,14.857,5.732,4965.104,12.573,,,446.684,-987.071,-4845.454,KAD_LUPE,Peter,Mullidae,Mulloidichthys,flavolineatus,37355019,1,AD,Passing,,
GX010031_L.MP4,15480,8.6086,KAD_LUPE_Transect 1,0.8648,,6.581,5.173,3263.647,17.383,,,170.269,-961.902,-3114.024,KAD_LUPE,Peter,Mullidae,Mulloidichthys,flavolineatus,37355019,1,AD,Passing,,
GX010031_L.MP4,15480,8.6086,KAD_LUPE_Transect 1,0.8648,,10.297,9.456,4496.831,32.916,,,2210.887,-1043.024,-3774.331,KAD_LUPE,Peter,Mullidae,Mulloidichthys,flavolineatus,37355019,1,AD,Passing,,
GX010031_L.MP4,15480,8.6086,KAD_LUPE_Transect 1,0.8648,,12.075,1.123,4790.308,30.493,,,2156.013,-1125.007,-4127.107,KAD_LUPE,Peter,Mullidae,Mulloidichthys,flavolineatus,37355019,1,AD,Passing,,
GX010031_L.MP4,15480,8.6086,KAD_LUPE_Transect 1,0.8648,,12.62,0.259,4802.285,27.808,,,1942.187,-1119.161,-4247.038,KAD_LUPE,Peter,Mullidae,Mulloidichthys,flavolineatus,37355019,1,AD,Passing,,
GX010031_L.MP4,15480,8.6086,KAD_LUPE_Transect 1,0.8648,,12.944,1.687,4927.91,29.214,,,2136.42,-1107.257,-4300.463,KAD_LUPE,Peter,Mullidae,Mulloidichthys,flavolineatus,37355019,1,AD,Passing,,
GX010031_L.MP4,15480,8.6086,KAD_LUPE_Transect 1,0.8648,,11.593,1.482,4630.033,28.289,,,1945.198,-1017.704,-4076.48,KAD_LUPE,Peter,Mullidae,Mulloidichthys,flavolineatus,37355019,1,AD,Passing,,
GX010031_L.MP4,15480,8.6086,KAD_LUPE_Transect 1,0.8648,,14.575,1.164,5208.575,27.747,,,2187.923,-1048.275,-4609.052,KAD_LUPE,Peter,Mullidae,Mulloidichthys,flavolineatus,37355019,1,AD,Passing,,
GX010031_L.MP4,15480,8.6086,KAD_LUPE_Transect 1,0.8648,,12.257,1.965,4899.499,30.692,,,2337.162,-892.287,-4212.67,KAD_LUPE,Peter,Mullidae,Mulloidichthys,flavolineatus,37355019,1,AD,Passing,,
GX010031_L.MP4,15511,8.6258,KAD_LUPE_Transect 1,0.882,,8.302,6.785,3825.432,23.616,,,-1206.077,-947.465,-3504.514,KAD_LUPE,Peter,Pomacentridae,Chromis,ternatensis,37372051,1,AD,Passing,double check,
GX010031_L.MP4,15532,8.6375,KAD_LUPE_Transect 1,0.8937,,18.69,6.726,5557.344,14.986,,,681.724,-1268.181,-5367.592,KAD_LUPE,Peter,Acanthuridae,Acanthurus,sp,,1,AD,Passing,,
GX010031_L.MP4,15582,8.6653,KAD_LUPE_Transect 1,0.9215,87.693,6.946,4.314,2540.177,21.31,40.247,13.467,256.545,-886.769,-2366.5,KAD_LUPE,Peter,Mullidae,Mulloidichthys,flavolineatus,37355019,1,AD,Passing,,
GX010031_L.MP4,15582,8.6653,KAD_LUPE_Transect 1,0.9215,95.826,2.839,4.854,3164.88,16.152,0.593,2.649,241.258,-846.704,-3039.959,KAD_LUPE,Peter,Mullidae,Mulloidichthys,flavolineatus,37355019,1,AD,Passing,,
GX010031_L.MP4,15582,8.6653,KAD_LUPE_Transect 1,0.9215,,8.894,6.32,3792.642,15.07,,,428.727,-890.151,-3661.688,KAD_LUPE,Peter,Mullidae,Mulloidichthys,flavolineatus,37355019,1,AD,Passing,,
GX010031_L.MP4,15582,8.6653,KAD_LUPE_Transect 1,0.9215,,9.969,1.843,4375,30.336,,,2031.766,-870.966,-3775.443,KAD_LUPE,Peter,Labridae,Stethojulis,sp,,1,AD,Passing,,
GX010031_L.MP4,15605,8.6781,KAD_LUPE_Transect 1,0.9343,,8.161,13.789,3931.357,32.383,,,1800.9,-1092.817,-3319.348,KAD_LUPE,Peter,Balistidae,Balistapus,undulatus,37465047,1,AD,Passing,,
GX010031_L.MP4,15820,8.7977,KAD_LUPE_Transect 1,1.0538,77.664,6.594,17.526,4267.312,12.582,8.918,19.04,-108.934,-923.198,-4164.828,KAD_LUPE,Peter,Mullidae,Mulloidichthys,flavolineatus,37355019,1,AD,Passing,,
GX010031_L.MP4,15820,8.7977,KAD_LUPE_Transect 1,1.0538,,13.312,5.079,4732.323,12.222,,,21.67,-1004.269,-4624.484,KAD_LUPE,Peter,Mullidae,Mulloidichthys,flavolineatus,37355019,1,AD,Passing,,
GX010031_L.MP4,15820,8.7977,KAD_LUPE_Transect 1,1.0538,,8.601,1.747,3746.209,13.6,,,212.146,-857.106,-3640.666,KAD_LUPE,Peter,Mullidae,Mulloidichthys,flavolineatus,37355019,1,AD,Passing,,
GX010031_L.MP4,15820,8.7977,KAD_LUPE_Transect 1,1.0538,,8.024,2.085,3619.643,11.146,,,195.161,-674.022,-3550.975,KAD_LUPE,Peter,Mullidae,Mulloidichthys,flavolineatus,37355019,1,AD,Passing,,
GX010031_L.MP4,15820,8.7977,KAD_LUPE_Transect 1,1.0538,,8.42,6.758,3720,11.023,,,114.289,-704.147,-3650.961,KAD_LUPE,Peter,Mullidae,Mulloidichthys,flavolineatus,37355019,1,AD,Passing,,
GX010031_L.MP4,15820,8.7977,KAD_LUPE_Transect 1,1.0538,,10.65,2.718,4222.64,10.158,,,15.074,-746.966,-4156.02,KAD_LUPE,Peter,Mullidae,Mulloidichthys,flavolineatus,37355019,1,AD,Passing,,
GX010031_L.MP4,15820,8.7977,KAD_LUPE_Transect 1,1.0538,,8.8,3.867,3820.689,10.214,,,-181.96,-654.836,-3759.753,KAD_LUPE,Peter,Mullidae,Mulloidichthys,flavolineatus,37355019,1,AD,Passing,,
GX010031_L.MP4,15820,8.7977,KAD_LUPE_Transect 1,1.0538,,8.891,2.018,3836.2,11.023,,,-252.837,-690.724,-3765.024,KAD_LUPE,Peter,Mullidae,Mulloidichthys,flavolineatus,37355019,1,AD,Passing,,
GX010031_L.MP4,15820,8.7977,KAD_LUPE_Transect 1,1.0538,,8.166,2.25,3667.66,11.137,,,-228.901,-672.53,-3598.199,KAD_LUPE,Peter,Mullidae,Mulloidichthys,flavolineatus,37355019,1,AD,Passing,,
GX010031_L.MP4,15820,8.7977,KAD_LUPE_Transect 1,1.0538,,7.799,3.041,3576.048,12.109,,,-340.372,-670.548,-3496.088,KAD_LUPE,Peter,Mullidae,Mulloidichthys,flavolineatus,37355019,1,AD,Passing,,
GX010031_L.MP4,15820,8.7977,KAD_LUPE_Transect 1,1.0538,,12.638,2.758,4632.813,8.968,,,-281.606,-667.677,-4575.79,KAD_LUPE,Peter,Mullidae,Mulloidichthys,flavolineatus,37355019,1,AD,Passing,,
GX010031_L.MP4,15820,8.7977,KAD_LUPE_Transect 1,1.0538,,12.592,4.43,4614.05,9.921,,,-417.6,-679.1,-4544.655,KAD_LUPE,Peter,Mullidae,Mulloidichthys,flavolineatus,37355019,1,AD,Passing,,
GX010031_L.MP4,15820,8.7977,KAD_LUPE_Transect 1,1.0538,,10.627,2.499,4219.208,10.593,,,-453.291,-631.782,-4146.938,KAD_LUPE,Peter,Mullidae,Mulloidichthys,flavolineatus,37355019,1,AD,Passing,,
GX010031_L.MP4,15820,8.7977,KAD_LUPE_Transect 1,1.0538,,11.841,0.354,4463.774,11.294,,,-574.499,-661.462,-4376.951,KAD_LUPE,Peter,Mullidae,Mulloidichthys,flavolineatus,37355019,1,AD,Passing,,
GX010031_L.MP4,15820,8.7977,KAD_LUPE_Transect 1,1.0538,,14.465,2.139,4957.543,10.571,,,-587.975,-696.658,-4873.006,KAD_LUPE,Peter,Mullidae,Mulloidichthys,flavolineatus,37355019,1,AD,Passing,,
GX010031_L.MP4,15820,8.7977,KAD_LUPE_Transect 1,1.0538,,12.68,10.185,4630.276,11.125,,,-618.786,-647.14,-4542.881,KAD_LUPE,Peter,Mullidae,Mulloidichthys,flavolineatus,37355019,1,AD,Passing,,
GX010031_L.MP4,15820,8.7977,KAD_LUPE_Transect 1,1.0538,,13.638,1.989,4818.237,9.472,,,-483.217,-631.444,-4752.177,KAD_LUPE,Peter,Mullidae,Mulloidichthys,flavolineatus,37355019,1,AD,Passing,,
GX010031_L.MP4,15820,8.7977,KAD_LUPE_Transect 1,1.0538,,12.646,1.331,4625.882,10.07,,,-491.314,-645.162,-4554.246,KAD_LUPE,Peter,Mullidae,Mulloidichthys,flavolineatus,37355019,1,AD,Passing,,
GX010031_L.MP4,15820,8.7977,KAD_LUPE_Transect 1,1.0538,,6.574,0.955,3265.694,13.911,,,-122.339,-777.381,-3169.459,KAD_LUPE,Peter,Mullidae,Mulloidichthys,flavolineatus,37355019,1,AD,Passing,,
GX010031_L.MP4,15820,8.7977,KAD_LUPE_Transect 1,1.0538,,31.177,0.317,7366.785,7.993,,,580.857,-848.021,-7294.723,KAD_LUPE,Peter,Mullidae,Mulloidichthys,flavolineatus,37355019,1,AD,Passing,,
GX010031_L.MP4,15820,8.7977,KAD_LUPE_Transect 1,1.0538,,28.872,0.732,7062.015,8.592,,,611.566,-863.782,-6982.258,KAD_LUPE,Peter,Mullidae,Mulloidichthys,flavolineatus,37355019,1,AD,Passing,,
GX010031_L.MP4,15820,8.7977,KAD_LUPE_Transect 1,1.0538,,17.882,4.53,5557.972,7.367,,,277.107,-659.838,-5511.704,KAD_LUPE,Peter,Mullidae,Mulloidichthys,flavolineatus,37355019,1,AD,Passing,,
GX010031_L.MP4,15820,8.7977,KAD_LUPE_Transect 1,1.0538,,11.362,1.661,4367.191,8.152,,,353.408,-511.008,-4322.769,KAD_LUPE,Peter,Mullidae,Mulloidichthys,flavolineatus,37355019,1,AD,Passing,,
GX010031_L.MP4,15820,8.7977,KAD_LUPE_Transect 1,1.0538,,18.575,4.307,5635.168,8.537,,,408.05,-733.537,-5572.301,KAD_LUPE,Peter,Mullidae,Mulloidichthys,flavolineatus,37355019,1,AD,Passing,,
GX010031_L.MP4,15820,8.7977,KAD_LUPE_Transect 1,1.0538,,11.776,1.001,4441.548,8.665,,,396.554,-541.593,-4390.532,KAD_LUPE,Peter,Mullidae,Mulloidichthys,flavolineatus,37355019,1,AD,Passing,,
GX010031_L.MP4,15820,8.7977,KAD_LUPE_Transect 1,1.0538,,12.355,4.103,4580.436,8.233,,,94.297,-651.723,-4532.854,KAD_LUPE,Peter,Mullidae,Mulloidichthys,flavolineatus,37355019,1,AD,Passing,,
GX010031_L.MP4,15820,8.7977,KAD_LUPE_Transect 1,1.0538,,14.137,2.339,4923.308,7.708,,,99.242,-655.702,-4878.439,KAD_LUPE,Peter,Mullidae,Mulloidichthys,flavolineatus,37355019,1,AD,Passing,,
GX010031_L.MP4,15820,8.7977,KAD_LUPE_Transect 1,1.0538,,13.695,4.905,4845.778,7.774,,,12.248,-658.154,-4800.859,KAD_LUPE,Peter,Mullidae,Mulloidichthys,flavolineatus,37355019,1,AD,Passing,,
GX010031_L.MP4,15820,8.7977,KAD_LUPE_Transect 1,1.0538,,12.49,0.989,4616.422,7.935,,,-34.078,-639.098,-4571.843,KAD_LUPE,Peter,Mullidae,Mulloidichthys,flavolineatus,37355019,1,AD,Passing,,
GX010031_L.MP4,15820,8.7977,KAD_LUPE_Transect 1,1.0538,,12.424,1.968,4599.774,8.306,,,-68.124,-663.621,-4551.142,KAD_LUPE,Peter,Mullidae,Mulloidichthys,flavolineatus,37355019,1,AD,Passing,,
GX010031_L.MP4,15820,8.7977,KAD_LUPE_Transect 1,1.0538,,10.802,3.668,4252.781,9.235,,,156.932,-666.709,-4197.263,KAD_LUPE,Peter,Mullidae,Mulloidichthys,flavolineatus,37355019,1,AD,Passing,,
GX010031_L.MP4,15820,8.7977,KAD_LUPE_Transect 1,1.0538,,14.538,3.083,4922.28,11.123,,,443.922,-842.292,-4829.319,KAD_LUPE,Peter,Mullidae,Mulloidichthys,flavolineatus,37355019,1,AD,Passing,,
GX010031_L.MP4,15820,8.7977,KAD_LUPE_Transect 1,1.0538,,11.487,4.443,4383.978,9.582,,,220.707,-698.074,-4322.412,KAD_LUPE,Peter,Mullidae,Mulloidichthys,flavolineatus,37355019,1,AD,Passing,,
GX010031_L.MP4,15820,8.7977,KAD_LUPE_Transect 1,1.0538,,14.715,3.054,4978.464,9.481,,,381.183,-728.989,-4910.029,KAD_LUPE,Peter,Mullidae,Mulloidichthys,flavolineatus,37355019,1,AD,Passing,,
GX010031_L.MP4,15820,8.7977,KAD_LUPE_Transect 1,1.0538,,18.068,2.288,5513.657,10.368,,,563.504,-819.928,-5423.154,KAD_LUPE,Peter,Mullidae,Mulloidichthys,flavolineatus,37355019,1,AD,Passing,,
GX010031_L.MP4,15820,8.7977,KAD_LUPE_Transect 1,1.0538,,19.786,7.82,5759.443,11.292,,,695.364,-891.194,-5647.426,KAD_LUPE,Peter,Mullidae,Mulloidichthys,flavolineatus,37355019,1,AD,Passing,,
GX010031_L.MP4,15820,8.7977,KAD_LUPE_Transect 1,1.0538,,18.119,5.754,5508.89,11.059,,,658.111,-829.892,-5406.111,KAD_LUPE,Peter,Mullidae,Mulloidichthys,flavolineatus,37355019,1,AD,Passing,,
GX010031_L.MP4,15820,8.7977,KAD_LUPE_Transect 1,1.0538,,18.07,7.164,5509.925,10.554,,,637.886,-785.242,-5416.25,KAD_LUPE,Peter,Mullidae,Mulloidichthys,flavolineatus,37355019,1,AD,Passing,,
GX010031_L.MP4,15820,8.7977,KAD_LUPE_Transect 1,1.0538,,17.907,3.229,5471.872,11.309,,,626.499,-874.319,-5365.114,KAD_LUPE,Peter,Mullidae,Mulloidichthys,flavolineatus,37355019,1,AD,Passing,,
GX010031_L.MP4,15820,8.7977,KAD_LUPE_Transect 1,1.0538,,16.637,6.739,5249.688,12.847,,,743.987,-902.459,-5117.741,KAD_LUPE,Peter,Mullidae,Mulloidichthys,flavolineatus,37355019,1,AD,Passing,,
GX010031_L.MP4,15820,8.7977,KAD_LUPE_Transect 1,1.0538,,11.77,3.382,4391.099,12.927,,,555.39,-812.745,-4279.338,KAD_LUPE,Peter,Mullidae,Mulloidichthys,flavolineatus,37355019,1,AD,Passing,,
GX010031_L.MP4,15820,8.7977,KAD_LUPE_Transect 1,1.0538,,8.721,0.559,3754.62,14.967,,,418.59,-876.83,-3626.723,KAD_LUPE,Peter,Mullidae,Mulloidichthys,flavolineatus,37355019,1,AD,Passing,,
GX010031_L.MP4,15820,8.7977,KAD_LUPE_Transect 1,1.0538,,9.321,2.194,3880.291,15.97,,,613.591,-875.839,-3730.022,KAD_LUPE,Peter,Mullidae,Mulloidichthys,flavolineatus,37355019,1,AD,Passing,,
GX010031_L.MP4,15820,8.7977,KAD_LUPE_Transect 1,1.0538,,12.998,5.633,4607.507,15.904,,,763.067,-1008.45,-4430.562,KAD_LUPE,Peter,Mullidae,Mulloidichthys,flavolineatus,37355019,1,AD,Passing,,
GX010031_L.MP4,15820,8.7977,KAD_LUPE_Transect 1,1.0538,,12.024,2.721,4429.172,14.733,,,653.905,-919.679,-4283.009,KAD_LUPE,Peter,Mullidae,Mulloidichthys,flavolineatus,37355019,1,AD,Passing,,
GX010031_L.MP4,15820,8.7977,KAD_LUPE_Transect 1,1.0538,,11.965,3.063,4420.396,16.26,,,838.396,-913.01,-4243.042,KAD_LUPE,Peter,Mullidae,Mulloidichthys,flavolineatus,37355019,1,AD,Passing,,
GX010031_L.MP4,15820,8.7977,KAD_LUPE_Transect 1,1.0538,,11.016,2.337,4238.124,16.039,,,815.705,-842.495,-4072.655,KAD_LUPE,Peter,Mullidae,Mulloidichthys,flavolineatus,37355019,1,AD,Passing,,
GX010031_L.MP4,15820,8.7977,KAD_LUPE_Transect 1,1.0538,,12.315,7.203,4496.763,17.18,,,971.346,-908.439,-4295.591,KAD_LUPE,Peter,Mullidae,Mulloidichthys,flavolineatus,37355019,1,AD,Passing,,
GX010031_L.MP4,15820,8.7977,KAD_LUPE_Transect 1,1.0538,,17.079,5.492,5317.099,15.033,,,1014.889,-936.841,-5134.576,KAD_LUPE,Peter,Mullidae,Mulloidichthys,flavolineatus,37355019,1,AD,Passing,,
GX010031_L.MP4,15820,8.7977,KAD_LUPE_Transect 1,1.0538,,18.622,4.68,5570.711,16.381,,,1231.619,-978.533,-5344.007,KAD_LUPE,Peter,Mullidae,Mulloidichthys,flavolineatus,37355019,1,AD,Passing,,
GX010031_L.MP4,15820,8.7977,KAD_LUPE_Transect 1,1.0538,,18.156,1.128,5497.861,17.135,,,1250.153,-1033.024,-5253.232,KAD_LUPE,Peter,Mullidae,Mulloidichthys,flavolineatus,37355019,1,AD,Passing,,
GX010031_L.MP4,15820,8.7977,KAD_LUPE_Transect 1,1.0538,,18.813,3.957,5594.921,14.486,,,1069.412,-906.034,-5416.512,KAD_LUPE,Peter,Mullidae,Mulloidichthys,flavolineatus,37355019,1,AD,Passing,,
GX010031_L.MP4,15820,8.7977,KAD_LUPE_Transect 1,1.0538,,17.671,2.735,5419.397,13.22,,,904.112,-850.787,-5275.283,KAD_LUPE,Peter,Mullidae,Mulloidichthys,flavolineatus,37355019,1,AD,Passing,,
GX010031_L.MP4,15820,8.7977,KAD_LUPE_Transect 1,1.0538,,17.913,3.923,5466.773,12.248,,,845.141,-797.247,-5341.886,KAD_LUPE,Peter,Mullidae,Mulloidichthys,flavolineatus,37355019,1,AD,Passing,,
GX010031_L.MP4,15820,8.7977,KAD_LUPE_Transect 1,1.0538,,20.206,5.55,5809.306,12.944,,,967.813,-873.192,-5661.175,KAD_LUPE,Peter,Mullidae,Mulloidichthys,flavolineatus,37355019,1,AD,Passing,,
GX010031_L.MP4,15820,8.7977,KAD_LUPE_Transect 1,1.0538,,22.073,5.515,6126.261,10.72,,,946.002,-638.768,-6018.981,KAD_LUPE,Peter,Mullidae,Mulloidichthys,flavolineatus,37355019,1,AD,Passing,,
GX010031_L.MP4,15820,8.7977,KAD_LUPE_Transect 1,1.0538,,21.651,11.309,6056.029,11.45,,,999.259,-671.917,-5935.107,KAD_LUPE,Peter,Mullidae,Mulloidichthys,flavolineatus,37355019,1,AD,Passing,,
GX010031_L.MP4,15820,8.7977,KAD_LUPE_Transect 1,1.0538,,19.784,4.357,5794.881,9.999,,,792.928,-622.753,-5706.495,KAD_LUPE,Peter,Mullidae,Mulloidichthys,flavolineatus,37355019,1,AD,Passing,,
GX010031_L.MP4,15820,8.7977,KAD_LUPE_Transect 1,1.0538,,20.962,9.401,5952.096,11.093,,,907.751,-701.569,-5840.482,KAD_LUPE,Peter,Mullidae,Mulloidichthys,flavolineatus,37355019,1,AD,Passing,,
GX010031_L.MP4,15820,8.7977,KAD_LUPE_Transect 1,1.0538,,20.862,11.473,5940.575,10.495,,,811.073,-719.763,-5840.765,KAD_LUPE,Peter,Mullidae,Mulloidichthys,flavolineatus,37355019,1,AD,Passing,,
GX010031_L.MP4,15820,8.7977,KAD_LUPE_Transect 1,1.0538,,20.948,5.896,5941.365,11.144,,,855.829,-769.083,-5828.884,KAD_LUPE,Peter,Mullidae,Mulloidichthys,flavolineatus,37355019,1,AD,Passing,,
GX010031_L.MP4,15820,8.7977,KAD_LUPE_Transect 1,1.0538,,20.221,4.736,5844.78,10.328,,,735.042,-750.23,-5749.637,KAD_LUPE,Peter,Mullidae,Mulloidichthys,flavolineatus,37355019,1,AD,Passing,,
GX010031_L.MP4,15820,8.7977,KAD_LUPE_Transect 1,1.0538,,19.465,4.669,5715.046,11.277,,,782.514,-801.147,-5604.247,KAD_LUPE,Peter,Mullidae,Mulloidichthys,flavolineatus,37355019,1,AD,Passing,,
GX010031_L.MP4,15820,8.7977,KAD_LUPE_Transect 1,1.0538,,17.529,2.426,5413.286,12.009,,,855.289,-735.984,-5294.381,KAD_LUPE,Peter,Mullidae,Mulloidichthys,flavolineatus,37355019,1,AD,Passing,,
GX010031_L.MP4,15820,8.7977,KAD_LUPE_Transect 1,1.0538,,16.416,0.414,5236.855,12.725,,,931.412,-683.555,-5107.824,KAD_LUPE,Peter,Mullidae,Mulloidichthys,flavolineatus,37355019,1,AD,Passing,,
GX010031_L.MP4,15820,8.7977,KAD_LUPE_Transect 1,1.0538,,20.655,6.508,5903.014,12.175,,,1031.858,-699.84,-5769.841,KAD_LUPE,Peter,Mullidae,Mulloidichthys,flavolineatus,37355019,1,AD,Passing,,
GX010031_L.MP4,15820,8.7977,KAD_LUPE_Transect 1,1.0538,,21.686,6.091,6036.719,13.816,,,1181.354,-829.546,-5861.589,KAD_LUPE,Peter,Mullidae,Mulloidichthys,flavolineatus,37355019,1,AD,Passing,,
GX010031_L.MP4,15820,8.7977,KAD_LUPE_Transect 1,1.0538,,17.986,2.216,5477.736,14.298,,,1080.628,-816.914,-5307.588,KAD_LUPE,Peter,Mullidae,Mulloidichthys,flavolineatus,37355019,1,AD,Passing,,
GX010031_L.MP4,15820,8.7977,KAD_LUPE_Transect 1,1.0538,,20.302,3.207,5828.846,15.196,,,1232.746,-905.963,-5624.502,KAD_LUPE,Peter,Mullidae,Mulloidichthys,flavolineatus,37355019,1,AD,Passing,,
GX010031_L.MP4,15820,8.7977,KAD_LUPE_Transect 1,1.0538,,16.868,5.899,5314.838,15.869,,,1217.219,-797.056,-5111.808,KAD_LUPE,Peter,Mullidae,Mulloidichthys,flavolineatus,37355019,1,AD,Passing,,
GX010031_L.MP4,15820,8.7977,KAD_LUPE_Transect 1,1.0538,,19.974,6.65,5799.739,15.477,,,1315.047,-819.37,-5588.941,KAD_LUPE,Peter,Mullidae,Mulloidichthys,flavolineatus,37355019,1,AD,Passing,,
GX010031_L.MP4,15820,8.7977,KAD_LUPE_Transect 1,1.0538,,20.184,1.698,5838.437,14.818,,,1294.316,-747.828,-5643.832,KAD_LUPE,Peter,Mullidae,Mulloidichthys,flavolineatus,37355019,1,AD,Passing,,
GX010031_L.MP4,15820,8.7977,KAD_LUPE_Transect 1,1.0538,,17.2,0.182,5381.569,15.788,,,1267.691,-735.824,-5178.109,KAD_LUPE,Peter,Mullidae,Mulloidichthys,flavolineatus,37355019,1,AD,Passing,,
GX010031_L.MP4,15820,8.7977,KAD_LUPE_Transect 1,1.0538,,11.395,1.517,4364.155,20.841,,,1210.832,-974.369,-4078.031,KAD_LUPE,Peter,Mullidae,Mulloidichthys,flavolineatus,37355019,1,AD,Passing,,
GX010031_L.MP4,15820,8.7977,KAD_LUPE_Transect 1,1.0538,,12.147,2.333,4510.408,20.501,,,1251.616,-966.168,-4224.188,KAD_LUPE,Peter,Mullidae,Mulloidichthys,flavolineatus,37355019,1,AD,Passing,,
GX010031_L.MP4,15820,8.7977,KAD_LUPE_Transect 1,1.0538,,18.88,8.027,5648.615,19.282,,,1526.822,-1074.541,-5331.138,KAD_LUPE,Peter,Mullidae,Mulloidichthys,flavolineatus,37355019,1,AD,Passing,,
GX010031_L.MP4,15820,8.7977,KAD_LUPE_Transect 1,1.0538,,16.306,5.064,5244.67,18.619,,,1405.403,-913.207,-4969.654,KAD_LUPE,Peter,Mullidae,Mulloidichthys,flavolineatus,37355019,1,AD,Passing,,
GX010031_L.MP4,15820,8.7977,KAD_LUPE_Transect 1,1.0538,,17.524,7.359,5429.088,17.795,,,1380.359,-923.601,-5168.807,KAD_LUPE,Peter,Mullidae,Mulloidichthys,flavolineatus,37355019,1,AD,Passing,,
GX010031_L.MP4,15820,8.7977,KAD_LUPE_Transect 1,1.0538,,17.3,3.397,5401.084,17.228,,,1368.259,-831.691,-5158.281,KAD_LUPE,Peter,Mullidae,Mulloidichthys,flavolineatus,37355019,1,AD,Passing,,
GX010031_L.MP4,15820,8.7977,KAD_LUPE_Transect 1,1.0538,,12.624,4.043,4633.645,22.365,,,1416.144,-1052.78,-4284.491,KAD_LUPE,Peter,Mullidae,Mulloidichthys,flavolineatus,37355019,1,AD,Passing,,
GX010031_L.MP4,15820,8.7977,KAD_LUPE_Transect 1,1.0538,,16.412,1.387,5333.519,22.967,,,1741.129,-1142.918,-4910.054,KAD_LUPE,Peter,Mullidae,Mulloidichthys,flavolineatus,37355019,1,AD,Passing,,
GX010031_L.MP4,15820,8.7977,KAD_LUPE_Transect 1,1.0538,,16.504,2.893,5330.672,22.206,,,1679.665,-1115.401,-4934.64,KAD_LUPE,Peter,Mullidae,Mulloidichthys,flavolineatus,37355019,1,AD,Passing,,
GX010031_L.MP4,15820,8.7977,KAD_LUPE_Transect 1,1.0538,,14.85,4.314,5086.912,24.511,,,1719.953,-1225.625,-4627.772,KAD_LUPE,Peter,Mullidae,Mulloidichthys,flavolineatus,37355019,1,AD,Passing,,
GX010031_L.MP4,15820,8.7977,KAD_LUPE_Transect 1,1.0538,,10.258,0.329,4263.945,26.573,,,1591.623,-1053.461,-3812.897,KAD_LUPE,Peter,Mullidae,Mulloidichthys,flavolineatus,37355019,1,AD,Passing,,
GX010031_L.MP4,15820,8.7977,KAD_LUPE_Transect 1,1.0538,,19.165,3.039,5863.147,25.412,,,2174.526,-1268.691,-5295.125,KAD_LUPE,Peter,Mullidae,Mulloidichthys,flavolineatus,37355019,1,AD,Passing,,
GX010031_L.MP4,15820,8.7977,KAD_LUPE_Transect 1,1.0538,,9.923,1.778,4080.231,13.278,,,-718.931,-603.447,-3970.802,KAD_LUPE,Peter,Mullidae,Mulloidichthys,flavolineatus,37355019,1,AD,Passing,,
GX010031_L.MP4,15820,8.7977,KAD_LUPE_Transect 1,1.0538,,9.004,0.414,3890.467,14.438,,,-787.212,-568.996,-3767.264,KAD_LUPE,Peter,Mullidae,Mulloidichthys,flavolineatus,37355019,1,AD,Passing,,
GX010031_L.MP4,15820,8.7977,KAD_LUPE_Transect 1,1.0538,,10.426,0.021,4209.982,14.788,,,-900.896,-588.137,-4070.188,KAD_LUPE,Peter,Mullidae,Mulloidichthys,flavolineatus,37355019,1,AD,Passing,,
GX010031_L.MP4,15820,8.7977,KAD_LUPE_Transect 1,1.0538,,16.349,1.101,5323.514,12.806,,,-1033.116,-573.013,-5190.773,KAD_LUPE,Peter,Mullidae,Mulloidichthys,flavolineatus,37355019,1,AD,Passing,,
GX010031_L.MP4,15820,8.7977,KAD_LUPE_Transect 1,1.0538,,18.266,1.328,5642.908,12.593,,,-1092.973,-567.961,-5506.836,KAD_LUPE,Peter,Mullidae,Mulloidichthys,flavolineatus,37355019,1,AD,Passing,,
GX010031_L.MP4,15820,8.7977,KAD_LUPE_Transect 1,1.0538,,19.042,0.354,5772.998,12.919,,,-1162.651,-563.684,-5626.545,KAD_LUPE,Peter,Mullidae,Mulloidichthys,flavolineatus,37355019,1,AD,Passing,,
GX010031_L.MP4,15820,8.7977,KAD_LUPE_Transect 1,1.0538,,20.485,4.247,5993.02,12.49,,,-1167.929,-565.439,-5850.856,KAD_LUPE,Peter,Mullidae,Mulloidichthys,flavolineatus,37355019,1,AD,Passing,,
GX010031_L.MP4,15820,8.7977,KAD_LUPE_Transect 1,1.0538,,18.272,0.157,5642.475,10.932,,,-942.855,-509.292,-5539.781,KAD_LUPE,Peter,Mullidae,Mulloidichthys,flavolineatus,37355019,1,AD,Passing,,
GX010031_L.MP4,15820,8.7977,KAD_LUPE_Transect 1,1.0538,,21.915,1.83,6175.299,11.507,,,-1035.889,-670.345,-6050.776,KAD_LUPE,Peter,Mullidae,Mulloidichthys,flavolineatus,37355019,1,AD,Passing,,
GX010031_L.MP4,15820,8.7977,KAD_LUPE_Transect 1,1.0538,,18.112,2.684,5599.305,10.399,,,-826.44,-585.042,-5506.99,KAD_LUPE,Peter,Mullidae,Mulloidichthys,flavolineatus,37355019,1,AD,Passing,,
GX010031_L.MP4,15820,8.7977,KAD_LUPE_Transect 1,1.0538,,18.417,2.6,5653.211,9.461,,,-742.472,-561.974,-5575.994,KAD_LUPE,Peter,Mullidae,Mulloidichthys,flavolineatus,37355019,1,AD,Passing,,
GX010031_L.MP4,15820,8.7977,KAD_LUPE_Transect 1,1.0538,,17.386,4.879,5459.441,10.565,,,-710.848,-707.944,-5366.47,KAD_LUPE,Peter,Mullidae,Mulloidichthys,flavolineatus,37355019,1,AD,Passing,,
GX010031_L.MP4,15820,8.7977,KAD_LUPE_Transect 1,1.0538,,17.997,1.242,5563.684,10.843,,,-797.188,-681.41,-5463.95,KAD_LUPE,Peter,Mullidae,Mulloidichthys,flavolineatus,37355019,1,AD,Passing,,
GX010031_L.MP4,15820,8.7977,KAD_LUPE_Transect 1,1.0538,,17.775,0.557,5532.248,10.094,,,-717.533,-655.278,-5446.24,KAD_LUPE,Peter,Mullidae,Mulloidichthys,flavolineatus,37355019,1,AD,Passing,,
GX010031_L.MP4,15820,8.7977,KAD_LUPE_Transect 1,1.0538,,18.219,1.927,5601.414,9.743,,,-659.977,-683.705,-5520.219,KAD_LUPE,Peter,Mullidae,Mulloidichthys,flavolineatus,37355019,1,AD,Passing,,
GX010031_L.MP4,15820,8.7977,KAD_LUPE_Transect 1,1.0538,,9.095,9.2,4066.973,28.834,,,1660.508,-1045.968,-3562.152,KAD_LUPE,Peter,Mullidae,Mulloidichthys,flavolineatus,37355019,1,AD,Passing,,
GX010031_L.MP4,15820,8.7977,KAD_LUPE_Transect 1,1.0538,,9.943,5.84,4344.041,31.227,,,1974.506,-1085.309,-3714.044,KAD_LUPE,Peter,Mullidae,Mulloidichthys,flavolineatus,37355019,1,AD,Passing,,
GX010031_L.MP4,15820,8.7977,KAD_LUPE_Transect 1,1.0538,,9.374,3.413,4182.524,30.945,,,1824.019,-1141.65,-3586.516,KAD_LUPE,Peter,Mullidae,Mulloidichthys,flavolineatus,37355019,1,AD,Passing,,
GX010031_L.MP4,15820,8.7977,KAD_LUPE_Transect 1,1.0538,,10.643,2.304,4543.332,32.654,,,2169.399,-1143.788,-3824.569,KAD_LUPE,Peter,Mullidae,Mulloidichthys,flavolineatus,37355019,1,AD,Passing,,
GX010031_L.MP4,15820,8.7977,KAD_LUPE_Transect 1,1.0538,,19.437,0.378,5991.636,27.969,,,2440.596,-1395.902,-5290.997,KAD_LUPE,Peter,Mullidae,Mulloidichthys,flavolineatus,37355019,1,AD,Passing,,
GX010031_L.MP4,15820,8.7977,KAD_LUPE_Transect 1,1.0538,,18.305,0.561,5852.998,29.01,,,2480.795,-1382.276,-5117.866,KAD_LUPE,Peter,Mullidae,Mulloidichthys,flavolineatus,37355019,1,AD,Passing,,
GX010031_L.MP4,15820,8.7977,KAD_LUPE_Transect 1,1.0538,,17.952,2.3,5806.827,28.757,,,2482.773,-1283.801,-5089.886,KAD_LUPE,Peter,Mullidae,Mulloidichthys,flavolineatus,37355019,1,AD,Passing,,
GX010031_L.MP4,15820,8.7977,KAD_LUPE_Transect 1,1.0538,,19.274,1.603,5945.417,27.029,,,2368.765,-1302.67,-5295.279,KAD_LUPE,Peter,Mullidae,Mulloidichthys,flavolineatus,37355019,1,AD,Passing,,
GX010031_L.MP4,15820,8.7977,KAD_LUPE_Transect 1,1.0538,,18.969,1.508,5906.548,26.948,,,2371.177,-1245.034,-5264.477,KAD_LUPE,Peter,Mullidae,Mulloidichthys,flavolineatus,37355019,1,AD,Passing,,
GX010031_L.MP4,15820,8.7977,KAD_LUPE_Transect 1,1.0538,,18.238,6.487,5793.001,26.86,,,2330.852,-1193.63,-5167.324,KAD_LUPE,Peter,Mullidae,Mulloidichthys,flavolineatus,37355019,1,AD,Passing,,
GX010031_L.MP4,15820,8.7977,KAD_LUPE_Transect 1,1.0538,,15.022,2.474,5269.194,27.14,,,2165.623,-1045.63,-4688.405,KAD_LUPE,Peter,Mullidae,Mulloidichthys,flavolineatus,37355019,1,AD,Passing,,
GX010031_L.MP4,15820,8.7977,KAD_LUPE_Transect 1,1.0538,,17.022,0.014,5607.981,26.761,,,2282.592,-1082.629,-5006.709,KAD_LUPE,Peter,Mullidae,Mulloidichthys,flavolineatus,37355019,1,AD,Passing,,
GX010031_L.MP4,15820,8.7977,KAD_LUPE_Transect 1,1.0538,,16.689,1.997,5532.566,25.945,,,2199.613,-1013.285,-4974.358,KAD_LUPE,Peter,Mullidae,Mulloidichthys,flavolineatus,37355019,1,AD,Passing,,
GX010031_L.MP4,15820,8.7977,KAD_LUPE_Transect 1,1.0538,,16.85,0.265,5626.764,28.321,,,2407.3,-1156.477,-4952.569,KAD_LUPE,Peter,Mullidae,Mulloidichthys,flavolineatus,37355019,1,AD,Passing,,
GX010031_L.MP4,15820,8.7977,KAD_LUPE_Transect 1,1.0538,,17.607,2.055,5729.821,27.67,,,2395.107,-1162.03,-5073.854,KAD_LUPE,Peter,Mullidae,Mulloidichthys,flavolineatus,37355019,1,AD,Passing,,
GX010031_L.MP4,15820,8.7977,KAD_LUPE_Transect 1,1.0538,,16.383,4.59,5584.731,28.969,,,2468.626,-1108.463,-4885.326,KAD_LUPE,Peter,Mullidae,Mulloidichthys,flavolineatus,37355019,1,AD,Passing,,
GX010031_L.MP4,15820,8.7977,KAD_LUPE_Transect 1,1.0538,,15.967,1.103,5525.134,29.027,,,2465.46,-1055.933,-4830.488,KAD_LUPE,Peter,Mullidae,Mulloidichthys,flavolineatus,37355019,1,AD,Passing,,
GX010031_L.MP4,15820,8.7977,KAD_LUPE_Transect 1,1.0538,,19.537,1.742,5966.857,25.706,,,2315.372,-1159.605,-5375.662,KAD_LUPE,Peter,Mullidae,Mulloidichthys,flavolineatus,37355019,1,AD,Passing,,
GX010031_L.MP4,15820,8.7977,KAD_LUPE_Transect 1,1.0538,,20.539,5.717,6111.283,25.707,,,2353.471,-1223.116,-5505.719,KAD_LUPE,Peter,Mullidae,Mulloidichthys,flavolineatus,37355019,1,AD,Passing,,
GX010031_L.MP4,15820,8.7977,KAD_LUPE_Transect 1,1.0538,,15.983,0.523,5354.968,25.353,,,2006.892,-1111.982,-4838.55,KAD_LUPE,Peter,Mullidae,Mulloidichthys,flavolineatus,37355019,1,AD,Passing,,
GX010031_L.MP4,15820,8.7977,KAD_LUPE_Transect 1,1.0538,,17.885,5.026,5644.976,24.59,,,2047.04,-1155.076,-5132.366,KAD_LUPE,Peter,Mullidae,Mulloidichthys,flavolineatus,37355019,1,AD,Passing,,
GX010031_L.MP4,15820,8.7977,KAD_LUPE_Transect 1,1.0538,,18.423,2.874,5746.025,24.642,,,2117.589,-1123.568,-5222.089,KAD_LUPE,Peter,Mullidae,Mulloidichthys,flavolineatus,37355019,1,AD,Passing,,
GX010031_L.MP4,15820,8.7977,KAD_LUPE_Transect 1,1.0538,,17.007,4.455,5469.31,23.475,,,1890.027,-1086.617,-5016.015,KAD_LUPE,Peter,Mullidae,Mulloidichthys,flavolineatus,37355019,1,AD,Passing,,
GX010031_L.MP4,15820,8.7977,KAD_LUPE_Transect 1,1.0538,,22.022,3.783,6246.322,23.396,,,2175.624,-1194.325,-5732.084,KAD_LUPE,Peter,Mullidae,Mulloidichthys,flavolineatus,37355019,1,AD,Passing,,
GX010031_L.MP4,15820,8.7977,KAD_LUPE_Transect 1,1.0538,,17.447,5.206,5545.499,23.049,,,1917.141,-1022.001,-5102.219,KAD_LUPE,Peter,Mullidae,Mulloidichthys,flavolineatus,37355019,1,AD,Passing,,
GX010031_L.MP4,15820,8.7977,KAD_LUPE_Transect 1,1.0538,,20.747,3.34,6078.491,23.393,,,2155.269,-1089.186,-5578.221,KAD_LUPE,Peter,Mullidae,Mulloidichthys,flavolineatus,37355019,1,AD,Passing,,
GX010031_L.MP4,15820,8.7977,KAD_LUPE_Transect 1,1.0538,,19.191,3.079,5774.742,21.977,,,1862.743,-1098.828,-5354.476,KAD_LUPE,Peter,Mullidae,Mulloidichthys,flavolineatus,37355019,1,AD,Passing,,
GX010031_L.MP4,15820,8.7977,KAD_LUPE_Transect 1,1.0538,,19.666,2.923,5873.402,22.453,,,1968.462,-1078.866,-5427.528,KAD_LUPE,Peter,Mullidae,Mulloidichthys,flavolineatus,37355019,1,AD,Passing,,
GX010031_L.MP4,15820,8.7977,KAD_LUPE_Transect 1,1.0538,,18.514,5.11,5704.261,22.266,,,1924.514,-986.95,-5278.33,KAD_LUPE,Peter,Mullidae,Mulloidichthys,flavolineatus,37355019,1,AD,Passing,,
GX010031_L.MP4,15820,8.7977,KAD_LUPE_Transect 1,1.0538,,21.51,3.648,6145.415,22.149,,,2045.26,-1091.861,-5691.298,KAD_LUPE,Peter,Mullidae,Mulloidichthys,flavolineatus,37355019,1,AD,Passing,,
GX010031_L.MP4,15820,8.7977,KAD_LUPE_Transect 1,1.0538,,18.106,4.524,5553.708,17.873,,,1506.521,-800.277,-5285.227,KAD_LUPE,Peter,Mullidae,Mulloidichthys,flavolineatus,37355019,1,AD,Passing,,
GX010031_L.MP4,15820,8.7977,KAD_LUPE_Transect 1,1.0538,,22.933,5.257,6294.83,18.615,,,1814.08,-867.672,-5964.993,KAD_LUPE,Peter,Mullidae,Mulloidichthys,flavolineatus,37355019,1,AD,Passing,,
GX010031_L.MP4,15820,8.7977,KAD_LUPE_Transect 1,1.0538,,22.311,0.031,6167.65,16.817,,,1578.852,-834.968,-5903.386,KAD_LUPE,Peter,Mullidae,Mulloidichthys,flavolineatus,37355019,1,AD,Passing,,
GX010031_L.MP4,15820,8.7977,KAD_LUPE_Transect 1,1.0538,,17.621,2.073,5462.113,17.519,,,1426.113,-821.367,-5208.286,KAD_LUPE,Peter,Mullidae,Mulloidichthys,flavolineatus,37355019,1,AD,Passing,,
GX010031_L.MP4,15820,8.7977,KAD_LUPE_Transect 1,1.0538,,18.162,5.363,5557.067,18.343,,,1518.255,-871.072,-5274.194,KAD_LUPE,Peter,Mullidae,Mulloidichthys,flavolineatus,37355019,1,AD,Passing,,
GX010031_L.MP4,15820,8.7977,KAD_LUPE_Transect 1,1.0538,,21.812,6.921,6121.741,18.901,,,1750.889,-934.347,-5791.123,KAD_LUPE,Peter,Mullidae,Mulloidichthys,flavolineatus,37355019,1,AD,Passing,,
GX010031_L.MP4,15820,8.7977,KAD_LUPE_Transect 1,1.0538,,20.346,1.384,5898.224,19.473,,,1689.644,-1008.929,-5560.234,KAD_LUPE,Peter,Mullidae,Mulloidichthys,flavolineatus,37355019,1,AD,Passing,,
GX010031_L.MP4,15820,8.7977,KAD_LUPE_Transect 1,1.0538,,15.629,5.81,5179.596,20.826,,,1590.013,-931.825,-4840.638,KAD_LUPE,Peter,Mullidae,Mulloidichthys,flavolineatus,37355019,1,AD,Passing,,
GX010031_L.MP4,15820,8.7977,KAD_LUPE_Transect 1,1.0538,,21.902,1.305,6149.261,20.959,,,1885.297,-1136.417,-5741.744,KAD_LUPE,Peter,Mullidae,Mulloidichthys,flavolineatus,37355019,1,AD,Passing,,
GX010031_L.MP4,15820,8.7977,KAD_LUPE_Transect 1,1.0538,,21.25,1.281,6062.147,20.832,,,1870.272,-1075.563,-5665.233,KAD_LUPE,Peter,Mullidae,Mulloidichthys,flavolineatus,37355019,1,AD,Passing,,
GX010031_L.MP4,15820,8.7977,KAD_LUPE_Transect 1,1.0538,,20.27,2.779,5924.961,20.661,,,1836.888,-1001.41,-5543.301,KAD_LUPE,Peter,Mullidae,Mulloidichthys,flavolineatus,37355019,1,AD,Passing,,
GX010031_L.MP4,15820,8.7977,KAD_LUPE_Transect 1,1.0538,,21.006,1.408,6056.789,21.207,,,1949.407,-1003.295,-5646.052,KAD_LUPE,Peter,Mullidae,Mulloidichthys,flavolineatus,37355019,1,AD,Passing,,
GX010031_L.MP4,15820,8.7977,KAD_LUPE_Transect 1,1.0538,,18.909,1.952,5733.521,20.698,,,1810.617,-913.121,-5362.941,KAD_LUPE,Peter,Mullidae,Mulloidichthys,flavolineatus,37355019,1,AD,Passing,,
GX010031_L.MP4,15820,8.7977,KAD_LUPE_Transect 1,1.0538,,18.872,1.055,5704.934,20.04,,,1725.969,-921.162,-5358.989,KAD_LUPE,Peter,Mullidae,Mulloidichthys,flavolineatus,37355019,1,AD,Passing,,
GX010031_L.MP4,15983,8.8883,KAD_LUPE_Transect 1,1.1445,95.493,2.732,2.894,2989.551,18.27,2.602,4.539,-246.425,-904.25,-2838.842,KAD_LUPE,Peter,Mullidae,Mulloidichthys,flavolineatus,37355019,1,AD,Passing,measurement for school,
GX010031_L.MP4,15983,8.8883,KAD_LUPE_Transect 1,1.1445,82.543,2.475,5.351,3092.395,18.219,2.318,2.88,-100.322,-961.594,-2937.376,KAD_LUPE,Peter,Mullidae,Mulloidichthys,flavolineatus,37355019,1,AD,Passing,measurement for school,
GX010031_L.MP4,15983,8.8883,KAD_LUPE_Transect 1,1.1445,97.526,5.911,3.842,3046.145,20.386,20.78,4.612,-13.466,-1060.999,-2855.363,KAD_LUPE,Peter,Mullidae,Mulloidichthys,flavolineatus,37355019,1,AD,Passing,measurement for school,
GX010031_L.MP4,15983,8.8883,KAD_LUPE_Transect 1,1.1445,85.847,2.588,3.73,3054.041,21.023,4.146,5.207,-110.756,-1089.982,-2850.761,KAD_LUPE,Peter,Mullidae,Mulloidichthys,flavolineatus,37355019,1,AD,Passing,measurement for school,
GX010031_L.MP4,15983,8.8883,KAD_LUPE_Transect 1,1.1445,81.956,3.994,8.486,3123.007,21.218,5.681,7.295,-524.02,-1001.482,-2911.29,KAD_LUPE,Peter,Mullidae,Mulloidichthys,flavolineatus,37355019,1,AD,Passing,measurement for school,
GX010031_L.MP4,16040,8.92,KAD_LUPE_Transect 1,1.1762,104.52,8.988,1.319,2916.834,21.757,37.997,3.867,673.377,-845.872,-2709.056,KAD_LUPE,Peter,Mullidae,Mulloidichthys,flavolineatus,37355019,1,AD,Passing,measurement for school,
GX010031_L.MP4,16040,8.92,KAD_LUPE_Transect 1,1.1762,89.235,3.474,3.408,2704.886,20.934,6.624,0.245,513.895,-818.497,-2526.338,KAD_LUPE,Peter,Mullidae,Mulloidichthys,flavolineatus,37355019,1,AD,Passing,measurement for school,
GX010031_L.MP4,16040,8.92,KAD_LUPE_Transect 1,1.1762,104.427,7.031,8.875,2686.96,26.73,37.623,2.854,837.617,-871.217,-2399.819,KAD_LUPE,Peter,Mullidae,Mulloidichthys,flavolineatus,37355019,1,AD,Passing,measurement for school,
GX010031_L.MP4,16083,8.9439,KAD_LUPE_Transect 1,1.2001,150.251,8.016,4.77,3458.291,11.533,18.581,1.521,311.464,-617.301,-3388.467,KAD_LUPE,Peter,Scaridae,Scarus,schlegeli,37386029,1,AD,Passing,,
GX010031_L.MP4,16083,8.9439,KAD_LUPE_Transect 1,1.2001,132.14,11.556,4.085,4042.629,19.256,18.817,12.212,1066.744,-799.753,-3816.451,KAD_LUPE,Peter,Scaridae,Scarus,schlegeli,37386029,1,AD,Passing,,
GX010031_L.MP4,16083,8.9439,KAD_LUPE_Transect 1,1.2001,,10.816,2.522,4259.914,9.231,,,99.804,-678.506,-4204.348,KAD_LUPE,Peter,Scaridae,Scarus,schlegeli,37386029,1,AD,Passing,,
GX010031_L.MP4,16158,8.9856,KAD_LUPE_Transect 1,1.2418,,8.801,0.872,3822.048,18.223,,,-53.847,-1196.097,-3629.67,KAD_LUPE,Peter,Pomacentridae,Dascyllus,aruanus,37372073,1,AD,Passing,,
GX010031_L.MP4,16158,8.9856,KAD_LUPE_Transect 1,1.2418,,10.678,0.631,4200.705,14.791,,,171.512,-1060.962,-4060.894,KAD_LUPE,Peter,Pomacentridae,Dascyllus,aruanus,37372073,1,AD,Passing,,
GX010031_L.MP4,16173,8.994,KAD_LUPE_Transect 1,1.2501,,9.063,0.465,3906.316,21.04,,,-16.193,-1404.479,-3645.063,KAD_LUPE,Peter,Pomacentridae,Dascyllus,aruanus,37372073,1,AD,Passing,,
GX010031_L.MP4,16276,9.0513,KAD_LUPE_Transect 1,1.3074,121.492,2.85,5.458,1802.126,21.053,28.663,0.085,219.69,-608.963,-1681.832,KAD_LUPE,Peter,Mullidae,Parupeneus,barberinoides,37355021,1,AD,Passing,,
GX010031_L.MP4,16289,9.0585,KAD_LUPE_Transect 1,1.3146,170.114,7.273,5.447,4020.394,15.263,5.883,8.418,775.336,-720.464,-3878.576,KAD_LUPE,Peter,Mullidae,Parupeneus,barberinus,37355022,1,AD,Passing,,
GX010031_L.MP4,16289,9.0585,KAD_LUPE_Transect 1,1.3146,152.71,8.393,2.082,4022.939,11.695,11.853,1.611,583.8,-569.345,-3939.424,KAD_LUPE,Peter,Nemipteridae,Scolopsis,bilineata,37347031,1,AD,Passing,,
GX010031_L.MP4,16354,9.0946,KAD_LUPE_Transect 1,1.3508,105.756,7.427,7.012,2642.432,26.076,42.193,2.921,1017.991,-559.269,-2373.47,KAD_LUPE,Peter,Mullidae,Mulloidichthys,flavolineatus,37355019,1,AD,Passing,,
GX010031_L.MP4,16354,9.0946,KAD_LUPE_Transect 1,1.3508,102.246,4.688,2.124,2799.1,20.761,6.258,8.364,815.782,-564.749,-2617.349,KAD_LUPE,Peter,Mullidae,Mulloidichthys,flavolineatus,37355019,1,AD,Passing,,
GX010031_L.MP4,16354,9.0946,KAD_LUPE_Transect 1,1.3508,,4.921,2.38,2913.492,25.55,,,1115.761,-579.528,-2628.243,KAD_LUPE,Peter,Mullidae,Mulloidichthys,flavolineatus,37355019,1,AD,Passing,,
GX010031_L.MP4,16354,9.0946,KAD_LUPE_Transect 1,1.3508,,4.863,5.034,2930.265,26.965,,,1204.043,-563.463,-2611.368,KAD_LUPE,Peter,Mullidae,Mulloidichthys,flavolineatus,37355019,1,AD,Passing,,
GX010031_L.MP4,16354,9.0946,KAD_LUPE_Transect 1,1.3508,,3.381,13.669,2453.712,29.456,,,1107.016,-481.271,-2136.257,KAD_LUPE,Peter,Mullidae,Mulloidichthys,flavolineatus,37355019,1,AD,Passing,,
GX010031_L.MP4,16354,9.0946,KAD_LUPE_Transect 1,1.3508,,5.12,0.228,2918.966,22.245,,,967.324,-535.761,-2701.409,KAD_LUPE,Peter,Mullidae,Mulloidichthys,flavolineatus,37355019,1,AD,Passing,,
GX010031_L.MP4,16354,9.0946,KAD_LUPE_Transect 1,1.3508,,4.532,1.9,2776.542,24.24,,,1035.641,-477.848,-2531.461,KAD_LUPE,Peter,Mullidae,Mulloidichthys,flavolineatus,37355019,1,AD,Passing,,
GX010031_L.MP4,16354,9.0946,KAD_LUPE_Transect 1,1.3508,,4.742,3.206,2844.061,23.454,,,1055.628,-410.228,-2608.84,KAD_LUPE,Peter,Mullidae,Mulloidichthys,flavolineatus,37355019,1,AD,Passing,,
GX010031_L.MP4,16354,9.0946,KAD_LUPE_Transect 1,1.3508,,5.136,1.28,2866.13,18.233,,,726.208,-527.752,-2721.912,KAD_LUPE,Peter,Mullidae,Mulloidichthys,flavolineatus,37355019,1,AD,Passing,,
GX010031_L.MP4,16354,9.0946,KAD_LUPE_Transect 1,1.3508,,5.52,2.077,2954.005,13.55,,,470.788,-508.969,-2871.49,KAD_LUPE,Peter,Mullidae,Mulloidichthys,flavolineatus,37355019,1,AD,Passing,,
GX010031_L.MP4,16354,9.0946,KAD_LUPE_Transect 1,1.3508,,5.217,2.881,2900.067,16.04,,,737.487,-315.055,-2786.977,KAD_LUPE,Peter,Mullidae,Mulloidichthys,flavolineatus,37355019,1,AD,Passing,,
GX010031_L.MP4,16354,9.0946,KAD_LUPE_Transect 1,1.3508,,5.251,2.958,2945.189,18.25,,,889.532,-245.392,-2796.901,KAD_LUPE,Peter,Mullidae,Mulloidichthys,flavolineatus,37355019,1,AD,Passing,,
GX010031_L.MP4,16354,9.0946,KAD_LUPE_Transect 1,1.3508,,4.502,3.168,2668.475,9.05,,,88.254,-411.895,-2635.017,KAD_LUPE,Peter,Mullidae,Mulloidichthys,flavolineatus,37355019,1,AD,Passing,,
GX010031_L.MP4,16354,9.0946,KAD_LUPE_Transect 1,1.3508,,4.234,0.412,2580.598,10.572,,,28.123,-474.112,-2536.516,KAD_LUPE,Peter,Mullidae,Mulloidichthys,flavolineatus,37355019,1,AD,Passing,,
GX010031_L.MP4,16354,9.0946,KAD_LUPE_Transect 1,1.3508,,4.849,1.949,2769.259,11.061,,,151.309,-510.897,-2717.514,KAD_LUPE,Peter,Mullidae,Mulloidichthys,flavolineatus,37355019,1,AD,Passing,,
GX010031_L.MP4,16354,9.0946,KAD_LUPE_Transect 1,1.3508,,4.859,2.991,2788.214,8.661,,,-102.538,-408.776,-2756.179,KAD_LUPE,Peter,Mullidae,Mulloidichthys,flavolineatus,37355019,1,AD,Passing,,
GX010031_L.MP4,16354,9.0946,KAD_LUPE_Transect 1,1.3508,,6.134,3.246,3144.043,9.012,,,314.181,-381.09,-3105.006,KAD_LUPE,Peter,Mullidae,Mulloidichthys,flavolineatus,37355019,1,AD,Passing,,
GX010031_L.MP4,16354,9.0946,KAD_LUPE_Transect 1,1.3508,,4.869,0.702,2783.638,7.846,,,267.363,-271.672,-2757.417,KAD_LUPE,Peter,Mullidae,Mulloidichthys,flavolineatus,37355019,1,AD,Passing,,
GX010031_L.MP4,16354,9.0946,KAD_LUPE_Transect 1,1.3508,,4.603,0.184,2709.636,6.076,,,160.016,-239.6,-2694.274,KAD_LUPE,Peter,Mullidae,Mulloidichthys,flavolineatus,37355019,1,AD,Passing,,
GX010031_L.MP4,16354,9.0946,KAD_LUPE_Transect 1,1.3508,,3.052,4.57,2149.963,14.756,,,319.796,-445.719,-2078.8,KAD_LUPE,Peter,Mullidae,Mulloidichthys,flavolineatus,37355019,1,AD,Passing,,
GX010031_L.MP4,16354,9.0946,KAD_LUPE_Transect 1,1.3508,,8.616,2.163,3729.437,14.817,,,635.526,-713.272,-3605.004,KAD_LUPE,Peter,Mullidae,Mulloidichthys,flavolineatus,37355019,1,AD,Passing,,
GX010031_L.MP4,16354,9.0946,KAD_LUPE_Transect 1,1.3508,,4.715,0.275,2770.072,15.055,,,-616.101,-373.228,-2674.775,KAD_LUPE,Peter,Mullidae,Mulloidichthys,flavolineatus,37355019,1,AD,Passing,,
GX010031_L.MP4,16354,9.0946,KAD_LUPE_Transect 1,1.3508,,15.578,8.454,5213.385,14.522,,,-1175.17,-575.535,-5046.495,KAD_LUPE,Peter,Mullidae,Mulloidichthys,flavolineatus,37355019,1,AD,Passing,,
GX010031_L.MP4,16354,9.0946,KAD_LUPE_Transect 1,1.3508,,3.557,1.751,2390.217,17.108,,,-607.439,-355.465,-2284.251,KAD_LUPE,Peter,Mullidae,Mulloidichthys,flavolineatus,37355019,1,AD,Passing,,
GX010031_L.MP4,16354,9.0946,KAD_LUPE_Transect 1,1.3508,,2.223,1.503,1914.534,23.204,,,-744.91,-119.922,-1759.593,KAD_LUPE,Peter,Mullidae,Mulloidichthys,flavolineatus,37355019,1,AD,Passing,,
GX010031_L.MP4,16354,9.0946,KAD_LUPE_Transect 1,1.3508,,3.692,5.717,2510.749,20.856,,,-864.233,-229.704,-2346.103,KAD_LUPE,Peter,Mullidae,Mulloidichthys,flavolineatus,37355019,1,AD,Passing,,
GX010031_L.MP4,16354,9.0946,KAD_LUPE_Transect 1,1.3508,,3.49,0.588,2440.539,21.027,,,-857.145,-180.531,-2277.924,KAD_LUPE,Peter,Mullidae,Mulloidichthys,flavolineatus,37355019,1,AD,Passing,,
GX010031_L.MP4,16354,9.0946,KAD_LUPE_Transect 1,1.3508,,4.11,0.357,2684.485,21.255,,,-965.661,-122.087,-2501.81,KAD_LUPE,Peter,Mullidae,Mulloidichthys,flavolineatus,37355019,1,AD,Passing,,
GX010031_L.MP4,16354,9.0946,KAD_LUPE_Transect 1,1.3508,,4.806,1.074,2960.295,22.631,,,-1138.346,-43.559,-2732.328,KAD_LUPE,Peter,Mullidae,Mulloidichthys,flavolineatus,37355019,1,AD,Passing,,
GX010031_L.MP4,16354,9.0946,KAD_LUPE_Transect 1,1.3508,,2.335,1.8,1882.519,14.886,,,-438.149,-205.799,-1819.217,KAD_LUPE,Peter,Mullidae,Mulloidichthys,flavolineatus,37355019,1,AD,Passing,,
GX010031_L.MP4,16354,9.0946,KAD_LUPE_Transect 1,1.3508,,5.39,1.443,2966.185,5.632,,,-167.835,-239.57,-2951.726,KAD_LUPE,Peter,Mullidae,Mulloidichthys,flavolineatus,37355019,1,AD,Passing,,
GX010031_L.MP4,16354,9.0946,KAD_LUPE_Transect 1,1.3508,,5.66,0.075,3034.602,5.644,,,223.747,-199.282,-3019.774,KAD_LUPE,Peter,Mullidae,Mulloidichthys,flavolineatus,37355019,1,AD,Passing,,
GX010031_L.MP4,16354,9.0946,KAD_LUPE_Transect 1,1.3508,,6.211,0.805,3179.542,8.217,,,427.98,-154.683,-3146.807,KAD_LUPE,Peter,Mullidae,Mulloidichthys,flavolineatus,37355019,1,AD,Passing,,
GX010031_L.MP4,16354,9.0946,KAD_LUPE_Transect 1,1.3508,,11.166,2.61,4438.215,13.54,,,-1037.702,51.42,-4314.891,KAD_LUPE,Peter,Mullidae,Mulloidichthys,flavolineatus,37355019,1,AD,Passing,,
GX010031_L.MP4,16354,9.0946,KAD_LUPE_Transect 1,1.3508,,10.05,0.383,4195.129,13.295,,,-964.332,25.36,-4082.71,KAD_LUPE,Peter,Mullidae,Mulloidichthys,flavolineatus,37355019,1,AD,Passing,,
GX010031_L.MP4,16354,9.0946,KAD_LUPE_Transect 1,1.3508,,7.01,0.312,3446.857,11.755,,,-702.188,6.942,-3374.568,KAD_LUPE,Peter,Mullidae,Mulloidichthys,flavolineatus,37355019,1,AD,Passing,,
GX010031_L.MP4,16354,9.0946,KAD_LUPE_Transect 1,1.3508,,6.54,3.53,3355.991,15.249,,,-882.276,-28.229,-3237.818,KAD_LUPE,Peter,Mullidae,Mulloidichthys,flavolineatus,37355019,1,AD,Passing,,
GX010031_L.MP4,16354,9.0946,KAD_LUPE_Transect 1,1.3508,,5.373,0.282,3035.152,16.685,,,-870.356,-44.915,-2907.338,KAD_LUPE,Peter,Mullidae,Mulloidichthys,flavolineatus,37355019,1,AD,Passing,,
GX010031_L.MP4,16354,9.0946,KAD_LUPE_Transect 1,1.3508,,5.678,1.37,3173.396,19.331,,,-1050.45,4.555,-2994.491,KAD_LUPE,Peter,Mullidae,Mulloidichthys,flavolineatus,37355019,1,AD,Passing,,
GX010031_L.MP4,16354,9.0946,KAD_LUPE_Transect 1,1.3508,,7.312,1.458,3534.821,13.168,,,-798.253,-108.192,-3441.808,KAD_LUPE,Peter,Mullidae,Mulloidichthys,flavolineatus,37355019,1,AD,Passing,,
GX010031_L.MP4,16354,9.0946,KAD_LUPE_Transect 1,1.3508,,7.836,1.177,3653.483,11.762,,,-732.109,-138.838,-3576.685,KAD_LUPE,Peter,Mullidae,Mulloidichthys,flavolineatus,37355019,1,AD,Passing,,
GX010031_L.MP4,16354,9.0946,KAD_LUPE_Transect 1,1.3508,,11.341,1.284,4451.751,11.742,,,-900.294,-103.91,-4358.527,KAD_LUPE,Peter,Mullidae,Mulloidichthys,flavolineatus,37355019,1,AD,Passing,,
GX010031_L.MP4,16354,9.0946,KAD_LUPE_Transect 1,1.3508,,6.42,1.254,3270.989,8.141,,,-455.849,-84.02,-3237.979,KAD_LUPE,Peter,Mullidae,Mulloidichthys,flavolineatus,37355019,1,AD,Passing,,
GX010031_L.MP4,16354,9.0946,KAD_LUPE_Transect 1,1.3508,,7.016,0.654,3428.442,8.688,,,-496.587,-148.904,-3389.018,KAD_LUPE,Peter,Mullidae,Mulloidichthys,flavolineatus,37355019,1,AD,Passing,,
GX010031_L.MP4,16354,9.0946,KAD_LUPE_Transect 1,1.3508,,9.594,0.99,4057.464,6.96,,,-472.906,-136.804,-4027.488,KAD_LUPE,Peter,Mullidae,Mulloidichthys,flavolineatus,37355019,1,AD,Passing,,
GX010031_L.MP4,16354,9.0946,KAD_LUPE_Transect 1,1.3508,,10.237,1.274,4207.071,5.107,,,-346.865,-143.569,-4190.288,KAD_LUPE,Peter,Mullidae,Mulloidichthys,flavolineatus,37355019,1,AD,Passing,,
GX010031_L.MP4,16354,9.0946,KAD_LUPE_Transect 1,1.3508,,11.805,2.904,4532.934,8.985,,,-701.799,-95.478,-4477.259,KAD_LUPE,Peter,Mullidae,Mulloidichthys,flavolineatus,37355019,1,AD,Passing,,
GX010031_L.MP4,16354,9.0946,KAD_LUPE_Transect 1,1.3508,,10.981,1.984,4364.615,9.32,,,-703.854,-67.727,-4306.956,KAD_LUPE,Peter,Mullidae,Mulloidichthys,flavolineatus,37355019,1,AD,Passing,,
GX010031_L.MP4,16354,9.0946,KAD_LUPE_Transect 1,1.3508,,12.165,0.644,4609.09,9.759,,,-778.256,65.527,-4542.437,KAD_LUPE,Peter,Mullidae,Mulloidichthys,flavolineatus,37355019,1,AD,Passing,,
GX010031_L.MP4,16354,9.0946,KAD_LUPE_Transect 1,1.3508,,9.866,0.013,4123.062,8.595,,,-615.579,24.376,-4076.777,KAD_LUPE,Peter,Mullidae,Mulloidichthys,flavolineatus,37355019,1,AD,Passing,,
GX010031_L.MP4,16354,9.0946,KAD_LUPE_Transect 1,1.3508,,8.839,0.51,3887.775,7.362,,,-498.008,-14.787,-3855.719,KAD_LUPE,Peter,Mullidae,Mulloidichthys,flavolineatus,37355019,1,AD,Passing,,
GX010031_L.MP4,16354,9.0946,KAD_LUPE_Transect 1,1.3508,,14.542,1.958,5061.547,7.406,,,-645.863,89.326,-5019.376,KAD_LUPE,Peter,Mullidae,Mulloidichthys,flavolineatus,37355019,1,AD,Passing,,
GX010031_L.MP4,16354,9.0946,KAD_LUPE_Transect 1,1.3508,,10.172,3.48,4192.671,6.149,,,-444.812,59.555,-4168.584,KAD_LUPE,Peter,Mullidae,Mulloidichthys,flavolineatus,37355019,1,AD,Passing,,
GX010031_L.MP4,16354,9.0946,KAD_LUPE_Transect 1,1.3508,,13.29,1.308,4830.903,5.597,,,-446.161,148.617,-4807.959,KAD_LUPE,Peter,Mullidae,Mulloidichthys,flavolineatus,37355019,1,AD,Passing,,
GX010031_L.MP4,16354,9.0946,KAD_LUPE_Transect 1,1.3508,,11.172,1.059,4423.898,3.322,,,-256.026,-15.982,-4416.454,KAD_LUPE,Peter,Mullidae,Mulloidichthys,flavolineatus,37355019,1,AD,Passing,,
GX010031_L.MP4,16354,9.0946,KAD_LUPE_Transect 1,1.3508,,7.449,1.245,3553.427,3.636,,,-216.56,-64.318,-3546.238,KAD_LUPE,Peter,Mullidae,Mulloidichthys,flavolineatus,37355019,1,AD,Passing,,
GX010031_L.MP4,16354,9.0946,KAD_LUPE_Transect 1,1.3508,,10.215,3.064,4219.24,2.012,,,-103.731,-108.177,-4216.577,KAD_LUPE,Peter,Mullidae,Mulloidichthys,flavolineatus,37355019,1,AD,Passing,,
GX010031_L.MP4,16354,9.0946,KAD_LUPE_Transect 1,1.3508,,10.845,2.391,4358.798,1.23,,,-19.401,-94.059,-4357.74,KAD_LUPE,Peter,Mullidae,Mulloidichthys,flavolineatus,37355019,1,AD,Passing,,
GX010031_L.MP4,16354,9.0946,KAD_LUPE_Transect 1,1.3508,,11.343,5.954,4460.699,1.58,,,55.578,-112.3,-4458.939,KAD_LUPE,Peter,Mullidae,Mulloidichthys,flavolineatus,37355019,1,AD,Passing,,
GX010031_L.MP4,16354,9.0946,KAD_LUPE_Transect 1,1.3508,,12.35,3.825,4674.018,0.946,,,31.986,-72.948,-4673.339,KAD_LUPE,Peter,Mullidae,Mulloidichthys,flavolineatus,37355019,1,AD,Passing,,
GX010031_L.MP4,16354,9.0946,KAD_LUPE_Transect 1,1.3508,,11.777,0.101,4559.871,1.256,,,-96.8,-27.659,-4558.759,KAD_LUPE,Peter,Mullidae,Mulloidichthys,flavolineatus,37355019,1,AD,Passing,,
GX010031_L.MP4,16354,9.0946,KAD_LUPE_Transect 1,1.3508,,12.712,1.472,4751.554,0.411,,,-32.429,-13.385,-4751.424,KAD_LUPE,Peter,Mullidae,Mulloidichthys,flavolineatus,37355019,1,AD,Passing,,
GX010031_L.MP4,16354,9.0946,KAD_LUPE_Transect 1,1.3508,,11.023,0.122,4386.672,3.773,,,-264.095,113.971,-4377.232,KAD_LUPE,Peter,Mullidae,Mulloidichthys,flavolineatus,37355019,1,AD,Passing,,
GX010031_L.MP4,16354,9.0946,KAD_LUPE_Transect 1,1.3508,,11.643,2.587,4512.399,4.116,,,-283.778,153.523,-4500.849,KAD_LUPE,Peter,Mullidae,Mulloidichthys,flavolineatus,37355019,1,AD,Passing,,
GX010031_L.MP4,16354,9.0946,KAD_LUPE_Transect 1,1.3508,,9.085,6.304,3957.407,2.682,,,-133.051,126.434,-3953.148,KAD_LUPE,Peter,Mullidae,Mulloidichthys,flavolineatus,37355019,1,AD,Passing,,
GX010031_L.MP4,16354,9.0946,KAD_LUPE_Transect 1,1.3508,,10.023,2.841,4156.779,4.89,,,-292.108,198.164,-4141.765,KAD_LUPE,Peter,Mullidae,Mulloidichthys,flavolineatus,37355019,1,AD,Passing,,
GX010031_L.MP4,16354,9.0946,KAD_LUPE_Transect 1,1.3508,,15.3,3.628,5164.67,5.35,,,236.978,416.226,-5142.413,KAD_LUPE,Peter,Mullidae,Mulloidichthys,flavolineatus,37355019,1,AD,Passing,,
GX010031_L.MP4,16354,9.0946,KAD_LUPE_Transect 1,1.3508,,14.068,3.639,4948.371,4.994,,,230.299,361.167,-4929.797,KAD_LUPE,Peter,Mullidae,Mulloidichthys,flavolineatus,37355019,1,AD,Passing,,
GX010031_L.MP4,16354,9.0946,KAD_LUPE_Transect 1,1.3508,,18.431,4.499,5737.396,4.009,,,24.181,397.084,-5723.587,KAD_LUPE,Peter,Mullidae,Mulloidichthys,flavolineatus,37355019,1,AD,Passing,,
GX010031_L.MP4,16354,9.0946,KAD_LUPE_Transect 1,1.3508,,16.833,5.833,5470.353,4.189,,,-115.495,379.3,-5455.965,KAD_LUPE,Peter,Mullidae,Mulloidichthys,flavolineatus,37355019,1,AD,Passing,,
GX010031_L.MP4,16354,9.0946,KAD_LUPE_Transect 1,1.3508,,7.86,1.393,3643.835,5.046,,,-221.986,229.069,-3629.846,KAD_LUPE,Peter,Mullidae,Mulloidichthys,flavolineatus,37355019,1,AD,Passing,,
GX010031_L.MP4,16354,9.0946,KAD_LUPE_Transect 1,1.3508,,15.323,5.011,5227.227,2.876,,,-60.407,252.155,-5220.792,KAD_LUPE,Peter,Mullidae,Mulloidichthys,flavolineatus,37355019,1,AD,Passing,,
GX010031_L.MP4,16354,9.0946,KAD_LUPE_Transect 1,1.3508,,14.986,0.562,5141.766,5.679,,,-462.656,208.827,-5116.649,KAD_LUPE,Peter,Mullidae,Mulloidichthys,flavolineatus,37355019,1,AD,Passing,,
GX010031_L.MP4,16354,9.0946,KAD_LUPE_Transect 1,1.3508,,14.643,3.254,5094.59,3.108,,,61.851,266.204,-5087.254,KAD_LUPE,Peter,Mullidae,Mulloidichthys,flavolineatus,37355019,1,AD,Passing,,
GX010031_L.MP4,16354,9.0946,KAD_LUPE_Transect 1,1.3508,,11.117,5.097,4401.361,2.598,,,190.563,-61.632,-4396.801,KAD_LUPE,Peter,Mullidae,Mulloidichthys,flavolineatus,37355019,1,AD,Passing,,
GX010031_L.MP4,16354,9.0946,KAD_LUPE_Transect 1,1.3508,,13.811,3.146,4944.369,2.505,,,216.095,-1.69,-4939.644,KAD_LUPE,Peter,Mullidae,Mulloidichthys,flavolineatus,37355019,1,AD,Passing,,
GX010031_L.MP4,16354,9.0946,KAD_LUPE_Transect 1,1.3508,,10.105,4.887,4164.491,4.28,,,308.341,-41.675,-4152.851,KAD_LUPE,Peter,Mullidae,Mulloidichthys,flavolineatus,37355019,1,AD,Passing,,
GX010031_L.MP4,16354,9.0946,KAD_LUPE_Transect 1,1.3508,,11.98,1.045,4553.474,4.888,,,387.489,-21.93,-4536.903,KAD_LUPE,Peter,Mullidae,Mulloidichthys,flavolineatus,37355019,1,AD,Passing,,
GX010031_L.MP4,16354,9.0946,KAD_LUPE_Transect 1,1.3508,,9.372,0.944,3993.214,4.608,,,222.926,228.328,-3980.444,KAD_LUPE,Peter,Mullidae,Mulloidichthys,flavolineatus,37355019,1,AD,Passing,,
GX010031_L.MP4,16354,9.0946,KAD_LUPE_Transect 1,1.3508,,15.792,3.522,5248.298,5.405,,,360.589,335.188,-5225.156,KAD_LUPE,Peter,Mullidae,Mulloidichthys,flavolineatus,37355019,1,AD,Passing,,
GX010031_L.MP4,16354,9.0946,KAD_LUPE_Transect 1,1.3508,,12.389,1.332,4652.941,3.522,,,281.574,46.349,-4644.182,KAD_LUPE,Peter,Mullidae,Mulloidichthys,flavolineatus,37355019,1,AD,Passing,,
GX010031_L.MP4,16354,9.0946,KAD_LUPE_Transect 1,1.3508,165.511,3.837,4.087,3357.198,10.838,1.356,12.233,-401.598,-487.041,-3297.315,KAD_LUPE,Peter,Mullidae,Parupeneus,barberinus,37355022,1,AD,Passing,,
GX010031_L.MP4,16354,9.0946,KAD_LUPE_Transect 1,1.3508,277.814,19.838,3.251,3958.513,25.98,74.28,6.578,-1719.859,-221.538,-3558.488,KAD_LUPE,Peter,Scaridae,Scarus,dimidiatus,37386013,1,AD,Passing,,
GX010031_L.MP4,16354,9.0946,KAD_LUPE_Transect 1,1.3508,147.911,6.819,4.397,3448.424,8.75,14.776,8.69,-351.446,-389.478,-3408.287,KAD_LUPE,Peter,Nemipteridae,Scolopsis,bilineata,37347031,1,AD,Passing,,
GX010031_L.MP4,16408,9.1247,KAD_LUPE_Transect 1,1.3808,,17.757,8.466,5802.89,23.476,,,-2145.336,-864.078,-5322.071,KAD_LUPE,Peter,Chaetodontidae,Chaetodon,sp,,1,AD,Passing,,
GX010031_L.MP4,16481,9.1653,KAD_LUPE_Transect 1,1.4214,100.299,7.342,4.444,2753.751,19.157,32.285,5.429,-701.865,-569.207,-2601.256,KAD_LUPE,Peter,Mullidae,Mulloidichthys,flavolineatus,37355019,1,AD,Passing,,
GX010031_L.MP4,16481,9.1653,KAD_LUPE_Transect 1,1.4214,,10.276,1.435,4211.906,13.478,,,-923.581,-335.136,-4095.709,KAD_LUPE,Peter,Mullidae,Mulloidichthys,flavolineatus,37355019,1,AD,Passing,,
GX010031_L.MP4,16481,9.1653,KAD_LUPE_Transect 1,1.4214,,7.928,1.294,3678.07,14.936,,,-876.466,-363.322,-3553.59,KAD_LUPE,Peter,Mullidae,Mulloidichthys,flavolineatus,37355019,1,AD,Passing,,
GX010031_L.MP4,16481,9.1653,KAD_LUPE_Transect 1,1.4214,,9.25,0.721,4035.471,17.662,,,-1153.684,-412.236,-3845.01,KAD_LUPE,Peter,Mullidae,Mulloidichthys,flavolineatus,37355019,1,AD,Passing,,
GX010031_L.MP4,16481,9.1653,KAD_LUPE_Transect 1,1.4214,,8.888,0.972,3886.794,13.853,,,-833.904,-415.299,-3773.5,KAD_LUPE,Peter,Mullidae,Mulloidichthys,flavolineatus,37355019,1,AD,Passing,,
GX010031_L.MP4,16481,9.1653,KAD_LUPE_Transect 1,1.4214,,11.558,1.877,4432.167,9.388,,,-543.771,-478.987,-4372.527,KAD_LUPE,Peter,Mullidae,Mulloidichthys,flavolineatus,37355019,1,AD,Passing,,
GX010031_L.MP4,16481,9.1653,KAD_LUPE_Transect 1,1.4214,,11.213,2.848,4356.768,9.186,,,-463.382,-521.231,-4300.584,KAD_LUPE,Peter,Mullidae,Mulloidichthys,flavolineatus,37355019,1,AD,Passing,,
GX010031_L.MP4,16481,9.1653,KAD_LUPE_Transect 1,1.4214,,10.502,1.133,4211.469,10.806,,,-621.383,-489.583,-4136.503,KAD_LUPE,Peter,Mullidae,Mulloidichthys,flavolineatus,37355019,1,AD,Passing,,
GX010031_L.MP4,16481,9.1653,KAD_LUPE_Transect 1,1.4214,,6.49,9.07,3263.207,12.746,,,-552.8,-463.115,-3182.523,KAD_LUPE,Peter,Mullidae,Mulloidichthys,flavolineatus,37355019,1,AD,Passing,,
GX010031_L.MP4,16481,9.1653,KAD_LUPE_Transect 1,1.4214,,6.874,1.072,3368.139,13.624,,,-624.195,-491.604,-3273.082,KAD_LUPE,Peter,Mullidae,Mulloidichthys,flavolineatus,37355019,1,AD,Passing,,
GX010031_L.MP4,16481,9.1653,KAD_LUPE_Transect 1,1.4214,,7.938,7.734,3647.657,14.922,,,-777.074,-529.756,-3524.332,KAD_LUPE,Peter,Mullidae,Mulloidichthys,flavolineatus,37355019,1,AD,Passing,,
GX010031_L.MP4,16481,9.1653,KAD_LUPE_Transect 1,1.4214,,9.153,5.827,3952.272,16.451,,,-959.286,-578.929,-3790.128,KAD_LUPE,Peter,Mullidae,Mulloidichthys,flavolineatus,37355019,1,AD,Passing,,
GX010031_L.MP4,16481,9.1653,KAD_LUPE_Transect 1,1.4214,,8.303,3.345,3789.044,18.367,,,-1055.734,-559.728,-3595.69,KAD_LUPE,Peter,Mullidae,Mulloidichthys,flavolineatus,37355019,1,AD,Passing,,
GX010031_L.MP4,16481,9.1653,KAD_LUPE_Transect 1,1.4214,,7.733,4.046,3681.275,20.45,,,-1137.463,-602.364,-3448.93,KAD_LUPE,Peter,Mullidae,Mulloidichthys,flavolineatus,37355019,1,AD,Passing,,
GX010031_L.MP4,16481,9.1653,KAD_LUPE_Transect 1,1.4214,,6.793,4.306,3365.513,16.834,,,-779.11,-587.531,-3220.943,KAD_LUPE,Peter,Mullidae,Mulloidichthys,flavolineatus,37355019,1,AD,Passing,,
GX010031_L.MP4,16481,9.1653,KAD_LUPE_Transect 1,1.4214,,9.451,1.951,3955.378,13.136,,,-517.774,-737.032,-3851.456,KAD_LUPE,Peter,Mullidae,Mulloidichthys,flavolineatus,37355019,1,AD,Passing,,
GX010031_L.MP4,16481,9.1653,KAD_LUPE_Transect 1,1.4214,,9.172,1.33,3901.049,13.473,,,-605.261,-680.309,-3793.287,KAD_LUPE,Peter,Mullidae,Mulloidichthys,flavolineatus,37355019,1,AD,Passing,,
GX010031_L.MP4,16481,9.1653,KAD_LUPE_Transect 1,1.4214,,8.48,1.738,3807.135,16.289,,,-945.579,-498.294,-3654.02,KAD_LUPE,Peter,Mullidae,Mulloidichthys,flavolineatus,37355019,1,AD,Passing,,
GX010031_L.MP4,16481,9.1653,KAD_LUPE_Transect 1,1.4214,,10.625,4.842,4231.773,8.906,,,-323.563,-572.129,-4180.416,KAD_LUPE,Peter,Mullidae,Mulloidichthys,flavolineatus,37355019,1,AD,Passing,,
GX010031_L.MP4,16481,9.1653,KAD_LUPE_Transect 1,1.4214,,12.143,2.505,4545.619,8.287,,,-286.169,-591.995,-4497.811,KAD_LUPE,Peter,Mullidae,Mulloidichthys,flavolineatus,37355019,1,AD,Passing,,
GX010031_L.MP4,16481,9.1653,KAD_LUPE_Transect 1,1.4214,,11.762,3.321,4473.657,8.017,,,-282.096,-559.079,-4429.611,KAD_LUPE,Peter,Mullidae,Mulloidichthys,flavolineatus,37355019,1,AD,Passing,,
GX010031_L.MP4,16481,9.1653,KAD_LUPE_Transect 1,1.4214,,11.246,7.693,4364.345,8.41,,,-194.169,-610.558,-4317.062,KAD_LUPE,Peter,Mullidae,Mulloidichthys,flavolineatus,37355019,1,AD,Passing,,
GX010031_L.MP4,16481,9.1653,KAD_LUPE_Transect 1,1.4214,,9.668,4.545,4024.776,8.963,,,-178.836,-603.335,-3975.277,KAD_LUPE,Peter,Mullidae,Mulloidichthys,flavolineatus,37355019,1,AD,Passing,,
GX010031_L.MP4,16481,9.1653,KAD_LUPE_Transect 1,1.4214,,10.363,4.359,4166.398,9.877,,,-256.25,-669.557,-4104.254,KAD_LUPE,Peter,Mullidae,Mulloidichthys,flavolineatus,37355019,1,AD,Passing,,
GX010031_L.MP4,16481,9.1653,KAD_LUPE_Transect 1,1.4214,,8.194,7.765,3681.893,15.921,,,-678.307,-750.397,-3540.217,KAD_LUPE,Peter,Mullidae,Mulloidichthys,flavolineatus,37355019,1,AD,Passing,,
GX010031_L.MP4,16481,9.1653,KAD_LUPE_Transect 1,1.4214,,5.955,2.25,3102.517,15.276,,,-452.11,-682.755,-2992.5,KAD_LUPE,Peter,Mullidae,Mulloidichthys,flavolineatus,37355019,1,AD,Passing,,
GX010031_L.MP4,16481,9.1653,KAD_LUPE_Transect 1,1.4214,,7.12,1.141,3408.189,12.164,,,-94.858,-713.773,-3331.258,KAD_LUPE,Peter,Mullidae,Mulloidichthys,flavolineatus,37355019,1,AD,Passing,,
GX010031_L.MP4,16481,9.1653,KAD_LUPE_Transect 1,1.4214,,8.317,2.798,3696.825,13.405,,,-36.726,-858.361,-3595.606,KAD_LUPE,Peter,Mullidae,Mulloidichthys,flavolineatus,37355019,1,AD,Passing,,
GX010031_L.MP4,16481,9.1653,KAD_LUPE_Transect 1,1.4214,,7.656,0.188,3536.98,14.095,,,-293.741,-811.708,-3430.025,KAD_LUPE,Peter,Mullidae,Mulloidichthys,flavolineatus,37355019,1,AD,Passing,,
GX010031_L.MP4,16481,9.1653,KAD_LUPE_Transect 1,1.4214,,4.359,2.638,2625.35,14.877,,,-119.479,-664.846,-2536.96,KAD_LUPE,Peter,Mullidae,Mulloidichthys,flavolineatus,37355019,1,AD,Passing,,
GX010031_L.MP4,16481,9.1653,KAD_LUPE_Transect 1,1.4214,,5.094,3.428,2854.041,15.47,,,-169.125,-743.855,-2750.204,KAD_LUPE,Peter,Mullidae,Mulloidichthys,flavolineatus,37355019,1,AD,Passing,,
GX010031_L.MP4,16481,9.1653,KAD_LUPE_Transect 1,1.4214,,5.431,0.331,2952.929,15.879,,,-342.694,-733.298,-2839.828,KAD_LUPE,Peter,Mullidae,Mulloidichthys,flavolineatus,37355019,1,AD,Passing,,
GX010031_L.MP4,16481,9.1653,KAD_LUPE_Transect 1,1.4214,,5.858,1.18,3068.61,12.412,,,44.276,-659.807,-2996.509,KAD_LUPE,Peter,Mullidae,Mulloidichthys,flavolineatus,37355019,1,AD,Passing,,
GX010031_L.MP4,16481,9.1653,KAD_LUPE_Transect 1,1.4214,,8.128,3.54,3640.472,13.639,,,161.745,-845.155,-3537.314,KAD_LUPE,Peter,Mullidae,Mulloidichthys,flavolineatus,37355019,1,AD,Passing,,
GX010031_L.MP4,16481,9.1653,KAD_LUPE_Transect 1,1.4214,,12.793,5.301,4679.275,7.641,,,-64.343,-621.596,-4637.358,KAD_LUPE,Peter,Mullidae,Mulloidichthys,flavolineatus,37355019,1,AD,Passing,,
GX010031_L.MP4,16481,9.1653,KAD_LUPE_Transect 1,1.4214,,32.997,11.961,7429.739,13.692,,,995.679,-1453.836,-7217.757,KAD_LUPE,Peter,Mullidae,Mulloidichthys,flavolineatus,37355019,1,AD,Passing,,
GX010031_L.MP4,16481,9.1653,KAD_LUPE_Transect 1,1.4214,,11.445,2.694,4318.797,14.599,,,577.448,-925.196,-4178.825,KAD_LUPE,Peter,Mullidae,Mulloidichthys,flavolineatus,37355019,1,AD,Passing,,
GX010031_L.MP4,16481,9.1653,KAD_LUPE_Transect 1,1.4214,,26.324,10.304,6604.13,15.97,,,1038.269,-1494.889,-6348.373,KAD_LUPE,Peter,Mullidae,Mulloidichthys,flavolineatus,37355019,1,AD,Passing,,
GX010031_L.MP4,16481,9.1653,KAD_LUPE_Transect 1,1.4214,,8.128,1.452,3653.361,16.265,,,34.134,-1024.698,-3506.547,KAD_LUPE,Peter,Mullidae,Mulloidichthys,flavolineatus,37355019,1,AD,Passing,,
GX010031_L.MP4,16481,9.1653,KAD_LUPE_Transect 1,1.4214,,10.716,0.031,4203.21,16.478,,,248.049,-1168.482,-4029.9,KAD_LUPE,Peter,Mullidae,Mulloidichthys,flavolineatus,37355019,1,AD,Passing,,
GX010031_L.MP4,16481,9.1653,KAD_LUPE_Transect 1,1.4214,,5.978,4.414,3108.669,16.762,,,-335.065,-833.315,-2976.095,KAD_LUPE,Peter,Mullidae,Mulloidichthys,flavolineatus,37355019,1,AD,Passing,,
GX010031_L.MP4,16481,9.1653,KAD_LUPE_Transect 1,1.4214,,14.078,1.697,4855.144,17.525,,,-554.466,-1355.448,-4629.012,KAD_LUPE,Peter,Mullidae,Mulloidichthys,flavolineatus,37355019,1,AD,Passing,,
GX010031_L.MP4,16481,9.1653,KAD_LUPE_Transect 1,1.4214,,4.213,5.272,2621.901,21.456,,,-608.7,-742.571,-2439.762,KAD_LUPE,Peter,Mullidae,Mulloidichthys,flavolineatus,37355019,1,AD,Passing,,
GX010031_L.MP4,16481,9.1653,KAD_LUPE_Transect 1,1.4214,,5.337,7.599,3060.428,24.363,,,-1044.383,-710.916,-2787.487,KAD_LUPE,Peter,Mullidae,Mulloidichthys,flavolineatus,37355019,1,AD,Passing,,
GX010031_L.MP4,16481,9.1653,KAD_LUPE_Transect 1,1.4214,,4.577,12.821,2858.321,25.345,,,-1078.333,-579.673,-2582.862,KAD_LUPE,Peter,Mullidae,Mulloidichthys,flavolineatus,37355019,1,AD,Passing,,
GX010031_L.MP4,16481,9.1653,KAD_LUPE_Transect 1,1.4214,,6.32,8.69,3310.992,21.401,,,-1035.055,-624.938,-3082.334,KAD_LUPE,Peter,Mullidae,Mulloidichthys,flavolineatus,37355019,1,AD,Passing,,
GX010031_L.MP4,16481,9.1653,KAD_LUPE_Transect 1,1.4214,,4.624,1.094,2924.656,26.369,,,-1214.729,-461.689,-2620.093,KAD_LUPE,Peter,Mullidae,Mulloidichthys,flavolineatus,37355019,1,AD,Passing,,
GX010031_L.MP4,16481,9.1653,KAD_LUPE_Transect 1,1.4214,,12.481,13.892,5127.424,27.902,,,-2390.008,-214.861,-4531.244,KAD_LUPE,Peter,Mullidae,Mulloidichthys,flavolineatus,37355019,1,AD,Passing,,
GX010031_L.MP4,16481,9.1653,KAD_LUPE_Transect 1,1.4214,,7.652,3.829,3851.591,24.594,,,-1587.567,-223.862,-3502.037,KAD_LUPE,Peter,Mullidae,Mulloidichthys,flavolineatus,37355019,1,AD,Passing,,
GX010031_L.MP4,16481,9.1653,KAD_LUPE_Transect 1,1.4214,,7.875,3.28,3820.531,21.683,,,-1385.123,-274.166,-3550.031,KAD_LUPE,Peter,Mullidae,Mulloidichthys,flavolineatus,37355019,1,AD,Passing,,
GX010031_L.MP4,16481,9.1653,KAD_LUPE_Transect 1,1.4214,,6.992,1.066,3557.759,20.703,,,-1226.365,-281.296,-3327.845,KAD_LUPE,Peter,Mullidae,Mulloidichthys,flavolineatus,37355019,1,AD,Passing,,
GX010031_L.MP4,16481,9.1653,KAD_LUPE_Transect 1,1.4214,,8.944,2.044,4051.432,20.705,,,-1392.216,-339.254,-3789.557,KAD_LUPE,Peter,Mullidae,Mulloidichthys,flavolineatus,37355019,1,AD,Passing,,
GX010031_L.MP4,16481,9.1653,KAD_LUPE_Transect 1,1.4214,,8.407,5.708,3926.829,21.353,,,-1377.587,-385.043,-3657.046,KAD_LUPE,Peter,Mullidae,Mulloidichthys,flavolineatus,37355019,1,AD,Passing,,
GX010031_L.MP4,16481,9.1653,KAD_LUPE_Transect 1,1.4214,,7.787,0.187,3754.679,21.271,,,-1291.091,-436.145,-3498.639,KAD_LUPE,Peter,Mullidae,Mulloidichthys,flavolineatus,37355019,1,AD,Passing,,
GX010031_L.MP4,16481,9.1653,KAD_LUPE_Transect 1,1.4214,,4.28,4.573,2790.704,24.528,,,-1120.532,-295.791,-2538.689,KAD_LUPE,Peter,Mullidae,Mulloidichthys,flavolineatus,37355019,1,AD,Passing,,
GX010031_L.MP4,16481,9.1653,KAD_LUPE_Transect 1,1.4214,,7.126,5.899,3692.451,25.011,,,-1515.946,-374.803,-3345.987,KAD_LUPE,Peter,Mullidae,Mulloidichthys,flavolineatus,37355019,1,AD,Passing,,
GX010031_L.MP4,16481,9.1653,KAD_LUPE_Transect 1,1.4214,,7.042,4.069,3662.714,25.039,,,-1496.08,-407.846,-3318.264,KAD_LUPE,Peter,Mullidae,Mulloidichthys,flavolineatus,37355019,1,AD,Passing,,
GX010031_L.MP4,16481,9.1653,KAD_LUPE_Transect 1,1.4214,,5.968,4.225,3445.183,28.018,,,-1589.224,-307.666,-3041.216,KAD_LUPE,Peter,Mullidae,Mulloidichthys,flavolineatus,37355019,1,AD,Passing,,
GX010031_L.MP4,16481,9.1653,KAD_LUPE_Transect 1,1.4214,,4.529,5.542,2983.855,28.613,,,-1410.425,-230.938,-2619.305,KAD_LUPE,Peter,Mullidae,Mulloidichthys,flavolineatus,37355019,1,AD,Passing,,
GX010031_L.MP4,16481,9.1653,KAD_LUPE_Transect 1,1.4214,,5.988,5.474,3492.448,29.156,,,-1684.799,-239.58,-3049.795,KAD_LUPE,Peter,Mullidae,Mulloidichthys,flavolineatus,37355019,1,AD,Passing,,
GX010031_L.MP4,16481,9.1653,KAD_LUPE_Transect 1,1.4214,,5.528,3.894,3350.811,29.276,,,-1626.075,-203.82,-2922.716,KAD_LUPE,Peter,Mullidae,Mulloidichthys,flavolineatus,37355019,1,AD,Passing,,
GX010031_L.MP4,16481,9.1653,KAD_LUPE_Transect 1,1.4214,,5.066,5.823,3128.541,28.399,,,-1415.661,-459.794,-2751.775,KAD_LUPE,Peter,Mullidae,Mulloidichthys,flavolineatus,37355019,1,AD,Passing,,
GX010031_L.MP4,16538,9.197,KAD_LUPE_Transect 1,1.4531,,1.982,2.697,1715.96,20.839,,,399.237,-462.741,-1603.434,KAD_LUPE,Peter,Pomacentridae,Dascyllus,reticulatus,37372074,1,AD,Passing,,
GX010031_L.MP4,16538,9.197,KAD_LUPE_Transect 1,1.4531,,2.151,4.558,1794.323,20.66,,,418.28,-476.21,-1678.649,KAD_LUPE,Peter,Pomacentridae,Dascyllus,reticulatus,37372074,1,AD,Passing,,
GX010031_L.MP4,16538,9.197,KAD_LUPE_Transect 1,1.4531,,1.973,2.417,1706.388,16.916,,,162.15,-470.244,-1632.28,KAD_LUPE,Peter,Pomacentridae,Dascyllus,reticulatus,37372074,1,AD,Passing,,
GX010031_L.MP4,16538,9.197,KAD_LUPE_Transect 1,1.4531,,1.861,8.168,1686.631,25.437,,,465.644,-555.87,-1522.796,KAD_LUPE,Peter,Pomacentridae,Dascyllus,reticulatus,37372074,1,AD,Passing,,
GX010031_L.MP4,16553,9.2053,KAD_LUPE_Transect 1,1.4615,42.999,1.725,2.295,1690.009,20.986,13.56,23.491,-143.214,-588.063,-1577.911,KAD_LUPE,Peter,Pomacentridae,Dascyllus,reticulatus,37372074,1,AD,Passing,,
GX010031_L.MP4,16553,9.2053,KAD_LUPE_Transect 1,1.4615,39.034,1.872,9.628,1580.859,24.695,19.651,32.589,372.313,-545.523,-1436.281,KAD_LUPE,Peter,Pomacentridae,Dascyllus,reticulatus,37372074,1,AD,Passing,,
GX010031_L.MP4,16553,9.2053,KAD_LUPE_Transect 1,1.4615,54.921,1.847,2.693,1551.998,19.998,22.854,17.617,95.286,-522.153,-1458.415,KAD_LUPE,Peter,Pomacentridae,Dascyllus,reticulatus,37372074,1,AD,Passing,,
GX010031_L.MP4,16553,9.2053,KAD_LUPE_Transect 1,1.4615,,2.158,2.77,1802.795,21.379,,,349.358,-557.609,-1678.419,KAD_LUPE,Peter,Pomacentridae,Dascyllus,reticulatus,37372074,1,AD,Passing,,
GX010031_L.MP4,16697,9.2854,KAD_LUPE_Transect 1,1.5415,,10.597,4.088,4744.545,28.821,,,-2282.962,-142.378,-4156.743,KAD_LUPE,Peter,Mullidae,Mulloidichthys,flavolineatus,37355019,1,AD,Passing,,
GX010031_L.MP4,16697,9.2854,KAD_LUPE_Transect 1,1.5415,,15.58,1.219,5662.55,26.138,,,-2473.051,-329.57,-5083.293,KAD_LUPE,Peter,Mullidae,Mulloidichthys,flavolineatus,37355019,1,AD,Passing,,
GX010031_L.MP4,16697,9.2854,KAD_LUPE_Transect 1,1.5415,,14.762,4.47,5501.057,25.878,,,-2384.034,-287.559,-4949.275,KAD_LUPE,Peter,Mullidae,Mulloidichthys,flavolineatus,37355019,1,AD,Passing,,
GX010031_L.MP4,16697,9.2854,KAD_LUPE_Transect 1,1.5415,,13.779,2.608,5344.76,26.749,,,-2390.69,-270.209,-4772.635,KAD_LUPE,Peter,Mullidae,Mulloidichthys,flavolineatus,37355019,1,AD,Passing,,
GX010031_L.MP4,16697,9.2854,KAD_LUPE_Transect 1,1.5415,,11.558,4.022,4869.787,26.641,,,-2168.611,-258.157,-4352.621,KAD_LUPE,Peter,Mullidae,Mulloidichthys,flavolineatus,37355019,1,AD,Passing,,
GX010031_L.MP4,16697,9.2854,KAD_LUPE_Transect 1,1.5415,,14.947,0.171,5490.406,24.284,,,-2253.678,-142.215,-5004.524,KAD_LUPE,Peter,Mullidae,Mulloidichthys,flavolineatus,37355019,1,AD,Passing,,
GX010031_L.MP4,16697,9.2854,KAD_LUPE_Transect 1,1.5415,,13.728,1.627,5250.408,24.324,,,-2156.477,-165.289,-4784.252,KAD_LUPE,Peter,Mullidae,Mulloidichthys,flavolineatus,37355019,1,AD,Passing,,
GX010031_L.MP4,16697,9.2854,KAD_LUPE_Transect 1,1.5415,,15.628,0.526,5608.576,24.459,,,-2306.02,-276.394,-5105.096,KAD_LUPE,Peter,Mullidae,Mulloidichthys,flavolineatus,37355019,1,AD,Passing,,
GX010031_L.MP4,16697,9.2854,KAD_LUPE_Transect 1,1.5415,,14.662,1.357,5393.097,23.984,,,-2166.463,-337.597,-4927.267,KAD_LUPE,Peter,Mullidae,Mulloidichthys,flavolineatus,37355019,1,AD,Passing,,
GX010031_L.MP4,16697,9.2854,KAD_LUPE_Transect 1,1.5415,,16.216,0.013,5700.095,24.302,,,-2322.238,-335.089,-5194.806,KAD_LUPE,Peter,Mullidae,Mulloidichthys,flavolineatus,37355019,1,AD,Passing,,
GX010031_L.MP4,16697,9.2854,KAD_LUPE_Transect 1,1.5415,,15.886,0.971,5669.204,25.199,,,-2384.548,-377.424,-5129.46,KAD_LUPE,Peter,Mullidae,Mulloidichthys,flavolineatus,37355019,1,AD,Passing,,
GX010031_L.MP4,16697,9.2854,KAD_LUPE_Transect 1,1.5415,,17.673,1.246,5949.916,24.724,,,-2442.722,-478.235,-5404.248,KAD_LUPE,Peter,Mullidae,Mulloidichthys,flavolineatus,37355019,1,AD,Passing,,
GX010031_L.MP4,16697,9.2854,KAD_LUPE_Transect 1,1.5415,,18.063,1.15,5944.488,23.387,,,-2299.849,-530.805,-5455.811,KAD_LUPE,Peter,Mullidae,Mulloidichthys,flavolineatus,37355019,1,AD,Passing,,
GX010031_L.MP4,16697,9.2854,KAD_LUPE_Transect 1,1.5415,,17.27,0.807,5799.22,22.49,,,-2182.76,-398.584,-5357.951,KAD_LUPE,Peter,Mullidae,Mulloidichthys,flavolineatus,37355019,1,AD,Passing,,
GX010031_L.MP4,16697,9.2854,KAD_LUPE_Transect 1,1.5415,,17.649,0.849,5796.694,21.258,,,-2047.632,-476.921,-5401.982,KAD_LUPE,Peter,Mullidae,Mulloidichthys,flavolineatus,37355019,1,AD,Passing,,
GX010031_L.MP4,16697,9.2854,KAD_LUPE_Transect 1,1.5415,,18.971,1.364,5975.59,20.2,,,-2005.246,-489.741,-5607.746,KAD_LUPE,Peter,Mullidae,Mulloidichthys,flavolineatus,37355019,1,AD,Passing,,
GX010031_L.MP4,16697,9.2854,KAD_LUPE_Transect 1,1.5415,,18.018,1.849,5837.326,20.155,,,-1973.137,-393.159,-5479.647,KAD_LUPE,Peter,Mullidae,Mulloidichthys,flavolineatus,37355019,1,AD,Passing,,
GX010031_L.MP4,16697,9.2854,KAD_LUPE_Transect 1,1.5415,,13.951,1.037,5080.857,20.112,,,-1681.344,-477.543,-4770.759,KAD_LUPE,Peter,Mullidae,Mulloidichthys,flavolineatus,37355019,1,AD,Passing,,
GX010031_L.MP4,16697,9.2854,KAD_LUPE_Transect 1,1.5415,,17.616,0.122,5754.563,21.102,,,-1985.79,-594.052,-5368.308,KAD_LUPE,Peter,Mullidae,Mulloidichthys,flavolineatus,37355019,1,AD,Passing,,
GX010031_L.MP4,16697,9.2854,KAD_LUPE_Transect 1,1.5415,,14.424,1.25,5194.077,20.906,,,-1786.687,-495.649,-4851.857,KAD_LUPE,Peter,Mullidae,Mulloidichthys,flavolineatus,37355019,1,AD,Passing,,
GX010031_L.MP4,16697,9.2854,KAD_LUPE_Transect 1,1.5415,,18.174,4.436,5984.806,24.334,,,-2389.281,-613.824,-5452.747,KAD_LUPE,Peter,Mullidae,Mulloidichthys,flavolineatus,37355019,1,AD,Passing,,
GX010031_L.MP4,16697,9.2854,KAD_LUPE_Transect 1,1.5415,,12.018,5.946,4902.631,27.116,,,-2139.69,-646.963,-4363.365,KAD_LUPE,Peter,Mullidae,Mulloidichthys,flavolineatus,37355019,1,AD,Passing,,
GX010031_L.MP4,16697,9.2854,KAD_LUPE_Transect 1,1.5415,,12.692,5.017,4970.877,25.167,,,-2014.696,-642.662,-4498.623,KAD_LUPE,Peter,Mullidae,Mulloidichthys,flavolineatus,37355019,1,AD,Passing,,
GX010031_L.MP4,16697,9.2854,KAD_LUPE_Transect 1,1.5415,,14.349,4.663,5271.803,24.718,,,-2089.664,-704.84,-4788.362,KAD_LUPE,Peter,Mullidae,Mulloidichthys,flavolineatus,37355019,1,AD,Passing,,
GX010031_L.MP4,16697,9.2854,KAD_LUPE_Transect 1,1.5415,,11.3,0.069,4594.851,22.2,,,-1654.43,-528.88,-4253.917,KAD_LUPE,Peter,Mullidae,Mulloidichthys,flavolineatus,37355019,1,AD,Passing,,
GX010031_L.MP4,16697,9.2854,KAD_LUPE_Transect 1,1.5415,,18.501,14.002,5956.348,22.685,,,-2203.718,-651.739,-5495.174,KAD_LUPE,Peter,Mullidae,Mulloidichthys,flavolineatus,37355019,1,AD,Passing,,
GX010031_L.MP4,16697,9.2854,KAD_LUPE_Transect 1,1.5415,,13.292,7.697,4994.045,21.72,,,-1772.349,-526.594,-4639.177,KAD_LUPE,Peter,Mullidae,Mulloidichthys,flavolineatus,37355019,1,AD,Passing,,
GX010031_L.MP4,16697,9.2854,KAD_LUPE_Transect 1,1.5415,,12.073,3.902,4995.66,28.184,,,-2308.263,-491.582,-4403.055,KAD_LUPE,Peter,Mullidae,Mulloidichthys,flavolineatus,37355019,1,AD,Passing,,
GX010031_L.MP4,16697,9.2854,KAD_LUPE_Transect 1,1.5415,,10.022,11.192,4567.776,29.867,,,-2208.379,-547.646,-3960.774,KAD_LUPE,Peter,Mullidae,Mulloidichthys,flavolineatus,37355019,1,AD,Passing,,
GX010031_L.MP4,16697,9.2854,KAD_LUPE_Transect 1,1.5415,,11.072,6.408,4820.636,29.814,,,-2337.829,-530.557,-4182.296,KAD_LUPE,Peter,Mullidae,Mulloidichthys,flavolineatus,37355019,1,AD,Passing,,
GX010031_L.MP4,16697,9.2854,KAD_LUPE_Transect 1,1.5415,,10.769,6.524,4781.861,30.935,,,-2395.371,-554.675,-4101.308,KAD_LUPE,Peter,Mullidae,Mulloidichthys,flavolineatus,37355019,1,AD,Passing,,
GX010031_L.MP4,16697,9.2854,KAD_LUPE_Transect 1,1.5415,,9.211,2.886,4373.027,30.623,,,-2142.352,-612.523,-3762.78,KAD_LUPE,Peter,Mullidae,Mulloidichthys,flavolineatus,37355019,1,AD,Passing,,
GX010031_L.MP4,16697,9.2854,KAD_LUPE_Transect 1,1.5415,,9.245,6.417,4212.989,25.473,,,-1712.072,-595.575,-3803.074,KAD_LUPE,Peter,Mullidae,Mulloidichthys,flavolineatus,37355019,1,AD,Passing,,
GX010031_L.MP4,16697,9.2854,KAD_LUPE_Transect 1,1.5415,,8.361,4.344,3901.986,22.475,,,-1376.037,-577.888,-3605.282,KAD_LUPE,Peter,Mullidae,Mulloidichthys,flavolineatus,37355019,1,AD,Passing,,
GX010031_L.MP4,16697,9.2854,KAD_LUPE_Transect 1,1.5415,,19.303,1.694,5959.596,20.901,,,-1950.777,-848.643,-5566.962,KAD_LUPE,Peter,Mullidae,Mulloidichthys,flavolineatus,37355019,1,AD,Passing,,
GX010031_L.MP4,16697,9.2854,KAD_LUPE_Transect 1,1.5415,,18.839,0.224,5877.332,16.592,,,-1652.074,-298.817,-5632.441,KAD_LUPE,Peter,Mullidae,Mulloidichthys,flavolineatus,37355019,1,AD,Passing,,
GX010031_L.MP4,16697,9.2854,KAD_LUPE_Transect 1,1.5415,,18.822,6.159,5803.758,14.748,,,-1417.71,-419.042,-5612.318,KAD_LUPE,Peter,Mullidae,Mulloidichthys,flavolineatus,37355019,1,AD,Passing,,
GX010031_L.MP4,16697,9.2854,KAD_LUPE_Transect 1,1.5415,,18.214,1.355,5715.133,15.566,,,-1466.655,-451.457,-5505.257,KAD_LUPE,Peter,Mullidae,Mulloidichthys,flavolineatus,37355019,1,AD,Passing,,
GX010031_L.MP4,16697,9.2854,KAD_LUPE_Transect 1,1.5415,,15.568,2.668,5234.699,14.593,,,-1228.372,-483.215,-5065.538,KAD_LUPE,Peter,Mullidae,Mulloidichthys,flavolineatus,37355019,1,AD,Passing,,
GX010031_L.MP4,16697,9.2854,KAD_LUPE_Transect 1,1.5415,,21.859,6.836,6269.864,16.136,,,-1642.346,-585.731,-6022.526,KAD_LUPE,Peter,Mullidae,Mulloidichthys,flavolineatus,37355019,1,AD,Passing,,
GX010031_L.MP4,16697,9.2854,KAD_LUPE_Transect 1,1.5415,,20.16,4.272,5986.73,15.66,,,-1492.2,-623.775,-5764.128,KAD_LUPE,Peter,Mullidae,Mulloidichthys,flavolineatus,37355019,1,AD,Passing,,
GX010031_L.MP4,16697,9.2854,KAD_LUPE_Transect 1,1.5415,,18.127,3.147,5651.712,14.664,,,-1312.493,-572.793,-5467.277,KAD_LUPE,Peter,Mullidae,Mulloidichthys,flavolineatus,37355019,1,AD,Passing,,
GX010031_L.MP4,16697,9.2854,KAD_LUPE_Transect 1,1.5415,,22.696,1.274,6308.427,13.879,,,-1335.284,-715.585,-6123.823,KAD_LUPE,Peter,Mullidae,Mulloidichthys,flavolineatus,37355019,1,AD,Passing,,
GX010031_L.MP4,16697,9.2854,KAD_LUPE_Transect 1,1.5415,,21.448,0.043,6188.511,16.543,,,-1618.555,-700.034,-5931.939,KAD_LUPE,Peter,Mullidae,Mulloidichthys,flavolineatus,37355019,1,AD,Passing,,
GX010031_L.MP4,16697,9.2854,KAD_LUPE_Transect 1,1.5415,,21.905,8.58,6367.697,19.317,,,-2007.468,-641.391,-6008.848,KAD_LUPE,Peter,Mullidae,Mulloidichthys,flavolineatus,37355019,1,AD,Passing,,
GX010031_L.MP4,16697,9.2854,KAD_LUPE_Transect 1,1.5415,,15.658,2.904,5363.532,19.805,,,-1722.174,-583.047,-5045.954,KAD_LUPE,Peter,Mullidae,Mulloidichthys,flavolineatus,37355019,1,AD,Passing,,
GX010031_L.MP4,16697,9.2854,KAD_LUPE_Transect 1,1.5415,,17.682,1.974,5677.359,19.385,,,-1756.369,-685.905,-5355.101,KAD_LUPE,Peter,Mullidae,Mulloidichthys,flavolineatus,37355019,1,AD,Passing,,
GX010031_L.MP4,16697,9.2854,KAD_LUPE_Transect 1,1.5415,,19.297,0.114,5901.7,18.152,,,-1703.63,-694.733,-5607.589,KAD_LUPE,Peter,Mullidae,Mulloidichthys,flavolineatus,37355019,1,AD,Passing,,
GX010031_L.MP4,16697,9.2854,KAD_LUPE_Transect 1,1.5415,,16.076,4.452,5372.021,17.97,,,-1539.591,-616.563,-5109.61,KAD_LUPE,Peter,Mullidae,Mulloidichthys,flavolineatus,37355019,1,AD,Passing,,
GX010031_L.MP4,16697,9.2854,KAD_LUPE_Transect 1,1.5415,,10.603,0.68,4298.673,17.315,,,-1149.181,-564.76,-4103.538,KAD_LUPE,Peter,Mullidae,Mulloidichthys,flavolineatus,37355019,1,AD,Passing,,
GX010031_L.MP4,16697,9.2854,KAD_LUPE_Transect 1,1.5415,,9.226,2.352,4067.518,20.373,,,-1313.28,-531.814,-3812.764,KAD_LUPE,Peter,Mullidae,Mulloidichthys,flavolineatus,37355019,1,AD,Passing,,
GX010031_L.MP4,16697,9.2854,KAD_LUPE_Transect 1,1.5415,,9.401,5.18,4106.948,19.884,,,-1310.367,-486.05,-3861.828,KAD_LUPE,Peter,Mullidae,Mulloidichthys,flavolineatus,37355019,1,AD,Passing,,
GX010031_L.MP4,16697,9.2854,KAD_LUPE_Transect 1,1.5415,,7.34,0.471,3543.62,17.571,,,-951.694,-490.578,-3377.996,KAD_LUPE,Peter,Mullidae,Mulloidichthys,flavolineatus,37355019,1,AD,Passing,,
GX010031_L.MP4,16697,9.2854,KAD_LUPE_Transect 1,1.5415,,12.613,8.758,4672.318,15.79,,,-1113.333,-616.573,-4495.652,KAD_LUPE,Peter,Mullidae,Mulloidichthys,flavolineatus,37355019,1,AD,Passing,,
GX010031_L.MP4,16697,9.2854,KAD_LUPE_Transect 1,1.5415,,12.155,1.041,4575.8,16.294,,,-1091.52,-678.372,-4391.622,KAD_LUPE,Peter,Mullidae,Mulloidichthys,flavolineatus,37355019,1,AD,Passing,,
GX010031_L.MP4,16697,9.2854,KAD_LUPE_Transect 1,1.5415,,11.422,17.968,4414.294,14.893,,,-948.56,-624.906,-4265.644,KAD_LUPE,Peter,Mullidae,Mulloidichthys,flavolineatus,37355019,1,AD,Passing,,
GX010031_L.MP4,16697,9.2854,KAD_LUPE_Transect 1,1.5415,,12.598,7.928,4652.138,16.246,,,-1081.916,-725.99,-4465.958,KAD_LUPE,Peter,Mullidae,Mulloidichthys,flavolineatus,37355019,1,AD,Passing,,
GX010031_L.MP4,16697,9.2854,KAD_LUPE_Transect 1,1.5415,,13.988,4.161,4911.533,16.656,,,-1162.769,-796.295,-4705.001,KAD_LUPE,Peter,Mullidae,Mulloidichthys,flavolineatus,37355019,1,AD,Passing,,
GX010031_L.MP4,16697,9.2854,KAD_LUPE_Transect 1,1.5415,,13.532,2.658,4821.609,16.78,,,-1125.396,-821.874,-4615.834,KAD_LUPE,Peter,Mullidae,Mulloidichthys,flavolineatus,37355019,1,AD,Passing,,
GX010031_L.MP4,16697,9.2854,KAD_LUPE_Transect 1,1.5415,,15.396,3.287,5178.62,18.047,,,-1331.699,-897.604,-4923.311,KAD_LUPE,Peter,Mullidae,Mulloidichthys,flavolineatus,37355019,1,AD,Passing,,
GX010031_L.MP4,16697,9.2854,KAD_LUPE_Transect 1,1.5415,,14.213,17.819,4918.94,13.706,,,-906.279,-735.609,-4778.442,KAD_LUPE,Peter,Mullidae,Mulloidichthys,flavolineatus,37355019,1,AD,Passing,,
GX010031_L.MP4,16697,9.2854,KAD_LUPE_Transect 1,1.5415,,15.223,2.242,5073.125,14.12,,,-846.221,-906.027,-4919.312,KAD_LUPE,Peter,Mullidae,Mulloidichthys,flavolineatus,37355019,1,AD,Passing,,
GX010031_L.MP4,16697,9.2854,KAD_LUPE_Transect 1,1.5415,,12.612,3.372,4601.811,13.002,,,-670.648,-791.404,-4483.367,KAD_LUPE,Peter,Mullidae,Mulloidichthys,flavolineatus,37355019,1,AD,Passing,,
GX010031_L.MP4,16697,9.2854,KAD_LUPE_Transect 1,1.5415,,15.023,2.734,5035.698,14.851,,,-864.098,-961.613,-4866.917,KAD_LUPE,Peter,Mullidae,Mulloidichthys,flavolineatus,37355019,1,AD,Passing,,
GX010031_L.MP4,16697,9.2854,KAD_LUPE_Transect 1,1.5415,,23.126,4.957,6398.099,10.445,,,-1077.22,-433.922,-6291.818,KAD_LUPE,Peter,Mullidae,Mulloidichthys,flavolineatus,37355019,1,AD,Passing,,
GX010031_L.MP4,16697,9.2854,KAD_LUPE_Transect 1,1.5415,,20.561,2.592,6016.066,9.364,,,-883.85,-424.115,-5935.654,KAD_LUPE,Peter,Mullidae,Mulloidichthys,flavolineatus,37355019,1,AD,Passing,,
GX010031_L.MP4,16697,9.2854,KAD_LUPE_Transect 1,1.5415,,20.119,1.967,5940.785,9.336,,,-847.762,-461.828,-5861.82,KAD_LUPE,Peter,Mullidae,Mulloidichthys,flavolineatus,37355019,1,AD,Passing,,
GX010031_L.MP4,16697,9.2854,KAD_LUPE_Transect 1,1.5415,,18.992,0.757,5763.438,9.883,,,-874.627,-465.49,-5677.637,KAD_LUPE,Peter,Mullidae,Mulloidichthys,flavolineatus,37355019,1,AD,Passing,,
GX010031_L.MP4,16697,9.2854,KAD_LUPE_Transect 1,1.5415,,21.03,0.704,6070.497,11.146,,,-1046.495,-534.367,-5955.69,KAD_LUPE,Peter,Mullidae,Mulloidichthys,flavolineatus,37355019,1,AD,Passing,,
GX010031_L.MP4,16697,9.2854,KAD_LUPE_Transect 1,1.5415,,16.995,0.923,5426.227,11.121,,,-898.462,-539.975,-5324.015,KAD_LUPE,Peter,Mullidae,Mulloidichthys,flavolineatus,37355019,1,AD,Passing,,
GX010031_L.MP4,16697,9.2854,KAD_LUPE_Transect 1,1.5415,,18.143,5.211,5610.616,11.622,,,-971.025,-581.697,-5495.248,KAD_LUPE,Peter,Mullidae,Mulloidichthys,flavolineatus,37355019,1,AD,Passing,,
GX010031_L.MP4,16697,9.2854,KAD_LUPE_Transect 1,1.5415,,20.156,10.397,5949.063,12.79,,,-1196.791,-553.084,-5801.133,KAD_LUPE,Peter,Mullidae,Mulloidichthys,flavolineatus,37355019,1,AD,Passing,,
GX010031_L.MP4,16697,9.2854,KAD_LUPE_Transect 1,1.5415,,20.514,1.891,5980.865,9.02,,,-740.735,-578.427,-5906.563,KAD_LUPE,Peter,Mullidae,Mulloidichthys,flavolineatus,37355019,1,AD,Passing,,
GX010031_L.MP4,16697,9.2854,KAD_LUPE_Transect 1,1.5415,,17.508,0.398,5500.818,10.147,,,-777.841,-581.13,-5414.448,KAD_LUPE,Peter,Mullidae,Mulloidichthys,flavolineatus,37355019,1,AD,Passing,,
GX010031_L.MP4,16697,9.2854,KAD_LUPE_Transect 1,1.5415,,16.06,3.785,5248.639,10.08,,,-671.911,-629.428,-5167.259,KAD_LUPE,Peter,Mullidae,Mulloidichthys,flavolineatus,37355019,1,AD,Passing,,
GX010031_L.MP4,16697,9.2854,KAD_LUPE_Transect 1,1.5415,,19.639,1.436,5810.079,11.28,,,-841.018,-767.737,-5697.393,KAD_LUPE,Peter,Mullidae,Mulloidichthys,flavolineatus,37355019,1,AD,Passing,,
GX010031_L.MP4,16697,9.2854,KAD_LUPE_Transect 1,1.5415,,16.294,3.578,5253.973,11.666,,,-377.806,-995.904,-5144.868,KAD_LUPE,Peter,Mullidae,Mulloidichthys,flavolineatus,37355019,1,AD,Passing,,
GX010031_L.MP4,16697,9.2854,KAD_LUPE_Transect 1,1.5415,,14.493,1.114,4955.141,11.025,,,-213.367,-926.146,-4863.142,KAD_LUPE,Peter,Mullidae,Mulloidichthys,flavolineatus,37355019,1,AD,Passing,,
GX010031_L.MP4,16697,9.2854,KAD_LUPE_Transect 1,1.5415,,14.626,2.399,4975.455,10.862,,,-389.717,-855.588,-4885.821,KAD_LUPE,Peter,Mullidae,Mulloidichthys,flavolineatus,37355019,1,AD,Passing,,
GX010031_L.MP4,16697,9.2854,KAD_LUPE_Transect 1,1.5415,,10.728,0.246,4234.48,10.986,,,-409.689,-697.622,-4156.477,KAD_LUPE,Peter,Mullidae,Mulloidichthys,flavolineatus,37355019,1,AD,Passing,,
GX010031_L.MP4,16697,9.2854,KAD_LUPE_Transect 1,1.5415,,12.502,1.865,4592.662,10.608,,,-504.61,-681.042,-4513.767,KAD_LUPE,Peter,Mullidae,Mulloidichthys,flavolineatus,37355019,1,AD,Passing,,
GX010031_L.MP4,16697,9.2854,KAD_LUPE_Transect 1,1.5415,,15.384,9.33,5117.505,10.31,,,-546.604,-737.872,-5034.445,KAD_LUPE,Peter,Mullidae,Mulloidichthys,flavolineatus,37355019,1,AD,Passing,,
GX010031_L.MP4,16697,9.2854,KAD_LUPE_Transect 1,1.5415,,11.214,2.321,4348.604,9.282,,,-320.025,-626.64,-4291.301,KAD_LUPE,Peter,Mullidae,Mulloidichthys,flavolineatus,37355019,1,AD,Passing,,
GX010031_L.MP4,16697,9.2854,KAD_LUPE_Transect 1,1.5415,,18.366,4.323,5628.789,8.924,,,-298.503,-823.853,-5560.165,KAD_LUPE,Peter,Mullidae,Mulloidichthys,flavolineatus,37355019,1,AD,Passing,,
GX010031_L.MP4,16697,9.2854,KAD_LUPE_Transect 1,1.5415,,24.292,6.38,6583.842,5.84,,,-415.961,-528.98,-6549.362,KAD_LUPE,Peter,Mullidae,Mulloidichthys,flavolineatus,37355019,1,AD,Passing,,
GX010031_L.MP4,16697,9.2854,KAD_LUPE_Transect 1,1.5415,,24.529,3.826,6609.631,6.013,,,-357.764,-596.691,-6572.913,KAD_LUPE,Peter,Mullidae,Mulloidichthys,flavolineatus,37355019,1,AD,Passing,,
GX010031_L.MP4,16697,9.2854,KAD_LUPE_Transect 1,1.5415,,23.915,7.75,6509.963,6.481,,,-351.244,-649.159,-6467.985,KAD_LUPE,Peter,Mullidae,Mulloidichthys,flavolineatus,37355019,1,AD,Passing,,
GX010031_L.MP4,16697,9.2854,KAD_LUPE_Transect 1,1.5415,,22.766,2.975,6351.999,6.32,,,-190.118,-676.536,-6313.006,KAD_LUPE,Peter,Mullidae,Mulloidichthys,flavolineatus,37355019,1,AD,Passing,,
GX010031_L.MP4,16697,9.2854,KAD_LUPE_Transect 1,1.5415,,22.138,2.641,6259.406,6.39,,,-114.412,-690.783,-6220.12,KAD_LUPE,Peter,Mullidae,Mulloidichthys,flavolineatus,37355019,1,AD,Passing,,
GX010031_L.MP4,16697,9.2854,KAD_LUPE_Transect 1,1.5415,,23.415,4.936,6457.045,5.89,,,-104.062,-658.148,-6422.572,KAD_LUPE,Peter,Mullidae,Mulloidichthys,flavolineatus,37355019,1,AD,Passing,,
GX010031_L.MP4,16697,9.2854,KAD_LUPE_Transect 1,1.5415,,21.731,2.711,6184.549,7.61,,,-635.018,-520.818,-6129.775,KAD_LUPE,Peter,Mullidae,Mulloidichthys,flavolineatus,37355019,1,AD,Passing,,
GX010031_L.MP4,16697,9.2854,KAD_LUPE_Transect 1,1.5415,,24.832,2.764,6614.111,8.023,,,-709.764,-594.129,-6549.023,KAD_LUPE,Peter,Mullidae,Mulloidichthys,flavolineatus,37355019,1,AD,Passing,,
GX010031_L.MP4,16697,9.2854,KAD_LUPE_Transect 1,1.5415,,25.269,3.149,6679.7,7.204,,,-520.635,-660.105,-6626.583,KAD_LUPE,Peter,Mullidae,Mulloidichthys,flavolineatus,37355019,1,AD,Passing,,
GX010031_L.MP4,16697,9.2854,KAD_LUPE_Transect 1,1.5415,,23.885,2.716,6472.484,7.926,,,-587.219,-675.937,-6410.252,KAD_LUPE,Peter,Mullidae,Mulloidichthys,flavolineatus,37355019,1,AD,Passing,,
GX010031_L.MP4,16697,9.2854,KAD_LUPE_Transect 1,1.5415,,21.031,5.338,6070.625,7.319,,,-409.571,-659.474,-6020.784,KAD_LUPE,Peter,Mullidae,Mulloidichthys,flavolineatus,37355019,1,AD,Passing,,
GX010031_L.MP4,16697,9.2854,KAD_LUPE_Transect 1,1.5415,,20.663,6.187,6008.49,7.672,,,34.257,-804.898,-5954.235,KAD_LUPE,Peter,Mullidae,Mulloidichthys,flavolineatus,37355019,1,AD,Passing,,
GX010031_L.MP4,16697,9.2854,KAD_LUPE_Transect 1,1.5415,,21.599,5.571,6130.987,7.737,,,218.315,-799.551,-6074.706,KAD_LUPE,Peter,Mullidae,Mulloidichthys,flavolineatus,37355019,1,AD,Passing,,
GX010031_L.MP4,16697,9.2854,KAD_LUPE_Transect 1,1.5415,,17.665,3.897,5520.865,8.094,,,157.269,-764.426,-5465.425,KAD_LUPE,Peter,Mullidae,Mulloidichthys,flavolineatus,37355019,1,AD,Passing,,
GX010031_L.MP4,16697,9.2854,KAD_LUPE_Transect 1,1.5415,,18.889,8.14,5715.233,8.635,,,72.71,-858.268,-5649.954,KAD_LUPE,Peter,Mullidae,Mulloidichthys,flavolineatus,37355019,1,AD,Passing,,
GX010031_L.MP4,16697,9.2854,KAD_LUPE_Transect 1,1.5415,,17.523,2.34,5487.576,8.871,,,132.932,-838.901,-5421.445,KAD_LUPE,Peter,Mullidae,Mulloidichthys,flavolineatus,37355019,1,AD,Passing,,
GX010031_L.MP4,16697,9.2854,KAD_LUPE_Transect 1,1.5415,,22.083,5.02,6174.094,9.289,,,203.127,-979.221,-6092.561,KAD_LUPE,Peter,Mullidae,Mulloidichthys,flavolineatus,37355019,1,AD,Passing,,
GX010031_L.MP4,16697,9.2854,KAD_LUPE_Transect 1,1.5415,,20.849,9.331,6005.479,9.171,,,97.186,-955.734,-5928.145,KAD_LUPE,Peter,Mullidae,Mulloidichthys,flavolineatus,37355019,1,AD,Passing,,
GX010031_L.MP4,16697,9.2854,KAD_LUPE_Transect 1,1.5415,,20.222,6.664,5918.379,9.153,,,-27.439,-944.507,-5842.462,KAD_LUPE,Peter,Mullidae,Mulloidichthys,flavolineatus,37355019,1,AD,Passing,,
GX010031_L.MP4,16697,9.2854,KAD_LUPE_Transect 1,1.5415,,21.452,12.484,6102.104,9.208,,,-104.018,-974.441,-6022.9,KAD_LUPE,Peter,Mullidae,Mulloidichthys,flavolineatus,37355019,1,AD,Passing,,
GX010031_L.MP4,16697,9.2854,KAD_LUPE_Transect 1,1.5415,,16.969,4.867,5392.799,9.787,,,-206.952,-896.112,-5313.797,KAD_LUPE,Peter,Mullidae,Mulloidichthys,flavolineatus,37355019,1,AD,Passing,,
GX010031_L.MP4,16697,9.2854,KAD_LUPE_Transect 1,1.5415,,13.416,2.12,4750.54,11.828,,,-316.301,-923.686,-4649.128,KAD_LUPE,Peter,Mullidae,Mulloidichthys,flavolineatus,37355019,1,AD,Passing,,
GX010031_L.MP4,16697,9.2854,KAD_LUPE_Transect 1,1.5415,,16.707,2.185,5335.973,11.271,,,-104.303,-1040.767,-5232.45,KAD_LUPE,Peter,Mullidae,Mulloidichthys,flavolineatus,37355019,1,AD,Passing,,
GX010031_L.MP4,16697,9.2854,KAD_LUPE_Transect 1,1.5415,,13.821,0.787,4839.244,10.61,,,-43.229,-892.72,-4755.992,KAD_LUPE,Peter,Mullidae,Mulloidichthys,flavolineatus,37355019,1,AD,Passing,,
GX010031_L.MP4,16697,9.2854,KAD_LUPE_Transect 1,1.5415,,14.627,2.892,4970.062,10.756,,,162.859,-915.965,-4882.212,KAD_LUPE,Peter,Mullidae,Mulloidichthys,flavolineatus,37355019,1,AD,Passing,,
GX010031_L.MP4,16697,9.2854,KAD_LUPE_Transect 1,1.5415,,15.974,0.482,5196.39,11.164,,,195.036,-989.977,-5097.487,KAD_LUPE,Peter,Mullidae,Mulloidichthys,flavolineatus,37355019,1,AD,Passing,,
GX010031_L.MP4,16697,9.2854,KAD_LUPE_Transect 1,1.5415,,17.861,3.388,5509.363,11.359,,,161.8,-1076.175,-5400.81,KAD_LUPE,Peter,Mullidae,Mulloidichthys,flavolineatus,37355019,1,AD,Passing,,
GX010031_L.MP4,16697,9.2854,KAD_LUPE_Transect 1,1.5415,,15.763,0.119,5148.701,12.003,,,238.614,-1046.719,-5035.53,KAD_LUPE,Peter,Mullidae,Mulloidichthys,flavolineatus,37355019,1,AD,Passing,,
GX010031_L.MP4,16697,9.2854,KAD_LUPE_Transect 1,1.5415,,13.128,2.926,4677.667,12.899,,,219.614,-1023.522,-4559.029,KAD_LUPE,Peter,Mullidae,Mulloidichthys,flavolineatus,37355019,1,AD,Passing,,
GX010031_L.MP4,16697,9.2854,KAD_LUPE_Transect 1,1.5415,,16.907,3.383,5334.882,13.03,,,228.412,-1183.936,-5196.834,KAD_LUPE,Peter,Mullidae,Mulloidichthys,flavolineatus,37355019,1,AD,Passing,,
GX010031_L.MP4,16697,9.2854,KAD_LUPE_Transect 1,1.5415,,15.726,11.586,5154.697,12.836,,,75.99,-1145.597,-5025.21,KAD_LUPE,Peter,Mullidae,Mulloidichthys,flavolineatus,37355019,1,AD,Passing,,
GX010031_L.MP4,16697,9.2854,KAD_LUPE_Transect 1,1.5415,,18.775,9.471,5642.044,10.479,,,338.951,-971.762,-5547.382,KAD_LUPE,Peter,Mullidae,Mulloidichthys,flavolineatus,37355019,1,AD,Passing,,
GX010031_L.MP4,16697,9.2854,KAD_LUPE_Transect 1,1.5415,,17.943,2.237,5486.132,11.27,,,479.31,-962.25,-5379.775,KAD_LUPE,Peter,Mullidae,Mulloidichthys,flavolineatus,37355019,1,AD,Passing,,
GX010031_L.MP4,16697,9.2854,KAD_LUPE_Transect 1,1.5415,,20.121,0.016,5839.424,10.042,,,486.208,-897.96,-5749.447,KAD_LUPE,Peter,Mullidae,Mulloidichthys,flavolineatus,37355019,1,AD,Passing,,
GX010031_L.MP4,16697,9.2854,KAD_LUPE_Transect 1,1.5415,,22.852,2.241,6248.338,9.211,,,560.044,-832.318,-6167.278,KAD_LUPE,Peter,Mullidae,Mulloidichthys,flavolineatus,37355019,1,AD,Passing,,
GX010031_L.MP4,16697,9.2854,KAD_LUPE_Transect 1,1.5415,,21.352,6.848,6050.202,8.762,,,440.381,-813.116,-5979.118,KAD_LUPE,Peter,Mullidae,Mulloidichthys,flavolineatus,37355019,1,AD,Passing,,
GX010031_L.MP4,16697,9.2854,KAD_LUPE_Transect 1,1.5415,,20.547,2.268,5959.846,7.579,,,404.866,-677.185,-5907.391,KAD_LUPE,Peter,Mullidae,Mulloidichthys,flavolineatus,37355019,1,AD,Passing,,
GX010031_L.MP4,16697,9.2854,KAD_LUPE_Transect 1,1.5415,,22.768,2.76,6284.961,7.458,,,468.197,-671.718,-6231.398,KAD_LUPE,Peter,Mullidae,Mulloidichthys,flavolineatus,37355019,1,AD,Passing,,
GX010031_L.MP4,16697,9.2854,KAD_LUPE_Transect 1,1.5415,,18.648,2.35,5699.504,7.54,,,-260.157,-704.481,-5649.812,KAD_LUPE,Peter,Mullidae,Mulloidichthys,flavolineatus,37355019,1,AD,Passing,,
GX010031_L.MP4,16697,9.2854,KAD_LUPE_Transect 1,1.5415,,20.215,3.591,5930.802,8.101,,,-317.622,-776.444,-5871.172,KAD_LUPE,Peter,Mullidae,Mulloidichthys,flavolineatus,37355019,1,AD,Passing,,
GX010031_L.MP4,16697,9.2854,KAD_LUPE_Transect 1,1.5415,,24.88,1.206,6586.638,8.622,,,-517.804,-844.606,-6511.706,KAD_LUPE,Peter,Mullidae,Mulloidichthys,flavolineatus,37355019,1,AD,Passing,,
GX010031_L.MP4,16697,9.2854,KAD_LUPE_Transect 1,1.5415,,19.663,5.415,5847.53,8.006,,,-386.961,-719.955,-5790.124,KAD_LUPE,Peter,Mullidae,Mulloidichthys,flavolineatus,37355019,1,AD,Passing,,
GX010031_L.MP4,16697,9.2854,KAD_LUPE_Transect 1,1.5415,,21.074,1.873,6062.968,7.948,,,-468.819,-698.575,-6004.314,KAD_LUPE,Peter,Mullidae,Mulloidichthys,flavolineatus,37355019,1,AD,Passing,,
GX010031_L.MP4,16697,9.2854,KAD_LUPE_Transect 1,1.5415,,18.384,1.603,5640.94,8.468,,,-496.079,-669.489,-5579.059,KAD_LUPE,Peter,Mullidae,Mulloidichthys,flavolineatus,37355019,1,AD,Passing,,
GX010031_L.MP4,16697,9.2854,KAD_LUPE_Transect 1,1.5415,,19.905,1.995,5858.276,9.881,,,6.621,-1008.687,-5770.78,KAD_LUPE,Peter,Mullidae,Mulloidichthys,flavolineatus,37355019,1,AD,Passing,,
GX010031_L.MP4,16697,9.2854,KAD_LUPE_Transect 1,1.5415,,18.183,1.725,5590.28,9.544,,,65.671,-927.747,-5512.368,KAD_LUPE,Peter,Mullidae,Mulloidichthys,flavolineatus,37355019,1,AD,Passing,,
GX010031_L.MP4,16697,9.2854,KAD_LUPE_Transect 1,1.5415,,22.585,9.549,6257.459,9.814,,,-60.671,-1068.421,-6165.273,KAD_LUPE,Peter,Mullidae,Mulloidichthys,flavolineatus,37355019,1,AD,Passing,,
GX010031_L.MP4,16697,9.2854,KAD_LUPE_Transect 1,1.5415,,16.414,0.122,5281.245,11.995,,,-130.382,-1092.838,-5165.293,KAD_LUPE,Peter,Mullidae,Mulloidichthys,flavolineatus,37355019,1,AD,Passing,,
GX010031_L.MP4,16697,9.2854,KAD_LUPE_Transect 1,1.5415,,22.55,0.983,6172.428,10.721,,,609.396,-976.761,-6064.111,KAD_LUPE,Peter,Mullidae,Mulloidichthys,flavolineatus,37355019,1,AD,Passing,,
GX010031_L.MP4,16697,9.2854,KAD_LUPE_Transect 1,1.5415,,24.75,4.003,6469.403,10.764,,,737.301,-960.863,-6355.022,KAD_LUPE,Peter,Mullidae,Mulloidichthys,flavolineatus,37355019,1,AD,Passing,,
GX010031_L.MP4,16697,9.2854,KAD_LUPE_Transect 1,1.5415,,23.48,2.933,6335.307,9.353,,,760.08,-698.24,-6250.668,KAD_LUPE,Peter,Mullidae,Mulloidichthys,flavolineatus,37355019,1,AD,Passing,,
GX010031_L.MP4,16697,9.2854,KAD_LUPE_Transect 1,1.5415,,26.635,7.999,6732.483,10.52,,,933.333,-803.719,-6618.856,KAD_LUPE,Peter,Mullidae,Mulloidichthys,flavolineatus,37355019,1,AD,Passing,,
GX010031_L.MP4,16697,9.2854,KAD_LUPE_Transect 1,1.5415,,26.771,1.754,6739.38,10.943,,,957.651,-852.262,-6616.328,KAD_LUPE,Peter,Mullidae,Mulloidichthys,flavolineatus,37355019,1,AD,Passing,,
GX010031_L.MP4,16697,9.2854,KAD_LUPE_Transect 1,1.5415,,25.734,0.578,6595.629,11.329,,,953.69,-880.86,-6466.598,KAD_LUPE,Peter,Mullidae,Mulloidichthys,flavolineatus,37355019,1,AD,Passing,,
GX010031_L.MP4,16697,9.2854,KAD_LUPE_Transect 1,1.5415,,25.845,4.795,6598.254,11.98,,,1003.121,-936.218,-6454.007,KAD_LUPE,Peter,Mullidae,Mulloidichthys,flavolineatus,37355019,1,AD,Passing,,
GX010031_L.MP4,16697,9.2854,KAD_LUPE_Transect 1,1.5415,,23.504,7.407,6282.702,11.703,,,736.223,-1043.777,-6151.491,KAD_LUPE,Peter,Mullidae,Mulloidichthys,flavolineatus,37355019,1,AD,Passing,,
GX010031_L.MP4,16697,9.2854,KAD_LUPE_Transect 1,1.5415,,33.059,0.133,7457.112,12.599,,,1070.139,-1229.202,-7276.839,KAD_LUPE,Peter,Mullidae,Mulloidichthys,flavolineatus,37355019,1,AD,Passing,,
GX010031_L.MP4,16697,9.2854,KAD_LUPE_Transect 1,1.5415,,23.76,8.53,6299.519,13.302,,,1019.152,-1034.163,-6129.909,KAD_LUPE,Peter,Mullidae,Mulloidichthys,flavolineatus,37355019,1,AD,Passing,,
GX010031_L.MP4,16697,9.2854,KAD_LUPE_Transect 1,1.5415,,19.523,2.916,5729.91,11.722,,,444.51,-1079.172,-5609.783,KAD_LUPE,Peter,Mullidae,Mulloidichthys,flavolineatus,37355019,1,AD,Passing,,
GX010031_L.MP4,16697,9.2854,KAD_LUPE_Transect 1,1.5415,,21.13,4.356,5907.049,15.916,,,977.807,-1294.834,-5679.835,KAD_LUPE,Peter,Mullidae,Mulloidichthys,flavolineatus,37355019,1,AD,Passing,,
GX010031_L.MP4,16697,9.2854,KAD_LUPE_Transect 1,1.5415,,18.508,0.983,5522.843,15.492,,,892.725,-1177.536,-5321.49,KAD_LUPE,Peter,Mullidae,Mulloidichthys,flavolineatus,37355019,1,AD,Passing,,
GX010031_L.MP4,16697,9.2854,KAD_LUPE_Transect 1,1.5415,,17.755,2.353,5403.899,17.855,,,874.155,-1410.559,-5142.791,KAD_LUPE,Peter,Mullidae,Mulloidichthys,flavolineatus,37355019,1,AD,Passing,,
GX010031_L.MP4,16697,9.2854,KAD_LUPE_Transect 1,1.5415,,25.899,7.957,6801.132,24.232,,,-1958.029,-1993.167,-6200.71,KAD_LUPE,Peter,Mullidae,Mulloidichthys,flavolineatus,37355019,1,AD,Passing,,
GX010031_L.MP4,16697,9.2854,KAD_LUPE_Transect 1,1.5415,,5.298,2.766,3057.704,27.438,,,-1000.429,-993.699,-2713.163,KAD_LUPE,Peter,Mullidae,Mulloidichthys,flavolineatus,37355019,1,AD,Passing,,
GX010031_L.MP4,16913,9.4055,KAD_LUPE_Transect 1,1.6617,,11.549,4.067,4888.105,28.787,,,-2292.041,533.671,-4284.311,KAD_LUPE,Peter,Labridae,Thalassoma,lutescens,37384168,1,AD,Passing,,
GX010031_L.MP4,16922,9.4105,KAD_LUPE_Transect 1,1.6667,,4.335,4.254,2843.125,26.162,,,-1212.635,-319.134,-2551.672,KAD_LUPE,Peter,Pomacentridae,Pomacentrus,moluccensis,37372118,1,AD,Passing,,
GX010031_L.MP4,16985,9.4455,KAD_LUPE_Transect 1,1.7017,,12.591,0.914,4733.87,26.033,,,1762.045,-1103.297,-4252.935,KAD_LUPE,Peter,Pomacentridae,Dascyllus,aruanus,37372073,1,AD,Passing,,
GX010031_L.MP4,16985,9.4455,KAD_LUPE_Transect 1,1.7017,80.426,6.869,2.402,3868.807,14.39,6.274,17.157,759.43,-589.64,-3747.434,KAD_LUPE,Peter,Mullidae,Mulloidichthys,flavolineatus,37355019,1,AD,Passing,,
GX010031_L.MP4,16985,9.4455,KAD_LUPE_Transect 1,1.7017,,9.161,0.77,3853.7,13.839,,,628.234,-676.769,-3741.431,KAD_LUPE,Peter,Mullidae,Mulloidichthys,flavolineatus,37355019,1,AD,Passing,,
GX010031_L.MP4,16985,9.4455,KAD_LUPE_Transect 1,1.7017,,10.839,6.139,4217.625,16.102,,,915.002,-731.14,-4051.736,KAD_LUPE,Peter,Mullidae,Mulloidichthys,flavolineatus,37355019,1,AD,Passing,,
GX010031_L.MP4,16985,9.4455,KAD_LUPE_Transect 1,1.7017,,11.111,4.443,4281.638,17.438,,,1022.155,-777.969,-4084.407,KAD_LUPE,Peter,Mullidae,Mulloidichthys,flavolineatus,37355019,1,AD,Passing,,
GX010031_L.MP4,16985,9.4455,KAD_LUPE_Transect 1,1.7017,,9.993,4.864,4059.192,18.72,,,1024.017,-807.646,-3843.975,KAD_LUPE,Peter,Mullidae,Mulloidichthys,flavolineatus,37355019,1,AD,Passing,,
GX010031_L.MP4,16985,9.4455,KAD_LUPE_Transect 1,1.7017,,9.662,2.512,3957.758,17.159,,,761.221,-887.64,-3781.07,KAD_LUPE,Peter,Mullidae,Mulloidichthys,flavolineatus,37355019,1,AD,Passing,,
GX010031_L.MP4,16985,9.4455,KAD_LUPE_Transect 1,1.7017,,5.331,1.021,2898.055,15.898,,,411.304,-680.594,-2786.816,KAD_LUPE,Peter,Mullidae,Mulloidichthys,flavolineatus,37355019,1,AD,Passing,,
GX010031_L.MP4,16985,9.4455,KAD_LUPE_Transect 1,1.7017,,8.743,0.973,3754.175,15.568,,,533.14,-857.03,-3615.949,KAD_LUPE,Peter,Mullidae,Mulloidichthys,flavolineatus,37355019,1,AD,Passing,,
GX010031_L.MP4,16985,9.4455,KAD_LUPE_Transect 1,1.7017,,7.158,2.516,3384.771,14.897,,,572.342,-657.354,-3270.625,KAD_LUPE,Peter,Mullidae,Mulloidichthys,flavolineatus,37355019,1,AD,Passing,,
GX010031_L.MP4,16985,9.4455,KAD_LUPE_Transect 1,1.7017,,10.997,0.934,4318.424,21.139,,,1317.094,-833.448,-4027.334,KAD_LUPE,Peter,Mullidae,Mulloidichthys,flavolineatus,37355019,1,AD,Passing,,
GX010031_L.MP4,16985,9.4455,KAD_LUPE_Transect 1,1.7017,,7.383,1.183,3501.236,21.328,,,1033.134,-746.367,-3261.016,KAD_LUPE,Peter,Mullidae,Mulloidichthys,flavolineatus,37355019,1,AD,Passing,,
GX010031_L.MP4,16985,9.4455,KAD_LUPE_Transect 1,1.7017,,8.33,1.123,3735.68,22.035,,,1128.428,-833.249,-3462.319,KAD_LUPE,Peter,Mullidae,Mulloidichthys,flavolineatus,37355019,1,AD,Passing,,
GX010031_L.MP4,16985,9.4455,KAD_LUPE_Transect 1,1.7017,,8.654,1.803,3800.61,23.223,,,1084.306,-1036.5,-3492.075,KAD_LUPE,Peter,Mullidae,Mulloidichthys,flavolineatus,37355019,1,AD,Passing,,
GX010031_L.MP4,16985,9.4455,KAD_LUPE_Transect 1,1.7017,,7.401,1.65,3506.082,22.602,,,1022.999,-878.921,-3236.292,KAD_LUPE,Peter,Mullidae,Mulloidichthys,flavolineatus,37355019,1,AD,Passing,,
GX010031_L.MP4,16985,9.4455,KAD_LUPE_Transect 1,1.7017,,10.945,0.11,4330.607,21.18,,,1380.97,-737.895,-4037.647,KAD_LUPE,Peter,Mullidae,Mulloidichthys,flavolineatus,37355019,1,AD,Passing,,
GX010031_L.MP4,16985,9.4455,KAD_LUPE_Transect 1,1.7017,,9.67,1.537,4051.055,20.922,,,1260.742,-711.574,-3783.548,KAD_LUPE,Peter,Mullidae,Mulloidichthys,flavolineatus,37355019,1,AD,Passing,,
GX010031_L.MP4,16985,9.4455,KAD_LUPE_Transect 1,1.7017,,12.401,1.994,4642.329,22.194,,,1557.309,-808.678,-4297.911,KAD_LUPE,Peter,Mullidae,Mulloidichthys,flavolineatus,37355019,1,AD,Passing,,
GX010031_L.MP4,16985,9.4455,KAD_LUPE_Transect 1,1.7017,,6.553,2.121,3325.487,23.98,,,1095.153,-793.827,-3037.983,KAD_LUPE,Peter,Mullidae,Mulloidichthys,flavolineatus,37355019,1,AD,Passing,,
GX010031_L.MP4,16985,9.4455,KAD_LUPE_Transect 1,1.7017,,17.746,3.224,5615.344,22.307,,,1957.588,-846.084,-5194.621,KAD_LUPE,Peter,Mullidae,Mulloidichthys,flavolineatus,37355019,1,AD,Passing,,
GX010031_L.MP4,16985,9.4455,KAD_LUPE_Transect 1,1.7017,,15.101,2.53,5179.5,22.9,,,1842.193,-820.4,-4770.795,KAD_LUPE,Peter,Mullidae,Mulloidichthys,flavolineatus,37355019,1,AD,Passing,,
GX010031_L.MP4,16985,9.4455,KAD_LUPE_Transect 1,1.7017,,10.699,0.159,4359.411,24.014,,,1615.968,-734.549,-3981.652,KAD_LUPE,Peter,Mullidae,Mulloidichthys,flavolineatus,37355019,1,AD,Passing,,
GX010031_L.MP4,16985,9.4455,KAD_LUPE_Transect 1,1.7017,,12.613,0.676,4797.811,25.432,,,1903.51,-791.068,-4332.418,KAD_LUPE,Peter,Mullidae,Mulloidichthys,flavolineatus,37355019,1,AD,Passing,,
GX010031_L.MP4,16985,9.4455,KAD_LUPE_Transect 1,1.7017,,9.46,1.478,4041.456,23.633,,,1383.862,-844.678,-3702.001,KAD_LUPE,Peter,Mullidae,Mulloidichthys,flavolineatus,37355019,1,AD,Passing,,
GX010031_L.MP4,16985,9.4455,KAD_LUPE_Transect 1,1.7017,,18.974,3.628,5878.282,23.091,,,2185.169,-737.923,-5406.913,KAD_LUPE,Peter,Mullidae,Mulloidichthys,flavolineatus,37355019,1,AD,Passing,,
GX010031_L.MP4,16985,9.4455,KAD_LUPE_Transect 1,1.7017,,19.01,1.359,5894.31,23.654,,,2231.775,-785.289,-5398.647,KAD_LUPE,Peter,Mullidae,Mulloidichthys,flavolineatus,37355019,1,AD,Passing,,
GX010031_L.MP4,16985,9.4455,KAD_LUPE_Transect 1,1.7017,,19.584,3.736,5964.24,23.107,,,2204.892,-788.871,-5485.279,KAD_LUPE,Peter,Mullidae,Mulloidichthys,flavolineatus,37355019,1,AD,Passing,,
GX010031_L.MP4,16985,9.4455,KAD_LUPE_Transect 1,1.7017,,15.239,5.188,5231.143,22.955,,,1907.226,-727.342,-4816.463,KAD_LUPE,Peter,Mullidae,Mulloidichthys,flavolineatus,37355019,1,AD,Passing,,
GX010031_L.MP4,16985,9.4455,KAD_LUPE_Transect 1,1.7017,,19.211,1.121,5877.808,22.895,,,2122.698,-853.526,-5414.266,KAD_LUPE,Peter,Mullidae,Mulloidichthys,flavolineatus,37355019,1,AD,Passing,,
GX010031_L.MP4,16985,9.4455,KAD_LUPE_Transect 1,1.7017,,18.889,5.252,5940.936,25.178,,,2404.397,-782.277,-5376.024,KAD_LUPE,Peter,Mullidae,Mulloidichthys,flavolineatus,37355019,1,AD,Passing,,
GX010031_L.MP4,16985,9.4455,KAD_LUPE_Transect 1,1.7017,,19.939,8.78,6090.523,24.33,,,2402.823,-726.205,-5549.192,KAD_LUPE,Peter,Mullidae,Mulloidichthys,flavolineatus,37355019,1,AD,Passing,,
GX010031_L.MP4,16985,9.4455,KAD_LUPE_Transect 1,1.7017,,18.041,0.018,5811.342,25.782,,,2388.363,-830.509,-5232.368,KAD_LUPE,Peter,Mullidae,Mulloidichthys,flavolineatus,37355019,1,AD,Passing,,
GX010031_L.MP4,16985,9.4455,KAD_LUPE_Transect 1,1.7017,,13.938,1.078,5182.274,27.855,,,2317.797,-703.279,-4581.395,KAD_LUPE,Peter,Mullidae,Mulloidichthys,flavolineatus,37355019,1,AD,Passing,,
GX010031_L.MP4,16985,9.4455,KAD_LUPE_Transect 1,1.7017,,15.102,0.553,5375.228,27.537,,,2362.251,-774.307,-4765.847,KAD_LUPE,Peter,Mullidae,Mulloidichthys,flavolineatus,37355019,1,AD,Passing,,
GX010031_L.MP4,16985,9.4455,KAD_LUPE_Transect 1,1.7017,,12.809,4.127,4849.384,26.868,,,1975.816,-950.851,-4325.339,KAD_LUPE,Peter,Mullidae,Mulloidichthys,flavolineatus,37355019,1,AD,Passing,,
GX010031_L.MP4,16985,9.4455,KAD_LUPE_Transect 1,1.7017,,15.212,3.16,5354.97,28.24,,,2314.298,-1034.317,-4716.981,KAD_LUPE,Peter,Mullidae,Mulloidichthys,flavolineatus,37355019,1,AD,Passing,,
GX010031_L.MP4,16985,9.4455,KAD_LUPE_Transect 1,1.7017,,13.323,1.566,5062.471,29.544,,,2310.726,-947.04,-4403.666,KAD_LUPE,Peter,Mullidae,Mulloidichthys,flavolineatus,37355019,1,AD,Passing,,
GX010031_L.MP4,16985,9.4455,KAD_LUPE_Transect 1,1.7017,,14.969,4.497,5388.182,29.443,,,2479.342,-934.449,-4691.713,KAD_LUPE,Peter,Mullidae,Mulloidichthys,flavolineatus,37355019,1,AD,Passing,,
GX010031_L.MP4,16985,9.4455,KAD_LUPE_Transect 1,1.7017,,13.845,2.728,5185.657,29.231,,,2391.83,-834.397,-4524.817,KAD_LUPE,Peter,Mullidae,Mulloidichthys,flavolineatus,37355019,1,AD,Passing,,
GX010031_L.MP4,16985,9.4455,KAD_LUPE_Transect 1,1.7017,,15.906,2.084,5538.257,28.364,,,2487.123,-861.067,-4872.891,KAD_LUPE,Peter,Mullidae,Mulloidichthys,flavolineatus,37355019,1,AD,Passing,,
GX010031_L.MP4,17224,9.5785,KAD_LUPE_Transect 1,1.8346,117.156,6.093,13.334,2190.648,26.715,74.403,15.853,-860.226,-479.455,-1956.802,KAD_LUPE,Peter,Mullidae,Mulloidichthys,flavolineatus,37355019,1,AD,Passing,,
GX010031_L.MP4,17224,9.5785,KAD_LUPE_Transect 1,1.8346,83.843,3.518,2.183,2683.055,17.874,3.695,28.107,539.385,-622.253,-2553.556,KAD_LUPE,Peter,Mullidae,Mulloidichthys,flavolineatus,37355019,1,AD,Passing,,
GX010031_L.MP4,17224,9.5785,KAD_LUPE_Transect 1,1.8346,,7.593,1.259,3954.12,27.973,,,-1854.711,0.037,-3492.15,KAD_LUPE,Peter,Mullidae,Mulloidichthys,flavolineatus,37355019,1,AD,Passing,,
GX010031_L.MP4,17224,9.5785,KAD_LUPE_Transect 1,1.8346,,6.758,1.43,3745.678,29.101,,,-1821.433,-33.285,-3272.824,KAD_LUPE,Peter,Mullidae,Mulloidichthys,flavolineatus,37355019,1,AD,Passing,,
GX010031_L.MP4,17224,9.5785,KAD_LUPE_Transect 1,1.8346,,8.091,3.167,4015.169,25.591,,,-1733.725,-48.357,-3621.248,KAD_LUPE,Peter,Mullidae,Mulloidichthys,flavolineatus,37355019,1,AD,Passing,,
GX010031_L.MP4,17224,9.5785,KAD_LUPE_Transect 1,1.8346,,8.097,0.843,4030.966,26.227,,,-1775.992,-140.6,-3615.905,KAD_LUPE,Peter,Mullidae,Mulloidichthys,flavolineatus,37355019,1,AD,Passing,,
GX010031_L.MP4,17224,9.5785,KAD_LUPE_Transect 1,1.8346,,8.289,2.015,4008.131,24.065,,,-1622.852,-196.048,-3659.649,KAD_LUPE,Peter,Mullidae,Mulloidichthys,flavolineatus,37355019,1,AD,Passing,,
GX010031_L.MP4,17224,9.5785,KAD_LUPE_Transect 1,1.8346,,9.967,0.911,4383.093,23.119,,,-1703.072,-250.172,-4030.939,KAD_LUPE,Peter,Mullidae,Mulloidichthys,flavolineatus,37355019,1,AD,Passing,,
GX010031_L.MP4,17224,9.5785,KAD_LUPE_Transect 1,1.8346,,7.012,0.506,3641.076,23.865,,,-1441.765,-304.266,-3329.59,KAD_LUPE,Peter,Mullidae,Mulloidichthys,flavolineatus,37355019,1,AD,Passing,,
GX010031_L.MP4,17224,9.5785,KAD_LUPE_Transect 1,1.8346,,9.948,4.708,4278.338,21.433,,,-1487.261,-484.047,-3982.202,KAD_LUPE,Peter,Mullidae,Mulloidichthys,flavolineatus,37355019,1,AD,Passing,,
GX010031_L.MP4,17224,9.5785,KAD_LUPE_Transect 1,1.8346,,6.855,5.723,3552.767,23.6,,,-1338.44,-483.276,-3255.331,KAD_LUPE,Peter,Mullidae,Mulloidichthys,flavolineatus,37355019,1,AD,Passing,,
GX010031_L.MP4,17224,9.5785,KAD_LUPE_Transect 1,1.8346,,8.028,4.314,3884.326,24.887,,,-1523.89,-593.587,-3523.266,KAD_LUPE,Peter,Mullidae,Mulloidichthys,flavolineatus,37355019,1,AD,Passing,,
GX010031_L.MP4,17224,9.5785,KAD_LUPE_Transect 1,1.8346,,5.28,10.443,3186.496,27.293,,,-1406.613,-397.178,-2831.509,KAD_LUPE,Peter,Mullidae,Mulloidichthys,flavolineatus,37355019,1,AD,Passing,,
GX010031_L.MP4,17224,9.5785,KAD_LUPE_Transect 1,1.8346,,4.068,6.811,2614.79,22.112,,,-812.061,-557.547,-2422.153,KAD_LUPE,Peter,Mullidae,Mulloidichthys,flavolineatus,37355019,1,AD,Passing,,
GX010031_L.MP4,17224,9.5785,KAD_LUPE_Transect 1,1.8346,,7.532,6.775,3628.191,19.709,,,-1102.785,-532.152,-3415.326,KAD_LUPE,Peter,Mullidae,Mulloidichthys,flavolineatus,37355019,1,AD,Passing,,
GX010031_L.MP4,17224,9.5785,KAD_LUPE_Transect 1,1.8346,,10.733,5.708,4421.458,19.891,,,-1439.877,-438.05,-4157.422,KAD_LUPE,Peter,Mullidae,Mulloidichthys,flavolineatus,37355019,1,AD,Passing,,
GX010031_L.MP4,17224,9.5785,KAD_LUPE_Transect 1,1.8346,,3.888,8.753,2716.88,28.198,,,-1242.086,-325.856,-2394.26,KAD_LUPE,Peter,Mullidae,Mulloidichthys,flavolineatus,37355019,1,AD,Passing,,
GX010031_L.MP4,17224,9.5785,KAD_LUPE_Transect 1,1.8346,,3.152,6.017,2242.603,20.927,,,-543.599,-589.541,-2094.328,KAD_LUPE,Peter,Mullidae,Mulloidichthys,flavolineatus,37355019,1,AD,Passing,,
GX010031_L.MP4,17224,9.5785,KAD_LUPE_Transect 1,1.8346,,3.515,0.524,2350.779,18.224,,,-369.843,-636.659,-2232.497,KAD_LUPE,Peter,Mullidae,Mulloidichthys,flavolineatus,37355019,1,AD,Passing,,
GX010031_L.MP4,17224,9.5785,KAD_LUPE_Transect 1,1.8346,,6.298,3.633,3238.953,18.319,,,-784.892,-650.15,-3074.421,KAD_LUPE,Peter,Mullidae,Mulloidichthys,flavolineatus,37355019,1,AD,Passing,,
GX010031_L.MP4,17224,9.5785,KAD_LUPE_Transect 1,1.8346,,7.746,4.958,3595.763,17.086,,,-793.4,-699.604,-3436.652,KAD_LUPE,Peter,Mullidae,Mulloidichthys,flavolineatus,37355019,1,AD,Passing,,
GX010031_L.MP4,17224,9.5785,KAD_LUPE_Transect 1,1.8346,,5.958,3.668,3101.548,15.561,,,-410.33,-725.559,-2987.439,KAD_LUPE,Peter,Mullidae,Mulloidichthys,flavolineatus,37355019,1,AD,Passing,,
GX010031_L.MP4,17224,9.5785,KAD_LUPE_Transect 1,1.8346,,8.427,1.313,3719.799,14.53,,,-456.531,-816.063,-3600.351,KAD_LUPE,Peter,Mullidae,Mulloidichthys,flavolineatus,37355019,1,AD,Passing,,
GX010031_L.MP4,17224,9.5785,KAD_LUPE_Transect 1,1.8346,,9.181,4.978,3890.028,13.722,,,-359.278,-852.163,-3778.499,KAD_LUPE,Peter,Mullidae,Mulloidichthys,flavolineatus,37355019,1,AD,Passing,,
GX010031_L.MP4,17224,9.5785,KAD_LUPE_Transect 1,1.8346,,10.124,0.811,4121.363,14.699,,,-783.618,-694.858,-3986.069,KAD_LUPE,Peter,Mullidae,Mulloidichthys,flavolineatus,37355019,1,AD,Passing,,
GX010031_L.MP4,17224,9.5785,KAD_LUPE_Transect 1,1.8346,,8.693,0.42,3886.808,17.683,,,-1076.126,-487.749,-3702.882,KAD_LUPE,Peter,Mullidae,Mulloidichthys,flavolineatus,37355019,1,AD,Passing,,
GX010031_L.MP4,17224,9.5785,KAD_LUPE_Transect 1,1.8346,,10.602,0.03,4348.741,18.89,,,-1313.006,-510.542,-4114.233,KAD_LUPE,Peter,Mullidae,Mulloidichthys,flavolineatus,37355019,1,AD,Passing,,
GX010031_L.MP4,17224,9.5785,KAD_LUPE_Transect 1,1.8346,,17.241,3.128,5542.008,17.606,,,-1524.619,-699.875,-5282.003,KAD_LUPE,Peter,Mullidae,Mulloidichthys,flavolineatus,37355019,1,AD,Passing,,
GX010031_L.MP4,17224,9.5785,KAD_LUPE_Transect 1,1.8346,,14.042,4.198,4893.545,13.346,,,-899.534,-685.982,-4760.993,KAD_LUPE,Peter,Mullidae,Mulloidichthys,flavolineatus,37355019,1,AD,Passing,,
GX010031_L.MP4,17224,9.5785,KAD_LUPE_Transect 1,1.8346,,13.181,3.808,4739.962,12.488,,,-829.346,-604.9,-4627.474,KAD_LUPE,Peter,Mullidae,Mulloidichthys,flavolineatus,37355019,1,AD,Passing,,
GX010031_L.MP4,17224,9.5785,KAD_LUPE_Transect 1,1.8346,,14.035,1.901,4901.561,11.47,,,-796.395,-564.722,-4803.347,KAD_LUPE,Peter,Mullidae,Mulloidichthys,flavolineatus,37355019,1,AD,Passing,,
GX010031_L.MP4,17224,9.5785,KAD_LUPE_Transect 1,1.8346,,15.061,1.924,5088.908,10.253,,,-731.188,-537.641,-5007.324,KAD_LUPE,Peter,Mullidae,Mulloidichthys,flavolineatus,37355019,1,AD,Passing,,
GX010031_L.MP4,17224,9.5785,KAD_LUPE_Transect 1,1.8346,,14.119,4.986,4925.952,12.254,,,-892.035,-548.078,-4813.407,KAD_LUPE,Peter,Mullidae,Mulloidichthys,flavolineatus,37355019,1,AD,Passing,,
GX010031_L.MP4,17224,9.5785,KAD_LUPE_Transect 1,1.8346,,14.862,0.659,5031.199,11.602,,,-749.945,-682.186,-4927.998,KAD_LUPE,Peter,Mullidae,Mulloidichthys,flavolineatus,37355019,1,AD,Passing,,
GX010031_L.MP4,17224,9.5785,KAD_LUPE_Transect 1,1.8346,,15.572,7.077,5148.342,11.602,,,-733.774,-733.433,-5042.725,KAD_LUPE,Peter,Mullidae,Mulloidichthys,flavolineatus,37355019,1,AD,Passing,,
GX010031_L.MP4,17224,9.5785,KAD_LUPE_Transect 1,1.8346,,12.833,0.631,4651.441,11.015,,,-525.373,-719.532,-4565.322,KAD_LUPE,Peter,Mullidae,Mulloidichthys,flavolineatus,37355019,1,AD,Passing,,
GX010031_L.MP4,17224,9.5785,KAD_LUPE_Transect 1,1.8346,,25.72,7.969,6941.031,18.762,,,-2174.794,-508.022,-6571.917,KAD_LUPE,Peter,Mullidae,Mulloidichthys,flavolineatus,37355019,1,AD,Passing,,
GX010031_L.MP4,17224,9.5785,KAD_LUPE_Transect 1,1.8346,,12.441,1.841,4695.859,15.974,,,-1235.539,-381.466,-4514.313,KAD_LUPE,Peter,Mullidae,Mulloidichthys,flavolineatus,37355019,1,AD,Passing,,
GX010031_L.MP4,17224,9.5785,KAD_LUPE_Transect 1,1.8346,,11.997,3.176,4630.1,16.203,,,-1261.291,-282.47,-4446.03,KAD_LUPE,Peter,Mullidae,Mulloidichthys,flavolineatus,37355019,1,AD,Passing,,
GX010031_L.MP4,17224,9.5785,KAD_LUPE_Transect 1,1.8346,,12.18,4.199,4745.947,19.533,,,-1556.256,-312.473,-4472.633,KAD_LUPE,Peter,Mullidae,Mulloidichthys,flavolineatus,37355019,1,AD,Passing,,
GX010031_L.MP4,17224,9.5785,KAD_LUPE_Transect 1,1.8346,,11.659,0.451,4682.464,20.436,,,-1622.94,-200.477,-4387.635,KAD_LUPE,Peter,Mullidae,Mulloidichthys,flavolineatus,37355019,1,AD,Passing,,
GX010031_L.MP4,17224,9.5785,KAD_LUPE_Transect 1,1.8346,,12.73,0.473,4916.107,20.564,,,-1721.388,-139.506,-4602.768,KAD_LUPE,Peter,Mullidae,Mulloidichthys,flavolineatus,37355019,1,AD,Passing,,
GX010031_L.MP4,17224,9.5785,KAD_LUPE_Transect 1,1.8346,,17.176,0.514,5635.628,17.024,,,-1644.16,-140.893,-5388.617,KAD_LUPE,Peter,Mullidae,Mulloidichthys,flavolineatus,37355019,1,AD,Passing,,
GX010031_L.MP4,17224,9.5785,KAD_LUPE_Transect 1,1.8346,,15.419,2.772,5305.728,16.487,,,-1492.85,-199.988,-5087.45,KAD_LUPE,Peter,Mullidae,Mulloidichthys,flavolineatus,37355019,1,AD,Passing,,
GX010031_L.MP4,17224,9.5785,KAD_LUPE_Transect 1,1.8346,,16.97,0.642,5570.368,16.439,,,-1557.664,-245.359,-5342.516,KAD_LUPE,Peter,Mullidae,Mulloidichthys,flavolineatus,37355019,1,AD,Passing,,
GX010031_L.MP4,17224,9.5785,KAD_LUPE_Transect 1,1.8346,,16.992,6.742,5520.998,14.364,,,-1340.919,-282.32,-5348.238,KAD_LUPE,Peter,Mullidae,Mulloidichthys,flavolineatus,37355019,1,AD,Passing,,
GX010031_L.MP4,17224,9.5785,KAD_LUPE_Transect 1,1.8346,,17.683,3.77,5623.984,13.496,,,-1285.037,-270.566,-5468.516,KAD_LUPE,Peter,Mullidae,Mulloidichthys,flavolineatus,37355019,1,AD,Passing,,
GX010031_L.MP4,17224,9.5785,KAD_LUPE_Transect 1,1.8346,,20.682,1.738,6069.392,11.427,,,-1165.2,-300.429,-5948.914,KAD_LUPE,Peter,Mullidae,Mulloidichthys,flavolineatus,37355019,1,AD,Passing,,
GX010031_L.MP4,17224,9.5785,KAD_LUPE_Transect 1,1.8346,,16.148,0.475,5307.132,8.586,,,-694.124,-385.135,-5247.429,KAD_LUPE,Peter,Mullidae,Mulloidichthys,flavolineatus,37355019,1,AD,Passing,,
GX010031_L.MP4,17224,9.5785,KAD_LUPE_Transect 1,1.8346,,13.449,4.435,4772.928,10.191,,,-474.506,-701.276,-4697.223,KAD_LUPE,Peter,Mullidae,Mulloidichthys,flavolineatus,37355019,1,AD,Passing,,
GX010031_L.MP4,17224,9.5785,KAD_LUPE_Transect 1,1.8346,,14.361,11.148,4952.531,9.155,,,-121.821,-781.329,-4888.993,KAD_LUPE,Peter,Mullidae,Mulloidichthys,flavolineatus,37355019,1,AD,Passing,,
GX010031_L.MP4,17224,9.5785,KAD_LUPE_Transect 1,1.8346,,14.468,0.038,4980.531,8.417,,,-48.232,-730.353,-4926.454,KAD_LUPE,Peter,Mullidae,Mulloidichthys,flavolineatus,37355019,1,AD,Passing,,
GX010031_L.MP4,17224,9.5785,KAD_LUPE_Transect 1,1.8346,,10.87,2.21,4267.648,10.482,,,-209.375,-750.079,-4195.993,KAD_LUPE,Peter,Mullidae,Mulloidichthys,flavolineatus,37355019,1,AD,Passing,,
GX010031_L.MP4,17224,9.5785,KAD_LUPE_Transect 1,1.8346,,10.325,1.872,4144.616,11.737,,,-382.358,-753.776,-4057.519,KAD_LUPE,Peter,Mullidae,Mulloidichthys,flavolineatus,37355019,1,AD,Passing,,
GX010031_L.MP4,17224,9.5785,KAD_LUPE_Transect 1,1.8346,,9.555,0.178,3978.268,12.337,,,-225.838,-821.748,-3885.916,KAD_LUPE,Peter,Mullidae,Mulloidichthys,flavolineatus,37355019,1,AD,Passing,,
GX010031_L.MP4,17224,9.5785,KAD_LUPE_Transect 1,1.8346,,10.19,6.822,4113.88,13.121,,,-153.749,-923.518,-4005.931,KAD_LUPE,Peter,Mullidae,Mulloidichthys,flavolineatus,37355019,1,AD,Passing,,
GX010031_L.MP4,17224,9.5785,KAD_LUPE_Transect 1,1.8346,,6.269,2.228,3183.947,13.726,,,-54.396,-755.354,-3092.572,KAD_LUPE,Peter,Mullidae,Mulloidichthys,flavolineatus,37355019,1,AD,Passing,,
GX010031_L.MP4,17224,9.5785,KAD_LUPE_Transect 1,1.8346,,9.654,2.819,3983.057,13.811,,,187.99,-934.348,-3867.35,KAD_LUPE,Peter,Mullidae,Mulloidichthys,flavolineatus,37355019,1,AD,Passing,,
GX010031_L.MP4,17224,9.5785,KAD_LUPE_Transect 1,1.8346,,4.001,1.284,2499.27,15.478,,,150.891,-651.086,-2408.251,KAD_LUPE,Peter,Mullidae,Mulloidichthys,flavolineatus,37355019,1,AD,Passing,,
GX010031_L.MP4,17224,9.5785,KAD_LUPE_Transect 1,1.8346,,7.515,4.246,3504.296,11.413,,,62.192,-692.661,-3434.595,KAD_LUPE,Peter,Mullidae,Mulloidichthys,flavolineatus,37355019,1,AD,Passing,,
GX010031_L.MP4,17224,9.5785,KAD_LUPE_Transect 1,1.8346,,10.661,0.19,4214.826,9.8,,,199.771,-691.466,-4152.918,KAD_LUPE,Peter,Mullidae,Mulloidichthys,flavolineatus,37355019,1,AD,Passing,,
GX010031_L.MP4,17224,9.5785,KAD_LUPE_Transect 1,1.8346,,9.279,2.1,3878.828,13.622,,,457.731,-792.787,-3769.254,KAD_LUPE,Peter,Mullidae,Mulloidichthys,flavolineatus,37355019,1,AD,Passing,,
GX010031_L.MP4,17224,9.5785,KAD_LUPE_Transect 1,1.8346,,10.444,0.94,4127.279,13.097,,,485.061,-802.006,-4019.445,KAD_LUPE,Peter,Mullidae,Mulloidichthys,flavolineatus,37355019,1,AD,Passing,,
GX010031_L.MP4,17224,9.5785,KAD_LUPE_Transect 1,1.8346,,7.996,4.421,3589.408,13.225,,,469.496,-675.748,-3493.821,KAD_LUPE,Peter,Mullidae,Mulloidichthys,flavolineatus,37355019,1,AD,Passing,,
GX010031_L.MP4,17224,9.5785,KAD_LUPE_Transect 1,1.8346,,7.15,1.07,3380.247,15.765,,,519.813,-759.047,-3252.647,KAD_LUPE,Peter,Mullidae,Mulloidichthys,flavolineatus,37355019,1,AD,Passing,,
GX010031_L.MP4,17224,9.5785,KAD_LUPE_Transect 1,1.8346,,6.431,4.239,3212.385,18.087,,,722.35,-689.402,-3053.253,KAD_LUPE,Peter,Mullidae,Mulloidichthys,flavolineatus,37355019,1,AD,Passing,,
GX010031_L.MP4,17224,9.5785,KAD_LUPE_Transect 1,1.8346,,4.409,1.423,2625.921,17.495,,,350.31,-708.888,-2504.04,KAD_LUPE,Peter,Mullidae,Mulloidichthys,flavolineatus,37355019,1,AD,Passing,,
GX010031_L.MP4,17224,9.5785,KAD_LUPE_Transect 1,1.8346,,9.797,3.17,3994.591,12.722,,,570.122,-672.189,-3896.136,KAD_LUPE,Peter,Mullidae,Mulloidichthys,flavolineatus,37355019,1,AD,Passing,,
GX010031_L.MP4,17224,9.5785,KAD_LUPE_Transect 1,1.8346,,17.501,0.343,5408.643,11.651,,,511.294,-968.317,-5296.637,KAD_LUPE,Peter,Mullidae,Mulloidichthys,flavolineatus,37355019,1,AD,Passing,,
GX010031_L.MP4,17224,9.5785,KAD_LUPE_Transect 1,1.8346,,20.216,5.948,5809.577,12.19,,,687.329,-1019.458,-5677.981,KAD_LUPE,Peter,Mullidae,Mulloidichthys,flavolineatus,37355019,1,AD,Passing,,
GX010031_L.MP4,17224,9.5785,KAD_LUPE_Transect 1,1.8346,,14.981,5.404,4991.042,11.487,,,523.896,-847.481,-4890.583,KAD_LUPE,Peter,Mullidae,Mulloidichthys,flavolineatus,37355019,1,AD,Passing,,
GX010031_L.MP4,17224,9.5785,KAD_LUPE_Transect 1,1.8346,,13.768,4.002,4833.195,9.876,,,39.02,-830.843,-4761.087,KAD_LUPE,Peter,Mullidae,Mulloidichthys,flavolineatus,37355019,1,AD,Passing,,
GX010031_L.MP4,17224,9.5785,KAD_LUPE_Transect 1,1.8346,,15.055,0.19,5051.697,9.777,,,199.903,-837.167,-4977.834,KAD_LUPE,Peter,Mullidae,Mulloidichthys,flavolineatus,37355019,1,AD,Passing,,
GX010031_L.MP4,17224,9.5785,KAD_LUPE_Transect 1,1.8346,,3.852,0.609,2468.911,19.606,,,140.551,-817.778,-2325.298,KAD_LUPE,Peter,Mullidae,Mulloidichthys,flavolineatus,37355019,1,AD,Passing,,
GX010031_L.MP4,17309,9.6257,KAD_LUPE_Transect 1,1.8819,,20.274,0.882,6287.983,23.778,,,-2436.571,-703.801,-5753.826,KAD_LUPE,Peter,Scaridae,Chlorurus,spilurus,temp_code_002,1,AD,Passing,,
GX010031_L.MP4,17309,9.6257,KAD_LUPE_Transect 1,1.8819,,16.724,1.622,5759.538,24.538,,,-2334.083,-525.817,-5239.07,KAD_LUPE,Peter,Scaridae,Scarus,dimidiatus,37386013,1,AD,Passing,,
GX010031_L.MP4,17373,9.6613,KAD_LUPE_Transect 1,1.9175,263.658,16.146,3.405,3735.73,29.179,87.791,22.786,1812.073,-182.992,-3261.684,KAD_LUPE,Peter,Scaridae,Chlorurus,spilurus,temp_code_002,1,AD,Passing,,
GX010031_L.MP4,17426,9.6908,KAD_LUPE_Transect 1,1.9469,79.727,2.507,10.629,1946.57,24.37,9.55,32.482,-711.838,-372.076,-1773.127,KAD_LUPE,Peter,Mullidae,Mulloidichthys,flavolineatus,37355019,1,AD,Passing,,
GX010031_L.MP4,17426,9.6908,KAD_LUPE_Transect 1,1.9469,141.121,6.81,6.911,2251.803,24.967,72.898,2.925,-914.079,-260.523,-2041.373,KAD_LUPE,Peter,Mullidae,Mulloidichthys,flavolineatus,37355019,1,AD,Passing,,
GX010031_L.MP4,17426,9.6908,KAD_LUPE_Transect 1,1.9469,92.585,8.956,1.982,2580.494,19.661,56.913,6.972,-840.098,-219.174,-2430.051,KAD_LUPE,Peter,Mullidae,Mulloidichthys,flavolineatus,37355019,1,AD,Passing,,
GX010031_L.MP4,17426,9.6908,KAD_LUPE_Transect 1,1.9469,119.54,10.382,3.233,2608.96,18.141,68.006,2.508,-747.855,-317.178,-2479.271,KAD_LUPE,Peter,Mullidae,Mulloidichthys,flavolineatus,37355019,1,AD,Passing,,
GX010031_L.MP4,17426,9.6908,KAD_LUPE_Transect 1,1.9469,93.766,2.499,5.825,1482.921,19.359,39.57,4.328,-267.141,-412.658,-1399.073,KAD_LUPE,Peter,Mullidae,Mulloidichthys,flavolineatus,37355019,1,AD,Passing,,
GX010031_L.MP4,17426,9.6908,KAD_LUPE_Transect 1,1.9469,,4.211,0.814,2634.72,17.95,,,-722.618,-371.795,-2506.261,KAD_LUPE,Peter,Mullidae,Mulloidichthys,flavolineatus,37355019,1,AD,Passing,,
GX010031_L.MP4,17426,9.6908,KAD_LUPE_Transect 1,1.9469,,2.574,3.975,2030.159,20.588,,,-640.449,-316.509,-1900.314,KAD_LUPE,Peter,Mullidae,Mulloidichthys,flavolineatus,37355019,1,AD,Passing,,
GX010031_L.MP4,17426,9.6908,KAD_LUPE_Transect 1,1.9469,,2.918,0.819,2152.174,18.533,,,-587.919,-350.911,-2040.359,KAD_LUPE,Peter,Mullidae,Mulloidichthys,flavolineatus,37355019,1,AD,Passing,,
GX010031_L.MP4,17426,9.6908,KAD_LUPE_Transect 1,1.9469,,4.49,2.665,2707.517,17.24,,,-664.946,-450.704,-2585.607,KAD_LUPE,Peter,Mullidae,Mulloidichthys,flavolineatus,37355019,1,AD,Passing,,
GX010031_L.MP4,17426,9.6908,KAD_LUPE_Transect 1,1.9469,,4.571,1.73,2716.428,16.312,,,-580.685,-496.402,-2606.793,KAD_LUPE,Peter,Mullidae,Mulloidichthys,flavolineatus,37355019,1,AD,Passing,,
GX010031_L.MP4,17426,9.6908,KAD_LUPE_Transect 1,1.9469,,4.832,0.424,2789.132,16.564,,,-534.436,-590.313,-2673.045,KAD_LUPE,Peter,Mullidae,Mulloidichthys,flavolineatus,37355019,1,AD,Passing,,
GX010031_L.MP4,17426,9.6908,KAD_LUPE_Transect 1,1.9469,,4.39,0.03,2660.402,18.136,,,-574.758,-597.637,-2527.889,KAD_LUPE,Peter,Mullidae,Mulloidichthys,flavolineatus,37355019,1,AD,Passing,,
GX010031_L.MP4,17426,9.6908,KAD_LUPE_Transect 1,1.9469,,6.381,7.739,3228.377,12.847,,,-515.241,-501.647,-3147.267,KAD_LUPE,Peter,Mullidae,Mulloidichthys,flavolineatus,37355019,1,AD,Passing,,
GX010031_L.MP4,17426,9.6908,KAD_LUPE_Transect 1,1.9469,,8.47,6.575,3743.736,11.018,,,-420.316,-581.185,-3674.387,KAD_LUPE,Peter,Mullidae,Mulloidichthys,flavolineatus,37355019,1,AD,Passing,,
GX010031_L.MP4,17426,9.6908,KAD_LUPE_Transect 1,1.9469,,6.886,0.911,3354.818,11.356,,,-389.304,-535.612,-3288.824,KAD_LUPE,Peter,Mullidae,Mulloidichthys,flavolineatus,37355019,1,AD,Passing,,
GX010031_L.MP4,17426,9.6908,KAD_LUPE_Transect 1,1.9469,,13.891,1.492,4847.905,10.515,,,-367.026,-807.767,-4766.024,KAD_LUPE,Peter,Mullidae,Mulloidichthys,flavolineatus,37355019,1,AD,Passing,,
GX010031_L.MP4,17426,9.6908,KAD_LUPE_Transect 1,1.9469,,7.102,0.071,3406.189,11.592,,,-331.654,-600.664,-3336.365,KAD_LUPE,Peter,Mullidae,Mulloidichthys,flavolineatus,37355019,1,AD,Passing,,
GX010031_L.MP4,17426,9.6908,KAD_LUPE_Transect 1,1.9469,,5.087,3.155,2851.706,11.622,,,-264.72,-511.506,-2792.94,KAD_LUPE,Peter,Mullidae,Mulloidichthys,flavolineatus,37355019,1,AD,Passing,,
GX010031_L.MP4,17426,9.6908,KAD_LUPE_Transect 1,1.9469,,7.64,2.329,3538.415,11.746,,,-266.391,-671.278,-3463.929,KAD_LUPE,Peter,Mullidae,Mulloidichthys,flavolineatus,37355019,1,AD,Passing,,
GX010031_L.MP4,17426,9.6908,KAD_LUPE_Transect 1,1.9469,,6.167,0.885,3156.768,13.018,,,-293.608,-649.462,-3075.253,KAD_LUPE,Peter,Mullidae,Mulloidichthys,flavolineatus,37355019,1,AD,Passing,,
GX010031_L.MP4,17426,9.6908,KAD_LUPE_Transect 1,1.9469,,6.591,2.801,3271.444,12.147,,,-126.231,-678.592,-3197.8,KAD_LUPE,Peter,Mullidae,Mulloidichthys,flavolineatus,37355019,1,AD,Passing,,
GX010031_L.MP4,17426,9.6908,KAD_LUPE_Transect 1,1.9469,,5.375,2.96,2933.766,13.053,,,-75.04,-659.996,-2857.579,KAD_LUPE,Peter,Mullidae,Mulloidichthys,flavolineatus,37355019,1,AD,Passing,,
GX010031_L.MP4,17426,9.6908,KAD_LUPE_Transect 1,1.9469,,5.237,1.233,2894.174,14.58,,,-220.491,-696.036,-2800.564,KAD_LUPE,Peter,Mullidae,Mulloidichthys,flavolineatus,37355019,1,AD,Passing,,
GX010031_L.MP4,17426,9.6908,KAD_LUPE_Transect 1,1.9469,,5.446,0.795,2959.034,10.45,,,-135.588,-520.982,-2909.653,KAD_LUPE,Peter,Mullidae,Mulloidichthys,flavolineatus,37355019,1,AD,Passing,,
GX010031_L.MP4,17426,9.6908,KAD_LUPE_Transect 1,1.9469,,13.705,1.174,4815.578,10.709,,,4.394,-897.559,-4731.19,KAD_LUPE,Peter,Mullidae,Mulloidichthys,flavolineatus,37355019,1,AD,Passing,,
GX010031_L.MP4,17426,9.6908,KAD_LUPE_Transect 1,1.9469,,12.744,5.143,4642.459,10.07,,,-182.687,-793.608,-4570.475,KAD_LUPE,Peter,Mullidae,Mulloidichthys,flavolineatus,37355019,1,AD,Passing,,
GX010031_L.MP4,17426,9.6908,KAD_LUPE_Transect 1,1.9469,,12.974,0.41,4690.236,9.677,,,-170.327,-772.516,-4623.042,KAD_LUPE,Peter,Mullidae,Mulloidichthys,flavolineatus,37355019,1,AD,Passing,,
GX010031_L.MP4,17426,9.6908,KAD_LUPE_Transect 1,1.9469,,8.853,0.858,3837.2,9.596,,,-230.23,-598.994,-3783.161,KAD_LUPE,Peter,Mullidae,Mulloidichthys,flavolineatus,37355019,1,AD,Passing,,
GX010031_L.MP4,17426,9.6908,KAD_LUPE_Transect 1,1.9469,,9.859,7.951,4056.891,10.14,,,-325.249,-638.227,-3993.15,KAD_LUPE,Peter,Mullidae,Mulloidichthys,flavolineatus,37355019,1,AD,Passing,,
GX010031_L.MP4,17426,9.6908,KAD_LUPE_Transect 1,1.9469,,16.115,1.268,5207.476,11.564,,,273.006,-1010.555,-5101.182,KAD_LUPE,Peter,Mullidae,Mulloidichthys,flavolineatus,37355019,1,AD,Passing,,
GX010031_L.MP4,17426,9.6908,KAD_LUPE_Transect 1,1.9469,,15.732,5.099,5130.546,11.94,,,349.04,-1005.396,-5018.949,KAD_LUPE,Peter,Mullidae,Mulloidichthys,flavolineatus,37355019,1,AD,Passing,,
GX010031_L.MP4,17426,9.6908,KAD_LUPE_Transect 1,1.9469,,16.466,1.068,5263.854,11.406,,,304.492,-998.457,-5159.315,KAD_LUPE,Peter,Mullidae,Mulloidichthys,flavolineatus,37355019,1,AD,Passing,,
GX010031_L.MP4,17426,9.6908,KAD_LUPE_Transect 1,1.9469,,13.901,0.478,4835.283,10.636,,,213.789,-869.217,-4751.707,KAD_LUPE,Peter,Mullidae,Mulloidichthys,flavolineatus,37355019,1,AD,Passing,,
GX010031_L.MP4,17426,9.6908,KAD_LUPE_Transect 1,1.9469,,15.411,3.455,5108.314,10.164,,,209.928,-879.578,-5027.638,KAD_LUPE,Peter,Mullidae,Mulloidichthys,flavolineatus,37355019,1,AD,Passing,,
GX010031_L.MP4,17426,9.6908,KAD_LUPE_Transect 1,1.9469,,16.533,5.92,5286.297,10.344,,,302.998,-902.624,-5199.846,KAD_LUPE,Peter,Mullidae,Mulloidichthys,flavolineatus,37355019,1,AD,Passing,,
GX010031_L.MP4,17426,9.6908,KAD_LUPE_Transect 1,1.9469,,16.057,1.109,5196.944,10.797,,,342.943,-914.085,-5104.417,KAD_LUPE,Peter,Mullidae,Mulloidichthys,flavolineatus,37355019,1,AD,Passing,,
GX010031_L.MP4,17426,9.6908,KAD_LUPE_Transect 1,1.9469,,14.473,2.144,4928.462,10.925,,,279.727,-894.049,-4838.612,KAD_LUPE,Peter,Mullidae,Mulloidichthys,flavolineatus,37355019,1,AD,Passing,,
GX010031_L.MP4,17426,9.6908,KAD_LUPE_Transect 1,1.9469,,17.371,5.969,5397.622,11.478,,,424.023,-989.932,-5289.099,KAD_LUPE,Peter,Mullidae,Mulloidichthys,flavolineatus,37355019,1,AD,Passing,,
GX010031_L.MP4,17426,9.6908,KAD_LUPE_Transect 1,1.9469,,18.347,0.381,5543.427,11.613,,,505.726,-997.94,-5429.36,KAD_LUPE,Peter,Mullidae,Mulloidichthys,flavolineatus,37355019,1,AD,Passing,,
GX010031_L.MP4,17426,9.6908,KAD_LUPE_Transect 1,1.9469,,16.565,7.617,5263.407,11.271,,,479.006,-913.405,-5161.366,KAD_LUPE,Peter,Mullidae,Mulloidichthys,flavolineatus,37355019,1,AD,Passing,,
GX010031_L.MP4,17426,9.6908,KAD_LUPE_Transect 1,1.9469,,16.2,4.922,5183.326,12.606,,,569.644,-980.278,-5057.808,KAD_LUPE,Peter,Mullidae,Mulloidichthys,flavolineatus,37355019,1,AD,Passing,,
GX010031_L.MP4,17426,9.6908,KAD_LUPE_Transect 1,1.9469,,17.21,0.679,5352.512,12.222,,,557.708,-989.433,-5230.618,KAD_LUPE,Peter,Mullidae,Mulloidichthys,flavolineatus,37355019,1,AD,Passing,,
GX010031_L.MP4,17426,9.6908,KAD_LUPE_Transect 1,1.9469,,20.226,4.088,5794.281,13.492,,,752.893,-1126.155,-5633.704,KAD_LUPE,Peter,Mullidae,Mulloidichthys,flavolineatus,37355019,1,AD,Passing,,
GX010031_L.MP4,17426,9.6908,KAD_LUPE_Transect 1,1.9469,,3.076,5.221,2317.26,29.139,,,1017.102,-489.727,-2023.701,KAD_LUPE,Peter,Mullidae,Mulloidichthys,flavolineatus,37355019,1,AD,Passing,,
GX010031_L.MP4,17426,9.6908,KAD_LUPE_Transect 1,1.9469,,2.982,10.562,2244.015,28.691,,,878.539,-624.691,-1968.13,KAD_LUPE,Peter,Mullidae,Mulloidichthys,flavolineatus,37355019,1,AD,Passing,,
GX010031_L.MP4,17426,9.6908,KAD_LUPE_Transect 1,1.9469,,4.418,0.388,2710.973,24.034,,,931.551,-594.171,-2475.591,KAD_LUPE,Peter,Mullidae,Mulloidichthys,flavolineatus,37355019,1,AD,Passing,,
GX010031_L.MP4,17426,9.6908,KAD_LUPE_Transect 1,1.9469,,2.527,4.439,1985.925,24.475,,,523.536,-635.77,-1807.098,KAD_LUPE,Peter,Mullidae,Mulloidichthys,flavolineatus,37355019,1,AD,Passing,,
GX010031_L.MP4,17426,9.6908,KAD_LUPE_Transect 1,1.9469,,2.001,1.28,1725.718,19.873,,,261.832,-525.919,-1622.639,KAD_LUPE,Peter,Mullidae,Mulloidichthys,flavolineatus,37355019,1,AD,Passing,,
GX010031_L.MP4,17426,9.6908,KAD_LUPE_Transect 1,1.9469,,2.298,3.355,1856.978,17.982,,,194.394,-540.35,-1765.956,KAD_LUPE,Peter,Mullidae,Mulloidichthys,flavolineatus,37355019,1,AD,Passing,,
GX010031_L.MP4,17426,9.6908,KAD_LUPE_Transect 1,1.9469,,1.946,1.45,1697.284,18.172,,,181.646,-498.135,-1612.34,KAD_LUPE,Peter,Mullidae,Mulloidichthys,flavolineatus,37355019,1,AD,Passing,,
GX010031_L.MP4,17426,9.6908,KAD_LUPE_Transect 1,1.9469,,7.14,0.963,3383.205,13.896,,,370.813,-724.912,-3283.76,KAD_LUPE,Peter,Mullidae,Mulloidichthys,flavolineatus,37355019,1,AD,Passing,,
GX010031_L.MP4,17426,9.6908,KAD_LUPE_Transect 1,1.9469,,9.963,5.487,4019.613,14.535,,,552.248,-846.476,-3890.474,KAD_LUPE,Peter,Mullidae,Mulloidichthys,flavolineatus,37355019,1,AD,Passing,,
GX010031_L.MP4,17426,9.6908,KAD_LUPE_Transect 1,1.9469,,8.222,3.598,3637.52,14.868,,,480.236,-802.394,-3515.265,KAD_LUPE,Peter,Mullidae,Mulloidichthys,flavolineatus,37355019,1,AD,Passing,,
GX010031_L.MP4,17426,9.6908,KAD_LUPE_Transect 1,1.9469,,12.594,1.017,4535.709,14.924,,,706.517,-932.76,-4382.174,KAD_LUPE,Peter,Mullidae,Mulloidichthys,flavolineatus,37355019,1,AD,Passing,,
GX010031_L.MP4,17426,9.6908,KAD_LUPE_Transect 1,1.9469,,6.219,2.759,3150.258,17.152,,,653.383,-662.224,-3009.764,KAD_LUPE,Peter,Mullidae,Mulloidichthys,flavolineatus,37355019,1,AD,Passing,,
GX010031_L.MP4,17426,9.6908,KAD_LUPE_Transect 1,1.9469,,6.266,1.356,3204.987,19.244,,,906.147,-544.674,-3025.586,KAD_LUPE,Peter,Mullidae,Mulloidichthys,flavolineatus,37355019,1,AD,Passing,,
GX010031_L.MP4,17426,9.6908,KAD_LUPE_Transect 1,1.9469,,8.915,2.297,3822.985,17.804,,,934.724,-704.022,-3639.486,KAD_LUPE,Peter,Mullidae,Mulloidichthys,flavolineatus,37355019,1,AD,Passing,,
GX010031_L.MP4,17426,9.6908,KAD_LUPE_Transect 1,1.9469,,19.94,4.131,5747.66,15.38,,,1073.826,-1085.212,-5541.192,KAD_LUPE,Peter,Mullidae,Mulloidichthys,flavolineatus,37355019,1,AD,Passing,,
GX010031_L.MP4,17426,9.6908,KAD_LUPE_Transect 1,1.9469,,19.102,0.951,5624.045,14.877,,,1008.826,-1036.243,-5434.92,KAD_LUPE,Peter,Mullidae,Mulloidichthys,flavolineatus,37355019,1,AD,Passing,,
GX010031_L.MP4,17426,9.6908,KAD_LUPE_Transect 1,1.9469,,20.239,0.873,5792.595,14.081,,,923.931,-1067.504,-5617.913,KAD_LUPE,Peter,Mullidae,Mulloidichthys,flavolineatus,37355019,1,AD,Passing,,
GX010031_L.MP4,17426,9.6908,KAD_LUPE_Transect 1,1.9469,,19.864,7.605,5732.734,15.157,,,1009.501,-1111.22,-5532.661,KAD_LUPE,Peter,Mullidae,Mulloidichthys,flavolineatus,37355019,1,AD,Passing,,
GX010031_L.MP4,17446,9.7019,KAD_LUPE_Transect 1,1.9581,276.476,16.374,3.815,6888.912,11.653,1.525,28.529,-1336.172,-388.197,-6746.929,KAD_LUPE,Peter,Acanthuridae,Acanthurus,sp,,1,AD,Passing,,
GX010031_L.MP4,17857,9.9305,KAD_LUPE_Transect 1,2.1866,78.591,1.26,3.776,1139.037,15.625,23.128,24.271,-281.513,-121.962,-1096.942,KAD_LUPE,Peter,Mullidae,Mulloidichthys,flavolineatus,37355019,1,AD,Passing,,
GX010031_L.MP4,17857,9.9305,KAD_LUPE_Transect 1,2.1866,85.618,2.529,1.23,1959.153,22.603,7.51,33.724,-752.512,26.791,-1808.671,KAD_LUPE,Peter,Mullidae,Mulloidichthys,flavolineatus,37355019,1,AD,Passing,,
GX010031_L.MP4,17857,9.9305,KAD_LUPE_Transect 1,2.1866,76.322,4.105,3.978,2255.499,25.391,24.65,23.095,-964.886,66.184,-2037.619,KAD_LUPE,Peter,Mullidae,Mulloidichthys,flavolineatus,37355019,1,AD,Passing,,
GX010031_L.MP4,17857,9.9305,KAD_LUPE_Transect 1,2.1866,99.097,4.555,2.457,1955.908,20.495,50.616,22.515,-681.696,65.402,-1832.1,KAD_LUPE,Peter,Mullidae,Mulloidichthys,flavolineatus,37355019,1,AD,Passing,,
GX010031_L.MP4,17857,9.9305,KAD_LUPE_Transect 1,2.1866,,3.979,5.365,2685.643,24.087,,,-1083.628,163.394,-2451.883,KAD_LUPE,Peter,Mullidae,Mulloidichthys,flavolineatus,37355019,1,AD,Passing,,
GX010031_L.MP4,17857,9.9305,KAD_LUPE_Transect 1,2.1866,,4.024,1.855,2503.964,11.781,,,448.303,-247.158,-2451.076,KAD_LUPE,Peter,Mullidae,Mulloidichthys,flavolineatus,37355019,1,AD,Passing,,
GX010031_L.MP4,17857,9.9305,KAD_LUPE_Transect 1,2.1866,,2.736,0.397,2025.16,13.293,,,365.309,-289.908,-1970.73,KAD_LUPE,Peter,Mullidae,Mulloidichthys,flavolineatus,37355019,1,AD,Passing,,
GX010031_L.MP4,17857,9.9305,KAD_LUPE_Transect 1,2.1866,,4.264,2.26,2583.045,12.106,,,148.938,-522.322,-2525.296,KAD_LUPE,Peter,Mullidae,Mulloidichthys,flavolineatus,37355019,1,AD,Passing,,
GX010031_L.MP4,17857,9.9305,KAD_LUPE_Transect 1,2.1866,,6.532,0.002,3258.454,11.173,,,-147.226,-615.882,-3196.332,KAD_LUPE,Peter,Mullidae,Mulloidichthys,flavolineatus,37355019,1,AD,Passing,,
GX010031_L.MP4,17857,9.9305,KAD_LUPE_Transect 1,2.1866,,6.312,1.025,3197.521,11.652,,,-51.858,-645.544,-3131.25,KAD_LUPE,Peter,Mullidae,Mulloidichthys,flavolineatus,37355019,1,AD,Passing,,
GX010031_L.MP4,17857,9.9305,KAD_LUPE_Transect 1,2.1866,,7.209,0.332,3429.922,12.207,,,-52.678,-725.262,-3351.953,KAD_LUPE,Peter,Mullidae,Mulloidichthys,flavolineatus,37355019,1,AD,Passing,,
GX010031_L.MP4,17857,9.9305,KAD_LUPE_Transect 1,2.1866,,8.201,0.514,3667.26,14.528,,,27.202,-921.612,-3549.463,KAD_LUPE,Peter,Mullidae,Mulloidichthys,flavolineatus,37355019,1,AD,Passing,,
GX010031_L.MP4,17857,9.9305,KAD_LUPE_Transect 1,2.1866,,8.257,0.335,3682.509,15.167,,,-0.783,-965.547,-3553.673,KAD_LUPE,Peter,Mullidae,Mulloidichthys,flavolineatus,37355019,1,AD,Passing,,
GX010031_L.MP4,17857,9.9305,KAD_LUPE_Transect 1,2.1866,,7.529,5.755,3484.287,16.618,,,335.319,-940.303,-3338.21,KAD_LUPE,Peter,Mullidae,Mulloidichthys,flavolineatus,37355019,1,AD,Passing,,
GX010031_L.MP4,17857,9.9305,KAD_LUPE_Transect 1,2.1866,,10.077,0.763,4066.503,17.436,,,311.676,-1180.24,-3878.961,KAD_LUPE,Peter,Mullidae,Mulloidichthys,flavolineatus,37355019,1,AD,Passing,,
GX010031_L.MP4,17857,9.9305,KAD_LUPE_Transect 1,2.1866,,12.487,0.386,4535.772,17.992,,,435.911,-1334.036,-4313.184,KAD_LUPE,Peter,Mullidae,Mulloidichthys,flavolineatus,37355019,1,AD,Passing,,
GX010031_L.MP4,17857,9.9305,KAD_LUPE_Transect 1,2.1866,,7.782,0.418,3554.217,18.139,,,315.038,-1062.714,-3376.959,KAD_LUPE,Peter,Mullidae,Mulloidichthys,flavolineatus,37355019,1,AD,Passing,,
GX010031_L.MP4,17857,9.9305,KAD_LUPE_Transect 1,2.1866,,12.542,2.106,4550.313,18.645,,,437.329,-1389.96,-4310.697,KAD_LUPE,Peter,Mullidae,Mulloidichthys,flavolineatus,37355019,1,AD,Passing,,
GX010031_L.MP4,17857,9.9305,KAD_LUPE_Transect 1,2.1866,,9.623,0.926,3971.187,19.009,,,382.892,-1237.68,-3753.914,KAD_LUPE,Peter,Mullidae,Mulloidichthys,flavolineatus,37355019,1,AD,Passing,,
GX010031_L.MP4,17857,9.9305,KAD_LUPE_Transect 1,2.1866,,11.813,0.25,4401.977,19.35,,,570.399,-1344.786,-4152.541,KAD_LUPE,Peter,Mullidae,Mulloidichthys,flavolineatus,37355019,1,AD,Passing,,
GX010031_L.MP4,17857,9.9305,KAD_LUPE_Transect 1,2.1866,,8.322,10.089,3669.658,18.732,,,482.831,-1077.063,-3474.65,KAD_LUPE,Peter,Mullidae,Mulloidichthys,flavolineatus,37355019,1,AD,Passing,,
GX010031_L.MP4,17857,9.9305,KAD_LUPE_Transect 1,2.1866,,8.7,0.366,3773.885,21.158,,,506.157,-1266.668,-3518.745,KAD_LUPE,Peter,Mullidae,Mulloidichthys,flavolineatus,37355019,1,AD,Passing,,
GX010031_L.MP4,17857,9.9305,KAD_LUPE_Transect 1,2.1866,,6.54,2.629,3245.494,20.767,,,541.418,-1017.228,-3034.031,KAD_LUPE,Peter,Mullidae,Mulloidichthys,flavolineatus,37355019,1,AD,Passing,,
GX010031_L.MP4,17857,9.9305,KAD_LUPE_Transect 1,2.1866,,5.304,0.174,2915.851,21.7,,,625.876,-879.454,-2708.695,KAD_LUPE,Peter,Mullidae,Mulloidichthys,flavolineatus,37355019,1,AD,Passing,,
GX010031_L.MP4,17857,9.9305,KAD_LUPE_Transect 1,2.1866,,4.301,2.815,2641.116,24.764,,,678.788,-874.986,-2397.736,KAD_LUPE,Peter,Mullidae,Mulloidichthys,flavolineatus,37355019,1,AD,Passing,,
GX010031_L.MP4,17857,9.9305,KAD_LUPE_Transect 1,2.1866,,9.226,1.767,3959.788,25.181,,,1220.936,-1163.085,-3582.802,KAD_LUPE,Peter,Mullidae,Mulloidichthys,flavolineatus,37355019,1,AD,Passing,,
GX010031_L.MP4,17857,9.9305,KAD_LUPE_Transect 1,2.1866,,9.364,5.555,4001.483,26.189,,,1240.966,-1258.6,-3589.957,KAD_LUPE,Peter,Mullidae,Mulloidichthys,flavolineatus,37355019,1,AD,Passing,,
GX010031_L.MP4,17857,9.9305,KAD_LUPE_Transect 1,2.1866,,9.797,0.042,4051.763,24.22,,,1101.076,-1247.36,-3694.389,KAD_LUPE,Peter,Mullidae,Mulloidichthys,flavolineatus,37355019,1,AD,Passing,,
GX010031_L.MP4,17857,9.9305,KAD_LUPE_Transect 1,2.1866,,9.736,1.951,4026.102,23.72,,,1025.721,-1255.547,-3685.24,KAD_LUPE,Peter,Mullidae,Mulloidichthys,flavolineatus,37355019,1,AD,Passing,,
GX010031_L.MP4,17857,9.9305,KAD_LUPE_Transect 1,2.1866,,9.701,4.311,4007.526,23.132,,,958.711,-1250.954,-3684.597,KAD_LUPE,Peter,Mullidae,Mulloidichthys,flavolineatus,37355019,1,AD,Passing,,
GX010031_L.MP4,17857,9.9305,KAD_LUPE_Transect 1,2.1866,,11.639,5.265,4369.701,20.841,,,807.076,-1331.104,-4083.023,KAD_LUPE,Peter,Mullidae,Mulloidichthys,flavolineatus,37355019,1,AD,Passing,,
GX010031_L.MP4,17857,9.9305,KAD_LUPE_Transect 1,2.1866,,11.446,0.083,4334.871,20.902,,,905.476,-1256.133,-4048.87,KAD_LUPE,Peter,Mullidae,Mulloidichthys,flavolineatus,37355019,1,AD,Passing,,
GX010031_L.MP4,17857,9.9305,KAD_LUPE_Transect 1,2.1866,,10.811,9.827,4198.443,19.001,,,618.731,-1221.193,-3968.978,KAD_LUPE,Peter,Mullidae,Mulloidichthys,flavolineatus,37355019,1,AD,Passing,,
GX010031_L.MP4,17857,9.9305,KAD_LUPE_Transect 1,2.1866,,12.683,6.32,4552.508,18.111,,,675.818,-1245.89,-4326.241,KAD_LUPE,Peter,Mullidae,Mulloidichthys,flavolineatus,37355019,1,AD,Passing,,
GX010031_L.MP4,17857,9.9305,KAD_LUPE_Transect 1,2.1866,,6.048,0.077,3134.211,22.835,,,722.685,-980.028,-2888.001,KAD_LUPE,Peter,Mullidae,Mulloidichthys,flavolineatus,37355019,1,AD,Passing,,
GX010031_L.MP4,24801,13.7921,KAD_LUPE_Transect 2,0.2441,,8.745,6.564,4047.611,23.981,,,-1545.787,-565.121,-3697.883,KAD_LUPE,Peter,Acanthuridae,Zebrasoma,scopas,37437036,1,AD,Passing,,
GX010031_L.MP4,24820,13.8027,KAD_LUPE_Transect 2,0.2547,,12.57,2.847,4911.325,21.652,,,-1800.658,-206.336,-4564.665,KAD_LUPE,Peter,Pomacentridae,Dascyllus,aruanus,37372073,1,AD,Passing,,
GX010031_L.MP4,24820,13.8027,KAD_LUPE_Transect 2,0.2547,,11.116,1.705,4452.534,16.566,,,-1236.233,-291.376,-4267.539,KAD_LUPE,Peter,Pomacentridae,Dascyllus,aruanus,37372073,1,AD,Passing,,
GX010031_L.MP4,24820,13.8027,KAD_LUPE_Transect 2,0.2547,,32.915,6.393,7836.485,16.402,,,-2187.342,-339.539,-7517.363,KAD_LUPE,Peter,Pomacentridae,Dascyllus,aruanus,37372073,1,AD,Passing,,
GX010031_L.MP4,24854,13.8216,KAD_LUPE_Transect 2,0.2736,,11.63,4.619,4709.533,24.23,,,-1825.063,-638.73,-4294.283,KAD_LUPE,Peter,Pomacentridae,Dascyllus,aruanus,37372073,1,AD,Passing,,
GX010031_L.MP4,24854,13.8216,KAD_LUPE_Transect 2,0.2736,,10.269,3.643,4473.669,25.726,,,-1855.928,-573.803,-4029.888,KAD_LUPE,Peter,Pomacentridae,Dascyllus,aruanus,37372073,1,AD,Passing,,
GX010031_L.MP4,24854,13.8216,KAD_LUPE_Transect 2,0.2736,,9.577,6.222,4358.528,27.41,,,-1912.658,-608.637,-3868.858,KAD_LUPE,Peter,Pomacentridae,Dascyllus,aruanus,37372073,1,AD,Passing,,
GX010031_L.MP4,24981,13.8922,KAD_LUPE_Transect 2,0.3442,,21.755,4.12,6197.603,16.194,,,1702.628,-301.449,-5951.51,KAD_LUPE,Peter,Acanthuridae,Acanthurus,sp,,1,AD,Passing,,
GX010031_L.MP4,25046,13.9284,KAD_LUPE_Transect 2,0.3804,224.637,10.253,3.626,3093.011,27.852,49.611,13.775,1403.175,-345.274,-2734.704,KAD_LUPE,Peter,Scaridae,Scarus,schlegeli,37386029,1,AD,Passing,,
GX010031_L.MP4,25091,13.9534,KAD_LUPE_Transect 2,0.4054,,5.077,0.261,3018.007,21.644,,,-1095.725,-197.816,-2805.106,KAD_LUPE,Peter,Pomacentridae,Dascyllus,reticulatus,37372074,1,AD,Passing,,
GX010031_L.MP4,25091,13.9534,KAD_LUPE_Transect 2,0.4054,,5.78,3.733,3201.632,19.393,,,-1057.352,-112.126,-3019.914,KAD_LUPE,Peter,Pomacentridae,Dascyllus,reticulatus,37372074,1,AD,Passing,,
GX010031_L.MP4,25242,14.0374,KAD_LUPE_Transect 2,0.4894,138.047,7.515,9.631,3066.723,16.413,20.347,7.743,845.48,-189.894,-2941.75,KAD_LUPE,Peter,Acanthuridae,Acanthurus,blochii,37437007,1,AD,Passing,,
GX010031_L.MP4,25242,14.0374,KAD_LUPE_Transect 2,0.4894,221.249,19.782,8.078,3300.797,10.891,72.941,7.393,593.452,-191.686,-3241.347,KAD_LUPE,Peter,Acanthuridae,Acanthurus,blochii,37437007,1,AD,Passing,,
GX010031_L.MP4,25242,14.0374,KAD_LUPE_Transect 2,0.4894,74.837,3.417,8.169,2047.788,22.977,18.739,1.715,692.579,399.147,-1885.326,KAD_LUPE,Peter,Pomacentridae,Amblyglyphidodon,orbicularis,temp_code_001,1,AD,Passing,,
GX010031_L.MP4,25349,14.0969,KAD_LUPE_Transect 2,0.5489,,11.275,7.484,4819.119,29.799,,,2393.103,-95.971,-4181.837,KAD_LUPE,Peter,Mullidae,Parupeneus,crassilabris,37355023,1,AD,Passing,,
GX010031_L.MP4,25427,14.1402,KAD_LUPE_Transect 2,0.5923,125.533,10.335,10.504,2838.83,29.015,83.119,4.113,1229.129,-620.639,-2482.539,KAD_LUPE,Peter,Mullidae,Mulloidichthys,flavolineatus,37355019,1,AD,Passing,,
GX010031_L.MP4,25433,14.1436,KAD_LUPE_Transect 2,0.5956,,8.571,3.536,4074.888,26.738,,,1833.181,22.847,-3639.181,KAD_LUPE,Peter,Acanthuridae,Acanthurus,sp,,1,AD,Passing,,
GX010031_L.MP4,25509,14.1858,KAD_LUPE_Transect 2,0.6379,115.267,6.89,6.243,2451.513,26.28,51.959,16.693,789.565,-744.795,-2198.131,KAD_LUPE,Peter,Mullidae,Mulloidichthys,flavolineatus,37355019,1,AD,Passing,,
GX010031_L.MP4,25509,14.1858,KAD_LUPE_Transect 2,0.6379,115.691,7.116,6.369,2463.455,25.874,52.425,13.971,794.861,-723.808,-2216.508,KAD_LUPE,Peter,Mullidae,Mulloidichthys,flavolineatus,37355019,1,AD,Passing,,
GX010031_L.MP4,25602,14.2376,KAD_LUPE_Transect 2,0.6896,184.658,10.49,4.739,4066.12,25.212,19.023,37.084,1714.599,-244.975,-3678.787,KAD_LUPE,Peter,Scaridae,Scarus,schlegeli,37386029,1,AD,Passing,,
GX010031_L.MP4,25611,14.2426,KAD_LUPE_Transect 2,0.6946,,8.237,1.632,4112.324,30.608,,,2093.396,-45.23,-3539.33,KAD_LUPE,Peter,Nemipteridae,Scolopsis,bilineata,37347031,1,AD,Passing,,
GX010031_L.MP4,25644,14.2609,KAD_LUPE_Transect 2,0.7129,215.518,17.261,4.216,3580.005,24.84,67.995,9.529,1294.167,-766.101,-3248.793,KAD_LUPE,Peter,Scaridae,Scarus,schlegeli,37386029,1,AD,Passing,,
GX010031_L.MP4,25756,14.3232,KAD_LUPE_Transect 2,0.7752,,8.252,0.484,3685.314,20.761,,,324.097,-1267.498,-3445.28,KAD_LUPE,Peter,Mullidae,Mulloidichthys,flavolineatus,37355019,1,AD,Passing,,
GX010031_L.MP4,25756,14.3232,KAD_LUPE_Transect 2,0.7752,,8.477,0.519,3737.644,21.388,,,382.635,-1310.262,-3479.48,KAD_LUPE,Peter,Mullidae,Mulloidichthys,flavolineatus,37355019,1,AD,Passing,,
GX010031_L.MP4,25910,14.4088,KAD_LUPE_Transect 2,0.8609,147.98,7.237,2.25,3659.639,20.32,16.67,20.45,-116.978,-1265.449,-3431.896,KAD_LUPE,Peter,Balistidae,Balistapus,undulatus,37465047,1,AD,Passing,,
GX010031_L.MP4,25917,14.4127,KAD_LUPE_Transect 2,0.8648,,8.55,11.197,3875.448,25.9,,,-1104.924,-1284.492,-3485.444,KAD_LUPE,Peter,Mullidae,Mulloidichthys,flavolineatus,37355019,1,AD,Passing,,
GX010031_L.MP4,25917,14.4127,KAD_LUPE_Transect 2,0.8648,,6.877,1.577,3324.581,19.04,,,707.528,-823.866,-3142.21,KAD_LUPE,Peter,Mullidae,Mulloidichthys,flavolineatus,37355019,1,AD,Passing,,
GX010031_L.MP4,25917,14.4127,KAD_LUPE_Transect 2,0.8648,,6.508,2.179,3246.918,20.452,,,807.503,-798.735,-3041.782,KAD_LUPE,Peter,Mullidae,Mulloidichthys,flavolineatus,37355019,1,AD,Passing,,
GX010031_L.MP4,25917,14.4127,KAD_LUPE_Transect 2,0.8648,,9.756,0.248,4022.021,18.339,,,-485.926,-1170.731,-3817.056,KAD_LUPE,Peter,Mullidae,Mulloidichthys,flavolineatus,37355019,1,AD,Passing,,
GX010031_L.MP4,25917,14.4127,KAD_LUPE_Transect 2,0.8648,,14.324,4.123,4990.75,22.439,,,-1304.228,-1391.193,-4612.067,KAD_LUPE,Peter,Mullidae,Mulloidichthys,flavolineatus,37355019,1,AD,Passing,,
GX010031_L.MP4,25917,14.4127,KAD_LUPE_Transect 2,0.8648,,16.07,5.318,5298.66,22.279,,,-1417.912,-1425.896,-4902.259,KAD_LUPE,Peter,Mullidae,Mulloidichthys,flavolineatus,37355019,1,AD,Passing,,
GX010031_L.MP4,26037,14.4795,KAD_LUPE_Transect 2,0.9315,113.66,7.601,4.448,2293.744,20.904,60.147,0.992,26.881,-817.96,-2142.774,KAD_LUPE,Peter,Mullidae,Mulloidichthys,flavolineatus,37355019,1,AD,Passing,,
GX010031_L.MP4,26037,14.4795,KAD_LUPE_Transect 2,0.9315,99.567,5.285,0.509,2252.544,21.896,38.144,4.437,239.727,-805.099,-2090.049,KAD_LUPE,Peter,Mullidae,Mulloidichthys,flavolineatus,37355019,1,AD,Passing,,
GX010031_L.MP4,26075,14.5006,KAD_LUPE_Transect 2,0.9526,86.481,5.137,4.148,2667.561,24.768,18.496,1.693,821.165,-758.014,-2422.186,KAD_LUPE,Peter,Mullidae,Mulloidichthys,flavolineatus,37355019,1,AD,Passing,,
GX010031_L.MP4,26075,14.5006,KAD_LUPE_Transect 2,0.9526,94.312,6.623,0.736,3194.231,21.954,15.029,24.62,982.968,-678.197,-2962.589,KAD_LUPE,Peter,Mullidae,Mulloidichthys,flavolineatus,37355019,1,AD,Passing,,
GX010031_L.MP4,26075,14.5006,KAD_LUPE_Transect 2,0.9526,106.869,8.479,1.571,3138.785,20.826,26.433,10.026,894.83,-666.802,-2933.705,KAD_LUPE,Peter,Mullidae,Mulloidichthys,flavolineatus,37355019,1,AD,Passing,,
GX010031_L.MP4,26075,14.5006,KAD_LUPE_Transect 2,0.9526,93.017,7.871,3.938,3591.302,19.037,12.208,15.272,970.702,-655.68,-3394.889,KAD_LUPE,Peter,Mullidae,Mulloidichthys,flavolineatus,37355019,1,AD,Passing,,
GX010031_L.MP4,26075,14.5006,KAD_LUPE_Transect 2,0.9526,,7.886,0.158,3559.793,17.449,,,543.625,-920.623,-3395.446,KAD_LUPE,Peter,Mullidae,Mulloidichthys,flavolineatus,37355019,1,AD,Passing,,
GX010031_L.MP4,26075,14.5006,KAD_LUPE_Transect 2,0.9526,,8.927,5.191,3921.394,20.559,,,1288.639,-487.68,-3671.364,KAD_LUPE,Peter,Mullidae,Mulloidichthys,flavolineatus,37355019,1,AD,Passing,,
GX010031_L.MP4,26075,14.5006,KAD_LUPE_Transect 2,0.9526,,6.034,0.142,3305.538,26.17,,,1387.111,-450.299,-2966.435,KAD_LUPE,Peter,Mullidae,Mulloidichthys,flavolineatus,37355019,1,AD,Passing,,
GX010031_L.MP4,26075,14.5006,KAD_LUPE_Transect 2,0.9526,,6.016,2.763,3309.748,26.213,,,1403.997,-409.23,-2969.134,KAD_LUPE,Peter,Mullidae,Mulloidichthys,flavolineatus,37355019,1,AD,Passing,,
GX010031_L.MP4,26075,14.5006,KAD_LUPE_Transect 2,0.9526,,8.994,0.226,4035.917,23.87,,,1575.785,-431.38,-3690.453,KAD_LUPE,Peter,Mullidae,Mulloidichthys,flavolineatus,37355019,1,AD,Passing,,
GX010031_L.MP4,26075,14.5006,KAD_LUPE_Transect 2,0.9526,,8.036,0.893,3848.23,25.418,,,1601.414,-406.523,-3475.498,KAD_LUPE,Peter,Mullidae,Mulloidichthys,flavolineatus,37355019,1,AD,Passing,,
GX010031_L.MP4,26075,14.5006,KAD_LUPE_Transect 2,0.9526,,7.901,3.801,3842.622,26.429,,,1660.708,-410.828,-3440.786,KAD_LUPE,Peter,Mullidae,Mulloidichthys,flavolineatus,37355019,1,AD,Passing,,
GX010031_L.MP4,26075,14.5006,KAD_LUPE_Transect 2,0.9526,,7.977,3.726,3890.894,26.969,,,1729.464,-352.325,-3467.546,KAD_LUPE,Peter,Mullidae,Mulloidichthys,flavolineatus,37355019,1,AD,Passing,,
GX010031_L.MP4,26075,14.5006,KAD_LUPE_Transect 2,0.9526,,8.11,3.342,3918.132,26.579,,,1722.755,-326.877,-3503.858,KAD_LUPE,Peter,Mullidae,Mulloidichthys,flavolineatus,37355019,1,AD,Passing,,
GX010031_L.MP4,26075,14.5006,KAD_LUPE_Transect 2,0.9526,,8.035,4.156,3906.251,26.603,,,1725.639,-288.488,-3492.527,KAD_LUPE,Peter,Mullidae,Mulloidichthys,flavolineatus,37355019,1,AD,Passing,,
GX010031_L.MP4,26150,14.5423,KAD_LUPE_Transect 2,0.9943,125.201,3.166,2.955,2612.74,19.206,10.422,23.239,-79.261,-855.826,-2467.324,KAD_LUPE,Peter,Mullidae,Parupeneus,multifasciatus,37355026,1,AD,Passing,,
GX010031_L.MP4,26233,14.5885,KAD_LUPE_Transect 2,1.0405,70.096,6.383,6.726,2341.789,22.152,45.937,5.561,-496.026,-730.539,-2168.927,KAD_LUPE,Peter,Pomacanthidae,Centropyge,bicolor,37365022,1,AD,Passing,,
GX010031_L.MP4,26263,14.6051,KAD_LUPE_Transect 2,1.0572,,3.276,11.474,2322.715,24.609,,,-632.266,-733.199,-2111.318,KAD_LUPE,Peter,Pomacentridae,Dascyllus,aruanus,37372073,1,AD,Passing,,
GX010031_L.MP4,26263,14.6051,KAD_LUPE_Transect 2,1.0572,114.929,4.134,9.894,1718.484,21.262,62.79,14.294,-350.802,-515.059,-1601.511,KAD_LUPE,Peter,Mullidae,Mulloidichthys,flavolineatus,37355019,1,AD,Passing,,
GX010031_L.MP4,26263,14.6051,KAD_LUPE_Transect 2,1.0572,110.572,4.852,7.546,1759.628,19.51,76.133,10.504,-389.511,-440.038,-1658.595,KAD_LUPE,Peter,Mullidae,Mulloidichthys,flavolineatus,37355019,1,AD,Passing,,
GX010031_L.MP4,26263,14.6051,KAD_LUPE_Transect 2,1.0572,,1.859,17.489,1709.255,25.465,,,-522.852,-517.349,-1542.896,KAD_LUPE,Peter,Mullidae,Mulloidichthys,flavolineatus,37355019,1,AD,Passing,,
GX010031_L.MP4,26263,14.6051,KAD_LUPE_Transect 2,1.0572,,2.955,6.687,2201.341,22.616,,,-701.728,-474.691,-2031.785,KAD_LUPE,Peter,Mullidae,Mulloidichthys,flavolineatus,37355019,1,AD,Passing,,
GX010031_L.MP4,26263,14.6051,KAD_LUPE_Transect 2,1.0572,,2.437,17.439,2040.222,28.027,,,-807.2,-518.232,-1800.659,KAD_LUPE,Peter,Mullidae,Mulloidichthys,flavolineatus,37355019,1,AD,Passing,,
GX010031_L.MP4,26263,14.6051,KAD_LUPE_Transect 2,1.0572,,2.979,4.749,2177.376,18.985,,,-592.401,-389.579,-2058.702,KAD_LUPE,Peter,Mullidae,Mulloidichthys,flavolineatus,37355019,1,AD,Passing,,
GX010031_L.MP4,26263,14.6051,KAD_LUPE_Transect 2,1.0572,,2.716,2.409,2031.105,7.212,,,-153.64,-204.678,-2014.917,KAD_LUPE,Peter,Mullidae,Mulloidichthys,flavolineatus,37355019,1,AD,Passing,,
GX010031_L.MP4,26263,14.6051,KAD_LUPE_Transect 2,1.0572,,2.649,0.651,2003.126,4.814,,,31.298,-166.339,-1995.962,KAD_LUPE,Peter,Mullidae,Mulloidichthys,flavolineatus,37355019,1,AD,Passing,,
GX010031_L.MP4,26263,14.6051,KAD_LUPE_Transect 2,1.0572,77.144,1.503,2.728,1406.737,17.969,18.396,15.341,191.945,-389.225,-1338.122,KAD_LUPE,Peter,Pomacentridae,Pomacentrus,vaiuli,37372126,1,AD,Passing,,
GX010031_L.MP4,26338,14.6469,KAD_LUPE_Transect 2,1.0989,145.422,13.248,7.814,3960.296,26.076,26.696,10.338,1669.314,493.825,-3557.172,KAD_LUPE,Peter,Scaridae,Chlorurus,bleekeri,37386011,1,AD,Passing,double check,
GX010031_L.MP4,26338,14.6469,KAD_LUPE_Transect 2,1.0989,89.269,6.589,3.467,2231.39,11.963,47.613,22.2,433.277,-161.898,-2182.925,KAD_LUPE,Peter,Mullidae,Mulloidichthys,flavolineatus,37355019,1,AD,Passing,,
GX010031_L.MP4,26338,14.6469,KAD_LUPE_Transect 2,1.0989,116.892,3.079,1.008,1817.038,10.233,26.864,7.411,85.902,-311.159,-1788.135,KAD_LUPE,Peter,Mullidae,Mulloidichthys,flavolineatus,37355019,1,AD,Passing,,
GX010031_L.MP4,26338,14.6469,KAD_LUPE_Transect 2,1.0989,93.31,4.788,3.61,1839.836,8.859,47.533,12.246,141.524,-245.452,-1817.889,KAD_LUPE,Peter,Mullidae,Mulloidichthys,flavolineatus,37355019,1,AD,Passing,,
GX010031_L.MP4,26338,14.6469,KAD_LUPE_Transect 2,1.0989,109.238,2.705,0.296,1277.1,16.337,76.465,7.186,180.994,-310.293,-1225.538,KAD_LUPE,Peter,Mullidae,Mulloidichthys,flavolineatus,37355019,1,AD,Passing,,
GX010031_L.MP4,26338,14.6469,KAD_LUPE_Transect 2,1.0989,,5.483,4.404,3024.379,17.918,,,922.384,120.806,-2877.757,KAD_LUPE,Peter,Mullidae,Mulloidichthys,flavolineatus,37355019,1,AD,Passing,,
GX010031_L.MP4,26338,14.6469,KAD_LUPE_Transect 2,1.0989,,4.429,0.857,2671.464,15.65,,,717.419,66.928,-2572.46,KAD_LUPE,Peter,Mullidae,Mulloidichthys,flavolineatus,37355019,1,AD,Passing,,
GX010031_L.MP4,26338,14.6469,KAD_LUPE_Transect 2,1.0989,,6.339,3.196,3218.085,11.251,,,624.859,59.47,-3156.277,KAD_LUPE,Peter,Mullidae,Mulloidichthys,flavolineatus,37355019,1,AD,Passing,,
GX010031_L.MP4,26338,14.6469,KAD_LUPE_Transect 2,1.0989,,7.085,3.202,3415.061,10.337,,,608.936,66.467,-3359.675,KAD_LUPE,Peter,Mullidae,Mulloidichthys,flavolineatus,37355019,1,AD,Passing,,
GX010031_L.MP4,26338,14.6469,KAD_LUPE_Transect 2,1.0989,,4.397,3.194,2638.307,7.748,,,341.099,-102.302,-2614.163,KAD_LUPE,Peter,Mullidae,Mulloidichthys,flavolineatus,37355019,1,AD,Passing,,
GX010031_L.MP4,26338,14.6469,KAD_LUPE_Transect 2,1.0989,,7.605,3.136,3570.136,4.828,,,299.949,-20.28,-3557.455,KAD_LUPE,Peter,Mullidae,Mulloidichthys,flavolineatus,37355019,1,AD,Passing,,
GX010031_L.MP4,26338,14.6469,KAD_LUPE_Transect 2,1.0989,,6.913,3.033,3389.937,4.659,,,235.815,-144.083,-3378.654,KAD_LUPE,Peter,Mullidae,Mulloidichthys,flavolineatus,37355019,1,AD,Passing,,
GX010031_L.MP4,26338,14.6469,KAD_LUPE_Transect 2,1.0989,,8.901,4.068,3908.192,2.271,,,103.889,-117.096,-3905.056,KAD_LUPE,Peter,Mullidae,Mulloidichthys,flavolineatus,37355019,1,AD,Passing,,
GX010031_L.MP4,26338,14.6469,KAD_LUPE_Transect 2,1.0989,,6.423,0.576,3266.911,3.41,,,111.761,-160.858,-3261.034,KAD_LUPE,Peter,Mullidae,Mulloidichthys,flavolineatus,37355019,1,AD,Passing,,
GX010031_L.MP4,26338,14.6469,KAD_LUPE_Transect 2,1.0989,,7.977,4.59,3681.534,3.203,,,-50.698,-201.479,-3675.667,KAD_LUPE,Peter,Mullidae,Mulloidichthys,flavolineatus,37355019,1,AD,Passing,,
GX010031_L.MP4,26338,14.6469,KAD_LUPE_Transect 2,1.0989,,4.057,1.176,2531.606,8.402,,,-204.839,-309.473,-2504.255,KAD_LUPE,Peter,Mullidae,Mulloidichthys,flavolineatus,37355019,1,AD,Passing,,
GX010031_L.MP4,26338,14.6469,KAD_LUPE_Transect 2,1.0989,,6.203,1.914,3183.262,11.033,,,-448.078,-414.516,-3124.189,KAD_LUPE,Peter,Mullidae,Mulloidichthys,flavolineatus,37355019,1,AD,Passing,,
GX010031_L.MP4,26338,14.6469,KAD_LUPE_Transect 2,1.0989,,2.36,2.928,1904.455,19.833,,,-412.886,-498.047,-1791.207,KAD_LUPE,Peter,Mullidae,Mulloidichthys,flavolineatus,37355019,1,AD,Passing,,
GX010031_L.MP4,26338,14.6469,KAD_LUPE_Transect 2,1.0989,,1.355,0.318,1376.293,16.912,,,268.904,-297.4,-1316.596,KAD_LUPE,Peter,Mullidae,Mulloidichthys,flavolineatus,37355019,1,AD,Passing,,
GX010031_L.MP4,26338,14.6469,KAD_LUPE_Transect 2,1.0989,,2.73,9.011,2123.129,25.02,,,-694.155,-570.745,-1923.558,KAD_LUPE,Peter,Mullidae,Mulloidichthys,flavolineatus,37355019,1,AD,Passing,,
GX010031_L.MP4,26364,14.6613,KAD_LUPE_Transect 2,1.1133,,2.627,0.13,2005.512,18.181,,,86.404,-620.869,-1905.029,KAD_LUPE,Peter,Pomacanthidae,Centropyge,bicolor,37365022,1,AD,Passing,,
GX010031_L.MP4,26419,14.6919,KAD_LUPE_Transect 2,1.1439,,6.147,0.289,3169.058,19.064,,,9.645,-1036.805,-2994.641,KAD_LUPE,Peter,Pomacanthidae,Centropyge,bicolor,37365022,1,AD,Passing,,
GX010031_L.MP4,26489,14.7308,KAD_LUPE_Transect 2,1.1828,99.279,5.117,2.912,2781.701,21.035,7.367,4.312,927.825,-368.901,-2596.327,KAD_LUPE,Peter,Mullidae,Mulloidichthys,flavolineatus,37355019,1,AD,Passing,,
GX010031_L.MP4,26521,14.7486,KAD_LUPE_Transect 2,1.2006,,33.691,0.45,7517.836,13.097,,,1013.045,-1373.922,-7321.471,KAD_LUPE,Peter,Scaridae,Scarus,schlegeli,37386029,1,AD,Passing,,
GX010031_L.MP4,26521,14.7486,KAD_LUPE_Transect 2,1.2006,,35.502,0.981,7722.755,16.3,,,1659.333,-1398.94,-7411.513,KAD_LUPE,Peter,Scaridae,Scarus,sp,,1,AD,Passing,,
GX010031_L.MP4,26550,14.7647,KAD_LUPE_Transect 2,1.2168,76.299,7.015,9.997,2128.548,21.594,72.28,6.02,37.581,-782.456,-1979.158,KAD_LUPE,Peter,Mullidae,Mulloidichthys,flavolineatus,37355019,1,AD,Passing,,
GX010031_L.MP4,26550,14.7647,KAD_LUPE_Transect 2,1.2168,105.986,9.848,2.964,2441.174,19.076,74.1,1.215,89.751,-792.768,-2307.118,KAD_LUPE,Peter,Mullidae,Mulloidichthys,flavolineatus,37355019,1,AD,Passing,,
GX010031_L.MP4,26550,14.7647,KAD_LUPE_Transect 2,1.2168,,4.591,0.609,2704.257,17.52,,,58.282,-813.522,-2578.331,KAD_LUPE,Peter,Mullidae,Mulloidichthys,flavolineatus,37355019,1,AD,Passing,,
GX010031_L.MP4,26550,14.7647,KAD_LUPE_Transect 2,1.2168,,6.982,3.511,3372.427,15.205,,,-53.675,-884.765,-3253.855,KAD_LUPE,Peter,Mullidae,Mulloidichthys,flavolineatus,37355019,1,AD,Passing,,
GX010031_L.MP4,26550,14.7647,KAD_LUPE_Transect 2,1.2168,,6.684,0.604,3299.723,16.512,,,-102.336,-934.075,-3163.1,KAD_LUPE,Peter,Mullidae,Mulloidichthys,flavolineatus,37355019,1,AD,Passing,,
GX010031_L.MP4,26550,14.7647,KAD_LUPE_Transect 2,1.2168,,4.375,0.259,2641.168,17.821,,,-88.158,-804.952,-2513.971,KAD_LUPE,Peter,Mullidae,Mulloidichthys,flavolineatus,37355019,1,AD,Passing,,
GX010031_L.MP4,26550,14.7647,KAD_LUPE_Transect 2,1.2168,,9.916,0.704,4043.843,15.489,,,149.682,-1071.757,-3896.357,KAD_LUPE,Peter,Mullidae,Mulloidichthys,flavolineatus,37355019,1,AD,Passing,,
GX010031_L.MP4,26736,14.8682,KAD_LUPE_Transect 2,1.3202,,9.18,0.232,4257.898,29.204,,,2037.144,-409.741,-3716.43,KAD_LUPE,Peter,Chaetodontidae,Chaetodon,lunulatus,37365059,1,AD,Passing,,
GX010031_L.MP4,26755,14.8788,KAD_LUPE_Transect 2,1.3308,154.208,10.788,3.37,4272.939,20.469,2.42,15.317,1465.985,-289.208,-4003.155,KAD_LUPE,Peter,Acanthuridae,Acanthurus,blochii,37437007,1,AD,Passing,,
GX010031_L.MP4,26755,14.8788,KAD_LUPE_Transect 2,1.3308,,7.199,0.632,3566.277,24.534,,,1367.136,-570.926,-3243.966,KAD_LUPE,Peter,Chaetodontidae,Chaetodon,lunulatus,37365059,1,AD,Passing,,
GX010031_L.MP4,26755,14.8788,KAD_LUPE_Transect 2,1.3308,191.069,17.515,12.899,4862.032,30.838,31.682,31.871,2485.749,181.032,-4174.642,KAD_LUPE,Peter,Scaridae,Scarus,schlegeli,37386029,1,AD,Passing,may have double sampled,
GX010031_L.MP4,26755,14.8788,KAD_LUPE_Transect 2,1.3308,,18.076,15.449,5650.58,18.467,,,1735.545,-440.894,-5359.343,KAD_LUPE,Peter,Siganidae,Siganus,doliatus,37438009,1,AD,Passing,,
GX010031_L.MP4,26763,14.8832,KAD_LUPE_Transect 2,1.3352,,6.644,0.627,3485.413,26.371,,,1476.244,-468.118,-3122.447,KAD_LUPE,Peter,Chaetodontidae,Chaetodon,baronessa,37365034,1,AD,Passing,,
GX010031_L.MP4,26817,14.9132,KAD_LUPE_Transect 2,1.3653,,8.378,1.502,4079.111,29.387,,,1976.689,-317.283,-3554.037,KAD_LUPE,Peter,Chaetodontidae,Chaetodon,oxycephalus,37365048,1,AD,Passing,,
GX010031_L.MP4,26826,14.9182,KAD_LUPE_Transect 2,1.3703,189.074,8.005,3.636,4260.498,15.982,9.371,32.052,529.332,-1046.833,-4095.826,KAD_LUPE,Peter,Scaridae,Chlorurus,bleekeri,37386011,1,AD,Passing,,
GX010031_L.MP4,26826,14.9182,KAD_LUPE_Transect 2,1.3703,236.94,20.11,6.481,4455.725,13.714,43.091,41.93,277.184,-1019.355,-4328.692,KAD_LUPE,Peter,Scaridae,Scarus,schlegeli,37386029,1,AD,Passing,,
GX010031_L.MP4,26842,14.9271,KAD_LUPE_Transect 2,1.3792,182.085,11.687,8.575,4534.268,15.19,37.462,77.813,-42.809,-1187.326,-4375.844,KAD_LUPE,Peter,Scaridae,Chlorurus,bleekeri,37386011,1,AD,Passing,,
GX010031_L.MP4,26913,14.9666,KAD_LUPE_Transect 2,1.4186,222.035,9.878,0.371,3668.915,14.693,20.409,17.187,765.691,-528.92,-3548.929,KAD_LUPE,Peter,Scaridae,Scarus,schlegeli,37386029,1,AD,Passing,,
GX010031_L.MP4,26920,14.9705,KAD_LUPE_Transect 2,1.4225,,11.437,1.55,4762.614,27.71,,,2203.205,-226.68,-4216.278,KAD_LUPE,Peter,Scaridae,Scarus,dimidiatus,37386013,1,AD,Passing,,
GX010031_L.MP4,27037,15.0356,KAD_LUPE_Transect 2,1.4876,220.83,13.811,1.696,3249.502,27.004,87.387,13.192,1438.87,-326.517,-2895.221,KAD_LUPE,Peter,Labridae,Thalassoma,sp,,1,AD,Passing,,
GX010031_L.MP4,27136,15.0906,KAD_LUPE_Transect 2,1.5427,,13.926,14.366,5203.999,29.388,,,2409.423,843.623,-4534.82,KAD_LUPE,Peter,Acanthuridae,Zebrasoma,scopas,37437036,1,AD,Passing,,
GX010031_L.MP4,27181,15.1157,KAD_LUPE_Transect 2,1.5677,132.611,10.552,4.717,3557.834,17.76,22.612,1.344,1035.974,-323.336,-3388.273,KAD_LUPE,Peter,Scaridae,Chlorurus,spilurus,temp_code_002,1,AD,Passing,,
GX010031_L.MP4,27181,15.1157,KAD_LUPE_Transect 2,1.5677,,7.015,0.51,3501.299,22.932,,,1286.043,-457.066,-3224.326,KAD_LUPE,Peter,Scaridae,Chlorurus,spilurus,temp_code_002,1,AD,Passing,,
GX010031_L.MP4,27181,15.1157,KAD_LUPE_Transect 2,1.5677,,9.38,5.286,4238.006,26.063,,,1850.778,201.911,-3807.171,KAD_LUPE,Peter,Scaridae,Chlorurus,spilurus,temp_code_002,1,AD,Passing,,
GX010031_L.MP4,27191,15.1212,KAD_LUPE_Transect 2,1.5732,,10.851,3.209,4566.71,25.475,,,1961.24,-110.121,-4122.651,KAD_LUPE,Peter,Scaridae,Chlorurus,spilurus,temp_code_002,1,AD,Passing,,
GX010031_L.MP4,27254,15.1563,KAD_LUPE_Transect 2,1.6083,227.941,14.176,5.576,3374.774,29.501,89.427,1.338,1658.427,106.528,-2937.238,KAD_LUPE,Peter,Scaridae,Chlorurus,spilurus,temp_code_002,1,AD,Passing,,
GX010031_L.MP4,27254,15.1563,KAD_LUPE_Transect 2,1.6083,107.637,8.774,6.361,2569.936,27.798,84.064,0.288,1104.347,-465.686,-2273.351,KAD_LUPE,Peter,Mullidae,Parupeneus,multifasciatus,37355026,1,AD,Passing,,
GX010031_L.MP4,27307,15.1857,KAD_LUPE_Transect 2,1.6377,129.8,11.325,1.867,2957.71,23.997,59.376,4.294,1198.834,-98.432,-2702.065,KAD_LUPE,Peter,Scaridae,Chlorurus,spilurus,temp_code_002,1,AD,Passing,,
GX010031_L.MP4,27326,15.1963,KAD_LUPE_Transect 2,1.6483,269.637,23.583,2.363,4104.173,13.325,49.635,12.661,945.922,1.052,-3993.678,KAD_LUPE,Peter,Scaridae,Chlorurus,spilurus,temp_code_002,1,AD,Passing,,
GX010031_L.MP4,27326,15.1963,KAD_LUPE_Transect 2,1.6483,153.917,14.69,3.868,3593.187,16.565,37.972,8.861,1024.379,-7.216,-3444.065,KAD_LUPE,Peter,Scaridae,Chlorurus,spilurus,temp_code_002,1,AD,Passing,,
GX010031_L.MP4,27347,15.208,KAD_LUPE_Transect 2,1.66,,8.538,2.643,3882.474,21.281,,,1376.833,-301.873,-3617.57,KAD_LUPE,Peter,Mullidae,Parupeneus,barberinoides,37355021,1,AD,Passing,,
GX010031_L.MP4,27383,15.228,KAD_LUPE_Transect 2,1.68,,10.926,0.661,4334.304,15.888,,,1175.234,160.897,-4168.828,KAD_LUPE,Peter,Scaridae,Chlorurus,spilurus,temp_code_002,1,AD,Passing,,
GX010031_L.MP4,27411,15.2436,KAD_LUPE_Transect 2,1.6956,,7.615,4.918,3575.085,15.136,,,929.995,-83.089,-3451.006,KAD_LUPE,Peter,Scaridae,Chlorurus,spilurus,temp_code_002,1,AD,Passing,,
GX010031_L.MP4,27411,15.2436,KAD_LUPE_Transect 2,1.6956,,6.24,5.439,3230.802,20.092,,,1017.959,-443.997,-3033.927,KAD_LUPE,Peter,Pomacentridae,Dascyllus,aruanus,37372073,1,AD,Passing,,
GX010031_L.MP4,27411,15.2436,KAD_LUPE_Transect 2,1.6956,,6.059,4.377,3158.59,17.892,,,897.489,-370.81,-3005.612,KAD_LUPE,Peter,Pomacentridae,Dascyllus,aruanus,37372073,1,AD,Passing,,
GX010031_L.MP4,27411,15.2436,KAD_LUPE_Transect 2,1.6956,,5.884,4.001,3155.759,20.792,,,1059.338,-365.933,-2950.035,KAD_LUPE,Peter,Pomacentridae,Dascyllus,aruanus,37372073,1,AD,Passing,,
GX010031_L.MP4,27411,15.2436,KAD_LUPE_Transect 2,1.6956,,7.5,5.223,3559.492,18.234,,,1067.854,-318.479,-3380.569,KAD_LUPE,Peter,Pomacentridae,Dascyllus,aruanus,37372073,1,AD,Passing,,
GX010031_L.MP4,27411,15.2436,KAD_LUPE_Transect 2,1.6956,,6.166,3.14,3295.749,22.21,,,1233.826,-174.091,-3051.119,KAD_LUPE,Peter,Pomacentridae,Dascyllus,aruanus,37372073,1,AD,Passing,,
GX010031_L.MP4,27411,15.2436,KAD_LUPE_Transect 2,1.6956,,7.013,2.901,3475.866,19.109,,,1134.04,-95.166,-3284.287,KAD_LUPE,Peter,Pomacentridae,Dascyllus,aruanus,37372073,1,AD,Passing,,
GX010031_L.MP4,27411,15.2436,KAD_LUPE_Transect 2,1.6956,,7.743,0.347,3655.825,18.457,,,1156.489,-48.08,-3467.748,KAD_LUPE,Peter,Pomacentridae,Dascyllus,aruanus,37372073,1,AD,Passing,,
GX010031_L.MP4,27411,15.2436,KAD_LUPE_Transect 2,1.6956,135.213,12.653,1.3,2968.205,17.02,57.237,15.741,714.111,-494.844,-2838.207,KAD_LUPE,Peter,Mullidae,Parupeneus,multifasciatus,37355026,1,AD,Passing,,
GX010031_L.MP4,27411,15.2436,KAD_LUPE_Transect 2,1.6956,,7.03,1.121,3372.708,14.969,,,728.826,-479.151,-3257.972,KAD_LUPE,Peter,Mullidae,Parupeneus,multifasciatus,37355026,1,AD,Passing,,
GX010031_L.MP4,27440,15.2597,KAD_LUPE_Transect 2,1.7117,,9.81,5.37,4128.755,22.872,,,-1158.238,-1112.963,-3803.474,KAD_LUPE,Peter,Chaetodontidae,Chaetodon,mertensii,37365044,1,AD,Passing,,
GX010031_L.MP4,27440,15.2597,KAD_LUPE_Transect 2,1.7117,,9.791,2.052,4040.554,10.427,,,-86.35,-728.459,-3973.408,KAD_LUPE,Peter,Chaetodontidae,Chaetodon,mertensii,37365044,1,AD,Passing,,
GX010031_L.MP4,27440,15.2597,KAD_LUPE_Transect 2,1.7117,141.208,12.319,3.924,3187.517,15.044,40.469,7.698,653.589,-507.318,-3078.265,KAD_LUPE,Peter,Scaridae,Chlorurus,spilurus,temp_code_002,1,AD,Passing,,
GX010031_L.MP4,27440,15.2597,KAD_LUPE_Transect 2,1.7117,,8.078,7.355,3645.993,9.564,,,131.117,-593.52,-3594.97,KAD_LUPE,Peter,Scaridae,Chlorurus,spilurus,temp_code_002,1,AD,Passing,,
GX010031_L.MP4,27440,15.2597,KAD_LUPE_Transect 2,1.7117,,5.611,1.128,3003.127,12.015,,,-129.196,-613.357,-2936.983,KAD_LUPE,Peter,Mullidae,Mulloidichthys,flavolineatus,37355019,1,AD,Passing,,
GX010031_L.MP4,27440,15.2597,KAD_LUPE_Transect 2,1.7117,211.894,5.3,1.417,4297.023,10.439,2.033,11.742,-440.099,-642.267,-4225.898,KAD_LUPE,Peter,Scaridae,Scarus,dimidiatus,37386013,1,AD,Passing,,
GX010031_L.MP4,27504,15.2953,KAD_LUPE_Transect 2,1.7473,,9.107,1.403,3889.645,7.949,,,323.396,-432.108,-3852.017,KAD_LUPE,Peter,Acanthuridae,Ctenochaetus,striatus,37437022,1,AD,Passing,,
GX010031_L.MP4,27504,15.2953,KAD_LUPE_Transect 2,1.7473,,11.002,4.342,4308.257,9.084,,,648.769,-206.899,-4254.1,KAD_LUPE,Peter,Acanthuridae,Ctenochaetus,striatus,37437022,1,AD,Passing,,
GX010031_L.MP4,27504,15.2953,KAD_LUPE_Transect 2,1.7473,122.802,6.289,2.928,1999.466,20.803,78.246,11.218,474.003,-528.786,-1869.11,KAD_LUPE,Peter,Mullidae,Mulloidichthys,flavolineatus,37355019,1,AD,Passing,,
GX010031_L.MP4,27504,15.2953,KAD_LUPE_Transect 2,1.7473,109.28,3.407,11.379,1572.244,26.078,74.743,14.897,480.085,-497.209,-1412.18,KAD_LUPE,Peter,Mullidae,Mulloidichthys,flavolineatus,37355019,1,AD,Passing,,
GX010031_L.MP4,27504,15.2953,KAD_LUPE_Transect 2,1.7473,108.78,3.959,5.287,1696.04,22.833,63.526,17.106,367.674,-545.86,-1563.14,KAD_LUPE,Peter,Mullidae,Mulloidichthys,flavolineatus,37355019,1,AD,Passing,,
GX010031_L.MP4,27504,15.2953,KAD_LUPE_Transect 2,1.7473,,1.793,7.296,1655.22,25.823,,,455.868,-559.457,-1489.613,KAD_LUPE,Peter,Mullidae,Mulloidichthys,flavolineatus,37355019,1,AD,Passing,,
GX010031_L.MP4,27504,15.2953,KAD_LUPE_Transect 2,1.7473,,2.957,0.17,2121.543,16.952,,,250.276,-566.877,-2029.029,KAD_LUPE,Peter,Mullidae,Mulloidichthys,flavolineatus,37355019,1,AD,Passing,,
GX010031_L.MP4,27504,15.2953,KAD_LUPE_Transect 2,1.7473,,2.73,0.766,2038.42,18.536,,,251.607,-598.315,-1932.323,KAD_LUPE,Peter,Mullidae,Mulloidichthys,flavolineatus,37355019,1,AD,Passing,,
GX010031_L.MP4,27504,15.2953,KAD_LUPE_Transect 2,1.7473,,2.047,0.534,1763.475,21.218,,,156.816,-619.641,-1643.562,KAD_LUPE,Peter,Mullidae,Mulloidichthys,flavolineatus,37355019,1,AD,Passing,,
GX010031_L.MP4,27504,15.2953,KAD_LUPE_Transect 2,1.7473,,1.767,1.197,1628.471,22.048,,,205.143,-576.741,-1509.04,KAD_LUPE,Peter,Mullidae,Mulloidichthys,flavolineatus,37355019,1,AD,Passing,,
GX010031_L.MP4,27504,15.2953,KAD_LUPE_Transect 2,1.7473,,3.537,3.318,2368.68,20.168,,,-304.233,-759.177,-2223.002,KAD_LUPE,Peter,Mullidae,Mulloidichthys,flavolineatus,37355019,1,AD,Passing,,
GX010031_L.MP4,27504,15.2953,KAD_LUPE_Transect 2,1.7473,,2.832,2.669,2100.703,19.508,,,-57.529,-700.295,-1979.704,KAD_LUPE,Peter,Mullidae,Mulloidichthys,flavolineatus,37355019,1,AD,Passing,,
GX010031_L.MP4,27504,15.2953,KAD_LUPE_Transect 2,1.7473,236.997,12.126,3.742,3167.703,8.815,38.013,11.868,239.721,-422.102,-3130.289,KAD_LUPE,Peter,Scaridae,Scarus,schlegeli,37386029,1,AD,Passing,,
GX010031_L.MP4,27527,15.3081,KAD_LUPE_Transect 2,1.7601,,36.114,15.331,7917.56,12.674,,,1619.555,623.547,-7725.023,KAD_LUPE,Peter,Acanthuridae,Acanthurus,sp,,1,AD,Passing,,
GX010031_L.MP4,27527,15.3081,KAD_LUPE_Transect 2,1.7601,,32.006,0.728,7437.842,11.849,,,1401.408,602.727,-7279.716,KAD_LUPE,Peter,Acanthuridae,Acanthurus,sp,,1,AD,Passing,,
GX010031_L.MP4,27527,15.3081,KAD_LUPE_Transect 2,1.7601,,5.057,1.895,3031.017,25.232,,,1289.502,-83.137,-2741.776,KAD_LUPE,Peter,Pomacentridae,Dascyllus,aruanus,37372073,1,AD,Passing,,
GX010031_L.MP4,27527,15.3081,KAD_LUPE_Transect 2,1.7601,,8.539,2.797,3773.46,14.115,,,887.396,-245.702,-3659.394,KAD_LUPE,Peter,Pomacentridae,Dascyllus,aruanus,37372073,1,AD,Passing,,
GX010031_L.MP4,27686,15.3965,KAD_LUPE_Transect 2,1.8485,113.863,6.676,3.725,2172.626,18.677,55.609,8.733,-43.359,-694.376,-2058.219,KAD_LUPE,Peter,Mullidae,Mulloidichthys,flavolineatus,37355019,1,AD,Passing,,
GX010031_L.MP4,27744,15.4287,KAD_LUPE_Transect 2,1.8808,,6.917,4.507,3342.479,16.948,,,233.152,-947.918,-3196.758,KAD_LUPE,Peter,Chaetodontidae,Chaetodon,baronessa,37365034,1,AD,Passing,,
GX010031_L.MP4,27802,15.461,KAD_LUPE_Transect 2,1.913,83.449,3.826,2.234,1963.703,14.703,33.154,21.306,-32.42,-497.348,-1899.401,KAD_LUPE,Peter,Mullidae,Mulloidichthys,flavolineatus,37355019,1,AD,Passing,,
GX010031_L.MP4,27802,15.461,KAD_LUPE_Transect 2,1.913,,2.956,0.204,2114.388,13.864,,,238.666,-448.101,-2052.53,KAD_LUPE,Peter,Mullidae,Mulloidichthys,flavolineatus,37355019,1,AD,Passing,,
GX010031_L.MP4,27802,15.461,KAD_LUPE_Transect 2,1.913,,1.502,0.632,1460.257,17.472,,,282.707,-335.929,-1392.688,KAD_LUPE,Peter,Mullidae,Mulloidichthys,flavolineatus,37355019,1,AD,Passing,,
GX010031_L.MP4,27802,15.461,KAD_LUPE_Transect 2,1.913,,1.764,0.768,1633.067,23.465,,,581.061,-292.823,-1497.842,KAD_LUPE,Peter,Mullidae,Mulloidichthys,flavolineatus,37355019,1,AD,Passing,,
GX010031_L.MP4,27802,15.461,KAD_LUPE_Transect 2,1.913,,2.665,0.494,2024.815,18.823,,,599.761,-260.125,-1916.376,KAD_LUPE,Peter,Mullidae,Mulloidichthys,flavolineatus,37355019,1,AD,Passing,,
GX010031_L.MP4,27883,15.506,KAD_LUPE_Transect 2,1.9581,140.763,9.394,1.962,2650.313,21.9,61.439,17.099,933.142,-326.202,-2459.064,KAD_LUPE,Peter,Nemipteridae,Scolopsis,bilineata,37347031,1,AD,Passing,,
GX010031_L.MP4,27894,15.5122,KAD_LUPE_Transect 2,1.9642,98.575,4.546,3.303,2109.693,12.987,34.095,22.361,-61.284,-470.142,-2055.728,KAD_LUPE,Peter,Mullidae,Mulloidichthys,flavolineatus,37355019,1,AD,Passing,,
GX010031_L.MP4,27899,15.5149,KAD_LUPE_Transect 2,1.967,100.635,9.589,4.851,2764.603,20.568,58.593,33.69,163.473,-957.413,-2588.371,KAD_LUPE,Peter,Serranidae,Cephalopholis,sp,,1,AD,Passing,,
GX010031_L.MP4,27899,15.5149,KAD_LUPE_Transect 2,1.967,57.87,2.347,7.576,2006.052,25.154,1.976,4.256,541.791,-658.417,-1815.818,KAD_LUPE,Peter,Chaetodontidae,Chaetodon,baronessa,37365034,1,AD,Passing,,
GX010031_L.MP4,27917,15.525,KAD_LUPE_Transect 2,1.977,,6.528,3.776,3235.401,17.05,,,308.155,-898.977,-3092.685,KAD_LUPE,Peter,Pomacanthidae,Centropyge,heraldi,37385027,1,AD,Passing,,
GX010031_L.MP4,27932,15.5333,KAD_LUPE_Transect 2,1.9853,,16.962,6.972,5578.329,25.887,,,2217.985,1003.054,-5019.181,KAD_LUPE,Peter,Nemipteridae,Scolopsis,bilineata,37347031,1,AD,Passing,,
GX010031_L.MP4,27947,15.5416,KAD_LUPE_Transect 2,1.9937,114.072,8.098,7.049,3227.71,11.777,22.15,17.697,542.222,-374.137,-3159.767,KAD_LUPE,Peter,Lethrinidae,Monotaxis,grandoculis,37351026,1,J,Passing,,
GX010031_L.MP4,28030,15.5878,KAD_LUPE_Transect 2,2.0398,96.034,6.432,4.546,1960.839,12.897,64.186,1.859,48.659,-434.954,-1911.371,KAD_LUPE,Peter,Mullidae,Mulloidichthys,flavolineatus,37355019,1,AD,Passing,,
GX010031_L.MP4,28030,15.5878,KAD_LUPE_Transect 2,2.0398,,18.211,9.525,5651.339,23.376,,,-1488.403,-1679.987,-5186.514,KAD_LUPE,Peter,Mullidae,Mulloidichthys,flavolineatus,37355019,1,AD,Passing,,
GX010031_L.MP4,28075,15.6128,KAD_LUPE_Transect 2,2.0648,87.302,1.126,5.029,1243.631,21.301,4.485,21.267,281.23,-353.556,-1158.674,KAD_LUPE,Peter,Mullidae,Mulloidichthys,flavolineatus,37355019,1,AD,Passing,,
GX010031_L.MP4,28075,15.6128,KAD_LUPE_Transect 2,2.0648,98.509,1.554,2.271,1720.053,15.373,1.515,23.507,212.92,-403.237,-1658.508,KAD_LUPE,Peter,Mullidae,Mulloidichthys,flavolineatus,37355019,1,AD,Passing,,
GX010031_L.MP4,28075,15.6128,KAD_LUPE_Transect 2,2.0648,111.467,1.43,2.399,1395.841,15.691,17.349,17.2,117.984,-358.583,-1343.827,KAD_LUPE,Peter,Mullidae,Mulloidichthys,flavolineatus,37355019,1,AD,Passing,,
GX010031_L.MP4,28075,15.6128,KAD_LUPE_Transect 2,2.0648,,3.069,2.565,2180.539,15.302,,,-411.431,-403.547,-2103.004,KAD_LUPE,Peter,Mullidae,Mulloidichthys,flavolineatus,37355019,1,AD,Passing,,
GX010031_L.MP4,28097,15.6251,KAD_LUPE_Transect 2,2.0771,,1.197,0.23,1280.134,6.789,,,75.091,-132.137,-1271.08,KAD_LUPE,Peter,Mullidae,Mulloidichthys,flavolineatus,37355019,1,AD,Passing,,
GX010031_L.MP4,28097,15.6251,KAD_LUPE_Transect 2,2.0771,,1.727,4.663,1575.341,8.61,,,-164.735,-169.663,-1557.49,KAD_LUPE,Peter,Mullidae,Mulloidichthys,flavolineatus,37355019,1,AD,Passing,,
GX010031_L.MP4,28097,15.6251,KAD_LUPE_Transect 2,2.0771,,1.94,1.057,1683.562,10.692,,,-269.572,-158.769,-1654.238,KAD_LUPE,Peter,Mullidae,Mulloidichthys,flavolineatus,37355019,1,AD,Passing,,
GX010031_L.MP4,28097,15.6251,KAD_LUPE_Transect 2,2.0771,,2.053,5.384,1798.881,22.226,,,-611.727,-298.989,-1665.043,KAD_LUPE,Peter,Mullidae,Mulloidichthys,flavolineatus,37355019,1,AD,Passing,,
GX010031_L.MP4,28097,15.6251,KAD_LUPE_Transect 2,2.0771,,1.73,16.117,1642.209,25.537,,,-520.11,-481.137,-1481.501,KAD_LUPE,Peter,Mullidae,Mulloidichthys,flavolineatus,37355019,1,AD,Passing,,
GX010031_L.MP4,28134,15.6456,KAD_LUPE_Transect 2,2.0977,,1.805,2.24,1636.097,21.737,,,338.291,-503.596,-1519.462,KAD_LUPE,Peter,Pomacentridae,Chromis,viridis,37372053,1,AD,Passing,,
GX010031_L.MP4,28134,15.6456,KAD_LUPE_Transect 2,2.0977,,1.921,0.996,1684.628,20.132,,,338.871,-471.416,-1581.425,KAD_LUPE,Peter,Pomacentridae,Chromis,viridis,37372053,1,AD,Passing,,
GX010031_L.MP4,28134,15.6456,KAD_LUPE_Transect 2,2.0977,,1.849,1.337,1653.222,20.964,,,356.739,-472.696,-1543.515,KAD_LUPE,Peter,Pomacentridae,Chromis,viridis,37372053,1,AD,Passing,,
GX010031_L.MP4,28134,15.6456,KAD_LUPE_Transect 2,2.0977,,1.768,3.071,1615.196,21.502,,,365.236,-466.821,-1502.511,KAD_LUPE,Peter,Pomacentridae,Chromis,viridis,37372053,1,AD,Passing,,
GX010031_L.MP4,28134,15.6456,KAD_LUPE_Transect 2,2.0977,,1.55,9.188,1526.34,25.752,,,509.96,-424.738,-1374.501,KAD_LUPE,Peter,Pomacentridae,Chromis,viridis,37372053,1,AD,Passing,,
GX010031_L.MP4,28134,15.6456,KAD_LUPE_Transect 2,2.0977,,1.9,2.572,1678.296,21.14,,,396.322,-458.387,-1565.084,KAD_LUPE,Peter,Pomacentridae,Chromis,viridis,37372053,1,AD,Passing,,
GX010031_L.MP4,28134,15.6456,KAD_LUPE_Transect 2,2.0977,,1.903,1.421,1685.922,22.266,,,439.499,-464.505,-1559.938,KAD_LUPE,Peter,Pomacentridae,Chromis,viridis,37372053,1,AD,Passing,,
GX010031_L.MP4,28134,15.6456,KAD_LUPE_Transect 2,2.0977,,1.801,7.014,1641.696,23.261,,,463.016,-454.723,-1507.981,KAD_LUPE,Peter,Pomacentridae,Chromis,viridis,37372053,1,AD,Passing,,
GX010031_L.MP4,28134,15.6456,KAD_LUPE_Transect 2,2.0977,,1.795,4.094,1637.231,23.026,,,477.036,-428.136,-1506.539,KAD_LUPE,Peter,Pomacentridae,Chromis,viridis,37372053,1,AD,Passing,,
GX010031_L.MP4,28134,15.6456,KAD_LUPE_Transect 2,2.0977,,1.696,4.191,1597.808,24.548,,,517.449,-416.657,-1453.146,KAD_LUPE,Peter,Pomacentridae,Chromis,viridis,37372053,1,AD,Passing,,
GX010031_L.MP4,28134,15.6456,KAD_LUPE_Transect 2,2.0977,,2.763,0.064,2061.636,20.603,,,274.932,-672.5,-1929.378,KAD_LUPE,Peter,Pomacentridae,Pomacentrus,coelestis,37372111,1,AD,Passing,,
GX010031_L.MP4,28180,15.6712,KAD_LUPE_Transect 2,2.1232,94.833,2.8,3.87,2103.442,21.034,14.733,2.643,403.705,-637.98,-1963.281,KAD_LUPE,Peter,Chaetodontidae,Chaetodon,baronessa,37365034,1,AD,Passing,,
GX010031_L.MP4,28194,15.679,KAD_LUPE_Transect 2,2.131,99.748,1.489,1.531,1064.68,16.551,51.394,17.34,48.782,-299.336,-1020.569,KAD_LUPE,Peter,Mullidae,Mulloidichthys,flavolineatus,37355019,1,AD,Passing,,
GX010031_L.MP4,28194,15.679,KAD_LUPE_Transect 2,2.131,94.462,2.573,12.215,1596.32,24.716,42.853,33.583,609.218,272.667,-1450.084,KAD_LUPE,Peter,Mullidae,Mulloidichthys,flavolineatus,37355019,1,AD,Passing,,
GX010031_L.MP4,28265,15.7185,KAD_LUPE_Transect 2,2.1705,102.914,8.535,3.212,2909.371,11.516,29.641,3.99,507.785,-281.969,-2850.804,KAD_LUPE,Peter,Acanthuridae,Acanthurus,sp,,1,AD,Passing,,
GX010031_L.MP4,28265,15.7185,KAD_LUPE_Transect 2,2.1705,106.172,6.399,3.373,2622.295,22.341,29.08,12.784,977.788,-193.655,-2425.461,KAD_LUPE,Peter,Acanthuridae,Zebrasoma,scopas,37437036,1,AD,Passing,,
GX010031_L.MP4,28294,15.7346,KAD_LUPE_Transect 2,2.1866,,5.374,0.131,2934.946,14.862,,,-342.239,-672.146,-2836.371,KAD_LUPE,Peter,Pomacanthidae,Centropyge,heraldi,37385027,1,AD,Passing,,
GX010031_L.MP4,28457,15.8253,KAD_LUPE_Transect 2,2.2773,,17.835,2.631,5607.455,5.512,,,534.071,-73.11,-5581.485,KAD_LUPE,Peter,Pomacentridae,Dascyllus,aruanus,37372073,1,AD,Passing,,
GX010031_L.MP4,28457,15.8253,KAD_LUPE_Transect 2,2.2773,,10.557,6.964,4245.013,5.592,,,121.541,-397.889,-4224.577,KAD_LUPE,Peter,Pomacentridae,Dascyllus,aruanus,37372073,1,AD,Passing,,
GX010031_L.MP4,28457,15.8253,KAD_LUPE_Transect 2,2.2773,124.133,7.198,0.857,3868.882,15.002,10.519,17.728,-644.058,-766.888,-3737.02,KAD_LUPE,Peter,Scaridae,Scarus,schlegeli,37386029,1,AD,Passing,,
GX010031_L.MP4,28510,15.8547,KAD_LUPE_Transect 2,2.3067,,31.422,6.919,7587.566,18.122,,,2359.374,54.226,-7211.211,KAD_LUPE,Peter,Acanthuridae,Acanthurus,sp,,1,AD,Passing,,
GX010031_L.MP4,28510,15.8547,KAD_LUPE_Transect 2,2.3067,99.398,4.314,3.472,2599.15,22.461,12.128,12.841,737.231,-665.282,-2401.972,KAD_LUPE,Peter,Mullidae,Mulloidichthys,flavolineatus,37355019,1,AD,Passing,,
GX010031_L.MP4,28510,15.8547,KAD_LUPE_Transect 2,2.3067,87.595,2.884,1.942,2678.217,19.438,4.465,20.301,270.923,-849.11,-2525.562,KAD_LUPE,Peter,Mullidae,Mulloidichthys,flavolineatus,37355019,1,AD,Passing,,
GX010031_L.MP4,28600,15.9048,KAD_LUPE_Transect 2,2.3568,,34.255,1.706,7913.377,12.84,,,-1737.57,-275.636,-7715.336,KAD_LUPE,Peter,Acanthuridae,Acanthurus,sp,,1,AD,Passing,,
GX010031_L.MP4,28600,15.9048,KAD_LUPE_Transect 2,2.3568,,27.143,0.85,7018.775,6.097,,,-727.663,-166.264,-6978.973,KAD_LUPE,Peter,Acanthuridae,Acanthurus,sp,,1,AD,Passing,,
GX010031_L.MP4,28600,15.9048,KAD_LUPE_Transect 2,2.3568,,33.638,8.066,7939.037,1.489,,,-63.637,-200.832,-7936.241,KAD_LUPE,Peter,Acanthuridae,Acanthurus,sp,,1,AD,Passing,,
GX010031_L.MP4,28621,15.9165,KAD_LUPE_Transect 2,2.3685,,33.472,11.417,7834.606,3.836,,,518.195,-82.894,-7817.01,KAD_LUPE,Peter,Acanthuridae,Acanthurus,sp,,1,AD,Passing,,
GX010031_L.MP4,28709,15.9654,KAD_LUPE_Transect 2,2.4174,,7.097,10.053,3726.936,29.062,,,-1668.22,-705.165,-3257.275,KAD_LUPE,Peter,Pomacentridae,Chromis,sp,,1,AD,Passing,,
GX010031_L.MP4,28757,15.9921,KAD_LUPE_Transect 2,2.4441,,10.518,11.281,4390.556,24.033,,,1732.161,441.544,-4010.192,KAD_LUPE,Peter,Mullidae,Parupeneus,multifasciatus,37355026,1,AD,Passing,,
GX010031_L.MP4,28757,15.9921,KAD_LUPE_Transect 2,2.4441,140.005,10.226,8.635,3295.345,25.858,37.827,12.137,-1402.397,-314.618,-2965.4,KAD_LUPE,Peter,Nemipteridae,Scolopsis,bilineata,37347031,1,AD,Passing,,
GX010031_L.MP4,28773,16.001,KAD_LUPE_Transect 2,2.453,80.417,2.504,3.192,1394.243,8.234,44.899,22.118,-44.038,-194.768,-1379.869,KAD_LUPE,Peter,Mullidae,Mulloidichthys,flavolineatus,37355019,1,AD,Passing,,
GX010031_L.MP4,28773,16.001,KAD_LUPE_Transect 2,2.453,,1.641,6.545,1532.152,9.016,,,-116.368,-210.915,-1513.097,KAD_LUPE,Peter,Mullidae,Mulloidichthys,flavolineatus,37355019,1,AD,Passing,,
GX010031_L.MP4,28773,16.001,KAD_LUPE_Transect 2,2.453,,1.358,0.115,1381.997,12.458,,,-93.183,-283.993,-1349.288,KAD_LUPE,Peter,Mullidae,Mulloidichthys,flavolineatus,37355019,1,AD,Passing,,
GX010031_L.MP4,28806,16.0193,KAD_LUPE_Transect 2,2.4714,162.346,6.377,4.447,4205.656,10.167,4.165,10.82,579.758,-463.701,-4139.614,KAD_LUPE,Peter,Mullidae,Parupeneus,barberinus,37355022,1,AD,Passing,,
GX010031_L.MP4,28974,16.1128,KAD_LUPE_Transect 2,2.5648,238.785,22.278,7.955,4218.689,22.532,53.045,1.354,-996.864,-1272.688,-3896.648,KAD_LUPE,Peter,Acanthuridae,Acanthurus,auranticavus,37437005,1,AD,Passing,,
GX010031_L.MP4,29044,16.1517,KAD_LUPE_Transect 2,2.6037,175.275,10.837,7.485,4602.417,18.667,0.845,22.633,1346.546,-597.346,-4360.302,KAD_LUPE,Peter,Acanthuridae,Acanthurus,blochii,37437007,1,AD,Passing,,
GX010031_L.MP4,41661,23.1681,KAD_LUPE_Transect 3,0.203,,4.064,0.897,2551.254,20.542,,,91.29,-891.964,-2388.506,KAD_LUPE,Peter,Pomacentridae,Pomacentrus,sp,,1,AD,Passing,,
GX010031_L.MP4,41710,23.1954,KAD_LUPE_Transect 3,0.2302,,9.049,10.209,4070.094,25.34,,,1658.352,530.968,-3678.805,KAD_LUPE,Peter,Pomacentridae,Chromis,ternatensis,37372051,1,AD,Passing,,
GX010031_L.MP4,41710,23.1954,KAD_LUPE_Transect 3,0.2302,,8.57,12.625,3989.346,27.546,,,1720.95,662.851,-3537.491,KAD_LUPE,Peter,Pomacentridae,Pomacentrus,sp,,1,AD,Passing,,
GX010031_L.MP4,41733,23.2082,KAD_LUPE_Transect 3,0.243,162.634,11.053,2.333,3110.518,16.416,39.211,4.972,-349.652,-806.509,-2983.724,KAD_LUPE,Peter,Acanthuridae,Ctenochaetus,striatus,37437022,1,AD,Passing,,
GX010031_L.MP4,41761,23.2238,KAD_LUPE_Transect 3,0.2586,138.06,11.664,3.594,3407.528,18.175,31.807,8.258,1049.839,165.985,-3237.52,KAD_LUPE,Peter,Scaridae,Chlorurus,spilurus,temp_code_002,1,AD,Passing,,
GX010031_L.MP4,41803,23.2471,KAD_LUPE_Transect 3,0.2819,92.273,8.503,10.908,3484.457,23.595,13.469,5.266,1271.731,572.604,-3193.16,KAD_LUPE,Peter,Pomacentridae,Amblyglyphidodon,orbicularis,temp_code_001,1,AD,Passing,,
GX010031_L.MP4,41820,23.2566,KAD_LUPE_Transect 3,0.2914,94.107,5.789,5.71,1897.972,21.477,89.828,8.219,-54.662,-692.739,-1766.189,KAD_LUPE,Peter,Pomacanthidae,Centropyge,bicolor,37365022,1,AD,Passing,,
GX010031_L.MP4,41820,23.2566,KAD_LUPE_Transect 3,0.2914,126.911,2.15,3.024,1805.994,19.654,18.312,22.469,-67.022,-603.716,-1700.779,KAD_LUPE,Peter,Mullidae,Mulloidichthys,flavolineatus,37355019,1,AD,Passing,,
GX010031_L.MP4,41827,23.2605,KAD_LUPE_Transect 3,0.2953,109.818,4.744,3.605,1985.796,15.668,44.724,24.107,76.693,-530.778,-1912.009,KAD_LUPE,Peter,Labridae,Stethojulis,sp,,1,AD,Passing,,
GX010031_L.MP4,41887,23.2938,KAD_LUPE_Transect 3,0.3287,180.045,2.375,3.873,1445.918,18.599,42.519,22.778,-135.915,-440.69,-1370.401,KAD_LUPE,Peter,Scaridae,Chlorurus,spilurus,temp_code_002,1,AD,Passing,,
GX010031_L.MP4,41915,23.3094,KAD_LUPE_Transect 3,0.3442,93.144,5.11,8.121,2306.449,11.013,33.824,33.664,343.688,-275.676,-2263.976,KAD_LUPE,Peter,Acanthuridae,Zebrasoma,scopas,37437036,1,AD,Passing,,
GX010031_L.MP4,41929,23.3172,KAD_LUPE_Transect 3,0.352,59.266,4.387,3.968,1835.704,24.5,61.846,14.495,758.724,61.89,-1670.424,KAD_LUPE,Peter,Pomacentridae,Pomacentrus,maafu,temp_code_005,1,AD,Passing,,
GX010031_L.MP4,41929,23.3172,KAD_LUPE_Transect 3,0.352,34.19,2.863,5.318,1931.562,20.55,8.189,3.378,676.388,47.199,-1808.647,KAD_LUPE,Peter,Pomacentridae,Pomacentrus,maafu,temp_code_005,1,AD,Passing,,
GX010031_L.MP4,42080,23.4012,KAD_LUPE_Transect 3,0.436,199.295,2.702,4.546,2717.507,20.869,6.636,12.642,-138.893,-958.05,-2539.231,KAD_LUPE,Peter,Scaridae,Scarus,schlegeli,37386029,1,AD,Passing,,
GX010031_L.MP4,42090,23.4067,KAD_LUPE_Transect 3,0.4416,93.247,6.731,6.772,3636.892,21.088,7.886,19.529,-918.678,-931.827,-3393.334,KAD_LUPE,Peter,Mullidae,Mulloidichthys,flavolineatus,37355019,1,AD,Passing,,
GX010031_L.MP4,42090,23.4067,KAD_LUPE_Transect 3,0.4416,127.421,9.095,2.558,3904.765,17.036,16.435,18.653,-716.841,-891.553,-3733.425,KAD_LUPE,Peter,Mullidae,Mulloidichthys,flavolineatus,37355019,1,AD,Passing,,
GX010031_L.MP4,42090,23.4067,KAD_LUPE_Transect 3,0.4416,94.547,7.228,3.565,3963.352,16.845,9.703,11.806,-661.656,-938.743,-3793.301,KAD_LUPE,Peter,Mullidae,Mulloidichthys,flavolineatus,37355019,1,AD,Passing,,
GX010031_L.MP4,42090,23.4067,KAD_LUPE_Transect 3,0.4416,,14.885,16.514,5441.319,30.694,,,-2408.59,-1385.916,-4678.235,KAD_LUPE,Peter,Mullidae,Mulloidichthys,flavolineatus,37355019,1,AD,Passing,,
GX010031_L.MP4,42090,23.4067,KAD_LUPE_Transect 3,0.4416,,14.843,19.194,5429.745,30.791,,,-2395.923,-1411.802,-4663.529,KAD_LUPE,Peter,Mullidae,Mulloidichthys,flavolineatus,37355019,1,AD,Passing,,
GX010031_L.MP4,42090,23.4067,KAD_LUPE_Transect 3,0.4416,,9.924,14.426,4317.3,27.95,,,-1670.377,-1144.335,-3813.059,KAD_LUPE,Peter,Mullidae,Mulloidichthys,flavolineatus,37355019,1,AD,Passing,,
GX010031_L.MP4,42090,23.4067,KAD_LUPE_Transect 3,0.4416,,9.848,16.716,4298.753,28.313,,,-1654.66,-1193.409,-3783.801,KAD_LUPE,Peter,Mullidae,Mulloidichthys,flavolineatus,37355019,1,AD,Passing,,
GX010031_L.MP4,42090,23.4067,KAD_LUPE_Transect 3,0.4416,,10.58,9.577,4406.362,25.815,,,-1574.361,-1099.28,-3965.979,KAD_LUPE,Peter,Mullidae,Mulloidichthys,flavolineatus,37355019,1,AD,Passing,,
GX010031_L.MP4,42090,23.4067,KAD_LUPE_Transect 3,0.4416,,11.868,10.755,4639.579,25.03,,,-1565.628,-1186.56,-4203.163,KAD_LUPE,Peter,Mullidae,Mulloidichthys,flavolineatus,37355019,1,AD,Passing,,
GX010031_L.MP4,42090,23.4067,KAD_LUPE_Transect 3,0.4416,,17.346,9.196,5726.882,26.151,,,-2167.895,-1295.672,-5139.907,KAD_LUPE,Peter,Mullidae,Mulloidichthys,flavolineatus,37355019,1,AD,Passing,,
GX010031_L.MP4,42090,23.4067,KAD_LUPE_Transect 3,0.4416,,16.811,9.347,5648.477,26.237,,,-2165.575,-1246.322,-5065.793,KAD_LUPE,Peter,Mullidae,Mulloidichthys,flavolineatus,37355019,1,AD,Passing,,
GX010031_L.MP4,42090,23.4067,KAD_LUPE_Transect 3,0.4416,,18.058,5.192,5716.312,22.515,,,-1833.083,-1199.488,-5279.891,KAD_LUPE,Peter,Mullidae,Mulloidichthys,flavolineatus,37355019,1,AD,Passing,,
GX010031_L.MP4,42090,23.4067,KAD_LUPE_Transect 3,0.4416,,18.343,3.348,5728.852,21.792,,,-1742.374,-1222.628,-5318.746,KAD_LUPE,Peter,Mullidae,Mulloidichthys,flavolineatus,37355019,1,AD,Passing,,
GX010031_L.MP4,42090,23.4067,KAD_LUPE_Transect 3,0.4416,,18.564,3.952,5737.317,20.622,,,-1654.129,-1163.712,-5369.026,KAD_LUPE,Peter,Mullidae,Mulloidichthys,flavolineatus,37355019,1,AD,Passing,,
GX010031_L.MP4,42090,23.4067,KAD_LUPE_Transect 3,0.4416,,20.453,2.99,5935.348,17.904,,,-1348.469,-1232.61,-5647.181,KAD_LUPE,Peter,Mullidae,Mulloidichthys,flavolineatus,37355019,1,AD,Passing,,
GX010031_L.MP4,42090,23.4067,KAD_LUPE_Transect 3,0.4416,,20.993,3.511,6029.178,18.693,,,-1447.381,-1283.553,-5710.391,KAD_LUPE,Peter,Mullidae,Mulloidichthys,flavolineatus,37355019,1,AD,Passing,,
GX010031_L.MP4,42090,23.4067,KAD_LUPE_Transect 3,0.4416,,21.284,0.968,6077.115,18.759,,,-1481.384,-1278.128,-5753.539,KAD_LUPE,Peter,Mullidae,Mulloidichthys,flavolineatus,37355019,1,AD,Passing,,
GX010031_L.MP4,42090,23.4067,KAD_LUPE_Transect 3,0.4416,,20.366,3.213,5944.548,18.356,,,-1447.129,-1190.968,-5641.371,KAD_LUPE,Peter,Mullidae,Mulloidichthys,flavolineatus,37355019,1,AD,Passing,,
GX010031_L.MP4,42090,23.4067,KAD_LUPE_Transect 3,0.4416,,23.061,6.026,6324.463,17.663,,,-1485.894,-1217.869,-6025.591,KAD_LUPE,Peter,Mullidae,Mulloidichthys,flavolineatus,37355019,1,AD,Passing,,
GX010031_L.MP4,42090,23.4067,KAD_LUPE_Transect 3,0.4416,,23.36,0.05,6354.376,16.689,,,-1407.379,-1165.085,-6086.047,KAD_LUPE,Peter,Mullidae,Mulloidichthys,flavolineatus,37355019,1,AD,Passing,,
GX010031_L.MP4,42090,23.4067,KAD_LUPE_Transect 3,0.4416,,24.164,3.607,6458.628,16.286,,,-1386.389,-1169.102,-6198.79,KAD_LUPE,Peter,Mullidae,Mulloidichthys,flavolineatus,37355019,1,AD,Passing,,
GX010031_L.MP4,42090,23.4067,KAD_LUPE_Transect 3,0.4416,,21.971,4.405,6144.217,15.748,,,-1253.596,-1103.2,-5912.939,KAD_LUPE,Peter,Mullidae,Mulloidichthys,flavolineatus,37355019,1,AD,Passing,,
GX010031_L.MP4,42090,23.4067,KAD_LUPE_Transect 3,0.4416,,24.076,4.014,6429.296,16.047,,,-1295.501,-1220.325,-6178.053,KAD_LUPE,Peter,Mullidae,Mulloidichthys,flavolineatus,37355019,1,AD,Passing,,
GX010031_L.MP4,42090,23.4067,KAD_LUPE_Transect 3,0.4416,,21.75,5.875,6127.532,17.159,,,-1378.672,-1172.671,-5854.123,KAD_LUPE,Peter,Mullidae,Mulloidichthys,flavolineatus,37355019,1,AD,Passing,,
GX010031_L.MP4,42090,23.4067,KAD_LUPE_Transect 3,0.4416,,23.499,4.332,6368.484,15.075,,,-1293.784,-1037.754,-6148.722,KAD_LUPE,Peter,Mullidae,Mulloidichthys,flavolineatus,37355019,1,AD,Passing,,
GX010031_L.MP4,42090,23.4067,KAD_LUPE_Transect 3,0.4416,,18.679,3.508,5642.517,11.415,,,-351.21,-1063.274,-5530.289,KAD_LUPE,Peter,Mullidae,Mulloidichthys,flavolineatus,37355019,1,AD,Passing,,
GX010031_L.MP4,42090,23.4067,KAD_LUPE_Transect 3,0.4416,,23.671,0.895,6371.29,11.054,,,-587.953,-1074.405,-6252.464,KAD_LUPE,Peter,Mullidae,Mulloidichthys,flavolineatus,37355019,1,AD,Passing,,
GX010031_L.MP4,42090,23.4067,KAD_LUPE_Transect 3,0.4416,,25.288,0.282,6584.618,11.576,,,-766.577,-1080.054,-6450.042,KAD_LUPE,Peter,Mullidae,Mulloidichthys,flavolineatus,37355019,1,AD,Passing,,
GX010031_L.MP4,42090,23.4067,KAD_LUPE_Transect 3,0.4416,,26.14,3.423,6704.775,11.435,,,-849.354,-1026.349,-6571.089,KAD_LUPE,Peter,Mullidae,Mulloidichthys,flavolineatus,37355019,1,AD,Passing,,
GX010031_L.MP4,42090,23.4067,KAD_LUPE_Transect 3,0.4416,,26.812,1.984,6775.759,12.201,,,-841.997,-1162.208,-6622.025,KAD_LUPE,Peter,Mullidae,Mulloidichthys,flavolineatus,37355019,1,AD,Passing,,
GX010031_L.MP4,42090,23.4067,KAD_LUPE_Transect 3,0.4416,,27.027,8.745,6797.554,12.869,,,-921.203,-1205.372,-6626.1,KAD_LUPE,Peter,Mullidae,Mulloidichthys,flavolineatus,37355019,1,AD,Passing,,
GX010031_L.MP4,42090,23.4067,KAD_LUPE_Transect 3,0.4416,,26.466,4.477,6733.768,12.591,,,-950.195,-1122.627,-6571.185,KAD_LUPE,Peter,Mullidae,Mulloidichthys,flavolineatus,37355019,1,AD,Passing,,
GX010031_L.MP4,42090,23.4067,KAD_LUPE_Transect 3,0.4416,,21.395,2.015,6037.785,13.543,,,-942.085,-1057.747,-5869.284,KAD_LUPE,Peter,Mullidae,Mulloidichthys,flavolineatus,37355019,1,AD,Passing,,
GX010031_L.MP4,42090,23.4067,KAD_LUPE_Transect 3,0.4416,,24.463,0.409,6464.919,13.944,,,-1052.799,-1151.984,-6273.733,KAD_LUPE,Peter,Mullidae,Mulloidichthys,flavolineatus,37355019,1,AD,Passing,,
GX010031_L.MP4,42090,23.4067,KAD_LUPE_Transect 3,0.4416,,23.424,1.145,6327.684,13.7,,,-1032.834,-1089.438,-6147.029,KAD_LUPE,Peter,Mullidae,Mulloidichthys,flavolineatus,37355019,1,AD,Passing,,
GX010031_L.MP4,42090,23.4067,KAD_LUPE_Transect 3,0.4416,,21.201,1.152,6025.35,14.342,,,-1100.819,-1011.326,-5836.974,KAD_LUPE,Peter,Mullidae,Mulloidichthys,flavolineatus,37355019,1,AD,Passing,,
GX010031_L.MP4,42090,23.4067,KAD_LUPE_Transect 3,0.4416,,21.532,0.201,6115.439,8.625,,,106.039,-914.517,-6045.743,KAD_LUPE,Peter,Mullidae,Mulloidichthys,flavolineatus,37355019,1,AD,Passing,,
GX010031_L.MP4,42090,23.4067,KAD_LUPE_Transect 3,0.4416,,22.263,5.187,6226.053,8.268,,,137.005,-888.424,-6160.817,KAD_LUPE,Peter,Mullidae,Mulloidichthys,flavolineatus,37355019,1,AD,Passing,,
GX010031_L.MP4,42090,23.4067,KAD_LUPE_Transect 3,0.4416,,21.579,5.802,6124.387,9.001,,,-77.923,-958.53,-6048.41,KAD_LUPE,Peter,Mullidae,Mulloidichthys,flavolineatus,37355019,1,AD,Passing,,
GX010031_L.MP4,42090,23.4067,KAD_LUPE_Transect 3,0.4416,,23.231,2.577,6329.646,8.205,,,491.066,-761.843,-6264.413,KAD_LUPE,Peter,Mullidae,Mulloidichthys,flavolineatus,37355019,1,AD,Passing,,
GX010031_L.MP4,42090,23.4067,KAD_LUPE_Transect 3,0.4416,,26.168,14.381,6728.384,8.46,,,446.175,-887.471,-6654.658,KAD_LUPE,Peter,Mullidae,Mulloidichthys,flavolineatus,37355019,1,AD,Passing,,
GX010031_L.MP4,42099,23.4117,KAD_LUPE_Transect 3,0.4466,216.649,9.634,1.778,3028.886,23.4,54.654,35.448,1148.569,-357.542,-2779.767,KAD_LUPE,Peter,Scaridae,Chlorurus,spilurus,temp_code_002,1,AD,Passing,,
GX010031_L.MP4,42237,23.4885,KAD_LUPE_Transect 3,0.5233,,1.7,3.711,1602.482,22.632,,,611.634,-79.359,-1479.038,KAD_LUPE,Peter,Chaetodontidae,Chaetodon,lunulatus,37365059,1,AD,Passing,,
GX010031_L.MP4,42281,23.5129,KAD_LUPE_Transect 3,0.5478,,1.52,1.794,1475.821,19.835,,,447.264,-225.998,-1388.138,KAD_LUPE,Peter,Chaetodontidae,Chaetodon,lunulatus,37365059,1,AD,Passing,,
GX010031_L.MP4,42383,23.5697,KAD_LUPE_Transect 3,0.6045,183.201,9.46,2.078,2932.334,22.992,42.078,10.609,983.885,-586.373,-2699.392,KAD_LUPE,Peter,Acanthuridae,Acanthurus,thompsoni,37437018,1,AD,Passing,,
GX010031_L.MP4,42393,23.5752,KAD_LUPE_Transect 3,0.6101,184.872,9.111,9.335,2348.388,20.339,88.411,11.428,1.468,-816.252,-2201.967,KAD_LUPE,Peter,Pomacentridae,Pomacentrus,maafu,temp_code_005,1,AD,Passing,,
GX010031_L.MP4,42406,23.5824,KAD_LUPE_Transect 3,0.6173,111.562,5.913,5.582,2349.945,3.623,30.847,0.777,122.147,-84.412,-2345.25,KAD_LUPE,Peter,Pomacentridae,Amblyglyphidodon,orbicularis,temp_code_001,1,AD,Passing,,
GX010031_L.MP4,42466,23.6158,KAD_LUPE_Transect 3,0.6506,69.005,4.511,1.437,1596.45,2.944,65.425,5.944,76.942,-28.321,-1594.343,KAD_LUPE,Peter,Pomacanthidae,Centropyge,heraldi,37385027,1,AD,Passing,,
GX010031_L.MP4,42526,23.6492,KAD_LUPE_Transect 3,0.684,,0.847,1.448,1045.864,13.729,,,209.036,-134.428,-1015.906,KAD_LUPE,Peter,Pomacanthidae,Centropyge,heraldi,37385027,1,AD,Passing,,
GX010031_L.MP4,42526,23.6492,KAD_LUPE_Transect 3,0.684,16.804,0.773,1.985,1063.74,4.977,1.015,6.65,15.873,-90.918,-1059.729,KAD_LUPE,Peter,Pomacentridae,Chromis,viridis,37372053,1,AD,Passing,,
GX010031_L.MP4,42526,23.6492,KAD_LUPE_Transect 3,0.684,18.992,0.972,1.239,1194.492,7.05,4.847,18.296,129.856,-68.069,-1185.46,KAD_LUPE,Peter,Pomacentridae,Chromis,viridis,37372053,1,AD,Passing,,
GX010031_L.MP4,42526,23.6492,KAD_LUPE_Transect 3,0.684,,0.937,1.156,1111.964,6.773,,,101.001,-84.299,-1104.154,KAD_LUPE,Peter,Pomacentridae,Chromis,viridis,37372053,1,AD,Passing,,
GX010031_L.MP4,42526,23.6492,KAD_LUPE_Transect 3,0.684,,1.054,1.626,1186.724,7.789,,,141.619,-76.914,-1175.731,KAD_LUPE,Peter,Pomacentridae,Chromis,viridis,37372053,1,AD,Passing,,
GX010031_L.MP4,42526,23.6492,KAD_LUPE_Transect 3,0.684,,1.08,1.127,1203.916,6.585,,,122.162,-65.009,-1195.937,KAD_LUPE,Peter,Pomacentridae,Chromis,viridis,37372053,1,AD,Passing,,
GX010031_L.MP4,42526,23.6492,KAD_LUPE_Transect 3,0.684,,0.986,1.965,1146.318,4.879,,,57.051,-79.732,-1142.118,KAD_LUPE,Peter,Pomacentridae,Chromis,viridis,37372053,1,AD,Passing,,
GX010031_L.MP4,42526,23.6492,KAD_LUPE_Transect 3,0.684,,0.991,0.606,1148.847,5.216,,,73.152,-75.202,-1144.047,KAD_LUPE,Peter,Pomacentridae,Chromis,viridis,37372053,1,AD,Passing,,
GX010031_L.MP4,42526,23.6492,KAD_LUPE_Transect 3,0.684,,1.003,2.171,1156.734,5.637,,,80.957,-80.387,-1151.094,KAD_LUPE,Peter,Pomacentridae,Chromis,viridis,37372053,1,AD,Passing,,
GX010031_L.MP4,42526,23.6492,KAD_LUPE_Transect 3,0.684,,0.881,0.972,1076.352,5.781,,,38.385,-102.025,-1070.818,KAD_LUPE,Peter,Pomacentridae,Chromis,viridis,37372053,1,AD,Passing,,
GX010031_L.MP4,42526,23.6492,KAD_LUPE_Transect 3,0.684,,1.033,0.939,1174.533,7.461,,,119.403,-95.585,-1164.532,KAD_LUPE,Peter,Pomacentridae,Chromis,viridis,37372053,1,AD,Passing,,
GX010031_L.MP4,42526,23.6492,KAD_LUPE_Transect 3,0.684,,0.977,0.758,1136.956,8.356,,,135.256,-95.562,-1124.83,KAD_LUPE,Peter,Pomacentridae,Chromis,viridis,37372053,1,AD,Passing,,
GX010031_L.MP4,42526,23.6492,KAD_LUPE_Transect 3,0.684,,0.81,1.47,1026.617,6.993,,,43.575,-117.744,-1018.911,KAD_LUPE,Peter,Pomacentridae,Chromis,viridis,37372053,1,AD,Passing,,
GX010031_L.MP4,42526,23.6492,KAD_LUPE_Transect 3,0.684,,0.827,0.405,1038.05,7.843,,,71.851,-122.672,-1028.269,KAD_LUPE,Peter,Pomacentridae,Chromis,viridis,37372053,1,AD,Passing,,
GX010031_L.MP4,42526,23.6492,KAD_LUPE_Transect 3,0.684,,0.838,2.069,1046.069,6.799,,,55.61,-111.257,-1038.648,KAD_LUPE,Peter,Pomacentridae,Chromis,viridis,37372053,1,AD,Passing,,
GX010031_L.MP4,42526,23.6492,KAD_LUPE_Transect 3,0.684,,0.947,1.571,1118.611,8.507,,,122.452,-111.959,-1106.237,KAD_LUPE,Peter,Pomacentridae,Chromis,viridis,37372053,1,AD,Passing,,
GX010031_L.MP4,42526,23.6492,KAD_LUPE_Transect 3,0.684,,0.872,0.284,1069.074,7.713,,,83.566,-117.253,-1059.334,KAD_LUPE,Peter,Pomacentridae,Chromis,viridis,37372053,1,AD,Passing,,
GX010031_L.MP4,42526,23.6492,KAD_LUPE_Transect 3,0.684,,0.886,1.791,1079.353,6.152,,,56.992,-101.276,-1073.078,KAD_LUPE,Peter,Pomacentridae,Chromis,viridis,37372053,1,AD,Passing,,
GX010031_L.MP4,42526,23.6492,KAD_LUPE_Transect 3,0.684,,0.8,0.983,1016.094,8.493,,,107.9,-104.869,-1004.891,KAD_LUPE,Peter,Pomacentridae,Chromis,viridis,37372053,1,AD,Passing,,
GX010031_L.MP4,42526,23.6492,KAD_LUPE_Transect 3,0.684,,0.849,0.05,1052.388,9.439,,,115.345,-128.989,-1038.065,KAD_LUPE,Peter,Pomacentridae,Chromis,viridis,37372053,1,AD,Passing,,
GX010031_L.MP4,42605,23.6931,KAD_LUPE_Transect 3,0.7279,63.395,5.657,3.43,3151.265,16.386,18.22,45.552,836.335,-301.469,-3023.265,KAD_LUPE,Peter,Pomacanthidae,Centropyge,bicolor,37365022,1,AD,Passing,,
GX010031_L.MP4,42605,23.6931,KAD_LUPE_Transect 3,0.7279,84.538,3.627,4.236,2983.934,10.442,1.089,3.02,452.47,-296.199,-2934.519,KAD_LUPE,Peter,Chaetodontidae,Chaetodon,baronessa,37365034,1,AD,Passing,,
GX010031_L.MP4,42654,23.7204,KAD_LUPE_Transect 3,0.7552,,4.468,9.104,2677.259,4.558,,,-14.983,-213.788,-2668.667,KAD_LUPE,Peter,Chaetodontidae,Chaetodon,baronessa,37365034,1,AD,Passing,,
GX010031_L.MP4,42654,23.7204,KAD_LUPE_Transect 3,0.7552,75.272,6.574,1.059,2384.195,8.922,35.575,5.585,-334.932,-156.625,-2355.35,KAD_LUPE,Peter,Scaridae,Chlorurus,spilurus,temp_code_002,1,AD,Passing,,
GX010031_L.MP4,42693,23.7421,KAD_LUPE_Transect 3,0.7769,86.979,5.006,6.763,1873.697,25.152,83.433,4.749,794.257,57.724,-1696.043,KAD_LUPE,Peter,Pomacentridae,Pomacentrus,maafu,temp_code_005,1,AD,Passing,,
GX010031_L.MP4,42750,23.7737,KAD_LUPE_Transect 3,0.8086,163.206,4.754,1.22,1774.254,9.876,52.631,10.465,118.872,-280.121,-1747.964,KAD_LUPE,Peter,Acanthuridae,Ctenochaetus,striatus,37437022,1,AD,Passing,,
GX010031_L.MP4,42755,23.7765,KAD_LUPE_Transect 3,0.8114,115.155,5.647,0.985,1938.623,10.878,52.546,8.963,73.732,-358.354,-1903.787,KAD_LUPE,Peter,Acanthuridae,Zebrasoma,scopas,37437036,1,AD,Passing,,
GX010031_L.MP4,42770,23.7849,KAD_LUPE_Transect 3,0.8197,,1.809,7.058,1643.355,22.489,,,330.932,-535.331,-1518.065,KAD_LUPE,Peter,Acanthuridae,Zebrasoma,scopas,37437036,1,AD,Passing,,
GX010031_L.MP4,42838,23.8227,KAD_LUPE_Transect 3,0.8575,143.44,7.801,4.741,2768.194,21.372,37.419,5.724,-342.14,-948.99,-2577.839,KAD_LUPE,Peter,Scaridae,Chlorurus,bleekeri,37386011,1,AD,Passing,,
GX010031_L.MP4,42974,23.8983,KAD_LUPE_Transect 3,0.9332,205.186,6.933,6.391,2221.918,24.712,69.915,2.61,806.625,-460.641,-2018.436,KAD_LUPE,Peter,Acanthuridae,Acanthurus,nigrofuscus,37437014,1,AD,Passing,,
GX010031_L.MP4,42974,23.8983,KAD_LUPE_Transect 3,0.9332,95.813,4.21,2.514,2470.023,27.261,17.688,35.09,1130.942,-31.797,-2195.671,KAD_LUPE,Peter,Acanthuridae,Ctenochaetus,striatus,37437022,1,AD,Passing,,
GX010031_L.MP4,43026,23.9272,KAD_LUPE_Transect 3,0.9621,81.376,5.918,4.477,3072.813,15.492,14.063,14.484,667.733,477.22,-2961.177,KAD_LUPE,Peter,Pomacentridae,Chromis,viridis,37372053,1,AD,Passing,,
GX010031_L.MP4,43033,23.9311,KAD_LUPE_Transect 3,0.966,59.085,2.962,1.874,2101.878,11.724,27.064,52.734,399.576,-150.817,-2058.029,KAD_LUPE,Peter,Pomacentridae,Dascyllus,reticulatus,37372074,1,AD,Passing,,
GX010031_L.MP4,43172,24.0084,KAD_LUPE_Transect 3,1.0433,102.963,3.824,1.956,2777.077,23.584,4.591,26.811,562.535,-958.15,-2545.125,KAD_LUPE,Peter,Mullidae,Mulloidichthys,flavolineatus,37355019,1,AD,Passing,,
GX010031_L.MP4,43172,24.0084,KAD_LUPE_Transect 3,1.0433,,15.252,8.173,5161.331,23.819,,,-1320.468,-1615.592,-4720.759,KAD_LUPE,Peter,Mullidae,Mulloidichthys,flavolineatus,37355019,1,AD,Passing,,
GX010031_L.MP4,43172,24.0084,KAD_LUPE_Transect 3,1.0433,,15.526,7.108,5168.369,22.756,,,-1111.253,-1664.64,-4765.095,KAD_LUPE,Peter,Mullidae,Mulloidichthys,flavolineatus,37355019,1,AD,Passing,,
GX010031_L.MP4,43172,24.0084,KAD_LUPE_Transect 3,1.0433,,17.535,4.505,5477.409,21.878,,,-1048.428,-1754.131,-5081.912,KAD_LUPE,Peter,Mullidae,Mulloidichthys,flavolineatus,37355019,1,AD,Passing,,
GX010031_L.MP4,43172,24.0084,KAD_LUPE_Transect 3,1.0433,,17.808,7.449,5510.826,21.289,,,-1004.057,-1733.641,-5133.767,KAD_LUPE,Peter,Mullidae,Mulloidichthys,flavolineatus,37355019,1,AD,Passing,,
GX010031_L.MP4,43172,24.0084,KAD_LUPE_Transect 3,1.0433,,17.922,4.9,5525.926,20.875,,,-1034.406,-1678.479,-5162.225,KAD_LUPE,Peter,Mullidae,Mulloidichthys,flavolineatus,37355019,1,AD,Passing,,
GX010031_L.MP4,43172,24.0084,KAD_LUPE_Transect 3,1.0433,,18.42,2.18,5591.412,19.919,,,-988.602,-1631.384,-5255.963,KAD_LUPE,Peter,Mullidae,Mulloidichthys,flavolineatus,37355019,1,AD,Passing,,
GX010031_L.MP4,43172,24.0084,KAD_LUPE_Transect 3,1.0433,,18.37,7.148,5578.56,19.683,,,-919.825,-1641.492,-5251.643,KAD_LUPE,Peter,Mullidae,Mulloidichthys,flavolineatus,37355019,1,AD,Passing,,
GX010031_L.MP4,43172,24.0084,KAD_LUPE_Transect 3,1.0433,,18.637,2.605,5611.489,18.765,,,-866.612,-1586.664,-5312.278,KAD_LUPE,Peter,Mullidae,Mulloidichthys,flavolineatus,37355019,1,AD,Passing,,
GX010031_L.MP4,43172,24.0084,KAD_LUPE_Transect 3,1.0433,,17.851,0.635,5525.041,21.037,,,-1137.352,-1627.864,-5155.829,KAD_LUPE,Peter,Mullidae,Mulloidichthys,flavolineatus,37355019,1,AD,Passing,,
GX010031_L.MP4,43172,24.0084,KAD_LUPE_Transect 3,1.0433,,18.201,5.018,5595.13,21.494,,,-1246.539,-1630.662,-5205.052,KAD_LUPE,Peter,Mullidae,Mulloidichthys,flavolineatus,37355019,1,AD,Passing,,
GX010031_L.MP4,43172,24.0084,KAD_LUPE_Transect 3,1.0433,,18.368,1.321,5627.719,21.352,,,-1306.665,-1581.453,-5240.502,KAD_LUPE,Peter,Mullidae,Mulloidichthys,flavolineatus,37355019,1,AD,Passing,,
GX010031_L.MP4,43172,24.0084,KAD_LUPE_Transect 3,1.0433,,19.329,1.498,5794.083,21.748,,,-1436.192,-1598.9,-5380.731,KAD_LUPE,Peter,Mullidae,Mulloidichthys,flavolineatus,37355019,1,AD,Passing,,
GX010031_L.MP4,43172,24.0084,KAD_LUPE_Transect 3,1.0433,,18.416,8.72,5660.894,22.783,,,-1396.727,-1692.585,-5218.241,KAD_LUPE,Peter,Mullidae,Mulloidichthys,flavolineatus,37355019,1,AD,Passing,,
GX010031_L.MP4,43172,24.0084,KAD_LUPE_Transect 3,1.0433,,16.765,3.597,5409.698,23.064,,,-1394.732,-1598.594,-4976.349,KAD_LUPE,Peter,Mullidae,Mulloidichthys,flavolineatus,37355019,1,AD,Passing,,
GX010031_L.MP4,43172,24.0084,KAD_LUPE_Transect 3,1.0433,,20.841,6.326,5937.132,17.553,,,-621.278,-1682.614,-5659.714,KAD_LUPE,Peter,Mullidae,Mulloidichthys,flavolineatus,37355019,1,AD,Passing,,
GX010031_L.MP4,43172,24.0084,KAD_LUPE_Transect 3,1.0433,,21.864,5.69,6081.361,17.671,,,-716.058,-1704.805,-5793.432,KAD_LUPE,Peter,Mullidae,Mulloidichthys,flavolineatus,37355019,1,AD,Passing,,
GX010031_L.MP4,43172,24.0084,KAD_LUPE_Transect 3,1.0433,,22.122,4.915,6116.734,17.678,,,-757.096,-1699.596,-5826.887,KAD_LUPE,Peter,Mullidae,Mulloidichthys,flavolineatus,37355019,1,AD,Passing,,
GX010031_L.MP4,43172,24.0084,KAD_LUPE_Transect 3,1.0433,,21.504,6.962,6029.038,17.772,,,-780.022,-1670.123,-5740.345,KAD_LUPE,Peter,Mullidae,Mulloidichthys,flavolineatus,37355019,1,AD,Passing,,
GX010031_L.MP4,43172,24.0084,KAD_LUPE_Transect 3,1.0433,,10.757,1.021,4258.724,19.815,,,-897.947,-1132.7,-4005.923,KAD_LUPE,Peter,Mullidae,Mulloidichthys,flavolineatus,37355019,1,AD,Passing,,
GX010031_L.MP4,43200,24.024,KAD_LUPE_Transect 3,1.0588,118.868,8.458,5.563,2720.096,19.397,49.248,33.378,444.951,-786.215,-2565.698,KAD_LUPE,Peter,Acanthuridae,Zebrasoma,scopas,37437036,1,AD,Passing,,
GX010031_L.MP4,43200,24.024,KAD_LUPE_Transect 3,1.0588,111.04,4.251,2.609,3048.384,15.432,8.236,21.597,432.017,-686.556,-2938.477,KAD_LUPE,Peter,Acanthuridae,Zebrasoma,scopas,37437036,1,AD,Passing,,
GX010031_L.MP4,43225,24.0379,KAD_LUPE_Transect 3,1.0727,114.751,2.17,2.877,2160.993,14.054,1.927,31.081,259.884,-455.908,-2096.306,KAD_LUPE,Peter,Mullidae,Mulloidichthys,flavolineatus,37355019,1,AD,Passing,,
GX010031_L.MP4,43225,24.0379,KAD_LUPE_Transect 3,1.0727,,3.33,2.47,2262.361,17.132,,,259.732,-615.009,-2161.615,KAD_LUPE,Peter,Mullidae,Mulloidichthys,flavolineatus,37355019,1,AD,Passing,,
GX010031_L.MP4,43225,24.0379,KAD_LUPE_Transect 3,1.0727,,3.311,0.505,2260.034,18.426,,,274.836,-660.614,-2143.784,KAD_LUPE,Peter,Mullidae,Mulloidichthys,flavolineatus,37355019,1,AD,Passing,,
GX010031_L.MP4,43225,24.0379,KAD_LUPE_Transect 3,1.0727,,3.17,0.2,2209.557,19.046,,,528.692,-491.485,-2088.317,KAD_LUPE,Peter,Mullidae,Mulloidichthys,flavolineatus,37355019,1,AD,Passing,,
GX010031_L.MP4,43225,24.0379,KAD_LUPE_Transect 3,1.0727,,3.396,11.429,2393.35,25.632,,,938.89,-437.651,-2157.562,KAD_LUPE,Peter,Mullidae,Mulloidichthys,flavolineatus,37355019,1,AD,Passing,,
GX010031_L.MP4,43225,24.0379,KAD_LUPE_Transect 3,1.0727,,3.669,19.733,2444.986,22.721,,,824.519,-461.777,-2254.969,KAD_LUPE,Peter,Mullidae,Mulloidichthys,flavolineatus,37355019,1,AD,Passing,,
GX010031_L.MP4,43225,24.0379,KAD_LUPE_Transect 3,1.0727,,2.428,4.117,2029.104,28.578,,,891.167,-385.72,-1781.658,KAD_LUPE,Peter,Mullidae,Mulloidichthys,flavolineatus,37355019,1,AD,Passing,,
GX010031_L.MP4,43225,24.0379,KAD_LUPE_Transect 3,1.0727,,2.827,2.543,2129.093,24.595,,,722.951,-513.569,-1935.621,KAD_LUPE,Peter,Mullidae,Mulloidichthys,flavolineatus,37355019,1,AD,Passing,,
GX010031_L.MP4,43225,24.0379,KAD_LUPE_Transect 3,1.0727,,2.699,1.397,2035.038,21.353,,,488.022,-558.675,-1895.019,KAD_LUPE,Peter,Mullidae,Mulloidichthys,flavolineatus,37355019,1,AD,Passing,,
GX010031_L.MP4,43225,24.0379,KAD_LUPE_Transect 3,1.0727,,2.942,2.769,2123.052,19.93,,,445.362,-571.604,-1995.563,KAD_LUPE,Peter,Mullidae,Mulloidichthys,flavolineatus,37355019,1,AD,Passing,,
GX010031_L.MP4,43225,24.0379,KAD_LUPE_Transect 3,1.0727,,2.235,0.09,1837.171,21.006,,,313.421,-580.192,-1714.742,KAD_LUPE,Peter,Mullidae,Mulloidichthys,flavolineatus,37355019,1,AD,Passing,,
GX010031_L.MP4,43225,24.0379,KAD_LUPE_Transect 3,1.0727,,2.388,2.792,1899.666,20.197,,,324.137,-571.212,-1782.522,KAD_LUPE,Peter,Mullidae,Mulloidichthys,flavolineatus,37355019,1,AD,Passing,,
GX010031_L.MP4,43225,24.0379,KAD_LUPE_Transect 3,1.0727,,2.545,1.328,1997.591,24.549,,,588.78,-585.97,-1816.686,KAD_LUPE,Peter,Mullidae,Mulloidichthys,flavolineatus,37355019,1,AD,Passing,,
GX010031_L.MP4,43225,24.0379,KAD_LUPE_Transect 3,1.0727,,2.546,0.056,1991.03,21.251,,,68.852,-719.45,-1855.223,KAD_LUPE,Peter,Mullidae,Mulloidichthys,flavolineatus,37355019,1,AD,Passing,,
GX010031_L.MP4,43225,24.0379,KAD_LUPE_Transect 3,1.0727,,3.177,2.711,2221.235,18.462,,,608.413,-354.218,-2106.715,KAD_LUPE,Peter,Mullidae,Mulloidichthys,flavolineatus,37355019,1,AD,Passing,,
GX010031_L.MP4,43225,24.0379,KAD_LUPE_Transect 3,1.0727,,3.498,6.905,2424.797,25.734,,,929.448,-495.833,-2184.014,KAD_LUPE,Peter,Mullidae,Parupeneus,multifasciatus,37355026,1,AD,Passing,,
GX010031_L.MP4,43260,24.0574,KAD_LUPE_Transect 3,1.0922,,5.329,2.661,2999.971,20.091,,,1006.89,-221.124,-2817.286,KAD_LUPE,Peter,Acanthuridae,Zebrasoma,scopas,37437036,1,AD,Passing,,
GX010031_L.MP4,43266,24.0607,KAD_LUPE_Transect 3,1.0955,,8.808,3.563,4003.957,23.346,,,1560.491,-289.485,-3675.968,KAD_LUPE,Peter,Pomacentridae,Pomacentrus,maafu,temp_code_005,1,AD,Passing,,
GX010031_L.MP4,43266,24.0607,KAD_LUPE_Transect 3,1.0955,,13.53,6.604,4942.783,21.149,,,1749.539,-348.115,-4609.668,KAD_LUPE,Peter,Pomacentridae,Pomacentrus,maafu,temp_code_005,1,AD,Passing,,
GX010031_L.MP4,43327,24.0946,KAD_LUPE_Transect 3,1.1295,,2.139,7.895,1867.901,23.611,,,-713.718,-225.329,-1711.399,KAD_LUPE,Peter,Pomacentridae,Pomacentrus,moluccensis,37372118,1,AD,Passing,,
GX010031_L.MP4,43349,24.1069,KAD_LUPE_Transect 3,1.1417,,2.028,9.134,1798.278,23.612,,,-639.042,-333.259,-1647.534,KAD_LUPE,Peter,Pomacentridae,Pomacentrus,moluccensis,37372118,1,AD,Passing,,
GX010031_L.MP4,43349,24.1069,KAD_LUPE_Transect 3,1.1417,134.53,11.218,5.449,3972.396,24.875,14.923,18.409,1670.947,1.197,-3603.869,KAD_LUPE,Peter,Nemipteridae,Scolopsis,bilineata,37347031,1,AD,Passing,,
GX010031_L.MP4,43349,24.1069,KAD_LUPE_Transect 3,1.1417,,11.361,3.509,4393.282,7.708,,,-2.044,-591.809,-4353.238,KAD_LUPE,Peter,Nemipteridae,Scolopsis,bilineata,37347031,1,AD,Passing,,
GX010031_L.MP4,43489,24.1847,KAD_LUPE_Transect 3,1.2196,,3.223,1.618,2245.545,19.437,,,102.464,-741.422,-2117.136,KAD_LUPE,Peter,Pomacentridae,Pomacentrus,maafu,temp_code_005,1,AD,Passing,,
GX010031_L.MP4,43529,24.207,KAD_LUPE_Transect 3,1.2418,,5.41,1.414,2960.069,19.703,,,122.956,-991.99,-2786.188,KAD_LUPE,Peter,Pomacanthidae,Centropyge,bicolor,37365022,1,AD,Passing,,
GX010031_L.MP4,43529,24.207,KAD_LUPE_Transect 3,1.2418,,4.775,1.923,2750.162,13.752,,,65.188,-652.061,-2670.947,KAD_LUPE,Peter,Pomacentridae,Dascyllus,aruanus,37372073,1,AD,Passing,,
GX010031_L.MP4,43539,24.2125,KAD_LUPE_Transect 3,1.2474,62.211,3.876,1.784,2053.291,20.108,30.406,2.57,260.992,-655.892,-1928.132,KAD_LUPE,Peter,Pomacentridae,Pomacentrus,maafu,temp_code_005,1,AD,Passing,,
GX010031_L.MP4,43634,24.2654,KAD_LUPE_Transect 3,1.3002,193.406,8.306,13.911,2848.707,21.812,37.928,17.163,644.497,-839.626,-2644.765,KAD_LUPE,Peter,Mullidae,Mulloidichthys,flavolineatus,37355019,1,AD,Passing,,
GX010031_L.MP4,43634,24.2654,KAD_LUPE_Transect 3,1.3002,99.066,6.665,2.388,2319.306,20.334,46.677,9.48,730.142,-341.206,-2174.776,KAD_LUPE,Peter,Mullidae,Mulloidichthys,flavolineatus,37355019,1,AD,Passing,,
GX010031_L.MP4,43634,24.2654,KAD_LUPE_Transect 3,1.3002,119.908,6.79,1.706,2146.716,17.667,59.995,13.758,539.473,-365.289,-2045.464,KAD_LUPE,Peter,Mullidae,Mulloidichthys,flavolineatus,37355019,1,AD,Passing,,
GX010031_L.MP4,43634,24.2654,KAD_LUPE_Transect 3,1.3002,131.423,9.662,1.44,2490.325,19.53,72.917,12.048,690.932,-464.445,-2347.045,KAD_LUPE,Peter,Mullidae,Mulloidichthys,flavolineatus,37355019,1,AD,Passing,,
GX010031_L.MP4,43634,24.2654,KAD_LUPE_Transect 3,1.3002,105.059,2.622,1.653,1947.351,16.431,18.857,9.184,160.431,-526.955,-1867.821,KAD_LUPE,Peter,Mullidae,Mulloidichthys,flavolineatus,37355019,1,AD,Passing,,
GX010031_L.MP4,43634,24.2654,KAD_LUPE_Transect 3,1.3002,95.663,1.982,0.776,2364.007,19.163,5.105,3.156,-106.536,-768.634,-2233.02,KAD_LUPE,Peter,Mullidae,Mulloidichthys,flavolineatus,37355019,1,AD,Passing,,
GX010031_L.MP4,43634,24.2654,KAD_LUPE_Transect 3,1.3002,,3.557,0.21,2350.582,18.756,,,275.838,-704.984,-2225.342,KAD_LUPE,Peter,Mullidae,Mulloidichthys,flavolineatus,37355019,1,AD,Passing,,
GX010031_L.MP4,43634,24.2654,KAD_LUPE_Transect 3,1.3002,,4.815,2.284,2746.092,15.444,,,369.006,-632.919,-2646.558,KAD_LUPE,Peter,Mullidae,Mulloidichthys,flavolineatus,37355019,1,AD,Passing,,
GX010031_L.MP4,43634,24.2654,KAD_LUPE_Transect 3,1.3002,,8.049,4.076,3644.722,19.104,,,-421.872,-1117.796,-3443.335,KAD_LUPE,Peter,Mullidae,Mulloidichthys,flavolineatus,37355019,1,AD,Passing,,
GX010031_L.MP4,43634,24.2654,KAD_LUPE_Transect 3,1.3002,,6.624,1.113,3279.51,14.936,,,-133.519,-836.479,-3168.227,KAD_LUPE,Peter,Mullidae,Mulloidichthys,flavolineatus,37355019,1,AD,Passing,,
GX010031_L.MP4,43634,24.2654,KAD_LUPE_Transect 3,1.3002,,6.923,3.406,3356.232,16.176,,,-353.217,-867.623,-3222.85,KAD_LUPE,Peter,Mullidae,Mulloidichthys,flavolineatus,37355019,1,AD,Passing,,
GX010031_L.MP4,43634,24.2654,KAD_LUPE_Transect 3,1.3002,,7.849,0.618,3585.97,16.37,,,-483.636,-889.436,-3440.084,KAD_LUPE,Peter,Mullidae,Mulloidichthys,flavolineatus,37355019,1,AD,Passing,,
GX010031_L.MP4,43634,24.2654,KAD_LUPE_Transect 3,1.3002,,12.749,2.644,4627.168,12.602,,,-43.681,-1011.271,-4515.097,KAD_LUPE,Peter,Mullidae,Mulloidichthys,flavolineatus,37355019,1,AD,Passing,,
GX010031_L.MP4,43634,24.2654,KAD_LUPE_Transect 3,1.3002,,10.414,1.267,4169.898,10.36,,,54.547,-750.3,-4101.478,KAD_LUPE,Peter,Mullidae,Mulloidichthys,flavolineatus,37355019,1,AD,Passing,,
GX010031_L.MP4,43634,24.2654,KAD_LUPE_Transect 3,1.3002,,12.725,1.289,4633.742,10.779,,,-87.065,-864.897,-4551.476,KAD_LUPE,Peter,Mullidae,Mulloidichthys,flavolineatus,37355019,1,AD,Passing,,
GX010031_L.MP4,43634,24.2654,KAD_LUPE_Transect 3,1.3002,,17.912,1.49,5483.628,12.228,,,950.37,-670.755,-5358.83,KAD_LUPE,Peter,Mullidae,Mulloidichthys,flavolineatus,37355019,1,AD,Passing,,
GX010031_L.MP4,43634,24.2654,KAD_LUPE_Transect 3,1.3002,,18.644,4.731,5601.046,11.282,,,862.118,-679.554,-5492.42,KAD_LUPE,Peter,Mullidae,Mulloidichthys,flavolineatus,37355019,1,AD,Passing,,
GX010031_L.MP4,43634,24.2654,KAD_LUPE_Transect 3,1.3002,,13.785,1.936,4799.339,10.029,,,523.863,-654.019,-4725.619,KAD_LUPE,Peter,Mullidae,Mulloidichthys,flavolineatus,37355019,1,AD,Passing,,
GX010031_L.MP4,43634,24.2654,KAD_LUPE_Transect 3,1.3002,,13.33,0.277,4698.989,11.611,,,662.197,-677.924,-4602.435,KAD_LUPE,Peter,Mullidae,Mulloidichthys,flavolineatus,37355019,1,AD,Passing,,
GX010031_L.MP4,43634,24.2654,KAD_LUPE_Transect 3,1.3002,,11.297,3.034,4311.737,11.43,,,499.616,-695.653,-4225.816,KAD_LUPE,Peter,Mullidae,Mulloidichthys,flavolineatus,37355019,1,AD,Passing,,
GX010031_L.MP4,43703,24.3037,KAD_LUPE_Transect 3,1.3386,,10.158,0.897,4259.2,23.481,,,1592.996,-587.45,-3906.156,KAD_LUPE,Peter,Scaridae,Chlorurus,spilurus,temp_code_002,1,AD,Passing,,
GX010031_L.MP4,43759,24.3349,KAD_LUPE_Transect 3,1.3697,,6.187,9.129,3264.274,20.237,,,1119.11,-151.883,-3062.679,KAD_LUPE,Peter,Acanthuridae,Acanthurus,sp,,1,AD,Passing,,
GX010031_L.MP4,43857,24.3894,KAD_LUPE_Transect 3,1.4242,,7.043,5.703,3635.222,26.332,,,1590.353,-268.032,-3257.879,KAD_LUPE,Peter,Labridae,Thalassoma,sp,,1,AD,Passing,,
GX010031_L.MP4,43874,24.3988,KAD_LUPE_Transect 3,1.4337,64.06,6.357,5.34,3247.187,18.497,8.756,4.797,905.523,-491.215,-3079.442,KAD_LUPE,Peter,Pomacanthidae,Centropyge,bicolor,37365022,1,AD,Passing,,
GX010031_L.MP4,43874,24.3988,KAD_LUPE_Transect 3,1.4337,,7.529,5.115,3535.566,19.668,,,-713.047,-954.626,-3328.736,KAD_LUPE,Peter,Pomacanthidae,Centropyge,bicolor,37365022,1,AD,Passing,,
GX010031_L.MP4,43933,24.4316,KAD_LUPE_Transect 3,1.4665,,3.349,4.289,2332.803,20.012,,,797.084,42.948,-2191.981,KAD_LUPE,Peter,Pomacentridae,Dascyllus,reticulatus,37372074,1,AD,Passing,,
GX010031_L.MP4,43933,24.4316,KAD_LUPE_Transect 3,1.4665,57.864,3.823,3.808,1748.081,24.679,64.705,25.319,686.857,-246.898,-1588.413,KAD_LUPE,Peter,Pomacentridae,Pomacentrus,maafu,temp_code_005,1,AD,Passing,,
GX010031_L.MP4,43940,24.4355,KAD_LUPE_Transect 3,1.4704,87.363,3.913,14.801,2055.039,27.477,33.638,20.886,879.718,353.74,-1823.225,KAD_LUPE,Peter,Mullidae,Mulloidichthys,flavolineatus,37355019,1,AD,Passing,,
GX010031_L.MP4,43940,24.4355,KAD_LUPE_Transect 3,1.4704,102.951,4.459,5.268,3493.168,11.793,4.597,16.877,421.439,576.274,-3419.432,KAD_LUPE,Peter,Mullidae,Mulloidichthys,flavolineatus,37355019,1,AD,Passing,,
GX010031_L.MP4,43940,24.4355,KAD_LUPE_Transect 3,1.4704,104.407,10.114,4.686,3134.298,6.635,31.204,12.989,-269.835,241.516,-3113.307,KAD_LUPE,Peter,Mullidae,Mulloidichthys,flavolineatus,37355019,1,AD,Passing,,
GX010031_L.MP4,43940,24.4355,KAD_LUPE_Transect 3,1.4704,,4.724,17.222,2909.523,30.012,,,1235.811,767.062,-2519.863,KAD_LUPE,Peter,Mullidae,Mulloidichthys,flavolineatus,37355019,1,AD,Passing,,
GX010031_L.MP4,43940,24.4355,KAD_LUPE_Transect 3,1.4704,,6.141,3.804,3149.788,19.146,,,803.375,647.715,-2975.939,KAD_LUPE,Peter,Mullidae,Mulloidichthys,flavolineatus,37355019,1,AD,Passing,,
GX010031_L.MP4,43950,24.4411,KAD_LUPE_Transect 3,1.4759,,2.312,1.782,1930.022,24.244,,,765.923,-204.55,-1759.689,KAD_LUPE,Peter,Pomacentridae,Dascyllus,aruanus,37372073,1,AD,Passing,,
GX010031_L.MP4,43965,24.4494,KAD_LUPE_Transect 3,1.4843,,2.248,6.216,1909.196,25.884,,,772.141,-314.814,-1717.474,KAD_LUPE,Peter,Pomacanthidae,Centropyge,bicolor,37365022,1,AD,Passing,,
GX010031_L.MP4,43997,24.4672,KAD_LUPE_Transect 3,1.5021,47.474,2.2,2.788,1486.461,21.991,30.581,16.864,447.071,-331.582,-1378.314,KAD_LUPE,Peter,Pomacentridae,Dascyllus,reticulatus,37372074,1,AD,Passing,,
GX010031_L.MP4,44002,24.47,KAD_LUPE_Transect 3,1.5048,44.989,2.32,12.525,1481.824,25.248,44.261,29.79,509.511,-374.015,-1340.266,KAD_LUPE,Peter,Pomacentridae,Pomacentrus,moluccensis,37372118,1,AD,Passing,,
GX010031_L.MP4,44026,24.4833,KAD_LUPE_Transect 3,1.5182,,1.149,6.183,1285.269,22.478,,,187.717,-454.817,-1187.359,KAD_LUPE,Peter,Pomacentridae,Dascyllus,reticulatus,37372074,1,AD,Passing,,
GX010031_L.MP4,44139,24.5462,KAD_LUPE_Transect 3,1.581,233.477,9.166,4.2,3932.184,17.548,11.659,26.345,1171.919,-179.548,-3749.192,KAD_LUPE,Peter,Scaridae,Scarus,schlegeli,37386029,1,AD,Passing,,
GX010031_L.MP4,44159,24.5573,KAD_LUPE_Transect 3,1.5921,105.176,9.988,2.84,3534.396,14.767,26.386,28.925,577.963,-691.061,-3417.652,KAD_LUPE,Peter,Mullidae,Parupeneus,multifasciatus,37355026,1,AD,Passing,,
GX010031_L.MP4,44174,24.5657,KAD_LUPE_Transect 3,1.6005,,8.637,9.588,4177.637,29.562,,,2056.825,130.952,-3633.865,KAD_LUPE,Peter,Chaetodontidae,Chaetodon,baronessa,37365034,1,AD,Passing,,
GX010031_L.MP4,44331,24.653,KAD_LUPE_Transect 3,1.6878,,11.18,3.529,4312.371,14.034,,,-290.016,-1007.15,-4183.071,KAD_LUPE,Peter,Mullidae,Parupeneus,multifasciatus,37355026,1,AD,Passing,,
GX010031_L.MP4,44420,24.7025,KAD_LUPE_Transect 3,1.7373,,6.243,5.969,3450.102,27.207,,,1574.453,94.309,-3068.454,KAD_LUPE,Peter,Pomacentridae,Chromis,iomelas,37372043,1,AD,Passing,,
GX010031_L.MP4,44504,24.7492,KAD_LUPE_Transect 3,1.784,,3.489,15.462,2490.112,28.721,,,1112.247,440.03,-2184.019,KAD_LUPE,Peter,Pomacentridae,Pomacentrus,moluccensis,37372118,1,AD,Passing,,
GX010031_L.MP4,44540,24.7692,KAD_LUPE_Transect 3,1.804,,2.816,14.672,2211.676,29.135,,,984.12,435.918,-1932.096,KAD_LUPE,Peter,Pomacentridae,Chromis,iomelas,37372043,1,AD,Passing,,
GX010031_L.MP4,44617,24.812,KAD_LUPE_Transect 3,1.8468,,7.011,4.525,3571.847,20.304,,,-1230.69,-148.771,-3349.83,KAD_LUPE,Peter,Pomacentridae,Amblyglyphidodon,orbicularis,temp_code_001,1,AD,Passing,,
GX010031_L.MP4,44665,24.8387,KAD_LUPE_Transect 3,1.8735,41.363,3.813,4.229,1919.628,16.209,39.844,34.752,241.824,-478.181,-1843.322,KAD_LUPE,Peter,Pomacentridae,Dascyllus,aruanus,37372073,1,AD,Passing,,
GX010031_L.MP4,44669,24.8409,KAD_LUPE_Transect 3,1.8758,89.366,3.781,4.542,3347.469,11.572,2.056,36.133,-135.678,-657.658,-3279.425,KAD_LUPE,Peter,Chaetodontidae,Chaetodon,baronessa,37365034,1,AD,Passing,,
GX010031_L.MP4,44785,24.9054,KAD_LUPE_Transect 3,1.9403,,1.843,4.806,1677.121,24.326,,,583.228,-371.192,-1528.004,KAD_LUPE,Peter,Pomacentridae,Pomacentrus,coelestis,37372111,1,AD,Passing,,
GX010031_L.MP4,44843,24.9377,KAD_LUPE_Transect 3,1.9725,55.187,3.117,2.966,1514.442,19.05,53.895,7.32,-86.746,-486.633,-1431.502,KAD_LUPE,Peter,Chaetodontidae,Chaetodon,baronessa,37365034,1,AD,Passing,,
GX010031_L.MP4,44879,24.9577,KAD_LUPE_Transect 3,1.9925,70.367,1.777,0.969,1784.937,12.529,8.313,48.567,-86.372,-377.452,-1742.433,KAD_LUPE,Peter,Pomacentridae,Amblyglyphidodon,orbicularis,temp_code_001,1,AD,Passing,,
GX010031_L.MP4,44903,24.9711,KAD_LUPE_Transect 3,2.0059,143.898,3.481,8.525,1586.025,13.822,48.634,1.057,-99.838,-365.517,-1540.099,KAD_LUPE,Peter,Acanthuridae,Ctenochaetus,striatus,37437022,1,AD,Passing,,
GX010031_L.MP4,44912,24.9761,KAD_LUPE_Transect 3,2.0109,131.755,6.535,2.413,2182.784,20.833,57.389,11.51,662.405,-404.799,-2040.074,KAD_LUPE,Peter,Acanthuridae,Ctenochaetus,striatus,37437022,1,AD,Passing,,
GX010031_L.MP4,44920,24.9805,KAD_LUPE_Transect 3,2.0153,137.576,2.447,12.965,1339.08,24.624,62.75,8.845,344.81,-438.633,-1217.309,KAD_LUPE,Peter,Chaetodontidae,Chaetodon,mertensii,37365044,1,AD,Passing,,
GX010031_L.MP4,44922,24.9816,KAD_LUPE_Transect 3,2.0165,72.881,4.665,1.93,1651.477,10.195,65.994,3.661,-82.732,-280.349,-1625.404,KAD_LUPE,Peter,Pomacentridae,Pomacentrus,vaiuli,37372126,1,AD,Passing,,
GX010031_L.MP4,44947,24.9955,KAD_LUPE_Transect 3,2.0304,91.129,1.376,1.344,1490.148,20.979,14.138,18.602,33.635,-532.457,-1391.366,KAD_LUPE,Peter,Pomacanthidae,Centropyge,heraldi,37385027,1,AD,Passing,,
GX010031_L.MP4,44947,24.9955,KAD_LUPE_Transect 3,2.0304,,2.557,1.315,1974.417,20.199,,,272.922,-625.796,-1852.624,KAD_LUPE,Peter,Pomacentridae,Pomacentrus,sp,,1,AD,Passing,,
GX010031_L.MP4,52785,29.3543,KAD_LUPE_Transect 4,0.2831,,2.14,9.785,1827.373,23.668,,,-317.708,-662.174,-1673.284,KAD_LUPE,Peter,Pomacanthidae,Centropyge,bicolor,37365022,1,AD,Passing,,
GX010031_L.MP4,52930,29.435,KAD_LUPE_Transect 4,0.3637,98.349,3.857,3.099,2056.116,7.41,25.687,5.43,-135.865,-227.716,-2038.946,KAD_LUPE,Peter,Acanthuridae,Ctenochaetus,striatus,37437022,1,AD,Passing,,
GX010031_L.MP4,52930,29.435,KAD_LUPE_Transect 4,0.3637,,4.6,0.589,2823.746,24.245,,,1106.488,-348.186,-2574.488,KAD_LUPE,Peter,Pomacentridae,Dascyllus,aruanus,37372073,1,AD,Passing,,
GX010031_L.MP4,52930,29.435,KAD_LUPE_Transect 4,0.3637,95.459,7.552,1.299,2555.821,19.67,44.076,19.858,735.612,-446.098,-2406.677,KAD_LUPE,Peter,Labridae,Halichoeres,sp,,1,AD,Passing,,
GX010031_L.MP4,52962,29.4528,KAD_LUPE_Transect 4,0.3815,71.964,4.027,3.251,2092.634,13.847,26.78,5.079,293.365,-405.92,-2031.818,KAD_LUPE,Peter,Pomacanthidae,Centropyge,bicolor,37365022,1,AD,Passing,,
GX010031_L.MP4,52981,29.4633,KAD_LUPE_Transect 4,0.3921,,2.782,2.617,2210.221,24.738,,,-924.791,-15.54,-2007.386,KAD_LUPE,Peter,Chaetodontidae,Chaetodon,pelewensis,37365049,1,AD,Passing,,
GX010031_L.MP4,52990,29.4683,KAD_LUPE_Transect 4,0.3971,76.087,3.44,11.208,2184.052,28.199,10.923,23.246,944.495,-416.007,-1924.824,KAD_LUPE,Peter,Pomacanthidae,Centropyge,bicolor,37365022,1,AD,Passing,,
GX010031_L.MP4,53011,29.48,KAD_LUPE_Transect 4,0.4087,53.742,1.798,2.929,1584.042,15.287,18.321,27.254,142.078,-392.737,-1527.993,KAD_LUPE,Peter,Pomacentridae,Pomacentrus,maafu,temp_code_005,1,AD,Passing,,
GX010031_L.MP4,53032,29.4917,KAD_LUPE_Transect 4,0.4204,116.922,7.416,4.708,3395.382,10.255,20.649,36.73,569.212,-203.394,-3341.145,KAD_LUPE,Peter,Acanthuridae,Acanthurus,sp,,1,AD,Passing,,
GX010031_L.MP4,53032,29.4917,KAD_LUPE_Transect 4,0.4204,,3.437,1.547,2403.106,23.748,,,929.862,-269.527,-2199.461,KAD_LUPE,Peter,Pomacentridae,Dascyllus,aruanus,37372073,1,AD,Passing,,
GX010031_L.MP4,53032,29.4917,KAD_LUPE_Transect 4,0.4204,,6.544,5.982,3357.079,19.413,,,1115.561,-26.591,-3166.196,KAD_LUPE,Peter,Pomacentridae,Dascyllus,aruanus,37372073,1,AD,Passing,,
GX010031_L.MP4,53032,29.4917,KAD_LUPE_Transect 4,0.4204,,5.508,5.179,3086.358,20.993,,,1105.66,-11.229,-2881.492,KAD_LUPE,Peter,Pomacentridae,Dascyllus,aruanus,37372073,1,AD,Passing,,
GX010031_L.MP4,53032,29.4917,KAD_LUPE_Transect 4,0.4204,,4.742,5.074,2942.289,25.834,,,1282.047,15.739,-2648.239,KAD_LUPE,Peter,Pomacentridae,Dascyllus,aruanus,37372073,1,AD,Passing,,
GX010031_L.MP4,53032,29.4917,KAD_LUPE_Transect 4,0.4204,,5.376,3.521,3154.248,26.023,,,1382.843,-54.741,-2834.437,KAD_LUPE,Peter,Pomacentridae,Dascyllus,aruanus,37372073,1,AD,Passing,,
GX010031_L.MP4,53050,29.5017,KAD_LUPE_Transect 4,0.4304,129.814,11.297,2.744,2874.502,5.014,42.483,2.395,1.675,-251.242,-2863.5,KAD_LUPE,Peter,Mullidae,Mulloidichthys,flavolineatus,37355019,1,AD,Passing,,
GX010031_L.MP4,53050,29.5017,KAD_LUPE_Transect 4,0.4304,82.573,7.795,4.704,2709.078,4.254,32.239,15.553,4.21,-200.897,-2701.616,KAD_LUPE,Peter,Mullidae,Mulloidichthys,flavolineatus,37355019,1,AD,Passing,,
GX010031_L.MP4,53050,29.5017,KAD_LUPE_Transect 4,0.4304,108.85,5.004,2.682,3021.555,4.542,13.775,9.257,131.538,-199.855,-3012.067,KAD_LUPE,Peter,Mullidae,Mulloidichthys,flavolineatus,37355019,1,AD,Passing,,
GX010031_L.MP4,53050,29.5017,KAD_LUPE_Transect 4,0.4304,104.494,2.886,5.382,2987.418,6.562,1.94,9.344,235.038,-247.629,-2967.845,KAD_LUPE,Peter,Mullidae,Mulloidichthys,flavolineatus,37355019,1,AD,Passing,,
GX010031_L.MP4,53050,29.5017,KAD_LUPE_Transect 4,0.4304,282.903,28.1,15.578,4558.578,10.208,44.326,10.616,511.042,-625.67,-4486.425,KAD_LUPE,Peter,Mullidae,Mulloidichthys,flavolineatus,37355019,1,AD,Passing,,
GX010031_L.MP4,53050,29.5017,KAD_LUPE_Transect 4,0.4304,,10.875,3.489,4265.24,10.375,,,700.467,-317.669,-4195.32,KAD_LUPE,Peter,Mullidae,Mulloidichthys,flavolineatus,37355019,1,AD,Passing,,
GX010031_L.MP4,53050,29.5017,KAD_LUPE_Transect 4,0.4304,,8.035,6.026,3651.711,8.525,,,523.935,-138.139,-3611.288,KAD_LUPE,Peter,Mullidae,Mulloidichthys,flavolineatus,37355019,1,AD,Passing,,
GX010031_L.MP4,53050,29.5017,KAD_LUPE_Transect 4,0.4304,,8.532,2.957,3763.782,9.086,,,559.498,-202.669,-3716.442,KAD_LUPE,Peter,Mullidae,Mulloidichthys,flavolineatus,37355019,1,AD,Passing,,
GX010031_L.MP4,53050,29.5017,KAD_LUPE_Transect 4,0.4304,,7.636,10.817,3534.891,15.851,,,844.132,-470.702,-3400.196,KAD_LUPE,Peter,Mullidae,Mulloidichthys,flavolineatus,37355019,1,AD,Passing,,
GX010031_L.MP4,53050,29.5017,KAD_LUPE_Transect 4,0.4304,,8.542,1.946,3789.889,15.56,,,988.665,-238.837,-3650.857,KAD_LUPE,Peter,Mullidae,Mulloidichthys,flavolineatus,37355019,1,AD,Passing,,
GX010031_L.MP4,53050,29.5017,KAD_LUPE_Transect 4,0.4304,,7.473,4.233,3566.728,18.347,,,1096.885,-241.429,-3385.277,KAD_LUPE,Peter,Mullidae,Mulloidichthys,flavolineatus,37355019,1,AD,Passing,,
GX010031_L.MP4,53050,29.5017,KAD_LUPE_Transect 4,0.4304,,5.912,1.745,3314.59,27.227,,,1473.252,-361.279,-2947.12,KAD_LUPE,Peter,Mullidae,Mulloidichthys,flavolineatus,37355019,1,AD,Passing,,
GX010031_L.MP4,53050,29.5017,KAD_LUPE_Transect 4,0.4304,,6.455,6.386,3433.85,25.259,,,1433.964,-302.932,-3105.367,KAD_LUPE,Peter,Mullidae,Mulloidichthys,flavolineatus,37355019,1,AD,Passing,,
GX010031_L.MP4,53050,29.5017,KAD_LUPE_Transect 4,0.4304,,7.708,3.738,3854.503,27.824,,,1773.118,-306.652,-3408.697,KAD_LUPE,Peter,Mullidae,Mulloidichthys,flavolineatus,37355019,1,AD,Passing,,
GX010031_L.MP4,53062,29.5084,KAD_LUPE_Transect 4,0.4371,52.858,1.961,3.968,1743.093,20.921,18.16,2.391,-119.841,-610.772,-1628.18,KAD_LUPE,Peter,Pomacentridae,Pomacentrus,maafu,temp_code_005,1,AD,Passing,,
GX010031_L.MP4,53112,29.5362,KAD_LUPE_Transect 4,0.4649,43.003,2.561,6.087,2186.133,21.105,3.247,7.961,-505.492,-603.412,-2039.497,KAD_LUPE,Peter,Pomacentridae,Dascyllus,aruanus,37372073,1,AD,Passing,,
GX010031_L.MP4,53112,29.5362,KAD_LUPE_Transect 4,0.4649,49.894,2.851,12.373,2116.245,29.087,1.76,36.897,855.877,-570.858,-1849.348,KAD_LUPE,Peter,Pomacentridae,Dascyllus,aruanus,37372073,1,AD,Passing,measurement of point,frame 53032
GX010031_L.MP4,53112,29.5362,KAD_LUPE_Transect 4,0.4649,120.487,7.52,12.234,3226.68,25.725,18.778,3.83,-1228.004,-673.475,-2906.871,KAD_LUPE,Peter,Nemipteridae,Scolopsis,bilineata,37347031,1,AD,Passing,,
GX010031_L.MP4,53141,29.5523,KAD_LUPE_Transect 4,0.481,91.19,3.512,1.159,2330.827,24.964,5.497,28.988,-983.717,-2.01,-2113.067,KAD_LUPE,Peter,Mullidae,Mulloidichthys,flavolineatus,37355019,1,AD,Passing,,
GX010031_L.MP4,53141,29.5523,KAD_LUPE_Transect 4,0.481,72.147,4.457,11.061,2946.663,18.367,8.332,39.964,-926.168,-66.019,-2796.547,KAD_LUPE,Peter,Mullidae,Mulloidichthys,flavolineatus,37355019,1,AD,Passing,,
GX010031_L.MP4,53210,29.5907,KAD_LUPE_Transect 4,0.5194,133.999,4.852,10.538,1710.151,16.817,77.021,3.213,-388.063,-306.95,-1637.011,KAD_LUPE,Peter,Mullidae,Mulloidichthys,flavolineatus,37355019,1,AD,Passing,,
GX010031_L.MP4,53266,29.6218,KAD_LUPE_Transect 4,0.5506,103.408,7.586,3.162,3738.112,16.458,7.446,6.833,-973.778,-416.389,-3584.949,KAD_LUPE,Peter,Mullidae,Mulloidichthys,flavolineatus,37355019,1,AD,Passing,,
GX010031_L.MP4,53297,29.6391,KAD_LUPE_Transect 4,0.5678,122.901,5.792,15.368,2352.953,27.107,47.921,16.246,-940.023,-515.581,-2094.498,KAD_LUPE,Peter,Mullidae,Mulloidichthys,flavolineatus,37355019,1,AD,Passing,,
GX010031_L.MP4,53297,29.6391,KAD_LUPE_Transect 4,0.5678,97.141,3.931,3.498,2719.062,17.909,5.842,6.726,-641.084,-536.757,-2587.316,KAD_LUPE,Peter,Mullidae,Mulloidichthys,flavolineatus,37355019,1,AD,Passing,,
GX010031_L.MP4,53297,29.6391,KAD_LUPE_Transect 4,0.5678,,2.571,15.311,2077.226,26.982,,,-737.264,-588.167,-1850.775,KAD_LUPE,Peter,Mullidae,Mulloidichthys,flavolineatus,37355019,1,AD,Passing,,
GX010031_L.MP4,53297,29.6391,KAD_LUPE_Transect 4,0.5678,,8.745,3.095,3877.981,18.948,,,-1052.314,-693.713,-3667.443,KAD_LUPE,Peter,Mullidae,Mulloidichthys,flavolineatus,37355019,1,AD,Passing,,
GX010031_L.MP4,53402,29.6974,KAD_LUPE_Transect 4,0.6262,,20.902,3.324,5999.38,8.712,,,782.016,-466.301,-5929.888,KAD_LUPE,Peter,Mullidae,Mulloidichthys,flavolineatus,37355019,1,AD,Passing,,
GX010031_L.MP4,53402,29.6974,KAD_LUPE_Transect 4,0.6262,,13.663,3.735,4753.588,14.04,,,904.653,-717.89,-4611.164,KAD_LUPE,Peter,Mullidae,Mulloidichthys,flavolineatus,37355019,1,AD,Passing,,
GX010031_L.MP4,53402,29.6974,KAD_LUPE_Transect 4,0.6262,,17.874,7.073,5510.839,15.167,,,1308.575,-608.47,-5318.528,KAD_LUPE,Peter,Mullidae,Mulloidichthys,flavolineatus,37355019,1,AD,Passing,,
GX010031_L.MP4,53402,29.6974,KAD_LUPE_Transect 4,0.6262,,29.588,5.79,7098.891,10.687,,,994.249,-867.006,-6975.243,KAD_LUPE,Peter,Mullidae,Mulloidichthys,flavolineatus,37355019,1,AD,Passing,,
GX010031_L.MP4,53402,29.6974,KAD_LUPE_Transect 4,0.6262,,19.301,5.053,5763.175,16.574,,,1529.781,-605.288,-5523.367,KAD_LUPE,Peter,Mullidae,Mulloidichthys,flavolineatus,37355019,1,AD,Passing,,
GX010031_L.MP4,53402,29.6974,KAD_LUPE_Transect 4,0.6262,,11.522,1.628,4362.266,17.413,,,1039.181,-792.548,-4161.89,KAD_LUPE,Peter,Mullidae,Mulloidichthys,flavolineatus,37355019,1,AD,Passing,,
GX010031_L.MP4,53402,29.6974,KAD_LUPE_Transect 4,0.6262,,9.715,3.294,4126.277,23.608,,,1481.494,-734.244,-3780.506,KAD_LUPE,Peter,Mullidae,Mulloidichthys,flavolineatus,37355019,1,AD,Passing,,
GX010031_L.MP4,53402,29.6974,KAD_LUPE_Transect 4,0.6262,,10.58,1.743,4388.669,25.55,,,1754.698,-712.077,-3959.091,KAD_LUPE,Peter,Mullidae,Mulloidichthys,flavolineatus,37355019,1,AD,Passing,,
GX010031_L.MP4,53402,29.6974,KAD_LUPE_Transect 4,0.6262,,11.919,1.437,4691.9,25.799,,,1920.168,-697.204,-4223.836,KAD_LUPE,Peter,Mullidae,Mulloidichthys,flavolineatus,37355019,1,AD,Passing,,
GX010031_L.MP4,53462,29.7308,KAD_LUPE_Transect 4,0.6595,102.969,9.166,9.962,3230.49,23.333,32.568,17.315,-944.441,-863.263,-2966.29,KAD_LUPE,Peter,Mullidae,Mulloidichthys,flavolineatus,37355019,1,AD,Passing,,
GX010031_L.MP4,53462,29.7308,KAD_LUPE_Transect 4,0.6595,99.415,7.106,5.74,3138.313,18.509,24.042,29.65,-546.116,-833.243,-2975.982,KAD_LUPE,Peter,Mullidae,Mulloidichthys,flavolineatus,37355019,1,AD,Passing,,
GX010031_L.MP4,53643,29.8315,KAD_LUPE_Transect 4,0.7602,122.809,10.091,18.475,3059.636,27.935,51.876,2.129,-1284.369,-636.348,-2703.115,KAD_LUPE,Peter,Mullidae,Mulloidichthys,flavolineatus,37355019,1,AD,Passing,,
GX010031_L.MP4,53709,29.8682,KAD_LUPE_Transect 4,0.7969,141.689,8.62,5.087,2519.622,22.466,65.39,1.533,-951.744,-145.63,-2328.404,KAD_LUPE,Peter,Lethrinidae,Monotaxis,grandoculis,37351026,1,J,Passing,,
GX010031_L.MP4,53709,29.8682,KAD_LUPE_Transect 4,0.7969,153.067,5.683,1.035,2154.833,22.674,52.737,10.839,-830.43,-19,-1988.298,KAD_LUPE,Peter,Mullidae,Mulloidichthys,flavolineatus,37355019,1,AD,Passing,,
GX010031_L.MP4,53709,29.8682,KAD_LUPE_Transect 4,0.7969,126.788,7.006,2.627,2382.326,16.782,45.593,12.931,-686.333,-45.647,-2280.864,KAD_LUPE,Peter,Mullidae,Mulloidichthys,flavolineatus,37355019,1,AD,Passing,,
GX010031_L.MP4,53709,29.8682,KAD_LUPE_Transect 4,0.7969,109.006,3.34,3.205,1960.754,16.889,22.691,11.826,-556.219,-122.95,-1876.182,KAD_LUPE,Peter,Mullidae,Mulloidichthys,flavolineatus,37355019,1,AD,Passing,,
GX010031_L.MP4,53709,29.8682,KAD_LUPE_Transect 4,0.7969,115.1,6.328,1.881,2490.217,9.306,30.855,12.934,-401.446,31.577,-2457.443,KAD_LUPE,Peter,Mullidae,Mulloidichthys,flavolineatus,37355019,1,AD,Passing,,
GX010031_L.MP4,53709,29.8682,KAD_LUPE_Transect 4,0.7969,119.148,5.394,3.615,2297.986,5.378,30.506,14.977,-215.394,0.485,-2287.869,KAD_LUPE,Peter,Mullidae,Mulloidichthys,flavolineatus,37355019,1,AD,Passing,,
GX010031_L.MP4,53709,29.8682,KAD_LUPE_Transect 4,0.7969,107.039,2.336,4.959,2599.662,2.643,3.394,10.969,-107.881,52.276,-2596.897,KAD_LUPE,Peter,Mullidae,Mulloidichthys,flavolineatus,37355019,1,AD,Passing,,
GX010031_L.MP4,53709,29.8682,KAD_LUPE_Transect 4,0.7969,103.107,2.119,2.925,2076.308,4.226,7.841,3.595,-144.435,-50.447,-2070.663,KAD_LUPE,Peter,Mullidae,Mulloidichthys,flavolineatus,37355019,1,AD,Passing,,
GX010031_L.MP4,53709,29.8682,KAD_LUPE_Transect 4,0.7969,,3.485,1.74,2336.371,2.594,,,58.216,-89.618,-2333.926,KAD_LUPE,Peter,Mullidae,Mulloidichthys,flavolineatus,37355019,1,AD,Passing,,
GX010031_L.MP4,53709,29.8682,KAD_LUPE_Transect 4,0.7969,,3.308,0.894,2266.559,3.658,,,105.911,-99.795,-2261.883,KAD_LUPE,Peter,Mullidae,Mulloidichthys,flavolineatus,37355019,1,AD,Passing,,
GX010031_L.MP4,53709,29.8682,KAD_LUPE_Transect 4,0.7969,,2.264,1.81,1834.3,9.247,,,-136.427,-262.35,-1810.308,KAD_LUPE,Peter,Mullidae,Mulloidichthys,flavolineatus,37355019,1,AD,Passing,,
GX010031_L.MP4,53709,29.8682,KAD_LUPE_Transect 4,0.7969,,4.992,3.186,2850.201,2.755,,,49.842,125.942,-2846.981,KAD_LUPE,Peter,Mullidae,Mulloidichthys,flavolineatus,37355019,1,AD,Passing,,
GX010031_L.MP4,53709,29.8682,KAD_LUPE_Transect 4,0.7969,,5.463,3.283,2979.673,5.219,,,169.382,209.829,-2967.446,KAD_LUPE,Peter,Mullidae,Mulloidichthys,flavolineatus,37355019,1,AD,Passing,,
GX010031_L.MP4,53709,29.8682,KAD_LUPE_Transect 4,0.7969,,5.474,5.558,2972.779,8.765,,,451.799,31.035,-2938.082,KAD_LUPE,Peter,Mullidae,Mulloidichthys,flavolineatus,37355019,1,AD,Passing,,
GX010031_L.MP4,53709,29.8682,KAD_LUPE_Transect 4,0.7969,,5.107,2.776,2861.702,9.931,,,491.036,48.1,-2818.849,KAD_LUPE,Peter,Mullidae,Mulloidichthys,flavolineatus,37355019,1,AD,Passing,,
GX010031_L.MP4,53709,29.8682,KAD_LUPE_Transect 4,0.7969,,6.376,2.308,3207.638,10.054,,,454.925,324.681,-3158.57,KAD_LUPE,Peter,Mullidae,Mulloidichthys,flavolineatus,37355019,1,AD,Passing,,
GX010031_L.MP4,53709,29.8682,KAD_LUPE_Transect 4,0.7969,,6.86,4.811,3341.75,8.918,,,417.711,304.468,-3301.531,KAD_LUPE,Peter,Mullidae,Mulloidichthys,flavolineatus,37355019,1,AD,Passing,,
GX010031_L.MP4,53709,29.8682,KAD_LUPE_Transect 4,0.7969,,8.259,3.682,3700.178,12.323,,,760.166,211.868,-3615.049,KAD_LUPE,Peter,Mullidae,Mulloidichthys,flavolineatus,37355019,1,AD,Passing,,
GX010031_L.MP4,53709,29.8682,KAD_LUPE_Transect 4,0.7969,,6.966,5.63,3380.985,11.246,,,643.219,143.047,-3316.153,KAD_LUPE,Peter,Mullidae,Mulloidichthys,flavolineatus,37355019,1,AD,Passing,,
GX010031_L.MP4,53709,29.8682,KAD_LUPE_Transect 4,0.7969,,8.049,2.949,3714.986,18.973,,,1171.773,290.894,-3513.325,KAD_LUPE,Peter,Mullidae,Mulloidichthys,flavolineatus,37355019,1,AD,Passing,,
GX010031_L.MP4,53709,29.8682,KAD_LUPE_Transect 4,0.7969,,7.703,2.054,3677.566,21.161,,,1300.351,265.549,-3429.732,KAD_LUPE,Peter,Mullidae,Mulloidichthys,flavolineatus,37355019,1,AD,Passing,,
GX010031_L.MP4,53709,29.8682,KAD_LUPE_Transect 4,0.7969,,8.276,3.147,3894.339,23.762,,,1552.503,226.101,-3564.336,KAD_LUPE,Peter,Mullidae,Mulloidichthys,flavolineatus,37355019,1,AD,Passing,,
GX010031_L.MP4,53709,29.8682,KAD_LUPE_Transect 4,0.7969,,9.255,6.832,3990.698,18.038,,,1208.273,256.835,-3794.705,KAD_LUPE,Peter,Mullidae,Mulloidichthys,flavolineatus,37355019,1,AD,Passing,,
GX010031_L.MP4,53709,29.8682,KAD_LUPE_Transect 4,0.7969,,8.998,3.559,3961.148,19.138,,,1283.446,195.947,-3742.334,KAD_LUPE,Peter,Mullidae,Mulloidichthys,flavolineatus,37355019,1,AD,Passing,,
GX010031_L.MP4,53709,29.8682,KAD_LUPE_Transect 4,0.7969,,7.493,0.775,3627.468,20.493,,,1264.622,114.152,-3397.973,KAD_LUPE,Peter,Mullidae,Mulloidichthys,flavolineatus,37355019,1,AD,Passing,,
GX010031_L.MP4,53709,29.8682,KAD_LUPE_Transect 4,0.7969,,17.382,1.933,5815.32,25.278,,,2469.868,253.719,-5258.643,KAD_LUPE,Peter,Mullidae,Mulloidichthys,flavolineatus,37355019,1,AD,Passing,,
GX010031_L.MP4,53709,29.8682,KAD_LUPE_Transect 4,0.7969,,6.538,5.946,3286.521,13.95,,,792.278,-1.664,-3189.594,KAD_LUPE,Peter,Mullidae,Mulloidichthys,flavolineatus,37355019,1,AD,Passing,,
GX010031_L.MP4,53709,29.8682,KAD_LUPE_Transect 4,0.7969,,7.592,2.581,3598.782,17.599,,,1080.813,123.607,-3430.422,KAD_LUPE,Peter,Mullidae,Mulloidichthys,flavolineatus,37355019,1,AD,Passing,,
GX010031_L.MP4,53709,29.8682,KAD_LUPE_Transect 4,0.7969,181.545,3.248,3.53,2577.43,10.427,8.681,16.096,-345.447,-313.437,-2534.871,KAD_LUPE,Peter,Scaridae,Scarus,schlegeli,37386029,1,AD,Passing,,
GX010031_L.MP4,53715,29.8715,KAD_LUPE_Transect 4,0.8002,,5.023,12.068,2846.086,8.352,,,-280.399,-305.457,-2815.719,KAD_LUPE,Peter,Labridae,Stethojulis,sp,,1,AD,Passing,,
GX010031_L.MP4,53781,29.9082,KAD_LUPE_Transect 4,0.8369,105.506,5.122,3.626,2597.061,21.67,20.616,21.709,-954.805,89.355,-2413.522,KAD_LUPE,Peter,Acanthuridae,Zebrasoma,scopas,37437036,1,AD,Passing,,
GX010031_L.MP4,53825,29.9327,KAD_LUPE_Transect 4,0.8614,83.163,3.024,7.5,2298.087,18.158,14.23,44.648,-715.355,-33.935,-2183.648,KAD_LUPE,Peter,Labridae,Stethojulis,bandanensis,37384154,1,AD,Passing,,
GX010031_L.MP4,53843,29.9427,KAD_LUPE_Transect 4,0.8714,87.312,2.532,0.859,2210.246,17.95,6.902,38.982,-195.198,-652.617,-2102.66,KAD_LUPE,Peter,Chaetodontidae,Chaetodon,mertensii,37365044,1,AD,Passing,,
GX010031_L.MP4,53843,29.9427,KAD_LUPE_Transect 4,0.8714,91.392,4.855,3.524,2433.257,18.809,28.461,27.973,-90.735,-779.271,-2303.312,KAD_LUPE,Peter,Chaetodontidae,Chaetodon,mertensii,37365044,1,AD,Passing,,
GX010031_L.MP4,53858,29.951,KAD_LUPE_Transect 4,0.8798,196.921,7.089,5.601,2252.524,24.554,83.045,2.547,-917.547,-185.058,-2048.835,KAD_LUPE,Peter,Scaridae,Scarus,schlegeli,37386029,1,AD,Passing,,
GX010031_L.MP4,53867,29.956,KAD_LUPE_Transect 4,0.8848,88.201,6.125,4.409,2151.825,21.582,57.487,3.651,-748.22,-258.186,-2000.965,KAD_LUPE,Peter,Pomacentridae,Amblyglyphidodon,orbicularis,temp_code_001,1,AD,Passing,,
GX010031_L.MP4,53911,29.9805,KAD_LUPE_Transect 4,0.9092,136.673,11.006,5.478,3017.277,18.537,43.396,2.374,75.711,-956.241,-2860.739,KAD_LUPE,Peter,Nemipteridae,Scolopsis,bilineata,37347031,1,AD,Passing,,
GX010031_L.MP4,53937,29.995,KAD_LUPE_Transect 4,0.9237,,6.369,2.242,3215.196,16.106,,,-468.817,-760.598,-3088.557,KAD_LUPE,Peter,Pomacentridae,Pomacentrus,sp,,1,AD,Passing,,
GX010031_L.MP4,53937,29.995,KAD_LUPE_Transect 4,0.9237,,6.311,2.237,3214.361,16.903,,,-623.882,-697.689,-3075.081,KAD_LUPE,Peter,Pomacentridae,Pomacentrus,sp,,1,AD,Passing,,
GX010031_L.MP4,53974,30.0155,KAD_LUPE_Transect 4,0.9443,,7.329,4.474,3566.564,27.941,,,1228.307,-1134.964,-3150.158,KAD_LUPE,Peter,Chaetodontidae,Chaetodon,citrinellus,37365036,1,AD,Passing,,
GX010031_L.MP4,53974,30.0155,KAD_LUPE_Transect 4,0.9443,,8.243,4.974,3654.209,19.434,,,779.716,-934.899,-3445.468,KAD_LUPE,Peter,Acanthuridae,Zebrasoma,scopas,37437036,1,AD,Passing,,
GX010031_L.MP4,54011,30.0361,KAD_LUPE_Transect 4,0.9649,,7.25,3.153,3437.945,13.23,,,-283.789,-735.828,-3346.264,KAD_LUPE,Peter,Pomacanthidae,Centropyge,heraldi,37385027,1,AD,Passing,,
GX010031_L.MP4,54011,30.0361,KAD_LUPE_Transect 4,0.9649,,15.386,3.825,5233.195,24.775,,,1912.258,-1076.322,-4750.909,KAD_LUPE,Peter,Chaetodontidae,Chaetodon,baronessa,37365034,1,AD,Passing,,
GX010031_L.MP4,54025,30.0439,KAD_LUPE_Transect 4,0.9726,185.526,13.71,14.325,3503.176,10.204,51.86,42.252,-616.317,72.836,-3447.766,KAD_LUPE,Peter,Acanthuridae,Acanthurus,blochii,37437007,1,AD,Passing,,
GX010031_L.MP4,54045,30.055,KAD_LUPE_Transect 4,0.9838,156.055,8.933,2.414,2952.473,24.996,41.053,0.444,-1229.52,211.471,-2675.941,KAD_LUPE,Peter,Nemipteridae,Scolopsis,bilineata,37347031,1,AD,Passing,,
GX010031_L.MP4,54144,30.1101,KAD_LUPE_Transect 4,1.0388,99.635,2.631,2.68,1779.978,9.967,22.496,4.522,87.89,-295.276,-1753.114,KAD_LUPE,Peter,Pomacentridae,Amblyglyphidodon,orbicularis,temp_code_001,1,AD,Passing,,
GX010031_L.MP4,54144,30.1101,KAD_LUPE_Transect 4,1.0388,,2.155,1.007,1819.985,17.49,,,-540.342,84.008,-1735.891,KAD_LUPE,Peter,Pomacentridae,Amblyglyphidodon,orbicularis,temp_code_001,1,AD,Passing,,
GX010031_L.MP4,54144,30.1101,KAD_LUPE_Transect 4,1.0388,,2.639,2.998,1996.28,7.65,,,16.095,-266.408,-1978.359,KAD_LUPE,Peter,Acanthuridae,Zebrasoma,scopas,37437036,1,AD,Passing,,
GX010031_L.MP4,54144,30.1101,KAD_LUPE_Transect 4,1.0388,,3.106,2.978,2208.462,14.837,,,-508.251,-249.256,-2134.679,KAD_LUPE,Peter,Acanthuridae,Zebrasoma,scopas,37437036,1,AD,Passing,,
GX010031_L.MP4,54227,30.1562,KAD_LUPE_Transect 4,1.085,98.66,8.234,2.756,2908.826,18.226,32.114,7.092,-718.662,557.913,-2762.884,KAD_LUPE,Peter,Pomacentridae,Amblyglyphidodon,orbicularis,temp_code_001,1,AD,Passing,,
GX010031_L.MP4,54327,30.2118,KAD_LUPE_Transect 4,1.1406,82.477,6.678,1.18,3129.662,12.377,21.74,33.792,-670.776,6.291,-3056.927,KAD_LUPE,Peter,Pomacentridae,Amblyglyphidodon,orbicularis,temp_code_001,1,J,Passing,,
GX010031_L.MP4,54327,30.2118,KAD_LUPE_Transect 4,1.1406,,15.135,0.964,5097.85,9.653,,,-650.886,551.177,-5025.995,KAD_LUPE,Peter,Pomacentridae,Amblyglyphidodon,orbicularis,temp_code_001,1,J,Passing,,
GX010031_L.MP4,54327,30.2118,KAD_LUPE_Transect 4,1.1406,105.957,4.281,4.441,2531.009,22.265,10.424,9.245,-864.181,-415.685,-2342.307,KAD_LUPE,Peter,Lethrinidae,Monotaxis,grandoculis,37351026,1,J,Passing,,
GX010031_L.MP4,54327,30.2118,KAD_LUPE_Transect 4,1.1406,116.479,3.451,9.628,1683.717,21.381,52.113,22.694,-487.571,-372.915,-1567.837,KAD_LUPE,Peter,Mullidae,Mulloidichthys,flavolineatus,37355019,1,AD,Passing,,
GX010031_L.MP4,54327,30.2118,KAD_LUPE_Transect 4,1.1406,114.033,1.727,2.45,1996.183,18.588,4.022,15.45,143.709,-619.872,-1892.05,KAD_LUPE,Peter,Mullidae,Mulloidichthys,flavolineatus,37355019,1,J,Passing,,
GX010031_L.MP4,54327,30.2118,KAD_LUPE_Transect 4,1.1406,128.361,5.278,9.489,1934.81,26.234,78.785,8.241,615.089,-594.244,-1735.52,KAD_LUPE,Peter,Mullidae,Mulloidichthys,flavolineatus,37355019,1,J,Passing,,
GX010031_L.MP4,54327,30.2118,KAD_LUPE_Transect 4,1.1406,112.991,2.538,3.652,2058.972,8.212,15.428,30.322,32.25,-292.312,-2037.861,KAD_LUPE,Peter,Mullidae,Mulloidichthys,flavolineatus,37355019,1,J,Passing,,
GX010031_L.MP4,54327,30.2118,KAD_LUPE_Transect 4,1.1406,121.03,4.739,3.605,1898.64,15.616,57.643,29.023,-498.841,-111.19,-1828.559,KAD_LUPE,Peter,Mullidae,Mulloidichthys,flavolineatus,37355019,1,J,Passing,,
GX010031_L.MP4,54327,30.2118,KAD_LUPE_Transect 4,1.1406,126.063,8.455,3.115,2257.012,12.674,71.285,14.45,-495.151,-5.442,-2202.022,KAD_LUPE,Peter,Mullidae,Mulloidichthys,flavolineatus,37355019,1,J,Passing,,
GX010031_L.MP4,54327,30.2118,KAD_LUPE_Transect 4,1.1406,,4.974,2.139,2911.74,19.649,,,-899.319,385.506,-2742.416,KAD_LUPE,Peter,Mullidae,Mulloidichthys,flavolineatus,37355019,1,J,Passing,,
GX010031_L.MP4,54327,30.2118,KAD_LUPE_Transect 4,1.1406,,5.265,2.313,3004.118,20.779,,,-944.808,491.528,-2808.997,KAD_LUPE,Peter,Mullidae,Mulloidichthys,flavolineatus,37355019,1,J,Passing,,
GX010031_L.MP4,54327,30.2118,KAD_LUPE_Transect 4,1.1406,,5.375,0.839,3013.486,20.768,,,-881.129,602.78,-2818.043,KAD_LUPE,Peter,Mullidae,Mulloidichthys,flavolineatus,37355019,1,J,Passing,,
GX010031_L.MP4,54327,30.2118,KAD_LUPE_Transect 4,1.1406,,5.291,0.286,2938.496,16.369,,,-651.54,509.507,-2819.691,KAD_LUPE,Peter,Mullidae,Mulloidichthys,flavolineatus,37355019,1,J,Passing,,
GX010031_L.MP4,54327,30.2118,KAD_LUPE_Transect 4,1.1406,,3.539,2.545,2396.378,17.164,,,-661.544,248.663,-2289.793,KAD_LUPE,Peter,Mullidae,Mulloidichthys,flavolineatus,37355019,1,J,Passing,,
GX010031_L.MP4,54327,30.2118,KAD_LUPE_Transect 4,1.1406,,4.483,0.166,2694.294,9.893,,,-462.819,-10.012,-2654.227,KAD_LUPE,Peter,Mullidae,Mulloidichthys,flavolineatus,37355019,1,J,Passing,,
GX010031_L.MP4,54327,30.2118,KAD_LUPE_Transect 4,1.1406,,4.158,5.234,2581.121,8.497,,,-380.111,29.697,-2552.807,KAD_LUPE,Peter,Mullidae,Mulloidichthys,flavolineatus,37355019,1,J,Passing,,
GX010031_L.MP4,54327,30.2118,KAD_LUPE_Transect 4,1.1406,,4.993,1.314,2854.66,8.906,,,-439.149,48.121,-2820.269,KAD_LUPE,Peter,Mullidae,Mulloidichthys,flavolineatus,37355019,1,J,Passing,,
GX010031_L.MP4,54327,30.2118,KAD_LUPE_Transect 4,1.1406,,6.665,1.144,3336.688,6.831,,,-382.299,104.685,-3313.061,KAD_LUPE,Peter,Mullidae,Mulloidichthys,flavolineatus,37355019,1,J,Passing,,
GX010031_L.MP4,54327,30.2118,KAD_LUPE_Transect 4,1.1406,,7.154,3.757,3452.534,8.31,,,-426.53,256.951,-3416.436,KAD_LUPE,Peter,Mullidae,Mulloidichthys,flavolineatus,37355019,1,J,Passing,,
GX010031_L.MP4,54327,30.2118,KAD_LUPE_Transect 4,1.1406,,11.502,2.106,4433.947,9.221,,,-598.151,380.859,-4376.877,KAD_LUPE,Peter,Mullidae,Mulloidichthys,flavolineatus,37355019,1,J,Passing,,
GX010031_L.MP4,54327,30.2118,KAD_LUPE_Transect 4,1.1406,,12.113,6.08,4555.401,8.696,,,-559.854,398.582,-4503.262,KAD_LUPE,Peter,Mullidae,Mulloidichthys,flavolineatus,37355019,1,J,Passing,,
GX010031_L.MP4,54327,30.2118,KAD_LUPE_Transect 4,1.1406,,8.719,0.005,3839.349,11.979,,,-715.951,347.722,-3755.942,KAD_LUPE,Peter,Mullidae,Mulloidichthys,flavolineatus,37355019,1,J,Passing,,
GX010031_L.MP4,54327,30.2118,KAD_LUPE_Transect 4,1.1406,,10.251,3.48,4173.153,11.558,,,-730.092,405.183,-4088.765,KAD_LUPE,Peter,Mullidae,Mulloidichthys,flavolineatus,37355019,1,J,Passing,,
GX010031_L.MP4,54327,30.2118,KAD_LUPE_Transect 4,1.1406,,9.946,1.703,4101.205,11.355,,,-683.698,427.272,-4021.179,KAD_LUPE,Peter,Mullidae,Mulloidichthys,flavolineatus,37355019,1,J,Passing,,
GX010031_L.MP4,54327,30.2118,KAD_LUPE_Transect 4,1.1406,,8.017,1.007,3677.315,6.181,,,-311.744,241.934,-3656.081,KAD_LUPE,Peter,Mullidae,Mulloidichthys,flavolineatus,37355019,1,J,Passing,,
GX010031_L.MP4,54327,30.2118,KAD_LUPE_Transect 4,1.1406,,7.35,0.216,3509.974,5.608,,,-230.234,252.227,-3493.321,KAD_LUPE,Peter,Mullidae,Mulloidichthys,flavolineatus,37355019,1,J,Passing,,
GX010031_L.MP4,54327,30.2118,KAD_LUPE_Transect 4,1.1406,,11.448,0.61,4437.973,6.271,,,-319.154,362.344,-4411.627,KAD_LUPE,Peter,Mullidae,Mulloidichthys,flavolineatus,37355019,1,J,Passing,,
GX010031_L.MP4,54327,30.2118,KAD_LUPE_Transect 4,1.1406,,6.497,1.78,3292.6,3.568,,,-86.148,184.023,-3286.325,KAD_LUPE,Peter,Mullidae,Mulloidichthys,flavolineatus,37355019,1,J,Passing,,
GX010031_L.MP4,54327,30.2118,KAD_LUPE_Transect 4,1.1406,,12.339,3.472,4655.457,2.689,,,72.602,203.244,-4650.452,KAD_LUPE,Peter,Mullidae,Mulloidichthys,flavolineatus,37355019,1,J,Passing,,
GX010031_L.MP4,54327,30.2118,KAD_LUPE_Transect 4,1.1406,,33.432,4.062,7862.62,3.214,,,-87.618,427.392,-7850.506,KAD_LUPE,Peter,Mullidae,Mulloidichthys,flavolineatus,37355019,1,J,Passing,,
GX010031_L.MP4,54327,30.2118,KAD_LUPE_Transect 4,1.1406,,4.015,0.309,2517.103,19.185,,,658.757,-501.643,-2377.016,KAD_LUPE,Peter,Mullidae,Mulloidichthys,flavolineatus,37355019,1,J,Passing,,
GX010031_L.MP4,54327,30.2118,KAD_LUPE_Transect 4,1.1406,,9.564,3.486,4006.505,6.814,,,293.283,-376.462,-3977.982,KAD_LUPE,Peter,Mullidae,Mulloidichthys,flavolineatus,37355019,1,J,Passing,,
GX010031_L.MP4,54327,30.2118,KAD_LUPE_Transect 4,1.1406,,10.338,0.07,4177.211,6.71,,,367.287,-323.891,-4148.408,KAD_LUPE,Peter,Mullidae,Mulloidichthys,flavolineatus,37355019,1,J,Passing,,
GX010031_L.MP4,54327,30.2118,KAD_LUPE_Transect 4,1.1406,,7.917,3.301,3621.746,7.595,,,426.64,-219.21,-3589.842,KAD_LUPE,Peter,Mullidae,Mulloidichthys,flavolineatus,37355019,1,J,Passing,,
GX010031_L.MP4,54327,30.2118,KAD_LUPE_Transect 4,1.1406,,14.962,4.302,5089.795,6.223,,,486.018,-264.139,-5059.648,KAD_LUPE,Peter,Mullidae,Mulloidichthys,flavolineatus,37355019,1,J,Passing,,
GX010031_L.MP4,54327,30.2118,KAD_LUPE_Transect 4,1.1406,,16.618,1.525,5381.383,6.242,,,540.217,-227.91,-5349.347,KAD_LUPE,Peter,Mullidae,Mulloidichthys,flavolineatus,37355019,1,J,Passing,,
GX010031_L.MP4,54327,30.2118,KAD_LUPE_Transect 4,1.1406,,13.113,5.543,4730.657,8.223,,,640.659,-220.242,-4681.898,KAD_LUPE,Peter,Mullidae,Mulloidichthys,flavolineatus,37355019,1,J,Passing,,
GX010031_L.MP4,54327,30.2118,KAD_LUPE_Transect 4,1.1406,,13.176,4.852,4741.601,9.15,,,733.81,-176.052,-4681.166,KAD_LUPE,Peter,Mullidae,Mulloidichthys,flavolineatus,37355019,1,J,Passing,,
GX010031_L.MP4,54327,30.2118,KAD_LUPE_Transect 4,1.1406,,7.86,6.019,3602.905,11.297,,,680.963,-187.592,-3532.99,KAD_LUPE,Peter,Mullidae,Mulloidichthys,flavolineatus,37355019,1,J,Passing,,
GX010031_L.MP4,54327,30.2118,KAD_LUPE_Transect 4,1.1406,,9.53,2.689,3988.569,10.45,,,691.054,-216.225,-3922.292,KAD_LUPE,Peter,Mullidae,Mulloidichthys,flavolineatus,37355019,1,J,Passing,,
GX010031_L.MP4,54327,30.2118,KAD_LUPE_Transect 4,1.1406,,7.692,1.047,3539.089,10.634,,,520.417,-396.612,-3478.077,KAD_LUPE,Peter,Mullidae,Mulloidichthys,flavolineatus,37355019,1,J,Passing,,
GX010031_L.MP4,54327,30.2118,KAD_LUPE_Transect 4,1.1406,,10.381,4.283,4145.668,11.707,,,725.241,-428.49,-4059.186,KAD_LUPE,Peter,Mullidae,Mulloidichthys,flavolineatus,37355019,1,J,Passing,,
GX010031_L.MP4,54327,30.2118,KAD_LUPE_Transect 4,1.1406,,8.531,2.513,3746.195,11.558,,,670.817,-338.937,-3670.028,KAD_LUPE,Peter,Mullidae,Mulloidichthys,flavolineatus,37355019,1,J,Passing,,
GX010031_L.MP4,54327,30.2118,KAD_LUPE_Transect 4,1.1406,,10.687,0.384,4216.079,12.097,,,792.798,-392.417,-4122.233,KAD_LUPE,Peter,Mullidae,Mulloidichthys,flavolineatus,37355019,1,J,Passing,,
GX010031_L.MP4,54327,30.2118,KAD_LUPE_Transect 4,1.1406,,9.784,2.42,4042.668,14.494,,,947.189,-358.064,-3913.794,KAD_LUPE,Peter,Mullidae,Mulloidichthys,flavolineatus,37355019,1,J,Passing,,
GX010031_L.MP4,54327,30.2118,KAD_LUPE_Transect 4,1.1406,,5.705,1.794,3118.849,23.259,,,1109.654,-536.044,-2865.056,KAD_LUPE,Peter,Mullidae,Mulloidichthys,flavolineatus,37355019,1,J,Passing,,
GX010031_L.MP4,54327,30.2118,KAD_LUPE_Transect 4,1.1406,,7.699,3.225,3596.399,20.71,,,1112.663,-618,-3363.651,KAD_LUPE,Peter,Mullidae,Mulloidichthys,flavolineatus,37355019,1,J,Passing,,
GX010031_L.MP4,54327,30.2118,KAD_LUPE_Transect 4,1.1406,,7.131,2.233,3445.503,19.635,,,1024.262,-541.663,-3244.839,KAD_LUPE,Peter,Mullidae,Mulloidichthys,flavolineatus,37355019,1,J,Passing,,
GX010031_L.MP4,54327,30.2118,KAD_LUPE_Transect 4,1.1406,,5.931,2.228,3172.149,21.767,,,1087.148,-451.004,-2945.715,KAD_LUPE,Peter,Mullidae,Mulloidichthys,flavolineatus,37355019,1,J,Passing,,
GX010031_L.MP4,54327,30.2118,KAD_LUPE_Transect 4,1.1406,,8.902,3.141,3939.186,22.502,,,1386.908,-593.075,-3638.947,KAD_LUPE,Peter,Mullidae,Mulloidichthys,flavolineatus,37355019,1,J,Passing,,
GX010031_L.MP4,54327,30.2118,KAD_LUPE_Transect 4,1.1406,,7.4,1.493,3610.561,23.985,,,1361.987,-548.848,-3298.47,KAD_LUPE,Peter,Mullidae,Mulloidichthys,flavolineatus,37355019,1,J,Passing,,
GX010031_L.MP4,54327,30.2118,KAD_LUPE_Transect 4,1.1406,,6.594,0.877,3403.037,23.956,,,1292.506,-490.409,-3109.596,KAD_LUPE,Peter,Mullidae,Mulloidichthys,flavolineatus,37355019,1,J,Passing,,
GX010031_L.MP4,54327,30.2118,KAD_LUPE_Transect 4,1.1406,,9.704,10.808,4039.977,20.683,,,1201.932,-771.231,-3779.15,KAD_LUPE,Peter,Mullidae,Mulloidichthys,flavolineatus,37355019,1,J,Passing,,
GX010031_L.MP4,54327,30.2118,KAD_LUPE_Transect 4,1.1406,,8.062,4.308,3698.154,3.034,,,185.655,-64.17,-3692.934,KAD_LUPE,Peter,Mullidae,Mulloidichthys,flavolineatus,37355019,1,J,Passing,,
GX010031_L.MP4,54327,30.2118,KAD_LUPE_Transect 4,1.1406,,8.039,0.707,3704.246,3.268,,,-197.991,71.198,-3698.266,KAD_LUPE,Peter,Mullidae,Mulloidichthys,flavolineatus,37355019,1,J,Passing,,
GX010031_L.MP4,54327,30.2118,KAD_LUPE_Transect 4,1.1406,,7.691,0.72,3616.109,2.948,,,-151.244,106.073,-3611.387,KAD_LUPE,Peter,Mullidae,Mulloidichthys,flavolineatus,37355019,1,J,Passing,,
GX010031_L.MP4,54327,30.2118,KAD_LUPE_Transect 4,1.1406,,12.68,3.231,4731.46,2.22,,,9.105,180.253,-4728.016,KAD_LUPE,Peter,Mullidae,Mulloidichthys,flavolineatus,37355019,1,J,Passing,,
GX010031_L.MP4,54327,30.2118,KAD_LUPE_Transect 4,1.1406,,7.054,2.632,3449.075,1.636,,,49.885,82.855,-3447.719,KAD_LUPE,Peter,Mullidae,Mulloidichthys,flavolineatus,37355019,1,J,Passing,,
GX010031_L.MP4,54327,30.2118,KAD_LUPE_Transect 4,1.1406,,10.757,1.61,4333.813,1.619,,,110.9,49.37,-4332.112,KAD_LUPE,Peter,Mullidae,Mulloidichthys,flavolineatus,37355019,1,J,Passing,,
GX010031_L.MP4,54327,30.2118,KAD_LUPE_Transect 4,1.1406,,7.94,0.869,3683.597,0.354,,,3.33,20.34,-3683.54,KAD_LUPE,Peter,Mullidae,Mulloidichthys,flavolineatus,37355019,1,J,Passing,,
GX010031_L.MP4,54327,30.2118,KAD_LUPE_Transect 4,1.1406,,9.125,2.707,3972.55,1.901,,,-129.662,21.076,-3970.378,KAD_LUPE,Peter,Mullidae,Mulloidichthys,flavolineatus,37355019,1,J,Passing,,
GX010031_L.MP4,54327,30.2118,KAD_LUPE_Transect 4,1.1406,,11.341,0.466,4461.896,1.643,,,-6.64,-130.342,-4459.987,KAD_LUPE,Peter,Mullidae,Mulloidichthys,flavolineatus,37355019,1,J,Passing,,
GX010031_L.MP4,54327,30.2118,KAD_LUPE_Transect 4,1.1406,,23.593,14.674,6520.358,3.983,,,410.669,-194.786,-6504.497,KAD_LUPE,Peter,Mullidae,Mulloidichthys,flavolineatus,37355019,1,J,Passing,,
GX010031_L.MP4,54327,30.2118,KAD_LUPE_Transect 4,1.1406,,16.221,2.731,5351.216,4.368,,,386.572,-132.368,-5335.593,KAD_LUPE,Peter,Mullidae,Mulloidichthys,flavolineatus,37355019,1,J,Passing,,
GX010031_L.MP4,54327,30.2118,KAD_LUPE_Transect 4,1.1406,,11.772,3.827,4501.963,5.492,,,413.644,117.969,-4481.367,KAD_LUPE,Peter,Mullidae,Mulloidichthys,flavolineatus,37355019,1,J,Passing,,
GX010031_L.MP4,54327,30.2118,KAD_LUPE_Transect 4,1.1406,,12.891,6.221,4710.93,6.407,,,500.284,158.665,-4681.602,KAD_LUPE,Peter,Mullidae,Mulloidichthys,flavolineatus,37355019,1,J,Passing,,
GX010031_L.MP4,54327,30.2118,KAD_LUPE_Transect 4,1.1406,,17.141,0.76,5481.596,6.167,,,582.03,86.033,-5449.93,KAD_LUPE,Peter,Mullidae,Mulloidichthys,flavolineatus,37355019,1,J,Passing,,
GX010031_L.MP4,54327,30.2118,KAD_LUPE_Transect 4,1.1406,,17.104,2.265,5454.866,7.898,,,745.002,79.216,-5403.172,KAD_LUPE,Peter,Mullidae,Mulloidichthys,flavolineatus,37355019,1,J,Passing,,
GX010031_L.MP4,54327,30.2118,KAD_LUPE_Transect 4,1.1406,,11.007,2.947,4331.6,7.051,,,529.446,-51.613,-4298.812,KAD_LUPE,Peter,Mullidae,Mulloidichthys,flavolineatus,37355019,1,J,Passing,,
GX010031_L.MP4,54327,30.2118,KAD_LUPE_Transect 4,1.1406,,17.074,3.767,5437.619,12.038,,,1128.117,-119.301,-5317.971,KAD_LUPE,Peter,Mullidae,Mulloidichthys,flavolineatus,37355019,1,J,Passing,,
GX010031_L.MP4,54327,30.2118,KAD_LUPE_Transect 4,1.1406,,17.931,6.239,5584.445,12.321,,,1190.869,-47.366,-5455.787,KAD_LUPE,Peter,Mullidae,Mulloidichthys,flavolineatus,37355019,1,J,Passing,,
GX010031_L.MP4,54327,30.2118,KAD_LUPE_Transect 4,1.1406,,20.499,2.444,5983.691,11.468,,,1189.255,29.394,-5864.244,KAD_LUPE,Peter,Mullidae,Mulloidichthys,flavolineatus,37355019,1,J,Passing,,
GX010031_L.MP4,54327,30.2118,KAD_LUPE_Transect 4,1.1406,,18.769,1.145,5714.624,10.505,,,1041.914,0.838,-5618.838,KAD_LUPE,Peter,Mullidae,Mulloidichthys,flavolineatus,37355019,1,J,Passing,,
GX010031_L.MP4,54327,30.2118,KAD_LUPE_Transect 4,1.1406,,18.206,0.746,5619.015,11.568,,,1118.635,-138.25,-5504.805,KAD_LUPE,Peter,Mullidae,Mulloidichthys,flavolineatus,37355019,1,J,Passing,,
GX010031_L.MP4,54327,30.2118,KAD_LUPE_Transect 4,1.1406,,21.457,6.736,6140.095,8.009,,,853.41,56.484,-6080.236,KAD_LUPE,Peter,Mullidae,Mulloidichthys,flavolineatus,37355019,1,J,Passing,,
GX010031_L.MP4,54327,30.2118,KAD_LUPE_Transect 4,1.1406,,11.437,1.836,4492.605,19.023,,,1449.208,-212.6,-4247.128,KAD_LUPE,Peter,Mullidae,Mulloidichthys,flavolineatus,37355019,1,AD,Passing,,
GX010031_L.MP4,54327,30.2118,KAD_LUPE_Transect 4,1.1406,,11.843,1.747,4626.801,21.795,,,1683.853,-342.679,-4295.87,KAD_LUPE,Peter,Mullidae,Mulloidichthys,flavolineatus,37355019,1,AD,Passing,,
GX010031_L.MP4,54327,30.2118,KAD_LUPE_Transect 4,1.1406,,11.253,0.244,4624.903,25.538,,,1965.704,-336.135,-4172.858,KAD_LUPE,Peter,Mullidae,Mulloidichthys,flavolineatus,37355019,1,AD,Passing,,
GX010031_L.MP4,54327,30.2118,KAD_LUPE_Transect 4,1.1406,,9.723,1.718,4042.091,16.556,,,1072.661,-421.826,-3874.269,KAD_LUPE,Peter,Mullidae,Mulloidichthys,flavolineatus,37355019,1,AD,Passing,,
GX010031_L.MP4,54327,30.2118,KAD_LUPE_Transect 4,1.1406,,11.014,0.281,4277.462,16.185,,,1028.799,-605.035,-4107.576,KAD_LUPE,Peter,Mullidae,Mulloidichthys,flavolineatus,37355019,1,AD,Passing,,
GX010031_L.MP4,54327,30.2118,KAD_LUPE_Transect 4,1.1406,,13.276,1.453,4729.847,16.936,,,1225.044,-633.332,-4524.335,KAD_LUPE,Peter,Mullidae,Mulloidichthys,flavolineatus,37355019,1,AD,Passing,,
GX010031_L.MP4,54327,30.2118,KAD_LUPE_Transect 4,1.1406,,11.47,3.451,4444.112,19.486,,,1379.209,-546.061,-4189.24,KAD_LUPE,Peter,Mullidae,Mulloidichthys,flavolineatus,37355019,1,AD,Passing,,
GX010031_L.MP4,54327,30.2118,KAD_LUPE_Transect 4,1.1406,,11.963,0.826,4455.82,17.463,,,1096.032,-768.448,-4250.004,KAD_LUPE,Peter,Mullidae,Mulloidichthys,flavolineatus,37355019,1,AD,Passing,,
GX010031_L.MP4,54327,30.2118,KAD_LUPE_Transect 4,1.1406,,11.426,2.483,4361.299,17.8,,,1118.904,-727.387,-4152.094,KAD_LUPE,Peter,Mullidae,Mulloidichthys,flavolineatus,37355019,1,AD,Passing,,
GX010031_L.MP4,54327,30.2118,KAD_LUPE_Transect 4,1.1406,,11.061,3.534,4295.937,18.078,,,1134.041,-703.14,-4083.457,KAD_LUPE,Peter,Mullidae,Mulloidichthys,flavolineatus,37355019,1,AD,Passing,,
GX010031_L.MP4,54327,30.2118,KAD_LUPE_Transect 4,1.1406,,11.043,0.914,4323.665,19.248,,,1263.803,-661.467,-4081.585,KAD_LUPE,Peter,Mullidae,Mulloidichthys,flavolineatus,37355019,1,AD,Passing,,
GX010031_L.MP4,54327,30.2118,KAD_LUPE_Transect 4,1.1406,,8.381,0.863,3966.413,27.701,,,1748.681,-586.764,-3511.446,KAD_LUPE,Peter,Mullidae,Mulloidichthys,flavolineatus,37355019,1,AD,Passing,,
GX010031_L.MP4,54327,30.2118,KAD_LUPE_Transect 4,1.1406,,10.168,0.723,4576.932,30.736,,,2323.904,-269.266,-3933.862,KAD_LUPE,Peter,Mullidae,Mulloidichthys,flavolineatus,37355019,1,AD,Passing,,
GX010031_L.MP4,54327,30.2118,KAD_LUPE_Transect 4,1.1406,,8.882,1.987,4304.363,32.471,,,2286.379,-337.786,-3631.241,KAD_LUPE,Peter,Mullidae,Mulloidichthys,flavolineatus,37355019,1,AD,Passing,,
GX010031_L.MP4,54327,30.2118,KAD_LUPE_Transect 4,1.1406,,10.89,1.783,4648.3,28.498,,,2190.042,-352.44,-4084.874,KAD_LUPE,Peter,Mullidae,Mulloidichthys,flavolineatus,37355019,1,AD,Passing,,
GX010031_L.MP4,54356,30.228,KAD_LUPE_Transect 4,1.1567,50.166,4.348,3.927,2669.232,19.249,16.695,18.607,373.676,-796.675,-2520.015,KAD_LUPE,Peter,Labridae,Halichoeres,sp,,1,AD,Passing,,
GX010031_L.MP4,54502,30.3092,KAD_LUPE_Transect 4,1.2379,111.666,4.171,5.814,1845.785,20.201,48.661,18.147,-104.418,-628.765,-1732.245,KAD_LUPE,Peter,Nemipteridae,Scolopsis,bilineata,37347031,1,AD,Passing,,
GX010031_L.MP4,54518,30.3181,KAD_LUPE_Transect 4,1.2468,114.125,3.855,4.635,2503.914,20.973,17.137,37.602,-61.734,-894.101,-2338.024,KAD_LUPE,Peter,Chaetodontidae,Chaetodon,ulietensis,37365060,1,AD,Passing,,
GX010031_L.MP4,54628,30.3792,KAD_LUPE_Transect 4,1.308,78.164,2.516,3.71,2582.35,6.481,6.174,4.25,-48.806,-287.372,-2565.846,KAD_LUPE,Peter,Pomacentridae,Chromis,viridis,37372053,1,AD,Passing,,
GX010031_L.MP4,54628,30.3792,KAD_LUPE_Transect 4,1.308,94.609,4.477,4.327,1590.241,6.953,79.829,20.753,23.801,-191.042,-1578.544,KAD_LUPE,Peter,Mullidae,Mulloidichthys,flavolineatus,37355019,1,AD,Passing,,
GX010031_L.MP4,54628,30.3792,KAD_LUPE_Transect 4,1.308,101.95,6.406,2.077,2143.954,8.996,45.891,11.037,242.961,-230.99,-2117.582,KAD_LUPE,Peter,Mullidae,Mulloidichthys,flavolineatus,37355019,1,AD,Passing,,
GX010031_L.MP4,54628,30.3792,KAD_LUPE_Transect 4,1.308,112.613,3.388,1.54,1474.746,13.645,63.493,18.064,196.423,-287.137,-1433.125,KAD_LUPE,Peter,Mullidae,Mulloidichthys,flavolineatus,37355019,1,AD,Passing,,
GX010031_L.MP4,54628,30.3792,KAD_LUPE_Transect 4,1.308,121.973,5.685,1.981,1985.317,21.26,63.839,10.243,590.052,-412.366,-1850.21,KAD_LUPE,Peter,Mullidae,Mulloidichthys,flavolineatus,37355019,1,AD,Passing,,
GX010031_L.MP4,54628,30.3792,KAD_LUPE_Transect 4,1.308,123.305,4.726,12.185,1961.42,26.863,57.83,12.467,615.059,-638.11,-1749.768,KAD_LUPE,Peter,Mullidae,Mulloidichthys,flavolineatus,37355019,1,AD,Passing,,
GX010031_L.MP4,54628,30.3792,KAD_LUPE_Transect 4,1.308,103.25,6.033,1.453,2100.074,4.561,46.586,20.503,-161.463,-42.663,-2093.423,KAD_LUPE,Peter,Mullidae,Mulloidichthys,flavolineatus,37355019,1,AD,Passing,,
GX010031_L.MP4,54628,30.3792,KAD_LUPE_Transect 4,1.308,,3.868,2.694,2500.783,19.171,,,785.297,-241.584,-2361.961,KAD_LUPE,Peter,Mullidae,Mulloidichthys,flavolineatus,37355019,1,AD,Passing,,
GX010031_L.MP4,54628,30.3792,KAD_LUPE_Transect 4,1.308,,3.749,4.337,2424.437,13.926,,,572.867,-112.132,-2353.114,KAD_LUPE,Peter,Mullidae,Mulloidichthys,flavolineatus,37355019,1,AD,Passing,,
GX010031_L.MP4,54628,30.3792,KAD_LUPE_Transect 4,1.308,,14.261,6.94,5132.699,22.84,,,1958.349,-368.905,-4730.05,KAD_LUPE,Peter,Mullidae,Mulloidichthys,flavolineatus,37355019,1,AD,Passing,,
GX010031_L.MP4,54628,30.3792,KAD_LUPE_Transect 4,1.308,,10.877,2.684,4518.317,24.681,,,1861.457,-309.99,-4105.371,KAD_LUPE,Peter,Mullidae,Mulloidichthys,flavolineatus,37355019,1,AD,Passing,,
GX010031_L.MP4,54628,30.3792,KAD_LUPE_Transect 4,1.308,,15.615,8.083,5421.264,23.72,,,2154.301,-341.782,-4963.092,KAD_LUPE,Peter,Mullidae,Mulloidichthys,flavolineatus,37355019,1,AD,Passing,,
GX010031_L.MP4,54628,30.3792,KAD_LUPE_Transect 4,1.308,,13.155,4.942,5038.893,25.785,,,2172.153,-296.026,-4537.021,KAD_LUPE,Peter,Mullidae,Mulloidichthys,flavolineatus,37355019,1,AD,Passing,,
GX010031_L.MP4,54628,30.3792,KAD_LUPE_Transect 4,1.308,,10.276,1.048,4440.563,25.975,,,1931.482,-229.909,-3991.882,KAD_LUPE,Peter,Mullidae,Mulloidichthys,flavolineatus,37355019,1,AD,Passing,,
GX010031_L.MP4,54628,30.3792,KAD_LUPE_Transect 4,1.308,,5.424,3.904,3100.811,23.184,,,1216.271,-106.176,-2850.34,KAD_LUPE,Peter,Mullidae,Mulloidichthys,flavolineatus,37355019,1,AD,Passing,,
GX010031_L.MP4,54628,30.3792,KAD_LUPE_Transect 4,1.308,,7.919,3.599,3715.151,19.482,,,1233.829,-115.817,-3502.37,KAD_LUPE,Peter,Mullidae,Mulloidichthys,flavolineatus,37355019,1,AD,Passing,,
GX010031_L.MP4,54628,30.3792,KAD_LUPE_Transect 4,1.308,,10.674,6.311,4381.163,20.463,,,1531.106,-43.796,-4104.679,KAD_LUPE,Peter,Mullidae,Mulloidichthys,flavolineatus,37355019,1,AD,Passing,,
GX010031_L.MP4,54628,30.3792,KAD_LUPE_Transect 4,1.308,,3.578,0.534,2377.754,10.476,,,-422.562,90.03,-2338.172,KAD_LUPE,Peter,Mullidae,Mulloidichthys,flavolineatus,37355019,1,AD,Passing,,
GX010031_L.MP4,54628,30.3792,KAD_LUPE_Transect 4,1.308,,5.65,1.039,3058.742,12.785,,,-638.906,221.844,-2983.033,KAD_LUPE,Peter,Mullidae,Mulloidichthys,flavolineatus,37355019,1,AD,Passing,,
GX010031_L.MP4,54628,30.3792,KAD_LUPE_Transect 4,1.308,,6.422,0.094,3261.613,12.839,,,-637.838,342.292,-3180.27,KAD_LUPE,Peter,Mullidae,Mulloidichthys,flavolineatus,37355019,1,AD,Passing,,
GX010031_L.MP4,54628,30.3792,KAD_LUPE_Transect 4,1.308,,7.255,1.781,3501.628,11.832,,,-696.767,171.172,-3427.333,KAD_LUPE,Peter,Mullidae,Mulloidichthys,flavolineatus,37355019,1,AD,Passing,,
GX010031_L.MP4,54628,30.3792,KAD_LUPE_Transect 4,1.308,,3.765,0.235,2538.21,20.855,,,-877.918,212.526,-2372.046,KAD_LUPE,Peter,Mullidae,Mulloidichthys,flavolineatus,37355019,1,AD,Passing,,
GX010031_L.MP4,54628,30.3792,KAD_LUPE_Transect 4,1.308,,3.559,1.306,2412.13,19.995,,,-707.832,422.038,-2266.987,KAD_LUPE,Peter,Mullidae,Mulloidichthys,flavolineatus,37355019,1,AD,Passing,,
GX010031_L.MP4,54628,30.3792,KAD_LUPE_Transect 4,1.308,,8.17,0.031,3722.389,7.746,,,-486.451,120.662,-3688.493,KAD_LUPE,Peter,Mullidae,Mulloidichthys,flavolineatus,37355019,1,AD,Passing,,
GX010031_L.MP4,54628,30.3792,KAD_LUPE_Transect 4,1.308,,10.43,1.23,4250.641,3.768,,,-146.263,235.533,-4241.589,KAD_LUPE,Peter,Mullidae,Mulloidichthys,flavolineatus,37355019,1,AD,Passing,,
GX010031_L.MP4,54628,30.3792,KAD_LUPE_Transect 4,1.308,,8.387,3.763,3789.01,2.094,,,-8.531,135.958,-3786.56,KAD_LUPE,Peter,Mullidae,Mulloidichthys,flavolineatus,37355019,1,AD,Passing,,
GX010031_L.MP4,54628,30.3792,KAD_LUPE_Transect 4,1.308,,9.234,2.585,3986.732,2.259,,,113.443,106.365,-3983.698,KAD_LUPE,Peter,Mullidae,Mulloidichthys,flavolineatus,37355019,1,AD,Passing,,
GX010031_L.MP4,54628,30.3792,KAD_LUPE_Transect 4,1.308,,11.224,2.939,4410.835,3.696,,,154.747,235.97,-4401.8,KAD_LUPE,Peter,Mullidae,Mulloidichthys,flavolineatus,37355019,1,AD,Passing,,
GX010031_L.MP4,54628,30.3792,KAD_LUPE_Transect 4,1.308,,12.637,3.963,4665.713,5.828,,,426.75,203.085,-4641.715,KAD_LUPE,Peter,Mullidae,Mulloidichthys,flavolineatus,37355019,1,AD,Passing,,
GX010031_L.MP4,54628,30.3792,KAD_LUPE_Transect 4,1.308,,9.822,6.421,4060.265,9.051,,,615.042,169.995,-4009.81,KAD_LUPE,Peter,Mullidae,Mulloidichthys,flavolineatus,37355019,1,AD,Passing,,
GX010031_L.MP4,54628,30.3792,KAD_LUPE_Transect 4,1.308,,8.244,4.439,3696.188,9.967,,,614.013,177.37,-3640.513,KAD_LUPE,Peter,Mullidae,Mulloidichthys,flavolineatus,37355019,1,AD,Passing,,
GX010031_L.MP4,54628,30.3792,KAD_LUPE_Transect 4,1.308,,8.235,7.423,3719.237,5.737,,,367.931,-55.726,-3700.573,KAD_LUPE,Peter,Mullidae,Mulloidichthys,flavolineatus,37355019,1,AD,Passing,,
GX010031_L.MP4,54628,30.3792,KAD_LUPE_Transect 4,1.308,,5.127,3.546,2868.568,10.378,,,516.102,24.627,-2821.651,KAD_LUPE,Peter,Mullidae,Mulloidichthys,flavolineatus,37355019,1,AD,Passing,,
GX010031_L.MP4,54628,30.3792,KAD_LUPE_Transect 4,1.308,,7.753,6.437,3585.539,10.81,,,672.387,7.113,-3521.922,KAD_LUPE,Peter,Mullidae,Mulloidichthys,flavolineatus,37355019,1,AD,Passing,,
GX010031_L.MP4,54628,30.3792,KAD_LUPE_Transect 4,1.308,,3.513,0.926,2330.695,8.275,,,313.977,-119.392,-2306.362,KAD_LUPE,Peter,Mullidae,Mulloidichthys,flavolineatus,37355019,1,AD,Passing,,
GX010031_L.MP4,54628,30.3792,KAD_LUPE_Transect 4,1.308,,6.856,0.923,3373.607,14.246,,,830.076,-15.811,-3269.854,KAD_LUPE,Peter,Mullidae,Mulloidichthys,flavolineatus,37355019,1,AD,Passing,,
GX010031_L.MP4,54628,30.3792,KAD_LUPE_Transect 4,1.308,,8.608,4.371,3817.818,15.116,,,994.204,-54.238,-3685.695,KAD_LUPE,Peter,Mullidae,Mulloidichthys,flavolineatus,37355019,1,AD,Passing,,
GX010031_L.MP4,54628,30.3792,KAD_LUPE_Transect 4,1.308,,9.063,2.493,3947.155,16.868,,,1143.691,-64.145,-3777.286,KAD_LUPE,Peter,Mullidae,Mulloidichthys,flavolineatus,37355019,1,AD,Passing,,
GX010031_L.MP4,54655,30.3943,KAD_LUPE_Transect 4,1.323,153.413,11.38,6.154,2864.32,24.612,88.447,0.179,-1128.855,385.595,-2604.099,KAD_LUPE,Peter,Acanthuridae,Acanthurus,nigrofuscus,37437014,1,AD,Passing,,
GX010031_L.MP4,54687,30.412,KAD_LUPE_Transect 4,1.3408,,7.479,0.773,3624.378,17.254,,,-1053.756,210.789,-3461.399,KAD_LUPE,Peter,Scaridae,Scarus,dimidiatus,37386013,1,AD,Passing,,
GX010031_L.MP4,54755,30.4499,KAD_LUPE_Transect 4,1.3786,117.438,5.937,1.358,2974.19,16.924,17.897,12.465,-601.047,623.14,-2845.39,KAD_LUPE,Peter,Labridae,Cheilinus,chlorourus,37384064,1,AD,Passing,,
GX010031_L.MP4,54755,30.4499,KAD_LUPE_Transect 4,1.3786,180.867,11.675,3.832,3592.212,16.103,28.966,5.365,-507.895,857.212,-3451.263,KAD_LUPE,Peter,Scaridae,Chlorurus,spilurus,temp_code_002,1,AD,Passing,,
GX010031_L.MP4,54765,30.4554,KAD_LUPE_Transect 4,1.3842,,1.631,9.714,1578.89,26.123,,,586.344,-374.286,-1417.394,KAD_LUPE,Peter,Pomacentridae,Amphiprion,sp,,1,AD,Passing,,
GX010031_L.MP4,54799,30.4743,KAD_LUPE_Transect 4,1.4031,77.693,6.677,3.152,2475.983,11.715,35.496,17.832,48.335,500.386,-2424.411,KAD_LUPE,Peter,Pomacentridae,Chromis,viridis,37372053,1,AD,Passing,,
GX010031_L.MP4,54799,30.4743,KAD_LUPE_Transect 4,1.4031,152.892,4.409,7.146,2973.554,11.57,11.523,5.245,280.974,526.036,-2913.136,KAD_LUPE,Peter,Pomacanthidae,Pygoplites,diacanthus,37365082,1,AD,Passing,,
GX010031_L.MP4,54799,30.4743,KAD_LUPE_Transect 4,1.4031,,8.139,5.771,3618.434,14.298,,,554.715,698.554,-3506.761,KAD_LUPE,Peter,Acanthuridae,Zebrasoma,scopas,37437036,1,AD,Passing,,
GX010031_L.MP4,54799,30.4743,KAD_LUPE_Transect 4,1.4031,,7.287,2.917,3428.584,12.129,,,277.375,662.893,-3352.436,KAD_LUPE,Peter,Acanthuridae,Zebrasoma,scopas,37437036,1,AD,Passing,,
GX010031_L.MP4,54830,30.4916,KAD_LUPE_Transect 4,1.4203,141.893,8.812,3.754,2449.492,12.609,52.6,3.863,-467.656,-259.228,-2390.42,KAD_LUPE,Peter,Scaridae,Chlorurus,spilurus,temp_code_002,1,AD,Passing,,
GX010031_L.MP4,54877,30.5177,KAD_LUPE_Transect 4,1.4464,100.412,6.382,1.286,2250.941,11.313,41.873,11.608,-338.21,-283.902,-2207.204,KAD_LUPE,Peter,Pomacentridae,Amblyglyphidodon,orbicularis,temp_code_001,1,AD,Passing,,
GX010031_L.MP4,54877,30.5177,KAD_LUPE_Transect 4,1.4464,109.44,3.361,3.78,1429.731,12.751,67.163,9.45,-250.383,-192.054,-1394.473,KAD_LUPE,Peter,Mullidae,Mulloidichthys,vanicolensis,37355020,1,AD,Passing,,
GX010031_L.MP4,54882,30.5205,KAD_LUPE_Transect 4,1.4492,70.474,3.116,3.209,2200.044,10.415,14.597,13.351,-326.841,-226.582,-2163.799,KAD_LUPE,Peter,Pomacentridae,Amblyglyphidodon,orbicularis,temp_code_001,1,AD,Passing,,
GX010031_L.MP4,54891,30.5255,KAD_LUPE_Transect 4,1.4542,92.821,4.186,3.738,1672.572,17.515,58.616,3.466,503.358,-0.691,-1595.032,KAD_LUPE,Peter,Pomacentridae,Chromis,viridis,37372053,1,AD,Passing,,
GX010031_L.MP4,54968,30.5683,KAD_LUPE_Transect 4,1.4971,100.656,6.928,2.895,2372.834,26.513,72.736,22.63,1042.441,-187.805,-2123.296,KAD_LUPE,Peter,Pomacentridae,Amblyglyphidodon,orbicularis,temp_code_001,1,AD,Passing,,
GX010031_L.MP4,54970,30.5694,KAD_LUPE_Transect 4,1.4982,134.108,3.689,3.133,2210.184,20.957,17.559,25.762,772.431,-168.052,-2063.982,KAD_LUPE,Peter,Labridae,Thalassoma,lunare,37384167,1,AD,Passing,,
GX010031_L.MP4,54998,30.585,KAD_LUPE_Transect 4,1.5137,213.003,8.627,7.98,2654.338,26.222,84.64,22.464,-1167.403,-112.772,-2381.169,KAD_LUPE,Peter,Holocentridae,Myripristis,kuntee,37261011,1,AD,Passing,,
GX010031_L.MP4,55011,30.5922,KAD_LUPE_Transect 4,1.521,155.406,2.923,0.64,1339.685,18.328,72.613,0.871,416.993,-59.842,-1271.728,KAD_LUPE,Peter,Mullidae,Mulloidichthys,flavolineatus,37355019,1,AD,Passing,,
GX010031_L.MP4,55011,30.5922,KAD_LUPE_Transect 4,1.521,123.331,5.092,4.146,1907.876,11.892,51.722,22.141,236.198,314.284,-1866.93,KAD_LUPE,Peter,Mullidae,Mulloidichthys,flavolineatus,37355019,1,AD,Passing,,
GX010031_L.MP4,55011,30.5922,KAD_LUPE_Transect 4,1.521,99.141,6.886,3.658,2168.128,15.626,57.102,16.107,507.1,289.665,-2087.994,KAD_LUPE,Peter,Mullidae,Mulloidichthys,flavolineatus,37355019,1,AD,Passing,,
GX010031_L.MP4,55011,30.5922,KAD_LUPE_Transect 4,1.521,114.191,6.457,3.467,2093.141,16.944,57.761,12.662,411.769,450.06,-2002.281,KAD_LUPE,Peter,Mullidae,Mulloidichthys,flavolineatus,37355019,1,AD,Passing,,
GX010031_L.MP4,55011,30.5922,KAD_LUPE_Transect 4,1.521,102.153,4.893,9.107,1975.632,22.118,51.008,14.697,556.946,493.101,-1830.242,KAD_LUPE,Peter,Mullidae,Mulloidichthys,flavolineatus,37355019,1,AD,Passing,,
GX010031_L.MP4,55011,30.5922,KAD_LUPE_Transect 4,1.521,133.677,7.297,13.815,2369.932,26.72,66.471,9.087,873.545,610.274,-2116.852,KAD_LUPE,Peter,Mullidae,Mulloidichthys,flavolineatus,37355019,1,AD,Passing,,
GX010031_L.MP4,55011,30.5922,KAD_LUPE_Transect 4,1.521,,5.62,1.474,2978.029,16.058,,,448.065,689.548,-2862.24,KAD_LUPE,Peter,Mullidae,Mulloidichthys,flavolineatus,37355019,1,AD,Passing,,
GX010031_L.MP4,55011,30.5922,KAD_LUPE_Transect 4,1.521,,2.752,2.221,2059.577,12.295,,,-427.554,-98.889,-2012.281,KAD_LUPE,Peter,Mullidae,Mulloidichthys,flavolineatus,37355019,1,AD,Passing,,
GX010031_L.MP4,55011,30.5922,KAD_LUPE_Transect 4,1.521,,4.161,1.471,2583.097,2.951,,,-130.781,-25.713,-2579.656,KAD_LUPE,Peter,Mullidae,Mulloidichthys,flavolineatus,37355019,1,AD,Passing,,
GX010031_L.MP4,55011,30.5922,KAD_LUPE_Transect 4,1.521,,3.393,0.411,2304.545,2.41,,,-36.996,88.22,-2302.559,KAD_LUPE,Peter,Mullidae,Mulloidichthys,flavolineatus,37355019,1,AD,Passing,,
GX010031_L.MP4,55011,30.5922,KAD_LUPE_Transect 4,1.521,,4.471,2.232,2679.37,4.654,,,-85.243,198.412,-2670.653,KAD_LUPE,Peter,Mullidae,Mulloidichthys,flavolineatus,37355019,1,AD,Passing,,
GX010031_L.MP4,55011,30.5922,KAD_LUPE_Transect 4,1.521,,4.436,1.071,2643.399,16.511,,,130.906,738.276,-2534.831,KAD_LUPE,Peter,Mullidae,Mulloidichthys,flavolineatus,37355019,1,AD,Passing,,
GX010031_L.MP4,55011,30.5922,KAD_LUPE_Transect 4,1.521,,5.232,0.428,2905.768,17.524,,,-553.185,676.274,-2771.304,KAD_LUPE,Peter,Mullidae,Mulloidichthys,flavolineatus,37355019,1,AD,Passing,,
GX010031_L.MP4,55011,30.5922,KAD_LUPE_Transect 4,1.521,,4.697,5.304,2804.142,22.401,,,-806.388,699.705,-2592.945,KAD_LUPE,Peter,Mullidae,Mulloidichthys,flavolineatus,37355019,1,AD,Passing,,
GX010031_L.MP4,55011,30.5922,KAD_LUPE_Transect 4,1.521,,11.047,9.749,4403.086,24.627,,,-1274.06,1317.979,-4003.357,KAD_LUPE,Peter,Mullidae,Mulloidichthys,flavolineatus,37355019,1,AD,Passing,,
GX010031_L.MP4,55011,30.5922,KAD_LUPE_Transect 4,1.521,,6.055,1.775,3127.311,11.748,,,-327.921,544.045,-3062.116,KAD_LUPE,Peter,Mullidae,Mulloidichthys,flavolineatus,37355019,1,AD,Passing,,
GX010031_L.MP4,55011,30.5922,KAD_LUPE_Transect 4,1.521,,6.829,1.353,3339.333,9.941,,,-125.163,560.782,-3289.529,KAD_LUPE,Peter,Mullidae,Mulloidichthys,flavolineatus,37355019,1,AD,Passing,,
GX010031_L.MP4,55011,30.5922,KAD_LUPE_Transect 4,1.521,,5.321,0.453,2924.277,9.599,,,-202.483,441.901,-2883.595,KAD_LUPE,Peter,Mullidae,Mulloidichthys,flavolineatus,37355019,1,AD,Passing,,
GX010031_L.MP4,55011,30.5922,KAD_LUPE_Transect 4,1.521,,9.19,1.069,3926.164,11.358,,,-622.247,456.747,-3849.54,KAD_LUPE,Peter,Mullidae,Mulloidichthys,flavolineatus,37355019,1,AD,Passing,,
GX010031_L.MP4,55011,30.5922,KAD_LUPE_Transect 4,1.521,,7.577,1.685,3533.253,10.864,,,-446.841,491.78,-3470.211,KAD_LUPE,Peter,Mullidae,Mulloidichthys,flavolineatus,37355019,1,AD,Passing,,
GX010031_L.MP4,55119,30.6523,KAD_LUPE_Transect 4,1.581,,7.969,7.09,3855.326,24.668,,,-1485.648,-620.002,-3503.14,KAD_LUPE,Peter,Chaetodontidae,Chaetodon,mertensii,37365044,1,AD,Passing,,
GX010031_L.MP4,55137,30.6623,KAD_LUPE_Transect 4,1.591,114.806,4.565,3.468,1743.095,17.157,65.996,16.22,-426.533,-287.163,-1665.529,KAD_LUPE,Peter,Mullidae,Mulloidichthys,flavolineatus,37355019,1,AD,Passing,,
GX010031_L.MP4,55137,30.6623,KAD_LUPE_Transect 4,1.591,112.54,2.554,2.976,2250.394,4.454,13.366,42.077,-174.363,11.538,-2243.599,KAD_LUPE,Peter,Mullidae,Mulloidichthys,flavolineatus,37355019,1,AD,Passing,,
GX010031_L.MP4,55137,30.6623,KAD_LUPE_Transect 4,1.591,106.812,9.605,2.818,2447.714,2.26,52.741,5.064,-34.232,-90.256,-2445.81,KAD_LUPE,Peter,Mullidae,Mulloidichthys,flavolineatus,37355019,1,AD,Passing,,
GX010031_L.MP4,55137,30.6623,KAD_LUPE_Transect 4,1.591,136.184,10.212,2.72,2808.631,3.617,39.497,4.993,-17.456,176.312,-2803.037,KAD_LUPE,Peter,Mullidae,Mulloidichthys,flavolineatus,37355019,1,AD,Passing,,
GX010031_L.MP4,55137,30.6623,KAD_LUPE_Transect 4,1.591,98.731,1.448,1.389,1278.514,18.584,16.538,6.466,338.943,-226.135,-1211.85,KAD_LUPE,Peter,Mullidae,Mulloidichthys,flavolineatus,37355019,1,AD,Passing,,
GX010031_L.MP4,55137,30.6623,KAD_LUPE_Transect 4,1.591,104.683,3.27,4.048,1447.88,19.075,76.227,16.348,-92.625,-464.021,-1368.379,KAD_LUPE,Peter,Mullidae,Mulloidichthys,flavolineatus,37355019,1,AD,Passing,,
GX010031_L.MP4,55137,30.6623,KAD_LUPE_Transect 4,1.591,,2.336,5.021,1925.856,20.917,,,-622.444,-293.147,-1798.763,KAD_LUPE,Peter,Mullidae,Mulloidichthys,flavolineatus,37355019,1,AD,Passing,,
GX010031_L.MP4,55137,30.6623,KAD_LUPE_Transect 4,1.591,,3.126,0.378,2198.871,9.085,,,-298.447,-178.659,-2171.185,KAD_LUPE,Peter,Mullidae,Mulloidichthys,flavolineatus,37355019,1,AD,Passing,,
GX010031_L.MP4,55137,30.6623,KAD_LUPE_Transect 4,1.591,,3.696,2.285,2442.171,14.652,,,-598.412,-154.659,-2362.665,KAD_LUPE,Peter,Mullidae,Mulloidichthys,flavolineatus,37355019,1,AD,Passing,,
GX010031_L.MP4,55137,30.6623,KAD_LUPE_Transect 4,1.591,,5.11,0.705,2900.336,11.222,,,-563.816,-28.247,-2844.866,KAD_LUPE,Peter,Mullidae,Mulloidichthys,flavolineatus,37355019,1,AD,Passing,,
GX010031_L.MP4,55137,30.6623,KAD_LUPE_Transect 4,1.591,,4.621,3.023,2734.189,6.58,,,-309.939,-47.562,-2716.149,KAD_LUPE,Peter,Mullidae,Mulloidichthys,flavolineatus,37355019,1,AD,Passing,,
GX010031_L.MP4,55137,30.6623,KAD_LUPE_Transect 4,1.591,,6.12,0.706,3186.781,9.259,,,-498.318,118.906,-3145.332,KAD_LUPE,Peter,Mullidae,Mulloidichthys,flavolineatus,37355019,1,AD,Passing,,
GX010031_L.MP4,55137,30.6623,KAD_LUPE_Transect 4,1.591,,3.576,1.7,2385.9,12.043,,,-497.171,23.948,-2333.403,KAD_LUPE,Peter,Mullidae,Mulloidichthys,flavolineatus,37355019,1,AD,Passing,,
GX010031_L.MP4,55137,30.6623,KAD_LUPE_Transect 4,1.591,,2.677,1.632,2004.835,8.331,,,269.223,-110.222,-1983.617,KAD_LUPE,Peter,Mullidae,Mulloidichthys,flavolineatus,37355019,1,AD,Passing,,
GX010031_L.MP4,55137,30.6623,KAD_LUPE_Transect 4,1.591,,3.616,2.558,2369.213,9.778,,,402.197,10.574,-2334.801,KAD_LUPE,Peter,Mullidae,Mulloidichthys,flavolineatus,37355019,1,AD,Passing,,
GX010031_L.MP4,55137,30.6623,KAD_LUPE_Transect 4,1.591,,5.807,2.922,3070.145,7.764,,,405.29,-89.853,-3041.95,KAD_LUPE,Peter,Mullidae,Mulloidichthys,flavolineatus,37355019,1,AD,Passing,,
GX010031_L.MP4,55137,30.6623,KAD_LUPE_Transect 4,1.591,,2.199,3.409,1813.29,17.295,,,520.397,-141.736,-1731.219,KAD_LUPE,Peter,Mullidae,Mulloidichthys,flavolineatus,37355019,1,AD,Passing,,
GX010031_L.MP4,55187,30.6901,KAD_LUPE_Transect 4,1.6188,57.165,2.348,9.552,1974.295,24.681,12.942,48.044,-738.836,-365.753,-1793.93,KAD_LUPE,Peter,Pomacentridae,Pomacentrus,moluccensis,37372118,1,AD,Passing,,
GX010031_L.MP4,55302,30.7541,KAD_LUPE_Transect 4,1.6828,119.029,8.452,0.749,2842.028,22.116,37.043,2.389,822.191,-684.715,-2632.925,KAD_LUPE,Peter,Mullidae,Mulloidichthys,flavolineatus,37355019,1,AD,Passing,,
GX010031_L.MP4,55302,30.7541,KAD_LUPE_Transect 4,1.6828,134.371,7.779,3.259,2285.196,17.417,58.292,5.161,585.35,-353.899,-2180.423,KAD_LUPE,Peter,Mullidae,Mulloidichthys,flavolineatus,37355019,1,AD,Passing,,
GX010031_L.MP4,55302,30.7541,KAD_LUPE_Transect 4,1.6828,100.675,5.844,1.179,2265.453,16.038,36.95,2.112,437.884,-447.212,-2177.277,KAD_LUPE,Peter,Mullidae,Mulloidichthys,flavolineatus,37355019,1,AD,Passing,,
GX010031_L.MP4,55302,30.7541,KAD_LUPE_Transect 4,1.6828,,6.136,1.902,3207.302,20.37,,,1027.368,-438.683,-3006.469,KAD_LUPE,Peter,Mullidae,Mulloidichthys,flavolineatus,37355019,1,AD,Passing,,
GX010031_L.MP4,55302,30.7541,KAD_LUPE_Transect 4,1.6828,,7.043,5.104,3414.426,16.569,,,914.093,-337.372,-3272.449,KAD_LUPE,Peter,Mullidae,Mulloidichthys,flavolineatus,37355019,1,AD,Passing,,
GX010031_L.MP4,55302,30.7541,KAD_LUPE_Transect 4,1.6828,,6.866,1.335,3556.437,25.625,,,1503.769,-325.09,-3206.437,KAD_LUPE,Peter,Mullidae,Mulloidichthys,flavolineatus,37355019,1,AD,Passing,,
GX010031_L.MP4,55302,30.7541,KAD_LUPE_Transect 4,1.6828,,4.862,3.41,3022.962,29.727,,,1431.812,-445.254,-2624.874,KAD_LUPE,Peter,Mullidae,Mulloidichthys,flavolineatus,37355019,1,AD,Passing,,
GX010031_L.MP4,55302,30.7541,KAD_LUPE_Transect 4,1.6828,,9.422,3.277,4084.472,19.957,,,1388.25,-129.689,-3839.121,KAD_LUPE,Peter,Mullidae,Mulloidichthys,flavolineatus,37355019,1,AD,Passing,,
GX010031_L.MP4,55302,30.7541,KAD_LUPE_Transect 4,1.6828,,8.348,3.745,3720.323,9.259,,,565.585,-198.087,-3671.74,KAD_LUPE,Peter,Mullidae,Mulloidichthys,flavolineatus,37355019,1,AD,Passing,,
GX010031_L.MP4,55302,30.7541,KAD_LUPE_Transect 4,1.6828,,10.639,1.557,4258.318,5.728,,,366.887,-217.012,-4236.929,KAD_LUPE,Peter,Mullidae,Mulloidichthys,flavolineatus,37355019,1,AD,Passing,,
GX010031_L.MP4,55302,30.7541,KAD_LUPE_Transect 4,1.6828,,8.54,3.544,3766.435,7.853,,,442.321,-265.208,-3730.958,KAD_LUPE,Peter,Mullidae,Mulloidichthys,flavolineatus,37355019,1,AD,Passing,,
GX010031_L.MP4,55302,30.7541,KAD_LUPE_Transect 4,1.6828,,9.204,5.353,3907.332,10.442,,,649.076,-285.398,-3842.459,KAD_LUPE,Peter,Mullidae,Mulloidichthys,flavolineatus,37355019,1,AD,Passing,,
GX010031_L.MP4,55302,30.7541,KAD_LUPE_Transect 4,1.6828,,7.79,3.078,3574.37,8.688,,,396.575,-368.436,-3533.143,KAD_LUPE,Peter,Mullidae,Mulloidichthys,flavolineatus,37355019,1,AD,Passing,,
GX010031_L.MP4,55302,30.7541,KAD_LUPE_Transect 4,1.6828,,7.093,5.999,3428.273,5.755,,,160.753,-305.859,-3410.816,KAD_LUPE,Peter,Mullidae,Mulloidichthys,flavolineatus,37355019,1,AD,Passing,,
GX010031_L.MP4,55302,30.7541,KAD_LUPE_Transect 4,1.6828,,6.981,2.069,3356.144,11.506,,,516.342,-428.008,-3288.45,KAD_LUPE,Peter,Mullidae,Mulloidichthys,flavolineatus,37355019,1,AD,Passing,,
GX010031_L.MP4,55302,30.7541,KAD_LUPE_Transect 4,1.6828,,7.601,0.624,3558.344,6.374,,,29.967,-395.965,-3536.117,KAD_LUPE,Peter,Mullidae,Mulloidichthys,flavolineatus,37355019,1,AD,Passing,,
GX010031_L.MP4,55302,30.7541,KAD_LUPE_Transect 4,1.6828,,7.242,4.452,3426.635,10.194,,,300.689,-528.656,-3372.23,KAD_LUPE,Peter,Mullidae,Mulloidichthys,flavolineatus,37355019,1,AD,Passing,,
GX010031_L.MP4,55302,30.7541,KAD_LUPE_Transect 4,1.6828,,6.067,1.911,3109.964,14.566,,,596.408,-507.758,-3009.71,KAD_LUPE,Peter,Mullidae,Mulloidichthys,flavolineatus,37355019,1,AD,Passing,,
GX010031_L.MP4,55302,30.7541,KAD_LUPE_Transect 4,1.6828,,5.711,0.201,3047.462,10.559,,,-418.896,-371.061,-2995.641,KAD_LUPE,Peter,Mullidae,Mulloidichthys,flavolineatus,37355019,1,AD,Passing,,
GX010031_L.MP4,55302,30.7541,KAD_LUPE_Transect 4,1.6828,,7.61,5.151,3555.651,12.082,,,-599.993,-442.381,-3476.631,KAD_LUPE,Peter,Mullidae,Mulloidichthys,flavolineatus,37355019,1,AD,Passing,,
GX010031_L.MP4,55302,30.7541,KAD_LUPE_Transect 4,1.6828,,3.694,1.213,2418.649,16.418,,,-499.089,-468.497,-2319.76,KAD_LUPE,Peter,Mullidae,Mulloidichthys,flavolineatus,37355019,1,AD,Passing,,
GX010031_L.MP4,55302,30.7541,KAD_LUPE_Transect 4,1.6828,,5.699,2.228,3089.254,18.769,,,-817.963,-566.45,-2924.648,KAD_LUPE,Peter,Mullidae,Mulloidichthys,flavolineatus,37355019,1,AD,Passing,,
GX010031_L.MP4,55302,30.7541,KAD_LUPE_Transect 4,1.6828,,3.703,0.23,2569.046,23.078,,,-1006.669,25.514,-2363.464,KAD_LUPE,Peter,Mullidae,Mulloidichthys,flavolineatus,37355019,1,AD,Passing,,
GX010031_L.MP4,55302,30.7541,KAD_LUPE_Transect 4,1.6828,,4.617,1.146,2877.642,21.847,,,-1067.441,-87.096,-2670.919,KAD_LUPE,Peter,Mullidae,Mulloidichthys,flavolineatus,37355019,1,AD,Passing,,
GX010031_L.MP4,55302,30.7541,KAD_LUPE_Transect 4,1.6828,,10.127,1.188,4388.212,21.428,,,-1602.827,-34.365,-4084.871,KAD_LUPE,Peter,Mullidae,Mulloidichthys,flavolineatus,37355019,1,AD,Passing,,
GX010031_L.MP4,55302,30.7541,KAD_LUPE_Transect 4,1.6828,,8.863,2.875,3901.646,2.707,,,-69.074,-173.09,-3897.193,KAD_LUPE,Peter,Mullidae,Mulloidichthys,flavolineatus,37355019,1,AD,Passing,,
GX010031_L.MP4,55476,30.8508,KAD_LUPE_Transect 4,1.7796,121.485,7.742,5.368,2339.742,19.9,61.076,0.945,-698.371,-382.79,-2200.033,KAD_LUPE,Peter,Mullidae,Mulloidichthys,flavolineatus,37355019,1,AD,Passing,,
GX010031_L.MP4,55476,30.8508,KAD_LUPE_Transect 4,1.7796,151.625,9.791,2.284,2572.638,10.38,50.539,8.085,-120.099,-447.704,-2530.534,KAD_LUPE,Peter,Mullidae,Mulloidichthys,flavolineatus,37355019,1,AD,Passing,,
GX010031_L.MP4,55476,30.8508,KAD_LUPE_Transect 4,1.7796,95.27,4.401,1.548,2998.686,10.275,8.898,4.336,-450.191,-288.836,-2950.597,KAD_LUPE,Peter,Mullidae,Mulloidichthys,flavolineatus,37355019,1,AD,Passing,,
GX010031_L.MP4,55476,30.8508,KAD_LUPE_Transect 4,1.7796,117.323,7.499,5.458,2991.434,21.133,24.391,18.129,1062.995,-182.179,-2790.257,KAD_LUPE,Peter,Mullidae,Mulloidichthys,flavolineatus,37355019,1,AD,Passing,,
GX010031_L.MP4,55476,30.8508,KAD_LUPE_Transect 4,1.7796,91.436,4.014,3.558,2279.286,18.39,19.072,8.031,577.461,-428.513,-2162.882,KAD_LUPE,Peter,Mullidae,Mulloidichthys,flavolineatus,37355019,1,AD,Passing,,
GX010031_L.MP4,55476,30.8508,KAD_LUPE_Transect 4,1.7796,118.687,3.197,2.234,1728.425,19.155,38.282,14.123,-80.757,-561.354,-1632.732,KAD_LUPE,Peter,Mullidae,Mulloidichthys,flavolineatus,37355019,1,AD,Passing,,
GX010031_L.MP4,55476,30.8508,KAD_LUPE_Transect 4,1.7796,,6.335,5.284,3573.98,27.964,,,-1664.186,-199.836,-3156.562,KAD_LUPE,Peter,Mullidae,Mulloidichthys,flavolineatus,37355019,1,AD,Passing,,
GX010031_L.MP4,55476,30.8508,KAD_LUPE_Transect 4,1.7796,,5.743,6.579,3381.043,27.425,,,-1551.8,-132.292,-3000.977,KAD_LUPE,Peter,Mullidae,Mulloidichthys,flavolineatus,37355019,1,AD,Passing,,
GX010031_L.MP4,55476,30.8508,KAD_LUPE_Transect 4,1.7796,,8.849,2.082,4184.268,24.85,,,-1754.969,-111.849,-3796.798,KAD_LUPE,Peter,Mullidae,Mulloidichthys,flavolineatus,37355019,1,AD,Passing,,
GX010031_L.MP4,55476,30.8508,KAD_LUPE_Transect 4,1.7796,,10.507,2.247,4513.224,22.724,,,-1741.289,-89.144,-4162.83,KAD_LUPE,Peter,Mullidae,Mulloidichthys,flavolineatus,37355019,1,AD,Passing,,
GX010031_L.MP4,55476,30.8508,KAD_LUPE_Transect 4,1.7796,,8.016,1.333,3871.547,21.632,,,-1418.293,-161.537,-3598.781,KAD_LUPE,Peter,Mullidae,Mulloidichthys,flavolineatus,37355019,1,AD,Passing,,
GX010031_L.MP4,55476,30.8508,KAD_LUPE_Transect 4,1.7796,,11.492,4.918,4630.912,19.58,,,-1547.39,-120.609,-4363.07,KAD_LUPE,Peter,Mullidae,Mulloidichthys,flavolineatus,37355019,1,AD,Passing,,
GX010031_L.MP4,55476,30.8508,KAD_LUPE_Transect 4,1.7796,,10.545,1.487,4381.205,17.806,,,-1335.644,-107.221,-4171.272,KAD_LUPE,Peter,Mullidae,Mulloidichthys,flavolineatus,37355019,1,AD,Passing,,
GX010031_L.MP4,55476,30.8508,KAD_LUPE_Transect 4,1.7796,,6.45,0.066,3341.956,16.843,,,-947.731,-200.662,-3198.47,KAD_LUPE,Peter,Mullidae,Mulloidichthys,flavolineatus,37355019,1,AD,Passing,,
GX010031_L.MP4,55476,30.8508,KAD_LUPE_Transect 4,1.7796,,9.273,0.232,4041.536,15.454,,,-1064.946,-162.296,-3895.325,KAD_LUPE,Peter,Mullidae,Mulloidichthys,flavolineatus,37355019,1,AD,Passing,,
GX010031_L.MP4,55476,30.8508,KAD_LUPE_Transect 4,1.7796,,10.907,4.588,4411.77,15.621,,,-1181.058,-130.615,-4248.736,KAD_LUPE,Peter,Mullidae,Mulloidichthys,flavolineatus,37355019,1,AD,Passing,,
GX010031_L.MP4,55476,30.8508,KAD_LUPE_Transect 4,1.7796,,12.073,2.918,4661.233,15.844,,,-1267.937,-111.476,-4484.083,KAD_LUPE,Peter,Mullidae,Mulloidichthys,flavolineatus,37355019,1,AD,Passing,,
GX010031_L.MP4,55476,30.8508,KAD_LUPE_Transect 4,1.7796,,13.258,1.269,4823.092,9.252,,,-775.04,-27.327,-4760.334,KAD_LUPE,Peter,Mullidae,Mulloidichthys,flavolineatus,37355019,1,AD,Passing,,
GX010031_L.MP4,55476,30.8508,KAD_LUPE_Transect 4,1.7796,,13.073,6.276,4787.549,7.267,,,-604.568,32.62,-4749.111,KAD_LUPE,Peter,Mullidae,Mulloidichthys,flavolineatus,37355019,1,AD,Passing,,
GX010031_L.MP4,55476,30.8508,KAD_LUPE_Transect 4,1.7796,,15.837,0.363,5293.528,6.855,,,-618.369,126.782,-5255.758,KAD_LUPE,Peter,Mullidae,Mulloidichthys,flavolineatus,37355019,1,AD,Passing,,
GX010031_L.MP4,55476,30.8508,KAD_LUPE_Transect 4,1.7796,,6.473,2.179,3277.027,10.909,,,-561.037,-266.189,-3217.652,KAD_LUPE,Peter,Mullidae,Mulloidichthys,flavolineatus,37355019,1,AD,Passing,,
GX010031_L.MP4,55476,30.8508,KAD_LUPE_Transect 4,1.7796,,13.971,3.489,4981.675,3.517,,,-296.347,-77.466,-4972.249,KAD_LUPE,Peter,Mullidae,Mulloidichthys,flavolineatus,37355019,1,AD,Passing,,
GX010031_L.MP4,55476,30.8508,KAD_LUPE_Transect 4,1.7796,,16.16,0.227,5370.106,4.615,,,-421.643,91.219,-5352.75,KAD_LUPE,Peter,Mullidae,Mulloidichthys,flavolineatus,37355019,1,AD,Passing,,
GX010031_L.MP4,55476,30.8508,KAD_LUPE_Transect 4,1.7796,,16.859,6.811,5514.299,2.352,,,-197,108.161,-5509.718,KAD_LUPE,Peter,Mullidae,Mulloidichthys,flavolineatus,37355019,1,AD,Passing,,
GX010031_L.MP4,55476,30.8508,KAD_LUPE_Transect 4,1.7796,,15.834,2.224,5301.562,4.12,,,-214.735,311.535,-5288.043,KAD_LUPE,Peter,Mullidae,Mulloidichthys,flavolineatus,37355019,1,AD,Passing,,
GX010031_L.MP4,55476,30.8508,KAD_LUPE_Transect 4,1.7796,,17.192,0.121,5580.627,0.974,,,-37.843,83.687,-5579.871,KAD_LUPE,Peter,Mullidae,Mulloidichthys,flavolineatus,37355019,1,AD,Passing,,
GX010031_L.MP4,55476,30.8508,KAD_LUPE_Transect 4,1.7796,,18.07,2.703,5721.493,1.711,,,-17.936,166.572,-5719.04,KAD_LUPE,Peter,Mullidae,Mulloidichthys,flavolineatus,37355019,1,AD,Passing,,
GX010031_L.MP4,55476,30.8508,KAD_LUPE_Transect 4,1.7796,,4.394,1.67,2661.715,17.16,,,753.205,-223.784,-2543.094,KAD_LUPE,Peter,Mullidae,Mulloidichthys,flavolineatus,37355019,1,AD,Passing,,
GX010031_L.MP4,55476,30.8508,KAD_LUPE_Transect 4,1.7796,,4.913,5.414,2828.318,18.262,,,824.195,-327.431,-2685.68,KAD_LUPE,Peter,Mullidae,Mulloidichthys,flavolineatus,37355019,1,AD,Passing,,
GX010031_L.MP4,55476,30.8508,KAD_LUPE_Transect 4,1.7796,,3.929,0.66,2572.202,22.597,,,956.394,-250.723,-2374.588,KAD_LUPE,Peter,Mullidae,Mulloidichthys,flavolineatus,37355019,1,AD,Passing,,
GX010031_L.MP4,55476,30.8508,KAD_LUPE_Transect 4,1.7796,,3.519,1.292,2450.431,24.605,,,984.078,-270.582,-2227.777,KAD_LUPE,Peter,Mullidae,Mulloidichthys,flavolineatus,37355019,1,AD,Passing,,
GX010031_L.MP4,55476,30.8508,KAD_LUPE_Transect 4,1.7796,,4.85,4.565,2936.789,24.721,,,1206.864,-229.392,-2667.505,KAD_LUPE,Peter,Mullidae,Mulloidichthys,flavolineatus,37355019,1,AD,Passing,,
GX010031_L.MP4,55476,30.8508,KAD_LUPE_Transect 4,1.7796,,3.988,4.074,2483.255,15.584,,,382.261,-548.131,-2391.649,KAD_LUPE,Peter,Mullidae,Mulloidichthys,flavolineatus,37355019,1,AD,Passing,,
GX010031_L.MP4,55476,30.8508,KAD_LUPE_Transect 4,1.7796,,2.755,0.778,2049.946,14.983,,,-109.37,-519.737,-1979.947,KAD_LUPE,Peter,Mullidae,Mulloidichthys,flavolineatus,37355019,1,AD,Passing,,
GX010031_L.MP4,55476,30.8508,KAD_LUPE_Transect 4,1.7796,,1.703,4.381,1599.281,24.347,,,383.363,-537.264,-1456.736,KAD_LUPE,Peter,Mullidae,Mulloidichthys,flavolineatus,37355019,1,AD,Passing,,
GX010031_L.MP4,55476,30.8508,KAD_LUPE_Transect 4,1.7796,,5.07,2.938,2841.938,14.049,,,618.048,-308.176,-2756.747,KAD_LUPE,Peter,Mullidae,Mulloidichthys,flavolineatus,37355019,1,AD,Passing,,
GX010031_L.MP4,55516,30.8731,KAD_LUPE_Transect 4,1.8018,,13.039,2.376,4770.864,6.089,,,-447.34,-239.357,-4743.811,KAD_LUPE,Peter,Acanthuridae,Zebrasoma,scopas,37437036,1,AD,Passing,,
GX010031_L.MP4,55634,30.9387,KAD_LUPE_Transect 4,1.8674,138.239,7.106,7.122,2346.803,24.13,62.809,5.488,-927.832,-244.028,-2141.742,KAD_LUPE,Peter,Mullidae,Mulloidichthys,flavolineatus,37355019,1,AD,Passing,,
GX010031_L.MP4,55634,30.9387,KAD_LUPE_Transect 4,1.8674,117.975,6.395,4.351,2381.19,18.609,39.544,2.329,-661.239,-374.324,-2256.703,KAD_LUPE,Peter,Mullidae,Mulloidichthys,flavolineatus,37355019,1,AD,Passing,,
GX010031_L.MP4,55634,30.9387,KAD_LUPE_Transect 4,1.8674,99.132,5.537,2.259,2758.227,7.347,20.015,6.139,-118.506,-332.209,-2735.583,KAD_LUPE,Peter,Mullidae,Mulloidichthys,flavolineatus,37355019,1,AD,Passing,,
GX010031_L.MP4,55634,30.9387,KAD_LUPE_Transect 4,1.8674,97.343,1.245,2.344,1714.275,17.936,0.561,2.264,20.063,-527.532,-1630.965,KAD_LUPE,Peter,Mullidae,Mulloidichthys,flavolineatus,37355019,1,AD,Passing,,
GX010031_L.MP4,55634,30.9387,KAD_LUPE_Transect 4,1.8674,,7.601,0.606,3647.79,15.957,,,-999.935,74.004,-3507.282,KAD_LUPE,Peter,Mullidae,Mulloidichthys,flavolineatus,37355019,1,AD,Passing,,
GX010031_L.MP4,55634,30.9387,KAD_LUPE_Transect 4,1.8674,,7.058,1.336,3503.717,15.716,,,-948.814,-23.354,-3372.72,KAD_LUPE,Peter,Mullidae,Mulloidichthys,flavolineatus,37355019,1,AD,Passing,,
GX010031_L.MP4,55634,30.9387,KAD_LUPE_Transect 4,1.8674,,5.889,0.473,3153.182,13.932,,,-754.086,-89.511,-3060.376,KAD_LUPE,Peter,Mullidae,Mulloidichthys,flavolineatus,37355019,1,AD,Passing,,
GX010031_L.MP4,55634,30.9387,KAD_LUPE_Transect 4,1.8674,,8.676,4.13,3884.114,14.205,,,-942.749,-142.466,-3765.272,KAD_LUPE,Peter,Mullidae,Mulloidichthys,flavolineatus,37355019,1,AD,Passing,,
GX010031_L.MP4,55634,30.9387,KAD_LUPE_Transect 4,1.8674,,9.164,3.531,3947.005,12.226,,,-760.817,-348.444,-3857.278,KAD_LUPE,Peter,Mullidae,Mulloidichthys,flavolineatus,37355019,1,AD,Passing,,
GX010031_L.MP4,55634,30.9387,KAD_LUPE_Transect 4,1.8674,,10.074,2.91,4184.161,13.995,,,-973.512,-278.404,-4059.799,KAD_LUPE,Peter,Mullidae,Mulloidichthys,flavolineatus,37355019,1,AD,Passing,,
GX010031_L.MP4,55634,30.9387,KAD_LUPE_Transect 4,1.8674,,2.135,4.145,1815.396,21.683,,,-127.305,-659.524,-1686.56,KAD_LUPE,Peter,Mullidae,Mulloidichthys,flavolineatus,37355019,1,AD,Passing,,
GX010031_L.MP4,55634,30.9387,KAD_LUPE_Transect 4,1.8674,,3.658,3.234,2372.537,12.286,,,383.061,-330.207,-2318.008,KAD_LUPE,Peter,Mullidae,Mulloidichthys,flavolineatus,37355019,1,AD,Passing,,
GX010031_L.MP4,55634,30.9387,KAD_LUPE_Transect 4,1.8674,,2.145,0.333,1784.314,19.095,,,402.348,-423.891,-1685.885,KAD_LUPE,Peter,Mullidae,Mulloidichthys,flavolineatus,37355019,1,AD,Passing,,
GX010031_L.MP4,55634,30.9387,KAD_LUPE_Transect 4,1.8674,,4.592,2.855,2690.408,9.832,,,378.038,-262.631,-2650.737,KAD_LUPE,Peter,Mullidae,Mulloidichthys,flavolineatus,37355019,1,AD,Passing,,
GX010031_L.MP4,55634,30.9387,KAD_LUPE_Transect 4,1.8674,,5.696,2.791,3024.543,10.418,,,491.433,-241.747,-2974.544,KAD_LUPE,Peter,Mullidae,Mulloidichthys,flavolineatus,37355019,1,AD,Passing,,
GX010031_L.MP4,55634,30.9387,KAD_LUPE_Transect 4,1.8674,,8.013,4.282,3648.513,14.612,,,880.571,-269.876,-3530.355,KAD_LUPE,Peter,Mullidae,Mulloidichthys,flavolineatus,37355019,1,AD,Passing,,
GX010031_L.MP4,55634,30.9387,KAD_LUPE_Transect 4,1.8674,,7.034,6.893,3406.005,15.157,,,846.806,-277.649,-3287.355,KAD_LUPE,Peter,Mullidae,Mulloidichthys,flavolineatus,37355019,1,AD,Passing,,
GX010031_L.MP4,55634,30.9387,KAD_LUPE_Transect 4,1.8674,,11.338,4.494,4408.178,16.253,,,1201.941,-280.884,-4231.841,KAD_LUPE,Peter,Mullidae,Mulloidichthys,flavolineatus,37355019,1,AD,Passing,,
GX010031_L.MP4,55634,30.9387,KAD_LUPE_Transect 4,1.8674,,10.044,2.952,4104.202,11.864,,,817.247,-212.259,-4016.407,KAD_LUPE,Peter,Mullidae,Mulloidichthys,flavolineatus,37355019,1,AD,Passing,,
GX010031_L.MP4,55634,30.9387,KAD_LUPE_Transect 4,1.8674,,5.037,5.809,2913.382,19.858,,,978.61,-148.853,-2740.066,KAD_LUPE,Peter,Mullidae,Mulloidichthys,flavolineatus,37355019,1,AD,Passing,,
GX010031_L.MP4,55634,30.9387,KAD_LUPE_Transect 4,1.8674,,4.225,1.793,2742.004,25.75,,,1167.625,-237.427,-2469.588,KAD_LUPE,Peter,Mullidae,Mulloidichthys,flavolineatus,37355019,1,AD,Passing,,
GX010031_L.MP4,55634,30.9387,KAD_LUPE_Transect 4,1.8674,,5.495,10.593,3127.386,23.644,,,1243.135,-168.205,-2864.763,KAD_LUPE,Peter,Mullidae,Mulloidichthys,flavolineatus,37355019,1,AD,Passing,,
GX010031_L.MP4,55634,30.9387,KAD_LUPE_Transect 4,1.8674,,11.225,2.142,4681.165,26.544,,,2085.35,-168.122,-4187.643,KAD_LUPE,Peter,Mullidae,Mulloidichthys,flavolineatus,37355019,1,AD,Passing,,
GX010031_L.MP4,55634,30.9387,KAD_LUPE_Transect 4,1.8674,,10.237,3.023,4588.766,30.086,,,2297.137,-124.182,-3970.455,KAD_LUPE,Peter,Mullidae,Mulloidichthys,flavolineatus,37355019,1,AD,Passing,,
GX010031_L.MP4,55634,30.9387,KAD_LUPE_Transect 4,1.8674,,4.264,5.188,2870.57,27.54,,,-1320.045,136.53,-2545.39,KAD_LUPE,Peter,Mullidae,Mulloidichthys,flavolineatus,37355019,1,AD,Passing,,
GX010031_L.MP4,55634,30.9387,KAD_LUPE_Transect 4,1.8674,99.471,7.984,3.025,3217.216,13.968,23.211,10.451,-361.56,-687.256,-3122.088,KAD_LUPE,Peter,Nemipteridae,Scolopsis,bilineata,37347031,1,AD,Passing,,
GX010031_L.MP4,55665,30.9559,KAD_LUPE_Transect 4,1.8847,201.497,8.398,5.519,3097.16,21.453,30.132,4.439,-655.433,-923.875,-2882.579,KAD_LUPE,Peter,Labridae,Stethojulis,bandanensis,37384154,1,AD,Passing,,
GX010031_L.MP4,55915,31.095,KAD_LUPE_Transect 4,2.0237,,7.859,4.282,3890.549,23.504,,,-1550.567,-58.949,-3567.722,KAD_LUPE,Peter,Acanthuridae,Ctenochaetus,sp,,1,AD,Passing,,
GX010031_L.MP4,56095,31.1951,KAD_LUPE_Transect 4,2.1238,105.755,5.336,4.791,3995.904,9.938,3.291,6.629,-498.274,-476.75,-3935.947,KAD_LUPE,Peter,Chaetodontidae,Chaetodon,ulietensis,37365060,1,AD,Passing,,
GX010031_L.MP4,56251,31.2818,KAD_LUPE_Transect 4,2.2105,,4.824,1.159,2969.707,22.769,,,-1149.305,-0.7,-2738.295,KAD_LUPE,Peter,Pomacentridae,Pomacentrus,maafu,temp_code_005,1,AD,Passing,,
GX010031_L.MP4,56369,31.3474,KAD_LUPE_Transect 4,2.2762,,10.039,3.884,4070.343,22.271,,,613.523,-1417.533,-3765.884,KAD_LUPE,Peter,Mullidae,Parupeneus,multifasciatus,37355026,1,AD,Passing,,
GX010031_L.MP4,56403,31.3663,KAD_LUPE_Transect 4,2.2951,,26.979,0.629,6728.274,22.57,,,1444.648,-2144.136,-6211.71,KAD_LUPE,Peter,Acanthuridae,Acanthurus,sp,,1,AD,Passing,,
GX010031_L.MP4,56403,31.3663,KAD_LUPE_Transect 4,2.2951,,25.928,3.613,6645.405,18.393,,,-638.73,-2000.913,-6304.742,KAD_LUPE,Peter,Scaridae,Chlorurus,spilurus,temp_code_002,1,AD,Passing,,
GX010031_L.MP4,56403,31.3663,KAD_LUPE_Transect 4,2.2951,,23.48,2.404,6342.641,16.481,,,-170.971,-1794.811,-6080.996,KAD_LUPE,Peter,Scaridae,Chlorurus,spilurus,temp_code_002,1,AD,Passing,,
GX020031_L.MP4,8221,39.807,KAD_LUPE_Transect 5,0.5266,,6.541,4.469,3324.361,22.789,,,-824.085,-991.221,-3064.269,KAD_LUPE,Peter,Chaetodontidae,Chaetodon,vagabundus,37365062,1,AD,Passing,,
GX020031_L.MP4,8425,39.9204,KAD_LUPE_Transect 5,0.6401,,20.473,0.031,5840.458,21.422,,,836.335,1959.141,-5438.13,KAD_LUPE,Peter,Siganidae,Siganus,sp,,1,AD,Passing,,
GX020031_L.MP4,8610,40.0233,KAD_LUPE_Transect 5,0.743,114.717,7.078,2.607,3383.356,14.805,19.002,31.712,221.673,835.634,-3271.036,KAD_LUPE,Peter,Pomacentridae,Stegastes,nigricans,37372135,1,AD,Passing,,
GX020031_L.MP4,9030,40.2569,KAD_LUPE_Transect 5,0.9765,90.984,8.587,5.917,3453.094,20.251,16.767,14.668,1130.311,-388.539,-3239.644,KAD_LUPE,Peter,Mullidae,Mulloidichthys,flavolineatus,37355019,1,AD,Passing,,
GX020031_L.MP4,9030,40.2569,KAD_LUPE_Transect 5,0.9765,,7.549,6.414,3595.352,19.877,,,1170.622,-353.997,-3380.959,KAD_LUPE,Peter,Mullidae,Mulloidichthys,flavolineatus,37355019,1,AD,Passing,,
GX020031_L.MP4,9070,40.2791,KAD_LUPE_Transect 5,0.9988,,4.233,18.393,2807.375,31.8,,,1340.51,624.38,-2386.323,KAD_LUPE,Peter,Labridae,Thalassoma,sp,,1,AD,Passing,,
GX020031_L.MP4,9089,40.2897,KAD_LUPE_Transect 5,1.0093,83.308,8.218,3.192,2633.297,29.142,74.121,17.597,1241.325,-321.815,-2299.956,KAD_LUPE,Peter,Blenniidae,Plagiotremus,flavus,temp_code_003,1,AD,Passing,,
GX020031_L.MP4,9239,40.3731,KAD_LUPE_Transect 5,1.0928,94.049,4.209,3.86,1791.951,11.303,43.314,11.157,231.814,-263.844,-1757.196,KAD_LUPE,Peter,Mullidae,Mulloidichthys,flavolineatus,37355019,1,AD,Passing,,
GX020031_L.MP4,9239,40.3731,KAD_LUPE_Transect 5,1.0928,93.323,3.529,3.419,1583.453,11.56,49.389,10.695,-110.521,-297.448,-1551.333,KAD_LUPE,Peter,Mullidae,Mulloidichthys,flavolineatus,37355019,1,AD,Passing,,
GX020031_L.MP4,9281,40.3965,KAD_LUPE_Transect 5,1.1161,,1.158,7.315,1285.407,23.186,,,-373.63,-342.064,-1181.383,KAD_LUPE,Peter,Mullidae,Mulloidichthys,flavolineatus,37355019,1,AD,Passing,,
GX020031_L.MP4,9409,40.4676,KAD_LUPE_Transect 5,1.1873,,4.92,7.358,2980.539,23.881,,,-1137.465,-404.32,-2725.126,KAD_LUPE,Peter,Mullidae,Mulloidichthys,flavolineatus,37355019,1,AD,Passing,,
GX020031_L.MP4,9409,40.4676,KAD_LUPE_Transect 5,1.1873,,5.089,6.787,3009.235,22.744,,,-1087.884,-413.959,-2775.003,KAD_LUPE,Peter,Mullidae,Mulloidichthys,flavolineatus,37355019,1,AD,Passing,,
GX020031_L.MP4,9409,40.4676,KAD_LUPE_Transect 5,1.1873,,6.969,7.768,3578.033,23.055,,,-1328.514,-447.422,-3291.987,KAD_LUPE,Peter,Mullidae,Mulloidichthys,flavolineatus,37355019,1,AD,Passing,,
GX020031_L.MP4,9409,40.4676,KAD_LUPE_Transect 5,1.1873,,5,3.731,2946.505,21.404,,,-982.15,-439.411,-2743.026,KAD_LUPE,Peter,Mullidae,Mulloidichthys,flavolineatus,37355019,1,AD,Passing,,
GX020031_L.MP4,9409,40.4676,KAD_LUPE_Transect 5,1.1873,,6.955,1.523,3477.221,18.518,,,-1029.472,-401.781,-3296.942,KAD_LUPE,Peter,Mullidae,Mulloidichthys,flavolineatus,37355019,1,AD,Passing,,
GX020031_L.MP4,9409,40.4676,KAD_LUPE_Transect 5,1.1873,,6.2,4.077,3244.905,16.794,,,-866.213,-360.536,-3106.299,KAD_LUPE,Peter,Mullidae,Mulloidichthys,flavolineatus,37355019,1,AD,Passing,,
GX020031_L.MP4,9409,40.4676,KAD_LUPE_Transect 5,1.1873,,6.49,4.131,3297.866,15.035,,,-765.755,-383.26,-3184.753,KAD_LUPE,Peter,Mullidae,Mulloidichthys,flavolineatus,37355019,1,AD,Passing,,
GX020031_L.MP4,9409,40.4676,KAD_LUPE_Transect 5,1.1873,,6.709,4.268,3356.033,13.992,,,-744.602,-324.352,-3256.274,KAD_LUPE,Peter,Mullidae,Mulloidichthys,flavolineatus,37355019,1,AD,Passing,,
GX020031_L.MP4,9409,40.4676,KAD_LUPE_Transect 5,1.1873,,7.139,4.414,3450.956,11.89,,,-628.686,-334.08,-3376.721,KAD_LUPE,Peter,Mullidae,Mulloidichthys,flavolineatus,37355019,1,AD,Passing,,
GX020031_L.MP4,9409,40.4676,KAD_LUPE_Transect 5,1.1873,,6.545,0.238,3289.833,12.1,,,-589.906,-359.079,-3216.532,KAD_LUPE,Peter,Mullidae,Mulloidichthys,flavolineatus,37355019,1,AD,Passing,,
GX020031_L.MP4,9409,40.4676,KAD_LUPE_Transect 5,1.1873,,7.063,2.116,3423.061,11.117,,,-554.879,-359.381,-3358.616,KAD_LUPE,Peter,Mullidae,Mulloidichthys,flavolineatus,37355019,1,AD,Passing,,
GX020031_L.MP4,9409,40.4676,KAD_LUPE_Transect 5,1.1873,,6.927,4.174,3384.364,11.08,,,-530.485,-378.252,-3321.059,KAD_LUPE,Peter,Mullidae,Mulloidichthys,flavolineatus,37355019,1,AD,Passing,,
GX020031_L.MP4,9409,40.4676,KAD_LUPE_Transect 5,1.1873,,6.735,4.638,3331.711,11.579,,,-533.721,-404.831,-3263.671,KAD_LUPE,Peter,Mullidae,Mulloidichthys,flavolineatus,37355019,1,AD,Passing,,
GX020031_L.MP4,9409,40.4676,KAD_LUPE_Transect 5,1.1873,,6.587,1.653,3291.642,9.707,,,-418.094,-366.889,-3244.302,KAD_LUPE,Peter,Mullidae,Mulloidichthys,flavolineatus,37355019,1,AD,Passing,,
GX020031_L.MP4,9409,40.4676,KAD_LUPE_Transect 5,1.1873,,6.308,0.808,3221.678,10.041,,,-463.7,-318.875,-3172.146,KAD_LUPE,Peter,Mullidae,Mulloidichthys,flavolineatus,37355019,1,AD,Passing,,
GX020031_L.MP4,9449,40.4899,KAD_LUPE_Transect 5,1.2095,,10.46,5.45,4184.563,12.746,,,-671.934,630.735,-4081.819,KAD_LUPE,Peter,Acanthuridae,Acanthurus,sp,,1,AD,Passing,,
GX020031_L.MP4,9482,40.5082,KAD_LUPE_Transect 5,1.2279,64.848,3.754,8.949,2311.984,25.905,6.822,7.253,-950.477,-341.808,-2079.671,KAD_LUPE,Peter,Mullidae,Mulloidichthys,flavolineatus,37355019,1,AD,Passing,measurement of point,frame 9409
GX020031_L.MP4,9482,40.5082,KAD_LUPE_Transect 5,1.2279,69.318,5.063,7.809,2398.919,23.909,29.598,15.57,-884.153,-404.429,-2193.062,KAD_LUPE,Peter,Mullidae,Mulloidichthys,flavolineatus,37355019,1,AD,Passing,measurement of point,frame 9409
GX020031_L.MP4,9500,40.5183,KAD_LUPE_Transect 5,1.2379,147.695,6.989,6.873,3494.767,20.815,0.988,9.222,1084.069,605.894,-3266.662,KAD_LUPE,Peter,Acanthuridae,Acanthurus,nigrofuscus,37437014,1,AD,Passing,,
GX020031_L.MP4,9508,40.5227,KAD_LUPE_Transect 5,1.2424,145.325,10.5,11.867,3010.848,26.83,54.408,9.468,1309.553,362.937,-2686.737,KAD_LUPE,Peter,Labridae,Thalassoma,lutescens,37384168,1,AD,Passing,,
GX020031_L.MP4,9520,40.5294,KAD_LUPE_Transect 5,1.249,172.567,14.119,7.013,3387.727,9.68,45.771,30.322,488.608,292.821,-3339.492,KAD_LUPE,Peter,Scaridae,Chlorurus,spilurus,temp_code_002,1,AD,Passing,,
GX020031_L.MP4,9523,40.531,KAD_LUPE_Transect 5,1.2507,,5.883,13.129,3361.666,29.977,,,1616.999,452.836,-2912.224,KAD_LUPE,Peter,Chaetodontidae,Chaetodon,baronessa,37365034,1,AD,Passing,,
GX020031_L.MP4,9532,40.5361,KAD_LUPE_Transect 5,1.2557,,4.63,4.188,2924.679,26.741,,,1315.704,24.852,-2611.906,KAD_LUPE,Peter,Chaetodontidae,Chaetodon,plebeius,37365050,1,AD,Passing,,
GX020031_L.MP4,9535,40.5377,KAD_LUPE_Transect 5,1.2574,115.312,4.509,5.804,3076.356,14.864,0.705,33.782,788.411,-34.775,-2973.41,KAD_LUPE,Peter,Labridae,Halichoeres,hortulanus,37384112,1,AD,Passing,,
GX020031_L.MP4,9555,40.5488,KAD_LUPE_Transect 5,1.2685,65.654,2.56,4.574,2265.776,12.87,11.111,18.105,69.319,-499.901,-2208.853,KAD_LUPE,Peter,Pomacentridae,Chromis,ternatensis,37372051,1,AD,Passing,,
GX020031_L.MP4,9555,40.5488,KAD_LUPE_Transect 5,1.2685,63.99,2.364,6.872,2489.593,11.482,6.228,0.559,96.029,-486.206,-2439.765,KAD_LUPE,Peter,Pomacentridae,Chromis,ternatensis,37372051,1,AD,Passing,,
GX020031_L.MP4,9555,40.5488,KAD_LUPE_Transect 5,1.2685,64.62,2.181,3.895,2309.205,9.998,5.557,16.14,131.323,-378.776,-2274.14,KAD_LUPE,Peter,Pomacentridae,Chromis,ternatensis,37372051,1,AD,Passing,,
GX020031_L.MP4,9555,40.5488,KAD_LUPE_Transect 5,1.2685,70.077,3.247,6.961,2532.503,12.798,4.919,15.829,487.001,278.449,-2469.588,KAD_LUPE,Peter,Pomacentridae,Chromis,viridis,37372053,1,AD,Passing,,
GX020031_L.MP4,9555,40.5488,KAD_LUPE_Transect 5,1.2685,64.565,4.974,9.301,2521.299,25.985,16.136,8.843,1060.297,309.946,-2266.419,KAD_LUPE,Peter,Pomacentridae,Chromis,viridis,37372053,1,AD,Passing,,
GX020031_L.MP4,9555,40.5488,KAD_LUPE_Transect 5,1.2685,,4.147,1.309,2539.631,11.79,,,248.367,-457.084,-2485.782,KAD_LUPE,Peter,Pomacentridae,Chromis,ternatensis,37372051,1,AD,Passing,,
GX020031_L.MP4,9555,40.5488,KAD_LUPE_Transect 5,1.2685,,3.738,6.352,2413.122,10.213,,,10.054,-429.119,-2374.64,KAD_LUPE,Peter,Pomacentridae,Chromis,ternatensis,37372051,1,AD,Passing,,
GX020031_L.MP4,9555,40.5488,KAD_LUPE_Transect 5,1.2685,,3.899,3.459,2464.996,9.114,,,157.197,-358.825,-2433.668,KAD_LUPE,Peter,Pomacentridae,Chromis,ternatensis,37372051,1,AD,Passing,,
GX020031_L.MP4,9555,40.5488,KAD_LUPE_Transect 5,1.2685,,3.665,5.853,2375.42,11.115,,,308.351,-339.909,-2330.665,KAD_LUPE,Peter,Pomacentridae,Chromis,ternatensis,37372051,1,AD,Passing,,
GX020031_L.MP4,9555,40.5488,KAD_LUPE_Transect 5,1.2685,,3.965,0.968,2477.571,11.726,,,315.607,-393.74,-2425.638,KAD_LUPE,Peter,Pomacentridae,Chromis,ternatensis,37372051,1,AD,Passing,,
GX020031_L.MP4,9555,40.5488,KAD_LUPE_Transect 5,1.2685,,4.339,3.874,2625.387,6.719,,,27.544,-307.438,-2607.179,KAD_LUPE,Peter,Pomacentridae,Chromis,ternatensis,37372051,1,AD,Passing,,
GX020031_L.MP4,9555,40.5488,KAD_LUPE_Transect 5,1.2685,,4.017,3.413,2522.255,5.119,,,20.171,-225.596,-2512.065,KAD_LUPE,Peter,Pomacentridae,Chromis,ternatensis,37372051,1,AD,Passing,,
GX020031_L.MP4,9555,40.5488,KAD_LUPE_Transect 5,1.2685,,4.106,4.435,2549.733,5.102,,,128.055,-188.586,-2539.522,KAD_LUPE,Peter,Pomacentridae,Chromis,ternatensis,37372051,1,AD,Passing,,
GX020031_L.MP4,9555,40.5488,KAD_LUPE_Transect 5,1.2685,,3.644,3.207,2371.438,10.838,,,376.852,-239.696,-2329.001,KAD_LUPE,Peter,Pomacentridae,Chromis,ternatensis,37372051,1,AD,Passing,,
GX020031_L.MP4,9555,40.5488,KAD_LUPE_Transect 5,1.2685,,4.193,3.188,2566.5,14.732,,,580.694,-299.377,-2481.953,KAD_LUPE,Peter,Pomacentridae,Chromis,ternatensis,37372051,1,AD,Passing,,
GX020031_L.MP4,9555,40.5488,KAD_LUPE_Transect 5,1.2685,,3.316,8.321,2375.834,24.289,,,961.795,171.886,-2165.639,KAD_LUPE,Peter,Pomacentridae,Chromis,ternatensis,37372051,1,AD,Passing,,
GX020031_L.MP4,9555,40.5488,KAD_LUPE_Transect 5,1.2685,,4.089,2.706,2674.783,24.372,,,1093.129,151.418,-2436.515,KAD_LUPE,Peter,Pomacentridae,Chromis,ternatensis,37372051,1,AD,Passing,,
GX020031_L.MP4,9555,40.5488,KAD_LUPE_Transect 5,1.2685,,4.993,6.489,2853.117,19.373,,,847.734,419.179,-2691.823,KAD_LUPE,Peter,Pomacentridae,Chromis,ternatensis,37372051,1,AD,Passing,,
GX020031_L.MP4,9555,40.5488,KAD_LUPE_Transect 5,1.2685,,4.569,3.365,2703.503,5.913,,,19.476,276.272,-2689.28,KAD_LUPE,Peter,Pomacentridae,Chromis,viridis,37372053,1,AD,Passing,,
GX020031_L.MP4,9555,40.5488,KAD_LUPE_Transect 5,1.2685,,4.207,3.647,2577.72,6.454,,,182.304,223.739,-2561.512,KAD_LUPE,Peter,Pomacentridae,Chromis,viridis,37372053,1,AD,Passing,,
GX020031_L.MP4,9555,40.5488,KAD_LUPE_Transect 5,1.2685,,3.785,4.698,2434.555,5.837,,,210.011,129.759,-2422.007,KAD_LUPE,Peter,Pomacentridae,Chromis,viridis,37372053,1,AD,Passing,,
GX020031_L.MP4,9555,40.5488,KAD_LUPE_Transect 5,1.2685,,4.572,7.577,2686.454,9.449,,,379.09,223.821,-2650.138,KAD_LUPE,Peter,Pomacentridae,Chromis,viridis,37372053,1,AD,Passing,,
GX020031_L.MP4,9555,40.5488,KAD_LUPE_Transect 5,1.2685,,4.704,3.899,2719.04,12.181,,,457.314,344.912,-2658.022,KAD_LUPE,Peter,Pomacentridae,Chromis,viridis,37372053,1,AD,Passing,,
GX020031_L.MP4,9555,40.5488,KAD_LUPE_Transect 5,1.2685,,4.226,4.721,2584.299,17.092,,,656.492,380.558,-2470.384,KAD_LUPE,Peter,Pomacentridae,Chromis,viridis,37372053,1,AD,Passing,,
GX020031_L.MP4,9555,40.5488,KAD_LUPE_Transect 5,1.2685,,4.945,5.346,2801.03,16.305,,,648.726,442.941,-2688.629,KAD_LUPE,Peter,Pomacentridae,Chromis,viridis,37372053,1,AD,Passing,,
GX020031_L.MP4,9555,40.5488,KAD_LUPE_Transect 5,1.2685,,3.871,3.761,2542.345,24.604,,,926.746,510.034,-2311.823,KAD_LUPE,Peter,Pomacentridae,Chromis,viridis,37372053,1,AD,Passing,,
GX020031_L.MP4,9555,40.5488,KAD_LUPE_Transect 5,1.2685,,4.647,6.781,2801.131,24.607,,,1010.218,581.473,-2547.093,KAD_LUPE,Peter,Pomacentridae,Chromis,viridis,37372053,1,AD,Passing,,
GX020031_L.MP4,9555,40.5488,KAD_LUPE_Transect 5,1.2685,,5.397,1.738,2925.249,16.771,,,627.498,562.917,-2801.152,KAD_LUPE,Peter,Pomacentridae,Chromis,viridis,37372053,1,AD,Passing,,
GX020031_L.MP4,9555,40.5488,KAD_LUPE_Transect 5,1.2685,132.471,9.072,4.723,2545.717,2.757,47.324,20.523,-99.008,72.028,-2542.771,KAD_LUPE,Peter,Acanthuridae,Ctenochaetus,striatus,37437022,1,AD,Passing,,
GX020031_L.MP4,9601,40.5744,KAD_LUPE_Transect 5,1.2941,,5.159,3.616,2949.865,19.365,,,976.375,-60.345,-2782.94,KAD_LUPE,Peter,Pomacanthidae,Centropyge,flavissima,37365026,1,AD,Passing,,
GX020031_L.MP4,9607,40.5778,KAD_LUPE_Transect 5,1.2974,70.93,7.076,1.928,2218.917,21.792,75.39,21.509,670.975,-477.865,-2060.347,KAD_LUPE,Peter,Pomacentridae,Pomacentrus,moluccensis,37372118,1,AD,Passing,,
GX020031_L.MP4,9625,40.5878,KAD_LUPE_Transect 5,1.3074,,4.186,1.627,2604.315,12.173,,,-547.137,-48.601,-2545.729,KAD_LUPE,Peter,Tetraodontidae,Arothron,manilensis,37467020,1,AD,Passing,,
GX020031_L.MP4,9625,40.5878,KAD_LUPE_Transect 5,1.3074,,4.179,2.051,2558.832,12.091,,,487.957,220.25,-2502.2,KAD_LUPE,Peter,Chaetodontidae,Chaetodon,mertensii,37365044,1,AD,Passing,,
GX020031_L.MP4,9747,40.6556,KAD_LUPE_Transect 5,1.3753,76.517,5.816,3.794,2960.325,15.993,14.286,2.265,700.358,418.028,-2845.747,KAD_LUPE,Peter,Pomacentridae,Chromis,viridis,37372053,1,AD,Passing,,
GX020031_L.MP4,9825,40.699,KAD_LUPE_Transect 5,1.4186,103.618,10.02,9.542,3662.173,28.759,19.549,2.3,-1719.038,-386.613,-3210.444,KAD_LUPE,Peter,Nemipteridae,Scolopsis,bilineata,37347031,1,AD,Passing,,
GX020031_L.MP4,10061,40.8302,KAD_LUPE_Transect 5,1.5499,,4.302,9.34,2771.294,25.053,,,-1063.447,-497.739,-2510.26,KAD_LUPE,Peter,Acanthuridae,Acanthurus,sp,,1,AD,Passing,,
GX020031_L.MP4,10061,40.8302,KAD_LUPE_Transect 5,1.5499,,5.753,6.6,3248.498,24.898,,,-1261.637,-529.653,-2946.266,KAD_LUPE,Peter,Pomacentridae,Pomacentrus,coelestis,37372111,1,AD,Passing,,
GX020031_L.MP4,10061,40.8302,KAD_LUPE_Transect 5,1.5499,,5.545,7.006,3045.224,19.549,,,-809.479,-620.592,-2869.32,KAD_LUPE,Peter,Pomacentridae,Pomacentrus,coelestis,37372111,1,AD,Passing,,
GX020031_L.MP4,10061,40.8302,KAD_LUPE_Transect 5,1.5499,104.845,5.058,8.449,2726.735,22.414,12.9,4.354,-925.379,-473.997,-2520.731,KAD_LUPE,Peter,Acanthuridae,Zebrasoma,scopas,37437036,1,AD,Passing,,
GX020031_L.MP4,10314,40.9709,KAD_LUPE_Transect 5,1.6906,56.481,4.556,2.301,2221.625,14.414,28.45,1.044,-164.961,-527.839,-2151.695,KAD_LUPE,Peter,Pomacentridae,Pomacentrus,brachialis,37372109,1,AD,Passing,,
GX020031_L.MP4,10361,40.9971,KAD_LUPE_Transect 5,1.7167,,2.755,7.931,2180.191,24.681,,,-875.01,-252.426,-1980.876,KAD_LUPE,Peter,Pomacentridae,Dascyllus,aruanus,37372073,1,AD,Passing,,
GX020031_L.MP4,10361,40.9971,KAD_LUPE_Transect 5,1.7167,,2.356,5.105,1939.071,21.306,,,-638.958,-297.943,-1806.367,KAD_LUPE,Peter,Pomacentridae,Dascyllus,aruanus,37372073,1,AD,Passing,,
GX020031_L.MP4,10361,40.9971,KAD_LUPE_Transect 5,1.7167,,2.891,5.557,2151.365,19.239,,,-626.92,-332.076,-2031.026,KAD_LUPE,Peter,Pomacentridae,Dascyllus,aruanus,37372073,1,AD,Passing,,
GX020031_L.MP4,10361,40.9971,KAD_LUPE_Transect 5,1.7167,,3.388,1.492,2323.685,17.969,,,-572.244,-433.049,-2210.094,KAD_LUPE,Peter,Pomacentridae,Dascyllus,aruanus,37372073,1,AD,Passing,,
GX020031_L.MP4,10361,40.9971,KAD_LUPE_Transect 5,1.7167,,3.728,2.546,2430.562,17.288,,,-490.054,-531.985,-2320.446,KAD_LUPE,Peter,Pomacentridae,Dascyllus,aruanus,37372073,1,AD,Passing,,
GX020031_L.MP4,10459,41.0516,KAD_LUPE_Transect 5,1.7712,145.347,6.361,6.251,2567.293,26.628,36.985,13.864,952.517,-645.564,-2294.984,KAD_LUPE,Peter,Scaridae,Chlorurus,spilurus,temp_code_002,1,AD,Passing,,
GX020031_L.MP4,10459,41.0516,KAD_LUPE_Transect 5,1.7712,163.463,6.36,4.406,2585.956,28.617,36.716,11.197,1150.416,-458.901,-2270.049,KAD_LUPE,Peter,Scaridae,Chlorurus,spilurus,temp_code_002,1,AD,Passing,,
GX020031_L.MP4,10487,41.0671,KAD_LUPE_Transect 5,1.7868,85.084,2.476,4.695,2327.733,6.359,8.828,8.466,57.395,251.335,-2313.413,KAD_LUPE,Peter,Pomacentridae,Chromis,viridis,37372053,1,AD,Passing,,
GX020031_L.MP4,10596,41.1278,KAD_LUPE_Transect 5,1.8474,,22.285,4.933,6261.456,14.99,,,-1437.242,-750.111,-6047.933,KAD_LUPE,Peter,Acanthuridae,Acanthurus,blochii,37437007,1,AD,Passing,,
GX020031_L.MP4,10596,41.1278,KAD_LUPE_Transect 5,1.8474,,26.109,5.19,6794.622,14.063,,,-1490.955,-713.009,-6590.566,KAD_LUPE,Peter,Acanthuridae,Acanthurus,nigrofuscus,37437014,1,AD,Passing,,
GX020031_L.MP4,10596,41.1278,KAD_LUPE_Transect 5,1.8474,,7.117,0.262,3402.148,16.15,,,-469.5,819.724,-3268.368,KAD_LUPE,Peter,Pomacentridae,Chromis,viridis,37372053,1,AD,Passing,,
GX020031_L.MP4,10596,41.1278,KAD_LUPE_Transect 5,1.8474,,6.47,4.756,3233.527,15.723,,,-319.642,814.063,-3113.009,KAD_LUPE,Peter,Pomacentridae,Chromis,viridis,37372053,1,AD,Passing,,
GX020031_L.MP4,10596,41.1278,KAD_LUPE_Transect 5,1.8474,,7.365,1.222,3482.169,20.418,,,148.861,1203.761,-3264.093,KAD_LUPE,Peter,Pomacentridae,Chromis,viridis,37372053,1,AD,Passing,,
GX020031_L.MP4,10596,41.1278,KAD_LUPE_Transect 5,1.8474,,8.009,0.277,3616.423,19.592,,,293.922,1174.492,-3407.741,KAD_LUPE,Peter,Pomacentridae,Chromis,viridis,37372053,1,AD,Passing,,
GX020031_L.MP4,10596,41.1278,KAD_LUPE_Transect 5,1.8474,,4.652,3.785,2707.845,17.53,,,616.733,532.221,-2582.403,KAD_LUPE,Peter,Pomacentridae,Pomacentrus,brachialis,37372109,1,AD,Passing,,
GX020031_L.MP4,10728,41.2012,KAD_LUPE_Transect 5,1.9208,,2.515,10.157,2045.883,26.689,,,852.206,342.659,-1828.105,KAD_LUPE,Peter,Serranidae,Cephalopholis,sp,,1,AD,Passing,,
GX020031_L.MP4,10793,41.2373,KAD_LUPE_Transect 5,1.957,,18.219,7.059,5624.212,17.778,,,1618.678,-576.485,-5355.306,KAD_LUPE,Peter,Mullidae,Mulloidichthys,flavolineatus,37355019,1,AD,Passing,,
GX020031_L.MP4,10793,41.2373,KAD_LUPE_Transect 5,1.957,,19.885,9.013,5916.803,18.141,,,1773.697,-501.049,-5622.411,KAD_LUPE,Peter,Mullidae,Mulloidichthys,flavolineatus,37355019,1,AD,Passing,,
GX020031_L.MP4,10793,41.2373,KAD_LUPE_Transect 5,1.957,,20.756,6.97,6026.359,17.144,,,1706.331,-497.423,-5758.299,KAD_LUPE,Peter,Mullidae,Mulloidichthys,flavolineatus,37355019,1,AD,Passing,,
GX020031_L.MP4,10793,41.2373,KAD_LUPE_Transect 5,1.957,,19.029,0.826,5745.331,17.422,,,1621.17,-578.423,-5481.428,KAD_LUPE,Peter,Mullidae,Mulloidichthys,flavolineatus,37355019,1,AD,Passing,,
GX020031_L.MP4,10793,41.2373,KAD_LUPE_Transect 5,1.957,,18.921,7.401,5720.469,16.911,,,1567.16,-562.65,-5472.769,KAD_LUPE,Peter,Mullidae,Mulloidichthys,flavolineatus,37355019,1,AD,Passing,,
GX020031_L.MP4,10793,41.2373,KAD_LUPE_Transect 5,1.957,,19.483,1.802,5797.836,17.205,,,1593.934,-635.95,-5538.036,KAD_LUPE,Peter,Mullidae,Mulloidichthys,flavolineatus,37355019,1,AD,Passing,,
GX020031_L.MP4,10793,41.2373,KAD_LUPE_Transect 5,1.957,,19.145,2.266,5748.907,17.595,,,1610.77,-655.381,-5479.583,KAD_LUPE,Peter,Mullidae,Mulloidichthys,flavolineatus,37355019,1,AD,Passing,,
GX020031_L.MP4,10793,41.2373,KAD_LUPE_Transect 5,1.957,,18.094,4.966,5600.881,18.346,,,1641.409,-646.169,-5315.835,KAD_LUPE,Peter,Mullidae,Mulloidichthys,flavolineatus,37355019,1,AD,Passing,,
GX020031_L.MP4,10793,41.2373,KAD_LUPE_Transect 5,1.957,,18.646,8.363,5702.297,18.419,,,1698.068,-605.494,-5409.818,KAD_LUPE,Peter,Mullidae,Mulloidichthys,flavolineatus,37355019,1,AD,Passing,,
GX020031_L.MP4,10793,41.2373,KAD_LUPE_Transect 5,1.957,,19.254,1.198,5820.078,19.86,,,1854.26,-689.608,-5473.524,KAD_LUPE,Peter,Mullidae,Mulloidichthys,flavolineatus,37355019,1,AD,Passing,,
GX020031_L.MP4,10793,41.2373,KAD_LUPE_Transect 5,1.957,,15.615,2.499,5233.4,20.276,,,1697.202,-642.098,-4908.736,KAD_LUPE,Peter,Mullidae,Mulloidichthys,flavolineatus,37355019,1,AD,Passing,,
GX020031_L.MP4,10793,41.2373,KAD_LUPE_Transect 5,1.957,,13.834,15.663,4909.821,19.797,,,1559.5,-579.951,-4619.303,KAD_LUPE,Peter,Mullidae,Mulloidichthys,flavolineatus,37355019,1,AD,Passing,,
GX020031_L.MP4,10793,41.2373,KAD_LUPE_Transect 5,1.957,,19.519,1.517,5790.466,17.685,,,1599.974,-734.257,-5516.38,KAD_LUPE,Peter,Mullidae,Mulloidichthys,flavolineatus,37355019,1,AD,Passing,,
GX020031_L.MP4,10793,41.2373,KAD_LUPE_Transect 5,1.957,,19.163,6.304,5739.669,17.434,,,1576.782,-689.379,-5475.611,KAD_LUPE,Peter,Mullidae,Mulloidichthys,flavolineatus,37355019,1,AD,Passing,,
GX020031_L.MP4,10793,41.2373,KAD_LUPE_Transect 5,1.957,,19.258,4.216,5736.494,17.276,,,1531.049,-750.357,-5477.245,KAD_LUPE,Peter,Mullidae,Mulloidichthys,flavolineatus,37355019,1,AD,Passing,,
GX020031_L.MP4,10793,41.2373,KAD_LUPE_Transect 5,1.957,,20.65,6.666,5934.001,16.592,,,1515.202,-761.98,-5686.468,KAD_LUPE,Peter,Mullidae,Mulloidichthys,flavolineatus,37355019,1,AD,Passing,,
GX020031_L.MP4,10793,41.2373,KAD_LUPE_Transect 5,1.957,,25.3,0.215,6588.887,16.437,,,1684.845,-802.028,-6319.136,KAD_LUPE,Peter,Mullidae,Mulloidichthys,flavolineatus,37355019,1,AD,Passing,,
GX020031_L.MP4,10793,41.2373,KAD_LUPE_Transect 5,1.957,,31.693,3.741,7361.181,15.341,,,1720.008,-917.433,-7098.371,KAD_LUPE,Peter,Mullidae,Mulloidichthys,flavolineatus,37355019,1,AD,Passing,,
GX020031_L.MP4,10793,41.2373,KAD_LUPE_Transect 5,1.957,,13.94,3.194,4956.43,20.413,,,1643.339,-539.371,-4644.859,KAD_LUPE,Peter,Mullidae,Mulloidichthys,flavolineatus,37355019,1,AD,Passing,,
GX020031_L.MP4,10901,41.2974,KAD_LUPE_Transect 5,2.017,110.151,8.105,4.831,2328.757,14.671,55.608,11.138,27.833,-589.161,-2252.826,KAD_LUPE,Peter,Mullidae,Mulloidichthys,flavolineatus,37355019,1,AD,Passing,,
GX020031_L.MP4,10901,41.2974,KAD_LUPE_Transect 5,2.017,,3.738,4.016,2413.529,14.114,,,20.576,-589.536,-2340.33,KAD_LUPE,Peter,Mullidae,Mulloidichthys,flavolineatus,37355019,1,AD,Passing,,
GX020031_L.MP4,10902,41.2979,KAD_LUPE_Transect 5,2.0176,141.858,9.249,4.552,3879.597,15.947,11.741,7.374,998.996,-371.809,-3730.286,KAD_LUPE,Peter,Nemipteridae,Scolopsis,bilineata,37347031,1,AD,Passing,,
GX020031_L.MP4,10965,41.333,KAD_LUPE_Transect 5,2.0526,,22.791,9.509,6481.971,20.039,,,2214.39,168.538,-6089.665,KAD_LUPE,Peter,Acanthuridae,Acanthurus,blochii,37437007,1,AD,Passing,,
GX020031_L.MP4,10970,41.3357,KAD_LUPE_Transect 5,2.0554,91.286,8.448,4.659,3765.378,18.539,18.62,12.9,187.199,-1182.471,-3569.985,KAD_LUPE,Peter,Mullidae,Mulloidichthys,flavolineatus,37355019,1,AD,Passing,,
GX020031_L.MP4,10970,41.3357,KAD_LUPE_Transect 5,2.0554,88.092,6.345,5.674,3842.854,16.287,11.18,19.629,175.713,-1063.311,-3688.634,KAD_LUPE,Peter,Mullidae,Mulloidichthys,flavolineatus,37355019,1,AD,Passing,,
GX020031_L.MP4,10970,41.3357,KAD_LUPE_Transect 5,2.0554,89.74,8.758,6.183,3918.927,16.554,16.869,22.898,312.858,-1071.849,-3756.495,KAD_LUPE,Peter,Mullidae,Mulloidichthys,flavolineatus,37355019,1,AD,Passing,,
GX020031_L.MP4,10970,41.3357,KAD_LUPE_Transect 5,2.0554,87.516,5.579,6.063,3810.706,17.034,6.401,22.041,428.584,-1030.782,-3643.526,KAD_LUPE,Peter,Mullidae,Mulloidichthys,flavolineatus,37355019,1,AD,Passing,,
GX020031_L.MP4,10970,41.3357,KAD_LUPE_Transect 5,2.0554,98.253,7.495,4.692,3965.606,19.396,14.358,5.674,-271.992,-1288.573,-3740.539,KAD_LUPE,Peter,Mullidae,Mulloidichthys,flavolineatus,37355019,1,AD,Passing,,
GX020031_L.MP4,10970,41.3357,KAD_LUPE_Transect 5,2.0554,,8.595,3.841,3761.86,18.042,,,151.547,-1157.315,-3576.206,KAD_LUPE,Peter,Mullidae,Mulloidichthys,flavolineatus,37355019,1,AD,Passing,,
GX020031_L.MP4,10970,41.3357,KAD_LUPE_Transect 5,2.0554,,9.701,3.276,4016.988,18.05,,,-233.627,-1224.735,-3818.59,KAD_LUPE,Peter,Mullidae,Mulloidichthys,flavolineatus,37355019,1,AD,Passing,,
GX020031_L.MP4,11027,41.3674,KAD_LUPE_Transect 5,2.0871,,6.507,0.816,3391.823,18.66,,,-1069.12,-188.242,-3213.411,KAD_LUPE,Peter,Pomacentridae,Chromis,viridis,37372053,1,AD,Passing,,
GX020031_L.MP4,11027,41.3674,KAD_LUPE_Transect 5,2.0871,,7.123,3.576,3517.262,16.795,,,-983.591,-257.708,-3367.086,KAD_LUPE,Peter,Pomacentridae,Chromis,viridis,37372053,1,AD,Passing,,
GX020031_L.MP4,11039,41.3741,KAD_LUPE_Transect 5,2.0938,,2.897,1.759,2212.653,26.848,,,914.816,-403.246,-1973.914,KAD_LUPE,Peter,Acanthuridae,Zebrasoma,scopas,37437036,1,AD,Passing,,
GX020031_L.MP4,11137,41.4286,KAD_LUPE_Transect 5,2.1483,208.61,15.053,5.476,4655.831,24.194,16.48,10.23,-1851.735,-460.195,-4246.888,KAD_LUPE,Peter,Acanthuridae,Acanthurus,blochii,37437007,1,AD,Passing,,
GX020031_L.MP4,11137,41.4286,KAD_LUPE_Transect 5,2.1483,347.178,34.227,2.156,5258.901,27.626,83.509,1.744,-2403.374,-412.879,-4659.33,KAD_LUPE,Peter,Acanthuridae,Acanthurus,blochii,37437007,1,AD,Passing,,
GX020031_L.MP4,11137,41.4286,KAD_LUPE_Transect 5,2.1483,,5.389,2.826,2923.081,16.261,,,617.533,-538.878,-2805.827,KAD_LUPE,Peter,Labridae,Halichoeres,trimaculatus,37384122,1,AD,Passing,,
GX020031_L.MP4,11137,41.4286,KAD_LUPE_Transect 5,2.1483,128.871,11.216,3.296,4608.178,16.975,7.475,20.787,-1326.784,-223.021,-4407.404,KAD_LUPE,Peter,Scaridae,Scarus,sp,,1,AD,Passing,,
GX020031_L.MP4,11146,41.4336,KAD_LUPE_Transect 5,2.1533,,4.837,5.594,2937.239,23.234,,,-1084.988,-408.242,-2698.798,KAD_LUPE,Peter,Pomacentridae,Chromis,viridis,37372053,1,AD,Passing,,
GX020031_L.MP4,11159,41.4408,KAD_LUPE_Transect 5,2.1605,74.274,4.325,13.802,2651.359,26.007,9.127,31.37,-1085.73,-415.63,-2382.886,KAD_LUPE,Peter,Pomacentridae,Chromis,viridis,37372053,1,AD,Passing,,
GX020031_L.MP4,11160,41.4414,KAD_LUPE_Transect 5,2.161,,3.125,2.59,2246.756,22.753,,,782.385,-379.334,-2071.688,KAD_LUPE,Peter,Pomacentridae,Dascyllus,aruanus,37372073,1,AD,Passing,,
GX020031_L.MP4,11167,41.4453,KAD_LUPE_Transect 5,2.1649,,18.805,10.293,5830.798,2.608,,,-106.418,-246.447,-5824.615,KAD_LUPE,Peter,Acanthuridae,Acanthurus,sp,,1,AD,Passing,,
GX020031_L.MP4,11167,41.4453,KAD_LUPE_Transect 5,2.1649,,12.148,7.845,4572.141,5.385,,,348.23,-253.296,-4551.818,KAD_LUPE,Peter,Scaridae,Scarus,sp,,1,AD,Passing,,
GX020031_L.MP4,11167,41.4453,KAD_LUPE_Transect 5,2.1649,,10.232,4.441,4138.418,8.425,,,186.35,-579.366,-4093.423,KAD_LUPE,Peter,Acanthuridae,Zebrasoma,scopas,37437036,1,AD,Passing,,
GX020031_L.MP4,11185,41.4553,KAD_LUPE_Transect 5,2.175,,7.257,10.94,3748.839,25.211,,,-1568.434,-301.758,-3391.571,KAD_LUPE,Peter,Pomacentridae,Chromis,viridis,37372053,1,AD,Passing,,
GX020031_L.MP4,11185,41.4553,KAD_LUPE_Transect 5,2.175,,17.818,11.974,5623.205,21.677,,,1927.221,771.592,-5225.982,KAD_LUPE,Peter,Pomacentridae,Stegastes,lacrymatus,temp_code_006,1,AD,Passing,,
GX020031_L.MP4,11255,41.4942,KAD_LUPE_Transect 5,2.2139,,3.076,1.273,2302.938,25.564,,,985.507,-129.069,-2077.412,KAD_LUPE,Peter,Pomacentridae,Pomacentrus,moluccensis,37372118,1,AD,Passing,,
GX020031_L.MP4,11313,41.5265,KAD_LUPE_Transect 5,2.2461,,4.224,0.796,2586.888,19.057,,,178.004,-827.09,-2444.632,KAD_LUPE,Peter,Pomacentridae,Pomacentrus,callainus,temp_code_004,1,AD,Passing,,
GX020031_L.MP4,11330,41.5359,KAD_LUPE_Transect 5,2.2556,90.099,4.862,1.994,2038.973,19.635,42.388,4.206,181.841,-660.566,-1920.415,KAD_LUPE,Peter,Mullidae,Mulloidichthys,flavolineatus,37355019,1,AD,Passing,,
GX020031_L.MP4,11330,41.5359,KAD_LUPE_Transect 5,2.2556,86.978,2.256,3.106,2053.201,19.776,11.196,5.871,267.488,-641.133,-1932.106,KAD_LUPE,Peter,Mullidae,Mulloidichthys,flavolineatus,37355019,1,AD,Passing,,
GX020031_L.MP4,11330,41.5359,KAD_LUPE_Transect 5,2.2556,97.865,3.869,3.927,2052.059,18.359,29.917,2.345,142.352,-630.48,-1947.609,KAD_LUPE,Peter,Mullidae,Mulloidichthys,flavolineatus,37355019,1,AD,Passing,,
GX020031_L.MP4,11330,41.5359,KAD_LUPE_Transect 5,2.2556,122.644,7.942,4.639,2960.523,17.109,27.877,16.733,769.593,-407.783,-2829.512,KAD_LUPE,Peter,Mullidae,Mulloidichthys,flavolineatus,37355019,1,AD,Passing,,
GX020031_L.MP4,11330,41.5359,KAD_LUPE_Transect 5,2.2556,89.437,3.091,1.214,2231.287,21.972,3.17,1.468,656.2,-516.129,-2069.216,KAD_LUPE,Peter,Mullidae,Mulloidichthys,flavolineatus,37355019,1,AD,Passing,,
GX020031_L.MP4,11330,41.5359,KAD_LUPE_Transect 5,2.2556,,5.314,4.145,2927.229,17.841,,,775.596,-451.899,-2786.2,KAD_LUPE,Peter,Mullidae,Mulloidichthys,flavolineatus,37355019,1,AD,Passing,,
GX020031_L.MP4,11330,41.5359,KAD_LUPE_Transect 5,2.2556,,4.614,3.361,2736.321,20.478,,,824.327,-488.182,-2563.126,KAD_LUPE,Peter,Mullidae,Mulloidichthys,flavolineatus,37355019,1,AD,Passing,,
GX020031_L.MP4,11330,41.5359,KAD_LUPE_Transect 5,2.2556,,4.33,0.244,2637.083,20.089,,,765.328,-485.961,-2476.353,KAD_LUPE,Peter,Mullidae,Mulloidichthys,flavolineatus,37355019,1,AD,Passing,,
GX020031_L.MP4,11330,41.5359,KAD_LUPE_Transect 5,2.2556,,4.363,0.304,2683.103,22.767,,,899.696,-519.806,-2473.74,KAD_LUPE,Peter,Mullidae,Mulloidichthys,flavolineatus,37355019,1,AD,Passing,,
GX020031_L.MP4,11330,41.5359,KAD_LUPE_Transect 5,2.2556,,4.861,0.572,2934.936,26.16,,,1214.541,-447.916,-2634.029,KAD_LUPE,Peter,Mullidae,Mulloidichthys,flavolineatus,37355019,1,AD,Passing,,
GX020031_L.MP4,11330,41.5359,KAD_LUPE_Transect 5,2.2556,,4.745,2.883,2876.888,25.336,,,1146.265,-450.568,-2599.913,KAD_LUPE,Peter,Mullidae,Mulloidichthys,flavolineatus,37355019,1,AD,Passing,,
GX020031_L.MP4,11330,41.5359,KAD_LUPE_Transect 5,2.2556,,4.664,2.431,2856.135,25.917,,,1151.801,-482.846,-2568.604,KAD_LUPE,Peter,Mullidae,Mulloidichthys,flavolineatus,37355019,1,AD,Passing,,
GX020031_L.MP4,11330,41.5359,KAD_LUPE_Transect 5,2.2556,,5.088,1.654,2982.272,25.639,,,1180.741,-522.215,-2688.325,KAD_LUPE,Peter,Mullidae,Mulloidichthys,flavolineatus,37355019,1,AD,Passing,,
GX020031_L.MP4,11330,41.5359,KAD_LUPE_Transect 5,2.2556,,3.904,2.939,2560.382,24.953,,,948.135,-518.865,-2321.072,KAD_LUPE,Peter,Mullidae,Mulloidichthys,flavolineatus,37355019,1,AD,Passing,,
GX020031_L.MP4,11330,41.5359,KAD_LUPE_Transect 5,2.2556,,4.194,3.686,2693.385,26.437,,,1076.405,-529.88,-2411.411,KAD_LUPE,Peter,Mullidae,Mulloidichthys,flavolineatus,37355019,1,AD,Passing,,
GX020031_L.MP4,11330,41.5359,KAD_LUPE_Transect 5,2.2556,,3.563,7.254,2469.102,27.24,,,988.443,-549.241,-2194.944,KAD_LUPE,Peter,Mullidae,Mulloidichthys,flavolineatus,37355019,1,AD,Passing,,
GX020031_L.MP4,11330,41.5359,KAD_LUPE_Transect 5,2.2556,,3.904,7.188,2665.237,29.567,,,1225.942,-477.407,-2317.894,KAD_LUPE,Peter,Mullidae,Mulloidichthys,flavolineatus,37355019,1,AD,Passing,,
GX020031_L.MP4,11330,41.5359,KAD_LUPE_Transect 5,2.2556,,3.483,12.282,2515.417,30.967,,,1176.866,-539.944,-2156.564,KAD_LUPE,Peter,Mullidae,Mulloidichthys,flavolineatus,37355019,1,AD,Passing,,
GX020031_L.MP4,11415,41.5832,KAD_LUPE_Transect 5,2.3029,,3.439,0.974,2392.831,23.074,,,898.359,-270.381,-2201.246,KAD_LUPE,Peter,Pomacentridae,Dascyllus,reticulatus,37372074,1,AD,Passing,,
GX020031_L.MP4,11466,41.6116,KAD_LUPE_Transect 5,2.3312,172.422,7.332,2.422,2221.86,23.509,72.722,4.745,555.276,-690.796,-2037.432,KAD_LUPE,Peter,Nemipteridae,Scolopsis,bilineata,37347031,1,AD,Passing,,
GX020031_L.MP4,11488,41.6238,KAD_LUPE_Transect 5,2.3435,145.956,5.838,1.378,2037.353,20.597,61.51,16.364,572.898,-430.673,-1907.123,KAD_LUPE,Peter,Mullidae,Parupeneus,barberinus,37355022,1,AD,Passing,,
GX020031_L.MP4,11545,41.6555,KAD_LUPE_Transect 5,2.3752,218.983,19.24,9.056,5862.226,17.617,9.225,3.005,1564.097,837.531,-5587.292,KAD_LUPE,Peter,Acanthuridae,Acanthurus,blochii,37437007,1,AD,Passing,,
GX020031_L.MP4,11711,41.7478,KAD_LUPE_Transect 5,2.4675,171.735,17.078,4.343,3843.454,19.716,42.624,11.804,1203.768,-481.774,-3618.145,KAD_LUPE,Peter,Nemipteridae,Scolopsis,trilineata,37347034,1,AD,Passing,,
GX020031_L.MP4,11760,41.7751,KAD_LUPE_Transect 5,2.4947,,4.175,13.221,2766.734,29.149,,,1276.711,430.033,-2416.589,KAD_LUPE,Peter,Pomacentridae,Pomacentrus,callainus,temp_code_004,1,AD,Passing,,
GX020031_L.MP4,11800,41.7973,KAD_LUPE_Transect 5,2.517,,12.221,6.608,4571.018,7.424,,,-199.268,553.359,-4533.023,KAD_LUPE,Peter,Pomacentridae,Stegastes,lacrymatus,temp_code_006,1,AD,Passing,,
GX020031_L.MP4,11853,41.8268,KAD_LUPE_Transect 5,2.5464,,19.873,0.818,5942.32,11.583,,,-1150.84,-318.311,-5821.117,KAD_LUPE,Peter,Acanthuridae,Acanthurus,blochii,37437007,1,AD,Passing,,
GX020031_L.MP4,11853,41.8268,KAD_LUPE_Transect 5,2.5464,,31.466,11.949,7526.471,5.069,,,545.674,375.813,-7497.251,KAD_LUPE,Peter,Acanthuridae,Acanthurus,sp,,1,AD,Passing,,
GX020031_L.MP4,11853,41.8268,KAD_LUPE_Transect 5,2.5464,,26.777,9.491,6927.664,5.707,,,-420.227,-549.907,-6893.007,KAD_LUPE,Peter,Scaridae,Chlorurus,spilurus,temp_code_002,1,AD,Passing,,
GX020031_L.MP4,11892,41.8485,KAD_LUPE_Transect 5,2.5681,128.967,11.199,7.439,4404.919,23.631,3.081,15.025,-1632.974,-671.678,-4035.536,KAD_LUPE,Peter,Acanthuridae,Ctenochaetus,striatus,37437022,1,AD,Passing,,
GX020031_L.MP4,11892,41.8485,KAD_LUPE_Transect 5,2.5681,,18.076,5.888,5594.087,10.954,,,1050.901,-162.789,-5492.078,KAD_LUPE,Peter,Scaridae,Scarus,dimidiatus,37386013,1,AD,Passing,,
GX020031_L.MP4,11892,41.8485,KAD_LUPE_Transect 5,2.5681,,10.704,7.525,4602.713,27.351,,,-1997.709,-695.934,-4087.762,KAD_LUPE,Peter,Acanthuridae,Zebrasoma,scopas,37437036,1,AD,Passing,,
GX020031_L.MP4,11964,41.8885,KAD_LUPE_Transect 5,2.6082,,17.317,7.654,5594.264,19.572,,,1856.496,252.719,-5271.181,KAD_LUPE,Peter,Acanthuridae,Acanthurus,sp,,1,AD,Passing,,
