Filename,Frame,Time (mins),Period,Period time (mins),Length (mm),Precision (mm),RMS (mm),Range (mm),Direction (deg),Horz. Dir. (deg),Vert. Dir. (deg),Mid X (mm),Mid Y (mm),Mid Z (mm),OpCode,TapeReader,Family,Genus,Species,Code,Number,Stage,Activity,Comment
WAI_MYS_CAM1_left_1.MP4,11453,6.3691,WAI_MYS_Transect 1,0.3537,,3.661,7.388,2590.565,26.423,,,1121.966,274.052,-2318.861,WAI_MYS,Peter,Pomacentridae,Chromis,margaritifer,37372047,1,AD,Passing,
WAI_MYS_CAM1_left_1.MP4,11545,6.4203,WAI_MYS_Transect 1,0.4048,,3.194,11.631,2313.367,22.163,,,858.428,-148.735,-2143.045,WAI_MYS,Peter,Pomacentridae,Chromis,margaritifer,37372047,1,AD,Passing,
WAI_MYS_CAM1_left_1.MP4,11545,6.4203,WAI_MYS_Transect 1,0.4048,,4.588,10.856,2869.308,23.534,,,1144.346,-44.697,-2630.856,WAI_MYS,Peter,Pomacentridae,Chromis,margaritifer,37372047,1,AD,Passing,
WAI_MYS_CAM1_left_1.MP4,11545,6.4203,WAI_MYS_Transect 1,0.4048,,3.889,9.35,2619.763,23.5,,,1044.453,-10.009,-2402.535,WAI_MYS,Peter,Pomacentridae,Chromis,margaritifer,37372047,1,AD,Passing,
WAI_MYS_CAM1_left_1.MP4,11545,6.4203,WAI_MYS_Transect 1,0.4048,,7.086,10.412,3583.816,20.792,,,-1212.667,-371.278,-3351.914,WAI_MYS,Peter,Pomacentridae,Chromis,margaritifer,37372047,1,AD,Passing,
WAI_MYS_CAM1_left_1.MP4,11545,6.4203,WAI_MYS_Transect 1,0.4048,,4.866,12.061,3158.805,27.058,,,-1420.383,-206.121,-2813.907,WAI_MYS,Peter,Pomacentridae,Chromis,margaritifer,37372047,1,AD,Passing,
WAI_MYS_CAM1_left_1.MP4,11545,6.4203,WAI_MYS_Transect 1,0.4048,,5.105,8.365,3112.65,23.522,,,-1231.041,-155.277,-2854.648,WAI_MYS,Peter,Pomacentridae,Chromis,margaritifer,37372047,1,AD,Passing,
WAI_MYS_CAM1_left_1.MP4,11545,6.4203,WAI_MYS_Transect 1,0.4048,42.716,2.286,8.72,1366.162,16.944,46.578,21.368,29.332,-397.07,-1306.856,WAI_MYS,Peter,Pomacentridae,Pomacentrus,callainus,temp_code_004,1,AD,Passing,
WAI_MYS_CAM1_left_1.MP4,11545,6.4203,WAI_MYS_Transect 1,0.4048,33.702,2.505,13.9,1537.078,21.041,40.801,23.461,-426.019,-350.795,-1434.593,WAI_MYS,Peter,Pomacentridae,Pomacentrus,callainus,temp_code_004,1,AD,Passing,
WAI_MYS_CAM1_left_1.MP4,11545,6.4203,WAI_MYS_Transect 1,0.4048,50.376,4.434,12.573,1717.066,11.977,54.484,7.533,-262.11,-241.388,-1679.686,WAI_MYS,Peter,Pomacentridae,Pomacentrus,callainus,temp_code_004,1,AD,Passing,
WAI_MYS_CAM1_left_1.MP4,11545,6.4203,WAI_MYS_Transect 1,0.4048,76.312,7.54,10.103,2052.165,10.683,74.765,11.623,378.293,-40.327,-2016.594,WAI_MYS,Peter,Pomacentridae,Pomacentrus,callainus,temp_code_004,1,AD,Passing,
WAI_MYS_CAM1_left_1.MP4,11545,6.4203,WAI_MYS_Transect 1,0.4048,,2.573,7.626,2047.099,22.107,,,754.663,-147.358,-1897.204,WAI_MYS,Peter,Pomacentridae,Pomacentrus,callainus,temp_code_004,1,AD,Passing,
WAI_MYS_CAM1_left_1.MP4,11545,6.4203,WAI_MYS_Transect 1,0.4048,,3.823,9.901,2505.996,15.78,,,-679.582,-41.191,-2411.739,WAI_MYS,Peter,Pomacentridae,Pomacentrus,callainus,temp_code_004,1,AD,Passing,
WAI_MYS_CAM1_left_1.MP4,11545,6.4203,WAI_MYS_Transect 1,0.4048,,5.504,11.502,3109.142,18.58,,,-985.573,-88.647,-2947.466,WAI_MYS,Peter,Pomacentridae,Pomacentrus,callainus,temp_code_004,1,AD,Passing,
WAI_MYS_CAM1_left_1.MP4,11545,6.4203,WAI_MYS_Transect 1,0.4048,,5.161,8.108,2903.042,11.867,,,-579.278,155.525,-2840.405,WAI_MYS,Peter,Pomacentridae,Pomacentrus,callainus,temp_code_004,1,AD,Passing,
WAI_MYS_CAM1_left_1.MP4,11545,6.4203,WAI_MYS_Transect 1,0.4048,,3.228,6.556,2247.615,12.072,,,-463.453,87.34,-2197.579,WAI_MYS,Peter,Pomacentridae,Pomacentrus,callainus,temp_code_004,1,AD,Passing,
WAI_MYS_CAM1_left_1.MP4,11545,6.4203,WAI_MYS_Transect 1,0.4048,,4.221,5.635,2693.183,18.653,,,-861.243,-6.145,-2551.756,WAI_MYS,Peter,Pomacentridae,Pomacentrus,callainus,temp_code_004,1,AD,Passing,
WAI_MYS_CAM1_left_1.MP4,11595,6.4481,WAI_MYS_Transect 1,0.4327,44.527,4.094,7.637,2277.888,17.226,41.103,53.359,619.036,-268.002,-2175.717,WAI_MYS,Peter,Pomacentridae,Chromis,margaritifer,37372047,1,AD,Passing,
WAI_MYS_CAM1_left_1.MP4,11638,6.472,WAI_MYS_Transect 1,0.4566,189.537,8.785,9.753,2603.087,24.255,67.294,13.15,1062.9,-117.368,-2373.295,WAI_MYS,Peter,Tetraodontidae,Arothron,manilensis,37467020,1,AD,Passing,
WAI_MYS_CAM1_left_1.MP4,11638,6.472,WAI_MYS_Transect 1,0.4566,,4.624,5.494,2784.968,19.339,,,914.428,-109.42,-2628.287,WAI_MYS,Peter,Acanthuridae,Ctenochaetus,striatus,37437022,1,AD,Passing,
WAI_MYS_CAM1_left_1.MP4,11646,6.4765,WAI_MYS_Transect 1,0.461,68.538,1.562,4.535,1147.806,20.292,50.285,26.333,59.632,-393.566,-1076.572,WAI_MYS,Peter,Pomacentridae,Pomacentrus,callainus,temp_code_004,1,AD,Passing,
WAI_MYS_CAM1_left_1.MP4,11646,6.4765,WAI_MYS_Transect 1,0.461,58.965,2.606,6.299,1369.174,14.539,61.56,28.296,-261.334,-223.249,-1325.331,WAI_MYS,Peter,Pomacentridae,Pomacentrus,callainus,temp_code_004,1,AD,Passing,
WAI_MYS_CAM1_left_1.MP4,11656,6.482,WAI_MYS_Transect 1,0.4666,150.268,5.337,14.975,3169.409,18.165,6.802,5.651,748.978,644.49,-3011.448,WAI_MYS,Peter,Acanthuridae,Acanthurus,nigrofuscus,37437014,1,AD,Passing,
WAI_MYS_CAM1_left_1.MP4,11699,6.5059,WAI_MYS_Transect 1,0.4905,78.397,1.898,5.241,1420.396,19.509,30.833,34.256,464.54,95.932,-1338.852,WAI_MYS,Peter,Labridae,Thalassoma,lunare,37384167,1,AD,Passing,
WAI_MYS_CAM1_left_1.MP4,11706,6.5098,WAI_MYS_Transect 1,0.4944,193.044,9.186,5.319,3433.508,17.653,22.624,11.439,-897.754,527.401,-3271.829,WAI_MYS,Peter,Acanthuridae,Naso,lituratus,37437029,1,AD,Passing,
WAI_MYS_CAM1_left_1.MP4,11728,6.5221,WAI_MYS_Transect 1,0.5066,228.057,12.387,6.469,3086.676,16.33,49.607,13.618,-772.769,395.043,-2962.151,WAI_MYS,Peter,Acanthuridae,Acanthurus,lineatus,37437010,1,AD,Passing,
WAI_MYS_CAM1_left_1.MP4,11746,6.5321,WAI_MYS_Transect 1,0.5166,198.008,13.255,10.902,3684.789,19.012,37.76,31.389,471.825,1103.787,-3483.777,WAI_MYS,Peter,Acanthuridae,Acanthurus,lineatus,37437010,1,AD,Passing,
WAI_MYS_CAM1_left_1.MP4,11838,6.5832,WAI_MYS_Transect 1,0.5678,132.969,2.95,11.981,1878.883,23.255,27.84,26.628,-653.911,-350.297,-1726.237,WAI_MYS,Peter,Balistidae,Balistapus,undulatus,37465047,1,AD,Passing,
WAI_MYS_CAM1_left_1.MP4,11838,6.5832,WAI_MYS_Transect 1,0.5678,150.788,7.495,19.282,2393.559,17.842,64.503,31.479,-601.101,-420.118,-2278.443,WAI_MYS,Peter,Balistidae,Balistapus,undulatus,37465047,1,AD,Passing,
WAI_MYS_CAM1_left_1.MP4,11878,6.6055,WAI_MYS_Transect 1,0.59,170.67,3.35,6.671,1632.254,19.789,52.174,19.224,-413.501,-366.598,-1535.863,WAI_MYS,Peter,Acanthuridae,Ctenochaetus,striatus,37437022,1,AD,Passing,
WAI_MYS_CAM1_left_1.MP4,11902,6.6188,WAI_MYS_Transect 1,0.6034,207.058,3.723,4.769,2072.059,22.196,28.15,25.617,686.291,-376.452,-1918.52,WAI_MYS,Peter,Acanthuridae,Acanthurus,lineatus,37437010,1,AD,Passing,
WAI_MYS_CAM1_left_1.MP4,11906,6.6211,WAI_MYS_Transect 1,0.6056,115.761,4.661,9.857,2020.893,25.099,67.699,29.412,-698.451,-496.993,-1830.075,WAI_MYS,Peter,Chaetodontidae,Chaetodon,vagabundus,37365062,1,AD,Passing,
WAI_MYS_CAM1_left_1.MP4,11915,6.6261,WAI_MYS_Transect 1,0.6106,159.95,1.817,8.077,1812.615,19.762,1.947,19.83,-340.314,-509.697,-1705.863,WAI_MYS,Peter,Acanthuridae,Acanthurus,nigrofuscus,37437014,1,AD,Passing,
WAI_MYS_CAM1_left_1.MP4,11915,6.6261,WAI_MYS_Transect 1,0.6106,162.393,6.112,4.426,3059.934,15.663,16.045,5.905,-631.106,-533.048,-2946.314,WAI_MYS,Peter,Mullidae,Parupeneus,crassilabris,37355023,1,AD,Passing,
WAI_MYS_CAM1_left_1.MP4,11949,6.645,WAI_MYS_Transect 1,0.6295,140.315,5.623,12.532,2544.195,16.543,29.461,27.003,-522.639,-501.658,-2438.876,WAI_MYS,Peter,Acanthuridae,Acanthurus,nigrofuscus,37437014,1,AD,Passing,
WAI_MYS_CAM1_left_1.MP4,12064,6.7089,WAI_MYS_Transect 1,0.6935,49.643,2.05,2.645,1856.605,22.005,5.976,18.67,-431.403,545.711,-1721.357,WAI_MYS,Peter,Labridae,Thalassoma,amblycephalum,37384164,1,J,Passing,
WAI_MYS_CAM1_left_1.MP4,12064,6.7089,WAI_MYS_Transect 1,0.6935,45.778,3.106,1.53,1995.946,22.197,23.189,7.43,-460.44,597.149,-1848.028,WAI_MYS,Peter,Labridae,Thalassoma,amblycephalum,37384164,1,J,Passing,
WAI_MYS_CAM1_left_1.MP4,12064,6.7089,WAI_MYS_Transect 1,0.6935,54.586,3.47,3.402,2127.391,20.562,24.864,7.513,-177.922,725.674,-1991.867,WAI_MYS,Peter,Labridae,Thalassoma,amblycephalum,37384164,1,J,Passing,
WAI_MYS_CAM1_left_1.MP4,12064,6.7089,WAI_MYS_Transect 1,0.6935,53.317,3.439,3.241,2258.363,22.037,21.132,12.153,-267.484,804.009,-2093.377,WAI_MYS,Peter,Labridae,Thalassoma,amblycephalum,37384164,1,J,Passing,
WAI_MYS_CAM1_left_1.MP4,12064,6.7089,WAI_MYS_Transect 1,0.6935,,2.586,2.971,1997.046,19.449,,,-311.464,594.969,-1880.744,WAI_MYS,Peter,Labridae,Thalassoma,amblycephalum,37384164,1,J,Passing,
WAI_MYS_CAM1_left_1.MP4,12064,6.7089,WAI_MYS_Transect 1,0.6935,,2.788,3.764,2071.367,18.154,,,-57.356,650.637,-1965.692,WAI_MYS,Peter,Labridae,Thalassoma,amblycephalum,37384164,1,J,Passing,
WAI_MYS_CAM1_left_1.MP4,12064,6.7089,WAI_MYS_Transect 1,0.6935,,3.697,1.761,2393.396,18.387,,,322.708,691.531,-2268.477,WAI_MYS,Peter,Labridae,Thalassoma,amblycephalum,37384164,1,J,Passing,
WAI_MYS_CAM1_left_1.MP4,12097,6.7273,WAI_MYS_Transect 1,0.7118,68.776,3.181,7.252,1975.056,19.702,19.046,7.693,-632.26,208.848,-1859.429,WAI_MYS,Peter,Labridae,Thalassoma,amblycephalum,37384164,1,J,Passing,
WAI_MYS_CAM1_left_1.MP4,12097,6.7273,WAI_MYS_Transect 1,0.7118,34.931,2.391,6.267,1851.633,19.346,3.966,7.925,-572.234,220.893,-1747.083,WAI_MYS,Peter,Labridae,Thalassoma,amblycephalum,37384164,1,J,Passing,
WAI_MYS_CAM1_left_1.MP4,12097,6.7273,WAI_MYS_Transect 1,0.7118,49.727,1.966,3.213,1780.003,14.695,0.989,19.285,-413.787,180.767,-1721.776,WAI_MYS,Peter,Labridae,Thalassoma,amblycephalum,37384164,1,J,Passing,
WAI_MYS_CAM1_left_1.MP4,12097,6.7273,WAI_MYS_Transect 1,0.7118,43.44,3.961,6.348,2026.985,18.292,32.235,20.981,-617.985,151.143,-1924.557,WAI_MYS,Peter,Labridae,Thalassoma,amblycephalum,37384164,1,J,Passing,
WAI_MYS_CAM1_left_1.MP4,12097,6.7273,WAI_MYS_Transect 1,0.7118,,1.968,4.337,1765.787,20.445,,,-591.434,181.678,-1653.844,WAI_MYS,Peter,Labridae,Thalassoma,amblycephalum,37384164,1,J,Passing,
WAI_MYS_CAM1_left_1.MP4,12097,6.7273,WAI_MYS_Transect 1,0.7118,,2.315,10.934,1957.814,21.431,,,-700.157,153.93,-1821.845,WAI_MYS,Peter,Labridae,Thalassoma,amblycephalum,37384164,1,J,Passing,
WAI_MYS_CAM1_left_1.MP4,12097,6.7273,WAI_MYS_Transect 1,0.7118,,2.678,5.745,2102.189,21.164,,,-694.586,313.663,-1959.174,WAI_MYS,Peter,Labridae,Thalassoma,amblycephalum,37384164,1,J,Passing,
WAI_MYS_CAM1_left_1.MP4,12097,6.7273,WAI_MYS_Transect 1,0.7118,,3.287,10.114,2353.279,21.475,,,-770.426,394.274,-2188.358,WAI_MYS,Peter,Labridae,Thalassoma,amblycephalum,37384164,1,J,Passing,
WAI_MYS_CAM1_left_1.MP4,12097,6.7273,WAI_MYS_Transect 1,0.7118,,2.837,3.223,2085.032,13.254,,,-406.847,258.994,-2028.486,WAI_MYS,Peter,Labridae,Thalassoma,amblycephalum,37384164,1,J,Passing,
WAI_MYS_CAM1_left_1.MP4,12097,6.7273,WAI_MYS_Transect 1,0.7118,,4.04,11.389,2530.832,14.874,,,-515.767,404.705,-2444.444,WAI_MYS,Peter,Labridae,Thalassoma,amblycephalum,37384164,1,J,Passing,
WAI_MYS_CAM1_left_1.MP4,12097,6.7273,WAI_MYS_Transect 1,0.7118,,4.669,9.493,2728.851,13.836,,,-507.817,420.393,-2648.021,WAI_MYS,Peter,Labridae,Thalassoma,amblycephalum,37384164,1,J,Passing,
WAI_MYS_CAM1_left_1.MP4,12097,6.7273,WAI_MYS_Transect 1,0.7118,,3.706,8.432,2397.707,13.338,,,-331.74,451.839,-2331.263,WAI_MYS,Peter,Labridae,Thalassoma,amblycephalum,37384164,1,J,Passing,
WAI_MYS_CAM1_left_1.MP4,12097,6.7273,WAI_MYS_Transect 1,0.7118,,3.932,9.113,2483.821,14.604,,,-438.246,456.922,-2401.777,WAI_MYS,Peter,Labridae,Thalassoma,amblycephalum,37384164,1,J,Passing,
WAI_MYS_CAM1_left_1.MP4,12097,6.7273,WAI_MYS_Transect 1,0.7118,,3.028,9.814,2140.489,7.833,,,196.923,223.615,-2119.649,WAI_MYS,Peter,Labridae,Thalassoma,amblycephalum,37384164,1,J,Passing,
WAI_MYS_CAM1_left_1.MP4,12097,6.7273,WAI_MYS_Transect 1,0.7118,,2.783,9.062,2047.368,9.621,,,-98.591,335.648,-2017.259,WAI_MYS,Peter,Labridae,Thalassoma,amblycephalum,37384164,1,J,Passing,
WAI_MYS_CAM1_left_1.MP4,12097,6.7273,WAI_MYS_Transect 1,0.7118,,3.109,10.369,2174.038,8.709,,,35.326,335.794,-2147.658,WAI_MYS,Peter,Labridae,Thalassoma,amblycephalum,37384164,1,J,Passing,
WAI_MYS_CAM1_left_1.MP4,12097,6.7273,WAI_MYS_Transect 1,0.7118,,3.392,13.412,2277.97,8.212,,,147.166,299.149,-2253.441,WAI_MYS,Peter,Labridae,Thalassoma,amblycephalum,37384164,1,J,Passing,
WAI_MYS_CAM1_left_1.MP4,12097,6.7273,WAI_MYS_Transect 1,0.7118,,2.466,4.83,1909.306,10.474,,,285.158,205.352,-1876.69,WAI_MYS,Peter,Labridae,Thalassoma,amblycephalum,37384164,1,J,Passing,
WAI_MYS_CAM1_left_1.MP4,12152,6.7579,WAI_MYS_Transect 1,0.7424,152.562,10.97,2.873,4675.974,21.833,5.752,35.912,-1736.444,94.493,-4340.572,WAI_MYS,Peter,Acanthuridae,Acanthurus,nigrofuscus,37437014,1,J,Passing,
WAI_MYS_CAM1_left_1.MP4,12152,6.7579,WAI_MYS_Transect 1,0.7424,,11.215,0.227,4816.136,24.708,,,-2013.103,27.598,-4375.136,WAI_MYS,Peter,Acanthuridae,Acanthurus,nigrofuscus,37437014,1,J,Passing,
WAI_MYS_CAM1_left_1.MP4,12185,6.7762,WAI_MYS_Transect 1,0.7608,194.787,2.059,4.77,2248.549,20.889,6.287,8.73,-177.891,-781.765,-2100.755,WAI_MYS,Peter,Acanthuridae,Acanthurus,lineatus,37437010,1,J,Passing,
WAI_MYS_CAM1_left_1.MP4,12196,6.7823,WAI_MYS_Transect 1,0.7669,64.719,1.329,2.514,1527.665,13.971,8.95,2.543,96.45,-356,-1482.471,WAI_MYS,Peter,Labridae,Thalassoma,amblycephalum,37384164,1,AD,Passing,
WAI_MYS_CAM1_left_1.MP4,12390,6.8902,WAI_MYS_Transect 1,0.8748,105.051,7.663,15.105,3400.388,18.455,13.701,2.573,-1018.379,-348.775,-3225.507,WAI_MYS,Peter,Labridae,Thalassoma,nigrofasciatum,37384196,1,J,Passing,
WAI_MYS_CAM1_left_1.MP4,12404,6.898,WAI_MYS_Transect 1,0.8825,157.726,9.544,10.181,3897.088,21.746,9.652,7.922,-1396.343,-367.327,-3619.75,WAI_MYS,Peter,Balistidae,Balistapus,undulatus,37465047,1,J,Passing,
WAI_MYS_CAM1_left_1.MP4,12467,6.933,WAI_MYS_Transect 1,0.9176,216.054,6.424,6.088,3499.661,15.454,5.172,3.832,-867.963,340.936,-3373.133,WAI_MYS,Peter,Acanthuridae,Acanthurus,lineatus,37437010,1,J,Passing,
WAI_MYS_CAM1_left_1.MP4,12524,6.9647,WAI_MYS_Transect 1,0.9493,67.194,3.48,5.424,2088.743,24.181,19.051,11.841,-847.241,-119.27,-1905.467,WAI_MYS,Peter,Chaetodontidae,Chaetodon,citrinellus,37365036,1,J,Passing,
WAI_MYS_CAM1_left_1.MP4,12524,6.9647,WAI_MYS_Transect 1,0.9493,,3.129,0.201,2350.894,22.719,,,-890.267,-169.759,-2169.172,WAI_MYS,Peter,Chaetodontidae,Chaetodon,citrinellus,37365036,1,J,Passing,
WAI_MYS_CAM1_left_1.MP4,12549,6.9786,WAI_MYS_Transect 1,0.9632,179.2,2.698,2.475,2326.122,15.24,14.591,60.302,-500.846,-350.762,-2244.318,WAI_MYS,Peter,Acanthuridae,Ctenochaetus,striatus,37437022,1,J,Passing,
WAI_MYS_CAM1_left_1.MP4,12595,7.0042,WAI_MYS_Transect 1,0.9888,,5.616,2.238,3366.222,31.412,,,1537.873,-832.981,-2876.202,WAI_MYS,Peter,Pomacentridae,Pomacentrus,coelestis,37372111,1,J,Passing,
WAI_MYS_CAM1_left_1.MP4,12680,7.0515,WAI_MYS_Transect 1,1.036,,4.214,11.033,2624.168,22.47,,,-498.806,-860.485,-2428.377,WAI_MYS,Peter,Pomacentridae,Pomacentrus,coelestis,37372111,1,J,Passing,
WAI_MYS_CAM1_left_1.MP4,12725,7.0765,WAI_MYS_Transect 1,1.0611,87.788,7.692,18.853,2729.151,28.121,60.033,24.603,-953.443,-863.492,-2406.989,WAI_MYS,Peter,Labridae,Thalassoma,nigrofasciatum,37384196,1,J,Passing,
WAI_MYS_CAM1_left_1.MP4,12763,7.0976,WAI_MYS_Transect 1,1.0822,193.451,11.978,6.438,3402.649,24.083,59.299,36.439,1312.014,-454.417,-3106.468,WAI_MYS,Peter,Acanthuridae,Acanthurus,nigrofuscus,37437014,1,J,Passing,
WAI_MYS_CAM1_left_1.MP4,12829,7.1343,WAI_MYS_Transect 1,1.1189,202.073,15.138,5.917,3130.302,18.805,71.765,12.773,949.603,-341.183,-2963.214,WAI_MYS,Peter,Acanthuridae,Acanthurus,lineatus,37437010,1,J,Passing,
WAI_MYS_CAM1_left_1.MP4,12829,7.1343,WAI_MYS_Transect 1,1.1189,196.945,17.355,8.308,3562.788,1.511,43.006,13.447,-87.45,-34.412,-3561.549,WAI_MYS,Peter,Acanthuridae,Acanthurus,nigrofuscus,37437014,1,J,Passing,
WAI_MYS_CAM1_left_1.MP4,12829,7.1343,WAI_MYS_Transect 1,1.1189,189.137,4.658,6.255,2398.124,23.052,30.056,34.229,859.886,-377.348,-2206.627,WAI_MYS,Peter,Labridae,Thalassoma,sp,,1,J,Passing,
WAI_MYS_CAM1_left_1.MP4,12843,7.1421,WAI_MYS_Transect 1,1.1267,,2.598,1.898,2137.748,27.154,,,914.781,-331.635,-1903.461,WAI_MYS,Peter,Acanthuridae,Ctenochaetus,striatus,37437022,1,J,Passing,
WAI_MYS_CAM1_left_1.MP4,12880,7.1627,WAI_MYS_Transect 1,1.1473,223.751,22.18,10.825,5106.587,26.478,56.051,38.17,-2205.856,563.979,-4570.925,WAI_MYS,Peter,Acanthuridae,Acanthurus,lineatus,37437010,1,J,Passing,
WAI_MYS_CAM1_left_1.MP4,12880,7.1627,WAI_MYS_Transect 1,1.1473,280.166,24.767,16.043,4767.293,30.82,78.061,11.615,2151.148,1156.919,-4094.043,WAI_MYS,Peter,Balistidae,Balistapus,undulatus,37465047,1,J,Passing,
WAI_MYS_CAM1_left_1.MP4,12880,7.1627,WAI_MYS_Transect 1,1.1473,211.993,14.606,11.038,5145.301,22.405,10.295,27.536,1577.993,1164.521,-4756.884,WAI_MYS,Peter,Balistidae,Balistapus,undulatus,37465047,1,J,Passing,
WAI_MYS_CAM1_left_1.MP4,12892,7.1694,WAI_MYS_Transect 1,1.1539,160.297,12.935,12.796,4773.596,17.503,8.227,3.509,-1385.531,-376.303,-4552.573,WAI_MYS,Peter,Acanthuridae,Acanthurus,lineatus,37437010,1,J,Passing,
WAI_MYS_CAM1_left_1.MP4,13209,7.3457,WAI_MYS_Transect 1,1.3302,174.75,13.151,11.005,4341.711,24.12,18.778,22.644,1707.478,482.105,-3962.644,WAI_MYS,Peter,Acanthuridae,Acanthurus,lineatus,37437010,1,J,Passing,
WAI_MYS_CAM1_left_1.MP4,13209,7.3457,WAI_MYS_Transect 1,1.3302,205.694,2.895,5.384,2080.277,12.401,16.342,6.577,-218.183,-389.847,-2031.74,WAI_MYS,Peter,Acanthuridae,Ctenochaetus,striatus,37437022,1,J,Passing,
WAI_MYS_CAM1_left_1.MP4,13209,7.3457,WAI_MYS_Transect 1,1.3302,69.519,2.129,5.191,1774.932,8.693,16.5,21.889,89.646,-252.84,-1754.543,WAI_MYS,Peter,Labridae,Thalassoma,nigrofasciatum,37384196,1,J,Passing,
WAI_MYS_CAM1_left_1.MP4,13271,7.3802,WAI_MYS_Transect 1,1.3647,211.487,10.044,4.022,2650.434,15.529,76.885,33.934,-575.673,-414.893,-2553.677,WAI_MYS,Peter,Acanthuridae,Ctenochaetus,striatus,37437022,1,J,Passing,
WAI_MYS_CAM1_left_1.MP4,13271,7.3802,WAI_MYS_Transect 1,1.3647,176.524,3.801,11.381,2479.295,13.853,14.818,16.909,-389.522,-447.928,-2407.185,WAI_MYS,Peter,Acanthuridae,Ctenochaetus,binotatus,37437021,1,J,Passing,
WAI_MYS_CAM1_left_1.MP4,13271,7.3802,WAI_MYS_Transect 1,1.3647,,2.181,1.763,1797.332,14.076,,,-157.169,-400.996,-1744.965,WAI_MYS,Peter,Pomacentridae,Pomacentrus,coelestis,37372111,1,J,Passing,
WAI_MYS_CAM1_left_1.MP4,13358,7.4285,WAI_MYS_Transect 1,1.4131,,5.759,5.29,3275.89,24.415,,,1353.423,-29.546,-2983.09,WAI_MYS,Peter,Pomacentridae,Pomacentrus,coelestis,37372111,1,J,Passing,
WAI_MYS_CAM1_left_1.MP4,13358,7.4285,WAI_MYS_Transect 1,1.4131,,6.017,2.516,3535.338,28.843,,,1705.444,1.41,-3096.784,WAI_MYS,Peter,Pomacentridae,Pomacentrus,coelestis,37372111,1,J,Passing,
WAI_MYS_CAM1_left_1.MP4,13481,7.4969,WAI_MYS_Transect 1,1.4815,196.743,13.597,6.191,2887.481,2.466,53.555,6.877,-98.924,75.149,-2884.807,WAI_MYS,Peter,Acanthuridae,Acanthurus,nigrofuscus,37437014,1,J,Passing,
WAI_MYS_CAM1_left_1.MP4,13481,7.4969,WAI_MYS_Transect 1,1.4815,182.26,14.168,8.677,2917.983,1.631,55.667,10.618,17.692,81.136,-2916.801,WAI_MYS,Peter,Acanthuridae,Acanthurus,nigrofuscus,37437014,1,J,Passing,
WAI_MYS_CAM1_left_1.MP4,13614,7.5709,WAI_MYS_Transect 1,1.5554,328.678,28.851,10.077,4347.391,12.315,56.279,18.194,-63.734,925.048,-4247.356,WAI_MYS,Peter,Acanthuridae,Naso,hexacanthus,37437028,1,J,Passing,
WAI_MYS_CAM1_left_1.MP4,13686,7.6109,WAI_MYS_Transect 1,1.5955,,15.806,7.469,5697.992,31.8,,,2451.775,1752.444,-4835.788,WAI_MYS,Peter,Acanthuridae,Naso,lituratus,37437029,1,J,Passing,
WAI_MYS_CAM1_left_1.MP4,13793,7.6704,WAI_MYS_Transect 1,1.655,182.343,5.742,8.322,2510.604,19.929,28.182,4.762,-816.667,-255.739,-2360.251,WAI_MYS,Peter,Acanthuridae,Acanthurus,nigrofuscus,37437014,1,J,Passing,
WAI_MYS_CAM1_left_1.MP4,13793,7.6704,WAI_MYS_Transect 1,1.655,194.706,14.085,13.211,3603.494,7.505,64.345,53.821,-287.136,372.917,-3572.626,WAI_MYS,Peter,Acanthuridae,Acanthurus,nigrofuscus,37437014,1,J,Passing,
WAI_MYS_CAM1_left_1.MP4,14162,7.8756,WAI_MYS_Transect 1,1.8602,192.163,9.289,6.872,2933.119,18.32,46.783,29.461,-921.957,-4.556,-2784.449,WAI_MYS,Peter,Acanthuridae,Acanthurus,nigrofuscus,37437014,1,J,Passing,
WAI_MYS_CAM1_left_1.MP4,14162,7.8756,WAI_MYS_Transect 1,1.8602,65.474,4.541,6.391,2801.525,17.032,12.226,33.688,-816.409,-82.559,-2678.657,WAI_MYS,Peter,Labridae,Thalassoma,nigrofasciatum,37384196,1,J,Passing,
WAI_MYS_CAM1_left_1.MP4,14336,7.9724,WAI_MYS_Transect 1,1.957,183.49,3.101,8.663,1627.306,22.684,50.888,20.341,-401.378,-482.427,-1501.427,WAI_MYS,Peter,Acanthuridae,Ctenochaetus,striatus,37437022,1,J,Passing,
WAI_MYS_CAM1_left_1.MP4,14387,8.0008,WAI_MYS_Transect 1,1.9853,216.095,20.756,13.093,4082.189,8.138,41.968,22.858,300.335,493.67,-4041.083,WAI_MYS,Peter,Acanthuridae,Acanthurus,lineatus,37437010,1,J,Passing,
WAI_MYS_CAM1_left_1.MP4,14412,8.0147,WAI_MYS_Transect 1,1.9992,185.216,5.457,9.395,2820.713,7.547,19.007,20.66,-289.925,230.667,-2796.276,WAI_MYS,Peter,Acanthuridae,Acanthurus,nigrofuscus,37437014,1,J,Passing,
WAI_MYS_CAM1_left_1.MP4,23833,13.2538,WAI_MYS_Transect 2,0.3542,159.941,11.498,19.174,4659.395,29.628,38.716,52.513,-2210.675,-647.25,-4050.179,WAI_MYS,Peter,Acanthuridae,Ctenochaetus,striatus,37437022,1,AD,Passing,
WAI_MYS_CAM1_left_1.MP4,23900,13.2911,WAI_MYS_Transect 2,0.3915,209.39,18.592,8.75,4592.4,13.378,26.145,1.933,-960.671,-454.054,-4467.783,WAI_MYS,Peter,Acanthuridae,Zebrasoma,velifer,37437037,1,AD,Passing,
WAI_MYS_CAM1_left_1.MP4,24187,13.4507,WAI_MYS_Transect 2,0.5511,132.338,2.223,6.46,1223.276,14.888,58.251,7.033,-32.855,-312.577,-1182.209,WAI_MYS,Peter,Acanthuridae,Acanthurus,nigrofuscus,37437014,1,AD,Passing,
WAI_MYS_CAM1_left_1.MP4,24255,13.4885,WAI_MYS_Transect 2,0.5889,42.991,1.583,9.54,1431.479,22.506,12.597,14.714,-411.947,-361.314,-1322.454,WAI_MYS,Peter,Pomacentridae,Dascyllus,reticulatus,37372074,1,AD,Passing,
WAI_MYS_CAM1_left_1.MP4,24255,13.4885,WAI_MYS_Transect 2,0.5889,41.786,0.91,5.456,1122.215,10.423,9.609,29.623,-71.053,-190.179,-1103.698,WAI_MYS,Peter,Pomacentridae,Dascyllus,reticulatus,37372074,1,AD,Passing,
WAI_MYS_CAM1_left_1.MP4,24255,13.4885,WAI_MYS_Transect 2,0.5889,56.041,2.303,7.414,1435.719,12.716,38.62,25.373,-95.879,-301.121,-1400.508,WAI_MYS,Peter,Pomacentridae,Dascyllus,reticulatus,37372074,1,AD,Passing,
WAI_MYS_CAM1_left_1.MP4,24255,13.4885,WAI_MYS_Transect 2,0.5889,43.492,1.667,8.107,1305.552,13.075,29.742,23.493,-160.137,-248.172,-1271.705,WAI_MYS,Peter,Pomacentridae,Dascyllus,reticulatus,37372074,1,AD,Passing,
WAI_MYS_CAM1_left_1.MP4,24255,13.4885,WAI_MYS_Transect 2,0.5889,,1.212,0.35,1295.223,11.493,,,-14.41,-252.642,-1270.263,WAI_MYS,Peter,Pomacentridae,Dascyllus,reticulatus,37372074,1,AD,Passing,
WAI_MYS_CAM1_left_1.MP4,24289,13.5074,WAI_MYS_Transect 2,0.6078,55.092,2.956,7.057,1335.277,17.651,86.378,4.608,-73.859,-398.089,-1272.413,WAI_MYS,Peter,Pomacentridae,Dascyllus,reticulatus,37372074,1,AD,Passing,
WAI_MYS_CAM1_left_1.MP4,24289,13.5074,WAI_MYS_Transect 2,0.6078,98.084,8.805,16.667,2779.474,27.425,72.873,18.289,-1092.856,-666.762,-2467.098,WAI_MYS,Peter,Acanthuridae,Zebrasoma,scopas,37437036,1,AD,Passing,
WAI_MYS_CAM1_left_1.MP4,24316,13.5224,WAI_MYS_Transect 2,0.6228,,3.785,7.416,2543.631,24.727,,,-744.279,-751.187,-2313.401,WAI_MYS,Peter,Acanthuridae,Zebrasoma,scopas,37437036,1,AD,Passing,
WAI_MYS_CAM1_left_1.MP4,24329,13.5296,WAI_MYS_Transect 2,0.6301,155.323,4.494,5.076,2638.769,18.191,19.619,35.566,78.215,-820.075,-2506.883,WAI_MYS,Peter,Acanthuridae,Acanthurus,nigrofuscus,37437014,1,AD,Passing,
WAI_MYS_CAM1_left_1.MP4,24329,13.5296,WAI_MYS_Transect 2,0.6301,52.538,1.335,4.405,1444.33,21.724,14.794,11.682,141.046,-515.653,-1341.751,WAI_MYS,Peter,Pomacentridae,Dascyllus,reticulatus,37372074,1,AD,Passing,
WAI_MYS_CAM1_left_1.MP4,24386,13.5613,WAI_MYS_Transect 2,0.6618,140.665,11.397,8.5,3295.155,20.598,39.725,11.93,-963.584,-644.558,-3084.493,WAI_MYS,Peter,Acanthuridae,Acanthurus,nigrofuscus,37437014,1,AD,Passing,
WAI_MYS_CAM1_left_1.MP4,24440,13.5914,WAI_MYS_Transect 2,0.6918,153.104,13.756,17.59,3944.333,25.695,35.713,8.579,-1512.651,-797.879,-3554.299,WAI_MYS,Peter,Monacanthidae,Amanses,scopas,37465046,1,AD,Passing,
WAI_MYS_CAM1_left_1.MP4,24440,13.5914,WAI_MYS_Transect 2,0.6918,64.817,3.437,6.781,2028.203,20.243,25.998,3.914,-372.989,-594.438,-1902.927,WAI_MYS,Peter,Labridae,Oxycheilinus,sp,,1,AD,Passing,
WAI_MYS_CAM1_left_1.MP4,24492,13.6203,WAI_MYS_Transect 2,0.7207,51.614,1.815,6.775,1437.347,22.56,25.64,11.877,-361.095,-416.755,-1327.362,WAI_MYS,Peter,Pomacentridae,Pomacentrus,callainus,temp_code_004,1,AD,Passing,
WAI_MYS_CAM1_left_1.MP4,24492,13.6203,WAI_MYS_Transect 2,0.7207,56.274,0.956,2.412,1254.775,21.246,8.888,4.776,119.333,-438.755,-1169.493,WAI_MYS,Peter,Pomacentridae,Pomacentrus,callainus,temp_code_004,1,AD,Passing,
WAI_MYS_CAM1_left_1.MP4,24507,13.6286,WAI_MYS_Transect 2,0.7291,111.851,7.072,19.297,2868.501,26.763,37.01,20.952,-945.778,-879.764,-2561.214,WAI_MYS,Peter,Pomacanthidae,Centropyge,bicolor,37365022,1,AD,Passing,
WAI_MYS_CAM1_left_1.MP4,24507,13.6286,WAI_MYS_Transect 2,0.7291,51.596,4.936,9.21,1949.341,20.599,71.019,29.176,-584.297,-359.129,-1824.707,WAI_MYS,Peter,Pomacentridae,Chromis,margaritifer,37372047,1,AD,Passing,
WAI_MYS_CAM1_left_1.MP4,24507,13.6286,WAI_MYS_Transect 2,0.7291,120.826,7.124,16.561,2896.752,27.993,36.596,13.943,-1138.392,-743.441,-2557.837,WAI_MYS,Peter,Labridae,Halichoeres,hortulanus,37384112,1,AD,Passing,
WAI_MYS_CAM1_left_1.MP4,24507,13.6286,WAI_MYS_Transect 2,0.7291,66.75,4.094,11.862,2520.702,27.628,7.664,12.487,-1021.593,-568.053,-2233.294,WAI_MYS,Peter,Pomacentridae,Pomacentrus,callainus,temp_code_004,1,AD,Passing,
WAI_MYS_CAM1_left_1.MP4,24516,13.6336,WAI_MYS_Transect 2,0.7341,66.961,4.196,1.891,1945.953,25.412,49.915,19.936,680.687,-483.697,-1757.679,WAI_MYS,Peter,Pomacentridae,Pomacentrus,maafu,temp_code_005,1,AD,Passing,
WAI_MYS_CAM1_left_1.MP4,24525,13.6386,WAI_MYS_Transect 2,0.7391,89.847,7.297,6.369,3077.069,23.134,18.169,10.244,1201.546,-133.619,-2829.627,WAI_MYS,Peter,Chaetodontidae,Chaetodon,baronessa,37365034,1,AD,Passing,
WAI_MYS_CAM1_left_1.MP4,24525,13.6386,WAI_MYS_Transect 2,0.7391,163.545,5.105,4.055,2879.472,20.891,10.025,25.253,909.896,-475.82,-2690.175,WAI_MYS,Peter,Zanclidae,Zanclus,cornutus,37437001,1,AD,Passing,
WAI_MYS_CAM1_left_1.MP4,24617,13.6898,WAI_MYS_Transect 2,0.7902,65.878,4.197,2.887,2634.997,24.902,6.795,35.045,1054.658,-344.504,-2390.026,WAI_MYS,Peter,Chaetodontidae,Chaetodon,baronessa,37365034,1,AD,Passing,
WAI_MYS_CAM1_left_1.MP4,24621,13.692,WAI_MYS_Transect 2,0.7925,78.647,6.863,12.215,2776.304,24.12,33.21,6.197,-650.793,-929.314,-2533.912,WAI_MYS,Peter,Pomacanthidae,Centropyge,flavissima,37365026,1,AD,Passing,
WAI_MYS_CAM1_left_1.MP4,24621,13.692,WAI_MYS_Transect 2,0.7925,44.373,4.227,9.89,2400.636,13.027,22.389,27.011,21.443,-540.716,-2338.85,WAI_MYS,Peter,Pomacentridae,Chromis,margaritifer,37372047,1,AD,Passing,
WAI_MYS_CAM1_left_1.MP4,24621,13.692,WAI_MYS_Transect 2,0.7925,,4.708,8.042,2733.742,14.955,,,-423.236,-553.953,-2643.36,WAI_MYS,Peter,Pomacentridae,Chromis,margaritifer,37372047,1,AD,Passing,
WAI_MYS_CAM1_left_1.MP4,24687,13.7287,WAI_MYS_Transect 2,0.8292,72.531,6.871,12.025,3149.882,9.383,18.923,2.312,198.047,-473.791,-3107.741,WAI_MYS,Peter,Pomacanthidae,Centropyge,heraldi,37385027,1,AD,Passing,
WAI_MYS_CAM1_left_1.MP4,24687,13.7287,WAI_MYS_Transect 2,0.8292,77.243,3.091,6.114,1639.994,18.594,43.353,22.711,124.656,-507.848,-1554.391,WAI_MYS,Peter,Pomacentridae,Chromis,margaritifer,37372047,1,AD,Passing,
WAI_MYS_CAM1_left_1.MP4,24697,13.7343,WAI_MYS_Transect 2,0.8347,74.797,5.168,3.959,2181.137,17.175,37.82,21.119,519.063,-381.343,-2083.869,WAI_MYS,Peter,Acanthuridae,Acanthurus,nigrofuscus,37437014,1,AD,Passing,
WAI_MYS_CAM1_left_1.MP4,24697,13.7343,WAI_MYS_Transect 2,0.8347,72.988,6.438,6.026,2683.117,13.912,26.249,11.925,463.807,-448.369,-2604.412,WAI_MYS,Peter,Pomacanthidae,Centropyge,flavissima,37365026,1,AD,Passing,
WAI_MYS_CAM1_left_1.MP4,24697,13.7343,WAI_MYS_Transect 2,0.8347,147.847,3.821,4.21,2828.473,14.786,8.028,43.864,685.651,-225.742,-2734.81,WAI_MYS,Peter,Scaridae,Chlorurus,spilurus,temp_code_002,1,AD,Passing,
WAI_MYS_CAM1_left_1.MP4,24697,13.7343,WAI_MYS_Transect 2,0.8347,54.649,3.82,4.284,2247.046,21.04,11.535,2.683,800.882,-97.041,-2097.233,WAI_MYS,Peter,Pomacentridae,Chromis,margaritifer,37372047,1,AD,Passing,
WAI_MYS_CAM1_left_1.MP4,24697,13.7343,WAI_MYS_Transect 2,0.8347,58.175,2.084,6.027,1708.062,17.258,15.868,2.355,299.894,-408.477,-1631.161,WAI_MYS,Peter,Pomacentridae,Chromis,margaritifer,37372047,1,AD,Passing,
WAI_MYS_CAM1_left_1.MP4,24697,13.7343,WAI_MYS_Transect 2,0.8347,58.066,2.931,8.031,2328.92,14.31,7.487,1.274,-430.516,-382.109,-2256.66,WAI_MYS,Peter,Pomacentridae,Chromis,ternatensis,37372051,1,AD,Passing,
WAI_MYS_CAM1_left_1.MP4,24697,13.7343,WAI_MYS_Transect 2,0.8347,47.775,1.931,8.114,1841.436,18.053,2.971,19.98,-373.144,-431.75,-1750.783,WAI_MYS,Peter,Pomacentridae,Chromis,margaritifer,37372047,1,AD,Passing,
WAI_MYS_CAM1_left_1.MP4,24697,13.7343,WAI_MYS_Transect 2,0.8347,59.3,5.317,6.826,2175.715,8.257,33.965,8.508,-200.79,-239.385,-2153.164,WAI_MYS,Peter,Pomacentridae,Chromis,ternatensis,37372051,1,AD,Passing,
WAI_MYS_CAM1_left_1.MP4,24697,13.7343,WAI_MYS_Transect 2,0.8347,64.161,3.956,9.702,2415.948,4.966,17.262,8.683,-148.948,-146.793,-2406.88,WAI_MYS,Peter,Pomacentridae,Chromis,ternatensis,37372051,1,AD,Passing,
WAI_MYS_CAM1_left_1.MP4,24697,13.7343,WAI_MYS_Transect 2,0.8347,57.538,3.113,6.01,2477.864,3.812,11.316,16.216,-125.153,-107.128,-2472.381,WAI_MYS,Peter,Pomacentridae,Chromis,ternatensis,37372051,1,AD,Passing,
WAI_MYS_CAM1_left_1.MP4,24697,13.7343,WAI_MYS_Transect 2,0.8347,63.979,2.311,6.802,2360.923,1.812,6.627,12.099,-64.53,-37.516,-2359.743,WAI_MYS,Peter,Pomacentridae,Chromis,ternatensis,37372051,1,AD,Passing,
WAI_MYS_CAM1_left_1.MP4,24697,13.7343,WAI_MYS_Transect 2,0.8347,69.666,5.322,7.434,2596.234,4.561,21.962,15.66,-206.112,-12.125,-2588.012,WAI_MYS,Peter,Pomacentridae,Chromis,ternatensis,37372051,1,AD,Passing,
WAI_MYS_CAM1_left_1.MP4,24697,13.7343,WAI_MYS_Transect 2,0.8347,66.494,2.167,5.732,2586.154,2.347,0.989,11.796,85.34,62.705,-2583.985,WAI_MYS,Peter,Pomacentridae,Chromis,ternatensis,37372051,1,AD,Passing,
WAI_MYS_CAM1_left_1.MP4,24697,13.7343,WAI_MYS_Transect 2,0.8347,59.623,4.865,7.994,2786.807,4.439,16.646,20.755,215.265,13.319,-2778.449,WAI_MYS,Peter,Pomacentridae,Chromis,ternatensis,37372051,1,AD,Passing,
WAI_MYS_CAM1_left_1.MP4,24697,13.7343,WAI_MYS_Transect 2,0.8347,69.425,5.505,8.357,2756.039,1.33,19.411,8.675,21.394,60.296,-2755.296,WAI_MYS,Peter,Pomacentridae,Chromis,ternatensis,37372051,1,AD,Passing,
WAI_MYS_CAM1_left_1.MP4,24697,13.7343,WAI_MYS_Transect 2,0.8347,,4.977,4.351,2829.9,3.73,,,150.707,116.963,-2823.463,WAI_MYS,Peter,Pomacentridae,Chromis,ternatensis,37372051,1,AD,Passing,
WAI_MYS_CAM1_left_1.MP4,24697,13.7343,WAI_MYS_Transect 2,0.8347,,5.226,2.508,2892.92,6.515,,,291.219,162.815,-2873.616,WAI_MYS,Peter,Pomacentridae,Chromis,ternatensis,37372051,1,AD,Passing,
WAI_MYS_CAM1_left_1.MP4,24697,13.7343,WAI_MYS_Transect 2,0.8347,,6.707,3.647,3300.386,8.933,,,476.531,201.456,-3259.583,WAI_MYS,Peter,Pomacentridae,Chromis,ternatensis,37372051,1,AD,Passing,
WAI_MYS_CAM1_left_1.MP4,24697,13.7343,WAI_MYS_Transect 2,0.8347,85.628,6.987,4.474,2975.71,14.147,24.805,26.859,441.474,-577.98,-2885.462,WAI_MYS,Peter,Acanthuridae,Zebrasoma,scopas,37437036,1,AD,Passing,
WAI_MYS_CAM1_left_1.MP4,24713,13.7432,WAI_MYS_Transect 2,0.8436,,9.733,1.379,4474.402,27.207,,,2045.71,29.744,-3979.253,WAI_MYS,Peter,Acanthuridae,Ctenochaetus,striatus,37437022,1,AD,Passing,
WAI_MYS_CAM1_left_1.MP4,24713,13.7432,WAI_MYS_Transect 2,0.8436,228.68,18.73,6.28,4653.759,2.352,25.461,16.129,125.429,-144.039,-4649.838,WAI_MYS,Peter,Acanthuridae,Naso,lituratus,37437029,1,AD,Passing,
WAI_MYS_CAM1_left_1.MP4,24713,13.7432,WAI_MYS_Transect 2,0.8436,130.783,8.911,2.156,3663.886,25.153,37.582,48.577,1557.312,1.2,-3316.45,WAI_MYS,Peter,Scaridae,Scarus,schlegeli,37386029,1,AD,Passing,
WAI_MYS_CAM1_left_1.MP4,24773,13.7765,WAI_MYS_Transect 2,0.877,88.776,3.148,7.98,2227.055,21.843,4.036,23.326,-769.837,-306.546,-2067.161,WAI_MYS,Peter,Acanthuridae,Acanthurus,nigrofuscus,37437014,1,AD,Passing,
WAI_MYS_CAM1_left_1.MP4,24773,13.7765,WAI_MYS_Transect 2,0.877,62.587,3.012,9.052,1972.358,20.756,22.959,28.671,-586.241,-380.68,-1844.343,WAI_MYS,Peter,Pomacentridae,Chromis,margaritifer,37372047,1,AD,Passing,
WAI_MYS_CAM1_left_1.MP4,24773,13.7765,WAI_MYS_Transect 2,0.877,178.779,12.672,11.764,2924.06,20.211,63.808,14.189,475.623,-891.224,-2744.017,WAI_MYS,Peter,Acanthuridae,Ctenochaetus,striatus,37437022,1,AD,Passing,
WAI_MYS_CAM1_left_1.MP4,24877,13.8344,WAI_MYS_Transect 2,0.9348,110.03,3.617,12.805,1560.635,21.142,76.117,3.871,-447.454,-341.501,-1455.59,WAI_MYS,Peter,Acanthuridae,Acanthurus,nigrofuscus,37437014,1,AD,Passing,
WAI_MYS_CAM1_left_1.MP4,24926,13.8616,WAI_MYS_Transect 2,0.9621,225.769,16.397,3.513,4291.663,29.62,61.912,28.705,-1980.585,759.273,-3730.839,WAI_MYS,Peter,Scaridae,Chlorurus,bleekeri,37386011,1,AD,Passing,
WAI_MYS_CAM1_left_1.MP4,24937,13.8677,WAI_MYS_Transect 2,0.9682,181.287,5.483,8.862,3007.436,20.2,6.776,18.067,-1009.944,241.653,-2822.461,WAI_MYS,Peter,Scaridae,Chlorurus,bleekeri,37386011,1,AD,Passing,
WAI_MYS_CAM1_left_1.MP4,24978,13.8905,WAI_MYS_Transect 2,0.991,191.534,14.145,8.294,4441.519,24.874,23.91,15.816,-1520.617,1085.309,-4029.506,WAI_MYS,Peter,Acanthuridae,Ctenochaetus,striatus,37437022,1,AD,Passing,
WAI_MYS_CAM1_left_1.MP4,24998,13.9017,WAI_MYS_Transect 2,1.0021,241.466,13.69,18.333,3547.801,26.712,64.725,16.102,-1591.093,108.054,-3169.17,WAI_MYS,Peter,Scaridae,Chlorurus,bleekeri,37386011,1,AD,Passing,
WAI_MYS_CAM1_left_1.MP4,25038,13.9239,WAI_MYS_Transect 2,1.0244,143.149,7.154,9.062,2837.49,18.572,26.985,3.625,-831.418,-354.197,-2689.729,WAI_MYS,Peter,Acanthuridae,Ctenochaetus,binotatus,37437021,1,AD,Passing,
WAI_MYS_CAM1_left_1.MP4,25106,13.9617,WAI_MYS_Transect 2,1.0622,126.134,3.389,5.352,2077.788,22.477,18.276,10.887,-747.881,-267.786,-1919.94,WAI_MYS,Peter,Scaridae,Scarus,schlegeli,37386029,1,AD,Passing,
WAI_MYS_CAM1_left_1.MP4,25236,14.034,WAI_MYS_Transect 2,1.1345,90.491,3.14,7.452,1859.39,20.84,26.554,11.338,-613.232,-248.057,-1737.741,WAI_MYS,Peter,Acanthuridae,Acanthurus,nigrofuscus,37437014,1,AD,Passing,
WAI_MYS_CAM1_left_1.MP4,25340,14.0919,WAI_MYS_Transect 2,1.1923,185.189,15.374,7.179,3319.175,23.227,71.137,3.649,1256.431,-367.18,-3050.161,WAI_MYS,Peter,Acanthuridae,Ctenochaetus,striatus,37437022,1,AD,Passing,
WAI_MYS_CAM1_left_1.MP4,25373,14.1102,WAI_MYS_Transect 2,1.2107,163.271,12.613,17.603,3625.386,26.54,43.406,19.041,1607.83,-197.227,-3243.364,WAI_MYS,Peter,Acanthuridae,Acanthurus,nigrofuscus,37437014,1,AD,Passing,
WAI_MYS_CAM1_left_1.MP4,25421,14.1369,WAI_MYS_Transect 2,1.2373,193.592,9.378,3.814,2709.344,23.026,63.035,20.754,949.803,-470.024,-2493.491,WAI_MYS,Peter,Acanthuridae,Acanthurus,nigrofuscus,37437014,1,AD,Passing,
WAI_MYS_CAM1_left_1.MP4,25421,14.1369,WAI_MYS_Transect 2,1.2373,131.621,10.66,5.529,2884.831,25.979,68.782,2.611,1155.94,-510.618,-2593.323,WAI_MYS,Peter,Labridae,Thalassoma,hardwicke,37384165,1,AD,Passing,
WAI_MYS_CAM1_left_1.MP4,25483,14.1714,WAI_MYS_Transect 2,1.2718,243.739,7.677,6.726,2449.742,15.747,45.133,2.667,-561.768,-355.552,-2357.803,WAI_MYS,Peter,Acanthuridae,Ctenochaetus,striatus,37437022,1,AD,Passing,
WAI_MYS_CAM1_left_1.MP4,25483,14.1714,WAI_MYS_Transect 2,1.2718,165.411,3.158,5.799,2158.463,14.444,16.323,0.233,-330.029,-425.402,-2090.233,WAI_MYS,Peter,Acanthuridae,Ctenochaetus,striatus,37437022,1,AD,Passing,
WAI_MYS_CAM1_left_1.MP4,25483,14.1714,WAI_MYS_Transect 2,1.2718,203.553,6.546,6.806,2537.772,19.71,34.859,1.977,-680.66,-518.907,-2389.084,WAI_MYS,Peter,Acanthuridae,Zebrasoma,velifer,37437037,1,AD,Passing,
WAI_MYS_CAM1_left_1.MP4,25483,14.1714,WAI_MYS_Transect 2,1.2718,,4.034,1.28,2578.341,19.854,,,-700.355,-516.045,-2427.147,WAI_MYS,Peter,Acanthuridae,Zebrasoma,velifer,37437037,1,AD,Passing,
WAI_MYS_CAM1_left_1.MP4,25505,14.1836,WAI_MYS_Transect 2,1.2841,131.29,3.177,5.928,2140.297,18.237,9.958,10.322,-653.374,-147.36,-2032.796,WAI_MYS,Peter,Scaridae,Chlorurus,spilurus,temp_code_002,1,AD,Passing,
WAI_MYS_CAM1_left_1.MP4,25546,14.2064,WAI_MYS_Transect 2,1.3069,118.373,4.167,3.171,1749.774,9.741,44.319,0.904,-252.238,-154.985,-1724.548,WAI_MYS,Peter,Scaridae,Chlorurus,spilurus,temp_code_002,1,AD,Passing,
WAI_MYS_CAM1_left_1.MP4,25546,14.2064,WAI_MYS_Transect 2,1.3069,112.308,3.687,3.504,1751.873,16.179,40.52,1.922,-435.612,-220.299,-1682.489,WAI_MYS,Peter,Scaridae,Chlorurus,spilurus,temp_code_002,1,AD,Passing,
WAI_MYS_CAM1_left_1.MP4,25596,14.2342,WAI_MYS_Transect 2,1.3347,131.352,8.489,4.54,2177.95,8.637,67.096,8.59,99.182,-311.679,-2153.25,WAI_MYS,Peter,Labridae,Gomphosus,varius,37384106,1,AD,Passing,
WAI_MYS_CAM1_left_1.MP4,25605,14.2392,WAI_MYS_Transect 2,1.3397,65.656,4.657,5.817,1843.109,10.065,44.59,2.252,39.726,-319.662,-1814.742,WAI_MYS,Peter,Labridae,Stethojulis,trilineata,37384157,1,AD,Passing,
WAI_MYS_CAM1_left_1.MP4,25668,14.2743,WAI_MYS_Transect 2,1.3747,52.805,1.186,5.553,1345.117,21.035,16.552,2.503,13.05,-482.645,-1255.477,WAI_MYS,Peter,Pomacentridae,Pomacentrus,vaiuli,37372126,1,AD,Passing,
WAI_MYS_CAM1_left_1.MP4,25694,14.2887,WAI_MYS_Transect 2,1.3892,308.203,20.308,9.611,3812.101,22.999,88.814,3.035,-1449.587,-342.212,-3509.089,WAI_MYS,Peter,Scaridae,Scarus,rubroviolaceus,37386028,1,AD,Passing,
WAI_MYS_CAM1_left_1.MP4,25768,14.3299,WAI_MYS_Transect 2,1.4303,100.064,5.844,4.135,2396.316,23.636,36.622,0.692,786.792,-551.352,-2195.29,WAI_MYS,Peter,Labridae,Stethojulis,trilineata,37384157,1,AD,Passing,
WAI_MYS_CAM1_left_1.MP4,25780,14.3365,WAI_MYS_Transect 2,1.437,100.549,6.395,7.617,3003.263,26.052,15.968,2.863,-1265.787,-370.911,-2698.11,WAI_MYS,Peter,Acanthuridae,Acanthurus,nigrofuscus,37437014,1,AD,Passing,
WAI_MYS_CAM1_left_1.MP4,25816,14.3566,WAI_MYS_Transect 2,1.457,48.249,3.628,3.658,2071.548,21.547,25.109,4.605,500.675,-572.833,-1926.785,WAI_MYS,Peter,Pomacentridae,Pomacentrus,callainus,temp_code_004,1,AD,Passing,
WAI_MYS_CAM1_left_1.MP4,25880,14.3922,WAI_MYS_Transect 2,1.4926,174.612,14.795,7.955,4930.079,19.372,10.339,11.235,-1635.214,20.687,-4650.948,WAI_MYS,Peter,Acanthuridae,Ctenochaetus,striatus,37437022,1,AD,Passing,
WAI_MYS_CAM1_left_1.MP4,26035,14.4784,WAI_MYS_Transect 2,1.5788,159.112,12.989,18.038,3015.36,8.771,47.9,15.738,263.72,-376.634,-2980.1,WAI_MYS,Peter,Acanthuridae,Ctenochaetus,striatus,37437022,1,AD,Passing,
WAI_MYS_CAM1_left_1.MP4,26085,14.5062,WAI_MYS_Transect 2,1.6066,287.382,19.845,8.951,5103.42,28.354,29.665,9.862,-2413.953,-217.197,-4491.164,WAI_MYS,Peter,Acanthuridae,Naso,hexacanthus,37437028,1,AD,Passing,
WAI_MYS_CAM1_left_1.MP4,26253,14.5996,WAI_MYS_Transect 2,1.7,47.054,2.816,6.546,2139.982,12.3,33.195,65.426,346.369,-296.417,-2090.859,WAI_MYS,Peter,Pomacentridae,Pomacentrus,maafu,temp_code_005,1,AD,Passing,
WAI_MYS_CAM1_left_1.MP4,26264,14.6057,WAI_MYS_Transect 2,1.7061,41.329,2.825,3.977,1835.626,14.483,30.511,40.154,-457.973,31.943,-1777.292,WAI_MYS,Peter,Pomacentridae,Chromis,margaritifer,37372047,1,AD,Passing,
WAI_MYS_CAM1_left_1.MP4,26323,14.6385,WAI_MYS_Transect 2,1.739,46.837,3.658,9.568,2212.715,22.477,9.911,11.358,843.244,67.687,-2044.619,WAI_MYS,Peter,Pomacentridae,Chromis,margaritifer,37372047,1,AD,Passing,
WAI_MYS_CAM1_left_1.MP4,26323,14.6385,WAI_MYS_Transect 2,1.739,51.498,3.647,11.577,2666.373,12.997,3.945,22.192,589.076,112.095,-2598.07,WAI_MYS,Peter,Pomacentridae,Chromis,margaritifer,37372047,1,AD,Passing,
WAI_MYS_CAM1_left_1.MP4,26323,14.6385,WAI_MYS_Transect 2,1.739,,5.765,7.971,3203.589,22.117,,,1200.443,129,-2967.369,WAI_MYS,Peter,Pomacentridae,Chromis,margaritifer,37372047,1,AD,Passing,
WAI_MYS_CAM1_left_1.MP4,26323,14.6385,WAI_MYS_Transect 2,1.739,,6.233,10.335,3257.585,14.837,,,-834.143,12.081,-3148.956,WAI_MYS,Peter,Pomacentridae,Chromis,margaritifer,37372047,1,AD,Passing,
WAI_MYS_CAM1_left_1.MP4,26323,14.6385,WAI_MYS_Transect 2,1.739,,5.306,8.341,2938.154,8.274,,,-406.974,-103.173,-2908.002,WAI_MYS,Peter,Pomacentridae,Chromis,margaritifer,37372047,1,AD,Passing,
WAI_MYS_CAM1_left_1.MP4,26323,14.6385,WAI_MYS_Transect 2,1.739,,6.071,11.204,3329.309,20.833,,,-1168.929,-176.428,-3112.359,WAI_MYS,Peter,Pomacentridae,Chromis,margaritifer,37372047,1,AD,Passing,
WAI_MYS_CAM1_left_1.MP4,26336,14.6457,WAI_MYS_Transect 2,1.7462,71.498,2.497,3.369,1611.668,19.041,29.3,2.754,309.263,-425.222,-1523.488,WAI_MYS,Peter,Chaetodontidae,Chaetodon,baronessa,37365034,1,AD,Passing,
WAI_MYS_CAM1_left_1.MP4,26369,14.6641,WAI_MYS_Transect 2,1.7645,74.38,5.335,6.038,1752.194,14.856,79.626,9.302,322.486,-312.778,-1693.622,WAI_MYS,Peter,Pomacentridae,Pomacentrus,callainus,temp_code_004,1,AD,Passing,
WAI_MYS_CAM1_left_1.MP4,26457,14.713,WAI_MYS_Transect 2,1.8135,,11.549,7.718,4633.154,26.592,,,1794.975,-1022.507,-4147.127,WAI_MYS,Peter,Pomacanthidae,Centropyge,bicolor,37365022,1,AD,Passing,
WAI_MYS_CAM1_left_1.MP4,26478,14.7247,WAI_MYS_Transect 2,1.8252,56.876,3.606,7.577,2352.649,18.533,19.566,5.807,-10.937,-747.73,-2230.636,WAI_MYS,Peter,Pomacentridae,Pomacentrus,callainus,temp_code_004,1,AD,Passing,
WAI_MYS_CAM1_left_1.MP4,26478,14.7247,WAI_MYS_Transect 2,1.8252,72.91,2.161,11.439,2343.881,21.438,7.279,12.773,71.886,-853.644,-2181.72,WAI_MYS,Peter,Pomacentridae,Stegastes,lacrymatus,temp_code_006,1,AD,Passing,
WAI_MYS_CAM1_left_1.MP4,26553,14.7664,WAI_MYS_Transect 2,1.8669,,6.417,5.289,3576.445,24.748,,,-1493.732,114.848,-3247.543,WAI_MYS,Peter,Pomacanthidae,Centropyge,bicolor,37365022,1,AD,Passing,
WAI_MYS_CAM1_left_1.MP4,26624,14.8059,WAI_MYS_Transect 2,1.9063,202.924,14.403,16.369,2801.142,11.045,81.617,14.365,489.885,-219.086,-2749.256,WAI_MYS,Peter,Acanthuridae,Ctenochaetus,striatus,37437022,1,AD,Passing,
WAI_MYS_CAM1_left_1.MP4,26655,14.8231,WAI_MYS_Transect 2,1.9236,68.804,4.155,6.472,2424.83,11.351,23.462,38.941,-288.709,-380.036,-2377.398,WAI_MYS,Peter,Pomacanthidae,Centropyge,bicolor,37365022,1,AD,Passing,
WAI_MYS_CAM1_left_1.MP4,26655,14.8231,WAI_MYS_Transect 2,1.9236,85.03,5.007,6.755,1971.518,13.69,43.423,2.954,-321.678,-337.989,-1915.507,WAI_MYS,Peter,Pomacentridae,Stegastes,lacrymatus,temp_code_006,1,AD,Passing,
WAI_MYS_CAM1_left_1.MP4,26655,14.8231,WAI_MYS_Transect 2,1.9236,58.381,4.257,4.813,2450.348,18.778,14.508,2.884,-723.472,-314.29,-2319.917,WAI_MYS,Peter,Acanthuridae,Zebrasoma,scopas,37437036,1,AD,Passing,
WAI_MYS_CAM1_left_1.MP4,26707,14.8521,WAI_MYS_Transect 2,1.9525,,5.398,2.946,2922.224,17.623,,,591.057,-647.29,-2787.662,WAI_MYS,Peter,Chaetodontidae,Chaetodon,baronessa,37365034,1,AD,Passing,
WAI_MYS_CAM1_left_1.MP4,26707,14.8521,WAI_MYS_Transect 2,1.9525,46.705,2.663,3.41,1671.801,17.553,29.961,23.133,367.372,-345.309,-1593.963,WAI_MYS,Peter,Pomacentridae,Dascyllus,reticulatus,37372074,1,AD,Passing,
WAI_MYS_CAM1_left_1.MP4,26707,14.8521,WAI_MYS_Transect 2,1.9525,61.719,2.279,4.56,1480.344,12.112,35.716,29.976,-102.314,-293.27,-1447.392,WAI_MYS,Peter,Pomacentridae,Pomacentrus,callainus,temp_code_004,1,AD,Passing,
WAI_MYS_CAM1_left_1.MP4,26707,14.8521,WAI_MYS_Transect 2,1.9525,49.018,2.321,1.868,1510.246,11.749,32.038,23.38,145.385,-270.995,-1478.604,WAI_MYS,Peter,Pomacentridae,Pomacentrus,callainus,temp_code_004,1,AD,Passing,
WAI_MYS_CAM1_left_1.MP4,26707,14.8521,WAI_MYS_Transect 2,1.9525,73.095,4.71,4.45,1886.906,16.719,62.902,33.677,477.639,-257.876,-1807.145,WAI_MYS,Peter,Pomacentridae,Pomacentrus,callainus,temp_code_004,1,AD,Passing,
WAI_MYS_CAM1_left_1.MP4,26707,14.8521,WAI_MYS_Transect 2,1.9525,66.939,4.359,4.641,2198.718,12.836,40.017,47.012,457.538,-171.097,-2143.769,WAI_MYS,Peter,Pomacentridae,Pomacentrus,callainus,temp_code_004,1,AD,Passing,
WAI_MYS_CAM1_left_1.MP4,26764,14.8838,WAI_MYS_Transect 2,1.9842,53.753,2.632,12.163,1911.155,23.927,12.543,11.396,-648.527,-424.513,-1746.916,WAI_MYS,Peter,Pomacentridae,Chromis,ternatensis,37372051,1,AD,Passing,
WAI_MYS_CAM1_left_1.MP4,26764,14.8838,WAI_MYS_Transect 2,1.9842,60.582,5.378,9.038,2179.446,24.531,56.127,19.094,-790.184,-440.907,-1982.724,WAI_MYS,Peter,Pomacentridae,Chromis,ternatensis,37372051,1,AD,Passing,
WAI_MYS_CAM1_left_1.MP4,26764,14.8838,WAI_MYS_Transect 2,1.9842,53.838,4.205,10.891,2144.918,21.177,30.869,16.264,-625.825,-456.893,-2000.067,WAI_MYS,Peter,Pomacentridae,Chromis,ternatensis,37372051,1,AD,Passing,
WAI_MYS_CAM1_left_1.MP4,26764,14.8838,WAI_MYS_Transect 2,1.9842,55.962,3.101,9.719,2106.343,20.158,12.221,9.482,-633.272,-354.774,-1977.318,WAI_MYS,Peter,Pomacentridae,Chromis,ternatensis,37372051,1,AD,Passing,
WAI_MYS_CAM1_left_1.MP4,26764,14.8838,WAI_MYS_Transect 2,1.9842,,3.188,5.93,2298.155,20.215,,,-715.407,-336.112,-2157.948,WAI_MYS,Peter,Pomacentridae,Chromis,ternatensis,37372051,1,AD,Passing,
WAI_MYS_CAM1_left_1.MP4,26764,14.8838,WAI_MYS_Transect 2,1.9842,,2.753,19.905,2156.231,22.359,,,-750.771,-322.443,-1995.421,WAI_MYS,Peter,Pomacentridae,Chromis,ternatensis,37372051,1,AD,Passing,
WAI_MYS_CAM1_left_1.MP4,26764,14.8838,WAI_MYS_Transect 2,1.9842,,3.378,5.48,2382.81,19.789,,,-768.946,-235.131,-2243.038,WAI_MYS,Peter,Pomacentridae,Chromis,ternatensis,37372051,1,AD,Passing,
WAI_MYS_CAM1_left_1.MP4,26806,14.9071,WAI_MYS_Transect 2,2.0076,,3.245,0.72,2230.053,16.948,,,181.586,-615.721,-2135.661,WAI_MYS,Peter,Chaetodontidae,Chaetodon,baronessa,37365034,1,AD,Passing,
WAI_MYS_CAM1_left_1.MP4,26838,14.9249,WAI_MYS_Transect 2,2.0254,59.373,4.041,3.983,2090.323,19.811,29.564,6.892,387.135,-593.307,-1966.612,WAI_MYS,Peter,Chaetodontidae,Chaetodon,baronessa,37365034,1,AD,Passing,
WAI_MYS_CAM1_left_1.MP4,26864,14.9394,WAI_MYS_Transect 2,2.0398,55.93,3.784,6.754,1592.639,19.583,65.994,7.815,-217.078,-487.683,-1500.514,WAI_MYS,Peter,Pomacentridae,Chromis,ternatensis,37372051,1,AD,Passing,
WAI_MYS_CAM1_left_1.MP4,26864,14.9394,WAI_MYS_Transect 2,2.0398,45.423,3.791,7.927,1894.011,21.182,46.497,35.479,-255.073,-635.059,-1766.046,WAI_MYS,Peter,Pomacentridae,Dascyllus,reticulatus,37372074,1,AD,Passing,
WAI_MYS_CAM1_left_1.MP4,26864,14.9394,WAI_MYS_Transect 2,2.0398,,1.986,2.783,1730.467,19.54,,,-19.388,-571.994,-1633.084,WAI_MYS,Peter,Pomacentridae,Dascyllus,reticulatus,37372074,1,AD,Passing,
WAI_MYS_CAM1_left_1.MP4,26892,14.9549,WAI_MYS_Transect 2,2.0554,66.481,3.183,3.107,1676.029,25.472,56.698,29.495,470.511,-546.081,-1513.105,WAI_MYS,Peter,Pomacentridae,Pomacentrus,callainus,temp_code_004,1,AD,Passing,
WAI_MYS_CAM1_left_1.MP4,26926,14.9738,WAI_MYS_Transect 2,2.0743,215.398,5.766,2.006,2089.699,19.204,54.607,9.498,-686.529,-33.679,-1973.42,WAI_MYS,Peter,Scaridae,Chlorurus,spilurus,temp_code_002,1,AD,Passing,
WAI_MYS_CAM1_left_1.MP4,26959,14.9922,WAI_MYS_Transect 2,2.0926,161.352,14.613,11.228,4148.28,20.616,27.328,8.442,-1416.663,355.547,-3882.638,WAI_MYS,Peter,Monacanthidae,Amanses,scopas,37465046,1,AD,Passing,
WAI_MYS_CAM1_left_1.MP4,27086,15.0628,WAI_MYS_Transect 2,2.1633,56.493,2.545,5.187,1326.27,14.01,53.314,4.967,103.009,-304.106,-1286.818,WAI_MYS,Peter,Pomacentridae,Chromis,ternatensis,37372051,1,AD,Passing,
WAI_MYS_CAM1_left_1.MP4,27086,15.0628,WAI_MYS_Transect 2,2.1633,57.425,3.103,6.294,1638.934,2.555,36.359,21.278,-16.047,-71.275,-1637.305,WAI_MYS,Peter,Pomacentridae,Chromis,ternatensis,37372051,1,AD,Passing,
WAI_MYS_CAM1_left_1.MP4,27086,15.0628,WAI_MYS_Transect 2,2.1633,53.745,4.682,7.37,1721.174,3.184,52.132,0.646,37.035,-88.134,-1718.517,WAI_MYS,Peter,Pomacentridae,Chromis,ternatensis,37372051,1,AD,Passing,
WAI_MYS_CAM1_left_1.MP4,27086,15.0628,WAI_MYS_Transect 2,2.1633,,1.697,0.289,1555.765,1.712,,,-5.72,-39.969,-1555.241,WAI_MYS,Peter,Pomacentridae,Chromis,ternatensis,37372051,1,AD,Passing,
WAI_MYS_CAM1_left_1.MP4,27086,15.0628,WAI_MYS_Transect 2,2.1633,,1.577,2.454,1492.62,2.918,,,-73.704,-12.565,-1490.747,WAI_MYS,Peter,Pomacentridae,Chromis,ternatensis,37372051,1,AD,Passing,
WAI_MYS_CAM1_left_1.MP4,27086,15.0628,WAI_MYS_Transect 2,2.1633,,1.637,7.216,1520.694,5.595,,,139.77,-43.461,-1513.633,WAI_MYS,Peter,Pomacentridae,Chromis,ternatensis,37372051,1,AD,Passing,
WAI_MYS_CAM1_left_1.MP4,27086,15.0628,WAI_MYS_Transect 2,2.1633,,1.771,4.952,1591.045,3.536,,,81.536,60.873,-1587.788,WAI_MYS,Peter,Pomacentridae,Chromis,ternatensis,37372051,1,AD,Passing,
WAI_MYS_CAM1_left_1.MP4,27086,15.0628,WAI_MYS_Transect 2,2.1633,,1.884,2.362,1647.682,3.708,,,84.473,71.49,-1643.962,WAI_MYS,Peter,Pomacentridae,Chromis,ternatensis,37372051,1,AD,Passing,
WAI_MYS_CAM1_left_1.MP4,27086,15.0628,WAI_MYS_Transect 2,2.1633,,3.039,3.502,2159.837,0.723,,,-11.528,33.275,-2159.55,WAI_MYS,Peter,Pomacentridae,Chromis,ternatensis,37372051,1,AD,Passing,
WAI_MYS_CAM1_left_1.MP4,27086,15.0628,WAI_MYS_Transect 2,2.1633,,2.266,2.271,1831.222,2.044,,,-32.921,63.659,-1829.819,WAI_MYS,Peter,Pomacentridae,Chromis,ternatensis,37372051,1,AD,Passing,
WAI_MYS_CAM1_left_1.MP4,27086,15.0628,WAI_MYS_Transect 2,2.1633,,2.795,3.408,2070.695,15.164,,,540.965,35.172,-1998.474,WAI_MYS,Peter,Pomacentridae,Chromis,ternatensis,37372051,1,AD,Passing,
WAI_MYS_CAM1_left_1.MP4,27086,15.0628,WAI_MYS_Transect 2,2.1633,,1.893,1.937,1649.099,10.172,,,288.653,45.154,-1623.012,WAI_MYS,Peter,Pomacentridae,Chromis,ternatensis,37372051,1,AD,Passing,
WAI_MYS_CAM1_left_1.MP4,27086,15.0628,WAI_MYS_Transect 2,2.1633,,2.25,0.496,1826.669,13.858,,,434.521,58.168,-1773.282,WAI_MYS,Peter,Pomacentridae,Chromis,ternatensis,37372051,1,AD,Passing,
WAI_MYS_CAM1_left_1.MP4,27086,15.0628,WAI_MYS_Transect 2,2.1633,,9.098,3.568,4058.297,22.171,,,1494.283,350.567,-3756.86,WAI_MYS,Peter,Pomacentridae,Chromis,ternatensis,37372051,1,AD,Passing,
WAI_MYS_CAM1_left_1.MP4,27086,15.0628,WAI_MYS_Transect 2,2.1633,,8.848,7.762,3965.084,21.327,,,1395.662,377.609,-3692.077,WAI_MYS,Peter,Pomacentridae,Chromis,ternatensis,37372051,1,AD,Passing,
WAI_MYS_CAM1_left_1.MP4,27086,15.0628,WAI_MYS_Transect 2,2.1633,,10.069,8.136,4208.976,19.878,,,1392.354,346.436,-3956.869,WAI_MYS,Peter,Pomacentridae,Chromis,ternatensis,37372051,1,AD,Passing,
WAI_MYS_CAM1_left_1.MP4,27086,15.0628,WAI_MYS_Transect 2,2.1633,,8.419,16.112,3969.704,23.745,,,1582.351,240.645,-3632.741,WAI_MYS,Peter,Pomacentridae,Chromis,ternatensis,37372051,1,AD,Passing,
WAI_MYS_CAM1_left_1.MP4,27086,15.0628,WAI_MYS_Transect 2,2.1633,,5.29,9.376,3193.195,26.572,,,1417.97,183.506,-2855.203,WAI_MYS,Peter,Pomacentridae,Chromis,ternatensis,37372051,1,AD,Passing,
WAI_MYS_CAM1_left_1.MP4,27086,15.0628,WAI_MYS_Transect 2,2.1633,,6.679,11.014,3406.864,19.969,,,1152.345,173.486,-3201.363,WAI_MYS,Peter,Pomacentridae,Chromis,ternatensis,37372051,1,AD,Passing,
WAI_MYS_CAM1_left_1.MP4,27086,15.0628,WAI_MYS_Transect 2,2.1633,,6.914,11.014,3502.68,21.112,,,1254.64,145.688,-3267.02,WAI_MYS,Peter,Pomacentridae,Chromis,ternatensis,37372051,1,AD,Passing,
WAI_MYS_CAM1_left_1.MP4,27086,15.0628,WAI_MYS_Transect 2,2.1633,,5.283,3.481,3232.962,27.43,,,1487.64,81.918,-2869.192,WAI_MYS,Peter,Pomacentridae,Chromis,ternatensis,37372051,1,AD,Passing,
WAI_MYS_CAM1_left_1.MP4,27086,15.0628,WAI_MYS_Transect 2,2.1633,,5.565,9.897,3355.108,28.095,,,1579.627,48.145,-2959.596,WAI_MYS,Peter,Pomacentridae,Chromis,ternatensis,37372051,1,AD,Passing,
WAI_MYS_CAM1_left_1.MP4,27086,15.0628,WAI_MYS_Transect 2,2.1633,,4.372,3.546,2901.717,27.06,,,1318.107,-61.813,-2584.325,WAI_MYS,Peter,Pomacentridae,Chromis,ternatensis,37372051,1,AD,Passing,
WAI_MYS_CAM1_left_1.MP4,27086,15.0628,WAI_MYS_Transect 2,2.1633,,3.888,2.978,2732.619,27.468,,,1257.62,-74.733,-2424.874,WAI_MYS,Peter,Pomacentridae,Chromis,ternatensis,37372051,1,AD,Passing,
WAI_MYS_CAM1_left_1.MP4,27086,15.0628,WAI_MYS_Transect 2,2.1633,,3.65,4.476,2494.819,21.937,,,931.321,-26.992,-2314.311,WAI_MYS,Peter,Pomacentridae,Chromis,ternatensis,37372051,1,AD,Passing,
WAI_MYS_CAM1_left_1.MP4,27086,15.0628,WAI_MYS_Transect 2,2.1633,,1.676,0.569,1584.184,20.933,,,533.159,-184.08,-1480.37,WAI_MYS,Peter,Pomacentridae,Chromis,ternatensis,37372051,1,AD,Passing,
WAI_MYS_CAM1_left_1.MP4,27086,15.0628,WAI_MYS_Transect 2,2.1633,,5.296,0.463,3172.383,26.153,,,1378.5,-223.072,-2848.507,WAI_MYS,Peter,Pomacentridae,Chromis,ternatensis,37372051,1,AD,Passing,
WAI_MYS_CAM1_left_1.MP4,27086,15.0628,WAI_MYS_Transect 2,2.1633,56.233,2.775,7.45,1992.005,24.95,1.121,24.467,791.504,-282.154,-1806.099,WAI_MYS,Peter,Pomacentridae,Pomacentrus,philippinus,37372123,1,AD,Passing,
WAI_MYS_CAM1_left_1.MP4,27163,15.1056,WAI_MYS_Transect 2,2.2061,76.652,4.241,4.509,1790.448,17.427,51.048,18.455,405.833,-350.462,-1708.268,WAI_MYS,Peter,Pomacentridae,Chromis,ternatensis,37372051,1,AD,Passing,
WAI_MYS_CAM1_left_1.MP4,27163,15.1056,WAI_MYS_Transect 2,2.2061,49.811,3.64,4.186,1579.958,14.789,54.179,10.1,180.833,-360.484,-1527.619,WAI_MYS,Peter,Pomacentridae,Chromis,ternatensis,37372051,1,AD,Passing,
WAI_MYS_CAM1_left_1.MP4,27163,15.1056,WAI_MYS_Transect 2,2.2061,93.078,3.24,0.552,1463.358,19.985,71.02,13.469,286.554,-409.902,-1375.24,WAI_MYS,Peter,Pomacentridae,Chromis,ternatensis,37372051,1,AD,Passing,
WAI_MYS_CAM1_left_1.MP4,27163,15.1056,WAI_MYS_Transect 2,2.2061,40.525,1.959,1.829,1649.239,25.931,4.892,26.102,596.859,-404.81,-1483.198,WAI_MYS,Peter,Pomacentridae,Chromis,ternatensis,37372051,1,AD,Passing,
WAI_MYS_CAM1_left_1.MP4,27163,15.1056,WAI_MYS_Transect 2,2.2061,,2.042,4.231,1730.567,12.684,,,-149.825,-342.519,-1689.703,WAI_MYS,Peter,Pomacentridae,Chromis,ternatensis,37372051,1,AD,Passing,
WAI_MYS_CAM1_left_1.MP4,27163,15.1056,WAI_MYS_Transect 2,2.2061,,2.205,1.403,1805.764,13.077,,,-54.037,-398.008,-1760.527,WAI_MYS,Peter,Pomacentridae,Chromis,ternatensis,37372051,1,AD,Passing,
WAI_MYS_CAM1_left_1.MP4,27163,15.1056,WAI_MYS_Transect 2,2.2061,,7.136,4.303,3419.519,19.591,,,-520.714,-1008.745,-3225.586,WAI_MYS,Peter,Pomacentridae,Chromis,ternatensis,37372051,1,AD,Passing,
WAI_MYS_CAM1_left_1.MP4,27163,15.1056,WAI_MYS_Transect 2,2.2061,,2.008,0.95,1752.833,22.02,,,543.993,-362.305,-1626.416,WAI_MYS,Peter,Pomacentridae,Chromis,ternatensis,37372051,1,AD,Passing,
WAI_MYS_CAM1_left_1.MP4,27163,15.1056,WAI_MYS_Transect 2,2.2061,92.766,3.36,7.353,2288.985,22.457,12.499,8.433,-635.978,-600.04,-2115.405,WAI_MYS,Peter,Labridae,Cirrhilabrus,punctatus,37384083,1,AD,Passing,
WAI_MYS_CAM1_left_1.MP4,27163,15.1056,WAI_MYS_Transect 2,2.2061,41.452,2.348,5.023,1907.653,16.073,12.934,16.295,339.1,-404.902,-1833.086,WAI_MYS,Peter,Pomacentridae,Dascyllus,reticulatus,37372074,1,AD,Passing,
WAI_MYS_CAM1_left_1.MP4,27163,15.1056,WAI_MYS_Transect 2,2.2061,60.203,3.572,2.131,2010.401,27.729,31.325,10.482,738.94,-573.564,-1779.524,WAI_MYS,Peter,Pomacentridae,Pomacentrus,callainus,temp_code_004,1,AD,Passing,
WAI_MYS_CAM1_left_1.MP4,27163,15.1056,WAI_MYS_Transect 2,2.2061,52.41,3.785,7.383,1830.534,12.43,42.752,33.761,34.758,-392.485,-1787.624,WAI_MYS,Peter,Pomacentridae,Pomacentrus,callainus,temp_code_004,1,AD,Passing,
WAI_MYS_CAM1_left_1.MP4,27163,15.1056,WAI_MYS_Transect 2,2.2061,,2.97,4.112,2121.749,10.28,,,28.97,-369.243,-2089.172,WAI_MYS,Peter,Pomacentridae,Pomacentrus,callainus,temp_code_004,1,AD,Passing,
WAI_MYS_CAM1_left_1.MP4,27211,15.1323,WAI_MYS_Transect 2,2.2328,118.245,3.028,2.324,1577.062,22.268,48.077,0.66,203.383,-561.945,-1459.445,WAI_MYS,Peter,Mullidae,Parupeneus,multifasciatus,37355026,1,AD,Passing,
WAI_MYS_CAM1_left_1.MP4,27230,15.1429,WAI_MYS_Transect 2,2.2434,124.096,9.776,4.47,2886.014,26.123,69.277,7.66,-1267.742,86.749,-2591.212,WAI_MYS,Peter,Labridae,Stethojulis,bandanensis,37384154,1,AD,Passing,
WAI_MYS_CAM1_left_1.MP4,27277,15.169,WAI_MYS_Transect 2,2.2695,81.82,4.782,6.054,2637.913,25.107,11.647,16.21,-1110.16,-142.545,-2388.684,WAI_MYS,Peter,Labridae,Stethojulis,bandanensis,37384154,1,AD,Passing,
WAI_MYS_CAM1_left_1.MP4,27277,15.169,WAI_MYS_Transect 2,2.2695,74.026,5.358,6.527,2871.897,22.377,32.485,48.189,-1093.038,24.64,-2655.645,WAI_MYS,Peter,Labridae,Stethojulis,bandanensis,37384154,1,AD,Passing,
WAI_MYS_CAM1_left_1.MP4,27301,15.1824,WAI_MYS_Transect 2,2.2828,50.714,3.883,8.558,2799.1,22.641,7.219,47.374,-1037.202,-291.966,-2583.395,WAI_MYS,Peter,Pomacentridae,Chromis,margaritifer,37372047,1,AD,Passing,
WAI_MYS_CAM1_left_1.MP4,27301,15.1824,WAI_MYS_Transect 2,2.2828,53.588,4.203,5.912,2536.055,16.803,15.73,29.765,-730.334,-63.796,-2427.78,WAI_MYS,Peter,Labridae,Stethojulis,bandanensis,37384154,1,AD,Passing,
WAI_MYS_CAM1_left_1.MP4,27301,15.1824,WAI_MYS_Transect 2,2.2828,,4.748,5.413,2806.592,14.515,,,-702.267,-29.749,-2717.149,WAI_MYS,Peter,Labridae,Stethojulis,bandanensis,37384154,1,AD,Passing,
WAI_MYS_CAM1_left_1.MP4,27301,15.1824,WAI_MYS_Transect 2,2.2828,,4.39,0.487,2680.573,13.748,,,-636.622,-13.048,-2603.846,WAI_MYS,Peter,Labridae,Stethojulis,bandanensis,37384154,1,AD,Passing,
WAI_MYS_CAM1_left_1.MP4,27301,15.1824,WAI_MYS_Transect 2,2.2828,68.233,5.794,4.514,3179.263,24.209,13.959,37.67,-1284.789,221.229,-2899.67,WAI_MYS,Peter,Labridae,Thalassoma,lunare,37384167,1,AD,Passing,
WAI_MYS_CAM1_left_1.MP4,27373,15.2224,WAI_MYS_Transect 2,2.3229,50.155,1.177,7.051,1165.936,14.877,20.186,7.859,-165.085,-249.712,-1126.853,WAI_MYS,Peter,Pomacentridae,Pomacentrus,callainus,temp_code_004,1,AD,Passing,
WAI_MYS_CAM1_left_1.MP4,27429,15.2536,WAI_MYS_Transect 2,2.354,145.698,4.671,3.964,2364.97,24.693,24.613,2.351,-980.336,-122.767,-2148.709,WAI_MYS,Peter,Scaridae,Chlorurus,spilurus,temp_code_002,1,AD,Passing,
WAI_MYS_CAM1_left_1.MP4,27436,15.2575,WAI_MYS_Transect 2,2.3579,155.081,2.416,8.732,2011.047,19.159,13.765,16.691,-284.406,-595.584,-1899.659,WAI_MYS,Peter,Acanthuridae,Acanthurus,nigrofuscus,37437014,1,AD,Passing,
WAI_MYS_CAM1_left_1.MP4,27436,15.2575,WAI_MYS_Transect 2,2.3579,60.995,2.397,10.285,1571.464,23.752,34.304,8.789,-423.993,-469.969,-1438.353,WAI_MYS,Peter,Pomacentridae,Pomacentrus,callainus,temp_code_004,1,AD,Passing,
WAI_MYS_CAM1_left_1.MP4,27517,15.3025,WAI_MYS_Transect 2,2.403,56.201,4.652,3.256,2082.619,24.541,42.179,8.931,587.764,-634.617,-1894.491,WAI_MYS,Peter,Pomacentridae,Chromis,ternatensis,37372051,1,AD,Passing,
WAI_MYS_CAM1_left_1.MP4,27517,15.3025,WAI_MYS_Transect 2,2.403,70.864,5.555,1.296,2039.572,24.506,64.51,7.694,634.264,-559.828,-1855.844,WAI_MYS,Peter,Pomacentridae,Chromis,ternatensis,37372051,1,AD,Passing,
WAI_MYS_CAM1_left_1.MP4,27517,15.3025,WAI_MYS_Transect 2,2.403,63.188,5.564,5.102,2246.325,22.921,41.321,0.762,637.376,-599.261,-2068.965,WAI_MYS,Peter,Pomacentridae,Chromis,ternatensis,37372051,1,AD,Passing,
WAI_MYS_CAM1_left_1.MP4,27517,15.3025,WAI_MYS_Transect 2,2.403,,3.151,1.853,2203.257,19.984,,,404.029,-627.181,-2073.101,WAI_MYS,Peter,Pomacentridae,Chromis,ternatensis,37372051,1,AD,Passing,
WAI_MYS_CAM1_left_1.MP4,27517,15.3025,WAI_MYS_Transect 2,2.403,,3.386,1.09,2294.987,19.732,,,543.136,-544.038,-2162.404,WAI_MYS,Peter,Pomacentridae,Chromis,ternatensis,37372051,1,AD,Passing,
WAI_MYS_CAM1_left_1.MP4,27517,15.3025,WAI_MYS_Transect 2,2.403,,2.679,2.026,2027.213,18.49,,,-27.225,-634.72,-1925.093,WAI_MYS,Peter,Pomacentridae,Chromis,ternatensis,37372051,1,AD,Passing,
WAI_MYS_CAM1_left_1.MP4,27517,15.3025,WAI_MYS_Transect 2,2.403,,2.112,0.952,1791.802,19.959,,,-180.971,-577.57,-1686.481,WAI_MYS,Peter,Pomacentridae,Chromis,ternatensis,37372051,1,AD,Passing,
WAI_MYS_CAM1_left_1.MP4,27517,15.3025,WAI_MYS_Transect 2,2.403,,2.345,0.339,1900.021,20.547,,,-202.993,-628.165,-1781.652,WAI_MYS,Peter,Pomacentridae,Chromis,ternatensis,37372051,1,AD,Passing,
WAI_MYS_CAM1_left_1.MP4,27517,15.3025,WAI_MYS_Transect 2,2.403,,3.289,1.594,2251.497,15.662,,,-158.241,-578.271,-2170.207,WAI_MYS,Peter,Pomacentridae,Chromis,ternatensis,37372051,1,AD,Passing,
WAI_MYS_CAM1_left_1.MP4,27517,15.3025,WAI_MYS_Transect 2,2.403,,3.641,2.536,2387.645,16.814,,,-394.092,-558.148,-2287.796,WAI_MYS,Peter,Pomacentridae,Chromis,ternatensis,37372051,1,AD,Passing,
WAI_MYS_CAM1_left_1.MP4,27517,15.3025,WAI_MYS_Transect 2,2.403,,4.057,1.251,2526.845,16.281,,,-394.622,-578.688,-2427.826,WAI_MYS,Peter,Pomacentridae,Chromis,ternatensis,37372051,1,AD,Passing,
WAI_MYS_CAM1_left_1.MP4,27517,15.3025,WAI_MYS_Transect 2,2.403,,4.07,3.713,2523.368,15.098,,,-254.105,-596.511,-2438.645,WAI_MYS,Peter,Pomacentridae,Chromis,ternatensis,37372051,1,AD,Passing,
WAI_MYS_CAM1_left_1.MP4,27517,15.3025,WAI_MYS_Transect 2,2.403,,4.648,0.509,2707.406,12.5,,,-234.84,-526.403,-2645.335,WAI_MYS,Peter,Pomacentridae,Chromis,ternatensis,37372051,1,AD,Passing,
WAI_MYS_CAM1_left_1.MP4,27517,15.3025,WAI_MYS_Transect 2,2.403,,4.82,3.751,2751.029,12.62,,,157.48,-569.429,-2686.84,WAI_MYS,Peter,Pomacentridae,Chromis,ternatensis,37372051,1,AD,Passing,
WAI_MYS_CAM1_left_1.MP4,27517,15.3025,WAI_MYS_Transect 2,2.403,,9.626,7.538,3954.204,15.61,,,317.35,-1000.487,-3812.354,WAI_MYS,Peter,Pomacentridae,Chromis,ternatensis,37372051,1,AD,Passing,
WAI_MYS_CAM1_left_1.MP4,27517,15.3025,WAI_MYS_Transect 2,2.403,,2.82,3.503,2080.519,18.977,,,128.498,-656.442,-1970.058,WAI_MYS,Peter,Pomacentridae,Chromis,ternatensis,37372051,1,AD,Passing,
WAI_MYS_CAM1_left_1.MP4,27517,15.3025,WAI_MYS_Transect 2,2.403,,4.504,4.478,2822.595,26.743,,,1067.607,-678.06,-2523.389,WAI_MYS,Peter,Pomacentridae,Pomacentrus,philippinus,37372123,1,AD,Passing,
WAI_MYS_CAM1_left_1.MP4,27639,15.3704,WAI_MYS_Transect 2,2.4708,57.425,3.542,6.708,2474.058,22.967,10.37,19.341,597.088,-758.572,-2277.942,WAI_MYS,Peter,Pomacentridae,Pomacentrus,callainus,temp_code_004,1,AD,Passing,
WAI_MYS_CAM1_left_1.MP4,27639,15.3704,WAI_MYS_Transect 2,2.4708,,3.821,0.008,2462.339,22.582,,,483.422,-803.605,-2276.76,WAI_MYS,Peter,Pomacentridae,Pomacentrus,callainus,temp_code_004,1,AD,Passing,
WAI_MYS_CAM1_left_1.MP4,27707,15.4082,WAI_MYS_Transect 2,2.5086,149.073,9.54,12.129,4000.769,24.484,2.914,7.893,-1548.883,-591.72,-3641.014,WAI_MYS,Peter,Scaridae,Chlorurus,spilurus,temp_code_002,1,AD,Passing,
WAI_MYS_CAM1_left_1.MP4,27719,15.4148,WAI_MYS_Transect 2,2.5153,66.77,3.054,1.437,2235.403,25.754,0.335,10.881,713.032,-659.564,-2013.352,WAI_MYS,Peter,Pomacentridae,Chromis,margaritifer,37372047,1,AD,Passing,
WAI_MYS_CAM1_left_1.MP4,27739,15.426,WAI_MYS_Transect 2,2.5264,328.663,18.761,6.509,3637.132,20.454,65.057,13.852,1242.763,-266.577,-3407.815,WAI_MYS,Peter,Lutjanidae,Lutjanus,gibbus,37346028,1,AD,Passing,
WAI_MYS_CAM1_left_1.MP4,27753,15.4338,WAI_MYS_Transect 2,2.5342,411.094,25.902,10.85,3998.768,18.707,84.635,12.251,1244.405,-310.419,-3787.511,WAI_MYS,Peter,Lutjanidae,Lutjanus,gibbus,37346028,1,AD,Passing,
WAI_MYS_CAM1_left_1.MP4,35485,19.7336,WAI_MYS_Transect 3,0.2514,190.161,5.101,7.208,2310.822,21.696,31.518,2.443,-853.934,-23.7,-2147.122,WAI_MYS,Peter,Acanthuridae,Acanthurus,nigrofuscus,37437014,1,AD,Passing,
WAI_MYS_CAM1_left_1.MP4,35513,19.7492,WAI_MYS_Transect 3,0.2669,87.502,5.936,10.449,3056.055,28.2,9.699,28.563,1427.48,-218.857,-2693.302,WAI_MYS,Peter,Acanthuridae,Ctenochaetus,striatus,37437022,1,AD,Passing,
WAI_MYS_CAM1_left_1.MP4,35544,19.7664,WAI_MYS_Transect 3,0.2842,101.258,9.6,8.192,2840.758,28.407,89.959,12.356,1321.261,-284.046,-2498.699,WAI_MYS,Peter,Cirrhitidae,Paracirrhites,forsteri,37374010,1,AD,Passing,
WAI_MYS_CAM1_left_1.MP4,35555,19.7725,WAI_MYS_Transect 3,0.2903,69.418,3.867,11.997,2789.918,13.961,11.291,5.429,281.049,-611.642,-2707.498,WAI_MYS,Peter,Acanthuridae,Zebrasoma,scopas,37437036,1,AD,Passing,
WAI_MYS_CAM1_left_1.MP4,35555,19.7725,WAI_MYS_Transect 3,0.2903,68.945,3.875,12.588,3147.049,11.564,5.682,43.18,93.817,-623.852,-3083.168,WAI_MYS,Peter,Acanthuridae,Zebrasoma,scopas,37437036,1,AD,Passing,
WAI_MYS_CAM1_left_1.MP4,35567,19.7792,WAI_MYS_Transect 3,0.297,192.381,10.866,6.623,3234.165,27.745,53.308,3.49,-1289.907,-776.572,-2862.324,WAI_MYS,Peter,Acanthuridae,Acanthurus,nigrofuscus,37437014,1,AD,Passing,
WAI_MYS_CAM1_left_1.MP4,35567,19.7792,WAI_MYS_Transect 3,0.297,219.703,8.52,0.979,2529.429,26.073,87.933,7.118,-841.029,-727.054,-2272.019,WAI_MYS,Peter,Acanthuridae,Ctenochaetus,striatus,37437022,1,AD,Passing,
WAI_MYS_CAM1_left_1.MP4,35748,19.8799,WAI_MYS_Transect 3,0.3976,181.144,8.106,12.545,2973.455,20.465,35.271,29.984,1013.026,233.645,-2785.789,WAI_MYS,Peter,Acanthuridae,Ctenochaetus,striatus,37437022,1,AD,Passing,
WAI_MYS_CAM1_left_1.MP4,35766,19.8899,WAI_MYS_Transect 3,0.4076,59.248,2.458,2.202,1833.242,9.28,16.741,17.221,-295.626,-2.607,-1809.247,WAI_MYS,Peter,Pomacentridae,Pomacentrus,callainus,temp_code_004,1,AD,Passing,
WAI_MYS_CAM1_left_1.MP4,35773,19.8938,WAI_MYS_Transect 3,0.4115,47.257,3.879,3.752,2079.233,24.982,26.106,1.941,829.245,288.951,-1884.694,WAI_MYS,Peter,Pomacentridae,Chromis,margaritifer,37372047,1,AD,Passing,
WAI_MYS_CAM1_left_1.MP4,35773,19.8938,WAI_MYS_Transect 3,0.4115,,7.473,1.319,3569.628,22.327,,,-892.525,1034.034,-3297.942,WAI_MYS,Peter,Pomacentridae,Chromis,margaritifer,37372047,1,AD,Passing,
WAI_MYS_CAM1_left_1.MP4,35773,19.8938,WAI_MYS_Transect 3,0.4115,,7.082,0.978,3530.325,22.501,,,-1097.353,801.091,-3258.415,WAI_MYS,Peter,Pomacentridae,Chromis,margaritifer,37372047,1,AD,Passing,
WAI_MYS_CAM1_left_1.MP4,35773,19.8938,WAI_MYS_Transect 3,0.4115,,9.594,1.244,4052.154,21.011,,,-1034.799,1034.843,-3778.656,WAI_MYS,Peter,Pomacentridae,Chromis,margaritifer,37372047,1,AD,Passing,
WAI_MYS_CAM1_left_1.MP4,35773,19.8938,WAI_MYS_Transect 3,0.4115,,12.363,1.214,4525.758,17.81,,,-662.931,1232.251,-4304.018,WAI_MYS,Peter,Pomacentridae,Chromis,margaritifer,37372047,1,AD,Passing,
WAI_MYS_CAM1_left_1.MP4,35773,19.8938,WAI_MYS_Transect 3,0.4115,,14.662,5.582,4952.099,19.348,,,-652.766,1523.739,-4666.412,WAI_MYS,Peter,Pomacentridae,Chromis,margaritifer,37372047,1,AD,Passing,
WAI_MYS_CAM1_left_1.MP4,35773,19.8938,WAI_MYS_Transect 3,0.4115,,11.152,0.074,4334.829,20.905,,,-855.624,1304.605,-4044.337,WAI_MYS,Peter,Pomacentridae,Chromis,margaritifer,37372047,1,AD,Passing,
WAI_MYS_CAM1_left_1.MP4,35773,19.8938,WAI_MYS_Transect 3,0.4115,,9.587,3.429,3958.962,15.423,,,-409.079,985.224,-3812.528,WAI_MYS,Peter,Pomacentridae,Chromis,margaritifer,37372047,1,AD,Passing,
WAI_MYS_CAM1_left_1.MP4,35773,19.8938,WAI_MYS_Transect 3,0.4115,,4.59,1.243,2751.695,17.8,,,-731.052,426.517,-2618.295,WAI_MYS,Peter,Pomacentridae,Chromis,margaritifer,37372047,1,AD,Passing,
WAI_MYS_CAM1_left_1.MP4,35773,19.8938,WAI_MYS_Transect 3,0.4115,,9.47,1.091,3932.068,15.211,,,155.604,1034.93,-3790.234,WAI_MYS,Peter,Pomacentridae,Chromis,margaritifer,37372047,1,AD,Passing,
WAI_MYS_CAM1_left_1.MP4,35773,19.8938,WAI_MYS_Transect 3,0.4115,,8.302,0.64,3714.829,20.277,,,-26.684,1300.933,-3479.485,WAI_MYS,Peter,Pomacentridae,Chromis,ternatensis,37372051,1,AD,Passing,
WAI_MYS_CAM1_left_1.MP4,35773,19.8938,WAI_MYS_Transect 3,0.4115,,6.433,0.573,3233.892,18.617,,,5.347,1044.502,-3060.562,WAI_MYS,Peter,Pomacentridae,Chromis,ternatensis,37372051,1,AD,Passing,
WAI_MYS_CAM1_left_1.MP4,35773,19.8938,WAI_MYS_Transect 3,0.4115,,6.851,2.452,3324.05,15.089,,,0.553,878.019,-3205.992,WAI_MYS,Peter,Pomacentridae,Chromis,ternatensis,37372051,1,AD,Passing,
WAI_MYS_CAM1_left_1.MP4,35773,19.8938,WAI_MYS_Transect 3,0.4115,,5.862,2.16,3060.535,19.904,,,485.385,933.376,-2874.037,WAI_MYS,Peter,Pomacentridae,Chromis,ternatensis,37372051,1,AD,Passing,
WAI_MYS_CAM1_left_1.MP4,35773,19.8938,WAI_MYS_Transect 3,0.4115,,6.53,1.051,3217.432,15.864,,,457.167,763.608,-3091.888,WAI_MYS,Peter,Pomacentridae,Chromis,ternatensis,37372051,1,AD,Passing,
WAI_MYS_CAM1_left_1.MP4,35773,19.8938,WAI_MYS_Transect 3,0.4115,,5.121,0.551,2833.056,15.142,,,305.174,685.018,-2732,WAI_MYS,Peter,Pomacentridae,Chromis,ternatensis,37372051,1,AD,Passing,
WAI_MYS_CAM1_left_1.MP4,35773,19.8938,WAI_MYS_Transect 3,0.4115,,34.998,6.559,7676.133,17.903,,,1847.082,1497.499,-7298.548,WAI_MYS,Peter,Acanthuridae,Naso,hexacanthus,37437028,1,AD,Passing,
WAI_MYS_CAM1_left_1.MP4,35773,19.8938,WAI_MYS_Transect 3,0.4115,,37.298,4.14,7916.654,18.488,,,1879.775,1693.622,-7501.433,WAI_MYS,Peter,Acanthuridae,Naso,hexacanthus,37437028,1,AD,Passing,
WAI_MYS_CAM1_left_1.MP4,35835,19.9282,WAI_MYS_Transect 3,0.446,70.524,1.865,6.901,1341.695,18.365,29.381,1.26,340.023,-251.169,-1273.359,WAI_MYS,Peter,Pomacentridae,Pomacentrus,callainus,temp_code_004,1,AD,Passing,
WAI_MYS_CAM1_left_1.MP4,35904,19.9666,WAI_MYS_Transect 3,0.4844,182.406,7.325,7.569,2326.824,15.772,50.115,8.803,-554.698,-303.806,-2239.224,WAI_MYS,Peter,Siganidae,Siganus,uspi,temp_code_007,1,AD,Passing,
WAI_MYS_CAM1_left_1.MP4,35919,19.975,WAI_MYS_Transect 3,0.4927,70.639,4.166,4.428,1822.622,13.77,40.572,0.071,326.895,-285.225,-1770.236,WAI_MYS,Peter,Scaridae,Chlorurus,spilurus,temp_code_002,1,AD,Passing,
WAI_MYS_CAM1_left_1.MP4,35919,19.975,WAI_MYS_Transect 3,0.4927,52.847,4.864,6.737,2342.31,19.829,25.129,6.479,694.722,-385.556,-2203.435,WAI_MYS,Peter,Acanthuridae,Zebrasoma,scopas,37437036,1,AD,Passing,
WAI_MYS_CAM1_left_1.MP4,35935,19.9839,WAI_MYS_Transect 3,0.5016,,26.066,5.638,6818.613,22.75,,,-1909.138,1843.66,-6280.891,WAI_MYS,Peter,Acanthuridae,Naso,unicornis,37437031,1,AD,Passing,
WAI_MYS_CAM1_left_1.MP4,35935,19.9839,WAI_MYS_Transect 3,0.5016,,28.212,5.699,7162.185,23.973,,,-2141.437,1996.363,-6536.489,WAI_MYS,Peter,Acanthuridae,Naso,unicornis,37437031,1,AD,Passing,
WAI_MYS_CAM1_left_1.MP4,35965,20.0005,WAI_MYS_Transect 3,0.5183,49.628,4.772,4.49,2626.257,29.365,19.639,9.898,-1092.016,682.646,-2288.825,WAI_MYS,Peter,Pomacentridae,Chromis,margaritifer,37372047,1,AD,Passing,
WAI_MYS_CAM1_left_1.MP4,35965,20.0005,WAI_MYS_Transect 3,0.5183,,4.334,0.648,2650.187,20.696,,,-537.713,776.712,-2476.1,WAI_MYS,Peter,Pomacentridae,Chromis,margaritifer,37372047,1,AD,Passing,
WAI_MYS_CAM1_left_1.MP4,35988,20.0133,WAI_MYS_Transect 3,0.5311,40.043,2.085,7.051,1330.503,4.738,37.535,21.305,-108.762,-15.715,-1325.957,WAI_MYS,Peter,Pomacentridae,Pomacentrus,callainus,temp_code_004,1,AD,Passing,
WAI_MYS_CAM1_left_1.MP4,35988,20.0133,WAI_MYS_Transect 3,0.5311,34.514,1.42,7.157,1762.447,1.692,1.491,11.145,51.991,-2.251,-1761.678,WAI_MYS,Peter,Pomacentridae,Pomacentrus,philippinus,37372123,1,AD,Passing,
WAI_MYS_CAM1_left_1.MP4,36000,20.02,WAI_MYS_Transect 3,0.5378,,3.505,4.777,2464.31,21.579,,,-867.511,271.514,-2290.53,WAI_MYS,Peter,Pomacentridae,Pomacentrus,coelestis,37372111,1,AD,Passing,
WAI_MYS_CAM1_left_1.MP4,36031,20.0372,WAI_MYS_Transect 3,0.555,36.922,2.008,3.515,1332.11,8.188,35.467,21.71,163.132,-96.884,-1318.529,WAI_MYS,Peter,Pomacentridae,Chromis,atripes,37372037,1,AD,Passing,
WAI_MYS_CAM1_left_1.MP4,36031,20.0372,WAI_MYS_Transect 3,0.555,59.976,1.227,4.995,1072.502,14.086,31.211,4.856,146.491,-216.037,-1040.254,WAI_MYS,Peter,Pomacentridae,Pomacentrus,callainus,temp_code_004,1,AD,Passing,
WAI_MYS_CAM1_left_1.MP4,36031,20.0372,WAI_MYS_Transect 3,0.555,99.403,1.684,6.215,1092.62,22.12,66.92,1.991,220.02,-347.647,-1012.201,WAI_MYS,Peter,Acanthuridae,Zebrasoma,scopas,37437036,1,AD,Passing,
WAI_MYS_CAM1_left_1.MP4,36031,20.0372,WAI_MYS_Transect 3,0.555,83.811,3.702,5.8,1476.149,11.746,66.853,0.808,219.593,-205.138,-1445.239,WAI_MYS,Peter,Acanthuridae,Zebrasoma,scopas,37437036,1,AD,Passing,
WAI_MYS_CAM1_left_1.MP4,36031,20.0372,WAI_MYS_Transect 3,0.555,64.656,1.942,4.571,1248.715,13.005,50.59,33.076,6.749,-280.929,-1216.685,WAI_MYS,Peter,Acanthuridae,Zebrasoma,scopas,37437036,1,AD,Passing,
WAI_MYS_CAM1_left_1.MP4,36065,20.0561,WAI_MYS_Transect 3,0.5739,58.056,2.481,5.868,1356.967,3.263,42.374,4.525,-9.75,-76.625,-1354.767,WAI_MYS,Peter,Pomacentridae,Chromis,ternatensis,37372051,1,AD,Passing,
WAI_MYS_CAM1_left_1.MP4,36065,20.0561,WAI_MYS_Transect 3,0.5739,26.348,1.85,6.514,1339.351,6.106,27.929,3.237,-141.906,12.609,-1331.753,WAI_MYS,Peter,Pomacentridae,Chromis,ternatensis,37372051,1,AD,Passing,
WAI_MYS_CAM1_left_1.MP4,36065,20.0561,WAI_MYS_Transect 3,0.5739,,1.52,1.462,1461.451,3.813,,,-83.515,55.476,-1458.007,WAI_MYS,Peter,Pomacentridae,Chromis,ternatensis,37372051,1,AD,Passing,
WAI_MYS_CAM1_left_1.MP4,36065,20.0561,WAI_MYS_Transect 3,0.5739,,1.375,1.884,1382.285,8.768,,,-209.646,26.429,-1366.039,WAI_MYS,Peter,Pomacentridae,Chromis,ternatensis,37372051,1,AD,Passing,
WAI_MYS_CAM1_left_1.MP4,36079,20.0639,WAI_MYS_Transect 3,0.5817,,1.36,7.436,1378.846,12.254,,,-249.226,-148.054,-1348.03,WAI_MYS,Peter,Pomacentridae,Chromis,ternatensis,37372051,1,AD,Passing,
WAI_MYS_CAM1_left_1.MP4,36079,20.0639,WAI_MYS_Transect 3,0.5817,,1.333,6.941,1369.071,14.585,,,-284.494,-189.47,-1325.714,WAI_MYS,Peter,Pomacentridae,Chromis,ternatensis,37372051,1,AD,Passing,
WAI_MYS_CAM1_left_1.MP4,36096,20.0734,WAI_MYS_Transect 3,0.5911,77.785,2.467,10.986,1565.591,21.5,65.415,46.913,-539.515,195.338,-1456.654,WAI_MYS,Peter,Pomacentridae,Pomacentrus,callainus,temp_code_004,1,AD,Passing,
WAI_MYS_CAM1_left_1.MP4,36144,20.1001,WAI_MYS_Transect 3,0.6178,,6.628,0.007,3585.899,24.893,,,-1441.829,459.429,-3250.957,WAI_MYS,Peter,Pomacentridae,Chromis,margaritifer,37372047,1,AD,Passing,
WAI_MYS_CAM1_left_1.MP4,36198,20.1301,WAI_MYS_Transect 3,0.6479,69.772,4.254,12.81,2511.662,7.713,18.03,17.781,174.277,-288.533,-2488.94,WAI_MYS,Peter,Pomacentridae,Pomacentrus,callainus,temp_code_004,1,AD,Passing,
WAI_MYS_CAM1_left_1.MP4,36240,20.1535,WAI_MYS_Transect 3,0.6712,,18.817,8.675,5817.96,21.676,,,2007.701,787.519,-5403.481,WAI_MYS,Peter,Pomacanthidae,Centropyge,heraldi,37385027,1,AD,Passing,
WAI_MYS_CAM1_left_1.MP4,36240,20.1535,WAI_MYS_Transect 3,0.6712,,12.373,12.461,4565.35,12.639,,,961.505,288.613,-4453.609,WAI_MYS,Peter,Pomacanthidae,Centropyge,flavissima,37365026,1,AD,Passing,
WAI_MYS_CAM1_left_1.MP4,36240,20.1535,WAI_MYS_Transect 3,0.6712,79.651,4.44,5.523,2073.799,21.091,36.169,2.907,335.159,-666.776,-1934.869,WAI_MYS,Peter,Pomacentridae,Chrysiptera,glauca,37372062,1,AD,Passing,
WAI_MYS_CAM1_left_1.MP4,36283,20.1774,WAI_MYS_Transect 3,0.6951,,15.455,7.483,5043.745,15.516,,,1017.529,905.352,-4856.371,WAI_MYS,Peter,Pomacentridae,Chromis,margaritifer,37372047,1,AD,Passing,
WAI_MYS_CAM1_left_1.MP4,36283,20.1774,WAI_MYS_Transect 3,0.6951,,14.795,10.075,4936.21,15.672,,,1025.224,871.463,-4749.278,WAI_MYS,Peter,Pomacentridae,Chromis,margaritifer,37372047,1,AD,Passing,
WAI_MYS_CAM1_left_1.MP4,36283,20.1774,WAI_MYS_Transect 3,0.6951,,13.894,7.122,4781.581,18.253,,,1061.389,1074.564,-4536.77,WAI_MYS,Peter,Pomacentridae,Chromis,margaritifer,37372047,1,AD,Passing,
WAI_MYS_CAM1_left_1.MP4,36283,20.1774,WAI_MYS_Transect 3,0.6951,,15.397,11.077,5058.315,19.665,,,1218.106,1207.951,-4758.531,WAI_MYS,Peter,Pomacentridae,Dascyllus,reticulatus,37372074,1,AD,Passing,
WAI_MYS_CAM1_left_1.MP4,36283,20.1774,WAI_MYS_Transect 3,0.6951,,14.69,12.051,4943.728,20.66,,,1183.555,1299.587,-4620.683,WAI_MYS,Peter,Pomacentridae,Dascyllus,reticulatus,37372074,1,AD,Passing,
WAI_MYS_CAM1_left_1.MP4,36283,20.1774,WAI_MYS_Transect 3,0.6951,,17.453,0.66,5425.746,22.462,,,1339.609,1601.851,-5007.818,WAI_MYS,Peter,Scaridae,Scarus,psittacus,37386024,1,AD,Passing,
WAI_MYS_CAM1_left_1.MP4,36287,20.1796,WAI_MYS_Transect 3,0.6974,,10.304,3.494,4804.628,28.041,,,-2257.776,80.923,-4240.324,WAI_MYS,Peter,Acanthuridae,Ctenochaetus,striatus,37437022,1,AD,Passing,
WAI_MYS_CAM1_left_1.MP4,36311,20.193,WAI_MYS_Transect 3,0.7107,,10.671,4.538,4533.887,27.757,,,1890.82,955.715,-4008.433,WAI_MYS,Peter,Scaridae,Chlorurus,spilurus,temp_code_002,1,AD,Passing,
WAI_MYS_CAM1_left_1.MP4,36348,20.2135,WAI_MYS_Transect 3,0.7313,71.257,3.25,15.048,2165.546,26.237,8.651,1.881,-844.106,-451.644,-1942.444,WAI_MYS,Peter,Chaetodontidae,Chaetodon,citrinellus,37365036,1,AD,Passing,
WAI_MYS_CAM1_left_1.MP4,36348,20.2135,WAI_MYS_Transect 3,0.7313,51.624,2.926,12.69,1592.59,24.337,61.715,27.179,-548.106,-360.984,-1451.073,WAI_MYS,Peter,Pomacentridae,Chromis,margaritifer,37372047,1,AD,Passing,
WAI_MYS_CAM1_left_1.MP4,36377,20.2297,WAI_MYS_Transect 3,0.7474,174.26,10.294,7.193,3985.443,29.034,4.083,0.752,1816.32,-665.037,-3484.603,WAI_MYS,Peter,Acanthuridae,Acanthurus,nigrofuscus,37437014,1,AD,Passing,
WAI_MYS_CAM1_left_1.MP4,36475,20.2842,WAI_MYS_Transect 3,0.8019,68.431,4.338,6.67,1901.373,17.042,45.354,19.938,-440.928,-340.758,-1817.88,WAI_MYS,Peter,Pomacentridae,Chromis,margaritifer,37372047,1,AD,Passing,
WAI_MYS_CAM1_left_1.MP4,36519,20.3086,WAI_MYS_Transect 3,0.8264,40.241,2.233,6.258,1556.202,16.941,28.667,2.412,-65.788,-448.671,-1488.668,WAI_MYS,Peter,Pomacentridae,Chromis,margaritifer,37372047,1,AD,Passing,
WAI_MYS_CAM1_left_1.MP4,36519,20.3086,WAI_MYS_Transect 3,0.8264,63.93,5.56,7.378,1841.432,19.88,89.134,0.57,-243.894,-576.718,-1731.699,WAI_MYS,Peter,Pomacentridae,Pomacentrus,vaiuli,37372126,1,AD,Passing,
WAI_MYS_CAM1_left_1.MP4,36519,20.3086,WAI_MYS_Transect 3,0.8264,71.858,1.533,8.507,1638.052,22.468,10.622,11.404,-224.288,-584.446,-1513.714,WAI_MYS,Peter,Scaridae,Scarus,frenatus,37386016,1,AD,Passing,
WAI_MYS_CAM1_left_1.MP4,36554,20.3281,WAI_MYS_Transect 3,0.8458,,4.786,9.665,3087.889,28.179,,,-1319.508,-609.902,-2724.33,WAI_MYS,Peter,Chaetodontidae,Chaetodon,baronessa,37365034,1,AD,Passing,
WAI_MYS_CAM1_left_1.MP4,36566,20.3348,WAI_MYS_Transect 3,0.8525,218.335,15.112,7.057,3795.054,22.108,46.785,20.992,-1398.443,-290.468,-3516.023,WAI_MYS,Peter,Acanthuridae,Ctenochaetus,striatus,37437022,1,AD,Passing,
WAI_MYS_CAM1_left_1.MP4,36571,20.3375,WAI_MYS_Transect 3,0.8553,186.624,6.239,9.511,3576.496,12.323,8.927,5.611,-617.849,-448.254,-3494.088,WAI_MYS,Peter,Acanthuridae,Ctenochaetus,striatus,37437022,1,AD,Passing,
WAI_MYS_CAM1_left_1.MP4,36571,20.3375,WAI_MYS_Transect 3,0.8553,231.917,16.937,10.284,6241.598,3.569,11.556,5.432,201.692,-332.137,-6229.49,WAI_MYS,Peter,Lutjanidae,Lutjanus,gibbus,37346028,1,AD,Passing,
WAI_MYS_CAM1_left_1.MP4,36597,20.352,WAI_MYS_Transect 3,0.8698,46.616,1.63,1.355,1088.518,22.523,72.094,18.646,190.317,-370.985,-1005.495,WAI_MYS,Peter,Pomacentridae,Chrysiptera,glauca,37372062,1,AD,Passing,
WAI_MYS_CAM1_left_1.MP4,36613,20.3609,WAI_MYS_Transect 3,0.8787,89.152,5.312,8.275,2223.854,22.397,41.079,2.379,-486.076,-694.073,-2056.093,WAI_MYS,Peter,Scaridae,Scarus,schlegeli,37386029,1,AD,Passing,
WAI_MYS_CAM1_left_1.MP4,36631,20.3709,WAI_MYS_Transect 3,0.8887,55.487,2.536,8.06,2363.036,17.229,0.715,6.994,-396.239,-576.939,-2257.005,WAI_MYS,Peter,Pomacentridae,Chrysiptera,brownriggi,37372064,1,AD,Passing,
WAI_MYS_CAM1_left_1.MP4,36631,20.3709,WAI_MYS_Transect 3,0.8887,60.325,2.775,8.014,2137.968,19.559,12.576,7.458,-424.362,-576.376,-2014.601,WAI_MYS,Peter,Labridae,Oxycheilinus,sp,,1,AD,Passing,
WAI_MYS_CAM1_left_1.MP4,36635,20.3731,WAI_MYS_Transect 3,0.8909,75.556,1.702,3.783,1399.848,21.635,29.999,29.946,-93.593,-507.563,-1301.228,WAI_MYS,Peter,Labridae,Thalassoma,hardwicke,37384165,1,AD,Passing,
WAI_MYS_CAM1_left_1.MP4,36699,20.4087,WAI_MYS_Transect 3,0.9265,101.368,3.832,2.851,2245.35,27.719,22.651,6.313,754.098,-722.574,-1987.667,WAI_MYS,Peter,Chaetodontidae,Chaetodon,trifascialis,37365058,1,AD,Passing,
WAI_MYS_CAM1_left_1.MP4,36824,20.4782,WAI_MYS_Transect 3,0.996,,9.657,0.68,4735.874,30.088,,,-2340.333,416.129,-4096.118,WAI_MYS,Peter,Pomacentridae,Chromis,margaritifer,37372047,1,AD,Passing,
WAI_MYS_CAM1_left_1.MP4,36824,20.4782,WAI_MYS_Transect 3,0.996,,12.073,2.35,5055.052,27.241,,,-2229.132,638.233,-4491.901,WAI_MYS,Peter,Pomacentridae,Chromis,margaritifer,37372047,1,AD,Passing,
WAI_MYS_CAM1_left_1.MP4,36824,20.4782,WAI_MYS_Transect 3,0.996,,19.549,8.773,6252.441,24.568,,,-2471.479,828.43,-5683.178,WAI_MYS,Peter,Pomacentridae,Chromis,margaritifer,37372047,1,AD,Passing,
WAI_MYS_CAM1_left_1.MP4,36824,20.4782,WAI_MYS_Transect 3,0.996,,7.294,6.843,3434.442,9.334,,,397.552,403.578,-3387.399,WAI_MYS,Peter,Pomacentridae,Chromis,margaritifer,37372047,1,AD,Passing,
WAI_MYS_CAM1_left_1.MP4,36824,20.4782,WAI_MYS_Transect 3,0.996,,10.248,11.564,4102.817,12.815,,,783.444,478.892,-3998.748,WAI_MYS,Peter,Pomacentridae,Chromis,margaritifer,37372047,1,AD,Passing,
WAI_MYS_CAM1_left_1.MP4,36824,20.4782,WAI_MYS_Transect 3,0.996,,9.103,10.079,3872.983,17.157,,,971.196,616.332,-3698.231,WAI_MYS,Peter,Pomacentridae,Chromis,margaritifer,37372047,1,AD,Passing,
WAI_MYS_CAM1_left_1.MP4,36865,20.501,WAI_MYS_Transect 3,1.0188,,10.936,8.761,4450.539,17.262,,,-1320.159,52.537,-4249.908,WAI_MYS,Peter,Pomacentridae,Pomacentrus,callainus,temp_code_004,1,AD,Passing,
WAI_MYS_CAM1_left_1.MP4,36912,20.5272,WAI_MYS_Transect 3,1.0449,49.37,3.095,4.765,2348.48,15.158,12.762,32.265,-347.245,-506.494,-2266.77,WAI_MYS,Peter,Pomacanthidae,Centropyge,flavissima,37365026,1,AD,Passing,
WAI_MYS_CAM1_left_1.MP4,36912,20.5272,WAI_MYS_Transect 3,1.0449,,2.015,4.337,1736.35,18.117,,,-18.329,-533.083,-1652.391,WAI_MYS,Peter,Pomacentridae,Chrysiptera,glauca,37372062,1,AD,Passing,
WAI_MYS_CAM1_left_1.MP4,36926,20.535,WAI_MYS_Transect 3,1.0527,59.888,1.841,6.76,1977.788,8.025,2.958,30.26,-229.642,153.269,-1958.422,WAI_MYS,Peter,Pomacentridae,Chromis,margaritifer,37372047,1,AD,Passing,
WAI_MYS_CAM1_left_1.MP4,36958,20.5528,WAI_MYS_Transect 3,1.0705,30.779,1.432,8.689,1302.322,16.302,40.942,57.733,-291.301,-220.871,-1249.961,WAI_MYS,Peter,Pomacentridae,Chromis,ternatensis,37372051,1,AD,Passing,
WAI_MYS_CAM1_left_1.MP4,36958,20.5528,WAI_MYS_Transect 3,1.0705,78.526,2.786,3.212,1689.862,18.064,27.51,5.15,-506.621,-133.76,-1606.573,WAI_MYS,Peter,Labridae,Thalassoma,lunare,37384167,1,AD,Passing,
WAI_MYS_CAM1_left_1.MP4,36968,20.5583,WAI_MYS_Transect 3,1.0761,68.132,2.449,12.415,1775.287,16.329,17.853,27.821,498.165,30.951,-1703.677,WAI_MYS,Peter,Pomacentridae,Pomacentrus,callainus,temp_code_004,1,AD,Passing,
WAI_MYS_CAM1_left_1.MP4,36968,20.5583,WAI_MYS_Transect 3,1.0761,43.443,2.562,8.397,1520.779,22.211,45.474,26.845,557.566,-140.054,-1407.933,WAI_MYS,Peter,Pomacentridae,Pomacentrus,callainus,temp_code_004,1,AD,Passing,
WAI_MYS_CAM1_left_1.MP4,36968,20.5583,WAI_MYS_Transect 3,1.0761,63.56,4.18,10.394,1855.969,24.301,70.162,24.361,-658.105,387.668,-1691.518,WAI_MYS,Peter,Pomacentridae,Pomacentrus,callainus,temp_code_004,1,AD,Passing,
WAI_MYS_CAM1_left_1.MP4,36968,20.5583,WAI_MYS_Transect 3,1.0761,48.593,2.253,13.818,1950.029,21.569,9.48,49.394,-546.63,463.812,-1813.473,WAI_MYS,Peter,Pomacentridae,Pomacentrus,callainus,temp_code_004,1,AD,Passing,
WAI_MYS_CAM1_left_1.MP4,37007,20.58,WAI_MYS_Transect 3,1.0978,66.609,1.172,4.792,963.405,13.791,43.941,10.241,138.542,-183.163,-935.631,WAI_MYS,Peter,Pomacentridae,Chromis,margaritifer,37372047,1,AD,Passing,
WAI_MYS_CAM1_left_1.MP4,37007,20.58,WAI_MYS_Transect 3,1.0978,49.969,0.98,4.789,1062.076,13.202,6.602,1.718,240.001,-35.132,-1034.008,WAI_MYS,Peter,Pomacentridae,Stegastes,lacrymatus,temp_code_006,1,AD,Passing,
WAI_MYS_CAM1_left_1.MP4,37063,20.6111,WAI_MYS_Transect 3,1.1289,53.849,1.051,8.275,1087.641,14.928,18.532,35.989,-272.737,-64.119,-1050.936,WAI_MYS,Peter,Pomacentridae,Pomacentrus,philippinus,37372123,1,AD,Passing,
WAI_MYS_CAM1_left_1.MP4,37063,20.6111,WAI_MYS_Transect 3,1.1289,53.069,1.842,6.806,1143.613,6.151,64.122,35.649,-106.073,-61.343,-1137.029,WAI_MYS,Peter,Pomacentridae,Pomacentrus,callainus,temp_code_004,1,AD,Passing,
WAI_MYS_CAM1_left_1.MP4,37140,20.654,WAI_MYS_Transect 3,1.1717,68.836,3.688,7.036,2476.348,4.275,16.331,27.932,-159.153,-93.548,-2469.458,WAI_MYS,Peter,Pomacentridae,Pomacentrus,philippinus,37372123,1,AD,Passing,
WAI_MYS_CAM1_left_1.MP4,37173,20.6723,WAI_MYS_Transect 3,1.1901,70.42,4.843,3.39,1922.401,5.718,45.823,25.837,-57.562,-182.664,-1912.838,WAI_MYS,Peter,Chaetodontidae,Chaetodon,baronessa,37365034,1,AD,Passing,
WAI_MYS_CAM1_left_1.MP4,37181,20.6768,WAI_MYS_Transect 3,1.1945,62.982,3.187,5.645,2133.127,5.643,17.531,16.977,205.071,-43.972,-2122.792,WAI_MYS,Peter,Cirrhitidae,Paracirrhites,forsteri,37374010,1,AD,Passing,
WAI_MYS_CAM1_left_1.MP4,37286,20.7352,WAI_MYS_Transect 3,1.2529,,8.68,18.325,3919.392,27.083,,,1231.833,1304.884,-3484.465,WAI_MYS,Peter,Pomacentridae,Chromis,margaritifer,37372047,1,AD,Passing,
WAI_MYS_CAM1_left_1.MP4,37286,20.7352,WAI_MYS_Transect 3,1.2529,,10.294,15.475,4369.182,28.466,,,1590.523,1359.472,-3835.6,WAI_MYS,Peter,Pomacentridae,Chromis,margaritifer,37372047,1,AD,Passing,
WAI_MYS_CAM1_left_1.MP4,37286,20.7352,WAI_MYS_Transect 3,1.2529,,12.426,8.806,4523.941,19.221,,,1043.521,1079.575,-4267.508,WAI_MYS,Peter,Pomacentridae,Chromis,margaritifer,37372047,1,AD,Passing,
WAI_MYS_CAM1_left_1.MP4,37333,20.7613,WAI_MYS_Transect 3,1.2791,370.007,7.959,3.047,3419.137,19.785,22.399,25.385,-243.533,1131.43,-3217.305,WAI_MYS,Peter,Acanthuridae,Acanthurus,sp,,1,AD,Passing,
WAI_MYS_CAM1_left_1.MP4,37364,20.7785,WAI_MYS_Transect 3,1.2963,248.804,10.063,19.649,2989.318,29.134,69.54,12.977,1349.885,543.923,-2611.126,WAI_MYS,Peter,Acanthuridae,Ctenochaetus,striatus,37437022,1,AD,Passing,
WAI_MYS_CAM1_left_1.MP4,37380,20.7874,WAI_MYS_Transect 3,1.3052,75.447,5.109,14.202,1825.183,22.029,80.02,12.49,-170.837,-662.915,-1691.937,WAI_MYS,Peter,Cirrhitidae,Paracirrhites,forsteri,37374010,1,AD,Passing,
WAI_MYS_CAM1_left_1.MP4,37404,20.8008,WAI_MYS_Transect 3,1.3185,64.1,6.221,9.423,3115.628,22.197,1.078,8.323,1134.24,314.595,-2884.73,WAI_MYS,Peter,Pomacentridae,Chromis,margaritifer,37372047,1,AD,Passing,
WAI_MYS_CAM1_left_1.MP4,37404,20.8008,WAI_MYS_Transect 3,1.3185,,4.384,11.1,2923.534,29.331,,,1336.447,524.673,-2546.699,WAI_MYS,Peter,Pomacentridae,Chromis,margaritifer,37372047,1,AD,Passing,
WAI_MYS_CAM1_left_1.MP4,37750,20.9932,WAI_MYS_Transect 3,1.511,,4.023,10.062,2532.517,22.74,,,520.96,-819.545,-2338.929,WAI_MYS,Peter,Pomacentridae,Pomacentrus,coelestis,37372111,1,AD,Passing,
WAI_MYS_CAM1_left_1.MP4,37784,21.0121,WAI_MYS_Transect 3,1.5299,,9.283,11.263,4157.992,24.447,,,1644.564,-491.38,-3787.195,WAI_MYS,Peter,Pomacentridae,Pomacentrus,coelestis,37372111,1,AD,Passing,
WAI_MYS_CAM1_left_1.MP4,37784,21.0121,WAI_MYS_Transect 3,1.5299,,5.994,8.765,3391.607,27.771,,,1477.222,-549.417,-3003.157,WAI_MYS,Peter,Pomacentridae,Pomacentrus,coelestis,37372111,1,AD,Passing,
WAI_MYS_CAM1_left_1.MP4,37784,21.0121,WAI_MYS_Transect 3,1.5299,,8.204,8.859,3810.04,23.975,,,1359.677,-726.469,-3484.24,WAI_MYS,Peter,Pomacentridae,Pomacentrus,coelestis,37372111,1,AD,Passing,
WAI_MYS_CAM1_left_1.MP4,37784,21.0121,WAI_MYS_Transect 3,1.5299,,7.204,16.606,3442.784,19.509,,,929.51,-663.803,-3247.79,WAI_MYS,Peter,Pomacentridae,Pomacentrus,coelestis,37372111,1,AD,Passing,
WAI_MYS_CAM1_left_1.MP4,37784,21.0121,WAI_MYS_Transect 3,1.5299,,7.39,10.257,3483.683,20.64,,,908.136,-813.645,-3263.329,WAI_MYS,Peter,Pomacentridae,Pomacentrus,coelestis,37372111,1,AD,Passing,
WAI_MYS_CAM1_left_1.MP4,37784,21.0121,WAI_MYS_Transect 3,1.5299,,6.309,11.457,3247.835,23.399,,,948.188,-862.558,-2984.186,WAI_MYS,Peter,Pomacentridae,Pomacentrus,coelestis,37372111,1,AD,Passing,
WAI_MYS_CAM1_left_1.MP4,37784,21.0121,WAI_MYS_Transect 3,1.5299,,7.132,9.491,3616.097,26.477,,,1417.675,-754.898,-3239.828,WAI_MYS,Peter,Pomacentridae,Pomacentrus,coelestis,37372111,1,AD,Passing,
WAI_MYS_CAM1_left_1.MP4,37784,21.0121,WAI_MYS_Transect 3,1.5299,,7.894,7.883,3555.413,14.725,,,497.254,-740.943,-3441.613,WAI_MYS,Peter,Pomacentridae,Pomacentrus,coelestis,37372111,1,AD,Passing,
WAI_MYS_CAM1_left_1.MP4,37810,21.0266,WAI_MYS_Transect 3,1.5443,105.967,7.754,3.508,3100.209,28.08,41.083,40.636,1034.511,-1029.213,-2735.289,WAI_MYS,Peter,Acanthuridae,Zebrasoma,scopas,37437036,1,AD,Passing,
WAI_MYS_CAM1_left_1.MP4,37838,21.0421,WAI_MYS_Transect 3,1.5599,99.989,7.231,9.155,2888.127,25.547,34.29,25.059,838.747,-920.786,-2605.75,WAI_MYS,Peter,Acanthuridae,Acanthurus,nigrofuscus,37437014,1,AD,Passing,
WAI_MYS_CAM1_left_1.MP4,38120,21.199,WAI_MYS_Transect 3,1.7167,,6.917,10.23,3616.642,25.354,,,1511.176,-325.815,-3269.601,WAI_MYS,Peter,Labridae,Thalassoma,hardwicke,37384165,1,AD,Passing,
WAI_MYS_CAM1_left_1.MP4,38254,21.2735,WAI_MYS_Transect 3,1.7912,127.842,6.422,5.615,2700.819,20.575,38.542,41.31,-523.858,-791.513,-2528.538,WAI_MYS,Peter,Scaridae,Scarus,schlegeli,37386029,1,AD,Passing,
WAI_MYS_CAM1_left_1.MP4,38275,21.2852,WAI_MYS_Transect 3,1.8029,48.634,3.848,8.69,2460.988,26.144,4.927,22.862,926.343,563.744,-2209.195,WAI_MYS,Peter,Pomacentridae,Chromis,margaritifer,37372047,1,AD,Passing,
WAI_MYS_CAM1_left_1.MP4,38275,21.2852,WAI_MYS_Transect 3,1.8029,71.666,2.656,2.362,2155.643,23.758,5.085,2.885,-570.916,654.427,-1972.961,WAI_MYS,Peter,Pomacentridae,Chromis,ternatensis,37372051,1,AD,Passing,
WAI_MYS_CAM1_left_1.MP4,38275,21.2852,WAI_MYS_Transect 3,1.8029,59.607,2.863,0.696,2237.475,20.887,1.212,7.615,-591.115,535.689,-2090.434,WAI_MYS,Peter,Pomacentridae,Chromis,ternatensis,37372051,1,AD,Passing,
WAI_MYS_CAM1_left_1.MP4,38275,21.2852,WAI_MYS_Transect 3,1.8029,62.731,5.402,2.279,2080.515,19.429,52.936,22.932,-428.084,543.793,-1962.034,WAI_MYS,Peter,Pomacentridae,Chromis,ternatensis,37372051,1,AD,Passing,
WAI_MYS_CAM1_left_1.MP4,38275,21.2852,WAI_MYS_Transect 3,1.8029,45.048,2.73,3.05,2212.651,21.403,2.512,66.483,-538.631,601.541,-2060.061,WAI_MYS,Peter,Pomacentridae,Chromis,ternatensis,37372051,1,AD,Passing,
WAI_MYS_CAM1_left_1.MP4,38275,21.2852,WAI_MYS_Transect 3,1.8029,,5.468,5.421,3086.155,26.175,,,1043.452,885.341,-2766.176,WAI_MYS,Peter,Pomacentridae,Chromis,margaritifer,37372047,1,AD,Passing,
WAI_MYS_CAM1_left_1.MP4,38275,21.2852,WAI_MYS_Transect 3,1.8029,,3.774,1.922,2533.163,24.945,,,-688.575,825.961,-2293.593,WAI_MYS,Peter,Pomacentridae,Chromis,ternatensis,37372051,1,AD,Passing,
WAI_MYS_CAM1_left_1.MP4,38275,21.2852,WAI_MYS_Transect 3,1.8029,,5.559,1.292,3061.207,23.367,,,-697.556,1004.892,-2806.171,WAI_MYS,Peter,Pomacentridae,Chromis,ternatensis,37372051,1,AD,Passing,
WAI_MYS_CAM1_left_1.MP4,38275,21.2852,WAI_MYS_Transect 3,1.8029,,7.229,1.393,3408.115,19.025,,,467.817,1020.454,-3217.929,WAI_MYS,Peter,Pomacentridae,Chromis,margaritifer,37372047,1,AD,Passing,
WAI_MYS_CAM1_left_1.MP4,38275,21.2852,WAI_MYS_Transect 3,1.8029,,10.526,1.45,4179.516,21.824,,,998.455,1205.82,-3875.234,WAI_MYS,Peter,Pomacentridae,Dascyllus,reticulatus,37372074,1,AD,Passing,
WAI_MYS_CAM1_left_1.MP4,38275,21.2852,WAI_MYS_Transect 3,1.8029,,12.129,8.69,4492.999,22.171,,,1018.295,1372.167,-4155.39,WAI_MYS,Peter,Pomacentridae,Dascyllus,reticulatus,37372074,1,AD,Passing,
WAI_MYS_CAM1_left_1.MP4,38275,21.2852,WAI_MYS_Transect 3,1.8029,170.89,10.84,12.853,2882.898,26.141,72.936,6.802,1084.157,661.719,-2588.017,WAI_MYS,Peter,Scaridae,Scarus,schlegeli,37386029,1,AD,Passing,
WAI_MYS_CAM1_left_1.MP4,38295,21.2963,WAI_MYS_Transect 3,1.814,66.294,4.063,6.044,1867.674,10.167,45.02,34.602,-200.297,-261.874,-1838.344,WAI_MYS,Peter,Pomacentridae,Chromis,margaritifer,37372047,1,AD,Passing,
WAI_MYS_CAM1_left_1.MP4,38307,21.3029,WAI_MYS_Transect 3,1.8207,,3.203,5.145,2342.124,23.087,,,917.042,58.804,-2154.326,WAI_MYS,Peter,Pomacentridae,Pomacentrus,callainus,temp_code_004,1,AD,Passing,
WAI_MYS_CAM1_left_1.MP4,38307,21.3029,WAI_MYS_Transect 3,1.8207,,3.636,3.737,2566.38,25.295,,,1092.085,108.22,-2319.902,WAI_MYS,Peter,Pomacentridae,Pomacentrus,callainus,temp_code_004,1,AD,Passing,
WAI_MYS_CAM1_left_1.MP4,38343,21.323,WAI_MYS_Transect 3,1.8407,73.972,3.126,6.687,1632.146,19.628,62.911,39.399,-400.522,374.376,-1537.311,WAI_MYS,Peter,Pomacentridae,Pomacentrus,brachialis,37372109,1,AD,Passing,
WAI_MYS_CAM1_left_1.MP4,38375,21.3408,WAI_MYS_Transect 3,1.8585,63.665,2.373,8.932,1581.287,22.007,59.514,46.975,-586.951,81.281,-1466.066,WAI_MYS,Peter,Pomacentridae,Chromis,ternatensis,37372051,1,AD,Passing,
WAI_MYS_CAM1_left_1.MP4,38375,21.3408,WAI_MYS_Transect 3,1.8585,60.547,3.076,5.373,1730.699,23.365,62.266,39.206,-662.594,179.073,-1588.78,WAI_MYS,Peter,Pomacentridae,Chromis,ternatensis,37372051,1,AD,Passing,
WAI_MYS_CAM1_left_1.MP4,38375,21.3408,WAI_MYS_Transect 3,1.8585,80.249,3.464,9.937,1721.227,20.096,64.361,36.47,-554.937,204.474,-1616.434,WAI_MYS,Peter,Pomacentridae,Chromis,ternatensis,37372051,1,AD,Passing,
WAI_MYS_CAM1_left_1.MP4,38375,21.3408,WAI_MYS_Transect 3,1.8585,69.692,2.956,7.96,2374.105,15.721,4.219,17.89,-500.786,403.75,-2285.295,WAI_MYS,Peter,Pomacentridae,Chromis,ternatensis,37372051,1,AD,Passing,
WAI_MYS_CAM1_left_1.MP4,38375,21.3408,WAI_MYS_Transect 3,1.8585,57.839,4.729,14.084,2987.159,14.962,13.521,78.152,-275.864,720.188,-2885.888,WAI_MYS,Peter,Pomacentridae,Chromis,margaritifer,37372047,1,AD,Passing,
WAI_MYS_CAM1_left_1.MP4,38375,21.3408,WAI_MYS_Transect 3,1.8585,,2.551,7.096,2051.114,22.338,,,-673.526,400.046,-1895.625,WAI_MYS,Peter,Pomacentridae,Chromis,ternatensis,37372051,1,AD,Passing,
WAI_MYS_CAM1_left_1.MP4,38375,21.3408,WAI_MYS_Transect 3,1.8585,,3.393,5.329,2285.405,7.615,,,-133.714,280.731,-2264.152,WAI_MYS,Peter,Pomacentridae,Chromis,ternatensis,37372051,1,AD,Passing,
WAI_MYS_CAM1_left_1.MP4,38375,21.3408,WAI_MYS_Transect 3,1.8585,,1.653,6.134,1532.631,5.094,,,-32.43,138.208,-1526.042,WAI_MYS,Peter,Pomacentridae,Chromis,ternatensis,37372051,1,AD,Passing,
WAI_MYS_CAM1_left_1.MP4,38375,21.3408,WAI_MYS_Transect 3,1.8585,,2.301,12.156,1970.831,27.276,,,748.992,511.66,-1749.683,WAI_MYS,Peter,Pomacentridae,Chromis,ternatensis,37372051,1,AD,Passing,
WAI_MYS_CAM1_left_1.MP4,38375,21.3408,WAI_MYS_Transect 3,1.8585,,2.768,0.165,2173.277,27.23,,,794.033,606.296,-1930.039,WAI_MYS,Peter,Pomacentridae,Chromis,ternatensis,37372051,1,AD,Passing,
WAI_MYS_CAM1_left_1.MP4,38375,21.3408,WAI_MYS_Transect 3,1.8585,,2.97,9.424,2242.975,26.814,,,779.017,653.589,-1999.223,WAI_MYS,Peter,Pomacentridae,Chromis,ternatensis,37372051,1,AD,Passing,
WAI_MYS_CAM1_left_1.MP4,38375,21.3408,WAI_MYS_Transect 3,1.8585,,3.392,1.03,2342.659,23.855,,,645.165,702.303,-2139.762,WAI_MYS,Peter,Pomacentridae,Chromis,ternatensis,37372051,1,AD,Passing,
WAI_MYS_CAM1_left_1.MP4,38375,21.3408,WAI_MYS_Transect 3,1.8585,,3.466,9.144,2368.151,22.644,,,714.8,574.676,-2183.335,WAI_MYS,Peter,Pomacentridae,Chromis,margaritifer,37372047,1,AD,Passing,
WAI_MYS_CAM1_left_1.MP4,38375,21.3408,WAI_MYS_Transect 3,1.8585,,2.616,3.984,1983.123,13.69,,,-92.054,467.848,-1924.947,WAI_MYS,Peter,Pomacentridae,Chromis,ternatensis,37372051,1,AD,Passing,
WAI_MYS_CAM1_left_1.MP4,38375,21.3408,WAI_MYS_Transect 3,1.8585,,5.029,8.956,2819.305,13.589,,,-204.775,640.813,-2737.865,WAI_MYS,Peter,Pomacentridae,Chromis,margaritifer,37372047,1,AD,Passing,
WAI_MYS_CAM1_left_1.MP4,38408,21.3591,WAI_MYS_Transect 3,1.8769,112.94,1.289,10.623,1366.14,23.174,11.319,24.342,-268.776,-465.594,-1255.914,WAI_MYS,Peter,Mullidae,Parupeneus,multifasciatus,37355026,1,AD,Passing,
WAI_MYS_CAM1_left_1.MP4,38530,21.427,WAI_MYS_Transect 3,1.9447,49.816,2.096,3.522,1247.463,17.607,48.827,7.256,374.865,-43.191,-1189.022,WAI_MYS,Peter,Pomacentridae,Chromis,ternatensis,37372051,1,AD,Passing,
WAI_MYS_CAM1_left_1.MP4,38530,21.427,WAI_MYS_Transect 3,1.9447,42.455,1.008,4.809,1098.252,15.595,6.858,0.318,-242.338,-168.664,-1057.819,WAI_MYS,Peter,Pomacentridae,Chrysiptera,glauca,37372062,1,AD,Passing,
WAI_MYS_CAM1_left_1.MP4,38530,21.427,WAI_MYS_Transect 3,1.9447,68.644,2.012,5.612,1487.345,16.891,21.373,13.282,-425.821,-73.676,-1423.181,WAI_MYS,Peter,Pomacentridae,Chrysiptera,glauca,37372062,1,AD,Passing,
WAI_MYS_CAM1_left_1.MP4,38530,21.427,WAI_MYS_Transect 3,1.9447,73.448,2.686,5.802,1717.763,11.747,32.937,40.311,301.974,176.378,-1681.788,WAI_MYS,Peter,Pomacentridae,Pomacentrus,callainus,temp_code_004,1,AD,Passing,
WAI_MYS_CAM1_left_1.MP4,38574,21.4514,WAI_MYS_Transect 3,1.9692,158.855,2.134,5.876,1428.506,14.818,29.721,11.582,-360.688,58.15,-1380.997,WAI_MYS,Peter,Scaridae,Chlorurus,spilurus,temp_code_002,1,AD,Passing,
WAI_MYS_CAM1_left_1.MP4,38574,21.4514,WAI_MYS_Transect 3,1.9692,44.283,1.425,6.102,986.079,11.017,60.933,18.263,-37.395,-184.687,-967.907,WAI_MYS,Peter,Pomacentridae,Chrysiptera,glauca,37372062,1,AD,Passing,
WAI_MYS_CAM1_left_1.MP4,38574,21.4514,WAI_MYS_Transect 3,1.9692,78.102,3.355,5.999,1516.719,15.469,54.686,7.388,352.209,199.012,-1461.773,WAI_MYS,Peter,Pomacentridae,Pomacentrus,callainus,temp_code_004,1,AD,Passing,
WAI_MYS_CAM1_left_1.MP4,38585,21.4575,WAI_MYS_Transect 3,1.9753,151.946,3.219,8.497,2331.506,17.253,2.983,2.906,599.119,345.306,-2226.599,WAI_MYS,Peter,Acanthuridae,Acanthurus,nigrofuscus,37437014,1,AD,Passing,
WAI_MYS_CAM1_left_1.MP4,38590,21.4603,WAI_MYS_Transect 3,1.9781,175.357,8.555,3.701,2626.409,28.574,84.328,1.316,1100.802,605.207,-2306.508,WAI_MYS,Peter,Acanthuridae,Acanthurus,nigrofuscus,37437014,1,AD,Passing,
WAI_MYS_CAM1_left_1.MP4,38590,21.4603,WAI_MYS_Transect 3,1.9781,62.708,4.877,9.382,2241.308,28.952,45.431,15.591,906.782,595.751,-1961.195,WAI_MYS,Peter,Pomacentridae,Dascyllus,reticulatus,37372074,1,AD,Passing,
WAI_MYS_CAM1_left_1.MP4,38590,21.4603,WAI_MYS_Transect 3,1.9781,,3.35,0.43,2363.279,25.589,,,755.625,694.68,-2128.741,WAI_MYS,Peter,Pomacentridae,Dascyllus,reticulatus,37372074,1,AD,Passing,
WAI_MYS_CAM1_left_1.MP4,38692,21.5171,WAI_MYS_Transect 3,2.0348,59.564,1.148,5.374,1394.051,6.377,5.266,4.071,-83.33,130.511,-1385.425,WAI_MYS,Peter,Pomacentridae,Dascyllus,reticulatus,37372074,1,AD,Passing,
WAI_MYS_CAM1_left_1.MP4,38755,21.5521,WAI_MYS_Transect 3,2.0698,69.472,1.413,5.725,1508.44,7.348,12.571,42.558,-21.354,191.738,-1496.052,WAI_MYS,Peter,Pomacentridae,Pomacentrus,vaiuli,37372126,1,AD,Passing,
WAI_MYS_CAM1_left_1.MP4,38802,21.5782,WAI_MYS_Transect 3,2.096,49.832,1.211,5.43,1027.271,16.924,41.378,21.077,-154.299,-256.152,-982.783,WAI_MYS,Peter,Acanthuridae,Zebrasoma,scopas,37437036,1,AD,Passing,
WAI_MYS_CAM1_left_1.MP4,38863,21.6121,WAI_MYS_Transect 3,2.1299,110.405,5.302,4.596,2086.051,22.965,56.61,8.748,-806.247,111.398,-1920.72,WAI_MYS,Peter,Labridae,Thalassoma,hardwicke,37384165,1,AD,Passing,
WAI_MYS_CAM1_left_1.MP4,38924,21.6461,WAI_MYS_Transect 3,2.1638,55.888,1.937,8.336,1587.276,21.015,17.808,28.511,-466.184,-326.61,-1481.703,WAI_MYS,Peter,Pomacentridae,Plectroglyphidodon,dickii,37372098,1,AD,Passing,
WAI_MYS_CAM1_left_1.MP4,38940,21.655,WAI_MYS_Transect 3,2.1727,68.249,2.728,5.869,2116.072,17.862,2.824,6.779,-558.808,-330.179,-2014.07,WAI_MYS,Peter,Pomacentridae,Pomacentrus,maafu,temp_code_005,1,AD,Passing,
WAI_MYS_CAM1_left_1.MP4,39004,21.6906,WAI_MYS_Transect 3,2.2083,73.502,6.838,9.68,2537.461,23.42,72.221,43.829,880.135,-492.48,-2328.42,WAI_MYS,Peter,Chaetodontidae,Heniochus,varius,37365078,1,AD,Passing,
WAI_MYS_CAM1_left_1.MP4,39022,21.7006,WAI_MYS_Transect 3,2.2183,162.826,9.306,7.369,3618.091,15.147,21.74,30.7,865.407,-380.517,-3492.4,WAI_MYS,Peter,Acanthuridae,Acanthurus,nigrofuscus,37437014,1,AD,Passing,
WAI_MYS_CAM1_left_1.MP4,39232,21.8174,WAI_MYS_Transect 3,2.3351,,12.205,3.5,4510.98,9.623,,,555.889,-491.84,-4449.496,WAI_MYS,Peter,Acanthuridae,Acanthurus,nigrofuscus,37437014,1,AD,Passing,
WAI_MYS_CAM1_left_1.MP4,39232,21.8174,WAI_MYS_Transect 3,2.3351,188.105,13.463,13.47,4741.076,26.805,7.902,5.716,1779.871,-1184.5,-4231.646,WAI_MYS,Peter,Acanthuridae,Ctenochaetus,striatus,37437022,1,AD,Passing,
WAI_MYS_CAM1_left_1.MP4,39288,21.8485,WAI_MYS_Transect 3,2.3663,186.382,9.286,15.871,4004.179,21.726,7.299,23.078,-1470.232,188.029,-3719.747,WAI_MYS,Peter,Acanthuridae,Acanthurus,lineatus,37437010,1,AD,Passing,
WAI_MYS_CAM1_left_1.MP4,39356,21.8863,WAI_MYS_Transect 3,2.4041,158.484,7.707,6.299,3376.808,25.52,33.623,42.961,-1347.815,547.679,-3047.339,WAI_MYS,Peter,Acanthuridae,Ctenochaetus,striatus,37437022,1,AD,Passing,
WAI_MYS_CAM1_left_1.MP4,39356,21.8863,WAI_MYS_Transect 3,2.4041,,5.039,3.206,3084.811,23.8,,,-1219.194,262.651,-2821.46,WAI_MYS,Peter,Pomacentridae,Pomacentrus,coelestis,37372111,1,AD,Passing,
WAI_MYS_CAM1_left_1.MP4,39393,21.9069,WAI_MYS_Transect 3,2.4246,76.388,3.726,7.43,2308.297,20.441,12.176,2.188,-733.104,335.351,-2162.945,WAI_MYS,Peter,Pomacentridae,Chromis,viridis,37372053,1,AD,Passing,
WAI_MYS_CAM1_left_1.MP4,39493,21.9625,WAI_MYS_Transect 3,2.4803,172.191,6.265,8.02,2524.863,12.109,29.766,2.835,-151.566,-507.492,-2468.687,WAI_MYS,Peter,Acanthuridae,Acanthurus,lineatus,37437010,1,AD,Passing,
WAI_MYS_CAM1_left_1.MP4,39493,21.9625,WAI_MYS_Transect 3,2.4803,68.887,2.067,9.371,2014.529,17.537,9.032,14.82,-217.878,-566.564,-1920.901,WAI_MYS,Peter,Acanthuridae,Zebrasoma,scopas,37437036,1,AD,Passing,
WAI_MYS_CAM1_left_1.MP4,39493,21.9625,WAI_MYS_Transect 3,2.4803,85.912,4.506,8.878,2106.169,17.532,37.995,30.469,-58.75,-631.738,-2008.334,WAI_MYS,Peter,Acanthuridae,Zebrasoma,scopas,37437036,1,AD,Passing,
WAI_MYS_CAM1_left_1.MP4,39539,21.9881,WAI_MYS_Transect 3,2.5058,75.286,2.73,9.533,2283.801,14.357,12.154,23.904,79.224,-560.711,-2212.482,WAI_MYS,Peter,Pomacentridae,Chromis,viridis,37372053,1,AD,Passing,
WAI_MYS_CAM1_left_1.MP4,39539,21.9881,WAI_MYS_Transect 3,2.5058,177.055,9.201,11.413,2759.394,15.652,40.063,0.544,438.496,-601.618,-2657.072,WAI_MYS,Peter,Acanthuridae,Ctenochaetus,striatus,37437022,1,AD,Passing,
WAI_MYS_CAM1_left_1.MP4,49929,27.7661,WAI_MYS_transect 4,0.3086,,10.126,4.333,4530.743,24.169,,,-1849.22,-130.478,-4134.126,WAI_MYS,Peter,Pomacentridae,Chromis,xanthura,37372057,1,AD,Passing,
WAI_MYS_CAM1_left_1.MP4,49929,27.7661,WAI_MYS_transect 4,0.3086,,9.203,7.336,4457.364,27.095,,,-2018.915,-197.624,-3969.008,WAI_MYS,Peter,Pomacentridae,Chromis,xanthura,37372057,1,AD,Passing,
WAI_MYS_CAM1_left_1.MP4,50064,27.8411,WAI_MYS_transect 4,0.3837,60.411,4.47,6.448,4278.763,15.301,0.155,14.71,-242.997,1102.674,-4127.091,WAI_MYS,Peter,Pomacentridae,Chromis,xanthura,37372057,1,AD,Passing,
WAI_MYS_CAM1_left_1.MP4,50064,27.8411,WAI_MYS_transect 4,0.3837,,12.351,3.469,4656.808,20.851,,,1538.544,634.038,-4349.338,WAI_MYS,Peter,Pomacentridae,Chromis,xanthura,37372057,1,AD,Passing,
WAI_MYS_CAM1_left_1.MP4,50064,27.8411,WAI_MYS_transect 4,0.3837,,16.072,0.199,5272.598,20.453,,,1620.939,895.481,-4936.695,WAI_MYS,Peter,Pomacentridae,Chromis,xanthura,37372057,1,AD,Passing,
WAI_MYS_CAM1_left_1.MP4,50064,27.8411,WAI_MYS_transect 4,0.3837,,13.661,6.138,4779.374,18.35,,,1239.816,870.508,-4532.934,WAI_MYS,Peter,Pomacentridae,Chromis,xanthura,37372057,1,AD,Passing,
WAI_MYS_CAM1_left_1.MP4,50064,27.8411,WAI_MYS_transect 4,0.3837,,12.427,8.009,4560.626,16.439,,,1146.934,609.13,-4371.821,WAI_MYS,Peter,Pomacentridae,Chromis,xanthura,37372057,1,AD,Passing,
WAI_MYS_CAM1_left_1.MP4,50064,27.8411,WAI_MYS_transect 4,0.3837,,13.164,3.566,4699.061,15.044,,,1113.09,516.619,-4536.001,WAI_MYS,Peter,Pomacentridae,Chromis,xanthura,37372057,1,AD,Passing,
WAI_MYS_CAM1_left_1.MP4,50064,27.8411,WAI_MYS_transect 4,0.3837,,10.272,1.944,4119.662,10.586,,,668.262,371.273,-4048.11,WAI_MYS,Peter,Pomacentridae,Chromis,xanthura,37372057,1,AD,Passing,
WAI_MYS_CAM1_left_1.MP4,50064,27.8411,WAI_MYS_transect 4,0.3837,,11.425,5.393,4319.077,13.677,,,774.986,681.731,-4193.932,WAI_MYS,Peter,Pomacentridae,Chromis,xanthura,37372057,1,AD,Passing,
WAI_MYS_CAM1_left_1.MP4,50064,27.8411,WAI_MYS_transect 4,0.3837,,16.162,4.058,5201.952,15.499,,,1208.608,706.642,-5010.013,WAI_MYS,Peter,Pomacentridae,Chromis,xanthura,37372057,1,AD,Passing,
WAI_MYS_CAM1_left_1.MP4,50064,27.8411,WAI_MYS_transect 4,0.3837,,12.675,7.776,4808.775,23.066,,,1777.735,641.513,-4421.814,WAI_MYS,Peter,Pomacentridae,Chromis,xanthura,37372057,1,AD,Passing,
WAI_MYS_CAM1_left_1.MP4,50064,27.8411,WAI_MYS_transect 4,0.3837,,15.649,4.487,5076.331,14.377,,,953.071,844.381,-4914.043,WAI_MYS,Peter,Pomacentridae,Chromis,xanthura,37372057,1,AD,Passing,
WAI_MYS_CAM1_left_1.MP4,50064,27.8411,WAI_MYS_transect 4,0.3837,,10.006,12.619,4059.569,11.953,,,-33.358,855.818,-3968.194,WAI_MYS,Peter,Pomacentridae,Chromis,xanthura,37372057,1,AD,Passing,
WAI_MYS_CAM1_left_1.MP4,50064,27.8411,WAI_MYS_transect 4,0.3837,,9.378,3.357,3911.145,10.758,,,278.83,689.941,-3839.699,WAI_MYS,Peter,Pomacentridae,Chromis,xanthura,37372057,1,AD,Passing,
WAI_MYS_CAM1_left_1.MP4,50064,27.8411,WAI_MYS_transect 4,0.3837,,11.698,12.924,4374.034,12.987,,,345.95,936.997,-4258.466,WAI_MYS,Peter,Pomacentridae,Chromis,xanthura,37372057,1,AD,Passing,
WAI_MYS_CAM1_left_1.MP4,50064,27.8411,WAI_MYS_transect 4,0.3837,,11.496,5.632,4326.447,14.423,,,401.202,1016.728,-4186.102,WAI_MYS,Peter,Pomacentridae,Chromis,xanthura,37372057,1,AD,Passing,
WAI_MYS_CAM1_left_1.MP4,50064,27.8411,WAI_MYS_transect 4,0.3837,,11.299,5.254,4281.706,14.176,,,493.656,941.559,-4147.623,WAI_MYS,Peter,Pomacentridae,Chromis,xanthura,37372057,1,AD,Passing,
WAI_MYS_CAM1_left_1.MP4,50064,27.8411,WAI_MYS_transect 4,0.3837,,13.51,6.475,4701.037,13.981,,,465.494,1054.117,-4557.62,WAI_MYS,Peter,Pomacentridae,Chromis,xanthura,37372057,1,AD,Passing,
WAI_MYS_CAM1_left_1.MP4,50064,27.8411,WAI_MYS_transect 4,0.3837,,13.837,1.782,4746.995,15.133,,,660.237,1066.926,-4578.178,WAI_MYS,Peter,Pomacentridae,Chromis,xanthura,37372057,1,AD,Passing,
WAI_MYS_CAM1_left_1.MP4,50064,27.8411,WAI_MYS_transect 4,0.3837,,15.078,6.336,4973.018,15.618,,,493.755,1263.465,-4784.43,WAI_MYS,Peter,Pomacentridae,Chromis,xanthura,37372057,1,AD,Passing,
WAI_MYS_CAM1_left_1.MP4,50064,27.8411,WAI_MYS_transect 4,0.3837,,14.156,2.326,4815.464,16.702,,,497.701,1309.579,-4607.168,WAI_MYS,Peter,Pomacentridae,Chromis,xanthura,37372057,1,AD,Passing,
WAI_MYS_CAM1_left_1.MP4,50064,27.8411,WAI_MYS_transect 4,0.3837,,12.319,5.209,4521.847,13.521,,,-21.426,1074.443,-4392.29,WAI_MYS,Peter,Pomacentridae,Chromis,xanthura,37372057,1,AD,Passing,
WAI_MYS_CAM1_left_1.MP4,50064,27.8411,WAI_MYS_transect 4,0.3837,,11.352,5.568,4331.249,13.875,,,26.967,1054.93,-4200.727,WAI_MYS,Peter,Pomacentridae,Chromis,xanthura,37372057,1,AD,Passing,
WAI_MYS_CAM1_left_1.MP4,50064,27.8411,WAI_MYS_transect 4,0.3837,,13.318,6.597,4709.755,15.658,,,-144.074,1280.89,-4529.941,WAI_MYS,Peter,Pomacentridae,Chromis,xanthura,37372057,1,AD,Passing,
WAI_MYS_CAM1_left_1.MP4,50064,27.8411,WAI_MYS_transect 4,0.3837,,15.309,11.371,5042.181,16.248,,,-574.673,1307.622,-4835.646,WAI_MYS,Peter,Pomacentridae,Chromis,xanthura,37372057,1,AD,Passing,
WAI_MYS_CAM1_left_1.MP4,50064,27.8411,WAI_MYS_transect 4,0.3837,,12.479,5.343,4544.211,17.386,,,-518.281,1272.242,-4331.586,WAI_MYS,Peter,Pomacentridae,Chromis,xanthura,37372057,1,AD,Passing,
WAI_MYS_CAM1_left_1.MP4,50064,27.8411,WAI_MYS_transect 4,0.3837,,16.286,4.537,5212.939,17.738,,,-570.689,1501.802,-4959.198,WAI_MYS,Peter,Pomacentridae,Chromis,xanthura,37372057,1,AD,Passing,
WAI_MYS_CAM1_left_1.MP4,50064,27.8411,WAI_MYS_transect 4,0.3837,,16.401,8.699,5232.517,11.943,,,261.775,1070.979,-5115.047,WAI_MYS,Peter,Pomacentridae,Chromis,xanthura,37372057,1,AD,Passing,
WAI_MYS_CAM1_left_1.MP4,50064,27.8411,WAI_MYS_transect 4,0.3837,,10.744,4.581,4222.681,9.787,,,82.613,729.519,-4158.367,WAI_MYS,Peter,Pomacentridae,Chromis,xanthura,37372057,1,AD,Passing,
WAI_MYS_CAM1_left_1.MP4,50064,27.8411,WAI_MYS_transect 4,0.3837,,14.031,3.761,4785.32,14.426,,,762.317,934.909,-4630.778,WAI_MYS,Peter,Pomacentridae,Chromis,xanthura,37372057,1,AD,Passing,
WAI_MYS_CAM1_left_1.MP4,50064,27.8411,WAI_MYS_transect 4,0.3837,,13.397,9.595,4672.964,17.021,,,860,1081.406,-4464.029,WAI_MYS,Peter,Pomacentridae,Chromis,xanthura,37372057,1,AD,Passing,
WAI_MYS_CAM1_left_1.MP4,50064,27.8411,WAI_MYS_transect 4,0.3837,,14.709,10.907,4901.26,17.873,,,779.021,1305.27,-4659.587,WAI_MYS,Peter,Pomacentridae,Chromis,xanthura,37372057,1,AD,Passing,
WAI_MYS_CAM1_left_1.MP4,50064,27.8411,WAI_MYS_transect 4,0.3837,,14.47,8.456,4923.68,19.746,,,-725.92,1515.124,-4628.181,WAI_MYS,Peter,Pomacentridae,Chromis,xanthura,37372057,1,AD,Passing,
WAI_MYS_CAM1_left_1.MP4,50064,27.8411,WAI_MYS_transect 4,0.3837,,9.847,4.027,4043.392,7.646,,,254.259,490,-4005.53,WAI_MYS,Peter,Pomacentridae,Chromis,xanthura,37372057,1,AD,Passing,
WAI_MYS_CAM1_left_1.MP4,50064,27.8411,WAI_MYS_transect 4,0.3837,,11.276,6.359,4332.886,9.103,,,154.704,684.774,-4275.635,WAI_MYS,Peter,Pomacentridae,Dascyllus,reticulatus,37372074,1,AD,Passing,
WAI_MYS_CAM1_left_1.MP4,50064,27.8411,WAI_MYS_transect 4,0.3837,,17.11,2.001,5360.153,18.441,,,-447.332,1655.601,-5078.397,WAI_MYS,Peter,Pomacentridae,Dascyllus,reticulatus,37372074,1,AD,Passing,
WAI_MYS_CAM1_left_1.MP4,50064,27.8411,WAI_MYS_transect 4,0.3837,,13.939,6.105,4794.276,15.373,,,310.467,1250.785,-4617.817,WAI_MYS,Peter,Pomacentridae,Dascyllus,reticulatus,37372074,1,AD,Passing,
WAI_MYS_CAM1_left_1.MP4,50064,27.8411,WAI_MYS_transect 4,0.3837,,12.298,3.293,4628.371,18.835,,,1433.372,439.602,-4378.814,WAI_MYS,Peter,Pomacentridae,Dascyllus,reticulatus,37372074,1,AD,Passing,
WAI_MYS_CAM1_left_1.MP4,50064,27.8411,WAI_MYS_transect 4,0.3837,,11.465,3.205,4354.372,19.017,,,1081.497,934.798,-4113.037,WAI_MYS,Peter,Serranidae,Pseudanthias,squamipinnis,37311126,1,AD,Passing,
WAI_MYS_CAM1_left_1.MP4,50064,27.8411,WAI_MYS_transect 4,0.3837,,11.953,6.53,4462.605,19.635,,,-566.669,1405.028,-4197.573,WAI_MYS,Peter,Serranidae,Pseudanthias,squamipinnis,37311126,1,AD,Passing,
WAI_MYS_CAM1_left_1.MP4,50064,27.8411,WAI_MYS_transect 4,0.3837,,16.729,5.973,5354.857,22.689,,,-907.608,1874.988,-4933.069,WAI_MYS,Peter,Serranidae,Pseudanthias,squamipinnis,37311126,1,AD,Passing,
WAI_MYS_CAM1_left_1.MP4,50064,27.8411,WAI_MYS_transect 4,0.3837,,11.083,7.48,4338.248,18.835,,,-1047.691,945.806,-4102.218,WAI_MYS,Peter,Serranidae,Pseudanthias,squamipinnis,37311126,1,AD,Passing,
WAI_MYS_CAM1_left_1.MP4,50064,27.8411,WAI_MYS_transect 4,0.3837,,9.849,6.761,4111.01,21.308,,,-1053.66,1074.116,-3825.765,WAI_MYS,Peter,Serranidae,Pseudanthias,squamipinnis,37311126,1,AD,Passing,
WAI_MYS_CAM1_left_1.MP4,50139,27.8829,WAI_MYS_transect 4,0.4254,51.553,5.054,2.223,2311.602,24.691,41.203,22.051,-952.203,160.37,-2100.26,WAI_MYS,Peter,Pomacentridae,Chromis,margaritifer,37372047,1,AD,Passing,
WAI_MYS_CAM1_left_1.MP4,50143,27.8851,WAI_MYS_transect 4,0.4276,65.481,4.579,8.854,1752.22,17.446,77.922,25.581,-388.244,-353.894,-1671.616,WAI_MYS,Peter,Pomacentridae,Chromis,margaritifer,37372047,1,AD,Passing,
WAI_MYS_CAM1_left_1.MP4,50143,27.8851,WAI_MYS_transect 4,0.4276,,3.003,3.095,2289.82,22.562,,,-857.552,199.323,-2113.8,WAI_MYS,Peter,Pomacentridae,Chromis,margaritifer,37372047,1,AD,Passing,
WAI_MYS_CAM1_left_1.MP4,50156,27.8923,WAI_MYS_transect 4,0.4349,,6.38,11.202,3256.573,3.272,,,-177.545,-42.174,-3251.456,WAI_MYS,Peter,Pomacentridae,Chromis,margaritifer,37372047,1,AD,Passing,
WAI_MYS_CAM1_left_1.MP4,50164,27.8968,WAI_MYS_transect 4,0.4393,83.762,7.493,17.128,3148.372,28.987,26.166,6.372,1173.227,975.399,-2753.975,WAI_MYS,Peter,Pomacentridae,Chromis,margaritifer,37372047,1,AD,Passing,
WAI_MYS_CAM1_left_1.MP4,50217,27.9262,WAI_MYS_transect 4,0.4688,62.239,5.281,6.088,3032.173,16.491,20.491,49.305,796.364,326.527,-2907.449,WAI_MYS,Peter,Pomacentridae,Chromis,margaritifer,37372047,1,AD,Passing,
WAI_MYS_CAM1_left_1.MP4,50217,27.9262,WAI_MYS_transect 4,0.4688,,9.351,3.625,3985.483,22.453,,,1196.512,955.532,-3679.592,WAI_MYS,Peter,Pomacentridae,Chromis,margaritifer,37372047,1,AD,Passing,
WAI_MYS_CAM1_left_1.MP4,50217,27.9262,WAI_MYS_transect 4,0.4688,,7.67,2.302,3527.028,18.183,,,826.774,739.743,-3348.007,WAI_MYS,Peter,Pomacentridae,Chromis,margaritifer,37372047,1,AD,Passing,
WAI_MYS_CAM1_left_1.MP4,50217,27.9262,WAI_MYS_transect 4,0.4688,,6.29,3.998,3201.789,18.19,,,849.553,538.643,-3039.667,WAI_MYS,Peter,Pomacentridae,Chromis,margaritifer,37372047,1,AD,Passing,
WAI_MYS_CAM1_left_1.MP4,50217,27.9262,WAI_MYS_transect 4,0.4688,,6.975,1.112,3378.929,17.176,,,876.317,490.047,-3226.311,WAI_MYS,Peter,Pomacentridae,Chromis,margaritifer,37372047,1,AD,Passing,
WAI_MYS_CAM1_left_1.MP4,50217,27.9262,WAI_MYS_transect 4,0.4688,,17.847,7.311,5532.663,19.432,,,1608.621,915.215,-5213.932,WAI_MYS,Peter,Pomacentridae,Chromis,margaritifer,37372047,1,AD,Passing,
WAI_MYS_CAM1_left_1.MP4,50217,27.9262,WAI_MYS_transect 4,0.4688,,4.582,1.131,2756.228,19.896,,,885.187,320.484,-2590.468,WAI_MYS,Peter,Pomacentridae,Chromis,margaritifer,37372047,1,AD,Passing,
WAI_MYS_CAM1_left_1.MP4,50217,27.9262,WAI_MYS_transect 4,0.4688,,8.105,9.38,3639.35,13.787,,,779.368,394.474,-3532.966,WAI_MYS,Peter,Pomacentridae,Chromis,margaritifer,37372047,1,AD,Passing,
WAI_MYS_CAM1_left_1.MP4,50217,27.9262,WAI_MYS_transect 4,0.4688,63.129,4.336,5.312,3073.056,16.459,5.387,29.961,546.671,677.68,-2947.129,WAI_MYS,Peter,Serranidae,Pseudanthias,squamipinnis,37311126,1,AD,Passing,
WAI_MYS_CAM1_left_1.MP4,50217,27.9262,WAI_MYS_transect 4,0.4688,,4.122,6.022,2731.549,27.277,,,1106.539,595.055,-2425.457,WAI_MYS,Peter,Serranidae,Pseudanthias,squamipinnis,37311126,1,AD,Passing,
WAI_MYS_CAM1_left_1.MP4,50262,27.9513,WAI_MYS_transect 4,0.4938,57.816,4.769,12.485,2280.022,15.841,39.694,43.123,594.864,182.935,-2193.439,WAI_MYS,Peter,Pomacentridae,Chromis,margaritifer,37372047,1,AD,Passing,
WAI_MYS_CAM1_left_1.MP4,50276,27.959,WAI_MYS_transect 4,0.5016,73.982,6.194,7.765,3297.315,15.243,8.395,11.302,-853.243,153.257,-3181.316,WAI_MYS,Peter,Pomacentridae,Chromis,ternatensis,37372051,1,AD,Passing,
WAI_MYS_CAM1_left_1.MP4,50276,27.959,WAI_MYS_transect 4,0.5016,80.45,4.417,13.074,3949.723,19.268,20.446,80.976,-1233.656,420.43,-3728.491,WAI_MYS,Peter,Pomacentridae,Chromis,ternatensis,37372051,1,AD,Passing,
WAI_MYS_CAM1_left_1.MP4,50276,27.959,WAI_MYS_transect 4,0.5016,69.733,4.626,5.228,3423.933,10.847,17.702,66.357,-537.977,354.589,-3362.762,WAI_MYS,Peter,Pomacentridae,Chromis,ternatensis,37372051,1,AD,Passing,
WAI_MYS_CAM1_left_1.MP4,50276,27.959,WAI_MYS_transect 4,0.5016,73.143,3.404,10.33,2957.594,9.765,6.216,52.543,-305.957,397.493,-2914.747,WAI_MYS,Peter,Pomacentridae,Chromis,ternatensis,37372051,1,AD,Passing,
WAI_MYS_CAM1_left_1.MP4,50276,27.959,WAI_MYS_transect 4,0.5016,84.162,7.03,7.359,3078.614,8.225,24.459,33.83,-401.704,180.617,-3046.945,WAI_MYS,Peter,Pomacentridae,Chromis,ternatensis,37372051,1,AD,Passing,
WAI_MYS_CAM1_left_1.MP4,50276,27.959,WAI_MYS_transect 4,0.5016,66.745,6.516,6.83,2774.276,13.315,26.547,18.996,20.291,638.622,-2699.696,WAI_MYS,Peter,Pomacentridae,Chromis,ternatensis,37372051,1,AD,Passing,
WAI_MYS_CAM1_left_1.MP4,50276,27.959,WAI_MYS_transect 4,0.5016,62.668,5.135,7.42,2344.003,20.529,31.204,8.627,451.367,687.006,-2195.141,WAI_MYS,Peter,Pomacentridae,Chromis,margaritifer,37372047,1,AD,Passing,
WAI_MYS_CAM1_left_1.MP4,50276,27.959,WAI_MYS_transect 4,0.5016,62.445,4.797,4.074,2434.25,20.121,24.048,10.273,550.224,631.257,-2285.682,WAI_MYS,Peter,Pomacentridae,Chromis,margaritifer,37372047,1,AD,Passing,
WAI_MYS_CAM1_left_1.MP4,50276,27.959,WAI_MYS_transect 4,0.5016,,13.507,4.234,4997.211,23.717,,,-1693.193,1101.166,-4570.848,WAI_MYS,Peter,Pomacentridae,Chromis,ternatensis,37372051,1,AD,Passing,
WAI_MYS_CAM1_left_1.MP4,50276,27.959,WAI_MYS_transect 4,0.5016,,12.668,2.57,4903.7,23.986,,,-1791.657,891.717,-4476.726,WAI_MYS,Peter,Pomacentridae,Chromis,ternatensis,37372051,1,AD,Passing,
WAI_MYS_CAM1_left_1.MP4,50276,27.959,WAI_MYS_transect 4,0.5016,,12.476,9.306,4790.74,22.535,,,-1619.754,882.02,-4421.497,WAI_MYS,Peter,Pomacentridae,Chromis,ternatensis,37372051,1,AD,Passing,
WAI_MYS_CAM1_left_1.MP4,50276,27.959,WAI_MYS_transect 4,0.5016,,11.489,13.091,4499.969,21.063,,,-1325.255,943.609,-4195.596,WAI_MYS,Peter,Pomacentridae,Chromis,ternatensis,37372051,1,AD,Passing,
WAI_MYS_CAM1_left_1.MP4,50276,27.959,WAI_MYS_transect 4,0.5016,,10.068,4.271,4315.528,22.428,,,-1506.818,679.456,-3986.43,WAI_MYS,Peter,Pomacentridae,Chromis,ternatensis,37372051,1,AD,Passing,
WAI_MYS_CAM1_left_1.MP4,50276,27.959,WAI_MYS_transect 4,0.5016,,14.139,5.835,5133.219,22.11,,,-1773.986,784.317,-4752.658,WAI_MYS,Peter,Pomacentridae,Chromis,ternatensis,37372051,1,AD,Passing,
WAI_MYS_CAM1_left_1.MP4,50276,27.959,WAI_MYS_transect 4,0.5016,,16.669,2.461,5461.552,19.478,,,-1625.803,840.928,-5145.693,WAI_MYS,Peter,Pomacentridae,Chromis,ternatensis,37372051,1,AD,Passing,
WAI_MYS_CAM1_left_1.MP4,50276,27.959,WAI_MYS_transect 4,0.5016,,11.592,8.688,4675.849,22.252,,,-1678.788,580.133,-4325.353,WAI_MYS,Peter,Pomacentridae,Chromis,ternatensis,37372051,1,AD,Passing,
WAI_MYS_CAM1_left_1.MP4,50276,27.959,WAI_MYS_transect 4,0.5016,,12.629,7.75,4827.659,21.132,,,-1626.782,636.488,-4500.528,WAI_MYS,Peter,Pomacentridae,Chromis,ternatensis,37372051,1,AD,Passing,
WAI_MYS_CAM1_left_1.MP4,50276,27.959,WAI_MYS_transect 4,0.5016,,12.534,6.046,4726.215,18.784,,,-1405.196,602.095,-4472.137,WAI_MYS,Peter,Pomacentridae,Chromis,ternatensis,37372051,1,AD,Passing,
WAI_MYS_CAM1_left_1.MP4,50276,27.959,WAI_MYS_transect 4,0.5016,,14.792,5.853,5168.085,19.453,,,-1591.091,675.542,-4870.439,WAI_MYS,Peter,Pomacentridae,Chromis,ternatensis,37372051,1,AD,Passing,
WAI_MYS_CAM1_left_1.MP4,50276,27.959,WAI_MYS_transect 4,0.5016,,10.471,3.508,4228.6,16.428,,,-1039.608,607.142,-4053.597,WAI_MYS,Peter,Pomacentridae,Chromis,ternatensis,37372051,1,AD,Passing,
WAI_MYS_CAM1_left_1.MP4,50276,27.959,WAI_MYS_transect 4,0.5016,,13.368,7.891,4823.351,21.298,,,-1291.858,1201.15,-4489.215,WAI_MYS,Peter,Pomacentridae,Chromis,ternatensis,37372051,1,AD,Passing,
WAI_MYS_CAM1_left_1.MP4,50276,27.959,WAI_MYS_transect 4,0.5016,,11.31,7.167,4412.255,19.422,,,-1162.218,912.007,-4157.582,WAI_MYS,Peter,Pomacentridae,Chromis,ternatensis,37372051,1,AD,Passing,
WAI_MYS_CAM1_left_1.MP4,50276,27.959,WAI_MYS_transect 4,0.5016,,11.815,7.315,4437.509,18.004,,,-843.441,1098.31,-4215.9,WAI_MYS,Peter,Pomacentridae,Chromis,ternatensis,37372051,1,AD,Passing,
WAI_MYS_CAM1_left_1.MP4,50276,27.959,WAI_MYS_transect 4,0.5016,,12.931,13.529,4636.43,18.061,,,-752.679,1242.088,-4403.087,WAI_MYS,Peter,Pomacentridae,Chromis,ternatensis,37372051,1,AD,Passing,
WAI_MYS_CAM1_left_1.MP4,50276,27.959,WAI_MYS_transect 4,0.5016,,7.969,6.269,3630.878,14.235,,,-723.422,537.21,-3517.291,WAI_MYS,Peter,Pomacentridae,Chromis,ternatensis,37372051,1,AD,Passing,
WAI_MYS_CAM1_left_1.MP4,50276,27.959,WAI_MYS_transect 4,0.5016,,8.771,10.863,3801.173,13.263,,,-646.039,600.44,-3697.435,WAI_MYS,Peter,Pomacentridae,Chromis,ternatensis,37372051,1,AD,Passing,
WAI_MYS_CAM1_left_1.MP4,50276,27.959,WAI_MYS_transect 4,0.5016,,8.777,10.267,3788.441,13.387,,,-542.561,703.783,-3682.744,WAI_MYS,Peter,Pomacentridae,Chromis,ternatensis,37372051,1,AD,Passing,
WAI_MYS_CAM1_left_1.MP4,50276,27.959,WAI_MYS_transect 4,0.5016,,6.162,6.204,3140.106,13.297,,,-248.409,690.266,-3053.21,WAI_MYS,Peter,Pomacentridae,Chromis,ternatensis,37372051,1,AD,Passing,
WAI_MYS_CAM1_left_1.MP4,50276,27.959,WAI_MYS_transect 4,0.5016,,11.098,11.563,4286.653,11.477,,,-193.46,847.378,-4197.609,WAI_MYS,Peter,Pomacentridae,Chromis,ternatensis,37372051,1,AD,Passing,
WAI_MYS_CAM1_left_1.MP4,50276,27.959,WAI_MYS_transect 4,0.5016,,9.359,2.837,3919.207,12.073,,,-56.164,832.973,-3829.254,WAI_MYS,Peter,Pomacentridae,Chromis,ternatensis,37372051,1,AD,Passing,
WAI_MYS_CAM1_left_1.MP4,50276,27.959,WAI_MYS_transect 4,0.5016,,7.559,3.778,3502.576,11.487,,,-339.177,623.128,-3429.972,WAI_MYS,Peter,Pomacentridae,Chromis,ternatensis,37372051,1,AD,Passing,
WAI_MYS_CAM1_left_1.MP4,50276,27.959,WAI_MYS_transect 4,0.5016,,6.28,7.361,3189.342,21.652,,,526.242,1064.266,-2960.12,WAI_MYS,Peter,Pomacentridae,Chromis,margaritifer,37372047,1,AD,Passing,
WAI_MYS_CAM1_left_1.MP4,50276,27.959,WAI_MYS_transect 4,0.5016,,4.928,7.877,2793.533,19.47,,,377.83,861.441,-2630.398,WAI_MYS,Peter,Pomacentridae,Chromis,margaritifer,37372047,1,AD,Passing,
WAI_MYS_CAM1_left_1.MP4,50276,27.959,WAI_MYS_transect 4,0.5016,,4.52,2.887,2654.807,17.13,,,423.305,667.511,-2534.411,WAI_MYS,Peter,Pomacentridae,Chromis,margaritifer,37372047,1,AD,Passing,
WAI_MYS_CAM1_left_1.MP4,50276,27.959,WAI_MYS_transect 4,0.5016,,9.229,6.375,3863.179,18.79,,,674.154,1060.385,-3653.115,WAI_MYS,Peter,Pomacentridae,Chromis,margaritifer,37372047,1,AD,Passing,
WAI_MYS_CAM1_left_1.MP4,50276,27.959,WAI_MYS_transect 4,0.5016,,13.837,11.309,4752.021,15.085,,,546.066,1127.795,-4583.84,WAI_MYS,Peter,Pomacentridae,Chromis,margaritifer,37372047,1,AD,Passing,
WAI_MYS_CAM1_left_1.MP4,50276,27.959,WAI_MYS_transect 4,0.5016,,9.917,9.151,4006.264,13.899,,,396.416,892.356,-3885.448,WAI_MYS,Peter,Pomacentridae,Chromis,margaritifer,37372047,1,AD,Passing,
WAI_MYS_CAM1_left_1.MP4,50276,27.959,WAI_MYS_transect 4,0.5016,,16.041,12.553,5123.298,14.468,,,689.459,1098.123,-4956.507,WAI_MYS,Peter,Pomacentridae,Chromis,margaritifer,37372047,1,AD,Passing,
WAI_MYS_CAM1_left_1.MP4,50276,27.959,WAI_MYS_transect 4,0.5016,,4.911,9.705,2786.303,8.202,,,158.148,375.624,-2756.334,WAI_MYS,Peter,Pomacentridae,Chromis,margaritifer,37372047,1,AD,Passing,
WAI_MYS_CAM1_left_1.MP4,50276,27.959,WAI_MYS_transect 4,0.5016,,14.032,13.634,4808.754,11.964,,,418.707,923.28,-4700.676,WAI_MYS,Peter,Pomacentridae,Chromis,margaritifer,37372047,1,AD,Passing,
WAI_MYS_CAM1_left_1.MP4,50276,27.959,WAI_MYS_transect 4,0.5016,,3.279,3.301,2238.947,7.979,,,292.744,113.199,-2216.837,WAI_MYS,Peter,Pomacentridae,Chromis,margaritifer,37372047,1,AD,Passing,
WAI_MYS_CAM1_left_1.MP4,50276,27.959,WAI_MYS_transect 4,0.5016,,4.531,2.82,2670.443,8.902,,,379.298,174.507,-2637.603,WAI_MYS,Peter,Pomacentridae,Chromis,margaritifer,37372047,1,AD,Passing,
WAI_MYS_CAM1_left_1.MP4,50276,27.959,WAI_MYS_transect 4,0.5016,,5.271,2.938,2900.079,7.424,,,306.308,227.232,-2874.891,WAI_MYS,Peter,Pomacentridae,Chromis,margaritifer,37372047,1,AD,Passing,
WAI_MYS_CAM1_left_1.MP4,50276,27.959,WAI_MYS_transect 4,0.5016,,5.18,5.45,2852.894,13.374,,,493.717,448.874,-2773.763,WAI_MYS,Peter,Pomacentridae,Chromis,margaritifer,37372047,1,AD,Passing,
WAI_MYS_CAM1_left_1.MP4,50276,27.959,WAI_MYS_transect 4,0.5016,,4.285,6.825,2601.586,5.345,,,233.199,76.295,-2589.99,WAI_MYS,Peter,Pomacentridae,Chromis,margaritifer,37372047,1,AD,Passing,
WAI_MYS_CAM1_left_1.MP4,50276,27.959,WAI_MYS_transect 4,0.5016,,11.608,9.788,4491.979,3.572,,,-253.746,135.833,-4482.749,WAI_MYS,Peter,Pomacentridae,Chromis,margaritifer,37372047,1,AD,Passing,
WAI_MYS_CAM1_left_1.MP4,50276,27.959,WAI_MYS_transect 4,0.5016,,3.839,4.581,2461.272,0.898,,,-30.534,33.327,-2460.857,WAI_MYS,Peter,Pomacentridae,Chromis,margaritifer,37372047,1,AD,Passing,
WAI_MYS_CAM1_left_1.MP4,50276,27.959,WAI_MYS_transect 4,0.5016,,6.022,2.486,3155.387,0.89,,,48.173,3.44,-3155.017,WAI_MYS,Peter,Pomacentridae,Chromis,margaritifer,37372047,1,AD,Passing,
WAI_MYS_CAM1_left_1.MP4,50276,27.959,WAI_MYS_transect 4,0.5016,,6.482,5.274,3304.579,13.161,,,-751.399,51.519,-3217.606,WAI_MYS,Peter,Pomacentridae,Chromis,ternatensis,37372051,1,AD,Passing,
WAI_MYS_CAM1_left_1.MP4,50276,27.959,WAI_MYS_transect 4,0.5016,,9.535,6.84,4069.188,14.016,,,-980.37,116.524,-3947.605,WAI_MYS,Peter,Pomacentridae,Chromis,ternatensis,37372051,1,AD,Passing,
WAI_MYS_CAM1_left_1.MP4,50276,27.959,WAI_MYS_transect 4,0.5016,,7.401,4.194,3631.952,18.057,,,-1121.955,106.547,-3452.671,WAI_MYS,Peter,Pomacentridae,Chromis,ternatensis,37372051,1,AD,Passing,
WAI_MYS_CAM1_left_1.MP4,50276,27.959,WAI_MYS_transect 4,0.5016,,10.433,6.193,4346.116,17.467,,,-1303.605,64.62,-4145.499,WAI_MYS,Peter,Pomacentridae,Chromis,ternatensis,37372051,1,AD,Passing,
WAI_MYS_CAM1_left_1.MP4,50276,27.959,WAI_MYS_transect 4,0.5016,,7.839,7.423,3738.983,17.596,,,-1130.14,-5.788,-3564.091,WAI_MYS,Peter,Pomacentridae,Chromis,ternatensis,37372051,1,AD,Passing,
WAI_MYS_CAM1_left_1.MP4,50276,27.959,WAI_MYS_transect 4,0.5016,,8.766,3.927,3904.605,14.528,,,-979.419,27.462,-3779.673,WAI_MYS,Peter,Pomacentridae,Chromis,ternatensis,37372051,1,AD,Passing,
WAI_MYS_CAM1_left_1.MP4,50276,27.959,WAI_MYS_transect 4,0.5016,,9.712,3.406,4085.327,11.497,,,-812.138,-42.585,-4003.563,WAI_MYS,Peter,Pomacentridae,Chromis,ternatensis,37372051,1,AD,Passing,
WAI_MYS_CAM1_left_1.MP4,50276,27.959,WAI_MYS_transect 4,0.5016,,7.285,8.102,3479.112,8.415,,,-478.38,188.003,-3440.934,WAI_MYS,Peter,Pomacentridae,Chromis,ternatensis,37372051,1,AD,Passing,
WAI_MYS_CAM1_left_1.MP4,50276,27.959,WAI_MYS_transect 4,0.5016,,7.575,4.601,3546.709,11.218,,,-624.932,306.22,-3477.763,WAI_MYS,Peter,Pomacentridae,Chromis,ternatensis,37372051,1,AD,Passing,
WAI_MYS_CAM1_left_1.MP4,50276,27.959,WAI_MYS_transect 4,0.5016,,6.81,4.56,3369.636,13.222,,,-724.038,277.182,-3279.236,WAI_MYS,Peter,Pomacentridae,Chromis,ternatensis,37372051,1,AD,Passing,
WAI_MYS_CAM1_left_1.MP4,50276,27.959,WAI_MYS_transect 4,0.5016,,9.8,8.456,4079.832,12.514,,,-830.232,319.313,-3981.681,WAI_MYS,Peter,Pomacentridae,Chromis,ternatensis,37372051,1,AD,Passing,
WAI_MYS_CAM1_left_1.MP4,50276,27.959,WAI_MYS_transect 4,0.5016,,10.835,8.505,4361.266,15.669,,,-1147.095,284.35,-4198.09,WAI_MYS,Peter,Pomacentridae,Chromis,ternatensis,37372051,1,AD,Passing,
WAI_MYS_CAM1_left_1.MP4,50276,27.959,WAI_MYS_transect 4,0.5016,,10.926,4.848,4423.112,17.119,,,-1282.38,241.803,-4226.222,WAI_MYS,Peter,Pomacentridae,Chromis,ternatensis,37372051,1,AD,Passing,
WAI_MYS_CAM1_left_1.MP4,50276,27.959,WAI_MYS_transect 4,0.5016,,8.603,6.142,3790.131,20.8,,,12.152,1359.871,-3537.753,WAI_MYS,Peter,Pomacentridae,Chromis,ternatensis,37372051,1,AD,Passing,
WAI_MYS_CAM1_left_1.MP4,50276,27.959,WAI_MYS_transect 4,0.5016,,7.068,0.054,3421.783,21.182,,,72.483,1246.897,-3185.686,WAI_MYS,Peter,Pomacentridae,Chromis,ternatensis,37372051,1,AD,Passing,
WAI_MYS_CAM1_left_1.MP4,50276,27.959,WAI_MYS_transect 4,0.5016,,10.293,9.576,4144.099,20.205,,,-347.352,1403.926,-3883.542,WAI_MYS,Peter,Pomacentridae,Chromis,ternatensis,37372051,1,AD,Passing,
WAI_MYS_CAM1_left_1.MP4,50276,27.959,WAI_MYS_transect 4,0.5016,,12.193,3.533,4499.232,18.558,,,225.642,1430.941,-4259.646,WAI_MYS,Peter,Pomacentridae,Chromis,ternatensis,37372051,1,AD,Passing,
WAI_MYS_CAM1_left_1.MP4,50276,27.959,WAI_MYS_transect 4,0.5016,,15.379,8.584,5093.079,18.659,,,66.061,1647.219,-4818.896,WAI_MYS,Peter,Pomacentridae,Chromis,ternatensis,37372051,1,AD,Passing,
WAI_MYS_CAM1_left_1.MP4,50276,27.959,WAI_MYS_transect 4,0.5016,,18.111,12.46,5544.558,18.966,,,83.963,1820.801,-5236.388,WAI_MYS,Peter,Pomacentridae,Chromis,ternatensis,37372051,1,AD,Passing,
WAI_MYS_CAM1_left_1.MP4,50276,27.959,WAI_MYS_transect 4,0.5016,,14.333,6.429,4916.855,19.171,,,56.128,1632.083,-4637.738,WAI_MYS,Peter,Pomacentridae,Chromis,ternatensis,37372051,1,AD,Passing,
WAI_MYS_CAM1_left_1.MP4,50276,27.959,WAI_MYS_transect 4,0.5016,,17.495,6.804,5462.942,19.876,,,-120.792,1873.732,-5130.133,WAI_MYS,Peter,Pomacentridae,Chromis,ternatensis,37372051,1,AD,Passing,
WAI_MYS_CAM1_left_1.MP4,50276,27.959,WAI_MYS_transect 4,0.5016,,11.546,11.224,4378.28,17.653,,,-246.588,1321.171,-4166.898,WAI_MYS,Peter,Pomacentridae,Chromis,ternatensis,37372051,1,AD,Passing,
WAI_MYS_CAM1_left_1.MP4,50276,27.959,WAI_MYS_transect 4,0.5016,,9.726,10.475,3998.146,15.794,,,-155.023,1092.362,-3842.9,WAI_MYS,Peter,Pomacentridae,Chromis,ternatensis,37372051,1,AD,Passing,
WAI_MYS_CAM1_left_1.MP4,50276,27.959,WAI_MYS_transect 4,0.5016,,9.298,6.116,3890.893,15.374,,,199.612,1026.892,-3747.625,WAI_MYS,Peter,Pomacentridae,Chromis,ternatensis,37372051,1,AD,Passing,
WAI_MYS_CAM1_left_1.MP4,50276,27.959,WAI_MYS_transect 4,0.5016,,10.844,8.74,4224.282,16.15,,,-361.341,1134.121,-4053.117,WAI_MYS,Peter,Pomacentridae,Chromis,ternatensis,37372051,1,AD,Passing,
WAI_MYS_CAM1_left_1.MP4,50276,27.959,WAI_MYS_transect 4,0.5016,,14.325,13.298,4884.421,17.947,,,-487.283,1442.38,-4641.084,WAI_MYS,Peter,Pomacentridae,Chromis,ternatensis,37372051,1,AD,Passing,
WAI_MYS_CAM1_left_1.MP4,50276,27.959,WAI_MYS_transect 4,0.5016,,10.009,3.98,4070.426,19.384,,,-567.67,1241.112,-3834.809,WAI_MYS,Peter,Pomacentridae,Chromis,ternatensis,37372051,1,AD,Passing,
WAI_MYS_CAM1_left_1.MP4,50276,27.959,WAI_MYS_transect 4,0.5016,,7.949,6.251,3837.347,20.249,,,-1326.115,87.054,-3599.871,WAI_MYS,Peter,Pomacentridae,Chromis,ternatensis,37372051,1,AD,Passing,
WAI_MYS_CAM1_left_1.MP4,50276,27.959,WAI_MYS_transect 4,0.5016,,9.964,5.327,4436.592,23.048,,,-1732.781,135.845,-4081.956,WAI_MYS,Peter,Pomacentridae,Chromis,ternatensis,37372051,1,AD,Passing,
WAI_MYS_CAM1_left_1.MP4,50276,27.959,WAI_MYS_transect 4,0.5016,,10.932,17.906,4755.209,25.181,,,-2009.295,254.376,-4302.33,WAI_MYS,Peter,Pomacentridae,Chromis,ternatensis,37372051,1,AD,Passing,
WAI_MYS_CAM1_left_1.MP4,50276,27.959,WAI_MYS_transect 4,0.5016,,9.751,6.677,4466.161,25.156,,,-1876.737,302.588,-4041.397,WAI_MYS,Peter,Pomacentridae,Chromis,ternatensis,37372051,1,AD,Passing,
WAI_MYS_CAM1_left_1.MP4,50276,27.959,WAI_MYS_transect 4,0.5016,,10.05,9.998,4421.124,23.02,,,-1696.549,348.846,-4067.723,WAI_MYS,Peter,Pomacentridae,Chromis,ternatensis,37372051,1,AD,Passing,
WAI_MYS_CAM1_left_1.MP4,50276,27.959,WAI_MYS_transect 4,0.5016,,13.796,3.185,5153.7,21.834,,,-1876.988,407.402,-4782.422,WAI_MYS,Peter,Pomacentridae,Chromis,ternatensis,37372051,1,AD,Passing,
WAI_MYS_CAM1_left_1.MP4,50276,27.959,WAI_MYS_transect 4,0.5016,,10.993,7.276,4631.442,22.767,,,-1766.974,317.145,-4269.365,WAI_MYS,Peter,Pomacentridae,Chromis,ternatensis,37372051,1,AD,Passing,
WAI_MYS_CAM1_left_1.MP4,50276,27.959,WAI_MYS_transect 4,0.5016,,12.11,7.164,4898.087,23.431,,,-1915.957,368.115,-4492.756,WAI_MYS,Peter,Pomacentridae,Chromis,ternatensis,37372051,1,AD,Passing,
WAI_MYS_CAM1_left_1.MP4,50276,27.959,WAI_MYS_transect 4,0.5016,,13.748,15.814,5260.03,23.268,,,-2070.586,192.762,-4831.504,WAI_MYS,Peter,Pomacentridae,Chromis,ternatensis,37372051,1,AD,Passing,
WAI_MYS_CAM1_left_1.MP4,50276,27.959,WAI_MYS_transect 4,0.5016,,14.217,11.849,5472.287,25.112,,,-2319.753,129.245,-4954.59,WAI_MYS,Peter,Pomacentridae,Chromis,ternatensis,37372051,1,AD,Passing,
WAI_MYS_CAM1_left_1.MP4,50276,27.959,WAI_MYS_transect 4,0.5016,,12.317,14.227,5091.724,25.417,,,-2180.699,161.466,-4598.275,WAI_MYS,Peter,Pomacentridae,Chromis,ternatensis,37372051,1,AD,Passing,
WAI_MYS_CAM1_left_1.MP4,50276,27.959,WAI_MYS_transect 4,0.5016,,11.032,10.48,4876.896,26.566,,,-2177.417,143.966,-4361.449,WAI_MYS,Peter,Pomacentridae,Chromis,ternatensis,37372051,1,AD,Passing,
WAI_MYS_CAM1_left_1.MP4,50276,27.959,WAI_MYS_transect 4,0.5016,,11.832,9.295,5018.516,26.38,,,-2207.823,330.303,-4494.654,WAI_MYS,Peter,Pomacentridae,Chromis,ternatensis,37372051,1,AD,Passing,
WAI_MYS_CAM1_left_1.MP4,50276,27.959,WAI_MYS_transect 4,0.5016,,9.022,5.234,4410.21,27.224,,,-2004.193,247.24,-3920.718,WAI_MYS,Peter,Pomacentridae,Chromis,ternatensis,37372051,1,AD,Passing,
WAI_MYS_CAM1_left_1.MP4,50276,27.959,WAI_MYS_transect 4,0.5016,,13.261,11.27,5378.641,27.37,,,-2438.786,427.517,-4774.865,WAI_MYS,Peter,Pomacentridae,Chromis,ternatensis,37372051,1,AD,Passing,
WAI_MYS_CAM1_left_1.MP4,50276,27.959,WAI_MYS_transect 4,0.5016,,10.78,9.023,4959.541,28.917,,,-2384.31,274.624,-4340.126,WAI_MYS,Peter,Pomacentridae,Chromis,ternatensis,37372051,1,AD,Passing,
WAI_MYS_CAM1_left_1.MP4,50276,27.959,WAI_MYS_transect 4,0.5016,,11.176,2.339,5035.376,28.49,,,-2395.464,193.521,-4424.852,WAI_MYS,Peter,Pomacentridae,Chromis,ternatensis,37372051,1,AD,Passing,
WAI_MYS_CAM1_left_1.MP4,50276,27.959,WAI_MYS_transect 4,0.5016,,10.931,4.189,4772.557,25.077,,,-2022.786,10.623,-4322.675,WAI_MYS,Peter,Pomacentridae,Chromis,ternatensis,37372051,1,AD,Passing,
WAI_MYS_CAM1_left_1.MP4,50276,27.959,WAI_MYS_transect 4,0.5016,,9.25,7.247,4339.842,24.49,,,-1798.209,-37.812,-3949.588,WAI_MYS,Peter,Pomacentridae,Chromis,ternatensis,37372051,1,AD,Passing,
WAI_MYS_CAM1_left_1.MP4,50276,27.959,WAI_MYS_transect 4,0.5016,,9.239,13.067,4362.564,25.347,,,-1850.638,-235.683,-3943.546,WAI_MYS,Peter,Pomacentridae,Chromis,ternatensis,37372051,1,AD,Passing,
WAI_MYS_CAM1_left_1.MP4,50276,27.959,WAI_MYS_transect 4,0.5016,,9.26,8.447,4452.018,26.746,,,-1992.813,-191.277,-3976.502,WAI_MYS,Peter,Pomacentridae,Chromis,ternatensis,37372051,1,AD,Passing,
WAI_MYS_CAM1_left_1.MP4,50276,27.959,WAI_MYS_transect 4,0.5016,,11.021,5.725,4662.138,22.978,,,-1800.147,-251.026,-4293.249,WAI_MYS,Peter,Pomacentridae,Chromis,ternatensis,37372051,1,AD,Passing,
WAI_MYS_CAM1_left_1.MP4,50276,27.959,WAI_MYS_transect 4,0.5016,,12.378,10.233,4992.313,23.593,,,-1982.732,-229.458,-4575.949,WAI_MYS,Peter,Pomacentridae,Chromis,ternatensis,37372051,1,AD,Passing,
WAI_MYS_CAM1_left_1.MP4,50276,27.959,WAI_MYS_transect 4,0.5016,,10.97,9.311,4631.017,22.918,,,-1767.891,-339.038,-4266.841,WAI_MYS,Peter,Pomacentridae,Chromis,ternatensis,37372051,1,AD,Passing,
WAI_MYS_CAM1_left_1.MP4,50276,27.959,WAI_MYS_transect 4,0.5016,,11.379,14.711,4661.586,21.964,,,-1690.803,-408.539,-4324.89,WAI_MYS,Peter,Pomacentridae,Chromis,ternatensis,37372051,1,AD,Passing,
WAI_MYS_CAM1_left_1.MP4,50276,27.959,WAI_MYS_transect 4,0.5016,,9.857,14.072,4416.727,24.353,,,-1759.129,-455.644,-4025.584,WAI_MYS,Peter,Pomacentridae,Chromis,ternatensis,37372051,1,AD,Passing,
WAI_MYS_CAM1_left_1.MP4,50276,27.959,WAI_MYS_transect 4,0.5016,,12.109,10.375,5033.189,26.209,,,-2164.026,-490.255,-4517.702,WAI_MYS,Peter,Pomacentridae,Chromis,ternatensis,37372051,1,AD,Passing,
WAI_MYS_CAM1_left_1.MP4,50276,27.959,WAI_MYS_transect 4,0.5016,,11.736,18.934,5088.154,28.232,,,-2352.169,-492.821,-4484.835,WAI_MYS,Peter,Pomacentridae,Chromis,ternatensis,37372051,1,AD,Passing,
WAI_MYS_CAM1_left_1.MP4,50276,27.959,WAI_MYS_transect 4,0.5016,,11.036,4.673,5001.994,28.924,,,-2386.438,-379.624,-4379.583,WAI_MYS,Peter,Pomacentridae,Chromis,ternatensis,37372051,1,AD,Passing,
WAI_MYS_CAM1_left_1.MP4,50276,27.959,WAI_MYS_transect 4,0.5016,,9.446,3.121,4619.118,28.661,,,-2204.857,-200.416,-4053.972,WAI_MYS,Peter,Pomacentridae,Chromis,ternatensis,37372051,1,AD,Passing,
WAI_MYS_CAM1_left_1.MP4,50276,27.959,WAI_MYS_transect 4,0.5016,,13.06,11.798,4994.539,20.647,,,-1746.479,-207.939,-4674.611,WAI_MYS,Peter,Pomacentridae,Chromis,ternatensis,37372051,1,AD,Passing,
WAI_MYS_CAM1_left_1.MP4,50276,27.959,WAI_MYS_transect 4,0.5016,,13.362,8.8,5046.169,20.654,,,-1757.313,-263.866,-4722.928,WAI_MYS,Peter,Pomacentridae,Chromis,ternatensis,37372051,1,AD,Passing,
WAI_MYS_CAM1_left_1.MP4,50276,27.959,WAI_MYS_transect 4,0.5016,,13.942,14.869,5056.848,18.383,,,-1554.782,-335.8,-4800.167,WAI_MYS,Peter,Pomacentridae,Chromis,ternatensis,37372051,1,AD,Passing,
WAI_MYS_CAM1_left_1.MP4,50276,27.959,WAI_MYS_transect 4,0.5016,,17.428,9.47,5762.932,20.287,,,-1961.436,-359.721,-5406.917,WAI_MYS,Peter,Pomacentridae,Chromis,ternatensis,37372051,1,AD,Passing,
WAI_MYS_CAM1_left_1.MP4,50276,27.959,WAI_MYS_transect 4,0.5016,,9.793,7.177,4227.015,19.59,,,-1368.538,-352.681,-3983.764,WAI_MYS,Peter,Pomacentridae,Chromis,ternatensis,37372051,1,AD,Passing,
WAI_MYS_CAM1_left_1.MP4,50276,27.959,WAI_MYS_transect 4,0.5016,,12.988,11.55,4882.015,19.565,,,-1559.834,-471.328,-4602.047,WAI_MYS,Peter,Pomacentridae,Chromis,ternatensis,37372051,1,AD,Passing,
WAI_MYS_CAM1_left_1.MP4,50276,27.959,WAI_MYS_transect 4,0.5016,,12.794,15.063,4875.503,20.222,,,-1620.629,-444.043,-4576.78,WAI_MYS,Peter,Pomacentridae,Chromis,ternatensis,37372051,1,AD,Passing,
WAI_MYS_CAM1_left_1.MP4,50276,27.959,WAI_MYS_transect 4,0.5016,,9.487,6.176,4210.732,20.094,,,-1442.159,-98.171,-3954.846,WAI_MYS,Peter,Pomacentridae,Chromis,ternatensis,37372051,1,AD,Passing,
WAI_MYS_CAM1_left_1.MP4,50276,27.959,WAI_MYS_transect 4,0.5016,,11.488,0.848,4583.116,17.884,,,-1405.611,89.007,-4361.34,WAI_MYS,Peter,Pomacentridae,Chromis,ternatensis,37372051,1,AD,Passing,
WAI_MYS_CAM1_left_1.MP4,50276,27.959,WAI_MYS_transect 4,0.5016,,10.059,4.728,4191.373,16.726,,,-1141.183,406.657,-4012.473,WAI_MYS,Peter,Pomacentridae,Chromis,ternatensis,37372051,1,AD,Passing,
WAI_MYS_CAM1_left_1.MP4,50276,27.959,WAI_MYS_transect 4,0.5016,,7.816,8.069,3709.286,18.251,,,-1114.566,341.378,-3521.364,WAI_MYS,Peter,Pomacentridae,Chromis,ternatensis,37372051,1,AD,Passing,
WAI_MYS_CAM1_left_1.MP4,50276,27.959,WAI_MYS_transect 4,0.5016,,9.931,14.649,4189.98,17.993,,,-1225.959,430.722,-3983.395,WAI_MYS,Peter,Pomacentridae,Chromis,ternatensis,37372051,1,AD,Passing,
WAI_MYS_CAM1_left_1.MP4,50276,27.959,WAI_MYS_transect 4,0.5016,,12.667,6.461,4726.401,17.55,,,-1321.162,552.38,-4504.251,WAI_MYS,Peter,Pomacentridae,Chromis,ternatensis,37372051,1,AD,Passing,
WAI_MYS_CAM1_left_1.MP4,50276,27.959,WAI_MYS_transect 4,0.5016,,14.54,3.693,5173.935,18.779,,,-1629.485,364.359,-4897.103,WAI_MYS,Peter,Pomacentridae,Chromis,ternatensis,37372051,1,AD,Passing,
WAI_MYS_CAM1_left_1.MP4,50276,27.959,WAI_MYS_transect 4,0.5016,,12.254,7.531,4739.151,19.328,,,-1521.674,398.325,-4470.503,WAI_MYS,Peter,Pomacentridae,Chromis,ternatensis,37372051,1,AD,Passing,
WAI_MYS_CAM1_left_1.MP4,50276,27.959,WAI_MYS_transect 4,0.5016,,15.036,0.783,5300.644,19.35,,,-1732.768,306.282,-5000.053,WAI_MYS,Peter,Pomacentridae,Chromis,ternatensis,37372051,1,AD,Passing,
WAI_MYS_CAM1_left_1.MP4,50276,27.959,WAI_MYS_transect 4,0.5016,,8.993,9.992,3847.799,10.114,,,-384.239,570.796,-3785.777,WAI_MYS,Peter,Pomacentridae,Chromis,ternatensis,37372051,1,AD,Passing,
WAI_MYS_CAM1_left_1.MP4,50276,27.959,WAI_MYS_transect 4,0.5016,,10.759,10.106,4225.772,10.016,,,-352.951,661.129,-4158.784,WAI_MYS,Peter,Pomacentridae,Chromis,ternatensis,37372051,1,AD,Passing,
WAI_MYS_CAM1_left_1.MP4,50276,27.959,WAI_MYS_transect 4,0.5016,,11.486,5.018,4393.791,13.171,,,-826.897,581.412,-4275.933,WAI_MYS,Peter,Pomacentridae,Chromis,ternatensis,37372051,1,AD,Passing,
WAI_MYS_CAM1_left_1.MP4,50276,27.959,WAI_MYS_transect 4,0.5016,,8.081,8.837,3643.108,12.084,,,-573.765,516.613,-3560.357,WAI_MYS,Peter,Pomacentridae,Chromis,ternatensis,37372051,1,AD,Passing,
WAI_MYS_CAM1_left_1.MP4,50276,27.959,WAI_MYS_transect 4,0.5016,,9.625,7.328,4000.767,17.464,,,-826.089,886.436,-3812.866,WAI_MYS,Peter,Pomacentridae,Chromis,ternatensis,37372051,1,AD,Passing,
WAI_MYS_CAM1_left_1.MP4,50276,27.959,WAI_MYS_transect 4,0.5016,,9.343,8.361,3930.695,15.518,,,-750.535,751.673,-3784.449,WAI_MYS,Peter,Pomacentridae,Chromis,ternatensis,37372051,1,AD,Passing,
WAI_MYS_CAM1_left_1.MP4,50276,27.959,WAI_MYS_transect 4,0.5016,,11.865,7.935,4484.898,16.392,,,-1028.241,755.105,-4299.633,WAI_MYS,Peter,Pomacentridae,Chromis,ternatensis,37372051,1,AD,Passing,
WAI_MYS_CAM1_left_1.MP4,50276,27.959,WAI_MYS_transect 4,0.5016,,9.362,1.086,3981.543,17.327,,,-975.668,688.989,-3798.164,WAI_MYS,Peter,Pomacentridae,Chromis,ternatensis,37372051,1,AD,Passing,
WAI_MYS_CAM1_left_1.MP4,50276,27.959,WAI_MYS_transect 4,0.5016,,7.784,6.484,3581.038,16.403,,,-730.045,713.351,-3432.491,WAI_MYS,Peter,Pomacentridae,Chromis,ternatensis,37372051,1,AD,Passing,
WAI_MYS_CAM1_left_1.MP4,50276,27.959,WAI_MYS_transect 4,0.5016,,9.932,9.221,4035.994,14.259,,,-564.407,833.837,-3908.377,WAI_MYS,Peter,Pomacentridae,Chromis,ternatensis,37372051,1,AD,Passing,
WAI_MYS_CAM1_left_1.MP4,50276,27.959,WAI_MYS_transect 4,0.5016,55.179,3.205,4.549,2476.67,15.114,8.104,54.636,262.906,589.839,-2390.996,WAI_MYS,Peter,Pomacentridae,Pomacentrus,sp,,1,AD,Passing,
WAI_MYS_CAM1_left_1.MP4,50276,27.959,WAI_MYS_transect 4,0.5016,,7.049,10.399,3373.66,11.138,,,60.706,661.984,-3307.517,WAI_MYS,Peter,Pomacentridae,Pomacentrus,sp,,1,AD,Passing,
WAI_MYS_CAM1_left_1.MP4,50276,27.959,WAI_MYS_transect 4,0.5016,71.975,3.292,4.655,2568.87,16.886,6.27,42.82,212.287,715.362,-2458.106,WAI_MYS,Peter,Serranidae,Pseudanthias,squamipinnis,37311126,1,AD,Passing,
WAI_MYS_CAM1_left_1.MP4,50363,28.0074,WAI_MYS_transect 4,0.55,,4.823,4.286,3044.017,26.613,,,1360.009,109.938,-2721.09,WAI_MYS,Peter,Acanthuridae,Acanthurus,sp,,1,AD,Passing,
WAI_MYS_CAM1_left_1.MP4,50363,28.0074,WAI_MYS_transect 4,0.55,,4.677,8.705,3058.725,28.4,,,1449.085,139.69,-2690.063,WAI_MYS,Peter,Acanthuridae,Acanthurus,sp,,1,AD,Passing,
WAI_MYS_CAM1_left_1.MP4,50377,28.0152,WAI_MYS_transect 4,0.5578,178.585,11.185,7.835,4622.524,16.056,6.742,6.843,1146.236,-566.349,-4442.198,WAI_MYS,Peter,Scaridae,Chlorurus,spilurus,temp_code_002,1,AD,Passing,
WAI_MYS_CAM1_left_1.MP4,50396,28.0258,WAI_MYS_transect 4,0.5683,,5.039,0.433,3199.835,30.627,,,1521.345,-574.708,-2755.75,WAI_MYS,Peter,Pomacentridae,Chromis,margaritifer,37372047,1,AD,Passing,
WAI_MYS_CAM1_left_1.MP4,50444,28.0525,WAI_MYS_transect 4,0.595,,7.435,0.318,3602.716,26.368,,,1160.893,-1088.355,-3232.24,WAI_MYS,Peter,Acanthuridae,Acanthurus,sp,,1,AD,Passing,
WAI_MYS_CAM1_left_1.MP4,50468,28.0658,WAI_MYS_transect 4,0.6084,309.295,30.847,5.048,6976.312,23.898,9.237,12.306,2751.217,646.36,-6378.24,WAI_MYS,Peter,Lutjanidae,Lutjanus,gibbus,37346028,1,AD,Passing,
WAI_MYS_CAM1_left_1.MP4,50513,28.0908,WAI_MYS_transect 4,0.6334,,15.162,3.144,5163.765,18.234,,,1561.463,-395.64,-4906.096,WAI_MYS,Peter,Pomacentridae,Chromis,margaritifer,37372047,1,AD,Passing,
WAI_MYS_CAM1_left_1.MP4,50561,28.1175,WAI_MYS_transect 4,0.6601,137.707,8.702,6.267,3971.174,12.178,18.249,41.71,-570.411,-613.553,-3881.805,WAI_MYS,Peter,Zanclidae,Zanclus,cornutus,37437001,1,AD,Passing,
WAI_MYS_CAM1_left_1.MP4,50587,28.132,WAI_MYS_transect 4,0.6746,74.896,5.311,15.048,2121.967,26.527,68.993,19.015,-748.06,-581.849,-1898.579,WAI_MYS,Peter,Pomacentridae,Chromis,margaritifer,37372047,1,AD,Passing,
WAI_MYS_CAM1_left_1.MP4,50652,28.1681,WAI_MYS_transect 4,0.7107,73.442,6.206,8.692,2278.443,21.729,61.811,26.963,-788.611,-299.376,-2116.547,WAI_MYS,Peter,Pomacentridae,Chromis,margaritifer,37372047,1,AD,Passing,
WAI_MYS_CAM1_left_1.MP4,50652,28.1681,WAI_MYS_transect 4,0.7107,61.21,4.803,4.15,1994.525,21.68,50.699,6.308,-719.868,-157.136,-1853.437,WAI_MYS,Peter,Pomacentridae,Chromis,ternatensis,37372051,1,AD,Passing,
WAI_MYS_CAM1_left_1.MP4,50674,28.1804,WAI_MYS_transect 4,0.7229,83.673,6.309,7.734,2657.103,7.785,26.567,17.371,-184.002,-309.343,-2632.612,WAI_MYS,Peter,Acanthuridae,Zebrasoma,scopas,37437036,1,AD,Passing,
WAI_MYS_CAM1_left_1.MP4,50686,28.187,WAI_MYS_transect 4,0.7296,66.571,2.391,8.4,1898.7,19.744,1.465,17.318,-582.607,-268.278,-1787.081,WAI_MYS,Peter,Pomacentridae,Pomacentrus,callainus,temp_code_004,1,AD,Passing,
WAI_MYS_CAM1_left_1.MP4,50695,28.1921,WAI_MYS_transect 4,0.7346,43.275,2.196,2.391,1263.281,22.413,69.507,20.353,277.209,-393.891,-1167.854,WAI_MYS,Peter,Pomacentridae,Dascyllus,reticulatus,37372074,1,AD,Passing,
WAI_MYS_CAM1_left_1.MP4,50719,28.2054,WAI_MYS_transect 4,0.748,76.585,2.921,7.704,2357.966,10.022,9.328,20.762,340.048,-229.697,-2321.984,WAI_MYS,Peter,Pomacentridae,Pomacentrus,callainus,temp_code_004,1,AD,Passing,
WAI_MYS_CAM1_left_1.MP4,50720,28.206,WAI_MYS_transect 4,0.7485,81.601,5.82,8.094,2365.404,9.985,32.269,19.479,340.4,-228.775,-2329.577,WAI_MYS,Peter,Pomacentridae,Pomacentrus,callainus,temp_code_004,1,AD,Passing,
WAI_MYS_CAM1_left_1.MP4,50721,28.2065,WAI_MYS_transect 4,0.7491,154.17,5.124,6.169,3506.356,6.541,8.044,1.047,347.125,-197.614,-3483.531,WAI_MYS,Peter,Pomacanthidae,Pygoplites,diacanthus,37365082,1,AD,Passing,
WAI_MYS_CAM1_left_1.MP4,50725,28.2087,WAI_MYS_transect 4,0.7513,,5.644,4.626,3195.706,23.591,,,1255.037,-234.494,-2929.579,WAI_MYS,Peter,Pomacentridae,Pomacentrus,callainus,temp_code_004,1,AD,Passing,
WAI_MYS_CAM1_left_1.MP4,50765,28.231,WAI_MYS_transect 4,0.7736,63.512,1.059,2.855,1244.818,18.074,2.257,36.837,169.23,-347.153,-1183.393,WAI_MYS,Peter,Pomacentridae,Pomacentrus,callainus,temp_code_004,1,AD,Passing,
WAI_MYS_CAM1_left_1.MP4,50765,28.231,WAI_MYS_transect 4,0.7736,,6.147,1.554,3609.082,28.407,,,-1654.573,-445.952,-3176.317,WAI_MYS,Peter,Pomacentridae,Pomacentrus,callainus,temp_code_004,1,AD,Passing,
WAI_MYS_CAM1_left_1.MP4,50786,28.2427,WAI_MYS_transect 4,0.7852,,2.916,1.32,2248.754,23.295,,,-824.018,-326.22,-2066.753,WAI_MYS,Peter,Pomacentridae,Pomacentrus,callainus,temp_code_004,1,AD,Passing,
WAI_MYS_CAM1_left_1.MP4,50797,28.2488,WAI_MYS_transect 4,0.7913,,2.297,0.694,1940.84,25.569,,,717.741,-424.968,-1752.459,WAI_MYS,Peter,Pomacentridae,Pomacentrus,callainus,temp_code_004,1,AD,Passing,
WAI_MYS_CAM1_left_1.MP4,50805,28.2532,WAI_MYS_transect 4,0.7958,,1.435,1.119,1422.738,11.872,,,-81.827,-275.492,-1393.41,WAI_MYS,Peter,Pomacentridae,Chromis,ternatensis,37372051,1,AD,Passing,
WAI_MYS_CAM1_left_1.MP4,50805,28.2532,WAI_MYS_transect 4,0.7958,,2.053,1.836,1736.392,13.206,,,-33.761,-388.533,-1692.028,WAI_MYS,Peter,Pomacentridae,Chromis,ternatensis,37372051,1,AD,Passing,
WAI_MYS_CAM1_left_1.MP4,50805,28.2532,WAI_MYS_transect 4,0.7958,,1.901,2.766,1668.388,14.545,,,-78.149,-405.234,-1616.539,WAI_MYS,Peter,Pomacentridae,Chromis,ternatensis,37372051,1,AD,Passing,
WAI_MYS_CAM1_left_1.MP4,50805,28.2532,WAI_MYS_transect 4,0.7958,,1.83,0.741,1623.892,9.141,,,10.824,-251.398,-1604.277,WAI_MYS,Peter,Pomacentridae,Chromis,ternatensis,37372051,1,AD,Passing,
WAI_MYS_CAM1_left_1.MP4,50805,28.2532,WAI_MYS_transect 4,0.7958,,1.473,2.796,1442.917,12.695,,,68.046,-304.123,-1408.86,WAI_MYS,Peter,Pomacentridae,Chromis,ternatensis,37372051,1,AD,Passing,
WAI_MYS_CAM1_left_1.MP4,50805,28.2532,WAI_MYS_transect 4,0.7958,,1.65,0.761,1546.272,15.448,,,-23.657,-405.281,-1492.027,WAI_MYS,Peter,Pomacentridae,Chromis,ternatensis,37372051,1,AD,Passing,
WAI_MYS_CAM1_left_1.MP4,50805,28.2532,WAI_MYS_transect 4,0.7958,,2.467,0.378,1919.698,17.345,,,306.273,-476.177,-1834.31,WAI_MYS,Peter,Pomacentridae,Chromis,ternatensis,37372051,1,AD,Passing,
WAI_MYS_CAM1_left_1.MP4,50805,28.2532,WAI_MYS_transect 4,0.7958,,1.635,0.656,1529.692,14.637,,,141.435,-353.869,-1481.463,WAI_MYS,Peter,Pomacentridae,Chromis,ternatensis,37372051,1,AD,Passing,
WAI_MYS_CAM1_left_1.MP4,50805,28.2532,WAI_MYS_transect 4,0.7958,,2.167,0.05,1796.738,16.675,,,67.393,-504.308,-1723.195,WAI_MYS,Peter,Pomacentridae,Chromis,ternatensis,37372051,1,AD,Passing,
WAI_MYS_CAM1_left_1.MP4,50805,28.2532,WAI_MYS_transect 4,0.7958,,2.888,4.126,2101.165,17.142,,,58.664,-608.543,-2010.256,WAI_MYS,Peter,Pomacentridae,Chromis,ternatensis,37372051,1,AD,Passing,
WAI_MYS_CAM1_left_1.MP4,50805,28.2532,WAI_MYS_transect 4,0.7958,,3.165,2.166,2210.436,20.316,,,404.657,-643.868,-2075.503,WAI_MYS,Peter,Pomacentridae,Chromis,ternatensis,37372051,1,AD,Passing,
WAI_MYS_CAM1_left_1.MP4,50805,28.2532,WAI_MYS_transect 4,0.7958,,1.912,3.761,1686.37,18.283,,,54.937,-519.814,-1603.315,WAI_MYS,Peter,Pomacentridae,Chromis,ternatensis,37372051,1,AD,Passing,
WAI_MYS_CAM1_left_1.MP4,50805,28.2532,WAI_MYS_transect 4,0.7958,,3.459,6.927,2319.956,16.616,,,-349.393,-555.105,-2225.304,WAI_MYS,Peter,Pomacentridae,Chromis,ternatensis,37372051,1,AD,Passing,
WAI_MYS_CAM1_left_1.MP4,50805,28.2532,WAI_MYS_transect 4,0.7958,,3.386,0.905,2292.241,17.028,,,-240.109,-618.131,-2194.226,WAI_MYS,Peter,Pomacentridae,Chromis,ternatensis,37372051,1,AD,Passing,
WAI_MYS_CAM1_left_1.MP4,50805,28.2532,WAI_MYS_transect 4,0.7958,,0.988,0.071,1183.365,21.275,,,-277.145,-323.589,-1104.009,WAI_MYS,Peter,Pomacentridae,Chromis,ternatensis,37372051,1,AD,Passing,
WAI_MYS_CAM1_left_1.MP4,50805,28.2532,WAI_MYS_transect 4,0.7958,,1.784,0.052,1696.762,24.437,,,-566.314,-408.609,-1546.392,WAI_MYS,Peter,Pomacentridae,Chromis,ternatensis,37372051,1,AD,Passing,
WAI_MYS_CAM1_left_1.MP4,50805,28.2532,WAI_MYS_transect 4,0.7958,,2.034,0.051,1746.382,18.422,,,-221.455,-498.914,-1658.882,WAI_MYS,Peter,Pomacentridae,Chromis,ternatensis,37372051,1,AD,Passing,
WAI_MYS_CAM1_left_1.MP4,50805,28.2532,WAI_MYS_transect 4,0.7958,,0.947,0.627,1154.537,18.957,,,-54.537,-366.737,-1093.383,WAI_MYS,Peter,Pomacentridae,Chromis,ternatensis,37372051,1,AD,Passing,
WAI_MYS_CAM1_left_1.MP4,50867,28.2877,WAI_MYS_transect 4,0.8303,,11.186,4.734,4913.922,28.169,,,-2224.42,-640.917,-4334.491,WAI_MYS,Peter,Pomacanthidae,Centropyge,heraldi,37385027,1,AD,Passing,
WAI_MYS_CAM1_left_1.MP4,50925,28.32,WAI_MYS_transect 4,0.8625,56.778,1.661,5.865,1237.475,21.82,35.367,15.027,376.839,-263.725,-1148.819,WAI_MYS,Peter,Pomacentridae,Pomacentrus,callainus,temp_code_004,1,AD,Passing,
WAI_MYS_CAM1_left_1.MP4,51002,28.3628,WAI_MYS_transect 4,0.9053,100.878,5.362,8.308,2407.716,26.666,41.356,19.75,-829.454,692.548,-2151.623,WAI_MYS,Peter,Pomacentridae,Chromis,ternatensis,37372051,1,AD,Passing,
WAI_MYS_CAM1_left_1.MP4,51002,28.3628,WAI_MYS_transect 4,0.9053,95.328,5.625,5.112,2357.621,21.891,39.189,17.761,-598.772,643.562,-2187.619,WAI_MYS,Peter,Pomacentridae,Chromis,ternatensis,37372051,1,AD,Passing,
WAI_MYS_CAM1_left_1.MP4,51002,28.3628,WAI_MYS_transect 4,0.9053,58.588,5.742,12.887,2503.266,25.566,36.745,12.167,-857.574,656.922,-2258.176,WAI_MYS,Peter,Pomacentridae,Chromis,ternatensis,37372051,1,AD,Passing,
WAI_MYS_CAM1_left_1.MP4,51002,28.3628,WAI_MYS_transect 4,0.9053,68.553,4.751,7.588,2766.723,27.123,7.342,2.17,-1051.641,696.467,-2462.466,WAI_MYS,Peter,Pomacentridae,Chromis,ternatensis,37372051,1,AD,Passing,
WAI_MYS_CAM1_left_1.MP4,51002,28.3628,WAI_MYS_transect 4,0.9053,141.937,9.213,12.875,2553.159,18.453,65.154,17.762,-741.535,321.281,-2421.884,WAI_MYS,Peter,Pomacentridae,Chromis,ternatensis,37372051,1,AD,Passing,
WAI_MYS_CAM1_left_1.MP4,51002,28.3628,WAI_MYS_transect 4,0.9053,,3.453,3.507,2558.447,27.859,,,-1041.138,596.619,-2259.586,WAI_MYS,Peter,Pomacentridae,Chromis,ternatensis,37372051,1,AD,Passing,
WAI_MYS_CAM1_left_1.MP4,51002,28.3628,WAI_MYS_transect 4,0.9053,,3.173,0.803,2443.262,27.349,,,-1009.991,498.31,-2168.21,WAI_MYS,Peter,Pomacentridae,Chromis,ternatensis,37372051,1,AD,Passing,
WAI_MYS_CAM1_left_1.MP4,51002,28.3628,WAI_MYS_transect 4,0.9053,,3.083,4.294,2355.772,25.413,,,-913.886,440.728,-2126.084,WAI_MYS,Peter,Pomacentridae,Chromis,ternatensis,37372051,1,AD,Passing,
WAI_MYS_CAM1_left_1.MP4,51002,28.3628,WAI_MYS_transect 4,0.9053,,2.761,1.047,2261.282,27.036,,,-940.296,423.123,-2012.513,WAI_MYS,Peter,Pomacentridae,Chromis,ternatensis,37372051,1,AD,Passing,
WAI_MYS_CAM1_left_1.MP4,51002,28.3628,WAI_MYS_transect 4,0.9053,,3.815,5.184,2755.045,29.131,,,-1192.854,622.623,-2404.103,WAI_MYS,Peter,Pomacentridae,Chromis,ternatensis,37372051,1,AD,Passing,
WAI_MYS_CAM1_left_1.MP4,51002,28.3628,WAI_MYS_transect 4,0.9053,,3.755,3.876,2506.04,21.517,,,-749.005,542.02,-2329.258,WAI_MYS,Peter,Pomacentridae,Chromis,ternatensis,37372051,1,AD,Passing,
WAI_MYS_CAM1_left_1.MP4,51002,28.3628,WAI_MYS_transect 4,0.9053,,3.973,2.775,2603.934,22.374,,,-824.759,559.303,-2405.706,WAI_MYS,Peter,Pomacentridae,Chromis,ternatensis,37372051,1,AD,Passing,
WAI_MYS_CAM1_left_1.MP4,51002,28.3628,WAI_MYS_transect 4,0.9053,,3.151,2.045,2240.31,19.16,,,-559.379,485.615,-2114.3,WAI_MYS,Peter,Pomacentridae,Chromis,ternatensis,37372051,1,AD,Passing,
WAI_MYS_CAM1_left_1.MP4,51002,28.3628,WAI_MYS_transect 4,0.9053,,3.357,5.5,2323.16,19.608,,,-592.458,515.435,-2186.411,WAI_MYS,Peter,Pomacentridae,Chromis,ternatensis,37372051,1,AD,Passing,
WAI_MYS_CAM1_left_1.MP4,51002,28.3628,WAI_MYS_transect 4,0.9053,,2.506,1.687,2011.282,20.494,,,-629.267,323.524,-1882.714,WAI_MYS,Peter,Pomacentridae,Chromis,ternatensis,37372051,1,AD,Passing,
WAI_MYS_CAM1_left_1.MP4,51002,28.3628,WAI_MYS_transect 4,0.9053,,1.786,5.493,1640.513,18.071,,,-463.497,216.234,-1558.748,WAI_MYS,Peter,Pomacentridae,Chromis,ternatensis,37372051,1,AD,Passing,
WAI_MYS_CAM1_left_1.MP4,51002,28.3628,WAI_MYS_transect 4,0.9053,,3.25,1.121,2285.748,18.33,,,-618.109,375.585,-2168.299,WAI_MYS,Peter,Pomacentridae,Chromis,ternatensis,37372051,1,AD,Passing,
WAI_MYS_CAM1_left_1.MP4,51002,28.3628,WAI_MYS_transect 4,0.9053,,2.722,1.843,2038.287,14.747,,,-395.089,344.113,-1969.798,WAI_MYS,Peter,Pomacentridae,Chromis,ternatensis,37372051,1,AD,Passing,
WAI_MYS_CAM1_left_1.MP4,51002,28.3628,WAI_MYS_transect 4,0.9053,,2.452,5.034,1943.067,16.352,,,-481.699,266.693,-1863.425,WAI_MYS,Peter,Pomacentridae,Chromis,ternatensis,37372051,1,AD,Passing,
WAI_MYS_CAM1_left_1.MP4,51002,28.3628,WAI_MYS_transect 4,0.9053,,1.971,0.795,1807.402,22.985,,,-685.625,174.063,-1663.227,WAI_MYS,Peter,Pomacentridae,Chromis,ternatensis,37372051,1,AD,Passing,
WAI_MYS_CAM1_left_1.MP4,51002,28.3628,WAI_MYS_transect 4,0.9053,,1.991,0.17,1710.21,12.377,,,-323.059,179.847,-1669.762,WAI_MYS,Peter,Pomacentridae,Chromis,ternatensis,37372051,1,AD,Passing,
WAI_MYS_CAM1_left_1.MP4,51002,28.3628,WAI_MYS_transect 4,0.9053,,1.671,1.237,1554.447,13.075,,,-341.681,89.168,-1513.806,WAI_MYS,Peter,Pomacentridae,Chromis,ternatensis,37372051,1,AD,Passing,
WAI_MYS_CAM1_left_1.MP4,51002,28.3628,WAI_MYS_transect 4,0.9053,,1.967,0.937,1691.911,8.192,,,-223.712,96.478,-1674.278,WAI_MYS,Peter,Pomacentridae,Chromis,ternatensis,37372051,1,AD,Passing,
WAI_MYS_CAM1_left_1.MP4,51002,28.3628,WAI_MYS_transect 4,0.9053,,1.554,0.433,1483.52,9.736,,,-249.399,32.892,-1462.036,WAI_MYS,Peter,Pomacentridae,Chromis,ternatensis,37372051,1,AD,Passing,
WAI_MYS_CAM1_left_1.MP4,51002,28.3628,WAI_MYS_transect 4,0.9053,,1.954,0.435,1718.716,15.856,,,-469.558,0.878,-1653.33,WAI_MYS,Peter,Pomacentridae,Chromis,ternatensis,37372051,1,AD,Passing,
WAI_MYS_CAM1_left_1.MP4,51002,28.3628,WAI_MYS_transect 4,0.9053,,1.819,0.072,1617.865,4.71,,,-126.432,47.134,-1612.229,WAI_MYS,Peter,Pomacentridae,Chromis,ternatensis,37372051,1,AD,Passing,
WAI_MYS_CAM1_left_1.MP4,51002,28.3628,WAI_MYS_transect 4,0.9053,,2.219,0.58,1955.59,23.501,,,-779.745,18.858,-1793.314,WAI_MYS,Peter,Pomacentridae,Chromis,ternatensis,37372051,1,AD,Passing,
WAI_MYS_CAM1_left_1.MP4,51002,28.3628,WAI_MYS_transect 4,0.9053,,1.414,0.067,1441.578,18.277,,,-448.194,-53.872,-1369.075,WAI_MYS,Peter,Pomacentridae,Chromis,ternatensis,37372051,1,AD,Passing,
WAI_MYS_CAM1_left_1.MP4,51002,28.3628,WAI_MYS_transect 4,0.9053,,2.368,2.54,1950.687,19.595,,,-623.447,-190.963,-1838.485,WAI_MYS,Peter,Pomacentridae,Chromis,ternatensis,37372051,1,AD,Passing,
WAI_MYS_CAM1_left_1.MP4,51002,28.3628,WAI_MYS_transect 4,0.9053,,1.834,0.858,1628.335,10.041,,,-230.737,-159.064,-1604.037,WAI_MYS,Peter,Pomacentridae,Chromis,ternatensis,37372051,1,AD,Passing,
WAI_MYS_CAM1_left_1.MP4,51002,28.3628,WAI_MYS_transect 4,0.9053,,1.714,2.224,1564.823,4.25,,,-104.785,-43.499,-1560.705,WAI_MYS,Peter,Pomacentridae,Chromis,ternatensis,37372051,1,AD,Passing,
WAI_MYS_CAM1_left_1.MP4,51002,28.3628,WAI_MYS_transect 4,0.9053,,1.66,0.917,1536.964,6.343,,,-128.136,-105.37,-1527.984,WAI_MYS,Peter,Pomacentridae,Chromis,ternatensis,37372051,1,AD,Passing,
WAI_MYS_CAM1_left_1.MP4,51002,28.3628,WAI_MYS_transect 4,0.9053,,1.114,1.851,1228.163,7.357,,,-90.995,-123.445,-1218.551,WAI_MYS,Peter,Pomacentridae,Chromis,ternatensis,37372051,1,AD,Passing,
WAI_MYS_CAM1_left_1.MP4,51002,28.3628,WAI_MYS_transect 4,0.9053,,1.442,0.946,1450.307,18.749,,,-358.465,-292.548,-1374.521,WAI_MYS,Peter,Pomacentridae,Chromis,ternatensis,37372051,1,AD,Passing,
WAI_MYS_CAM1_left_1.MP4,51002,28.3628,WAI_MYS_transect 4,0.9053,,1.26,1.243,1313.131,10.63,,,178.428,-158.714,-1291.234,WAI_MYS,Peter,Pomacentridae,Chromis,ternatensis,37372051,1,AD,Passing,
WAI_MYS_CAM1_left_1.MP4,51002,28.3628,WAI_MYS_transect 4,0.9053,,1.614,4.116,1555.816,21.627,,,535.739,-198.715,-1447.087,WAI_MYS,Peter,Pomacentridae,Chromis,ternatensis,37372051,1,AD,Passing,
WAI_MYS_CAM1_left_1.MP4,51002,28.3628,WAI_MYS_transect 4,0.9053,193.995,4.177,2.829,2059.922,23.857,53.269,40.747,-591.861,-586.379,-1883.916,WAI_MYS,Peter,Scaridae,Scarus,sp,,1,AD,Passing,
WAI_MYS_CAM1_left_1.MP4,51088,28.4106,WAI_MYS_transect 4,0.9532,54.847,2.61,1.058,1537.174,20.098,39.471,15.877,-506.276,150.623,-1443.572,WAI_MYS,Peter,Pomacentridae,Chromis,viridis,37372053,1,AD,Passing,
WAI_MYS_CAM1_left_1.MP4,51148,28.444,WAI_MYS_transect 4,0.9865,60.459,1.66,5.454,1658.776,11.886,12.684,14.166,3.435,341.627,-1623.212,WAI_MYS,Peter,Pomacentridae,Pomacentrus,callainus,temp_code_004,1,AD,Passing,
WAI_MYS_CAM1_left_1.MP4,51216,28.4818,WAI_MYS_transect 4,1.0244,204.19,5.043,2.301,3430.257,14.365,9.337,48.94,-765.07,372.763,-3323.007,WAI_MYS,Peter,Scaridae,Chlorurus,spilurus,temp_code_002,1,AD,Passing,
WAI_MYS_CAM1_left_1.MP4,51226,28.4873,WAI_MYS_transect 4,1.0299,,0.581,1.061,853.242,1.523,,,-7.832,-17.897,-853.018,WAI_MYS,Peter,Pomacentridae,Pomacentrus,callainus,temp_code_004,1,AD,Passing,
WAI_MYS_CAM1_left_1.MP4,51226,28.4873,WAI_MYS_transect 4,1.0299,,0.877,0.781,1080.007,10.526,,,49.148,195.285,-1061.067,WAI_MYS,Peter,Pomacentridae,Pomacentrus,callainus,temp_code_004,1,AD,Passing,
WAI_MYS_CAM1_left_1.MP4,51226,28.4873,WAI_MYS_transect 4,1.0299,,1.626,3.767,1524.256,11.496,,,-278.38,127.543,-1493.182,WAI_MYS,Peter,Pomacentridae,Pomacentrus,callainus,temp_code_004,1,AD,Passing,
WAI_MYS_CAM1_left_1.MP4,51261,28.5068,WAI_MYS_transect 4,1.0494,105.254,1.579,6.74,1639.496,11.067,6.846,24.659,-229.394,-215.446,-1609.008,WAI_MYS,Peter,Chaetodontidae,Chaetodon,unimaculatus,37365061,1,AD,Passing,
WAI_MYS_CAM1_left_1.MP4,51266,28.5096,WAI_MYS_transect 4,1.0522,221.652,7.726,9.137,3008.883,15.269,31.609,37.548,-146.317,778.755,-2902.673,WAI_MYS,Peter,Scaridae,Chlorurus,spilurus,temp_code_002,1,AD,Passing,
WAI_MYS_CAM1_left_1.MP4,51266,28.5096,WAI_MYS_transect 4,1.0522,91.567,4.485,10.316,1880.954,13.985,56.09,35.478,-293.858,346.808,-1825.201,WAI_MYS,Peter,Pomacentridae,Chromis,ternatensis,37372051,1,AD,Passing,
WAI_MYS_CAM1_left_1.MP4,51266,28.5096,WAI_MYS_transect 4,1.0522,85.121,4.858,9.345,1914.219,15.142,51.423,22.18,-274.544,417.887,-1847.763,WAI_MYS,Peter,Pomacentridae,Chromis,ternatensis,37372051,1,AD,Passing,
WAI_MYS_CAM1_left_1.MP4,51266,28.5096,WAI_MYS_transect 4,1.0522,76.319,6.946,11.149,2414.36,18.707,54.426,35.637,-288.646,718.528,-2286.818,WAI_MYS,Peter,Pomacentridae,Chromis,ternatensis,37372051,1,AD,Passing,
WAI_MYS_CAM1_left_1.MP4,51266,28.5096,WAI_MYS_transect 4,1.0522,74.376,5.603,9.056,2905.931,21.809,21.662,36.758,-504.301,954.589,-2697.94,WAI_MYS,Peter,Pomacentridae,Chromis,ternatensis,37372051,1,AD,Passing,
WAI_MYS_CAM1_left_1.MP4,51266,28.5096,WAI_MYS_transect 4,1.0522,86.78,5.906,11.326,2334.747,21.076,52.466,41.073,380.555,748.401,-2178.559,WAI_MYS,Peter,Pomacentridae,Chromis,ternatensis,37372051,1,AD,Passing,
WAI_MYS_CAM1_left_1.MP4,51266,28.5096,WAI_MYS_transect 4,1.0522,83.884,5.412,12.582,2271.626,21.438,50.349,41.298,409.842,722.079,-2114.454,WAI_MYS,Peter,Pomacentridae,Chromis,ternatensis,37372051,1,AD,Passing,
WAI_MYS_CAM1_left_1.MP4,51266,28.5096,WAI_MYS_transect 4,1.0522,,5.037,12.987,3234.652,30.813,,,-1404.068,890.717,-2774.562,WAI_MYS,Peter,Pomacentridae,Chromis,ternatensis,37372051,1,AD,Passing,
WAI_MYS_CAM1_left_1.MP4,51266,28.5096,WAI_MYS_transect 4,1.0522,,5.431,9.874,3331.007,29.115,,,-1448.685,738.269,-2907.212,WAI_MYS,Peter,Pomacentridae,Chromis,ternatensis,37372051,1,AD,Passing,
WAI_MYS_CAM1_left_1.MP4,51266,28.5096,WAI_MYS_transect 4,1.0522,,3.47,1.85,2600.724,28.899,,,-1100.224,616.581,-2274.445,WAI_MYS,Peter,Pomacentridae,Chromis,ternatensis,37372051,1,AD,Passing,
WAI_MYS_CAM1_left_1.MP4,51266,28.5096,WAI_MYS_transect 4,1.0522,,4.919,16.544,3109.791,28.983,,,-1254.875,844.997,-2716.996,WAI_MYS,Peter,Pomacentridae,Chromis,ternatensis,37372051,1,AD,Passing,
WAI_MYS_CAM1_left_1.MP4,51266,28.5096,WAI_MYS_transect 4,1.0522,,4.236,5.631,2764.802,26.416,,,-949.969,791.192,-2472.995,WAI_MYS,Peter,Pomacentridae,Chromis,ternatensis,37372051,1,AD,Passing,
WAI_MYS_CAM1_left_1.MP4,51266,28.5096,WAI_MYS_transect 4,1.0522,,3.413,5.177,2515.113,27.689,,,-963.988,669.58,-2224.451,WAI_MYS,Peter,Pomacentridae,Chromis,ternatensis,37372051,1,AD,Passing,
WAI_MYS_CAM1_left_1.MP4,51266,28.5096,WAI_MYS_transect 4,1.0522,,3.727,5.967,2572.825,25.242,,,-904.348,630.477,-2324.669,WAI_MYS,Peter,Pomacentridae,Chromis,ternatensis,37372051,1,AD,Passing,
WAI_MYS_CAM1_left_1.MP4,51266,28.5096,WAI_MYS_transect 4,1.0522,,8.01,19.055,3872.192,25.119,,,-1405.653,865.945,-3502.592,WAI_MYS,Peter,Pomacentridae,Chromis,ternatensis,37372051,1,AD,Passing,
WAI_MYS_CAM1_left_1.MP4,51266,28.5096,WAI_MYS_transect 4,1.0522,,3.107,2.882,2313.477,23.674,,,-807.573,467.47,-2116.949,WAI_MYS,Peter,Pomacentridae,Chromis,ternatensis,37372051,1,AD,Passing,
WAI_MYS_CAM1_left_1.MP4,51266,28.5096,WAI_MYS_transect 4,1.0522,,3.522,2.597,2539.629,25.535,,,-993.925,467.951,-2289.727,WAI_MYS,Peter,Pomacentridae,Chromis,ternatensis,37372051,1,AD,Passing,
WAI_MYS_CAM1_left_1.MP4,51266,28.5096,WAI_MYS_transect 4,1.0522,,3.47,3.027,2487.638,24.108,,,-931.401,415.162,-2269.025,WAI_MYS,Peter,Pomacentridae,Chromis,ternatensis,37372051,1,AD,Passing,
WAI_MYS_CAM1_left_1.MP4,51266,28.5096,WAI_MYS_transect 4,1.0522,,4.007,5.603,2632.569,25.092,,,-788.876,799.401,-2380.977,WAI_MYS,Peter,Pomacentridae,Chromis,ternatensis,37372051,1,AD,Passing,
WAI_MYS_CAM1_left_1.MP4,51266,28.5096,WAI_MYS_transect 4,1.0522,,5.132,5.783,2950.029,23.596,,,-745.34,926.616,-2699.726,WAI_MYS,Peter,Pomacentridae,Chromis,ternatensis,37372051,1,AD,Passing,
WAI_MYS_CAM1_left_1.MP4,51266,28.5096,WAI_MYS_transect 4,1.0522,,3.895,6.249,2551.725,23.211,,,-680.294,749.954,-2342.236,WAI_MYS,Peter,Pomacentridae,Chromis,ternatensis,37372051,1,AD,Passing,
WAI_MYS_CAM1_left_1.MP4,51266,28.5096,WAI_MYS_transect 4,1.0522,,4.763,1.151,2868.318,24.202,,,-841.374,831.836,-2612.927,WAI_MYS,Peter,Pomacentridae,Chromis,ternatensis,37372051,1,AD,Passing,
WAI_MYS_CAM1_left_1.MP4,51266,28.5096,WAI_MYS_transect 4,1.0522,,4.098,3.97,2655.037,23.791,,,-822.736,695.371,-2426.682,WAI_MYS,Peter,Pomacentridae,Chromis,ternatensis,37372051,1,AD,Passing,
WAI_MYS_CAM1_left_1.MP4,51266,28.5096,WAI_MYS_transect 4,1.0522,,4.193,6.957,2641.458,21.381,,,-727.027,641.268,-2457.134,WAI_MYS,Peter,Pomacentridae,Chromis,ternatensis,37372051,1,AD,Passing,
WAI_MYS_CAM1_left_1.MP4,51266,28.5096,WAI_MYS_transect 4,1.0522,,4.433,5.673,2722.793,21.037,,,-765.516,617.74,-2538.894,WAI_MYS,Peter,Pomacentridae,Chromis,ternatensis,37372051,1,AD,Passing,
WAI_MYS_CAM1_left_1.MP4,51266,28.5096,WAI_MYS_transect 4,1.0522,,4.179,1.756,2640.228,19.952,,,-767.153,482.234,-2479.864,WAI_MYS,Peter,Pomacentridae,Chromis,ternatensis,37372051,1,AD,Passing,
WAI_MYS_CAM1_left_1.MP4,51266,28.5096,WAI_MYS_transect 4,1.0522,,2.592,5.474,2025.318,19.322,,,-562.552,371.752,-1909.777,WAI_MYS,Peter,Pomacentridae,Chromis,ternatensis,37372051,1,AD,Passing,
WAI_MYS_CAM1_left_1.MP4,51266,28.5096,WAI_MYS_transect 4,1.0522,,3.901,8.655,2659.603,23.657,,,-1014.687,340.29,-2434.769,WAI_MYS,Peter,Pomacentridae,Chromis,ternatensis,37372051,1,AD,Passing,
WAI_MYS_CAM1_left_1.MP4,51266,28.5096,WAI_MYS_transect 4,1.0522,,5.166,8.042,2892.711,20.301,,,-296.818,969.493,-2709.199,WAI_MYS,Peter,Pomacentridae,Chromis,ternatensis,37372051,1,AD,Passing,
WAI_MYS_CAM1_left_1.MP4,51266,28.5096,WAI_MYS_transect 4,1.0522,,3.896,7.722,2485.02,19.302,,,-163.338,814.305,-2342.125,WAI_MYS,Peter,Pomacentridae,Chromis,ternatensis,37372051,1,AD,Passing,
WAI_MYS_CAM1_left_1.MP4,51266,28.5096,WAI_MYS_transect 4,1.0522,,7.183,9.38,3431.687,19.092,,,-126.481,1128.147,-3238.482,WAI_MYS,Peter,Pomacentridae,Chromis,ternatensis,37372051,1,AD,Passing,
WAI_MYS_CAM1_left_1.MP4,51266,28.5096,WAI_MYS_transect 4,1.0522,,2.772,4.37,2044.772,12.752,,,-85.808,451.009,-1992.567,WAI_MYS,Peter,Pomacentridae,Chromis,ternatensis,37372051,1,AD,Passing,
WAI_MYS_CAM1_left_1.MP4,51266,28.5096,WAI_MYS_transect 4,1.0522,,2.672,5.682,2001.467,11.544,,,11.535,408.149,-1959.376,WAI_MYS,Peter,Pomacentridae,Chromis,ternatensis,37372051,1,AD,Passing,
WAI_MYS_CAM1_left_1.MP4,51266,28.5096,WAI_MYS_transect 4,1.0522,,2.021,1.434,1715.839,9.139,,,-42.764,275.857,-1692.979,WAI_MYS,Peter,Pomacentridae,Chromis,ternatensis,37372051,1,AD,Passing,
WAI_MYS_CAM1_left_1.MP4,51266,28.5096,WAI_MYS_transect 4,1.0522,,1.672,4.18,1543.536,7.863,,,-76.164,203.016,-1528.23,WAI_MYS,Peter,Pomacentridae,Chromis,ternatensis,37372051,1,AD,Passing,
WAI_MYS_CAM1_left_1.MP4,51266,28.5096,WAI_MYS_transect 4,1.0522,,2.204,2.143,1801.497,8.899,,,-200.801,200.278,-1779.033,WAI_MYS,Peter,Pomacentridae,Chromis,ternatensis,37372051,1,AD,Passing,
WAI_MYS_CAM1_left_1.MP4,51266,28.5096,WAI_MYS_transect 4,1.0522,,2.009,9.704,1723.404,13.357,,,-357.772,181.329,-1676.079,WAI_MYS,Peter,Pomacentridae,Chromis,ternatensis,37372051,1,AD,Passing,
WAI_MYS_CAM1_left_1.MP4,51266,28.5096,WAI_MYS_transect 4,1.0522,,1.747,5.292,1584.877,10.113,,,-261.247,102.06,-1559.862,WAI_MYS,Peter,Pomacentridae,Chromis,ternatensis,37372051,1,AD,Passing,
WAI_MYS_CAM1_left_1.MP4,51266,28.5096,WAI_MYS_transect 4,1.0522,,1.704,4.422,1558.449,5.937,,,12.262,166.872,-1549.44,WAI_MYS,Peter,Pomacentridae,Chromis,ternatensis,37372051,1,AD,Passing,
WAI_MYS_CAM1_left_1.MP4,51266,28.5096,WAI_MYS_transect 4,1.0522,,1.947,1.952,1677.559,10.164,,,116.827,278.537,-1650.144,WAI_MYS,Peter,Pomacentridae,Chromis,ternatensis,37372051,1,AD,Passing,
WAI_MYS_CAM1_left_1.MP4,51266,28.5096,WAI_MYS_transect 4,1.0522,,2.448,1.292,1905.388,10.31,,,78.488,339.283,-1873.294,WAI_MYS,Peter,Pomacentridae,Chromis,ternatensis,37372051,1,AD,Passing,
WAI_MYS_CAM1_left_1.MP4,51266,28.5096,WAI_MYS_transect 4,1.0522,,5.514,3.45,2993.902,21.014,,,178.576,1069.741,-2790.558,WAI_MYS,Peter,Pomacentridae,Chromis,ternatensis,37372051,1,AD,Passing,
WAI_MYS_CAM1_left_1.MP4,51266,28.5096,WAI_MYS_transect 4,1.0522,,9.091,9.082,3866.896,21.476,,,489.274,1342.722,-3593.131,WAI_MYS,Peter,Pomacentridae,Chromis,xanthura,37372057,1,AD,Passing,
WAI_MYS_CAM1_left_1.MP4,51266,28.5096,WAI_MYS_transect 4,1.0522,,6.677,14.861,3258.397,17.034,,,457.981,849.803,-3112.112,WAI_MYS,Peter,Pomacentridae,Chromis,ternatensis,37372051,1,AD,Passing,
WAI_MYS_CAM1_left_1.MP4,51266,28.5096,WAI_MYS_transect 4,1.0522,,4.209,8.26,2580.104,19.412,,,628.372,593.158,-2431.1,WAI_MYS,Peter,Pomacentridae,Chromis,ternatensis,37372051,1,AD,Passing,
WAI_MYS_CAM1_left_1.MP4,51266,28.5096,WAI_MYS_transect 4,1.0522,,2.262,0.962,1823.358,14.079,,,258.15,367.694,-1767.143,WAI_MYS,Peter,Pomacentridae,Chromis,ternatensis,37372051,1,AD,Passing,
WAI_MYS_CAM1_left_1.MP4,51266,28.5096,WAI_MYS_transect 4,1.0522,,1.705,6.412,1556.345,9.962,,,173.926,211.589,-1532.054,WAI_MYS,Peter,Pomacentridae,Chromis,ternatensis,37372051,1,AD,Passing,
WAI_MYS_CAM1_left_1.MP4,51266,28.5096,WAI_MYS_transect 4,1.0522,,1.835,6.844,1659.997,20.326,,,515.689,264.172,-1555.593,WAI_MYS,Peter,Pomacentridae,Chromis,ternatensis,37372051,1,AD,Passing,
WAI_MYS_CAM1_left_1.MP4,51266,28.5096,WAI_MYS_transect 4,1.0522,,6.05,1.18,3093.273,16.379,,,523.447,709.482,-2964.958,WAI_MYS,Peter,Pomacentridae,Chromis,ternatensis,37372051,1,AD,Passing,
WAI_MYS_CAM1_left_1.MP4,51266,28.5096,WAI_MYS_transect 4,1.0522,,2.951,1.186,2135.064,20.381,,,465.953,587.389,-1999.09,WAI_MYS,Peter,Pomacentridae,Chromis,ternatensis,37372051,1,AD,Passing,
WAI_MYS_CAM1_left_1.MP4,51266,28.5096,WAI_MYS_transect 4,1.0522,,3.028,6.784,2205.473,23.632,,,632.071,626.141,-2018.055,WAI_MYS,Peter,Pomacentridae,Chromis,ternatensis,37372051,1,AD,Passing,
WAI_MYS_CAM1_left_1.MP4,51266,28.5096,WAI_MYS_transect 4,1.0522,,2.654,11.884,2084.974,25.81,,,653.03,638.01,-1874.463,WAI_MYS,Peter,Pomacentridae,Chromis,ternatensis,37372051,1,AD,Passing,
WAI_MYS_CAM1_left_1.MP4,51266,28.5096,WAI_MYS_transect 4,1.0522,,2.183,19.404,1836.232,21.945,,,551.839,414.629,-1701.559,WAI_MYS,Peter,Pomacentridae,Chromis,ternatensis,37372051,1,AD,Passing,
WAI_MYS_CAM1_left_1.MP4,51266,28.5096,WAI_MYS_transect 4,1.0522,,3.808,6.328,2449.319,20.821,,,330.137,814.647,-2286.159,WAI_MYS,Peter,Pomacentridae,Chromis,ternatensis,37372051,1,AD,Passing,
WAI_MYS_CAM1_left_1.MP4,51266,28.5096,WAI_MYS_transect 4,1.0522,,6.502,3.427,3233.484,14.805,,,-24.877,838.273,-3122.834,WAI_MYS,Peter,Pomacentridae,Chromis,ternatensis,37372051,1,AD,Passing,
WAI_MYS_CAM1_left_1.MP4,51266,28.5096,WAI_MYS_transect 4,1.0522,,1.2,0.457,1287.03,11.461,,,-96.058,-232.006,-1262.297,WAI_MYS,Peter,Pomacentridae,Pomacentrus,callainus,temp_code_004,1,AD,Passing,
WAI_MYS_CAM1_left_1.MP4,51266,28.5096,WAI_MYS_transect 4,1.0522,,0.842,7.171,1054.927,12.024,,,-124.004,-177.353,-1032.492,WAI_MYS,Peter,Pomacentridae,Pomacentrus,callainus,temp_code_004,1,AD,Passing,
WAI_MYS_CAM1_left_1.MP4,51266,28.5096,WAI_MYS_transect 4,1.0522,,1.382,1.869,1384.976,13.815,,,316.138,-91.74,-1345.288,WAI_MYS,Peter,Pomacentridae,Pomacentrus,callainus,temp_code_004,1,AD,Passing,
WAI_MYS_CAM1_left_1.MP4,51266,28.5096,WAI_MYS_transect 4,1.0522,,3.139,4.056,2199.552,9.681,,,-325.154,-167.742,-2168.909,WAI_MYS,Peter,Pomacentridae,Pomacentrus,callainus,temp_code_004,1,AD,Passing,
WAI_MYS_CAM1_left_1.MP4,51266,28.5096,WAI_MYS_transect 4,1.0522,,0.899,0.87,1082.813,8.464,,,159.175,-3.755,-1071.043,WAI_MYS,Peter,Pomacentridae,Pomacentrus,callainus,temp_code_004,1,AD,Passing,
WAI_MYS_CAM1_left_1.MP4,51323,28.5413,WAI_MYS_transect 4,1.0839,155.847,9.788,10.663,2491.274,10.848,55.045,5.738,-88.666,460.427,-2446.751,WAI_MYS,Peter,Chaetodontidae,Chaetodon,unimaculatus,37365061,1,AD,Passing,
WAI_MYS_CAM1_left_1.MP4,51400,28.5841,WAI_MYS_transect 4,1.1267,72.676,4.772,2.441,1936.32,22.684,58.535,6.503,-646.4,373.888,-1786.536,WAI_MYS,Peter,Pomacentridae,Chromis,viridis,37372053,1,AD,Passing,
WAI_MYS_CAM1_left_1.MP4,51488,28.633,WAI_MYS_transect 4,1.1756,70.593,1.236,4.91,1018.198,2.658,35.658,6.13,-45.666,-12.025,-1017.102,WAI_MYS,Peter,Pomacentridae,Pomacentrus,callainus,temp_code_004,1,AD,Passing,
WAI_MYS_CAM1_left_1.MP4,51596,28.6931,WAI_MYS_transect 4,1.2357,125.884,2.218,10.277,1469.468,3.657,30.663,23.142,93.724,0.507,-1466.476,WAI_MYS,Peter,Pomacentridae,Chromis,ternatensis,37372051,1,AD,Passing,
WAI_MYS_CAM1_left_1.MP4,51596,28.6931,WAI_MYS_transect 4,1.2357,69.422,2.517,6.943,1921.918,20.811,30.791,57.876,-516.469,446.69,-1796.523,WAI_MYS,Peter,Pomacentridae,Chromis,ternatensis,37372051,1,AD,Passing,
WAI_MYS_CAM1_left_1.MP4,51596,28.6931,WAI_MYS_transect 4,1.2357,77.818,2.076,2.762,1787.029,22.093,19.873,64.403,-428.692,517.67,-1655.812,WAI_MYS,Peter,Pomacentridae,Chromis,ternatensis,37372051,1,AD,Passing,
WAI_MYS_CAM1_left_1.MP4,51596,28.6931,WAI_MYS_transect 4,1.2357,,1.376,11.717,1418.783,18.469,,,-440.521,94.549,-1345.342,WAI_MYS,Peter,Pomacentridae,Chromis,ternatensis,37372051,1,AD,Passing,
WAI_MYS_CAM1_left_1.MP4,51596,28.6931,WAI_MYS_transect 4,1.2357,,1.063,1.944,1194.192,6.736,,,-119.072,78.453,-1185.648,WAI_MYS,Peter,Pomacentridae,Chromis,ternatensis,37372051,1,AD,Passing,
WAI_MYS_CAM1_left_1.MP4,51596,28.6931,WAI_MYS_transect 4,1.2357,,1.518,10.348,1491.07,16.784,,,-425.49,-60.308,-1427.8,WAI_MYS,Peter,Pomacentridae,Chromis,ternatensis,37372051,1,AD,Passing,
WAI_MYS_CAM1_left_1.MP4,51596,28.6931,WAI_MYS_transect 4,1.2357,,0.554,1.157,830.588,2.608,,,-37.133,-3.718,-829.749,WAI_MYS,Peter,Pomacentridae,Chromis,ternatensis,37372051,1,AD,Passing,
WAI_MYS_CAM1_left_1.MP4,51596,28.6931,WAI_MYS_transect 4,1.2357,,0.53,0.942,813.297,5.746,,,-14.104,-76.981,-809.523,WAI_MYS,Peter,Pomacentridae,Chromis,ternatensis,37372051,1,AD,Passing,
WAI_MYS_CAM1_left_1.MP4,51596,28.6931,WAI_MYS_transect 4,1.2357,,0.655,3.1,911.323,12.38,,,-169.68,-93.325,-890.51,WAI_MYS,Peter,Pomacentridae,Chromis,ternatensis,37372051,1,AD,Passing,
WAI_MYS_CAM1_left_1.MP4,51596,28.6931,WAI_MYS_transect 4,1.2357,,2.262,5.553,1879.947,19.641,,,-525.538,357.87,-1769.163,WAI_MYS,Peter,Pomacentridae,Chromis,ternatensis,37372051,1,AD,Passing,
WAI_MYS_CAM1_left_1.MP4,51596,28.6931,WAI_MYS_transect 4,1.2357,,1.356,0.881,1415.284,20.707,,,-409.353,293.107,-1322.704,WAI_MYS,Peter,Pomacentridae,Chromis,ternatensis,37372051,1,AD,Passing,
WAI_MYS_CAM1_left_1.MP4,51596,28.6931,WAI_MYS_transect 4,1.2357,,1.889,2.043,1703.701,20.155,,,-483.543,339.172,-1598.044,WAI_MYS,Peter,Pomacentridae,Chromis,ternatensis,37372051,1,AD,Passing,
WAI_MYS_CAM1_left_1.MP4,51596,28.6931,WAI_MYS_transect 4,1.2357,,1.847,9.313,1660.824,18.56,,,-356.497,396.58,-1572.886,WAI_MYS,Peter,Pomacentridae,Chromis,ternatensis,37372051,1,AD,Passing,
WAI_MYS_CAM1_left_1.MP4,51596,28.6931,WAI_MYS_transect 4,1.2357,,3.698,0.152,2470.398,20.605,,,-703.897,519.442,-2310.32,WAI_MYS,Peter,Pomacentridae,Chromis,ternatensis,37372051,1,AD,Passing,
WAI_MYS_CAM1_left_1.MP4,51596,28.6931,WAI_MYS_transect 4,1.2357,,2.218,2.736,1912.781,24.306,,,-623.61,487.513,-1741.314,WAI_MYS,Peter,Pomacentridae,Chromis,ternatensis,37372051,1,AD,Passing,
WAI_MYS_CAM1_left_1.MP4,51596,28.6931,WAI_MYS_transect 4,1.2357,,2.673,9.314,2132.765,24.781,,,-720.468,536.903,-1934.256,WAI_MYS,Peter,Pomacentridae,Chromis,ternatensis,37372051,1,AD,Passing,
WAI_MYS_CAM1_left_1.MP4,51596,28.6931,WAI_MYS_transect 4,1.2357,,3.632,9.393,2474.608,23.88,,,-704.788,720.877,-2259.933,WAI_MYS,Peter,Pomacentridae,Chromis,ternatensis,37372051,1,AD,Passing,
WAI_MYS_CAM1_left_1.MP4,51596,28.6931,WAI_MYS_transect 4,1.2357,,2.224,3.947,1865.708,18.411,,,-556.449,200.86,-1769.431,WAI_MYS,Peter,Pomacentridae,Chromis,ternatensis,37372051,1,AD,Passing,
WAI_MYS_CAM1_left_1.MP4,51596,28.6931,WAI_MYS_transect 4,1.2357,,2.098,0.566,1818.334,19.081,,,-581.115,131.859,-1717.922,WAI_MYS,Peter,Pomacentridae,Chromis,ternatensis,37372051,1,AD,Passing,
WAI_MYS_CAM1_left_1.MP4,51596,28.6931,WAI_MYS_transect 4,1.2357,,1.263,10.353,1331.361,15.39,,,-329.503,132.631,-1283.105,WAI_MYS,Peter,Pomacentridae,Chromis,ternatensis,37372051,1,AD,Passing,
WAI_MYS_CAM1_left_1.MP4,51596,28.6931,WAI_MYS_transect 4,1.2357,,1.009,3.161,1180.868,15.024,,,-10.698,310.442,-1139.281,WAI_MYS,Peter,Pomacentridae,Chromis,ternatensis,37372051,1,AD,Passing,
WAI_MYS_CAM1_left_1.MP4,51596,28.6931,WAI_MYS_transect 4,1.2357,,1.146,2.284,1253.246,10.292,,,-37.703,225.593,-1232.198,WAI_MYS,Peter,Pomacentridae,Chromis,ternatensis,37372051,1,AD,Passing,
WAI_MYS_CAM1_left_1.MP4,51596,28.6931,WAI_MYS_transect 4,1.2357,,1.083,6.99,1215.565,10.846,,,-63.938,224.356,-1192.969,WAI_MYS,Peter,Pomacentridae,Chromis,ternatensis,37372051,1,AD,Passing,
WAI_MYS_CAM1_left_1.MP4,51596,28.6931,WAI_MYS_transect 4,1.2357,,0.864,0.58,1074.757,11.481,,,-6.049,218.017,-1052.395,WAI_MYS,Peter,Pomacentridae,Chromis,ternatensis,37372051,1,AD,Passing,
WAI_MYS_CAM1_left_1.MP4,51596,28.6931,WAI_MYS_transect 4,1.2357,,0.854,4.007,1072.118,13.232,,,13.953,249.133,-1042.676,WAI_MYS,Peter,Pomacentridae,Chromis,ternatensis,37372051,1,AD,Passing,
WAI_MYS_CAM1_left_1.MP4,51596,28.6931,WAI_MYS_transect 4,1.2357,,0.967,0.706,1133.777,10.436,,,-174.63,112.484,-1114.586,WAI_MYS,Peter,Pomacentridae,Chromis,ternatensis,37372051,1,AD,Passing,
WAI_MYS_CAM1_left_1.MP4,51596,28.6931,WAI_MYS_transect 4,1.2357,,0.702,5.011,946.963,11.205,,,147.587,113.59,-928.468,WAI_MYS,Peter,Pomacentridae,Chromis,ternatensis,37372051,1,AD,Passing,
WAI_MYS_CAM1_left_1.MP4,51596,28.6931,WAI_MYS_transect 4,1.2357,,0.657,2.307,916.914,7.49,,,39.5,116.416,-908.635,WAI_MYS,Peter,Pomacentridae,Chromis,ternatensis,37372051,1,AD,Passing,
WAI_MYS_CAM1_left_1.MP4,51596,28.6931,WAI_MYS_transect 4,1.2357,,1.309,5.835,1364.18,19.172,,,286.02,349.936,-1287.138,WAI_MYS,Peter,Pomacentridae,Chromis,ternatensis,37372051,1,AD,Passing,
WAI_MYS_CAM1_left_1.MP4,51596,28.6931,WAI_MYS_transect 4,1.2357,,0.761,4.244,990.543,14.574,,,219.568,121.753,-958.197,WAI_MYS,Peter,Pomacentridae,Chromis,ternatensis,37372051,1,AD,Passing,
WAI_MYS_CAM1_left_1.MP4,51596,28.6931,WAI_MYS_transect 4,1.2357,,0.781,2.78,1014.501,18.232,,,256.728,190.471,-962.821,WAI_MYS,Peter,Pomacentridae,Chromis,ternatensis,37372051,1,AD,Passing,
WAI_MYS_CAM1_left_1.MP4,51596,28.6931,WAI_MYS_transect 4,1.2357,,1.016,2.542,1204.248,23.441,,,351.799,329.529,-1103.567,WAI_MYS,Peter,Pomacentridae,Chromis,ternatensis,37372051,1,AD,Passing,
WAI_MYS_CAM1_left_1.MP4,51596,28.6931,WAI_MYS_transect 4,1.2357,,1.371,2.49,1441.334,25.199,,,410.746,461.1,-1302.352,WAI_MYS,Peter,Pomacentridae,Chromis,ternatensis,37372051,1,AD,Passing,
WAI_MYS_CAM1_left_1.MP4,51596,28.6931,WAI_MYS_transect 4,1.2357,,1.222,2.336,1319.777,17.295,,,48.348,394.37,-1258.55,WAI_MYS,Peter,Pomacentridae,Chromis,ternatensis,37372051,1,AD,Passing,
WAI_MYS_CAM1_left_1.MP4,51596,28.6931,WAI_MYS_transect 4,1.2357,,1.634,2.293,1543.564,16.452,,,-62.866,438.466,-1478.643,WAI_MYS,Peter,Pomacentridae,Chromis,ternatensis,37372051,1,AD,Passing,
WAI_MYS_CAM1_left_1.MP4,51596,28.6931,WAI_MYS_transect 4,1.2357,,1.619,1.209,1535.941,16.621,,,-88.018,436.265,-1470.048,WAI_MYS,Peter,Pomacentridae,Chromis,ternatensis,37372051,1,AD,Passing,
WAI_MYS_CAM1_left_1.MP4,51596,28.6931,WAI_MYS_transect 4,1.2357,,1.743,4.985,1584.925,12.171,,,-26.416,339.234,-1547.97,WAI_MYS,Peter,Pomacentridae,Chromis,ternatensis,37372051,1,AD,Passing,
WAI_MYS_CAM1_left_1.MP4,51596,28.6931,WAI_MYS_transect 4,1.2357,,1.761,2.347,1591.002,10.326,,,-56.808,285.667,-1564.115,WAI_MYS,Peter,Pomacentridae,Chromis,ternatensis,37372051,1,AD,Passing,
WAI_MYS_CAM1_left_1.MP4,51596,28.6931,WAI_MYS_transect 4,1.2357,,2.897,5.055,2093.876,12.621,,,-34.748,464.279,-2041.459,WAI_MYS,Peter,Pomacentridae,Chromis,ternatensis,37372051,1,AD,Passing,
WAI_MYS_CAM1_left_1.MP4,51596,28.6931,WAI_MYS_transect 4,1.2357,,1.704,1.304,1656.549,23.532,,,-603.128,277.483,-1517.694,WAI_MYS,Peter,Pomacentridae,Chromis,ternatensis,37372051,1,AD,Passing,
WAI_MYS_CAM1_left_1.MP4,51596,28.6931,WAI_MYS_transect 4,1.2357,,2.278,4.408,1984.478,24.583,,,-775.679,289.753,-1803.474,WAI_MYS,Peter,Pomacentridae,Chromis,ternatensis,37372051,1,AD,Passing,
WAI_MYS_CAM1_left_1.MP4,51596,28.6931,WAI_MYS_transect 4,1.2357,,2.353,0.547,2008.842,24.87,,,-746.094,403.603,-1820.959,WAI_MYS,Peter,Pomacentridae,Chromis,ternatensis,37372051,1,AD,Passing,
WAI_MYS_CAM1_left_1.MP4,51596,28.6931,WAI_MYS_transect 4,1.2357,,2.427,0.116,2044.873,24.763,,,-764.655,393.318,-1855.292,WAI_MYS,Peter,Pomacentridae,Chromis,ternatensis,37372051,1,AD,Passing,
WAI_MYS_CAM1_left_1.MP4,51596,28.6931,WAI_MYS_transect 4,1.2357,,3.896,0.477,2681.442,25.509,,,-1047,496.692,-2418.102,WAI_MYS,Peter,Pomacentridae,Chromis,ternatensis,37372051,1,AD,Passing,
WAI_MYS_CAM1_left_1.MP4,51596,28.6931,WAI_MYS_transect 4,1.2357,,3.963,0.324,2497.792,17.745,,,-89.472,765.445,-2375.932,WAI_MYS,Peter,Pomacentridae,Chromis,ternatensis,37372051,1,AD,Passing,
WAI_MYS_CAM1_left_1.MP4,51596,28.6931,WAI_MYS_transect 4,1.2357,,3.939,9.75,2484.97,16.961,,,-25.213,733.891,-2373.993,WAI_MYS,Peter,Pomacentridae,Chromis,ternatensis,37372051,1,AD,Passing,
WAI_MYS_CAM1_left_1.MP4,51596,28.6931,WAI_MYS_transect 4,1.2357,,4.486,9.949,2665.132,19.295,,,230.235,860.002,-2512.035,WAI_MYS,Peter,Pomacentridae,Chromis,ternatensis,37372051,1,AD,Passing,
WAI_MYS_CAM1_left_1.MP4,51596,28.6931,WAI_MYS_transect 4,1.2357,,2.712,2.188,2048.826,21.26,,,279.246,695.986,-1906.65,WAI_MYS,Peter,Pomacentridae,Chromis,ternatensis,37372051,1,AD,Passing,
WAI_MYS_CAM1_left_1.MP4,51596,28.6931,WAI_MYS_transect 4,1.2357,,1.985,6.887,1707.426,14.542,,,-180.103,395.602,-1651.171,WAI_MYS,Peter,Pomacentridae,Chromis,ternatensis,37372051,1,AD,Passing,
WAI_MYS_CAM1_left_1.MP4,51596,28.6931,WAI_MYS_transect 4,1.2357,,4.398,3.613,2625.924,14.34,,,-45.219,658.871,-2541.519,WAI_MYS,Peter,Pomacentridae,Chromis,ternatensis,37372051,1,AD,Passing,
WAI_MYS_CAM1_left_1.MP4,51596,28.6931,WAI_MYS_transect 4,1.2357,,2.922,2.427,2110.641,15.439,,,-168.644,544.051,-2032.332,WAI_MYS,Peter,Pomacentridae,Chromis,ternatensis,37372051,1,AD,Passing,
WAI_MYS_CAM1_left_1.MP4,51596,28.6931,WAI_MYS_transect 4,1.2357,,4.234,8.305,2578.551,16.288,,,-255.553,686.343,-2472.357,WAI_MYS,Peter,Pomacentridae,Chromis,ternatensis,37372051,1,AD,Passing,
WAI_MYS_CAM1_left_1.MP4,51596,28.6931,WAI_MYS_transect 4,1.2357,,3.765,9.942,2434.268,18.302,,,-365.958,680.266,-2308.457,WAI_MYS,Peter,Pomacentridae,Chromis,ternatensis,37372051,1,AD,Passing,
WAI_MYS_CAM1_left_1.MP4,51596,28.6931,WAI_MYS_transect 4,1.2357,,1.583,3.086,1497.465,9.653,,,-190.207,169.768,-1475.602,WAI_MYS,Peter,Pomacentridae,Chromis,ternatensis,37372051,1,AD,Passing,
WAI_MYS_CAM1_left_1.MP4,51596,28.6931,WAI_MYS_transect 4,1.2357,,1.426,0.096,1476.359,23.071,,,-460.227,-345.203,-1359.655,WAI_MYS,Peter,Pomacentridae,Chromis,ternatensis,37372051,1,AD,Passing,
WAI_MYS_CAM1_left_1.MP4,51596,28.6931,WAI_MYS_transect 4,1.2357,,3.636,7.523,2427.277,18.217,,,-636.056,-404.672,-2307.238,WAI_MYS,Peter,Pomacentridae,Chromis,ternatensis,37372051,1,AD,Passing,
WAI_MYS_CAM1_left_1.MP4,51596,28.6931,WAI_MYS_transect 4,1.2357,,5.832,5.064,3194.929,20.91,,,-1015.682,-506.441,-2986.55,WAI_MYS,Peter,Pomacentridae,Chromis,ternatensis,37372051,1,AD,Passing,
WAI_MYS_CAM1_left_1.MP4,51596,28.6931,WAI_MYS_transect 4,1.2357,,1.216,3.898,1286.075,10.381,,,194.893,130.399,-1264.517,WAI_MYS,Peter,Pomacentridae,Pomacentrus,callainus,temp_code_004,1,AD,Passing,
WAI_MYS_CAM1_left_1.MP4,51596,28.6931,WAI_MYS_transect 4,1.2357,,0.969,1.846,1134.158,3.867,,,19.288,-69.525,-1131.861,WAI_MYS,Peter,Pomacentridae,Pomacentrus,callainus,temp_code_004,1,AD,Passing,
WAI_MYS_CAM1_left_1.MP4,51596,28.6931,WAI_MYS_transect 4,1.2357,,1.021,1.787,1168.135,5.536,,,-81.199,-73.522,-1162.988,WAI_MYS,Peter,Pomacentridae,Pomacentrus,callainus,temp_code_004,1,AD,Passing,
WAI_MYS_CAM1_left_1.MP4,51639,28.717,WAI_MYS_transect 4,1.2596,,2.984,2.215,2191.514,17.491,,,-629.371,202.497,-2089.407,WAI_MYS,Peter,Pomacentridae,Chromis,ternatensis,37372051,1,AD,Passing,
WAI_MYS_CAM1_left_1.MP4,51639,28.717,WAI_MYS_transect 4,1.2596,,3.083,3.683,2275.372,20.237,,,-762.061,205.301,-2134.111,WAI_MYS,Peter,Pomacentridae,Chromis,ternatensis,37372051,1,AD,Passing,
WAI_MYS_CAM1_left_1.MP4,51639,28.717,WAI_MYS_transect 4,1.2596,,2.406,2.072,2019.175,22.352,,,-755.454,145.076,-1866.899,WAI_MYS,Peter,Pomacentridae,Chromis,ternatensis,37372051,1,AD,Passing,
WAI_MYS_CAM1_left_1.MP4,51639,28.717,WAI_MYS_transect 4,1.2596,,2.838,6.039,2222.674,22.319,,,-840.46,86.407,-2055.831,WAI_MYS,Peter,Pomacentridae,Chromis,ternatensis,37372051,1,AD,Passing,
WAI_MYS_CAM1_left_1.MP4,51639,28.717,WAI_MYS_transect 4,1.2596,,1.755,0.992,1601.589,13.728,,,-372.724,80.548,-1555.531,WAI_MYS,Peter,Pomacentridae,Chromis,ternatensis,37372051,1,AD,Passing,
WAI_MYS_CAM1_left_1.MP4,51639,28.717,WAI_MYS_transect 4,1.2596,,6.316,1.834,3346.52,18.501,,,-1055.512,-104.167,-3173.994,WAI_MYS,Peter,Pomacentridae,Chromis,ternatensis,37372051,1,AD,Passing,
WAI_MYS_CAM1_left_1.MP4,51639,28.717,WAI_MYS_transect 4,1.2596,,4.46,3.196,2766.408,19.042,,,-870.191,-229.275,-2615.954,WAI_MYS,Peter,Pomacentridae,Chromis,ternatensis,37372051,1,AD,Passing,
WAI_MYS_CAM1_left_1.MP4,51639,28.717,WAI_MYS_transect 4,1.2596,,1.155,2.797,1251.235,1.732,,,-34.708,-10.074,-1250.713,WAI_MYS,Peter,Pomacentridae,Chromis,ternatensis,37372051,1,AD,Passing,
WAI_MYS_CAM1_left_1.MP4,51639,28.717,WAI_MYS_transect 4,1.2596,,1.539,0.994,1472.123,4.855,,,-114.482,-43.37,-1467.024,WAI_MYS,Peter,Pomacentridae,Chromis,ternatensis,37372051,1,AD,Passing,
WAI_MYS_CAM1_left_1.MP4,51639,28.717,WAI_MYS_transect 4,1.2596,,0.79,0.095,1011.472,6.141,,,-83.462,-64.861,-1005.934,WAI_MYS,Peter,Pomacentridae,Chromis,ternatensis,37372051,1,AD,Passing,
WAI_MYS_CAM1_left_1.MP4,51639,28.717,WAI_MYS_transect 4,1.2596,,0.517,0.427,801.714,8.173,,,70.468,-86.436,-793.92,WAI_MYS,Peter,Pomacentridae,Chromis,ternatensis,37372051,1,AD,Passing,
WAI_MYS_CAM1_left_1.MP4,51639,28.717,WAI_MYS_transect 4,1.2596,,9.68,16.073,4644.767,29.323,,,-2197.301,-572.296,-4051.939,WAI_MYS,Peter,Pomacentridae,Chromis,ternatensis,37372051,1,AD,Passing,
WAI_MYS_CAM1_left_1.MP4,51639,28.717,WAI_MYS_transect 4,1.2596,,4.083,0.814,2771.056,25.29,,,-1117.921,-379.455,-2506.994,WAI_MYS,Peter,Pomacentridae,Chromis,ternatensis,37372051,1,AD,Passing,
WAI_MYS_CAM1_left_1.MP4,51639,28.717,WAI_MYS_transect 4,1.2596,,5.622,10.394,3263.944,27.075,,,-1234.074,-815.598,-2909.5,WAI_MYS,Peter,Pomacentridae,Chromis,ternatensis,37372051,1,AD,Passing,
WAI_MYS_CAM1_left_1.MP4,51639,28.717,WAI_MYS_transect 4,1.2596,,1.002,1.692,1153.045,4.987,,,99.488,16.803,-1148.622,WAI_MYS,Peter,Pomacentridae,Chromis,ternatensis,37372051,1,AD,Passing,
WAI_MYS_CAM1_left_1.MP4,51639,28.717,WAI_MYS_transect 4,1.2596,,0.942,4.722,1111.436,9.042,,,174.167,17.727,-1097.562,WAI_MYS,Peter,Pomacentridae,Chromis,ternatensis,37372051,1,AD,Passing,
WAI_MYS_CAM1_left_1.MP4,51639,28.717,WAI_MYS_transect 4,1.2596,,0.901,3.241,1083.793,11.822,,,222.044,3.921,-1060.796,WAI_MYS,Peter,Pomacentridae,Chromis,ternatensis,37372051,1,AD,Passing,
WAI_MYS_CAM1_left_1.MP4,51639,28.717,WAI_MYS_transect 4,1.2596,,0.987,0.956,1141.141,9.788,,,193.994,3.539,-1124.525,WAI_MYS,Peter,Pomacentridae,Chromis,ternatensis,37372051,1,AD,Passing,
WAI_MYS_CAM1_left_1.MP4,51639,28.717,WAI_MYS_transect 4,1.2596,,0.935,4.078,1109.521,7.948,,,128.119,-80.029,-1099.189,WAI_MYS,Peter,Pomacentridae,Chromis,ternatensis,37372051,1,AD,Passing,
WAI_MYS_CAM1_left_1.MP4,51639,28.717,WAI_MYS_transect 4,1.2596,,0.661,3.696,912.412,12.148,,,181.261,66.85,-891.724,WAI_MYS,Peter,Pomacentridae,Chromis,ternatensis,37372051,1,AD,Passing,
WAI_MYS_CAM1_left_1.MP4,51639,28.717,WAI_MYS_transect 4,1.2596,,1.315,3.993,1350.843,15.389,,,325.325,155.722,-1301.803,WAI_MYS,Peter,Pomacentridae,Chromis,ternatensis,37372051,1,AD,Passing,
WAI_MYS_CAM1_left_1.MP4,51639,28.717,WAI_MYS_transect 4,1.2596,,1.324,4.735,1384.387,20.865,,,471.423,149.622,-1293.02,WAI_MYS,Peter,Pomacentridae,Chromis,ternatensis,37372051,1,AD,Passing,
WAI_MYS_CAM1_left_1.MP4,51639,28.717,WAI_MYS_transect 4,1.2596,,2.468,3.331,1912.801,11.296,,,346.737,149.445,-1875.166,WAI_MYS,Peter,Pomacentridae,Chromis,ternatensis,37372051,1,AD,Passing,
WAI_MYS_CAM1_left_1.MP4,51639,28.717,WAI_MYS_transect 4,1.2596,,1.589,4.597,1525.348,19.779,,,457.671,244.349,-1434.404,WAI_MYS,Peter,Pomacentridae,Chromis,ternatensis,37372051,1,AD,Passing,
WAI_MYS_CAM1_left_1.MP4,51639,28.717,WAI_MYS_transect 4,1.2596,,1.404,5.516,1448.167,23.038,,,514.075,243.819,-1331.716,WAI_MYS,Peter,Pomacentridae,Chromis,ternatensis,37372051,1,AD,Passing,
WAI_MYS_CAM1_left_1.MP4,51639,28.717,WAI_MYS_transect 4,1.2596,,0.421,0.241,743.447,18.083,,,-18.799,-227.186,-707.635,WAI_MYS,Peter,Pomacentridae,Chromis,ternatensis,37372051,1,AD,Passing,
WAI_MYS_CAM1_left_1.MP4,51639,28.717,WAI_MYS_transect 4,1.2596,,0.539,0.861,830.392,15.727,,,116.661,-189.324,-800.061,WAI_MYS,Peter,Pomacentridae,Chromis,ternatensis,37372051,1,AD,Passing,
WAI_MYS_CAM1_left_1.MP4,51639,28.717,WAI_MYS_transect 4,1.2596,,0.648,6.483,926.344,15.213,,,-3.168,-239.516,-894.838,WAI_MYS,Peter,Pomacentridae,Chromis,ternatensis,37372051,1,AD,Passing,
WAI_MYS_CAM1_left_1.MP4,51639,28.717,WAI_MYS_transect 4,1.2596,,0.535,3.827,840.621,17.542,,,-64.615,-241.807,-802.495,WAI_MYS,Peter,Pomacentridae,Chromis,ternatensis,37372051,1,AD,Passing,
WAI_MYS_CAM1_left_1.MP4,51663,28.7304,WAI_MYS_transect 4,1.2729,,0.913,7.026,1123.293,19.773,,,-261.435,-271.585,-1058.149,WAI_MYS,Peter,Pomacentridae,Chromis,viridis,37372053,1,AD,Passing,
WAI_MYS_CAM1_left_1.MP4,51663,28.7304,WAI_MYS_transect 4,1.2729,,0.887,1.753,1091.436,16.558,,,-251.234,-179.226,-1046.896,WAI_MYS,Peter,Pomacentridae,Chromis,ternatensis,37372051,1,AD,Passing,
WAI_MYS_CAM1_left_1.MP4,51663,28.7304,WAI_MYS_transect 4,1.2729,,1.213,0.451,1292.138,10.116,,,-99.628,-198.862,-1272.851,WAI_MYS,Peter,Pomacentridae,Chromis,ternatensis,37372051,1,AD,Passing,
WAI_MYS_CAM1_left_1.MP4,51663,28.7304,WAI_MYS_transect 4,1.2729,,0.854,2.555,1062.847,9.622,,,29.616,-171.017,-1048.58,WAI_MYS,Peter,Pomacentridae,Chromis,ternatensis,37372051,1,AD,Passing,
WAI_MYS_CAM1_left_1.MP4,51663,28.7304,WAI_MYS_transect 4,1.2729,,0.656,1.133,921.559,13.363,,,98.132,-185.478,-897.351,WAI_MYS,Peter,Pomacentridae,Chromis,ternatensis,37372051,1,AD,Passing,
WAI_MYS_CAM1_left_1.MP4,51663,28.7304,WAI_MYS_transect 4,1.2729,,0.818,0.571,1050.583,17.785,,,-195.215,-250.727,-1001.375,WAI_MYS,Peter,Pomacentridae,Chromis,ternatensis,37372051,1,AD,Passing,
WAI_MYS_CAM1_left_1.MP4,51663,28.7304,WAI_MYS_transect 4,1.2729,,0.838,3.097,1066.742,16.046,,,-85.336,-278.173,-1026.293,WAI_MYS,Peter,Pomacentridae,Chromis,ternatensis,37372051,1,AD,Passing,
WAI_MYS_CAM1_left_1.MP4,51663,28.7304,WAI_MYS_transect 4,1.2729,,0.722,0.37,987.702,17.331,,,-86.056,-277.629,-943.967,WAI_MYS,Peter,Pomacentridae,Chromis,ternatensis,37372051,1,AD,Passing,
WAI_MYS_CAM1_left_1.MP4,51663,28.7304,WAI_MYS_transect 4,1.2729,,0.642,5.234,931.198,20.379,,,-161.08,-277.975,-874.021,WAI_MYS,Peter,Pomacentridae,Chromis,ternatensis,37372051,1,AD,Passing,
WAI_MYS_CAM1_left_1.MP4,51663,28.7304,WAI_MYS_transect 4,1.2729,,0.597,0.293,882.422,16.999,,,121.179,-224.409,-844.764,WAI_MYS,Peter,Pomacentridae,Chromis,ternatensis,37372051,1,AD,Passing,
WAI_MYS_CAM1_left_1.MP4,51663,28.7304,WAI_MYS_transect 4,1.2729,,0.789,0.163,1010.519,12.181,,,164.83,-131.328,-988.298,WAI_MYS,Peter,Pomacentridae,Chromis,ternatensis,37372051,1,AD,Passing,
WAI_MYS_CAM1_left_1.MP4,51663,28.7304,WAI_MYS_transect 4,1.2729,,0.905,1.056,1089.297,14.746,,,268.674,-64.323,-1053.681,WAI_MYS,Peter,Pomacentridae,Chromis,ternatensis,37372051,1,AD,Passing,
WAI_MYS_CAM1_left_1.MP4,51663,28.7304,WAI_MYS_transect 4,1.2729,,1.032,0.946,1171.162,6.793,,,137.667,-10.784,-1162.993,WAI_MYS,Peter,Pomacentridae,Chromis,ternatensis,37372051,1,AD,Passing,
WAI_MYS_CAM1_left_1.MP4,51663,28.7304,WAI_MYS_transect 4,1.2729,,1.011,0.529,1162.953,5.165,,,-10.392,-99.594,-1158.634,WAI_MYS,Peter,Pomacentridae,Chromis,ternatensis,37372051,1,AD,Passing,
WAI_MYS_CAM1_left_1.MP4,51663,28.7304,WAI_MYS_transect 4,1.2729,,1.282,1.522,1324.871,4.85,,,108.997,-20.555,-1320.22,WAI_MYS,Peter,Pomacentridae,Chromis,ternatensis,37372051,1,AD,Passing,
WAI_MYS_CAM1_left_1.MP4,51663,28.7304,WAI_MYS_transect 4,1.2729,,1.209,0.312,1279.706,9.485,,,210.245,21.367,-1262.136,WAI_MYS,Peter,Pomacentridae,Chromis,ternatensis,37372051,1,AD,Passing,
WAI_MYS_CAM1_left_1.MP4,51831,28.8238,WAI_MYS_transect 4,1.3664,111.158,3.612,10.662,2335.902,22.417,6.128,9.577,-818.253,-352.032,-2159.392,WAI_MYS,Peter,Labridae,Thalassoma,sp,,1,AD,Passing,
WAI_MYS_CAM1_left_1.MP4,51841,28.8294,WAI_MYS_transect 4,1.3719,,3.246,7.66,2489.605,27.858,,,-1047.346,-497.652,-2203.076,WAI_MYS,Peter,Chaetodontidae,Chaetodon,baronessa,37365034,1,AD,Passing,
WAI_MYS_CAM1_left_1.MP4,51869,28.8449,WAI_MYS_transect 4,1.3875,133.126,1.13,9.425,1367.522,13.395,6.306,13.869,-103.448,-299.448,-1330.318,WAI_MYS,Peter,Scaridae,Scarus,niger,37386021,1,AD,Passing,
WAI_MYS_CAM1_left_1.MP4,51871,28.846,WAI_MYS_transect 4,1.3886,114.447,2.92,14.161,2060.235,24.812,15.285,13.159,-637.187,-584.352,-1870.052,WAI_MYS,Peter,Acanthuridae,Ctenochaetus,striatus,37437022,1,AD,Passing,
WAI_MYS_CAM1_left_1.MP4,51889,28.856,WAI_MYS_transect 4,1.3986,50.599,3.712,10.488,2382.007,22.359,1.687,18.899,-901.778,88.669,-2202.928,WAI_MYS,Peter,Pomacentridae,Pomacentrus,callainus,temp_code_004,1,AD,Passing,
WAI_MYS_CAM1_left_1.MP4,51893,28.8583,WAI_MYS_transect 4,1.4008,71.068,5.054,11.93,2340.366,10.935,43.156,48.982,-330.475,-296.454,-2297.871,WAI_MYS,Peter,Labridae,Thalassoma,sp,,1,AD,Passing,
WAI_MYS_CAM1_left_1.MP4,51901,28.8627,WAI_MYS_transect 4,1.4053,189.132,9.836,16.394,3224.964,14.515,31.306,21.046,-806.385,-55.023,-3122.036,WAI_MYS,Peter,Acanthuridae,Ctenochaetus,striatus,37437022,1,AD,Passing,
WAI_MYS_CAM1_left_1.MP4,51915,28.8705,WAI_MYS_transect 4,1.4131,74.874,2.541,11.192,2128.725,19.173,9.061,7.175,-413.389,-563.792,-2010.651,WAI_MYS,Peter,Serranidae,Pseudanthias,sp,,1,AD,Passing,
WAI_MYS_CAM1_left_1.MP4,51923,28.875,WAI_MYS_transect 4,1.4175,68.307,3.51,13.33,2313.699,17.656,11.501,21.838,634.956,-298.827,-2204.708,WAI_MYS,Peter,Scaridae,Chlorurus,spilurus,temp_code_002,1,AD,Passing,
WAI_MYS_CAM1_left_1.MP4,51923,28.875,WAI_MYS_transect 4,1.4175,80.304,5.609,13.1,2764.234,19.386,36.179,49.803,896.053,-197.283,-2607.52,WAI_MYS,Peter,Scaridae,Chlorurus,spilurus,temp_code_002,1,AD,Passing,
WAI_MYS_CAM1_left_1.MP4,51923,28.875,WAI_MYS_transect 4,1.4175,87.197,8.362,14.805,2613.367,17.159,42.603,8.382,756.073,-151.068,-2497.042,WAI_MYS,Peter,Scaridae,Chlorurus,spilurus,temp_code_002,1,AD,Passing,
WAI_MYS_CAM1_left_1.MP4,51924,28.8755,WAI_MYS_transect 4,1.4181,74.412,4.197,11.778,1886.134,17.957,72.959,42.058,-573.399,-96.813,-1794.253,WAI_MYS,Peter,Pomacentridae,Pomacentrus,callainus,temp_code_004,1,AD,Passing,
WAI_MYS_CAM1_left_1.MP4,51928,28.8777,WAI_MYS_transect 4,1.4203,,2.871,9.385,2253.083,23.016,,,-876.639,-78.634,-2074.055,WAI_MYS,Peter,Pomacentridae,Pomacentrus,sp,,1,AD,Passing,
WAI_MYS_CAM1_left_1.MP4,51928,28.8777,WAI_MYS_transect 4,1.4203,,2.736,6.205,2092.978,17.544,,,-610.336,-151.859,-1996.243,WAI_MYS,Peter,Pomacentridae,Pomacentrus,sp,,1,AD,Passing,
WAI_MYS_CAM1_left_1.MP4,51940,28.8844,WAI_MYS_transect 4,1.427,74.95,3.168,6.909,2233.197,19.396,6.597,24.837,684.216,-286.105,-2106.457,WAI_MYS,Peter,Scaridae,Chlorurus,spilurus,temp_code_002,1,AD,Passing,
WAI_MYS_CAM1_left_1.MP4,51949,28.8894,WAI_MYS_transect 4,1.432,65.627,2.241,7.106,1621.835,5.866,30.119,43.091,-67.469,-151.398,-1613.343,WAI_MYS,Peter,Pomacentridae,Chromis,ternatensis,37372051,1,AD,Passing,
WAI_MYS_CAM1_left_1.MP4,51949,28.8894,WAI_MYS_transect 4,1.432,67.561,1.795,6.069,1720.416,8.744,14.35,43.835,-246.786,-86.597,-1700.42,WAI_MYS,Peter,Pomacentridae,Chromis,ternatensis,37372051,1,AD,Passing,
WAI_MYS_CAM1_left_1.MP4,51949,28.8894,WAI_MYS_transect 4,1.432,,3.645,0.728,2432.988,16.616,,,-654.498,245.156,-2330.442,WAI_MYS,Peter,Pomacentridae,Chromis,margaritifer,37372047,1,AD,Passing,
WAI_MYS_CAM1_left_1.MP4,51949,28.8894,WAI_MYS_transect 4,1.432,,4.999,1.448,2836.351,8.262,,,-368.452,185.434,-2806.197,WAI_MYS,Peter,Pomacentridae,Chromis,margaritifer,37372047,1,AD,Passing,
WAI_MYS_CAM1_left_1.MP4,51949,28.8894,WAI_MYS_transect 4,1.432,,4.311,4.335,2668.042,15.584,,,-704.551,142.027,-2569.413,WAI_MYS,Peter,Pomacentridae,Chromis,margaritifer,37372047,1,AD,Passing,
WAI_MYS_CAM1_left_1.MP4,51949,28.8894,WAI_MYS_transect 4,1.432,,2.338,5.563,1894.423,14.738,,,-480.694,-27.517,-1832.216,WAI_MYS,Peter,Pomacentridae,Chromis,ternatensis,37372051,1,AD,Passing,
WAI_MYS_CAM1_left_1.MP4,51949,28.8894,WAI_MYS_transect 4,1.432,,1.845,4.964,1673.605,17.986,,,-482.971,-177.512,-1592.539,WAI_MYS,Peter,Pomacentridae,Chromis,ternatensis,37372051,1,AD,Passing,
WAI_MYS_CAM1_left_1.MP4,51949,28.8894,WAI_MYS_transect 4,1.432,,4.832,5.628,2799.714,14.655,,,-622.643,348.39,-2707.276,WAI_MYS,Peter,Pomacentridae,Dascyllus,reticulatus,37372074,1,AD,Passing,
WAI_MYS_CAM1_left_1.MP4,51949,28.8894,WAI_MYS_transect 4,1.432,,6.18,3.017,3264.746,18.058,,,-960.852,330.032,-3102.646,WAI_MYS,Peter,Pomacentridae,Dascyllus,reticulatus,37372074,1,AD,Passing,
WAI_MYS_CAM1_left_1.MP4,51949,28.8894,WAI_MYS_transect 4,1.432,,5.477,0.236,3056.593,16.973,,,-871.717,202.104,-2922.674,WAI_MYS,Peter,Pomacentridae,Dascyllus,reticulatus,37372074,1,AD,Passing,
WAI_MYS_CAM1_left_1.MP4,51949,28.8894,WAI_MYS_transect 4,1.432,75.659,6.47,13.312,2526.932,22.98,45.698,24.025,-958.758,232.516,-2326.393,WAI_MYS,Peter,Pomacentridae,Pomacentrus,callainus,temp_code_004,1,AD,Passing,
WAI_MYS_CAM1_left_1.MP4,51949,28.8894,WAI_MYS_transect 4,1.432,,2.989,12.384,2317.573,24.067,,,-921.291,219.217,-2115.256,WAI_MYS,Peter,Pomacentridae,Pomacentrus,callainus,temp_code_004,1,AD,Passing,
WAI_MYS_CAM1_left_1.MP4,51949,28.8894,WAI_MYS_transect 4,1.432,,2.608,5.809,2017.265,14.994,,,-521.786,-3.54,-1948.611,WAI_MYS,Peter,Pomacentridae,Pomacentrus,callainus,temp_code_004,1,AD,Passing,
WAI_MYS_CAM1_left_1.MP4,51949,28.8894,WAI_MYS_transect 4,1.432,,2.417,9.074,2061.794,23.829,,,-832.949,-1.165,-1886.052,WAI_MYS,Peter,Pomacentridae,Pomacentrus,callainus,temp_code_004,1,AD,Passing,
WAI_MYS_CAM1_left_1.MP4,51952,28.8911,WAI_MYS_transect 4,1.4337,85.203,5.298,8.011,2270.378,14.103,61.627,54.184,-306.222,460.719,-2201.95,WAI_MYS,Peter,Pomacentridae,Chromis,ternatensis,37372051,1,AD,Passing,
WAI_MYS_CAM1_left_1.MP4,51952,28.8911,WAI_MYS_transect 4,1.4337,94.68,2.632,4.416,1944.067,20.978,7.291,10.712,-628.074,299.868,-1815.213,WAI_MYS,Peter,Labridae,Cirrhilabrus,punctatus,37384083,1,AD,Passing,
WAI_MYS_CAM1_left_1.MP4,51952,28.8911,WAI_MYS_transect 4,1.4337,76.966,3.114,5.941,2508.927,12.253,0.936,4.774,-484.705,220.421,-2451.773,WAI_MYS,Peter,Labridae,Cirrhilabrus,punctatus,37384083,1,AD,Passing,
WAI_MYS_CAM1_left_1.MP4,51959,28.895,WAI_MYS_transect 4,1.4375,79.019,4.373,7.327,1999.077,16.541,45.511,35.184,548.676,-151.19,-1916.352,WAI_MYS,Peter,Pomacentridae,Pomacentrus,callainus,temp_code_004,1,AD,Passing,
WAI_MYS_CAM1_left_1.MP4,51966,28.8989,WAI_MYS_transect 4,1.4414,60.595,2.242,4.376,1445.061,8.21,35.092,26.859,-37.711,-202.883,-1430.251,WAI_MYS,Peter,Pomacentridae,Chromis,ternatensis,37372051,1,AD,Passing,
WAI_MYS_CAM1_left_1.MP4,51966,28.8989,WAI_MYS_transect 4,1.4414,38.559,3.21,3.798,2038.26,12.881,20.771,21.686,334.031,-308.059,-1986.964,WAI_MYS,Peter,Pomacentridae,Dascyllus,reticulatus,37372074,1,AD,Passing,
WAI_MYS_CAM1_left_1.MP4,51966,28.8989,WAI_MYS_transect 4,1.4414,67.316,4.002,6.729,2232.985,23.606,25.331,29.321,887.587,-108.475,-2046.129,WAI_MYS,Peter,Pomacentridae,Pomacentrus,callainus,temp_code_004,1,AD,Passing,
WAI_MYS_CAM1_left_1.MP4,52012,28.9245,WAI_MYS_transect 4,1.467,73.248,2.577,6.329,1848.149,17.016,27.885,47.076,486.567,-236.112,-1767.246,WAI_MYS,Peter,Pomacentridae,Pomacentrus,callainus,temp_code_004,1,AD,Passing,
WAI_MYS_CAM1_left_1.MP4,52025,28.9317,WAI_MYS_transect 4,1.4743,,1.285,7.32,1362.788,19.777,,,-318.036,-328.802,-1283.718,WAI_MYS,Peter,Pomacentridae,Pomacentrus,callainus,temp_code_004,1,AD,Passing,
WAI_MYS_CAM1_left_1.MP4,52037,28.9384,WAI_MYS_transect 4,1.4809,,2.073,0.045,1739.484,7.94,,,38.558,-230.332,-1723.736,WAI_MYS,Peter,Pomacentridae,Chromis,margaritifer,37372047,1,AD,Passing,
WAI_MYS_CAM1_left_1.MP4,52037,28.9384,WAI_MYS_transect 4,1.4809,,2.067,3.211,1732.492,9.715,,,176.746,-226.089,-1708.559,WAI_MYS,Peter,Pomacentridae,Pomacentrus,callainus,temp_code_004,1,AD,Passing,
WAI_MYS_CAM1_left_1.MP4,52045,28.9428,WAI_MYS_transect 4,1.4854,,2.466,3.056,1932.855,12.672,,,-386.916,-165.918,-1886.451,WAI_MYS,Peter,Pomacentridae,Chromis,margaritifer,37372047,1,AD,Passing,
WAI_MYS_CAM1_left_1.MP4,52045,28.9428,WAI_MYS_transect 4,1.4854,70.548,2.025,5.951,1430.312,17.93,26.273,9.709,-428.166,-102.8,-1360.845,WAI_MYS,Peter,Pomacentridae,Pomacentrus,callainus,temp_code_004,1,AD,Passing,
WAI_MYS_CAM1_left_1.MP4,52045,28.9428,WAI_MYS_transect 4,1.4854,75.048,2.296,5.518,1631.001,17.18,36.286,44.834,-481.269,-21.796,-1558.227,WAI_MYS,Peter,Pomacentridae,Pomacentrus,callainus,temp_code_004,1,AD,Passing,
WAI_MYS_CAM1_left_1.MP4,52149,29.0006,WAI_MYS_transect 4,1.5432,160.781,4.12,14.9,1621.678,18.798,67.178,1.932,-67.104,-518.233,-1535.178,WAI_MYS,Peter,Acanthuridae,Acanthurus,nigrofuscus,37437014,1,AD,Passing,
WAI_MYS_CAM1_left_1.MP4,52237,29.0496,WAI_MYS_transect 4,1.5921,74.641,2.874,9.822,2001.309,24.617,19.419,14.158,-556.465,-620.731,-1819.416,WAI_MYS,Peter,Chaetodontidae,Chaetodon,baronessa,37365034,1,AD,Passing,
WAI_MYS_CAM1_left_1.MP4,52249,29.0562,WAI_MYS_transect 4,1.5988,,1.848,9.406,1776.536,27.961,,,-621.57,-548.282,-1571.342,WAI_MYS,Peter,Labridae,Thalassoma,hardwicke,37384165,1,AD,Passing,
WAI_MYS_CAM1_left_1.MP4,52265,29.0651,WAI_MYS_transect 4,1.6077,138.127,6.706,11.81,3016.582,26.877,19.689,1.247,-1333.343,-286.342,-2690.719,WAI_MYS,Peter,Acanthuridae,Zebrasoma,velifer,37437037,1,AD,Passing,
WAI_MYS_CAM1_left_1.MP4,52265,29.0651,WAI_MYS_transect 4,1.6077,159.559,4.758,3.661,2836.324,13.743,9.361,5.027,-670.59,-65.781,-2755.126,WAI_MYS,Peter,Acanthuridae,Zebrasoma,velifer,37437037,1,AD,Passing,
WAI_MYS_CAM1_left_1.MP4,52265,29.0651,WAI_MYS_transect 4,1.6077,82.142,4.678,5.964,2879.169,17.44,4.733,14.34,-801.246,-320.363,-2746.814,WAI_MYS,Peter,Acanthuridae,Zebrasoma,scopas,37437036,1,AD,Passing,
WAI_MYS_CAM1_left_1.MP4,52280,29.0735,WAI_MYS_transect 4,1.6161,,7.336,9.207,3741.416,23.116,,,-1426.076,-338.167,-3442.403,WAI_MYS,Peter,Acanthuridae,Ctenochaetus,striatus,37437022,1,AD,Passing,
WAI_MYS_CAM1_left_1.MP4,52364,29.1202,WAI_MYS_transect 4,1.6628,65.29,2.234,3.632,1746.26,23.003,8.169,23.596,612.76,-300.347,-1607.401,WAI_MYS,Peter,Chaetodontidae,Chaetodon,baronessa,37365034,1,AD,Passing,
WAI_MYS_CAM1_left_1.MP4,52364,29.1202,WAI_MYS_transect 4,1.6628,51.3,2.528,3.536,1873.66,25.052,5.336,27.28,768.201,-198.324,-1697.391,WAI_MYS,Peter,Chaetodontidae,Chaetodon,baronessa,37365034,1,AD,Passing,
WAI_MYS_CAM1_left_1.MP4,52383,29.1308,WAI_MYS_transect 4,1.6733,79.83,4.307,8.812,2252.721,19.038,22.906,9.048,-722.069,-136.406,-2129.498,WAI_MYS,Peter,Pomacentridae,Pomacentrus,callainus,temp_code_004,1,AD,Passing,
WAI_MYS_CAM1_left_1.MP4,52406,29.1436,WAI_MYS_transect 4,1.6861,,2.51,7.305,2061.032,23.096,,,-742.52,-312.343,-1897.092,WAI_MYS,Peter,Pomacentridae,Pomacentrus,sp,,1,AD,Passing,
WAI_MYS_CAM1_left_1.MP4,52580,29.2403,WAI_MYS_transect 4,1.7829,148.274,9.165,4.888,2758.208,16.723,49.625,28.689,786.832,-103.959,-2641.552,WAI_MYS,Peter,Scaridae,Scarus,niger,37386021,1,AD,Passing,
WAI_MYS_CAM1_left_1.MP4,52792,29.3582,WAI_MYS_transect 4,1.9008,,17.493,1.208,5501.395,9.362,,,-749.572,-467.362,-5430.014,WAI_MYS,Peter,Acanthuridae,Acanthurus,lineatus,37437010,1,AD,Passing,
WAI_MYS_CAM1_left_1.MP4,52843,29.3866,WAI_MYS_transect 4,1.9291,,18.642,5.311,5752.458,14.951,,,-1429.029,422.686,-5556.076,WAI_MYS,Peter,Acanthuridae,Naso,hexacanthus,37437028,1,AD,Passing,
WAI_MYS_CAM1_left_1.MP4,52864,29.3983,WAI_MYS_transect 4,1.9408,,24.354,2.797,6507.041,8.666,,,946.531,281.333,-6431.681,WAI_MYS,Peter,Acanthuridae,Ctenochaetus,sp,,1,AD,Passing,
WAI_MYS_CAM1_left_1.MP4,52864,29.3983,WAI_MYS_transect 4,1.9408,,15.64,5.041,5147.065,12.458,,,1052.761,372.972,-5024.427,WAI_MYS,Peter,Siganidae,Siganus,uspi,temp_code_007,1,AD,Passing,
WAI_MYS_CAM1_left_1.MP4,53071,29.5134,WAI_MYS_transect 4,2.0559,,4.713,1.615,3069.655,27.167,,,-1336.747,-410.375,-2732.669,WAI_MYS,Peter,Pomacentridae,Chrysiptera,glauca,37372062,1,AD,Passing,
WAI_MYS_CAM1_left_1.MP4,53071,29.5134,WAI_MYS_transect 4,2.0559,,4.634,11.651,3014.546,26.621,,,-1278.212,-426.053,-2696.691,WAI_MYS,Peter,Pomacentridae,Chrysiptera,glauca,37372062,1,AD,Passing,
WAI_MYS_CAM1_left_1.MP4,53071,29.5134,WAI_MYS_transect 4,2.0559,,4.285,9.441,2850.067,25.946,,,-1152.333,-466.322,-2564.675,WAI_MYS,Peter,Pomacentridae,Chrysiptera,glauca,37372062,1,AD,Passing,
WAI_MYS_CAM1_left_1.MP4,53071,29.5134,WAI_MYS_transect 4,2.0559,,3.898,10.327,2674.951,25.662,,,-1022.925,-534.132,-2413.232,WAI_MYS,Peter,Pomacentridae,Chrysiptera,glauca,37372062,1,AD,Passing,
WAI_MYS_CAM1_left_1.MP4,53080,29.5184,WAI_MYS_transect 4,2.0609,,3.19,7.418,2212.517,18.325,,,238.08,-645.285,-2102.893,WAI_MYS,Peter,Pomacentridae,Pomacentrus,callainus,temp_code_004,1,AD,Passing,
WAI_MYS_CAM1_left_1.MP4,53121,29.5412,WAI_MYS_transect 4,2.0837,,3.498,8.826,2401.355,20.06,,,819.937,87.142,-2255.353,WAI_MYS,Peter,Pomacentridae,Chromis,margaritifer,37372047,1,AD,Passing,
WAI_MYS_CAM1_left_1.MP4,53121,29.5412,WAI_MYS_transect 4,2.0837,,4.335,6.667,2849.782,26,,,1244.101,123.45,-2560.904,WAI_MYS,Peter,Pomacentridae,Chromis,margaritifer,37372047,1,AD,Passing,
WAI_MYS_CAM1_left_1.MP4,53121,29.5412,WAI_MYS_transect 4,2.0837,,4.272,13.209,2770.158,23.927,,,1123.162,-17.224,-2532.19,WAI_MYS,Peter,Pomacentridae,Chromis,margaritifer,37372047,1,AD,Passing,
WAI_MYS_CAM1_left_1.MP4,53121,29.5412,WAI_MYS_transect 4,2.0837,,8.276,9.496,4088.891,26.958,,,1850.852,116.218,-3644.155,WAI_MYS,Peter,Pomacentridae,Chromis,margaritifer,37372047,1,AD,Passing,
WAI_MYS_CAM1_left_1.MP4,53151,29.5579,WAI_MYS_transect 4,2.1004,228.116,6.528,5.766,2715.783,19.574,30.125,11.169,-111.812,-902.948,-2558.839,WAI_MYS,Peter,Scaridae,Scarus,niger,37386021,1,AD,Passing,
WAI_MYS_CAM1_left_1.MP4,53192,29.5807,WAI_MYS_transect 4,2.1232,184.397,8.83,9.763,4492.354,14.696,0.452,22.064,-1054.13,-433.09,-4345.399,WAI_MYS,Peter,Acanthuridae,Ctenochaetus,striatus,37437022,1,AD,Passing,
WAI_MYS_CAM1_left_1.MP4,53254,29.6151,WAI_MYS_transect 4,2.1577,,2.125,1.019,1894.814,27.834,,,752.449,-458.669,-1677.427,WAI_MYS,Peter,Scaridae,Scarus,niger,37386021,1,AD,Passing,
WAI_MYS_CAM1_left_1.MP4,53257,29.6168,WAI_MYS_transect 4,2.1594,108.966,3.321,5.641,2176.652,20.476,26.922,46.972,713.584,-265.659,-2039.126,WAI_MYS,Peter,Acanthuridae,Acanthurus,sp,,1,AD,Passing,
WAI_MYS_CAM1_left_1.MP4,53257,29.6168,WAI_MYS_transect 4,2.1594,,3.875,1.284,2472.787,17.134,,,644.247,-330.702,-2364.373,WAI_MYS,Peter,Holocentridae,Myripristis,violacea,37261014,1,AD,Passing,
WAI_MYS_CAM1_left_1.MP4,53331,29.658,WAI_MYS_transect 4,2.2005,167.56,6.656,11.844,2814.524,14.374,27.345,27.11,-675.641,-178.125,-2726.413,WAI_MYS,Peter,Acanthuridae,Acanthurus,nigrofuscus,37437014,1,AD,Passing,
WAI_MYS_CAM1_left_1.MP4,53331,29.658,WAI_MYS_transect 4,2.2005,213.619,4.76,14.602,2434.655,6.996,21.863,16.637,293.338,43.346,-2416.531,WAI_MYS,Peter,Acanthuridae,Ctenochaetus,striatus,37437022,1,AD,Passing,
WAI_MYS_CAM1_left_1.MP4,53498,29.7508,WAI_MYS_transect 4,2.2934,178.152,4.44,9.55,2470.702,20.104,26.972,51.698,274.947,-803.517,-2320.158,WAI_MYS,Peter,Monacanthidae,Cantherhines,dumerilii,37465050,1,AD,Passing,
WAI_MYS_CAM1_left_1.MP4,53608,29.812,WAI_MYS_transect 4,2.3546,222.062,14.222,7.47,3047.418,12.408,89.168,37.31,-253.668,-603.656,-2976.241,WAI_MYS,Peter,Acanthuridae,Acanthurus,lineatus,37437010,1,AD,Passing,
WAI_MYS_CAM1_left_1.MP4,53608,29.812,WAI_MYS_transect 4,2.3546,190.735,8.079,12.072,4852.234,23.83,10.067,64.456,1907.44,452.802,-4438.56,WAI_MYS,Peter,Acanthuridae,Acanthurus,lineatus,37437010,1,AD,Passing,
WAI_MYS_CAM1_left_2.MP4,435,35.4771,WAI_MYS_Transect 5,0.2286,,2.824,6.682,2079.807,18.699,,,137.474,-644.628,-1972.601,WAI_MYS,Peter,Chaetodontidae,Chaetodon,baronessa,37365034,1,AD,Passing,
WAI_MYS_CAM1_left_2.MP4,561,35.5472,WAI_MYS_Transect 5,0.2986,,6.393,0.336,3348.311,25.649,,,1172.681,-839.736,-3021.729,WAI_MYS,Peter,Pomacentridae,Chromis,margaritifer,37372047,1,AD,Passing,
WAI_MYS_CAM1_left_2.MP4,697,35.6228,WAI_MYS_Transect 5,0.3743,,8.113,3.596,3621.407,11.56,,,421.917,-576.42,-3550.255,WAI_MYS,Peter,Acanthuridae,Acanthurus,lineatus,37437010,1,AD,Passing,
WAI_MYS_CAM1_left_2.MP4,700,35.6245,WAI_MYS_Transect 5,0.3759,,3.167,12.538,2218.055,19.693,,,562.695,-483.683,-2090.261,WAI_MYS,Peter,Pomacentridae,Pomacentrus,vaiuli,37372126,1,AD,Passing,
WAI_MYS_CAM1_left_2.MP4,750,35.6523,WAI_MYS_Transect 5,0.4037,241.263,17.534,12.708,3572.656,23.266,75.611,3.175,-1265.982,-623.486,-3282.138,WAI_MYS,Peter,Acanthuridae,Acanthurus,lineatus,37437010,1,AD,Passing,
WAI_MYS_CAM1_left_2.MP4,776,35.6667,WAI_MYS_Transect 5,0.4182,211.145,8.346,7.21,3913.343,27.271,9.78,6.701,1188.544,-1342.623,-3478.359,WAI_MYS,Peter,Acanthuridae,Acanthurus,lineatus,37437010,1,AD,Passing,
WAI_MYS_CAM1_left_2.MP4,776,35.6667,WAI_MYS_Transect 5,0.4182,,8.113,9.668,3667.243,21.101,,,994.479,-854.835,-3424.754,WAI_MYS,Peter,Pomacentridae,Pomacentrus,callainus,temp_code_004,1,AD,Passing,
WAI_MYS_CAM1_left_2.MP4,812,35.6868,WAI_MYS_Transect 5,0.4382,,7.331,2.714,3746.791,25.57,,,-1449.116,731.272,-3376.943,WAI_MYS,Peter,Pomacentridae,Chromis,margaritifer,37372047,1,AD,Passing,
WAI_MYS_CAM1_left_2.MP4,822,35.6923,WAI_MYS_Transect 5,0.4438,,34.699,11.142,7732.852,16.231,,,-1690.601,1376.186,-7419.231,WAI_MYS,Peter,Acanthuridae,Acanthurus,sp,,1,AD,Passing,
WAI_MYS_CAM1_left_2.MP4,822,35.6923,WAI_MYS_Transect 5,0.4438,,9.14,3.371,4100.651,25.846,,,-1343.986,1193.42,-3685.754,WAI_MYS,Peter,Pomacentridae,Chromis,margaritifer,37372047,1,AD,Passing,
WAI_MYS_CAM1_left_2.MP4,822,35.6923,WAI_MYS_Transect 5,0.4438,,20.018,5.752,6254.55,27.677,,,-2268.209,1837.276,-5531.64,WAI_MYS,Peter,Pomacentridae,Chromis,margaritifer,37372047,1,AD,Passing,
WAI_MYS_CAM1_left_2.MP4,822,35.6923,WAI_MYS_Transect 5,0.4438,,17.365,6.96,5762.26,27.231,,,-1974.305,1767.943,-5116.653,WAI_MYS,Peter,Pomacentridae,Chromis,margaritifer,37372047,1,AD,Passing,
WAI_MYS_CAM1_left_2.MP4,822,35.6923,WAI_MYS_Transect 5,0.4438,,20.718,1.739,6515.127,28.859,,,-2616.202,1767.29,-5699.04,WAI_MYS,Peter,Pomacentridae,Chromis,margaritifer,37372047,1,AD,Passing,
WAI_MYS_CAM1_left_2.MP4,822,35.6923,WAI_MYS_Transect 5,0.4438,,21.532,0.257,6488.119,27.535,,,-2360.404,1873.477,-5745.804,WAI_MYS,Peter,Pomacentridae,Chromis,margaritifer,37372047,1,AD,Passing,
WAI_MYS_CAM1_left_2.MP4,822,35.6923,WAI_MYS_Transect 5,0.4438,,17.799,0.531,5873.733,26.879,,,-2139.182,1594.327,-5232.853,WAI_MYS,Peter,Pomacentridae,Chromis,margaritifer,37372047,1,AD,Passing,
WAI_MYS_CAM1_left_2.MP4,822,35.6923,WAI_MYS_Transect 5,0.4438,,17.059,4.83,5746.812,26.944,,,-2085.617,1579.477,-5116.766,WAI_MYS,Peter,Pomacentridae,Chromis,margaritifer,37372047,1,AD,Passing,
WAI_MYS_CAM1_left_2.MP4,822,35.6923,WAI_MYS_Transect 5,0.4438,,22.45,5.175,6438.76,24.684,,,-2057.248,1754.695,-5843.493,WAI_MYS,Peter,Pomacentridae,Chromis,margaritifer,37372047,1,AD,Passing,
WAI_MYS_CAM1_left_2.MP4,822,35.6923,WAI_MYS_Transect 5,0.4438,,20.96,13.624,6174.964,23.122,,,-1925.807,1496.012,-5673.042,WAI_MYS,Peter,Pomacentridae,Chromis,margaritifer,37372047,1,AD,Passing,
WAI_MYS_CAM1_left_2.MP4,822,35.6923,WAI_MYS_Transect 5,0.4438,,24.193,9.357,6609.214,22.397,,,-1999.101,1555.597,-6104.541,WAI_MYS,Peter,Pomacentridae,Chromis,margaritifer,37372047,1,AD,Passing,
WAI_MYS_CAM1_left_2.MP4,822,35.6923,WAI_MYS_Transect 5,0.4438,,29.741,18.71,7267.675,18.776,,,-2007.869,1227.417,-6876.119,WAI_MYS,Peter,Acanthuridae,Ctenochaetus,sp,,1,AD,Passing,
WAI_MYS_CAM1_left_2.MP4,822,35.6923,WAI_MYS_Transect 5,0.4438,,7.582,0.999,3816.402,27.419,,,-1425.422,1041.435,-3383.565,WAI_MYS,Peter,Pomacentridae,Pomacentrus,sp,,1,AD,Passing,
WAI_MYS_CAM1_left_2.MP4,822,35.6923,WAI_MYS_Transect 5,0.4438,,11.357,9.096,4545.361,24.758,,,-1433.504,1268.79,-4122.565,WAI_MYS,Peter,Pomacentridae,Pomacentrus,callainus,temp_code_004,1,AD,Passing,
WAI_MYS_CAM1_left_2.MP4,822,35.6923,WAI_MYS_Transect 5,0.4438,,8.638,8.705,3913.536,23.34,,,-1188.262,1010.261,-3589.313,WAI_MYS,Peter,Pomacentridae,Pomacentrus,sp,,1,AD,Passing,
WAI_MYS_CAM1_left_2.MP4,822,35.6923,WAI_MYS_Transect 5,0.4438,,12.271,1.231,4808.509,27.192,,,-1591.342,1532.249,-4271.019,WAI_MYS,Peter,Pomacentridae,Pomacentrus,sp,,1,AD,Passing,
WAI_MYS_CAM1_left_2.MP4,822,35.6923,WAI_MYS_Transect 5,0.4438,,8.232,1.939,4140.37,30.341,,,-1742.92,1170.197,-3568.688,WAI_MYS,Peter,Pomacentridae,Pomacentrus,sp,,1,AD,Passing,
WAI_MYS_CAM1_left_2.MP4,822,35.6923,WAI_MYS_Transect 5,0.4438,,6.357,2.962,3469.314,25.259,,,-1333.027,656.357,-3135.023,WAI_MYS,Peter,Pomacentridae,Stegastes,sp,,1,AD,Passing,
WAI_MYS_CAM1_left_2.MP4,870,35.719,WAI_MYS_Transect 5,0.4705,,29.925,2.541,7191.507,19.821,,,-1689.506,1785.217,-6758.427,WAI_MYS,Peter,Acanthuridae,Acanthurus,sp,,1,AD,Passing,
WAI_MYS_CAM1_left_2.MP4,870,35.719,WAI_MYS_Transect 5,0.4705,,7.101,1.222,3445.001,19.048,,,-835.034,765.777,-3253.357,WAI_MYS,Peter,Pomacentridae,Chromis,sp,,1,AD,Passing,
WAI_MYS_CAM1_left_2.MP4,870,35.719,WAI_MYS_Transect 5,0.4705,,22.211,1.994,6118.467,19.113,,,-946.865,1788.403,-5774.14,WAI_MYS,Peter,Pomacentridae,Chromis,margaritifer,37372047,1,AD,Passing,
WAI_MYS_CAM1_left_2.MP4,870,35.719,WAI_MYS_Transect 5,0.4705,,16.499,1.391,5285.905,19.781,,,-1070.477,1452.985,-4968.27,WAI_MYS,Peter,Pomacentridae,Chromis,margaritifer,37372047,1,AD,Passing,
WAI_MYS_CAM1_left_2.MP4,870,35.719,WAI_MYS_Transect 5,0.4705,,25.127,4.803,6548.339,21.051,,,-1140.289,2081.458,-6103.115,WAI_MYS,Peter,Pomacentridae,Chromis,margaritifer,37372047,1,AD,Passing,
WAI_MYS_CAM1_left_2.MP4,870,35.719,WAI_MYS_Transect 5,0.4705,,17.642,1.313,5537.206,23.204,,,-1227.919,1823.517,-5082.091,WAI_MYS,Peter,Pomacentridae,Chromis,margaritifer,37372047,1,AD,Passing,
WAI_MYS_CAM1_left_2.MP4,870,35.719,WAI_MYS_Transect 5,0.4705,,19.502,3.189,5827.688,23.787,,,-1176.073,2056.313,-5324.508,WAI_MYS,Peter,Pomacentridae,Chromis,margaritifer,37372047,1,AD,Passing,
WAI_MYS_CAM1_left_2.MP4,870,35.719,WAI_MYS_Transect 5,0.4705,,20.718,1.434,6058.891,23.156,,,-1626.409,1763.163,-5563.831,WAI_MYS,Peter,Pomacentridae,Chromis,margaritifer,37372047,1,AD,Passing,
WAI_MYS_CAM1_left_2.MP4,870,35.719,WAI_MYS_Transect 5,0.4705,,18.737,0.552,5723.941,23.023,,,-1388.279,1777.049,-5261.015,WAI_MYS,Peter,Pomacentridae,Chromis,margaritifer,37372047,1,AD,Passing,
WAI_MYS_CAM1_left_2.MP4,870,35.719,WAI_MYS_Transect 5,0.4705,,20.877,3.089,6120.795,24.641,,,-1659.709,1960.547,-5555.696,WAI_MYS,Peter,Pomacentridae,Chromis,margaritifer,37372047,1,AD,Passing,
WAI_MYS_CAM1_left_2.MP4,870,35.719,WAI_MYS_Transect 5,0.4705,,13.737,0.437,5083.194,26.987,,,-1668.303,1610.901,-4523.342,WAI_MYS,Peter,Pomacentridae,Chromis,margaritifer,37372047,1,AD,Passing,
WAI_MYS_CAM1_left_2.MP4,870,35.719,WAI_MYS_Transect 5,0.4705,,24.633,7.102,6814.812,25.818,,,-2282.724,1921.067,-6127.017,WAI_MYS,Peter,Pomacentridae,Chromis,margaritifer,37372047,1,AD,Passing,
WAI_MYS_CAM1_left_2.MP4,870,35.719,WAI_MYS_Transect 5,0.4705,,15.485,4.431,5468.338,26.925,,,-1980.42,1505.728,-4869.645,WAI_MYS,Peter,Pomacentridae,Chromis,margaritifer,37372047,1,AD,Passing,
WAI_MYS_CAM1_left_2.MP4,870,35.719,WAI_MYS_Transect 5,0.4705,,18.434,0.562,5901.062,25.455,,,-2042.265,1525.109,-5322.191,WAI_MYS,Peter,Pomacentridae,Chromis,margaritifer,37372047,1,AD,Passing,
WAI_MYS_CAM1_left_2.MP4,870,35.719,WAI_MYS_Transect 5,0.4705,,23.424,3.991,6511.988,24.273,,,-1899.382,1909.903,-5928.795,WAI_MYS,Peter,Pomacentridae,Chromis,margaritifer,37372047,1,AD,Passing,
WAI_MYS_CAM1_left_2.MP4,870,35.719,WAI_MYS_Transect 5,0.4705,,16.678,3.329,5458.778,24.486,,,-1485.155,1726.511,-4961.021,WAI_MYS,Peter,Pomacentridae,Chromis,margaritifer,37372047,1,AD,Passing,
WAI_MYS_CAM1_left_2.MP4,870,35.719,WAI_MYS_Transect 5,0.4705,,15.237,4.111,5109.427,22.413,,,-1003.363,1688.574,-4716.802,WAI_MYS,Peter,Pomacentridae,Pomacentrus,sp,,1,AD,Passing,
WAI_MYS_CAM1_left_2.MP4,870,35.719,WAI_MYS_Transect 5,0.4705,,12.904,0.43,4668.193,20.929,,,-885.619,1430.228,-4354.556,WAI_MYS,Peter,Pomacentridae,Pomacentrus,sp,,1,AD,Passing,
WAI_MYS_CAM1_left_2.MP4,870,35.719,WAI_MYS_Transect 5,0.4705,,14.078,0.84,4929.319,23.346,,,-1009.897,1689.981,-4519.099,WAI_MYS,Peter,Pomacentridae,Pomacentrus,sp,,1,AD,Passing,
WAI_MYS_CAM1_left_2.MP4,870,35.719,WAI_MYS_Transect 5,0.4705,,18.114,1.72,5520.999,18.576,,,-1010.288,1460.422,-5227.611,WAI_MYS,Peter,Pomacentridae,Pomacentrus,sp,,1,AD,Passing,
WAI_MYS_CAM1_left_2.MP4,926,35.7502,WAI_MYS_Transect 5,0.5016,192.085,8.131,0.667,2654.364,20.109,68.249,46.178,525.85,-745.866,-2492.551,WAI_MYS,Peter,Acanthuridae,Ctenochaetus,striatus,37437022,1,AD,Passing,
WAI_MYS_CAM1_left_2.MP4,930,35.7524,WAI_MYS_Transect 5,0.5038,85.909,6.499,7.428,2623.921,11.538,38.158,43.081,10.441,-524.713,-2570.9,WAI_MYS,Peter,Pomacentridae,Neoglyphidodon,carlsoni,temp_code_008,1,AD,Passing,
WAI_MYS_CAM1_left_2.MP4,986,35.7835,WAI_MYS_Transect 5,0.535,89.89,4.948,1.464,2781.503,30.747,13.579,14.379,1102.554,-898.098,-2390.513,WAI_MYS,Peter,Chaetodontidae,Chaetodon,baronessa,37365034,1,AD,Passing,
WAI_MYS_CAM1_left_2.MP4,1008,35.7958,WAI_MYS_Transect 5,0.5472,199.192,5.444,6.924,2935.678,16.827,10.605,5.547,-823.394,210.364,-2809.978,WAI_MYS,Peter,Acanthuridae,Acanthurus,lineatus,37437010,1,AD,Passing,
WAI_MYS_CAM1_left_2.MP4,1008,35.7958,WAI_MYS_Transect 5,0.5472,113.917,3.472,2.449,2579.657,24.334,0.992,44.418,-1042.015,210.075,-2350.469,WAI_MYS,Peter,Labridae,Anampses,neoguinaicus,37384050,1,AD,Passing,
WAI_MYS_CAM1_left_2.MP4,1008,35.7958,WAI_MYS_Transect 5,0.5472,172.022,14.613,9.78,3460.391,20.536,50.565,3.581,-1166.775,334.854,-3240.496,WAI_MYS,Peter,Acanthuridae,Ctenochaetus,striatus,37437022,1,AD,Passing,
WAI_MYS_CAM1_left_2.MP4,1036,35.8113,WAI_MYS_Transect 5,0.5628,73.975,3.214,5.652,2165.347,23.852,18.753,34.551,-849.342,212.943,-1980.405,WAI_MYS,Peter,Pomacentridae,Pomacentrus,callainus,temp_code_004,1,AD,Passing,
WAI_MYS_CAM1_left_2.MP4,1130,35.8636,WAI_MYS_Transect 5,0.6151,209.837,7.081,14.197,2620.099,6.31,30.71,15.946,276.852,79.305,-2604.224,WAI_MYS,Peter,Acanthuridae,Acanthurus,lineatus,37437010,1,AD,Passing,
WAI_MYS_CAM1_left_2.MP4,1130,35.8636,WAI_MYS_Transect 5,0.6151,,3.331,4.497,2257.604,8.477,,,280.583,-170.127,-2233.631,WAI_MYS,Peter,Pomacanthidae,Centropyge,flavissima,37365026,1,AD,Passing,
WAI_MYS_CAM1_left_2.MP4,1172,35.887,WAI_MYS_Transect 5,0.6384,52.329,2.836,6.297,1760.697,21.929,68.305,51.172,-650.901,93.292,-1633.303,WAI_MYS,Peter,Pomacentridae,Chromis,margaritifer,37372047,1,AD,Passing,
WAI_MYS_CAM1_left_2.MP4,1172,35.887,WAI_MYS_Transect 5,0.6384,58.762,5.703,4.448,1997.397,7.464,86.945,43.073,-249.887,69.921,-1980.47,WAI_MYS,Peter,Pomacentridae,Chromis,margaritifer,37372047,1,AD,Passing,
WAI_MYS_CAM1_left_2.MP4,1174,35.8881,WAI_MYS_Transect 5,0.6395,208.739,7.198,13.481,3576.823,12.372,11.839,6.267,652.752,401.541,-3493.757,WAI_MYS,Peter,Acanthuridae,Acanthurus,lineatus,37437010,1,AD,Passing,
WAI_MYS_CAM1_left_2.MP4,1197,35.9009,WAI_MYS_Transect 5,0.6523,77.021,1.527,7.779,1244.401,10.264,36.803,42.866,-164.148,-149.075,-1224.486,WAI_MYS,Peter,Pomacentridae,Pomacentrus,callainus,temp_code_004,1,AD,Passing,
WAI_MYS_CAM1_left_2.MP4,1197,35.9009,WAI_MYS_Transect 5,0.6523,63.744,1.286,9.367,1468.038,6.607,7.246,36.995,-153.36,-70.771,-1458.289,WAI_MYS,Peter,Pomacentridae,Pomacentrus,callainus,temp_code_004,1,AD,Passing,
WAI_MYS_CAM1_left_2.MP4,1204,35.9048,WAI_MYS_Transect 5,0.6562,68.452,2.401,9.182,1384.233,19.575,49.627,14.605,-422.295,-191.724,-1304.227,WAI_MYS,Peter,Pomacentridae,Plectroglyphidodon,dickii,37372098,1,AD,Passing,
WAI_MYS_CAM1_left_2.MP4,1214,35.9103,WAI_MYS_Transect 5,0.6618,,10.22,8.106,4188.465,4.696,,,-321.093,136.887,-4173.895,WAI_MYS,Peter,Acanthuridae,Acanthurus,lineatus,37437010,1,AD,Passing,
WAI_MYS_CAM1_left_2.MP4,1214,35.9103,WAI_MYS_Transect 5,0.6618,63.054,4.536,6.672,1807.804,11.574,60.503,31.391,-362.478,-13.262,-1771.041,WAI_MYS,Peter,Pomacentridae,Chromis,margaritifer,37372047,1,AD,Passing,
WAI_MYS_CAM1_left_2.MP4,1214,35.9103,WAI_MYS_Transect 5,0.6618,55.45,4.519,9.519,2648.064,13.444,13.334,5.81,-575.147,219.617,-2575.504,WAI_MYS,Peter,Pomacentridae,Chromis,margaritifer,37372047,1,AD,Passing,
WAI_MYS_CAM1_left_2.MP4,1214,35.9103,WAI_MYS_Transect 5,0.6618,53.687,3.758,9.341,2821.128,15.089,1.443,29.435,-620.757,392.383,-2723.868,WAI_MYS,Peter,Pomacentridae,Chromis,margaritifer,37372047,1,AD,Passing,
WAI_MYS_CAM1_left_2.MP4,1214,35.9103,WAI_MYS_Transect 5,0.6618,118.504,9.793,17.288,4471.673,25.404,0.31,19.661,1284.853,1424.53,-4039.273,WAI_MYS,Peter,Pomacentridae,Chromis,xanthura,37372057,1,AD,Passing,
WAI_MYS_CAM1_left_2.MP4,1214,35.9103,WAI_MYS_Transect 5,0.6618,,7.834,1.857,3618.755,22.174,,,-528.577,1272.653,-3346.095,WAI_MYS,Peter,Pomacentridae,Chromis,xanthura,37372057,1,AD,Passing,
WAI_MYS_CAM1_left_2.MP4,1214,35.9103,WAI_MYS_Transect 5,0.6618,,19.163,19.554,5967.016,27.832,,,2144.118,1799.706,-5269.639,WAI_MYS,Peter,Pomacentridae,Chromis,xanthura,37372057,1,AD,Passing,
WAI_MYS_CAM1_left_2.MP4,1214,35.9103,WAI_MYS_Transect 5,0.6618,,13.053,9.219,4705.739,23.614,,,1220.651,1453.457,-4305.979,WAI_MYS,Peter,Pomacentridae,Chromis,xanthura,37372057,1,AD,Passing,
WAI_MYS_CAM1_left_2.MP4,1214,35.9103,WAI_MYS_Transect 5,0.6618,,26.007,19.114,6915.297,26.886,,,2431.412,1991.052,-6159.975,WAI_MYS,Peter,Pomacentridae,Chromis,xanthura,37372057,1,AD,Passing,
WAI_MYS_CAM1_left_2.MP4,1214,35.9103,WAI_MYS_Transect 5,0.6618,,10.683,14.482,4329.147,23.137,,,1464.466,881.204,-3977.478,WAI_MYS,Peter,Pomacentridae,Chromis,margaritifer,37372047,1,AD,Passing,
WAI_MYS_CAM1_left_2.MP4,1214,35.9103,WAI_MYS_Transect 5,0.6618,,10.052,10.957,4318.654,25.731,,,1695.003,816.8,-3887.232,WAI_MYS,Peter,Pomacentridae,Chromis,margaritifer,37372047,1,AD,Passing,
WAI_MYS_CAM1_left_2.MP4,1214,35.9103,WAI_MYS_Transect 5,0.6618,,8.958,5.788,3998.18,22.771,,,1445.532,566.969,-3684.349,WAI_MYS,Peter,Pomacentridae,Chromis,margaritifer,37372047,1,AD,Passing,
WAI_MYS_CAM1_left_2.MP4,1214,35.9103,WAI_MYS_Transect 5,0.6618,,7.349,10.651,3592.548,20.869,,,1249.63,289.607,-3355.735,WAI_MYS,Peter,Pomacentridae,Chromis,margaritifer,37372047,1,AD,Passing,
WAI_MYS_CAM1_left_2.MP4,1214,35.9103,WAI_MYS_Transect 5,0.6618,,13.293,9.894,4685.848,18.2,,,1105.325,976.939,-4447.585,WAI_MYS,Peter,Pomacentridae,Chromis,margaritifer,37372047,1,AD,Passing,
WAI_MYS_CAM1_left_2.MP4,1214,35.9103,WAI_MYS_Transect 5,0.6618,,15.835,11.069,5105.777,17.968,,,1090.698,1155.568,-4852.216,WAI_MYS,Peter,Pomacentridae,Chromis,margaritifer,37372047,1,AD,Passing,
WAI_MYS_CAM1_left_2.MP4,1214,35.9103,WAI_MYS_Transect 5,0.6618,,16.382,17.158,5252.038,19.169,,,1400.43,1026.026,-4956.811,WAI_MYS,Peter,Pomacentridae,Chromis,margaritifer,37372047,1,AD,Passing,
WAI_MYS_CAM1_left_2.MP4,1214,35.9103,WAI_MYS_Transect 5,0.6618,,11.307,9.865,4412.492,21.388,,,1389.904,827.131,-4105.376,WAI_MYS,Peter,Pomacentridae,Chromis,margaritifer,37372047,1,AD,Passing,
WAI_MYS_CAM1_left_2.MP4,1214,35.9103,WAI_MYS_Transect 5,0.6618,,9.585,8.437,3986.793,18.213,,,1049.804,686.312,-3784.364,WAI_MYS,Peter,Pomacentridae,Chromis,margaritifer,37372047,1,AD,Passing,
WAI_MYS_CAM1_left_2.MP4,1214,35.9103,WAI_MYS_Transect 5,0.6618,,14.954,14.217,5098.902,20.989,,,1614.341,872.911,-4757.177,WAI_MYS,Peter,Pomacentridae,Chromis,margaritifer,37372047,1,AD,Passing,
WAI_MYS_CAM1_left_2.MP4,1214,35.9103,WAI_MYS_Transect 5,0.6618,,18.838,13.587,5653.575,18.016,,,1514.527,895.195,-5372.871,WAI_MYS,Peter,Pomacentridae,Chromis,margaritifer,37372047,1,AD,Passing,
WAI_MYS_CAM1_left_2.MP4,1214,35.9103,WAI_MYS_Transect 5,0.6618,,17.514,12.327,5631.284,22.887,,,2009.54,891.331,-5184.461,WAI_MYS,Peter,Pomacentridae,Chromis,margaritifer,37372047,1,AD,Passing,
WAI_MYS_CAM1_left_2.MP4,1214,35.9103,WAI_MYS_Transect 5,0.6618,,16.812,7.935,5335.462,16.682,,,1372.404,700.081,-5108.184,WAI_MYS,Peter,Pomacentridae,Chromis,margaritifer,37372047,1,AD,Passing,
WAI_MYS_CAM1_left_2.MP4,1214,35.9103,WAI_MYS_Transect 5,0.6618,,7.713,13.267,4125.106,31.246,,,2095.113,448.723,-3525.003,WAI_MYS,Peter,Pomacentridae,Chromis,margaritifer,37372047,1,AD,Passing,
WAI_MYS_CAM1_left_2.MP4,1214,35.9103,WAI_MYS_Transect 5,0.6618,,7.232,8.603,3438.796,7.986,,,-28.948,490.378,-3403.529,WAI_MYS,Peter,Pomacentridae,Chromis,margaritifer,37372047,1,AD,Passing,
WAI_MYS_CAM1_left_2.MP4,1214,35.9103,WAI_MYS_Transect 5,0.6618,,7.76,13.7,3560.865,9.454,,,-23.403,598.315,-3510.161,WAI_MYS,Peter,Pomacentridae,Chromis,margaritifer,37372047,1,AD,Passing,
WAI_MYS_CAM1_left_2.MP4,1214,35.9103,WAI_MYS_Transect 5,0.6618,,14.206,12.302,4887.106,10.298,,,25.651,892.376,-4804.874,WAI_MYS,Peter,Pomacentridae,Chromis,margaritifer,37372047,1,AD,Passing,
WAI_MYS_CAM1_left_2.MP4,1214,35.9103,WAI_MYS_Transect 5,0.6618,,11.853,7.051,4431.957,11.313,,,132.573,876.471,-4342.403,WAI_MYS,Peter,Pomacentridae,Chromis,margaritifer,37372047,1,AD,Passing,
WAI_MYS_CAM1_left_2.MP4,1214,35.9103,WAI_MYS_Transect 5,0.6618,,13.456,14.935,4718.521,11.516,,,302.099,910.587,-4619.957,WAI_MYS,Peter,Pomacentridae,Chromis,margaritifer,37372047,1,AD,Passing,
WAI_MYS_CAM1_left_2.MP4,1214,35.9103,WAI_MYS_Transect 5,0.6618,,23.26,15.293,6225.77,12.7,,,559.131,1273.412,-6068.444,WAI_MYS,Peter,Pomacentridae,Chromis,margaritifer,37372047,1,AD,Passing,
WAI_MYS_CAM1_left_2.MP4,1214,35.9103,WAI_MYS_Transect 5,0.6618,,6.085,7.29,3143.897,7.347,,,-249.972,327.25,-3116.81,WAI_MYS,Peter,Pomacentridae,Chromis,margaritifer,37372047,1,AD,Passing,
WAI_MYS_CAM1_left_2.MP4,1214,35.9103,WAI_MYS_Transect 5,0.6618,,13.181,14.919,4699.481,10.476,,,-559.587,664.055,-4618.551,WAI_MYS,Peter,Pomacentridae,Chromis,margaritifer,37372047,1,AD,Passing,
WAI_MYS_CAM1_left_2.MP4,1214,35.9103,WAI_MYS_Transect 5,0.6618,,6.302,8.843,3262,17.013,,,-866.718,412.054,-3117.636,WAI_MYS,Peter,Pomacentridae,Chromis,margaritifer,37372047,1,AD,Passing,
WAI_MYS_CAM1_left_2.MP4,1214,35.9103,WAI_MYS_Transect 5,0.6618,,3.773,4.881,2454.386,14.974,,,-569.13,289.188,-2369.91,WAI_MYS,Peter,Pomacentridae,Chromis,margaritifer,37372047,1,AD,Passing,
WAI_MYS_CAM1_left_2.MP4,1214,35.9103,WAI_MYS_Transect 5,0.6618,,3.434,1.822,2347.494,15.813,,,-605.382,215.67,-2257.815,WAI_MYS,Peter,Pomacentridae,Chromis,margaritifer,37372047,1,AD,Passing,
WAI_MYS_CAM1_left_2.MP4,1214,35.9103,WAI_MYS_Transect 5,0.6618,,3.052,5.6,2172.652,11.735,,,-417.142,154.205,-2126.648,WAI_MYS,Peter,Pomacentridae,Chromis,margaritifer,37372047,1,AD,Passing,
WAI_MYS_CAM1_left_2.MP4,1214,35.9103,WAI_MYS_Transect 5,0.6618,,3.515,3.832,2414.473,19.302,,,-735.841,318.082,-2277.508,WAI_MYS,Peter,Pomacentridae,Chromis,margaritifer,37372047,1,AD,Passing,
WAI_MYS_CAM1_left_2.MP4,1214,35.9103,WAI_MYS_Transect 5,0.6618,,4.551,3.439,2778.361,19.786,,,-846.852,419.455,-2612.698,WAI_MYS,Peter,Pomacentridae,Chromis,margaritifer,37372047,1,AD,Passing,
WAI_MYS_CAM1_left_2.MP4,1214,35.9103,WAI_MYS_Transect 5,0.6618,,4.438,7.694,2872.31,24.001,,,-1125.66,323.185,-2622.71,WAI_MYS,Peter,Pomacentridae,Chromis,margaritifer,37372047,1,AD,Passing,
WAI_MYS_CAM1_left_2.MP4,1214,35.9103,WAI_MYS_Transect 5,0.6618,114.314,7.905,6.496,2403.19,22.896,72.845,2.86,-852.198,384.666,-2213.846,WAI_MYS,Peter,Scaridae,Scarus,globiceps,37386018,1,AD,Passing,
WAI_MYS_CAM1_left_2.MP4,1214,35.9103,WAI_MYS_Transect 5,0.6618,81.837,3.294,7.349,2500.765,11.918,5.436,11.906,-501.486,123.418,-2446.857,WAI_MYS,Peter,Labridae,Thalassoma,lunare,37384167,1,AD,Passing,
WAI_MYS_CAM1_left_2.MP4,1218,35.9125,WAI_MYS_Transect 5,0.664,55.842,3.678,7.737,1754.977,12.489,50.12,35.093,-377.454,-39.493,-1713.451,WAI_MYS,Peter,Pomacentridae,Chromis,margaritifer,37372047,1,AD,Passing,
WAI_MYS_CAM1_left_2.MP4,1224,35.9159,WAI_MYS_Transect 5,0.6673,,6.291,3.355,3539.134,26.019,,,-1492.567,439.815,-3178.722,WAI_MYS,Peter,Pomacentridae,Dascyllus,reticulatus,37372074,1,AD,Passing,
WAI_MYS_CAM1_left_2.MP4,1257,35.9342,WAI_MYS_Transect 5,0.6857,49.531,0.707,9.886,983.326,20.59,0.204,4.571,-144.432,-314.202,-920.514,WAI_MYS,Peter,Labridae,Gomphosus,varius,37384106,1,AD,Passing,
WAI_MYS_CAM1_left_2.MP4,1348,35.9848,WAI_MYS_Transect 5,0.7363,211.986,11.221,16.61,2956.507,3.039,41.132,19.36,115.956,-105.443,-2952.35,WAI_MYS,Peter,Acanthuridae,Acanthurus,nigrofuscus,37437014,1,AD,Passing,measurement of point
WAI_MYS_CAM1_left_2.MP4,1348,35.9848,WAI_MYS_Transect 5,0.7363,,9.172,9.811,4080.213,23.138,,,1529.974,494.241,-3750.072,WAI_MYS,Peter,Acanthuridae,Acanthurus,lineatus,37437010,1,AD,Passing,
WAI_MYS_CAM1_left_2.MP4,1348,35.9848,WAI_MYS_Transect 5,0.7363,83.11,4.324,16.462,2812.514,8.374,14.018,32.47,407.598,40.287,-2782.531,WAI_MYS,Peter,Chaetodontidae,Chaetodon,baronessa,37365034,1,AD,Passing,
WAI_MYS_CAM1_left_2.MP4,1348,35.9848,WAI_MYS_Transect 5,0.7363,60.148,2.5,10.028,1689.254,21.228,19.408,3.465,-608.702,-60.036,-1574.629,WAI_MYS,Peter,Pomacentridae,Chromis,xanthura,37372057,1,AD,Passing,
WAI_MYS_CAM1_left_2.MP4,1348,35.9848,WAI_MYS_Transect 5,0.7363,101.571,6.414,16.126,2611.784,25.416,53.056,38.771,-835.44,747.392,-2358.996,WAI_MYS,Peter,Pomacentridae,Chromis,xanthura,37372057,1,AD,Passing,
WAI_MYS_CAM1_left_2.MP4,1348,35.9848,WAI_MYS_Transect 5,0.7363,52.814,1.109,12.088,1207.904,21.03,18.625,35.012,17.961,-433.085,-1127.451,WAI_MYS,Peter,Pomacentridae,Chromis,margaritifer,37372047,1,AD,Passing,
WAI_MYS_CAM1_left_2.MP4,1348,35.9848,WAI_MYS_Transect 5,0.7363,60.602,1.664,12.504,1112.073,20.237,62.456,18.393,-202.436,-327.102,-1043.423,WAI_MYS,Peter,Pomacentridae,Chromis,margaritifer,37372047,1,AD,Passing,
WAI_MYS_CAM1_left_2.MP4,1348,35.9848,WAI_MYS_Transect 5,0.7363,,2.533,9.151,1949.566,13.523,,,444.043,-95.721,-1895.909,WAI_MYS,Peter,Pomacentridae,Chromis,margaritifer,37372047,1,AD,Passing,
WAI_MYS_CAM1_left_2.MP4,1348,35.9848,WAI_MYS_Transect 5,0.7363,,1.616,7.726,1518.763,11.299,,,-31.258,-290.025,-1490.486,WAI_MYS,Peter,Pomacentridae,Chromis,margaritifer,37372047,1,AD,Passing,
WAI_MYS_CAM1_left_2.MP4,1348,35.9848,WAI_MYS_Transect 5,0.7363,,1.706,7.549,1583.11,15.609,,,-391.056,-162.817,-1525.386,WAI_MYS,Peter,Pomacentridae,Chromis,margaritifer,37372047,1,AD,Passing,
WAI_MYS_CAM1_left_2.MP4,1348,35.9848,WAI_MYS_Transect 5,0.7363,135.301,3.176,10.779,2315.747,18.249,6.296,8.374,-592.242,418.499,-2199.271,WAI_MYS,Peter,Labridae,Thalassoma,hardwicke,37384165,1,AD,Passing,
WAI_MYS_CAM1_left_2.MP4,1366,35.9948,WAI_MYS_Transect 5,0.7463,,13.957,1.377,4966.286,2.181,,,165.15,-72.155,-4963.015,WAI_MYS,Peter,Acanthuridae,Acanthurus,lineatus,37437010,1,AD,Passing,
WAI_MYS_CAM1_left_2.MP4,1366,35.9948,WAI_MYS_Transect 5,0.7463,,17.74,11.514,5603.286,4.281,,,400.408,-98.758,-5588.089,WAI_MYS,Peter,Acanthuridae,Ctenochaetus,sp,,1,AD,Passing,
WAI_MYS_CAM1_left_2.MP4,1366,35.9948,WAI_MYS_Transect 5,0.7463,133.92,6.696,7.19,2991.522,4.788,20.818,12.935,65.938,-240.852,-2981.082,WAI_MYS,Peter,Mullidae,Parupeneus,multifasciatus,37355026,1,AD,Passing,
WAI_MYS_CAM1_left_2.MP4,1425,36.0277,WAI_MYS_Transect 5,0.7791,88.831,5.04,4.566,2404.423,21.482,26.082,3.185,-834.692,-280.356,-2237.395,WAI_MYS,Peter,Labridae,Oxycheilinus,sp,,1,AD,Passing,
WAI_MYS_CAM1_left_2.MP4,1499,36.0688,WAI_MYS_Transect 5,0.8203,,12.012,2.139,4524.546,5.534,,,195.108,408.133,-4501.875,WAI_MYS,Peter,Lutjanidae,Lutjanus,gibbus,37346028,1,AD,Passing,
WAI_MYS_CAM1_left_2.MP4,1518,36.0794,WAI_MYS_Transect 5,0.8308,293.647,8.044,14.405,2425.462,21.029,88.998,27.041,-773.026,399.912,-2263.927,WAI_MYS,Peter,Acanthuridae,Acanthurus,lineatus,37437010,1,AD,Passing,
WAI_MYS_CAM1_left_2.MP4,1518,36.0794,WAI_MYS_Transect 5,0.8308,120.194,3.193,9.448,2809.241,10.702,4.917,20.565,-333.151,401.437,-2760.379,WAI_MYS,Peter,Mullidae,Parupeneus,multifasciatus,37355026,1,AD,Passing,
WAI_MYS_CAM1_left_2.MP4,1544,36.0938,WAI_MYS_Transect 5,0.8453,65.33,4.531,0.401,2004.803,24.823,53.396,14.75,-712.809,447.505,-1819.582,WAI_MYS,Peter,Pomacentridae,Dascyllus,reticulatus,37372074,1,AD,Passing,
WAI_MYS_CAM1_left_2.MP4,1544,36.0938,WAI_MYS_Transect 5,0.8453,44.896,2.198,5.681,2186.314,11.841,8.46,2.822,-111.76,434.464,-2139.795,WAI_MYS,Peter,Pomacentridae,Dascyllus,reticulatus,37372074,1,AD,Passing,
WAI_MYS_CAM1_left_2.MP4,1544,36.0938,WAI_MYS_Transect 5,0.8453,,5.661,5.431,3003.419,14.599,,,4.485,768.518,-2903.426,WAI_MYS,Peter,Pomacentridae,Dascyllus,reticulatus,37372074,1,AD,Passing,
WAI_MYS_CAM1_left_2.MP4,1544,36.0938,WAI_MYS_Transect 5,0.8453,,5.404,9.726,2943.429,17.682,,,-167.152,889.353,-2800.873,WAI_MYS,Peter,Pomacentridae,Dascyllus,reticulatus,37372074,1,AD,Passing,
WAI_MYS_CAM1_left_2.MP4,1544,36.0938,WAI_MYS_Transect 5,0.8453,,5.156,7.576,2871.559,18.033,,,-307.35,844.924,-2727.176,WAI_MYS,Peter,Pomacentridae,Dascyllus,reticulatus,37372074,1,AD,Passing,
WAI_MYS_CAM1_left_2.MP4,1544,36.0938,WAI_MYS_Transect 5,0.8453,,5.055,5.248,2834.75,16.265,,,-96.417,798.87,-2718.146,WAI_MYS,Peter,Pomacentridae,Dascyllus,reticulatus,37372074,1,AD,Passing,
WAI_MYS_CAM1_left_2.MP4,1544,36.0938,WAI_MYS_Transect 5,0.8453,,2.726,0.594,2122.779,23.035,,,-657.657,515.104,-1951.498,WAI_MYS,Peter,Pomacentridae,Dascyllus,reticulatus,37372074,1,AD,Passing,
WAI_MYS_CAM1_left_2.MP4,1544,36.0938,WAI_MYS_Transect 5,0.8453,,5.133,1.948,2891.416,17.263,,,-660.857,558.239,-2758.971,WAI_MYS,Peter,Pomacentridae,Dascyllus,reticulatus,37372074,1,AD,Passing,
WAI_MYS_CAM1_left_2.MP4,1544,36.0938,WAI_MYS_Transect 5,0.8453,,4.408,1.848,2780.464,23.444,,,-933.817,603.115,-2548.571,WAI_MYS,Peter,Pomacentridae,Dascyllus,reticulatus,37372074,1,AD,Passing,
WAI_MYS_CAM1_left_2.MP4,1565,36.1055,WAI_MYS_Transect 5,0.857,104.56,5.597,4.145,2116.07,24.316,64.792,8.437,-802.641,339.089,-1928.352,WAI_MYS,Peter,Pomacentridae,Plectroglyphidodon,dickii,37372098,1,AD,Passing,
WAI_MYS_CAM1_left_2.MP4,1592,36.1205,WAI_MYS_Transect 5,0.872,67.272,3.17,11.681,1817.494,17.36,30.316,21.14,-532.359,103.274,-1734.708,WAI_MYS,Peter,Pomacentridae,Chrysiptera,sp,,1,AD,Passing,
WAI_MYS_CAM1_left_2.MP4,1592,36.1205,WAI_MYS_Transect 5,0.872,50.293,1.938,14.522,1635.585,16.661,3.711,10.936,-465.712,54.893,-1566.92,WAI_MYS,Peter,Pomacentridae,Dascyllus,reticulatus,37372074,1,AD,Passing,
WAI_MYS_CAM1_left_2.MP4,1612,36.1317,WAI_MYS_Transect 5,0.8831,,3.189,3.487,2248.724,14.161,,,-546.752,69.653,-2180.13,WAI_MYS,Peter,Pomacentridae,Chromis,viridis,37372053,1,AD,Passing,
WAI_MYS_CAM1_left_2.MP4,1612,36.1317,WAI_MYS_Transect 5,0.8831,57.94,3.172,10.702,2128.324,11.052,28.868,50.885,-390.316,118.874,-2088.848,WAI_MYS,Peter,Pomacentridae,Dascyllus,reticulatus,37372074,1,AD,Passing,measurement of point
WAI_MYS_CAM1_left_2.MP4,1612,36.1317,WAI_MYS_Transect 5,0.8831,59.98,2.035,10.419,2215.846,5.301,4.511,37.756,-204.538,8.408,-2206.369,WAI_MYS,Peter,Pomacentridae,Dascyllus,reticulatus,37372074,1,AD,Passing,measurement of point
WAI_MYS_CAM1_left_2.MP4,1625,36.1389,WAI_MYS_Transect 5,0.8903,,1.985,1.415,1709.878,18.537,,,303.836,-444.334,-1622.939,WAI_MYS,Peter,Pomacentridae,Chromis,margaritifer,37372047,1,AD,Passing,
WAI_MYS_CAM1_left_2.MP4,1625,36.1389,WAI_MYS_Transect 5,0.8903,109.773,1.527,5.322,1745.684,15.187,4.582,2.737,182.273,-419.435,-1684.715,WAI_MYS,Peter,Labridae,Thalassoma,quinquevittatum,37384170,1,AD,Passing,
WAI_MYS_CAM1_left_2.MP4,1636,36.145,WAI_MYS_Transect 5,0.8965,167.289,10.952,11.409,3236.901,8.766,31.944,12.868,16.358,-493.026,-3199.092,WAI_MYS,Peter,Acanthuridae,Ctenochaetus,striatus,37437022,1,AD,Passing,may have double sampled
WAI_MYS_CAM1_left_2.MP4,1636,36.145,WAI_MYS_Transect 5,0.8965,,4.522,2.582,2679.743,9.603,,,-324.13,-297.385,-2643.392,WAI_MYS,Peter,Acanthuridae,Ctenochaetus,striatus,37437022,1,AD,Passing,may have double sampled
WAI_MYS_CAM1_left_2.MP4,1647,36.1511,WAI_MYS_Transect 5,0.9026,71.157,1.851,2.55,1569.81,20.342,13.918,23.133,419.727,-348.727,-1471.912,WAI_MYS,Peter,Labridae,Labroides,dimidiatus,37384028,1,AD,Passing,
WAI_MYS_CAM1_left_2.MP4,1717,36.19,WAI_MYS_Transect 5,0.9415,207.499,5.043,7.113,3194.642,10.16,12.117,14.358,-240.104,-509.804,-3144.549,WAI_MYS,Peter,Acanthuridae,Acanthurus,lineatus,37437010,1,AD,Passing,
WAI_MYS_CAM1_left_2.MP4,1717,36.19,WAI_MYS_Transect 5,0.9415,,6.492,4.838,3235.523,12.345,,,-89.336,-673.424,-3163.404,WAI_MYS,Peter,Pomacentridae,Chromis,margaritifer,37372047,1,AD,Passing,
WAI_MYS_CAM1_left_2.MP4,1717,36.19,WAI_MYS_Transect 5,0.9415,,7.009,10.863,3418.033,18.769,,,988.251,-469.743,-3238.156,WAI_MYS,Peter,Pomacentridae,Chromis,margaritifer,37372047,1,AD,Passing,
WAI_MYS_CAM1_left_2.MP4,1717,36.19,WAI_MYS_Transect 5,0.9415,,6.41,0.617,3250.072,19.98,,,918.111,-612.634,-3056.914,WAI_MYS,Peter,Pomacentridae,Chromis,margaritifer,37372047,1,AD,Passing,
WAI_MYS_CAM1_left_2.MP4,1717,36.19,WAI_MYS_Transect 5,0.9415,,8.361,1.227,3735.897,20.364,,,1061.512,-736.642,-3505.35,WAI_MYS,Peter,Pomacentridae,Chromis,margaritifer,37372047,1,AD,Passing,
WAI_MYS_CAM1_left_2.MP4,1766,36.2173,WAI_MYS_Transect 5,0.9687,,5.859,5.368,3055.442,11.911,,,500.815,-371.385,-2991.151,WAI_MYS,Peter,Pomacentridae,Chromis,margaritifer,37372047,1,AD,Passing,
WAI_MYS_CAM1_left_2.MP4,1766,36.2173,WAI_MYS_Transect 5,0.9687,,3.759,4.674,2449.025,17.992,,,701.37,-274.188,-2330.37,WAI_MYS,Peter,Pomacentridae,Chromis,margaritifer,37372047,1,AD,Passing,
WAI_MYS_CAM1_left_2.MP4,1766,36.2173,WAI_MYS_Transect 5,0.9687,,4.869,2.22,3058.482,28.425,,,1361.552,-504.774,-2691.782,WAI_MYS,Peter,Pomacentridae,Chromis,margaritifer,37372047,1,AD,Passing,
WAI_MYS_CAM1_left_2.MP4,1766,36.2173,WAI_MYS_Transect 5,0.9687,,4.648,1.019,2797.293,22.097,,,948.572,-445.274,-2593.606,WAI_MYS,Peter,Pomacentridae,Chromis,margaritifer,37372047,1,AD,Passing,
WAI_MYS_CAM1_left_2.MP4,1766,36.2173,WAI_MYS_Transect 5,0.9687,,5.59,3.228,3182.585,24.102,,,1260.096,-306.769,-2906.355,WAI_MYS,Peter,Pomacentridae,Dascyllus,reticulatus,37372074,1,AD,Passing,
WAI_MYS_CAM1_left_2.MP4,1766,36.2173,WAI_MYS_Transect 5,0.9687,187.258,2.463,7.81,2748.263,1.779,2.998,3.43,-64.841,-55.465,-2746.938,WAI_MYS,Peter,Labridae,Gomphosus,varius,37384106,1,AD,Passing,
WAI_MYS_CAM1_left_2.MP4,1806,36.2395,WAI_MYS_Transect 5,0.991,145.441,9.6,7.919,2969.631,26.303,57.113,6.311,-1315.908,-5.09,-2662.155,WAI_MYS,Peter,Pomacentridae,Chromis,xanthura,37372057,1,AD,Passing,
WAI_MYS_CAM1_left_2.MP4,1806,36.2395,WAI_MYS_Transect 5,0.991,134.766,8.237,8.021,2428.212,21.537,71.393,7.403,-855.726,-249.644,-2258.678,WAI_MYS,Peter,Pomacentridae,Chromis,xanthura,37372057,1,AD,Passing,
WAI_MYS_CAM1_left_2.MP4,1806,36.2395,WAI_MYS_Transect 5,0.991,126.091,8.645,9.154,2473.576,12.048,49.45,7.879,-503.278,115.283,-2419.091,WAI_MYS,Peter,Pomacentridae,Chromis,xanthura,37372057,1,AD,Passing,
WAI_MYS_CAM1_left_2.MP4,1806,36.2395,WAI_MYS_Transect 5,0.991,,2.133,1.021,1774.885,13.732,,,-128.155,-394.511,-1725.733,WAI_MYS,Peter,Pomacentridae,Chromis,margaritifer,37372047,1,AD,Passing,
WAI_MYS_CAM1_left_2.MP4,1806,36.2395,WAI_MYS_Transect 5,0.991,,9.264,9.131,3939.516,6.486,,,418.661,166.323,-3913.674,WAI_MYS,Peter,Pomacentridae,Chromis,xanthura,37372057,1,AD,Passing,
WAI_MYS_CAM1_left_2.MP4,1806,36.2395,WAI_MYS_Transect 5,0.991,,8.549,6.426,3930.449,18.356,,,-1234.245,108.217,-3730.061,WAI_MYS,Peter,Pomacentridae,Chromis,xanthura,37372057,1,AD,Passing,
WAI_MYS_CAM1_left_2.MP4,1818,36.2462,WAI_MYS_Transect 5,0.9977,206.417,9.449,11.358,4909.234,10.957,8.093,31.59,-766.731,-531.87,-4819.731,WAI_MYS,Peter,Acanthuridae,Acanthurus,lineatus,37437010,1,AD,Passing,
WAI_MYS_CAM1_left_2.MP4,1845,36.2612,WAI_MYS_Transect 5,1.0127,208.886,14.795,4.839,3372.449,11.439,54.667,32.445,-655.862,-131.139,-3305.459,WAI_MYS,Peter,Acanthuridae,Acanthurus,lineatus,37437010,1,AD,Passing,
WAI_MYS_CAM1_left_2.MP4,1878,36.2796,WAI_MYS_Transect 5,1.031,155.497,5.959,9.692,2059.374,22.877,74.421,2.33,-682.836,-417.974,-1897.381,WAI_MYS,Peter,Mullidae,Parupeneus,multifasciatus,37355026,1,AD,Passing,may have double sampled
WAI_MYS_CAM1_left_2.MP4,1898,36.2907,WAI_MYS_Transect 5,1.0422,,1.722,5.235,1582.817,15.371,,,-41.529,-411.438,-1527.843,WAI_MYS,Peter,Pomacentridae,Chromis,margaritifer,37372047,1,AD,Passing,
WAI_MYS_CAM1_left_2.MP4,1898,36.2907,WAI_MYS_Transect 5,1.0422,122.877,2.939,9.098,1552.246,20.364,46.423,3.778,-1.238,-540.148,-1455.234,WAI_MYS,Peter,Mullidae,Parupeneus,multifasciatus,37355026,1,AD,Passing,may have double sampled
WAI_MYS_CAM1_left_2.MP4,1926,36.3063,WAI_MYS_Transect 5,1.0577,176.297,1.896,8.669,2191.848,10.257,2.556,10.569,113.438,-373.451,-2156.818,WAI_MYS,Peter,Acanthuridae,Acanthurus,nigrofuscus,37437014,1,AD,Passing,
WAI_MYS_CAM1_left_2.MP4,1926,36.3063,WAI_MYS_Transect 5,1.0577,180.406,7.074,8.024,2609.233,15.239,32.278,1.766,444.729,-522.063,-2517.491,WAI_MYS,Peter,Balistidae,Balistapus,undulatus,37465047,1,AD,Passing,
WAI_MYS_CAM1_left_2.MP4,1926,36.3063,WAI_MYS_Transect 5,1.0577,,4.026,1.606,2628.636,24.269,,,970.394,-465.532,-2398.196,WAI_MYS,Peter,Pomacentridae,Pomacentrus,moluccensis,37372118,1,AD,Passing,
WAI_MYS_CAM1_left_2.MP4,1946,36.3174,WAI_MYS_Transect 5,1.0688,56.662,3.133,8.781,2152.962,17.373,15.158,27.145,-577.274,-282.911,-2054.741,WAI_MYS,Peter,Pomacentridae,Dascyllus,reticulatus,37372074,1,AD,Passing,
WAI_MYS_CAM1_left_2.MP4,2108,36.4075,WAI_MYS_Transect 5,1.1589,256.649,18.696,10.693,4140.09,29.877,84.872,8.93,-1830.712,-949.579,-3589.866,WAI_MYS,Peter,Balistidae,Balistapus,undulatus,37465047,1,AD,Passing,
WAI_MYS_CAM1_left_2.MP4,2188,36.452,WAI_MYS_Transect 5,1.2034,67.308,1.469,7.573,1617.499,16.94,4.607,15.673,-227.983,-412.473,-1547.317,WAI_MYS,Peter,Pomacentridae,Dascyllus,trimaculatus,37372075,1,AD,Passing,
WAI_MYS_CAM1_left_2.MP4,2188,36.452,WAI_MYS_Transect 5,1.2034,,2.261,4.887,1834.987,13.904,,,-278.817,-334.522,-1782.564,WAI_MYS,Peter,Pomacentridae,Dascyllus,trimaculatus,37372075,1,AD,Passing,
WAI_MYS_CAM1_left_2.MP4,2188,36.452,WAI_MYS_Transect 5,1.2034,,2.067,3.186,1745,13.981,,,-186.276,-371.476,-1694.796,WAI_MYS,Peter,Pomacentridae,Dascyllus,trimaculatus,37372075,1,AD,Passing,
WAI_MYS_CAM1_left_2.MP4,2190,36.4531,WAI_MYS_Transect 5,1.2045,64.962,1.298,4.955,1601.055,8.403,3.035,13.215,-71.834,-222.659,-1583.869,WAI_MYS,Peter,Pomacentridae,Dascyllus,trimaculatus,37372075,1,AD,Passing,
WAI_MYS_CAM1_left_2.MP4,2190,36.4531,WAI_MYS_Transect 5,1.2045,69.751,2.855,5.228,2220.309,6.982,12.063,13.873,-257.144,-81.981,-2203.844,WAI_MYS,Peter,Pomacentridae,Dascyllus,trimaculatus,37372075,1,AD,Passing,
WAI_MYS_CAM1_left_2.MP4,2202,36.4598,WAI_MYS_Transect 5,1.2112,139.854,3.355,4.716,1702.716,22.004,45.763,9.525,-531.67,-352.593,-1578.685,WAI_MYS,Peter,Labridae,Anampses,neoguinaicus,37384050,1,AD,Passing,may have double sampled
WAI_MYS_CAM1_left_2.MP4,2212,36.4653,WAI_MYS_Transect 5,1.2168,84.105,8.047,8.11,2584.639,25.892,84.28,15.951,-1119.735,-141.737,-2325.18,WAI_MYS,Peter,Pomacentridae,Amphiprion,barberi,temp_code_014,1,AD,Passing,
WAI_MYS_CAM1_left_2.MP4,2212,36.4653,WAI_MYS_Transect 5,1.2168,,3.074,1.647,2408.303,25.552,,,-1032.741,-103.209,-2173.181,WAI_MYS,Peter,Pomacentridae,Amphiprion,barberi,temp_code_014,1,AD,Passing,
WAI_MYS_CAM1_left_2.MP4,2212,36.4653,WAI_MYS_Transect 5,1.2168,125.715,2.065,5.797,1870.454,6.218,21.735,59.212,74.515,-188.386,-1859.45,WAI_MYS,Peter,Labridae,Oxycheilinus,digrammus,37384065,1,AD,Passing,
WAI_MYS_CAM1_left_2.MP4,2245,36.4837,WAI_MYS_Transect 5,1.2351,,1.309,1.821,1362.407,19.659,,,364.591,-272.665,-1284.087,WAI_MYS,Peter,Pomacentridae,Amphiprion,barberi,temp_code_014,1,AD,Passing,
WAI_MYS_CAM1_left_2.MP4,2267,36.4959,WAI_MYS_Transect 5,1.2474,121.411,1.532,3.545,1357.425,19.449,2.545,5.53,429.126,-141.914,-1279.966,WAI_MYS,Peter,Labridae,Oxycheilinus,digrammus,37384065,1,AD,Passing,
WAI_MYS_CAM1_left_2.MP4,2320,36.5254,WAI_MYS_Transect 5,1.2768,,8.368,12.695,3875.698,19.801,,,-1236.701,-426.411,-3648.257,WAI_MYS,Peter,Pomacentridae,Chromis,viridis,37372053,1,AD,Passing,
WAI_MYS_CAM1_left_2.MP4,2361,36.5482,WAI_MYS_Transect 5,1.2996,,8.534,13.381,3994.011,23.429,,,-1445.087,-644.021,-3667.299,WAI_MYS,Peter,Pomacentridae,Chrysiptera,glauca,37372062,1,AD,Passing,
WAI_MYS_CAM1_left_2.MP4,2430,36.5866,WAI_MYS_Transect 5,1.338,236.943,13.099,11.313,3711.693,21.517,33.308,13.71,1050.126,-866.302,-3453.03,WAI_MYS,Peter,Acanthuridae,Acanthurus,lineatus,37437010,1,AD,Passing,
WAI_MYS_CAM1_left_2.MP4,2430,36.5866,WAI_MYS_Transect 5,1.338,101.886,10.138,11.051,2929.412,23.247,47.16,0.568,667.994,-943.76,-2691.571,WAI_MYS,Peter,Chaetodontidae,Chaetodon,baronessa,37365034,1,AD,Passing,
WAI_MYS_CAM1_left_2.MP4,2469,36.6082,WAI_MYS_Transect 5,1.3597,228.69,8.103,10.213,2749.694,26.407,45.756,4.923,899.746,-828.265,-2462.774,WAI_MYS,Peter,Labridae,Cheilinus,chlorourus,37384064,1,AD,Passing,
WAI_MYS_CAM1_left_2.MP4,2493,36.6216,WAI_MYS_Transect 5,1.373,196.744,19.613,1.943,5014.168,26.85,24.752,11.919,2264.681,2.609,-4473.599,WAI_MYS,Peter,Acanthuridae,Acanthurus,lineatus,37437010,1,AD,Passing,
WAI_MYS_CAM1_left_2.MP4,2514,36.6333,WAI_MYS_Transect 5,1.3847,203.666,14.799,18.45,3350.654,18.713,67.069,32.129,984.16,432.5,-3173.524,WAI_MYS,Peter,Acanthuridae,Zebrasoma,velifer,37437037,1,AD,Passing,
WAI_MYS_CAM1_left_2.MP4,2514,36.6333,WAI_MYS_Transect 5,1.3847,199.679,4.36,17.042,3059.73,14.869,7.422,54.85,473.067,626.643,-2957.275,WAI_MYS,Peter,Acanthuridae,Zebrasoma,velifer,37437037,1,AD,Passing,
WAI_MYS_CAM1_left_2.MP4,2529,36.6416,WAI_MYS_Transect 5,1.3931,194.514,5.657,19.082,3466.558,13.792,22.268,59.66,813.6,144.846,-3366.616,WAI_MYS,Peter,Acanthuridae,Acanthurus,lineatus,37437010,1,AD,Passing,
WAI_MYS_CAM1_left_2.MP4,2542,36.6488,WAI_MYS_Transect 5,1.4003,173.718,5.496,3.008,3333.717,12.324,12.546,20.393,258.29,-663.001,-3256.898,WAI_MYS,Peter,Acanthuridae,Acanthurus,nigrofuscus,37437014,1,AD,Passing,
WAI_MYS_CAM1_left_2.MP4,2628,36.6967,WAI_MYS_Transect 5,1.4481,169.971,14.33,6.824,4504.138,29.289,23.828,4.41,-2091.176,694.583,-3928.332,WAI_MYS,Peter,Acanthuridae,Ctenochaetus,striatus,37437022,1,AD,Passing,
WAI_MYS_CAM1_left_2.MP4,2636,36.7011,WAI_MYS_Transect 5,1.4526,,1.726,3.808,1585.564,16.613,,,97.637,-436.649,-1521.124,WAI_MYS,Peter,Pomacentridae,Pomacentrus,callainus,temp_code_004,1,AD,Passing,
WAI_MYS_CAM1_left_2.MP4,2712,36.7434,WAI_MYS_Transect 5,1.4948,,2.507,2.388,2119.708,30.407,,,858.466,-636.261,-1830.675,WAI_MYS,Peter,Pomacentridae,Pomacentrus,coelestis,37372111,1,AD,Passing,
WAI_MYS_CAM1_left_2.MP4,2776,36.779,WAI_MYS_Transect 5,1.5304,222.63,9.245,2.381,3237.828,19.982,28.406,7.459,-996.65,480.498,-3042.917,WAI_MYS,Peter,Acanthuridae,Acanthurus,lineatus,37437010,1,AD,Passing,
WAI_MYS_CAM1_left_2.MP4,2900,36.8479,WAI_MYS_Transect 5,1.5994,237.825,14.697,7.189,3483.361,27.38,71.232,3.622,1588.722,-205.696,-3093.13,WAI_MYS,Peter,Acanthuridae,Acanthurus,lineatus,37437010,1,AD,Passing,may have double sampled
WAI_MYS_CAM1_left_2.MP4,2907,36.8518,WAI_MYS_Transect 5,1.6033,65.591,3.83,9.924,1812.949,24.222,54.147,15.566,-591.622,-450.813,-1653.341,WAI_MYS,Peter,Pomacentridae,Pomacentrus,maafu,temp_code_005,1,AD,Passing,
WAI_MYS_CAM1_left_2.MP4,3034,36.9224,WAI_MYS_Transect 5,1.6739,,2.808,6.121,2054.317,12.93,,,142.162,-429.205,-2003.944,WAI_MYS,Peter,Pomacentridae,Pomacentrus,coelestis,37372111,1,AD,Passing,
WAI_MYS_CAM1_left_2.MP4,3066,36.9402,WAI_MYS_Transect 5,1.6917,,13.878,12.58,4910.366,16.356,,,1354.842,-257.722,-4712.715,WAI_MYS,Peter,Balistidae,Balistapus,undulatus,37465047,1,AD,Passing,
WAI_MYS_CAM1_left_2.MP4,3068,36.9413,WAI_MYS_Transect 5,1.6928,,2.477,7.613,1926.978,14.178,,,-54.924,-461.359,-1870.127,WAI_MYS,Peter,Pomacentridae,Pomacentrus,coelestis,37372111,1,AD,Passing,
WAI_MYS_CAM1_left_2.MP4,3139,36.9808,WAI_MYS_Transect 5,1.7323,197.89,7.395,11.06,2613.557,18.741,35.699,2.441,733.955,-407.934,-2474.991,WAI_MYS,Peter,Acanthuridae,Acanthurus,lineatus,37437010,1,AD,Passing,
WAI_MYS_CAM1_left_2.MP4,3196,37.0125,WAI_MYS_Transect 5,1.764,232.532,10.443,6.241,2911.851,24.658,56.001,1.715,1094.042,-528.119,-2646.326,WAI_MYS,Peter,Acanthuridae,Acanthurus,lineatus,37437010,1,AD,Passing,may have double sampled
WAI_MYS_CAM1_left_2.MP4,3196,37.0125,WAI_MYS_Transect 5,1.764,236.638,7.668,3.391,2417.772,24.228,63.07,3.566,958.553,-256.121,-2204.813,WAI_MYS,Peter,Acanthuridae,Acanthurus,lineatus,37437010,1,AD,Passing,may have double sampled
WAI_MYS_CAM1_left_2.MP4,3211,37.0209,WAI_MYS_Transect 5,1.7723,,16.238,3.717,5291.216,6.318,,,509.027,303.534,-5257.92,WAI_MYS,Peter,Acanthuridae,Acanthurus,lineatus,37437010,1,AD,Passing,
WAI_MYS_CAM1_left_2.MP4,3229,37.0309,WAI_MYS_Transect 5,1.7823,,4.349,1.255,2636.8,15.943,,,-537.118,-475.84,-2537.281,WAI_MYS,Peter,Pomacentridae,Dascyllus,reticulatus,37372074,1,AD,Passing,
WAI_MYS_CAM1_left_2.MP4,3229,37.0309,WAI_MYS_Transect 5,1.7823,,4.048,4.952,2561.648,18.31,,,-628.648,-492.799,-2433.925,WAI_MYS,Peter,Pomacentridae,Dascyllus,reticulatus,37372074,1,AD,Passing,
WAI_MYS_CAM1_left_2.MP4,3229,37.0309,WAI_MYS_Transect 5,1.7823,,4.215,2.781,2618.889,17.989,,,-649.161,-472.545,-2492.763,WAI_MYS,Peter,Pomacentridae,Dascyllus,reticulatus,37372074,1,AD,Passing,
WAI_MYS_CAM1_left_2.MP4,3229,37.0309,WAI_MYS_Transect 5,1.7823,,10.061,12.561,4158.633,15.035,,,-988.855,-415.365,-4017.943,WAI_MYS,Peter,Pomacentridae,Pomacentrus,coelestis,37372111,1,AD,Passing,
WAI_MYS_CAM1_left_2.MP4,3240,37.037,WAI_MYS_Transect 5,1.7885,,15.635,4.723,5194.92,7.804,,,697.093,-87.638,-5147.191,WAI_MYS,Peter,Chaetodontidae,Heniochus,singularius,37365077,1,AD,Passing,
WAI_MYS_CAM1_left_2.MP4,3264,37.0503,WAI_MYS_Transect 5,1.8018,,19.53,7.044,5907.889,3.52,,,-259.287,277.012,-5895.692,WAI_MYS,Peter,Chaetodontidae,Heniochus,singularius,37365077,1,AD,Passing,
WAI_MYS_CAM1_left_2.MP4,3327,37.0854,WAI_MYS_Transect 5,1.8368,,22.325,11.848,6221.784,7.522,,,138.481,827.019,-6165.019,WAI_MYS,Peter,Acanthuridae,Acanthurus,sp,,1,AD,Passing,
WAI_MYS_CAM1_left_2.MP4,3420,37.1371,WAI_MYS_Transect 5,1.8886,204.317,4.03,12.102,3837.348,9.292,0.015,16.782,-295.077,544.839,-3786.994,WAI_MYS,Peter,Acanthuridae,Acanthurus,lineatus,37437010,1,AD,Passing,
WAI_MYS_CAM1_left_2.MP4,3420,37.1371,WAI_MYS_Transect 5,1.8886,171.637,16.665,13.96,4717.851,13.553,22.326,8.802,469.408,1001.025,-4586.472,WAI_MYS,Peter,Acanthuridae,Acanthurus,lineatus,37437010,1,AD,Passing,
WAI_MYS_CAM1_left_2.MP4,3624,37.2505,WAI_MYS_Transect 5,2.002,215.595,18.135,19.85,4202.209,20.561,35.767,7.271,1357.394,579.218,-3934.532,WAI_MYS,Peter,Acanthuridae,Acanthurus,lineatus,37437010,1,AD,Passing,
WAI_MYS_CAM1_left_2.MP4,3633,37.2556,WAI_MYS_Transect 5,2.007,,2.109,3.983,1789.31,19.381,,,-339.728,-480.281,-1689.836,WAI_MYS,Peter,Pomacentridae,Pomacentrus,coelestis,37372111,1,AD,Passing,
WAI_MYS_CAM1_left_2.MP4,3672,37.2772,WAI_MYS_Transect 5,2.0287,,10.605,1.976,4500.805,21.104,,,-1612.419,-145.585,-4199.543,WAI_MYS,Peter,Acanthuridae,Acanthurus,lineatus,37437010,1,AD,Passing,
WAI_MYS_CAM1_left_2.MP4,3681,37.2822,WAI_MYS_Transect 5,2.0337,,13.67,0.837,4868.228,5.309,,,-345.731,307.918,-4846.164,WAI_MYS,Peter,Acanthuridae,Acanthurus,lineatus,37437010,1,AD,Passing,
WAI_MYS_CAM1_left_2.MP4,3691,37.2878,WAI_MYS_Transect 5,2.0393,,25.18,3.098,6495.137,14.366,,,1326.26,940.462,-6288.352,WAI_MYS,Peter,Acanthuridae,Acanthurus,lineatus,37437010,1,AD,Passing,
WAI_MYS_CAM1_left_2.MP4,3758,37.3251,WAI_MYS_Transect 5,2.0765,,15.271,1.607,5114.433,12.816,,,-1005.153,545.899,-4984.886,WAI_MYS,Peter,Acanthuridae,Acanthurus,lineatus,37437010,1,AD,Passing,
WAI_MYS_CAM1_left_2.MP4,3758,37.3251,WAI_MYS_Transect 5,2.0765,,14.582,0.87,5205.815,20.003,,,-1722.687,470.51,-4889.937,WAI_MYS,Peter,Acanthuridae,Acanthurus,lineatus,37437010,1,AD,Passing,
WAI_MYS_CAM1_left_2.MP4,3789,37.3423,WAI_MYS_Transect 5,2.0938,,16.388,6.711,5236.874,11.348,,,878.12,559.614,-5132.309,WAI_MYS,Peter,Acanthuridae,Acanthurus,nigrofuscus,37437014,1,AD,Passing,
WAI_MYS_CAM1_left_2.MP4,3789,37.3423,WAI_MYS_Transect 5,2.0938,,20.369,5.389,6237.545,22.132,,,2347.215,136.809,-5777.441,WAI_MYS,Peter,Acanthuridae,Ctenochaetus,striatus,37437022,1,AD,Passing,
WAI_MYS_CAM1_left_2.MP4,3831,37.3657,WAI_MYS_Transect 5,2.1171,,2.936,7.468,2190.545,21.661,,,777.276,-214.727,-2036.719,WAI_MYS,Peter,Pomacentridae,Pomacentrus,maafu,temp_code_005,1,AD,Passing,
WAI_MYS_CAM1_left_2.MP4,3881,37.3935,WAI_MYS_Transect 5,2.1449,196.052,16.908,8.181,4887.114,20.955,16.557,14.075,1734.844,-212.194,-4563.899,WAI_MYS,Peter,Acanthuridae,Ctenochaetus,binotatus,37437021,1,AD,Passing,
WAI_MYS_CAM1_left_2.MP4,3881,37.3935,WAI_MYS_Transect 5,2.1449,,13.56,1.504,4898.494,17.692,,,1481.827,-123.891,-4667.342,WAI_MYS,Peter,Lethrinidae,Lethrinus,semicinctus,37351016,1,AD,Passing,
WAI_MYS_CAM1_left_2.MP4,3941,37.4268,WAI_MYS_Transect 5,2.1783,98.006,5.868,2.863,2246.469,23.406,47.977,13.537,682.317,-575.161,-2061.615,WAI_MYS,Peter,Labridae,Thalassoma,nigrofasciatum,37384196,1,AD,Passing,
WAI_MYS_CAM1_left_2.MP4,4046,37.4852,WAI_MYS_Transect 5,2.2367,,10.029,1.682,4575.263,26.722,,,-1994.98,518.683,-4084.612,WAI_MYS,Peter,Acanthuridae,Acanthurus,sp,,1,AD,Passing,
WAI_MYS_CAM1_left_2.MP4,4046,37.4852,WAI_MYS_Transect 5,2.2367,,11.452,11.45,4478.719,19.282,,,-1280.53,756.687,-4224.523,WAI_MYS,Peter,Acanthuridae,Acanthurus,lineatus,37437010,1,AD,Passing,
WAI_MYS_CAM1_left_2.MP4,4073,37.5002,WAI_MYS_Transect 5,2.2517,201.991,14.665,14.771,4093.66,23.675,35.889,28.266,1504.694,661.798,-3749.13,WAI_MYS,Peter,Acanthuridae,Acanthurus,nigrofuscus,37437014,1,AD,Passing,
WAI_MYS_CAM1_left_2.MP4,4129,37.5314,WAI_MYS_Transect 5,2.2828,165.745,8.765,17.923,4545.935,2.192,10.998,14.696,-166.921,48.592,-4542.609,WAI_MYS,Peter,Acanthuridae,Acanthurus,sp,,1,AD,Passing,
WAI_MYS_CAM1_left_2.MP4,4129,37.5314,WAI_MYS_Transect 5,2.2828,149.322,2.862,14.455,3285.054,4.65,0.498,28.472,-83.829,-252.779,-3274.242,WAI_MYS,Peter,Acanthuridae,Ctenochaetus,sp,,1,AD,Passing,
WAI_MYS_CAM1_left_2.MP4,4129,37.5314,WAI_MYS_Transect 5,2.2828,171.379,9.447,17.138,3825.894,4.101,17.357,9.328,229.192,-149.438,-3816.098,WAI_MYS,Peter,Acanthuridae,Ctenochaetus,sp,,1,AD,Passing,
WAI_MYS_CAM1_left_2.MP4,4129,37.5314,WAI_MYS_Transect 5,2.2828,,10.883,1.695,4292.391,6.821,,,454.579,-213.888,-4262.89,WAI_MYS,Peter,Acanthuridae,Ctenochaetus,striatus,37437022,1,AD,Passing,
WAI_MYS_CAM1_left_2.MP4,4157,37.547,WAI_MYS_Transect 5,2.2984,,5.894,2.427,3340.825,25.105,,,1416.301,-44.705,-3025.427,WAI_MYS,Peter,Acanthuridae,Acanthurus,nigrofuscus,37437014,1,AD,Passing,
WAI_MYS_CAM1_left_2.MP4,4157,37.547,WAI_MYS_Transect 5,2.2984,,7.414,5.621,3595.403,16.136,,,-996.721,84.142,-3453.461,WAI_MYS,Peter,Chaetodontidae,Chaetodon,citrinellus,37365036,1,AD,Passing,
WAI_MYS_CAM1_left_2.MP4,4157,37.547,WAI_MYS_Transect 5,2.2984,,9.509,10.516,4037.329,12.265,,,-846.879,151.111,-3944.615,WAI_MYS,Peter,Pomacentridae,Chromis,margaritifer,37372047,1,AD,Passing,
WAI_MYS_CAM1_left_2.MP4,4157,37.547,WAI_MYS_Transect 5,2.2984,,10.545,9.021,4323.069,16.2,,,-1190.24,211.258,-4150.617,WAI_MYS,Peter,Pomacentridae,Chromis,margaritifer,37372047,1,AD,Passing,
WAI_MYS_CAM1_left_2.MP4,4157,37.547,WAI_MYS_Transect 5,2.2984,,9.771,8.835,4201.706,19.596,,,-1345.659,434.112,-3956.65,WAI_MYS,Peter,Pomacentridae,Chromis,margaritifer,37372047,1,AD,Passing,
WAI_MYS_CAM1_left_2.MP4,4157,37.547,WAI_MYS_Transect 5,2.2984,,4.573,3.401,2886.447,21.912,,,-1072.252,113.601,-2677.489,WAI_MYS,Peter,Pomacentridae,Chromis,margaritifer,37372047,1,AD,Passing,
WAI_MYS_CAM1_left_2.MP4,4157,37.547,WAI_MYS_Transect 5,2.2984,,5.541,5.262,3153.356,19.949,,,-1073.998,75.423,-2963.865,WAI_MYS,Peter,Pomacentridae,Chromis,margaritifer,37372047,1,AD,Passing,
WAI_MYS_CAM1_left_2.MP4,4157,37.547,WAI_MYS_Transect 5,2.2984,,5.223,5.082,3015.91,18.17,,,-940.495,10.454,-2865.497,WAI_MYS,Peter,Pomacentridae,Chromis,margaritifer,37372047,1,AD,Passing,
WAI_MYS_CAM1_left_2.MP4,4157,37.547,WAI_MYS_Transect 5,2.2984,,3.928,3.477,2591.51,18.83,,,-836.069,-15.375,-2452.891,WAI_MYS,Peter,Pomacentridae,Chromis,margaritifer,37372047,1,AD,Passing,
WAI_MYS_CAM1_left_2.MP4,4157,37.547,WAI_MYS_Transect 5,2.2984,,20.131,1.64,5901.202,22.593,,,-1258.364,1907.479,-5440.793,WAI_MYS,Peter,Pomacentridae,Chromis,xanthura,37372057,1,AD,Passing,
WAI_MYS_CAM1_left_2.MP4,4157,37.547,WAI_MYS_Transect 5,2.2984,,18.535,7.004,5609.599,21.065,,,-940.502,1804.228,-5227.602,WAI_MYS,Peter,Pomacentridae,Chromis,xanthura,37372057,1,AD,Passing,
WAI_MYS_CAM1_left_2.MP4,4157,37.547,WAI_MYS_Transect 5,2.2984,,13.838,1.312,4998.727,25.733,,,-1383.59,1689.968,-4496.327,WAI_MYS,Peter,Pomacentridae,Chromis,xanthura,37372057,1,AD,Passing,
WAI_MYS_CAM1_left_2.MP4,4187,37.5636,WAI_MYS_Transect 5,2.3151,191.597,15.921,15.483,3910.581,28.409,52.845,0.921,1850.974,-188.289,-3439.635,WAI_MYS,Peter,Chaetodontidae,Chaetodon,semelon,37365055,1,AD,Passing,
WAI_MYS_CAM1_left_2.MP4,4187,37.5636,WAI_MYS_Transect 5,2.3151,143.263,8.783,11.56,3506.747,26.308,12.212,4.227,1550.187,-111.392,-3143.531,WAI_MYS,Peter,Acanthuridae,Ctenochaetus,striatus,37437022,1,AD,Passing,
WAI_MYS_CAM1_left_2.MP4,4318,37.6365,WAI_MYS_Transect 5,2.3879,,4.438,1.422,2809.923,20.807,,,-991.251,127.645,-2626.175,WAI_MYS,Peter,Pomacentridae,Chromis,margaritifer,37372047,1,AD,Passing,
WAI_MYS_CAM1_left_2.MP4,4330,37.6432,WAI_MYS_Transect 5,2.3946,322.482,29.925,18.29,7499.547,19.669,1.879,11.629,-2452.176,598.695,-7061.983,WAI_MYS,Peter,Balistidae,Balistoides,viridescens,37465048,1,AD,Passing,
WAI_MYS_CAM1_left_2.MP4,4490,37.7321,WAI_MYS_Transect 5,2.4836,181.15,5.563,17.365,2660.136,24,34.164,38.999,1046.76,-273.781,-2430.157,WAI_MYS,Peter,Acanthuridae,Acanthurus,nigrofuscus,37437014,1,AD,Passing,
WAI_MYS_CAM1_left_2.MP4,4491,37.7327,WAI_MYS_Transect 5,2.4841,52.181,1.898,5.906,1477.292,18.37,26.967,3.651,-43.936,-463.483,-1402.014,WAI_MYS,Peter,Pomacentridae,Stegastes,lacrymatus,temp_code_006,1,AD,Passing,
WAI_MYS_CAM1_left_2.MP4,4502,37.7388,WAI_MYS_Transect 5,2.4903,30.182,1.954,11.053,1372.473,21.494,40.465,26.897,-281.628,-416.618,-1277.027,WAI_MYS,Peter,Pomacentridae,Dascyllus,reticulatus,37372074,1,AD,Passing,
WAI_MYS_CAM1_left_2.MP4,4517,37.7472,WAI_MYS_Transect 5,2.4986,188.864,17.634,10.583,4242.209,28.886,57.969,14.773,-1906.165,-752.379,-3714.405,WAI_MYS,Peter,Labridae,Halichoeres,hortulanus,37384112,1,AD,Passing,
WAI_MYS_CAM1_left_2.MP4,4529,37.7538,WAI_MYS_Transect 5,2.5053,,4.993,2.587,3131.619,27.364,,,1436.412,-81.768,-2781.56,WAI_MYS,Peter,Acanthuridae,Ctenochaetus,striatus,37437022,1,AD,Passing,
WAI_MYS_CAM1_left_2.MP4,4533,37.7561,WAI_MYS_Transect 5,2.5075,73.612,2.971,10.112,1832.779,23.747,31.328,16.286,-429.128,-600.496,-1677.597,WAI_MYS,Peter,Pomacentridae,Pomacentrus,moluccensis,37372118,1,AD,Passing,
WAI_MYS_CAM1_left_2.MP4,4581,37.7827,WAI_MYS_Transect 5,2.5342,59.916,2.338,7.206,1624.56,23.218,18.824,3.522,595.662,-235.294,-1492.99,WAI_MYS,Peter,Pomacentridae,Pomacentrus,callainus,temp_code_004,1,AD,Passing,
WAI_MYS_CAM1_left_2.MP4,4592,37.7889,WAI_MYS_Transect 5,2.5403,,24.338,13.486,6524.652,6.437,,,637.552,384.22,-6482.051,WAI_MYS,Peter,Serranidae,Plectropomus,sp,,1,AD,Passing,
WAI_MYS_CAM1_left_2.MP4,4599,37.7928,WAI_MYS_Transect 5,2.5442,151.396,6.526,3.051,3146.729,24.933,12.837,25.288,1267.51,-391.251,-2853.461,WAI_MYS,Peter,Acanthuridae,Ctenochaetus,striatus,37437022,1,AD,Passing,
WAI_MYS_CAM1_left_2.MP4,4617,37.8028,WAI_MYS_Transect 5,2.5542,185.801,6.409,8.906,2921.712,24.027,21.742,10.655,-1050.652,-558.024,-2668.547,WAI_MYS,Peter,Acanthuridae,Acanthurus,lineatus,37437010,1,AD,Passing,
WAI_MYS_CAM1_left_2.MP4,4629,37.8094,WAI_MYS_Transect 5,2.5609,44.874,1.533,7.783,1874.025,17.558,4.855,1.016,126.524,-551.006,-1786.716,WAI_MYS,Peter,Pomacentridae,Pomacentrus,maafu,temp_code_005,1,AD,Passing,
WAI_MYS_CAM1_left_2.MP4,4675,37.835,WAI_MYS_Transect 5,2.5865,93.265,2.514,4.009,2934.99,9.915,0.939,2.003,142.244,-484.941,-2891.153,WAI_MYS,Peter,Labridae,Thalassoma,hardwicke,37384165,1,AD,Passing,
