Filename,Frame,Time (mins),Period,Period time (mins),Length (mm),Precision (mm),RMS (mm),Range (mm),Direction (deg),Horz. Dir. (deg),Vert. Dir. (deg),Mid X (mm),Mid Y (mm),Mid Z (mm),OpCode,TapeReader,Family,Genus,Species,Code,Number,Stage,Activity,Comment
GX010044_L.MP4,27726,15.4187,YA_MAC_Transect 1,0.1335,52.904,2.521,1.337,1449.344,12.158,52.129,39.871,36.055,-303.112,-1416.835,YA_MAC,Peter,Pomacentridae,Dascyllus,aruanus,37372073,1,AD,Passing,
GX010044_L.MP4,27726,15.4187,YA_MAC_Transect 1,0.1335,31.692,1.926,3.004,1710.368,11.862,15.016,0.052,124.782,-328.695,-1673.842,YA_MAC,Peter,Pomacentridae,Dascyllus,aruanus,37372073,1,AD,Passing,
GX010044_L.MP4,27726,15.4187,YA_MAC_Transect 1,0.1335,47.765,1.269,1.552,1540.842,9.059,3.659,24.347,93.251,-223.966,-1521.624,YA_MAC,Peter,Pomacentridae,Dascyllus,aruanus,37372073,1,AD,Passing,
GX010044_L.MP4,27726,15.4187,YA_MAC_Transect 1,0.1335,58.866,5.406,3.258,1868.22,15.899,63.97,7.403,-449.705,-244.339,-1796.749,YA_MAC,Peter,Pomacentridae,Dascyllus,aruanus,37372073,1,AD,Passing,
GX010044_L.MP4,27726,15.4187,YA_MAC_Transect 1,0.1335,51.762,1.145,0.578,1259.314,10.92,13.653,6.651,-80.222,-224.675,-1236.51,YA_MAC,Peter,Pomacentridae,Pomacentrus,callainus,temp_code_004,1,AD,Passing,
GX010044_L.MP4,27726,15.4187,YA_MAC_Transect 1,0.1335,,3.552,14.215,2485.768,28.92,,,1035.545,609.194,-2176.136,YA_MAC,Peter,Pomacentridae,Amblyglyphidodon,curacao,37372017,1,AD,Passing,
GX010044_L.MP4,27726,15.4187,YA_MAC_Transect 1,0.1335,,1.283,1.201,1335.993,17.774,,,283.498,-293.914,-1272.053,YA_MAC,Peter,Pomacentridae,Chrysiptera,glauca,37372062,1,AD,Passing,
GX010044_L.MP4,27726,15.4187,YA_MAC_Transect 1,0.1335,,1.382,1.659,1392.056,17.439,,,290.836,-299.863,-1327.9,YA_MAC,Peter,Pomacentridae,Chrysiptera,glauca,37372062,1,AD,Passing,
GX010044_L.MP4,27726,15.4187,YA_MAC_Transect 1,0.1335,,1.371,4.244,1391.472,19.847,,,358.783,-308.102,-1308.641,YA_MAC,Peter,Pomacentridae,Chrysiptera,glauca,37372062,1,AD,Passing,
GX010044_L.MP4,27726,15.4187,YA_MAC_Transect 1,0.1335,52.252,1.211,1.49,1381.656,17.34,13.507,3.217,7.99,-411.713,-1318.864,YA_MAC,Peter,Pomacentridae,Pomacentrus,maafu,temp_code_005,1,AD,Passing,
GX010044_L.MP4,27726,15.4187,YA_MAC_Transect 1,0.1335,62.345,2.6,0.589,1568.223,11.476,30.956,14.034,-309.754,-37.356,-1536.874,YA_MAC,Peter,Pomacentridae,Chromis,margaritifer,37372047,1,AD,Passing,
GX010044_L.MP4,27726,15.4187,YA_MAC_Transect 1,0.1335,40.047,1.723,5.462,1348.59,22.186,27.618,1.299,320.696,-395.573,-1248.748,YA_MAC,Peter,Pomacentridae,Pomacentrus,moluccensis,37372118,1,AD,Passing,
GX010044_L.MP4,27726,15.4187,YA_MAC_Transect 1,0.1335,75.586,1.955,1.237,1643.13,2.616,21.452,39.077,-67.825,-31.974,-1641.418,YA_MAC,Peter,Pomacentridae,Amblyglyphidodon,orbicularis,temp_code_001,1,AD,Passing,
GX010044_L.MP4,27726,15.4187,YA_MAC_Transect 1,0.1335,90.556,2.528,0.298,2851.842,11.446,2.389,15.293,98.857,557.226,-2795.126,YA_MAC,Peter,Pomacentridae,Amblyglyphidodon,orbicularis,temp_code_001,1,AD,Passing,
GX010044_L.MP4,27726,15.4187,YA_MAC_Transect 1,0.1335,80.775,4.869,3.946,2353.647,18.149,33.327,37.336,577.729,451.378,-2236.546,YA_MAC,Peter,Pomacentridae,Amblyglyphidodon,orbicularis,temp_code_001,1,AD,Passing,
GX010044_L.MP4,27726,15.4187,YA_MAC_Transect 1,0.1335,86.846,7.836,6.543,2459.953,26.717,73.319,13.316,1048.829,350.88,-2197.319,YA_MAC,Peter,Pomacentridae,Amblyglyphidodon,orbicularis,temp_code_001,1,AD,Passing,
GX010044_L.MP4,27726,15.4187,YA_MAC_Transect 1,0.1335,41.435,1.415,13.112,1269.233,24.828,18.967,9.201,386.4,-367.036,-1151.925,YA_MAC,Peter,Pomacentridae,Amblyglyphidodon,orbicularis,temp_code_001,1,AD,Passing,
GX010044_L.MP4,27726,15.4187,YA_MAC_Transect 1,0.1335,,5.595,1.815,3046.927,20.641,,,963.153,473.755,-2851.606,YA_MAC,Peter,Pomacentridae,Amblyglyphidodon,orbicularis,temp_code_001,1,AD,Passing,
GX010044_L.MP4,27726,15.4187,YA_MAC_Transect 1,0.1335,,2.131,0.928,1783.706,17.55,,,524.169,119.54,-1700.754,YA_MAC,Peter,Pomacentridae,Amblyglyphidodon,orbicularis,temp_code_001,1,AD,Passing,
GX010044_L.MP4,27726,15.4187,YA_MAC_Transect 1,0.1335,,18.331,7.78,5624.721,16.575,,,1510.688,537.607,-5391.316,YA_MAC,Peter,Pomacentridae,Amblyglyphidodon,orbicularis,temp_code_001,1,AD,Passing,
GX010044_L.MP4,27726,15.4187,YA_MAC_Transect 1,0.1335,,1.892,0.882,1657.48,15.195,,,434.236,-14.284,-1599.523,YA_MAC,Peter,Pomacentridae,Amblyglyphidodon,orbicularis,temp_code_001,1,AD,Passing,
GX010044_L.MP4,27726,15.4187,YA_MAC_Transect 1,0.1335,,1.55,1.264,1484.404,13.011,,,135.487,-306.34,-1446.117,YA_MAC,Peter,Pomacentridae,Amblyglyphidodon,orbicularis,temp_code_001,1,AD,Passing,
GX010044_L.MP4,27996,15.5689,YA_MAC_Transect 1,0.2836,,4.461,5.626,2833.97,28.874,,,1241.803,-576.517,-2481.318,YA_MAC,Peter,Pomacentridae,Amblyglyphidodon,orbicularis,temp_code_001,1,AD,Passing,
GX010044_L.MP4,27996,15.5689,YA_MAC_Transect 1,0.2836,,6.555,0.85,3460.875,27.481,,,1481.02,-599.308,-3070.027,YA_MAC,Peter,Pomacentridae,Amblyglyphidodon,orbicularis,temp_code_001,1,AD,Passing,
GX010044_L.MP4,27996,15.5689,YA_MAC_Transect 1,0.2836,,5.191,11.307,3118.445,29.419,,,1454.422,-482.11,-2716.049,YA_MAC,Peter,Pomacentridae,Amblyglyphidodon,orbicularis,temp_code_001,1,AD,Passing,
GX010044_L.MP4,28033,15.5895,YA_MAC_Transect 1,0.3042,,5.599,4.039,3107.993,24.702,,,1159.888,-586.142,-2823.246,YA_MAC,Peter,Pomacentridae,Pomacentrus,brachialis,37372109,1,AD,Passing,
GX010044_L.MP4,28033,15.5895,YA_MAC_Transect 1,0.3042,,5.728,1.145,3133.478,23.154,,,1132.084,-487.928,-2880.798,YA_MAC,Peter,Pomacentridae,Amblyglyphidodon,orbicularis,temp_code_001,1,AD,Passing,
GX010044_L.MP4,28033,15.5895,YA_MAC_Transect 1,0.3042,,7.995,2.54,3601.356,16.713,,,801.697,-657.651,-3448.846,YA_MAC,Peter,Pomacentridae,Amblyglyphidodon,orbicularis,temp_code_001,1,AD,Passing,
GX010044_L.MP4,28033,15.5895,YA_MAC_Transect 1,0.3042,,4.652,1.999,2932.013,29.248,,,1351.573,-476.377,-2557.932,YA_MAC,Peter,Pomacentridae,Amblyglyphidodon,orbicularis,temp_code_001,1,AD,Passing,
GX010044_L.MP4,28033,15.5895,YA_MAC_Transect 1,0.3042,,11.663,1.836,4481.97,5.342,,,405.905,-99.441,-4462.444,YA_MAC,Peter,Pomacentridae,Amblyglyphidodon,orbicularis,temp_code_001,1,AD,Passing,
GX010044_L.MP4,28033,15.5895,YA_MAC_Transect 1,0.3042,,8.597,1.867,3830.961,5.615,,,-358.849,-110.422,-3812.519,YA_MAC,Peter,Pomacentridae,Amblyglyphidodon,orbicularis,temp_code_001,1,AD,Passing,
GX010044_L.MP4,28033,15.5895,YA_MAC_Transect 1,0.3042,,6.422,3.25,3387.112,19.08,,,-1106.392,-44.263,-3201.01,YA_MAC,Peter,Pomacentridae,Amblyglyphidodon,orbicularis,temp_code_001,1,AD,Passing,
GX010044_L.MP4,28090,15.6212,YA_MAC_Transect 1,0.3359,81.099,7.342,2.421,2668.106,22.636,40.597,15.729,-1017.339,139.757,-2462.576,YA_MAC,Peter,Pomacentridae,Amblyglyphidodon,orbicularis,temp_code_001,1,AD,Passing,
GX010044_L.MP4,28090,15.6212,YA_MAC_Transect 1,0.3359,,4.479,1.812,2760.758,18.17,,,-849.693,137.017,-2623.173,YA_MAC,Peter,Pomacentridae,Amblyglyphidodon,orbicularis,temp_code_001,1,AD,Passing,
GX010044_L.MP4,28090,15.6212,YA_MAC_Transect 1,0.3359,,6.249,1.354,3220.49,10.029,,,-531.994,175.621,-3171.387,YA_MAC,Peter,Pomacentridae,Amblyglyphidodon,orbicularis,temp_code_001,1,AD,Passing,
GX010044_L.MP4,28127,15.6417,YA_MAC_Transect 1,0.3565,55.689,5.003,2.31,1977.068,19.103,48.904,9.628,-170.244,-624.23,-1868.195,YA_MAC,Peter,Pomacentridae,Dascyllus,aruanus,37372073,1,AD,Passing,
GX010044_L.MP4,28127,15.6417,YA_MAC_Transect 1,0.3565,,3.049,0.229,2173.007,17.337,,,9.916,-648.689,-2073.9,YA_MAC,Peter,Pomacentridae,Dascyllus,aruanus,37372073,1,AD,Passing,
GX010044_L.MP4,28127,15.6417,YA_MAC_Transect 1,0.3565,,4.559,3.875,2691.716,15.972,,,-141.288,-728.572,-2587.384,YA_MAC,Peter,Pomacentridae,Dascyllus,aruanus,37372073,1,AD,Passing,
GX010044_L.MP4,28127,15.6417,YA_MAC_Transect 1,0.3565,,3.341,1.505,2287.262,18.142,,,-170.908,-692.661,-2173.15,YA_MAC,Peter,Pomacentridae,Dascyllus,aruanus,37372073,1,AD,Passing,
GX010044_L.MP4,28127,15.6417,YA_MAC_Transect 1,0.3565,,2.599,1.073,2006.528,20.212,,,-318.517,-616.846,-1882.605,YA_MAC,Peter,Pomacentridae,Pomacentrus,moluccensis,37372118,1,AD,Passing,
GX010044_L.MP4,28140,15.649,YA_MAC_Transect 1,0.3637,88.4,6.489,4.564,2260.089,25.644,66.646,8.105,-949.117,236.423,-2037.469,YA_MAC,Peter,Pomacentridae,Amblyglyphidodon,orbicularis,temp_code_001,1,AD,Passing,
GX010044_L.MP4,28140,15.649,YA_MAC_Transect 1,0.3637,,4.529,8.068,2841.288,25.656,,,-1080.177,587.165,-2561.517,YA_MAC,Peter,Pomacentridae,Chromis,ternatensis,37372051,1,AD,Passing,
GX010044_L.MP4,28140,15.649,YA_MAC_Transect 1,0.3637,,6.751,11.673,3640.55,29.673,,,-1663.261,692.131,-3163.561,YA_MAC,Peter,Pomacentridae,Chromis,ternatensis,37372051,1,AD,Passing,
GX010044_L.MP4,28140,15.649,YA_MAC_Transect 1,0.3637,,5.225,4.87,3128.034,26.628,,,-1314.652,485.416,-2796.544,YA_MAC,Peter,Pomacentridae,Chromis,ternatensis,37372051,1,AD,Passing,
GX010044_L.MP4,28140,15.649,YA_MAC_Transect 1,0.3637,,3.871,1.299,2445.268,13.166,,,409.584,-378.844,-2380.768,YA_MAC,Peter,Pomacentridae,Chromis,ternatensis,37372051,1,AD,Passing,
GX010044_L.MP4,28140,15.649,YA_MAC_Transect 1,0.3637,,3.969,4.102,2499.308,5.733,,,184.69,-169.476,-2486.706,YA_MAC,Peter,Pomacentridae,Chromis,ternatensis,37372051,1,AD,Passing,
GX010044_L.MP4,28160,15.6601,YA_MAC_Transect 1,0.3748,70.485,4.336,2.665,2140.413,23.261,40.557,30.927,-831.971,149.393,-1966.437,YA_MAC,Peter,Pomacentridae,Amblyglyphidodon,orbicularis,temp_code_001,1,AD,Passing,
GX010044_L.MP4,28160,15.6601,YA_MAC_Transect 1,0.3748,,6.111,5.157,3181.803,6.968,,,-364.497,125.19,-3158.376,YA_MAC,Peter,Pomacentridae,Amblyglyphidodon,orbicularis,temp_code_001,1,AD,Passing,
GX010044_L.MP4,28160,15.6601,YA_MAC_Transect 1,0.3748,60.686,2.131,6.176,1951.652,5.639,13.214,36.551,-165.707,-96.545,-1942.206,YA_MAC,Peter,Pomacentridae,Chromis,ternatensis,37372051,1,AD,Passing,
GX010044_L.MP4,28160,15.6601,YA_MAC_Transect 1,0.3748,51.707,2.545,6.242,2229.79,5.371,12.105,35.55,183.21,-99.989,-2220,YA_MAC,Peter,Pomacentridae,Chromis,ternatensis,37372051,1,AD,Passing,
GX010044_L.MP4,28160,15.6601,YA_MAC_Transect 1,0.3748,55.876,4.004,3.332,2105.318,11.735,24.894,3.155,329.081,-273.949,-2061.315,YA_MAC,Peter,Pomacentridae,Chromis,ternatensis,37372051,1,AD,Passing,
GX010044_L.MP4,28160,15.6601,YA_MAC_Transect 1,0.3748,,7.088,2.567,3429.067,11.413,,,-576.099,356.515,-3361.474,YA_MAC,Peter,Pomacentridae,Chromis,ternatensis,37372051,1,AD,Passing,
GX010044_L.MP4,28200,15.6823,YA_MAC_Transect 1,0.3971,,2.269,2.994,1845.831,15.613,,,-94.872,-488.693,-1777.434,YA_MAC,Peter,Pomacentridae,Pomacentrus,callainus,temp_code_004,1,AD,Passing,
GX010044_L.MP4,28200,15.6823,YA_MAC_Transect 1,0.3971,,1.807,0.665,1637.24,18.864,,,-244.157,-470.581,-1549.031,YA_MAC,Peter,Pomacentridae,Pomacentrus,callainus,temp_code_004,1,AD,Passing,
GX010044_L.MP4,28200,15.6823,YA_MAC_Transect 1,0.3971,51.013,1.943,2.382,1702.422,18.51,17.666,15.978,-138.012,-522.539,-1614.356,YA_MAC,Peter,Pomacentridae,Pomacentrus,maafu,temp_code_005,1,AD,Passing,
GX010044_L.MP4,28200,15.6823,YA_MAC_Transect 1,0.3971,,3.705,0.532,2395.477,16.095,,,216.844,-629.026,-2301.221,YA_MAC,Peter,Pomacentridae,Pomacentrus,maafu,temp_code_005,1,AD,Passing,
GX010044_L.MP4,28200,15.6823,YA_MAC_Transect 1,0.3971,32.264,2.236,2.294,1850.546,17.955,14.825,33.326,-361.121,-441.614,-1760.424,YA_MAC,Peter,Pomacentridae,Pomacentrus,moluccensis,37372118,1,AD,Passing,
GX010044_L.MP4,28200,15.6823,YA_MAC_Transect 1,0.3971,25.389,2.298,9.346,1678.21,21.98,21.265,7.28,-443.367,-444.932,-1556.23,YA_MAC,Peter,Pomacentridae,Pomacentrus,moluccensis,37372118,1,AD,Passing,
GX010044_L.MP4,28203,15.684,YA_MAC_Transect 1,0.3987,,3.325,10.336,2436.64,28.169,,,-1008.489,552.009,-2148.36,YA_MAC,Peter,Pomacentridae,Amblyglyphidodon,orbicularis,temp_code_001,1,AD,Passing,
GX010044_L.MP4,28203,15.684,YA_MAC_Transect 1,0.3987,,3.51,7.927,2530.856,28.719,,,-1095.784,526.129,-2219.837,YA_MAC,Peter,Pomacentridae,Amblyglyphidodon,orbicularis,temp_code_001,1,AD,Passing,
GX010044_L.MP4,28203,15.684,YA_MAC_Transect 1,0.3987,,3.126,2.307,2318.204,25.249,,,-881.022,447.79,-2096.987,YA_MAC,Peter,Pomacentridae,Amblyglyphidodon,orbicularis,temp_code_001,1,AD,Passing,
GX010044_L.MP4,28203,15.684,YA_MAC_Transect 1,0.3987,,5.69,2.631,3083.868,20.355,,,-822.519,686.855,-2891.701,YA_MAC,Peter,Pomacentridae,Amblyglyphidodon,orbicularis,temp_code_001,1,AD,Passing,
GX010044_L.MP4,28203,15.684,YA_MAC_Transect 1,0.3987,,4.597,2.491,2784.103,22.411,,,-848.294,636.485,-2574.202,YA_MAC,Peter,Pomacentridae,Amblyglyphidodon,orbicularis,temp_code_001,1,AD,Passing,
GX010044_L.MP4,28203,15.684,YA_MAC_Transect 1,0.3987,,3.265,19.23,2434.337,30.683,,,-1051.287,660.484,-2093.932,YA_MAC,Peter,Pomacentridae,Amblyglyphidodon,orbicularis,temp_code_001,1,AD,Passing,
GX010044_L.MP4,28251,15.7107,YA_MAC_Transect 1,0.4254,,3.161,1.882,2201.641,10.02,,,47.018,-381.437,-2167.838,YA_MAC,Peter,Pomacentridae,Dascyllus,aruanus,37372073,1,AD,Passing,
GX010044_L.MP4,28251,15.7107,YA_MAC_Transect 1,0.4254,,3.045,0.268,2161.155,8.895,,,-120.641,-312.863,-2134.983,YA_MAC,Peter,Pomacentridae,Dascyllus,aruanus,37372073,1,AD,Passing,
GX010044_L.MP4,28251,15.7107,YA_MAC_Transect 1,0.4254,75.522,3.569,2.945,2047.691,9.996,40.646,51.459,-348.453,-70.098,-2016.607,YA_MAC,Peter,Pomacentridae,Amblyglyphidodon,orbicularis,temp_code_001,1,AD,Passing,
GX010044_L.MP4,28251,15.7107,YA_MAC_Transect 1,0.4254,75.867,6.383,8.282,2497.25,25.091,46.571,23.819,-937.224,493.005,-2261.596,YA_MAC,Peter,Pomacentridae,Amblyglyphidodon,orbicularis,temp_code_001,1,AD,Passing,
GX010044_L.MP4,28251,15.7107,YA_MAC_Transect 1,0.4254,,2.537,2.583,1947.142,14.423,,,217.869,-434.403,-1885.521,YA_MAC,Peter,Pomacentridae,Amblyglyphidodon,orbicularis,temp_code_001,1,AD,Passing,
GX010044_L.MP4,28251,15.7107,YA_MAC_Transect 1,0.4254,,6.956,2.11,3562.769,24.872,,,-1333.543,681.593,-3232.711,YA_MAC,Peter,Pomacentridae,Amblyglyphidodon,orbicularis,temp_code_001,1,AD,Passing,
GX010044_L.MP4,28251,15.7107,YA_MAC_Transect 1,0.4254,,1.828,0.553,1645.454,18.223,,,-237.467,-457.403,-1562.661,YA_MAC,Peter,Pomacentridae,Chromis,viridis,37372053,1,AD,Passing,
GX010044_L.MP4,28251,15.7107,YA_MAC_Transect 1,0.4254,,1.691,0.415,1573.946,16.948,,,-122.631,-442.989,-1505.333,YA_MAC,Peter,Pomacentridae,Chromis,viridis,37372053,1,AD,Passing,
GX010044_L.MP4,28251,15.7107,YA_MAC_Transect 1,0.4254,,1.903,1.501,1672.04,15.386,,,-241.498,-373.064,-1611.899,YA_MAC,Peter,Pomacentridae,Chromis,viridis,37372053,1,AD,Passing,
GX010044_L.MP4,28251,15.7107,YA_MAC_Transect 1,0.4254,,1.957,0.007,1696.09,13.949,,,-161.788,-376.437,-1645.855,YA_MAC,Peter,Pomacentridae,Chromis,viridis,37372053,1,AD,Passing,
GX010044_L.MP4,28251,15.7107,YA_MAC_Transect 1,0.4254,,1.769,2.628,1604.373,13.747,,,-110.14,-365.91,-1558.201,YA_MAC,Peter,Pomacentridae,Chromis,viridis,37372053,1,AD,Passing,
GX010044_L.MP4,28251,15.7107,YA_MAC_Transect 1,0.4254,,1.726,1.798,1594.824,17.417,,,24.385,-477.637,-1521.424,YA_MAC,Peter,Pomacentridae,Chromis,viridis,37372053,1,AD,Passing,
GX010044_L.MP4,28302,15.7391,YA_MAC_Transect 1,0.4538,39.386,2.322,4.735,1418.518,19.179,42.902,15.444,-106.186,-453.749,-1339.787,YA_MAC,Peter,Pomacentridae,Dascyllus,aruanus,37372073,1,AD,Passing,
GX010044_L.MP4,28325,15.7518,YA_MAC_Transect 1,0.4666,87.574,4.743,16.806,1862.816,26.302,87.815,9.749,-705.905,-427.819,-1669.956,YA_MAC,Peter,Chaetodontidae,Chaetodon,baronessa,37365034,1,AD,Passing,
GX010044_L.MP4,28349,15.7652,YA_MAC_Transect 1,0.4799,,2.603,2.399,1982.13,11.018,,,-196.423,-325.04,-1945.407,YA_MAC,Peter,Pomacentridae,Dascyllus,aruanus,37372073,1,AD,Passing,
GX010044_L.MP4,28349,15.7652,YA_MAC_Transect 1,0.4799,,3.687,0.898,2384.822,14.157,,,222.003,-540.745,-2312.073,YA_MAC,Peter,Pomacentridae,Dascyllus,aruanus,37372073,1,AD,Passing,
GX010044_L.MP4,28349,15.7652,YA_MAC_Transect 1,0.4799,,5.439,7.288,2952.414,13.739,,,-53.881,-700.79,-2867.532,YA_MAC,Peter,Pomacentridae,Dascyllus,aruanus,37372073,1,AD,Passing,
GX010044_L.MP4,28349,15.7652,YA_MAC_Transect 1,0.4799,,3.97,0.348,2504.148,5.395,,,58.51,-229.53,-2492.92,YA_MAC,Peter,Pomacentridae,Pomacentrus,callainus,temp_code_004,1,AD,Passing,
GX010044_L.MP4,28349,15.7652,YA_MAC_Transect 1,0.4799,,3.039,4.509,2162.213,6.832,,,-147.946,-211.664,-2146.736,YA_MAC,Peter,Pomacentridae,Pomacentrus,callainus,temp_code_004,1,AD,Passing,
GX010044_L.MP4,28349,15.7652,YA_MAC_Transect 1,0.4799,70.687,3.773,2.252,1865.451,9.96,39.044,31.533,-264.587,-184.659,-1837.336,YA_MAC,Peter,Pomacentridae,Neoglyphidodon,carlsoni,temp_code_008,1,AD,Passing,
GX010044_L.MP4,28349,15.7652,YA_MAC_Transect 1,0.4799,,6.534,1.771,3260.965,12.408,,,660.016,-237.129,-3184.658,YA_MAC,Peter,Pomacentridae,Amblyglyphidodon,curacao,37372017,1,AD,Passing,
GX010044_L.MP4,28349,15.7652,YA_MAC_Transect 1,0.4799,,4.301,6.217,2594.866,16.15,,,224.425,-687.444,-2492.064,YA_MAC,Peter,Pomacentridae,Pomacentrus,moluccensis,37372118,1,AD,Passing,
GX010044_L.MP4,28349,15.7652,YA_MAC_Transect 1,0.4799,88.961,5.955,7.777,2219.922,23.453,61.621,23.191,-863.508,-186.935,-2036.532,YA_MAC,Peter,Pomacentridae,Amblyglyphidodon,orbicularis,temp_code_001,1,AD,Passing,
GX010044_L.MP4,28349,15.7652,YA_MAC_Transect 1,0.4799,77.251,4.733,5.211,2840.686,6.935,14.425,3.939,-253.779,-230.729,-2819.904,YA_MAC,Peter,Pomacentridae,Amblyglyphidodon,orbicularis,temp_code_001,1,AD,Passing,
GX010044_L.MP4,28349,15.7652,YA_MAC_Transect 1,0.4799,,7.406,2.463,3549.087,11.927,,,-728.705,81.681,-3472.511,YA_MAC,Peter,Pomacentridae,Amblyglyphidodon,orbicularis,temp_code_001,1,AD,Passing,
GX010044_L.MP4,28349,15.7652,YA_MAC_Transect 1,0.4799,,11.974,1.637,4703.832,21.197,,,-1617.718,522.441,-4385.896,YA_MAC,Peter,Pomacentridae,Amblyglyphidodon,orbicularis,temp_code_001,1,AD,Passing,
GX010044_L.MP4,28349,15.7652,YA_MAC_Transect 1,0.4799,,11.574,0.655,4492.571,15.48,,,-1111.47,447.345,-4329.863,YA_MAC,Peter,Pomacentridae,Amblyglyphidodon,orbicularis,temp_code_001,1,AD,Passing,
GX010044_L.MP4,28349,15.7652,YA_MAC_Transect 1,0.4799,,14.117,3.339,4948.586,13.521,,,-1044.439,494.931,-4811.725,YA_MAC,Peter,Pomacentridae,Amblyglyphidodon,orbicularis,temp_code_001,1,AD,Passing,
GX010044_L.MP4,28349,15.7652,YA_MAC_Transect 1,0.4799,68.808,4.218,2.589,1591.743,12.169,67.839,10.279,-224.227,-249.606,-1555.977,YA_MAC,Peter,Pomacentridae,Chromis,ternatensis,37372051,1,AD,Passing,
GX010044_L.MP4,28349,15.7652,YA_MAC_Transect 1,0.4799,,4.043,2.227,2515.135,8.602,,,327.413,-186.675,-2486.737,YA_MAC,Peter,Pomacentridae,Chromis,ternatensis,37372051,1,AD,Passing,
GX010044_L.MP4,28349,15.7652,YA_MAC_Transect 1,0.4799,,4.443,1.061,2665.6,4.742,,,78.941,-207.274,-2656.356,YA_MAC,Peter,Pomacentridae,Chromis,ternatensis,37372051,1,AD,Passing,
GX010044_L.MP4,28349,15.7652,YA_MAC_Transect 1,0.4799,,5.943,0.78,3135.949,2.489,,,135.223,14.457,-3132.999,YA_MAC,Peter,Pomacentridae,Chromis,ternatensis,37372051,1,AD,Passing,
GX010044_L.MP4,28349,15.7652,YA_MAC_Transect 1,0.4799,,5.9,4.629,3092.82,9.079,,,476.079,-109.039,-3054.013,YA_MAC,Peter,Pomacentridae,Chromis,ternatensis,37372051,1,AD,Passing,
GX010044_L.MP4,28349,15.7652,YA_MAC_Transect 1,0.4799,,3.309,0.379,2274.209,2.477,,,-97.486,11.341,-2272.091,YA_MAC,Peter,Pomacentridae,Chromis,ternatensis,37372051,1,AD,Passing,
GX010044_L.MP4,28349,15.7652,YA_MAC_Transect 1,0.4799,,4.135,1.388,2666.326,20.724,,,-906.906,258.849,-2493.956,YA_MAC,Peter,Pomacentridae,Chromis,ternatensis,37372051,1,AD,Passing,
GX010044_L.MP4,28349,15.7652,YA_MAC_Transect 1,0.4799,,4.01,1.555,2535.054,10.403,,,-457.733,1.415,-2493.386,YA_MAC,Peter,Pomacentridae,Chromis,viridis,37372053,1,AD,Passing,
GX010044_L.MP4,28349,15.7652,YA_MAC_Transect 1,0.4799,,5.005,6.141,2981.139,23.875,,,1200.391,-123.762,-2725.974,YA_MAC,Peter,Pomacentridae,Chromis,viridis,37372053,1,AD,Passing,
GX010044_L.MP4,28349,15.7652,YA_MAC_Transect 1,0.4799,,5.379,3.498,2963.967,14.981,,,762.836,-73.346,-2863.181,YA_MAC,Peter,Pomacentridae,Chromis,viridis,37372053,1,AD,Passing,
GX010044_L.MP4,28349,15.7652,YA_MAC_Transect 1,0.4799,,4.999,5.051,2827.409,10.667,,,514.298,-98.481,-2778.496,YA_MAC,Peter,Pomacentridae,Chromis,viridis,37372053,1,AD,Passing,
GX010044_L.MP4,28349,15.7652,YA_MAC_Transect 1,0.4799,,3.839,1.817,2459.178,4.261,,,167.228,-75.103,-2452.336,YA_MAC,Peter,Pomacentridae,Chromis,viridis,37372053,1,AD,Passing,
GX010044_L.MP4,28349,15.7652,YA_MAC_Transect 1,0.4799,,3.773,1.877,2445.859,1.187,,,-16.765,-49.249,-2445.306,YA_MAC,Peter,Pomacentridae,Chromis,viridis,37372053,1,AD,Passing,
GX010044_L.MP4,28349,15.7652,YA_MAC_Transect 1,0.4799,,3.299,3.41,2270.017,1.354,,,-42.297,-34.308,-2269.363,YA_MAC,Peter,Pomacentridae,Chromis,viridis,37372053,1,AD,Passing,
GX010044_L.MP4,28349,15.7652,YA_MAC_Transect 1,0.4799,,3.385,1.768,2302.435,4.016,,,-159.997,-21.539,-2296.768,YA_MAC,Peter,Pomacentridae,Chromis,viridis,37372053,1,AD,Passing,
GX010044_L.MP4,28349,15.7652,YA_MAC_Transect 1,0.4799,,4.744,4.336,2777.937,1.965,,,-89.004,32.356,-2776.322,YA_MAC,Peter,Pomacentridae,Chromis,viridis,37372053,1,AD,Passing,
GX010044_L.MP4,28349,15.7652,YA_MAC_Transect 1,0.4799,,4.921,7.008,2828.783,2.112,,,99.444,29.563,-2826.88,YA_MAC,Peter,Pomacentridae,Chromis,viridis,37372053,1,AD,Passing,
GX010044_L.MP4,28349,15.7652,YA_MAC_Transect 1,0.4799,,5.212,4.396,2913.442,3.536,,,168.83,59.84,-2907.931,YA_MAC,Peter,Pomacentridae,Chromis,viridis,37372053,1,AD,Passing,
GX010044_L.MP4,28349,15.7652,YA_MAC_Transect 1,0.4799,,5.798,6.454,3071.48,6.536,,,327.327,121.116,-3051.586,YA_MAC,Peter,Pomacentridae,Chromis,viridis,37372053,1,AD,Passing,
GX010044_L.MP4,28349,15.7652,YA_MAC_Transect 1,0.4799,,5.162,1.819,2887.885,5.431,,,173.237,209.707,-2875.046,YA_MAC,Peter,Pomacentridae,Chromis,viridis,37372053,1,AD,Passing,
GX010044_L.MP4,28349,15.7652,YA_MAC_Transect 1,0.4799,,6.449,3.415,3246.975,6.807,,,269.315,273.001,-3224.25,YA_MAC,Peter,Pomacentridae,Chromis,viridis,37372053,1,AD,Passing,
GX010044_L.MP4,28349,15.7652,YA_MAC_Transect 1,0.4799,,5.137,1.315,2890.914,3.533,,,102.828,143.763,-2885.505,YA_MAC,Peter,Pomacentridae,Chromis,viridis,37372053,1,AD,Passing,
GX010044_L.MP4,28349,15.7652,YA_MAC_Transect 1,0.4799,,4.142,1.208,2573.402,4.546,,,-177.873,98.322,-2565.363,YA_MAC,Peter,Pomacentridae,Chromis,viridis,37372053,1,AD,Passing,
GX010044_L.MP4,28349,15.7652,YA_MAC_Transect 1,0.4799,,5.429,4.714,2983.624,4.829,,,-192.014,160.181,-2973.127,YA_MAC,Peter,Pomacentridae,Chromis,viridis,37372053,1,AD,Passing,
GX010044_L.MP4,28349,15.7652,YA_MAC_Transect 1,0.4799,,5.561,4.33,3022.379,3.817,,,-54.985,191.794,-3015.787,YA_MAC,Peter,Pomacentridae,Chromis,viridis,37372053,1,AD,Passing,
GX010044_L.MP4,28349,15.7652,YA_MAC_Transect 1,0.4799,,6.614,1.154,3312.815,5.347,,,-101.891,289.479,-3298.57,YA_MAC,Peter,Pomacentridae,Chromis,viridis,37372053,1,AD,Passing,
GX010044_L.MP4,28349,15.7652,YA_MAC_Transect 1,0.4799,,5.888,10.335,3109.486,5.619,,,-123.996,276.23,-3094.709,YA_MAC,Peter,Pomacentridae,Chromis,viridis,37372053,1,AD,Passing,
GX010044_L.MP4,28349,15.7652,YA_MAC_Transect 1,0.4799,,6.523,5.529,3271.502,8.002,,,-205.587,404.476,-3239.886,YA_MAC,Peter,Pomacentridae,Chromis,viridis,37372053,1,AD,Passing,
GX010044_L.MP4,28349,15.7652,YA_MAC_Transect 1,0.4799,,6.007,2.525,3145.2,6.202,,,-244.816,233.787,-3126.93,YA_MAC,Peter,Pomacentridae,Chromis,viridis,37372053,1,AD,Passing,
GX010044_L.MP4,28349,15.7652,YA_MAC_Transect 1,0.4799,,5.187,5.268,2899.474,7.3,,,-258.889,260.468,-2876.123,YA_MAC,Peter,Pomacentridae,Chromis,viridis,37372053,1,AD,Passing,
GX010044_L.MP4,28349,15.7652,YA_MAC_Transect 1,0.4799,,5.277,0.193,3035.819,21.276,,,-1022.445,408.261,-2829.156,YA_MAC,Peter,Pomacentridae,Chromis,viridis,37372053,1,AD,Passing,
GX010044_L.MP4,28349,15.7652,YA_MAC_Transect 1,0.4799,,3.636,1.753,2444.598,17.599,,,-712.189,196.378,-2330.296,YA_MAC,Peter,Pomacentridae,Chromis,viridis,37372053,1,AD,Passing,
GX010044_L.MP4,28349,15.7652,YA_MAC_Transect 1,0.4799,,10.266,2.319,4247.203,17.962,,,-1203.43,514.641,-4040.499,YA_MAC,Peter,Pomacentridae,Chromis,viridis,37372053,1,AD,Passing,
GX010044_L.MP4,28349,15.7652,YA_MAC_Transect 1,0.4799,,6.036,2.65,3210.388,18.661,,,-929.097,436.315,-3041.874,YA_MAC,Peter,Pomacentridae,Chromis,viridis,37372053,1,AD,Passing,
GX010044_L.MP4,28349,15.7652,YA_MAC_Transect 1,0.4799,,8.059,1.687,3699.128,17.314,,,-934.624,579.704,-3531.851,YA_MAC,Peter,Pomacentridae,Chromis,viridis,37372053,1,AD,Passing,
GX010044_L.MP4,28349,15.7652,YA_MAC_Transect 1,0.4799,,6.649,11.318,3308.149,14.697,,,-652.932,525.468,-3200.221,YA_MAC,Peter,Pomacentridae,Chromis,viridis,37372053,1,AD,Passing,
GX010044_L.MP4,28349,15.7652,YA_MAC_Transect 1,0.4799,,7.87,7.537,3651.769,16.715,,,-903.086,534.217,-3497.78,YA_MAC,Peter,Pomacentridae,Chromis,viridis,37372053,1,AD,Passing,
GX010044_L.MP4,28349,15.7652,YA_MAC_Transect 1,0.4799,,4.782,2.416,2938.665,25,,,-1143.795,482.287,-2663.622,YA_MAC,Peter,Pomacentridae,Chromis,viridis,37372053,1,AD,Passing,
GX010044_L.MP4,28349,15.7652,YA_MAC_Transect 1,0.4799,,5.781,2.733,3219.421,23.053,,,-1167.872,473.032,-2962.598,YA_MAC,Peter,Pomacentridae,Chromis,viridis,37372053,1,AD,Passing,
GX010044_L.MP4,28393,15.7897,YA_MAC_Transect 1,0.5044,56.705,3.802,3.15,1519.2,18.246,85.06,9.834,-154.348,-449.927,-1442.813,YA_MAC,Peter,Pomacentridae,Dascyllus,aruanus,37372073,1,AD,Passing,
GX010044_L.MP4,28393,15.7897,YA_MAC_Transect 1,0.5044,93.874,2.956,4.737,1523.174,17.98,47.235,10.709,-260.056,-391.715,-1448.789,YA_MAC,Peter,Pomacentridae,Pomacentrus,callainus,temp_code_004,1,AD,Passing,
GX010044_L.MP4,28413,15.8008,YA_MAC_Transect 1,0.5155,82.583,2.749,1.231,2205.316,18.491,11.989,24.133,318.356,-622.78,-2091.462,YA_MAC,Peter,Pomacentridae,Amblyglyphidodon,curacao,37372017,1,AD,Passing,
GX010044_L.MP4,28457,15.8253,YA_MAC_Transect 1,0.54,116.366,4.847,10.507,2301.832,20.907,31.658,3.878,-295.477,-766.415,-2150.287,YA_MAC,Peter,Acanthuridae,Acanthurus,sp,,1,AD,Passing,
GX010044_L.MP4,28457,15.8253,YA_MAC_Transect 1,0.54,180.975,7.412,4.055,2796.091,20.855,33.922,10.95,79.359,-992.238,-2612.908,YA_MAC,Peter,Acanthuridae,Ctenochaetus,striatus,37437022,1,AD,Passing,
GX010044_L.MP4,28490,15.8436,YA_MAC_Transect 1,0.5583,51.506,3.272,3.603,1737.712,11.752,33.296,10.042,-245.399,-255.027,-1701.289,YA_MAC,Peter,Pomacentridae,Chromis,viridis,37372053,1,AD,Passing,
GX010044_L.MP4,28511,15.8553,YA_MAC_Transect 1,0.57,,2.847,6.829,2151.513,20.986,,,-686.234,-351.593,-2008.6,YA_MAC,Peter,Pomacentridae,Dascyllus,aruanus,37372073,1,AD,Passing,
GX010044_L.MP4,28511,15.8553,YA_MAC_Transect 1,0.57,,2.927,7.744,2228.406,23.196,,,-829.656,-287.615,-2048.107,YA_MAC,Peter,Pomacentridae,Dascyllus,aruanus,37372073,1,AD,Passing,
GX010044_L.MP4,28543,15.8731,YA_MAC_Transect 1,0.5878,,5.024,4.785,2967.031,19.275,,,-979.218,-22.239,-2800.698,YA_MAC,Peter,Pomacentridae,Dascyllus,aruanus,37372073,1,AD,Passing,
GX010044_L.MP4,28543,15.8731,YA_MAC_Transect 1,0.5878,45.773,2.13,7.441,1604.93,22.689,15.669,16.393,-582.669,-209.138,-1480.729,YA_MAC,Peter,Pomacentridae,Pomacentrus,maafu,temp_code_005,1,AD,Passing,
GX010044_L.MP4,28595,15.902,YA_MAC_Transect 1,0.6167,51.131,2.114,3.718,1701.797,15.895,14.327,9.362,-369.023,-284.712,-1636.727,YA_MAC,Peter,Pomacentridae,Dascyllus,aruanus,37372073,1,AD,Passing,
GX010044_L.MP4,28598,15.9037,YA_MAC_Transect 1,0.6184,159.754,15.848,7.231,3409.007,26.415,75.878,4.208,1233.896,-881.728,-3053.095,YA_MAC,Peter,Labridae,Bodianus,mesothorax,37384060,1,AD,Passing,
GX010044_L.MP4,28621,15.9165,YA_MAC_Transect 1,0.6312,,2.554,0.312,2055.645,21.616,,,-752.05,-89.934,-1911.022,YA_MAC,Peter,Pomacentridae,Dascyllus,aruanus,37372073,1,AD,Passing,
GX010044_L.MP4,28621,15.9165,YA_MAC_Transect 1,0.6312,,1.73,5.938,1604.586,20.494,,,-355.45,-435.902,-1502.778,YA_MAC,Peter,Pomacentridae,Dascyllus,aruanus,37372073,1,AD,Passing,
GX010044_L.MP4,28649,15.932,YA_MAC_Transect 1,0.6468,,8.64,5.003,3895.768,16.258,,,-1065.208,-236.396,-3739.847,YA_MAC,Peter,Pomacentridae,Dascyllus,aruanus,37372073,1,AD,Passing,
GX010044_L.MP4,28649,15.932,YA_MAC_Transect 1,0.6468,,5.742,0.971,3336.567,26.175,,,-1455.703,215.276,-2994.539,YA_MAC,Peter,Pomacentridae,Amblyglyphidodon,curacao,37372017,1,AD,Passing,
GX010044_L.MP4,28649,15.932,YA_MAC_Transect 1,0.6468,,5.398,0.282,3259.52,26.91,,,-1473.876,-64.52,-2906.543,YA_MAC,Peter,Pomacentridae,Amblyglyphidodon,orbicularis,temp_code_001,1,AD,Passing,
GX010044_L.MP4,28649,15.932,YA_MAC_Transect 1,0.6468,,6.26,0.101,3395.383,21.601,,,-1249.468,34.444,-3156.94,YA_MAC,Peter,Pomacentridae,Pomacentrus,sp,,1,AD,Passing,
GX010044_L.MP4,28649,15.932,YA_MAC_Transect 1,0.6468,,5.549,1.569,3182.876,21.799,,,-1179.953,67.187,-2955.317,YA_MAC,Peter,Pomacentridae,Chromis,ternatensis,37372051,1,AD,Passing,
GX010044_L.MP4,28649,15.932,YA_MAC_Transect 1,0.6468,,7.346,1.855,3634.515,18.975,,,-1175.633,118.288,-3437.091,YA_MAC,Peter,Pomacentridae,Chromis,ternatensis,37372051,1,AD,Passing,
GX010044_L.MP4,28649,15.932,YA_MAC_Transect 1,0.6468,,6.329,1.641,3419.163,22.237,,,-1280.983,180.895,-3164.97,YA_MAC,Peter,Pomacentridae,Chromis,ternatensis,37372051,1,AD,Passing,
GX010044_L.MP4,28649,15.932,YA_MAC_Transect 1,0.6468,,7.917,0.241,3920.513,24.362,,,-1607.418,175.741,-3571.518,YA_MAC,Peter,Pomacentridae,Chromis,ternatensis,37372051,1,AD,Passing,
GX010044_L.MP4,28649,15.932,YA_MAC_Transect 1,0.6468,,8.222,3.236,3784.356,15.737,,,-1000.413,227.303,-3642.644,YA_MAC,Peter,Pomacentridae,Chromis,ternatensis,37372051,1,AD,Passing,
GX010044_L.MP4,28649,15.932,YA_MAC_Transect 1,0.6468,,8.481,3.91,3891.092,18.419,,,-1196.988,278.549,-3691.913,YA_MAC,Peter,Pomacentridae,Chromis,ternatensis,37372051,1,AD,Passing,
GX010044_L.MP4,28649,15.932,YA_MAC_Transect 1,0.6468,,15.04,1.786,5238.623,18.13,,,-1577.202,409.129,-4978.777,YA_MAC,Peter,Pomacentridae,Chromis,ternatensis,37372051,1,AD,Passing,
GX010044_L.MP4,28722,15.9726,YA_MAC_Transect 1,0.6874,100.733,6.794,2.92,2324.53,23.685,70.736,28.171,911.112,-204.575,-2128.724,YA_MAC,Peter,Pomacentridae,Amblyglyphidodon,curacao,37372017,1,AD,Passing,
GX010044_L.MP4,28792,16.0116,YA_MAC_Transect 1,0.7263,90.042,5.176,19.695,2073.385,26.967,67.264,20.497,-802.551,-489.844,-1847.942,YA_MAC,Peter,Labridae,Hemigymnus,melapterus,37384125,1,AD,Passing,
GX010044_L.MP4,28813,16.0232,YA_MAC_Transect 1,0.738,,8.396,2.17,3785.507,10.978,,,-708.234,132.44,-3716.306,YA_MAC,Peter,Pomacentridae,Pomacentrus,callainus,temp_code_004,1,AD,Passing,
GX010044_L.MP4,28813,16.0232,YA_MAC_Transect 1,0.738,105.422,7.186,3.454,2598.957,24.968,78.099,38.881,-1076.534,211.259,-2356.06,YA_MAC,Peter,Pomacentridae,Amblyglyphidodon,curacao,37372017,1,AD,Passing,
GX010044_L.MP4,28813,16.0232,YA_MAC_Transect 1,0.738,,5.65,2.564,3278.443,24.973,,,-1369.441,199.449,-2972.042,YA_MAC,Peter,Pomacentridae,Amblyglyphidodon,curacao,37372017,1,AD,Passing,
GX010044_L.MP4,28813,16.0232,YA_MAC_Transect 1,0.738,,13.662,7.225,4820.177,14.713,,,-960.376,756.476,-4662.567,YA_MAC,Peter,Pomacentridae,Amblyglyphidodon,curacao,37372017,1,AD,Passing,
GX010044_L.MP4,28813,16.0232,YA_MAC_Transect 1,0.738,,8.76,4.09,3922.346,19.138,,,-1173.286,524.143,-3705.87,YA_MAC,Peter,Pomacentridae,Amblyglyphidodon,curacao,37372017,1,AD,Passing,
GX010044_L.MP4,28813,16.0232,YA_MAC_Transect 1,0.738,,5.539,0.384,3049.593,13.671,,,-720.712,8.16,-2963.195,YA_MAC,Peter,Pomacentridae,Amblyglyphidodon,orbicularis,temp_code_001,1,AD,Passing,
GX010044_L.MP4,28813,16.0232,YA_MAC_Transect 1,0.738,,11.636,0.327,4693.922,21.306,,,-1685.079,260.867,-4373.256,YA_MAC,Peter,Pomacentridae,Amblyglyphidodon,orbicularis,temp_code_001,1,AD,Passing,
GX010044_L.MP4,28813,16.0232,YA_MAC_Transect 1,0.738,,5.204,0.104,3064.576,21.328,,,-1114.368,21.835,-2854.703,YA_MAC,Peter,Pomacentridae,Chromis,ternatensis,37372051,1,AD,Passing,
GX010044_L.MP4,28813,16.0232,YA_MAC_Transect 1,0.738,,3.461,4.496,2336.187,10.947,,,-435.49,83.353,-2293.724,YA_MAC,Peter,Pomacentridae,Chromis,ternatensis,37372051,1,AD,Passing,
GX010044_L.MP4,28813,16.0232,YA_MAC_Transect 1,0.738,,2.84,1.557,2090.904,11.29,,,-392.407,115.359,-2050.509,YA_MAC,Peter,Pomacentridae,Chromis,ternatensis,37372051,1,AD,Passing,
GX010044_L.MP4,28813,16.0232,YA_MAC_Transect 1,0.738,,9.161,9.352,3972.369,2.823,,,-98.237,166.843,-3967.648,YA_MAC,Peter,Pomacentridae,Chromis,ternatensis,37372051,1,AD,Passing,
GX010044_L.MP4,28813,16.0232,YA_MAC_Transect 1,0.738,,9.327,8.345,3995.89,10.854,,,-724.241,201.875,-3924.52,YA_MAC,Peter,Pomacentridae,Chromis,ternatensis,37372051,1,AD,Passing,
GX010044_L.MP4,28813,16.0232,YA_MAC_Transect 1,0.738,,5.637,6.141,3013.921,8.279,,,123.554,414.269,-2982.756,YA_MAC,Peter,Pomacentridae,Chromis,ternatensis,37372051,1,AD,Passing,
GX010044_L.MP4,28892,16.0672,YA_MAC_Transect 1,0.7819,,3.82,7.112,2520.159,21.302,,,-764.316,-505.393,-2347.68,YA_MAC,Peter,Pomacentridae,Dascyllus,aruanus,37372073,1,AD,Passing,
GX010044_L.MP4,28892,16.0672,YA_MAC_Transect 1,0.7819,,3.213,8.405,2285.806,23.332,,,-596.772,-681.997,-2098.488,YA_MAC,Peter,Pomacentridae,Pomacentrus,maafu,temp_code_005,1,AD,Passing,
GX010044_L.MP4,28944,16.0961,YA_MAC_Transect 1,0.8108,46.432,3.072,1.269,1803.834,14.907,29.037,2.152,-123.787,-447.22,-1743.126,YA_MAC,Peter,Pomacentridae,Dascyllus,aruanus,37372073,1,AD,Passing,
GX010044_L.MP4,28944,16.0961,YA_MAC_Transect 1,0.8108,38.932,3.874,2.271,2037.86,14.178,28.803,7.633,-126.099,-482.936,-1975.789,YA_MAC,Peter,Pomacentridae,Dascyllus,aruanus,37372073,1,AD,Passing,
GX010044_L.MP4,28944,16.0961,YA_MAC_Transect 1,0.8108,,3.152,0.909,2199.56,9.716,,,7.363,-372.411,-2167.791,YA_MAC,Peter,Pomacentridae,Dascyllus,aruanus,37372073,1,AD,Passing,
GX010044_L.MP4,28944,16.0961,YA_MAC_Transect 1,0.8108,,4.533,3.634,2781.781,22.272,,,-894.732,-559.231,-2573.911,YA_MAC,Peter,Pomacentridae,Dascyllus,aruanus,37372073,1,AD,Passing,
GX010044_L.MP4,28944,16.0961,YA_MAC_Transect 1,0.8108,62.592,5.444,4.857,2462.333,20.936,56.745,50.101,-799.745,-366.832,-2299.767,YA_MAC,Peter,Pomacentridae,Pomacentrus,callainus,temp_code_004,1,AD,Passing,
GX010044_L.MP4,28944,16.0961,YA_MAC_Transect 1,0.8108,74.087,2.792,2.517,2293.752,10.682,9.572,27.179,-375.552,-199.273,-2254.008,YA_MAC,Peter,Pomacentridae,Pomacentrus,callainus,temp_code_004,1,AD,Passing,
GX010044_L.MP4,28944,16.0961,YA_MAC_Transect 1,0.8108,67.017,5.081,7.218,1903.071,23.022,69.536,4.153,-680.482,-301.425,-1751.504,YA_MAC,Peter,Pomacentridae,Chromis,ternatensis,37372051,1,AD,Passing,
GX010044_L.MP4,28944,16.0961,YA_MAC_Transect 1,0.8108,50.179,4.419,5.671,1620.911,13.707,71.196,6.287,-260.536,-282.21,-1574.748,YA_MAC,Peter,Pomacentridae,Chromis,ternatensis,37372051,1,AD,Passing,
GX010044_L.MP4,29015,16.1356,YA_MAC_Transect 1,0.8503,264.43,22.876,9.403,5391.526,25.884,20.514,2.282,2343.459,218.873,-4850.654,YA_MAC,Peter,Kyphosidae,Kyphosus,cinerascens,37361022,1,AD,Passing,
GX010044_L.MP4,29015,16.1356,YA_MAC_Transect 1,0.8503,244.174,19.941,11.237,5167.837,23.756,17.958,11.382,2077.705,130.76,-4729.966,YA_MAC,Peter,Kyphosidae,Kyphosus,cinerascens,37361022,1,AD,Passing,
GX010044_L.MP4,29015,16.1356,YA_MAC_Transect 1,0.8503,,21.418,17.096,6117.849,10.877,,,1150.684,89.7,-6007.991,YA_MAC,Peter,Kyphosidae,Kyphosus,cinerascens,37361022,1,AD,Passing,
GX010044_L.MP4,29015,16.1356,YA_MAC_Transect 1,0.8503,,22.771,2.388,6237.725,9.585,,,442.136,936.296,-6151.186,YA_MAC,Peter,Kyphosidae,Kyphosus,cinerascens,37361022,1,AD,Passing,
GX010044_L.MP4,29015,16.1356,YA_MAC_Transect 1,0.8503,66.85,6.42,1.464,2891.378,23.651,19.522,6.793,-1116.839,313.168,-2648.521,YA_MAC,Peter,Pomacentridae,Amblyglyphidodon,orbicularis,temp_code_001,1,AD,Passing,
GX010044_L.MP4,29015,16.1356,YA_MAC_Transect 1,0.8503,107.594,8.906,9.144,2662.08,27.046,77.701,11.103,-1167.559,319.369,-2370.966,YA_MAC,Peter,Pomacentridae,Amblyglyphidodon,orbicularis,temp_code_001,1,AD,Passing,
GX010044_L.MP4,29015,16.1356,YA_MAC_Transect 1,0.8503,52.945,4.973,2.023,2560.684,25.916,16.205,8.461,-1106.768,165.96,-2303.177,YA_MAC,Peter,Pomacentridae,Amblyglyphidodon,orbicularis,temp_code_001,1,AD,Passing,
GX010044_L.MP4,29015,16.1356,YA_MAC_Transect 1,0.8503,78.006,3.084,5.346,2140.909,17.689,10.123,20.008,-649.927,-27.287,-2039.692,YA_MAC,Peter,Pomacentridae,Amblyglyphidodon,orbicularis,temp_code_001,1,AD,Passing,
GX010044_L.MP4,29015,16.1356,YA_MAC_Transect 1,0.8503,195.921,16.876,9.031,4279.038,15.3,30.73,18.817,-1047.708,420.937,-4127.383,YA_MAC,Peter,Balistidae,Balistapus,undulatus,37465047,1,AD,Passing,
GX010044_L.MP4,29015,16.1356,YA_MAC_Transect 1,0.8503,,5.127,1.934,3095.216,27.387,,,1409.538,-202.737,-2748.175,YA_MAC,Peter,Pomacentridae,Chromis,viridis,37372053,1,AD,Passing,
GX010044_L.MP4,29015,16.1356,YA_MAC_Transect 1,0.8503,,4.773,1.74,2928.098,25.499,,,1239.168,-232.66,-2642.743,YA_MAC,Peter,Pomacentridae,Chromis,viridis,37372053,1,AD,Passing,
GX010044_L.MP4,29015,16.1356,YA_MAC_Transect 1,0.8503,,5.068,0.144,2975.62,22.838,,,1142.797,-168.605,-2742.244,YA_MAC,Peter,Pomacentridae,Chromis,viridis,37372053,1,AD,Passing,
GX010044_L.MP4,29015,16.1356,YA_MAC_Transect 1,0.8503,,4.317,4.664,2716.972,21.958,,,1014.925,-47.469,-2519.843,YA_MAC,Peter,Pomacentridae,Chromis,viridis,37372053,1,AD,Passing,
GX010044_L.MP4,29015,16.1356,YA_MAC_Transect 1,0.8503,,5.784,0.476,3258.75,25.12,,,1381.887,-65.708,-2950.512,YA_MAC,Peter,Pomacentridae,Chromis,viridis,37372053,1,AD,Passing,
GX010044_L.MP4,29015,16.1356,YA_MAC_Transect 1,0.8503,,5.209,2.129,3047.9,26.032,,,1263.771,-439.911,-2738.441,YA_MAC,Peter,Pomacentridae,Chromis,viridis,37372053,1,AD,Passing,
GX010044_L.MP4,29015,16.1356,YA_MAC_Transect 1,0.8503,,3.938,0.264,2675.523,26.773,,,1204.668,34.075,-2388.731,YA_MAC,Peter,Pomacentridae,Chromis,viridis,37372053,1,AD,Passing,
GX010044_L.MP4,29015,16.1356,YA_MAC_Transect 1,0.8503,,5.227,2.656,3067.051,24.477,,,1265.916,109.537,-2791.461,YA_MAC,Peter,Pomacentridae,Chromis,viridis,37372053,1,AD,Passing,
GX010044_L.MP4,29015,16.1356,YA_MAC_Transect 1,0.8503,,4.082,0.221,2674.672,24.386,,,1097.048,125.055,-2436.127,YA_MAC,Peter,Pomacentridae,Chromis,viridis,37372053,1,AD,Passing,
GX010044_L.MP4,29015,16.1356,YA_MAC_Transect 1,0.8503,,3.689,1.749,2477.417,21.106,,,891.06,42.043,-2311.242,YA_MAC,Peter,Pomacentridae,Chromis,viridis,37372053,1,AD,Passing,
GX010044_L.MP4,29015,16.1356,YA_MAC_Transect 1,0.8503,,3.185,1.24,2233.047,16.526,,,631.942,62.833,-2140.841,YA_MAC,Peter,Pomacentridae,Chromis,viridis,37372053,1,AD,Passing,
GX010044_L.MP4,29015,16.1356,YA_MAC_Transect 1,0.8503,,4.093,5.171,2599.142,20.228,,,874.824,204.142,-2438.965,YA_MAC,Peter,Pomacentridae,Chromis,viridis,37372053,1,AD,Passing,
GX010044_L.MP4,29015,16.1356,YA_MAC_Transect 1,0.8503,,5.083,6.39,3003.068,24.12,,,1209.726,204.634,-2741.004,YA_MAC,Peter,Pomacentridae,Chromis,viridis,37372053,1,AD,Passing,
GX010044_L.MP4,29015,16.1356,YA_MAC_Transect 1,0.8503,,5.577,3.189,3109.706,23.271,,,1165.021,388.454,-2856.939,YA_MAC,Peter,Pomacentridae,Chromis,viridis,37372053,1,AD,Passing,
GX010044_L.MP4,29015,16.1356,YA_MAC_Transect 1,0.8503,,3.973,0.093,2542.514,19.914,,,818.129,282.514,-2390.654,YA_MAC,Peter,Pomacentridae,Chromis,viridis,37372053,1,AD,Passing,
GX010044_L.MP4,29015,16.1356,YA_MAC_Transect 1,0.8503,,4.302,5.186,2629.959,18.686,,,763.564,354.858,-2491.532,YA_MAC,Peter,Pomacentridae,Chromis,viridis,37372053,1,AD,Passing,
GX010044_L.MP4,29015,16.1356,YA_MAC_Transect 1,0.8503,,5.06,3.07,2852.533,16.445,,,733.056,337.19,-2736.033,YA_MAC,Peter,Pomacentridae,Chromis,viridis,37372053,1,AD,Passing,
GX010044_L.MP4,29015,16.1356,YA_MAC_Transect 1,0.8503,,4.674,0.768,2746.168,16.583,,,747.109,235.424,-2632.079,YA_MAC,Peter,Pomacentridae,Chromis,viridis,37372053,1,AD,Passing,
GX010044_L.MP4,29015,16.1356,YA_MAC_Transect 1,0.8503,,4.683,7.104,2823.122,23.413,,,1043.434,410.346,-2590.922,YA_MAC,Peter,Pomacentridae,Chromis,viridis,37372053,1,AD,Passing,
GX010044_L.MP4,29015,16.1356,YA_MAC_Transect 1,0.8503,,4.911,6.632,2877.152,22.605,,,1014.857,437.876,-2656.376,YA_MAC,Peter,Pomacentridae,Chromis,viridis,37372053,1,AD,Passing,
GX010044_L.MP4,29015,16.1356,YA_MAC_Transect 1,0.8503,,5.789,2.053,3053.69,17.901,,,771.043,533.517,-2906.179,YA_MAC,Peter,Pomacentridae,Chromis,viridis,37372053,1,AD,Passing,
GX010044_L.MP4,29015,16.1356,YA_MAC_Transect 1,0.8503,,6.083,3.819,3128.139,15.682,,,715.036,449.468,-3011.969,YA_MAC,Peter,Pomacentridae,Chromis,viridis,37372053,1,AD,Passing,
GX010044_L.MP4,29015,16.1356,YA_MAC_Transect 1,0.8503,,7.756,7.281,3566.059,15.866,,,857.989,460.962,-3430.473,YA_MAC,Peter,Pomacentridae,Chromis,viridis,37372053,1,AD,Passing,
GX010044_L.MP4,29015,16.1356,YA_MAC_Transect 1,0.8503,,4.202,3.244,2590.552,20.026,,,734.418,496.229,-2434.203,YA_MAC,Peter,Pomacentridae,Chromis,viridis,37372053,1,AD,Passing,
GX010044_L.MP4,29015,16.1356,YA_MAC_Transect 1,0.8503,,5.174,2.053,2864.469,17.944,,,648.375,597.079,-2725.489,YA_MAC,Peter,Pomacentridae,Chromis,viridis,37372053,1,AD,Passing,
GX010044_L.MP4,29015,16.1356,YA_MAC_Transect 1,0.8503,,5.858,7.189,3064.397,19.411,,,727.98,710.553,-2890.62,YA_MAC,Peter,Pomacentridae,Chromis,viridis,37372053,1,AD,Passing,
GX010044_L.MP4,29015,16.1356,YA_MAC_Transect 1,0.8503,,4.532,4.579,2660.357,17.304,,,427.457,664.402,-2540.344,YA_MAC,Peter,Pomacentridae,Chromis,viridis,37372053,1,AD,Passing,
GX010044_L.MP4,29015,16.1356,YA_MAC_Transect 1,0.8503,,5.191,8.177,2862.545,15.463,,,255.172,717.66,-2759.35,YA_MAC,Peter,Pomacentridae,Chromis,viridis,37372053,1,AD,Passing,
GX010044_L.MP4,29015,16.1356,YA_MAC_Transect 1,0.8503,,3.918,1.602,2458.392,14.969,,,375.551,510.636,-2375.27,YA_MAC,Peter,Pomacentridae,Chromis,viridis,37372053,1,AD,Passing,
GX010044_L.MP4,29015,16.1356,YA_MAC_Transect 1,0.8503,,6.819,2.127,3301.021,17.829,,,633.235,785.89,-3142.949,YA_MAC,Peter,Pomacentridae,Chromis,viridis,37372053,1,AD,Passing,
GX010044_L.MP4,29015,16.1356,YA_MAC_Transect 1,0.8503,,5.44,1.217,2934.34,18.259,,,579.689,711.944,-2787.014,YA_MAC,Peter,Pomacentridae,Chromis,viridis,37372053,1,AD,Passing,
GX010044_L.MP4,29015,16.1356,YA_MAC_Transect 1,0.8503,,4.764,2.66,2730.768,14.407,,,469.54,489.529,-2645.183,YA_MAC,Peter,Pomacentridae,Chromis,viridis,37372053,1,AD,Passing,
GX010044_L.MP4,29015,16.1356,YA_MAC_Transect 1,0.8503,,5.321,0.651,2898.297,14.309,,,522.679,488.141,-2808.674,YA_MAC,Peter,Pomacentridae,Chromis,viridis,37372053,1,AD,Passing,
GX010044_L.MP4,29015,16.1356,YA_MAC_Transect 1,0.8503,,6.137,4.789,3128.604,13.762,,,566.366,481.047,-3039.076,YA_MAC,Peter,Pomacentridae,Chromis,viridis,37372053,1,AD,Passing,
GX010044_L.MP4,29015,16.1356,YA_MAC_Transect 1,0.8503,,4.71,2.076,2724.704,16.1,,,602.265,454.751,-2618.108,YA_MAC,Peter,Pomacentridae,Chromis,viridis,37372053,1,AD,Passing,
GX010044_L.MP4,29015,16.1356,YA_MAC_Transect 1,0.8503,,5.978,4.593,3085.804,15.904,,,632.057,559.969,-2968.017,YA_MAC,Peter,Pomacentridae,Chromis,viridis,37372053,1,AD,Passing,
GX010044_L.MP4,29015,16.1356,YA_MAC_Transect 1,0.8503,,6.815,7.189,3300.685,14.76,,,336.418,768.812,-3192.22,YA_MAC,Peter,Pomacentridae,Chromis,viridis,37372053,1,AD,Passing,
GX010044_L.MP4,29015,16.1356,YA_MAC_Transect 1,0.8503,,6.094,0.491,3116.323,13.885,,,257.298,700.411,-3025.672,YA_MAC,Peter,Pomacentridae,Chromis,viridis,37372053,1,AD,Passing,
GX010044_L.MP4,29015,16.1356,YA_MAC_Transect 1,0.8503,,5.45,1.178,2942.224,13.008,,,175.18,636.989,-2867.096,YA_MAC,Peter,Pomacentridae,Chromis,viridis,37372053,1,AD,Passing,
GX010044_L.MP4,29015,16.1356,YA_MAC_Transect 1,0.8503,,7.829,1.968,3560.878,12.68,,,257.201,736.069,-3474.464,YA_MAC,Peter,Pomacentridae,Chromis,viridis,37372053,1,AD,Passing,
GX010044_L.MP4,29015,16.1356,YA_MAC_Transect 1,0.8503,,5.839,1.869,3063.286,12.411,,,-34.878,655.698,-2992.084,YA_MAC,Peter,Pomacentridae,Chromis,viridis,37372053,1,AD,Passing,
GX010044_L.MP4,29015,16.1356,YA_MAC_Transect 1,0.8503,,4.182,3.902,2568.351,7.589,,,65.051,331.41,-2546.049,YA_MAC,Peter,Pomacentridae,Chromis,viridis,37372053,1,AD,Passing,
GX010044_L.MP4,29015,16.1356,YA_MAC_Transect 1,0.8503,,5.685,9.546,3041.413,6.81,,,-26.158,357.92,-3020.166,YA_MAC,Peter,Pomacentridae,Chromis,viridis,37372053,1,AD,Passing,
GX010044_L.MP4,29015,16.1356,YA_MAC_Transect 1,0.8503,,5.423,0.722,2937.662,10.02,,,279.931,425.948,-2893.106,YA_MAC,Peter,Pomacentridae,Chromis,viridis,37372053,1,AD,Passing,
GX010044_L.MP4,29015,16.1356,YA_MAC_Transect 1,0.8503,,7.902,4.169,3616.806,16.639,,,-730.362,732.251,-3465.785,YA_MAC,Peter,Pomacentridae,Chromis,viridis,37372053,1,AD,Passing,
GX010044_L.MP4,29015,16.1356,YA_MAC_Transect 1,0.8503,,7.086,1.731,3440.327,18.998,,,-830.457,749.495,-3253.375,YA_MAC,Peter,Pomacentridae,Chromis,viridis,37372053,1,AD,Passing,
GX010044_L.MP4,29015,16.1356,YA_MAC_Transect 1,0.8503,,10.517,5.126,4202.644,19.263,,,-896.339,1055.461,-3967.972,YA_MAC,Peter,Pomacentridae,Chromis,viridis,37372053,1,AD,Passing,
GX010044_L.MP4,29015,16.1356,YA_MAC_Transect 1,0.8503,,9.516,2.943,4013.706,20.682,,,-967.237,1034.107,-3755.65,YA_MAC,Peter,Pomacentridae,Chromis,viridis,37372053,1,AD,Passing,
GX010044_L.MP4,29015,16.1356,YA_MAC_Transect 1,0.8503,,11.596,1.534,4440.24,20.078,,,-1054.492,1098.333,-4171.024,YA_MAC,Peter,Pomacentridae,Chromis,viridis,37372053,1,AD,Passing,
GX010044_L.MP4,29015,16.1356,YA_MAC_Transect 1,0.8503,,7.642,1.462,3583.417,20.408,,,-877.955,887.14,-3359.025,YA_MAC,Peter,Pomacentridae,Chromis,viridis,37372053,1,AD,Passing,
GX010044_L.MP4,29015,16.1356,YA_MAC_Transect 1,0.8503,,8.456,2.759,3773.057,19.877,,,-908.111,904.053,-3548.801,YA_MAC,Peter,Pomacentridae,Chromis,viridis,37372053,1,AD,Passing,
GX010044_L.MP4,29015,16.1356,YA_MAC_Transect 1,0.8503,,10.21,4.136,4224.213,20.27,,,-1236.791,779.989,-3963.072,YA_MAC,Peter,Pomacentridae,Chromis,viridis,37372053,1,AD,Passing,
GX010044_L.MP4,29015,16.1356,YA_MAC_Transect 1,0.8503,,10.503,1.614,4252.602,20.656,,,-1148.088,963.179,-3979.8,YA_MAC,Peter,Pomacentridae,Chromis,viridis,37372053,1,AD,Passing,
GX010044_L.MP4,29015,16.1356,YA_MAC_Transect 1,0.8503,,10.882,7.986,4313.642,19.925,,,-1097.701,975.425,-4055.996,YA_MAC,Peter,Pomacentridae,Chromis,viridis,37372053,1,AD,Passing,
GX010044_L.MP4,29015,16.1356,YA_MAC_Transect 1,0.8503,,7.354,0.908,3560.121,22.304,,,-1050.238,848.081,-3294.271,YA_MAC,Peter,Pomacentridae,Chromis,viridis,37372053,1,AD,Passing,
GX010044_L.MP4,29015,16.1356,YA_MAC_Transect 1,0.8503,,7.607,5.626,3612.414,22.135,,,-1026.453,891.978,-3346.686,YA_MAC,Peter,Pomacentridae,Chromis,viridis,37372053,1,AD,Passing,
GX010044_L.MP4,29015,16.1356,YA_MAC_Transect 1,0.8503,,12.439,0.883,4679.791,22.699,,,-1395.24,1143.995,-4317.989,YA_MAC,Peter,Pomacentridae,Chromis,viridis,37372053,1,AD,Passing,
GX010044_L.MP4,29083,16.1734,YA_MAC_Transect 1,0.8881,56.921,2.079,3.758,1468.1,19.016,28.264,7.071,307.238,-366.638,-1387.984,YA_MAC,Peter,Pomacentridae,Neopomacentrus,violascens,temp_code_010,1,AD,Passing,
GX010044_L.MP4,29149,16.2101,YA_MAC_Transect 1,0.9248,44.259,1.1,3.508,1322.679,6.688,4.418,35.435,152.947,-18.431,-1313.677,YA_MAC,Peter,Pomacentridae,Chromis,viridis,37372053,1,AD,Passing,
GX010044_L.MP4,29149,16.2101,YA_MAC_Transect 1,0.9248,45.031,1.374,2.763,1450.259,11.002,8.064,37.252,276.029,20.135,-1423.605,YA_MAC,Peter,Pomacentridae,Chromis,viridis,37372053,1,AD,Passing,
GX010044_L.MP4,29149,16.2101,YA_MAC_Transect 1,0.9248,52.407,0.936,2.65,976.466,7.652,26.119,26.191,-48.201,-120.755,-967.771,YA_MAC,Peter,Pomacentridae,Chromis,viridis,37372053,1,AD,Passing,
GX010044_L.MP4,29256,16.2696,YA_MAC_Transect 1,0.9843,101.541,1.933,0.934,1718.809,16.18,14.2,18.822,232.812,-418.572,-1650.728,YA_MAC,Peter,Pomacentridae,Amblyglyphidodon,orbicularis,temp_code_001,1,AD,Passing,
GX010044_L.MP4,29326,16.3085,YA_MAC_Transect 1,1.0232,,12.63,2.412,4646.818,26.193,,,1321.339,-1571.166,-4168.743,YA_MAC,Peter,Pomacentridae,Dascyllus,aruanus,37372073,1,AD,Passing,
GX010044_L.MP4,29326,16.3085,YA_MAC_Transect 1,1.0232,,10.394,1.393,4150.875,23.482,,,829.917,-1432.904,-3806.282,YA_MAC,Peter,Pomacentridae,Dascyllus,aruanus,37372073,1,AD,Passing,
GX010044_L.MP4,29326,16.3085,YA_MAC_Transect 1,1.0232,,9.969,3.05,4147.261,25.167,,,1393.822,-1082.817,-3752.938,YA_MAC,Peter,Pomacentridae,Chromis,viridis,37372053,1,AD,Passing,
GX010044_L.MP4,29326,16.3085,YA_MAC_Transect 1,1.0232,,10.103,1.623,4061.618,19.974,,,870.413,-1082.622,-3816.681,YA_MAC,Peter,Pomacentridae,Chromis,viridis,37372053,1,AD,Passing,
GX010044_L.MP4,29326,16.3085,YA_MAC_Transect 1,1.0232,,11.955,0.879,4536.39,25.905,,,1430.385,-1374.203,-4079.754,YA_MAC,Peter,Pomacentridae,Chromis,viridis,37372053,1,AD,Passing,
GX010044_L.MP4,29326,16.3085,YA_MAC_Transect 1,1.0232,,13.351,3.984,4775.908,25.225,,,1416.019,-1464.541,-4319.642,YA_MAC,Peter,Pomacentridae,Chromis,viridis,37372053,1,AD,Passing,
GX010044_L.MP4,29326,16.3085,YA_MAC_Transect 1,1.0232,,13.645,5.672,4840.574,25.368,,,1490.348,-1444.73,-4372.96,YA_MAC,Peter,Pomacentridae,Chromis,viridis,37372053,1,AD,Passing,
GX010044_L.MP4,29326,16.3085,YA_MAC_Transect 1,1.0232,,14.492,3.921,4971.485,24.784,,,1453.016,-1496.671,-4512.692,YA_MAC,Peter,Pomacentridae,Chromis,viridis,37372053,1,AD,Passing,
GX010044_L.MP4,29326,16.3085,YA_MAC_Transect 1,1.0232,,10.916,3.871,4348.525,25.983,,,1453.216,-1234.174,-3908.28,YA_MAC,Peter,Pomacentridae,Chromis,viridis,37372053,1,AD,Passing,
GX010044_L.MP4,29326,16.3085,YA_MAC_Transect 1,1.0232,,10.358,9.212,4213.388,25.179,,,1351.098,-1180.305,-3812.355,YA_MAC,Peter,Pomacentridae,Chromis,viridis,37372053,1,AD,Passing,
GX010044_L.MP4,29326,16.3085,YA_MAC_Transect 1,1.0232,,13.191,3.56,4783.644,25.465,,,1585.441,-1312.764,-4318.134,YA_MAC,Peter,Pomacentridae,Chromis,viridis,37372053,1,AD,Passing,
GX010044_L.MP4,29326,16.3085,YA_MAC_Transect 1,1.0232,,12.928,1.527,4717.955,25.33,,,1497.654,-1355.733,-4263.58,YA_MAC,Peter,Pomacentridae,Chromis,viridis,37372053,1,AD,Passing,
GX010044_L.MP4,29326,16.3085,YA_MAC_Transect 1,1.0232,,12.792,6.694,4683.557,25,,,1458.239,-1340.93,-4243.955,YA_MAC,Peter,Pomacentridae,Chromis,viridis,37372053,1,AD,Passing,
GX010044_L.MP4,29326,16.3085,YA_MAC_Transect 1,1.0232,,9.898,9.114,4106.044,24.244,,,1298.689,-1077.474,-3743.268,YA_MAC,Peter,Pomacentridae,Chromis,viridis,37372053,1,AD,Passing,
GX010044_L.MP4,29326,16.3085,YA_MAC_Transect 1,1.0232,,12.284,1.541,4563.156,23.023,,,1366.303,-1150.617,-4199.011,YA_MAC,Peter,Pomacentridae,Chromis,viridis,37372053,1,AD,Passing,
GX010044_L.MP4,29326,16.3085,YA_MAC_Transect 1,1.0232,,10.678,1.611,4219.266,21.82,,,1155.992,-1062.046,-3916.369,YA_MAC,Peter,Pomacentridae,Chromis,viridis,37372053,1,AD,Passing,
GX010044_L.MP4,29326,16.3085,YA_MAC_Transect 1,1.0232,,11.389,0.712,4338.789,20.433,,,1082.568,-1061.868,-4065.165,YA_MAC,Peter,Pomacentridae,Chromis,viridis,37372053,1,AD,Passing,
GX010044_L.MP4,29326,16.3085,YA_MAC_Transect 1,1.0232,,9.343,0.697,3970.348,24.006,,,1192.164,-1092.04,-3626.274,YA_MAC,Peter,Pomacentridae,Chromis,viridis,37372053,1,AD,Passing,
GX010044_L.MP4,29326,16.3085,YA_MAC_Transect 1,1.0232,,13.165,7.503,4737.761,23.841,,,1444.803,-1259.48,-4332.74,YA_MAC,Peter,Pomacentridae,Chromis,viridis,37372053,1,AD,Passing,
GX010044_L.MP4,29368,16.3319,YA_MAC_Transect 1,1.0466,,15.526,1.507,5125.829,24.989,,,1272.92,-1754.451,-4644.965,YA_MAC,Peter,Lutjanidae,Lutjanus,gibbus,37346028,1,AD,Passing,
GX010044_L.MP4,29401,16.3502,YA_MAC_Transect 1,1.065,,13.3,3.394,4961.539,30.509,,,2054.955,-1459.099,-4273.764,YA_MAC,Peter,Lutjanidae,Lutjanus,gibbus,37346028,1,AD,Passing,
GX010044_L.MP4,29401,16.3502,YA_MAC_Transect 1,1.065,,12.751,2.777,4767.782,28.473,,,1736.017,-1469.752,-4190.206,YA_MAC,Peter,Lutjanidae,Lutjanus,gibbus,37346028,1,AD,Passing,
GX010044_L.MP4,29401,16.3502,YA_MAC_Transect 1,1.065,,16.018,3.993,5346.204,27.519,,,1949.836,-1519.381,-4740.414,YA_MAC,Peter,Lutjanidae,Lutjanus,gibbus,37346028,1,AD,Passing,
GX010044_L.MP4,29401,16.3502,YA_MAC_Transect 1,1.065,,18.936,5.612,5825.977,26.883,,,2156.457,-1516.124,-5195.486,YA_MAC,Peter,Lutjanidae,Lutjanus,gibbus,37346028,1,AD,Passing,
GX010044_L.MP4,29530,16.422,YA_MAC_Transect 1,1.1367,,4.675,0.931,2745.874,22.756,,,356.357,-1002.022,-2531.558,YA_MAC,Peter,Pomacentridae,Dascyllus,aruanus,37372073,1,AD,Passing,
GX010044_L.MP4,29530,16.422,YA_MAC_Transect 1,1.1367,,5.289,1.293,2899.414,19.103,,,373.181,-874.014,-2739.24,YA_MAC,Peter,Pomacentridae,Dascyllus,aruanus,37372073,1,AD,Passing,
GX010044_L.MP4,29530,16.422,YA_MAC_Transect 1,1.1367,,5.231,11.831,3025.707,25.908,,,-995.167,-871.868,-2721.101,YA_MAC,Peter,Pomacentridae,Amblyglyphidodon,curacao,37372017,1,AD,Passing,
GX010044_L.MP4,29564,16.4409,YA_MAC_Transect 1,1.1556,,12.616,5.352,5082.231,25.643,,,-2199.103,-36.658,-4581.667,YA_MAC,Peter,Kyphosidae,Kyphosus,cinerascens,37361022,1,AD,Passing,
GX010044_L.MP4,29586,16.4531,YA_MAC_Transect 1,1.1678,,7.668,1.399,3874.202,28.988,,,-1720.42,-753.793,-3388.42,YA_MAC,Peter,Scaridae,Scarus,dimidiatus,37386013,1,AD,Passing,
GX010044_L.MP4,29624,16.4742,YA_MAC_Transect 1,1.189,85.039,6.921,5.642,2639.013,19.032,32.658,5.013,534.652,-674.312,-2494.763,YA_MAC,Peter,Pomacentridae,Amblyglyphidodon,orbicularis,temp_code_001,1,AD,Passing,
GX010044_L.MP4,29624,16.4742,YA_MAC_Transect 1,1.189,,4.623,2.19,2764.662,18.189,,,-738.433,-448.151,-2626.259,YA_MAC,Peter,Pomacentridae,Amblyglyphidodon,orbicularis,temp_code_001,1,AD,Passing,
GX010044_L.MP4,29624,16.4742,YA_MAC_Transect 1,1.189,,4.169,2.493,2583.37,13.942,,,-520.022,-343.552,-2507.06,YA_MAC,Peter,Pomacentridae,Amblyglyphidodon,orbicularis,temp_code_001,1,AD,Passing,
GX010044_L.MP4,29624,16.4742,YA_MAC_Transect 1,1.189,,6.192,5.797,3284.286,21.303,,,-1049.271,-569.826,-3059.552,YA_MAC,Peter,Pomacentridae,Amblyglyphidodon,orbicularis,temp_code_001,1,AD,Passing,
GX010044_L.MP4,29624,16.4742,YA_MAC_Transect 1,1.189,,6.265,4.067,3365.968,23.479,,,-1229.372,-537.635,-3086.961,YA_MAC,Peter,Pomacentridae,Amblyglyphidodon,orbicularis,temp_code_001,1,AD,Passing,
GX010044_L.MP4,29624,16.4742,YA_MAC_Transect 1,1.189,,4.878,10.238,3060.91,28.318,,,-1377.146,-461.655,-2694.348,YA_MAC,Peter,Pomacentridae,Amblyglyphidodon,orbicularis,temp_code_001,1,AD,Passing,
GX010044_L.MP4,29624,16.4742,YA_MAC_Transect 1,1.189,,6.467,12.061,3595.25,29.253,,,-1685.198,-498.599,-3136.452,YA_MAC,Peter,Pomacentridae,Amblyglyphidodon,orbicularis,temp_code_001,1,AD,Passing,
GX010044_L.MP4,29631,16.4781,YA_MAC_Transect 1,1.1929,,3.353,0.148,2275.337,10.172,,,-20.07,-402.654,-2239.336,YA_MAC,Peter,Pomacentridae,Amblyglyphidodon,orbicularis,temp_code_001,1,AD,Passing,
GX010044_L.MP4,29644,16.4854,YA_MAC_Transect 1,1.2001,81.594,3.034,8.157,2418.408,19.897,2.36,1.719,-561.748,-601.529,-2274.049,YA_MAC,Peter,Labridae,Coris,aygula,37384090,1,AD,Passing,
GX010044_L.MP4,29653,16.4904,YA_MAC_Transect 1,1.2051,154.533,6.708,11.646,2398.695,20.899,50.95,31.909,11.611,-855.606,-2240.88,YA_MAC,Peter,Acanthuridae,Acanthurus,sp,,1,AD,Passing,
GX010044_L.MP4,29664,16.4965,YA_MAC_Transect 1,1.2112,79.134,1.904,5.535,1567.77,18.691,19.572,21.674,-310.219,-395.214,-1485.084,YA_MAC,Peter,Pomacentridae,Pomacentrus,brachialis,37372109,1,AD,Passing,
GX010044_L.MP4,29683,16.507,YA_MAC_Transect 1,1.2218,81.175,1.187,2.453,1240.009,11.525,16.017,18.179,-113.357,-220.296,-1215.007,YA_MAC,Peter,Pomacentridae,Amblyglyphidodon,curacao,37372017,1,AD,Passing,
GX010044_L.MP4,29683,16.507,YA_MAC_Transect 1,1.2218,82.539,4.203,4.692,2127.137,9.115,26.788,8.55,137.778,-307.504,-2100.279,YA_MAC,Peter,Pomacentridae,Amblyglyphidodon,curacao,37372017,1,AD,Passing,
GX010044_L.MP4,29725,16.5304,YA_MAC_Transect 1,1.2451,44.04,2.023,5.011,1414.502,17.051,28.714,2.02,-320.322,-263.465,-1352.329,YA_MAC,Peter,Pomacentridae,Pomacentrus,maafu,temp_code_005,1,AD,Passing,
GX010044_L.MP4,29751,16.5449,YA_MAC_Transect 1,1.2596,,8.087,4.474,4019.992,27.197,,,-1795.856,-390.364,-3575.311,YA_MAC,Peter,Pomacentridae,Abudefduf,vaigiensis,37372013,1,AD,Passing,
GX010044_L.MP4,29796,16.5699,YA_MAC_Transect 1,1.2846,,6.043,2.197,3445.112,26.196,,,-1517.558,-101.143,-3091.211,YA_MAC,Peter,Pomacentridae,Abudefduf,vaigiensis,37372013,1,AD,Passing,
GX010044_L.MP4,29822,16.5843,YA_MAC_Transect 1,1.2991,,8.568,13.316,4098.133,27.82,,,-1787.872,-681.471,-3624.059,YA_MAC,Peter,Pomacentridae,Abudefduf,sexfasciatus,37372011,1,AD,Passing,
GX010044_L.MP4,29822,16.5843,YA_MAC_Transect 1,1.2991,,13.958,1.411,5032.833,23.488,,,-1676.891,-1103.426,-4615.181,YA_MAC,Peter,Pomacentridae,Abudefduf,vaigiensis,37372013,1,AD,Passing,
GX010044_L.MP4,29822,16.5843,YA_MAC_Transect 1,1.2991,,10.077,18.018,4478.926,29.784,,,-2023.335,-927.486,-3886.729,YA_MAC,Peter,Pomacentridae,Abudefduf,vaigiensis,37372013,1,AD,Passing,
GX010044_L.MP4,29822,16.5843,YA_MAC_Transect 1,1.2991,,11.296,5.242,4595.665,25.96,,,-1736.086,-1018.732,-4131.383,YA_MAC,Peter,Pomacentridae,Abudefduf,vaigiensis,37372013,1,AD,Passing,
GX010044_L.MP4,29822,16.5843,YA_MAC_Transect 1,1.2991,,11.921,1.034,4513.772,17.731,,,-1070.714,-864.614,-4298.855,YA_MAC,Peter,Pomacentridae,Abudefduf,vaigiensis,37372013,1,AD,Passing,
GX010044_L.MP4,29822,16.5843,YA_MAC_Transect 1,1.2991,,14.914,1.271,5030.034,10.595,,,-500.277,-780.765,-4943.821,YA_MAC,Peter,Pomacentridae,Abudefduf,vaigiensis,37372013,1,AD,Passing,
GX010044_L.MP4,29822,16.5843,YA_MAC_Transect 1,1.2991,,13.068,0.131,4683.426,12.288,,,-307.119,-950.932,-4575.575,YA_MAC,Peter,Pomacentridae,Abudefduf,vaigiensis,37372013,1,AD,Passing,
GX010044_L.MP4,29822,16.5843,YA_MAC_Transect 1,1.2991,,13.406,2.731,4738.912,15.276,,,92.546,-1247.791,-4570.748,YA_MAC,Peter,Pomacentridae,Abudefduf,vaigiensis,37372013,1,AD,Passing,
GX010044_L.MP4,29822,16.5843,YA_MAC_Transect 1,1.2991,,11.312,2.87,4300.06,20.014,,,774.892,-1253.536,-4039.641,YA_MAC,Peter,Pomacentridae,Abudefduf,vaigiensis,37372013,1,AD,Passing,
GX010044_L.MP4,29822,16.5843,YA_MAC_Transect 1,1.2991,,15.485,5.52,5072.496,18.08,,,442.893,-1513.436,-4821.159,YA_MAC,Peter,Pomacentridae,Abudefduf,vaigiensis,37372013,1,AD,Passing,
GX010044_L.MP4,29888,16.621,YA_MAC_Transect 1,1.3358,,6.539,15.094,3453.421,26.968,,,-1286.425,-894.959,-3077.381,YA_MAC,Peter,Pomacentridae,Dascyllus,aruanus,37372073,1,AD,Passing,
GX010044_L.MP4,29888,16.621,YA_MAC_Transect 1,1.3358,119.983,5.04,4.536,4643.337,15.051,4.896,0.754,112.13,-1200.535,-4484.051,YA_MAC,Peter,Zanclidae,Zanclus,cornutus,37437001,1,AD,Passing,
GX010044_L.MP4,29925,16.6416,YA_MAC_Transect 1,1.3564,136.531,12.18,9.053,3179.772,21.047,50.103,8.86,-1112.872,-256.191,-2967.631,YA_MAC,Peter,Pomacentridae,Abudefduf,vaigiensis,37372013,1,AD,Passing,
GX010044_L.MP4,29925,16.6416,YA_MAC_Transect 1,1.3564,148.84,10.411,6.848,3259.508,14.84,30.671,3.32,-742.602,-381.423,-3150.785,YA_MAC,Peter,Pomacentridae,Abudefduf,vaigiensis,37372013,1,AD,Passing,
GX010044_L.MP4,29953,16.6572,YA_MAC_Transect 1,1.3719,128.31,8.257,8.689,3191.143,21.911,26.431,6.629,-837.524,-846.569,-2960.62,YA_MAC,Peter,Pomacentridae,Abudefduf,vaigiensis,37372013,1,AD,Passing,
GX010044_L.MP4,30013,16.6906,YA_MAC_Transect 1,1.4053,259.674,7.505,5.999,2188.377,18.656,68.124,9.092,-340.974,-611.359,-2073.396,YA_MAC,Peter,Scaridae,Hipposcarus,longiceps,37386008,1,AD,Passing,
GX010044_L.MP4,30021,16.695,YA_MAC_Transect 1,1.4097,,4.394,12.969,2798.228,31.268,,,1148.716,-890.189,-2391.253,YA_MAC,Peter,Pomacentridae,Dascyllus,aruanus,37372073,1,AD,Passing,
GX010044_L.MP4,30021,16.695,YA_MAC_Transect 1,1.4097,322.938,12.542,7.042,4827.502,20.547,9.321,23.047,1316.092,-1067.073,-4520.401,YA_MAC,Peter,Lutjanidae,Lutjanus,bohar,37346029,1,AD,Passing,
GX010044_L.MP4,30021,16.695,YA_MAC_Transect 1,1.4097,,8.137,7.366,3761.283,18.204,,,-1070.924,-485.689,-3572.741,YA_MAC,Peter,Pomacentridae,Amblyglyphidodon,curacao,37372017,1,AD,Passing,
GX010044_L.MP4,30021,16.695,YA_MAC_Transect 1,1.4097,,7.159,6.427,3675.111,23.107,,,-1426.059,-217.754,-3380.145,YA_MAC,Peter,Pomacentridae,Amblyglyphidodon,orbicularis,temp_code_001,1,AD,Passing,
GX010044_L.MP4,30021,16.695,YA_MAC_Transect 1,1.4097,,7.087,8.818,3733.632,26.341,,,-1628.681,-305.052,-3345.796,YA_MAC,Peter,Pomacentridae,Amblyglyphidodon,orbicularis,temp_code_001,1,AD,Passing,
GX010044_L.MP4,30021,16.695,YA_MAC_Transect 1,1.4097,212.332,15.45,8.724,4186.321,21.58,39.689,45.385,506.016,-1454.222,-3892.875,YA_MAC,Peter,Scaridae,Scarus,schlegeli,37386029,1,AD,Passing,
GX010044_L.MP4,30021,16.695,YA_MAC_Transect 1,1.4097,,8.618,0.011,3806.328,23.79,,,1140.684,-1029.856,-3482.293,YA_MAC,Peter,Scaridae,Scarus,schlegeli,37386029,1,AD,Passing,
GX010044_L.MP4,30021,16.695,YA_MAC_Transect 1,1.4097,,6.469,10.862,3371.337,29.174,,,1237.633,-1082.969,-2943.018,YA_MAC,Peter,Acanthuridae,Acanthurus,sp,,1,AD,Passing,
GX010044_L.MP4,30021,16.695,YA_MAC_Transect 1,1.4097,,5.72,0.148,3059.818,23.492,,,827.084,-898.057,-2805.692,YA_MAC,Peter,Acanthuridae,Acanthurus,sp,,1,AD,Passing,
GX010044_L.MP4,30037,16.7039,YA_MAC_Transect 1,1.4186,370.22,9.959,1.352,4946.157,17.981,7.058,24.164,721.169,-1345.869,-4704.574,YA_MAC,Peter,Lutjanidae,Lutjanus,bohar,37346029,1,AD,Passing,
GX010044_L.MP4,30060,16.7167,YA_MAC_Transect 1,1.4314,268.868,26.16,10.624,5087.885,27.7,48.396,22.939,1882.154,-1432.088,-4504.796,YA_MAC,Peter,Scaridae,Chlorurus,spilurus,temp_code_002,1,AD,Passing,
GX010044_L.MP4,30083,16.7295,YA_MAC_Transect 1,1.4442,151.744,5.419,12.74,3019.66,23.562,17.277,7.727,-585.272,-1055.687,-2767.91,YA_MAC,Peter,Scaridae,Scarus,schlegeli,37386029,1,AD,Passing,
GX010044_L.MP4,30104,16.7412,YA_MAC_Transect 1,1.4559,,4.79,5.32,2947.646,28.187,,,-1137.335,-804.657,-2597.617,YA_MAC,Peter,Lethrinidae,Lethrinus,harak,37351017,1,AD,Passing,
GX010044_L.MP4,30104,16.7412,YA_MAC_Transect 1,1.4559,,4.614,14.138,2962.044,29.532,,,-1326.29,-611.88,-2576.87,YA_MAC,Peter,Lethrinidae,Lethrinus,harak,37351017,1,AD,Passing,
GX010044_L.MP4,30104,16.7412,YA_MAC_Transect 1,1.4559,,9.388,2.501,4022.42,21.878,,,-1091.447,-1029.463,-3732.132,YA_MAC,Peter,Lethrinidae,Lethrinus,harak,37351017,1,AD,Passing,
GX010044_L.MP4,30104,16.7412,YA_MAC_Transect 1,1.4559,,9.287,0.487,3950.282,20.253,,,-836.316,-1084.028,-3705.427,YA_MAC,Peter,Lethrinidae,Lethrinus,harak,37351017,1,AD,Passing,
GX010044_L.MP4,30104,16.7412,YA_MAC_Transect 1,1.4559,,7.879,3.279,3637.018,19.896,,,-846.02,-905.419,-3419.411,YA_MAC,Peter,Lethrinidae,Lethrinus,harak,37351017,1,AD,Passing,
GX010044_L.MP4,30110,16.7445,YA_MAC_Transect 1,1.4592,,7.44,6.688,3643.341,18.711,,,-1148.286,-219.93,-3450.653,YA_MAC,Peter,Pomacentridae,Amblyglyphidodon,curacao,37372017,1,AD,Passing,
GX010044_L.MP4,30110,16.7445,YA_MAC_Transect 1,1.4592,,7.546,3.895,3597.256,14.997,,,-889.849,-275.243,-3474.573,YA_MAC,Peter,Pomacentridae,Amblyglyphidodon,curacao,37372017,1,AD,Passing,
GX010044_L.MP4,30110,16.7445,YA_MAC_Transect 1,1.4592,,10.362,6.016,4347.407,18.636,,,-1371.518,-223.601,-4119.331,YA_MAC,Peter,Pomacentridae,Amblyglyphidodon,curacao,37372017,1,AD,Passing,
GX010044_L.MP4,30110,16.7445,YA_MAC_Transect 1,1.4592,,5.288,1.094,3091.529,22.386,,,-1145.057,-275.647,-2858.394,YA_MAC,Peter,Pomacentridae,Amblyglyphidodon,orbicularis,temp_code_001,1,AD,Passing,
GX010044_L.MP4,30110,16.7445,YA_MAC_Transect 1,1.4592,,5.635,1.107,3145.558,20.073,,,-1035.03,-308.732,-2954.308,YA_MAC,Peter,Pomacentridae,Amblyglyphidodon,orbicularis,temp_code_001,1,AD,Passing,
GX010044_L.MP4,30110,16.7445,YA_MAC_Transect 1,1.4592,,7.084,1.987,3538.683,17.816,,,-1072.011,-153.559,-3368.9,YA_MAC,Peter,Pomacentridae,Chromis,ternatensis,37372051,1,AD,Passing,
GX010044_L.MP4,30110,16.7445,YA_MAC_Transect 1,1.4592,,9.105,0.363,4105.711,20.003,,,-1401.444,-93.903,-3857.978,YA_MAC,Peter,Pomacentridae,Chromis,ternatensis,37372051,1,AD,Passing,
GX010044_L.MP4,30110,16.7445,YA_MAC_Transect 1,1.4592,,9.483,1.27,4129.89,17.129,,,-1215.358,-51.265,-3946.679,YA_MAC,Peter,Pomacentridae,Chromis,ternatensis,37372051,1,AD,Passing,
GX010044_L.MP4,30125,16.7528,YA_MAC_Transect 1,1.4676,198.664,19.153,10.149,3721.305,16.714,50.259,4.81,-41.969,-1069.408,-3564.087,YA_MAC,Peter,Lethrinidae,Lethrinus,harak,37351017,1,AD,Passing,
GX010044_L.MP4,30142,16.7623,YA_MAC_Transect 1,1.477,224.324,8.193,19.118,2332.911,22.288,87.887,2.664,-771.818,-432.585,-2158.62,YA_MAC,Peter,Lethrinidae,Lethrinus,harak,37351017,1,AD,Passing,
GX010044_L.MP4,30142,16.7623,YA_MAC_Transect 1,1.477,,5.909,4.762,3163.559,20.908,,,-889.584,-696.888,-2954.842,YA_MAC,Peter,Lethrinidae,Lethrinus,harak,37351017,1,AD,Passing,
GX010044_L.MP4,30224,16.8079,YA_MAC_Transect 1,1.5226,225.194,2.744,5.902,2765.413,17.121,0.575,7.777,-315.652,-750.44,-2642.861,YA_MAC,Peter,Lethrinidae,Lethrinus,harak,37351017,1,AD,Passing,
GX010044_L.MP4,30225,16.8085,YA_MAC_Transect 1,1.5232,69.963,2.814,2.948,2197.559,17.36,4.45,29.963,-631.648,-175.953,-2097.457,YA_MAC,Peter,Pomacentridae,Amblyglyphidodon,curacao,37372017,1,AD,Passing,
GX010044_L.MP4,30225,16.8085,YA_MAC_Transect 1,1.5232,107.837,7.944,4.515,2480.38,25.963,89.881,14.932,-1082.884,-80.51,-2230.06,YA_MAC,Peter,Pomacentridae,Amblyglyphidodon,orbicularis,temp_code_001,1,AD,Passing,
GX010044_L.MP4,30225,16.8085,YA_MAC_Transect 1,1.5232,,3.026,3.861,2312.652,24.365,,,-953.234,39.12,-2106.697,YA_MAC,Peter,Pomacentridae,Amblyglyphidodon,orbicularis,temp_code_001,1,AD,Passing,
GX010044_L.MP4,30225,16.8085,YA_MAC_Transect 1,1.5232,,6.771,1.2,3516.739,20.497,,,-1231.221,-24.147,-3294.08,YA_MAC,Peter,Pomacentridae,Amblyglyphidodon,orbicularis,temp_code_001,1,AD,Passing,
GX010044_L.MP4,30225,16.8085,YA_MAC_Transect 1,1.5232,118.454,6.527,4.923,2145.589,23.491,83.775,8.515,-842.552,-146.795,-1967.768,YA_MAC,Peter,Pomacentridae,Dascyllus,reticulatus,37372074,1,AD,Passing,
GX010044_L.MP4,30225,16.8085,YA_MAC_Transect 1,1.5232,84.549,6.367,1.794,2374.197,21.749,56.031,30.184,-860.246,184.1,-2205.197,YA_MAC,Peter,Pomacentridae,Chromis,ternatensis,37372051,1,AD,Passing,
GX010044_L.MP4,30225,16.8085,YA_MAC_Transect 1,1.5232,,3.537,0.684,2448.172,19.893,,,-828.753,82.942,-2302.137,YA_MAC,Peter,Pomacentridae,Chromis,ternatensis,37372051,1,AD,Passing,
GX010044_L.MP4,30225,16.8085,YA_MAC_Transect 1,1.5232,,5.673,9.282,3106.645,15.221,,,-815.417,-20.433,-2997.653,YA_MAC,Peter,Pomacentridae,Chromis,ternatensis,37372051,1,AD,Passing,
GX010044_L.MP4,30225,16.8085,YA_MAC_Transect 1,1.5232,,5.325,3.813,3000.978,15.469,,,-794.528,95.301,-2892.319,YA_MAC,Peter,Pomacentridae,Chromis,ternatensis,37372051,1,AD,Passing,
GX010044_L.MP4,30225,16.8085,YA_MAC_Transect 1,1.5232,,7.415,3.416,3628.75,18.42,,,-1124.408,222.67,-3442.957,YA_MAC,Peter,Pomacentridae,Chromis,ternatensis,37372051,1,AD,Passing,
GX010044_L.MP4,30281,16.8396,YA_MAC_Transect 1,1.5543,,6.072,2.867,3230.488,26.079,,,1156.757,-825.554,-2901.108,YA_MAC,Peter,Pomacentridae,Pomacentrus,callainus,temp_code_004,1,AD,Passing,
GX010044_L.MP4,30281,16.8396,YA_MAC_Transect 1,1.5543,,7.383,0.423,3579.618,24.074,,,1296.123,-674.381,-3267.865,YA_MAC,Peter,Pomacentridae,Amblyglyphidodon,orbicularis,temp_code_001,1,AD,Passing,
GX010044_L.MP4,30350,16.878,YA_MAC_Transect 1,1.5927,,3.565,0.214,2370.682,22.608,,,477.808,-777.335,-2188.055,YA_MAC,Peter,Pomacentridae,Pomacentrus,moluccensis,37372118,1,AD,Passing,
GX010044_L.MP4,30350,16.878,YA_MAC_Transect 1,1.5927,90.627,3.908,5.052,1870.437,23.051,41.873,6.875,441.098,-584.633,-1721.096,YA_MAC,Peter,Labridae,Halichoeres,prosopeion,37384120,1,AD,Passing,
GX010044_L.MP4,30416,16.9147,YA_MAC_Transect 1,1.6294,44.154,3.231,6.683,1787.023,18.625,31.403,1.365,-461.224,-336.157,-1693.435,YA_MAC,Peter,Pomacentridae,Dascyllus,aruanus,37372073,1,AD,Passing,
GX010044_L.MP4,30416,16.9147,YA_MAC_Transect 1,1.6294,64.453,5.825,3.162,2418.342,11.028,29.324,6.733,325.95,-328.285,-2373.682,YA_MAC,Peter,Pomacentridae,Pomacentrus,callainus,temp_code_004,1,AD,Passing,
GX010044_L.MP4,30416,16.9147,YA_MAC_Transect 1,1.6294,,2.925,0.851,2111.283,10.408,,,1.334,-382.625,-2076.322,YA_MAC,Peter,Pomacentridae,Pomacentrus,callainus,temp_code_004,1,AD,Passing,
GX010044_L.MP4,30416,16.9147,YA_MAC_Transect 1,1.6294,,2.302,0.518,1847.682,12.392,,,128.746,-376.087,-1804.415,YA_MAC,Peter,Pomacentridae,Pomacentrus,callainus,temp_code_004,1,AD,Passing,
GX010044_L.MP4,30416,16.9147,YA_MAC_Transect 1,1.6294,,2.327,1.399,1857.937,9.824,,,111.177,-297.951,-1830.518,YA_MAC,Peter,Pomacentridae,Pomacentrus,callainus,temp_code_004,1,AD,Passing,
GX010044_L.MP4,30416,16.9147,YA_MAC_Transect 1,1.6294,,2.576,2.318,1970.556,8.357,,,-70.447,-278.736,-1949.471,YA_MAC,Peter,Pomacentridae,Pomacentrus,callainus,temp_code_004,1,AD,Passing,
GX010044_L.MP4,30416,16.9147,YA_MAC_Transect 1,1.6294,,1.932,8.038,1679.474,9.779,,,-277.75,-65.993,-1655.032,YA_MAC,Peter,Pomacentridae,Amblyglyphidodon,curacao,37372017,1,AD,Passing,
GX010044_L.MP4,30416,16.9147,YA_MAC_Transect 1,1.6294,,2.123,5.054,1804.784,20.097,,,-493.683,-376.32,-1694.67,YA_MAC,Peter,Pomacentridae,Chrysiptera,glauca,37372062,1,AD,Passing,
GX010044_L.MP4,30416,16.9147,YA_MAC_Transect 1,1.6294,,2.13,2.929,1779.676,15.048,,,-289.559,-361.091,-1718.434,YA_MAC,Peter,Pomacentridae,Chrysiptera,glauca,37372062,1,AD,Passing,
GX010044_L.MP4,30416,16.9147,YA_MAC_Transect 1,1.6294,,2.032,5.705,1749.685,18.948,,,-403.531,-400.907,-1654.64,YA_MAC,Peter,Pomacentridae,Pomacentrus,maafu,temp_code_005,1,AD,Passing,
GX010044_L.MP4,30416,16.9147,YA_MAC_Transect 1,1.6294,,2.207,4.084,1823.556,17.825,,,-308.65,-466.12,-1735.749,YA_MAC,Peter,Pomacentridae,Pomacentrus,moluccensis,37372118,1,AD,Passing,
GX010044_L.MP4,30416,16.9147,YA_MAC_Transect 1,1.6294,,3.137,0.823,2185.909,16.458,,,445.543,-431.353,-2096.097,YA_MAC,Peter,Pomacentridae,Pomacentrus,moluccensis,37372118,1,AD,Passing,
GX010044_L.MP4,30416,16.9147,YA_MAC_Transect 1,1.6294,79.676,6.337,5.412,2530.038,17.72,31.094,2.911,-762.606,-106.973,-2409.996,YA_MAC,Peter,Pomacentridae,Amblyglyphidodon,orbicularis,temp_code_001,1,AD,Passing,
GX010044_L.MP4,30416,16.9147,YA_MAC_Transect 1,1.6294,,2.225,1.175,1822.529,19.173,,,457.307,-387.21,-1721.206,YA_MAC,Peter,Pomacentridae,Amblyglyphidodon,orbicularis,temp_code_001,1,AD,Passing,
GX010044_L.MP4,30416,16.9147,YA_MAC_Transect 1,1.6294,,2.956,4.859,2114.408,12.608,,,389.267,-249.176,-2063.274,YA_MAC,Peter,Pomacentridae,Amblyglyphidodon,orbicularis,temp_code_001,1,AD,Passing,
GX010044_L.MP4,30416,16.9147,YA_MAC_Transect 1,1.6294,163.053,13.532,2.166,2875.592,15.392,72.758,6.382,-743.766,-171.335,-2772.451,YA_MAC,Peter,Acanthuridae,Ctenochaetus,striatus,37437022,1,AD,Passing,
GX010044_L.MP4,30416,16.9147,YA_MAC_Transect 1,1.6294,81.412,5.146,1.575,1854.17,19.795,74.124,12.097,-622.304,-83.892,-1744.605,YA_MAC,Peter,Pomacentridae,Chromis,ternatensis,37372051,1,AD,Passing,
GX010044_L.MP4,30416,16.9147,YA_MAC_Transect 1,1.6294,53.794,4.29,0.753,1655.605,8.903,59.221,19.203,175.357,-186.815,-1635.658,YA_MAC,Peter,Pomacentridae,Chromis,ternatensis,37372051,1,AD,Passing,
GX010044_L.MP4,30416,16.9147,YA_MAC_Transect 1,1.6294,,2.832,1.364,2088.42,11.231,,,-395.36,94.445,-2048.48,YA_MAC,Peter,Pomacentridae,Chromis,ternatensis,37372051,1,AD,Passing,
GX010044_L.MP4,30416,16.9147,YA_MAC_Transect 1,1.6294,,3.34,1.074,2289.969,11.575,,,-439.239,133.611,-2243.474,YA_MAC,Peter,Pomacentridae,Chromis,ternatensis,37372051,1,AD,Passing,
GX010044_L.MP4,30416,16.9147,YA_MAC_Transect 1,1.6294,,3.601,0.801,2372.461,8.939,,,-271.13,248.366,-2343.795,YA_MAC,Peter,Pomacentridae,Chromis,ternatensis,37372051,1,AD,Passing,
GX010044_L.MP4,30416,16.9147,YA_MAC_Transect 1,1.6294,,3.461,0.827,2330.56,3.801,,,-143.711,55.389,-2325.465,YA_MAC,Peter,Pomacentridae,Chromis,ternatensis,37372051,1,AD,Passing,
GX010044_L.MP4,30416,16.9147,YA_MAC_Transect 1,1.6294,,2.513,2.904,1948.295,2.265,,,-49.258,58.036,-1946.807,YA_MAC,Peter,Pomacentridae,Chromis,ternatensis,37372051,1,AD,Passing,
GX010044_L.MP4,30416,16.9147,YA_MAC_Transect 1,1.6294,,3.537,1.685,2352.292,4.19,,,60.492,159.513,-2346.097,YA_MAC,Peter,Pomacentridae,Chromis,ternatensis,37372051,1,AD,Passing,
GX010044_L.MP4,30416,16.9147,YA_MAC_Transect 1,1.6294,,2.805,2.366,2061.482,6.255,,,222.386,-32.589,-2049.192,YA_MAC,Peter,Pomacentridae,Chromis,ternatensis,37372051,1,AD,Passing,
GX010044_L.MP4,30416,16.9147,YA_MAC_Transect 1,1.6294,,5.673,3.569,3040.268,16.795,,,812.863,-334.829,-2910.391,YA_MAC,Peter,Pomacentridae,Chromis,ternatensis,37372051,1,AD,Passing,
GX010044_L.MP4,30416,16.9147,YA_MAC_Transect 1,1.6294,,2.984,0.091,2144.673,4.767,,,-153.232,-92.269,-2137.201,YA_MAC,Peter,Pomacentridae,Dascyllus,trimaculatus,37372075,1,AD,Passing,
GX010044_L.MP4,30416,16.9147,YA_MAC_Transect 1,1.6294,60.851,3.473,4.165,2142.99,19.536,14.268,3.23,-702.011,-143.932,-2019.621,YA_MAC,Peter,Pomacentridae,Chromis,viridis,37372053,1,AD,Passing,
GX010044_L.MP4,30416,16.9147,YA_MAC_Transect 1,1.6294,58.02,2.435,2.776,1897.883,12.399,12.582,13.299,-380.542,-145.796,-1853.616,YA_MAC,Peter,Pomacentridae,Chromis,viridis,37372053,1,AD,Passing,
GX010044_L.MP4,30416,16.9147,YA_MAC_Transect 1,1.6294,51.653,4.397,3.138,2047.32,15.196,33.975,21.677,533.077,-61.755,-1975.736,YA_MAC,Peter,Pomacentridae,Chromis,viridis,37372053,1,AD,Passing,
GX010044_L.MP4,30416,16.9147,YA_MAC_Transect 1,1.6294,48.132,2.427,1.252,1996.821,13.556,4.321,0.065,445.967,-142.056,-1941.192,YA_MAC,Peter,Pomacentridae,Chromis,viridis,37372053,1,AD,Passing,
GX010044_L.MP4,30416,16.9147,YA_MAC_Transect 1,1.6294,,3.634,3.236,2479.342,19.423,,,-821.375,70.028,-2338.285,YA_MAC,Peter,Pomacentridae,Chromis,viridis,37372053,1,AD,Passing,
GX010044_L.MP4,30416,16.9147,YA_MAC_Transect 1,1.6294,,3.084,0.569,2298.164,22.183,,,-861.532,102.107,-2128.12,YA_MAC,Peter,Pomacentridae,Chromis,viridis,37372053,1,AD,Passing,
GX010044_L.MP4,30416,16.9147,YA_MAC_Transect 1,1.6294,,3.432,3.277,2535.959,26.977,,,-1150.19,-23.341,-2260.002,YA_MAC,Peter,Pomacentridae,Chromis,viridis,37372053,1,AD,Passing,
GX010044_L.MP4,30416,16.9147,YA_MAC_Transect 1,1.6294,,3.241,0.252,2267.833,14.126,,,-543.501,103.309,-2199.318,YA_MAC,Peter,Pomacentridae,Chromis,viridis,37372053,1,AD,Passing,
GX010044_L.MP4,30416,16.9147,YA_MAC_Transect 1,1.6294,,2.524,1.063,1975.791,14.995,,,-507.574,59.627,-1908.551,YA_MAC,Peter,Pomacentridae,Chromis,viridis,37372053,1,AD,Passing,
GX010044_L.MP4,30416,16.9147,YA_MAC_Transect 1,1.6294,,3.6,3.255,2411.413,15.242,,,-617.06,144,-2326.675,YA_MAC,Peter,Pomacentridae,Chromis,viridis,37372053,1,AD,Passing,
GX010044_L.MP4,30416,16.9147,YA_MAC_Transect 1,1.6294,,3.605,1.882,2404.246,15.246,,,-588.302,230.141,-2319.77,YA_MAC,Peter,Pomacentridae,Chromis,viridis,37372053,1,AD,Passing,
GX010044_L.MP4,30416,16.9147,YA_MAC_Transect 1,1.6294,,3.897,3.321,2487.579,13.635,,,-494.184,314.308,-2417.652,YA_MAC,Peter,Pomacentridae,Chromis,viridis,37372053,1,AD,Passing,
GX010044_L.MP4,30416,16.9147,YA_MAC_Transect 1,1.6294,,2.502,7.085,1956.737,13.564,,,-451.051,83.483,-1902.211,YA_MAC,Peter,Pomacentridae,Chromis,viridis,37372053,1,AD,Passing,
GX010044_L.MP4,30416,16.9147,YA_MAC_Transect 1,1.6294,,3.888,0.859,2478.775,8.271,,,-299.712,191.773,-2453.105,YA_MAC,Peter,Pomacentridae,Chromis,viridis,37372053,1,AD,Passing,
GX010044_L.MP4,30416,16.9147,YA_MAC_Transect 1,1.6294,,3.233,5.328,2242.109,8.177,,,-300.407,105.765,-2219.374,YA_MAC,Peter,Pomacentridae,Chromis,viridis,37372053,1,AD,Passing,
GX010044_L.MP4,30416,16.9147,YA_MAC_Transect 1,1.6294,,4.007,1.956,2518.763,7.242,,,-230.288,217.13,-2498.798,YA_MAC,Peter,Pomacentridae,Chromis,viridis,37372053,1,AD,Passing,
GX010044_L.MP4,30416,16.9147,YA_MAC_Transect 1,1.6294,,4.409,0.885,2649.807,9.474,,,-324.828,289.566,-2613.832,YA_MAC,Peter,Pomacentridae,Chromis,viridis,37372053,1,AD,Passing,
GX010044_L.MP4,30416,16.9147,YA_MAC_Transect 1,1.6294,,3.287,4.477,2258.996,5.967,,,-131.686,193.121,-2246.871,YA_MAC,Peter,Pomacentridae,Chromis,viridis,37372053,1,AD,Passing,
GX010044_L.MP4,30416,16.9147,YA_MAC_Transect 1,1.6294,,3.164,1.555,2210.408,3.859,,,127.151,75.922,-2205.442,YA_MAC,Peter,Pomacentridae,Chromis,viridis,37372053,1,AD,Passing,
GX010044_L.MP4,30416,16.9147,YA_MAC_Transect 1,1.6294,,2.753,0.183,2047.892,2.487,,,77.092,43.025,-2045.988,YA_MAC,Peter,Pomacentridae,Chromis,viridis,37372053,1,AD,Passing,
GX010044_L.MP4,30416,16.9147,YA_MAC_Transect 1,1.6294,,4.389,3.274,2656.526,1.911,,,60.193,63.417,-2655.086,YA_MAC,Peter,Pomacentridae,Chromis,viridis,37372053,1,AD,Passing,
GX010044_L.MP4,30416,16.9147,YA_MAC_Transect 1,1.6294,,2.425,2.561,1909.772,2.084,,,-29.628,-63.91,-1908.472,YA_MAC,Peter,Pomacentridae,Chromis,viridis,37372053,1,AD,Passing,
GX010044_L.MP4,30416,16.9147,YA_MAC_Transect 1,1.6294,,2.875,3.679,2101.75,1.095,,,-29.706,-28.259,-2101.35,YA_MAC,Peter,Pomacentridae,Chromis,viridis,37372053,1,AD,Passing,
GX010044_L.MP4,30416,16.9147,YA_MAC_Transect 1,1.6294,,2.431,1.083,1911.898,8.659,,,-268.612,-104.537,-1890.046,YA_MAC,Peter,Pomacentridae,Chromis,viridis,37372053,1,AD,Passing,
GX010044_L.MP4,30416,16.9147,YA_MAC_Transect 1,1.6294,,3.526,1.809,2364.752,12.443,,,-489.028,-144.485,-2309.119,YA_MAC,Peter,Pomacentridae,Chromis,viridis,37372053,1,AD,Passing,
GX010044_L.MP4,30416,16.9147,YA_MAC_Transect 1,1.6294,,2.981,1.572,2181.48,19.719,,,734.127,-54.348,-2053.523,YA_MAC,Peter,Pomacentridae,Chromis,viridis,37372053,1,AD,Passing,
GX010044_L.MP4,30416,16.9147,YA_MAC_Transect 1,1.6294,,6.969,6.103,3458.602,20.499,,,1163.324,-338.924,-3239.403,YA_MAC,Peter,Pomacentridae,Chromis,viridis,37372053,1,AD,Passing,
GX010044_L.MP4,30416,16.9147,YA_MAC_Transect 1,1.6294,,2.565,1.157,2019.594,22.818,,,725.772,-295.457,-1861.376,YA_MAC,Peter,Pomacentridae,Chromis,viridis,37372053,1,AD,Passing,
GX010044_L.MP4,30416,16.9147,YA_MAC_Transect 1,1.6294,,2.472,3.998,2040.701,27.092,,,885.397,-283.533,-1816.629,YA_MAC,Peter,Pomacentridae,Chromis,viridis,37372053,1,AD,Passing,
GX010044_L.MP4,30416,16.9147,YA_MAC_Transect 1,1.6294,,2.568,3.093,1955.148,12.349,,,314.604,-276.55,-1909.751,YA_MAC,Peter,Pomacentridae,Chromis,viridis,37372053,1,AD,Passing,
GX010044_L.MP4,30439,16.9275,YA_MAC_Transect 1,1.6422,45.017,2.492,4.216,1533.579,18.984,38.539,20.804,10.133,-498.783,-1450.165,YA_MAC,Peter,Pomacentridae,Pomacentrus,maafu,temp_code_005,1,AD,Passing,
GX010044_L.MP4,30439,16.9275,YA_MAC_Transect 1,1.6422,,1.75,2.345,1608.066,17.646,,,-82.201,-481.39,-1532.117,YA_MAC,Peter,Pomacentridae,Pomacentrus,moluccensis,37372118,1,AD,Passing,
GX010044_L.MP4,30611,17.0231,YA_MAC_Transect 1,1.7378,100.092,4.177,5.55,1698.081,21.55,63.919,2.695,-154.763,-604.213,-1579.385,YA_MAC,Peter,Pomacentridae,Abudefduf,vaigiensis,37372013,1,AD,Passing,
GX010044_L.MP4,30711,17.0787,YA_MAC_Transect 1,1.7935,,6.912,13.103,3617.622,30.117,,,-1488.715,-1040.4,-3128.655,YA_MAC,Peter,Pomacentridae,Dascyllus,aruanus,37372073,1,AD,Passing,
GX010044_L.MP4,30980,17.2283,YA_MAC_Transect 1,1.9431,329,8.206,6.492,4134.968,17.829,2.633,20.904,-1089.4,-644.997,-3936.387,YA_MAC,Peter,Scaridae,Scarus,dimidiatus,37386013,1,AD,Passing,
GX010044_L.MP4,31054,17.2695,YA_MAC_Transect 1,1.9842,,3.376,1.231,2496.946,26.221,,,-1101.78,-58.312,-2239.959,YA_MAC,Peter,Pomacentridae,Amblyglyphidodon,orbicularis,temp_code_001,1,AD,Passing,
GX010044_L.MP4,31082,17.285,YA_MAC_Transect 1,1.9998,,3.827,1.409,2455.312,19.09,,,161.959,-787.852,-2319.831,YA_MAC,Peter,Pomacentridae,Dascyllus,aruanus,37372073,1,AD,Passing,
GX010044_L.MP4,31082,17.285,YA_MAC_Transect 1,1.9998,,4.313,4.633,2635.709,20.196,,,-24.581,-911.06,-2473.121,YA_MAC,Peter,Pomacentridae,Dascyllus,aruanus,37372073,1,AD,Passing,
GX010044_L.MP4,31082,17.285,YA_MAC_Transect 1,1.9998,,7.005,4.282,3407.34,6.851,,,-161.761,-374.851,-3382.793,YA_MAC,Peter,Pomacentridae,Dascyllus,aruanus,37372073,1,AD,Passing,
GX010044_L.MP4,31082,17.285,YA_MAC_Transect 1,1.9998,69.527,2.477,2.75,1926.363,12.426,22.781,53.612,-8.993,-414.422,-1881.236,YA_MAC,Peter,Pomacentridae,Pomacentrus,callainus,temp_code_004,1,AD,Passing,
GX010044_L.MP4,31082,17.285,YA_MAC_Transect 1,1.9998,,3.404,0.897,2280.283,14.871,,,368.409,-456.007,-2203.638,YA_MAC,Peter,Pomacentridae,Pomacentrus,callainus,temp_code_004,1,AD,Passing,
GX010044_L.MP4,31082,17.285,YA_MAC_Transect 1,1.9998,81.378,2.998,1.67,1955.107,18.026,20.233,24.074,-569.563,-203.985,-1859.148,YA_MAC,Peter,Pomacentridae,Stegastes,lacrymatus,temp_code_006,1,AD,Passing,
GX010044_L.MP4,31082,17.285,YA_MAC_Transect 1,1.9998,,6.287,3.793,3188.725,10.392,,,93.37,-569.399,-3136.086,YA_MAC,Peter,Pomacentridae,Pomacentrus,moluccensis,37372118,1,AD,Passing,
GX010044_L.MP4,31108,17.2995,YA_MAC_Transect 1,2.0142,52.099,4.93,4.473,2103.322,21.261,42.97,15.066,-178.78,-741.466,-1960.16,YA_MAC,Peter,Pomacentridae,Dascyllus,aruanus,37372073,1,AD,Passing,
GX010044_L.MP4,31121,17.3067,YA_MAC_Transect 1,2.0215,,5.073,1.654,2864.204,9.465,,,-378.052,-282.564,-2825.048,YA_MAC,Peter,Pomacentridae,Dascyllus,aruanus,37372073,1,AD,Passing,
GX010044_L.MP4,31121,17.3067,YA_MAC_Transect 1,2.0215,61.184,2.559,1.601,1779.558,14.832,34.878,52.099,-279.669,-359.59,-1720.264,YA_MAC,Peter,Pomacentridae,Pomacentrus,callainus,temp_code_004,1,AD,Passing,
GX010044_L.MP4,31121,17.3067,YA_MAC_Transect 1,2.0215,58.25,2.301,3.053,2010.95,15.375,4.234,23.066,-445.99,-292.149,-1938.985,YA_MAC,Peter,Pomacentridae,Pomacentrus,callainus,temp_code_004,1,AD,Passing,
GX010044_L.MP4,31121,17.3067,YA_MAC_Transect 1,2.0215,56.137,4.462,2.621,2235.221,13.308,28.027,24.733,-498.112,-128.831,-2175.201,YA_MAC,Peter,Pomacentridae,Pomacentrus,callainus,temp_code_004,1,AD,Passing,
GX010044_L.MP4,31121,17.3067,YA_MAC_Transect 1,2.0215,,4.292,2.923,2635.342,11.987,,,-531.67,-131.457,-2577.804,YA_MAC,Peter,Pomacentridae,Pomacentrus,callainus,temp_code_004,1,AD,Passing,
GX010044_L.MP4,31121,17.3067,YA_MAC_Transect 1,2.0215,,2.705,6.435,2092.472,18.923,,,-677.446,-40.697,-1979.356,YA_MAC,Peter,Pomacentridae,Pomacentrus,callainus,temp_code_004,1,AD,Passing,
GX010044_L.MP4,31121,17.3067,YA_MAC_Transect 1,2.0215,,4.654,7.672,2724.154,9.891,,,-272.902,-381.671,-2683.443,YA_MAC,Peter,Pomacentridae,Pomacentrus,moluccensis,37372118,1,AD,Passing,
GX010044_L.MP4,31121,17.3067,YA_MAC_Transect 1,2.0215,,7.659,0.701,3610.786,13.103,,,-787.465,-225.649,-3516.64,YA_MAC,Peter,Pomacentridae,Amblyglyphidodon,orbicularis,temp_code_001,1,AD,Passing,
GX010044_L.MP4,31121,17.3067,YA_MAC_Transect 1,2.0215,,5.484,0.778,3007.933,13.771,,,-653.539,290.749,-2921.645,YA_MAC,Peter,Pomacentridae,Amblyglyphidodon,orbicularis,temp_code_001,1,AD,Passing,
GX010044_L.MP4,31121,17.3067,YA_MAC_Transect 1,2.0215,,8.676,3.329,4053.389,22.607,,,-1537.915,247.99,-3742.096,YA_MAC,Peter,Pomacentridae,Pomacentrus,sp,,1,AD,Passing,
GX010044_L.MP4,31121,17.3067,YA_MAC_Transect 1,2.0215,,6.023,2.328,3152.423,7.651,,,-377.881,180.841,-3124.464,YA_MAC,Peter,Pomacentridae,Chromis,viridis,37372053,1,AD,Passing,
GX010044_L.MP4,31121,17.3067,YA_MAC_Transect 1,2.0215,,3.98,3.255,2529.867,12.568,,,-534.076,132.07,-2469.321,YA_MAC,Peter,Pomacentridae,Chromis,viridis,37372053,1,AD,Passing,
GX010044_L.MP4,31121,17.3067,YA_MAC_Transect 1,2.0215,,4.624,3.653,2733.843,6.848,,,-315.156,81.692,-2714.388,YA_MAC,Peter,Pomacentridae,Chromis,viridis,37372053,1,AD,Passing,
GX010044_L.MP4,31121,17.3067,YA_MAC_Transect 1,2.0215,,4.601,0.434,2731.411,2.127,,,-99.494,-20.979,-2729.518,YA_MAC,Peter,Pomacentridae,Chromis,viridis,37372053,1,AD,Passing,
GX010044_L.MP4,31121,17.3067,YA_MAC_Transect 1,2.0215,,4.22,0.801,2601.256,5.31,,,-237.635,-40.145,-2590.068,YA_MAC,Peter,Pomacentridae,Chromis,viridis,37372053,1,AD,Passing,
GX010044_L.MP4,31121,17.3067,YA_MAC_Transect 1,2.0215,,3.617,3.181,2387.484,5.387,,,-211.37,-75.95,-2376.896,YA_MAC,Peter,Pomacentridae,Chromis,viridis,37372053,1,AD,Passing,
GX010044_L.MP4,31121,17.3067,YA_MAC_Transect 1,2.0215,,4.863,4.136,2805.47,3.729,,,71.055,-169.72,-2799.43,YA_MAC,Peter,Pomacentridae,Chromis,viridis,37372053,1,AD,Passing,
GX010044_L.MP4,31121,17.3067,YA_MAC_Transect 1,2.0215,,5.125,0.075,2979.22,18.552,,,-936.569,144.315,-2824.494,YA_MAC,Peter,Pomacentridae,Chromis,viridis,37372053,1,AD,Passing,
GX010044_L.MP4,31121,17.3067,YA_MAC_Transect 1,2.0215,,11.414,7.134,4420.902,13.983,,,1067.964,23.051,-4289.906,YA_MAC,Peter,Pomacentridae,Chromis,viridis,37372053,1,AD,Passing,
GX010044_L.MP4,31121,17.3067,YA_MAC_Transect 1,2.0215,,9.747,3.577,4052.121,8.887,,,625.912,7.618,-4003.481,YA_MAC,Peter,Pomacentridae,Chromis,viridis,37372053,1,AD,Passing,
GX010044_L.MP4,31121,17.3067,YA_MAC_Transect 1,2.0215,,25.419,7.662,6699.626,7.924,,,910.694,150.316,-6635.739,YA_MAC,Peter,Pomacentridae,Chromis,viridis,37372053,1,AD,Passing,
GX010044_L.MP4,31121,17.3067,YA_MAC_Transect 1,2.0215,,7.465,5.82,3510.211,8.928,,,530.918,-124.187,-3467.605,YA_MAC,Peter,Pomacentridae,Chromis,viridis,37372053,1,AD,Passing,
GX010044_L.MP4,31121,17.3067,YA_MAC_Transect 1,2.0215,,8.256,1.854,3727.766,16.2,,,1009.875,-250.731,-3579.598,YA_MAC,Peter,Pomacentridae,Chromis,viridis,37372053,1,AD,Passing,
GX010044_L.MP4,31121,17.3067,YA_MAC_Transect 1,2.0215,,14.242,12.809,4936.11,14.872,,,1214.587,357.578,-4770.964,YA_MAC,Peter,Pomacentridae,Chromis,viridis,37372053,1,AD,Passing,
GX010044_L.MP4,31121,17.3067,YA_MAC_Transect 1,2.0215,,9.291,1.765,3988.848,16.238,,,1111.897,85.827,-3829.781,YA_MAC,Peter,Pomacentridae,Chromis,viridis,37372053,1,AD,Passing,
GX010044_L.MP4,31121,17.3067,YA_MAC_Transect 1,2.0215,,12.779,0.344,4681.766,13.574,,,1090.88,129.194,-4551.068,YA_MAC,Peter,Pomacentridae,Chromis,viridis,37372053,1,AD,Passing,
GX010044_L.MP4,31121,17.3067,YA_MAC_Transect 1,2.0215,,13.24,0.323,4744.04,9.89,,,777,242.636,-4673.683,YA_MAC,Peter,Pomacentridae,Chromis,viridis,37372053,1,AD,Passing,
GX010044_L.MP4,31121,17.3067,YA_MAC_Transect 1,2.0215,,11.693,0.175,4429.158,11.662,,,827.132,340.173,-4337.923,YA_MAC,Peter,Pomacentridae,Chromis,viridis,37372053,1,AD,Passing,
GX010044_L.MP4,31121,17.3067,YA_MAC_Transect 1,2.0215,,10.075,1.521,4109.284,8.159,,,506.016,287.622,-4067.854,YA_MAC,Peter,Pomacentridae,Chromis,viridis,37372053,1,AD,Passing,
GX010044_L.MP4,31121,17.3067,YA_MAC_Transect 1,2.0215,,16.107,1.059,5219.792,14.974,,,1216.141,580.09,-5042.888,YA_MAC,Peter,Pomacentridae,Chromis,viridis,37372053,1,AD,Passing,
GX010044_L.MP4,31121,17.3067,YA_MAC_Transect 1,2.0215,,31.972,3.444,7452.666,14.781,,,1787.382,644.197,-7206.421,YA_MAC,Peter,Pomacentridae,Chromis,viridis,37372053,1,AD,Passing,
GX010044_L.MP4,31121,17.3067,YA_MAC_Transect 1,2.0215,,16.234,1.181,5381.787,19.481,,,1753.921,377.789,-5073.921,YA_MAC,Peter,Pomacentridae,Chromis,viridis,37372053,1,AD,Passing,
GX010044_L.MP4,31121,17.3067,YA_MAC_Transect 1,2.0215,,13.848,7.318,4969.896,20.655,,,1697.35,435.864,-4650.687,YA_MAC,Peter,Pomacentridae,Chromis,viridis,37372053,1,AD,Passing,
GX010044_L.MP4,31121,17.3067,YA_MAC_Transect 1,2.0215,,29.199,11.422,7038.047,13.671,,,1405.142,886.157,-6839.182,YA_MAC,Peter,Pomacentridae,Chromis,viridis,37372053,1,AD,Passing,
GX010044_L.MP4,31121,17.3067,YA_MAC_Transect 1,2.0215,,24.313,2.379,6373.537,12.775,,,900.001,1080.896,-6216.4,YA_MAC,Peter,Pomacentridae,Chromis,viridis,37372053,1,AD,Passing,
GX010044_L.MP4,31121,17.3067,YA_MAC_Transect 1,2.0215,,24.401,0.725,6386.805,13.239,,,1042.178,1022.636,-6217.665,YA_MAC,Peter,Pomacentridae,Chromis,viridis,37372053,1,AD,Passing,
GX010044_L.MP4,31121,17.3067,YA_MAC_Transect 1,2.0215,,11.151,0.386,4440.432,18.665,,,1420.134,48.847,-4206.931,YA_MAC,Peter,Pomacentridae,Chromis,viridis,37372053,1,AD,Passing,
GX010044_L.MP4,31121,17.3067,YA_MAC_Transect 1,2.0215,,17.784,4.548,5732.03,20.761,,,2031.306,-48.178,-5359.817,YA_MAC,Peter,Pomacentridae,Chromis,viridis,37372053,1,AD,Passing,
GX010044_L.MP4,31121,17.3067,YA_MAC_Transect 1,2.0215,,13.931,0.646,5038.159,20.424,,,1758.001,15.833,-4721.464,YA_MAC,Peter,Pomacentridae,Chromis,viridis,37372053,1,AD,Passing,
GX010044_L.MP4,31121,17.3067,YA_MAC_Transect 1,2.0215,,6.983,1.803,3498.548,21.418,,,1256.066,-235.178,-3256.813,YA_MAC,Peter,Pomacentridae,Chromis,viridis,37372053,1,AD,Passing,
GX010044_L.MP4,31121,17.3067,YA_MAC_Transect 1,2.0215,,10.117,5.63,4204.536,18.45,,,1320.346,-167.611,-3988.322,YA_MAC,Peter,Pomacentridae,Chromis,viridis,37372053,1,AD,Passing,
GX010044_L.MP4,31121,17.3067,YA_MAC_Transect 1,2.0215,,5.469,1.126,3089.073,23.481,,,1181.113,-348.013,-2833.061,YA_MAC,Peter,Pomacentridae,Chromis,viridis,37372053,1,AD,Passing,
GX010044_L.MP4,31121,17.3067,YA_MAC_Transect 1,2.0215,,6.136,1.281,3304.326,24.078,,,1304.547,-341.722,-3016.612,YA_MAC,Peter,Pomacentridae,Chromis,viridis,37372053,1,AD,Passing,
GX010044_L.MP4,31121,17.3067,YA_MAC_Transect 1,2.0215,,15.306,5.522,5312.589,22.472,,,1996.227,-375.024,-4908.975,YA_MAC,Peter,Pomacentridae,Chromis,viridis,37372053,1,AD,Passing,
GX010044_L.MP4,31121,17.3067,YA_MAC_Transect 1,2.0215,,10.873,0.057,4502.044,23.607,,,1793.358,-187.589,-4125.176,YA_MAC,Peter,Pomacentridae,Chromis,viridis,37372053,1,AD,Passing,
GX010044_L.MP4,31121,17.3067,YA_MAC_Transect 1,2.0215,,12.066,4.294,4772.488,24.032,,,1936.582,-167.387,-4358.701,YA_MAC,Peter,Pomacentridae,Chromis,viridis,37372053,1,AD,Passing,
GX010044_L.MP4,31121,17.3067,YA_MAC_Transect 1,2.0215,,8.647,1.141,3986.979,23.504,,,1581.507,-166.77,-3656.094,YA_MAC,Peter,Pomacentridae,Chromis,viridis,37372053,1,AD,Passing,
GX010044_L.MP4,31121,17.3067,YA_MAC_Transect 1,2.0215,,11.915,8.667,4745.998,24.75,,,1964.953,-297.429,-4309.871,YA_MAC,Peter,Pomacentridae,Chromis,viridis,37372053,1,AD,Passing,
GX010044_L.MP4,31121,17.3067,YA_MAC_Transect 1,2.0215,,14.111,7.689,5238.309,26.212,,,2290.422,-330.448,-4699.431,YA_MAC,Peter,Pomacentridae,Chromis,viridis,37372053,1,AD,Passing,
GX010044_L.MP4,31121,17.3067,YA_MAC_Transect 1,2.0215,,8.721,2.709,4072.971,25.552,,,1754.969,-82.712,-3674.553,YA_MAC,Peter,Pomacentridae,Chromis,viridis,37372053,1,AD,Passing,
GX010044_L.MP4,31121,17.3067,YA_MAC_Transect 1,2.0215,,13.085,0.732,5073.349,26.429,,,2254.797,-124.083,-4543.057,YA_MAC,Peter,Pomacentridae,Chromis,viridis,37372053,1,AD,Passing,
GX010044_L.MP4,31121,17.3067,YA_MAC_Transect 1,2.0215,,15.921,0.625,5604.467,25.979,,,2453.92,-74.6,-5038.131,YA_MAC,Peter,Pomacentridae,Chromis,viridis,37372053,1,AD,Passing,
GX010044_L.MP4,31121,17.3067,YA_MAC_Transect 1,2.0215,,8.405,0.53,4103.625,28.962,,,1986.839,-34.69,-3590.405,YA_MAC,Peter,Pomacentridae,Chromis,viridis,37372053,1,AD,Passing,
GX010044_L.MP4,31121,17.3067,YA_MAC_Transect 1,2.0215,,6.565,7.7,3543.828,27.377,,,1622.114,-158.146,-3146.816,YA_MAC,Peter,Pomacentridae,Chromis,viridis,37372053,1,AD,Passing,
GX010044_L.MP4,31121,17.3067,YA_MAC_Transect 1,2.0215,,8.388,0.305,4038.798,28.204,,,1878.569,-340.395,-3559.073,YA_MAC,Peter,Pomacentridae,Chromis,viridis,37372053,1,AD,Passing,
GX010044_L.MP4,31121,17.3067,YA_MAC_Transect 1,2.0215,,10.994,3.866,4776.151,31.539,,,2468.468,-387.335,-4070.413,YA_MAC,Peter,Pomacentridae,Chromis,viridis,37372053,1,AD,Passing,
GX010044_L.MP4,31121,17.3067,YA_MAC_Transect 1,2.0215,,4.758,10.013,2940.072,28.174,,,1300.492,-486.974,-2591.448,YA_MAC,Peter,Pomacentridae,Chromis,viridis,37372053,1,AD,Passing,
GX010044_L.MP4,31121,17.3067,YA_MAC_Transect 1,2.0215,,5.15,2.585,2933.718,23.421,,,987.757,-621.341,-2691.648,YA_MAC,Peter,Pomacentridae,Chromis,viridis,37372053,1,AD,Passing,
GX010044_L.MP4,31212,17.3573,YA_MAC_Transect 1,2.0721,68.403,3.651,0.486,1726.426,15.997,44.764,18.938,-334.589,-338.259,-1659.572,YA_MAC,Peter,Pomacentridae,Pomacentrus,maafu,temp_code_005,1,AD,Passing,
GX010044_L.MP4,31212,17.3573,YA_MAC_Transect 1,2.0721,53.145,1.882,3.817,1756.2,16.185,2.198,13.506,-388.424,-297.946,-1686.592,YA_MAC,Peter,Pomacentridae,Pomacentrus,maafu,temp_code_005,1,AD,Passing,
GX010044_L.MP4,31212,17.3573,YA_MAC_Transect 1,2.0721,66.279,4.669,5.9,2433.897,20.775,23.735,25.028,-841.055,-194.804,-2275.639,YA_MAC,Peter,Pomacentridae,Amblyglyphidodon,orbicularis,temp_code_001,1,AD,Passing,
GX010044_L.MP4,31295,17.4035,YA_MAC_Transect 1,2.1182,51.851,1.841,2.222,1713.067,8.76,17.204,47.479,95.286,-242.874,-1693.084,YA_MAC,Peter,Pomacentridae,Pomacentrus,callainus,temp_code_004,1,AD,Passing,
GX010044_L.MP4,31295,17.4035,YA_MAC_Transect 1,2.1182,68.413,5.049,0.423,2020.975,9.869,59.877,43.07,-262.731,-225.743,-1991.069,YA_MAC,Peter,Pomacentridae,Chromis,ternatensis,37372051,1,AD,Passing,
GX010044_L.MP4,31295,17.4035,YA_MAC_Transect 1,2.1182,55.005,2.958,3.744,1898.411,13.124,23.86,31.148,426.64,-61.415,-1848.829,YA_MAC,Peter,Pomacentridae,Chromis,viridis,37372053,1,AD,Passing,
GX010044_L.MP4,40191,22.3507,YA_MAC_Transect 2,0.1652,75.375,2.431,5.664,2483.74,20.228,4.28,13.952,-266.232,-816.464,-2330.551,YA_MAC,Peter,Chaetodontidae,Chaetodon,baronessa,37365034,1,AD,Passing,
GX010044_L.MP4,40191,22.3507,YA_MAC_Transect 2,0.1652,,3.069,4.946,2217.952,23.248,,,-370.667,-794.294,-2037.404,YA_MAC,Peter,Chaetodontidae,Chaetodon,baronessa,37365034,1,AD,Passing,
GX010044_L.MP4,40191,22.3507,YA_MAC_Transect 2,0.1652,65.446,2.214,2.965,1619.354,16.409,22.984,3.774,-258.097,-377.683,-1553.4,YA_MAC,Peter,Pomacentridae,Amblyglyphidodon,orbicularis,temp_code_001,1,AD,Passing,
GX010044_L.MP4,40191,22.3507,YA_MAC_Transect 2,0.1652,,5.606,4.493,3000.7,8.72,,,184.615,-417.493,-2965.774,YA_MAC,Peter,Pomacentridae,Amblyglyphidodon,orbicularis,temp_code_001,1,AD,Passing,
GX010044_L.MP4,40348,22.438,YA_MAC_Transect 2,0.2525,,6.081,8.456,3186.217,20.321,,,-791.181,-775.311,-2987.458,YA_MAC,Peter,Pomacentridae,Dascyllus,aruanus,37372073,1,AD,Passing,
GX010044_L.MP4,40348,22.438,YA_MAC_Transect 2,0.2525,,4.844,6.942,2824.245,20.67,,,-689.131,-721.934,-2642.02,YA_MAC,Peter,Pomacentridae,Dascyllus,aruanus,37372073,1,AD,Passing,
GX010044_L.MP4,40348,22.438,YA_MAC_Transect 2,0.2525,,5.582,16.985,3193.827,28.583,,,-1214.243,-929.258,-2804.038,YA_MAC,Peter,Pomacentridae,Dascyllus,aruanus,37372073,1,AD,Passing,
GX010044_L.MP4,40364,22.4469,YA_MAC_Transect 2,0.2614,93.592,6.003,0.89,3159.409,24.818,1.788,15.136,1106.703,-730.602,-2867.629,YA_MAC,Peter,Acanthuridae,Zebrasoma,scopas,37437036,1,AD,Passing,
GX010044_L.MP4,40364,22.4469,YA_MAC_Transect 2,0.2614,,6.213,1.4,3342.849,25.382,,,1368.521,-426.517,-3019.912,YA_MAC,Peter,Pomacentridae,Chromis,viridis,37372053,1,AD,Passing,
GX010044_L.MP4,40403,22.4686,YA_MAC_Transect 2,0.2831,107.076,6.932,1.077,2258.291,22.44,60.609,18.01,300.901,-807.805,-2087.293,YA_MAC,Peter,Pomacentridae,Amblyglyphidodon,curacao,37372017,1,AD,Passing,
GX010044_L.MP4,40403,22.4686,YA_MAC_Transect 2,0.2831,,5.642,0.957,3140.357,22.016,,,-1043.577,-546.421,-2911.051,YA_MAC,Peter,Pomacentridae,Amblyglyphidodon,orbicularis,temp_code_001,1,AD,Passing,
GX010044_L.MP4,40439,22.4886,YA_MAC_Transect 2,0.3031,,3.644,13.817,2582.189,30.519,,,1218.799,-485.037,-2224.178,YA_MAC,Peter,Pomacentridae,Chromis,ternatensis,37372051,1,AD,Passing,
GX010044_L.MP4,40439,22.4886,YA_MAC_Transect 2,0.3031,73.249,6.209,1.836,2618.124,21.314,26.111,0.264,893.405,-327.796,-2439.047,YA_MAC,Peter,Pomacentridae,Chromis,viridis,37372053,1,AD,Passing,
GX010044_L.MP4,40439,22.4886,YA_MAC_Transect 2,0.3031,,3.841,8.243,2578.428,27.756,,,1045.415,-592.131,-2281.398,YA_MAC,Peter,Pomacentridae,Chromis,viridis,37372053,1,AD,Passing,
GX010044_L.MP4,40536,22.5425,YA_MAC_Transect 2,0.357,,8.09,4.966,4058.479,30.258,,,-1947.897,620.672,-3505.954,YA_MAC,Peter,Pomacentridae,Amblyglyphidodon,orbicularis,temp_code_001,1,AD,Passing,
GX010044_L.MP4,40536,22.5425,YA_MAC_Transect 2,0.357,,5.606,3.562,3034.918,3.602,,,8.679,188.717,-3029.033,YA_MAC,Peter,Pomacentridae,Chromis,viridis,37372053,1,AD,Passing,
GX010044_L.MP4,40552,22.5514,YA_MAC_Transect 2,0.3659,,4.671,10.657,2914.849,27.886,,,-1148.004,-736.876,-2575.935,YA_MAC,Peter,Pomacentridae,Dascyllus,aruanus,37372073,1,AD,Passing,
GX010044_L.MP4,40562,22.557,YA_MAC_Transect 2,0.3715,,3.038,11.433,2231.193,24.383,,,-632.344,-670.959,-2031.791,YA_MAC,Peter,Pomacentridae,Amblyglyphidodon,curacao,37372017,1,AD,Passing,
GX010044_L.MP4,40585,22.5698,YA_MAC_Transect 2,0.3843,64.16,4.432,0.594,2604.168,6.722,18.611,25.6,118.614,-280.815,-2586.265,YA_MAC,Peter,Pomacentridae,Chromis,viridis,37372053,1,AD,Passing,
GX010044_L.MP4,40585,22.5698,YA_MAC_Transect 2,0.3843,,4.474,4.513,2666.098,9.351,,,-197.225,-387.24,-2630.442,YA_MAC,Peter,Pomacentridae,Chromis,viridis,37372053,1,AD,Passing,
GX010044_L.MP4,40585,22.5698,YA_MAC_Transect 2,0.3843,,4.388,0.868,2650.226,12.742,,,-477.534,-338.589,-2584.767,YA_MAC,Peter,Pomacentridae,Chromis,viridis,37372053,1,AD,Passing,
GX010044_L.MP4,40605,22.5809,YA_MAC_Transect 2,0.3954,,10.345,10.702,4631.826,28.167,,,-2159.77,-342.815,-4083.098,YA_MAC,Peter,Pomacentridae,Chromis,viridis,37372053,1,AD,Passing,
GX010044_L.MP4,40605,22.5809,YA_MAC_Transect 2,0.3954,,12.29,8.14,5032.985,26.38,,,-2230.543,-162.445,-4508.794,YA_MAC,Peter,Pomacentridae,Chromis,viridis,37372053,1,AD,Passing,
GX010044_L.MP4,40605,22.5809,YA_MAC_Transect 2,0.3954,,6.145,0.722,3494.556,26.83,,,-1574.906,-87.39,-3118.325,YA_MAC,Peter,Pomacentridae,Chromis,viridis,37372053,1,AD,Passing,
GX010044_L.MP4,40605,22.5809,YA_MAC_Transect 2,0.3954,,13.462,4.538,5185.803,24.011,,,-2104.812,-153.127,-4736.968,YA_MAC,Peter,Pomacentridae,Chromis,viridis,37372053,1,AD,Passing,
GX010044_L.MP4,40605,22.5809,YA_MAC_Transect 2,0.3954,,10.649,1.027,4725.051,27.753,,,-2200.262,-12.565,-4181.482,YA_MAC,Peter,Pomacentridae,Chromis,viridis,37372053,1,AD,Passing,
GX010044_L.MP4,40605,22.5809,YA_MAC_Transect 2,0.3954,,8.854,6.99,4234.249,26.219,,,-1870.67,-12.605,-3798.592,YA_MAC,Peter,Pomacentridae,Chromis,viridis,37372053,1,AD,Passing,
GX010044_L.MP4,40605,22.5809,YA_MAC_Transect 2,0.3954,,9.927,3.365,4410.29,23.658,,,-1768.42,66.054,-4039.677,YA_MAC,Peter,Pomacentridae,Chromis,viridis,37372053,1,AD,Passing,
GX010044_L.MP4,40605,22.5809,YA_MAC_Transect 2,0.3954,,11.579,3.122,4785.705,23.649,,,-1919.725,-3.829,-4383.79,YA_MAC,Peter,Pomacentridae,Chromis,viridis,37372053,1,AD,Passing,
GX010044_L.MP4,40605,22.5809,YA_MAC_Transect 2,0.3954,,8.591,6.845,3934.967,17.919,,,-1210.532,-21.338,-3744.078,YA_MAC,Peter,Pomacentridae,Chromis,viridis,37372053,1,AD,Passing,
GX010044_L.MP4,40605,22.5809,YA_MAC_Transect 2,0.3954,,10.177,0.739,4325.755,18.763,,,-1390.703,40.631,-4095.906,YA_MAC,Peter,Pomacentridae,Chromis,viridis,37372053,1,AD,Passing,
GX010044_L.MP4,40605,22.5809,YA_MAC_Transect 2,0.3954,,10.371,0.413,4374.507,19.164,,,-1430.95,118.118,-4132.159,YA_MAC,Peter,Pomacentridae,Chromis,viridis,37372053,1,AD,Passing,
GX010044_L.MP4,40605,22.5809,YA_MAC_Transect 2,0.3954,,11.094,0.36,4603.467,21.545,,,-1686.244,117.736,-4281.896,YA_MAC,Peter,Pomacentridae,Chromis,viridis,37372053,1,AD,Passing,
GX010044_L.MP4,40605,22.5809,YA_MAC_Transect 2,0.3954,,9.275,10.216,3996.237,2.486,,,37.152,-171.662,-3992.375,YA_MAC,Peter,Pomacentridae,Chromis,viridis,37372053,1,AD,Passing,
GX010044_L.MP4,40616,22.587,YA_MAC_Transect 2,0.4015,,5.609,10.531,3241.795,29.334,,,1498.511,524.379,-2826.433,YA_MAC,Peter,Pomacentridae,Amblyglyphidodon,orbicularis,temp_code_001,1,AD,Passing,
GX010044_L.MP4,40634,22.597,YA_MAC_Transect 2,0.4115,51.755,4.335,6.813,2475.397,22.613,32.813,46.225,-925.786,-221.087,-2285.089,YA_MAC,Peter,Pomacentridae,Chromis,viridis,37372053,1,AD,Passing,
GX010044_L.MP4,40645,22.6031,YA_MAC_Transect 2,0.4176,,8.819,1.895,4288.275,28.298,,,-2029.377,117.692,-3775.855,YA_MAC,Peter,Pomacentridae,Amblyglyphidodon,curacao,37372017,1,AD,Passing,
GX010044_L.MP4,40649,22.6054,YA_MAC_Transect 2,0.4199,,4.178,9.855,2783.448,30.543,,,1318.987,509.567,-2397.54,YA_MAC,Peter,Pomacentridae,Amblyglyphidodon,orbicularis,temp_code_001,1,AD,Passing,
GX010044_L.MP4,40668,22.6159,YA_MAC_Transect 2,0.4304,,4.544,5.091,2964.892,26.897,,,-1340.253,-53.655,-2644.131,YA_MAC,Peter,Pomacentridae,Amblyglyphidodon,curacao,37372017,1,AD,Passing,
GX010044_L.MP4,40706,22.6371,YA_MAC_Transect 2,0.4516,61.197,3.769,3.635,1687.46,21.324,56.393,15.754,-94.946,-606.25,-1571.931,YA_MAC,Peter,Pomacentridae,Chromis,viridis,37372053,1,AD,Passing,
GX010044_L.MP4,40706,22.6371,YA_MAC_Transect 2,0.4516,,3.385,2.039,2307.447,19.11,,,-342.961,-674.365,-2179.89,YA_MAC,Peter,Pomacentridae,Chromis,viridis,37372053,1,AD,Passing,
GX010044_L.MP4,40715,22.6421,YA_MAC_Transect 2,0.4566,,12.486,4.059,4657.52,19.944,,,-1260.019,-970.138,-4377.634,YA_MAC,Peter,Pomacentridae,Amblyglyphidodon,curacao,37372017,1,AD,Passing,
GX010044_L.MP4,40715,22.6421,YA_MAC_Transect 2,0.4566,,10.204,1.981,4217.268,20.096,,,-1204.769,-807.412,-3960.047,YA_MAC,Peter,Pomacentridae,Amblyglyphidodon,orbicularis,temp_code_001,1,AD,Passing,
GX010044_L.MP4,40715,22.6421,YA_MAC_Transect 2,0.4566,,5.158,8.095,3191.9,28.146,,,-1484.5,-253.198,-2814.317,YA_MAC,Peter,Pomacentridae,Chromis,viridis,37372053,1,AD,Passing,
GX010044_L.MP4,40715,22.6421,YA_MAC_Transect 2,0.4566,,5.58,4.823,3358.204,28.734,,,-1605.58,-170.452,-2944.587,YA_MAC,Peter,Pomacentridae,Chromis,viridis,37372053,1,AD,Passing,
GX010044_L.MP4,40736,22.6537,YA_MAC_Transect 2,0.4682,,2.451,2.811,2008.027,25.464,,,823.614,-259.946,-1812.805,YA_MAC,Peter,Pomacentridae,Amblyglyphidodon,curacao,37372017,1,AD,Passing,
GX010044_L.MP4,40769,22.6721,YA_MAC_Transect 2,0.4866,66.479,3.146,1.284,2160.198,20.068,15.229,63.091,39.317,-740.213,-2029.038,YA_MAC,Peter,Pomacentridae,Chromis,ternatensis,37372051,1,AD,Passing,
GX010044_L.MP4,40815,22.6977,YA_MAC_Transect 2,0.5122,79.146,3.163,16.694,2274.474,24.183,6.251,6.401,-704.12,-610.19,-2074.877,YA_MAC,Peter,Pomacentridae,Amblyglyphidodon,orbicularis,temp_code_001,1,AD,Passing,
GX010044_L.MP4,40823,22.7021,YA_MAC_Transect 2,0.5166,327.992,15.125,9.491,5017.972,19.089,12.39,3.19,-1450.549,-767.453,-4742.042,YA_MAC,Peter,Lutjanidae,Lutjanus,bohar,37346029,1,AD,Passing,
GX010044_L.MP4,40823,22.7021,YA_MAC_Transect 2,0.5166,241.453,15.994,7.026,4283.737,4.032,25.021,10.35,286.447,-93.15,-4273.134,YA_MAC,Peter,Lutjanidae,Lutjanus,bohar,37346029,1,AD,Passing,
GX010044_L.MP4,40823,22.7021,YA_MAC_Transect 2,0.5166,,17.932,10.832,5674.409,12.703,,,-1242.846,-113.689,-5535.461,YA_MAC,Peter,Lutjanidae,Lutjanus,bohar,37346029,1,AD,Passing,
GX010044_L.MP4,40823,22.7021,YA_MAC_Transect 2,0.5166,,12.591,1.468,4686.235,6.325,,,-478.383,-196.756,-4657.6,YA_MAC,Peter,Lutjanidae,Lutjanus,bohar,37346029,1,AD,Passing,
GX010044_L.MP4,40823,22.7021,YA_MAC_Transect 2,0.5166,,33.645,0.721,7834.229,6.582,,,-876.064,-201.537,-7782.483,YA_MAC,Peter,Lutjanidae,Lutjanus,bohar,37346029,1,AD,Passing,
GX010044_L.MP4,40823,22.7021,YA_MAC_Transect 2,0.5166,,25.323,1.874,6820.816,3.307,,,-388.373,59.078,-6809.494,YA_MAC,Peter,Lutjanidae,Lutjanus,bohar,37346029,1,AD,Passing,
GX010044_L.MP4,40823,22.7021,YA_MAC_Transect 2,0.5166,,32.234,5.428,7769.667,18.026,,,-2347.527,-523.98,-7387.983,YA_MAC,Peter,Lutjanidae,Lutjanus,bohar,37346029,1,AD,Passing,
GX010044_L.MP4,40823,22.7021,YA_MAC_Transect 2,0.5166,,17.308,9.138,5732.565,22.598,,,-2089.129,-701.633,-5292.027,YA_MAC,Peter,Lutjanidae,Lutjanus,bohar,37346029,1,AD,Passing,
GX010044_L.MP4,40823,22.7021,YA_MAC_Transect 2,0.5166,,16.333,4.578,5389.988,3.309,,,205.2,230.73,-5381.136,YA_MAC,Peter,Lutjanidae,Lutjanus,bohar,37346029,1,AD,Passing,
GX010044_L.MP4,40823,22.7021,YA_MAC_Transect 2,0.5166,,19.773,5.625,5897.423,6.131,,,585.243,229.37,-5863.828,YA_MAC,Peter,Lutjanidae,Lutjanus,bohar,37346029,1,AD,Passing,
GX010044_L.MP4,40823,22.7021,YA_MAC_Transect 2,0.5166,,27.574,4.911,6907.135,11.194,,,1246.599,490.005,-6776.017,YA_MAC,Peter,Lutjanidae,Lutjanus,bohar,37346029,1,AD,Passing,
GX010044_L.MP4,40823,22.7021,YA_MAC_Transect 2,0.5166,,29.441,1.158,7162.325,8.549,,,923.726,525.224,-7083.063,YA_MAC,Peter,Lutjanidae,Lutjanus,bohar,37346029,1,AD,Passing,
GX010044_L.MP4,40823,22.7021,YA_MAC_Transect 2,0.5166,,15.078,4.828,5058.812,13.882,,,1130.053,439.858,-4911.322,YA_MAC,Peter,Lutjanidae,Lutjanus,bohar,37346029,1,AD,Passing,
GX010044_L.MP4,40823,22.7021,YA_MAC_Transect 2,0.5166,,18.711,0.568,5636.599,9.369,,,661.154,633.067,-5561.776,YA_MAC,Peter,Lutjanidae,Lutjanus,bohar,37346029,1,AD,Passing,
GX010044_L.MP4,40823,22.7021,YA_MAC_Transect 2,0.5166,,24.588,4.597,6570.197,18.328,,,1950.001,678.968,-6237.306,YA_MAC,Peter,Lutjanidae,Lutjanus,bohar,37346029,1,AD,Passing,
GX010044_L.MP4,40823,22.7021,YA_MAC_Transect 2,0.5166,,29.676,0.143,7113.351,17.126,,,1805.302,1058.41,-6798.559,YA_MAC,Peter,Lutjanidae,Lutjanus,bohar,37346029,1,AD,Passing,
GX010044_L.MP4,40823,22.7021,YA_MAC_Transect 2,0.5166,,21.295,0.011,6235.417,24.432,,,2382.278,984.663,-5677.642,YA_MAC,Peter,Lutjanidae,Lutjanus,bohar,37346029,1,AD,Passing,
GX010044_L.MP4,40823,22.7021,YA_MAC_Transect 2,0.5166,,16.567,1.103,5404.166,4.721,,,117.727,-432.053,-5385.581,YA_MAC,Peter,Lutjanidae,Lutjanus,gibbus,37346028,1,AD,Passing,
GX010044_L.MP4,40823,22.7021,YA_MAC_Transect 2,0.5166,,16.024,5.974,5268.31,7.396,,,-6.69,-681.156,-5224.085,YA_MAC,Peter,Lutjanidae,Lutjanus,gibbus,37346028,1,AD,Passing,
GX010044_L.MP4,40823,22.7021,YA_MAC_Transect 2,0.5166,,16.18,8.462,5275.682,8.73,,,-180.309,-783.263,-5214.097,YA_MAC,Peter,Lutjanidae,Lutjanus,gibbus,37346028,1,AD,Passing,
GX010044_L.MP4,40823,22.7021,YA_MAC_Transect 2,0.5166,,17.829,9.964,5536.611,9.34,,,-290.586,-853.422,-5462.718,YA_MAC,Peter,Lutjanidae,Lutjanus,gibbus,37346028,1,AD,Passing,
GX010044_L.MP4,40823,22.7021,YA_MAC_Transect 2,0.5166,,20.416,2.843,5921.01,10.351,,,-355.666,-1006.017,-5824.07,YA_MAC,Peter,Lutjanidae,Lutjanus,gibbus,37346028,1,AD,Passing,
GX010044_L.MP4,40823,22.7021,YA_MAC_Transect 2,0.5166,,17.386,3.321,5531.347,5.744,,,-145.28,-537.437,-5503.259,YA_MAC,Peter,Lutjanidae,Lutjanus,gibbus,37346028,1,AD,Passing,
GX010044_L.MP4,40849,22.7166,YA_MAC_Transect 2,0.5311,274.621,20.552,7.645,4065.298,5.607,37.904,8.229,393.864,51.518,-4045.845,YA_MAC,Peter,Lutjanidae,Lutjanus,bohar,37346029,1,AD,Passing,
GX010044_L.MP4,40849,22.7166,YA_MAC_Transect 2,0.5311,264.442,16.88,8.228,4910.243,6.222,20.889,19.469,134.503,-514.929,-4881.316,YA_MAC,Peter,Lutjanidae,Lutjanus,gibbus,37346028,1,AD,Passing,
GX010044_L.MP4,40980,22.7894,YA_MAC_Transect 2,0.6039,219.017,7.694,4.9,3263.674,24.109,12.368,10.835,1323.501,159.683,-2978.995,YA_MAC,Peter,Lutjanidae,Lutjanus,bohar,37346029,1,AD,Passing,
GX010044_L.MP4,41121,22.8678,YA_MAC_Transect 2,0.6823,66.686,3.647,0.562,2547.751,26.115,4.668,44.66,1108.162,-172.032,-2287.666,YA_MAC,Peter,Pomacentridae,Amblyglyphidodon,curacao,37372017,1,AD,Passing,
GX010044_L.MP4,41172,22.8962,YA_MAC_Transect 2,0.7107,,7.21,6.301,3702.611,25.507,,,-1513.675,-502.851,-3341.446,YA_MAC,Peter,Pomacentridae,Chromis,viridis,37372053,1,AD,Passing,
GX010044_L.MP4,41283,22.9579,YA_MAC_Transect 2,0.7724,82.341,4.783,2.625,2532.198,19.446,24.211,17.987,-245.324,-806.526,-2387.751,YA_MAC,Peter,Pomacentridae,Stegastes,lacrymatus,temp_code_006,1,AD,Passing,
GX010044_L.MP4,41366,23.0041,YA_MAC_Transect 2,0.8186,,3.442,8.309,2355.727,22.796,,,-449.94,-795.375,-2171.262,YA_MAC,Peter,Pomacentridae,Amblyglyphidodon,orbicularis,temp_code_001,1,AD,Passing,
GX010044_L.MP4,41394,23.0197,YA_MAC_Transect 2,0.8342,,4.524,0.563,2700.032,14.624,,,-553.42,-399.525,-2612.332,YA_MAC,Peter,Pomacentridae,Amblyglyphidodon,curacao,37372017,1,AD,Passing,
GX010044_L.MP4,41394,23.0197,YA_MAC_Transect 2,0.8342,66.274,5.127,5.523,2661.796,24.993,9.514,15.219,1120.012,101.835,-2412.543,YA_MAC,Peter,Pomacentridae,Amblyglyphidodon,orbicularis,temp_code_001,1,AD,Passing,
GX010044_L.MP4,41394,23.0197,YA_MAC_Transect 2,0.8342,,5.362,1.972,2938.037,12.593,,,-416.358,-488.499,-2867.068,YA_MAC,Peter,Pomacentridae,Amblyglyphidodon,orbicularis,temp_code_001,1,AD,Passing,
GX010044_L.MP4,41394,23.0197,YA_MAC_Transect 2,0.8342,,5.575,1.875,3255.787,27.495,,,1503.081,-9.492,-2888.046,YA_MAC,Peter,Pomacentridae,Pomacentrus,sp,,1,AD,Passing,
GX010044_L.MP4,41475,23.0647,YA_MAC_Transect 2,0.8792,90.962,3.362,2.516,2025.703,12.176,23.826,11.702,-33.453,-425.943,-1980.133,YA_MAC,Peter,Pomacentridae,Amblyglyphidodon,orbicularis,temp_code_001,1,AD,Passing,
GX010044_L.MP4,41498,23.0775,YA_MAC_Transect 2,0.892,,2.957,14.909,2240.618,27.941,,,-729.117,-756.557,-1978.984,YA_MAC,Peter,Pomacentridae,Dascyllus,aruanus,37372073,1,AD,Passing,
GX010044_L.MP4,41498,23.0775,YA_MAC_Transect 2,0.892,77.752,2.46,19.966,1578.428,25.983,57.269,45.736,-495.443,-482.425,-1418.886,YA_MAC,Peter,Pomacentridae,Amblyglyphidodon,curacao,37372017,1,AD,Passing,
GX010044_L.MP4,41498,23.0775,YA_MAC_Transect 2,0.892,,2.454,5.952,1948.505,20.338,,,-423.793,-529.306,-1826.72,YA_MAC,Peter,Pomacentridae,Pomacentrus,moluccensis,37372118,1,AD,Passing,
GX010044_L.MP4,41525,23.0925,YA_MAC_Transect 2,0.907,40.544,3.045,12.36,1538.15,22.493,55.758,15.208,-407.601,-424.41,-1421.141,YA_MAC,Peter,Pomacentridae,Pomacentrus,moluccensis,37372118,1,AD,Passing,
GX010044_L.MP4,41570,23.1175,YA_MAC_Transect 2,0.932,,12.874,3.528,4952.313,22.766,,,-1849.189,-505.612,-4566.208,YA_MAC,Peter,Pomacentridae,Amblyglyphidodon,curacao,37372017,1,AD,Passing,
GX010044_L.MP4,41570,23.1175,YA_MAC_Transect 2,0.932,,11.505,18.736,4877.142,30.374,,,-2341.279,-777.134,-4207.255,YA_MAC,Peter,Pomacentridae,Amblyglyphidodon,curacao,37372017,1,AD,Passing,
GX010044_L.MP4,41609,23.1392,YA_MAC_Transect 2,0.9537,71.328,3.716,2.497,2515.574,11.301,13.746,1.758,-302.383,-389.337,-2466.798,YA_MAC,Peter,Pomacentridae,Amblyglyphidodon,curacao,37372017,1,AD,Passing,
GX010044_L.MP4,41615,23.1426,YA_MAC_Transect 2,0.9571,260.917,18.782,9.669,5673.858,25.332,13.735,2.245,1626.637,1802.091,-5128.273,YA_MAC,Peter,Kyphosidae,Kyphosus,cinerascens,37361022,1,AD,Passing,
GX010044_L.MP4,41615,23.1426,YA_MAC_Transect 2,0.9571,,18.743,1.413,5623.873,24.799,,,1276.859,1980.411,-5106.423,YA_MAC,Peter,Kyphosidae,Kyphosus,cinerascens,37361022,1,AD,Passing,
GX010044_L.MP4,41615,23.1426,YA_MAC_Transect 2,0.9571,,22.112,4.746,6102.995,23.618,,,1501.711,1926.367,-5592.899,YA_MAC,Peter,Kyphosidae,Kyphosus,cinerascens,37361022,1,AD,Passing,
GX010044_L.MP4,41615,23.1426,YA_MAC_Transect 2,0.9571,,29.365,4.556,7106.148,12.952,,,-1127.482,1121.009,-6926,YA_MAC,Peter,Kyphosidae,Kyphosus,cinerascens,37361022,1,AD,Passing,
GX010044_L.MP4,41718,23.1998,YA_MAC_Transect 2,1.0143,306.97,14.971,6.924,5305.631,17.633,7.071,5.751,1392.027,803.359,-5056.342,YA_MAC,Peter,Kyphosidae,Kyphosus,cinerascens,37361022,1,AD,Passing,
GX010044_L.MP4,41762,23.2243,YA_MAC_Transect 2,1.0388,,3.059,2.023,2172.076,14.665,,,549.415,-24.658,-2101.297,YA_MAC,Peter,Pomacentridae,Dascyllus,aruanus,37372073,1,AD,Passing,
GX010044_L.MP4,41762,23.2243,YA_MAC_Transect 2,1.0388,,5.47,2.008,3021.31,17.939,,,923.27,114.64,-2874.499,YA_MAC,Peter,Pomacentridae,Dascyllus,aruanus,37372073,1,AD,Passing,
GX010044_L.MP4,41789,23.2393,YA_MAC_Transect 2,1.0538,94.572,4.982,4.122,1903.947,22.227,58.323,1.865,635.723,-338.492,-1762.467,YA_MAC,Peter,Pomacentridae,Amblyglyphidodon,orbicularis,temp_code_001,1,AD,Passing,
GX010044_L.MP4,41796,23.2432,YA_MAC_Transect 2,1.0577,78.552,4.342,7.901,1775.555,25.889,76.677,13.527,651.57,-420.086,-1597.366,YA_MAC,Peter,Labridae,Hemigymnus,melapterus,37384125,1,AD,Passing,
GX010044_L.MP4,41798,23.2443,YA_MAC_Transect 2,1.0588,,4.576,5.989,2884.532,25.092,,,-1145.444,-430.772,-2612.071,YA_MAC,Peter,Pomacentridae,Dascyllus,aruanus,37372073,1,AD,Passing,
GX010044_L.MP4,41798,23.2443,YA_MAC_Transect 2,1.0588,,2.251,2.096,1841.653,17.001,,,-347.784,-412.139,-1760.93,YA_MAC,Peter,Pomacentridae,Dascyllus,aruanus,37372073,1,AD,Passing,
GX010044_L.MP4,41816,23.2543,YA_MAC_Transect 2,1.0688,39.865,2.617,1.267,1414.594,22.288,52.315,13.626,528.573,-91.84,-1308.913,YA_MAC,Peter,Pomacentridae,Dascyllus,aruanus,37372073,1,AD,Passing,
GX010044_L.MP4,41816,23.2543,YA_MAC_Transect 2,1.0688,45.066,3.027,0.858,1575.04,18.352,42.768,17.031,494.616,-35.753,-1494.934,YA_MAC,Peter,Pomacentridae,Dascyllus,aruanus,37372073,1,AD,Passing,
GX010044_L.MP4,41816,23.2543,YA_MAC_Transect 2,1.0688,49.594,3.263,5.559,2312.663,22.343,6.691,38.191,879.002,16.899,-2139.038,YA_MAC,Peter,Pomacentridae,Dascyllus,aruanus,37372073,1,AD,Passing,
GX010044_L.MP4,41829,23.2616,YA_MAC_Transect 2,1.0761,70.094,1.605,3.385,1374.652,18.85,13.065,17.86,417.816,150.602,-1300.929,YA_MAC,Peter,Pomacentridae,Amblyglyphidodon,curacao,37372017,1,AD,Passing,
GX010044_L.MP4,41829,23.2616,YA_MAC_Transect 2,1.0761,,1.919,0.188,1663.69,12.947,,,281.288,243.619,-1621.539,YA_MAC,Peter,Pomacentridae,Amblyglyphidodon,orbicularis,temp_code_001,1,AD,Passing,
GX010044_L.MP4,41832,23.2632,YA_MAC_Transect 2,1.0777,38.911,2.191,8.059,1469.287,21.746,33.651,5.52,-334.436,-429.519,-1364.724,YA_MAC,Peter,Pomacentridae,Dascyllus,aruanus,37372073,1,AD,Passing,
GX010044_L.MP4,41917,23.3105,YA_MAC_Transect 2,1.125,40.875,1.494,4.125,1839.264,17.875,0.653,4.43,-175.996,-536.415,-1750.479,YA_MAC,Peter,Pomacentridae,Dascyllus,aruanus,37372073,1,AD,Passing,
GX010044_L.MP4,41928,23.3166,YA_MAC_Transect 2,1.1311,62.542,2.752,3.728,1820.897,21.768,13.243,5.896,674.076,-40.444,-1691.051,YA_MAC,Peter,Pomacentridae,Amblyglyphidodon,orbicularis,temp_code_001,1,AD,Passing,
GX010044_L.MP4,41928,23.3166,YA_MAC_Transect 2,1.1311,140.705,4.892,7.255,2888.506,17.961,0.583,15.415,861.866,-224.831,-2747.746,YA_MAC,Peter,Acanthuridae,Acanthurus,sp,,1,AD,Passing,
GX010044_L.MP4,41958,23.3333,YA_MAC_Transect 2,1.1478,65.935,4.249,4.948,1983.5,6.616,31.734,0.958,41.085,-224.799,-1970.291,YA_MAC,Peter,Pomacentridae,Amblyglyphidodon,curacao,37372017,1,AD,Passing,
GX010044_L.MP4,41958,23.3333,YA_MAC_Transect 2,1.1478,,4.071,8.621,2666.97,23.798,,,-971.092,-465.209,-2439.937,YA_MAC,Peter,Pomacentridae,Chromis,viridis,37372053,1,AD,Passing,
GX010044_L.MP4,41958,23.3333,YA_MAC_Transect 2,1.1478,,3.643,1.451,2511.26,23.517,,,-918.727,-401.41,-2302.442,YA_MAC,Peter,Pomacentridae,Chromis,viridis,37372053,1,AD,Passing,
GX010044_L.MP4,41958,23.3333,YA_MAC_Transect 2,1.1478,,4.975,6.631,3032.125,25.831,,,-1235.643,-469.207,-2728.885,YA_MAC,Peter,Pomacentridae,Chromis,viridis,37372053,1,AD,Passing,
GX010044_L.MP4,41958,23.3333,YA_MAC_Transect 2,1.1478,,6.361,10.595,3408.464,23.722,,,-1276.247,-503.275,-3120.182,YA_MAC,Peter,Pomacentridae,Chromis,viridis,37372053,1,AD,Passing,
GX010044_L.MP4,41958,23.3333,YA_MAC_Transect 2,1.1478,,4.795,4.494,2850.805,18.44,,,-849.426,-304.273,-2704.253,YA_MAC,Peter,Pomacentridae,Chromis,viridis,37372053,1,AD,Passing,
GX010044_L.MP4,41958,23.3333,YA_MAC_Transect 2,1.1478,,4.693,0.052,2813.108,18.986,,,-834.569,-377.242,-2659.842,YA_MAC,Peter,Pomacentridae,Chromis,viridis,37372053,1,AD,Passing,
GX010044_L.MP4,41958,23.3333,YA_MAC_Transect 2,1.1478,,4.552,3.705,2744.998,18.329,,,-745.165,-437.327,-2605.472,YA_MAC,Peter,Pomacentridae,Chromis,viridis,37372053,1,AD,Passing,
GX010044_L.MP4,41958,23.3333,YA_MAC_Transect 2,1.1478,,7.509,2.507,3615.252,19.45,,,-1078.297,-537.239,-3408.621,YA_MAC,Peter,Pomacentridae,Chromis,viridis,37372053,1,AD,Passing,
GX010044_L.MP4,41958,23.3333,YA_MAC_Transect 2,1.1478,,4.715,3.959,2777.154,16.658,,,-666.815,-436.461,-2660.346,YA_MAC,Peter,Pomacentridae,Chromis,viridis,37372053,1,AD,Passing,
GX010044_L.MP4,41958,23.3333,YA_MAC_Transect 2,1.1478,,4.439,1.424,2677.883,14.171,,,-566.175,-332.058,-2596.198,YA_MAC,Peter,Pomacentridae,Chromis,viridis,37372053,1,AD,Passing,
GX010044_L.MP4,41958,23.3333,YA_MAC_Transect 2,1.1478,,7.051,5.632,3437.45,3.243,,,151.379,-124.092,-3431.872,YA_MAC,Peter,Pomacentridae,Chromis,viridis,37372053,1,AD,Passing,
GX010044_L.MP4,41958,23.3333,YA_MAC_Transect 2,1.1478,,10.114,2.618,4179.762,3.55,,,-48.525,-256.679,-4171.591,YA_MAC,Peter,Pomacentridae,Chromis,viridis,37372053,1,AD,Passing,
GX010044_L.MP4,41958,23.3333,YA_MAC_Transect 2,1.1478,,9.204,4.604,3942.08,6.571,,,-39.025,-451.723,-3915.919,YA_MAC,Peter,Pomacentridae,Chromis,viridis,37372053,1,AD,Passing,
GX010044_L.MP4,41958,23.3333,YA_MAC_Transect 2,1.1478,,6.328,13.896,3215.076,9.072,,,-261.276,-436.297,-3174.601,YA_MAC,Peter,Pomacentridae,Chromis,viridis,37372053,1,AD,Passing,
GX010044_L.MP4,41958,23.3333,YA_MAC_Transect 2,1.1478,,4.931,2.762,2833.441,12.731,,,-559.646,-278.508,-2763.624,YA_MAC,Peter,Pomacentridae,Chromis,viridis,37372053,1,AD,Passing,
GX010044_L.MP4,41958,23.3333,YA_MAC_Transect 2,1.1478,,6.022,3.205,3140.133,15.783,,,-631.183,-577.152,-3021.413,YA_MAC,Peter,Pomacentridae,Chromis,viridis,37372053,1,AD,Passing,
GX010044_L.MP4,41997,23.355,YA_MAC_Transect 2,1.1695,54.256,3.287,1.606,1837.274,19.71,27.039,3.07,573.295,-235.113,-1729.633,YA_MAC,Peter,Pomacentridae,Pomacentrus,callainus,temp_code_004,1,AD,Passing,
GX010044_L.MP4,41997,23.355,YA_MAC_Transect 2,1.1695,68.299,3.5,1.465,1811.452,19.192,34.805,3.984,401.753,-439.556,-1710.772,YA_MAC,Peter,Pomacentridae,Pomacentrus,callainus,temp_code_004,1,AD,Passing,
GX010044_L.MP4,42015,23.365,YA_MAC_Transect 2,1.1795,64.728,5.501,2,1917.954,20.542,66.744,10.665,445.158,-504.743,-1796.001,YA_MAC,Peter,Pomacentridae,Dascyllus,aruanus,37372073,1,AD,Passing,
GX010044_L.MP4,42015,23.365,YA_MAC_Transect 2,1.1795,66.185,5.081,1.669,2264.516,12.668,29.785,3.417,-363.573,-338.288,-2209.391,YA_MAC,Peter,Pomacentridae,Amblyglyphidodon,orbicularis,temp_code_001,1,AD,Passing,
GX010044_L.MP4,42073,23.3973,YA_MAC_Transect 2,1.2118,62.093,1.823,4.963,1369.955,14.597,30.607,22.16,94.733,-332.013,-1325.733,YA_MAC,Peter,Pomacentridae,Pomacentrus,callainus,temp_code_004,1,AD,Passing,
GX010044_L.MP4,42073,23.3973,YA_MAC_Transect 2,1.2118,135.88,4.526,4.995,1881.557,23.174,54.028,13.079,562.948,-480.958,-1729.748,YA_MAC,Peter,Labridae,Thalassoma,lunare,37384167,1,AD,Passing,
GX010044_L.MP4,42073,23.3973,YA_MAC_Transect 2,1.2118,74.291,4.586,5.535,2107.575,12.407,34.246,22.891,-364.188,-269.108,-2058.354,YA_MAC,Peter,Pomacentridae,Amblyglyphidodon,orbicularis,temp_code_001,1,AD,Passing,
GX010044_L.MP4,42107,23.4162,YA_MAC_Transect 2,1.2307,68.511,3.892,2.896,1652.33,18.202,67.598,28.972,65.6,-511.949,-1569.649,YA_MAC,Peter,Pomacentridae,Pomacentrus,callainus,temp_code_004,1,AD,Passing,
GX010044_L.MP4,42107,23.4162,YA_MAC_Transect 2,1.2307,71.492,4.544,3.252,1901.267,18.223,56.478,33.847,-61.748,-591.329,-1805.916,YA_MAC,Peter,Pomacentridae,Pomacentrus,callainus,temp_code_004,1,AD,Passing,
GX010044_L.MP4,42112,23.419,YA_MAC_Transect 2,1.2335,40.84,1.491,1.588,2044.579,20.598,2.986,0.699,23.943,-718.916,-1913.868,YA_MAC,Peter,Pomacentridae,Dascyllus,aruanus,37372073,1,AD,Passing,
GX010044_L.MP4,42112,23.419,YA_MAC_Transect 2,1.2335,86.09,4.4,4.203,1834.853,19.913,59.852,29.767,-84.773,-619.163,-1725.149,YA_MAC,Peter,Pomacentridae,Pomacentrus,callainus,temp_code_004,1,AD,Passing,
GX010044_L.MP4,42139,23.434,YA_MAC_Transect 2,1.2485,50.95,2.607,2.312,1548.192,18.823,38.62,12.048,-3.105,-499.51,-1465.393,YA_MAC,Peter,Pomacentridae,Chromis,atripectoralis,37372036,1,AD,Passing,
GX010044_L.MP4,42139,23.434,YA_MAC_Transect 2,1.2485,61.986,4.454,7.362,1772.312,20.143,77.395,30.119,-273.006,-545.861,-1663.909,YA_MAC,Peter,Pomacentridae,Chromis,atripectoralis,37372036,1,AD,Passing,
GX010044_L.MP4,42139,23.434,YA_MAC_Transect 2,1.2485,45.444,3.991,6.753,1720.771,19.817,70.975,33.256,-284.811,-509.131,-1618.864,YA_MAC,Peter,Pomacentridae,Chromis,atripectoralis,37372036,1,AD,Passing,
GX010044_L.MP4,42139,23.434,YA_MAC_Transect 2,1.2485,52.602,4.152,3.168,1710.956,19.918,58.985,8.167,-109.109,-572.569,-1608.611,YA_MAC,Peter,Pomacentridae,Chromis,atripectoralis,37372036,1,AD,Passing,
GX010044_L.MP4,42139,23.434,YA_MAC_Transect 2,1.2485,50.605,4.884,4.364,1835.367,18.888,67.787,25.095,-100.421,-585.583,-1736.542,YA_MAC,Peter,Pomacentridae,Chromis,atripectoralis,37372036,1,AD,Passing,
GX010044_L.MP4,42139,23.434,YA_MAC_Transect 2,1.2485,63.314,4.872,1.607,1726.948,17.696,74.933,11.148,-29.199,-524.116,-1645.235,YA_MAC,Peter,Pomacentridae,Chromis,atripectoralis,37372036,1,AD,Passing,
GX010044_L.MP4,42139,23.434,YA_MAC_Transect 2,1.2485,52.976,5.193,2.052,1832.516,17.01,64.57,12.581,-82.142,-529.737,-1752.354,YA_MAC,Peter,Pomacentridae,Chromis,atripectoralis,37372036,1,AD,Passing,
GX010044_L.MP4,42139,23.434,YA_MAC_Transect 2,1.2485,51.814,4.465,3.485,1734.323,16.353,72.951,29.468,-176.05,-455.478,-1664.158,YA_MAC,Peter,Pomacentridae,Chromis,atripectoralis,37372036,1,AD,Passing,
GX010044_L.MP4,42139,23.434,YA_MAC_Transect 2,1.2485,48.148,4.719,4.748,1842.543,15.151,62.73,32.29,-86.514,-473.724,-1778.501,YA_MAC,Peter,Pomacentridae,Chromis,atripectoralis,37372036,1,AD,Passing,
GX010044_L.MP4,42139,23.434,YA_MAC_Transect 2,1.2485,,2.543,1.819,1977.956,18.907,,,-147.2,-624.878,-1870.875,YA_MAC,Peter,Pomacentridae,Chromis,atripectoralis,37372036,1,AD,Passing,
GX010044_L.MP4,42139,23.434,YA_MAC_Transect 2,1.2485,,1.844,1.245,1651.432,17.988,,,113.155,-498.206,-1570.419,YA_MAC,Peter,Pomacentridae,Chromis,atripectoralis,37372036,1,AD,Passing,
GX010044_L.MP4,42139,23.434,YA_MAC_Transect 2,1.2485,,2.173,0.275,1797.973,13.964,,,-1.951,-434.894,-1744.583,YA_MAC,Peter,Pomacentridae,Chromis,atripectoralis,37372036,1,AD,Passing,
GX010044_L.MP4,42245,23.4929,YA_MAC_Transect 2,1.3074,109.079,9.833,1.335,2927.542,21.736,43.304,3.12,377.519,-1016.315,-2719.39,YA_MAC,Peter,Pomacentridae,Amblyglyphidodon,curacao,37372017,1,AD,Passing,
GX010044_L.MP4,42343,23.5474,YA_MAC_Transect 2,1.3619,,4.632,0.107,2964.28,29.047,,,1421.455,-227.081,-2591.304,YA_MAC,Peter,Pomacentridae,Amblyglyphidodon,orbicularis,temp_code_001,1,AD,Passing,
GX010044_L.MP4,42462,23.6136,YA_MAC_Transect 2,1.4281,,7.637,0.3,3894.794,25.775,,,-1689.51,-119.609,-3507.231,YA_MAC,Peter,Pomacentridae,Amblyglyphidodon,orbicularis,temp_code_001,1,AD,Passing,
GX010044_L.MP4,42462,23.6136,YA_MAC_Transect 2,1.4281,,8.372,2.488,4050.963,26.003,,,-1726.42,-418.986,-3640.635,YA_MAC,Peter,Pomacentridae,Amblyglyphidodon,orbicularis,temp_code_001,1,AD,Passing,
GX010044_L.MP4,42482,23.6247,YA_MAC_Transect 2,1.4392,122.654,7.015,6.5,3019.151,24.594,25.029,26.136,1029.019,-721.086,-2745.256,YA_MAC,Peter,Acanthuridae,Acanthurus,sp,,1,AD,Passing,
GX010044_L.MP4,42494,23.6314,YA_MAC_Transect 2,1.4459,167.721,11.451,4.579,3219.931,21.845,40.469,4.915,996.29,-665.519,-2988.72,YA_MAC,Peter,Scaridae,Chlorurus,bleekeri,37386011,1,AD,Passing,
GX010044_L.MP4,42514,23.6425,YA_MAC_Transect 2,1.457,184.701,11.648,9.968,2902.351,20.497,59.753,15,867.926,-528.678,-2718.611,YA_MAC,Peter,Scaridae,Chlorurus,bleekeri,37386011,1,AD,Passing,
GX010044_L.MP4,42572,23.6748,YA_MAC_Transect 2,1.4893,89.812,2.695,3.824,1594.056,7.492,47.271,46.6,207.01,-18.764,-1580.446,YA_MAC,Peter,Pomacentridae,Amblyglyphidodon,orbicularis,temp_code_001,1,AD,Passing,
GX010044_L.MP4,42572,23.6748,YA_MAC_Transect 2,1.4893,85.302,1.885,2.953,1938.648,12.013,1.137,45.862,364.059,173.989,-1896.192,YA_MAC,Peter,Pomacentridae,Amblyglyphidodon,orbicularis,temp_code_001,1,AD,Passing,
GX010044_L.MP4,42572,23.6748,YA_MAC_Transect 2,1.4893,92.339,5.16,3.229,2406.753,15.825,33.101,36.853,568.822,327.384,-2315.539,YA_MAC,Peter,Pomacentridae,Amblyglyphidodon,orbicularis,temp_code_001,1,AD,Passing,
GX010044_L.MP4,42586,23.6825,YA_MAC_Transect 2,1.4971,,6.091,0.779,3241.53,17.582,,,-944.545,256.199,-3090.261,YA_MAC,Peter,Pomacentridae,Amblyglyphidodon,curacao,37372017,1,AD,Passing,
GX010044_L.MP4,42586,23.6825,YA_MAC_Transect 2,1.4971,,4.66,0.121,2870.904,20.683,,,-1012.756,48.47,-2685.901,YA_MAC,Peter,Pomacentridae,Chromis,viridis,37372053,1,AD,Passing,
GX010044_L.MP4,42689,23.7398,YA_MAC_Transect 2,1.5543,,6.086,1.798,3170.492,9.641,,,-486.488,-214.592,-3125.588,YA_MAC,Peter,Pomacentridae,Amblyglyphidodon,curacao,37372017,1,AD,Passing,
GX010044_L.MP4,42689,23.7398,YA_MAC_Transect 2,1.5543,,4.12,1.337,2695.379,21.703,,,-989.159,121.07,-2504.391,YA_MAC,Peter,Pomacentridae,Amblyglyphidodon,curacao,37372017,1,AD,Passing,
GX010044_L.MP4,42689,23.7398,YA_MAC_Transect 2,1.5543,82.552,6.002,10.372,2118.347,26.447,88.65,7.476,-884.853,-327.288,-1896.658,YA_MAC,Peter,Pomacentridae,Chromis,viridis,37372053,1,AD,Passing,
GX010044_L.MP4,42794,23.7982,YA_MAC_Transect 2,1.6127,80.154,2.397,11.257,1899.685,22.742,10.121,25.314,-581.948,-447.962,-1751.99,YA_MAC,Peter,Pomacentridae,Amblyglyphidodon,curacao,37372017,1,AD,Passing,
GX010044_L.MP4,42794,23.7982,YA_MAC_Transect 2,1.6127,78.654,3.559,3.543,2190.294,23.241,12.621,0.237,760.406,-410.8,-2012.564,YA_MAC,Peter,Labridae,Hemigymnus,melapterus,37384125,1,AD,Passing,
GX010044_L.MP4,42820,23.8127,YA_MAC_Transect 2,1.6272,89.958,5.493,3.086,2434.813,5.044,27.115,17.958,213.446,-16.228,-2425.385,YA_MAC,Peter,Pomacentridae,Amblyglyphidodon,orbicularis,temp_code_001,1,AD,Passing,
GX010044_L.MP4,42820,23.8127,YA_MAC_Transect 2,1.6272,70.802,5.059,3.322,1987.626,10.558,52.236,34.402,335.394,-141.951,-1953.975,YA_MAC,Peter,Pomacentridae,Amblyglyphidodon,orbicularis,temp_code_001,1,AD,Passing,
GX010044_L.MP4,42820,23.8127,YA_MAC_Transect 2,1.6272,57.193,4.857,4.109,1980.434,24.253,71.639,25.744,-811.41,-58.243,-1805.641,YA_MAC,Peter,Pomacentridae,Amblyglyphidodon,orbicularis,temp_code_001,1,AD,Passing,
GX010044_L.MP4,42886,23.8494,YA_MAC_Transect 2,1.6639,64.475,2.371,2.684,2172.416,11.109,9.231,35.573,-247.05,-337.9,-2131.708,YA_MAC,Peter,Pomacentridae,Chromis,viridis,37372053,1,AD,Passing,
GX010044_L.MP4,42924,23.8705,YA_MAC_Transect 2,1.685,68.884,5.715,3.238,2160.093,15.45,49.718,31.61,350.639,-456.281,-2082.033,YA_MAC,Peter,Pomacentridae,Amblyglyphidodon,orbicularis,temp_code_001,1,AD,Passing,
GX010044_L.MP4,43045,23.9378,YA_MAC_Transect 2,1.7523,86.73,2.283,4.554,2347.063,18.229,7.337,14.998,-114.967,-725.13,-2229.277,YA_MAC,Peter,Chaetodontidae,Chaetodon,ephippium,37365037,1,AD,Passing,
GX010044_L.MP4,43055,23.9434,YA_MAC_Transect 2,1.7579,115.823,4.851,12.401,2109.128,25.287,45.849,11.896,-793.518,-426.581,-1907.034,YA_MAC,Peter,Pomacentridae,Amblyglyphidodon,orbicularis,temp_code_001,1,AD,Passing,
GX010044_L.MP4,43055,23.9434,YA_MAC_Transect 2,1.7579,73.458,6.734,3.825,2411.775,20.205,44.297,18.913,822.467,132.005,-2263.356,YA_MAC,Peter,Pomacentridae,Amblyglyphidodon,orbicularis,temp_code_001,1,AD,Passing,
GX010044_L.MP4,43058,23.945,YA_MAC_Transect 2,1.7595,128.886,8.975,4.355,2380.637,14.241,61.183,7.538,-297.359,-504.538,-2307.478,YA_MAC,Peter,Pomacentridae,Neopomacentrus,violascens,temp_code_010,1,AD,Passing,
GX010044_L.MP4,43078,23.9562,YA_MAC_Transect 2,1.7707,,2.965,1.301,2185.655,18.846,,,-650.91,-274.69,-2068.321,YA_MAC,Peter,Pomacentridae,Amblyglyphidodon,orbicularis,temp_code_001,1,AD,Passing,
GX010044_L.MP4,43159,24.0012,YA_MAC_Transect 2,1.8157,,4.588,3.471,2985.807,27.36,,,-1364.588,-145.876,-2651.728,YA_MAC,Peter,Pomacentridae,Amblyglyphidodon,orbicularis,temp_code_001,1,AD,Passing,
GX010044_L.MP4,43412,24.1419,YA_MAC_Transect 2,1.9564,,3.58,1.99,2385.051,21.619,,,192.849,-858.591,-2216.777,YA_MAC,Peter,Pomacentridae,Amblyglyphidodon,orbicularis,temp_code_001,1,AD,Passing,
GX010044_L.MP4,43412,24.1419,YA_MAC_Transect 2,1.9564,,3.459,0.346,2368.792,19.568,,,789.857,73.254,-2232.025,YA_MAC,Peter,Pomacentridae,Amblyglyphidodon,orbicularis,temp_code_001,1,AD,Passing,
GX010044_L.MP4,43431,24.1525,YA_MAC_Transect 2,1.967,,6.02,2.95,3110.211,12.967,,,610.628,-339.72,-3030.699,YA_MAC,Peter,Pomacentridae,Dascyllus,aruanus,37372073,1,AD,Passing,
GX010044_L.MP4,43431,24.1525,YA_MAC_Transect 2,1.967,,3.614,0.012,2377.361,4.67,,,183.7,-62.415,-2369.431,YA_MAC,Peter,Pomacentridae,Chromis,viridis,37372053,1,AD,Passing,
GX010044_L.MP4,43473,24.1758,YA_MAC_Transect 2,1.9903,367.583,23.098,6.172,4768.166,24.043,40.653,4.297,-1499.17,1235.43,-4354.492,YA_MAC,Peter,Kyphosidae,Kyphosus,cinerascens,37361022,1,AD,Passing,
GX010044_L.MP4,43473,24.1758,YA_MAC_Transect 2,1.9903,415.933,27.352,9.339,4905.05,26.486,54.384,1.808,-1823.268,1208.795,-4390.219,YA_MAC,Peter,Kyphosidae,Kyphosus,cinerascens,37361022,1,AD,Passing,
GX010044_L.MP4,43473,24.1758,YA_MAC_Transect 2,1.9903,277.324,23.518,3.875,4844.86,23.63,39.859,9.734,-1304.094,1438.962,-4438.625,YA_MAC,Peter,Kyphosidae,Kyphosus,cinerascens,37361022,1,AD,Passing,
GX010044_L.MP4,43473,24.1758,YA_MAC_Transect 2,1.9903,,13.936,1.865,4833.432,19.549,,,-609.593,1495.373,-4555.691,YA_MAC,Peter,Kyphosidae,Kyphosus,cinerascens,37361022,1,AD,Passing,
GX010044_L.MP4,43473,24.1758,YA_MAC_Transect 2,1.9903,,13.883,2.704,5183.883,30.852,,,-2144.909,1567.864,-4451.271,YA_MAC,Peter,Kyphosidae,Kyphosus,cinerascens,37361022,1,AD,Passing,
GX010044_L.MP4,43473,24.1758,YA_MAC_Transect 2,1.9903,,12.548,0.514,5010.783,32.368,,,-2306.518,1367.216,-4233.042,YA_MAC,Peter,Kyphosidae,Kyphosus,cinerascens,37361022,1,AD,Passing,
GX010044_L.MP4,43473,24.1758,YA_MAC_Transect 2,1.9903,,14.303,3.066,5282.779,27.576,,,-2212.525,1039.013,-4683.261,YA_MAC,Peter,Kyphosidae,Kyphosus,cinerascens,37361022,1,AD,Passing,
GX010044_L.MP4,43496,24.1886,YA_MAC_Transect 2,2.0031,,8.426,1.02,3996.37,26.915,,,-1626.675,789.497,-3563.93,YA_MAC,Peter,Kyphosidae,Kyphosus,cinerascens,37361022,1,AD,Passing,
GX010044_L.MP4,43496,24.1886,YA_MAC_Transect 2,2.0031,,8.715,1.147,4206.716,28.539,,,-1951.68,477.672,-3695.84,YA_MAC,Peter,Kyphosidae,Kyphosus,cinerascens,37361022,1,AD,Passing,
GX010044_L.MP4,43515,24.1992,YA_MAC_Transect 2,2.0137,241.981,6.512,7.573,2403.346,7.352,37.534,25.648,211.349,223.438,-2383.586,YA_MAC,Peter,Tetraodontidae,Arothron,manilensis,37467020,1,AD,Passing,
GX010044_L.MP4,43756,24.3332,YA_MAC_Transect 2,2.1477,,3.462,0.905,2396.406,23.749,,,888.336,-378.498,-2193.253,YA_MAC,Peter,Pomacentridae,Amblyglyphidodon,curacao,37372017,1,AD,Passing,
GX010044_L.MP4,43839,24.3794,YA_MAC_Transect 2,2.1939,,9.319,1.732,4324.486,28.81,,,-1975.755,660.651,-3789.606,YA_MAC,Peter,Kyphosidae,Kyphosus,cinerascens,37361022,1,AD,Passing,
GX010044_L.MP4,43839,24.3794,YA_MAC_Transect 2,2.1939,,12.427,2.904,4612.789,20.015,,,-1148.397,1080.926,-4334.813,YA_MAC,Peter,Kyphosidae,Kyphosus,cinerascens,37361022,1,AD,Passing,
GX010044_L.MP4,43839,24.3794,YA_MAC_Transect 2,2.1939,,13.139,0.426,4838.415,23.308,,,-1518.444,1163.344,-4444.234,YA_MAC,Peter,Kyphosidae,Kyphosus,cinerascens,37361022,1,AD,Passing,
GX010044_L.MP4,43839,24.3794,YA_MAC_Transect 2,2.1939,,16.65,4.896,5655.878,26.944,,,-2260.239,1204.972,-5042.65,YA_MAC,Peter,Kyphosidae,Kyphosus,cinerascens,37361022,1,AD,Passing,
GX010044_L.MP4,43839,24.3794,YA_MAC_Transect 2,2.1939,78.124,7.124,6.197,2587.567,22.784,42.952,15.026,-995.68,-112.946,-2385.659,YA_MAC,Peter,Pomacentridae,Amblyglyphidodon,curacao,37372017,1,AD,Passing,
GX010044_L.MP4,43839,24.3794,YA_MAC_Transect 2,2.1939,,5.958,1.975,3179.516,14.293,,,-784.719,-22.234,-3081.078,YA_MAC,Peter,Pomacentridae,Amblyglyphidodon,orbicularis,temp_code_001,1,AD,Passing,
GX010044_L.MP4,43839,24.3794,YA_MAC_Transect 2,2.1939,,3.637,0.833,2390.705,5.029,,,-99.757,182.902,-2381.61,YA_MAC,Peter,Pomacentridae,Amblyglyphidodon,orbicularis,temp_code_001,1,AD,Passing,
GX010044_L.MP4,43839,24.3794,YA_MAC_Transect 2,2.1939,,6.436,8.812,3277.016,5.597,,,-311.019,71.675,-3261.436,YA_MAC,Peter,Pomacentridae,Amblyglyphidodon,orbicularis,temp_code_001,1,AD,Passing,
GX010044_L.MP4,43839,24.3794,YA_MAC_Transect 2,2.1939,,4.583,2.635,2721.828,1.762,,,38.587,72.655,-2720.584,YA_MAC,Peter,Pomacentridae,Chromis,viridis,37372053,1,AD,Passing,
GX010044_L.MP4,43839,24.3794,YA_MAC_Transect 2,2.1939,,4.954,0.484,2840.314,4.809,,,-214.606,101.485,-2830.376,YA_MAC,Peter,Pomacentridae,Chromis,viridis,37372053,1,AD,Passing,
GX010044_L.MP4,43839,24.3794,YA_MAC_Transect 2,2.1939,,5.033,0.64,2861.886,5.713,,,-246.984,140.353,-2847.752,YA_MAC,Peter,Pomacentridae,Chromis,viridis,37372053,1,AD,Passing,
GX010044_L.MP4,43882,24.4033,YA_MAC_Transect 2,2.2178,61.964,3.498,3.889,2268.973,19.868,6.374,10.001,-771.111,4.863,-2133.917,YA_MAC,Peter,Pomacentridae,Chromis,viridis,37372053,1,AD,Passing,
GX010044_L.MP4,43944,24.4377,YA_MAC_Transect 2,2.2523,83.368,2.932,2.473,1422.129,19.001,58.959,3.201,-378.449,266.755,-1344.644,YA_MAC,Peter,Pomacentridae,Chromis,viridis,37372053,1,AD,Passing,
GX010044_L.MP4,43963,24.4483,YA_MAC_Transect 2,2.2628,88.063,1.717,0.889,1102.737,11.079,48.096,0.086,-180.782,110.536,-1082.187,YA_MAC,Peter,Pomacentridae,Chromis,atripectoralis,37372036,1,AD,Passing,
GX010044_L.MP4,44019,24.4795,YA_MAC_Transect 2,2.294,,0.539,0.675,826.473,16.436,,,50.048,-228.885,-792.569,YA_MAC,Peter,Pomacentridae,Amblyglyphidodon,orbicularis,temp_code_001,1,AD,Passing,
GX010044_L.MP4,44059,24.5017,YA_MAC_Transect 2,2.3162,311.988,17.441,6.717,4717.497,11.351,25.825,27.036,-341.767,863.286,-4625.226,YA_MAC,Peter,Kyphosidae,Kyphosus,cinerascens,37361022,1,AD,Passing,
GX010044_L.MP4,44059,24.5017,YA_MAC_Transect 2,2.3162,267.772,11.691,7.043,4132.37,14.767,21.914,24.47,-33.217,1052.755,-3995.884,YA_MAC,Peter,Kyphosidae,Kyphosus,cinerascens,37361022,1,AD,Passing,
GX010044_L.MP4,44059,24.5017,YA_MAC_Transect 2,2.3162,,8.566,1.107,4206.452,29.586,,,-2023.45,-470.034,-3657.725,YA_MAC,Peter,Kyphosidae,Kyphosus,cinerascens,37361022,1,AD,Passing,
GX010044_L.MP4,44059,24.5017,YA_MAC_Transect 2,2.3162,,9.189,4.779,4389.493,29.4,,,-2128.044,-340.741,-3824,YA_MAC,Peter,Kyphosidae,Kyphosus,cinerascens,37361022,1,AD,Passing,
GX010044_L.MP4,44059,24.5017,YA_MAC_Transect 2,2.3162,,10.556,7.439,4742.778,29.187,,,-2305.427,-187.689,-4140.498,YA_MAC,Peter,Kyphosidae,Kyphosus,cinerascens,37361022,1,AD,Passing,
GX010044_L.MP4,44059,24.5017,YA_MAC_Transect 2,2.3162,,11.731,0.644,4729.507,21.016,,,-1695.896,-30.269,-4414.891,YA_MAC,Peter,Kyphosidae,Kyphosus,cinerascens,37361022,1,AD,Passing,
GX010044_L.MP4,44059,24.5017,YA_MAC_Transect 2,2.3162,,14.005,4.09,5116.068,18.818,,,-1646.527,108.115,-4842.666,YA_MAC,Peter,Kyphosidae,Kyphosus,cinerascens,37361022,1,AD,Passing,
GX010044_L.MP4,44059,24.5017,YA_MAC_Transect 2,2.3162,,18.107,14.463,5806.03,17.744,,,-1757.909,198.811,-5529.938,YA_MAC,Peter,Kyphosidae,Kyphosus,cinerascens,37361022,1,AD,Passing,
GX010044_L.MP4,44059,24.5017,YA_MAC_Transect 2,2.3162,,3.287,1.647,2282.654,20.628,,,-166.972,-787.896,-2135.849,YA_MAC,Peter,Pomacentridae,Amblyglyphidodon,orbicularis,temp_code_001,1,AD,Passing,
GX010044_L.MP4,44085,24.5162,YA_MAC_Transect 2,2.3307,76.195,4.632,13.807,2170.022,28.392,44.433,25.122,802.565,-648.538,-1909,YA_MAC,Peter,Pomacentridae,Amblyglyphidodon,curacao,37372017,1,AD,Passing,
GX010044_L.MP4,44153,24.554,YA_MAC_Transect 2,2.3685,326.91,18.321,6.065,4452.067,22.025,32.611,13.606,1094.998,1260.344,-4127.156,YA_MAC,Peter,Kyphosidae,Kyphosus,cinerascens,37361022,1,AD,Passing,
GX010044_L.MP4,44153,24.554,YA_MAC_Transect 2,2.3685,,13.177,0.417,4840.04,13.231,,,-1107.749,-0.263,-4711.569,YA_MAC,Peter,Kyphosidae,Kyphosus,cinerascens,37361022,1,AD,Passing,
GX010044_L.MP4,44223,24.5929,YA_MAC_Transect 2,2.4074,,5.245,2.918,2928.437,9.371,,,-454.092,143.738,-2889.443,YA_MAC,Peter,Pomacentridae,Amblyglyphidodon,orbicularis,temp_code_001,1,AD,Passing,
GX010044_L.MP4,44302,24.6368,YA_MAC_Transect 2,2.4513,,3.288,3.224,2387.421,26.402,,,1019.401,295.166,-2138.569,YA_MAC,Peter,Pomacentridae,Dascyllus,aruanus,37372073,1,AD,Passing,
GX010044_L.MP4,44302,24.6368,YA_MAC_Transect 2,2.4513,,3.743,5.295,2563.42,26.459,,,1093.041,330.018,-2295.098,YA_MAC,Peter,Pomacentridae,Dascyllus,aruanus,37372073,1,AD,Passing,
GX010044_L.MP4,44302,24.6368,YA_MAC_Transect 2,2.4513,,3.019,6.008,2269.074,25.606,,,952.66,231.36,-2046.365,YA_MAC,Peter,Pomacentridae,Dascyllus,aruanus,37372073,1,AD,Passing,
GX010044_L.MP4,44302,24.6368,YA_MAC_Transect 2,2.4513,,5.1,3.334,2893.795,20.636,,,896.159,485.206,-2708.418,YA_MAC,Peter,Pomacentridae,Amblyglyphidodon,orbicularis,temp_code_001,1,AD,Passing,
GX010044_L.MP4,44302,24.6368,YA_MAC_Transect 2,2.4513,,2.663,0.488,1999.943,7.617,,,242.534,105.88,-1982.357,YA_MAC,Peter,Pomacentridae,Amblyglyphidodon,orbicularis,temp_code_001,1,AD,Passing,
GX010044_L.MP4,44316,24.6446,YA_MAC_Transect 2,2.4591,,10.806,6.721,4590.704,29.674,,,2162.857,695.61,-3989.077,YA_MAC,Peter,Pomacentridae,Amblyglyphidodon,curacao,37372017,1,AD,Passing,
GX010044_L.MP4,44357,24.6674,YA_MAC_Transect 2,2.4819,308.49,6.133,1.902,3103.047,19.199,16.386,30.763,-1016.542,88.92,-2930.467,YA_MAC,Peter,Kyphosidae,Kyphosus,cinerascens,37361022,1,AD,Passing,
GX010044_L.MP4,44467,24.7286,YA_MAC_Transect 2,2.5431,294.543,8.418,14.364,2547.898,25.329,59.26,9.017,802.64,737.514,-2302.961,YA_MAC,Peter,Kyphosidae,Kyphosus,cinerascens,37361022,1,AD,Passing,
GX010044_L.MP4,44497,24.7453,YA_MAC_Transect 2,2.5598,,8.677,1.483,4242.669,28.512,,,-2009.999,245.467,-3728.256,YA_MAC,Peter,Pomacentridae,Amblyglyphidodon,orbicularis,temp_code_001,1,AD,Passing,
GX010044_L.MP4,44497,24.7453,YA_MAC_Transect 2,2.5598,,15.162,3.847,5325.759,24.08,,,-1952.537,950.709,-4862.866,YA_MAC,Peter,Pomacentridae,Amblyglyphidodon,orbicularis,temp_code_001,1,AD,Passing,
GX010044_L.MP4,44518,24.757,YA_MAC_Transect 2,2.5715,,6.523,2.617,3576.199,26.983,,,-1583.837,350.724,-3187.107,YA_MAC,Peter,Kyphosidae,Kyphosus,cinerascens,37361022,1,AD,Passing,
GX010044_L.MP4,44532,24.7647,YA_MAC_Transect 2,2.5792,,6.562,4.505,3284.775,6.988,,,399.405,-15.837,-3260.364,YA_MAC,Peter,Pomacentridae,Amblyglyphidodon,curacao,37372017,1,AD,Passing,
GX010044_L.MP4,44532,24.7647,YA_MAC_Transect 2,2.5792,,4.989,6.595,2895.536,15.688,,,-769.768,-144.79,-2787.584,YA_MAC,Peter,Pomacentridae,Amblyglyphidodon,orbicularis,temp_code_001,1,AD,Passing,
GX010044_L.MP4,44532,24.7647,YA_MAC_Transect 2,2.5792,,6.45,1.966,3411.263,20.846,,,-1187.371,250.704,-3188.105,YA_MAC,Peter,Pomacentridae,Amblyglyphidodon,orbicularis,temp_code_001,1,AD,Passing,
GX010044_L.MP4,44594,24.7992,YA_MAC_Transect 2,2.6137,,9.742,0.514,3990.356,18.89,,,920.115,-909.057,-3774.91,YA_MAC,Peter,Labridae,Thalassoma,hardwicke,37384165,1,AD,Passing,
GX010044_L.MP4,44594,24.7992,YA_MAC_Transect 2,2.6137,313.443,11.664,12.526,4962.521,14.138,9.609,15.016,876.377,-837.427,-4812.203,YA_MAC,Peter,Lutjanidae,Macolor,niger,37346048,1,AD,Passing,
GX010044_L.MP4,44594,24.7992,YA_MAC_Transect 2,2.6137,,4.779,0.067,2772.285,18.604,,,-45.211,-884.813,-2626.905,YA_MAC,Peter,Pomacentridae,Amblyglyphidodon,orbicularis,temp_code_001,1,AD,Passing,
GX010044_L.MP4,44688,24.8515,YA_MAC_Transect 2,2.666,,5.274,0.461,2934.696,21.325,,,868.55,-621.741,-2733.405,YA_MAC,Peter,Pomacentridae,Amblyglyphidodon,curacao,37372017,1,AD,Passing,
GX010044_L.MP4,44712,24.8648,YA_MAC_Transect 2,2.6793,,4.133,1.264,2547.77,8.075,,,153.083,-324.972,-2522.318,YA_MAC,Peter,Pomacentridae,Amblyglyphidodon,curacao,37372017,1,AD,Passing,
GX010044_L.MP4,44712,24.8648,YA_MAC_Transect 2,2.6793,82.052,5.016,4.499,2016.888,20.42,50.464,15.977,-635.066,-303.1,-1890.148,YA_MAC,Peter,Pomacentridae,Amblyglyphidodon,orbicularis,temp_code_001,1,AD,Passing,
GX010044_L.MP4,44712,24.8648,YA_MAC_Transect 2,2.6793,64.918,3.321,2.321,2097.302,17.979,20.132,19.271,-496.627,-415.299,-1994.885,YA_MAC,Peter,Pomacentridae,Amblyglyphidodon,orbicularis,temp_code_001,1,AD,Passing,
GX010044_L.MP4,44712,24.8648,YA_MAC_Transect 2,2.6793,,3.473,6.681,2378.209,19.668,,,-679.412,-424.51,-2239.211,YA_MAC,Peter,Pomacentridae,Amblyglyphidodon,orbicularis,temp_code_001,1,AD,Passing,
GX010044_L.MP4,44712,24.8648,YA_MAC_Transect 2,2.6793,,4.393,2.164,2650.875,14.107,,,-497.609,-413.608,-2570.69,YA_MAC,Peter,Pomacentridae,Amblyglyphidodon,orbicularis,temp_code_001,1,AD,Passing,
GX010044_L.MP4,44712,24.8648,YA_MAC_Transect 2,2.6793,,3.81,2.799,2485.224,16.474,,,-639.186,-298.226,-2383.032,YA_MAC,Peter,Pomacentridae,Amblyglyphidodon,orbicularis,temp_code_001,1,AD,Passing,
GX010044_L.MP4,44712,24.8648,YA_MAC_Transect 2,2.6793,,3.128,1.672,2280.399,22.425,,,-761.418,-421.94,-2107.708,YA_MAC,Peter,Pomacentridae,Amblyglyphidodon,orbicularis,temp_code_001,1,AD,Passing,
GX010044_L.MP4,44712,24.8648,YA_MAC_Transect 2,2.6793,,5.067,0.224,2852.549,10.853,,,-354.011,-405.587,-2801.287,YA_MAC,Peter,Pomacentridae,Chromis,ternatensis,37372051,1,AD,Passing,
GX010044_L.MP4,44712,24.8648,YA_MAC_Transect 2,2.6793,,3.242,2.175,2312.254,18.943,,,-731.085,-171.462,-2186.923,YA_MAC,Peter,Pomacentridae,Chromis,viridis,37372053,1,AD,Passing,
GX010044_L.MP4,44712,24.8648,YA_MAC_Transect 2,2.6793,,3.329,4.759,2345.339,19.093,,,-738.791,-208.034,-2216.196,YA_MAC,Peter,Pomacentridae,Chromis,viridis,37372053,1,AD,Passing,
GX010044_L.MP4,53325,29.6546,YA_MAC_Transect 3,0.1535,60.995,2.967,4.027,1932.729,23.248,25.209,6.111,340.608,-682.612,-1775.801,YA_MAC,Peter,Pomacentridae,Dascyllus,aruanus,37372073,1,AD,Passing,
GX010044_L.MP4,53325,29.6546,YA_MAC_Transect 3,0.1535,,4.156,2.374,2545.131,11.977,,,190.122,-494.199,-2489.44,YA_MAC,Peter,Pomacentridae,Dascyllus,aruanus,37372073,1,AD,Passing,
GX010044_L.MP4,53325,29.6546,YA_MAC_Transect 3,0.1535,,7.415,1.502,3461.407,17.239,,,774.385,-674.681,-3305.522,YA_MAC,Peter,Pomacentridae,Dascyllus,aruanus,37372073,1,AD,Passing,
GX010044_L.MP4,53325,29.6546,YA_MAC_Transect 3,0.1535,,4.254,4.553,2594.438,14.063,,,-386.709,-499.357,-2516.388,YA_MAC,Peter,Pomacentridae,Dascyllus,aruanus,37372073,1,AD,Passing,
GX010044_L.MP4,53325,29.6546,YA_MAC_Transect 3,0.1535,79.896,3.53,5.711,2080.651,18.685,23.243,15.572,-507.23,-432.495,-1970.984,YA_MAC,Peter,Pomacentridae,Neoglyphidodon,carlsoni,temp_code_008,1,AD,Passing,
GX010044_L.MP4,53325,29.6546,YA_MAC_Transect 3,0.1535,95.946,6.075,2.431,2207.75,18.736,44.495,6.468,635.429,-314.817,-2090.76,YA_MAC,Peter,Pomacentridae,Amblyglyphidodon,orbicularis,temp_code_001,1,AD,Passing,
GX010044_L.MP4,53325,29.6546,YA_MAC_Transect 3,0.1535,,3.11,4.181,2172.15,11.362,,,295.604,-310.662,-2129.399,YA_MAC,Peter,Pomacentridae,Amblyglyphidodon,orbicularis,temp_code_001,1,AD,Passing,
GX010044_L.MP4,53325,29.6546,YA_MAC_Transect 3,0.1535,65.592,4.819,3.28,2767.524,19.963,1.74,6.998,895.143,-302.5,-2601.231,YA_MAC,Peter,Pomacentridae,Pomacentrus,sp,,1,AD,Passing,
GX010044_L.MP4,53351,29.6691,YA_MAC_Transect 3,0.1679,88.315,5.828,9.887,2063.966,21.756,63.116,10.243,-678.129,-354.1,-1916.954,YA_MAC,Peter,Pomacentridae,Chromis,viridis,37372053,1,AD,Passing,
GX010044_L.MP4,53351,29.6691,YA_MAC_Transect 3,0.1679,,7.881,2.275,3780.696,23.11,,,-1339.789,-639.969,-3476.934,YA_MAC,Peter,Pomacentridae,Chromis,viridis,37372053,1,AD,Passing,
GX010044_L.MP4,53351,29.6691,YA_MAC_Transect 3,0.1679,,8.297,1.861,3818.718,20.832,,,-1183.458,-668.256,-3568.679,YA_MAC,Peter,Pomacentridae,Chromis,viridis,37372053,1,AD,Passing,
GX010044_L.MP4,53359,29.6735,YA_MAC_Transect 3,0.1724,61.553,5.735,9.726,2473.969,23.011,38.452,28.849,-612.861,-748.124,-2277.111,YA_MAC,Peter,Pomacentridae,Pomacentrus,philippinus,37372123,1,AD,Passing,
GX010044_L.MP4,53383,29.6869,YA_MAC_Transect 3,0.1857,58.222,2.383,2.496,2172.691,20.804,13.232,2.725,117.769,-762.636,-2031.036,YA_MAC,Peter,Pomacentridae,Dascyllus,aruanus,37372073,1,AD,Passing,
GX010044_L.MP4,53383,29.6869,YA_MAC_Transect 3,0.1857,,5.658,2.307,3033.942,23.665,,,577.57,-1073.745,-2778.181,YA_MAC,Peter,Pomacentridae,Dascyllus,aruanus,37372073,1,AD,Passing,
GX010044_L.MP4,53433,29.7147,YA_MAC_Transect 3,0.2135,96.597,5.381,3.073,2167.122,21.382,52.772,33.456,562.551,-554.778,-2017.963,YA_MAC,Peter,Pomacentridae,Amblyglyphidodon,orbicularis,temp_code_001,1,AD,Passing,
GX010044_L.MP4,53433,29.7147,YA_MAC_Transect 3,0.2135,59.113,2.049,5.764,1838.072,18.96,14.16,57.63,-410.375,-433.88,-1738.347,YA_MAC,Peter,Pomacentridae,Amblyglyphidodon,orbicularis,temp_code_001,1,AD,Passing,
GX010044_L.MP4,53475,29.738,YA_MAC_Transect 3,0.2369,,6.988,1.146,3403.296,17.474,,,-736.929,-709.912,-3245.826,YA_MAC,Peter,Pomacentridae,Amblyglyphidodon,orbicularis,temp_code_001,1,AD,Passing,
GX010044_L.MP4,53475,29.738,YA_MAC_Transect 3,0.2369,84.096,6.11,16.761,2234.752,25.049,68.225,24.717,-797.204,-509.629,-2024.564,YA_MAC,Peter,Pomacentridae,Chromis,viridis,37372053,1,AD,Passing,
GX010044_L.MP4,53531,29.7692,YA_MAC_Transect 3,0.268,,4.409,1.572,2845.906,23.762,,,-1146.15,34.302,-2604.677,YA_MAC,Peter,Pomacentridae,Chromis,viridis,37372053,1,AD,Passing,
GX010044_L.MP4,53568,29.7898,YA_MAC_Transect 3,0.2886,,3.224,10.201,2361.962,28.393,,,1001.284,-510.011,-2077.542,YA_MAC,Peter,Pomacentridae,Chromis,atripectoralis,37372036,1,AD,Passing,
GX010044_L.MP4,53577,29.7948,YA_MAC_Transect 3,0.2936,,12.381,1.663,5025.226,29.088,,,2436.57,-179.796,-4391.321,YA_MAC,Peter,Pomacentridae,Amblyglyphidodon,curacao,37372017,1,AD,Passing,
GX010044_L.MP4,53577,29.7948,YA_MAC_Transect 3,0.2936,,4.63,2.171,2781.961,23.87,,,965.245,-580.784,-2543.679,YA_MAC,Peter,Pomacentridae,Chromis,ternatensis,37372051,1,AD,Passing,
GX010044_L.MP4,53577,29.7948,YA_MAC_Transect 3,0.2936,,3.885,6.09,2637.416,28.425,,,1171.586,-452.421,-2319.195,YA_MAC,Peter,Pomacentridae,Chromis,viridis,37372053,1,AD,Passing,
GX010044_L.MP4,53577,29.7948,YA_MAC_Transect 3,0.2936,,3.959,2.255,2662.75,27.569,,,1176.191,-369.266,-2360.181,YA_MAC,Peter,Pomacentridae,Chromis,viridis,37372053,1,AD,Passing,
GX010044_L.MP4,53577,29.7948,YA_MAC_Transect 3,0.2936,,3.895,0.631,2653.783,28.292,,,1202.132,-371.487,-2336.545,YA_MAC,Peter,Pomacentridae,Chromis,viridis,37372053,1,AD,Passing,
GX010044_L.MP4,53577,29.7948,YA_MAC_Transect 3,0.2936,,3.862,4.961,2639.935,27.965,,,1191.403,-337.662,-2331.48,YA_MAC,Peter,Pomacentridae,Chromis,viridis,37372053,1,AD,Passing,
GX010044_L.MP4,53682,29.8532,YA_MAC_Transect 3,0.352,,2.953,4.542,2242.412,23.245,,,-841.528,-275.171,-2060.224,YA_MAC,Peter,Pomacentridae,Amblyglyphidodon,orbicularis,temp_code_001,1,AD,Passing,
GX010044_L.MP4,53682,29.8532,YA_MAC_Transect 3,0.352,82.351,4.825,10.644,2043.31,21.837,52.085,26.264,-628.272,-427.733,-1896.69,YA_MAC,Peter,Pomacentridae,Pomacentrus,philippinus,37372123,1,AD,Passing,
GX010044_L.MP4,53682,29.8532,YA_MAC_Transect 3,0.352,60.274,3.213,7.708,2237.277,14.124,18.562,38.758,-429.472,-337.053,-2169.644,YA_MAC,Peter,Pomacentridae,Chromis,ternatensis,37372051,1,AD,Passing,
GX010044_L.MP4,53760,29.8965,YA_MAC_Transect 3,0.3954,56.613,5.424,5.273,1933.405,13.105,57.209,23.815,169.307,-404.376,-1883.048,YA_MAC,Peter,Pomacentridae,Dascyllus,aruanus,37372073,1,AD,Passing,
GX010044_L.MP4,53760,29.8965,YA_MAC_Transect 3,0.3954,,7.117,3.012,3413.487,9.969,,,551.044,211.527,-3362.068,YA_MAC,Peter,Pomacentridae,Dascyllus,aruanus,37372073,1,AD,Passing,
GX010044_L.MP4,53760,29.8965,YA_MAC_Transect 3,0.3954,55.855,2.19,2.553,1753.652,9.765,17.425,2.732,98.521,-280.635,-1728.246,YA_MAC,Peter,Pomacentridae,Amblyglyphidodon,orbicularis,temp_code_001,1,AD,Passing,
GX010044_L.MP4,53760,29.8965,YA_MAC_Transect 3,0.3954,,2.638,0.006,1990.808,16.766,,,432.707,-378.658,-1905.965,YA_MAC,Peter,Pomacentridae,Amblyglyphidodon,orbicularis,temp_code_001,1,AD,Passing,
GX010044_L.MP4,53760,29.8965,YA_MAC_Transect 3,0.3954,153.032,12.761,16.318,3695.751,32.451,43.149,5.984,1711.951,1000.92,-3118.647,YA_MAC,Peter,Scaridae,Scarus,sp,,1,AD,Passing,
GX010044_L.MP4,53760,29.8965,YA_MAC_Transect 3,0.3954,69.185,3.979,1.508,1759.185,18.689,49.381,17.514,393.857,-403.276,-1666.426,YA_MAC,Peter,Pomacentridae,Chromis,ternatensis,37372051,1,AD,Passing,
GX010044_L.MP4,53835,29.9382,YA_MAC_Transect 3,0.4371,291.366,24.133,13.948,4841.319,28.074,50.295,12.584,-1851.683,1327.472,-4271.704,YA_MAC,Peter,Kyphosidae,Kyphosus,cinerascens,37361022,1,AD,Passing,
GX010044_L.MP4,53923,29.9872,YA_MAC_Transect 3,0.486,,6.094,2.437,3133.219,15.723,,,-297.479,793.498,-3016.443,YA_MAC,Peter,Pomacentridae,Amblyglyphidodon,orbicularis,temp_code_001,1,AD,Passing,
GX010044_L.MP4,53923,29.9872,YA_MAC_Transect 3,0.486,,9.746,5.014,4122.854,21.928,,,-1220.333,936.481,-3825.142,YA_MAC,Peter,Pomacentridae,Amblyglyphidodon,orbicularis,temp_code_001,1,AD,Passing,
GX010044_L.MP4,53923,29.9872,YA_MAC_Transect 3,0.486,,6.679,6.708,3504.119,28.14,,,-1343.961,959.985,-3090.477,YA_MAC,Peter,Pomacentridae,Pomacentrus,sp,,1,AD,Passing,
GX010044_L.MP4,53923,29.9872,YA_MAC_Transect 3,0.486,,4.662,0.514,2734.939,15.661,,,-539.717,502.198,-2633.703,YA_MAC,Peter,Pomacentridae,Chromis,ternatensis,37372051,1,AD,Passing,
GX010044_L.MP4,53978,30.0178,YA_MAC_Transect 3,0.5166,133.169,3.996,16.445,2438.866,26.187,22.317,41.8,1070.249,-113.868,-2188.531,YA_MAC,Peter,Acanthuridae,Acanthurus,sp,,1,AD,Passing,
GX010044_L.MP4,53991,30.025,YA_MAC_Transect 3,0.5239,42.714,2.522,2.847,1555.27,15.367,32.769,22.891,364.185,-192.947,-1499.669,YA_MAC,Peter,Pomacentridae,Pomacentrus,maafu,temp_code_005,1,AD,Passing,
GX010044_L.MP4,53991,30.025,YA_MAC_Transect 3,0.5239,287.488,3.928,8.782,2965.159,1.387,9.871,8.591,0.228,-71.787,-2964.29,YA_MAC,Peter,Haemulidae,Plectorhinchus,vittatus,37350015,1,AD,Passing,
GX010044_L.MP4,54003,30.0317,YA_MAC_Transect 3,0.5305,71.16,2.47,4.326,2403.932,11.156,3.913,42.812,-142.222,442.825,-2358.509,YA_MAC,Peter,Pomacentridae,Amblyglyphidodon,curacao,37372017,1,AD,Passing,
GX010044_L.MP4,54003,30.0317,YA_MAC_Transect 3,0.5305,,7.116,1.622,3402.382,13.12,,,-116.978,761.455,-3314.016,YA_MAC,Peter,Pomacentridae,Amblyglyphidodon,curacao,37372017,1,AD,Passing,
GX010044_L.MP4,54003,30.0317,YA_MAC_Transect 3,0.5305,,10.209,1.558,4112.854,15.953,,,-161.768,1116.493,-3955.104,YA_MAC,Peter,Pomacentridae,Amblyglyphidodon,curacao,37372017,1,AD,Passing,
GX010044_L.MP4,54003,30.0317,YA_MAC_Transect 3,0.5305,,10.862,2.457,4244.768,16.179,,,-263.785,1150.569,-4077.335,YA_MAC,Peter,Pomacentridae,Amblyglyphidodon,curacao,37372017,1,AD,Passing,
GX010044_L.MP4,54003,30.0317,YA_MAC_Transect 3,0.5305,,9.795,0.172,4039.412,19.221,,,-771.701,1080.805,-3814.864,YA_MAC,Peter,Pomacentridae,Amblyglyphidodon,curacao,37372017,1,AD,Passing,
GX010044_L.MP4,54003,30.0317,YA_MAC_Transect 3,0.5305,,2.377,7.736,2012.164,27.276,,,-825.696,409.527,-1788.663,YA_MAC,Peter,Pomacentridae,Chromis,ternatensis,37372051,1,AD,Passing,
GX010044_L.MP4,54003,30.0317,YA_MAC_Transect 3,0.5305,,15.466,5.618,5196.122,21.697,,,-1429.881,1280.027,-4828.732,YA_MAC,Peter,Pomacentridae,Chromis,ternatensis,37372051,1,AD,Passing,
GX010044_L.MP4,54003,30.0317,YA_MAC_Transect 3,0.5305,,7.349,2.279,3525.115,19.494,,,-925.265,724.473,-3323.471,YA_MAC,Peter,Pomacentridae,Chromis,ternatensis,37372051,1,AD,Passing,
GX010044_L.MP4,54003,30.0317,YA_MAC_Transect 3,0.5305,,5.959,12.577,3308.517,28.943,,,-1282.233,957.158,-2895.862,YA_MAC,Peter,Pomacentridae,Dascyllus,trimaculatus,37372075,1,AD,Passing,
GX010044_L.MP4,54004,30.0322,YA_MAC_Transect 3,0.5311,171.627,7.549,3.813,2486.258,25.688,75.798,22.578,-1077.702,-7.642,-2240.531,YA_MAC,Peter,Chaetodontidae,Heniochus,varius,37365078,1,AD,Passing,
GX010044_L.MP4,54027,30.045,YA_MAC_Transect 3,0.5439,53.082,1.841,3.279,1984.865,7.639,6.239,50.153,79,-251.757,-1967.249,YA_MAC,Peter,Pomacentridae,Neopomacentrus,violascens,temp_code_010,1,AD,Passing,
GX010044_L.MP4,54086,30.0778,YA_MAC_Transect 3,0.5767,79.779,1.438,2.834,1043.937,14.603,47.779,5.238,-57.569,-256.831,-1010.212,YA_MAC,Peter,Pomacentridae,Amblyglyphidodon,curacao,37372017,1,AD,Passing,
GX010044_L.MP4,54086,30.0778,YA_MAC_Transect 3,0.5767,94.636,2.655,2.681,1951.575,1.742,17.611,16.798,-57.049,-16.295,-1950.673,YA_MAC,Peter,Pomacentridae,Amblyglyphidodon,curacao,37372017,1,AD,Passing,
GX010044_L.MP4,54101,30.0862,YA_MAC_Transect 3,0.585,,6.023,1.53,3477.256,27.804,,,-1615.117,147.049,-3075.887,YA_MAC,Peter,Pomacentridae,Amblyglyphidodon,curacao,37372017,1,AD,Passing,
GX010044_L.MP4,54101,30.0862,YA_MAC_Transect 3,0.585,,8.006,2.113,3961.753,25.672,,,-1686.194,317.987,-3570.871,YA_MAC,Peter,Pomacentridae,Amblyglyphidodon,curacao,37372017,1,AD,Passing,
GX010044_L.MP4,54101,30.0862,YA_MAC_Transect 3,0.585,,11.706,1.253,4833.933,24.9,,,-2017.709,264.354,-4384.732,YA_MAC,Peter,Pomacentridae,Amblyglyphidodon,curacao,37372017,1,AD,Passing,
GX010044_L.MP4,54101,30.0862,YA_MAC_Transect 3,0.585,,15.411,4.287,5427.353,21.344,,,-1944.001,347.855,-5055.296,YA_MAC,Peter,Pomacentridae,Amblyglyphidodon,curacao,37372017,1,AD,Passing,
GX010044_L.MP4,54101,30.0862,YA_MAC_Transect 3,0.585,,5.425,3.278,3042.336,16.621,,,-857.166,148.418,-2915.313,YA_MAC,Peter,Pomacentridae,Amblyglyphidodon,curacao,37372017,1,AD,Passing,
GX010044_L.MP4,54101,30.0862,YA_MAC_Transect 3,0.585,,14.789,0.167,5362.951,21.836,,,-1989.367,144.168,-4978.241,YA_MAC,Peter,Pomacentridae,Amblyglyphidodon,curacao,37372017,1,AD,Passing,
GX010044_L.MP4,54101,30.0862,YA_MAC_Transect 3,0.585,,9.585,5.566,4051.697,12.851,,,-840.949,321.491,-3950.405,YA_MAC,Peter,Pomacentridae,Amblyglyphidodon,curacao,37372017,1,AD,Passing,
GX010044_L.MP4,54101,30.0862,YA_MAC_Transect 3,0.585,,5.077,5.98,2874.404,6.012,,,-255.446,157.659,-2858.687,YA_MAC,Peter,Pomacentridae,Amblyglyphidodon,curacao,37372017,1,AD,Passing,
GX010044_L.MP4,54144,30.1101,YA_MAC_Transect 3,0.6089,,6.32,1.607,3403.711,27.526,,,1472.498,-555.079,-3018.093,YA_MAC,Peter,Pomacentridae,Dascyllus,aruanus,37372073,1,AD,Passing,
GX010044_L.MP4,54216,30.1501,YA_MAC_Transect 3,0.649,96.74,3.242,7.343,1997.082,15.208,40.419,52.883,-447.637,-272.143,-1927.147,YA_MAC,Peter,Pomacentridae,Amblyglyphidodon,curacao,37372017,1,AD,Passing,
GX010044_L.MP4,54216,30.1501,YA_MAC_Transect 3,0.649,81.206,1.887,5.039,1717.487,8.665,17.798,45.379,-5.683,-258.679,-1697.885,YA_MAC,Peter,Pomacentridae,Amblyglyphidodon,curacao,37372017,1,AD,Passing,
GX010044_L.MP4,54216,30.1501,YA_MAC_Transect 3,0.649,63.91,2.024,1.516,1920.318,9.978,8.641,30.015,276.535,-185.051,-1891.271,YA_MAC,Peter,Pomacentridae,Chromis,ternatensis,37372051,1,AD,Passing,
GX010044_L.MP4,54259,30.174,YA_MAC_Transect 3,0.6729,,4.421,5.591,2880.452,28.837,,,1365.752,253.289,-2523.404,YA_MAC,Peter,Pomacentridae,Amblyglyphidodon,curacao,37372017,1,AD,Passing,
GX010044_L.MP4,54259,30.174,YA_MAC_Transect 3,0.6729,,5.828,4.344,3344.686,29.302,,,1596.167,361.24,-2916.964,YA_MAC,Peter,Pomacentridae,Amblyglyphidodon,curacao,37372017,1,AD,Passing,
GX010044_L.MP4,54259,30.174,YA_MAC_Transect 3,0.6729,,5.483,3.632,3234.553,27.81,,,1508.614,34.041,-2860.989,YA_MAC,Peter,Pomacentridae,Amblyglyphidodon,curacao,37372017,1,AD,Passing,
GX010044_L.MP4,54265,30.1774,YA_MAC_Transect 3,0.6762,68.639,1.521,1.21,1505.695,16.95,13.742,25.264,185.664,-397.781,-1440.283,YA_MAC,Peter,Pomacentridae,Chromis,viridis,37372053,1,AD,Passing,
GX010044_L.MP4,54315,30.2052,YA_MAC_Transect 3,0.704,108.013,8.894,5.683,2515.602,23.555,86.157,6.91,-1004.839,-30.218,-2306.001,YA_MAC,Peter,Pomacentridae,Amblyglyphidodon,orbicularis,temp_code_001,1,AD,Passing,
GX010044_L.MP4,54368,30.2346,YA_MAC_Transect 3,0.7335,,3.222,4.533,2245.295,16.149,,,623.515,-36.284,-2156.679,YA_MAC,Peter,Pomacentridae,Amblyglyphidodon,curacao,37372017,1,AD,Passing,
GX010044_L.MP4,54418,30.2625,YA_MAC_Transect 3,0.7613,,4.609,11.719,2908.74,28.061,,,1316.751,370.478,-2567.038,YA_MAC,Peter,Pomacentridae,Amblyglyphidodon,curacao,37372017,1,AD,Passing,
GX010044_L.MP4,54418,30.2625,YA_MAC_Transect 3,0.7613,,8.68,15.92,4086.987,30.577,,,1926.287,780.083,-3519.14,YA_MAC,Peter,Pomacentridae,Amblyglyphidodon,orbicularis,temp_code_001,1,AD,Passing,
GX010044_L.MP4,54418,30.2625,YA_MAC_Transect 3,0.7613,,7.842,4.684,3815.642,28.723,,,1671.295,752.513,-3346.583,YA_MAC,Peter,Pomacentridae,Amblyglyphidodon,orbicularis,temp_code_001,1,AD,Passing,
GX010044_L.MP4,54418,30.2625,YA_MAC_Transect 3,0.7613,,9.225,7.363,4035.989,23.433,,,1483.446,610.55,-3703.488,YA_MAC,Peter,Pomacentridae,Amblyglyphidodon,orbicularis,temp_code_001,1,AD,Passing,
GX010044_L.MP4,54418,30.2625,YA_MAC_Transect 3,0.7613,,9.86,6.355,4393.968,28.282,,,2044.102,392.833,-3869.662,YA_MAC,Peter,Pomacentridae,Amblyglyphidodon,orbicularis,temp_code_001,1,AD,Passing,
GX010044_L.MP4,54434,30.2714,YA_MAC_Transect 3,0.7702,,7.719,3.729,3785.711,24.8,,,1576.597,187.076,-3436.707,YA_MAC,Peter,Scaridae,Chlorurus,bleekeri,37386011,1,AD,Passing,
GX010044_L.MP4,54505,30.3108,YA_MAC_Transect 3,0.8097,,5.084,0.56,3003.536,20.954,,,-1054.449,202.95,-2805.027,YA_MAC,Peter,Pomacentridae,Amblyglyphidodon,orbicularis,temp_code_001,1,AD,Passing,
GX010044_L.MP4,54574,30.3492,YA_MAC_Transect 3,0.8481,102.76,5.167,0.469,2006.462,21.826,62.442,21.925,-725.093,175.276,-1862.635,YA_MAC,Peter,Pomacentridae,Amblyglyphidodon,orbicularis,temp_code_001,1,AD,Passing,
GX010044_L.MP4,54750,30.4471,YA_MAC_Transect 3,0.9459,,3.9,11.78,2587.477,26.521,,,-829.913,-805.198,-2314.722,YA_MAC,Peter,Pomacentridae,Dascyllus,aruanus,37372073,1,AD,Passing,
GX010044_L.MP4,54750,30.4471,YA_MAC_Transect 3,0.9459,,5.135,10.658,2966.154,24.721,,,-880.406,-875.384,-2693.818,YA_MAC,Peter,Pomacentridae,Dascyllus,aruanus,37372073,1,AD,Passing,
GX010044_L.MP4,54773,30.4599,YA_MAC_Transect 3,0.9587,,6.114,6.544,3153.257,20.083,,,207.19,-1064.468,-2960.914,YA_MAC,Peter,Pomacentridae,Dascyllus,aruanus,37372073,1,AD,Passing,
GX010044_L.MP4,54823,30.4877,YA_MAC_Transect 3,0.9865,,5.861,16.504,3380.954,26.645,,,-1492.409,-269.355,-3021.757,YA_MAC,Peter,Pomacentridae,Dascyllus,aruanus,37372073,1,AD,Passing,
GX010044_L.MP4,54823,30.4877,YA_MAC_Transect 3,0.9865,,5.122,10.673,3028.125,23.881,,,-1120.511,-498.887,-2768.593,YA_MAC,Peter,Pomacentridae,Dascyllus,aruanus,37372073,1,AD,Passing,
GX010044_L.MP4,54823,30.4877,YA_MAC_Transect 3,0.9865,,11.014,8.543,4520.355,20.296,,,-1536.303,-315.898,-4239.527,YA_MAC,Peter,Pomacentridae,Dascyllus,aruanus,37372073,1,AD,Passing,
GX010044_L.MP4,54823,30.4877,YA_MAC_Transect 3,0.9865,,8.99,9.824,4333.013,29.521,,,-2099.984,-387.573,-3770.259,YA_MAC,Peter,Pomacentridae,Dascyllus,aruanus,37372073,1,AD,Passing,
GX010044_L.MP4,54823,30.4877,YA_MAC_Transect 3,0.9865,,3.574,1.106,2385.593,23.183,,,327.985,-881.278,-2192.448,YA_MAC,Peter,Pomacentridae,Dascyllus,aruanus,37372073,1,AD,Passing,
GX010044_L.MP4,54823,30.4877,YA_MAC_Transect 3,0.9865,,3.772,3.991,2447.958,19.509,,,21.105,-818.595,-2306.936,YA_MAC,Peter,Pomacentridae,Dascyllus,aruanus,37372073,1,AD,Passing,
GX010044_L.MP4,54823,30.4877,YA_MAC_Transect 3,0.9865,,6.607,15.255,3584.277,28.947,,,-1594.73,-684.737,-3136.083,YA_MAC,Peter,Pomacentridae,Dascyllus,aruanus,37372073,1,AD,Passing,
GX010044_L.MP4,54876,30.5172,YA_MAC_Transect 3,1.016,85.248,7.597,12.824,2479.6,30.097,75.879,1.953,1105.051,-570.058,-2145.3,YA_MAC,Peter,Pomacentridae,Dascyllus,aruanus,37372073,1,AD,Passing,
GX010044_L.MP4,54876,30.5172,YA_MAC_Transect 3,1.016,,6.004,5.493,3436.821,26.459,,,-1525.033,-140.281,-3076.741,YA_MAC,Peter,Pomacentridae,Dascyllus,aruanus,37372073,1,AD,Passing,
GX010044_L.MP4,54876,30.5172,YA_MAC_Transect 3,1.016,,7.146,6.66,3828.459,28.293,,,-1807.509,-162.359,-3371.001,YA_MAC,Peter,Pomacentridae,Dascyllus,aruanus,37372073,1,AD,Passing,
GX010044_L.MP4,54876,30.5172,YA_MAC_Transect 3,1.016,,8.597,8.481,4025.227,22.769,,,-1521.907,-334.879,-3711.348,YA_MAC,Peter,Pomacentridae,Dascyllus,aruanus,37372073,1,AD,Passing,
GX010044_L.MP4,54876,30.5172,YA_MAC_Transect 3,1.016,,6.579,8.567,3455.371,22.098,,,-1240.988,-388.728,-3201.317,YA_MAC,Peter,Pomacentridae,Dascyllus,aruanus,37372073,1,AD,Passing,
GX010044_L.MP4,54876,30.5172,YA_MAC_Transect 3,1.016,,9.486,5.902,4070.019,16.622,,,-1090.999,-408.697,-3899.711,YA_MAC,Peter,Pomacentridae,Dascyllus,aruanus,37372073,1,AD,Passing,
GX010044_L.MP4,54876,30.5172,YA_MAC_Transect 3,1.016,,4.436,4.678,2792.414,24.155,,,-1011.276,-533.503,-2547.602,YA_MAC,Peter,Pomacentridae,Dascyllus,aruanus,37372073,1,AD,Passing,
GX010044_L.MP4,54876,30.5172,YA_MAC_Transect 3,1.016,,3.294,3.097,2282.157,22.472,,,264.015,-832.632,-2108.378,YA_MAC,Peter,Pomacentridae,Dascyllus,aruanus,37372073,1,AD,Passing,
GX010044_L.MP4,54876,30.5172,YA_MAC_Transect 3,1.016,,2.964,9.29,2221.319,26.793,,,858.364,-516.71,-1982.544,YA_MAC,Peter,Pomacentridae,Dascyllus,aruanus,37372073,1,AD,Passing,
GX010044_L.MP4,54899,30.5299,YA_MAC_Transect 3,1.0288,,6.477,15.153,3494.058,27.714,,,-1443.234,-748.503,-3092.776,YA_MAC,Peter,Labridae,Thalassoma,lunare,37384167,1,AD,Passing,
GX010044_L.MP4,54964,30.5661,YA_MAC_Transect 3,1.065,,5.531,0.001,3284.551,29.689,,,1612.585,-216.428,-2853.244,YA_MAC,Peter,Pomacentridae,Dascyllus,aruanus,37372073,1,AD,Passing,
GX010044_L.MP4,54964,30.5661,YA_MAC_Transect 3,1.065,,8.55,4.426,3750.212,11.925,,,694.276,-346.281,-3669.082,YA_MAC,Peter,Pomacentridae,Dascyllus,aruanus,37372073,1,AD,Passing,
GX010044_L.MP4,54964,30.5661,YA_MAC_Transect 3,1.065,,10.068,2.202,4147.58,4.836,,,315.963,-152.208,-4132.726,YA_MAC,Peter,Pomacentridae,Dascyllus,aruanus,37372073,1,AD,Passing,
GX010044_L.MP4,55004,30.5883,YA_MAC_Transect 3,1.0872,52.144,3.751,5.285,2835.8,20.007,3.526,3.914,-601.6,-761.176,-2664.668,YA_MAC,Peter,Pomacentridae,Dascyllus,aruanus,37372073,1,AD,Passing,
GX010044_L.MP4,55004,30.5883,YA_MAC_Transect 3,1.0872,,5.885,1.87,3079.185,18.759,,,776.315,-616.399,-2915.264,YA_MAC,Peter,Pomacentridae,Dascyllus,aruanus,37372073,1,AD,Passing,
GX010044_L.MP4,55004,30.5883,YA_MAC_Transect 3,1.0872,112.479,7.24,8.708,3254.042,28.901,0.01,2.901,1449.256,-610.687,-2848.773,YA_MAC,Peter,Lethrinidae,Monotaxis,grandoculis,37351026,1,AD,Passing,
GX010044_L.MP4,55031,30.6034,YA_MAC_Transect 3,1.1022,,4.012,9.836,2580.582,23.161,,,-709.902,-726.834,-2372.163,YA_MAC,Peter,Pomacentridae,Dascyllus,aruanus,37372073,1,AD,Passing,
GX010044_L.MP4,55031,30.6034,YA_MAC_Transect 3,1.1022,,6.125,7.847,3211.813,21.66,,,-838.909,-839.359,-2984.536,YA_MAC,Peter,Pomacentridae,Dascyllus,aruanus,37372073,1,AD,Passing,
GX010044_L.MP4,55031,30.6034,YA_MAC_Transect 3,1.1022,,4.32,3.426,2667.994,21.205,,,-701.353,-664.298,-2486.967,YA_MAC,Peter,Pomacentridae,Dascyllus,aruanus,37372073,1,AD,Passing,
GX010044_L.MP4,55031,30.6034,YA_MAC_Transect 3,1.1022,,4.767,8.911,2864.078,23.517,,,-930.866,-664.511,-2625.806,YA_MAC,Peter,Pomacentridae,Dascyllus,aruanus,37372073,1,AD,Passing,
GX010044_L.MP4,55031,30.6034,YA_MAC_Transect 3,1.1022,,5.187,10.319,3006.336,23.037,,,-1010.388,-604.241,-2766.236,YA_MAC,Peter,Pomacentridae,Dascyllus,aruanus,37372073,1,AD,Passing,
GX010044_L.MP4,55031,30.6034,YA_MAC_Transect 3,1.1022,,4.66,1.099,2794.216,20.122,,,-811.096,-517.405,-2623.368,YA_MAC,Peter,Pomacentridae,Dascyllus,aruanus,37372073,1,AD,Passing,
GX010044_L.MP4,55031,30.6034,YA_MAC_Transect 3,1.1022,,5.737,9.904,3084.676,19.509,,,-749.661,-708.26,-2907.164,YA_MAC,Peter,Pomacentridae,Dascyllus,aruanus,37372073,1,AD,Passing,
GX010044_L.MP4,55031,30.6034,YA_MAC_Transect 3,1.1022,,8.795,1.214,3828.427,17.419,,,-774.583,-846.791,-3652.371,YA_MAC,Peter,Pomacentridae,Dascyllus,aruanus,37372073,1,AD,Passing,
GX010044_L.MP4,55031,30.6034,YA_MAC_Transect 3,1.1022,,5.249,4.345,2932.116,17.906,,,-669.267,-605.593,-2789.739,YA_MAC,Peter,Pomacentridae,Dascyllus,aruanus,37372073,1,AD,Passing,
GX010044_L.MP4,55031,30.6034,YA_MAC_Transect 3,1.1022,,5.18,7.478,2916.436,17.879,,,-689.558,-572.758,-2775.258,YA_MAC,Peter,Pomacentridae,Dascyllus,aruanus,37372073,1,AD,Passing,
GX010044_L.MP4,55031,30.6034,YA_MAC_Transect 3,1.1022,,5.199,8.387,2915.152,19.365,,,-630.528,-734.26,-2749.801,YA_MAC,Peter,Pomacentridae,Dascyllus,aruanus,37372073,1,AD,Passing,
GX010044_L.MP4,55031,30.6034,YA_MAC_Transect 3,1.1022,,3.946,18.528,2687.184,29.937,,,-1109.879,-754.031,-2328.21,YA_MAC,Peter,Pomacentridae,Dascyllus,aruanus,37372073,1,AD,Passing,
GX010044_L.MP4,55031,30.6034,YA_MAC_Transect 3,1.1022,,5.693,4.924,3027.125,15.567,,,-367.608,-726.128,-2915.663,YA_MAC,Peter,Pomacentridae,Dascyllus,aruanus,37372073,1,AD,Passing,
GX010044_L.MP4,55031,30.6034,YA_MAC_Transect 3,1.1022,,5.412,3.407,2944.992,14.473,,,-277.779,-683.283,-2851.13,YA_MAC,Peter,Pomacentridae,Dascyllus,aruanus,37372073,1,AD,Passing,
GX010044_L.MP4,55031,30.6034,YA_MAC_Transect 3,1.1022,,5.709,2.797,3042.791,14.647,,,-531.034,-558.464,-2943.585,YA_MAC,Peter,Pomacentridae,Dascyllus,aruanus,37372073,1,AD,Passing,
GX010044_L.MP4,55031,30.6034,YA_MAC_Transect 3,1.1022,,6.567,2.668,3306.553,16.266,,,-758.99,-532.609,-3173.886,YA_MAC,Peter,Pomacentridae,Dascyllus,aruanus,37372073,1,AD,Passing,
GX010044_L.MP4,55031,30.6034,YA_MAC_Transect 3,1.1022,,6.721,1.424,3321.172,14.174,,,-593.242,-558.123,-3219.743,YA_MAC,Peter,Pomacentridae,Dascyllus,aruanus,37372073,1,AD,Passing,
GX010044_L.MP4,55031,30.6034,YA_MAC_Transect 3,1.1022,,7.205,3.099,3430.795,11.88,,,-330.49,-626.134,-3356.946,YA_MAC,Peter,Pomacentridae,Dascyllus,aruanus,37372073,1,AD,Passing,
GX010044_L.MP4,55031,30.6034,YA_MAC_Transect 3,1.1022,,7.173,2.475,3424.672,11.117,,,-154.813,-643.871,-3360.036,YA_MAC,Peter,Pomacentridae,Dascyllus,aruanus,37372073,1,AD,Passing,
GX010044_L.MP4,55031,30.6034,YA_MAC_Transect 3,1.1022,,7.807,4.887,3583.395,9.86,,,52.018,-613.461,-3530.11,YA_MAC,Peter,Pomacentridae,Dascyllus,aruanus,37372073,1,AD,Passing,
GX010044_L.MP4,55031,30.6034,YA_MAC_Transect 3,1.1022,65.526,4.972,0.48,2840.438,21.247,16.359,17.093,544.45,-873.585,-2647.36,YA_MAC,Peter,Siganidae,Siganus,doliatus,37438009,1,AD,Passing,
GX010044_L.MP4,55050,30.6139,YA_MAC_Transect 3,1.1128,,4.952,3.142,2791.78,17.995,,,448.053,-738.542,-2654.777,YA_MAC,Peter,Pomacentridae,Dascyllus,aruanus,37372073,1,AD,Passing,
GX010044_L.MP4,55050,30.6139,YA_MAC_Transect 3,1.1128,,6.99,0.26,3376.176,22.783,,,654.162,-1133.809,-3112.091,YA_MAC,Peter,Pomacentridae,Pomacentrus,moluccensis,37372118,1,AD,Passing,
GX010044_L.MP4,55074,30.6273,YA_MAC_Transect 3,1.1261,80.144,7.381,14.349,2405.059,23.953,59.729,14.273,-618.185,-755.805,-2197.934,YA_MAC,Peter,Pomacentridae,Dascyllus,aruanus,37372073,1,AD,Passing,
GX010044_L.MP4,55074,30.6273,YA_MAC_Transect 3,1.1261,45.845,2.987,6.489,2689.725,21.568,0.973,14.186,-442.47,-884.223,-2501.398,YA_MAC,Peter,Pomacentridae,Dascyllus,aruanus,37372073,1,AD,Passing,
GX010044_L.MP4,55074,30.6273,YA_MAC_Transect 3,1.1261,47.882,3.912,2.474,2513.398,22.589,16.666,29.336,423.715,-867.473,-2320.587,YA_MAC,Peter,Pomacentridae,Dascyllus,aruanus,37372073,1,AD,Passing,
GX010044_L.MP4,55074,30.6273,YA_MAC_Transect 3,1.1261,,4.878,6.385,2814.04,20.641,,,-437.08,-892.055,-2632.873,YA_MAC,Peter,Pomacentridae,Dascyllus,aruanus,37372073,1,AD,Passing,
GX010044_L.MP4,55074,30.6273,YA_MAC_Transect 3,1.1261,,4.307,7.276,2650.994,21.867,,,-567.621,-809.339,-2459.786,YA_MAC,Peter,Pomacentridae,Dascyllus,aruanus,37372073,1,AD,Passing,
GX010044_L.MP4,55074,30.6273,YA_MAC_Transect 3,1.1261,,5.234,1.705,2905.107,17.996,,,-195.524,-877.585,-2762.474,YA_MAC,Peter,Pomacentridae,Dascyllus,aruanus,37372073,1,AD,Passing,
GX010044_L.MP4,55074,30.6273,YA_MAC_Transect 3,1.1261,,5.796,2.12,3062.882,17.382,,,-9.992,-916.653,-2922.481,YA_MAC,Peter,Pomacentridae,Dascyllus,aruanus,37372073,1,AD,Passing,
GX010044_L.MP4,55074,30.6273,YA_MAC_Transect 3,1.1261,,19.279,6.394,5707.938,16.164,,,-471.855,-1520.503,-5481.422,YA_MAC,Peter,Pomacentridae,Dascyllus,aruanus,37372073,1,AD,Passing,
GX010044_L.MP4,55074,30.6273,YA_MAC_Transect 3,1.1261,,5.536,0.437,3000.434,18.565,,,-557.149,-777.637,-2843.848,YA_MAC,Peter,Pomacentridae,Dascyllus,aruanus,37372073,1,AD,Passing,
GX010044_L.MP4,55074,30.6273,YA_MAC_Transect 3,1.1261,,6.194,4.772,3230.133,20.173,,,-861.628,-707.791,-3031.565,YA_MAC,Peter,Pomacentridae,Dascyllus,aruanus,37372073,1,AD,Passing,
GX010044_L.MP4,55074,30.6273,YA_MAC_Transect 3,1.1261,,6.996,8.64,3441.422,19.646,,,-909.887,-716.61,-3240.673,YA_MAC,Peter,Pomacentridae,Dascyllus,aruanus,37372073,1,AD,Passing,
GX010044_L.MP4,55074,30.6273,YA_MAC_Transect 3,1.1261,,6.108,4.503,3148.444,16.201,,,-511.73,-715.751,-3023,YA_MAC,Peter,Pomacentridae,Dascyllus,aruanus,37372073,1,AD,Passing,
GX010044_L.MP4,55074,30.6273,YA_MAC_Transect 3,1.1261,,6.259,3.346,3239.748,18.814,,,-832.912,-632.543,-3066.286,YA_MAC,Peter,Pomacentridae,Dascyllus,aruanus,37372073,1,AD,Passing,
GX010044_L.MP4,55074,30.6273,YA_MAC_Transect 3,1.1261,,4.931,2.498,2804.022,14.622,,,-336.183,-624.512,-2712.841,YA_MAC,Peter,Pomacentridae,Dascyllus,aruanus,37372073,1,AD,Passing,
GX010044_L.MP4,55074,30.6273,YA_MAC_Transect 3,1.1261,,7.279,3.891,3463.068,14.53,,,-625.244,-605.27,-3351.948,YA_MAC,Peter,Pomacentridae,Dascyllus,aruanus,37372073,1,AD,Passing,
GX010044_L.MP4,55074,30.6273,YA_MAC_Transect 3,1.1261,,6.913,3.517,3384.638,15.924,,,-717.273,-591.665,-3254.416,YA_MAC,Peter,Pomacentridae,Dascyllus,aruanus,37372073,1,AD,Passing,
GX010044_L.MP4,55074,30.6273,YA_MAC_Transect 3,1.1261,,6.857,3.932,3346.979,14.589,,,-539.202,-649.977,-3238.682,YA_MAC,Peter,Pomacentridae,Dascyllus,aruanus,37372073,1,AD,Passing,
GX010044_L.MP4,55074,30.6273,YA_MAC_Transect 3,1.1261,,7.716,2.117,3565.317,14.196,,,-596.645,-641.171,-3456.067,YA_MAC,Peter,Pomacentridae,Dascyllus,aruanus,37372073,1,AD,Passing,
GX010044_L.MP4,55074,30.6273,YA_MAC_Transect 3,1.1261,,6.614,5.04,3281.817,14.911,,,-511.065,-674.125,-3170.913,YA_MAC,Peter,Pomacentridae,Dascyllus,aruanus,37372073,1,AD,Passing,
GX010044_L.MP4,55074,30.6273,YA_MAC_Transect 3,1.1261,,6.576,1.014,3267.258,12.603,,,-333.612,-631.871,-3188.168,YA_MAC,Peter,Pomacentridae,Dascyllus,aruanus,37372073,1,AD,Passing,
GX010044_L.MP4,55074,30.6273,YA_MAC_Transect 3,1.1261,,6.801,2.466,3353.075,11.261,,,-542.648,-368.377,-3288.304,YA_MAC,Peter,Pomacentridae,Dascyllus,aruanus,37372073,1,AD,Passing,
GX010044_L.MP4,55074,30.6273,YA_MAC_Transect 3,1.1261,,6.19,5.085,3179.073,11.776,,,-480.331,-437.967,-3111.908,YA_MAC,Peter,Pomacentridae,Dascyllus,aruanus,37372073,1,AD,Passing,
GX010044_L.MP4,55074,30.6273,YA_MAC_Transect 3,1.1261,,6.161,0.561,3173.677,9.097,,,-335.01,-375.373,-3133.542,YA_MAC,Peter,Pomacentridae,Dascyllus,aruanus,37372073,1,AD,Passing,
GX010044_L.MP4,55074,30.6273,YA_MAC_Transect 3,1.1261,,7.34,2.863,3481.483,10.232,,,-436.699,-439.87,-3425.862,YA_MAC,Peter,Pomacentridae,Dascyllus,aruanus,37372073,1,AD,Passing,
GX010044_L.MP4,55074,30.6273,YA_MAC_Transect 3,1.1261,,7.674,4.984,3573.661,9.416,,,-454.023,-370.439,-3525.293,YA_MAC,Peter,Pomacentridae,Dascyllus,aruanus,37372073,1,AD,Passing,
GX010044_L.MP4,55074,30.6273,YA_MAC_Transect 3,1.1261,,7.665,2.467,3566.689,9.717,,,-442.931,-409.729,-3515.282,YA_MAC,Peter,Pomacentridae,Dascyllus,aruanus,37372073,1,AD,Passing,
GX010044_L.MP4,55074,30.6273,YA_MAC_Transect 3,1.1261,,7.289,1.762,3495.729,5.178,,,-178.47,-262.22,-3481.309,YA_MAC,Peter,Pomacentridae,Dascyllus,aruanus,37372073,1,AD,Passing,
GX010044_L.MP4,55074,30.6273,YA_MAC_Transect 3,1.1261,,5.833,6.145,3079.081,8.694,,,-227.325,-407.885,-3043.467,YA_MAC,Peter,Pomacentridae,Dascyllus,aruanus,37372073,1,AD,Passing,
GX010044_L.MP4,55074,30.6273,YA_MAC_Transect 3,1.1261,,7.966,1.282,3646.684,6.896,,,-40.364,-438.105,-3620.047,YA_MAC,Peter,Pomacentridae,Dascyllus,aruanus,37372073,1,AD,Passing,
GX010044_L.MP4,55074,30.6273,YA_MAC_Transect 3,1.1261,,7.684,6.99,3550.777,9.344,,,144.509,-560.161,-3503.334,YA_MAC,Peter,Pomacentridae,Dascyllus,aruanus,37372073,1,AD,Passing,
GX010044_L.MP4,55074,30.6273,YA_MAC_Transect 3,1.1261,,8.273,1.281,3686.053,10.145,,,169.528,-628.835,-3628.06,YA_MAC,Peter,Pomacentridae,Dascyllus,aruanus,37372073,1,AD,Passing,
GX010044_L.MP4,55074,30.6273,YA_MAC_Transect 3,1.1261,,9.295,4.632,3931.273,10.1,,,2.558,-691.651,-3869.951,YA_MAC,Peter,Pomacentridae,Dascyllus,aruanus,37372073,1,AD,Passing,
GX010044_L.MP4,55074,30.6273,YA_MAC_Transect 3,1.1261,,6.29,2.588,3193.009,11.386,,,-167.65,-609.472,-3129.815,YA_MAC,Peter,Pomacentridae,Dascyllus,aruanus,37372073,1,AD,Passing,
GX010044_L.MP4,55074,30.6273,YA_MAC_Transect 3,1.1261,,6.555,0.11,3266.411,10.362,,,-52.033,-587.099,-3212.795,YA_MAC,Peter,Pomacentridae,Dascyllus,aruanus,37372073,1,AD,Passing,
GX010044_L.MP4,55074,30.6273,YA_MAC_Transect 3,1.1261,,6.817,5.118,3334.851,10.811,,,-241.089,-579.077,-3275.328,YA_MAC,Peter,Pomacentridae,Dascyllus,aruanus,37372073,1,AD,Passing,
GX010044_L.MP4,55074,30.6273,YA_MAC_Transect 3,1.1261,,6.93,8.719,3359.086,12.226,,,-254.391,-666.248,-3282.508,YA_MAC,Peter,Pomacentridae,Dascyllus,aruanus,37372073,1,AD,Passing,
GX010044_L.MP4,55074,30.6273,YA_MAC_Transect 3,1.1261,,8.213,0.445,3659.433,14.798,,,174.76,-920.254,-3537.519,YA_MAC,Peter,Pomacentridae,Dascyllus,aruanus,37372073,1,AD,Passing,
GX010044_L.MP4,55074,30.6273,YA_MAC_Transect 3,1.1261,,8.166,3.676,3638.258,14.395,,,278.561,-862.612,-3523.524,YA_MAC,Peter,Pomacentridae,Dascyllus,aruanus,37372073,1,AD,Passing,
GX010044_L.MP4,55074,30.6273,YA_MAC_Transect 3,1.1261,,9.717,0.946,4006.105,12.321,,,121.923,-848.377,-3913.345,YA_MAC,Peter,Pomacentridae,Dascyllus,aruanus,37372073,1,AD,Passing,
GX010044_L.MP4,55074,30.6273,YA_MAC_Transect 3,1.1261,,8.747,1.096,3795.883,12.384,,,31.102,-815.63,-3707.089,YA_MAC,Peter,Pomacentridae,Dascyllus,aruanus,37372073,1,AD,Passing,
GX010044_L.MP4,55074,30.6273,YA_MAC_Transect 3,1.1261,,5.323,3.669,2918.93,13.544,,,-152.82,-667.956,-2837.363,YA_MAC,Peter,Pomacentridae,Dascyllus,aruanus,37372073,1,AD,Passing,
GX010044_L.MP4,55074,30.6273,YA_MAC_Transect 3,1.1261,,6.239,0.808,3176.211,14.097,,,-152.409,-760.225,-3080.121,YA_MAC,Peter,Pomacentridae,Dascyllus,aruanus,37372073,1,AD,Passing,
GX010044_L.MP4,55074,30.6273,YA_MAC_Transect 3,1.1261,,6.955,0.897,3363.613,14.79,,,-413.363,-754.511,-3251.728,YA_MAC,Peter,Pomacentridae,Dascyllus,aruanus,37372073,1,AD,Passing,
GX010044_L.MP4,55074,30.6273,YA_MAC_Transect 3,1.1261,,6.22,6.074,3171.63,12.63,,,-155.206,-677.722,-3094.485,YA_MAC,Peter,Pomacentridae,Dascyllus,aruanus,37372073,1,AD,Passing,
GX010044_L.MP4,55160,30.6751,YA_MAC_Transect 3,1.174,,3.676,0.636,2397.656,16.526,,,48.438,-681.64,-2298.211,YA_MAC,Peter,Pomacentridae,Pomacentrus,maafu,temp_code_005,1,AD,Passing,
GX010044_L.MP4,55160,30.6751,YA_MAC_Transect 3,1.174,,5.006,2.939,2824.837,13.312,,,-84.568,-646.509,-2748.559,YA_MAC,Peter,Pomacentridae,Pomacentrus,moluccensis,37372118,1,AD,Passing,
GX010044_L.MP4,55182,30.6873,YA_MAC_Transect 3,1.1862,54.863,4.563,4.831,1805.277,3.867,47.749,19.939,14.971,120.822,-1801.168,YA_MAC,Peter,Pomacentridae,Chromis,viridis,37372053,1,AD,Passing,
GX010044_L.MP4,55182,30.6873,YA_MAC_Transect 3,1.1862,52.633,3.217,1.861,2150.151,9.513,21.675,37.411,-257.683,244.693,-2120.583,YA_MAC,Peter,Pomacentridae,Chromis,viridis,37372053,1,AD,Passing,
GX010044_L.MP4,55182,30.6873,YA_MAC_Transect 3,1.1862,,2.879,1.427,2087.956,7.874,,,210.836,192.115,-2068.381,YA_MAC,Peter,Pomacentridae,Chromis,viridis,37372053,1,AD,Passing,
GX010044_L.MP4,55182,30.6873,YA_MAC_Transect 3,1.1862,,3.43,9.697,2297.068,8.962,,,192.824,300.108,-2269.202,YA_MAC,Peter,Pomacentridae,Chromis,viridis,37372053,1,AD,Passing,
GX010044_L.MP4,55182,30.6873,YA_MAC_Transect 3,1.1862,,3.379,3.31,2287.058,6.876,,,59.496,265.942,-2270.764,YA_MAC,Peter,Pomacentridae,Chromis,viridis,37372053,1,AD,Passing,
GX010044_L.MP4,55182,30.6873,YA_MAC_Transect 3,1.1862,,3.086,1.218,2174.254,8.752,,,-11.247,329.4,-2149.127,YA_MAC,Peter,Pomacentridae,Chromis,viridis,37372053,1,AD,Passing,
GX010044_L.MP4,55182,30.6873,YA_MAC_Transect 3,1.1862,,3.953,2.186,2491.932,9.038,,,-186.37,342.826,-2461.191,YA_MAC,Peter,Pomacentridae,Chromis,viridis,37372053,1,AD,Passing,
GX010044_L.MP4,55182,30.6873,YA_MAC_Transect 3,1.1862,,3.005,1.696,2146.621,9.485,,,-257.29,241.526,-2117.415,YA_MAC,Peter,Pomacentridae,Chromis,viridis,37372053,1,AD,Passing,
GX010044_L.MP4,55182,30.6873,YA_MAC_Transect 3,1.1862,,4.113,6.521,2547.734,10.129,,,-301.185,330.254,-2508.22,YA_MAC,Peter,Pomacentridae,Chromis,viridis,37372053,1,AD,Passing,
GX010044_L.MP4,55182,30.6873,YA_MAC_Transect 3,1.1862,,3.286,4.05,2253.428,11.711,,,-317.169,328.292,-2206.709,YA_MAC,Peter,Pomacentridae,Chromis,viridis,37372053,1,AD,Passing,
GX010044_L.MP4,55182,30.6873,YA_MAC_Transect 3,1.1862,,3.744,3.457,2422.737,12.287,,,-380.939,346.054,-2367.443,YA_MAC,Peter,Pomacentridae,Chromis,viridis,37372053,1,AD,Passing,
GX010044_L.MP4,55182,30.6873,YA_MAC_Transect 3,1.1862,,3.16,3.142,2216.186,12.357,,,-418.42,222.024,-2164.973,YA_MAC,Peter,Pomacentridae,Chromis,viridis,37372053,1,AD,Passing,
GX010044_L.MP4,55182,30.6873,YA_MAC_Transect 3,1.1862,,3.727,1.324,2447.15,15.596,,,-597.686,273.619,-2357.212,YA_MAC,Peter,Pomacentridae,Chromis,viridis,37372053,1,AD,Passing,
GX010044_L.MP4,55182,30.6873,YA_MAC_Transect 3,1.1862,,3.397,1.83,2325.38,14.699,,,-558.338,189.526,-2249.385,YA_MAC,Peter,Pomacentridae,Chromis,viridis,37372053,1,AD,Passing,
GX010044_L.MP4,55182,30.6873,YA_MAC_Transect 3,1.1862,,2.962,4.519,2155.943,15.155,,,-529.481,191.964,-2081.079,YA_MAC,Peter,Pomacentridae,Chromis,viridis,37372053,1,AD,Passing,
GX010044_L.MP4,55182,30.6873,YA_MAC_Transect 3,1.1862,,3.253,3.423,2257.704,13.468,,,-473.868,226.595,-2195.753,YA_MAC,Peter,Pomacentridae,Chromis,viridis,37372053,1,AD,Passing,
GX010044_L.MP4,55182,30.6873,YA_MAC_Transect 3,1.1862,,4.347,5.791,2638.231,13.617,,,-515.002,345.686,-2564.281,YA_MAC,Peter,Pomacentridae,Chromis,viridis,37372053,1,AD,Passing,
GX010044_L.MP4,55182,30.6873,YA_MAC_Transect 3,1.1862,,3.124,2.871,2314.586,23.674,,,-875.692,310.07,-2119.983,YA_MAC,Peter,Pomacentridae,Chromis,viridis,37372053,1,AD,Passing,
GX010044_L.MP4,55182,30.6873,YA_MAC_Transect 3,1.1862,,3.819,9.072,2686.603,26.881,,,-1209.214,113.889,-2396.386,YA_MAC,Peter,Pomacentridae,Chromis,viridis,37372053,1,AD,Passing,
GX010044_L.MP4,55182,30.6873,YA_MAC_Transect 3,1.1862,,3.047,3.117,2266.935,21.481,,,-815.197,155.567,-2109.561,YA_MAC,Peter,Pomacentridae,Chromis,viridis,37372053,1,AD,Passing,
GX010044_L.MP4,55182,30.6873,YA_MAC_Transect 3,1.1862,,3.12,0.046,2293.033,21.296,,,-813.523,176.954,-2136.555,YA_MAC,Peter,Pomacentridae,Chromis,viridis,37372053,1,AD,Passing,
GX010044_L.MP4,55182,30.6873,YA_MAC_Transect 3,1.1862,,3.313,2.103,2368.032,21.189,,,-831.716,200.779,-2208.056,YA_MAC,Peter,Pomacentridae,Chromis,viridis,37372053,1,AD,Passing,
GX010044_L.MP4,55182,30.6873,YA_MAC_Transect 3,1.1862,,3.831,1.721,2553.676,20.682,,,-862.847,261.097,-2389.264,YA_MAC,Peter,Pomacentridae,Chromis,viridis,37372053,1,AD,Passing,
GX010044_L.MP4,55182,30.6873,YA_MAC_Transect 3,1.1862,,3.326,0.34,2367.113,21.386,,,-819.429,269.983,-2204.284,YA_MAC,Peter,Pomacentridae,Chromis,viridis,37372053,1,AD,Passing,
GX010044_L.MP4,55182,30.6873,YA_MAC_Transect 3,1.1862,,3.273,0.233,2370.685,23.854,,,-885.875,365.259,-2168.4,YA_MAC,Peter,Pomacentridae,Chromis,viridis,37372053,1,AD,Passing,
GX010044_L.MP4,55182,30.6873,YA_MAC_Transect 3,1.1862,,4.051,1.138,2596.91,19.018,,,-778.642,330.016,-2455.351,YA_MAC,Peter,Pomacentridae,Chromis,viridis,37372053,1,AD,Passing,
GX010044_L.MP4,55182,30.6873,YA_MAC_Transect 3,1.1862,,3.885,0.928,2526.727,18.859,,,-725.394,373.96,-2391.298,YA_MAC,Peter,Pomacentridae,Chromis,viridis,37372053,1,AD,Passing,
GX010044_L.MP4,55182,30.6873,YA_MAC_Transect 3,1.1862,,3.052,0.303,2219.194,18.203,,,-659.255,213.141,-2108.263,YA_MAC,Peter,Pomacentridae,Chromis,viridis,37372053,1,AD,Passing,
GX010044_L.MP4,55254,30.7274,YA_MAC_Transect 3,1.2262,46.798,1.274,1.663,1328.033,21.173,19.085,1.195,107.239,-467.532,-1238.38,YA_MAC,Peter,Pomacentridae,Pomacentrus,maafu,temp_code_005,1,AD,Passing,
GX010044_L.MP4,55254,30.7274,YA_MAC_Transect 3,1.2262,35.97,2.893,3.186,1609.284,14.677,42.678,31.879,-94.356,-396.688,-1556.77,YA_MAC,Peter,Pomacentridae,Pomacentrus,moluccensis,37372118,1,AD,Passing,
GX010044_L.MP4,55264,30.7329,YA_MAC_Transect 3,1.2318,60.591,1.179,17.225,1306.112,13.335,9.82,39.892,-187.68,-235.645,-1270.896,YA_MAC,Peter,Pomacentridae,Dascyllus,aruanus,37372073,1,AD,Passing,
GX010044_L.MP4,55264,30.7329,YA_MAC_Transect 3,1.2318,59.902,0.774,5.166,967.971,16.802,15.415,14.642,-84.195,-266.847,-926.646,YA_MAC,Peter,Pomacentridae,Dascyllus,aruanus,37372073,1,AD,Passing,
GX010044_L.MP4,55284,30.744,YA_MAC_Transect 3,1.2429,56.263,1.718,1.481,1434.659,18.937,15.092,22.721,-449.019,123.117,-1357.008,YA_MAC,Peter,Pomacentridae,Chromis,viridis,37372053,1,AD,Passing,
GX010044_L.MP4,55284,30.744,YA_MAC_Transect 3,1.2429,58.217,1.784,0.371,1573.195,18.102,0.669,19.358,-467.478,142.789,-1495.332,YA_MAC,Peter,Pomacentridae,Chromis,viridis,37372053,1,AD,Passing,
GX010044_L.MP4,55284,30.744,YA_MAC_Transect 3,1.2429,58.288,2.345,1.836,1718.855,13.62,23.55,34.118,-318.278,250.045,-1670.521,YA_MAC,Peter,Pomacentridae,Chromis,viridis,37372053,1,AD,Passing,
GX010044_L.MP4,55316,30.7618,YA_MAC_Transect 3,1.2607,,3.383,4.455,2418.681,23.081,,,-903.729,-288.243,-2224.906,YA_MAC,Peter,Pomacentridae,Dascyllus,aruanus,37372073,1,AD,Passing,
GX010044_L.MP4,55345,30.778,YA_MAC_Transect 3,1.2768,57.611,4.185,9.869,2122.128,22.984,35.327,24.577,-566.778,-604.505,-1953.653,YA_MAC,Peter,Pomacentridae,Pomacentrus,callainus,temp_code_004,1,AD,Passing,
GX010044_L.MP4,55345,30.778,YA_MAC_Transect 3,1.2768,54.845,2.057,10.776,1842.018,22.027,14.037,64.101,-484.022,-492.932,-1707.562,YA_MAC,Peter,Pomacentridae,Pomacentrus,callainus,temp_code_004,1,AD,Passing,
GX010044_L.MP4,55345,30.778,YA_MAC_Transect 3,1.2768,50.306,4.292,8.57,2161.146,22.872,34.534,22.891,-468.682,-697.062,-1991.229,YA_MAC,Peter,Pomacentridae,Pomacentrus,maafu,temp_code_005,1,AD,Passing,
GX010044_L.MP4,55366,30.7896,YA_MAC_Transect 3,1.2885,,4.131,2.003,2585.099,21.288,,,-38.283,-939.168,-2408.16,YA_MAC,Peter,Pomacentridae,Pomacentrus,moluccensis,37372118,1,AD,Passing,
GX010044_L.MP4,55376,30.7952,YA_MAC_Transect 3,1.2941,,3.858,3.017,2476.197,19.661,,,66.76,-831.828,-2331.342,YA_MAC,Peter,Pomacentridae,Dascyllus,aruanus,37372073,1,AD,Passing,
GX010044_L.MP4,55438,30.8297,YA_MAC_Transect 3,1.3285,63.132,2.289,3.17,1924.099,15.496,15.342,19.294,-145.967,-492.917,-1854.153,YA_MAC,Peter,Pomacentridae,Pomacentrus,callainus,temp_code_004,1,AD,Passing,
GX010044_L.MP4,55438,30.8297,YA_MAC_Transect 3,1.3285,53.418,3.229,4.739,1877.559,15.685,34.939,40.477,77.342,-501.666,-1807.645,YA_MAC,Peter,Pomacentridae,Pomacentrus,callainus,temp_code_004,1,AD,Passing,
GX010044_L.MP4,55451,30.8369,YA_MAC_Transect 3,1.3358,63.475,5.894,14.706,2511.118,26.54,37.889,17.378,-1020.944,-465.399,-2246.507,YA_MAC,Peter,Pomacentridae,Pomacentrus,callainus,temp_code_004,1,AD,Passing,
GX010044_L.MP4,55480,30.853,YA_MAC_Transect 3,1.3519,29.463,1.254,2.43,1474.234,19.746,4.949,20.49,-176.86,-465.603,-1387.552,YA_MAC,Peter,Pomacentridae,Pomacentrus,maafu,temp_code_005,1,AD,Passing,
GX010044_L.MP4,55480,30.853,YA_MAC_Transect 3,1.3519,20.803,1.497,4.364,1676.081,20.69,10.565,14.54,-81.507,-586.532,-1567.987,YA_MAC,Peter,Pomacentridae,Pomacentrus,moluccensis,37372118,1,AD,Passing,
GX010044_L.MP4,55538,30.8853,YA_MAC_Transect 3,1.3842,49.361,1.423,1.628,1741.778,18.048,4.838,13.371,106.491,-529,-1656.082,YA_MAC,Peter,Pomacentridae,Pomacentrus,maafu,temp_code_005,1,AD,Passing,
GX010044_L.MP4,55560,30.8975,YA_MAC_Transect 3,1.3964,70.687,3.432,5.54,2055.428,22.899,28.015,31.274,417.138,-682.39,-1893.442,YA_MAC,Peter,Chaetodontidae,Chaetodon,baronessa,37365034,1,AD,Passing,
GX010044_L.MP4,55560,30.8975,YA_MAC_Transect 3,1.3964,26.063,2.085,2.47,1646.106,19.193,22.579,18.574,159.474,-517.129,-1554.609,YA_MAC,Peter,Pomacentridae,Pomacentrus,moluccensis,37372118,1,AD,Passing,
GX010044_L.MP4,55594,30.9164,YA_MAC_Transect 3,1.4153,,3.525,9.63,2440.727,23.883,,,-814.409,-561.003,-2231.403,YA_MAC,Peter,Pomacentridae,Dascyllus,aruanus,37372073,1,AD,Passing,
GX010044_L.MP4,55594,30.9164,YA_MAC_Transect 3,1.4153,,5.247,9.422,3152.596,26.761,,,-1349.761,-441.248,-2814.659,YA_MAC,Peter,Pomacentridae,Dascyllus,aruanus,37372073,1,AD,Passing,
GX010044_L.MP4,55594,30.9164,YA_MAC_Transect 3,1.4153,,4.291,0.876,2676.416,20.254,,,-789.738,-486.032,-2510.635,YA_MAC,Peter,Pomacentridae,Pomacentrus,maafu,temp_code_005,1,AD,Passing,
GX010044_L.MP4,55643,30.9437,YA_MAC_Transect 3,1.4426,,4.689,10.426,2950.871,26.397,,,-1233.286,-448.907,-2642.94,YA_MAC,Peter,Pomacentridae,Dascyllus,aruanus,37372073,1,AD,Passing,
GX010044_L.MP4,55643,30.9437,YA_MAC_Transect 3,1.4426,,3.647,7.13,2539.408,25.543,,,-990.686,-467.688,-2290.939,YA_MAC,Peter,Pomacentridae,Dascyllus,aruanus,37372073,1,AD,Passing,
GX010044_L.MP4,55643,30.9437,YA_MAC_Transect 3,1.4426,,5.335,5.477,3011.834,21.509,,,-897.901,-644.477,-2801.708,YA_MAC,Peter,Pomacentridae,Dascyllus,aruanus,37372073,1,AD,Passing,
GX010044_L.MP4,55643,30.9437,YA_MAC_Transect 3,1.4426,,3.309,9.706,2335.828,23.121,,,-702.207,-591.327,-2147.867,YA_MAC,Peter,Pomacentridae,Dascyllus,aruanus,37372073,1,AD,Passing,
GX010044_L.MP4,55643,30.9437,YA_MAC_Transect 3,1.4426,,4.041,4.775,2543.962,17.002,,,-556.636,-494.846,-2432.494,YA_MAC,Peter,Pomacentridae,Dascyllus,aruanus,37372073,1,AD,Passing,
GX010044_L.MP4,55643,30.9437,YA_MAC_Transect 3,1.4426,,3.671,7.727,2393.005,14.546,,,-193.194,-570.494,-2315.963,YA_MAC,Peter,Pomacentridae,Dascyllus,aruanus,37372073,1,AD,Passing,
GX010044_L.MP4,55643,30.9437,YA_MAC_Transect 3,1.4426,50.162,3.591,5.973,2002.72,19.24,27.929,10.878,-435.379,-495.956,-1890.863,YA_MAC,Peter,Pomacentridae,Pomacentrus,maafu,temp_code_005,1,AD,Passing,
GX010044_L.MP4,55643,30.9437,YA_MAC_Transect 3,1.4426,,3.947,1.441,2495.94,16.274,,,-406.08,-570.888,-2395.6,YA_MAC,Peter,Pomacentridae,Pomacentrus,moluccensis,37372118,1,AD,Passing,
GX010044_L.MP4,55678,30.9632,YA_MAC_Transect 3,1.462,,5.36,5.021,3234.037,30.451,,,1609.184,-312.996,-2787.751,YA_MAC,Peter,Pomacentridae,Dascyllus,aruanus,37372073,1,AD,Passing,
GX010044_L.MP4,55678,30.9632,YA_MAC_Transect 3,1.462,,7.845,1.622,3965.22,30.921,,,1993.34,-424.116,-3401.425,YA_MAC,Peter,Pomacentridae,Dascyllus,aruanus,37372073,1,AD,Passing,
GX010044_L.MP4,55678,30.9632,YA_MAC_Transect 3,1.462,,5.152,5.678,3107.923,29.407,,,1452.496,-469.52,-2707.211,YA_MAC,Peter,Pomacentridae,Dascyllus,aruanus,37372073,1,AD,Passing,
GX010044_L.MP4,55715,30.9837,YA_MAC_Transect 3,1.4826,228.165,9.46,10.231,2617.92,26.868,85.707,1.826,1046.127,-552.625,-2335.322,YA_MAC,Peter,Nemipteridae,Scolopsis,bilineata,37347031,1,AD,Passing,
GX010044_L.MP4,55838,31.0521,YA_MAC_Transect 3,1.551,23.415,2.222,4.121,1686.193,22.804,23.743,21.599,287.989,-586.656,-1554.395,YA_MAC,Peter,Pomacentridae,Pomacentrus,moluccensis,37372118,1,AD,Passing,
GX010044_L.MP4,55883,31.0772,YA_MAC_Transect 3,1.576,90.271,8.37,4.84,3005.216,10.244,30.754,26.452,-526.935,89.272,-2957.312,YA_MAC,Peter,Acanthuridae,Zebrasoma,scopas,37437036,1,AD,Passing,
GX010044_L.MP4,55920,31.0977,YA_MAC_Transect 3,1.5966,58.308,4.539,3.717,2473.585,23.671,22.761,29.181,-948.193,295.251,-2265.475,YA_MAC,Peter,Pomacentridae,Amblyglyphidodon,orbicularis,temp_code_001,1,AD,Passing,
GX010044_L.MP4,55973,31.1272,YA_MAC_Transect 3,1.6261,56.203,4.102,10.204,2056.812,24.195,35.695,17.462,-776.789,-327.409,-1876.134,YA_MAC,Peter,Pomacentridae,Dascyllus,aruanus,37372073,1,AD,Passing,
GX010044_L.MP4,56023,31.155,YA_MAC_Transect 3,1.6539,89.356,4.968,4.257,1838.456,23.157,72.653,4.731,614.889,-380.299,-1690.327,YA_MAC,Peter,Pomacentridae,Dascyllus,aruanus,37372073,1,AD,Passing,
GX010044_L.MP4,56047,31.1684,YA_MAC_Transect 3,1.6672,128.117,1.661,4.696,1095.761,16.651,57.262,22.395,-178.213,-258.507,-1049.812,YA_MAC,Peter,Labridae,Thalassoma,hardwicke,37384165,1,AD,Passing,
GX010044_L.MP4,56085,31.1895,YA_MAC_Transect 3,1.6884,75.451,3.162,3.727,1515.254,22.337,57.004,0.874,548.257,-176.226,-1401.554,YA_MAC,Peter,Acanthuridae,Ctenochaetus,binotatus,37437021,1,AD,Passing,
GX010044_L.MP4,56121,31.2095,YA_MAC_Transect 3,1.7084,86.687,5.947,3.291,2002.843,21.371,77.859,6.126,-721.059,-112.917,-1865.128,YA_MAC,Peter,Pomacentridae,Chromis,ternatensis,37372051,1,AD,Passing,
GX010044_L.MP4,56150,31.2256,YA_MAC_Transect 3,1.7245,187.5,9.79,2.866,3148.637,20.444,34.347,2.379,441.908,-1007.091,-2950.322,YA_MAC,Peter,Balistidae,Balistapus,undulatus,37465047,1,AD,Passing,
GX010044_L.MP4,56232,31.2712,YA_MAC_Transect 3,1.7701,,4.384,1.349,2631.777,20.098,,,354.888,-833.249,-2471.032,YA_MAC,Peter,Pomacentridae,Dascyllus,aruanus,37372073,1,AD,Passing,
GX010044_L.MP4,56232,31.2712,YA_MAC_Transect 3,1.7701,,5.322,3.792,2911.789,18.419,,,285.4,-876.231,-2762.115,YA_MAC,Peter,Pomacentridae,Dascyllus,aruanus,37372073,1,AD,Passing,
GX010044_L.MP4,56232,31.2712,YA_MAC_Transect 3,1.7701,,4.724,2.343,2776.397,24.501,,,759.921,-866.46,-2525.896,YA_MAC,Peter,Pomacentridae,Dascyllus,aruanus,37372073,1,AD,Passing,
GX010044_L.MP4,56232,31.2712,YA_MAC_Transect 3,1.7701,61.349,4.681,6.004,2274.116,22.347,50.146,43.918,-836.369,-219.364,-2103.324,YA_MAC,Peter,Pomacentridae,Chromis,viridis,37372053,1,AD,Passing,
GX010044_L.MP4,56232,31.2712,YA_MAC_Transect 3,1.7701,49.445,3.236,5.884,2247.566,17.066,10.008,13.17,-593.014,-288.766,-2148.604,YA_MAC,Peter,Pomacentridae,Chromis,viridis,37372053,1,AD,Passing,
GX010044_L.MP4,56232,31.2712,YA_MAC_Transect 3,1.7701,,3.427,3.439,2322.855,18.838,,,-401.68,-634.715,-2198.055,YA_MAC,Peter,Pomacentridae,Chromis,viridis,37372053,1,AD,Passing,
GX010044_L.MP4,56232,31.2712,YA_MAC_Transect 3,1.7701,,6.037,3.191,3124.009,11.24,,,-101.786,-602.17,-3063.733,YA_MAC,Peter,Pomacentridae,Chromis,viridis,37372053,1,AD,Passing,
GX010044_L.MP4,56232,31.2712,YA_MAC_Transect 3,1.7701,,8.244,3.561,3655.272,17.213,,,350.465,-1025.361,-3490.963,YA_MAC,Peter,Pomacentridae,Chromis,viridis,37372053,1,AD,Passing,
GX010044_L.MP4,56392,31.3602,YA_MAC_Transect 3,1.8591,,3.195,16.064,2378.057,28.99,,,-938.155,-670.684,-2079.712,YA_MAC,Peter,Pomacentridae,Pomacentrus,maafu,temp_code_005,1,AD,Passing,
GX010044_L.MP4,56454,31.3947,YA_MAC_Transect 3,1.8936,,2.68,10.618,2052.987,22.11,,,-301.754,-712.49,-1901.593,YA_MAC,Peter,Pomacentridae,Dascyllus,aruanus,37372073,1,AD,Passing,
GX010044_L.MP4,56486,31.4125,YA_MAC_Transect 3,1.9114,28.935,1.608,2.533,1783.79,17.76,8.404,18.462,-74.099,-539.048,-1698.777,YA_MAC,Peter,Pomacentridae,Pomacentrus,moluccensis,37372118,1,AD,Passing,
GX010044_L.MP4,56502,31.4214,YA_MAC_Transect 3,1.9203,43.019,2.984,9.989,1499.555,22.127,55.934,3.449,-261.799,-500.476,-1389.118,YA_MAC,Peter,Pomacentridae,Dascyllus,aruanus,37372073,1,AD,Passing,
GX010044_L.MP4,56502,31.4214,YA_MAC_Transect 3,1.9203,33.522,2.103,12.6,1718.617,23.409,17.428,13.923,-398.09,-554.74,-1577.16,YA_MAC,Peter,Pomacentridae,Pomacentrus,moluccensis,37372118,1,AD,Passing,
GX010044_L.MP4,56546,31.4459,YA_MAC_Transect 3,1.9447,53.633,2.313,2.88,1377.476,10.618,54,40.347,-168.423,-189.87,-1353.892,YA_MAC,Peter,Pomacentridae,Dascyllus,aruanus,37372073,1,AD,Passing,
GX010044_L.MP4,56546,31.4459,YA_MAC_Transect 3,1.9447,36.783,1.154,3.068,1320.908,12.666,6.343,4.319,-177.81,-228.631,-1288.763,YA_MAC,Peter,Pomacentridae,Dascyllus,aruanus,37372073,1,AD,Passing,
GX010044_L.MP4,56718,31.5415,YA_MAC_Transect 3,2.0404,,1.606,5.071,1552.031,22.473,,,-264.866,-531.703,-1433.854,YA_MAC,Peter,Pomacentridae,Pomacentrus,moluccensis,37372118,1,AD,Passing,
GX010044_L.MP4,56750,31.5593,YA_MAC_Transect 3,2.0582,,2.523,1.557,2015.591,20.24,,,-672.617,182.726,-1891.244,YA_MAC,Peter,Pomacentridae,Chromis,viridis,37372053,1,AD,Passing,
GX010044_L.MP4,56750,31.5593,YA_MAC_Transect 3,2.0582,,2.318,0.707,1929.902,21.043,,,-674.81,156.554,-1801.29,YA_MAC,Peter,Pomacentridae,Chromis,viridis,37372053,1,AD,Passing,
GX010044_L.MP4,56750,31.5593,YA_MAC_Transect 3,2.0582,,2.207,0.17,1880.633,21.333,,,-671.277,131.101,-1751.851,YA_MAC,Peter,Pomacentridae,Chromis,viridis,37372053,1,AD,Passing,
GX010044_L.MP4,56750,31.5593,YA_MAC_Transect 3,2.0582,,2.169,0.179,1853.872,20.599,,,-639.325,128.057,-1735.427,YA_MAC,Peter,Pomacentridae,Chromis,viridis,37372053,1,AD,Passing,
GX010044_L.MP4,56750,31.5593,YA_MAC_Transect 3,2.0582,,2.476,2.701,1992.561,19.711,,,-660.443,123.244,-1875.88,YA_MAC,Peter,Pomacentridae,Chromis,viridis,37372053,1,AD,Passing,
GX010044_L.MP4,56750,31.5593,YA_MAC_Transect 3,2.0582,,2.27,0.48,1939.267,23.603,,,-761.273,151.787,-1777.127,YA_MAC,Peter,Pomacentridae,Chromis,viridis,37372053,1,AD,Passing,
GX010044_L.MP4,56750,31.5593,YA_MAC_Transect 3,2.0582,,2.651,1.133,2058.109,18.838,,,-639.412,179.89,-1947.975,YA_MAC,Peter,Pomacentridae,Chromis,viridis,37372053,1,AD,Passing,
GX010044_L.MP4,56750,31.5593,YA_MAC_Transect 3,2.0582,,2.461,2.455,1959.415,17.409,,,-562.238,164.902,-1869.76,YA_MAC,Peter,Pomacentridae,Chromis,viridis,37372053,1,AD,Passing,
GX010044_L.MP4,56750,31.5593,YA_MAC_Transect 3,2.0582,,2.797,1.406,2106.621,17.481,,,-602.529,192.213,-2009.444,YA_MAC,Peter,Pomacentridae,Chromis,viridis,37372053,1,AD,Passing,
GX010044_L.MP4,56750,31.5593,YA_MAC_Transect 3,2.0582,,2.322,1.815,1889.512,16.565,,,-516.864,150.831,-1811.175,YA_MAC,Peter,Pomacentridae,Chromis,viridis,37372053,1,AD,Passing,
GX010044_L.MP4,56750,31.5593,YA_MAC_Transect 3,2.0582,,2.844,0.871,2130.438,17.457,,,-621.31,148.538,-2032.407,YA_MAC,Peter,Pomacentridae,Chromis,viridis,37372053,1,AD,Passing,
GX010044_L.MP4,56750,31.5593,YA_MAC_Transect 3,2.0582,,2.642,3.149,2039.625,16.907,,,-579.779,124.124,-1951.543,YA_MAC,Peter,Pomacentridae,Chromis,viridis,37372053,1,AD,Passing,
GX010044_L.MP4,56750,31.5593,YA_MAC_Transect 3,2.0582,,2.734,2.911,2081.204,16.924,,,-595.727,109.036,-1991.138,YA_MAC,Peter,Pomacentridae,Chromis,viridis,37372053,1,AD,Passing,
GX010044_L.MP4,56750,31.5593,YA_MAC_Transect 3,2.0582,,2.431,1.432,1962.445,18.65,,,-620.427,93.213,-1859.455,YA_MAC,Peter,Pomacentridae,Chromis,viridis,37372053,1,AD,Passing,
GX010044_L.MP4,56750,31.5593,YA_MAC_Transect 3,2.0582,,2.499,0.409,2018.605,20.842,,,-711.224,98.726,-1886.579,YA_MAC,Peter,Pomacentridae,Chromis,viridis,37372053,1,AD,Passing,
GX010044_L.MP4,56750,31.5593,YA_MAC_Transect 3,2.0582,,2.062,1.475,1789.638,19.251,,,-586.99,59.007,-1689.605,YA_MAC,Peter,Pomacentridae,Chromis,viridis,37372053,1,AD,Passing,
GX010044_L.MP4,56750,31.5593,YA_MAC_Transect 3,2.0582,,3.239,4.439,2299.404,17.488,,,-687.182,70.975,-2193.172,YA_MAC,Peter,Pomacentridae,Chromis,viridis,37372053,1,AD,Passing,
GX010044_L.MP4,56750,31.5593,YA_MAC_Transect 3,2.0582,,2.728,1.38,2085.772,17.396,,,-621.174,53.779,-1990.401,YA_MAC,Peter,Pomacentridae,Chromis,viridis,37372053,1,AD,Passing,
GX010044_L.MP4,56750,31.5593,YA_MAC_Transect 3,2.0582,,2.617,2.431,2087.48,21.781,,,-772.019,61.832,-1938.488,YA_MAC,Peter,Pomacentridae,Chromis,viridis,37372053,1,AD,Passing,
GX010044_L.MP4,56750,31.5593,YA_MAC_Transect 3,2.0582,,2.667,3.465,2135.225,23.655,,,-848.759,115.369,-1955.884,YA_MAC,Peter,Pomacentridae,Chromis,viridis,37372053,1,AD,Passing,
GX010044_L.MP4,56750,31.5593,YA_MAC_Transect 3,2.0582,,2.519,3.485,2057.971,22.983,,,-800.19,72.431,-1894.649,YA_MAC,Peter,Pomacentridae,Chromis,viridis,37372053,1,AD,Passing,
GX010044_L.MP4,56750,31.5593,YA_MAC_Transect 3,2.0582,,2.184,2.423,1901.54,23.72,,,-759.508,89.825,-1740.957,YA_MAC,Peter,Pomacentridae,Chromis,viridis,37372053,1,AD,Passing,
GX010044_L.MP4,56750,31.5593,YA_MAC_Transect 3,2.0582,,2.219,1.81,1922.119,23.736,,,-773.056,30.436,-1759.546,YA_MAC,Peter,Pomacentridae,Chromis,viridis,37372053,1,AD,Passing,
GX010044_L.MP4,56750,31.5593,YA_MAC_Transect 3,2.0582,,2.695,2.336,2046.787,14.871,,,-510.193,123.838,-1978.308,YA_MAC,Peter,Pomacentridae,Chromis,viridis,37372053,1,AD,Passing,
GX010044_L.MP4,56750,31.5593,YA_MAC_Transect 3,2.0582,,2.804,4.435,2083.048,13.206,,,-457.698,129.096,-2028.037,YA_MAC,Peter,Pomacentridae,Chromis,viridis,37372053,1,AD,Passing,
GX010044_L.MP4,56750,31.5593,YA_MAC_Transect 3,2.0582,,2.117,1.659,1773.275,11.685,,,-356.089,45.691,-1736.554,YA_MAC,Peter,Pomacentridae,Chromis,viridis,37372053,1,AD,Passing,
GX010044_L.MP4,56750,31.5593,YA_MAC_Transect 3,2.0582,,8.749,2.239,3831.991,9.976,,,-543.137,379.464,-3774.277,YA_MAC,Peter,Pomacentridae,Chromis,viridis,37372053,1,AD,Passing,
GX010044_L.MP4,56762,31.566,YA_MAC_Transect 3,2.0648,96.048,5.294,0.93,2296.247,22.006,32.644,3.765,757.371,-408.287,-2128.953,YA_MAC,Peter,Chaetodontidae,Chaetodon,citrinellus,37365036,1,AD,Passing,
GX010044_L.MP4,56814,31.5949,YA_MAC_Transect 3,2.0938,95.046,4.556,3.098,1852.671,20.42,61.821,25.952,598.449,-244.284,-1736.253,YA_MAC,Peter,Holocentridae,Neoniphon,sammara,37261019,1,AD,Passing,
GX010044_L.MP4,56814,31.5949,YA_MAC_Transect 3,2.0938,83.057,4.195,3.675,1743.457,20.192,61.779,20.632,595.532,-86.45,-1636.31,YA_MAC,Peter,Pomacentridae,Chromis,viridis,37372053,1,AD,Passing,
GX010044_L.MP4,56814,31.5949,YA_MAC_Transect 3,2.0938,59.932,3.709,4.51,2236.334,23.613,2.867,2.47,893.372,65.673,-2049.089,YA_MAC,Peter,Pomacentridae,Chromis,viridis,37372053,1,AD,Passing,
GX010044_L.MP4,56902,31.6438,YA_MAC_Transect 3,2.1427,58.023,2.048,1.296,2142.621,16.983,6.363,21.454,-118.779,-614.447,-2049.188,YA_MAC,Peter,Pomacentridae,Chromis,viridis,37372053,1,AD,Passing,
GX010044_L.MP4,56956,31.6739,YA_MAC_Transect 3,2.1727,,2.941,0.503,2140.139,22.017,,,583.118,-552.223,-1983.739,YA_MAC,Peter,Pomacentridae,Chromis,viridis,37372053,1,AD,Passing,
GX010044_L.MP4,56956,31.6739,YA_MAC_Transect 3,2.1727,,5.112,8.879,2990.103,27.206,,,1179.996,-691.799,-2658.898,YA_MAC,Peter,Pomacentridae,Chromis,viridis,37372053,1,AD,Passing,
GX010044_L.MP4,56956,31.6739,YA_MAC_Transect 3,2.1727,,3.813,3.579,2426.884,15.616,,,295.503,-584.017,-2336.957,YA_MAC,Peter,Pomacentridae,Chromis,viridis,37372053,1,AD,Passing,
GX010044_L.MP4,56992,31.6939,YA_MAC_Transect 3,2.1927,,2.923,0.598,2137,20.464,,,107.256,-740.576,-2001.702,YA_MAC,Peter,Pomacentridae,Chromis,viridis,37372053,1,AD,Passing,
GX020044_L.MP4,1509,36.0744,YA_MAC_Transect 4,0.2097,81.382,4.665,1.93,2530.687,19.843,23.369,14.072,164.091,843.192,-2380.436,YA_MAC,Peter,Pomacentridae,Amblyglyphidodon,curacao,37372017,1,AD,Passing,
GX020044_L.MP4,1509,36.0744,YA_MAC_Transect 4,0.2097,,4.987,4.588,2825.919,12.7,,,-428.625,448.132,-2757.041,YA_MAC,Peter,Pomacentridae,Amblyglyphidodon,orbicularis,temp_code_001,1,AD,Passing,
GX020044_L.MP4,1565,36.1055,YA_MAC_Transect 4,0.2408,68.337,1.955,5.167,1699.675,15.475,16.102,33.013,-256.977,-373.671,-1638.056,YA_MAC,Peter,Pomacentridae,Pomacentrus,callainus,temp_code_004,1,AD,Passing,
GX020044_L.MP4,1565,36.1055,YA_MAC_Transect 4,0.2408,71.484,1.535,3.631,1805.839,4.47,4.08,64.267,29.501,137.619,-1800.346,YA_MAC,Peter,Pomacentridae,Amblyglyphidodon,curacao,37372017,1,AD,Passing,
GX020044_L.MP4,1616,36.1339,YA_MAC_Transect 4,0.2692,268.816,16.61,8.766,3858.271,29.836,58.784,2.709,1899.555,276.459,-3346.867,YA_MAC,Peter,Scaridae,Scarus,sp,,1,AD,Passing,
GX020044_L.MP4,1631,36.1422,YA_MAC_Transect 4,0.2775,74.723,3.907,3.345,1640.202,1.941,54.212,26.669,3.35,55.457,-1639.261,YA_MAC,Peter,Pomacentridae,Amblyglyphidodon,curacao,37372017,1,AD,Passing,
GX020044_L.MP4,1631,36.1422,YA_MAC_Transect 4,0.2775,91.098,3.8,4.955,1651.261,10.851,47.998,14.123,213.417,226.018,-1621.738,YA_MAC,Peter,Pomacentridae,Amblyglyphidodon,curacao,37372017,1,AD,Passing,
GX020044_L.MP4,1631,36.1422,YA_MAC_Transect 4,0.2775,,4.596,2.133,2692.189,9.494,,,355.99,263.912,-2655.466,YA_MAC,Peter,Pomacentridae,Amblyglyphidodon,curacao,37372017,1,AD,Passing,
GX020044_L.MP4,1631,36.1422,YA_MAC_Transect 4,0.2775,,6.59,0.86,3271.238,15.093,,,757.569,387.568,-3158.62,YA_MAC,Peter,Pomacentridae,Amblyglyphidodon,orbicularis,temp_code_001,1,AD,Passing,
GX020044_L.MP4,1684,36.1717,YA_MAC_Transect 4,0.307,,2.721,0.852,2124.979,24.026,,,858.5,106.286,-1940.932,YA_MAC,Peter,Pomacentridae,Amblyglyphidodon,curacao,37372017,1,AD,Passing,
GX020044_L.MP4,1684,36.1717,YA_MAC_Transect 4,0.307,,4.846,2.068,2924.022,23.651,,,1165.905,127.4,-2678.496,YA_MAC,Peter,Pomacentridae,Amblyglyphidodon,curacao,37372017,1,AD,Passing,
GX020044_L.MP4,1684,36.1717,YA_MAC_Transect 4,0.307,,6.612,3.681,3306.152,5.03,,,239.554,-165.115,-3293.325,YA_MAC,Peter,Pomacentridae,Amblyglyphidodon,curacao,37372017,1,AD,Passing,
GX020044_L.MP4,1684,36.1717,YA_MAC_Transect 4,0.307,,8.414,0.419,3755.664,10.972,,,-599.58,-391.339,-3686.783,YA_MAC,Peter,Pomacentridae,Amblyglyphidodon,curacao,37372017,1,AD,Passing,
GX020044_L.MP4,1684,36.1717,YA_MAC_Transect 4,0.307,,7.574,0.389,3755.451,21.302,,,-1363.942,-32.682,-3498.858,YA_MAC,Peter,Pomacentridae,Amblyglyphidodon,curacao,37372017,1,AD,Passing,
GX020044_L.MP4,1684,36.1717,YA_MAC_Transect 4,0.307,,5.258,4.565,3011.819,24.302,,,1136.276,493.648,-2745.222,YA_MAC,Peter,Pomacentridae,Amblyglyphidodon,curacao,37372017,1,AD,Passing,
GX020044_L.MP4,1684,36.1717,YA_MAC_Transect 4,0.307,107.942,7.756,1.811,2444.452,26.571,69.357,5.233,1089.752,-89.58,-2186.267,YA_MAC,Peter,Pomacentridae,Amblyglyphidodon,orbicularis,temp_code_001,1,AD,Passing,
GX020044_L.MP4,1775,36.2223,YA_MAC_Transect 4,0.3576,71.435,3.274,2.691,2149.673,20.262,25.991,69.137,176.932,-723.142,-2016.644,YA_MAC,Peter,Pomacentridae,Amblyglyphidodon,curacao,37372017,1,AD,Passing,
GX020044_L.MP4,1931,36.3091,YA_MAC_Transect 4,0.4443,285.854,20.394,15.918,4921.218,21.842,29.6,17.619,-1742.535,-562.002,-4567.944,YA_MAC,Peter,Kyphosidae,Kyphosus,cinerascens,37361022,1,AD,Passing,
GX020044_L.MP4,1993,36.3435,YA_MAC_Transect 4,0.4788,,4.484,1.222,2829.638,26.394,,,1207.558,-353.829,-2534.454,YA_MAC,Peter,Pomacentridae,Chromis,viridis,37372053,1,AD,Passing,
GX020044_L.MP4,2044,36.3719,YA_MAC_Transect 4,0.5072,70.643,3.419,3.391,2765.44,14.807,2.661,46.561,542.766,-452.635,-2673.609,YA_MAC,Peter,Pomacentridae,Amblyglyphidodon,orbicularis,temp_code_001,1,AD,Passing,
GX020044_L.MP4,2074,36.3886,YA_MAC_Transect 4,0.5239,107.912,5.623,18.791,2145.854,29.34,88.351,23.27,869.667,-590.954,-1870.599,YA_MAC,Peter,Pomacentridae,Chromis,viridis,37372053,1,AD,Passing,
GX020044_L.MP4,2116,36.4119,YA_MAC_Transect 4,0.5472,68.003,1.991,1.973,1713.244,15.953,18.084,47.98,11.955,-470.735,-1647.262,YA_MAC,Peter,Pomacentridae,Chromis,atripectoralis,37372036,1,AD,Passing,
GX020044_L.MP4,2226,36.4731,YA_MAC_Transect 4,0.6084,100.157,4.152,5.296,2172.163,14.452,26.369,25.631,529.544,-115.975,-2103.432,YA_MAC,Peter,Pomacentridae,Amblyglyphidodon,orbicularis,temp_code_001,1,AD,Passing,
GX020044_L.MP4,2238,36.4798,YA_MAC_Transect 4,0.6151,93.045,3.299,9.269,2194.506,20.154,32.055,65.787,-368.818,-660.048,-2060.137,YA_MAC,Peter,Pomacentridae,Amblyglyphidodon,curacao,37372017,1,AD,Passing,
GX020044_L.MP4,2238,36.4798,YA_MAC_Transect 4,0.6151,56.332,4.429,9.749,2359.593,21.054,45.279,55.095,-606.449,-592.259,-2202.074,YA_MAC,Peter,Pomacentridae,Chromis,viridis,37372053,1,AD,Passing,
GX020044_L.MP4,2295,36.5115,YA_MAC_Transect 4,0.6468,,3.695,5.485,2399.256,11.463,,,-99.191,-467.753,-2351.127,YA_MAC,Peter,Pomacentridae,Dascyllus,aruanus,37372073,1,AD,Passing,
GX020044_L.MP4,2295,36.5115,YA_MAC_Transect 4,0.6468,80.268,4.894,3.556,1902.286,9.27,57.346,34.017,-267.859,-148.823,-1877.444,YA_MAC,Peter,Pomacentridae,Amblyglyphidodon,curacao,37372017,1,AD,Passing,
GX020044_L.MP4,2295,36.5115,YA_MAC_Transect 4,0.6468,,3.18,1.71,2214.444,8.051,,,-128.369,-283.627,-2192.451,YA_MAC,Peter,Pomacentridae,Amblyglyphidodon,curacao,37372017,1,AD,Passing,
GX020044_L.MP4,2295,36.5115,YA_MAC_Transect 4,0.6468,,3.598,0.545,2378.291,4.245,,,-74.041,-161.091,-2371.673,YA_MAC,Peter,Pomacentridae,Amblyglyphidodon,orbicularis,temp_code_001,1,AD,Passing,
GX020044_L.MP4,2295,36.5115,YA_MAC_Transect 4,0.6468,,3.635,0.724,2383.669,5.044,,,171.382,119.206,-2374.51,YA_MAC,Peter,Pomacentridae,Amblyglyphidodon,orbicularis,temp_code_001,1,AD,Passing,
GX020044_L.MP4,2295,36.5115,YA_MAC_Transect 4,0.6468,71.561,6.097,4.846,2026.245,9.11,57.641,24.384,-237.213,-216.018,-2000.684,YA_MAC,Peter,Pomacentridae,Chromis,viridis,37372053,1,AD,Passing,
GX020044_L.MP4,2454,36.5999,YA_MAC_Transect 4,0.7352,85.499,5.025,7.846,2092.691,16.765,50.572,37.437,-241.543,-553.189,-2003.745,YA_MAC,Peter,Pomacentridae,Amblyglyphidodon,curacao,37372017,1,AD,Passing,
GX020044_L.MP4,2485,36.6171,YA_MAC_Transect 4,0.7524,,6.36,1.019,3239.853,14.803,,,818.178,-127.593,-3132.244,YA_MAC,Peter,Pomacentridae,Dascyllus,aruanus,37372073,1,AD,Passing,
GX020044_L.MP4,2485,36.6171,YA_MAC_Transect 4,0.7524,,4.695,1.531,2734.727,18.092,,,704.026,-476.476,-2599.241,YA_MAC,Peter,Pomacentridae,Dascyllus,aruanus,37372073,1,AD,Passing,
GX020044_L.MP4,2485,36.6171,YA_MAC_Transect 4,0.7524,97.888,7.033,4.341,2407.892,23.444,53.381,16.833,953.395,93.538,-2209.125,YA_MAC,Peter,Pomacentridae,Amblyglyphidodon,orbicularis,temp_code_001,1,AD,Passing,
GX020044_L.MP4,2485,36.6171,YA_MAC_Transect 4,0.7524,,6.296,1.845,3211.838,14.839,,,789.131,230.376,-3104.852,YA_MAC,Peter,Pomacentridae,Chromis,viridis,37372053,1,AD,Passing,
GX020044_L.MP4,2500,36.6255,YA_MAC_Transect 4,0.7608,181.472,7.608,9.474,4029.864,22.078,5.717,30.274,-913.226,-1208.417,-3734.374,YA_MAC,Peter,Scaridae,Scarus,schlegeli,37386029,1,AD,Passing,
GX020044_L.MP4,2637,36.7017,YA_MAC_Transect 4,0.8369,,5.331,2.193,2989.745,26.531,,,918.681,-970.845,-2674.334,YA_MAC,Peter,Pomacentridae,Chromis,viridis,37372053,1,AD,Passing,
GX020044_L.MP4,2750,36.7645,YA_MAC_Transect 4,0.8998,71.072,5.275,1.943,2038.199,5.647,40.158,12.491,-172.231,-102.731,-2028.31,YA_MAC,Peter,Pomacentridae,Chromis,atripectoralis,37372036,1,AD,Passing,
GX020044_L.MP4,2750,36.7645,YA_MAC_Transect 4,0.8998,,4.369,0.584,2634.893,7.061,,,-27.433,321.223,-2615.096,YA_MAC,Peter,Pomacentridae,Chromis,viridis,37372053,1,AD,Passing,
GX020044_L.MP4,2773,36.7773,YA_MAC_Transect 4,0.9126,87.671,7.264,4.656,2274.778,19.974,82.377,29.93,743.105,227.216,-2137.939,YA_MAC,Peter,Pomacentridae,Pomacentrus,philippinus,37372123,1,AD,Passing,
GX020044_L.MP4,2817,36.8018,YA_MAC_Transect 4,0.937,49.962,3.154,2.608,1572.063,8.425,59.839,42.629,37.345,227.281,-1555.098,YA_MAC,Peter,Pomacentridae,Chromis,atripectoralis,37372036,1,AD,Passing,
GX020044_L.MP4,2839,36.814,YA_MAC_Transect 4,0.9493,77.758,2.333,5.595,1954.006,11.916,9.224,23.923,396.072,-76.881,-1911.898,YA_MAC,Peter,Pomacentridae,Pomacentrus,philippinus,37372123,1,AD,Passing,
GX020044_L.MP4,2903,36.8496,YA_MAC_Transect 4,0.9849,80.618,6.402,18.891,2460.935,29.061,46.557,1.935,929.474,751.679,-2151.106,YA_MAC,Peter,Pomacentridae,Neoglyphidodon,carlsoni,temp_code_008,1,AD,Passing,
GX020044_L.MP4,2945,36.8729,YA_MAC_Transect 4,1.0082,,8.689,3.013,3961.418,18.05,,,-1226.948,-36.584,-3766.443,YA_MAC,Peter,Pomacentridae,Chromis,viridis,37372053,1,AD,Passing,
GX020044_L.MP4,2945,36.8729,YA_MAC_Transect 4,1.0082,,5.943,0.876,3341.578,23.464,,,-1326.153,105.696,-3065.337,YA_MAC,Peter,Pomacentridae,Chromis,viridis,37372053,1,AD,Passing,
GX020044_L.MP4,2945,36.8729,YA_MAC_Transect 4,1.0082,,6.621,0.059,3556.999,24.192,,,-1448.097,164.58,-3244.715,YA_MAC,Peter,Pomacentridae,Chromis,viridis,37372053,1,AD,Passing,
GX020044_L.MP4,2945,36.8729,YA_MAC_Transect 4,1.0082,,7.86,2.583,3874.931,23.422,,,-1527.412,196.62,-3555.762,YA_MAC,Peter,Pomacentridae,Chromis,viridis,37372053,1,AD,Passing,
GX020044_L.MP4,2945,36.8729,YA_MAC_Transect 4,1.0082,,7.367,0.932,3659.683,21.126,,,-1277.67,325.722,-3413.904,YA_MAC,Peter,Pomacentridae,Chromis,viridis,37372053,1,AD,Passing,
GX020044_L.MP4,2945,36.8729,YA_MAC_Transect 4,1.0082,,5.679,2.738,3196.078,21.228,,,-1135.019,-227.475,-2979.078,YA_MAC,Peter,Pomacentridae,Chromis,viridis,37372053,1,AD,Passing,
GX020044_L.MP4,2945,36.8729,YA_MAC_Transect 4,1.0082,,6.346,1.99,3352.13,20.046,,,-1100.792,-331.185,-3148.865,YA_MAC,Peter,Pomacentridae,Chromis,viridis,37372053,1,AD,Passing,
GX020044_L.MP4,2945,36.8729,YA_MAC_Transect 4,1.0082,,4.401,7.247,2734.799,19.833,,,-863.934,-339.951,-2572.387,YA_MAC,Peter,Pomacentridae,Chromis,viridis,37372053,1,AD,Passing,
GX020044_L.MP4,2945,36.8729,YA_MAC_Transect 4,1.0082,,8.755,6.856,3958.386,18.533,,,-1221.658,-303.243,-3752.92,YA_MAC,Peter,Pomacentridae,Chromis,viridis,37372053,1,AD,Passing,
GX020044_L.MP4,2988,36.8969,YA_MAC_Transect 4,1.0321,,3.678,1.417,2398.241,20.148,,,290.07,772.162,-2251.929,YA_MAC,Peter,Pomacentridae,Pomacentrus,sp,,1,AD,Passing,
GX020044_L.MP4,2988,36.8969,YA_MAC_Transect 4,1.0321,,3.086,0.579,2191.173,20.589,,,206.367,741.202,-2051.65,YA_MAC,Peter,Pomacentridae,Pomacentrus,sp,,1,AD,Passing,
GX020044_L.MP4,2988,36.8969,YA_MAC_Transect 4,1.0321,,3.928,0.831,2477.373,18.198,,,226.885,738.287,-2353.897,YA_MAC,Peter,Pomacentridae,Pomacentrus,sp,,1,AD,Passing,
GX020044_L.MP4,2988,36.8969,YA_MAC_Transect 4,1.0321,,4.378,4.064,2627.239,15.568,,,30.722,702.945,-2531.266,YA_MAC,Peter,Pomacentridae,Pomacentrus,sp,,1,AD,Passing,
GX020044_L.MP4,2988,36.8969,YA_MAC_Transect 4,1.0321,,5.07,6.202,2827.54,18.267,,,392.179,793.242,-2685.506,YA_MAC,Peter,Pomacentridae,Pomacentrus,sp,,1,AD,Passing,
GX020044_L.MP4,2988,36.8969,YA_MAC_Transect 4,1.0321,,6.786,3.168,3310.261,19.398,,,323.966,1048.802,-3122.961,YA_MAC,Peter,Pomacentridae,Pomacentrus,sp,,1,AD,Passing,
GX020044_L.MP4,2988,36.8969,YA_MAC_Transect 4,1.0321,,3.279,1.63,2273.115,23.506,,,438.822,792.143,-2084.945,YA_MAC,Peter,Pomacentridae,Chromis,ternatensis,37372051,1,AD,Passing,
GX020044_L.MP4,2988,36.8969,YA_MAC_Transect 4,1.0321,,5.103,3.934,2865.755,21.516,,,297.081,1006.621,-2666.648,YA_MAC,Peter,Pomacentridae,Chromis,ternatensis,37372051,1,AD,Passing,
GX020044_L.MP4,3048,36.9302,YA_MAC_Transect 4,1.0655,54.88,2.04,0.962,1663.819,18.118,23.28,54.27,-108.78,505.846,-1581.322,YA_MAC,Peter,Pomacentridae,Chromis,ternatensis,37372051,1,AD,Passing,
GX020044_L.MP4,3107,36.963,YA_MAC_Transect 4,1.0983,42.919,2.465,6.551,1402.95,23.402,49.562,1.075,380.755,-406.832,-1287.549,YA_MAC,Peter,Pomacentridae,Pomacentrus,moluccensis,37372118,1,AD,Passing,
GX020044_L.MP4,3201,37.0153,YA_MAC_Transect 4,1.1506,,3.734,6.585,2618.058,28.691,,,1228.691,263.44,-2296.768,YA_MAC,Peter,Pomacentridae,Amblyglyphidodon,curacao,37372017,1,AD,Passing,
GX020044_L.MP4,3201,37.0153,YA_MAC_Transect 4,1.1506,,5.464,3.494,3117.595,24.501,,,1255.878,305.485,-2837.049,YA_MAC,Peter,Pomacentridae,Amblyglyphidodon,curacao,37372017,1,AD,Passing,
GX020044_L.MP4,3414,37.1338,YA_MAC_Transect 4,1.269,76.677,6.039,3.054,2435.539,20.335,52.82,47.948,386.644,-752.901,-2283.746,YA_MAC,Peter,Pomacentridae,Chromis,atripectoralis,37372036,1,AD,Passing,
GX020044_L.MP4,3414,37.1338,YA_MAC_Transect 4,1.269,90.181,5.826,7.22,2800.132,14.161,30.749,51.116,166.367,-664.54,-2715.041,YA_MAC,Peter,Pomacentridae,Amblyglyphidodon,curacao,37372017,1,AD,Passing,
GX020044_L.MP4,3430,37.1427,YA_MAC_Transect 4,1.2779,,6.201,13.135,3329.61,27.536,,,-1123.432,-1054.031,-2951.817,YA_MAC,Peter,Pomacentridae,Amblyglyphidodon,orbicularis,temp_code_001,1,AD,Passing,
GX020044_L.MP4,3461,37.1599,YA_MAC_Transect 4,1.2952,85.12,3.083,1.928,1837.884,21.602,29.036,17.746,460.094,-496.132,-1708.796,YA_MAC,Peter,Pomacentridae,Chromis,atripectoralis,37372036,1,AD,Passing,
GX020044_L.MP4,3500,37.1816,YA_MAC_Transect 4,1.3169,62.312,2.919,4.514,2580.022,18.922,4.827,56.71,833.202,75.901,-2440.6,YA_MAC,Peter,Chaetodontidae,Chaetodon,lunulatus,37365059,1,AD,Passing,
GX020044_L.MP4,3500,37.1816,YA_MAC_Transect 4,1.3169,,3.249,1.376,2237.476,13.332,,,503.853,-112.416,-2177.107,YA_MAC,Peter,Pomacentridae,Pomacentrus,moluccensis,37372118,1,AD,Passing,
GX020044_L.MP4,3571,37.2211,YA_MAC_Transect 4,1.3564,,5.29,0.288,3190.596,28.945,,,1532.698,186.164,-2792.146,YA_MAC,Peter,Chaetodontidae,Chaetodon,baronessa,37365034,1,AD,Passing,
GX020044_L.MP4,3643,37.2611,YA_MAC_Transect 4,1.3964,,2.722,0.872,2129.532,24.959,,,871.189,-221.357,-1930.527,YA_MAC,Peter,Pomacentridae,Pomacentrus,philippinus,37372123,1,AD,Passing,
GX020044_L.MP4,3712,37.2995,YA_MAC_Transect 4,1.4348,87.514,5.195,7.62,2126.787,24.98,83.811,38.161,866.136,237.629,-1927.839,YA_MAC,Peter,Pomacentridae,Pomacentrus,philippinus,37372123,1,AD,Passing,
GX020044_L.MP4,3837,37.369,YA_MAC_Transect 4,1.5043,,9.029,7.098,4054.507,24.788,,,1622.61,504.632,-3681.238,YA_MAC,Peter,Pomacentridae,Amblyglyphidodon,curacao,37372017,1,AD,Passing,
GX020044_L.MP4,3926,37.4185,YA_MAC_Transect 4,1.5538,329.391,27.19,6.099,5204.308,28.123,53.961,18.943,-2452.701,-43.907,-4589.897,YA_MAC,Peter,Kyphosidae,Kyphosus,cinerascens,37361022,1,AD,Passing,
GX020044_L.MP4,4012,37.4663,YA_MAC_Transect 4,1.6016,299.065,17.171,12.011,5765.863,26.011,7.768,38.334,-2494.374,414.743,-5181.82,YA_MAC,Peter,Lutjanidae,Lutjanus,bohar,37346029,1,AD,Passing,
GX020044_L.MP4,4078,37.503,YA_MAC_Transect 4,1.6383,,14.923,6.728,5144.668,27.495,,,1847.862,1489.579,-4564.446,YA_MAC,Peter,Pomacentridae,Amblyglyphidodon,curacao,37372017,1,AD,Passing,
GX020044_L.MP4,4078,37.503,YA_MAC_Transect 4,1.6383,,7.157,0.342,3386.414,18.846,,,583.634,923.342,-3205.404,YA_MAC,Peter,Pomacentridae,Amblyglyphidodon,curacao,37372017,1,AD,Passing,
GX020044_L.MP4,4078,37.503,YA_MAC_Transect 4,1.6383,,13.274,3.012,4664.494,13.964,,,573.496,965.893,-4527.213,YA_MAC,Peter,Pomacentridae,Amblyglyphidodon,curacao,37372017,1,AD,Passing,
GX020044_L.MP4,4078,37.503,YA_MAC_Transect 4,1.6383,,8.12,2.328,3635.013,15.951,,,187.547,979.149,-3495.628,YA_MAC,Peter,Pomacentridae,Chromis,viridis,37372053,1,AD,Passing,
GX020044_L.MP4,4078,37.503,YA_MAC_Transect 4,1.6383,,15.053,0.655,4999.018,15.536,,,339.382,1292.447,-4817.114,YA_MAC,Peter,Pomacentridae,Chromis,viridis,37372053,1,AD,Passing,
GX020044_L.MP4,4078,37.503,YA_MAC_Transect 4,1.6383,,8.943,3.908,3835.881,12.374,,,64.434,817.258,-3747.255,YA_MAC,Peter,Pomacentridae,Chromis,viridis,37372053,1,AD,Passing,
GX020044_L.MP4,4078,37.503,YA_MAC_Transect 4,1.6383,,14.843,1.189,4978.547,13.209,,,252.505,1106.409,-4847.476,YA_MAC,Peter,Pomacentridae,Chromis,viridis,37372053,1,AD,Passing,
GX020044_L.MP4,4078,37.503,YA_MAC_Transect 4,1.6383,,20.681,5.893,5858.774,14.347,,,632.017,1303.684,-5676.813,YA_MAC,Peter,Pomacentridae,Chromis,viridis,37372053,1,AD,Passing,
GX020044_L.MP4,4078,37.503,YA_MAC_Transect 4,1.6383,,11.537,0.424,4382.215,14.551,,,16.491,1098.382,-4242.299,YA_MAC,Peter,Pomacentridae,Chromis,viridis,37372053,1,AD,Passing,
GX020044_L.MP4,4078,37.503,YA_MAC_Transect 4,1.6383,,13.113,0.015,4686.697,14.19,,,-121.1,1139.805,-4544.371,YA_MAC,Peter,Pomacentridae,Chromis,viridis,37372053,1,AD,Passing,
GX020044_L.MP4,4078,37.503,YA_MAC_Transect 4,1.6383,,7.814,1.375,3583.46,9.704,,,72.175,597.603,-3532.541,YA_MAC,Peter,Pomacentridae,Chromis,viridis,37372053,1,AD,Passing,
GX020044_L.MP4,4078,37.503,YA_MAC_Transect 4,1.6383,,19.183,6.627,5716.229,10.847,,,200.785,1053.528,-5614.716,YA_MAC,Peter,Pomacentridae,Chromis,viridis,37372053,1,AD,Passing,
GX020044_L.MP4,4078,37.503,YA_MAC_Transect 4,1.6383,,12.994,2.659,4634.386,14.55,,,930.424,697.254,-4486.166,YA_MAC,Peter,Pomacentridae,Chromis,viridis,37372053,1,AD,Passing,
GX020044_L.MP4,4078,37.503,YA_MAC_Transect 4,1.6383,,10.59,0.17,4229.429,8.368,,,-321.81,522.212,-4184.711,YA_MAC,Peter,Pomacentridae,Chromis,viridis,37372053,1,AD,Passing,
GX020044_L.MP4,4078,37.503,YA_MAC_Transect 4,1.6383,,11.391,1.899,4377.382,10.126,,,-456.59,616.991,-4309.561,YA_MAC,Peter,Pomacentridae,Chromis,viridis,37372053,1,AD,Passing,
GX020044_L.MP4,4078,37.503,YA_MAC_Transect 4,1.6383,,12.309,1.011,4554.192,10.865,,,-550.682,655.936,-4472.936,YA_MAC,Peter,Pomacentridae,Chromis,viridis,37372053,1,AD,Passing,
GX020044_L.MP4,4078,37.503,YA_MAC_Transect 4,1.6383,,16.465,10.135,5419.623,11.719,,,-1100.231,32.384,-5306.672,YA_MAC,Peter,Pomacentridae,Chromis,viridis,37372053,1,AD,Passing,
GX020044_L.MP4,4203,37.5725,YA_MAC_Transect 4,1.7078,,5.729,16.798,3288.367,33.323,,,1550.386,925.601,-2748.258,YA_MAC,Peter,Pomacentridae,Amblyglyphidodon,orbicularis,temp_code_001,1,AD,Passing,
GX020044_L.MP4,4255,37.6015,YA_MAC_Transect 4,1.7367,98.17,7.2,18.134,2348.937,27.53,84.675,4.807,-962.4,-502.506,-2082.973,YA_MAC,Peter,Pomacentridae,Pomacentrus,brachialis,37372109,1,AD,Passing,
GX020044_L.MP4,4255,37.6015,YA_MAC_Transect 4,1.7367,75.662,6.732,2.212,2214.462,23.722,70.078,13.862,875.89,162.726,-2027.357,YA_MAC,Peter,Pomacentridae,Pomacentrus,maafu,temp_code_005,1,AD,Passing,
GX020044_L.MP4,4269,37.6092,YA_MAC_Transect 4,1.7445,80.091,3.271,2.283,1768.23,10.82,32.567,19.928,224.474,244.551,-1736.791,YA_MAC,Peter,Pomacentridae,Amblyglyphidodon,curacao,37372017,1,AD,Passing,
GX020044_L.MP4,4269,37.6092,YA_MAC_Transect 4,1.7445,80.661,3.474,1.706,2103.654,16.947,18.679,20.728,598.472,133.552,-2012.301,YA_MAC,Peter,Pomacentridae,Stegastes,nigricans,37372135,1,AD,Passing,
GX020044_L.MP4,4269,37.6092,YA_MAC_Transect 4,1.7445,73.273,6.959,1.904,2239.184,22.191,61.137,0.704,821.116,202.532,-2073.33,YA_MAC,Peter,Pomacentridae,Stegastes,nigricans,37372135,1,AD,Passing,
GX020044_L.MP4,4269,37.6092,YA_MAC_Transect 4,1.7445,63.685,3.402,6.957,1399.86,4.452,77.342,22.153,94.629,-53.409,-1395.636,YA_MAC,Peter,Pomacentridae,Chromis,viridis,37372053,1,AD,Passing,
GX020044_L.MP4,4319,37.637,YA_MAC_Transect 4,1.7723,67.972,4.02,0.744,1974.436,16.319,32.57,7.207,-408.237,375.659,-1894.893,YA_MAC,Peter,Pomacentridae,Chromis,viridis,37372053,1,AD,Passing,
GX020044_L.MP4,4319,37.637,YA_MAC_Transect 4,1.7723,60.223,4.206,2.838,1746.857,13.195,49.425,13.383,-278.728,285.166,-1700.735,YA_MAC,Peter,Pomacentridae,Chromis,viridis,37372053,1,AD,Passing,
GX020044_L.MP4,4319,37.637,YA_MAC_Transect 4,1.7723,62.819,5.053,2.564,1838.453,13.617,56.716,10.339,-406.412,148.881,-1786.778,YA_MAC,Peter,Pomacentridae,Chromis,viridis,37372053,1,AD,Passing,
GX020044_L.MP4,4423,37.6949,YA_MAC_Transect 4,1.8302,41.519,1.734,3.308,1974.943,6.652,2.12,58.6,132.335,-186.627,-1961.647,YA_MAC,Peter,Pomacentridae,Pomacentrus,moluccensis,37372118,1,AD,Passing,
GX020044_L.MP4,4461,37.716,YA_MAC_Transect 4,1.8513,82.413,8.213,4.867,2364.495,11.444,68.073,32.811,-350.628,-311.662,-2317.491,YA_MAC,Peter,Pomacentridae,Amblyglyphidodon,curacao,37372017,1,AD,Passing,
GX020044_L.MP4,4461,37.716,YA_MAC_Transect 4,1.8513,36.035,2.627,8.413,1675.576,23.737,36.938,35.238,434.005,-516.303,-1533.827,YA_MAC,Peter,Pomacentridae,Pomacentrus,moluccensis,37372118,1,AD,Passing,
GX020044_L.MP4,4562,37.7722,YA_MAC_Transect 4,1.9075,229.1,12.94,4.283,3316.752,12.786,36.952,4.387,733.635,23.404,-3234.513,YA_MAC,Peter,Holocentridae,Sargocentron,spiniferum,37261029,1,AD,Passing,
GX020044_L.MP4,4662,37.8278,YA_MAC_Transect 4,1.9631,75.547,2.678,1.717,1557.611,10.571,31.942,6.187,260.091,-118.371,-1531.174,YA_MAC,Peter,Pomacentridae,Amblyglyphidodon,orbicularis,temp_code_001,1,AD,Passing,
GX020044_L.MP4,4669,37.8317,YA_MAC_Transect 4,1.967,83.115,6.787,7.506,2172.932,21.128,66.68,2.231,-674.048,-398.889,-2026.864,YA_MAC,Peter,Pomacentridae,Pomacentrus,philippinus,37372123,1,AD,Passing,
GX020044_L.MP4,4669,37.8317,YA_MAC_Transect 4,1.967,69.257,2.615,4.744,2006.322,19.345,18.813,10.811,-116.261,-654.35,-1893.05,YA_MAC,Peter,Pomacentridae,Neopomacentrus,violascens,temp_code_010,1,AD,Passing,
GX020044_L.MP4,4669,37.8317,YA_MAC_Transect 4,1.967,85.36,3.664,2.423,1660.594,13.32,44.754,3.524,-368.418,103.186,-1615.918,YA_MAC,Peter,Pomacentridae,Chromis,viridis,37372053,1,AD,Passing,
GX020044_L.MP4,4756,37.8801,YA_MAC_Transect 4,2.0153,97.844,4.896,7.594,1980.253,22.58,56.109,22.687,671.82,356.098,-1828.456,YA_MAC,Peter,Pomacentridae,Pomacentrus,philippinus,37372123,1,AD,Passing,
GX020044_L.MP4,4784,37.8956,YA_MAC_Transect 4,2.0309,66.222,3.826,6.89,1714.674,13.193,47.543,23.15,316.757,-229.794,-1669.421,YA_MAC,Peter,Chaetodontidae,Chaetodon,citrinellus,37365036,1,AD,Passing,
GX020044_L.MP4,4855,37.9351,YA_MAC_Transect 4,2.0704,,11.368,3.444,4500.534,21.598,,,1595.505,443.418,-4184.801,YA_MAC,Peter,Chaetodontidae,Chaetodon,unimaculatus,37365061,1,AD,Passing,
GX020044_L.MP4,4855,37.9351,YA_MAC_Transect 4,2.0704,,2.721,2.265,2018.224,11.686,,,300.134,276.383,-1976.553,YA_MAC,Peter,Pomacentridae,Chromis,viridis,37372053,1,AD,Passing,
GX020044_L.MP4,4855,37.9351,YA_MAC_Transect 4,2.0704,,2.869,0.687,2080.431,10.126,,,304.274,201.81,-2048.141,YA_MAC,Peter,Pomacentridae,Chromis,viridis,37372053,1,AD,Passing,
GX020044_L.MP4,4924,37.9735,YA_MAC_Transect 4,2.1088,,18.255,2.917,5683.024,11.291,,,-1069.307,304.249,-5573.22,YA_MAC,Peter,Kyphosidae,Kyphosus,cinerascens,37361022,1,AD,Passing,
GX020044_L.MP4,4924,37.9735,YA_MAC_Transect 4,2.1088,,17.101,1.592,5447.132,11.295,,,-930.477,518.803,-5341.938,YA_MAC,Peter,Kyphosidae,Kyphosus,cinerascens,37361022,1,AD,Passing,
GX020044_L.MP4,4924,37.9735,YA_MAC_Transect 4,2.1088,,19.454,0.078,5933.898,13.637,,,-1392.819,128.441,-5766.689,YA_MAC,Peter,Kyphosidae,Kyphosus,cinerascens,37361022,1,AD,Passing,
GX020044_L.MP4,4924,37.9735,YA_MAC_Transect 4,2.1088,,7.146,2.528,3412.426,11.828,,,-287.804,635.534,-3340.347,YA_MAC,Peter,Pomacentridae,Amblyglyphidodon,curacao,37372017,1,AD,Passing,
GX020044_L.MP4,4924,37.9735,YA_MAC_Transect 4,2.1088,,10.527,5.454,4143.935,17.906,,,446.204,1191.088,-3943.907,YA_MAC,Peter,Pomacentridae,Amblyglyphidodon,curacao,37372017,1,AD,Passing,
GX020044_L.MP4,4924,37.9735,YA_MAC_Transect 4,2.1088,,25.511,1.45,6783.767,6.444,,,-722.724,235.632,-6741.041,YA_MAC,Peter,Chaetodontidae,Chaetodon,vagabundus,37365062,1,AD,Passing,
GX020044_L.MP4,4924,37.9735,YA_MAC_Transect 4,2.1088,,10.023,15.349,4539.203,31.772,,,-2216.818,-895.625,-3858.49,YA_MAC,Peter,Pomacentridae,Chromis,viridis,37372053,1,AD,Passing,
GX020044_L.MP4,4924,37.9735,YA_MAC_Transect 4,2.1088,,10.393,16.616,4640.587,31.857,,,-2292.541,-864.462,-3941.066,YA_MAC,Peter,Pomacentridae,Chromis,viridis,37372053,1,AD,Passing,
GX020044_L.MP4,4924,37.9735,YA_MAC_Transect 4,2.1088,,10.345,16.884,4630.33,31.409,,,-2274.83,-807.345,-3951.367,YA_MAC,Peter,Pomacentridae,Chromis,viridis,37372053,1,AD,Passing,
GX020044_L.MP4,4924,37.9735,YA_MAC_Transect 4,2.1088,,9.02,18.265,4225.491,28.346,,,-1878.19,-707.471,-3718.422,YA_MAC,Peter,Pomacentridae,Chromis,viridis,37372053,1,AD,Passing,
GX020044_L.MP4,4924,37.9735,YA_MAC_Transect 4,2.1088,,10.556,16.008,4618.269,31.393,,,-2170.075,-1040.615,-3941.612,YA_MAC,Peter,Pomacentridae,Chromis,viridis,37372053,1,AD,Passing,
GX020044_L.MP4,4924,37.9735,YA_MAC_Transect 4,2.1088,,12.603,17.481,5016.259,30.095,,,-2252.966,-1121.093,-4339.372,YA_MAC,Peter,Pomacentridae,Chromis,viridis,37372053,1,AD,Passing,
GX020044_L.MP4,4924,37.9735,YA_MAC_Transect 4,2.1088,,14.291,17.566,5325.818,28.856,,,-2325.075,-1098.452,-4663.879,YA_MAC,Peter,Pomacentridae,Chromis,viridis,37372053,1,AD,Passing,
GX020044_L.MP4,4924,37.9735,YA_MAC_Transect 4,2.1088,,16.5,10.768,5663.128,27.308,,,-2320.736,-1170.882,-5031.326,YA_MAC,Peter,Pomacentridae,Chromis,viridis,37372053,1,AD,Passing,
GX020044_L.MP4,4924,37.9735,YA_MAC_Transect 4,2.1088,,12.296,13.244,4836.418,25.898,,,-1897.755,-930.41,-4350.15,YA_MAC,Peter,Pomacentridae,Chromis,viridis,37372053,1,AD,Passing,
GX020044_L.MP4,4924,37.9735,YA_MAC_Transect 4,2.1088,,15.352,2.641,5529.392,27.174,,,-2374.704,-861.657,-4918.588,YA_MAC,Peter,Pomacentridae,Chromis,viridis,37372053,1,AD,Passing,
GX020044_L.MP4,4924,37.9735,YA_MAC_Transect 4,2.1088,,14.563,8.666,5309.267,24.758,,,-2102.376,-726.509,-4820.842,YA_MAC,Peter,Pomacentridae,Chromis,viridis,37372053,1,AD,Passing,
GX020044_L.MP4,4924,37.9735,YA_MAC_Transect 4,2.1088,,11.257,6.075,4481.453,15.587,,,-1192.723,-168.408,-4316.535,YA_MAC,Peter,Pomacentridae,Chromis,viridis,37372053,1,AD,Passing,
GX020044_L.MP4,4924,37.9735,YA_MAC_Transect 4,2.1088,,17.738,8.577,5772.541,21.242,,,-1996.564,-625.888,-5379.984,YA_MAC,Peter,Pomacentridae,Chromis,viridis,37372053,1,AD,Passing,
GX020044_L.MP4,4924,37.9735,YA_MAC_Transect 4,2.1088,,17.295,12.388,5575.39,13.835,,,-1317.809,-205.199,-5413.524,YA_MAC,Peter,Pomacentridae,Chromis,viridis,37372053,1,AD,Passing,
GX020044_L.MP4,4924,37.9735,YA_MAC_Transect 4,2.1088,,6.413,4.954,3215.755,11.209,,,132.797,608.967,-3154.775,YA_MAC,Peter,Pomacentridae,Chromis,viridis,37372053,1,AD,Passing,
GX020044_L.MP4,5033,38.0341,YA_MAC_Transect 4,2.1694,65.405,1.151,3.586,867.763,7.61,59.431,5.326,81.706,-80.804,-860.12,YA_MAC,Peter,Pomacentridae,Chromis,atripectoralis,37372036,1,AD,Passing,
GX020044_L.MP4,5068,38.0536,YA_MAC_Transect 4,2.1889,,7.495,4.467,3496.889,9.74,,,203.534,553.478,-3446.805,YA_MAC,Peter,Pomacentridae,Amblyglyphidodon,curacao,37372017,1,AD,Passing,
GX020044_L.MP4,5068,38.0536,YA_MAC_Transect 4,2.1889,,9.08,0.039,3845.704,12.085,,,572.088,564.337,-3760.808,YA_MAC,Peter,Pomacentridae,Amblyglyphidodon,curacao,37372017,1,AD,Passing,
GX020044_L.MP4,5068,38.0536,YA_MAC_Transect 4,2.1889,,4.373,0.522,2621.524,17.912,,,609.113,526.814,-2494.762,YA_MAC,Peter,Pomacentridae,Amblyglyphidodon,curacao,37372017,1,AD,Passing,
GX020044_L.MP4,5068,38.0536,YA_MAC_Transect 4,2.1889,,3.809,1.748,2436.905,10.609,,,-27.49,446.391,-2395.514,YA_MAC,Peter,Pomacentridae,Amblyglyphidodon,curacao,37372017,1,AD,Passing,
GX020044_L.MP4,5068,38.0536,YA_MAC_Transect 4,2.1889,,2.811,4.061,2072.903,10.041,,,-319.304,168.139,-2041.25,YA_MAC,Peter,Pomacentridae,Amblyglyphidodon,curacao,37372017,1,AD,Passing,
GX020044_L.MP4,5068,38.0536,YA_MAC_Transect 4,2.1889,86.465,2.88,2.541,1547.077,13.948,38.99,3.058,-257.803,-269.456,-1501.458,YA_MAC,Peter,Pomacentridae,Pomacentrus,philippinus,37372123,1,AD,Passing,
GX020044_L.MP4,5068,38.0536,YA_MAC_Transect 4,2.1889,,1.531,0.255,1468.216,7.164,,,132.294,125.725,-1456.828,YA_MAC,Peter,Pomacentridae,Chromis,viridis,37372053,1,AD,Passing,
GX020044_L.MP4,5068,38.0536,YA_MAC_Transect 4,2.1889,,1.64,1.31,1524.162,10.533,,,202.069,190.943,-1498.592,YA_MAC,Peter,Pomacentridae,Chromis,viridis,37372053,1,AD,Passing,
GX020044_L.MP4,5068,38.0536,YA_MAC_Transect 4,2.1889,,3.418,3.091,2296.284,8.088,,,138.738,290.425,-2273.615,YA_MAC,Peter,Pomacentridae,Chromis,viridis,37372053,1,AD,Passing,
GX020044_L.MP4,5068,38.0536,YA_MAC_Transect 4,2.1889,,2.084,1.849,1754.532,18.49,,,430.861,351.134,-1664.165,YA_MAC,Peter,Pomacentridae,Chromis,viridis,37372053,1,AD,Passing,
GX020044_L.MP4,5068,38.0536,YA_MAC_Transect 4,2.1889,,8.625,0.021,3740.299,16.004,,,777.892,674.906,-3595.723,YA_MAC,Peter,Pomacentridae,Chromis,viridis,37372053,1,AD,Passing,
GX020044_L.MP4,5068,38.0536,YA_MAC_Transect 4,2.1889,,5.227,0.148,2874.213,11.996,,,258.823,536.76,-2811.761,YA_MAC,Peter,Pomacentridae,Chromis,viridis,37372053,1,AD,Passing,
GX020044_L.MP4,5068,38.0536,YA_MAC_Transect 4,2.1889,,7.555,4.504,3519.162,21.118,,,934.984,854.505,-3283.31,YA_MAC,Peter,Pomacentridae,Chromis,viridis,37372053,1,AD,Passing,
GX020044_L.MP4,5068,38.0536,YA_MAC_Transect 4,2.1889,,8.432,4.632,3969.501,29.405,,,1758.247,838.816,-3458.598,YA_MAC,Peter,Pomacentridae,Chromis,viridis,37372053,1,AD,Passing,
GX020044_L.MP4,5068,38.0536,YA_MAC_Transect 4,2.1889,,4.952,2.445,2807.222,13.248,,,-332.334,549.226,-2732.837,YA_MAC,Peter,Pomacentridae,Chromis,viridis,37372053,1,AD,Passing,
GX020044_L.MP4,5068,38.0536,YA_MAC_Transect 4,2.1889,,5.943,0.183,3095.47,11.393,,,-200.494,575.893,-3034.812,YA_MAC,Peter,Pomacentridae,Chromis,viridis,37372053,1,AD,Passing,
GX020044_L.MP4,5068,38.0536,YA_MAC_Transect 4,2.1889,,3.523,0.116,2359.143,13.49,,,-494.119,240.946,-2294.199,YA_MAC,Peter,Pomacentridae,Chromis,viridis,37372053,1,AD,Passing,
GX020044_L.MP4,5068,38.0536,YA_MAC_Transect 4,2.1889,,2.145,0.911,1779.409,12.153,,,-180.737,327.112,-1739.721,YA_MAC,Peter,Pomacentridae,Chromis,viridis,37372053,1,AD,Passing,
GX020044_L.MP4,5068,38.0536,YA_MAC_Transect 4,2.1889,,5.406,0.93,2940.355,12.928,,,-276.88,595.056,-2866.17,YA_MAC,Peter,Pomacentridae,Chromis,viridis,37372053,1,AD,Passing,
GX020044_L.MP4,5068,38.0536,YA_MAC_Transect 4,2.1889,,4.042,2.06,2513.113,11.899,,,49.982,514.337,-2459.409,YA_MAC,Peter,Pomacentridae,Chromis,viridis,37372053,1,AD,Passing,
GX020044_L.MP4,5068,38.0536,YA_MAC_Transect 4,2.1889,,4.157,2.139,2700.892,21.364,,,-973.831,138.965,-2515.384,YA_MAC,Peter,Pomacentridae,Chromis,viridis,37372053,1,AD,Passing,
GX020044_L.MP4,5068,38.0536,YA_MAC_Transect 4,2.1889,,3.926,1.584,2654.351,23.051,,,-1039.153,16.065,-2442.434,YA_MAC,Peter,Pomacentridae,Chromis,viridis,37372053,1,AD,Passing,
GX020044_L.MP4,5068,38.0536,YA_MAC_Transect 4,2.1889,,5.491,2.14,2979.924,11.102,,,-420.683,388.532,-2924.383,YA_MAC,Peter,Pomacentridae,Chromis,viridis,37372053,1,AD,Passing,
GX020044_L.MP4,5068,38.0536,YA_MAC_Transect 4,2.1889,,4.531,4.854,2695.072,10.617,,,-420.902,261.88,-2649.089,YA_MAC,Peter,Pomacentridae,Chromis,viridis,37372053,1,AD,Passing,
GX020044_L.MP4,5068,38.0536,YA_MAC_Transect 4,2.1889,,3.575,0.917,2360.864,7.543,,,-95.919,293.319,-2340.607,YA_MAC,Peter,Pomacentridae,Chromis,viridis,37372053,1,AD,Passing,
GX020044_L.MP4,5232,38.1448,YA_MAC_Transect 4,2.2801,70.649,1.282,1.843,929.109,12.557,59.307,6.52,-48.309,-196.132,-906.885,YA_MAC,Peter,Pomacentridae,Pomacentrus,callainus,temp_code_004,1,AD,Passing,
GX020044_L.MP4,5232,38.1448,YA_MAC_Transect 4,2.2801,,1.703,0.508,1564.111,10.369,,,-179.04,-218.139,-1538.442,YA_MAC,Peter,Pomacentridae,Pomacentrus,moluccensis,37372118,1,AD,Passing,
GX020044_L.MP4,5232,38.1448,YA_MAC_Transect 4,2.2801,,2.042,2.084,1730.989,6.251,,,26.116,-187.676,-1720.586,YA_MAC,Peter,Pomacentridae,Pomacentrus,moluccensis,37372118,1,AD,Passing,
GX020044_L.MP4,5232,38.1448,YA_MAC_Transect 4,2.2801,61.752,1.774,2.113,1601.966,17.106,17.208,39.298,127.341,453.673,-1531.098,YA_MAC,Peter,Pomacentridae,Chromis,viridis,37372053,1,AD,Passing,
GX020044_L.MP4,5232,38.1448,YA_MAC_Transect 4,2.2801,,1.126,1.043,1235.724,16.355,,,-308.402,160.46,-1185.814,YA_MAC,Peter,Pomacentridae,Chromis,viridis,37372053,1,AD,Passing,
GX020044_L.MP4,5232,38.1448,YA_MAC_Transect 4,2.2801,,1.332,4,1367.023,17.171,,,-306.289,262.044,-1306.244,YA_MAC,Peter,Pomacentridae,Chromis,viridis,37372053,1,AD,Passing,
GX020044_L.MP4,5232,38.1448,YA_MAC_Transect 4,2.2801,,1.269,0.013,1342.275,20.796,,,-426.272,212.354,-1254.95,YA_MAC,Peter,Pomacentridae,Chromis,viridis,37372053,1,AD,Passing,
GX020044_L.MP4,5232,38.1448,YA_MAC_Transect 4,2.2801,,1.185,0.056,1271.409,13.715,,,-235.846,187.009,-1235.267,YA_MAC,Peter,Pomacentridae,Chromis,viridis,37372053,1,AD,Passing,
GX020044_L.MP4,5232,38.1448,YA_MAC_Transect 4,2.2801,,1.355,2.207,1372.809,11.961,,,-195.549,205.86,-1343.125,YA_MAC,Peter,Pomacentridae,Chromis,viridis,37372053,1,AD,Passing,
GX020044_L.MP4,5232,38.1448,YA_MAC_Transect 4,2.2801,,1.434,1.624,1419.248,12.294,,,-174.1,246.189,-1386.847,YA_MAC,Peter,Pomacentridae,Chromis,viridis,37372053,1,AD,Passing,
GX020044_L.MP4,5232,38.1448,YA_MAC_Transect 4,2.2801,,1.623,0.011,1522,11.01,,,-134.19,256.967,-1494.137,YA_MAC,Peter,Pomacentridae,Chromis,viridis,37372053,1,AD,Passing,
GX020044_L.MP4,5232,38.1448,YA_MAC_Transect 4,2.2801,,1.749,0.156,1588.409,10.402,,,-65.411,278.32,-1562.467,YA_MAC,Peter,Pomacentridae,Chromis,viridis,37372053,1,AD,Passing,
GX020044_L.MP4,5232,38.1448,YA_MAC_Transect 4,2.2801,,1.537,1.568,1475.874,10.117,,,-113.291,232.338,-1453.062,YA_MAC,Peter,Pomacentridae,Chromis,viridis,37372053,1,AD,Passing,
GX020044_L.MP4,5232,38.1448,YA_MAC_Transect 4,2.2801,,1.539,4.55,1476.985,12.333,,,-292.412,-119.269,-1442.828,YA_MAC,Peter,Pomacentridae,Chromis,viridis,37372053,1,AD,Passing,
GX020044_L.MP4,5232,38.1448,YA_MAC_Transect 4,2.2801,,1.802,4.358,1622.993,14.5,,,-378.172,-149.659,-1571.208,YA_MAC,Peter,Pomacentridae,Chromis,viridis,37372053,1,AD,Passing,
GX020044_L.MP4,5232,38.1448,YA_MAC_Transect 4,2.2801,,2.068,4.439,1755.308,13.702,,,-402.015,-107.165,-1705.288,YA_MAC,Peter,Pomacentridae,Chromis,viridis,37372053,1,AD,Passing,
GX020044_L.MP4,5232,38.1448,YA_MAC_Transect 4,2.2801,,2.384,1.815,1901.934,14.629,,,-422.32,-229.937,-1840.143,YA_MAC,Peter,Pomacentridae,Chromis,viridis,37372053,1,AD,Passing,
GX020044_L.MP4,5232,38.1448,YA_MAC_Transect 4,2.2801,,2.092,2.163,1760.727,13.931,,,-320.848,-278.033,-1708.775,YA_MAC,Peter,Pomacentridae,Chromis,viridis,37372053,1,AD,Passing,
GX020044_L.MP4,5232,38.1448,YA_MAC_Transect 4,2.2801,,2.079,0.277,1749.673,10.048,,,-235.121,-195.714,-1722.722,YA_MAC,Peter,Pomacentridae,Chromis,viridis,37372053,1,AD,Passing,
GX020044_L.MP4,5232,38.1448,YA_MAC_Transect 4,2.2801,,2.548,0.716,1960.759,10.559,,,-275.118,-232.209,-1927.424,YA_MAC,Peter,Pomacentridae,Chromis,viridis,37372053,1,AD,Passing,
GX020044_L.MP4,5232,38.1448,YA_MAC_Transect 4,2.2801,,3.172,1.422,2214.647,9.628,,,-292.798,-228.155,-2183.318,YA_MAC,Peter,Pomacentridae,Chromis,viridis,37372053,1,AD,Passing,
GX020044_L.MP4,5232,38.1448,YA_MAC_Transect 4,2.2801,,2.184,7.278,1798.347,7.457,,,-138.106,-189.199,-1783.026,YA_MAC,Peter,Pomacentridae,Chromis,viridis,37372053,1,AD,Passing,
GX020044_L.MP4,5232,38.1448,YA_MAC_Transect 4,2.2801,,2.109,1.702,1763.562,6.939,,,-159.029,-142.821,-1750.561,YA_MAC,Peter,Pomacentridae,Chromis,viridis,37372053,1,AD,Passing,
GX020044_L.MP4,5232,38.1448,YA_MAC_Transect 4,2.2801,,2.298,0.542,1851.195,5.752,,,-99.84,-157.457,-1841.782,YA_MAC,Peter,Pomacentridae,Chromis,viridis,37372053,1,AD,Passing,
GX020044_L.MP4,5232,38.1448,YA_MAC_Transect 4,2.2801,,2.388,4.02,1884.568,6.346,,,176.836,-111.202,-1872.955,YA_MAC,Peter,Pomacentridae,Chromis,viridis,37372053,1,AD,Passing,
GX020044_L.MP4,5232,38.1448,YA_MAC_Transect 4,2.2801,,1.91,0.571,1673.952,14.277,,,-324.689,-255.866,-1622.105,YA_MAC,Peter,Pomacentridae,Chromis,viridis,37372053,1,AD,Passing,
GX020044_L.MP4,5232,38.1448,YA_MAC_Transect 4,2.2801,,1.982,0.25,1729.201,18.05,,,-474.866,-249.118,-1643.953,YA_MAC,Peter,Pomacentridae,Chromis,viridis,37372053,1,AD,Passing,
GX020044_L.MP4,5285,38.1742,YA_MAC_Transect 4,2.3095,250.257,14.114,5.416,3320.745,16.471,44.814,7.453,819.886,462.892,-3184.473,YA_MAC,Peter,Kyphosidae,Kyphosus,cinerascens,37361022,1,AD,Passing,
GX020044_L.MP4,5285,38.1742,YA_MAC_Transect 4,2.3095,,18.367,0.736,5766.041,2.598,,,-213.841,146.992,-5760.199,YA_MAC,Peter,Kyphosidae,Kyphosus,cinerascens,37361022,1,AD,Passing,
GX020044_L.MP4,5285,38.1742,YA_MAC_Transect 4,2.3095,,8.031,0.839,3679.957,7.005,,,-386.805,225.424,-3652.622,YA_MAC,Peter,Kyphosidae,Kyphosus,cinerascens,37361022,1,AD,Passing,
GX020044_L.MP4,5285,38.1742,YA_MAC_Transect 4,2.3095,,17.702,0.592,5652.985,3.154,,,-310.966,3.431,-5644.424,YA_MAC,Peter,Kyphosidae,Kyphosus,cinerascens,37361022,1,AD,Passing,
GX020044_L.MP4,5285,38.1742,YA_MAC_Transect 4,2.3095,,15.835,0.428,5277.136,6.937,,,-579.166,-269.195,-5238.345,YA_MAC,Peter,Kyphosidae,Kyphosus,cinerascens,37361022,1,AD,Passing,
GX020044_L.MP4,5285,38.1742,YA_MAC_Transect 4,2.3095,,6.367,5.616,3255.951,7.904,,,-438.538,-92.132,-3224.967,YA_MAC,Peter,Kyphosidae,Kyphosus,cinerascens,37361022,1,AD,Passing,
GX020044_L.MP4,5285,38.1742,YA_MAC_Transect 4,2.3095,,6.947,8.469,3417.75,9.337,,,-553.774,26.558,-3372.483,YA_MAC,Peter,Kyphosidae,Kyphosus,cinerascens,37361022,1,AD,Passing,
GX020044_L.MP4,5285,38.1742,YA_MAC_Transect 4,2.3095,,8.706,0.676,3855.892,9.153,,,-608.216,77.106,-3806.84,YA_MAC,Peter,Kyphosidae,Kyphosus,cinerascens,37361022,1,AD,Passing,
GX020044_L.MP4,5285,38.1742,YA_MAC_Transect 4,2.3095,,9.553,8.834,4046.951,10.877,,,-733.782,-213.894,-3974.119,YA_MAC,Peter,Kyphosidae,Kyphosus,cinerascens,37361022,1,AD,Passing,
GX020044_L.MP4,5285,38.1742,YA_MAC_Transect 4,2.3095,,12.257,5.878,4659.41,13.377,,,-1076.048,-67.094,-4532.96,YA_MAC,Peter,Kyphosidae,Kyphosus,cinerascens,37361022,1,AD,Passing,
GX020044_L.MP4,5285,38.1742,YA_MAC_Transect 4,2.3095,,18.235,0.752,5669.667,7.841,,,-701.372,322.908,-5616.844,YA_MAC,Peter,Kyphosidae,Kyphosus,cinerascens,37361022,1,AD,Passing,
GX020044_L.MP4,5285,38.1742,YA_MAC_Transect 4,2.3095,,8.221,2.873,3751.394,11.273,,,-733.306,-7.912,-3679.016,YA_MAC,Peter,Kyphosidae,Kyphosus,cinerascens,37361022,1,AD,Passing,
GX020044_L.MP4,5285,38.1742,YA_MAC_Transect 4,2.3095,,17.24,0.141,5636.073,16.374,,,-1588.259,38.956,-5407.516,YA_MAC,Peter,Kyphosidae,Kyphosus,cinerascens,37361022,1,AD,Passing,
GX020044_L.MP4,5285,38.1742,YA_MAC_Transect 4,2.3095,,10.441,4.126,4249.463,8.744,,,-645.848,-16.141,-4200.066,YA_MAC,Peter,Kyphosidae,Kyphosus,cinerascens,37361022,1,AD,Passing,
GX020044_L.MP4,5285,38.1742,YA_MAC_Transect 4,2.3095,,6.869,5.519,3433.412,15.871,,,-902.02,-262.618,-3302.38,YA_MAC,Peter,Kyphosidae,Kyphosus,cinerascens,37361022,1,AD,Passing,
GX020044_L.MP4,5285,38.1742,YA_MAC_Transect 4,2.3095,,9.6,3.887,4159.481,19.873,,,-1338.017,-459.429,-3911.511,YA_MAC,Peter,Kyphosidae,Kyphosus,cinerascens,37361022,1,AD,Passing,
GX020044_L.MP4,17348,44.8826,YA_MAC_Transect 5,0.1479,95.617,5.425,16.242,2051.597,23.358,58.192,14.192,-458.608,-671.795,-1883.459,YA_MAC,Peter,Pomacentridae,Neoglyphidodon,carlsoni,temp_code_008,1,AD,Passing,
GX020044_L.MP4,17406,44.9149,YA_MAC_Transect 5,0.1802,48.204,2.449,5.884,2609.231,2.239,5.534,29.845,99.213,-23.351,-2607.239,YA_MAC,Peter,Pomacentridae,Pomacentrus,moluccensis,37372118,1,AD,Passing,
GX020044_L.MP4,17406,44.9149,YA_MAC_Transect 5,0.1802,,10.125,1.293,4582.006,28.774,,,-2165.068,418.35,-4016.496,YA_MAC,Peter,Pomacentridae,Chromis,viridis,37372053,1,AD,Passing,
GX020044_L.MP4,17406,44.9149,YA_MAC_Transect 5,0.1802,,5.25,3.088,3072.013,23.536,,,-1147.423,432.305,-2816.7,YA_MAC,Peter,Pomacentridae,Chromis,viridis,37372053,1,AD,Passing,
GX020044_L.MP4,17406,44.9149,YA_MAC_Transect 5,0.1802,,8.718,1.49,3934.456,19.547,,,-1227.931,472.172,-3707.989,YA_MAC,Peter,Pomacentridae,Chromis,viridis,37372053,1,AD,Passing,
GX020044_L.MP4,17406,44.9149,YA_MAC_Transect 5,0.1802,,9.715,2.654,4233.104,19.912,,,-1425.284,214.48,-3980.167,YA_MAC,Peter,Pomacentridae,Chromis,viridis,37372053,1,AD,Passing,
GX020044_L.MP4,17406,44.9149,YA_MAC_Transect 5,0.1802,,10.846,0.83,4606.505,23.698,,,-1837.474,224.57,-4218.192,YA_MAC,Peter,Pomacentridae,Chromis,viridis,37372053,1,AD,Passing,
GX020044_L.MP4,17406,44.9149,YA_MAC_Transect 5,0.1802,,11.214,2.749,4407.987,3.712,,,188.31,211.862,-4398.864,YA_MAC,Peter,Pomacentridae,Chromis,viridis,37372053,1,AD,Passing,
GX020044_L.MP4,17406,44.9149,YA_MAC_Transect 5,0.1802,,13.704,3.01,4932.134,2.428,,,-63.696,196.161,-4927.82,YA_MAC,Peter,Pomacentridae,Chromis,viridis,37372053,1,AD,Passing,
GX020044_L.MP4,17406,44.9149,YA_MAC_Transect 5,0.1802,,14.399,8.823,5059.452,3.522,,,-277.888,136.18,-5049.979,YA_MAC,Peter,Pomacentridae,Chromis,viridis,37372053,1,AD,Passing,
GX020044_L.MP4,17406,44.9149,YA_MAC_Transect 5,0.1802,,11.256,0.921,4624.576,22.394,,,-1720.897,374.995,-4276.049,YA_MAC,Peter,Pomacentridae,Chromis,viridis,37372053,1,AD,Passing,
GX020044_L.MP4,17406,44.9149,YA_MAC_Transect 5,0.1802,,12.551,0.482,4782.174,18.21,,,-1460.263,315.217,-4542.847,YA_MAC,Peter,Pomacentridae,Chromis,viridis,37372053,1,AD,Passing,
GX020044_L.MP4,17417,44.921,YA_MAC_Transect 5,0.1863,98.151,3.241,4.076,1449.624,20.716,75.878,11.636,508.393,-67.041,-1355.896,YA_MAC,Peter,Pomacentridae,Stegastes,nigricans,37372135,1,AD,Passing,
GX020044_L.MP4,17482,44.9571,YA_MAC_Transect 5,0.2224,88.49,2.489,6.731,1657.58,21.959,27.956,28.693,564.717,255.53,-1537.326,YA_MAC,Peter,Pomacentridae,Amblyglyphidodon,curacao,37372017,1,AD,Passing,
GX020044_L.MP4,17482,44.9571,YA_MAC_Transect 5,0.2224,67.886,4.476,4.256,1776.338,2.996,52.455,27.471,62.594,68.567,-1773.91,YA_MAC,Peter,Pomacentridae,Pomacentrus,maafu,temp_code_005,1,AD,Passing,
GX020044_L.MP4,17482,44.9571,YA_MAC_Transect 5,0.2224,,10.427,4.612,4196.783,8.534,,,-391.728,481.75,-4150.597,YA_MAC,Peter,Pomacentridae,Chromis,viridis,37372053,1,AD,Passing,
GX020044_L.MP4,17482,44.9571,YA_MAC_Transect 5,0.2224,,10.096,9.011,4139.378,7.211,,,-312.271,412.892,-4106.88,YA_MAC,Peter,Pomacentridae,Chromis,viridis,37372053,1,AD,Passing,
GX020044_L.MP4,17482,44.9571,YA_MAC_Transect 5,0.2224,,9.074,3.197,3917.122,6.063,,,-41.979,409.319,-3895.451,YA_MAC,Peter,Pomacentridae,Chromis,viridis,37372053,1,AD,Passing,
GX020044_L.MP4,17482,44.9571,YA_MAC_Transect 5,0.2224,,10.633,3.082,4239.473,8.193,,,-285.885,529.814,-4196.511,YA_MAC,Peter,Pomacentridae,Chromis,viridis,37372053,1,AD,Passing,
GX020044_L.MP4,17482,44.9571,YA_MAC_Transect 5,0.2224,,8.133,8.68,3669.476,9.094,,,-82.196,572.006,-3623.687,YA_MAC,Peter,Pomacentridae,Chromis,viridis,37372053,1,AD,Passing,
GX020044_L.MP4,17482,44.9571,YA_MAC_Transect 5,0.2224,,9.378,2.656,3964.755,6.867,,,320.238,347.187,-3936.52,YA_MAC,Peter,Pomacentridae,Chromis,viridis,37372053,1,AD,Passing,
GX020044_L.MP4,17594,45.0194,YA_MAC_Transect 5,0.2847,,3.361,2.466,2413.835,21.998,,,-903.638,29.359,-2238.118,YA_MAC,Peter,Pomacentridae,Amblyglyphidodon,curacao,37372017,1,AD,Passing,
GX020044_L.MP4,17594,45.0194,YA_MAC_Transect 5,0.2847,92.992,5.933,5.291,2255.687,27.683,64.395,22.213,989.815,-344.184,-1997.48,YA_MAC,Peter,Pomacentridae,Chromis,viridis,37372053,1,AD,Passing,
GX020044_L.MP4,17594,45.0194,YA_MAC_Transect 5,0.2847,65.096,3.582,3.287,2528.272,8.422,12.489,10.906,272.628,-250.61,-2501.005,YA_MAC,Peter,Pomacentridae,Chromis,viridis,37372053,1,AD,Passing,
GX020044_L.MP4,17594,45.0194,YA_MAC_Transect 5,0.2847,63.122,3.539,4.585,2194.605,8.108,21.289,26.634,132.57,279.707,-2172.667,YA_MAC,Peter,Pomacentridae,Chromis,viridis,37372053,1,AD,Passing,
GX020044_L.MP4,17594,45.0194,YA_MAC_Transect 5,0.2847,74.86,5.717,2.783,2284.621,13.413,34.137,5.87,321.404,421.355,-2222.308,YA_MAC,Peter,Pomacentridae,Chromis,viridis,37372053,1,AD,Passing,
GX020044_L.MP4,17594,45.0194,YA_MAC_Transect 5,0.2847,,3.579,6.248,2517.58,28.808,,,1106.718,-498.174,-2205.722,YA_MAC,Peter,Pomacentridae,Chromis,viridis,37372053,1,AD,Passing,
GX020044_L.MP4,17594,45.0194,YA_MAC_Transect 5,0.2847,,3.942,5.61,2527.136,20.645,,,806.557,-380.007,-2364.631,YA_MAC,Peter,Pomacentridae,Chromis,viridis,37372053,1,AD,Passing,
GX020044_L.MP4,17594,45.0194,YA_MAC_Transect 5,0.2847,,4.286,0.844,2580.986,13.098,,,356.068,-465.483,-2513.569,YA_MAC,Peter,Pomacentridae,Chromis,viridis,37372053,1,AD,Passing,
GX020044_L.MP4,17594,45.0194,YA_MAC_Transect 5,0.2847,,5.254,4.555,2879.684,12.135,,,356.783,-490.664,-2815.055,YA_MAC,Peter,Pomacentridae,Chromis,viridis,37372053,1,AD,Passing,
GX020044_L.MP4,17594,45.0194,YA_MAC_Transect 5,0.2847,,5.365,0.57,2913.726,13.964,,,536.555,-456.079,-2827.349,YA_MAC,Peter,Pomacentridae,Chromis,viridis,37372053,1,AD,Passing,
GX020044_L.MP4,17594,45.0194,YA_MAC_Transect 5,0.2847,,5.104,5.707,2840.251,15.202,,,581.919,-466.413,-2740.594,YA_MAC,Peter,Pomacentridae,Chromis,viridis,37372053,1,AD,Passing,
GX020044_L.MP4,17594,45.0194,YA_MAC_Transect 5,0.2847,,4.512,2.535,2679.37,16.574,,,682.671,-345.2,-2567.843,YA_MAC,Peter,Pomacentridae,Chromis,viridis,37372053,1,AD,Passing,
GX020044_L.MP4,17594,45.0194,YA_MAC_Transect 5,0.2847,,3.103,3.921,2173.483,9.552,,,314.995,-176.94,-2143.245,YA_MAC,Peter,Pomacentridae,Chromis,viridis,37372053,1,AD,Passing,
GX020044_L.MP4,17594,45.0194,YA_MAC_Transect 5,0.2847,,5.672,0.414,3017.688,8.592,,,267.432,-364.708,-2983.607,YA_MAC,Peter,Pomacentridae,Chromis,viridis,37372053,1,AD,Passing,
GX020044_L.MP4,17594,45.0194,YA_MAC_Transect 5,0.2847,,2.176,0.107,1795.085,15.638,,,469.219,-119.169,-1728.572,YA_MAC,Peter,Pomacentridae,Chromis,viridis,37372053,1,AD,Passing,
GX020044_L.MP4,17594,45.0194,YA_MAC_Transect 5,0.2847,,2.73,0.403,2027.407,8.254,,,283.36,-67.621,-2006.369,YA_MAC,Peter,Pomacentridae,Chromis,viridis,37372053,1,AD,Passing,
GX020044_L.MP4,17594,45.0194,YA_MAC_Transect 5,0.2847,,3.387,0.837,2286.182,7.89,,,313.395,15.434,-2264.547,YA_MAC,Peter,Pomacentridae,Chromis,viridis,37372053,1,AD,Passing,
GX020044_L.MP4,17594,45.0194,YA_MAC_Transect 5,0.2847,,7.896,3.004,3655.685,13.192,,,-768.163,-327.574,-3559.024,YA_MAC,Peter,Pomacentridae,Chromis,viridis,37372053,1,AD,Passing,
GX020044_L.MP4,17594,45.0194,YA_MAC_Transect 5,0.2847,,5.148,2.582,2962.988,17.118,,,-858.305,152.948,-2831.823,YA_MAC,Peter,Pomacentridae,Chromis,viridis,37372053,1,AD,Passing,
GX020044_L.MP4,17594,45.0194,YA_MAC_Transect 5,0.2847,,7.232,2.59,3603.367,19.928,,,-1195.764,278.151,-3387.777,YA_MAC,Peter,Pomacentridae,Chromis,viridis,37372053,1,AD,Passing,
GX020044_L.MP4,17594,45.0194,YA_MAC_Transect 5,0.2847,,2.792,0.898,2053.641,11.842,,,98.099,408.667,-2010.177,YA_MAC,Peter,Pomacentridae,Chromis,viridis,37372053,1,AD,Passing,
GX020044_L.MP4,17594,45.0194,YA_MAC_Transect 5,0.2847,,7.726,1.739,3600.478,17.736,,,-861.269,677.11,-3429.749,YA_MAC,Peter,Pomacentridae,Chromis,viridis,37372053,1,AD,Passing,
GX020044_L.MP4,17710,45.0839,YA_MAC_Transect 5,0.3492,68.239,1.612,1.822,1238.126,19.816,38.36,24.814,109.187,-405.266,-1164.815,YA_MAC,Peter,Pomacentridae,Chromis,atripectoralis,37372036,1,AD,Passing,
GX020044_L.MP4,17710,45.0839,YA_MAC_Transect 5,0.3492,59.382,1.184,8.812,1310.005,21.192,15.061,21.969,-111.053,-460.346,-1221.419,YA_MAC,Peter,Pomacentridae,Chromis,atripectoralis,37372036,1,AD,Passing,
GX020044_L.MP4,17710,45.0839,YA_MAC_Transect 5,0.3492,,2.099,0.671,1761.965,13.624,,,-200.349,-364.469,-1712.175,YA_MAC,Peter,Pomacentridae,Chromis,atripectoralis,37372036,1,AD,Passing,
GX020044_L.MP4,17710,45.0839,YA_MAC_Transect 5,0.3492,,2.57,1.896,1970.458,10.766,,,-285.217,-233.789,-1935.64,YA_MAC,Peter,Pomacentridae,Chromis,atripectoralis,37372036,1,AD,Passing,
GX020044_L.MP4,17710,45.0839,YA_MAC_Transect 5,0.3492,,3.344,3.43,2276.076,7.588,,,-108.882,278.825,-2256.307,YA_MAC,Peter,Pomacentridae,Chromis,atripectoralis,37372036,1,AD,Passing,
GX020044_L.MP4,17710,45.0839,YA_MAC_Transect 5,0.3492,,7.001,2.686,3437.388,11.023,,,-652.17,79.629,-3374.014,YA_MAC,Peter,Pomacentridae,Chromis,atripectoralis,37372036,1,AD,Passing,
GX020044_L.MP4,17710,45.0839,YA_MAC_Transect 5,0.3492,,3.278,1.447,2313.09,17.124,,,-681.05,-5.26,-2210.549,YA_MAC,Peter,Pomacentridae,Chromis,atripectoralis,37372036,1,AD,Passing,
GX020044_L.MP4,17781,45.1234,YA_MAC_Transect 5,0.3887,57.072,1.845,1.327,1279.013,13.284,33.022,2.384,235.669,-175.573,-1244.792,YA_MAC,Peter,Pomacentridae,Chromis,viridis,37372053,1,AD,Passing,
GX020044_L.MP4,17781,45.1234,YA_MAC_Transect 5,0.3887,58.226,1.179,2.153,1396,6.432,6.833,9.213,97.095,-122.585,-1387.213,YA_MAC,Peter,Pomacentridae,Chromis,viridis,37372053,1,AD,Passing,
GX020044_L.MP4,17781,45.1234,YA_MAC_Transect 5,0.3887,52.139,4.134,4.178,1983.356,1.536,52.004,50.803,40.081,-34.913,-1982.643,YA_MAC,Peter,Pomacentridae,Chromis,viridis,37372053,1,AD,Passing,
GX020044_L.MP4,17781,45.1234,YA_MAC_Transect 5,0.3887,62.101,5.773,2.449,2179.769,6.957,48.09,35.347,-247.677,-91.444,-2163.721,YA_MAC,Peter,Pomacentridae,Chromis,viridis,37372053,1,AD,Passing,
GX020044_L.MP4,17781,45.1234,YA_MAC_Transect 5,0.3887,,2.334,0.477,1874.966,16.673,,,533.731,-68.228,-1796.099,YA_MAC,Peter,Pomacentridae,Chromis,viridis,37372053,1,AD,Passing,
GX020044_L.MP4,17781,45.1234,YA_MAC_Transect 5,0.3887,,2.401,0.77,1916.118,18.318,,,595.731,-89.237,-1818.969,YA_MAC,Peter,Pomacentridae,Chromis,viridis,37372053,1,AD,Passing,
GX020044_L.MP4,17781,45.1234,YA_MAC_Transect 5,0.3887,,2.579,2.818,2011.141,19.999,,,681.409,-94.784,-1889.811,YA_MAC,Peter,Pomacentridae,Chromis,viridis,37372053,1,AD,Passing,
GX020044_L.MP4,17781,45.1234,YA_MAC_Transect 5,0.3887,,1.817,2.567,1640.716,19.864,,,539.891,-139.945,-1543.011,YA_MAC,Peter,Pomacentridae,Chromis,viridis,37372053,1,AD,Passing,
GX020044_L.MP4,17781,45.1234,YA_MAC_Transect 5,0.3887,,1.98,2.439,1721.111,19.16,,,555.689,-102.399,-1625.715,YA_MAC,Peter,Pomacentridae,Chromis,viridis,37372053,1,AD,Passing,
GX020044_L.MP4,17781,45.1234,YA_MAC_Transect 5,0.3887,,2.12,1.864,1765.762,14.966,,,439.487,-122.574,-1705.797,YA_MAC,Peter,Pomacentridae,Chromis,viridis,37372053,1,AD,Passing,
GX020044_L.MP4,17781,45.1234,YA_MAC_Transect 5,0.3887,,2.119,3.363,1772.484,16.62,,,490.588,-128.805,-1698.361,YA_MAC,Peter,Pomacentridae,Chromis,viridis,37372053,1,AD,Passing,
GX020044_L.MP4,17781,45.1234,YA_MAC_Transect 5,0.3887,,2.148,1.64,1781.534,15.822,,,461.521,-152.446,-1713.949,YA_MAC,Peter,Pomacentridae,Chromis,viridis,37372053,1,AD,Passing,
GX020044_L.MP4,17781,45.1234,YA_MAC_Transect 5,0.3887,,2.236,0.829,1835.68,18.367,,,551.148,-176.531,-1742.066,YA_MAC,Peter,Pomacentridae,Chromis,viridis,37372053,1,AD,Passing,
GX020044_L.MP4,17781,45.1234,YA_MAC_Transect 5,0.3887,,2.11,1.949,1777.237,18.348,,,539.121,-150.477,-1686.795,YA_MAC,Peter,Pomacentridae,Chromis,viridis,37372053,1,AD,Passing,
GX020044_L.MP4,17781,45.1234,YA_MAC_Transect 5,0.3887,,2.395,1.128,1948.259,21.909,,,720.603,-97.015,-1807.494,YA_MAC,Peter,Pomacentridae,Chromis,viridis,37372053,1,AD,Passing,
GX020044_L.MP4,17781,45.1234,YA_MAC_Transect 5,0.3887,,1.993,5.406,1731.318,19.465,,,575.877,-35.785,-1632.344,YA_MAC,Peter,Pomacentridae,Chromis,viridis,37372053,1,AD,Passing,
GX020044_L.MP4,17781,45.1234,YA_MAC_Transect 5,0.3887,,1.238,0.294,1323.388,22.347,,,502.741,20.337,-1224.008,YA_MAC,Peter,Pomacentridae,Chromis,viridis,37372053,1,AD,Passing,
GX020044_L.MP4,17781,45.1234,YA_MAC_Transect 5,0.3887,,5.438,19.842,3225.367,29.643,,,-1425.114,-718.439,-2802.836,YA_MAC,Peter,Pomacentridae,Chromis,viridis,37372053,1,AD,Passing,
GX020044_L.MP4,17781,45.1234,YA_MAC_Transect 5,0.3887,,8.13,9.9,3960.605,27.499,,,-1679.868,-724.756,-3512.715,YA_MAC,Peter,Pomacentridae,Chromis,viridis,37372053,1,AD,Passing,
GX020044_L.MP4,17954,45.2196,YA_MAC_Transect 5,0.4849,,6.678,15.694,3455.561,27.436,,,-1145.086,-1108.024,-3066.262,YA_MAC,Peter,Labridae,Epibulus,insidiator,37384104,1,AD,Passing,
GX020044_L.MP4,17961,45.2235,YA_MAC_Transect 5,0.4888,244.097,7.524,10.978,4542.371,13.19,7.042,24.101,453.366,-932.086,-4422.534,YA_MAC,Peter,Scaridae,Scarus,schlegeli,37386029,1,AD,Passing,
GX020044_L.MP4,18072,45.2852,YA_MAC_Transect 5,0.5506,108.644,6.228,3.727,3140.108,26.137,12.208,21.698,1079.876,-864.449,-2819.019,YA_MAC,Peter,Acanthuridae,Acanthurus,sp,,1,AD,Passing,
GX020044_L.MP4,18072,45.2852,YA_MAC_Transect 5,0.5506,89.627,6.296,9.154,3062.155,27.214,14.664,23.06,1177.122,-758.553,-2723.193,YA_MAC,Peter,Acanthuridae,Acanthurus,sp,,1,AD,Passing,
GX020044_L.MP4,18117,45.3103,YA_MAC_Transect 5,0.5756,,5.87,1.568,3076.151,15.128,,,-181.273,-783.798,-2969.092,YA_MAC,Peter,Nemipteridae,Scolopsis,bilineata,37347031,1,AD,Passing,
GX020044_L.MP4,18117,45.3103,YA_MAC_Transect 5,0.5756,,5.611,2.21,3024.229,19.638,,,-217.536,-994.468,-2847.749,YA_MAC,Peter,Pomacentridae,Pomacentrus,coelestis,37372111,1,AD,Passing,
GX020044_L.MP4,18170,45.3397,YA_MAC_Transect 5,0.605,,4.761,7.375,2777.713,20.55,,,-449.219,-866.937,-2600.444,YA_MAC,Peter,Chaetodontidae,Chaetodon,lunulatus,37365059,1,AD,Passing,
GX020044_L.MP4,18226,45.3709,YA_MAC_Transect 5,0.6362,,6.698,4.202,3622.873,28.757,,,1736.122,152.148,-3176.151,YA_MAC,Peter,Labridae,Cheilinus,trilobatus,37384044,1,AD,Passing,
GX020044_L.MP4,18235,45.3759,YA_MAC_Transect 5,0.6412,,5.964,4.172,3319.966,25.749,,,1430.852,179.347,-2990.43,YA_MAC,Peter,Pomacentridae,Stegastes,nigricans,37372135,1,AD,Passing,
GX020044_L.MP4,18235,45.3759,YA_MAC_Transect 5,0.6412,,7.457,11.786,3744.654,25.842,,,1620.02,197.537,-3370.304,YA_MAC,Peter,Pomacentridae,Stegastes,nigricans,37372135,1,AD,Passing,
GX020044_L.MP4,18235,45.3759,YA_MAC_Transect 5,0.6412,,7.09,0.629,3512.243,20.693,,,1218.797,232.274,-3285.793,YA_MAC,Peter,Pomacentridae,Stegastes,nigricans,37372135,1,AD,Passing,
GX020044_L.MP4,18235,45.3759,YA_MAC_Transect 5,0.6412,,8.206,0.571,3776.004,20.03,,,1261.246,284.274,-3547.767,YA_MAC,Peter,Pomacentridae,Stegastes,nigricans,37372135,1,AD,Passing,
GX020044_L.MP4,18235,45.3759,YA_MAC_Transect 5,0.6412,,7.056,11.384,3551.298,22.826,,,1357.611,232.403,-3273.316,YA_MAC,Peter,Pomacentridae,Stegastes,nigricans,37372135,1,AD,Passing,
GX020044_L.MP4,18294,45.4087,YA_MAC_Transect 5,0.674,106.051,6.836,4.412,2840.808,19.738,34.669,38.471,948.532,143.996,-2673.9,YA_MAC,Peter,Pomacentridae,Stegastes,nigricans,37372135,1,AD,Passing,
GX020044_L.MP4,18294,45.4087,YA_MAC_Transect 5,0.674,142.029,9.538,8.163,2731.038,17.097,56.932,30.317,796.566,100.799,-2610.343,YA_MAC,Peter,Pomacentridae,Stegastes,nigricans,37372135,1,AD,Passing,
GX020044_L.MP4,18294,45.4087,YA_MAC_Transect 5,0.674,117.976,3.473,5.525,3011.413,16.214,0.554,57.518,825.931,157.704,-2891.638,YA_MAC,Peter,Pomacentridae,Pomacentrus,philippinus,37372123,1,AD,Passing,
GX020044_L.MP4,18312,45.4187,YA_MAC_Transect 5,0.684,43.251,1.519,2.221,1558.277,9.742,13.946,47.903,53.277,-258.246,-1535.805,YA_MAC,Peter,Pomacentridae,Pomacentrus,maafu,temp_code_005,1,AD,Passing,
GX020044_L.MP4,18315,45.4204,YA_MAC_Transect 5,0.6857,,4.439,0.471,2725.973,18.691,,,-797.02,-359.157,-2581.994,YA_MAC,Peter,Pomacentridae,Pomacentrus,philippinus,37372123,1,AD,Passing,
GX020044_L.MP4,18326,45.4265,YA_MAC_Transect 5,0.6918,,4.764,6.247,3035.671,26.883,,,-1362.927,-164.678,-2707.51,YA_MAC,Peter,Pomacentridae,Amblyglyphidodon,curacao,37372017,1,AD,Passing,
GX020044_L.MP4,18357,45.4437,YA_MAC_Transect 5,0.709,94.495,6.676,5.779,2276.467,26.187,63.934,3.638,970.73,258.76,-2042.799,YA_MAC,Peter,Labridae,Labroides,dimidiatus,37384028,1,AD,Passing,
GX020044_L.MP4,18393,45.4638,YA_MAC_Transect 5,0.7291,65.272,4.317,11.367,2211.704,22.57,29.187,13.232,-639.915,-557.755,-2042.315,YA_MAC,Peter,Pomacentridae,Chromis,atripectoralis,37372036,1,AD,Passing,
GX020044_L.MP4,18426,45.4821,YA_MAC_Transect 5,0.7474,95.75,2.832,7.964,1544.963,20.973,56.528,32.722,-504.171,-227.146,-1442.611,YA_MAC,Peter,Pomacentridae,Amblyglyphidodon,curacao,37372017,1,AD,Passing,
GX020044_L.MP4,18434,45.4866,YA_MAC_Transect 5,0.7519,,3.732,0.996,2473.908,22.552,,,854.614,410.755,-2284.981,YA_MAC,Peter,Pomacentridae,Amblyglyphidodon,curacao,37372017,1,AD,Passing,
GX020044_L.MP4,18479,45.5116,YA_MAC_Transect 5,0.7769,,3.924,0.943,2481.175,18.783,,,233.499,-765.393,-2348.592,YA_MAC,Peter,Pomacentridae,Chromis,atripectoralis,37372036,1,AD,Passing,
GX020044_L.MP4,18500,45.5233,YA_MAC_Transect 5,0.7886,,3.995,1.844,2513.881,8.581,,,-279.53,-251.55,-2485.595,YA_MAC,Peter,Pomacentridae,Amblyglyphidodon,curacao,37372017,1,AD,Passing,
GX020044_L.MP4,18500,45.5233,YA_MAC_Transect 5,0.7886,,7.563,8.734,3597.898,12.845,,,-795.733,-82.97,-3507.819,YA_MAC,Peter,Pomacentridae,Amblyglyphidodon,curacao,37372017,1,AD,Passing,
GX020044_L.MP4,18500,45.5233,YA_MAC_Transect 5,0.7886,,4.559,0.67,2710.427,14.85,,,-554.371,-420.144,-2619.65,YA_MAC,Peter,Pomacentridae,Amblyglyphidodon,curacao,37372017,1,AD,Passing,
GX020044_L.MP4,18500,45.5233,YA_MAC_Transect 5,0.7886,,3.266,2.473,2248.451,15.07,,,-292.12,-507.649,-2170.826,YA_MAC,Peter,Pomacentridae,Amblyglyphidodon,orbicularis,temp_code_001,1,AD,Passing,
GX020044_L.MP4,18500,45.5233,YA_MAC_Transect 5,0.7886,,5.986,3.099,3420.179,26.448,,,-1505.583,-233.511,-3062.077,YA_MAC,Peter,Pomacentridae,Chromis,viridis,37372053,1,AD,Passing,
GX020044_L.MP4,18629,45.595,YA_MAC_Transect 5,0.8603,73.465,4.205,2.522,1954.032,12.778,44.446,36.259,-324.261,-285.733,-1905.637,YA_MAC,Peter,Pomacentridae,Amblyglyphidodon,curacao,37372017,1,AD,Passing,
GX020044_L.MP4,18629,45.595,YA_MAC_Transect 5,0.8603,79.949,4.88,3.229,1954.819,13.081,45.119,21.103,423.264,128.858,-1904.091,YA_MAC,Peter,Pomacentridae,Amblyglyphidodon,curacao,37372017,1,AD,Passing,
GX020044_L.MP4,18629,45.595,YA_MAC_Transect 5,0.8603,,5.658,3.483,3032.398,8.641,,,-306.463,335.381,-2998.173,YA_MAC,Peter,Pomacentridae,Amblyglyphidodon,curacao,37372017,1,AD,Passing,
GX020044_L.MP4,18629,45.595,YA_MAC_Transect 5,0.8603,,11.957,4.44,4534.904,23.663,,,1486.23,1048.198,-4154.246,YA_MAC,Peter,Pomacentridae,Amblyglyphidodon,curacao,37372017,1,AD,Passing,
GX020044_L.MP4,18654,45.6089,YA_MAC_Transect 5,0.8742,64.701,4.255,2.042,1890.619,13.057,63.476,46.324,373.592,-207.041,-1841.74,YA_MAC,Peter,Pomacentridae,Pomacentrus,callainus,temp_code_004,1,AD,Passing,
GX020044_L.MP4,18654,45.6089,YA_MAC_Transect 5,0.8742,54.294,2.552,1.778,2241.057,11.249,8.385,39.095,419.979,-121.377,-2198.004,YA_MAC,Peter,Pomacentridae,Pomacentrus,callainus,temp_code_004,1,AD,Passing,
GX020044_L.MP4,18654,45.6089,YA_MAC_Transect 5,0.8742,,3.577,1.933,2564.405,28.543,,,1213.532,168.141,-2252.829,YA_MAC,Peter,Pomacentridae,Chromis,viridis,37372053,1,AD,Passing,
GX020044_L.MP4,18654,45.6089,YA_MAC_Transect 5,0.8742,,3.972,5.664,2747.745,30.365,,,1363.833,261.757,-2370.98,YA_MAC,Peter,Pomacentridae,Chromis,viridis,37372053,1,AD,Passing,
GX020044_L.MP4,18654,45.6089,YA_MAC_Transect 5,0.8742,,9.877,5.141,4248.156,25.388,,,1715.448,609.864,-3838.246,YA_MAC,Peter,Pomacentridae,Chromis,viridis,37372053,1,AD,Passing,
GX020044_L.MP4,18654,45.6089,YA_MAC_Transect 5,0.8742,,9.979,13.142,4303.52,26.707,,,1817.845,658.19,-3844.803,YA_MAC,Peter,Pomacentridae,Chromis,viridis,37372053,1,AD,Passing,
GX020044_L.MP4,18654,45.6089,YA_MAC_Transect 5,0.8742,,7.942,9.856,3808.862,26.849,,,1590.718,652.792,-3398.663,YA_MAC,Peter,Pomacentridae,Chromis,viridis,37372053,1,AD,Passing,
GX020044_L.MP4,18654,45.6089,YA_MAC_Transect 5,0.8742,,9.54,7.239,4205.368,27.532,,,1793.713,746.996,-3729.573,YA_MAC,Peter,Pomacentridae,Chromis,viridis,37372053,1,AD,Passing,
GX020044_L.MP4,18654,45.6089,YA_MAC_Transect 5,0.8742,,9.277,8.495,4221.384,29.344,,,1953.072,679.859,-3680.134,YA_MAC,Peter,Pomacentridae,Chromis,viridis,37372053,1,AD,Passing,
GX020044_L.MP4,18654,45.6089,YA_MAC_Transect 5,0.8742,,10.731,4.166,4513.192,27.723,,,1994.913,652.069,-3995.501,YA_MAC,Peter,Pomacentridae,Chromis,viridis,37372053,1,AD,Passing,
GX020044_L.MP4,18654,45.6089,YA_MAC_Transect 5,0.8742,,8.439,10.955,4059.347,30.319,,,1954.903,612.565,-3504.485,YA_MAC,Peter,Pomacentridae,Chromis,viridis,37372053,1,AD,Passing,
GX020044_L.MP4,18654,45.6089,YA_MAC_Transect 5,0.8742,,8.951,9.013,4206.839,30.744,,,2063.524,603.378,-3615.978,YA_MAC,Peter,Pomacentridae,Chromis,viridis,37372053,1,AD,Passing,
GX020044_L.MP4,18654,45.6089,YA_MAC_Transect 5,0.8742,,7.311,9.915,3801.594,31.07,,,1892.545,515.315,-3256.507,YA_MAC,Peter,Pomacentridae,Chromis,viridis,37372053,1,AD,Passing,
GX020044_L.MP4,18654,45.6089,YA_MAC_Transect 5,0.8742,,6.988,12.342,3727.163,31.479,,,1882.76,491.311,-3178.926,YA_MAC,Peter,Pomacentridae,Chromis,viridis,37372053,1,AD,Passing,
GX020044_L.MP4,18654,45.6089,YA_MAC_Transect 5,0.8742,,3.996,4.076,2653.177,24.874,,,1109.348,120.28,-2407.12,YA_MAC,Peter,Pomacentridae,Chromis,viridis,37372053,1,AD,Passing,
GX020044_L.MP4,18654,45.6089,YA_MAC_Transect 5,0.8742,,3.898,3.617,2566.024,22.134,,,957.561,132.083,-2376.996,YA_MAC,Peter,Pomacentridae,Chromis,viridis,37372053,1,AD,Passing,
GX020044_L.MP4,18654,45.6089,YA_MAC_Transect 5,0.8742,,2.263,0.223,1884.662,21.674,,,694.156,-52.472,-1751.384,YA_MAC,Peter,Pomacentridae,Chromis,viridis,37372053,1,AD,Passing,
GX020044_L.MP4,18654,45.6089,YA_MAC_Transect 5,0.8742,,2.896,3.675,2222.522,25.135,,,943.009,-44.594,-2012.051,YA_MAC,Peter,Pomacentridae,Chromis,viridis,37372053,1,AD,Passing,
GX020044_L.MP4,18654,45.6089,YA_MAC_Transect 5,0.8742,,3.425,3.25,2416.19,23.642,,,967.265,-58.369,-2213.361,YA_MAC,Peter,Pomacentridae,Chromis,viridis,37372053,1,AD,Passing,
GX020044_L.MP4,18654,45.6089,YA_MAC_Transect 5,0.8742,,3.942,3.882,2483.954,10.127,,,432.463,59.577,-2445.292,YA_MAC,Peter,Pomacentridae,Chromis,viridis,37372053,1,AD,Passing,
GX020044_L.MP4,18654,45.6089,YA_MAC_Transect 5,0.8742,,23.43,6.395,6353.868,11.6,,,-931.413,-878.205,-6223.573,YA_MAC,Peter,Pomacentridae,Chromis,viridis,37372053,1,AD,Passing,
GX020044_L.MP4,18684,45.6256,YA_MAC_Transect 5,0.8909,81.783,2.614,1.716,1458.5,22.591,83.549,39.775,539.759,-150.283,-1346.587,YA_MAC,Peter,Pomacentridae,Pomacentrus,brachialis,37372109,1,AD,Passing,
GX020044_L.MP4,18684,45.6256,YA_MAC_Transect 5,0.8909,59.33,3.423,1.83,1780.873,18.468,76.835,50.867,561.722,-52.229,-1689.157,YA_MAC,Peter,Pomacentridae,Pomacentrus,brachialis,37372109,1,AD,Passing,
GX020044_L.MP4,18684,45.6256,YA_MAC_Transect 5,0.8909,,4.126,1.136,2557.431,16.367,,,664.435,277.563,-2453.964,YA_MAC,Peter,Pomacentridae,Pomacentrus,brachialis,37372109,1,AD,Passing,
GX020044_L.MP4,18684,45.6256,YA_MAC_Transect 5,0.8909,,5.947,1.262,3095.668,13.49,,,652.501,307.615,-3010.444,YA_MAC,Peter,Pomacentridae,Pomacentrus,brachialis,37372109,1,AD,Passing,
GX020044_L.MP4,18684,45.6256,YA_MAC_Transect 5,0.8909,,4.424,0.288,2710.529,20.077,,,906.542,208.239,-2545.936,YA_MAC,Peter,Pomacentridae,Pomacentrus,brachialis,37372109,1,AD,Passing,
GX020044_L.MP4,18684,45.6256,YA_MAC_Transect 5,0.8909,,6.19,1.378,3247.192,19.73,,,1072.36,225.633,-3056.696,YA_MAC,Peter,Pomacentridae,Pomacentrus,brachialis,37372109,1,AD,Passing,
GX020044_L.MP4,18771,45.674,YA_MAC_Transect 5,0.9393,121.475,3.874,5.787,1537.927,17.635,80.242,14.393,-71.76,-460.367,-1465.651,YA_MAC,Peter,Acanthuridae,Acanthurus,nigrofuscus,37437014,1,AD,Passing,
GX020044_L.MP4,18797,45.6884,YA_MAC_Transect 5,0.9537,48.503,2.638,3.266,1454.935,16.766,54.754,34.711,258.165,-330.895,-1393.088,YA_MAC,Peter,Pomacentridae,Pomacentrus,maafu,temp_code_005,1,AD,Passing,
GX020044_L.MP4,18816,45.699,YA_MAC_Transect 5,0.9643,70.699,3.262,5.404,1988.757,16.637,24.125,0.254,-276.931,-497.527,-1905.501,YA_MAC,Peter,Holocentridae,Myripristis,kuntee,37261011,1,AD,Passing,
GX020044_L.MP4,18816,45.699,YA_MAC_Transect 5,0.9643,52.43,2.353,2.261,2113.58,17.842,0.008,35.797,-434.98,-479.761,-2011.925,YA_MAC,Peter,Pomacentridae,Pomacentrus,maafu,temp_code_005,1,AD,Passing,
GX020044_L.MP4,18835,45.7096,YA_MAC_Transect 5,0.9749,72.77,1.49,3.053,1179.848,14.224,43.934,43.634,274.481,-93.292,-1143.677,YA_MAC,Peter,Pomacentridae,Pomacentrus,callainus,temp_code_004,1,AD,Passing,
GX020044_L.MP4,18985,45.793,YA_MAC_Transect 5,1.0583,73.165,2.933,6.925,1765.301,20.205,31.898,10.378,-209.867,-572.449,-1656.667,YA_MAC,Peter,Labridae,Thalassoma,sp,,1,AD,Passing,
GX020044_L.MP4,18985,45.793,YA_MAC_Transect 5,1.0583,,3.148,2.316,2207.338,16.151,,,-327.279,-520.758,-2119.915,YA_MAC,Peter,Pomacentridae,Chromis,viridis,37372053,1,AD,Passing,
GX020044_L.MP4,18985,45.793,YA_MAC_Transect 5,1.0583,,2.815,1.731,2081.774,17.311,,,-345.832,-515.066,-1987.181,YA_MAC,Peter,Pomacentridae,Chromis,viridis,37372053,1,AD,Passing,
GX020044_L.MP4,18985,45.793,YA_MAC_Transect 5,1.0583,,2.783,4.544,2076.757,18.87,,,-389.743,-548.172,-1964.823,YA_MAC,Peter,Pomacentridae,Chromis,viridis,37372053,1,AD,Passing,
GX020044_L.MP4,18985,45.793,YA_MAC_Transect 5,1.0583,,2.72,4.243,2046.271,18.123,,,-332.004,-544.212,-1944.436,YA_MAC,Peter,Pomacentridae,Chromis,viridis,37372053,1,AD,Passing,
GX020044_L.MP4,18985,45.793,YA_MAC_Transect 5,1.0583,,3.822,2.267,2458.082,18.186,,,-365.767,-675.747,-2334.898,YA_MAC,Peter,Pomacentridae,Chromis,viridis,37372053,1,AD,Passing,
GX020044_L.MP4,18985,45.793,YA_MAC_Transect 5,1.0583,,2.824,4.219,2104.896,20.557,,,-451.924,-586.013,-1970.518,YA_MAC,Peter,Pomacentridae,Chromis,viridis,37372053,1,AD,Passing,
GX020044_L.MP4,18985,45.793,YA_MAC_Transect 5,1.0583,,2.773,7.754,2097.157,22.381,,,-477.076,-641.46,-1938.813,YA_MAC,Peter,Pomacentridae,Chromis,viridis,37372053,1,AD,Passing,
GX020044_L.MP4,18985,45.793,YA_MAC_Transect 5,1.0583,,3.373,2.598,2286.477,14.713,,,-239.395,-530.375,-2211.192,YA_MAC,Peter,Pomacentridae,Chromis,viridis,37372053,1,AD,Passing,
GX020044_L.MP4,18985,45.793,YA_MAC_Transect 5,1.0583,,3.07,0.161,2171.451,13.933,,,-149.378,-502.296,-2107.269,YA_MAC,Peter,Pomacentridae,Chromis,viridis,37372053,1,AD,Passing,
GX020044_L.MP4,18985,45.793,YA_MAC_Transect 5,1.0583,,2.951,2.059,2126.269,14.536,,,-243.557,-476.071,-2057.926,YA_MAC,Peter,Pomacentridae,Chromis,viridis,37372053,1,AD,Passing,
GX020044_L.MP4,18985,45.793,YA_MAC_Transect 5,1.0583,,2.419,0.451,1912.757,16.316,,,-187.121,-504.796,-1835.431,YA_MAC,Peter,Pomacentridae,Chromis,viridis,37372053,1,AD,Passing,
GX020044_L.MP4,18985,45.793,YA_MAC_Transect 5,1.0583,,2.884,0.798,2103.137,15.79,,,-251.447,-515.281,-2023.473,YA_MAC,Peter,Pomacentridae,Chromis,viridis,37372053,1,AD,Passing,
GX020044_L.MP4,18985,45.793,YA_MAC_Transect 5,1.0583,,2.906,4.047,2115.603,16.871,,,-310.029,-531.131,-2024.242,YA_MAC,Peter,Pomacentridae,Chromis,viridis,37372053,1,AD,Passing,
GX020044_L.MP4,18985,45.793,YA_MAC_Transect 5,1.0583,,2.906,1.155,2107.888,14.011,,,-52.413,-508.829,-2044.881,YA_MAC,Peter,Pomacentridae,Chromis,viridis,37372053,1,AD,Passing,
GX020044_L.MP4,18985,45.793,YA_MAC_Transect 5,1.0583,,3.619,2.455,2373.477,13.858,,,-70.433,-565.438,-2304.064,YA_MAC,Peter,Pomacentridae,Chromis,viridis,37372053,1,AD,Passing,
GX020044_L.MP4,18985,45.793,YA_MAC_Transect 5,1.0583,,2.77,0.66,2055.887,15.045,,,-50.201,-532.461,-1985.104,YA_MAC,Peter,Pomacentridae,Chromis,viridis,37372053,1,AD,Passing,
GX020044_L.MP4,18985,45.793,YA_MAC_Transect 5,1.0583,,2.746,0.477,2045.901,14.923,,,-155.401,-504.572,-1976.605,YA_MAC,Peter,Pomacentridae,Chromis,viridis,37372053,1,AD,Passing,
GX020044_L.MP4,18985,45.793,YA_MAC_Transect 5,1.0583,,2.263,0.698,1841.886,15.12,,,-42.76,-479.562,-1777.846,YA_MAC,Peter,Pomacentridae,Chromis,viridis,37372053,1,AD,Passing,
GX020044_L.MP4,18985,45.793,YA_MAC_Transect 5,1.0583,,2.184,2.39,1797.003,13.25,,,108.954,-398.237,-1748.93,YA_MAC,Peter,Pomacentridae,Chromis,viridis,37372053,1,AD,Passing,
GX020044_L.MP4,18985,45.793,YA_MAC_Transect 5,1.0583,,2.645,2.834,1998.061,15.096,,,138.768,-502.665,-1928.813,YA_MAC,Peter,Pomacentridae,Chromis,viridis,37372053,1,AD,Passing,
GX020044_L.MP4,18985,45.793,YA_MAC_Transect 5,1.0583,,2.779,2.348,2054.751,14.513,,,76.869,-510.317,-1988.886,YA_MAC,Peter,Pomacentridae,Chromis,viridis,37372053,1,AD,Passing,
GX020044_L.MP4,18985,45.793,YA_MAC_Transect 5,1.0583,,1.929,1.401,1677.04,14.638,,,175.92,-386.532,-1622.378,YA_MAC,Peter,Pomacentridae,Chromis,viridis,37372053,1,AD,Passing,
GX020044_L.MP4,18985,45.793,YA_MAC_Transect 5,1.0583,,2.88,3.741,2084.073,13.877,,,250.096,-433.961,-2022.99,YA_MAC,Peter,Pomacentridae,Chromis,viridis,37372053,1,AD,Passing,
GX020044_L.MP4,18985,45.793,YA_MAC_Transect 5,1.0583,,3.359,1.642,2263.808,14.209,,,322.924,-453.501,-2194.285,YA_MAC,Peter,Pomacentridae,Chromis,viridis,37372053,1,AD,Passing,
GX020044_L.MP4,18985,45.793,YA_MAC_Transect 5,1.0583,,2.598,2.908,1979.769,18.429,,,453.385,-432.553,-1877.984,YA_MAC,Peter,Pomacentridae,Chromis,viridis,37372053,1,AD,Passing,
GX020044_L.MP4,18985,45.793,YA_MAC_Transect 5,1.0583,,2.83,0.644,2070.62,17.645,,,443.743,-445.033,-1972.943,YA_MAC,Peter,Pomacentridae,Chromis,viridis,37372053,1,AD,Passing,
GX020044_L.MP4,18985,45.793,YA_MAC_Transect 5,1.0583,,2.796,1.213,2055.413,17.201,,,423.654,-437.024,-1963.224,YA_MAC,Peter,Pomacentridae,Chromis,viridis,37372053,1,AD,Passing,
GX020044_L.MP4,18985,45.793,YA_MAC_Transect 5,1.0583,,2.552,2.05,1952.554,16.163,,,350.562,-416.465,-1875.134,YA_MAC,Peter,Pomacentridae,Chromis,viridis,37372053,1,AD,Passing,
GX020044_L.MP4,18985,45.793,YA_MAC_Transect 5,1.0583,,2.75,3.989,2032.577,15.776,,,355.03,-424.623,-1955.766,YA_MAC,Peter,Pomacentridae,Chromis,viridis,37372053,1,AD,Passing,
GX020044_L.MP4,18985,45.793,YA_MAC_Transect 5,1.0583,,3.264,5.754,2230.564,15.611,,,402.986,-446.108,-2148.023,YA_MAC,Peter,Pomacentridae,Chromis,viridis,37372053,1,AD,Passing,
GX020044_L.MP4,18985,45.793,YA_MAC_Transect 5,1.0583,,3.003,0.602,2132.063,15.427,,,390.241,-412.764,-2055.001,YA_MAC,Peter,Pomacentridae,Chromis,viridis,37372053,1,AD,Passing,
GX020044_L.MP4,18985,45.793,YA_MAC_Transect 5,1.0583,,2.526,1.085,1938.797,14.212,,,292.672,-376.487,-1879.238,YA_MAC,Peter,Pomacentridae,Chromis,viridis,37372053,1,AD,Passing,
GX020044_L.MP4,18985,45.793,YA_MAC_Transect 5,1.0583,,2.379,1.924,1876.288,13.633,,,255.168,-362.285,-1823.21,YA_MAC,Peter,Pomacentridae,Chromis,viridis,37372053,1,AD,Passing,
GX020044_L.MP4,18985,45.793,YA_MAC_Transect 5,1.0583,,2.918,1.375,2099.725,15.372,,,297.273,-471.773,-2024.328,YA_MAC,Peter,Pomacentridae,Chromis,viridis,37372053,1,AD,Passing,
GX020044_L.MP4,18985,45.793,YA_MAC_Transect 5,1.0583,,2.915,2.595,2099.69,16.396,,,342.166,-485.127,-2014.019,YA_MAC,Peter,Pomacentridae,Chromis,viridis,37372053,1,AD,Passing,
GX020044_L.MP4,18985,45.793,YA_MAC_Transect 5,1.0583,,2.694,0.991,2009.951,14.693,,,265.525,-436.318,-1943.972,YA_MAC,Peter,Pomacentridae,Chromis,viridis,37372053,1,AD,Passing,
GX020044_L.MP4,19046,45.8269,YA_MAC_Transect 5,1.0922,23.609,1.296,2.179,1181.646,17.896,28.395,7.638,4.882,-363.079,-1124.472,YA_MAC,Peter,Pomacentridae,Chromis,viridis,37372053,1,AD,Passing,
GX020044_L.MP4,19046,45.8269,YA_MAC_Transect 5,1.0922,19.429,1.045,1.971,1150.895,18.92,20.369,13.426,29.51,-372.014,-1088.712,YA_MAC,Peter,Pomacentridae,Chromis,viridis,37372053,1,AD,Passing,
GX020044_L.MP4,19077,45.8441,YA_MAC_Transect 5,1.1094,,6.682,1.679,3666.8,28.752,,,-1720.317,387.288,-3214.956,YA_MAC,Peter,Pomacentridae,Amblyglyphidodon,curacao,37372017,1,AD,Passing,
GX020044_L.MP4,19176,45.8992,YA_MAC_Transect 5,1.1645,58.66,4.071,3.162,1848.575,19.057,41.701,13.893,599.334,-71.319,-1747.267,YA_MAC,Peter,Pomacentridae,Pomacentrus,maafu,temp_code_005,1,AD,Passing,
GX020044_L.MP4,19176,45.8992,YA_MAC_Transect 5,1.1645,81.794,5.37,4.12,2289.253,16.962,46.889,41.058,656.938,120.237,-2189.67,YA_MAC,Peter,Pomacentridae,Chromis,viridis,37372053,1,AD,Passing,
GX020044_L.MP4,19212,45.9192,YA_MAC_Transect 5,1.1845,102.576,5.537,1.119,2355.281,16.625,32.978,16.975,356.352,-571.948,-2256.82,YA_MAC,Peter,Holocentridae,Myripristis,kuntee,37261011,1,AD,Passing,
GX020044_L.MP4,19212,45.9192,YA_MAC_Transect 5,1.1845,90.739,2.769,0.774,2954.199,11.415,3.597,16.323,-111.389,-573.967,-2895.763,YA_MAC,Peter,Chaetodontidae,Chaetodon,trifascialis,37365058,1,AD,Passing,
GX020044_L.MP4,19248,45.9392,YA_MAC_Transect 5,1.2045,120.004,8.715,4.092,2571.628,26.207,89.678,5.125,-1134.791,-44.967,-2307.271,YA_MAC,Peter,Pomacentridae,Amblyglyphidodon,curacao,37372017,1,AD,Passing,
GX020044_L.MP4,19248,45.9392,YA_MAC_Transect 5,1.2045,,13.538,5.207,5104.154,21.548,,,-1864.674,190.597,-4747.531,YA_MAC,Peter,Pomacentridae,Amblyglyphidodon,curacao,37372017,1,AD,Passing,
GX020044_L.MP4,19248,45.9392,YA_MAC_Transect 5,1.2045,,7.255,3.173,3498.121,13.241,,,-749.087,282.364,-3405.288,YA_MAC,Peter,Pomacentridae,Amblyglyphidodon,curacao,37372017,1,AD,Passing,
GX020044_L.MP4,19263,45.9476,YA_MAC_Transect 5,1.2129,,2.91,6.25,2149.215,22.321,,,-426.868,-696.921,-1987.765,YA_MAC,Peter,Pomacentridae,Pomacentrus,coelestis,37372111,1,AD,Passing,
GX020044_L.MP4,19375,46.0099,YA_MAC_Transect 5,1.2752,43.872,2.778,2.938,1588.587,14.938,36.7,14.503,71.321,-403.228,-1534.904,YA_MAC,Peter,Pomacentridae,Pomacentrus,maafu,temp_code_005,1,AD,Passing,
GX020044_L.MP4,19465,46.0599,YA_MAC_Transect 5,1.3252,,4.923,12.022,2993.252,25.657,,,-1176.825,-544.545,-2697.797,YA_MAC,Peter,Pomacentridae,Dascyllus,aruanus,37372073,1,AD,Passing,
GX020044_L.MP4,19465,46.0599,YA_MAC_Transect 5,1.3252,,12.254,7.535,4678.609,14.655,,,-1181.987,60.091,-4526.442,YA_MAC,Peter,Pomacentridae,Amblyglyphidodon,curacao,37372017,1,AD,Passing,
GX020044_L.MP4,19465,46.0599,YA_MAC_Transect 5,1.3252,,15.513,0.245,5336.576,16.498,,,-1514.668,46.019,-5116.904,YA_MAC,Peter,Pomacentridae,Amblyglyphidodon,curacao,37372017,1,AD,Passing,
GX020044_L.MP4,19465,46.0599,YA_MAC_Transect 5,1.3252,,7.564,6.447,3650.358,16.579,,,-1040.865,36.422,-3498.626,YA_MAC,Peter,Pomacentridae,Amblyglyphidodon,curacao,37372017,1,AD,Passing,
GX020044_L.MP4,19465,46.0599,YA_MAC_Transect 5,1.3252,,8.787,14.463,3990.221,18.451,,,-1258.113,-111.742,-3785.04,YA_MAC,Peter,Pomacentridae,Amblyglyphidodon,curacao,37372017,1,AD,Passing,
GX020044_L.MP4,19465,46.0599,YA_MAC_Transect 5,1.3252,,13.344,8.487,5159.804,24.319,,,-2109.666,-256.734,-4701.806,YA_MAC,Peter,Pomacentridae,Amblyglyphidodon,curacao,37372017,1,AD,Passing,
GX020044_L.MP4,19465,46.0599,YA_MAC_Transect 5,1.3252,,12.473,7.26,4941.746,22.947,,,-1919.808,-164.92,-4550.604,YA_MAC,Peter,Pomacentridae,Amblyglyphidodon,curacao,37372017,1,AD,Passing,
GX020044_L.MP4,19465,46.0599,YA_MAC_Transect 5,1.3252,,10.448,5.96,4421.143,20.324,,,-1528.31,-151.947,-4145.803,YA_MAC,Peter,Pomacentridae,Amblyglyphidodon,curacao,37372017,1,AD,Passing,
GX020044_L.MP4,19465,46.0599,YA_MAC_Transect 5,1.3252,,9.971,8.892,4522.326,26.589,,,-2023.822,-39.932,-4044.006,YA_MAC,Peter,Pomacentridae,Amblyglyphidodon,curacao,37372017,1,AD,Passing,
GX020044_L.MP4,19465,46.0599,YA_MAC_Transect 5,1.3252,,8.698,7.22,4235.664,27.982,,,-1974.692,-225.881,-3740.377,YA_MAC,Peter,Pomacentridae,Amblyglyphidodon,curacao,37372017,1,AD,Passing,
GX020044_L.MP4,19465,46.0599,YA_MAC_Transect 5,1.3252,,7.09,8.434,3827.536,29.188,,,-1850.455,-247.052,-3341.379,YA_MAC,Peter,Pomacentridae,Amblyglyphidodon,curacao,37372017,1,AD,Passing,
GX020044_L.MP4,19465,46.0599,YA_MAC_Transect 5,1.3252,,8.895,9.835,4305.247,28.691,,,-2051.161,-256.797,-3776.499,YA_MAC,Peter,Pomacentridae,Amblyglyphidodon,curacao,37372017,1,AD,Passing,
GX020044_L.MP4,19518,46.0894,YA_MAC_Transect 5,1.3547,,3.957,0.531,2520.419,17.009,,,-581.6,-454.541,-2409.906,YA_MAC,Peter,Pomacentridae,Pomacentrus,maafu,temp_code_005,1,AD,Passing,
GX020044_L.MP4,19518,46.0894,YA_MAC_Transect 5,1.3547,87.351,7.368,9.262,2303.177,23.184,74.978,10.318,-859.116,-289.915,-2117.19,YA_MAC,Peter,Pomacentridae,Stegastes,nigricans,37372135,1,AD,Passing,
GX020044_L.MP4,19562,46.1138,YA_MAC_Transect 5,1.3792,,7.909,8.818,4012.824,27.124,,,-1828.063,70.637,-3571.548,YA_MAC,Peter,Pomacentridae,Amblyglyphidodon,curacao,37372017,1,AD,Passing,
GX020044_L.MP4,19562,46.1138,YA_MAC_Transect 5,1.3792,,6.006,3.567,3429.933,25.986,,,-1501.709,-59.611,-3083.14,YA_MAC,Peter,Pomacentridae,Amblyglyphidodon,curacao,37372017,1,AD,Passing,
GX020044_L.MP4,19562,46.1138,YA_MAC_Transect 5,1.3792,178.805,4.485,4.755,1693.523,14.937,64.104,17.085,8.177,-436.431,-1636.301,YA_MAC,Peter,Labridae,Oxycheilinus,digrammus,37384065,1,AD,Passing,
GX020044_L.MP4,19562,46.1138,YA_MAC_Transect 5,1.3792,,6.811,6.827,3314.564,18.31,,,774.536,-697.847,-3146.338,YA_MAC,Peter,Pomacentridae,Chromis,viridis,37372053,1,AD,Passing,
GX020044_L.MP4,19562,46.1138,YA_MAC_Transect 5,1.3792,,10.05,1.773,4108.052,12.478,,,862.253,-212.908,-4010.896,YA_MAC,Peter,Pomacentridae,Chromis,viridis,37372053,1,AD,Passing,
GX020044_L.MP4,19562,46.1138,YA_MAC_Transect 5,1.3792,,5.48,1.717,2978.383,13.772,,,688.153,169.151,-2892.853,YA_MAC,Peter,Pomacentridae,Chromis,viridis,37372053,1,AD,Passing,
GX020044_L.MP4,19562,46.1138,YA_MAC_Transect 5,1.3792,,6.232,5.466,3215.544,3.068,,,120.886,120.582,-3211.008,YA_MAC,Peter,Pomacentridae,Chromis,viridis,37372053,1,AD,Passing,
GX020044_L.MP4,19562,46.1138,YA_MAC_Transect 5,1.3792,,18.632,6.333,5766.569,9.912,,,-990.786,57.106,-5680.528,YA_MAC,Peter,Pomacentridae,Chromis,viridis,37372053,1,AD,Passing,
GX020044_L.MP4,19562,46.1138,YA_MAC_Transect 5,1.3792,,12.575,6.938,4755.186,15.766,,,-1281.875,158.756,-4576.395,YA_MAC,Peter,Pomacentridae,Chromis,viridis,37372053,1,AD,Passing,
GX020044_L.MP4,19562,46.1138,YA_MAC_Transect 5,1.3792,,18.195,2.54,5777.924,16.047,,,-1588.33,164.713,-5552.88,YA_MAC,Peter,Pomacentridae,Chromis,viridis,37372053,1,AD,Passing,
GX020044_L.MP4,19562,46.1138,YA_MAC_Transect 5,1.3792,,19.896,5.12,6064.005,16.199,,,-1688.376,102.748,-5823.314,YA_MAC,Peter,Pomacentridae,Chromis,viridis,37372053,1,AD,Passing,
GX020044_L.MP4,19562,46.1138,YA_MAC_Transect 5,1.3792,,26.522,9.914,6950.929,12.277,,,-1477.07,50.543,-6791.99,YA_MAC,Peter,Pomacentridae,Chromis,viridis,37372053,1,AD,Passing,
GX020044_L.MP4,19562,46.1138,YA_MAC_Transect 5,1.3792,,13.864,8.355,5160.133,20.946,,,-1843.75,56.016,-4819.172,YA_MAC,Peter,Pomacentridae,Chromis,viridis,37372053,1,AD,Passing,
GX020044_L.MP4,19562,46.1138,YA_MAC_Transect 5,1.3792,,18.504,1.459,5952.806,19.75,,,-2009.925,76.546,-5602.699,YA_MAC,Peter,Pomacentridae,Chromis,viridis,37372053,1,AD,Passing,
GX020044_L.MP4,19665,46.1711,YA_MAC_Transect 5,1.4364,,3.729,7.44,2470.595,22.406,,,-642.012,-690.303,-2283.669,YA_MAC,Peter,Pomacentridae,Neoglyphidodon,carlsoni,temp_code_008,1,AD,Passing,
GX020044_L.MP4,19766,46.2273,YA_MAC_Transect 5,1.4926,72.036,2.372,2.816,1546.035,9.655,63.734,58.488,-200.432,-164.52,-1524.134,YA_MAC,Peter,Pomacentridae,Amblyglyphidodon,curacao,37372017,1,AD,Passing,
GX020044_L.MP4,19766,46.2273,YA_MAC_Transect 5,1.4926,74.892,3.549,4.139,2806.802,7.336,17.039,57.501,-281.282,-222.111,-2783.826,YA_MAC,Peter,Pomacentridae,Amblyglyphidodon,curacao,37372017,1,AD,Passing,
GX020044_L.MP4,19766,46.2273,YA_MAC_Transect 5,1.4926,60.657,5.044,2.219,2085.094,6.627,67.885,51.508,-224.068,-87.698,-2071.164,YA_MAC,Peter,Pomacentridae,Amblyglyphidodon,curacao,37372017,1,AD,Passing,
GX020044_L.MP4,19766,46.2273,YA_MAC_Transect 5,1.4926,66.363,2.275,2.244,1564.915,21.822,69.127,55.459,574.364,-92.276,-1452.773,YA_MAC,Peter,Pomacentridae,Amblyglyphidodon,curacao,37372017,1,AD,Passing,
GX020044_L.MP4,19766,46.2273,YA_MAC_Transect 5,1.4926,,6.034,0.526,3142.929,5.903,,,315.169,-73.622,-3126.22,YA_MAC,Peter,Pomacentridae,Amblyglyphidodon,curacao,37372017,1,AD,Passing,
GX020044_L.MP4,19766,46.2273,YA_MAC_Transect 5,1.4926,,8.428,0.216,3786.148,3.303,,,213.925,40.648,-3779.881,YA_MAC,Peter,Pomacentridae,Amblyglyphidodon,curacao,37372017,1,AD,Passing,
GX020044_L.MP4,19766,46.2273,YA_MAC_Transect 5,1.4926,,18.049,5.844,5707.011,2.257,,,55.973,214.368,-5702.709,YA_MAC,Peter,Pomacentridae,Amblyglyphidodon,curacao,37372017,1,AD,Passing,
GX020044_L.MP4,19766,46.2273,YA_MAC_Transect 5,1.4926,,13.391,5.637,4865.166,4.046,,,-328.514,-102.505,-4852.98,YA_MAC,Peter,Pomacentridae,Amblyglyphidodon,curacao,37372017,1,AD,Passing,
GX020044_L.MP4,19927,46.3168,YA_MAC_Transect 5,1.5821,81.185,2.649,1.776,1848.789,21.922,11.919,21.809,689.465,-32.761,-1715.105,YA_MAC,Peter,Pomacentridae,Amblyglyphidodon,curacao,37372017,1,AD,Passing,
GX020044_L.MP4,19927,46.3168,YA_MAC_Transect 5,1.5821,,7.062,2.161,3725.748,28.614,,,1780.102,120.56,-3270.764,YA_MAC,Peter,Pomacentridae,Amblyglyphidodon,curacao,37372017,1,AD,Passing,
GX020044_L.MP4,19927,46.3168,YA_MAC_Transect 5,1.5821,,6.017,2.901,3157.303,17.761,,,916.836,293.285,-3006.985,YA_MAC,Peter,Pomacentridae,Amblyglyphidodon,curacao,37372017,1,AD,Passing,
GX020044_L.MP4,19927,46.3168,YA_MAC_Transect 5,1.5821,,12.142,0.947,4614.843,19.372,,,1481.925,380.89,-4353.803,YA_MAC,Peter,Pomacentridae,Amblyglyphidodon,curacao,37372017,1,AD,Passing,
GX020044_L.MP4,19927,46.3168,YA_MAC_Transect 5,1.5821,,8.8,10.085,3879.75,17.432,,,-990.757,-609.893,-3701.202,YA_MAC,Peter,Pomacentridae,Amblyglyphidodon,curacao,37372017,1,AD,Passing,
GX020044_L.MP4,19927,46.3168,YA_MAC_Transect 5,1.5821,,4.789,2.48,2792.701,1.425,,,-64.706,-26.838,-2791.823,YA_MAC,Peter,Pomacentridae,Amblyglyphidodon,curacao,37372017,1,AD,Passing,
GX020044_L.MP4,19927,46.3168,YA_MAC_Transect 5,1.5821,,6.07,4.354,3161.828,4.37,,,226.653,79.822,-3152.683,YA_MAC,Peter,Pomacentridae,Amblyglyphidodon,curacao,37372017,1,AD,Passing,
GX020044_L.MP4,20029,46.3735,YA_MAC_Transect 5,1.6389,64.139,2.012,1.14,1586.237,24.136,12.078,28.27,635.197,-131.263,-1447.565,YA_MAC,Peter,Pomacentridae,Amblyglyphidodon,orbicularis,temp_code_001,1,AD,Passing,
GX020044_L.MP4,20039,46.3791,YA_MAC_Transect 5,1.6444,,2.652,1.921,2007.849,2.672,,,-39.057,-86.225,-2005.617,YA_MAC,Peter,Pomacentridae,Pomacentrus,callainus,temp_code_004,1,AD,Passing,
GX020044_L.MP4,20039,46.3791,YA_MAC_Transect 5,1.6444,311.29,5.214,4.878,1822.907,21.356,76.186,7.074,660.604,65.363,-1697.74,YA_MAC,Peter,Kyphosidae,Kyphosus,cinerascens,37361022,1,AD,Passing,
GX020044_L.MP4,20039,46.3791,YA_MAC_Transect 5,1.6444,,6.46,0.534,3360.881,21.941,,,1226.666,267.05,-3117.61,YA_MAC,Peter,Pomacentridae,Amblyglyphidodon,curacao,37372017,1,AD,Passing,
GX020044_L.MP4,20039,46.3791,YA_MAC_Transect 5,1.6444,,9.812,6.626,4176.607,23.316,,,1547.273,579.819,-3835.858,YA_MAC,Peter,Pomacentridae,Amblyglyphidodon,curacao,37372017,1,AD,Passing,
GX020044_L.MP4,20039,46.3791,YA_MAC_Transect 5,1.6444,,11.727,9.373,4435.245,16.647,,,1132.981,572.653,-4249.685,YA_MAC,Peter,Pomacentridae,Amblyglyphidodon,curacao,37372017,1,AD,Passing,
GX020044_L.MP4,20039,46.3791,YA_MAC_Transect 5,1.6444,,4.327,4.686,2656.86,18.207,,,812.452,168.909,-2523.944,YA_MAC,Peter,Pomacentridae,Amblyglyphidodon,curacao,37372017,1,AD,Passing,
GX020044_L.MP4,20039,46.3791,YA_MAC_Transect 5,1.6444,,12.724,0.585,4617.045,9.246,,,386.722,630.402,-4557.427,YA_MAC,Peter,Pomacentridae,Amblyglyphidodon,curacao,37372017,1,AD,Passing,
GX020044_L.MP4,20039,46.3791,YA_MAC_Transect 5,1.6444,,8.315,3.825,3676.165,12.248,,,598.234,498.197,-3592.785,YA_MAC,Peter,Pomacentridae,Amblyglyphidodon,curacao,37372017,1,AD,Passing,
GX020044_L.MP4,20039,46.3791,YA_MAC_Transect 5,1.6444,,5.478,3.849,2972.878,10.007,,,514.457,45.312,-2927.675,YA_MAC,Peter,Pomacentridae,Amblyglyphidodon,curacao,37372017,1,AD,Passing,
GX020044_L.MP4,20039,46.3791,YA_MAC_Transect 5,1.6444,,3.922,3.124,2498.042,1.662,,,-6.872,70.656,-2497.033,YA_MAC,Peter,Pomacentridae,Amblyglyphidodon,curacao,37372017,1,AD,Passing,
GX020044_L.MP4,20039,46.3791,YA_MAC_Transect 5,1.6444,,4.639,2.158,2736.767,15.423,,,721.19,96.491,-2638.27,YA_MAC,Peter,Pomacentridae,Amblyglyphidodon,orbicularis,temp_code_001,1,AD,Passing,
GX020044_L.MP4,20118,46.423,YA_MAC_Transect 5,1.6884,80.852,1.434,2.588,1140.37,13.362,34.253,11.08,107.268,-240.725,-1109.499,YA_MAC,Peter,Pomacentridae,Amblyglyphidodon,curacao,37372017,1,AD,Passing,
GX020044_L.MP4,20118,46.423,YA_MAC_Transect 5,1.6884,69.159,1.041,17.885,1300.452,12.7,3.046,26.248,98.773,-268.288,-1268.637,YA_MAC,Peter,Pomacentridae,Amblyglyphidodon,curacao,37372017,1,AD,Passing,
GX020044_L.MP4,20118,46.423,YA_MAC_Transect 5,1.6884,119.793,6.754,4.685,2242.97,13.527,47.084,15.074,302.862,-428.388,-2180.75,YA_MAC,Peter,Pomacentridae,Amblyglyphidodon,curacao,37372017,1,AD,Passing,
GX020044_L.MP4,20165,46.4492,YA_MAC_Transect 5,1.7145,92.045,4.292,1.52,2203.149,20.418,36.983,43.707,363.252,-677.339,-2064.734,YA_MAC,Peter,Pomacentridae,Amblyglyphidodon,curacao,37372017,1,AD,Passing,
GX020044_L.MP4,20286,46.5165,YA_MAC_Transect 5,1.7818,65.918,2.82,1.27,1821.936,16.313,29.244,38.916,504.906,-83.429,-1748.588,YA_MAC,Peter,Pomacentridae,Pomacentrus,philippinus,37372123,1,AD,Passing,
GX020044_L.MP4,20301,46.5248,YA_MAC_Transect 5,1.7901,218.376,11.496,11.352,4908.194,22.945,4.998,40.724,-1573.232,-1089.137,-4519.855,YA_MAC,Peter,Kyphosidae,Kyphosus,cinerascens,37361022,1,AD,Passing,
GX020044_L.MP4,20301,46.5248,YA_MAC_Transect 5,1.7901,,12.581,2.364,4905.16,28.772,,,-1963.59,-1313.459,-4298.806,YA_MAC,Peter,Kyphosidae,Kyphosus,cinerascens,37361022,1,AD,Passing,
GX020044_L.MP4,20404,46.5821,YA_MAC_Transect 5,1.8474,65.594,3.088,11.416,1867.309,27.59,38.268,36.475,643.658,-577.59,-1654.973,YA_MAC,Peter,Pomacentridae,Pomacentrus,callainus,temp_code_004,1,AD,Passing,
GX020044_L.MP4,20404,46.5821,YA_MAC_Transect 5,1.8474,246.584,17.05,5.597,3550.087,19.343,62.097,29.002,-321.534,-1131.081,-3349.685,YA_MAC,Peter,Kyphosidae,Kyphosus,cinerascens,37361022,1,AD,Passing,
GX020044_L.MP4,20404,46.5821,YA_MAC_Transect 5,1.8474,,7.246,0.778,3429.089,14.119,,,126.037,-828.883,-3325.014,YA_MAC,Peter,Pomacentridae,Amblyglyphidodon,curacao,37372017,1,AD,Passing,
GX020044_L.MP4,20404,46.5821,YA_MAC_Transect 5,1.8474,67.915,6.78,3.124,3384.991,15.2,15.944,21.872,491.736,-738.844,-3266.569,YA_MAC,Peter,Pomacentridae,Chromis,viridis,37372053,1,AD,Passing,
GX020044_L.MP4,20459,46.6127,YA_MAC_Transect 5,1.878,94.146,3.711,1.996,1617.742,18.304,53.804,3.466,461.863,-211.68,-1535.892,YA_MAC,Peter,Pomacentridae,Chromis,ternatensis,37372051,1,AD,Passing,
GX020044_L.MP4,20468,46.6177,YA_MAC_Transect 5,1.883,,9.023,9,4082.778,25.444,,,-1521.254,-875.366,-3686.271,YA_MAC,Peter,Kyphosidae,Kyphosus,cinerascens,37361022,1,AD,Passing,
GX020044_L.MP4,20468,46.6177,YA_MAC_Transect 5,1.883,,12.31,8.982,4712.939,21.852,,,-1537.067,-847.926,-4373.813,YA_MAC,Peter,Kyphosidae,Kyphosus,cinerascens,37361022,1,AD,Passing,
GX020044_L.MP4,20497,46.6338,YA_MAC_Transect 5,1.8991,,3.578,7.058,2546.686,28.693,,,1178.665,323.85,-2234.162,YA_MAC,Peter,Pomacentridae,Pomacentrus,sp,,1,AD,Passing,
GX020044_L.MP4,20497,46.6338,YA_MAC_Transect 5,1.8991,,5.986,9.968,3392.324,30.601,,,1641.151,535.594,-2920.21,YA_MAC,Peter,Pomacentridae,Pomacentrus,sp,,1,AD,Passing,
GX020044_L.MP4,20497,46.6338,YA_MAC_Transect 5,1.8991,,4.249,10.172,2820.88,30.848,,,1360.112,490.833,-2422.095,YA_MAC,Peter,Pomacentridae,Pomacentrus,sp,,1,AD,Passing,
GX020044_L.MP4,20497,46.6338,YA_MAC_Transect 5,1.8991,,6.491,6.465,3437.751,26.598,,,1451.973,508.992,-3074.22,YA_MAC,Peter,Pomacentridae,Pomacentrus,sp,,1,AD,Passing,
GX020044_L.MP4,20497,46.6338,YA_MAC_Transect 5,1.8991,,6.943,0.837,3490.112,23.68,,,1308.908,499.795,-3196.536,YA_MAC,Peter,Pomacentridae,Pomacentrus,sp,,1,AD,Passing,
GX020044_L.MP4,20497,46.6338,YA_MAC_Transect 5,1.8991,,6.29,4.304,3270.822,20.504,,,1092.581,343.008,-3063.803,YA_MAC,Peter,Pomacentridae,Chromis,viridis,37372053,1,AD,Passing,
GX020044_L.MP4,20530,46.6522,YA_MAC_Transect 5,1.9175,43.806,2.71,1.004,1899.661,19.915,21.576,4.156,275.539,-585.473,-1786.061,YA_MAC,Peter,Pomacentridae,Pomacentrus,maafu,temp_code_005,1,AD,Passing,
GX020044_L.MP4,20530,46.6522,YA_MAC_Transect 5,1.9175,80.294,1.711,3.15,1707.908,6.727,11.161,13.573,78.213,-184.153,-1696.149,YA_MAC,Peter,Pomacentridae,Chromis,viridis,37372053,1,AD,Passing,
GX020044_L.MP4,20556,46.6666,YA_MAC_Transect 5,1.9319,,23.792,2.44,6746.644,22.686,,,-2465.017,-836.79,-6224.201,YA_MAC,Peter,Scaridae,Hipposcarus,longiceps,37386008,1,AD,Passing,
GX020044_L.MP4,20669,46.7295,YA_MAC_Transect 5,1.9948,,8.435,0.415,3927.981,25.182,,,-1430.368,-866.624,-3554.159,YA_MAC,Peter,Pomacentridae,Amblyglyphidodon,curacao,37372017,1,AD,Passing,
GX020044_L.MP4,20669,46.7295,YA_MAC_Transect 5,1.9948,106.07,9.741,11.706,2621.335,23.897,83.269,6.263,-922.624,-525.68,-2396.628,YA_MAC,Peter,Pomacentridae,Stegastes,nigricans,37372135,1,AD,Passing,
GX020044_L.MP4,20743,46.7706,YA_MAC_Transect 5,2.0359,85.328,8.408,2.269,2434.679,23.871,77.72,9.634,984.856,-28.261,-2226.414,YA_MAC,Peter,Pomacentridae,Neoglyphidodon,carlsoni,temp_code_008,1,AD,Passing,
GX020044_L.MP4,20743,46.7706,YA_MAC_Transect 5,2.0359,62.023,4.541,8.17,2205.505,19.363,29.578,7.209,-563.117,-466.503,-2080.751,YA_MAC,Peter,Pomacentridae,Pomacentrus,maafu,temp_code_005,1,AD,Passing,
GX020044_L.MP4,20743,46.7706,YA_MAC_Transect 5,2.0359,,3.501,4.442,2396.535,21.553,,,845.824,-245.583,-2228.823,YA_MAC,Peter,Pomacentridae,Chromis,viridis,37372053,1,AD,Passing,
GX020044_L.MP4,20768,46.7845,YA_MAC_Transect 5,2.0498,,9.898,5.073,4125.614,3.534,,,162.258,193.403,-4117.883,YA_MAC,Peter,Pomacentridae,Amblyglyphidodon,curacao,37372017,1,AD,Passing,
GX020044_L.MP4,20768,46.7845,YA_MAC_Transect 5,2.0498,,6.955,1.984,3426.602,1.898,,,-91.412,65.273,-3424.761,YA_MAC,Peter,Pomacentridae,Amblyglyphidodon,curacao,37372017,1,AD,Passing,
GX020044_L.MP4,20768,46.7845,YA_MAC_Transect 5,2.0498,,9.064,2.484,3924.43,4.488,,,162.452,258.336,-3912.546,YA_MAC,Peter,Pomacentridae,Amblyglyphidodon,curacao,37372017,1,AD,Passing,
GX020044_L.MP4,20768,46.7845,YA_MAC_Transect 5,2.0498,,7.611,3.658,3583.067,4.249,,,-109.15,239.897,-3573.36,YA_MAC,Peter,Pomacentridae,Amblyglyphidodon,curacao,37372017,1,AD,Passing,
GX020044_L.MP4,20768,46.7845,YA_MAC_Transect 5,2.0498,,6.919,3.943,3377.266,8.573,,,-326.717,381.047,-3339.758,YA_MAC,Peter,Pomacentridae,Amblyglyphidodon,curacao,37372017,1,AD,Passing,
GX020044_L.MP4,20768,46.7845,YA_MAC_Transect 5,2.0498,,4.41,3.877,2654.931,5.643,,,-72.839,249.147,-2642.211,YA_MAC,Peter,Pomacentridae,Amblyglyphidodon,curacao,37372017,1,AD,Passing,
GX020044_L.MP4,20768,46.7845,YA_MAC_Transect 5,2.0498,,5.942,3.685,3086.74,10.024,,,231.988,482.86,-3039.9,YA_MAC,Peter,Pomacentridae,Amblyglyphidodon,curacao,37372017,1,AD,Passing,
GX020044_L.MP4,20768,46.7845,YA_MAC_Transect 5,2.0498,,6.573,2.956,3259.624,12.839,,,635.732,345.312,-3178.325,YA_MAC,Peter,Pomacentridae,Amblyglyphidodon,curacao,37372017,1,AD,Passing,
GX020044_L.MP4,20768,46.7845,YA_MAC_Transect 5,2.0498,,5.793,3.015,3047.827,10.968,,,501.032,290.159,-2992.327,YA_MAC,Peter,Pomacentridae,Amblyglyphidodon,curacao,37372017,1,AD,Passing,
GX020044_L.MP4,20768,46.7845,YA_MAC_Transect 5,2.0498,,4.305,7.04,2744.046,25.419,,,1121.733,357.787,-2478.607,YA_MAC,Peter,Pomacentridae,Amblyglyphidodon,curacao,37372017,1,AD,Passing,
GX020044_L.MP4,20768,46.7845,YA_MAC_Transect 5,2.0498,,6.966,13.354,3404.988,10.187,,,-539.134,266.413,-3351.462,YA_MAC,Peter,Pomacentridae,Amblyglyphidodon,curacao,37372017,1,AD,Passing,
GX020044_L.MP4,20768,46.7845,YA_MAC_Transect 5,2.0498,,7.449,1.458,3594.381,16.308,,,-977.696,248.568,-3449.913,YA_MAC,Peter,Pomacentridae,Amblyglyphidodon,curacao,37372017,1,AD,Passing,
GX020044_L.MP4,20768,46.7845,YA_MAC_Transect 5,2.0498,,5.736,1.595,3068.735,13.838,,,-626.704,380.344,-2979.885,YA_MAC,Peter,Pomacentridae,Amblyglyphidodon,curacao,37372017,1,AD,Passing,
GX020044_L.MP4,20768,46.7845,YA_MAC_Transect 5,2.0498,,7.688,6.184,3612.198,10.059,,,-630.598,16.928,-3556.689,YA_MAC,Peter,Pomacentridae,Amblyglyphidodon,curacao,37372017,1,AD,Passing,
GX020044_L.MP4,20768,46.7845,YA_MAC_Transect 5,2.0498,,7.756,1.138,3604.789,7.367,,,-364.57,282.063,-3575.197,YA_MAC,Peter,Pomacentridae,Amblyglyphidodon,curacao,37372017,1,AD,Passing,
GX020044_L.MP4,20768,46.7845,YA_MAC_Transect 5,2.0498,60.806,4.553,7.551,2478.12,11.889,21.043,28.662,505.838,69.101,-2424.96,YA_MAC,Peter,Pomacentridae,Pomacentrus,maafu,temp_code_005,1,AD,Passing,
GX020044_L.MP4,20768,46.7845,YA_MAC_Transect 5,2.0498,86.957,5.496,4.753,2363.297,8.032,30.863,21.643,-256.354,208.176,-2340.111,YA_MAC,Peter,Pomacentridae,Amblyglyphidodon,orbicularis,temp_code_001,1,AD,Passing,
GX020044_L.MP4,20768,46.7845,YA_MAC_Transect 5,2.0498,41.383,3.232,1.629,1721.838,4.562,31.894,8.438,-107.229,-85.185,-1716.383,YA_MAC,Peter,Pomacentridae,Pomacentrus,philippinus,37372123,1,AD,Passing,
GX020044_L.MP4,20841,46.8251,YA_MAC_Transect 5,2.0904,,11.912,3.343,4542.081,15.662,,,-1091.272,-561.722,-4373.11,YA_MAC,Peter,Pomacentridae,Amblyglyphidodon,curacao,37372017,1,AD,Passing,
GX020044_L.MP4,20841,46.8251,YA_MAC_Transect 5,2.0904,,4.479,7.45,2879.197,26.133,,,-1202.544,-404.152,-2584.633,YA_MAC,Peter,Pomacentridae,Chromis,viridis,37372053,1,AD,Passing,
GX020044_L.MP4,20841,46.8251,YA_MAC_Transect 5,2.0904,,6.642,5.053,3324.521,17.804,,,-774.314,-660.449,-3164.915,YA_MAC,Peter,Pomacentridae,Chromis,viridis,37372053,1,AD,Passing,
GX020044_L.MP4,20841,46.8251,YA_MAC_Transect 5,2.0904,,6.039,1.772,3200.754,19.364,,,-899.333,-565.184,-3019.37,YA_MAC,Peter,Pomacentridae,Chromis,viridis,37372053,1,AD,Passing,
GX020044_L.MP4,20841,46.8251,YA_MAC_Transect 5,2.0904,,7.472,1.895,3578.301,15.344,,,-897.315,-304.236,-3450.58,YA_MAC,Peter,Pomacentridae,Chromis,viridis,37372053,1,AD,Passing,
GX020044_L.MP4,20841,46.8251,YA_MAC_Transect 5,2.0904,,7.123,0.092,3500.03,17.826,,,-974.89,-446.522,-3331.729,YA_MAC,Peter,Pomacentridae,Chromis,viridis,37372053,1,AD,Passing,
GX020044_L.MP4,20881,46.8474,YA_MAC_Transect 5,2.1127,78.081,2.499,2.608,1377.118,7.697,50.247,29.851,54.684,-176.141,-1364.711,YA_MAC,Peter,Pomacentridae,Pomacentrus,callainus,temp_code_004,1,AD,Passing,
GX020044_L.MP4,20989,46.9074,YA_MAC_Transect 5,2.1727,84.433,4.086,16.16,1932.621,24.61,46.785,19.6,-522.628,-612.058,-1757.063,YA_MAC,Peter,Pomacentridae,Neoglyphidodon,carlsoni,temp_code_008,1,AD,Passing,
GX020044_L.MP4,21082,46.9591,YA_MAC_Transect 5,2.2244,87.737,2.152,3.28,1480.178,15.546,33.285,34.73,381.742,-107.919,-1426.027,YA_MAC,Peter,Pomacentridae,Amblyglyphidodon,curacao,37372017,1,AD,Passing,
GX020044_L.MP4,21141,46.9919,YA_MAC_Transect 5,2.2573,,5.831,7.563,3234.756,20.299,,,-1116.406,-115.705,-3033.793,YA_MAC,Peter,Pomacentridae,Amblyglyphidodon,curacao,37372017,1,AD,Passing,
GX020044_L.MP4,21141,46.9919,YA_MAC_Transect 5,2.2573,,4.98,0.9,2984.205,21.444,,,-1076.417,-179.453,-2777.518,YA_MAC,Peter,Pomacentridae,Amblyglyphidodon,curacao,37372017,1,AD,Passing,
GX020044_L.MP4,21141,46.9919,YA_MAC_Transect 5,2.2573,,4.57,6.729,2867.021,22.785,,,-1086.902,-228.368,-2643.161,YA_MAC,Peter,Pomacentridae,Amblyglyphidodon,curacao,37372017,1,AD,Passing,
GX020044_L.MP4,21141,46.9919,YA_MAC_Transect 5,2.2573,,3.956,4.49,2655.255,23.581,,,-1028.04,-268.748,-2433.369,YA_MAC,Peter,Pomacentridae,Amblyglyphidodon,curacao,37372017,1,AD,Passing,
GX020044_L.MP4,21141,46.9919,YA_MAC_Transect 5,2.2573,,4.428,4.721,2756.558,19.942,,,-899.998,-273.441,-2591.109,YA_MAC,Peter,Pomacentridae,Amblyglyphidodon,curacao,37372017,1,AD,Passing,
GX020044_L.MP4,21141,46.9919,YA_MAC_Transect 5,2.2573,,6.287,0.224,3365.742,21.011,,,-1174.896,-277.49,-3141.789,YA_MAC,Peter,Pomacentridae,Amblyglyphidodon,curacao,37372017,1,AD,Passing,
GX020044_L.MP4,21141,46.9919,YA_MAC_Transect 5,2.2573,,8.446,7.533,3855.37,16.594,,,-1076.831,-231.766,-3694.672,YA_MAC,Peter,Pomacentridae,Amblyglyphidodon,curacao,37372017,1,AD,Passing,
GX020044_L.MP4,21141,46.9919,YA_MAC_Transect 5,2.2573,,10.529,9.96,4342.575,16.03,,,-1197.74,-61.317,-4173.682,YA_MAC,Peter,Pomacentridae,Amblyglyphidodon,curacao,37372017,1,AD,Passing,
GX020044_L.MP4,21141,46.9919,YA_MAC_Transect 5,2.2573,,9.063,5.688,3992.319,15.631,,,-1059.613,-187.477,-3844.565,YA_MAC,Peter,Pomacentridae,Amblyglyphidodon,curacao,37372017,1,AD,Passing,
GX020044_L.MP4,21161,47.0031,YA_MAC_Transect 5,2.2684,86.648,2.068,8.816,1207.939,21.577,65.625,13.581,-189.421,-401.81,-1123.292,YA_MAC,Peter,Pomacentridae,Amblyglyphidodon,curacao,37372017,1,AD,Passing,
GX020044_L.MP4,21169,47.0075,YA_MAC_Transect 5,2.2728,92.489,1.604,5.975,1829.81,17.455,3.546,10.773,-205.936,-508.761,-1745.554,YA_MAC,Peter,Pomacentridae,Amblyglyphidodon,curacao,37372017,1,AD,Passing,
GX020044_L.MP4,21282,47.0704,YA_MAC_Transect 5,2.3357,66.733,2.192,1.232,2365.838,9.532,4.331,24.403,114.211,-374.766,-2333.173,YA_MAC,Peter,Pomacentridae,Amblyglyphidodon,orbicularis,temp_code_001,1,AD,Passing,
GX020044_L.MP4,21282,47.0704,YA_MAC_Transect 5,2.3357,77.458,4.726,0.543,2539.184,21.362,21.192,19.257,589.761,-712.51,-2364.734,YA_MAC,Peter,Scaridae,Scarus,oviceps,37386022,1,AD,Passing,
GX020044_L.MP4,21282,47.0704,YA_MAC_Transect 5,2.3357,77.116,2.114,2.143,1790.195,12.216,14.789,31.891,294.122,-238.718,-1749.658,YA_MAC,Peter,Pomacentridae,Chromis,viridis,37372053,1,AD,Passing,
GX020044_L.MP4,21300,47.0804,YA_MAC_Transect 5,2.3457,,5.812,1.201,3097.685,7.335,,,-383.892,93.137,-3072.394,YA_MAC,Peter,Pomacentridae,Amblyglyphidodon,curacao,37372017,1,AD,Passing,
GX020044_L.MP4,21300,47.0804,YA_MAC_Transect 5,2.3457,,7.639,2.432,3608.044,1.359,,,-83.345,-21.478,-3607.017,YA_MAC,Peter,Pomacentridae,Amblyglyphidodon,curacao,37372017,1,AD,Passing,
GX020044_L.MP4,21300,47.0804,YA_MAC_Transect 5,2.3457,,9.993,1.162,4158.367,5.007,,,-360.692,37.602,-4142.524,YA_MAC,Peter,Pomacentridae,Amblyglyphidodon,curacao,37372017,1,AD,Passing,
GX020044_L.MP4,21300,47.0804,YA_MAC_Transect 5,2.3457,,7.87,0.612,3650.972,7.594,,,-475.169,-85.958,-3618.898,YA_MAC,Peter,Pomacentridae,Amblyglyphidodon,curacao,37372017,1,AD,Passing,
GX020044_L.MP4,21300,47.0804,YA_MAC_Transect 5,2.3457,,7.256,2.916,3486.775,9.318,,,-525.027,-209.489,-3440.649,YA_MAC,Peter,Pomacentridae,Amblyglyphidodon,curacao,37372017,1,AD,Passing,
GX020044_L.MP4,21300,47.0804,YA_MAC_Transect 5,2.3457,,8.629,2.348,3830.093,10.548,,,-665.809,-221.872,-3765.247,YA_MAC,Peter,Pomacentridae,Amblyglyphidodon,curacao,37372017,1,AD,Passing,
GX020044_L.MP4,21300,47.0804,YA_MAC_Transect 5,2.3457,,9.393,1.59,4068.394,15.443,,,-1070.576,-168.043,-3921.41,YA_MAC,Peter,Pomacentridae,Amblyglyphidodon,curacao,37372017,1,AD,Passing,
GX020044_L.MP4,21300,47.0804,YA_MAC_Transect 5,2.3457,,12.445,4.623,4687.345,15.184,,,-1177.179,-351.341,-4523.496,YA_MAC,Peter,Pomacentridae,Amblyglyphidodon,curacao,37372017,1,AD,Passing,
GX020044_L.MP4,21300,47.0804,YA_MAC_Transect 5,2.3457,,5.543,4.773,3041.174,15.282,,,-741.521,-306.082,-2933.462,YA_MAC,Peter,Pomacentridae,Amblyglyphidodon,curacao,37372017,1,AD,Passing,
GX020044_L.MP4,21300,47.0804,YA_MAC_Transect 5,2.3457,,8.979,8.894,3893.071,15.001,,,-838.31,-561.367,-3760.067,YA_MAC,Peter,Pomacentridae,Amblyglyphidodon,curacao,37372017,1,AD,Passing,
GX020044_L.MP4,21300,47.0804,YA_MAC_Transect 5,2.3457,,2.72,0.467,2070.873,19.071,,,-567.279,-369.952,-1956.999,YA_MAC,Peter,Pomacentridae,Amblyglyphidodon,curacao,37372017,1,AD,Passing,
GX020044_L.MP4,21300,47.0804,YA_MAC_Transect 5,2.3457,,5.003,6.284,2840.687,7.196,,,-178.721,-309.329,-2818.134,YA_MAC,Peter,Pomacentridae,Amblyglyphidodon,orbicularis,temp_code_001,1,AD,Passing,
GX020044_L.MP4,21300,47.0804,YA_MAC_Transect 5,2.3457,,2.753,1.991,2045.065,4.02,,,120.9,75.864,-2040.078,YA_MAC,Peter,Pomacentridae,Chromis,viridis,37372053,1,AD,Passing,
GX020044_L.MP4,21331,47.0976,YA_MAC_Transect 5,2.3629,77.067,5.512,3.9,2242.515,19.163,43.599,29.759,384.329,-627.835,-2118.251,YA_MAC,Peter,Chaetodontidae,Chaetodon,baronessa,37365034,1,AD,Passing,
GX020044_L.MP4,21337,47.1009,YA_MAC_Transect 5,2.3663,72.559,3.03,2.629,1783.27,23.403,34.609,18.134,313.951,-634.941,-1636.562,YA_MAC,Peter,Chaetodontidae,Chaetodon,baronessa,37365034,1,AD,Passing,
GX020044_L.MP4,21441,47.1588,YA_MAC_Transect 5,2.4241,308.156,15.374,6.371,3341.166,20.807,65.472,12.047,-1159.398,-253.687,-3123.273,YA_MAC,Peter,Scaridae,Chlorurus,bleekeri,37386011,1,AD,Passing,
GX020044_L.MP4,21481,47.181,YA_MAC_Transect 5,2.4463,220.085,8.985,6.581,3623.278,8.472,19.482,14.603,-308.819,-435.396,-3583.741,YA_MAC,Peter,Holocentridae,Sargocentron,spiniferum,37261029,1,AD,Passing,
GX020044_L.MP4,21532,47.2094,YA_MAC_Transect 5,2.4747,92.313,3.353,3.827,1821.016,12.086,31.21,13.954,118.66,-362.35,-1780.652,YA_MAC,Peter,Chaetodontidae,Chaetodon,baronessa,37365034,1,AD,Passing,
GX020044_L.MP4,21532,47.2094,YA_MAC_Transect 5,2.4747,63.5,2.248,3.847,1494.596,9.722,30.654,20.818,-138.303,-211.108,-1473.134,YA_MAC,Peter,Pomacentridae,Pomacentrus,maafu,temp_code_005,1,AD,Passing,
GX020044_L.MP4,21582,47.2372,YA_MAC_Transect 5,2.5025,98.523,3.34,7.964,2088.959,18.812,23.35,1.137,-223.684,-635.404,-1977.366,YA_MAC,Peter,Chaetodontidae,Chaetodon,baronessa,37365034,1,AD,Passing,
GX020044_L.MP4,21630,47.2639,YA_MAC_Transect 5,2.5292,132.109,5.816,6.223,2036.111,18.938,61.618,17.376,-536.33,-386.051,-1925.893,YA_MAC,Peter,Acanthuridae,Acanthurus,sp,,1,AD,Passing,
GX020044_L.MP4,21630,47.2639,YA_MAC_Transect 5,2.5292,109.431,2.96,5.422,2127.278,13.386,19.34,38.774,72.973,-487.036,-2069.489,YA_MAC,Peter,Scaridae,Chlorurus,spilurus,temp_code_002,1,AD,Passing,
GX020044_L.MP4,21658,47.2795,YA_MAC_Transect 5,2.5448,113.775,4.945,5.162,3527.679,17.227,1.303,6.55,619.794,-841.019,-3369.43,YA_MAC,Peter,Acanthuridae,Acanthurus,sp,,1,AD,Passing,
GX020044_L.MP4,21716,47.3117,YA_MAC_Transect 5,2.577,170.247,9.336,4.849,3973.25,14.809,16.773,13.8,417.136,-925.897,-3841.28,YA_MAC,Peter,Acanthuridae,Ctenochaetus,cyanocheilus,37437023,1,AD,Passing,
