Filename,Frame,Time (mins),Period,Period time (mins),Length (mm),Precision (mm),RMS (mm),Range (mm),Direction (deg),Horz. Dir. (deg),Vert. Dir. (deg),Mid X (mm),Mid Y (mm),Mid Z (mm),OpCode,TapeReader,Family,Genus,Species,Code,Number,Stage,Activity,Comment,,
GX010036_L.MP4,25011,13.9089,KAD_CAT_Transect 1,0.1223,39.79,1.892,10.749,1501.58,16.502,15.197,5.947,-412.555,-108.276,-1439.728,KAD_CAT_1,Peter,Labridae,Thalassoma,amblycephalum,37384164,1,J,Passing,IP,,
GX010036_L.MP4,25011,13.9089,KAD_CAT_Transect 1,0.1223,32.977,1.822,11.623,1374.49,20.657,21.801,5.001,-461.521,-148.72,-1286.12,KAD_CAT_1,Peter,Labridae,Thalassoma,amblycephalum,37384164,1,J,Passing,IP,,
GX010036_L.MP4,25011,13.9089,KAD_CAT_Transect 1,0.1223,34.824,1.898,10.846,1470.023,19.187,16.035,9.38,-476.432,-80.081,-1388.368,KAD_CAT_1,Peter,Labridae,Thalassoma,amblycephalum,37384164,1,J,Passing,IP,,
GX010036_L.MP4,25032,13.9206,KAD_CAT_Transect 1,0.134,69.365,0.89,3.382,1176.803,10.399,0.514,21.794,56.679,-204.708,-1157.475,KAD_CAT_1,Peter,Pomacentridae,Chromis,ternatensis,37372051,1,AD,Passing,,,
GX010036_L.MP4,25032,13.9206,KAD_CAT_Transect 1,0.134,68.601,0.915,4.719,1166.034,12.202,6.83,13.795,-76.79,-234.18,-1139.692,KAD_CAT_1,Peter,Pomacentridae,Chromis,ternatensis,37372051,1,AD,Passing,,,
GX010036_L.MP4,25047,13.9289,KAD_CAT_Transect 1,0.1424,57.608,2.728,4.558,1462.715,19.518,51.894,21.349,-467.43,-142.632,-1378.659,KAD_CAT_1,Peter,Pomacentridae,Chromis,ternatensis,37372051,1,AD,Passing,,,
GX010036_L.MP4,25047,13.9289,KAD_CAT_Transect 1,0.1424,,2.973,1.308,2200.526,18.319,,,-688.632,-65.819,-2088.963,KAD_CAT_1,Peter,Pomacentridae,Chromis,ternatensis,37372051,1,AD,Passing,,,
GX010036_L.MP4,25079,13.9467,KAD_CAT_Transect 1,0.1602,,4.689,11.931,2986.188,30.179,,,-1346.072,663.049,-2581.816,KAD_CAT_1,Peter,Pomacentridae,Pomacentrus,philippinus,37372123,1,AD,Passing,,,
GX010036_L.MP4,25079,13.9467,KAD_CAT_Transect 1,0.1602,,4.797,9.165,2983.793,27.681,,,-1255.049,586.81,-2642.636,KAD_CAT_1,Peter,Pomacentridae,Stegastes,lacrymatus,temp_code_006,1,AD,Passing,,,
GX010036_L.MP4,25163,13.9934,KAD_CAT_Transect 1,0.2069,,1.94,4.093,1704.758,18.322,,,3.178,-536.847,-1618.018,KAD_CAT_1,Peter,Pomacentridae,Chromis,margaritifer,37372047,1,AD,Passing,,,
GX010036_L.MP4,25163,13.9934,KAD_CAT_Transect 1,0.2069,,2.584,1.762,1972.272,15.757,,,175.83,-507.019,-1897.86,KAD_CAT_1,Peter,Pomacentridae,Chromis,margaritifer,37372047,1,AD,Passing,,,
GX010036_L.MP4,25163,13.9934,KAD_CAT_Transect 1,0.2069,,2.76,1.434,2046.812,13.795,,,44.49,-487.203,-1987.484,KAD_CAT_1,Peter,Pomacentridae,Chromis,margaritifer,37372047,1,AD,Passing,,,
GX010036_L.MP4,25174,13.9995,KAD_CAT_Transect 1,0.213,90.859,2.932,10.647,2147.137,23.284,8.679,22.905,-684.468,-501.855,-1972.269,KAD_CAT_1,Peter,Pomacentridae,Stegastes,lacrymatus,temp_code_006,1,AD,Passing,,,
GX010036_L.MP4,25189,14.0079,KAD_CAT_Transect 1,0.2213,43.417,3.229,1.343,2624.88,7.966,8.884,26.416,-342.488,-122.586,-2599.552,KAD_CAT_1,Peter,Pomacentridae,Chromis,margaritifer,37372047,1,AD,Passing,,,
GX010036_L.MP4,25189,14.0079,KAD_CAT_Transect 1,0.2213,,2.475,1.563,1933.362,16.271,,,97.027,-534.016,-1855.614,KAD_CAT_1,Peter,Pomacentridae,Chromis,margaritifer,37372047,1,AD,Passing,,,
GX010036_L.MP4,25189,14.0079,KAD_CAT_Transect 1,0.2213,,3.211,0.16,2211.156,12.348,,,233.258,-412.563,-2159.767,KAD_CAT_1,Peter,Pomacentridae,Chromis,margaritifer,37372047,1,AD,Passing,,,
GX010036_L.MP4,25189,14.0079,KAD_CAT_Transect 1,0.2213,,4.714,3.699,2719.855,12.36,,,437.613,-385.562,-2656.586,KAD_CAT_1,Peter,Pomacentridae,Chromis,margaritifer,37372047,1,AD,Passing,,,
GX010036_L.MP4,25189,14.0079,KAD_CAT_Transect 1,0.2213,,4.61,2.829,2710.21,7.709,,,23.873,-364.325,-2685.504,KAD_CAT_1,Peter,Pomacentridae,Chromis,margaritifer,37372047,1,AD,Passing,,,
GX010036_L.MP4,25189,14.0079,KAD_CAT_Transect 1,0.2213,,4.027,1.382,2524.88,5.845,,,-28.803,-256.965,-2511.604,KAD_CAT_1,Peter,Pomacentridae,Chromis,margaritifer,37372047,1,AD,Passing,,,
GX010036_L.MP4,25189,14.0079,KAD_CAT_Transect 1,0.2213,,5.634,5.794,3034.712,5.234,,,10.577,-278.405,-3021.896,KAD_CAT_1,Peter,Pomacentridae,Chromis,margaritifer,37372047,1,AD,Passing,,,
GX010036_L.MP4,25189,14.0079,KAD_CAT_Transect 1,0.2213,,11.032,2.647,4367.118,4.551,,,-80.769,-339.541,-4353.149,KAD_CAT_1,Peter,Pomacentridae,Chromis,margaritifer,37372047,1,AD,Passing,,,
GX010036_L.MP4,25189,14.0079,KAD_CAT_Transect 1,0.2213,,9.715,2.561,4081.929,4.431,,,-77.918,-307.936,-4069.551,KAD_CAT_1,Peter,Pomacentridae,Chromis,margaritifer,37372047,1,AD,Passing,,,
GX010036_L.MP4,25189,14.0079,KAD_CAT_Transect 1,0.2213,,8.483,6.489,3806.812,3.187,,,-75.427,-199.962,-3800.808,KAD_CAT_1,Peter,Pomacentridae,Chromis,margaritifer,37372047,1,AD,Passing,,,
GX010036_L.MP4,25189,14.0079,KAD_CAT_Transect 1,0.2213,,4.993,3.316,2851.33,7.542,,,-361.303,-99.127,-2826.609,KAD_CAT_1,Peter,Pomacentridae,Chromis,margaritifer,37372047,1,AD,Passing,,,
GX010036_L.MP4,25189,14.0079,KAD_CAT_Transect 1,0.2213,,7.625,0.908,3589.353,6.805,,,-415.005,-95.001,-3564.015,KAD_CAT_1,Peter,Pomacentridae,Chromis,margaritifer,37372047,1,AD,Passing,,,
GX010036_L.MP4,25189,14.0079,KAD_CAT_Transect 1,0.2213,,6.77,4.375,3371.473,4.701,,,-274.81,-30.454,-3360.116,KAD_CAT_1,Peter,Pomacentridae,Chromis,margaritifer,37372047,1,AD,Passing,,,
GX010036_L.MP4,25189,14.0079,KAD_CAT_Transect 1,0.2213,,11.233,1.571,4417.69,7.106,,,-544.37,-50.311,-4383.733,KAD_CAT_1,Peter,Pomacentridae,Chromis,margaritifer,37372047,1,AD,Passing,,,
GX010036_L.MP4,25189,14.0079,KAD_CAT_Transect 1,0.2213,,7.93,1.677,3684.522,12.078,,,-768.766,56.155,-3602.992,KAD_CAT_1,Peter,Pomacentridae,Chromis,margaritifer,37372047,1,AD,Passing,,,
GX010036_L.MP4,25189,14.0079,KAD_CAT_Transect 1,0.2213,,6.817,3.439,3392.548,11.389,,,-669.373,25.184,-3325.761,KAD_CAT_1,Peter,Pomacentridae,Chromis,margaritifer,37372047,1,AD,Passing,,,
GX010036_L.MP4,25189,14.0079,KAD_CAT_Transect 1,0.2213,,12.028,2.762,4587.266,10.596,,,-843.089,-30.41,-4509.023,KAD_CAT_1,Peter,Pomacentridae,Chromis,margaritifer,37372047,1,AD,Passing,,,
GX010036_L.MP4,25189,14.0079,KAD_CAT_Transect 1,0.2213,,9.073,2.638,3947.525,10.345,,,-706.427,-61.276,-3883.318,KAD_CAT_1,Peter,Pomacentridae,Chromis,margaritifer,37372047,1,AD,Passing,,,
GX010036_L.MP4,25189,14.0079,KAD_CAT_Transect 1,0.2213,,9.039,0.513,3934.646,8.233,,,-563.38,4.841,-3894.101,KAD_CAT_1,Peter,Pomacentridae,Chromis,margaritifer,37372047,1,AD,Passing,,,
GX010036_L.MP4,25189,14.0079,KAD_CAT_Transect 1,0.2213,,6.749,2.966,3361.496,8.053,,,-466.919,59.167,-3328.384,KAD_CAT_1,Peter,Pomacentridae,Chromis,margaritifer,37372047,1,AD,Passing,,,
GX010036_L.MP4,25189,14.0079,KAD_CAT_Transect 1,0.2213,,6.362,2.698,3322.994,16.499,,,-941.16,-71.301,-3186.13,KAD_CAT_1,Peter,Pomacentridae,Chromis,margaritifer,37372047,1,AD,Passing,,,
GX010036_L.MP4,25189,14.0079,KAD_CAT_Transect 1,0.2213,,3.406,0.982,2368.286,17.563,,,-714.39,17.263,-2257.903,KAD_CAT_1,Peter,Pomacentridae,Chromis,margaritifer,37372047,1,AD,Passing,,,
GX010036_L.MP4,25189,14.0079,KAD_CAT_Transect 1,0.2213,,3.28,0.671,2464.196,27.271,,,-1111.655,196.339,-2190.419,KAD_CAT_1,Peter,Pomacentridae,Chromis,margaritifer,37372047,1,AD,Passing,,,
GX010036_L.MP4,25189,14.0079,KAD_CAT_Transect 1,0.2213,,3.508,0.409,2496.477,23.534,,,-990.932,106.812,-2288.895,KAD_CAT_1,Peter,Pomacentridae,Chromis,margaritifer,37372047,1,AD,Passing,,,
GX010036_L.MP4,25189,14.0079,KAD_CAT_Transect 1,0.2213,,4.334,4.766,2727.074,19.169,,,-885.958,128.628,-2575.94,KAD_CAT_1,Peter,Pomacentridae,Chromis,margaritifer,37372047,1,AD,Passing,,,
GX010036_L.MP4,25189,14.0079,KAD_CAT_Transect 1,0.2213,,4.309,11.8,2739.171,20.406,,,-946.615,125.308,-2567.348,KAD_CAT_1,Peter,Pomacentridae,Chromis,margaritifer,37372047,1,AD,Passing,,,
GX010036_L.MP4,25189,14.0079,KAD_CAT_Transect 1,0.2213,,4.762,0.127,2860.588,18.483,,,-896.014,138.31,-2713.115,KAD_CAT_1,Peter,Pomacentridae,Chromis,margaritifer,37372047,1,AD,Passing,,,
GX010036_L.MP4,25191,14.009,KAD_CAT_Transect 1,0.2224,251.929,7.257,6.855,3744.309,16.685,1.91,19.22,-1073.555,56.462,-3586.662,KAD_CAT_1,Peter,Scaridae,Scarus,globiceps,37386018,1,AD,Passing,,,
GX010036_L.MP4,25204,14.0162,KAD_CAT_Transect 1,0.2297,64.719,2.717,5.859,2841.654,4.231,4.56,0.572,113.279,-176.424,-2833.909,KAD_CAT_1,Peter,Pomacentridae,Chromis,ternatensis,37372051,1,AD,Passing,,,
GX010036_L.MP4,25204,14.0162,KAD_CAT_Transect 1,0.2297,75.476,6.389,4.388,3090.589,4.231,18.141,15.223,213.25,-80.674,-3082.167,KAD_CAT_1,Peter,Pomacentridae,Chromis,ternatensis,37372051,1,AD,Passing,,,
GX010036_L.MP4,25204,14.0162,KAD_CAT_Transect 1,0.2297,,3.637,1.592,2452.082,17.453,,,-728.51,99.413,-2339.251,KAD_CAT_1,Peter,Pomacentridae,Chromis,ternatensis,37372051,1,AD,Passing,,,
GX010036_L.MP4,25204,14.0162,KAD_CAT_Transect 1,0.2297,,5.772,0.481,3116.909,14.622,,,-764.307,185.11,-3016.072,KAD_CAT_1,Peter,Pomacentridae,Chromis,ternatensis,37372051,1,AD,Passing,,,
GX010036_L.MP4,25204,14.0162,KAD_CAT_Transect 1,0.2297,,4.21,1.572,2616.953,13.401,,,-595.662,112.793,-2545.763,KAD_CAT_1,Peter,Pomacentridae,Chromis,ternatensis,37372051,1,AD,Passing,,,
GX010036_L.MP4,25204,14.0162,KAD_CAT_Transect 1,0.2297,,3.658,1.145,2426.304,13.649,,,-570.693,-47.615,-2357.752,KAD_CAT_1,Peter,Pomacentridae,Chromis,ternatensis,37372051,1,AD,Passing,,,
GX010036_L.MP4,25204,14.0162,KAD_CAT_Transect 1,0.2297,,6.482,1.751,3293.043,9.518,,,-544.459,5.624,-3247.717,KAD_CAT_1,Peter,Pomacentridae,Chromis,ternatensis,37372051,1,AD,Passing,,,
GX010036_L.MP4,25204,14.0162,KAD_CAT_Transect 1,0.2297,,7.787,3.842,3632.825,9.601,,,-599.914,82.831,-3581.991,KAD_CAT_1,Peter,Pomacentridae,Chromis,ternatensis,37372051,1,AD,Passing,,,
GX010036_L.MP4,25204,14.0162,KAD_CAT_Transect 1,0.2297,,7.633,3.465,3579.603,9.98,,,-569.199,244.58,-3525.585,KAD_CAT_1,Peter,Pomacentridae,Chromis,ternatensis,37372051,1,AD,Passing,,,
GX010036_L.MP4,25204,14.0162,KAD_CAT_Transect 1,0.2297,,6.971,1.393,3409.536,7.142,,,-362.471,217.842,-3383.208,KAD_CAT_1,Peter,Pomacentridae,Chromis,ternatensis,37372051,1,AD,Passing,,,
GX010036_L.MP4,25204,14.0162,KAD_CAT_Transect 1,0.2297,,5.439,3.61,2987.412,7.496,,,-376.409,99.363,-2961.937,KAD_CAT_1,Peter,Pomacentridae,Chromis,ternatensis,37372051,1,AD,Passing,,,
GX010036_L.MP4,25204,14.0162,KAD_CAT_Transect 1,0.2297,,6.339,3.958,3248.584,5.95,,,-322.322,95.533,-3231.142,KAD_CAT_1,Peter,Pomacentridae,Chromis,ternatensis,37372051,1,AD,Passing,,,
GX010036_L.MP4,25204,14.0162,KAD_CAT_Transect 1,0.2297,,7.691,2.108,3609.836,5.747,,,-359.213,38.057,-3591.717,KAD_CAT_1,Peter,Pomacentridae,Chromis,ternatensis,37372051,1,AD,Passing,,,
GX010036_L.MP4,25204,14.0162,KAD_CAT_Transect 1,0.2297,,4.344,3.398,2645.125,2.766,,,-114.127,-58.715,-2642.009,KAD_CAT_1,Peter,Pomacentridae,Chromis,ternatensis,37372051,1,AD,Passing,,,
GX010036_L.MP4,25204,14.0162,KAD_CAT_Transect 1,0.2297,,6.562,1.918,3319.162,2.802,,,-161.692,11.745,-3315.2,KAD_CAT_1,Peter,Pomacentridae,Chromis,ternatensis,37372051,1,AD,Passing,,,
GX010036_L.MP4,25204,14.0162,KAD_CAT_Transect 1,0.2297,,4.344,3.18,2641.458,2.078,,,56.949,-78.528,-2639.676,KAD_CAT_1,Peter,Pomacentridae,Chromis,ternatensis,37372051,1,AD,Passing,,,
GX010036_L.MP4,25204,14.0162,KAD_CAT_Transect 1,0.2297,,3.673,2.051,2401.268,4.22,,,94.228,-150.863,-2394.671,KAD_CAT_1,Peter,Pomacentridae,Chromis,ternatensis,37372051,1,AD,Passing,,,
GX010036_L.MP4,25204,14.0162,KAD_CAT_Transect 1,0.2297,,5.437,2.777,2963.84,6.443,,,211.903,-258.091,-2944.967,KAD_CAT_1,Peter,Pomacentridae,Chromis,ternatensis,37372051,1,AD,Passing,,,
GX010036_L.MP4,25204,14.0162,KAD_CAT_Transect 1,0.2297,,3.727,4.724,2405.46,8.282,,,235.102,-255.931,-2380.223,KAD_CAT_1,Peter,Pomacentridae,Chromis,ternatensis,37372051,1,AD,Passing,,,
GX010036_L.MP4,25204,14.0162,KAD_CAT_Transect 1,0.2297,,4.438,2.353,2650.816,7.444,,,304.721,-159.922,-2628.383,KAD_CAT_1,Peter,Pomacentridae,Chromis,ternatensis,37372051,1,AD,Passing,,,
GX010036_L.MP4,25204,14.0162,KAD_CAT_Transect 1,0.2297,,5.37,5.895,2932.527,10.73,,,506.751,-204.928,-2881.132,KAD_CAT_1,Peter,Pomacentridae,Chromis,ternatensis,37372051,1,AD,Passing,,,
GX010036_L.MP4,25224,14.0273,KAD_CAT_Transect 1,0.2408,214.518,19.453,14.706,3746.855,22.583,81.506,24.526,1272.75,-671.137,-3459.567,KAD_CAT_1,Peter,Scaridae,Scarus,psittacus,37386024,1,AD,Passing,,,
GX010036_L.MP4,25249,14.0412,KAD_CAT_Transect 1,0.2547,81.746,6.143,5.007,2263.909,20.488,46.732,8.502,-787.898,84.286,-2120.707,KAD_CAT_1,Peter,Pomacentridae,Chromis,ternatensis,37372051,1,AD,Passing,measurement of point,school aa,
GX010036_L.MP4,25249,14.0412,KAD_CAT_Transect 1,0.2547,72.332,4.313,4.592,2572.896,15.832,13.056,19.566,-700.415,46.234,-2475.293,KAD_CAT_1,Peter,Pomacentridae,Chromis,ternatensis,37372051,1,AD,Passing,measurement of point,school aa,
GX010036_L.MP4,25249,14.0412,KAD_CAT_Transect 1,0.2547,64.837,5.82,6.123,2265.733,13.214,36.025,6.217,-517,-30.694,-2205.746,KAD_CAT_1,Peter,Pomacentridae,Chromis,ternatensis,37372051,1,AD,Passing,measurement of point,school aa,
GX010036_L.MP4,25270,14.0529,KAD_CAT_Transect 1,0.2664,74.666,4.078,1.333,2058.766,22.481,30.332,7.765,-786.952,-20.659,-1902.314,KAD_CAT_1,Peter,Pomacentridae,Chromis,ternatensis,37372051,1,AD,Passing,measurement of point,school aa,
GX010036_L.MP4,25275,14.0557,KAD_CAT_Transect 1,0.2692,80.773,2.52,6.217,1777.236,23.501,16.303,3.282,-616.078,-350.311,-1629.816,KAD_CAT_1,Peter,Pomacentridae,Chromis,ternatensis,37372051,1,AD,Passing,,,
GX010036_L.MP4,25275,14.0557,KAD_CAT_Transect 1,0.2692,55.041,2.936,5.571,1676.658,22.131,80.447,50.577,-526.511,-348.952,-1553.126,KAD_CAT_1,Peter,Pomacentridae,Chromis,margaritifer,37372047,1,AD,Passing,,,
GX010036_L.MP4,25275,14.0557,KAD_CAT_Transect 1,0.2692,88.727,5.17,1.706,1846.863,19.788,74.689,14.671,-472.894,-409.025,-1737.807,KAD_CAT_1,Peter,Pomacentridae,Chromis,ternatensis,37372051,1,AD,Passing,,,
GX010036_L.MP4,25278,14.0574,KAD_CAT_Transect 1,0.2708,,7.225,1.208,3516.872,14.502,,,-855.665,-210.397,-3404.697,KAD_CAT_1,Peter,Chaetodontidae,Chaetodon,plebeius,37365050,1,AD,Passing,,,
GX010036_L.MP4,25278,14.0574,KAD_CAT_Transect 1,0.2708,79.322,4.119,6.958,1873.596,21.111,43.92,7.161,-613.728,-280.581,-1747.849,KAD_CAT_1,Peter,Pomacentridae,Chromis,ternatensis,37372051,1,AD,Passing,school aa,,
GX010036_L.MP4,25278,14.0574,KAD_CAT_Transect 1,0.2708,68.901,4.866,4.214,1940.886,22.306,57.436,11.275,-710.02,-196.356,-1795.649,KAD_CAT_1,Peter,Pomacentridae,Chromis,margaritifer,37372047,1,AD,Passing,,,
GX010036_L.MP4,25278,14.0574,KAD_CAT_Transect 1,0.2708,55.451,4.54,7.989,2081.646,20.994,43.119,26.863,-722.891,-183.385,-1943.463,KAD_CAT_1,Peter,Pomacentridae,Chromis,ternatensis,37372051,1,AD,Passing,school aa,,
GX010036_L.MP4,25290,14.064,KAD_CAT_Transect 1,0.2775,,2.847,5.161,2096.795,18.046,,,-222.546,-611.405,-1993.29,KAD_CAT_1,Peter,Pomacentridae,Chromis,margaritifer,37372047,1,AD,Passing,,,
GX010036_L.MP4,25320,14.0807,KAD_CAT_Transect 1,0.2942,172.062,16.5,7.262,3161.419,15.701,86.644,26.338,137.26,-844.471,-3043.452,KAD_CAT_1,Peter,Holocentridae,Myripristis,kuntee,37261011,1,AD,Passing,,,
GX010036_L.MP4,25321,14.0813,KAD_CAT_Transect 1,0.2947,93.081,3.059,5.623,1994.458,20.162,13.888,6.975,-669.923,154.271,-1872.236,KAD_CAT_1,Peter,Pomacentridae,Chromis,ternatensis,37372051,1,AD,Passing,school aa,,
GX010036_L.MP4,25321,14.0813,KAD_CAT_Transect 1,0.2947,96.784,3.219,2.707,2452.283,9.403,9.048,13.172,-396.235,59.439,-2419.33,KAD_CAT_1,Peter,Pomacentridae,Chromis,ternatensis,37372051,1,AD,Passing,school aa,,
GX010036_L.MP4,25334,14.0885,KAD_CAT_Transect 1,0.302,105.261,1.912,12.657,1643.817,23.533,17.17,39.508,-425.824,-499.454,-1507.101,KAD_CAT_1,Peter,Labridae,Anampses,neoguinaicus,37384050,1,AD,Passing,,,
GX010036_L.MP4,25377,14.1124,KAD_CAT_Transect 1,0.3259,80.367,1.119,3.341,1126.037,20.931,24.692,22.112,163.168,-367.7,-1051.728,KAD_CAT_1,Peter,Pomacentridae,Plectroglyphidodon,fasciolatus,temp_code_011,1,AD,Passing,,,
GX010036_L.MP4,25844,14.3721,KAD_CAT_Transect 1,0.5856,,29.493,1.168,7295.89,5.996,,,-650.888,-400.658,-7255.745,KAD_CAT_1,Peter,Acanthuridae,Acanthurus,nigrofuscus,37437014,1,AD,Passing,,,
GX010036_L.MP4,25844,14.3721,KAD_CAT_Transect 1,0.5856,,26.594,3.499,6878.05,9.416,,,-1038.604,-437.049,-6785.121,KAD_CAT_1,Peter,Acanthuridae,Acanthurus,nigrofuscus,37437014,1,AD,Passing,,,
GX010036_L.MP4,25844,14.3721,KAD_CAT_Transect 1,0.5856,,28.007,11.769,7018.73,12.655,,,-1353.151,-734.324,-6847.796,KAD_CAT_1,Peter,Acanthuridae,Acanthurus,nigrofuscus,37437014,1,AD,Passing,,,
GX010036_L.MP4,25860,14.381,KAD_CAT_Transect 1,0.5945,227.505,6.141,2.424,3670.98,16.722,11.777,19.838,246.606,-1027.06,-3515.74,KAD_CAT_1,Peter,Acanthuridae,Acanthurus,lineatus,37437010,1,AD,Passing,,,
GX010036_L.MP4,25886,14.3955,KAD_CAT_Transect 1,0.6089,289.364,14.341,2.141,4777.995,3.121,17.965,16.09,62.894,-252.427,-4770.908,KAD_CAT_1,Peter,Acanthuridae,Acanthurus,blochii,37437007,1,AD,Passing,,,
GX010036_L.MP4,25896,14.4011,KAD_CAT_Transect 1,0.6145,,23.057,0.645,6352.029,13.329,,,1443.629,242.069,-6181.069,KAD_CAT_1,Peter,Scaridae,Chlorurus,spilurus,temp_code_002,1,AD,Passing,,,
GX010036_L.MP4,25896,14.4011,KAD_CAT_Transect 1,0.6145,,20.23,2.589,6093.86,20.023,,,2079.844,163.152,-5725.623,KAD_CAT_1,Peter,Scaridae,Scarus,oviceps,37386022,1,AD,Passing,,,
GX010036_L.MP4,25980,14.4478,KAD_CAT_Transect 1,0.6612,209.752,17.007,5.267,4017.248,28.899,83.932,33.184,1925.663,-246.539,-3517.004,KAD_CAT_1,Peter,Acanthuridae,Ctenochaetus,striatus,37437022,1,AD,Passing,,,
GX010036_L.MP4,26125,14.5284,KAD_CAT_Transect 1,0.7419,250.399,7.671,2.875,3934.424,16.338,3.823,8.484,942.497,580.147,-3775.556,KAD_CAT_1,Peter,Scaridae,Chlorurus,spilurus,temp_code_002,1,AD,Passing,,,
GX010036_L.MP4,26174,14.5557,KAD_CAT_Transect 1,0.7691,258.839,8.819,2.818,3443.344,14.67,23.399,27.836,-864.282,-115.83,-3331.098,KAD_CAT_1,Peter,Scaridae,Chlorurus,spilurus,temp_code_002,1,AD,Passing,,,
GX010036_L.MP4,26174,14.5557,KAD_CAT_Transect 1,0.7691,101.972,7.346,3.281,2759.463,16.041,67.469,53.613,-740.594,-181.572,-2652.016,KAD_CAT_1,Peter,Chaetodontidae,Forcipiger,flavissimus,37365068,1,AD,Passing,,,
GX010036_L.MP4,26235,14.5896,KAD_CAT_Transect 1,0.803,103.83,3.623,3.826,2209.989,19.972,18.161,9.699,554.731,-511.939,-2077.075,KAD_CAT_1,Peter,Acanthuridae,Zebrasoma,scopas,37437036,1,AD,Passing,,,
GX010036_L.MP4,26319,14.6363,KAD_CAT_Transect 1,0.8497,201.114,19.607,16.744,4638.539,30.919,45.011,21.638,2336.288,471.477,-3979.386,KAD_CAT_1,Peter,Scaridae,Chlorurus,spilurus,temp_code_002,1,AD,Passing,,,
GX010036_L.MP4,26378,14.6691,KAD_CAT_Transect 1,0.8825,318.489,23.646,4.695,5604.651,10.985,28.188,38.123,-752.786,-757.604,-5501.951,KAD_CAT_1,Peter,Acanthuridae,Acanthurus,blochii,37437007,1,AD,Passing,,,
GX010036_L.MP4,26378,14.6691,KAD_CAT_Transect 1,0.8825,226.298,6.284,2.478,3939.623,12.902,10.645,56.383,-610.455,-633.359,-3840.161,KAD_CAT_1,Peter,Scaridae,Chlorurus,spilurus,temp_code_002,1,AD,Passing,,,
GX010036_L.MP4,26395,14.6786,KAD_CAT_Transect 1,0.892,247.694,7.426,5.513,3534.995,21.005,17.851,36.652,-434.572,-1190.276,-3300.087,KAD_CAT_1,Peter,Acanthuridae,Acanthurus,lineatus,37437010,1,AD,Passing,,,
GX010036_L.MP4,26401,14.6819,KAD_CAT_Transect 1,0.8953,,18.231,4.239,5866.888,22.563,,,2247.714,121.25,-5417.882,KAD_CAT_1,Peter,Acanthuridae,Acanthurus,lineatus,37437010,1,AD,Passing,,,
GX010036_L.MP4,26424,14.6947,KAD_CAT_Transect 1,0.9081,258.201,5.326,1.602,3912.259,13.51,5.817,28.852,171.354,-897.726,-3804.011,KAD_CAT_1,Peter,Scaridae,Scarus,spinus,37386031,1,AD,Passing,,,
GX010036_L.MP4,26425,14.6952,KAD_CAT_Transect 1,0.9087,,6.359,0.028,3269.316,20.481,,,1050.921,-453.621,-3062.388,KAD_CAT_1,Peter,Pomacentridae,Stegastes,lacrymatus,temp_code_006,1,AD,Passing,,,
GX010036_L.MP4,26427,14.6963,KAD_CAT_Transect 1,0.9098,211.151,13.67,3.469,4460.291,13.702,22.677,29.849,-404.765,-975.88,-4333.361,KAD_CAT_1,Peter,Scaridae,Scarus,psittacus,37386024,1,AD,Passing,,,
GX010036_L.MP4,26497,14.7353,KAD_CAT_Transect 1,0.9487,,16.522,4.172,5395.392,16.606,,,1529.963,189.134,-5170.463,KAD_CAT_1,Peter,Acanthuridae,Acanthurus,auranticavus,37437005,1,AD,Passing,,,
GX010036_L.MP4,26543,14.7609,KAD_CAT_Transect 1,0.9743,,3.781,4.119,2412.913,13.162,,,349.285,-425.512,-2349.274,KAD_CAT_1,Peter,Holocentridae,Myripristis,kuntee,37261011,1,AD,Passing,,,
GX010036_L.MP4,26856,14.9349,KAD_CAT_Transect 1,1.1484,,20.313,6.869,5941.95,14.338,,,1433.631,-334.976,-5756.671,KAD_CAT_1,Peter,Acanthuridae,Acanthurus,sp,,1,AD,Passing,,,
GX010036_L.MP4,26856,14.9349,KAD_CAT_Transect 1,1.1484,215.315,15.731,10.516,4701.53,21.481,18.603,17.104,1552.799,-743.654,-4374.949,KAD_CAT_1,Peter,Scaridae,Chlorurus,spilurus,temp_code_002,1,AD,Passing,,,
GX010036_L.MP4,26856,14.9349,KAD_CAT_Transect 1,1.1484,,27.608,1.69,6979.89,11.829,,,1427.711,90.258,-6831.718,KAD_CAT_1,Peter,Scaridae,Chlorurus,spilurus,temp_code_002,1,AD,Passing,spilurus,,
GX010036_L.MP4,26856,14.9349,KAD_CAT_Transect 1,1.1484,,29.569,0.535,7387.561,3.77,,,-484.944,23.154,-7371.591,KAD_CAT_1,Peter,Scaridae,Chlorurus,spilurus,temp_code_002,1,AD,Passing,,,
GX010036_L.MP4,26856,14.9349,KAD_CAT_Transect 1,1.1484,,24.566,2.604,6654.597,7.135,,,-811.888,-159.112,-6602.968,KAD_CAT_1,Peter,Scaridae,Scarus,oviceps,37386022,1,AD,Passing,,,
GX010036_L.MP4,26856,14.9349,KAD_CAT_Transect 1,1.1484,,25.545,3.015,6874.501,1.737,,,-178.747,-111.216,-6871.277,KAD_CAT_1,Peter,Scaridae,Scarus,frenatus,37386016,1,AD,Passing,,,
GX010036_L.MP4,26917,14.9688,KAD_CAT_Transect 1,1.1823,201.305,19.153,7.956,5063.136,18.974,33.554,43.802,1642.628,-108.71,-4788.037,KAD_CAT_1,Peter,Scaridae,Scarus,frenatus,37386016,1,AD,Passing,,,measurement of point (bb)
GX010036_L.MP4,26917,14.9688,KAD_CAT_Transect 1,1.1823,287.16,23.526,9.457,5502.151,21.922,21.286,14.233,2050.837,116.691,-5104.323,KAD_CAT_1,Peter,Scaridae,Scarus,frenatus,37386016,1,AD,Passing,,,measurement of point (bb)
GX010036_L.MP4,26990,15.0094,KAD_CAT_Transect 1,1.2229,213.598,5.364,6.626,3131.52,21.286,10.671,29.035,707.029,-890.181,-2917.894,KAD_CAT_1,Peter,Acanthuridae,Acanthurus,lineatus,37437010,1,AD,Passing,,,
GX010036_L.MP4,27027,15.03,KAD_CAT_Transect 1,1.2435,,15.02,0.818,5159.195,18.947,,,1638.568,345.222,-4879.878,KAD_CAT_1,Peter,Acanthuridae,Acanthurus,lineatus,37437010,1,AD,Passing,,,
GX010036_L.MP4,27027,15.03,KAD_CAT_Transect 1,1.2435,,22.808,5.78,6383.872,20.289,,,2110.762,663.404,-5988.188,KAD_CAT_1,Peter,Scaridae,Chlorurus,spilurus,temp_code_002,1,AD,Passing,,,
GX010036_L.MP4,27027,15.03,KAD_CAT_Transect 1,1.2435,,27.748,2.302,7039.383,20.805,,,2345.828,861.405,-6580.881,KAD_CAT_1,Peter,Scaridae,Scarus,psittacus,37386024,1,AD,Passing,,,
GX010036_L.MP4,27027,15.03,KAD_CAT_Transect 1,1.2435,,22.288,1.67,6271.751,16.147,,,1713.976,319.977,-6024.513,KAD_CAT_1,Peter,Scaridae,Scarus,frenatus,37386016,1,AD,Passing,,,
GX010036_L.MP4,27038,15.0361,KAD_CAT_Transect 1,1.2496,158.044,4.149,5.781,3516.698,11.677,2.198,15.582,402.824,-586.799,-3443.917,KAD_CAT_1,Peter,Scaridae,Chlorurus,spilurus,temp_code_002,1,AD,Passing,C. spilurus,double check,
GX010036_L.MP4,27050,15.0428,KAD_CAT_Transect 1,1.2563,230.496,13.466,8.333,4896.77,22.755,7.301,32.28,1858.585,364.647,-4515.645,KAD_CAT_1,Peter,Acanthuridae,Acanthurus,lineatus,37437010,1,AD,Passing,measurement of point (cc),,
GX010036_L.MP4,27088,15.0639,KAD_CAT_Transect 1,1.2774,280.755,26.497,2.054,5414.079,11.323,34.554,36.581,-561.347,-902.676,-5308.702,KAD_CAT_1,Peter,Acanthuridae,Acanthurus,auranticavus,37437005,1,AD,Passing,,,
GX010036_L.MP4,27114,15.0784,KAD_CAT_Transect 1,1.2918,224.084,16.111,6.433,3924.501,18.349,34.858,10.531,1205.902,-268.525,-3724.97,KAD_CAT_1,Peter,Acanthuridae,Acanthurus,sp,,1,AD,Passing,,,
GX010036_L.MP4,27114,15.0784,KAD_CAT_Transect 1,1.2918,209.821,11.203,9.901,4494.894,17.675,5.652,18.875,1352.662,-180.899,-4282.716,KAD_CAT_1,Peter,Scaridae,Chlorurus,spilurus,temp_code_002,1,AD,Passing,,,
GX010036_L.MP4,27114,15.0784,KAD_CAT_Transect 1,1.2918,328.812,7.922,1.93,4621.693,14.244,0.19,44.676,1123.524,-175.707,-4479.606,KAD_CAT_1,Peter,Scaridae,Scarus,frenatus,37386016,1,AD,Passing,,,
GX010036_L.MP4,27116,15.0795,KAD_CAT_Transect 1,1.293,160.866,12.288,14.996,3557.586,20.22,31.233,9.416,1228.434,-53.608,-3338.337,KAD_CAT_1,Peter,Scaridae,Chlorurus,spilurus,temp_code_002,1,AD,Passing,,,
GX010036_L.MP4,27143,15.0945,KAD_CAT_Transect 1,1.308,291.753,24.679,2.074,5431.287,12.138,29.296,32.69,977.401,590.729,-5309.859,KAD_CAT_1,Peter,Scaridae,Chlorurus,spilurus,temp_code_002,1,AD,Passing,,,
GX010036_L.MP4,27143,15.0945,KAD_CAT_Transect 1,1.308,192.168,14.882,5.607,5538.017,19.79,0.108,31.647,1681.769,829.012,-5210.952,KAD_CAT_1,Peter,Scaridae,Chlorurus,spilurus,temp_code_002,1,AD,Passing,C. spilurus,,
GX010036_L.MP4,27166,15.1073,KAD_CAT_Transect 1,1.3208,,14.532,1.025,4972.584,7.86,,,471.663,487.028,-4926.148,KAD_CAT_1,Peter,Scaridae,Chlorurus,spilurus,temp_code_002,1,AD,Passing,,,
GX010036_L.MP4,27166,15.1073,KAD_CAT_Transect 1,1.3208,,21.425,7.889,6010.411,11.171,,,869.215,771.417,-5896.984,KAD_CAT_1,Peter,Scaridae,Chlorurus,spilurus,temp_code_002,1,AD,Passing,,,
GX010036_L.MP4,27166,15.1073,KAD_CAT_Transect 1,1.3208,,22.075,13.797,6103.613,14.601,,,1309.572,804.263,-5906.968,KAD_CAT_1,Peter,Scaridae,Chlorurus,spilurus,temp_code_002,1,AD,Passing,,,
GX010036_L.MP4,27166,15.1073,KAD_CAT_Transect 1,1.3208,,25.407,1.591,6522.408,16.057,,,1408.514,1123.578,-6268.61,KAD_CAT_1,Peter,Scaridae,Chlorurus,spilurus,temp_code_002,1,AD,Passing,,,
GX010036_L.MP4,27166,15.1073,KAD_CAT_Transect 1,1.3208,,18.563,5.621,5568.177,14.952,,,1160.032,844.294,-5380.157,KAD_CAT_1,Peter,Scaridae,Chlorurus,spilurus,temp_code_002,1,AD,Passing,,,
GX010036_L.MP4,27166,15.1073,KAD_CAT_Transect 1,1.3208,,17.854,4.281,5466.698,18.066,,,1356.63,1013.56,-5197.792,KAD_CAT_1,Peter,Scaridae,Chlorurus,spilurus,temp_code_002,1,AD,Passing,,,
GX010036_L.MP4,27166,15.1073,KAD_CAT_Transect 1,1.3208,,15.344,0.907,5088.614,19.183,,,1400.266,910.998,-4806.592,KAD_CAT_1,Peter,Scaridae,Chlorurus,spilurus,temp_code_002,1,AD,Passing,,,
GX010036_L.MP4,27166,15.1073,KAD_CAT_Transect 1,1.3208,,9.007,9.037,3960.431,21.652,,,1367.882,511.841,-3681.294,KAD_CAT_1,Peter,Scaridae,Chlorurus,spilurus,temp_code_002,1,AD,Passing,,,
GX010036_L.MP4,27166,15.1073,KAD_CAT_Transect 1,1.3208,,18.685,9.215,5708.255,23.004,,,1897.431,1169.937,-5255.015,KAD_CAT_1,Peter,Scaridae,Chlorurus,spilurus,temp_code_002,1,AD,Passing,,,
GX010036_L.MP4,27166,15.1073,KAD_CAT_Transect 1,1.3208,,11.374,4.799,4404.342,20.171,,,1348.722,695.707,-4134.631,KAD_CAT_1,Peter,Scaridae,Chlorurus,spilurus,temp_code_002,1,AD,Passing,,,
GX010036_L.MP4,27166,15.1073,KAD_CAT_Transect 1,1.3208,,11.448,13.5,4624.144,25.455,,,1918.853,515.132,-4175.566,KAD_CAT_1,Peter,Scaridae,Chlorurus,spilurus,temp_code_002,1,AD,Passing,,,
GX010036_L.MP4,27166,15.1073,KAD_CAT_Transect 1,1.3208,,10.842,13.924,4658.162,33.047,,,2365.374,923.809,-3905.132,KAD_CAT_1,Peter,Scaridae,Chlorurus,spilurus,temp_code_002,1,AD,Passing,,,
GX010036_L.MP4,27166,15.1073,KAD_CAT_Transect 1,1.3208,,12.454,12.586,4588.297,17.645,,,1248.539,610.161,-4372.793,KAD_CAT_1,Peter,Pomacentridae,Pomacentrus,philippinus,37372123,1,AD,Passing,,,
GX010036_L.MP4,27166,15.1073,KAD_CAT_Transect 1,1.3208,,21.329,9.23,6035.867,17.207,,,1589.102,810.796,-5766.199,KAD_CAT_1,Peter,Pomacentridae,Pomacentrus,sp,,1,AD,Passing,,,
GX010036_L.MP4,27206,15.1296,KAD_CAT_Transect 1,1.343,193.594,15.951,15.883,3582.229,26.02,62.461,9.834,1527.039,371.082,-3219.132,KAD_CAT_1,Peter,Scaridae,Chlorurus,spilurus,temp_code_002,1,AD,Passing,measurement of point,dd,
GX010036_L.MP4,27206,15.1296,KAD_CAT_Transect 1,1.343,154.298,13.99,13.598,3626.485,23.571,39.669,1.166,1383.986,433.134,-3323.909,KAD_CAT_1,Peter,Scaridae,Chlorurus,spilurus,temp_code_002,1,AD,Passing,measurement of point,dd,
GX010036_L.MP4,27487,15.2858,KAD_CAT_Transect 1,1.4993,,10.04,0.852,4078.286,10.741,,,649.225,392.861,-4007.066,KAD_CAT_1,Peter,Caesionidae,Pterocaesio,sp,,1,AD,Passing,,,
GX010036_L.MP4,27487,15.2858,KAD_CAT_Transect 1,1.4993,,13.55,5.073,4750.909,18.993,,,1221.663,945.139,-4492.815,KAD_CAT_1,Peter,Caesionidae,Pterocaesio,sp,,1,AD,Passing,,,
GX010036_L.MP4,27487,15.2858,KAD_CAT_Transect 1,1.4993,,12.413,7.283,4647.212,22.243,,,1566.881,797.203,-4301.852,KAD_CAT_1,Peter,Caesionidae,Pterocaesio,sp,,1,AD,Passing,,,
GX010036_L.MP4,27487,15.2858,KAD_CAT_Transect 1,1.4993,,11.164,2.11,4460.15,25.352,,,1683.949,898.366,-4031.152,KAD_CAT_1,Peter,Caesionidae,Pterocaesio,sp,,1,AD,Passing,,,
GX010036_L.MP4,27491,15.2881,KAD_CAT_Transect 1,1.5015,169.307,5.207,4.8,2960.155,20.517,12.196,10.957,708.11,-758.248,-2772.392,KAD_CAT_1,Peter,Lethrinidae,Monotaxis,grandoculis,37351026,1,AD,Passing,,,
GX010036_L.MP4,27491,15.2881,KAD_CAT_Transect 1,1.5015,,3.968,4.387,2602.266,26.875,,,1000.906,-619.366,-2320.853,KAD_CAT_1,Peter,Pomacentridae,Pomacentrus,philippinus,37372123,1,AD,Passing,,,
GX010036_L.MP4,27506,15.2964,KAD_CAT_Transect 1,1.5098,139.942,6.972,2.801,2382.763,23.36,49.947,4.371,873.431,-360.19,-2187.451,KAD_CAT_1,Peter,Scaridae,Chlorurus,spilurus,temp_code_002,1,AD,Passing,,,
GX010036_L.MP4,27506,15.2964,KAD_CAT_Transect 1,1.5098,104.824,4.457,0.833,2398.844,24.156,18.768,21.057,936.125,-295.546,-2188.784,KAD_CAT_1,Peter,Scaridae,Chlorurus,spilurus,temp_code_002,1,AD,Passing,,,
GX010036_L.MP4,27551,15.3214,KAD_CAT_Transect 1,1.5349,174.342,7.373,10.3,3858.228,23.433,5.604,41.916,-1256.599,-880.368,-3540.033,KAD_CAT_1,Peter,Caesionidae,Caesio,caerulaurea,37346024,1,AD,Passing,,,
GX010036_L.MP4,27607,15.3526,KAD_CAT_Transect 1,1.566,169.337,5.639,12.962,3150.547,25.19,14.232,41.456,-1104.358,-760.561,-2850.945,KAD_CAT_1,Peter,Caesionidae,Caesio,caerulaurea,37346024,1,AD,Passing,,,
GX010036_L.MP4,27661,15.3826,KAD_CAT_Transect 1,1.596,191.934,5.217,16.068,2701.911,25.162,37.726,50.875,-913.739,-696.317,-2445.515,KAD_CAT_1,Peter,Caesionidae,Caesio,caerulaurea,37346024,1,AD,Passing,,,
GX010036_L.MP4,27661,15.3826,KAD_CAT_Transect 1,1.596,226.401,4.928,10.653,3604.154,13.994,4.674,23.99,457.515,-741.817,-3497.186,KAD_CAT_1,Peter,Scaridae,Scarus,oviceps,37386022,1,AD,Passing,,,
GX010036_L.MP4,27711,15.4104,KAD_CAT_Transect 1,1.6238,189.189,3.562,4.221,2571.981,19.032,12.459,52.12,-583.46,-602.488,-2431.392,KAD_CAT_1,Peter,Caesionidae,Caesio,caerulaurea,37346024,1,AD,Passing,,,
GX010036_L.MP4,27711,15.4104,KAD_CAT_Transect 1,1.6238,185.648,3.441,3.639,2806.763,6.95,11.991,47.379,-107.888,-322.025,-2786.141,KAD_CAT_1,Peter,Caesionidae,Caesio,caerulaurea,37346024,1,AD,Passing,,,
GX010036_L.MP4,27715,15.4126,KAD_CAT_Transect 1,1.6261,,5.888,3.347,3339.285,28.47,,,1549.081,-368.168,-2935.238,KAD_CAT_1,Peter,Holocentridae,Myripristis,kuntee,37261011,1,AD,Passing,,,
GX010036_L.MP4,27791,15.4549,KAD_CAT_Transect 1,1.6683,200.473,3.262,4.286,2607.263,14.329,7.876,43.048,-607.767,-216.816,-2526.15,KAD_CAT_1,Peter,Caesionidae,Caesio,caerulaurea,37346024,1,AD,Passing,,,
GX010036_L.MP4,27797,15.4582,KAD_CAT_Transect 1,1.6717,,10.233,7.469,4178.965,22.888,,,-925.757,-1338.187,-3849.152,KAD_CAT_1,Peter,Pomacentridae,Pomacentrus,sp,,1,AD,Passing,,,
GX010036_L.MP4,27953,15.545,KAD_CAT_Transect 1,1.7584,246.908,12.082,9.409,3247.539,26.241,55.697,17.493,1419.479,216.532,-2912.851,KAD_CAT_1,Peter,Scaridae,Scarus,psittacus,37386024,1,AD,Passing,,,
GX010036_L.MP4,27984,15.5622,KAD_CAT_Transect 1,1.7757,188.478,5.449,0.999,4279.907,14.807,3.064,61.206,1092.872,44.752,-4137.781,KAD_CAT_1,Peter,Scaridae,Chlorurus,spilurus,temp_code_002,1,AD,Passing,,,
GX010036_L.MP4,27998,15.57,KAD_CAT_Transect 1,1.7834,185.529,16.092,13.648,4474.777,25.287,24.391,12.432,1766.646,729.651,-4046.01,KAD_CAT_1,Peter,Scaridae,Scarus,oviceps,37386022,1,AD,Passing,IP,,
GX010036_L.MP4,28028,15.5867,KAD_CAT_Transect 1,1.8001,305.222,23.774,6.097,4396.774,24.502,60.268,18.113,1725.946,588.217,-4000.842,KAD_CAT_1,Peter,Scaridae,Chlorurus,spilurus,temp_code_002,1,AD,Passing,,,
GX010036_L.MP4,28060,15.6045,KAD_CAT_Transect 1,1.8179,116.669,2.651,1.974,1441.55,16.181,45.826,12.573,143.221,-375.32,-1384.445,KAD_CAT_1,Peter,Scaridae,Scarus,niger,37386021,1,AD,Passing,,,
GX010036_L.MP4,28230,15.699,KAD_CAT_Transect 1,1.9125,88.23,4.704,1.481,2740.518,18.336,14.965,34.361,793.826,336.37,-2601.371,KAD_CAT_1,Peter,Pomacentridae,Pomacentrus,philippinus,37372123,1,AD,Passing,,,
GX010036_L.MP4,28591,15.8998,KAD_CAT_Transect 1,2.1132,322.358,22.463,1.442,4585.558,29.081,88.237,26.687,-2228.228,-50.689,-4007.465,KAD_CAT_1,Peter,Scaridae,Chlorurus,spilurus,temp_code_002,1,AD,Passing,,,
GX010036_L.MP4,28591,15.8998,KAD_CAT_Transect 1,2.1132,242.973,12.249,1.005,4554.927,20.317,8.707,15.286,-1543.165,-346.274,-4271.544,KAD_CAT_1,Peter,Scaridae,Scarus,spinus,37386031,1,AD,Passing,,,
GX010036_L.MP4,28604,15.907,KAD_CAT_Transect 1,2.1205,218.889,8.94,0.642,4383.629,13.533,1.544,5.148,-1025.628,-18.872,-4261.917,KAD_CAT_1,Peter,Scaridae,Chlorurus,spilurus,temp_code_002,1,AD,Passing,C. spilurus,double check,
GX010036_L.MP4,28665,15.9409,KAD_CAT_Transect 1,2.1544,,7.722,0.988,3834.347,23.084,,,-1494.859,-161.768,-3527.243,KAD_CAT_1,Peter,Chaetodontidae,Chaetodon,trifascialis,37365058,1,AD,Passing,,,
GX010036_L.MP4,28665,15.9409,KAD_CAT_Transect 1,2.1544,281.202,23.749,12.313,4426.087,25.682,69.364,14.601,-1908.954,187.755,-3988.845,KAD_CAT_1,Peter,Scaridae,Scarus,oviceps,37386022,1,AD,Passing,IP,,
GX010036_L.MP4,28684,15.9515,KAD_CAT_Transect 1,2.1649,,15.668,0.774,5153.55,12.555,,,-780.068,801.141,-5030.78,KAD_CAT_1,Peter,Acanthuridae,Acanthurus,lineatus,37437010,1,AD,Passing,,,
GX010036_L.MP4,28684,15.9515,KAD_CAT_Transect 1,2.1649,,12.998,2.52,5179.993,28.757,,,-2410.798,628.546,-4541.509,KAD_CAT_1,Peter,Chaetodontidae,Chaetodon,speculum,37365056,1,AD,Passing,,,
GX010036_L.MP4,28684,15.9515,KAD_CAT_Transect 1,2.1649,,23.175,0.872,6239.236,12.819,,,509.252,1283.681,-6084.479,KAD_CAT_1,Peter,Scaridae,Chlorurus,spilurus,temp_code_002,1,AD,Passing,C. spilurus,,
GX010036_L.MP4,28684,15.9515,KAD_CAT_Transect 1,2.1649,,28.288,0.727,6909.344,12.244,,,609.156,1328.729,-6752.958,KAD_CAT_1,Peter,Scaridae,Chlorurus,spilurus,temp_code_002,1,AD,Passing,C. spilurus,,
GX010036_L.MP4,28684,15.9515,KAD_CAT_Transect 1,2.1649,,18.545,0.33,5624.246,11.625,,,22.079,1129.914,-5509.532,KAD_CAT_1,Peter,Scaridae,Chlorurus,spilurus,temp_code_002,1,AD,Passing,C. spilurus,,
GX010036_L.MP4,28684,15.9515,KAD_CAT_Transect 1,2.1649,,22.495,1.347,6211.497,12.208,,,-12.894,1309.895,-6071.796,KAD_CAT_1,Peter,Scaridae,Chlorurus,spilurus,temp_code_002,1,AD,Passing,C. spilurus,,
GX010036_L.MP4,28684,15.9515,KAD_CAT_Transect 1,2.1649,,18.978,1.793,5919.513,21.515,,,-1988.09,868.786,-5507.571,KAD_CAT_1,Peter,Scaridae,Chlorurus,spilurus,temp_code_002,1,AD,Passing,C. spilurus,,
GX010036_L.MP4,28684,15.9515,KAD_CAT_Transect 1,2.1649,,14.913,3.729,5197.825,21.527,,,-1688.029,885.09,-4835.758,KAD_CAT_1,Peter,Scaridae,Chlorurus,spilurus,temp_code_002,1,AD,Passing,C. spilurus,,
GX010036_L.MP4,28684,15.9515,KAD_CAT_Transect 1,2.1649,,21.46,1.459,6452.954,23.342,,,-2456.122,706.718,-5925.253,KAD_CAT_1,Peter,Scaridae,Chlorurus,spilurus,temp_code_002,1,AD,Passing,C. spilurus,,
GX010036_L.MP4,28684,15.9515,KAD_CAT_Transect 1,2.1649,,7.613,9.954,3893.201,29.48,,,-1792.536,-678.384,-3388.749,KAD_CAT_1,Peter,Holocentridae,Myripristis,kuntee,37261011,1,AD,Passing,,,
GX010036_L.MP4,28707,15.9643,KAD_CAT_Transect 1,2.1777,93.916,6.976,11.078,2611.823,12.282,30.345,7.907,501.357,-239.443,-2552.043,KAD_CAT_1,Peter,Acanthuridae,Ctenochaetus,striatus,37437022,1,AD,Passing,,,
GX010036_L.MP4,28885,16.0633,KAD_CAT_Transect 1,2.2767,,7.969,10.362,3944.079,29.382,,,-1739.02,-850.681,-3436.263,KAD_CAT_1,Peter,Chaetodontidae,Chaetodon,lunulatus,37365059,1,AD,Passing,,,
GX010036_L.MP4,28890,16.0661,KAD_CAT_Transect 1,2.2795,70.222,1.198,1.604,1367.61,19.017,11.039,18.41,138.289,-423.624,-1292.971,KAD_CAT_1,Peter,Pomacentridae,Neoglyphidodon,sp,,1,AD,Passing,,,
GX010036_L.MP4,39908,22.1933,KAD_CAT_Transect 2,0.2564,,1.443,1.544,1454.315,20.428,,,-498.566,-96.142,-1362.799,KAD_CAT_1,Peter,Pomacentridae,Pomacentrus,callainus,temp_code_004,1,AD,Passing,,,
GX010036_L.MP4,39929,22.205,KAD_CAT_Transect 2,0.268,165.971,5.645,4.95,3308.838,18.287,7.588,38.496,994.431,-298.362,-3141.735,KAD_CAT_1,Peter,Acanthuridae,Ctenochaetus,striatus,37437022,1,AD,Passing,,,
GX010036_L.MP4,39929,22.205,KAD_CAT_Transect 2,0.268,93,3.344,4.594,2239.04,19.252,2.786,6.14,705.445,-217.644,-2113.83,KAD_CAT_1,Peter,Pomacentridae,Pomacentrus,philippinus,37372123,1,AD,Passing,,,
GX010036_L.MP4,39939,22.2105,KAD_CAT_Transect 2,0.2736,,1.963,0.703,1694.715,11.784,,,-235.515,-254.583,-1658.849,KAD_CAT_1,Peter,Pomacentridae,Pomacentrus,philippinus,37372123,1,AD,Passing,,,
GX010036_L.MP4,39946,22.2144,KAD_CAT_Transect 2,0.2775,,11.418,8.412,4442.073,4.233,,,201.788,-260.981,-4429.806,KAD_CAT_1,Peter,Acanthuridae,Acanthurus,nigrofuscus,37437014,1,AD,Passing,,,
GX010036_L.MP4,39946,22.2144,KAD_CAT_Transect 2,0.2775,178.278,16.071,5.768,4671.391,10.063,22.526,23.338,-812.272,-80.642,-4599.522,KAD_CAT_1,Peter,Scaridae,Chlorurus,spilurus,temp_code_002,1,AD,Passing,,,
GX010036_L.MP4,39946,22.2144,KAD_CAT_Transect 2,0.2775,164.056,13.794,3.875,3427.516,20.439,47.865,11.54,-1196.9,4.029,-3211.741,KAD_CAT_1,Peter,Scaridae,Chlorurus,spilurus,temp_code_002,1,AD,Passing,,,
GX010036_L.MP4,39946,22.2144,KAD_CAT_Transect 2,0.2775,111.018,10.144,3.362,3793.049,23.562,16.52,13.33,-1505.203,182.694,-3476.81,KAD_CAT_1,Peter,Scaridae,Chlorurus,spilurus,temp_code_002,1,AD,Passing,,,
GX010036_L.MP4,39946,22.2144,KAD_CAT_Transect 2,0.2775,,6.705,2.631,3509.095,21.184,,,-1262.592,115.503,-3272.044,KAD_CAT_1,Peter,Scaridae,Chlorurus,spilurus,temp_code_002,1,AD,Passing,,,
GX010036_L.MP4,39946,22.2144,KAD_CAT_Transect 2,0.2775,,7.106,3.443,3645.432,22.035,,,-1365.841,68.222,-3379.201,KAD_CAT_1,Peter,Scaridae,Chlorurus,spilurus,temp_code_002,1,AD,Passing,,,
GX010036_L.MP4,39946,22.2144,KAD_CAT_Transect 2,0.2775,,6.853,0.518,3546.812,20.842,,,-1260.965,47.776,-3314.749,KAD_CAT_1,Peter,Scaridae,Chlorurus,spilurus,temp_code_002,1,AD,Passing,,,
GX010036_L.MP4,40055,22.275,KAD_CAT_Transect 2,0.3381,87.342,3.496,12.404,1962.344,23.451,29.442,9.1,-605.013,-493.812,-1800.251,KAD_CAT_1,Peter,Labridae,Thalassoma,hardwicke,37384165,1,AD,Passing,,,
GX010036_L.MP4,40068,22.2823,KAD_CAT_Transect 2,0.3453,218.102,15.887,7.572,3641.555,9.078,41.946,26.386,57.931,-571.619,-3595.944,KAD_CAT_1,Peter,Acanthuridae,Ctenochaetus,striatus,37437022,1,AD,Passing,,,
GX010036_L.MP4,40068,22.2823,KAD_CAT_Transect 2,0.3453,,10.2,9.086,4116.053,14.813,,,-641.702,-836.352,-3978.772,KAD_CAT_1,Peter,Blenniidae,Plagiotremus,flavus,temp_code_003,1,AD,Passing,,,
GX010036_L.MP4,40080,22.2889,KAD_CAT_Transect 2,0.352,,5.584,10.914,3003.256,17.199,,,-89.856,-885.138,-2868.45,KAD_CAT_1,Peter,Scaridae,Scarus,globiceps,37386018,1,AD,Passing,,,
GX010036_L.MP4,40084,22.2912,KAD_CAT_Transect 2,0.3542,290.423,12.058,5.988,3025.83,24.132,82.122,18.819,-1216.808,-222.964,-2761.397,KAD_CAT_1,Peter,Scaridae,Scarus,psittacus,37386024,1,AD,Passing,,,
GX010036_L.MP4,40094,22.2967,KAD_CAT_Transect 2,0.3598,240.101,5.85,5.957,3380.246,14.385,12.948,30.405,-477.284,-690.961,-3274.269,KAD_CAT_1,Peter,Scaridae,Chlorurus,spilurus,temp_code_002,1,AD,Passing,,,
GX010036_L.MP4,40094,22.2967,KAD_CAT_Transect 2,0.3598,213.404,7.877,3.746,2940.533,21.339,30.45,11.978,716.875,-794.393,-2738.935,KAD_CAT_1,Peter,Scaridae,Chlorurus,spilurus,temp_code_002,1,AD,Passing,may have double measured,,
GX010036_L.MP4,40099,22.2995,KAD_CAT_Transect 2,0.3626,283.847,25.979,10.839,5119.861,14.055,47.412,42.203,-1212.202,-276.808,-4966.58,KAD_CAT_1,Peter,Scaridae,Scarus,oviceps,37386022,1,AD,Passing,,,
GX010036_L.MP4,40158,22.3323,KAD_CAT_Transect 2,0.3954,,15.363,5.532,5549.67,26.225,,,-2369.621,628.912,-4978.775,KAD_CAT_1,Peter,Pomacentridae,Pomacentrus,philippinus,37372123,1,AD,Passing,,,
GX010036_L.MP4,40161,22.334,KAD_CAT_Transect 2,0.3971,,11.158,0.462,4842.214,28.082,,,-2271.501,187.122,-4272.271,KAD_CAT_1,Peter,Pomacentridae,Chromis,xanthura,37372057,1,AD,Passing,,,
GX010036_L.MP4,40169,22.3384,KAD_CAT_Transect 2,0.4015,231.005,5.01,6.634,3559.683,13.232,4.868,15.891,515.511,-630.987,-3465.177,KAD_CAT_1,Peter,Scaridae,Scarus,psittacus,37386024,1,AD,Passing,,,
GX010036_L.MP4,40201,22.3562,KAD_CAT_Transect 2,0.4193,269.96,23.577,3.31,3673.14,10.496,64.023,1.918,451.172,-494.149,-3611.678,KAD_CAT_1,Peter,Scaridae,Scarus,oviceps,37386022,1,AD,Passing,,,
GX010036_L.MP4,40220,22.3668,KAD_CAT_Transect 2,0.4299,,17.778,2.289,5918.915,23.654,,,-2326.971,470.901,-5421.902,KAD_CAT_1,Peter,Scaridae,Scarus,frenatus,37386016,1,AD,Passing,,,
GX010036_L.MP4,40321,22.423,KAD_CAT_Transect 2,0.486,,8.01,8.808,3661.93,6.009,,,376.999,-71.456,-3641.771,KAD_CAT_1,Peter,Acanthuridae,Acanthurus,nigrofuscus,37437014,1,AD,Passing,,,
GX010036_L.MP4,40321,22.423,KAD_CAT_Transect 2,0.486,,2.555,1.099,1955.488,16.24,,,287.203,-466.469,-1877.193,KAD_CAT_1,Peter,Pomacentridae,Chromis,ternatensis,37372051,1,AD,Passing,,,
GX010036_L.MP4,40321,22.423,KAD_CAT_Transect 2,0.486,,4.223,0.411,2773.608,23.483,,,-1105.194,6.449,-2543.896,KAD_CAT_1,Peter,Pomacentridae,Pomacentrus,callainus,temp_code_004,1,AD,Passing,,,
GX010036_L.MP4,40321,22.423,KAD_CAT_Transect 2,0.486,206.188,11.687,10.831,4329.957,15.1,28.459,49.301,-1094.911,270.991,-4180.462,KAD_CAT_1,Peter,Scaridae,Scarus,oviceps,37386022,1,AD,Passing,,,
GX010036_L.MP4,40321,22.423,KAD_CAT_Transect 2,0.486,223.66,20.892,2.841,4954.423,16.237,25.778,2.196,-1276.262,538.759,-4756.805,KAD_CAT_1,Peter,Scaridae,Scarus,oviceps,37386022,1,AD,Passing,,,
GX010036_L.MP4,40321,22.423,KAD_CAT_Transect 2,0.486,177.48,8.783,4.183,4548.742,19.161,0.268,45.152,-1269.477,785.764,-4296.749,KAD_CAT_1,Peter,Scaridae,Scarus,oviceps,37386022,1,AD,Passing,,,
GX010036_L.MP4,40321,22.423,KAD_CAT_Transect 2,0.486,,22.049,2.015,6250.233,6.104,,,28.892,660.315,-6215.188,KAD_CAT_1,Peter,Scaridae,Scarus,oviceps,37386022,1,AD,Passing,,,
GX010036_L.MP4,40321,22.423,KAD_CAT_Transect 2,0.486,,15.87,1.747,5242.689,13.152,,,-1046.764,569.121,-5105.504,KAD_CAT_1,Peter,Scaridae,Scarus,oviceps,37386022,1,AD,Passing,,,
GX010036_L.MP4,40321,22.423,KAD_CAT_Transect 2,0.486,100.158,4.201,5.879,2221.172,4.149,35.594,47.401,-139.048,-80.566,-2215.351,KAD_CAT_1,Peter,Pomacentridae,Stegastes,lacrymatus,temp_code_006,1,AD,Passing,,,
GX010036_L.MP4,40333,22.4296,KAD_CAT_Transect 2,0.4927,,2.606,0.19,2030.782,24.344,,,669.552,-503.548,-1849.923,KAD_CAT_1,Peter,Pomacentridae,Chromis,ternatensis,37372051,1,AD,Passing,,,
GX010036_L.MP4,40333,22.4296,KAD_CAT_Transect 2,0.4927,,2.625,0.602,2004.021,19.983,,,553.921,-403.838,-1883.132,KAD_CAT_1,Peter,Pomacentridae,Chromis,ternatensis,37372051,1,AD,Passing,,,
GX010036_L.MP4,40333,22.4296,KAD_CAT_Transect 2,0.4927,,2.668,9.81,2086.837,27.465,,,736.183,-621.082,-1851.265,KAD_CAT_1,Peter,Pomacentridae,Chromis,ternatensis,37372051,1,AD,Passing,,,
GX010036_L.MP4,40333,22.4296,KAD_CAT_Transect 2,0.4927,,3.113,2.1,2294.785,28.466,,,895.567,-629.132,-2016.976,KAD_CAT_1,Peter,Pomacentridae,Chromis,ternatensis,37372051,1,AD,Passing,,,
GX010036_L.MP4,40333,22.4296,KAD_CAT_Transect 2,0.4927,,2.727,1.758,2129.983,27.886,,,830.03,-552.002,-1882.331,KAD_CAT_1,Peter,Pomacentridae,Chromis,ternatensis,37372051,1,AD,Passing,,,
GX010036_L.MP4,40333,22.4296,KAD_CAT_Transect 2,0.4927,,3.443,0.376,2454.402,30.414,,,1023.401,-705.909,-2116.231,KAD_CAT_1,Peter,Pomacentridae,Chromis,ternatensis,37372051,1,AD,Passing,,,
GX010036_L.MP4,40333,22.4296,KAD_CAT_Transect 2,0.4927,,3.305,5.431,2398.937,30.384,,,994.325,-696.596,-2069.05,KAD_CAT_1,Peter,Pomacentridae,Chromis,ternatensis,37372051,1,AD,Passing,,,
GX010036_L.MP4,40335,22.4307,KAD_CAT_Transect 2,0.4938,90.065,1.581,4.879,1733.626,17.925,7.312,17.134,172.82,-504.788,-1649.48,KAD_CAT_1,Peter,Pomacentridae,Chromis,ternatensis,37372051,1,AD,Passing,,,
GX010036_L.MP4,40371,22.4508,KAD_CAT_Transect 2,0.5138,108.039,1.569,7.767,1489.418,19.006,16.484,31.813,-195.959,-443.714,-1408.22,KAD_CAT_1,Peter,Pomacentridae,Pomacentrus,philippinus,37372123,1,AD,Passing,,,
GX010036_L.MP4,40389,22.4608,KAD_CAT_Transect 2,0.5239,,10.313,6.446,4094.505,14.83,,,701.922,-780.544,-3957.655,KAD_CAT_1,Peter,Scaridae,Chlorurus,spilurus,temp_code_002,1,AD,Passing,spilurus,,
GX010036_L.MP4,40389,22.4608,KAD_CAT_Transect 2,0.5239,258.421,15.606,2.957,3475.029,18.156,51.771,23.112,611.28,-893.819,-3302.007,KAD_CAT_1,Peter,Scaridae,Scarus,oviceps,37386022,1,AD,Passing,,,
GX010036_L.MP4,40389,22.4608,KAD_CAT_Transect 2,0.5239,,14.156,3.88,4874.136,19.824,,,1324.899,-991.116,-4584.707,KAD_CAT_1,Peter,Scaridae,Scarus,oviceps,37386022,1,AD,Passing,,,
GX010036_L.MP4,40389,22.4608,KAD_CAT_Transect 2,0.5239,,10.302,6.275,4100.953,15.906,,,839.307,-749.826,-3943.494,KAD_CAT_1,Peter,Scaridae,Scarus,oviceps,37386022,1,AD,Passing,,,
GX010036_L.MP4,40389,22.4608,KAD_CAT_Transect 2,0.5239,,8.582,1.967,3739.27,11.143,,,364.497,-626.143,-3668.409,KAD_CAT_1,Peter,Scaridae,Scarus,oviceps,37386022,1,AD,Passing,,,
GX010036_L.MP4,40389,22.4608,KAD_CAT_Transect 2,0.5239,,8.713,3.244,3762.493,11.93,,,509.221,-590.052,-3680.881,KAD_CAT_1,Peter,Scaridae,Scarus,oviceps,37386022,1,AD,Passing,,,
GX010036_L.MP4,40419,22.4775,KAD_CAT_Transect 2,0.5405,263.706,10.582,12.852,3327.166,18.433,33.043,12.481,-106.195,-1046.656,-3156.465,KAD_CAT_1,Peter,Scaridae,Scarus,oviceps,37386022,1,AD,Passing,measurement of point,ee,
GX010036_L.MP4,40434,22.4858,KAD_CAT_Transect 2,0.5489,209.662,9.644,2.002,3854.745,21.427,20.18,20.08,632.598,-1258.125,-3588.314,KAD_CAT_1,Peter,Scaridae,Chlorurus,spilurus,temp_code_002,1,AD,Passing,measurement of point,ee,
GX010036_L.MP4,40434,22.4858,KAD_CAT_Transect 2,0.5489,208.678,14.929,4.832,4571.475,10.839,21.128,10.486,-342.405,-788.528,-4489.918,KAD_CAT_1,Peter,Scaridae,Scarus,oviceps,37386022,1,AD,Passing,measurement of point,,
GX010036_L.MP4,40488,22.5158,KAD_CAT_Transect 2,0.5789,195.987,5.025,4.218,4922.701,5.534,2.927,58.091,462.981,-105.029,-4899.756,KAD_CAT_1,Peter,Acanthuridae,Acanthurus,nigrofuscus,37437014,1,AD,Passing,,,
GX010036_L.MP4,40488,22.5158,KAD_CAT_Transect 2,0.5789,237.961,19.161,4.324,4581.378,3.958,31.825,32.705,-279.416,148.138,-4570.449,KAD_CAT_1,Peter,Scaridae,Chlorurus,spilurus,temp_code_002,1,AD,Passing,C. spilurus,double check,
GX010036_L.MP4,40488,22.5158,KAD_CAT_Transect 2,0.5789,,8.804,3.387,3886.986,4.594,,,-311.203,5.737,-3874.503,KAD_CAT_1,Peter,Pomacentridae,Chromis,xanthura,37372057,1,AD,Passing,,,
GX010036_L.MP4,40488,22.5158,KAD_CAT_Transect 2,0.5789,196.792,14.179,2.9,4284.348,8.185,22.756,11.604,-35.2,-608.922,-4240.709,KAD_CAT_1,Peter,Scaridae,Scarus,oviceps,37386022,1,AD,Passing,,,
GX010036_L.MP4,40488,22.5158,KAD_CAT_Transect 2,0.5789,,15.147,2.291,5084.789,7.761,,,524.911,-445.589,-5037.956,KAD_CAT_1,Peter,Scaridae,Scarus,oviceps,37386022,1,AD,Passing,,,
GX010036_L.MP4,40501,22.5231,KAD_CAT_Transect 2,0.5861,265.518,21.797,8.534,3812.63,21.353,76.265,16.215,1104.332,-841.239,-3550.904,KAD_CAT_1,Peter,Acanthuridae,Acanthurus,lineatus,37437010,1,AD,Passing,,,
GX010036_L.MP4,40505,22.5253,KAD_CAT_Transect 2,0.5884,234.217,12.815,8.402,3619.391,15.051,32.825,17.69,-853.147,-394.356,-3495.228,KAD_CAT_1,Peter,Scaridae,Scarus,globiceps,37386018,1,AD,Passing,,,
GX010036_L.MP4,40568,22.5603,KAD_CAT_Transect 2,0.6234,,14.973,1.218,5456.328,25.235,,,-2262.949,535.806,-4935.939,KAD_CAT_1,Peter,Acanthuridae,Acanthurus,nigrofuscus,37437014,1,AD,Passing,,,
GX010036_L.MP4,40568,22.5603,KAD_CAT_Transect 2,0.6234,,13.429,3.523,4812.701,5.78,,,384.428,-297.999,-4788.058,KAD_CAT_1,Peter,Scaridae,Chlorurus,spilurus,temp_code_002,1,AD,Passing,,,
GX010036_L.MP4,40568,22.5603,KAD_CAT_Transect 2,0.6234,,8.907,0.179,3921.697,0.507,,,-26.369,-24.899,-3921.529,KAD_CAT_1,Peter,Scaridae,Chlorurus,spilurus,temp_code_002,1,AD,Passing,C. spilurus,,
GX010036_L.MP4,40568,22.5603,KAD_CAT_Transect 2,0.6234,,18.614,2.676,5835.491,17.756,,,-1717.306,463.52,-5557.785,KAD_CAT_1,Peter,Scaridae,Scarus,oviceps,37386022,1,AD,Passing,,,
GX010036_L.MP4,40568,22.5603,KAD_CAT_Transect 2,0.6234,,15.508,1.313,5401.582,22.083,,,-1928.596,632.976,-5005.691,KAD_CAT_1,Peter,Scaridae,Scarus,oviceps,37386022,1,AD,Passing,,,
GX010036_L.MP4,40626,22.5926,KAD_CAT_Transect 2,0.6557,184.75,8.478,3.191,3627.099,23.702,6.376,10.079,-1457.639,-34.277,-3321.139,KAD_CAT_1,Peter,Scaridae,Chlorurus,spilurus,temp_code_002,1,AD,Passing,C. spilurus,measurement of point,
GX010036_L.MP4,40787,22.6821,KAD_CAT_Transect 2,0.7452,86.779,2.847,4.597,1946.738,20.877,23.714,37.334,-683.044,-121.319,-1818.934,KAD_CAT_1,Peter,Pomacentridae,Pomacentrus,sp,,1,AD,Passing,,,
GX010036_L.MP4,40787,22.6821,KAD_CAT_Transect 2,0.7452,93.183,4.711,5.062,2286.947,18.852,52.706,49.948,-697.84,-243.115,-2164.265,KAD_CAT_1,Peter,Pomacentridae,Pomacentrus,philippinus,37372123,1,AD,Passing,,,
GX010036_L.MP4,40795,22.6866,KAD_CAT_Transect 2,0.7496,83.016,2.219,6.982,1881.227,23.87,12.451,45.268,-668.956,-363.319,-1720.323,KAD_CAT_1,Peter,Pomacentridae,Stegastes,lacrymatus,temp_code_006,1,AD,Passing,,,
GX010036_L.MP4,40948,22.7716,KAD_CAT_Transect 2,0.8347,168.241,8.327,11.859,4893.019,17.482,1.899,32.004,-363.415,-1424.26,-4667.017,KAD_CAT_1,Peter,Scaridae,Chlorurus,spilurus,temp_code_002,1,AD,Passing,,,
GX010036_L.MP4,40948,22.7716,KAD_CAT_Transect 2,0.8347,216.259,20.546,7.714,5059.329,16.057,26.282,13.783,-236.863,-1379.164,-4861.956,KAD_CAT_1,Peter,Acanthuridae,Ctenochaetus,striatus,37437022,1,AD,Passing,,,
GX010036_L.MP4,40948,22.7716,KAD_CAT_Transect 2,0.8347,190.353,6.994,4.041,4015.661,19.379,3.026,39.389,-377.737,-1277.813,-3788.145,KAD_CAT_1,Peter,Scaridae,Scarus,psittacus,37386024,1,AD,Passing,,,
GX010036_L.MP4,40948,22.7716,KAD_CAT_Transect 2,0.8347,,16.62,3.666,5314.195,18.133,,,58.655,-1655.803,-5049.312,KAD_CAT_1,Peter,Scaridae,Scarus,spinus,37386031,1,AD,Passing,,,
GX010036_L.MP4,40960,22.7783,KAD_CAT_Transect 2,0.8414,,7.241,8.673,3849.671,29.962,,,-1862.924,-477.241,-3334.924,KAD_CAT_1,Peter,Acanthuridae,Acanthurus,lineatus,37437010,1,AD,Passing,,,
GX010036_L.MP4,40960,22.7783,KAD_CAT_Transect 2,0.8414,,13.904,6.949,5092.914,20.671,,,-1736.793,-467.215,-4764.77,KAD_CAT_1,Peter,Scaridae,Chlorurus,spilurus,temp_code_002,1,AD,Passing,spilurus,,
GX010036_L.MP4,40960,22.7783,KAD_CAT_Transect 2,0.8414,,7.836,0.974,3865.731,25.203,,,-1569.092,-499.728,-3497.442,KAD_CAT_1,Peter,Acanthuridae,Ctenochaetus,striatus,37437022,1,AD,Passing,,,
GX010036_L.MP4,40968,22.7828,KAD_CAT_Transect 2,0.8458,,14.599,4.674,5335.172,22.348,,,-2015.431,-233.272,-4934.337,KAD_CAT_1,Peter,Scaridae,Chlorurus,spilurus,temp_code_002,1,AD,Passing,spilurus,,
GX010036_L.MP4,40997,22.7989,KAD_CAT_Transect 2,0.862,,15.095,1.9,5052.309,23.291,,,1419.23,-1408.622,-4639.763,KAD_CAT_1,Peter,Pomacentridae,Chromis,xanthura,37372057,1,AD,Passing,,,
GX010036_L.MP4,41004,22.8028,KAD_CAT_Transect 2,0.8659,174.261,8.511,9.943,2680.701,26.117,66.65,20.879,-1091.309,-449.005,-2406.989,KAD_CAT_1,Peter,Labridae,Bodianus,mesothorax,37384060,1,AD,Passing,,,
GX010036_L.MP4,41004,22.8028,KAD_CAT_Transect 2,0.8659,,6.361,0.258,3370.916,23.214,,,-1182.887,-606.995,-3097.646,KAD_CAT_1,Peter,Labridae,Bodianus,mesothorax,37384060,1,AD,Passing,,,
GX010036_L.MP4,41106,22.8595,KAD_CAT_Transect 2,0.9226,,16.82,1.829,5262.515,15.845,,,668.363,-1274.955,-5061.803,KAD_CAT_1,Peter,Acanthuridae,Acanthurus,nigrofuscus,37437014,1,AD,Passing,,,
GX010036_L.MP4,41106,22.8595,KAD_CAT_Transect 2,0.9226,229.556,10.332,1.465,4369.746,17.269,15.304,43.236,352.124,-1248.479,-4172.768,KAD_CAT_1,Peter,Scaridae,Scarus,spinus,37386031,1,AD,Passing,,,
GX010036_L.MP4,41116,22.8651,KAD_CAT_Transect 2,0.9281,107.629,7.937,11.081,2372.312,23.764,80.404,14.797,-716.61,-632.739,-2171.169,KAD_CAT_1,Peter,Labridae,Thalassoma,hardwicke,37384165,1,AD,Passing,,,
GX010036_L.MP4,41134,22.8751,KAD_CAT_Transect 2,0.9382,,7.066,3.443,3389.893,20.27,,,348.875,-1123.261,-3179.3,KAD_CAT_1,Peter,Zanclidae,Zanclus,cornutus,37437001,1,AD,Passing,,,
GX010036_L.MP4,41143,22.8801,KAD_CAT_Transect 2,0.9432,167.436,9.279,2.936,2603.003,23.253,77.941,14.615,-992.084,-268.064,-2391.555,KAD_CAT_1,Peter,Chaetodontidae,Heniochus,varius,37365078,1,AD,Passing,,,
GX010036_L.MP4,41169,22.8945,KAD_CAT_Transect 2,0.9576,,11.965,0.01,4534.2,10.991,,,-778.993,372.221,-4451.246,KAD_CAT_1,Peter,Acanthuridae,Acanthurus,nigrofuscus,37437014,1,AD,Passing,,,
GX010036_L.MP4,41169,22.8945,KAD_CAT_Transect 2,0.9576,,10.144,0.661,4183.954,17.101,,,-1080.251,586.558,-3999.31,KAD_CAT_1,Peter,Acanthuridae,Acanthurus,nigrofuscus,37437014,1,AD,Passing,,,
GX010036_L.MP4,41169,22.8945,KAD_CAT_Transect 2,0.9576,,5.939,4.562,3346.496,27.92,,,-1412.054,677.596,-2957.364,KAD_CAT_1,Peter,Acanthuridae,Acanthurus,lineatus,37437010,1,AD,Passing,,,
GX010036_L.MP4,41169,22.8945,KAD_CAT_Transect 2,0.9576,,14.555,5.069,5018.3,12.901,,,-996.855,508.717,-4891.914,KAD_CAT_1,Peter,Scaridae,Chlorurus,spilurus,temp_code_002,1,AD,Passing,,,
GX010036_L.MP4,41169,22.8945,KAD_CAT_Transect 2,0.9576,,14.601,0.314,4991.539,11.325,,,-758.054,618.61,-4894.705,KAD_CAT_1,Peter,Scaridae,Chlorurus,spilurus,temp_code_002,1,AD,Passing,spilurus,,
GX010036_L.MP4,41169,22.8945,KAD_CAT_Transect 2,0.9576,,11.394,0.645,4552.891,24.144,,,-1579.814,983.596,-4155.183,KAD_CAT_1,Peter,Scaridae,Chlorurus,spilurus,temp_code_002,1,AD,Passing,,,
GX010036_L.MP4,41169,22.8945,KAD_CAT_Transect 2,0.9576,,24.195,1.854,6533.569,17.311,,,-1674.325,984.452,-6238.19,KAD_CAT_1,Peter,Scaridae,Chlorurus,spilurus,temp_code_002,1,AD,Passing,,,
GX010036_L.MP4,41169,22.8945,KAD_CAT_Transect 2,0.9576,,16.216,0.444,5323.273,19.058,,,-1427.741,988.479,-5032.067,KAD_CAT_1,Peter,Scaridae,Chlorurus,spilurus,temp_code_002,1,AD,Passing,,,
GX010036_L.MP4,41169,22.8945,KAD_CAT_Transect 2,0.9576,,14.079,2.356,4996.905,20.876,,,-1501.185,954.886,-4669.442,KAD_CAT_1,Peter,Scaridae,Chlorurus,spilurus,temp_code_002,1,AD,Passing,spilurus,,
GX010036_L.MP4,41169,22.8945,KAD_CAT_Transect 2,0.9576,,7.684,6.747,3829.289,29.591,,,-1613.66,983.761,-3330.43,KAD_CAT_1,Peter,Scaridae,Chlorurus,spilurus,temp_code_002,1,AD,Passing,spilurus,,
GX010036_L.MP4,41169,22.8945,KAD_CAT_Transect 2,0.9576,,14.39,4.683,5080.064,20.111,,,-1561.261,780.397,-4770.796,KAD_CAT_1,Peter,Mullidae,Parupeneus,crassilabris,37355023,1,AD,Passing,,,
GX010036_L.MP4,41177,22.899,KAD_CAT_Transect 2,0.9621,302.098,14.596,7.822,3370.195,25.32,70.568,13.221,-1275.022,672.116,-3046.44,KAD_CAT_1,Peter,Acanthuridae,Acanthurus,lineatus,37437010,1,AD,Passing,measurement of point,,
GX010036_L.MP4,41179,22.9001,KAD_CAT_Transect 2,0.9632,,1.616,19.089,1583.46,26.278,,,-492.21,-500.023,-1419.525,KAD_CAT_1,Peter,Pomacentridae,Pomacentrus,callainus,temp_code_004,1,AD,Passing,,,
GX010036_L.MP4,41189,22.9057,KAD_CAT_Transect 2,0.9687,,8.05,12.681,3975.218,29.569,,,-1783.487,814.819,-3457.976,KAD_CAT_1,Peter,Acanthuridae,Acanthurus,nigrofuscus,37437014,1,AD,Passing,,,
GX010036_L.MP4,41189,22.9057,KAD_CAT_Transect 2,0.9687,,5.664,6.171,3310.368,28.906,,,-1492.54,575.216,-2898.273,KAD_CAT_1,Peter,Acanthuridae,Zebrasoma,scopas,37437036,1,AD,Passing,,,
GX010036_L.MP4,41189,22.9057,KAD_CAT_Transect 2,0.9687,,6.929,9.225,3652.124,28.443,,,-1585.681,713.159,-3211.702,KAD_CAT_1,Peter,Acanthuridae,Zebrasoma,scopas,37437036,1,AD,Passing,,,
GX010036_L.MP4,41302,22.9685,KAD_CAT_Transect 2,1.0316,301.538,22.302,12.874,4220.478,28.124,87.046,3.1,-1832.719,774.017,-3722.16,KAD_CAT_1,Peter,Acanthuridae,Acanthurus,sp,,1,AD,Passing,measurement of point,,
GX010036_L.MP4,41480,23.0675,KAD_CAT_Transect 2,1.1306,,9.391,3.016,4003.756,5.525,,,-258.223,-288.509,-3984.99,KAD_CAT_1,Peter,Chaetodontidae,Chaetodon,unimaculatus,37365061,1,AD,Passing,,,
GX010036_L.MP4,41480,23.0675,KAD_CAT_Transect 2,1.1306,,8.771,2.688,3868.918,4.482,,,-193.596,-234.52,-3856.948,KAD_CAT_1,Peter,Chaetodontidae,Chaetodon,unimaculatus,37365061,1,AD,Passing,,,
GX010036_L.MP4,41481,23.068,KAD_CAT_Transect 2,1.1311,177.436,10.469,7.832,3088.739,23.865,45.781,6.041,-1192.797,372.561,-2824.666,KAD_CAT_1,Peter,Scaridae,Chlorurus,spilurus,temp_code_002,1,AD,Passing,,,
GX010036_L.MP4,41485,23.0703,KAD_CAT_Transect 2,1.1334,158.945,14.595,1.139,3252.072,19.113,82.467,28.994,-1019.369,307.844,-3072.798,KAD_CAT_1,Peter,Scaridae,Chlorurus,spilurus,temp_code_002,1,AD,Passing,,,
GX010036_L.MP4,41485,23.0703,KAD_CAT_Transect 2,1.1334,189.306,10.356,6.925,2998.524,25.968,54.344,0.507,-1247.359,409.824,-2695.79,KAD_CAT_1,Peter,Scaridae,Chlorurus,spilurus,temp_code_002,1,AD,Passing,,,
GX010036_L.MP4,41485,23.0703,KAD_CAT_Transect 2,1.1334,,10.962,3.153,4669.576,26.589,,,-2017.919,541.782,-4176.052,KAD_CAT_1,Peter,Scaridae,Chlorurus,spilurus,temp_code_002,1,AD,Passing,spilurus,,
GX010036_L.MP4,41485,23.0703,KAD_CAT_Transect 2,1.1334,224.592,14.455,0.673,3602.394,21.99,53.06,25.887,-1287.948,400.902,-3340.316,KAD_CAT_1,Peter,Scaridae,Scarus,frenatus,37386016,1,AD,Passing,,,
GX010036_L.MP4,41485,23.0703,KAD_CAT_Transect 2,1.1334,122.899,7.519,0.63,2484.814,23.011,64.508,24.754,-961.17,140.093,-2287.099,KAD_CAT_1,Peter,Acanthuridae,Zebrasoma,scopas,37437036,1,AD,Passing,,,
GX010036_L.MP4,41614,23.142,KAD_CAT_Transect 2,1.2051,,21.882,2.546,6310.604,17.513,,,-1803.836,590.254,-6018.43,KAD_CAT_1,Peter,Acanthuridae,Acanthurus,lineatus,37437010,1,AD,Passing,,,
GX010036_L.MP4,41614,23.142,KAD_CAT_Transect 2,1.2051,201.614,11.354,3.852,2691.232,12.562,60.222,10.812,-518.775,-271.117,-2626.804,KAD_CAT_1,Peter,Scaridae,Chlorurus,spilurus,temp_code_002,1,AD,Passing,,,
GX010036_L.MP4,41614,23.142,KAD_CAT_Transect 2,1.2051,286.524,21.226,2.502,4294.445,12.459,56.914,42.048,-874.851,-304.899,-4193.32,KAD_CAT_1,Peter,Scaridae,Chlorurus,spilurus,temp_code_002,1,AD,Passing,C. spilurus,may have double measured,
GX010036_L.MP4,41614,23.142,KAD_CAT_Transect 2,1.2051,284.123,22.241,0.851,5029.123,13.711,28.619,20.072,-1191.699,28.044,-4885.811,KAD_CAT_1,Peter,Scaridae,Chlorurus,spilurus,temp_code_002,1,AD,Passing,C. spilurus,may have double measured,
GX010036_L.MP4,41614,23.142,KAD_CAT_Transect 2,1.2051,,6.387,1.621,3400.758,22.685,,,-1236.519,435.447,-3137.923,KAD_CAT_1,Peter,Scaridae,Chlorurus,spilurus,temp_code_002,1,AD,Passing,,,
GX010036_L.MP4,41614,23.142,KAD_CAT_Transect 2,1.2051,131.567,10.677,4.126,3908.643,11.654,21.806,27.586,-668.322,-420.347,-3828.073,KAD_CAT_1,Peter,Acanthuridae,Ctenochaetus,striatus,37437022,1,AD,Passing,,,
GX010036_L.MP4,41614,23.142,KAD_CAT_Transect 2,1.2051,,15.539,2.737,5147.204,10.222,,,-174.989,-899.466,-5064.982,KAD_CAT_1,Peter,Cirrhitidae,Paracirrhites,forsteri,37374010,1,AD,Passing,,,
GX010036_L.MP4,41614,23.142,KAD_CAT_Transect 2,1.2051,,13.082,6.59,4694.831,10.923,,,-397.032,-798.77,-4609.313,KAD_CAT_1,Peter,Cirrhitidae,Paracirrhites,forsteri,37374010,1,AD,Passing,,,
GX010036_L.MP4,41614,23.142,KAD_CAT_Transect 2,1.2051,,18.375,1.436,5630.793,9.037,,,-225.584,-858.409,-5560.402,KAD_CAT_1,Peter,Zanclidae,Zanclus,cornutus,37437001,1,AD,Passing,,,
GX010036_L.MP4,41679,23.1782,KAD_CAT_Transect 2,1.2412,,21.543,2.838,6205.767,25.438,,,-1816.91,1947.125,-5605.273,KAD_CAT_1,Peter,Caesionidae,Pterocaesio,sp,,1,AD,Passing,,,
GX010036_L.MP4,41679,23.1782,KAD_CAT_Transect 2,1.2412,,21.142,2.41,6177.314,25.437,,,-1934.714,1812.481,-5579.517,KAD_CAT_1,Peter,Caesionidae,Pterocaesio,sp,,1,AD,Passing,,,
GX010036_L.MP4,41679,23.1782,KAD_CAT_Transect 2,1.2412,,20.392,7.619,6084.922,25.834,,,-1964.939,1777.204,-5477.85,KAD_CAT_1,Peter,Caesionidae,Pterocaesio,sp,,1,AD,Passing,,,
GX010036_L.MP4,41679,23.1782,KAD_CAT_Transect 2,1.2412,,20.75,14.829,6163.091,26.584,,,-2050.73,1840.973,-5512.624,KAD_CAT_1,Peter,Caesionidae,Pterocaesio,sp,,1,AD,Passing,,,
GX010036_L.MP4,41679,23.1782,KAD_CAT_Transect 2,1.2412,,19.909,0.113,6052.558,26.724,,,-2069.145,1765.044,-5407.098,KAD_CAT_1,Peter,Caesionidae,Pterocaesio,sp,,1,AD,Passing,,,
GX010036_L.MP4,41679,23.1782,KAD_CAT_Transect 2,1.2412,,18.952,10.523,5866.714,25.559,,,-1915.705,1651.233,-5293.565,KAD_CAT_1,Peter,Caesionidae,Pterocaesio,sp,,1,AD,Passing,,,
GX010036_L.MP4,41679,23.1782,KAD_CAT_Transect 2,1.2412,,21.85,4.31,6338.212,26.244,,,-2156.8,1786.564,-5685.889,KAD_CAT_1,Peter,Caesionidae,Pterocaesio,sp,,1,AD,Passing,,,
GX010036_L.MP4,41679,23.1782,KAD_CAT_Transect 2,1.2412,,18.842,1.883,5946.836,27.396,,,-2204.44,1618.052,-5280.834,KAD_CAT_1,Peter,Caesionidae,Pterocaesio,sp,,1,AD,Passing,,,
GX010036_L.MP4,41679,23.1782,KAD_CAT_Transect 2,1.2412,,20.881,9.17,6217.953,26.299,,,-2186.987,1672.004,-5575.342,KAD_CAT_1,Peter,Caesionidae,Pterocaesio,sp,,1,AD,Passing,,,
GX010036_L.MP4,41679,23.1782,KAD_CAT_Transect 2,1.2412,,22.035,5.486,6354.999,25.295,,,-2146.31,1659.935,-5746.649,KAD_CAT_1,Peter,Caesionidae,Pterocaesio,sp,,1,AD,Passing,,,
GX010036_L.MP4,41679,23.1782,KAD_CAT_Transect 2,1.2412,,24.042,1.672,6639.844,24.886,,,-2238.368,1668.799,-6024.313,KAD_CAT_1,Peter,Caesionidae,Pterocaesio,sp,,1,AD,Passing,,,
GX010036_L.MP4,41679,23.1782,KAD_CAT_Transect 2,1.2412,,19.721,4.861,5979.136,24.815,,,-1942.477,1585.492,-5427.989,KAD_CAT_1,Peter,Caesionidae,Pterocaesio,sp,,1,AD,Passing,,,
GX010036_L.MP4,41679,23.1782,KAD_CAT_Transect 2,1.2412,,25.288,11.311,6723.07,23.691,,,-2005.769,1805.923,-6157.532,KAD_CAT_1,Peter,Caesionidae,Pterocaesio,sp,,1,AD,Passing,,,
GX010036_L.MP4,41679,23.1782,KAD_CAT_Transect 2,1.2412,,27.24,18.06,6968.589,23.592,,,-2036.329,1901.949,-6387.268,KAD_CAT_1,Peter,Caesionidae,Pterocaesio,sp,,1,AD,Passing,,,
GX010036_L.MP4,41679,23.1782,KAD_CAT_Transect 2,1.2412,,26.829,6.614,6934.404,24.082,,,-2085.041,1909.145,-6331.961,KAD_CAT_1,Peter,Caesionidae,Pterocaesio,sp,,1,AD,Passing,,,
GX010036_L.MP4,41679,23.1782,KAD_CAT_Transect 2,1.2412,,23.87,5.983,6517.682,23.858,,,-1897.582,1826.536,-5961.805,KAD_CAT_1,Peter,Caesionidae,Pterocaesio,sp,,1,AD,Passing,,,
GX010036_L.MP4,41679,23.1782,KAD_CAT_Transect 2,1.2412,,21.867,1.138,6205.326,23.35,,,-1702.332,1771.756,-5698.159,KAD_CAT_1,Peter,Caesionidae,Pterocaesio,sp,,1,AD,Passing,,,
GX010036_L.MP4,41679,23.1782,KAD_CAT_Transect 2,1.2412,,22.859,5.975,6385.601,24.916,,,-1855.308,1944.652,-5792.414,KAD_CAT_1,Peter,Caesionidae,Pterocaesio,sp,,1,AD,Passing,,,
GX010036_L.MP4,41679,23.1782,KAD_CAT_Transect 2,1.2412,,23.656,5.44,6438.912,23.107,,,-1687.357,1877.508,-5923.46,KAD_CAT_1,Peter,Caesionidae,Pterocaesio,sp,,1,AD,Passing,,,
GX010036_L.MP4,41679,23.1782,KAD_CAT_Transect 2,1.2412,,28.701,1.055,7084.634,21.922,,,-1822.236,1913.258,-6573.502,KAD_CAT_1,Peter,Caesionidae,Pterocaesio,sp,,1,AD,Passing,,,
GX010036_L.MP4,41679,23.1782,KAD_CAT_Transect 2,1.2412,,26.784,3.097,6828.12,21.879,,,-1694.628,1894.368,-6337.415,KAD_CAT_1,Peter,Caesionidae,Pterocaesio,sp,,1,AD,Passing,,,
GX010036_L.MP4,41679,23.1782,KAD_CAT_Transect 2,1.2412,,23.157,0.271,6347.485,20.543,,,-1615.668,1529.841,-5944.726,KAD_CAT_1,Peter,Caesionidae,Pterocaesio,sp,,1,AD,Passing,,,
GX010036_L.MP4,41679,23.1782,KAD_CAT_Transect 2,1.2412,,26.607,2.494,6732.878,20.337,,,-1187.965,2012.33,-6314.342,KAD_CAT_1,Peter,Scaridae,Scarus,oviceps,37386022,1,AD,Passing,,,
GX010036_L.MP4,41694,23.1865,KAD_CAT_Transect 2,1.2496,,18.447,0.337,5550.198,22.709,,,1138.419,-1818.25,-5118.854,KAD_CAT_1,Peter,Scaridae,Scarus,oviceps,37386022,1,AD,Passing,,,
GX010036_L.MP4,41817,23.2549,KAD_CAT_Transect 2,1.318,,10.283,0.651,4394.115,22.311,,,-1613.693,420.506,-4065.392,KAD_CAT_1,Peter,Acanthuridae,Acanthurus,nigrofuscus,37437014,1,AD,Passing,,,
GX010036_L.MP4,41817,23.2549,KAD_CAT_Transect 2,1.318,298.236,23.515,10.652,4227.83,25.674,79.232,2.013,-1736.989,581.395,-3810.432,KAD_CAT_1,Peter,Scaridae,Chlorurus,spilurus,temp_code_002,1,AD,Passing,,,
GX010036_L.MP4,41817,23.2549,KAD_CAT_Transect 2,1.318,,19.7,4.434,6014.506,16.756,,,-1703.073,322.39,-5759.331,KAD_CAT_1,Peter,Scaridae,Chlorurus,spilurus,temp_code_002,1,AD,Passing,C. spilurus,,
GX010036_L.MP4,41858,23.2777,KAD_CAT_Transect 2,1.3408,215.762,8.387,5.247,3652.254,15.207,24.197,44.556,-849.634,-442.64,-3524.365,KAD_CAT_1,Peter,Acanthuridae,Acanthurus,lineatus,37437010,1,AD,Passing,,,
GX010036_L.MP4,41879,23.2894,KAD_CAT_Transect 2,1.3525,112.563,8.843,8.191,3314.888,18.358,30.982,37.646,-497.414,-917.944,-3146.179,KAD_CAT_1,Peter,Chaetodontidae,Chaetodon,trifascialis,37365058,1,AD,Passing,,,
GX010036_L.MP4,41882,23.291,KAD_CAT_Transect 2,1.3541,229.959,12.427,8.307,4688.549,19.142,7.814,16.811,-1499.344,-340.13,-4429.308,KAD_CAT_1,Peter,Acanthuridae,Acanthurus,lineatus,37437010,1,AD,Passing,,,
GX010036_L.MP4,41894,23.2977,KAD_CAT_Transect 2,1.3608,322.93,19.138,6.115,4675.279,21.808,52.768,46.547,-1546.437,-790.713,-4340.684,KAD_CAT_1,Peter,Scaridae,Chlorurus,spilurus,temp_code_002,1,AD,Passing,C. spilurus,double check,
GX010036_L.MP4,41894,23.2977,KAD_CAT_Transect 2,1.3608,197.975,15.797,5.369,4357.75,21.113,43.769,43.24,-1473.666,-540.683,-4065.213,KAD_CAT_1,Peter,Scaridae,Chlorurus,spilurus,temp_code_002,1,AD,Passing,,,
GX010036_L.MP4,41901,23.3016,KAD_CAT_Transect 2,1.3647,255.693,5.508,3.69,4438.488,14.887,0.654,16.351,-419.945,-1060.182,-4289.502,KAD_CAT_1,Peter,Scaridae,Scarus,oviceps,37386022,1,AD,Passing,may have double sampled,,
GX010036_L.MP4,41996,23.3544,KAD_CAT_Transect 2,1.4175,272.618,23.558,10.544,4440.861,24.873,64.376,16.51,-1843.101,-303.11,-4028.939,KAD_CAT_1,Peter,Scaridae,Scarus,globiceps,37386018,1,AD,Passing,,,
GX010036_L.MP4,42104,23.4145,KAD_CAT_Transect 2,1.4776,,7.283,4.004,3694.153,27.017,,,-1487.743,774.329,-3291.474,KAD_CAT_1,Peter,Acanthuridae,Acanthurus,sp,,1,AD,Passing,,,
GX010036_L.MP4,42104,23.4145,KAD_CAT_Transect 2,1.4776,189.632,13.266,13.153,3548.177,26.984,48.672,10.372,-1318.853,923.322,-3161.908,KAD_CAT_1,Peter,Scaridae,Chlorurus,spilurus,temp_code_002,1,AD,Passing,,,
GX010036_L.MP4,42104,23.4145,KAD_CAT_Transect 2,1.4776,374.933,30.539,12.715,4964.818,27.179,71.793,7.878,-1971.338,1120.973,-4416.634,KAD_CAT_1,Peter,Scaridae,Chlorurus,spilurus,temp_code_002,1,AD,Passing,,,
GX010036_L.MP4,42110,23.4178,KAD_CAT_Transect 2,1.4809,,21.396,0.794,6375.42,28.513,,,-2436.324,1820.529,-5603.211,KAD_CAT_1,Peter,Acanthuridae,Acanthurus,lineatus,37437010,1,AD,Passing,,,
GX010036_L.MP4,42110,23.4178,KAD_CAT_Transect 2,1.4809,,22.831,4.214,6419.489,23.753,,,-2030.743,1597.172,-5876.646,KAD_CAT_1,Peter,Lutjanidae,Lutjanus,gibbus,37346028,1,AD,Passing,,,
GX010036_L.MP4,42149,23.4395,KAD_CAT_Transect 2,1.5026,153.268,3.617,13.024,1978.093,24.285,30.025,13.848,-759.397,-291.872,-1803.048,KAD_CAT_1,Peter,Holocentridae,Neoniphon,sammara,37261019,1,AD,Passing,,,
GX010036_L.MP4,42152,23.4412,KAD_CAT_Transect 2,1.5043,,12.189,0.151,4643.96,28.267,,,1635.628,-1472.659,-4089.298,KAD_CAT_1,Peter,Scaridae,Scarus,oviceps,37386022,1,AD,Passing,,,
GX010036_L.MP4,42191,23.4629,KAD_CAT_Transect 2,1.526,,7.064,5.928,3415.391,24.621,,,700.125,-1240.524,-3104.162,KAD_CAT_1,Peter,Mullidae,Parupeneus,crassilabris,37355023,1,AD,Passing,,,
GX010036_L.MP4,42205,23.4707,KAD_CAT_Transect 2,1.5338,278.886,23.178,7.977,4211.592,25.263,65.783,14.688,1393.87,-1134.826,-3808.779,KAD_CAT_1,Peter,Scaridae,Scarus,psittacus,37386024,1,AD,Passing,,,
GX010036_L.MP4,42257,23.4996,KAD_CAT_Transect 2,1.5627,274.014,14.346,5.408,3305.192,25.199,64.132,14.608,996.166,-993.979,-2990.645,KAD_CAT_1,Peter,Acanthuridae,Acanthurus,lineatus,37437010,1,AD,Passing,,,
GX010036_L.MP4,42257,23.4996,KAD_CAT_Transect 2,1.5627,196.841,15.985,6.289,4004.285,8.935,31.982,20.97,104.009,-613.186,-3955.69,KAD_CAT_1,Peter,Scaridae,Chlorurus,spilurus,temp_code_002,1,AD,Passing,C. spilurus,double check,
GX010036_L.MP4,42257,23.4996,KAD_CAT_Transect 2,1.5627,298.128,17.922,7.175,4211.731,5.998,37.266,34.595,-397.127,-189.64,-4188.676,KAD_CAT_1,Peter,Lutjanidae,Lutjanus,gibbus,37346028,1,AD,Passing,,,
GX010036_L.MP4,42257,23.4996,KAD_CAT_Transect 2,1.5627,266.425,13.157,3.269,5516.777,6.977,12.539,28.854,288.516,-604.792,-5475.93,KAD_CAT_1,Peter,Lutjanidae,Lutjanus,gibbus,37346028,1,AD,Passing,,,
GX010036_L.MP4,42257,23.4996,KAD_CAT_Transect 2,1.5627,80.491,4.307,3,3236.361,6.846,6.665,6.346,-384.038,-36.322,-3213.289,KAD_CAT_1,Peter,Pomacentridae,Pomacentrus,philippinus,37372123,1,AD,Passing,,,
GX010036_L.MP4,42267,23.5051,KAD_CAT_Transect 2,1.5682,317.545,19.741,17.937,4095.515,30.835,87.08,0.491,-1881.169,931.677,-3516.592,KAD_CAT_1,Peter,Scaridae,Chlorurus,spilurus,temp_code_002,1,AD,Passing,,,
GX010036_L.MP4,42267,23.5051,KAD_CAT_Transect 2,1.5682,,15.571,16.352,5180.704,7.277,,,165.316,-638.03,-5138.607,KAD_CAT_1,Peter,Scaridae,Chlorurus,spilurus,temp_code_002,1,AD,Passing,,,
GX010036_L.MP4,42295,23.5207,KAD_CAT_Transect 2,1.5838,230.695,6.318,3.205,3004.239,27.203,23.303,33.474,968.446,-973.794,-2671.945,KAD_CAT_1,Peter,Scaridae,Scarus,psittacus,37386024,1,AD,Passing,may have double sampled,,
GX010036_L.MP4,42306,23.5268,KAD_CAT_Transect 2,1.5899,205.257,18.296,6.517,3673.407,22.389,71.009,13.007,-1344.337,387.98,-3396.49,KAD_CAT_1,Peter,Labridae,Hemigymnus,fasciatus,37384124,1,AD,Passing,,,
GX010036_L.MP4,42332,23.5413,KAD_CAT_Transect 2,1.6044,134.949,2.85,6.865,3025.193,4.186,4.331,35.496,-96.591,-198.566,-3017.123,KAD_CAT_1,Peter,Scaridae,Chlorurus,spilurus,temp_code_002,1,AD,Passing,may have double sampled,,
GX010036_L.MP4,42332,23.5413,KAD_CAT_Transect 2,1.6044,,5.561,2.331,3018.949,5.529,,,-196.12,-216.556,-3004.779,KAD_CAT_1,Peter,Scaridae,Chlorurus,spilurus,temp_code_002,1,AD,Passing,,,
GX010036_L.MP4,42332,23.5413,KAD_CAT_Transect 2,1.6044,161.961,14.583,15.588,3543.655,29.753,76.036,9.144,-1655.016,594.645,-3076.493,KAD_CAT_1,Peter,Acanthuridae,Zebrasoma,scopas,37437036,1,AD,Passing,,,
GX010036_L.MP4,42349,23.5507,KAD_CAT_Transect 2,1.6138,,2.444,9.47,1982.399,21.943,,,-654.102,-348.833,-1838.578,KAD_CAT_1,Peter,Pomacentridae,Pomacentrus,moluccensis,37372118,1,AD,Passing,,,
GX010036_L.MP4,42384,23.5702,KAD_CAT_Transect 2,1.6333,,5.782,3.726,3039.544,13.108,,,160.03,-672.229,-2959.953,KAD_CAT_1,Peter,Scaridae,Chlorurus,spilurus,temp_code_002,1,AD,Passing,,,
GX010036_L.MP4,42392,23.5747,KAD_CAT_Transect 2,1.6377,273.851,8.213,6.132,6590.616,2.398,3.809,20.334,-167.637,-218.95,-6584.844,KAD_CAT_1,Peter,Scaridae,Chlorurus,spilurus,temp_code_002,1,AD,Passing,,,
GX010036_L.MP4,42392,23.5747,KAD_CAT_Transect 2,1.6377,206.937,12.992,3.679,4065.129,11.358,24.975,24.496,-673.58,-432.694,-3985.517,KAD_CAT_1,Peter,Scaridae,Scarus,spinus,37386031,1,AD,Passing,,,
GX010036_L.MP4,42404,23.5813,KAD_CAT_Transect 2,1.6444,270.73,23.088,19.401,3787.152,11.129,61.117,10.109,-725.859,-86.321,-3715.938,KAD_CAT_1,Peter,Scaridae,Chlorurus,spilurus,temp_code_002,1,AD,Passing,may have double measured,,
GX010036_L.MP4,42437,23.5997,KAD_CAT_Transect 2,1.6628,179.646,12.343,4.391,3429.26,15.666,44.752,39.951,390.647,-839.593,-3301.864,KAD_CAT_1,Peter,Chaetodontidae,Heniochus,varius,37365078,1,AD,Passing,,,
GX010036_L.MP4,42437,23.5997,KAD_CAT_Transect 2,1.6628,131.86,4.928,1.258,3662.563,11.478,2.932,47.797,130.143,-717.127,-3589.312,KAD_CAT_1,Peter,Chaetodontidae,Heniochus,varius,37365078,1,AD,Passing,,,
GX010036_L.MP4,42469,23.6175,KAD_CAT_Transect 2,1.6806,50.404,1.868,5.966,1645.029,19.341,15.046,12.736,-302.737,-452.975,-1552.188,KAD_CAT_1,Peter,Pomacentridae,Chromis,ternatensis,37372051,1,AD,Passing,ff,,
GX010036_L.MP4,42469,23.6175,KAD_CAT_Transect 2,1.6806,42.825,4.239,5.209,1817.658,17.524,47.183,7.902,-318.735,-444.918,-1733.302,KAD_CAT_1,Peter,Pomacentridae,Chromis,ternatensis,37372051,1,AD,Passing,ff,,
GX010036_L.MP4,42469,23.6175,KAD_CAT_Transect 2,1.6806,44.787,3.2,5.213,1847.632,17.865,28.823,8.234,-368.72,-430.467,-1758.547,KAD_CAT_1,Peter,Pomacentridae,Chromis,ternatensis,37372051,1,AD,Passing,ff,,
GX010036_L.MP4,42469,23.6175,KAD_CAT_Transect 2,1.6806,45.152,1.968,4.026,1819.887,16.848,4.912,9.658,-380.954,-364.814,-1741.773,KAD_CAT_1,Peter,Pomacentridae,Chromis,ternatensis,37372051,1,AD,Passing,ff,,
GX010036_L.MP4,42469,23.6175,KAD_CAT_Transect 2,1.6806,78.112,4.483,5.695,1898.529,19.26,46.893,8.5,-460.324,-424.611,-1792.267,KAD_CAT_1,Peter,Pomacentridae,Chromis,ternatensis,37372051,1,AD,Passing,ff,,
GX010036_L.MP4,42469,23.6175,KAD_CAT_Transect 2,1.6806,56.704,1.782,13.219,1524.542,24.364,14.439,26.887,-511.283,-366.262,-1388.766,KAD_CAT_1,Peter,Pomacentridae,Chromis,ternatensis,37372051,1,AD,Passing,ff,,
GX010036_L.MP4,42469,23.6175,KAD_CAT_Transect 2,1.6806,,6.694,0.624,3426.114,18.958,,,-1059.842,-341.93,-3240.073,KAD_CAT_1,Peter,Pomacentridae,Chromis,ternatensis,37372051,1,AD,Passing,,,
GX010036_L.MP4,42469,23.6175,KAD_CAT_Transect 2,1.6806,,5.432,1.223,3110.48,20.875,,,-1082.999,-237.425,-2906.171,KAD_CAT_1,Peter,Pomacentridae,Chromis,ternatensis,37372051,1,AD,Passing,,,
GX010036_L.MP4,42469,23.6175,KAD_CAT_Transect 2,1.6806,,2.286,0.838,1882.453,20.322,,,-511.886,-407.724,-1765.04,KAD_CAT_1,Peter,Pomacentridae,Chromis,ternatensis,37372051,1,AD,Passing,ff,,
GX010036_L.MP4,42469,23.6175,KAD_CAT_Transect 2,1.6806,,1.993,0.316,1729.899,18.659,,,-401.226,-382.18,-1638.751,KAD_CAT_1,Peter,Pomacentridae,Chromis,ternatensis,37372051,1,AD,Passing,ff,,
GX010036_L.MP4,42485,23.6264,KAD_CAT_Transect 2,1.6895,68.187,3.163,6.293,2882.325,12.944,0.061,4.348,-393.554,-511.829,-2809.082,KAD_CAT_1,Peter,Pomacentridae,Chromis,ternatensis,37372051,1,AD,Passing,,,
GX010036_L.MP4,42485,23.6264,KAD_CAT_Transect 2,1.6895,60.638,5.022,7.612,3012.807,17.055,8.278,13.121,-748.185,-470.149,-2880.31,KAD_CAT_1,Peter,Pomacentridae,Chromis,ternatensis,37372051,1,AD,Passing,,,
GX010036_L.MP4,42485,23.6264,KAD_CAT_Transect 2,1.6895,,8.185,1.173,3712.297,14.628,,,-798.652,-493.084,-3591.681,KAD_CAT_1,Peter,Pomacentridae,Chromis,ternatensis,37372051,1,AD,Passing,,,
GX010036_L.MP4,42485,23.6264,KAD_CAT_Transect 2,1.6895,,4.833,0.4,2784.405,17.134,,,-470.239,-673.708,-2660.433,KAD_CAT_1,Peter,Pomacentridae,Pomacentrus,coelestis,37372111,1,AD,Passing,,,
GX010036_L.MP4,42499,23.6342,KAD_CAT_Transect 2,1.6973,53.846,1.839,13.129,1669.191,23.839,11.758,22.197,-401.009,-542.502,-1526.789,KAD_CAT_1,Peter,Labridae,Labroides,dimidiatus,37384028,1,AD,Passing,,,
GX010036_L.MP4,42576,23.677,KAD_CAT_Transect 2,1.7401,,5.899,2.017,3132.673,10.452,,,-568.249,-10.287,-3080.686,KAD_CAT_1,Peter,Acanthuridae,Acanthurus,nigrofuscus,37437014,1,AD,Passing,,,
GX010036_L.MP4,42576,23.677,KAD_CAT_Transect 2,1.7401,291.362,8.877,9.394,3583.52,7.934,26.632,45.019,248.251,-427.802,-3549.222,KAD_CAT_1,Peter,Scaridae,Chlorurus,spilurus,temp_code_002,1,AD,Passing,C. spilurus,may have double measured,
GX010036_L.MP4,42576,23.677,KAD_CAT_Transect 2,1.7401,184.83,11.183,9.394,3480.883,7.978,41.731,46.51,-445.289,187.484,-3447.189,KAD_CAT_1,Peter,Scaridae,Chlorurus,spilurus,temp_code_002,1,AD,Passing,,,
GX010036_L.MP4,42576,23.677,KAD_CAT_Transect 2,1.7401,262.696,26.053,9.089,4700.914,1.919,39.457,25.827,137.42,-76.834,-4698.276,KAD_CAT_1,Peter,Scaridae,Chlorurus,spilurus,temp_code_002,1,AD,Passing,C. spilurus,,
GX010036_L.MP4,42610,23.6959,KAD_CAT_Transect 2,1.759,,10.11,1.765,4082.895,20.915,,,1023.057,-1040.362,-3813.271,KAD_CAT_1,Peter,Scaridae,Chlorurus,spilurus,temp_code_002,1,AD,Passing,,,
GX010036_L.MP4,42610,23.6959,KAD_CAT_Transect 2,1.759,186.917,17.913,5.264,3359.005,17.518,65.304,7.497,638.72,-783.764,-3203.227,KAD_CAT_1,Peter,Scaridae,Scarus,psittacus,37386024,1,AD,Passing,may have double measured,,
GX010036_L.MP4,42674,23.7315,KAD_CAT_Transect 2,1.7946,187.359,6.789,2.517,2742.511,19.565,27.55,5.101,-879.653,263.921,-2584.168,KAD_CAT_1,Peter,Acanthuridae,Acanthurus,nigrofuscus,37437014,1,AD,Passing,measurement of point,double check,
GX010036_L.MP4,42679,23.7343,KAD_CAT_Transect 2,1.7974,178.46,3.076,7.496,2033.566,10.865,21.668,25.898,-70.941,-376.708,-1997.11,KAD_CAT_1,Peter,Labridae,Hemigymnus,fasciatus,37384124,1,AD,Passing,,,
GX010036_L.MP4,42679,23.7343,KAD_CAT_Transect 2,1.7974,,1.828,0.614,1712.919,27.317,,,-598.186,-510.895,-1521.595,KAD_CAT_1,Peter,Holocentridae,Myripristis,kuntee,37261011,1,AD,Passing,,,
GX010036_L.MP4,42728,23.7615,KAD_CAT_Transect 2,1.8246,200.779,15.304,1.694,4668.642,24.6,34.123,41.56,-1861.62,558.167,-4244.883,KAD_CAT_1,Peter,Scaridae,Chlorurus,spilurus,temp_code_002,1,AD,Passing,C. spilurus,,
GX010036_L.MP4,42728,23.7615,KAD_CAT_Transect 2,1.8246,268.966,9.728,2.2,2720.725,26.176,84.577,8.734,-1193.318,128.333,-2441.693,KAD_CAT_1,Peter,Scaridae,Chlorurus,spilurus,temp_code_002,1,AD,Passing,,,
GX010036_L.MP4,42728,23.7615,KAD_CAT_Transect 2,1.8246,169.661,6.7,0.827,3664.861,15.689,0.119,18.908,-982.066,133.027,-3528.322,KAD_CAT_1,Peter,Scaridae,Chlorurus,spilurus,temp_code_002,1,AD,Passing,,,
GX010036_L.MP4,42728,23.7615,KAD_CAT_Transect 2,1.8246,,5.229,2.206,2940.621,15.839,,,-709.299,-377.199,-2828.758,KAD_CAT_1,Peter,Scaridae,Chlorurus,spilurus,temp_code_002,1,AD,Passing,C. spilurus,,
GX010036_L.MP4,42728,23.7615,KAD_CAT_Transect 2,1.8246,,5.849,3.636,3425.978,29.236,,,-1632.487,365.453,-2989.775,KAD_CAT_1,Peter,Scaridae,Chlorurus,spilurus,temp_code_002,1,AD,Passing,,,
GX010036_L.MP4,42728,23.7615,KAD_CAT_Transect 2,1.8246,,13.038,17.454,4996.769,22.099,,,-1848.107,341.176,-4629.881,KAD_CAT_1,Peter,Scaridae,Chlorurus,spilurus,temp_code_002,1,AD,Passing,,,
GX010036_L.MP4,42728,23.7615,KAD_CAT_Transect 2,1.8246,,5.811,1.269,3394.197,28.775,,,-1583.107,402.31,-2975.314,KAD_CAT_1,Peter,Scaridae,Chlorurus,spilurus,temp_code_002,1,AD,Passing,,,
GX010036_L.MP4,42728,23.7615,KAD_CAT_Transect 2,1.8246,,15.531,2.613,5625.599,26.576,,,-2461.277,522.702,-5031.527,KAD_CAT_1,Peter,Pomacentridae,Chromis,xanthura,37372057,1,AD,Passing,,,
GX010036_L.MP4,42728,23.7615,KAD_CAT_Transect 2,1.8246,286.701,23.855,10.474,4590.319,29.737,88.475,17.047,-2203.25,574.476,-3985.812,KAD_CAT_1,Peter,Scaridae,Scarus,frenatus,37386016,1,AD,Passing,,,
GX010036_L.MP4,42804,23.8038,KAD_CAT_Transect 2,1.8669,,13.01,0.233,4666.816,15.678,,,-282.815,-1231.625,-4492.47,KAD_CAT_1,Peter,Scaridae,Scarus,oviceps,37386022,1,AD,Passing,,,
GX010036_L.MP4,42819,23.8121,KAD_CAT_Transect 2,1.8752,197.076,5.092,2.867,3498.502,19.273,2.359,54.687,-1018.371,-544.435,-3302.428,KAD_CAT_1,Peter,Scaridae,Chlorurus,spilurus,temp_code_002,1,AD,Passing,may have double sampled,,
GX010036_L.MP4,42826,23.816,KAD_CAT_Transect 2,1.8791,286.297,12.016,2.853,4169.945,18.738,17.461,14.103,-1305.962,-298.057,-3948.933,KAD_CAT_1,Peter,Scaridae,Chlorurus,spilurus,temp_code_002,1,AD,Passing,may have double sampled,,
GX010036_L.MP4,42882,23.8472,KAD_CAT_Transect 2,1.9102,257.79,13.528,6.169,3482.757,22.586,62.509,32.564,-1308.481,277.604,-3215.651,KAD_CAT_1,Peter,Scaridae,Chlorurus,spilurus,temp_code_002,1,AD,Passing,C. spilurus,may have double sampled,
GX010036_L.MP4,42882,23.8472,KAD_CAT_Transect 2,1.9102,234.997,7.983,2.045,4071.159,18.2,3.265,32.661,-1237.263,293.298,-3867.492,KAD_CAT_1,Peter,Scaridae,Chlorurus,spilurus,temp_code_002,1,AD,Passing,C. spilurus,may have double sampled,
GX010036_L.MP4,42882,23.8472,KAD_CAT_Transect 2,1.9102,,9.259,0.636,4224.341,23.091,,,-1648.723,160.673,-3885.994,KAD_CAT_1,Peter,Scaridae,Scarus,oviceps,37386022,1,AD,Passing,,,
GX010036_L.MP4,42888,23.8505,KAD_CAT_Transect 2,1.9136,301.335,29.63,10.012,4804.795,26.298,78.045,4.607,-1997.733,735.147,-4307.514,KAD_CAT_1,Peter,Scaridae,Chlorurus,spilurus,temp_code_002,1,AD,Passing,may have double sampled,,
GX010036_L.MP4,42888,23.8505,KAD_CAT_Transect 2,1.9136,,9.313,2.469,4063.078,16.719,,,-1145.289,231.203,-3891.46,KAD_CAT_1,Peter,Scaridae,Chlorurus,spilurus,temp_code_002,1,AD,Passing,may have double sampled,,
GX010036_L.MP4,42888,23.8505,KAD_CAT_Transect 2,1.9136,,7.781,4.918,3948.576,27.979,,,-1800.115,435.206,-3487.324,KAD_CAT_1,Peter,Pomacentridae,Chromis,xanthura,37372057,1,AD,Passing,,,
GX010036_L.MP4,43004,23.915,KAD_CAT_Transect 2,1.9781,99.211,5.2,0.782,2658.438,23.58,36.946,44.91,-1062.449,-46.298,-2436.463,KAD_CAT_1,Peter,Chaetodontidae,Chaetodon,baronessa,37365034,1,AD,Passing,,,
GX010036_L.MP4,43149,23.9956,KAD_CAT_Transect 2,2.0587,236.001,4.371,4.907,3393.012,14.178,3.054,31.364,387.421,-735.222,-3289.664,KAD_CAT_1,Peter,Scaridae,Chlorurus,spilurus,temp_code_002,1,AD,Passing,may have double sampled,,
GX010036_L.MP4,43172,24.0084,KAD_CAT_Transect 2,2.0715,299.426,15.5,7.991,3659.934,27.166,76.017,22.695,-1638.057,330.173,-3256.205,KAD_CAT_1,Peter,Acanthuridae,Acanthurus,lineatus,37437010,1,AD,Passing,,,
GX010036_L.MP4,43193,24.0201,KAD_CAT_Transect 2,2.0832,148.487,7.715,6.123,3369.677,13.257,43.673,67.404,-102.055,-765.964,-3279.879,KAD_CAT_1,Peter,Scaridae,Chlorurus,spilurus,temp_code_002,1,AD,Passing,,,
GX010036_L.MP4,43193,24.0201,KAD_CAT_Transect 2,2.0832,,10.918,2.891,4268.643,11.484,,,-366.143,-769.392,-4182.737,KAD_CAT_1,Peter,Scaridae,Scarus,psittacus,37386024,1,AD,Passing,,,
GX010036_L.MP4,43193,24.0201,KAD_CAT_Transect 2,2.0832,,27.042,0.394,6805.964,14.794,,,156.76,-1734.623,-6579.335,KAD_CAT_1,Peter,Scaridae,Scarus,oviceps,37386022,1,AD,Passing,,,
GX010036_L.MP4,43194,24.0207,KAD_CAT_Transect 2,2.0837,170.276,9.393,7.382,3073.146,21.579,37.891,17.054,-1119.003,159.135,-2857.749,KAD_CAT_1,Peter,Scaridae,Chlorurus,spilurus,temp_code_002,1,AD,Passing,C. spilurus,,
GX010036_L.MP4,43194,24.0207,KAD_CAT_Transect 2,2.0837,,15.678,1.784,5322.358,15.52,,,-1403.446,238.831,-5128.43,KAD_CAT_1,Peter,Scaridae,Chlorurus,spilurus,temp_code_002,1,AD,Passing,C. spilurus,,
GX010036_L.MP4,43288,24.0729,KAD_CAT_Transect 2,2.136,393.187,22.407,2.197,4123.234,21.306,60.756,9.105,-1496.548,-69.909,-3841.421,KAD_CAT_1,Peter,Scaridae,Chlorurus,spilurus,temp_code_002,1,AD,Passing,C. spilurus,,
GX010036_L.MP4,43288,24.0729,KAD_CAT_Transect 2,2.136,287.015,20.953,11.109,4288.288,16.152,39.53,2.488,-1192.483,-32.402,-4119.022,KAD_CAT_1,Peter,Scaridae,Chlorurus,spilurus,temp_code_002,1,AD,Passing,C. spilurus,,
GX010036_L.MP4,43288,24.0729,KAD_CAT_Transect 2,2.136,228.474,15.264,4.492,4119.279,16.568,28.647,12.855,-1172.311,74.055,-3948.248,KAD_CAT_1,Peter,Scaridae,Chlorurus,spilurus,temp_code_002,1,AD,Passing,C. spilurus,,
GX010036_L.MP4,43288,24.0729,KAD_CAT_Transect 2,2.136,245.745,20.817,0.753,4545.529,25.759,44.095,9.481,-1951.058,309.168,-4093.851,KAD_CAT_1,Peter,Scaridae,Chlorurus,spilurus,temp_code_002,1,AD,Passing,,,
GX010036_L.MP4,43288,24.0729,KAD_CAT_Transect 2,2.136,238.19,5.124,6.649,2276.103,15.605,49.238,51.239,81.415,-606.835,-2192.206,KAD_CAT_1,Peter,Scaridae,Chlorurus,spilurus,temp_code_002,1,AD,Passing,C. spilurus,,
GX010036_L.MP4,43288,24.0729,KAD_CAT_Transect 2,2.136,,17.382,1.01,5826.897,22.569,,,-2205.361,367.719,-5380.882,KAD_CAT_1,Peter,Scaridae,Chlorurus,spilurus,temp_code_002,1,AD,Passing,C. spilurus,,
GX010036_L.MP4,43288,24.0729,KAD_CAT_Transect 2,2.136,196.704,19.444,9.909,3611.893,10.274,60.015,27.832,-252.502,-592.67,-3553.977,KAD_CAT_1,Peter,Scaridae,Scarus,oviceps,37386022,1,AD,Passing,,,
GX010036_L.MP4,43288,24.0729,KAD_CAT_Transect 2,2.136,,11.252,2.524,4449.166,13.937,,,-1053.499,-198.54,-4318.079,KAD_CAT_1,Peter,Acanthuridae,Zebrasoma,scopas,37437036,1,AD,Passing,,,
GX010036_L.MP4,43324,24.093,KAD_CAT_Transect 2,2.156,161.457,11.843,5.734,3243.667,21.432,47.6,29.152,395.944,-1117.119,-3019.379,KAD_CAT_1,Peter,Scaridae,Chlorurus,spilurus,temp_code_002,1,AD,Passing,,,
GX010036_L.MP4,43324,24.093,KAD_CAT_Transect 2,2.156,,17.046,3.39,5373.043,23.83,,,1467.389,-1602.711,-4914.028,KAD_CAT_1,Peter,Scaridae,Chlorurus,spilurus,temp_code_002,1,AD,Passing,,,
GX010036_L.MP4,43356,24.1108,KAD_CAT_Transect 2,2.1738,245.846,6.768,2.551,2215.25,19.447,56.22,17.918,111.49,-729.063,-2088.868,KAD_CAT_1,Peter,Scaridae,Chlorurus,spilurus,temp_code_002,1,AD,Passing,may have double sampled,,
GX010036_L.MP4,43356,24.1108,KAD_CAT_Transect 2,2.1738,317.85,13.007,4.558,4205.389,24.238,18.557,4.85,-1709.393,242.163,-3834.662,KAD_CAT_1,Peter,Scaridae,Chlorurus,spilurus,temp_code_002,1,AD,Passing,C. spilurus,may have double sampled,
GX010036_L.MP4,43356,24.1108,KAD_CAT_Transect 2,2.1738,,13.76,5.368,4826.172,8.243,,,369.756,-587.624,-4775.973,KAD_CAT_1,Peter,Scaridae,Chlorurus,spilurus,temp_code_002,1,AD,Passing,C. spilurus,,
GX010036_L.MP4,43356,24.1108,KAD_CAT_Transect 2,2.1738,,11.228,4.154,4425.073,10.977,,,-841.215,-51.196,-4344.077,KAD_CAT_1,Peter,Scaridae,Chlorurus,spilurus,temp_code_002,1,AD,Passing,C. spilurus,may have double sampled,
GX010036_L.MP4,43356,24.1108,KAD_CAT_Transect 2,2.1738,,15.142,1.456,5169.271,7.876,,,-702.51,87.557,-5120.565,KAD_CAT_1,Peter,Scaridae,Chlorurus,spilurus,temp_code_002,1,AD,Passing,C. spilurus,may have double sampled,
GX010036_L.MP4,43356,24.1108,KAD_CAT_Transect 2,2.1738,,29.079,1.565,7197.534,9.127,,,-1038.418,470.399,-7106.681,KAD_CAT_1,Peter,Scaridae,Chlorurus,spilurus,temp_code_002,1,AD,Passing,C. spilurus,may have double sampled,
GX010036_L.MP4,43356,24.1108,KAD_CAT_Transect 2,2.1738,,33.62,5.8,7785.148,12.845,,,-1656.104,498.417,-7590.614,KAD_CAT_1,Peter,Scaridae,Chlorurus,spilurus,temp_code_002,1,AD,Passing,C. spilurus,may have double sampled,
GX010036_L.MP4,43356,24.1108,KAD_CAT_Transect 2,2.1738,,25.033,2.088,6707.775,14.696,,,-1618.655,521.323,-6488.638,KAD_CAT_1,Peter,Scaridae,Chlorurus,spilurus,temp_code_002,1,AD,Passing,C. spilurus,may have double sampled,
GX010036_L.MP4,43356,24.1108,KAD_CAT_Transect 2,2.1738,,29.044,9.776,7254.71,14.042,,,-1704.306,435.822,-7038.198,KAD_CAT_1,Peter,Scaridae,Chlorurus,spilurus,temp_code_002,1,AD,Passing,C. spilurus,may have double sampled,
GX010036_L.MP4,43356,24.1108,KAD_CAT_Transect 2,2.1738,,22.189,3.604,6348.125,14.369,,,-1551.776,268.263,-6149.693,KAD_CAT_1,Peter,Scaridae,Chlorurus,spilurus,temp_code_002,1,AD,Passing,C. spilurus,may have double sampled,
GX010036_L.MP4,43356,24.1108,KAD_CAT_Transect 2,2.1738,,21.672,2.545,6294.508,16.161,,,-1712.304,367.056,-6046,KAD_CAT_1,Peter,Scaridae,Chlorurus,spilurus,temp_code_002,1,AD,Passing,C. spilurus,may have double sampled,
GX010036_L.MP4,43356,24.1108,KAD_CAT_Transect 2,2.1738,,17.289,5.282,5670.819,17.322,,,-1688.392,-7.285,-5413.637,KAD_CAT_1,Peter,Scaridae,Chlorurus,spilurus,temp_code_002,1,AD,Passing,C. spilurus,may have double sampled,
GX010036_L.MP4,43356,24.1108,KAD_CAT_Transect 2,2.1738,,18.925,12.948,5642.635,10.611,,,699.736,-771.373,-5545.69,KAD_CAT_1,Peter,Scaridae,Scarus,oviceps,37386022,1,AD,Passing,,,
GX010036_L.MP4,43356,24.1108,KAD_CAT_Transect 2,2.1738,,11.273,0.374,4408.359,6.208,,,-368.346,-305.232,-4382.326,KAD_CAT_1,Peter,Scaridae,Scarus,oviceps,37386022,1,AD,Passing,,,
GX010036_L.MP4,43356,24.1108,KAD_CAT_Transect 2,2.1738,,22.623,1.171,6450.11,0.888,,,90.849,-45.411,-6449.31,KAD_CAT_1,Peter,Scaridae,Scarus,oviceps,37386022,1,AD,Passing,,,
GX010036_L.MP4,43356,24.1108,KAD_CAT_Transect 2,2.1738,,11.239,0.243,4334.664,23.478,,,1135.051,-1303.825,-3975.048,KAD_CAT_1,Peter,Scaridae,Scarus,spinus,37386031,1,AD,Passing,,,
GX010036_L.MP4,43356,24.1108,KAD_CAT_Transect 2,2.1738,,8.119,2.477,3744.749,14.581,,,-917.637,-218.107,-3624.02,KAD_CAT_1,Peter,Acanthuridae,Zebrasoma,scopas,37437036,1,AD,Passing,,,
GX010036_L.MP4,43561,24.2248,KAD_CAT_Transect 2,2.2878,200.064,14.152,3.849,3267.854,17.406,48.055,7.567,284.091,-935.331,-3118.224,KAD_CAT_1,Peter,Scaridae,Scarus,oviceps,37386022,1,AD,Passing,,,
GX010036_L.MP4,43561,24.2248,KAD_CAT_Transect 2,2.2878,152.258,10.899,1.892,2903.7,14.745,48.167,22.988,133.11,-726.974,-2808.071,KAD_CAT_1,Peter,Scaridae,Scarus,psittacus,37386024,1,AD,Passing,may have double sampled,,
GX010036_L.MP4,43561,24.2248,KAD_CAT_Transect 2,2.2878,296.455,14.734,2.58,3457.154,21.018,49.79,18.632,700.537,-1023.094,-3227.142,KAD_CAT_1,Peter,Scaridae,Scarus,oviceps,37386022,1,AD,Passing,,,
GX010036_L.MP4,43571,24.2303,KAD_CAT_Transect 2,2.2934,219.984,3.965,7.595,2794.664,20.263,11.05,15.823,429.958,-867.144,-2621.706,KAD_CAT_1,Peter,Scaridae,Scarus,spinus,37386031,1,AD,Passing,may have double sampled,,
GX010036_L.MP4,43591,24.2414,KAD_CAT_Transect 2,2.3045,132.949,2.479,13.817,1755.265,24.141,22.541,15.313,-506.197,-509.044,-1601.747,KAD_CAT_1,Peter,Scaridae,Scarus,niger,37386021,1,AD,Passing,,,
GX010036_L.MP4,43672,24.2865,KAD_CAT_Transect 2,2.3496,269.294,25.488,4.894,4602.708,17.2,44.258,3.106,-1354.549,-133.262,-4396.858,KAD_CAT_1,Peter,Scaridae,Chlorurus,spilurus,temp_code_002,1,AD,Passing,C. spilurus,may have double sampled,
GX010036_L.MP4,43672,24.2865,KAD_CAT_Transect 2,2.3496,,11.747,1.534,4519.47,8.104,,,-627.932,-110.515,-4474.27,KAD_CAT_1,Peter,Scaridae,Chlorurus,spilurus,temp_code_002,1,AD,Passing,spilurus,,
GX010036_L.MP4,43672,24.2865,KAD_CAT_Transect 2,2.3496,,17.759,1.469,5629.272,10.781,,,-1051.716,47.927,-5529.946,KAD_CAT_1,Peter,Scaridae,Scarus,oviceps,37386022,1,AD,Passing,,,
GX010036_L.MP4,43672,24.2865,KAD_CAT_Transect 2,2.3496,,26.507,3.634,6919.15,12.458,,,-1461.641,298.768,-6756.403,KAD_CAT_1,Peter,Scaridae,Scarus,oviceps,37386022,1,AD,Passing,,,
GX010036_L.MP4,43736,24.3221,KAD_CAT_Transect 2,2.3852,,12.979,1.691,4750.106,10.958,,,-855.729,-290.808,-4663.332,KAD_CAT_1,Peter,Acanthuridae,Acanthurus,lineatus,37437010,1,AD,Passing,,,
GX010036_L.MP4,43736,24.3221,KAD_CAT_Transect 2,2.3852,258.612,25.075,2.85,4286.433,20.624,62.39,7.945,-1418.061,518.242,-4011.737,KAD_CAT_1,Peter,Scaridae,Chlorurus,spilurus,temp_code_002,1,AD,Passing,may have double sampled,,
GX010036_L.MP4,43736,24.3221,KAD_CAT_Transect 2,2.3852,432.193,19.793,5.642,4003.96,28.395,86.164,0.312,-1884.386,272.967,-3522.254,KAD_CAT_1,Peter,Scaridae,Chlorurus,spilurus,temp_code_002,1,AD,Passing,C. spilurus,may have double sampled,
GX010036_L.MP4,43736,24.3221,KAD_CAT_Transect 2,2.3852,266.694,19.951,4.183,3629.83,16.2,62.262,1.852,-976.099,-269.875,-3485.694,KAD_CAT_1,Peter,Scaridae,Chlorurus,spilurus,temp_code_002,1,AD,Passing,C. spilurus,may have double sampled,
GX010036_L.MP4,43736,24.3221,KAD_CAT_Transect 2,2.3852,,12.639,0.977,4993.737,23.692,,,-1993.245,228.172,-4572.999,KAD_CAT_1,Peter,Scaridae,Chlorurus,spilurus,temp_code_002,1,AD,Passing,C. spilurus,may have double sampled,
GX010036_L.MP4,43736,24.3221,KAD_CAT_Transect 2,2.3852,,10.374,1.949,4459.813,22.739,,,-1702.291,269.391,-4113.34,KAD_CAT_1,Peter,Scaridae,Chlorurus,spilurus,temp_code_002,1,AD,Passing,C. spilurus,may have double sampled,
GX010036_L.MP4,43736,24.3221,KAD_CAT_Transect 2,2.3852,,18.927,1.285,6007.534,20.91,,,-2099.157,433.616,-5612.129,KAD_CAT_1,Peter,Scaridae,Chlorurus,spilurus,temp_code_002,1,AD,Passing,C. spilurus,may have double sampled,
GX010036_L.MP4,43736,24.3221,KAD_CAT_Transect 2,2.3852,,18.329,9.384,5897.973,19.926,,,-1986.028,306.414,-5545.078,KAD_CAT_1,Peter,Scaridae,Chlorurus,spilurus,temp_code_002,1,AD,Passing,C. spilurus,may have double sampled,
GX010036_L.MP4,43736,24.3221,KAD_CAT_Transect 2,2.3852,,8.947,7.31,4292.611,29.801,,,-2063.126,540.803,-3725.259,KAD_CAT_1,Peter,Scaridae,Chlorurus,spilurus,temp_code_002,1,AD,Passing,C. spilurus,may have double sampled,
GX010036_L.MP4,43736,24.3221,KAD_CAT_Transect 2,2.3852,,14.561,8.094,5387.655,26.659,,,-2307.303,718.306,-4815.311,KAD_CAT_1,Peter,Scaridae,Chlorurus,spilurus,temp_code_002,1,AD,Passing,C. spilurus,may have double sampled,
GX010036_L.MP4,43736,24.3221,KAD_CAT_Transect 2,2.3852,,10.057,7.087,4485.141,27.425,,,-1989.348,554.554,-3981.388,KAD_CAT_1,Peter,Scaridae,Chlorurus,spilurus,temp_code_002,1,AD,Passing,C. spilurus,may have double sampled,
GX010036_L.MP4,43736,24.3221,KAD_CAT_Transect 2,2.3852,,15.101,1.57,5470.189,24.803,,,-2237.496,506.576,-4965.88,KAD_CAT_1,Peter,Scaridae,Chlorurus,spilurus,temp_code_002,1,AD,Passing,C. spilurus,may have double sampled,
GX010036_L.MP4,43736,24.3221,KAD_CAT_Transect 2,2.3852,,18.912,0.447,6072.789,22.128,,,-2258.506,359.899,-5625.69,KAD_CAT_1,Peter,Scaridae,Chlorurus,spilurus,temp_code_002,1,AD,Passing,C. spilurus,may have double sampled,
GX010036_L.MP4,43736,24.3221,KAD_CAT_Transect 2,2.3852,,22.189,2.402,6367.535,14.456,,,-1581.399,157.395,-6166.029,KAD_CAT_1,Peter,Scaridae,Scarus,frenatus,37386016,1,AD,Passing,may have double sampled,,
GX010036_L.MP4,43736,24.3221,KAD_CAT_Transect 2,2.3852,,13.393,0.254,5233.097,26.787,,,-2319.014,426.434,-4671.792,KAD_CAT_1,Peter,Scaridae,Scarus,frenatus,37386016,1,AD,Passing,may have double sampled,,
GX010036_L.MP4,53825,29.9327,KAD_CAT_Transect 3,0.4883,147.879,9.04,10.797,4470.89,15.074,1.746,14.644,-1057.406,-483.512,-4317.055,KAD_CAT_1,Peter,Scaridae,Chlorurus,spilurus,temp_code_002,1,AD,Passing,C. spilurus,,
GX010036_L.MP4,53825,29.9327,KAD_CAT_Transect 3,0.4883,74.778,5.184,8.101,2237.127,20.356,48.4,35.553,-699.108,-341.806,-2097.415,KAD_CAT_1,Peter,Pomacentridae,Pomacentrus,sp,,1,AD,Passing,,,
GX010036_L.MP4,53859,29.9516,KAD_CAT_Transect 3,0.5072,138.852,11.997,4.947,3579.588,2.468,26.73,1.183,21.103,-152.683,-3576.268,KAD_CAT_1,Peter,Scaridae,Chlorurus,spilurus,temp_code_002,1,AD,Passing,,,
GX010036_L.MP4,53869,29.9571,KAD_CAT_Transect 3,0.5127,,9.703,0.022,4098.251,3.6,,,-239.567,91.625,-4090.217,KAD_CAT_1,Peter,Scaridae,Chlorurus,spilurus,temp_code_002,1,AD,Passing,,,
GX010036_L.MP4,53885,29.966,KAD_CAT_Transect 3,0.5216,,10.128,18.802,4115.418,10.741,,,723.093,253.33,-4043.467,KAD_CAT_1,Peter,Scaridae,Chlorurus,spilurus,temp_code_002,1,AD,Passing,,,
GX010036_L.MP4,53885,29.966,KAD_CAT_Transect 3,0.5216,,9.59,3.103,4163.917,21.49,,,1523.375,-81.479,-3874.389,KAD_CAT_1,Peter,Scaridae,Chlorurus,spilurus,temp_code_002,1,AD,Passing,,,
GX010036_L.MP4,53938,29.9955,KAD_CAT_Transect 3,0.5511,160.988,6.202,5.475,2461.035,21.798,34.177,7.735,845.25,-347.403,-2285.072,KAD_CAT_1,Peter,Scaridae,Chlorurus,spilurus,temp_code_002,1,AD,Passing,,,
GX010036_L.MP4,54015,30.0383,KAD_CAT_Transect 3,0.5939,141.117,4.873,4.412,2219.676,18.232,36.571,30.652,651.906,-239.41,-2108.238,KAD_CAT_1,Peter,Scaridae,Chlorurus,spilurus,temp_code_002,1,AD,Passing,may have double sampled,,
GX010036_L.MP4,54038,30.0511,KAD_CAT_Transect 3,0.6067,140.509,3.142,5.647,2580.922,10.121,7.743,3.205,-324.613,-316.725,-2540.762,KAD_CAT_1,Peter,Scaridae,Chlorurus,spilurus,temp_code_002,1,AD,Passing,may have double sampled,,
GX010036_L.MP4,54038,30.0511,KAD_CAT_Transect 3,0.6067,146.891,4.989,9.334,2245.327,10.068,32.575,26.188,96.228,-380.556,-2210.749,KAD_CAT_1,Peter,Scaridae,Chlorurus,spilurus,temp_code_002,1,AD,Passing,may have double sampled,,
GX010036_L.MP4,54041,30.0528,KAD_CAT_Transect 3,0.6084,,3.021,8.764,2186.023,21.014,,,-464.507,-632.648,-2040.266,KAD_CAT_1,Peter,Pomacentridae,Pomacentrus,coelestis,37372111,1,AD,Passing,,,
GX010036_L.MP4,54073,30.0706,KAD_CAT_Transect 3,0.6262,150.544,2.705,2.525,2176.047,8.676,12.808,0.911,-135.917,-298.804,-2151.145,KAD_CAT_1,Peter,Scaridae,Chlorurus,spilurus,temp_code_002,1,AD,Passing,may have double sampled,C. spilurus,
GX010036_L.MP4,54100,30.0856,KAD_CAT_Transect 3,0.6412,130.519,1.402,10.329,1740.027,21.756,3.546,7.179,-175.002,-620.767,-1616.08,KAD_CAT_1,Peter,Scaridae,Chlorurus,spilurus,temp_code_002,1,AD,Passing,spilurus,,
GX010036_L.MP4,54141,30.1084,KAD_CAT_Transect 3,0.664,300.823,14.174,6.557,3204.791,26.265,79.45,2.65,1269.562,-632.092,-2873.91,KAD_CAT_1,Peter,Scaridae,Chlorurus,spilurus,temp_code_002,1,AD,Passing,spilurus,,
GX010036_L.MP4,54163,30.1206,KAD_CAT_Transect 3,0.6762,,6.443,6.911,3600.347,27.5,,,-1656.853,-137.972,-3193.478,KAD_CAT_1,Peter,Pomacentridae,Chromis,iomelas,37372043,1,AD,Passing,,,
GX010036_L.MP4,54163,30.1206,KAD_CAT_Transect 3,0.6762,,5.969,6.872,3390.547,25.52,,,-1442.948,-229.007,-3059.619,KAD_CAT_1,Peter,Pomacentridae,Pomacentrus,sp,,1,AD,Passing,,,
GX010036_L.MP4,54252,30.1701,KAD_CAT_Transect 3,0.7257,195.842,6.47,2.717,2177.076,25.64,76.736,13.367,883.548,-326.856,-1962.694,KAD_CAT_1,Peter,Scaridae,Chlorurus,spilurus,temp_code_002,1,AD,Passing,spilurus,,
GX010036_L.MP4,54301,30.1974,KAD_CAT_Transect 3,0.753,168.656,11.02,4.879,3064.301,22.821,49.78,0.886,-1162.319,-248.138,-2824.426,KAD_CAT_1,Peter,Scaridae,Scarus,schlegeli,37386029,1,AD,Passing,,,
GX010036_L.MP4,54407,30.2563,KAD_CAT_Transect 3,0.8119,179.668,15.949,1.665,3633.242,26.85,67.38,0.272,-1626.607,-216.69,-3241.549,KAD_CAT_1,Peter,Scaridae,Chlorurus,spilurus,temp_code_002,1,AD,Passing,,,
GX010036_L.MP4,54465,30.2886,KAD_CAT_Transect 3,0.8442,,6.072,6.027,3250.023,20.256,,,-1026.252,-463.217,-3048.752,KAD_CAT_1,Peter,Pomacentridae,Pomacentrus,moluccensis,37372118,1,AD,Passing,,,
GX010036_L.MP4,54472,30.2925,KAD_CAT_Transect 3,0.8481,,10.764,1.172,4671.419,31.614,,,2369.215,-621.204,-3977.824,KAD_CAT_1,Peter,Scaridae,Chlorurus,spilurus,temp_code_002,1,AD,Passing,,,
GX010036_L.MP4,54511,30.3142,KAD_CAT_Transect 3,0.8698,,9.289,3.526,4225.277,29.482,,,1958.928,-699.858,-3677.739,KAD_CAT_1,Peter,Scaridae,Chlorurus,spilurus,temp_code_002,1,AD,Passing,spilurus,,
GX010036_L.MP4,54511,30.3142,KAD_CAT_Transect 3,0.8698,,9.909,4.552,4424.925,30.804,,,2159.965,-687.231,-3800.293,KAD_CAT_1,Peter,Scaridae,Chlorurus,spilurus,temp_code_002,1,AD,Passing,spilurus,,
GX010036_L.MP4,54511,30.3142,KAD_CAT_Transect 3,0.8698,,9.363,3.5,4208.554,27.031,,,1846.654,-500.397,-3748.519,KAD_CAT_1,Peter,Scaridae,Chlorurus,spilurus,temp_code_002,1,AD,Passing,spilurus,,
GX010036_L.MP4,54511,30.3142,KAD_CAT_Transect 3,0.8698,,11.761,4.757,4646.002,24.505,,,1842.633,-566.469,-4227.192,KAD_CAT_1,Peter,Scaridae,Chlorurus,spilurus,temp_code_002,1,AD,Passing,spilurus,,
GX010036_L.MP4,54511,30.3142,KAD_CAT_Transect 3,0.8698,,11.885,6.108,4665.509,23.958,,,1823.497,-516.416,-4263.232,KAD_CAT_1,Peter,Scaridae,Chlorurus,spilurus,temp_code_002,1,AD,Passing,spilurus,,
GX010036_L.MP4,54511,30.3142,KAD_CAT_Transect 3,0.8698,,6.968,0.527,3694.151,30.206,,,1804.603,-446.586,-3192.291,KAD_CAT_1,Peter,Scaridae,Scarus,schlegeli,37386029,1,AD,Passing,,,
GX010036_L.MP4,54511,30.3142,KAD_CAT_Transect 3,0.8698,,11.019,1.067,4559.234,26.866,,,1969.921,-606.057,-4066.782,KAD_CAT_1,Peter,Scaridae,Scarus,schlegeli,37386029,1,AD,Passing,,,
GX010036_L.MP4,54511,30.3142,KAD_CAT_Transect 3,0.8698,,11.971,0.761,4649.04,23.485,,,1755.97,-593.354,-4263.576,KAD_CAT_1,Peter,Scaridae,Scarus,schlegeli,37386029,1,AD,Passing,,,
GX010036_L.MP4,54511,30.3142,KAD_CAT_Transect 3,0.8698,,8.516,7.106,4109.43,30.935,,,2033.168,-575.582,-3524.535,KAD_CAT_1,Peter,Scaridae,Scarus,schlegeli,37386029,1,AD,Passing,,,
GX010036_L.MP4,54604,30.3659,KAD_CAT_Transect 3,0.9215,,6.575,2.579,3626.114,30.88,,,1835.629,-308.535,-3111.908,KAD_CAT_1,Peter,Acanthuridae,Acanthurus,sp,,1,AD,Passing,,,
GX010036_L.MP4,55307,30.7568,KAD_CAT_Transect 3,1.3124,,5.778,7.146,3041.679,19.223,,,712.486,-705.444,-2871.676,KAD_CAT_1,Peter,Acanthuridae,Acanthurus,nigrofuscus,37437014,1,AD,Passing,,,
GX010036_L.MP4,55307,30.7568,KAD_CAT_Transect 3,1.3124,,5.067,12.807,2824.731,17.665,,,509.425,-690.941,-2691.132,KAD_CAT_1,Peter,Pomacentridae,Chromis,iomelas,37372043,1,AD,Passing,,,
GX010036_L.MP4,55307,30.7568,KAD_CAT_Transect 3,1.3124,,5.914,1.226,3141.997,24.676,,,977.227,-876.721,-2854.564,KAD_CAT_1,Peter,Pomacentridae,Chromis,iomelas,37372043,1,AD,Passing,,,
GX010036_L.MP4,55331,30.7702,KAD_CAT_Transect 3,1.3258,,5.669,5.64,3124.49,28.132,,,1085.563,-997.531,-2754.8,KAD_CAT_1,Peter,Pomacanthidae,Centropyge,heraldi,37385027,1,AD,Passing,,,
GX010036_L.MP4,55331,30.7702,KAD_CAT_Transect 3,1.3258,,8.781,3.044,3787.312,19.603,,,406.499,-1205.94,-3567.1,KAD_CAT_1,Peter,Pomacentridae,Chromis,iomelas,37372043,1,AD,Passing,,,
GX010036_L.MP4,55331,30.7702,KAD_CAT_Transect 3,1.3258,,27.94,6.281,6805.293,18.075,,,1078.61,-1818.876,-6468.409,KAD_CAT_1,Peter,Pomacentridae,Chromis,iomelas,37372043,1,AD,Passing,,,
GX010036_L.MP4,55331,30.7702,KAD_CAT_Transect 3,1.3258,,15.719,6.941,5090.347,19.404,,,1072.383,-1310.431,-4800.458,KAD_CAT_1,Peter,Pomacentridae,Chromis,iomelas,37372043,1,AD,Passing,,,
GX010036_L.MP4,55331,30.7702,KAD_CAT_Transect 3,1.3258,,6.757,3.517,3446.403,26.681,,,1319.259,-810.711,-3078.961,KAD_CAT_1,Peter,Pomacentridae,Chromis,iomelas,37372043,1,AD,Passing,,,
GX010036_L.MP4,55331,30.7702,KAD_CAT_Transect 3,1.3258,,3.63,16.002,2559.765,32.421,,,1144.833,-758.123,-2160.325,KAD_CAT_1,Peter,Pomacentridae,Chromis,iomelas,37372043,1,AD,Passing,,,
GX010036_L.MP4,55415,30.8169,KAD_CAT_Transect 3,1.3725,,10.057,14.709,4199.922,25.774,,,-1121.093,-1443.854,-3781.24,KAD_CAT_1,Peter,Pomacentridae,Chromis,iomelas,37372043,1,AD,Passing,,,
GX010036_L.MP4,55415,30.8169,KAD_CAT_Transect 3,1.3725,,6.523,5.484,3294.684,21.62,,,-132.773,-1208.409,-3062.199,KAD_CAT_1,Peter,Pomacentridae,Chromis,iomelas,37372043,1,AD,Passing,,,
GX010036_L.MP4,55415,30.8169,KAD_CAT_Transect 3,1.3725,,7.284,6.231,3484.229,21.947,,,141.429,-1296.436,-3230.961,KAD_CAT_1,Peter,Pomacentridae,Chromis,iomelas,37372043,1,AD,Passing,,,
GX010036_L.MP4,55415,30.8169,KAD_CAT_Transect 3,1.3725,,7.951,2.691,3646.53,21.704,,,128.08,-1344.419,-3387.228,KAD_CAT_1,Peter,Pomacentridae,Chromis,iomelas,37372043,1,AD,Passing,,,
GX010036_L.MP4,55415,30.8169,KAD_CAT_Transect 3,1.3725,,7.729,0.958,3610.597,26.361,,,992.247,-1261.131,-3234.409,KAD_CAT_1,Peter,Pomacentridae,Chromis,iomelas,37372043,1,AD,Passing,,,
GX010036_L.MP4,55415,30.8169,KAD_CAT_Transect 3,1.3725,,6.677,2.975,3333.759,25.425,,,884.245,-1127.222,-3010.221,KAD_CAT_1,Peter,Pomacentridae,Chromis,iomelas,37372043,1,AD,Passing,,,
GX010036_L.MP4,55415,30.8169,KAD_CAT_Transect 3,1.3725,,5.811,2.577,3077.613,23.614,,,731.931,-993.694,-2819.318,KAD_CAT_1,Peter,Pomacentridae,Chromis,iomelas,37372043,1,AD,Passing,,,
GX010036_L.MP4,55464,30.8441,KAD_CAT_Transect 3,1.3997,221.008,17.562,7.239,3923.641,28.405,56.335,2.364,1722.314,-719.22,-3451.277,KAD_CAT_1,Peter,Scaridae,Scarus,psittacus,37386024,1,AD,Passing,,,
GX010036_L.MP4,55557,30.8959,KAD_CAT_Transect 3,1.4515,,8.989,4.721,3870.801,20.939,,,205.025,-1370.131,-3614.389,KAD_CAT_1,Peter,Pomacentridae,Chromis,iomelas,37372043,1,AD,Passing,,,
GX010036_L.MP4,55557,30.8959,KAD_CAT_Transect 3,1.4515,,13.639,2.403,4761.201,20.84,,,1196.892,-1201.182,-4449.005,KAD_CAT_1,Peter,Pomacentridae,Chromis,iomelas,37372043,1,AD,Passing,,,
GX010036_L.MP4,55557,30.8959,KAD_CAT_Transect 3,1.4515,,17.201,5.157,5380.955,21.584,,,1459.418,-1340.259,-5002.847,KAD_CAT_1,Peter,Pomacentridae,Chromis,iomelas,37372043,1,AD,Passing,,,
GX010036_L.MP4,55557,30.8959,KAD_CAT_Transect 3,1.4515,,15.526,3.145,5154.429,22.856,,,1587.127,-1223.159,-4749.005,KAD_CAT_1,Peter,Pomacentridae,Chromis,iomelas,37372043,1,AD,Passing,,,
GX010036_L.MP4,55557,30.8959,KAD_CAT_Transect 3,1.4515,,11.899,3.383,4533.905,23.635,,,1511.339,-1012.308,-4152.996,KAD_CAT_1,Peter,Pomacentridae,Chromis,iomelas,37372043,1,AD,Passing,,,
GX010036_L.MP4,55557,30.8959,KAD_CAT_Transect 3,1.4515,,12.432,4.389,4648.901,23.994,,,1584.561,-1033.468,-4246.574,KAD_CAT_1,Peter,Pomacentridae,Chromis,iomelas,37372043,1,AD,Passing,,,
GX010036_L.MP4,55557,30.8959,KAD_CAT_Transect 3,1.4515,,10.48,1.06,4221.781,24.01,,,1312.783,-1110.213,-3855.835,KAD_CAT_1,Peter,Pomacentridae,Chromis,iomelas,37372043,1,AD,Passing,,,
GX010036_L.MP4,55557,30.8959,KAD_CAT_Transect 3,1.4515,,8.8,0.571,3980.662,27.461,,,1589.436,-920.388,-3531.607,KAD_CAT_1,Peter,Pomacentridae,Chromis,iomelas,37372043,1,AD,Passing,,,
GX010036_L.MP4,55557,30.8959,KAD_CAT_Transect 3,1.4515,,9.71,0.029,4106.77,25.187,,,1432.651,-1003.168,-3715.74,KAD_CAT_1,Peter,Pomacentridae,Chromis,iomelas,37372043,1,AD,Passing,,,
GX010036_L.MP4,55557,30.8959,KAD_CAT_Transect 3,1.4515,,7.336,0.335,3529.918,26.07,,,1112.732,-1082.735,-3170.147,KAD_CAT_1,Peter,Pomacentridae,Chromis,iomelas,37372043,1,AD,Passing,,,
GX010036_L.MP4,55557,30.8959,KAD_CAT_Transect 3,1.4515,,6.329,5.402,3336.655,28.479,,,1264.4,-967.467,-2932.331,KAD_CAT_1,Peter,Pomacentridae,Chromis,iomelas,37372043,1,AD,Passing,,,
GX010036_L.MP4,55557,30.8959,KAD_CAT_Transect 3,1.4515,,8.961,5.453,4110.279,30.106,,,1849.961,-912.164,-3555.277,KAD_CAT_1,Peter,Pomacentridae,Chromis,iomelas,37372043,1,AD,Passing,,,
GX010036_L.MP4,55557,30.8959,KAD_CAT_Transect 3,1.4515,,7.699,4.696,3795.75,31.404,,,1696.785,-1018.169,-3239.131,KAD_CAT_1,Peter,Pomacentridae,Chromis,iomelas,37372043,1,AD,Passing,,,
GX010036_L.MP4,55600,30.9198,KAD_CAT_Transect 3,1.4754,117.183,7.647,4.256,3248.033,24.112,16.926,5.971,1140.241,-678.589,-2964.639,KAD_CAT_1,Peter,Scaridae,Chlorurus,spilurus,temp_code_002,1,AD,Passing,,,
GX010036_L.MP4,55643,30.9437,KAD_CAT_Transect 3,1.4993,,9.061,4.39,3856.693,22.339,,,830.346,-1210.091,-3566.551,KAD_CAT_1,Peter,Pomacentridae,Chromis,iomelas,37372043,1,AD,Passing,,,
GX010036_L.MP4,55685,30.967,KAD_CAT_Transect 3,1.5226,195.282,10.442,17.063,3025.091,27.608,56.687,7.019,-1107.692,-859.227,-2680.657,KAD_CAT_1,Peter,Scaridae,Chlorurus,spilurus,temp_code_002,1,AD,Passing,C. spilurus,,
GX010036_L.MP4,55685,30.967,KAD_CAT_Transect 3,1.5226,192.979,6.517,15.5,2559.441,25.433,40.615,13.542,-754.341,-799.441,-2311.407,KAD_CAT_1,Peter,Scaridae,Chlorurus,spilurus,temp_code_002,1,AD,Passing,C. spilurus,,
GX010036_L.MP4,55685,30.967,KAD_CAT_Transect 3,1.5226,134.016,10.394,6.054,2762.967,20.861,59.394,12.281,-634.034,-752.354,-2581.85,KAD_CAT_1,Peter,Scaridae,Scarus,schlegeli,37386029,1,AD,Passing,,,
GX010036_L.MP4,55686,30.9676,KAD_CAT_Transect 3,1.5232,,9.865,3.374,4059.11,8.577,,,166.349,-584.382,-4013.378,KAD_CAT_1,Peter,Scaridae,Chlorurus,spilurus,temp_code_002,1,AD,Passing,spilurus,,
GX010036_L.MP4,55686,30.9676,KAD_CAT_Transect 3,1.5232,,11.689,0.164,4415.818,9.399,,,363.875,-625.119,-4356.176,KAD_CAT_1,Peter,Scaridae,Chlorurus,spilurus,temp_code_002,1,AD,Passing,spilurus,,
GX010036_L.MP4,55686,30.9676,KAD_CAT_Transect 3,1.5232,,8.599,0.342,3757.975,9.684,,,282.479,-567.691,-3704.093,KAD_CAT_1,Peter,Scaridae,Chlorurus,spilurus,temp_code_002,1,AD,Passing,spilurus,,
GX010036_L.MP4,55686,30.9676,KAD_CAT_Transect 3,1.5232,,11.657,2.18,4405.932,10.121,,,299.169,-716.663,-4336.949,KAD_CAT_1,Peter,Scaridae,Chlorurus,spilurus,temp_code_002,1,AD,Passing,spilurus,,
GX010036_L.MP4,55693,30.9715,KAD_CAT_Transect 3,1.5271,122.614,7.828,3.494,2853.341,14.248,30.896,11.974,-213.253,-669.09,-2765.573,KAD_CAT_1,Peter,Scaridae,Chlorurus,spilurus,temp_code_002,1,AD,Passing,,,
GX010036_L.MP4,55697,30.9737,KAD_CAT_Transect 3,1.5293,188.339,9.223,6.241,3395.443,22.51,27.878,17.494,-832.83,-998.08,-3136.76,KAD_CAT_1,Peter,Scaridae,Chlorurus,spilurus,temp_code_002,1,AD,Passing,C. spilurus,,
GX010036_L.MP4,55886,31.0788,KAD_CAT_Transect 3,1.6344,61.029,5.834,6.314,2829.565,18.35,23.286,6.928,-139.822,-879.756,-2685.688,KAD_CAT_1,Peter,Pomacentridae,Chromis,sp,,1,AD,Passing,,,
GX010036_L.MP4,55899,31.0861,KAD_CAT_Transect 3,1.6416,41.177,2.291,8.322,2465.657,16.861,3.039,0.164,-261.139,-665.762,-2359.668,KAD_CAT_1,Peter,Pomacentridae,Dascyllus,reticulatus,37372074,1,AD,Passing,,,
GX010036_L.MP4,55899,31.0861,KAD_CAT_Transect 3,1.6416,61.761,4.52,7.912,2465.505,16.856,21.752,7.526,-350.515,-623.082,-2359.581,KAD_CAT_1,Peter,Pomacentridae,Dascyllus,reticulatus,37372074,1,AD,Passing,,,
GX010036_L.MP4,56004,31.1444,KAD_CAT_Transect 3,1.7,,6.855,0.82,3363.102,22.77,,,946.169,-895.686,-3100.479,KAD_CAT_1,Peter,Acanthuridae,Ctenochaetus,striatus,37437022,1,AD,Passing,,,
GX010036_L.MP4,56004,31.1444,KAD_CAT_Transect 3,1.7,108.41,6.214,6.382,3519.413,25.242,13.612,61.168,1222.399,-870.724,-3183.37,KAD_CAT_1,Peter,Acanthuridae,Zebrasoma,scopas,37437036,1,AD,Passing,,,
GX010036_L.MP4,56018,31.1522,KAD_CAT_Transect 3,1.7078,,22.896,4.991,6549.853,26.761,,,-2392.885,1720.451,-5849.335,KAD_CAT_1,Peter,Lutjanidae,Lutjanus,bohar,37346029,1,AD,Passing,,,
GX010036_L.MP4,56024,31.1556,KAD_CAT_Transect 3,1.7112,148.476,4.62,7.72,2789.42,21.085,5.95,25.918,888.832,-465.842,-2602.659,KAD_CAT_1,Peter,Scaridae,Chlorurus,spilurus,temp_code_002,1,AD,Passing,,,
GX010036_L.MP4,56390,31.3591,KAD_CAT_Transect 3,1.9147,319.588,18.424,15.687,6666.529,14.762,6.533,17.274,1227.371,-1174.323,-6446.483,KAD_CAT_1,Peter,Scaridae,Chlorurus,spilurus,temp_code_002,1,AD,Passing,,,
GX010036_L.MP4,56436,31.3847,KAD_CAT_Transect 3,1.9403,154.446,12.671,8.764,3549.822,19.701,36.004,10.854,-108.579,-1191.734,-3342.038,KAD_CAT_1,Peter,Balistidae,Sufflamen,bursa,37465078,1,AD,Passing,,,
GX010036_L.MP4,56599,31.4753,KAD_CAT_Transect 3,2.0309,242.797,15.709,3.851,3978.583,13.473,30.482,0.718,576.742,-725.682,-3869.092,KAD_CAT_1,Peter,Scaridae,Chlorurus,spilurus,temp_code_002,1,AD,Passing,spilurus,,
GX010036_L.MP4,56604,31.4781,KAD_CAT_Transect 3,2.0337,185.163,12.194,7.595,4130.683,13.516,22.27,21.781,311.594,-913.766,-4016.277,KAD_CAT_1,Peter,Labridae,Bodianus,loxozonus,37384059,1,AD,Passing,,,
GX010036_L.MP4,56770,31.5704,KAD_CAT_Transect 3,2.126,,7.753,3.112,3674.436,18.71,,,-1074.901,-485.616,-3479.977,KAD_CAT_1,Peter,Labridae,Bodianus,loxozonus,37384059,1,AD,Passing,,,
GX010036_L.MP4,56832,31.6049,KAD_CAT_Transect 3,2.1605,,15.577,2.827,5459.957,22.924,,,-2040.21,-603.174,-5028.404,KAD_CAT_1,Peter,Lutjanidae,Macolor,niger,37346048,1,AD,Passing,,,
GX010036_L.MP4,56832,31.6049,KAD_CAT_Transect 3,2.1605,,10.131,10.009,4545.859,27.425,,,-2058.633,-384.406,-4034.736,KAD_CAT_1,Peter,Lutjanidae,Macolor,niger,37346048,1,AD,Passing,,,
GX010036_L.MP4,56851,31.6155,KAD_CAT_Transect 3,2.1711,,8.627,3.759,4171.053,31.977,,,2132.87,-576.684,-3537.793,KAD_CAT_1,Peter,Pomacentridae,Chromis,iomelas,37372043,1,AD,Passing,.,,
GX010036_L.MP4,57016,31.7072,KAD_CAT_Transect 3,2.2628,,10.657,7.285,4172.847,13.646,,,413.204,-895.949,-4054.527,KAD_CAT_1,Peter,Scaridae,Chlorurus,spilurus,temp_code_002,1,AD,Passing,,,
GX010036_L.MP4,57016,31.7072,KAD_CAT_Transect 3,2.2628,,9.709,1.092,4018.053,10.73,,,21.367,-750.082,-3947.363,KAD_CAT_1,Peter,Pomacentridae,Pomacentrus,sp,,1,AD,Passing,,,
GX010036_L.MP4,57070,31.7373,KAD_CAT_Transect 3,2.2928,,8.367,1.36,3680.192,13.722,,,640.956,-594.779,-3574.804,KAD_CAT_1,Peter,Scaridae,Chlorurus,spilurus,temp_code_002,1,AD,Passing,,,
GX010036_L.MP4,57089,31.7478,KAD_CAT_Transect 3,2.3034,68.726,2.692,16.684,1719.609,25.803,31.698,0.862,-454.017,-595.086,-1548.158,KAD_CAT_1,Peter,Pomacentridae,Stegastes,lacrymatus,temp_code_006,1,AD,Passing,,,
GX010036_L.MP4,57092,31.7495,KAD_CAT_Transect 3,2.3051,122.318,7.268,8.627,2904.137,21.672,28.141,0.221,-809.205,-703.849,-2698.85,KAD_CAT_1,Peter,Acanthuridae,Ctenochaetus,striatus,37437022,1,AD,Passing,,,
GX010036_L.MP4,57170,31.7929,KAD_CAT_Transect 3,2.3485,77.678,1.794,4.99,1486.203,16.513,23.387,26.608,-157.779,-391.854,-1424.905,KAD_CAT_1,Peter,Pomacentridae,Pomacentrus,sp,,1,AD,Passing,,,
GX010036_L.MP4,57177,31.7968,KAD_CAT_Transect 3,2.3524,59.507,1.338,6.686,1111.397,20.419,38.317,4.064,-74.992,-380.42,-1041.566,KAD_CAT_1,Peter,Labridae,Labroides,dimidiatus,37384028,1,AD,Passing,,,
GX010036_L.MP4,57193,31.8057,KAD_CAT_Transect 3,2.3612,,8.949,7.615,3944.847,21.659,,,-1151.312,-893.399,-3665.806,KAD_CAT_1,Peter,Pomacentridae,Chromis,iomelas,37372043,1,AD,Passing,,,
GX010036_L.MP4,57193,31.8057,KAD_CAT_Transect 3,2.3612,,3.642,3.583,2368.654,17.116,,,419.857,-557.798,-2263.428,KAD_CAT_1,Peter,Pomacentridae,Chromis,margaritifer,37372047,1,AD,Passing,,,
GX010036_L.MP4,57193,31.8057,KAD_CAT_Transect 3,2.3612,,4.37,6.165,2613.712,13.034,,,205.931,-553.809,-2546.052,KAD_CAT_1,Peter,Pomacentridae,Chromis,margaritifer,37372047,1,AD,Passing,,,
GX010036_L.MP4,57193,31.8057,KAD_CAT_Transect 3,2.3612,,4.594,5.553,2687.757,13.084,,,158.012,-589.127,-2617.632,KAD_CAT_1,Peter,Pomacentridae,Chromis,margaritifer,37372047,1,AD,Passing,,,
GX010036_L.MP4,57268,31.8474,KAD_CAT_Transect 3,2.403,181.505,13.423,15.97,4207.356,24.944,25.369,15.74,-1487.087,-968.04,-3814.881,KAD_CAT_1,Peter,Scaridae,Chlorurus,spilurus,temp_code_002,1,AD,Passing,spilurus,,
GX010036_L.MP4,57273,31.8502,KAD_CAT_Transect 3,2.4057,273.513,10.096,1.445,4642.08,13.344,14.196,69.696,-264.094,-1038.292,-4516.759,KAD_CAT_1,Peter,Scaridae,Chlorurus,spilurus,temp_code_002,1,AD,Passing,,,
GX010036_L.MP4,57273,31.8502,KAD_CAT_Transect 3,2.4057,,5.795,6.881,3063.279,17.796,,,-263.673,-900.057,-2916.171,KAD_CAT_1,Peter,Pomacentridae,Pomacentrus,coelestis,37372111,1,AD,Passing,,,
GX010036_L.MP4,57273,31.8502,KAD_CAT_Transect 3,2.4057,131.347,10.662,8.132,4683.277,17.582,9.136,18.015,-1035.526,-963.839,-4464.502,KAD_CAT_1,Peter,Labridae,Stethojulis,sp,,1,AD,Passing,,,
GX010036_L.MP4,57362,31.8996,KAD_CAT_Transect 3,2.4552,,2.946,9.642,2208.708,24.856,,,-697.741,-613.602,-2003.757,KAD_CAT_1,Peter,Scaridae,Chlorurus,spilurus,temp_code_002,1,AD,Passing,spilurus,double sampled,
GX010036_L.MP4,57362,31.8996,KAD_CAT_Transect 3,2.4552,,6.548,1.146,3563.815,31.363,,,-1590.732,-955.712,-3042.526,KAD_CAT_1,Peter,Scaridae,Chlorurus,spilurus,temp_code_002,1,AD,Passing,spilurus,double sampled,
GX010036_L.MP4,57384,31.9119,KAD_CAT_Transect 3,2.4675,,6.475,7.295,3514.606,31.132,,,-1490.607,-1040.911,-3007.832,KAD_CAT_1,Peter,Scaridae,Chlorurus,spilurus,temp_code_002,1,AD,Passing,spilurus,double sampled,
GX020036_L.MP4,55,39.5367,KAD_CAT_Transect 4,0.1413,,19.262,18.162,6104.767,27.544,,,-2473.957,1356.696,-5413.603,KAD_CAT_1,Peter,Acanthuridae,Acanthurus,sp,,1,AD,Passing,,,
GX020036_L.MP4,55,39.5367,KAD_CAT_Transect 4,0.1413,,32.05,1.793,7503.133,12.018,,,-1337.966,802.193,-7339.164,KAD_CAT_1,Peter,Acanthuridae,Acanthurus,lineatus,37437010,1,AD,Passing,,,
GX020036_L.MP4,55,39.5367,KAD_CAT_Transect 4,0.1413,,21.701,3.241,6153.506,14.978,,,-1364.53,813.469,-5944.911,KAD_CAT_1,Peter,Acanthuridae,Acanthurus,lineatus,37437010,1,AD,Passing,,,
GX020036_L.MP4,55,39.5367,KAD_CAT_Transect 4,0.1413,213.473,17.09,1.682,5270.088,21.039,16.837,25.964,-1624.621,969.627,-4918.766,KAD_CAT_1,Peter,Scaridae,Chlorurus,spilurus,temp_code_002,1,AD,Passing,,,
GX020036_L.MP4,55,39.5367,KAD_CAT_Transect 4,0.1413,229.891,21.449,10.371,7031.475,8.361,14.753,41.784,-917.942,450.226,-6956.747,KAD_CAT_1,Peter,Scaridae,Chlorurus,spilurus,temp_code_002,1,AD,Passing,,,
GX020036_L.MP4,55,39.5367,KAD_CAT_Transect 4,0.1413,164.127,9.002,2.631,5420.373,4.862,6.813,23.744,-458.541,-28.613,-5400.867,KAD_CAT_1,Peter,Scaridae,Chlorurus,spilurus,temp_code_002,1,AD,Passing,,,
GX020036_L.MP4,55,39.5367,KAD_CAT_Transect 4,0.1413,,28.466,1.847,7091.757,11.874,,,-1312.54,633.397,-6940.393,KAD_CAT_1,Peter,Scaridae,Chlorurus,spilurus,temp_code_002,1,AD,Passing,,,
GX020036_L.MP4,55,39.5367,KAD_CAT_Transect 4,0.1413,,25.575,1.477,6658.779,15.529,,,-1430.938,1059.587,-6416.31,KAD_CAT_1,Peter,Scaridae,Chlorurus,spilurus,temp_code_002,1,AD,Passing,spilurus,,
GX020036_L.MP4,55,39.5367,KAD_CAT_Transect 4,0.1413,,31.67,3.582,7511.932,10.846,,,-1304.751,539.269,-7378.072,KAD_CAT_1,Peter,Scaridae,Scarus,frenatus,37386016,1,AD,Passing,,,
GX020036_L.MP4,102,39.5629,KAD_CAT_Transect 4,0.1674,,13.493,6.704,4860.224,21.095,,,-1386.113,1064.429,-4535.136,KAD_CAT_1,Peter,Scaridae,Chlorurus,spilurus,temp_code_002,1,AD,Passing,spilurus,may have double sampled,
GX020036_L.MP4,102,39.5629,KAD_CAT_Transect 4,0.1674,,10.769,0.415,4442.016,24.136,,,-1585.485,883.82,-4054.208,KAD_CAT_1,Peter,Holocentridae,Myripristis,kuntee,37261011,1,AD,Passing,,,
GX020036_L.MP4,105,39.5645,KAD_CAT_Transect 4,0.1691,206.076,15.111,3.962,5147.002,20.082,12.821,20.53,-1461.09,994.338,-4834.06,KAD_CAT_1,Peter,Acanthuridae,Acanthurus,lineatus,37437010,1,AD,Passing,may have double sampled,,
GX020036_L.MP4,130,39.5784,KAD_CAT_Transect 4,0.183,170.243,9.749,3.279,4583.383,16.945,13.295,51.538,-978.46,909.421,-4384.401,KAD_CAT_1,Peter,Scaridae,Chlorurus,spilurus,temp_code_002,1,AD,Passing,may have double sampled,spilurus,
GX020036_L.MP4,130,39.5784,KAD_CAT_Transect 4,0.183,180.374,15.622,7.098,5356.181,19.149,14.148,25.648,-1207.057,1276.749,-5059.802,KAD_CAT_1,Peter,Scaridae,Chlorurus,spilurus,temp_code_002,1,AD,Passing,measurement of point,spilurus,
GX020036_L.MP4,276,39.6596,KAD_CAT_Transect 4,0.2642,190.376,6.441,2.14,2288.366,6.719,37.547,0.06,-243.603,111.122,-2272.648,KAD_CAT_1,Peter,Acanthuridae,Acanthurus,lineatus,37437010,1,AD,Passing,may have double sampled,,
GX020036_L.MP4,276,39.6596,KAD_CAT_Transect 4,0.2642,,13.686,8.387,4794.529,9.202,,,479.73,-600.837,-4732.479,KAD_CAT_1,Peter,Acanthuridae,Acanthurus,sp,,1,AD,Passing,,,
GX020036_L.MP4,276,39.6596,KAD_CAT_Transect 4,0.2642,,11.284,12.505,4295.418,14.367,,,765.227,-744.341,-4160.649,KAD_CAT_1,Peter,Acanthuridae,Acanthurus,sp,,1,AD,Passing,,,
GX020036_L.MP4,276,39.6596,KAD_CAT_Transect 4,0.2642,228.186,11.509,9.408,4623.402,15.672,18.822,47.549,-845.167,919.514,-4451.52,KAD_CAT_1,Peter,Scaridae,Chlorurus,spilurus,temp_code_002,1,AD,Passing,may have double sampled,,
GX020036_L.MP4,276,39.6596,KAD_CAT_Transect 4,0.2642,,21.228,0.806,6114.65,6.725,,,-258.253,664.27,-6072.973,KAD_CAT_1,Peter,Scaridae,Chlorurus,spilurus,temp_code_002,1,AD,Passing,spilurus,may have double sampled,
GX020036_L.MP4,276,39.6596,KAD_CAT_Transect 4,0.2642,,7.619,0.94,3576.678,4.992,,,-43.765,306.064,-3563.29,KAD_CAT_1,Peter,Scaridae,Chlorurus,spilurus,temp_code_002,1,AD,Passing,spilurus,may have double sampled,
GX020036_L.MP4,276,39.6596,KAD_CAT_Transect 4,0.2642,,13.455,0.773,4779.85,19.556,,,-1071.213,1185.741,-4504.829,KAD_CAT_1,Peter,Scaridae,Chlorurus,spilurus,temp_code_002,1,AD,Passing,spilurus,may have double sampled,
GX020036_L.MP4,276,39.6596,KAD_CAT_Transect 4,0.2642,,14.616,4.679,4949.969,17.626,,,-847.463,1233.543,-4718.301,KAD_CAT_1,Peter,Scaridae,Chlorurus,spilurus,temp_code_002,1,AD,Passing,spilurus,may have double sampled,
GX020036_L.MP4,276,39.6596,KAD_CAT_Transect 4,0.2642,,5,2.446,2801.592,13.637,,,371.399,-547.822,-2722.291,KAD_CAT_1,Peter,Acanthuridae,Zebrasoma,scopas,37437036,1,AD,Passing,,,
GX020036_L.MP4,293,39.6691,KAD_CAT_Transect 4,0.2736,162.947,11.814,4.705,2940.357,18.316,55.426,8.296,-817.368,430.953,-2791.396,KAD_CAT_1,Peter,Scaridae,Chlorurus,spilurus,temp_code_002,1,AD,Passing,may have double sampled,,
GX020036_L.MP4,374,39.7141,KAD_CAT_Transect 4,0.3187,,1.176,1.265,1269.534,16.55,,,-339.48,-125.344,-1216.864,KAD_CAT_1,Peter,Pomacentridae,Stegastes,lacrymatus,temp_code_006,1,AD,Passing,,,
GX020036_L.MP4,374,39.7141,KAD_CAT_Transect 4,0.3187,105.686,1.776,1.131,1533.7,11.239,20.46,35.251,-187.165,-233.059,-1504.29,KAD_CAT_1,Peter,Acanthuridae,Zebrasoma,scopas,37437036,1,AD,Passing,,,
GX020036_L.MP4,389,39.7225,KAD_CAT_Transect 4,0.327,,3.428,1.875,2304.344,17.916,,,216.66,-676.223,-2192.21,KAD_CAT_1,Peter,Acanthuridae,Acanthurus,nigrofuscus,37437014,1,AD,Passing,,,
GX020036_L.MP4,415,39.7369,KAD_CAT_Transect 4,0.3415,201.535,9.363,5.798,3089.13,15.496,30.865,8.952,517.192,-643.15,-2976.844,KAD_CAT_1,Peter,Acanthuridae,Acanthurus,lineatus,37437010,1,AD,Passing,,,
GX020036_L.MP4,415,39.7369,KAD_CAT_Transect 4,0.3415,156.088,14.31,8.239,4297.749,7.481,26.09,32.656,273.846,-487.971,-4261.166,KAD_CAT_1,Peter,Acanthuridae,Acanthurus,nigrofuscus,37437014,1,AD,Passing,,,
GX020036_L.MP4,415,39.7369,KAD_CAT_Transect 4,0.3415,99.34,6.466,2.634,2326.381,19.307,44.447,14.304,256.669,-725.07,-2195.551,KAD_CAT_1,Peter,Acanthuridae,Zebrasoma,scopas,37437036,1,AD,Passing,,,
GX020036_L.MP4,415,39.7369,KAD_CAT_Transect 4,0.3415,134.607,11.738,2.744,2626.082,12.322,64.001,3.398,76.364,-555.197,-2565.586,KAD_CAT_1,Peter,Acanthuridae,Zebrasoma,scopas,37437036,1,AD,Passing,,,
GX020036_L.MP4,440,39.7508,KAD_CAT_Transect 4,0.3554,,10.309,1.565,4187.39,6.455,,,-13.439,-472.986,-4160.57,KAD_CAT_1,Peter,Acanthuridae,Acanthurus,nigrofuscus,37437014,1,AD,Passing,,,
GX020036_L.MP4,440,39.7508,KAD_CAT_Transect 4,0.3554,155.877,10.486,11.495,3574.34,12.926,41.56,50.723,-691.793,400.888,-3483.765,KAD_CAT_1,Peter,Scaridae,Chlorurus,spilurus,temp_code_002,1,AD,Passing,may have double sampled,,
GX020036_L.MP4,440,39.7508,KAD_CAT_Transect 4,0.3554,169.661,15.709,4.007,4526.294,15.857,23.565,19.919,-1148.295,459.385,-4354.047,KAD_CAT_1,Peter,Scaridae,Chlorurus,spilurus,temp_code_002,1,AD,Passing,may have double sampled,,
GX020036_L.MP4,440,39.7508,KAD_CAT_Transect 4,0.3554,140.907,7.421,5.829,2312.612,19.335,58.489,4.393,-756.671,117.151,-2182.178,KAD_CAT_1,Peter,Scaridae,Chlorurus,spilurus,temp_code_002,1,AD,Passing,,,
GX020036_L.MP4,440,39.7508,KAD_CAT_Transect 4,0.3554,,10.956,2.966,4493.788,22.988,,,-1604.911,707.645,-4137.346,KAD_CAT_1,Peter,Scaridae,Chlorurus,spilurus,temp_code_002,1,AD,Passing,spilurus,,
GX020036_L.MP4,440,39.7508,KAD_CAT_Transect 4,0.3554,,3.816,0.275,2441.92,12.368,,,-199.573,-484.84,-2384.968,KAD_CAT_1,Peter,Acanthuridae,Zebrasoma,scopas,37437036,1,AD,Passing,,,
GX020036_L.MP4,470,39.7675,KAD_CAT_Transect 4,0.372,204.927,6.758,8.195,2070.546,20.907,72.758,4.675,-98.851,-732.229,-1934.226,KAD_CAT_1,Peter,Acanthuridae,Ctenochaetus,striatus,37437022,1,AD,Passing,,,
GX020036_L.MP4,508,39.7886,KAD_CAT_Transect 4,0.3932,165.836,4.482,8.676,2791.358,16.009,22.41,83.107,-179.769,-748.543,-2683.104,KAD_CAT_1,Peter,Acanthuridae,Ctenochaetus,striatus,37437022,1,AD,Passing,may have double sampled,,
GX020036_L.MP4,508,39.7886,KAD_CAT_Transect 4,0.3932,205.866,9.278,9.381,2644.36,19.999,75.84,40.453,118.988,-896.501,-2484.908,KAD_CAT_1,Peter,Acanthuridae,Ctenochaetus,striatus,37437022,1,AD,Passing,may have double sampled,,
GX020036_L.MP4,533,39.8025,KAD_CAT_Transect 4,0.4071,,17.466,7.297,5781.699,23.765,,,-2191.925,786.861,-5291.914,KAD_CAT_1,Peter,Acanthuridae,Acanthurus,lineatus,37437010,1,AD,Passing,may have double sampled,,
GX020036_L.MP4,533,39.8025,KAD_CAT_Transect 4,0.4071,265.992,21.828,4.039,4123.787,24.904,70.984,9.619,-1663.657,497.672,-3740.346,KAD_CAT_1,Peter,Scaridae,Chlorurus,spilurus,temp_code_002,1,AD,Passing,may have double sampled,,
GX020036_L.MP4,533,39.8025,KAD_CAT_Transect 4,0.4071,296.245,13.214,9.763,3271.567,28.745,85.868,6.321,-1494.846,490.694,-2868.416,KAD_CAT_1,Peter,Scaridae,Chlorurus,spilurus,temp_code_002,1,AD,Passing,may have double sampled,,
GX020036_L.MP4,533,39.8025,KAD_CAT_Transect 4,0.4071,,4.821,1.262,2774.139,14.212,,,-411.137,-544.57,-2688.914,KAD_CAT_1,Peter,Scaridae,Chlorurus,spilurus,temp_code_002,1,AD,Passing,,,
GX020036_L.MP4,533,39.8025,KAD_CAT_Transect 4,0.4071,,10.18,0.722,4236.64,14.4,,,-1050.256,-86.476,-4103.487,KAD_CAT_1,Peter,Scaridae,Chlorurus,spilurus,temp_code_002,1,AD,Passing,,,
GX020036_L.MP4,533,39.8025,KAD_CAT_Transect 4,0.4071,,9.274,0.815,4036.53,14.549,,,-1013.877,-16.653,-3907.09,KAD_CAT_1,Peter,Scaridae,Chlorurus,spilurus,temp_code_002,1,AD,Passing,,,
GX020036_L.MP4,533,39.8025,KAD_CAT_Transect 4,0.4071,,11.535,7.463,4502.061,13.127,,,-1011.296,148.312,-4384.5,KAD_CAT_1,Peter,Scaridae,Chlorurus,spilurus,temp_code_002,1,AD,Passing,,,
GX020036_L.MP4,533,39.8025,KAD_CAT_Transect 4,0.4071,,23.054,0.58,6605.209,20.024,,,-2204.783,500.579,-6206.217,KAD_CAT_1,Peter,Scaridae,Chlorurus,spilurus,temp_code_002,1,AD,Passing,,,
GX020036_L.MP4,567,39.8214,KAD_CAT_Transect 4,0.426,321.384,17.783,9.592,4858.477,16.224,26.848,31.866,-1342.599,-200.042,-4664.999,KAD_CAT_1,Peter,Scaridae,Chlorurus,spilurus,temp_code_002,1,AD,Passing,spilurus,,
GX020036_L.MP4,567,39.8214,KAD_CAT_Transect 4,0.426,,13.506,0.471,4869.383,10.437,,,-872.857,-130.326,-4788.74,KAD_CAT_1,Peter,Scaridae,Chlorurus,spilurus,temp_code_002,1,AD,Passing,,,
GX020036_L.MP4,567,39.8214,KAD_CAT_Transect 4,0.426,,12.184,4.049,4610.358,11.182,,,-874.133,-190.239,-4522.731,KAD_CAT_1,Peter,Scaridae,Chlorurus,spilurus,temp_code_002,1,AD,Passing,,,
GX020036_L.MP4,567,39.8214,KAD_CAT_Transect 4,0.426,,13.036,4.442,4779.893,7.716,,,-641.749,1.589,-4736.616,KAD_CAT_1,Peter,Scaridae,Chlorurus,spilurus,temp_code_002,1,AD,Passing,,,
GX020036_L.MP4,567,39.8214,KAD_CAT_Transect 4,0.426,,9.871,2.314,4134.819,14.569,,,-981.449,-346.662,-4001.663,KAD_CAT_1,Peter,Scaridae,Chlorurus,spilurus,temp_code_002,1,AD,Passing,,,
GX020036_L.MP4,621,39.8515,KAD_CAT_Transect 4,0.456,307.707,25.012,6.28,4632.419,20.338,49.054,16.44,-1541.524,464.57,-4343.637,KAD_CAT_1,Peter,Scaridae,Chlorurus,spilurus,temp_code_002,1,AD,Passing,spilurus,,
GX020036_L.MP4,643,39.8637,KAD_CAT_Transect 4,0.4682,,22.876,3.567,6252.586,12.292,,,149.511,1319.176,-6110.012,KAD_CAT_1,Peter,Acanthuridae,Acanthurus,lineatus,37437010,1,AD,Passing,,,
GX020036_L.MP4,643,39.8637,KAD_CAT_Transect 4,0.4682,,15.998,3.864,5186.537,11.189,,,296.057,958.919,-5088.516,KAD_CAT_1,Peter,Scaridae,Chlorurus,spilurus,temp_code_002,1,AD,Passing,spilurus,may have double sampled,
GX020036_L.MP4,643,39.8637,KAD_CAT_Transect 4,0.4682,,19.908,4.693,5825.246,13.064,,,-19.822,1313.223,-5675.257,KAD_CAT_1,Peter,Scaridae,Chlorurus,spilurus,temp_code_002,1,AD,Passing,spilurus,may have double sampled,
GX020036_L.MP4,643,39.8637,KAD_CAT_Transect 4,0.4682,,28.311,1.083,6945.57,13.663,,,-574.793,1532.663,-6749.926,KAD_CAT_1,Peter,Scaridae,Chlorurus,spilurus,temp_code_002,1,AD,Passing,spilurus,may have double sampled,
GX020036_L.MP4,643,39.8637,KAD_CAT_Transect 4,0.4682,,20.555,1.018,6261.556,26.851,,,-2431.021,1441.892,-5587.322,KAD_CAT_1,Peter,Scaridae,Chlorurus,spilurus,temp_code_002,1,AD,Passing,spilurus,may have double sampled,
GX020036_L.MP4,800,39.951,KAD_CAT_Transect 4,0.5556,111.831,6.875,3.846,2428.925,16.735,39.875,0.503,-659.867,231.815,-2326.051,KAD_CAT_1,Peter,Scaridae,Chlorurus,spilurus,temp_code_002,1,AD,Passing,may have double sampled,,
GX020036_L.MP4,800,39.951,KAD_CAT_Transect 4,0.5556,95.219,4.39,2.01,2527.175,16.35,13.565,5.906,-688.92,177.433,-2424.978,KAD_CAT_1,Peter,Scaridae,Chlorurus,spilurus,temp_code_002,1,AD,Passing,may have double sampled,,
GX020036_L.MP4,800,39.951,KAD_CAT_Transect 4,0.5556,90.841,3.028,6.113,2385.97,12.503,1.375,0.126,-506.556,101.005,-2329.389,KAD_CAT_1,Peter,Scaridae,Chlorurus,spilurus,temp_code_002,1,AD,Passing,may have double sampled,,
GX020036_L.MP4,800,39.951,KAD_CAT_Transect 4,0.5556,112.81,6.439,1.347,2587.33,12.773,28.475,5.244,-529.772,215.782,-2523.303,KAD_CAT_1,Peter,Scaridae,Chlorurus,spilurus,temp_code_002,1,AD,Passing,may have double sampled,,
GX020036_L.MP4,800,39.951,KAD_CAT_Transect 4,0.5556,151.53,2.974,7.418,2313.411,15.946,4.872,31.799,-635.18,-22.659,-2224.388,KAD_CAT_1,Peter,Scaridae,Chlorurus,spilurus,temp_code_002,1,AD,Passing,may have double sampled,,
GX020036_L.MP4,800,39.951,KAD_CAT_Transect 4,0.5556,175.207,3.782,6.612,3299.284,5.19,6.935,10.718,-46.259,294.861,-3285.756,KAD_CAT_1,Peter,Scaridae,Chlorurus,spilurus,temp_code_002,1,AD,Passing,may have double sampled,,
GX020036_L.MP4,800,39.951,KAD_CAT_Transect 4,0.5556,158.731,4.515,8.192,3992.586,8.005,2.204,8.512,353.531,429.129,-3953.683,KAD_CAT_1,Peter,Scaridae,Chlorurus,spilurus,temp_code_002,1,AD,Passing,may have double sampled,spilurus,
GX020036_L.MP4,800,39.951,KAD_CAT_Transect 4,0.5556,314.514,29.232,3.289,4841.696,15.584,44.192,5.477,-997.213,835.132,-4663.705,KAD_CAT_1,Peter,Scaridae,Chlorurus,spilurus,temp_code_002,1,AD,Passing,may have double sampled,spilurus,
GX020036_L.MP4,800,39.951,KAD_CAT_Transect 4,0.5556,182.299,9.414,4.731,3669.764,17.019,19.52,5.715,-771.55,747.298,-3509.049,KAD_CAT_1,Peter,Scaridae,Chlorurus,spilurus,temp_code_002,1,AD,Passing,may have double sampled,spilurus.,
GX020036_L.MP4,800,39.951,KAD_CAT_Transect 4,0.5556,232.333,13.926,4,4059.993,12.823,26.461,16.031,-481.694,761.499,-3958.741,KAD_CAT_1,Peter,Scaridae,Chlorurus,spilurus,temp_code_002,1,AD,Passing,may have double sampled,spilurus,
GX020036_L.MP4,800,39.951,KAD_CAT_Transect 4,0.5556,145.496,8.608,1.568,2567.372,23.774,81.306,22.932,-982.853,324.322,-2349.514,KAD_CAT_1,Peter,Scaridae,Chlorurus,spilurus,temp_code_002,1,AD,Passing,may have double sampled,,
GX020036_L.MP4,800,39.951,KAD_CAT_Transect 4,0.5556,144.528,8.857,5.673,3883.491,22.65,10.172,17.694,-1274.856,781.859,-3583.984,KAD_CAT_1,Peter,Scaridae,Chlorurus,spilurus,temp_code_002,1,AD,Passing,may have double sampled,spilurus,
GX020036_L.MP4,815,39.9594,KAD_CAT_Transect 4,0.5639,,8.735,1.402,3861.075,8.32,,,-552.133,83.268,-3820.486,KAD_CAT_1,Peter,Holocentridae,Myripristis,kuntee,37261011,1,AD,Passing,may have double sampled,,
GX020036_L.MP4,844,39.9755,KAD_CAT_Transect 4,0.58,112.188,8.08,2.972,2349.81,17.89,78.106,32.792,379.527,-614.034,-2236.186,KAD_CAT_1,Peter,Acanthuridae,Ctenochaetus,binotatus,37437021,1,AD,Passing,,,
GX020036_L.MP4,1010,40.0678,KAD_CAT_Transect 4,0.6723,189.912,4.808,9.408,3151.584,11.413,11.784,13.322,234.902,-577.687,-3089.268,KAD_CAT_1,Peter,Scaridae,Chlorurus,spilurus,temp_code_002,1,AD,Passing,spilurus,,
GX020036_L.MP4,1054,40.0923,KAD_CAT_Transect 4,0.6968,63.466,3.265,4.777,1698.747,17.225,38.586,0.067,-185.143,-467.737,-1622.555,KAD_CAT_1,Peter,Pomacentridae,Chrysiptera,glauca,37372062,1,AD,Passing,,,
GX020036_L.MP4,1131,40.1351,KAD_CAT_Transect 4,0.7396,119.388,2.889,6.411,1904.72,18.61,20.736,14.386,-470.844,-384.429,-1805.126,KAD_CAT_1,Peter,Holocentridae,Myripristis,kuntee,37261011,1,AD,Passing,,,
GX020036_L.MP4,1174,40.159,KAD_CAT_Transect 4,0.7635,,3.346,1.917,2453.817,26.8,,,-1038.128,381.317,-2190.458,KAD_CAT_1,Peter,Pomacentridae,Stegastes,nigricans,37372135,1,AD,Passing,,,
GX020036_L.MP4,1258,40.2057,KAD_CAT_Transect 4,0.8103,157.698,10.07,3.914,2639.819,13.425,51.811,11.021,-161.056,-591.345,-2567.687,KAD_CAT_1,Peter,Scaridae,Chlorurus,spilurus,temp_code_002,1,AD,Passing,spilurus,,
GX020036_L.MP4,1258,40.2057,KAD_CAT_Transect 4,0.8103,95.228,2.567,7.06,2167.908,15.916,10.741,41.908,-133.066,-579.427,-2084.798,KAD_CAT_1,Peter,Pomacentridae,Pomacentrus,philippinus,37372123,1,AD,Passing,,,
GX020036_L.MP4,1274,40.2146,KAD_CAT_Transect 4,0.8192,259.44,18.064,4.08,5352.876,22.202,13.318,19.868,-2013.313,194.475,-4956.009,KAD_CAT_1,Peter,Scaridae,Chlorurus,spilurus,temp_code_002,1,AD,Passing,,,
GX020036_L.MP4,1274,40.2146,KAD_CAT_Transect 4,0.8192,,13.763,3.823,5225.962,24.537,,,-2135.242,385.287,-4754.258,KAD_CAT_1,Peter,Scaridae,Scarus,frenatus,37386016,1,AD,Passing,,,
GX020036_L.MP4,1290,40.2235,KAD_CAT_Transect 4,0.828,,22.829,2.358,6583.823,22.878,,,-2391.753,908.156,-6066.423,KAD_CAT_1,Peter,Scaridae,Chlorurus,spilurus,temp_code_002,1,AD,Passing,spilurus,,
GX020036_L.MP4,1290,40.2235,KAD_CAT_Transect 4,0.828,,26.024,4.275,7014.938,21.954,,,-2465.29,890.874,-6506.769,KAD_CAT_1,Peter,Scaridae,Chlorurus,spilurus,temp_code_002,1,AD,Passing,spilurus,,
GX020036_L.MP4,1290,40.2235,KAD_CAT_Transect 4,0.828,,18.596,5.602,6005.884,23.487,,,-2303.775,646.248,-5508.687,KAD_CAT_1,Peter,Scaridae,Chlorurus,spilurus,temp_code_002,1,AD,Passing,spilurus,,
GX020036_L.MP4,1290,40.2235,KAD_CAT_Transect 4,0.828,,20.896,3.974,6364.439,23.749,,,-2444.089,768.696,-5825.943,KAD_CAT_1,Peter,Scaridae,Chlorurus,spilurus,temp_code_002,1,AD,Passing,spilurus,,
GX020036_L.MP4,1290,40.2235,KAD_CAT_Transect 4,0.828,202.254,4.15,7.768,2655.611,19.227,11.897,30.702,-736.115,-472.127,-2507.489,KAD_CAT_1,Peter,Scaridae,Scarus,niger,37386021,1,AD,Passing,,,
GX020036_L.MP4,1290,40.2235,KAD_CAT_Transect 4,0.828,83.953,2.963,8.91,2829.567,16.202,2.358,3.808,-361.478,-701.894,-2717.191,KAD_CAT_1,Peter,Acanthuridae,Zebrasoma,scopas,37437036,1,AD,Passing,,,
GX020036_L.MP4,1290,40.2235,KAD_CAT_Transect 4,0.828,146.127,14.526,7.708,3482.003,14.201,40.64,7.709,-526.683,-672.514,-3375.6,KAD_CAT_1,Peter,Acanthuridae,Zebrasoma,scopas,37437036,1,AD,Passing,,,
GX020036_L.MP4,1309,40.2341,KAD_CAT_Transect 4,0.8386,,16.911,2.328,5426.47,22.823,,,1798.396,-1096.594,-5000.983,KAD_CAT_1,Peter,Zanclidae,Zanclus,cornutus,37437001,1,AD,Passing,,,
GX020036_L.MP4,1315,40.2374,KAD_CAT_Transect 4,0.842,208.659,5.463,4.579,2958.237,18.45,19.059,45.238,338.11,-873.033,-2806.183,KAD_CAT_1,Peter,Scaridae,Chlorurus,spilurus,temp_code_002,1,AD,Passing,,,
GX020036_L.MP4,1315,40.2374,KAD_CAT_Transect 4,0.842,81.339,7.59,3.316,3175.329,18.178,24.855,22.045,184.776,-973.227,-3016.853,KAD_CAT_1,Peter,Acanthuridae,Zebrasoma,scopas,37437036,1,AD,Passing,,,
GX020036_L.MP4,1325,40.243,KAD_CAT_Transect 4,0.8475,250.552,12.883,9.416,4062.766,3.994,35.936,50.883,220.005,178.026,-4052.897,KAD_CAT_1,Peter,Scaridae,Chlorurus,spilurus,temp_code_002,1,AD,Passing,spilurus,,
GX020036_L.MP4,1325,40.243,KAD_CAT_Transect 4,0.8475,,8.205,4.363,3736.374,5.325,,,-326.774,-118.267,-3720.178,KAD_CAT_1,Peter,Labridae,Thalassoma,hardwicke,37384165,1,AD,Passing,,,
GX020036_L.MP4,1339,40.2508,KAD_CAT_Transect 4,0.8553,230.061,12.584,3.035,2903.804,19.861,60.789,2.901,319.864,-933.229,-2731.09,KAD_CAT_1,Peter,Scaridae,Chlorurus,spilurus,temp_code_002,1,AD,Passing,,,
GX020036_L.MP4,1339,40.2508,KAD_CAT_Transect 4,0.8553,238.137,3.841,10.274,2784.247,20.722,7.782,36.03,-286.691,-942.539,-2604.123,KAD_CAT_1,Peter,Scaridae,Scarus,schlegeli,37386029,1,AD,Passing,,,
GX020036_L.MP4,1339,40.2508,KAD_CAT_Transect 4,0.8553,,4.984,5.807,2830.411,17.906,,,-178.131,-853.399,-2692.806,KAD_CAT_1,Peter,Acanthuridae,Zebrasoma,scopas,37437036,1,AD,Passing,,,
GX020036_L.MP4,1373,40.2697,KAD_CAT_Transect 4,0.8742,213.917,9.547,7.936,3568.304,5.616,22.09,20.124,-323.816,-130.698,-3551.176,KAD_CAT_1,Peter,Acanthuridae,Acanthurus,lineatus,37437010,1,AD,Passing,,,
GX020036_L.MP4,1373,40.2697,KAD_CAT_Transect 4,0.8742,,15.31,6.449,5215.565,20.516,,,-1556.032,956.294,-4885.324,KAD_CAT_1,Peter,Acanthuridae,Acanthurus,lineatus,37437010,1,AD,Passing,,,
GX020036_L.MP4,1373,40.2697,KAD_CAT_Transect 4,0.8742,61.39,2.588,4.892,2422.332,13.426,1.215,26.062,-360.528,-431.682,-2356.133,KAD_CAT_1,Peter,Pomacentridae,Pomacentrus,callainus,temp_code_004,1,AD,Passing,,,
GX020036_L.MP4,1373,40.2697,KAD_CAT_Transect 4,0.8742,,7.469,2.241,3610.735,15.928,,,-983.773,-120.529,-3472.042,KAD_CAT_1,Peter,Pomacentridae,Pomacentrus,coelestis,37372111,1,AD,Passing,,,
GX020036_L.MP4,1373,40.2697,KAD_CAT_Transect 4,0.8742,,9.902,1.857,4360.85,29.354,,,-1820.557,1118.265,-3801.588,KAD_CAT_1,Peter,Scaridae,Scarus,psittacus,37386024,1,AD,Passing,,,
GX020036_L.MP4,1373,40.2697,KAD_CAT_Transect 4,0.8742,87.96,7.772,2.369,2508.908,21.853,52.393,6.049,-927.623,-107.788,-2328.63,KAD_CAT_1,Peter,Labridae,Thalassoma,hardwicke,37384165,1,AD,Passing,,,
GX020036_L.MP4,1435,40.3042,KAD_CAT_Transect 4,0.9087,196.604,19.344,2.99,4314.874,19.69,50.293,40.125,1106.641,-942.868,-4062.571,KAD_CAT_1,Peter,Acanthuridae,Ctenochaetus,striatus,37437022,1,AD,Passing,,,
GX020036_L.MP4,1485,40.332,KAD_CAT_Transect 4,0.9365,202.548,16.357,5.889,3989.589,4.983,31.469,15.685,-269.16,218.291,-3974.509,KAD_CAT_1,Peter,Acanthuridae,Acanthurus,lineatus,37437010,1,AD,Passing,,,
GX020036_L.MP4,1496,40.3381,KAD_CAT_Transect 4,0.9426,80.602,3.691,4.494,2360.979,15.188,20.14,34.297,-39.922,-617.264,-2278.511,KAD_CAT_1,Peter,Pomacentridae,Pomacentrus,philippinus,37372123,1,AD,Passing,,,
GX020036_L.MP4,1525,40.3542,KAD_CAT_Transect 4,0.9587,224.984,8.867,5.319,2365.984,18.085,82.237,26.227,111.731,-725.931,-2249.093,KAD_CAT_1,Peter,Scaridae,Chlorurus,spilurus,temp_code_002,1,AD,Passing,may have double sampled,,
GX020036_L.MP4,1572,40.3803,KAD_CAT_Transect 4,0.9849,82.932,5.546,3.104,2281.315,23.681,42.61,13.523,-916.187,11.491,-2089.227,KAD_CAT_1,Peter,Pomacanthidae,Centropyge,heraldi,37385027,1,AD,Passing,,,
GX020036_L.MP4,1623,40.4087,KAD_CAT_Transect 4,1.0132,238.743,12.559,13.487,5687.394,11.857,5.724,68.433,420.679,-1090.228,-5566.047,KAD_CAT_1,Peter,Lutjanidae,Lutjanus,gibbus,37346028,1,AD,Passing,,,
GX020036_L.MP4,1623,40.4087,KAD_CAT_Transect 4,1.0132,,19.944,15.661,5855.326,9.719,,,151.173,-980.262,-5770.709,KAD_CAT_1,Peter,Lutjanidae,Lutjanus,gibbus,37346028,1,AD,Passing,,,
GX020036_L.MP4,1623,40.4087,KAD_CAT_Transect 4,1.0132,,10.931,1.928,4249.158,11.721,,,281.887,-818.348,-4160.071,KAD_CAT_1,Peter,Pomacentridae,Pomacentrus,philippinus,37372123,1,AD,Passing,,,
GX020036_L.MP4,1730,40.4682,KAD_CAT_Transect 4,1.0727,222.023,6.902,8.228,4699.402,8.632,5.537,34.664,-507.862,489.493,-4646.165,KAD_CAT_1,Peter,Acanthuridae,Acanthurus,lineatus,37437010,1,AD,Passing,,,
GX020036_L.MP4,1730,40.4682,KAD_CAT_Transect 4,1.0727,174.759,7.308,10.718,3448.449,25.956,8.699,21.468,-1373,626.815,-3100.609,KAD_CAT_1,Peter,Acanthuridae,Acanthurus,lineatus,37437010,1,AD,Passing,,,
GX020036_L.MP4,1730,40.4682,KAD_CAT_Transect 4,1.0727,,13.541,13.613,5223.774,29.795,,,-2382.203,1028.299,-4533.82,KAD_CAT_1,Peter,Acanthuridae,Acanthurus,lineatus,37437010,1,AD,Passing,.,,
GX020036_L.MP4,1730,40.4682,KAD_CAT_Transect 4,1.0727,304.836,23.757,1.347,3879.381,19.584,84.022,18.114,1029.907,-793.779,-3654.97,KAD_CAT_1,Peter,Scaridae,Chlorurus,spilurus,temp_code_002,1,AD,Passing,spilurus,,
GX020036_L.MP4,1730,40.4682,KAD_CAT_Transect 4,1.0727,157.977,6.239,2.788,4133.916,11.651,5.398,41.159,-772.384,316.877,-4048.737,KAD_CAT_1,Peter,Scaridae,Chlorurus,spilurus,temp_code_002,1,AD,Passing,,,
GX020036_L.MP4,1730,40.4682,KAD_CAT_Transect 4,1.0727,145.964,11.553,6.064,3896.951,13.716,22.668,18.996,-830.61,404.841,-3785.818,KAD_CAT_1,Peter,Scaridae,Chlorurus,spilurus,temp_code_002,1,AD,Passing,,,
GX020036_L.MP4,1730,40.4682,KAD_CAT_Transect 4,1.0727,,10.791,19.086,4615.032,31.004,,,-2061.715,1181.001,-3956.398,KAD_CAT_1,Peter,Scaridae,Chlorurus,spilurus,temp_code_002,1,AD,Passing,spilurus,,
GX020036_L.MP4,1730,40.4682,KAD_CAT_Transect 4,1.0727,,11.563,18.508,4749.856,30.589,,,-2045.902,1284.658,-4089.63,KAD_CAT_1,Peter,Scaridae,Chlorurus,spilurus,temp_code_002,1,AD,Passing,spilurus,,
GX020036_L.MP4,1730,40.4682,KAD_CAT_Transect 4,1.0727,,15.562,17.623,5479.994,28.928,,,-2240.399,1413.871,-4797.073,KAD_CAT_1,Peter,Scaridae,Chlorurus,spilurus,temp_code_002,1,AD,Passing,spilurus,,
GX020036_L.MP4,1730,40.4682,KAD_CAT_Transect 4,1.0727,,20.188,6.525,6227.563,27.481,,,-2473.195,1460.182,-5525.732,KAD_CAT_1,Peter,Scaridae,Chlorurus,spilurus,temp_code_002,1,AD,Passing,spilurus,,
GX020036_L.MP4,1730,40.4682,KAD_CAT_Transect 4,1.0727,,7.416,6.119,3529.941,8.226,,,-476.965,164.113,-3493.717,KAD_CAT_1,Peter,Pomacentridae,Pomacentrus,philippinus,37372123,1,AD,Passing,,,
GX020036_L.MP4,1813,40.5144,KAD_CAT_Transect 4,1.1189,,4.299,3.4,2644.201,17.116,,,-659.27,411.975,-2527.338,KAD_CAT_1,Peter,Acanthuridae,Zebrasoma,scopas,37437036,1,AD,Passing,,,
GX020036_L.MP4,1822,40.5194,KAD_CAT_Transect 4,1.1239,229.382,10.13,7.535,3926.129,16.921,45.107,63.493,936.941,-654.156,-3756.156,KAD_CAT_1,Peter,Acanthuridae,Acanthurus,lineatus,37437010,1,AD,Passing,,,
GX020036_L.MP4,1822,40.5194,KAD_CAT_Transect 4,1.1239,81.556,5.433,9.538,2464.2,15.551,27.825,18.57,-565.351,341.8,-2373.991,KAD_CAT_1,Peter,Pomacentridae,Pomacentrus,philippinus,37372123,1,AD,Passing,,,
GX020036_L.MP4,1822,40.5194,KAD_CAT_Transect 4,1.1239,91.878,8.827,2.389,2542.97,17.171,61.306,24.74,-655.046,366.778,-2429.627,KAD_CAT_1,Peter,Acanthuridae,Zebrasoma,scopas,37437036,1,AD,Passing,,,
GX020036_L.MP4,1828,40.5227,KAD_CAT_Transect 4,1.1272,146.109,5.543,3.571,3169.364,5.812,14.174,12.522,-198.135,252.489,-3153.071,KAD_CAT_1,Peter,Scaridae,Chlorurus,spilurus,temp_code_002,1,AD,Passing,may have double sampled,,
GX020036_L.MP4,1918,40.5728,KAD_CAT_Transect 4,1.1773,,7.297,2.312,3844.045,29.744,,,-1832.351,526.912,-3337.894,KAD_CAT_1,Peter,Scaridae,Chlorurus,spilurus,temp_code_002,1,AD,Passing,spilurus,,
GX020036_L.MP4,1918,40.5728,KAD_CAT_Transect 4,1.1773,,12.755,1.294,5021.936,25.47,,,-2093.305,528.482,-4534.161,KAD_CAT_1,Peter,Scaridae,Chlorurus,spilurus,temp_code_002,1,AD,Passing,spilurus,,
GX020036_L.MP4,1951,40.5911,KAD_CAT_Transect 4,1.1956,181,8.115,7.598,3446.358,26.411,10.218,9.783,-1519.919,199.466,-3086.655,KAD_CAT_1,Peter,Acanthuridae,Acanthurus,lineatus,37437010,1,AD,Passing,,,
GX020036_L.MP4,1951,40.5911,KAD_CAT_Transect 4,1.1956,,15.333,12.4,5527.208,28.402,,,-2420.273,1023.771,-4862.53,KAD_CAT_1,Peter,Scaridae,Chlorurus,spilurus,temp_code_002,1,AD,Passing,,,
GX020036_L.MP4,1951,40.5911,KAD_CAT_Transect 4,1.1956,,15.998,0.452,5653.404,25.875,,,-2383.788,633.124,-5087.011,KAD_CAT_1,Peter,Scaridae,Scarus,frenatus,37386016,1,AD,Passing,,,
GX020036_L.MP4,1959,40.5956,KAD_CAT_Transect 4,1.2001,166.823,3.316,1.864,2732.338,11.267,2.097,2.826,-453.763,-281.191,-2679.683,KAD_CAT_1,Peter,Scaridae,Chlorurus,spilurus,temp_code_002,1,AD,Passing,,,
GX020036_L.MP4,1959,40.5956,KAD_CAT_Transect 4,1.2001,245.933,9.926,2.529,3468.922,5.318,27.35,30.788,-313.335,-72,-3453.992,KAD_CAT_1,Peter,Scaridae,Chlorurus,spilurus,temp_code_002,1,AD,Passing,may have double sampled,spilurus,
GX020036_L.MP4,1959,40.5956,KAD_CAT_Transect 4,1.2001,73.961,2.141,0.882,1774.693,13.864,13.139,5.193,-315.507,-285.105,-1722.993,KAD_CAT_1,Peter,Pomacentridae,Chromis,ternatensis,37372051,1,AD,Passing,,,
GX020036_L.MP4,1959,40.5956,KAD_CAT_Transect 4,1.2001,275.145,19.818,6.17,4425.087,10.895,36.435,31.766,296.217,-782.151,-4345.33,KAD_CAT_1,Peter,Lutjanidae,Lutjanus,gibbus,37346028,1,AD,Passing,,,
GX020036_L.MP4,1965,40.5989,KAD_CAT_Transect 4,1.2034,215.073,10.049,3.378,3949.313,18.201,20.136,30.132,560.961,-1098.666,-3751.71,KAD_CAT_1,Peter,Acanthuridae,Acanthurus,lineatus,37437010,1,AD,Passing,,,
GX020036_L.MP4,1965,40.5989,KAD_CAT_Transect 4,1.2034,58.487,2.136,3.937,1702.722,15.068,15.049,10.431,-353.105,-266.918,-1644.182,KAD_CAT_1,Peter,Pomacentridae,Chromis,ternatensis,37372051,1,AD,Passing,,,
GX020036_L.MP4,1973,40.6033,KAD_CAT_Transect 4,1.2079,54.129,2.787,4.388,1589.917,20.145,41.525,18.194,-54.347,-544.854,-1492.654,KAD_CAT_1,Peter,Pomacentridae,Chromis,ternatensis,37372051,1,AD,Passing,,,
GX020036_L.MP4,1973,40.6033,KAD_CAT_Transect 4,1.2079,,11.192,1.24,4282.143,18.043,,,457.038,-1247.422,-4070.848,KAD_CAT_1,Peter,Zanclidae,Zanclus,cornutus,37437001,1,AD,Passing,,,
GX020036_L.MP4,1973,40.6033,KAD_CAT_Transect 4,1.2079,,15.582,3.92,5058.808,18.872,,,887.32,-1377.646,-4786.052,KAD_CAT_1,Peter,Zanclidae,Zanclus,cornutus,37437001,1,AD,Passing,,,
GX020036_L.MP4,1997,40.6167,KAD_CAT_Transect 4,1.2212,71.599,2.958,2.629,1553.949,14.308,40.512,5.087,-263.37,-279.499,-1505.747,KAD_CAT_1,Peter,Pomacentridae,Chromis,ternatensis,37372051,1,AD,Passing,measurement of point,,
GX020036_L.MP4,1997,40.6167,KAD_CAT_Transect 4,1.2212,84.617,2.611,6.203,1442.068,15.123,44.026,11.612,-168.742,-336.25,-1392.129,KAD_CAT_1,Peter,Pomacentridae,Chromis,ternatensis,37372051,1,AD,Passing,measurement of point,,
GX020036_L.MP4,2007,40.6222,KAD_CAT_Transect 4,1.2268,73.862,2.98,2.839,1464.291,14.238,53.598,19.312,-88.005,-349.237,-1419.309,KAD_CAT_1,Peter,Pomacentridae,Chromis,ternatensis,37372051,1,AD,Passing,,,
GX020036_L.MP4,2059,40.6512,KAD_CAT_Transect 4,1.2557,102.091,7.714,15.584,2341.037,22.192,69.593,3.22,-839.433,-277.922,-2167.618,KAD_CAT_1,Peter,Labridae,Labroides,dimidiatus,37384028,1,AD,Passing,,,
GX020036_L.MP4,2079,40.6623,KAD_CAT_Transect 4,1.2668,,17.995,6.04,5545.035,8.336,,,555.449,577.986,-5486.786,KAD_CAT_1,Peter,Acanthuridae,Acanthurus,lineatus,37437010,1,AD,Passing,,,
GX020036_L.MP4,2079,40.6623,KAD_CAT_Transect 4,1.2668,,20.659,13.824,6006.924,7.828,,,-36.222,813.868,-5951.423,KAD_CAT_1,Peter,Acanthuridae,Acanthurus,lineatus,37437010,1,AD,Passing,,,
GX020036_L.MP4,2079,40.6623,KAD_CAT_Transect 4,1.2668,,12.167,0.717,4685.552,22.368,,,-1549.931,879.018,-4333.525,KAD_CAT_1,Peter,Acanthuridae,Acanthurus,lineatus,37437010,1,AD,Passing,,,
GX020036_L.MP4,2079,40.6623,KAD_CAT_Transect 4,1.2668,188.691,9.624,0.478,3224.836,23.344,36.117,20.219,-1229.193,349.183,-2960.865,KAD_CAT_1,Peter,Scaridae,Chlorurus,spilurus,temp_code_002,1,AD,Passing,C. spilurus,,
GX020036_L.MP4,2079,40.6623,KAD_CAT_Transect 4,1.2668,453.78,30.14,5.961,4835.72,28.438,83.876,2.294,2170.635,-768.966,-4252.202,KAD_CAT_1,Peter,Scaridae,Chlorurus,spilurus,temp_code_002,1,AD,Passing,spilurus,,
GX020036_L.MP4,2079,40.6623,KAD_CAT_Transect 4,1.2668,246.867,10.53,12.401,5725.435,9.436,7.606,24.2,-354.626,869.138,-5647.959,KAD_CAT_1,Peter,Scaridae,Chlorurus,spilurus,temp_code_002,1,AD,Passing,spilurus,,
GX020036_L.MP4,2079,40.6623,KAD_CAT_Transect 4,1.2668,,24.956,7.788,6611.474,8.04,,,-506.84,769.547,-6546.946,KAD_CAT_1,Peter,Scaridae,Chlorurus,spilurus,temp_code_002,1,AD,Passing,,,
GX020036_L.MP4,2079,40.6623,KAD_CAT_Transect 4,1.2668,182.666,9.523,3.766,4636.42,31.591,1.774,61.925,2164.917,-1101.056,-3949.329,KAD_CAT_1,Peter,Lutjanidae,Lutjanus,gibbus,37346028,1,AD,Passing,,,
GX020036_L.MP4,2079,40.6623,KAD_CAT_Transect 4,1.2668,,9.543,2.194,4113.489,24.717,,,1544.829,-758.486,-3736.173,KAD_CAT_1,Peter,Lutjanidae,Lutjanus,gibbus,37346028,1,AD,Passing,,,
GX020036_L.MP4,2143,40.6979,KAD_CAT_Transect 4,1.3024,272.996,11.521,5.839,3022.137,25.35,67.376,8.277,-1292.417,61.828,-2731.144,KAD_CAT_1,Peter,Acanthuridae,Acanthurus,lineatus,37437010,1,AD,Passing,,,
GX020036_L.MP4,2169,40.7123,KAD_CAT_Transect 4,1.3169,212.899,6.222,10.81,3462.693,22.898,5.039,42.246,920.619,-983.724,-3189.827,KAD_CAT_1,Peter,Acanthuridae,Acanthurus,lineatus,37437010,1,AD,Passing,,,
GX020036_L.MP4,2169,40.7123,KAD_CAT_Transect 4,1.3169,202.695,13.022,17.675,4324.978,24.813,42.879,56.491,1447.635,-1094.848,-3925.697,KAD_CAT_1,Peter,Acanthuridae,Acanthurus,lineatus,37437010,1,AD,Passing,,,
GX020036_L.MP4,2169,40.7123,KAD_CAT_Transect 4,1.3169,183.201,10.24,11.76,3941.537,19.52,18.594,27.4,1027.759,-823.587,-3714.987,KAD_CAT_1,Peter,Acanthuridae,Acanthurus,lineatus,37437010,1,AD,Passing,,,
GX020036_L.MP4,2169,40.7123,KAD_CAT_Transect 4,1.3169,190.156,10.346,8.156,4460.567,23.269,36.895,71.58,1386.86,-1087.062,-4097.752,KAD_CAT_1,Peter,Acanthuridae,Acanthurus,nigrofuscus,37437014,1,AD,Passing,,,
GX020036_L.MP4,2169,40.7123,KAD_CAT_Transect 4,1.3169,194.446,5.761,6.968,3243.493,18.559,13.4,39.068,548.144,-874.813,-3074.815,KAD_CAT_1,Peter,Acanthuridae,Ctenochaetus,striatus,37437022,1,AD,Passing,,,
GX020036_L.MP4,2169,40.7123,KAD_CAT_Transect 4,1.3169,,3.265,4.58,2279.071,18.271,,,-568.697,-433.865,-2163.911,KAD_CAT_1,Peter,Labridae,Labroides,dimidiatus,37384028,1,AD,Passing,,,
GX020036_L.MP4,2169,40.7123,KAD_CAT_Transect 4,1.3169,208.002,4.716,7.634,4281.968,7.134,1.576,25.658,-332.136,-415.343,-4248.814,KAD_CAT_1,Peter,Holocentridae,Neoniphon,sammara,37261019,1,AD,Passing,,,
GX020036_L.MP4,2169,40.7123,KAD_CAT_Transect 4,1.3169,224.415,13.149,0.314,2930.741,21.202,87.438,23.644,499.417,-934.876,-2732.368,KAD_CAT_1,Peter,Scaridae,Scarus,frenatus,37386016,1,AD,Passing,,,
GX020036_L.MP4,2169,40.7123,KAD_CAT_Transect 4,1.3169,69.389,3.67,4.168,2483.468,19.45,0.632,22.332,-796.66,-221.859,-2341.736,KAD_CAT_1,Peter,Pomacentridae,Stegastes,lacrymatus,temp_code_006,1,AD,Passing,,,
GX020036_L.MP4,2169,40.7123,KAD_CAT_Transect 4,1.3169,82.219,3.291,4.496,2281.501,15.703,17.12,13.211,-206.434,-581.977,-2196.345,KAD_CAT_1,Peter,Labridae,Thalassoma,hardwicke,37384165,1,AD,Passing,,,
GX020036_L.MP4,2169,40.7123,KAD_CAT_Transect 4,1.3169,,3.553,7.577,2359.049,17.245,,,-231.71,-661.167,-2252.617,KAD_CAT_1,Peter,Labridae,Thalassoma,hardwicke,37384165,1,AD,Passing,,,
GX020036_L.MP4,2294,40.7819,KAD_CAT_Transect 4,1.3864,198.47,13.339,1.47,3898.5,11.124,27.942,21.731,-744.533,106.82,-3825.253,KAD_CAT_1,Peter,Acanthuridae,Acanthurus,lineatus,37437010,1,AD,Passing,,,
GX020036_L.MP4,2294,40.7819,KAD_CAT_Transect 4,1.3864,111.261,10.955,6.912,4052.869,28.449,7.688,1.562,-1861.609,511.76,-3563.462,KAD_CAT_1,Peter,Scaridae,Chlorurus,spilurus,temp_code_002,1,AD,Passing,C. spilurus,,
GX020036_L.MP4,2294,40.7819,KAD_CAT_Transect 4,1.3864,,9.509,3.033,4219.508,21.839,,,-1534.899,326.311,-3916.868,KAD_CAT_1,Peter,Scaridae,Chlorurus,spilurus,temp_code_002,1,AD,Passing,,,
GX020036_L.MP4,2294,40.7819,KAD_CAT_Transect 4,1.3864,,16.558,1.208,5486.204,15.675,,,-1467.802,203.536,-5282.288,KAD_CAT_1,Peter,Scaridae,Chlorurus,spilurus,temp_code_002,1,AD,Passing,spilurus,,
GX020036_L.MP4,2294,40.7819,KAD_CAT_Transect 4,1.3864,,12.188,8.209,4638.933,12.745,,,-1023.393,-11.558,-4524.625,KAD_CAT_1,Peter,Scaridae,Chlorurus,spilurus,temp_code_002,1,AD,Passing,C. spilurus,,
GX020036_L.MP4,2294,40.7819,KAD_CAT_Transect 4,1.3864,,12.623,2.504,4991.357,25.325,,,-2070.773,517.512,-4511.953,KAD_CAT_1,Peter,Scaridae,Chlorurus,spilurus,temp_code_002,1,AD,Passing,C. spilurus,,
GX020036_L.MP4,2294,40.7819,KAD_CAT_Transect 4,1.3864,193.519,14.806,9.43,4105.038,9.925,44.965,50.43,-696.771,-122.969,-4043.603,KAD_CAT_1,Peter,Acanthuridae,Ctenochaetus,binotatus,37437021,1,AD,Passing,,,
GX020036_L.MP4,2294,40.7819,KAD_CAT_Transect 4,1.3864,186.852,5.415,4.097,5134.638,5.162,0.819,38.856,-293.562,-356.744,-5113.811,KAD_CAT_1,Peter,Acanthuridae,Ctenochaetus,striatus,37437022,1,AD,Passing,,,
GX020036_L.MP4,2294,40.7819,KAD_CAT_Transect 4,1.3864,,9.149,4.072,3980.933,12.435,,,-856.015,43.515,-3887.566,KAD_CAT_1,Peter,Acanthuridae,Ctenochaetus,striatus,37437022,1,AD,Passing,,,
GX020036_L.MP4,2294,40.7819,KAD_CAT_Transect 4,1.3864,,11.168,8.13,4402.648,8.741,,,-665.692,-69.437,-4351.476,KAD_CAT_1,Peter,Acanthuridae,Ctenochaetus,striatus,37437022,1,AD,Passing,,,
GX020036_L.MP4,2367,40.8224,KAD_CAT_Transect 4,1.427,247.516,6.896,5.055,2265.68,23.153,68.607,13.73,-858.442,-238.115,-2083.191,KAD_CAT_1,Peter,Scaridae,Scarus,oviceps,37386022,1,AD,Passing,,,
GX020036_L.MP4,2491,40.8914,KAD_CAT_Transect 4,1.4959,266.57,18.576,4.934,3978.076,17.966,56.773,36.643,-814.849,-917.392,-3784.112,KAD_CAT_1,Peter,Scaridae,Scarus,globiceps,37386018,1,AD,Passing,,,
GX020036_L.MP4,2570,40.9353,KAD_CAT_Transect 4,1.5399,242.379,3.089,3.779,2630.179,20.665,2.112,31.479,197.29,-907.009,-2460.946,KAD_CAT_1,Peter,Acanthuridae,Acanthurus,lineatus,37437010,1,AD,Passing,,,
GX020036_L.MP4,2580,40.9409,KAD_CAT_Transect 4,1.5454,214.806,9.35,9.786,2925.707,15.896,38.595,20.507,-70.432,-798.217,-2813.831,KAD_CAT_1,Peter,Acanthuridae,Acanthurus,sp,,1,AD,Passing,,,
GX020036_L.MP4,2584,40.9431,KAD_CAT_Transect 4,1.5477,,3.744,5.44,2600.896,25.643,,,-1067.685,-357.699,-2344.518,KAD_CAT_1,Peter,Acanthuridae,Acanthurus,lineatus,37437010,1,AD,Passing,,,
GX020036_L.MP4,2593,40.9481,KAD_CAT_Transect 4,1.5527,200.744,9.986,2.275,3697.833,21.337,33.723,47.765,1111.806,-757.75,-3444.368,KAD_CAT_1,Peter,Acanthuridae,Acanthurus,lineatus,37437010,1,AD,Passing,,,
GX020036_L.MP4,2593,40.9481,KAD_CAT_Transect 4,1.5527,215.737,3.225,3.382,2500.135,12.237,11.926,16.259,-187.055,-495.797,-2443.332,KAD_CAT_1,Peter,Scaridae,Chlorurus,spilurus,temp_code_002,1,AD,Passing,spilurus,,
GX020036_L.MP4,2599,40.9515,KAD_CAT_Transect 4,1.556,191.618,8.151,9.953,3035.916,4.218,30.093,33.025,3.658,-223.288,-3027.692,KAD_CAT_1,Peter,Scaridae,Scarus,schlegeli,37386029,1,AD,Passing,,,
GX020036_L.MP4,2619,40.9626,KAD_CAT_Transect 4,1.5671,352.903,21.029,2.398,4123.811,27.422,89.816,10.918,-1897.804,71.859,-3660.464,KAD_CAT_1,Peter,Scaridae,Chlorurus,spilurus,temp_code_002,1,AD,Passing,spilurus,,
GX020036_L.MP4,2619,40.9626,KAD_CAT_Transect 4,1.5671,227.575,15.642,5.168,3131.087,8.195,61.534,20.649,-443.168,53.095,-3099.111,KAD_CAT_1,Peter,Scaridae,Chlorurus,spilurus,temp_code_002,1,AD,Passing,spilurus,may have double sampled,
GX020036_L.MP4,2619,40.9626,KAD_CAT_Transect 4,1.5671,,11.563,0.909,4518.229,13.962,,,-1078.226,157.992,-4384.844,KAD_CAT_1,Peter,Scaridae,Chlorurus,spilurus,temp_code_002,1,AD,Passing,,,
GX020036_L.MP4,2619,40.9626,KAD_CAT_Transect 4,1.5671,,8.897,3.017,3885.782,10.912,,,-679.679,279.004,-3815.69,KAD_CAT_1,Peter,Scaridae,Chlorurus,spilurus,temp_code_002,1,AD,Passing,,,
GX020036_L.MP4,2619,40.9626,KAD_CAT_Transect 4,1.5671,,9.618,2.854,4086.6,12.429,,,-875.98,76.859,-3990.871,KAD_CAT_1,Peter,Acanthuridae,Ctenochaetus,striatus,37437022,1,AD,Passing,,,
GX020036_L.MP4,2619,40.9626,KAD_CAT_Transect 4,1.5671,,9.787,3.67,4121.465,11.821,,,-844.312,-0.699,-4034.057,KAD_CAT_1,Peter,Acanthuridae,Zebrasoma,scopas,37437036,1,AD,Passing,,,
GX020036_L.MP4,2679,40.996,KAD_CAT_Transect 4,1.6005,157.408,14.129,0.864,3500.432,14.564,38.966,7.063,-823.677,310.356,-3387.958,KAD_CAT_1,Peter,Scaridae,Chlorurus,spilurus,temp_code_002,1,AD,Passing,,,
GX020036_L.MP4,2686,40.9998,KAD_CAT_Transect 4,1.6044,239.75,21.403,1.68,3663.018,21.95,88.916,2.091,934.718,-1000.505,-3397.498,KAD_CAT_1,Peter,Scaridae,Scarus,globiceps,37386018,1,AD,Passing,,,
GX020036_L.MP4,2720,41.0188,KAD_CAT_Transect 4,1.6233,223.022,16.895,3.672,3665.799,15.23,49.416,26.925,782.262,-561.577,-3537.058,KAD_CAT_1,Peter,Scaridae,Scarus,oviceps,37386022,1,AD,Passing,,,
GX020036_L.MP4,2720,41.0188,KAD_CAT_Transect 4,1.6233,,13.223,1.351,4675.307,15.638,,,1000.479,-768.96,-4501.804,KAD_CAT_1,Peter,Scaridae,Scarus,oviceps,37386022,1,AD,Passing,,,
GX020036_L.MP4,2729,41.0238,KAD_CAT_Transect 4,1.6283,,17.461,7.104,5377.766,19.047,,,1208.097,-1275.96,-5082.597,KAD_CAT_1,Peter,Scaridae,Chlorurus,spilurus,temp_code_002,1,AD,Passing,,,
GX020036_L.MP4,2740,41.0299,KAD_CAT_Transect 4,1.6344,150.291,5.58,10.325,2442.218,24.485,33.213,9.221,-880.464,499.272,-2222.597,KAD_CAT_1,Peter,Scaridae,Chlorurus,spilurus,temp_code_002,1,AD,Passing,,,
GX020036_L.MP4,2775,41.0493,KAD_CAT_Transect 4,1.6539,213.425,8.527,19.31,3400.925,12.09,26.804,40.461,-53.575,-710.318,-3325.488,KAD_CAT_1,Peter,Acanthuridae,Acanthurus,lineatus,37437010,1,AD,Passing,may have double sampled,,
GX020036_L.MP4,2775,41.0493,KAD_CAT_Transect 4,1.6539,226.663,5.928,9.743,3582.923,12.292,2.27,6.438,-761.718,-40.176,-3500.787,KAD_CAT_1,Peter,Scaridae,Chlorurus,spilurus,temp_code_002,1,AD,Passing,spilurus,,
GX020036_L.MP4,2775,41.0493,KAD_CAT_Transect 4,1.6539,301.547,27.95,11.42,4488.2,19.19,60.193,0.519,-1469.636,128.59,-4238.818,KAD_CAT_1,Peter,Scaridae,Chlorurus,spilurus,temp_code_002,1,AD,Passing,spilurus,,
GX020036_L.MP4,2775,41.0493,KAD_CAT_Transect 4,1.6539,193.993,9.879,8.393,3079.984,17.814,35.261,7.304,-940.945,-49.491,-2932.316,KAD_CAT_1,Peter,Scaridae,Chlorurus,spilurus,temp_code_002,1,AD,Passing,spilurus,,
GX020036_L.MP4,2775,41.0493,KAD_CAT_Transect 4,1.6539,206.332,5.984,10.919,3171.864,7.273,17.306,26.476,-102.193,-388.355,-3146.341,KAD_CAT_1,Peter,Scaridae,Chlorurus,spilurus,temp_code_002,1,AD,Passing,may have double sampled,spilurus,
GX020036_L.MP4,2775,41.0493,KAD_CAT_Transect 4,1.6539,,11.968,6.93,4821.472,22.389,,,-1833.738,97.11,-4458.09,KAD_CAT_1,Peter,Scaridae,Chlorurus,spilurus,temp_code_002,1,AD,Passing,spilurus,,
GX020036_L.MP4,2775,41.0493,KAD_CAT_Transect 4,1.6539,,14.639,9.572,5286.415,20.318,,,-1833.896,76.86,-4957.53,KAD_CAT_1,Peter,Scaridae,Scarus,frenatus,37386016,1,AD,Passing,,,
GX020036_L.MP4,2816,41.0721,KAD_CAT_Transect 4,1.6767,320.066,12.483,3.389,3042.841,24.94,84.934,10.241,-1259.968,-242.41,-2759.094,KAD_CAT_1,Peter,Scaridae,Chlorurus,spilurus,temp_code_002,1,AD,Passing,measurement of point,spilurus,
GX020036_L.MP4,2897,41.1172,KAD_CAT_Transect 4,1.7217,273.707,13.435,5.032,4943.198,12.006,13.535,11.548,776.299,-674.289,-4835.07,KAD_CAT_1,Peter,Scaridae,Scarus,oviceps,37386022,1,AD,Passing,may have double sampled,,
GX020036_L.MP4,2903,41.1205,KAD_CAT_Transect 4,1.7251,,23.133,2.887,6398.949,14.872,,,1637.61,-127.845,-6184.532,KAD_CAT_1,Peter,Acanthuridae,Acanthurus,blochii,37437007,1,AD,Passing,,,
GX020036_L.MP4,2903,41.1205,KAD_CAT_Transect 4,1.7251,,24.374,1.329,6684.868,19.763,,,2244.512,-270.469,-6290.983,KAD_CAT_1,Peter,Acanthuridae,Acanthurus,lineatus,37437010,1,AD,Passing,,,
GX020036_L.MP4,2903,41.1205,KAD_CAT_Transect 4,1.7251,,16.696,2.432,5315.152,21.248,,,1510.003,-1198.853,-4953.128,KAD_CAT_1,Peter,Scaridae,Scarus,globiceps,37386018,1,AD,Passing,,,
GX020036_L.MP4,2941,41.1417,KAD_CAT_Transect 4,1.7462,244.733,12.616,3.534,5446.724,9.406,7.517,3.093,-890.011,-17.979,-5373.487,KAD_CAT_1,Peter,Acanthuridae,Acanthurus,lineatus,37437010,1,AD,Passing,,,
GX020036_L.MP4,2941,41.1417,KAD_CAT_Transect 4,1.7462,,14.981,2.903,5170.752,3.582,,,-322.819,-15.439,-5160.642,KAD_CAT_1,Peter,Scaridae,Chlorurus,spilurus,temp_code_002,1,AD,Passing,,,
GX020036_L.MP4,2941,41.1417,KAD_CAT_Transect 4,1.7462,344.807,25.452,4.73,5003.312,24.566,52.108,26.579,-2076.355,124.207,-4550.435,KAD_CAT_1,Peter,Scaridae,Scarus,frenatus,37386016,1,AD,Passing,,,
GX020036_L.MP4,2941,41.1417,KAD_CAT_Transect 4,1.7462,,8.588,0.362,4140.994,25.512,,,-1781.905,74.353,-3737.261,KAD_CAT_1,Peter,Scaridae,Scarus,psittacus,37386024,1,AD,Passing,,,
GX020036_L.MP4,2985,41.1661,KAD_CAT_Transect 4,1.7707,256.1,19.446,8.455,4440.59,12.589,48.873,47.124,936.839,-243.137,-4333.827,KAD_CAT_1,Peter,Acanthuridae,Acanthurus,blochii,37437007,1,AD,Passing,,,
GX020036_L.MP4,3012,41.1811,KAD_CAT_Transect 4,1.7857,,16.755,2.906,5279.153,16.215,,,1163.373,-908.281,-5068.633,KAD_CAT_1,Peter,Acanthuridae,Acanthurus,nigrofuscus,37437014,1,AD,Passing,,,
GX020036_L.MP4,3012,41.1811,KAD_CAT_Transect 4,1.7857,,17.564,4.826,5425.736,16.541,,,1282.834,-863.519,-5200.7,KAD_CAT_1,Peter,Acanthuridae,Acanthurus,lineatus,37437010,1,AD,Passing,,,
GX020036_L.MP4,3012,41.1811,KAD_CAT_Transect 4,1.7857,,24.123,7.317,6434.467,19.83,,,1866.141,-1135.825,-6052.254,KAD_CAT_1,Peter,Scaridae,Chlorurus,spilurus,temp_code_002,1,AD,Passing,,,
GX020036_L.MP4,3012,41.1811,KAD_CAT_Transect 4,1.7857,,16.133,2.974,5163.884,15.389,,,1010.522,-928.49,-4978.197,KAD_CAT_1,Peter,Acanthuridae,Ctenochaetus,striatus,37437022,1,AD,Passing,,,
GX020036_L.MP4,3012,41.1811,KAD_CAT_Transect 4,1.7857,,19.679,3.625,5730.763,19.491,,,1392.444,-1313.607,-5401.59,KAD_CAT_1,Peter,Labridae,Oxycheilinus,digrammus,37384065,1,AD,Passing,,,
GX020036_L.MP4,3012,41.1811,KAD_CAT_Transect 4,1.7857,,25.733,4.853,6584.805,18.731,,,1661.658,-1311.353,-6235.295,KAD_CAT_1,Peter,Scaridae,Scarus,oviceps,37386022,1,AD,Passing,,,
GX020036_L.MP4,3012,41.1811,KAD_CAT_Transect 4,1.7857,,15.14,3.429,4998.487,17.911,,,1095.978,-1080.73,-4755.6,KAD_CAT_1,Peter,Scaridae,Scarus,oviceps,37386022,1,AD,Passing,,,
GX020036_L.MP4,3012,41.1811,KAD_CAT_Transect 4,1.7857,,19.34,6.397,5710.223,14.111,,,1201.732,-706.054,-5537.506,KAD_CAT_1,Peter,Scaridae,Scarus,oviceps,37386022,1,AD,Passing,,,
GX020036_L.MP4,3012,41.1811,KAD_CAT_Transect 4,1.7857,,13.924,6.075,4832.049,11.334,,,816.849,-487.107,-4737.529,KAD_CAT_1,Peter,Scaridae,Scarus,oviceps,37386022,1,AD,Passing,,,
GX020036_L.MP4,3027,41.1895,KAD_CAT_Transect 4,1.794,230.095,12.278,0.688,3759.391,15.727,27.464,8.073,-605.708,-819.435,-3618.654,KAD_CAT_1,Peter,Acanthuridae,Acanthurus,lineatus,37437010,1,AD,Passing,,,
GX020036_L.MP4,3054,41.2045,KAD_CAT_Transect 4,1.809,211.441,6.791,6.152,4235.375,13.155,4.691,44.033,684.485,-678.667,-4124.232,KAD_CAT_1,Peter,Scaridae,Scarus,oviceps,37386022,1,AD,Passing,measurement of point,,
GX020036_L.MP4,3054,41.2045,KAD_CAT_Transect 4,1.809,229.372,11.334,10.76,5161.408,16.187,8.423,47.149,1156.867,-855.587,-4956.789,KAD_CAT_1,Peter,Scaridae,Scarus,oviceps,37386022,1,AD,Passing,measurement of point,,
GX020036_L.MP4,3081,41.2195,KAD_CAT_Transect 4,1.824,333.933,15.886,1.95,3465.74,25.042,75.005,1.785,-1456.936,-171.492,-3139.949,KAD_CAT_1,Peter,Acanthuridae,Acanthurus,lineatus,37437010,1,AD,Passing,may have double sampled,,
GX020036_L.MP4,3081,41.2195,KAD_CAT_Transect 4,1.824,189.732,18.539,3.792,3696.774,21.832,67.035,9.427,-1336.797,-320.996,-3431.628,KAD_CAT_1,Peter,Scaridae,Chlorurus,spilurus,temp_code_002,1,AD,Passing,may have double sampled,,
GX020036_L.MP4,3089,41.224,KAD_CAT_Transect 4,1.8285,199.022,17.183,9.386,3949.996,14.113,36.07,12.368,517.204,-812.465,-3830.779,KAD_CAT_1,Peter,Scaridae,Scarus,oviceps,37386022,1,AD,Passing,,,
GX020036_L.MP4,3089,41.224,KAD_CAT_Transect 4,1.8285,,8.876,2.238,3808.275,12.521,,,242.266,-791.486,-3717.233,KAD_CAT_1,Peter,Scaridae,Scarus,oviceps,37386022,1,AD,Passing,,,
GX020036_L.MP4,3091,41.2251,KAD_CAT_Transect 4,1.8296,157.759,11.407,13.683,3947.295,12.461,28.167,44,328.321,-785.886,-3854.313,KAD_CAT_1,Peter,Acanthuridae,Acanthurus,blochii,37437007,1,AD,Passing,may have double sampled,,
GX020036_L.MP4,3091,41.2251,KAD_CAT_Transect 4,1.8296,233.266,18.293,7.219,3624.209,13.761,53.065,23.7,300.96,-807.837,-3520.186,KAD_CAT_1,Peter,Scaridae,Scarus,schlegeli,37386029,1,AD,Passing,may have double sampled,,
GX020036_L.MP4,3120,41.2412,KAD_CAT_Transect 4,1.8457,211.002,12.319,8.125,4281.227,20.058,14.312,8.51,-1467.529,-48.003,-4021.562,KAD_CAT_1,Peter,Scaridae,Scarus,frenatus,37386016,1,AD,Passing,may have double sampled,,
GX020036_L.MP4,3120,41.2412,KAD_CAT_Transect 4,1.8457,,10.088,0.895,4398.093,22.256,,,-1660.149,-139.198,-4070.35,KAD_CAT_1,Peter,Scaridae,Scarus,psittacus,37386024,1,AD,Passing,,,
GX020036_L.MP4,3144,41.2545,KAD_CAT_Transect 4,1.8591,,6.228,1.052,3218.473,11.1,,,-588.948,-194.459,-3158.148,KAD_CAT_1,Peter,Pomacentridae,Pomacentrus,callainus,temp_code_004,1,AD,Passing,,,
GX020036_L.MP4,3144,41.2545,KAD_CAT_Transect 4,1.8591,212.475,2.615,9.154,2978.485,8.671,2.805,6.374,-32.562,-447.832,-2944.446,KAD_CAT_1,Peter,Scaridae,Scarus,oviceps,37386022,1,AD,Passing,may have double sampled,,
GX020036_L.MP4,3144,41.2545,KAD_CAT_Transect 4,1.8591,243.869,11.892,6.267,3020.402,7.894,60.371,40.712,-321.207,-262.478,-2991.782,KAD_CAT_1,Peter,Scaridae,Scarus,globiceps,37386018,1,AD,Passing,,,
GX020036_L.MP4,3144,41.2545,KAD_CAT_Transect 4,1.8591,164.692,4.102,6.209,3703.318,4.315,4.074,12.972,-265.024,-85.938,-3692.823,KAD_CAT_1,Peter,Scaridae,Scarus,frenatus,37386016,1,AD,Passing,,,
GX020036_L.MP4,3192,41.2812,KAD_CAT_Transect 4,1.8858,,18.432,0.071,6001.813,24.98,,,-2402.882,803.199,-5440.845,KAD_CAT_1,Peter,Scaridae,Chlorurus,spilurus,temp_code_002,1,AD,Passing,,,
GX020036_L.MP4,3192,41.2812,KAD_CAT_Transect 4,1.8858,,12.147,0.456,4920.917,25.946,,,-2095.776,490.495,-4425.219,KAD_CAT_1,Peter,Scaridae,Chlorurus,spilurus,temp_code_002,1,AD,Passing,spilurus,,
GX020036_L.MP4,3192,41.2812,KAD_CAT_Transect 4,1.8858,,14.231,0.018,5212.3,22.778,,,-1944.739,535.857,-4806.133,KAD_CAT_1,Peter,Scaridae,Chlorurus,spilurus,temp_code_002,1,AD,Passing,,,
GX020036_L.MP4,3192,41.2812,KAD_CAT_Transect 4,1.8858,,10.666,3.726,4554.171,24.187,,,-1827.063,376.271,-4154.604,KAD_CAT_1,Peter,Scaridae,Chlorurus,spilurus,temp_code_002,1,AD,Passing,,,
GX020036_L.MP4,3192,41.2812,KAD_CAT_Transect 4,1.8858,,13.097,0.722,4991.402,21.707,,,-1810.646,357.419,-4637.661,KAD_CAT_1,Peter,Scaridae,Chlorurus,spilurus,temp_code_002,1,AD,Passing,spilurus,,
GX020036_L.MP4,3192,41.2812,KAD_CAT_Transect 4,1.8858,,12.925,0.881,5093.685,24.938,,,-2130.042,271.811,-4618.947,KAD_CAT_1,Peter,Scaridae,Chlorurus,spilurus,temp_code_002,1,AD,Passing,spilurus,,
GX020036_L.MP4,3192,41.2812,KAD_CAT_Transect 4,1.8858,,13.953,2.618,5063.284,18.856,,,-1592.107,375.488,-4791.769,KAD_CAT_1,Peter,Scaridae,Chlorurus,spilurus,temp_code_002,1,AD,Passing,spilurus,,
GX020036_L.MP4,3192,41.2812,KAD_CAT_Transect 4,1.8858,,19.437,6.383,5849.339,15.977,,,-1434.978,726.798,-5623.822,KAD_CAT_1,Peter,Scaridae,Chlorurus,spilurus,temp_code_002,1,AD,Passing,,,
GX020036_L.MP4,3192,41.2812,KAD_CAT_Transect 4,1.8858,,18.127,0.76,5669.317,14.836,,,-1360.074,504.219,-5480.612,KAD_CAT_1,Peter,Scaridae,Chlorurus,spilurus,temp_code_002,1,AD,Passing,,,
GX020036_L.MP4,3192,41.2812,KAD_CAT_Transect 4,1.8858,,14.294,3.968,5182.795,20.848,,,-1795.569,419.057,-4843.727,KAD_CAT_1,Peter,Scaridae,Chlorurus,spilurus,temp_code_002,1,AD,Passing,spilurus,,
GX020036_L.MP4,3192,41.2812,KAD_CAT_Transect 4,1.8858,,11.114,2.914,4478.485,17.652,,,-1330.387,269.967,-4267.788,KAD_CAT_1,Peter,Scaridae,Scarus,oviceps,37386022,1,AD,Passing,,,
GX020036_L.MP4,3192,41.2812,KAD_CAT_Transect 4,1.8858,,9.964,1.493,4419.219,24.999,,,-1828.705,376.803,-4005.416,KAD_CAT_1,Peter,Scaridae,Scarus,frenatus,37386016,1,AD,Passing,,,
GX020036_L.MP4,3192,41.2812,KAD_CAT_Transect 4,1.8858,,11.93,5.223,4777.201,21.896,,,-1763.206,252.214,-4432.735,KAD_CAT_1,Peter,Scaridae,Scarus,frenatus,37386016,1,AD,Passing,,,
GX020036_L.MP4,3192,41.2812,KAD_CAT_Transect 4,1.8858,,7.852,5.313,4018.751,28.479,,,-1898.682,257.008,-3532.608,KAD_CAT_1,Peter,Scaridae,Scarus,frenatus,37386016,1,AD,Passing,,,
GX020036_L.MP4,3208,41.2901,KAD_CAT_Transect 4,1.8947,,9.584,8.465,4467.32,28.959,,,-2131.757,364.04,-3908.969,KAD_CAT_1,Peter,Scaridae,Scarus,frenatus,37386016,1,AD,Passing,,,
GX020036_L.MP4,3233,41.304,KAD_CAT_Transect 4,1.9086,79.446,3.931,7.557,1870.104,18.567,46.86,29.689,-564.966,-188.086,-1772.773,KAD_CAT_1,Peter,Pomacentridae,Pomacentrus,callainus,temp_code_004,1,AD,Passing,,,
GX020036_L.MP4,3341,41.3641,KAD_CAT_Transect 4,1.9686,204.814,2.648,4.089,1626.412,19.526,39.053,34.041,-206.315,-502.923,-1532.879,KAD_CAT_1,Peter,Scaridae,Scarus,schlegeli,37386029,1,AD,Passing,,,
GX020036_L.MP4,3386,41.3891,KAD_CAT_Transect 4,1.9937,191.837,5.376,3.984,2438.074,21.113,27.98,9.661,-849.045,-224.537,-2274.403,KAD_CAT_1,Peter,Scaridae,Chlorurus,spilurus,temp_code_002,1,AD,Passing,C. spilurus,,
GX020036_L.MP4,3406,41.4002,KAD_CAT_Transect 4,2.0048,203.287,9.303,11.756,3898.766,22.649,10.092,23.179,-1501.364,3.457,-3598.092,KAD_CAT_1,Peter,Scaridae,Chlorurus,spilurus,temp_code_002,1,AD,Passing,C. spilurus,,
GX020036_L.MP4,3406,41.4002,KAD_CAT_Transect 4,2.0048,154.191,8.317,1.661,3037.36,24.946,31.209,5.173,-1280.655,-32.372,-2753.984,KAD_CAT_1,Peter,Scaridae,Scarus,frenatus,37386016,1,AD,Passing,,,
GX020036_L.MP4,3406,41.4002,KAD_CAT_Transect 4,2.0048,193.788,5.665,1.69,3074.691,19.359,4.272,13.562,-1012.886,-113.62,-2900.841,KAD_CAT_1,Peter,Scaridae,Scarus,frenatus,37386016,1,AD,Passing,,,
GX020036_L.MP4,3410,41.4025,KAD_CAT_Transect 4,2.007,,18.781,2.498,5833.75,14.659,,,-1459.397,219.819,-5643.977,KAD_CAT_1,Peter,Acanthuridae,Acanthurus,lineatus,37437010,1,AD,Passing,may have double sampled,,
GX020036_L.MP4,3410,41.4025,KAD_CAT_Transect 4,2.007,,11.854,3.728,4511.891,5.611,,,164.91,-411.775,-4490.034,KAD_CAT_1,Peter,Acanthuridae,Acanthurus,blochii,37437007,1,AD,Passing,may have double sampled,,
GX020036_L.MP4,3410,41.4025,KAD_CAT_Transect 4,2.007,,13.192,3.124,4769.152,6.616,,,-30.876,-551.348,-4737.074,KAD_CAT_1,Peter,Acanthuridae,Acanthurus,lineatus,37437010,1,AD,Passing,may have double sampled,,
GX020036_L.MP4,3410,41.4025,KAD_CAT_Transect 4,2.007,180.19,12.233,11.474,3733.013,12.446,30.27,28.35,-794.1,-129.24,-3645.283,KAD_CAT_1,Peter,Scaridae,Chlorurus,spilurus,temp_code_002,1,AD,Passing,may have double sampled,,
GX020036_L.MP4,3410,41.4025,KAD_CAT_Transect 4,2.007,230.359,5.899,3.807,3554.896,5.965,12.048,18.996,-153.874,-335.867,-3535.647,KAD_CAT_1,Peter,Scaridae,Chlorurus,spilurus,temp_code_002,1,AD,Passing,may have double sampled,,
GX020036_L.MP4,3410,41.4025,KAD_CAT_Transect 4,2.007,243.102,20.746,2.296,4287.563,17.059,41.353,13.45,-1220.242,304.932,-4098.929,KAD_CAT_1,Peter,Scaridae,Chlorurus,spilurus,temp_code_002,1,AD,Passing,may have double sampled,,
GX020036_L.MP4,3410,41.4025,KAD_CAT_Transect 4,2.007,276.612,21.082,2.104,4877.987,12.856,26.669,7.51,-1047.989,282.276,-4755.712,KAD_CAT_1,Peter,Scaridae,Chlorurus,spilurus,temp_code_002,1,AD,Passing,may have double sampled,,
GX020036_L.MP4,3410,41.4025,KAD_CAT_Transect 4,2.007,,12.878,2.914,4673.115,8.037,,,231.986,-613.517,-4626.855,KAD_CAT_1,Peter,Scaridae,Chlorurus,spilurus,temp_code_002,1,AD,Passing,C. spilurus,may have double sampled,
GX020036_L.MP4,3410,41.4025,KAD_CAT_Transect 4,2.007,239.998,15.49,0.761,3380.94,20.438,66.204,17.035,-1180.435,-18.793,-3168.118,KAD_CAT_1,Peter,Scaridae,Scarus,globiceps,37386018,1,AD,Passing,,,
GX020036_L.MP4,3410,41.4025,KAD_CAT_Transect 4,2.007,,12.533,0.849,4691.211,3.906,,,-247.179,-205.256,-4680.196,KAD_CAT_1,Peter,Scaridae,Scarus,frenatus,37386016,1,AD,Passing,,,
GX020036_L.MP4,3481,41.442,KAD_CAT_Transect 4,2.0465,353.723,17.716,2.131,3657.856,25.391,81.231,5.247,-1567.795,45.179,-3304.526,KAD_CAT_1,Peter,Scaridae,Chlorurus,spilurus,temp_code_002,1,AD,Passing,may have double sampled,,
GX020036_L.MP4,3481,41.442,KAD_CAT_Transect 4,2.0465,186.668,12.271,0.5,3343.062,20.459,41.035,2.145,-1168.441,13.552,-3132.192,KAD_CAT_1,Peter,Scaridae,Chlorurus,spilurus,temp_code_002,1,AD,Passing,may have double sampled,,
GX020036_L.MP4,3481,41.442,KAD_CAT_Transect 4,2.0465,183.489,8.734,6.776,3494.526,19.096,19.006,18.837,-1134.814,-138.63,-3302.226,KAD_CAT_1,Peter,Scaridae,Chlorurus,spilurus,temp_code_002,1,AD,Passing,may have double sampled,,
GX020036_L.MP4,3481,41.442,KAD_CAT_Transect 4,2.0465,218.244,13.804,4.878,3263.017,24.145,70.343,11.602,-1328.674,-126.75,-2977.557,KAD_CAT_1,Peter,Scaridae,Chlorurus,spilurus,temp_code_002,1,AD,Passing,may have double sampled,,
GX020036_L.MP4,3484,41.4436,KAD_CAT_Transect 4,2.0482,265.43,10.504,1.862,2942.191,26.145,62.124,1.525,-1295.858,-40.181,-2641.142,KAD_CAT_1,Peter,Scaridae,Scarus,frenatus,37386016,1,AD,Passing,,,
GX020036_L.MP4,3526,41.467,KAD_CAT_Transect 4,2.0715,280.942,20.726,5.483,4004.977,25.861,81.923,7.92,-1739.122,165.159,-3603.889,KAD_CAT_1,Peter,Mullidae,Parupeneus,crassilabris,37355023,1,AD,Passing,,,
GX020036_L.MP4,3717,41.5732,KAD_CAT_Transect 4,2.1777,,6.126,2.522,3154.281,21.599,,,369.236,-1102.536,-2932.161,KAD_CAT_1,Peter,Pomacentridae,Pomacentrus,callainus,temp_code_004,1,AD,Passing,,,
GX020036_L.MP4,3722,41.576,KAD_CAT_Transect 4,2.1805,80.768,4.843,8.814,2039.869,25.596,62.874,24.894,-833.504,-286.212,-1839.679,KAD_CAT_1,Peter,Labridae,Thalassoma,hardwicke,37384165,1,AD,Passing,,,
GX020036_L.MP4,3794,41.616,KAD_CAT_Transect 4,2.2206,145.329,8.147,3.045,3484.024,24.335,24.629,36.342,-1424.486,178.612,-3174.486,KAD_CAT_1,Peter,Acanthuridae,Acanthurus,lineatus,37437010,1,AD,Passing,,,
GX020036_L.MP4,3794,41.616,KAD_CAT_Transect 4,2.2206,,20.507,4.618,6103.014,16.182,,,-1646.595,422.632,-5861.475,KAD_CAT_1,Peter,Scaridae,Chlorurus,spilurus,temp_code_002,1,AD,Passing,,,
GX020036_L.MP4,3794,41.616,KAD_CAT_Transect 4,2.2206,,22.668,0.447,6476.822,17.888,,,-1935.341,457.076,-6163.989,KAD_CAT_1,Peter,Scaridae,Scarus,oviceps,37386022,1,AD,Passing,,,
GX020036_L.MP4,15312,48.0213,KAD_CAT_Transect 5,0.2269,61.411,1.411,13.373,1416.595,18.948,13.713,2.999,-232.557,-396.872,-1339.833,KAD_CAT_1,Peter,Pomacentridae,Chrysiptera,glauca,37372062,1,AD,Passing,,,
GX020036_L.MP4,15312,48.0213,KAD_CAT_Transect 5,0.2269,70.781,1.831,18.313,1687.975,18.71,9.982,42.524,-496.129,-216.871,-1598.775,KAD_CAT_1,Peter,Pomacentridae,Pomacentrus,philippinus,37372123,1,AD,Passing,,,
GX020036_L.MP4,15369,48.053,KAD_CAT_Transect 5,0.2586,182.504,2.606,6.909,2468.977,12.502,2.086,47.932,-534.302,-13.288,-2410.434,KAD_CAT_1,Peter,Acanthuridae,Acanthurus,nigrofuscus,37437014,1,AD,Passing,,,
GX020036_L.MP4,15420,48.0814,KAD_CAT_Transect 5,0.287,166.082,10.466,4.127,3100.51,19.339,38.98,3.608,-1014.418,158.704,-2925.565,KAD_CAT_1,Peter,Scaridae,Chlorurus,spilurus,temp_code_002,1,AD,Passing,,,
GX020036_L.MP4,15436,48.0903,KAD_CAT_Transect 5,0.2959,181.387,3.729,5.878,1660.362,22.933,63.056,16.329,-402.992,-506.111,-1529.134,KAD_CAT_1,Peter,Scaridae,Scarus,schlegeli,37386029,1,AD,Passing,,,
GX020036_L.MP4,15485,48.1175,KAD_CAT_Transect 5,0.3231,122.538,11.282,12.296,3997.832,27.103,16.863,3.353,-1693.401,670.684,-3558.825,KAD_CAT_1,Peter,Scaridae,Chlorurus,spilurus,temp_code_002,1,AD,Passing,,,
GX020036_L.MP4,15485,48.1175,KAD_CAT_Transect 5,0.3231,182.241,12.525,13.886,4342.856,30.316,29.749,37.449,-2050.336,775.567,-3749.002,KAD_CAT_1,Peter,Scaridae,Scarus,frenatus,37386016,1,AD,Passing,,,
GX020036_L.MP4,15486,48.1181,KAD_CAT_Transect 5,0.3237,,10.195,5.878,4144.293,13.003,,,-752.489,548.337,-4038.348,KAD_CAT_1,Peter,Acanthuridae,Acanthurus,lineatus,37437010,1,AD,Passing,,,
GX020036_L.MP4,15488,48.1192,KAD_CAT_Transect 5,0.3248,214.223,19.845,8.719,3604.874,18.238,72.593,11.107,-1054.316,401.478,-3423.791,KAD_CAT_1,Peter,Scaridae,Chlorurus,spilurus,temp_code_002,1,AD,Passing,,,
GX020036_L.MP4,15516,48.1348,KAD_CAT_Transect 5,0.3403,207.13,16.882,10.185,3283.655,21.503,86.665,20.485,336.265,-1155.697,-3055.107,KAD_CAT_1,Peter,Acanthuridae,Acanthurus,nigrofuscus,37437014,1,AD,Passing,,,
GX020036_L.MP4,15516,48.1348,KAD_CAT_Transect 5,0.3403,238.217,10.379,14.998,2950.179,14.705,82.314,52.336,248.725,-706.355,-2853.551,KAD_CAT_1,Peter,Acanthuridae,Acanthurus,lineatus,37437010,1,AD,Passing,,,
GX020036_L.MP4,15517,48.1353,KAD_CAT_Transect 5,0.3409,342.007,27.901,10.713,4454.971,21.04,68.623,6.649,-1564.084,334.233,-4157.968,KAD_CAT_1,Peter,Scaridae,Chlorurus,spilurus,temp_code_002,1,AD,Passing,,,
GX020036_L.MP4,15517,48.1353,KAD_CAT_Transect 5,0.3409,163.363,13.535,10.433,4045.966,20.383,27.343,18.211,-1353.915,390.674,-3792.642,KAD_CAT_1,Peter,Scaridae,Chlorurus,spilurus,temp_code_002,1,AD,Passing,,,
GX020036_L.MP4,15517,48.1353,KAD_CAT_Transect 5,0.3409,,12.654,8.887,4809.491,21.055,,,-1605.008,637.362,-4488.755,KAD_CAT_1,Peter,Scaridae,Chlorurus,spilurus,temp_code_002,1,AD,Passing,,,
GX020036_L.MP4,15517,48.1353,KAD_CAT_Transect 5,0.3409,257.907,23.369,1.353,4221.135,25.946,87.448,5.284,-1775.319,508.966,-3795.679,KAD_CAT_1,Peter,Scaridae,Scarus,frenatus,37386016,1,AD,Passing,,,
GX020036_L.MP4,15517,48.1353,KAD_CAT_Transect 5,0.3409,152.253,12.739,6.661,3694.169,22.691,33.714,10.074,-1377.053,366.771,-3408.238,KAD_CAT_1,Peter,Scaridae,Scarus,frenatus,37386016,1,AD,Passing,,,
GX020036_L.MP4,15553,48.1553,KAD_CAT_Transect 5,0.3609,,11.488,10.77,4902.248,30.515,,,-2396.776,669.399,-4223.671,KAD_CAT_1,Peter,Scaridae,Chlorurus,spilurus,temp_code_002,1,AD,Passing,,,
GX020036_L.MP4,15553,48.1553,KAD_CAT_Transect 5,0.3609,,6.608,8.245,3578.988,28.181,,,-1579.716,599.275,-3155.079,KAD_CAT_1,Peter,Scaridae,Chlorurus,spilurus,temp_code_002,1,AD,Passing,,,
GX020036_L.MP4,15553,48.1553,KAD_CAT_Transect 5,0.3609,301.535,11.964,16.669,3793.409,27.703,33.555,20.454,-1711.117,426.759,-3358.557,KAD_CAT_1,Peter,Scaridae,Scarus,frenatus,37386016,1,AD,Passing,,,
GX020036_L.MP4,15553,48.1553,KAD_CAT_Transect 5,0.3609,279.325,26.523,8.327,4630.835,25.224,63.914,4.61,-1856.946,668.071,-4189.28,KAD_CAT_1,Peter,Scaridae,Scarus,frenatus,37386016,1,AD,Passing,,,
GX020036_L.MP4,15553,48.1553,KAD_CAT_Transect 5,0.3609,,11.309,13.551,4821.58,29.836,,,-2285.619,725.731,-4182.929,KAD_CAT_1,Peter,Scaridae,Scarus,oviceps,37386022,1,AD,Passing,,,
GX020036_L.MP4,15553,48.1553,KAD_CAT_Transect 5,0.3609,,10.598,3.607,4679.694,30.587,,,-2265.478,731.003,-4028.992,KAD_CAT_1,Peter,Scaridae,Scarus,frenatus,37386016,1,AD,Passing,,,
GX020036_L.MP4,15587,48.1742,KAD_CAT_Transect 5,0.3798,198.192,10.871,2.295,3189.997,23.771,47.245,17.523,-1279.322,129.082,-2919.375,KAD_CAT_1,Peter,Scaridae,Chlorurus,spilurus,temp_code_002,1,AD,Passing,,,
GX020036_L.MP4,15587,48.1742,KAD_CAT_Transect 5,0.3798,,8.794,1.517,4001.148,19.079,,,-1298.243,156.047,-3781.455,KAD_CAT_1,Peter,Scaridae,Scarus,frenatus,37386016,1,AD,Passing,,,
GX020036_L.MP4,15618,48.1915,KAD_CAT_Transect 5,0.3971,84.211,2.644,4.624,1564.49,12.293,33.669,6.38,-7.617,-333.001,-1528.621,KAD_CAT_1,Peter,Pomacentridae,Pomacentrus,philippinus,37372123,1,AD,Passing,,,
GX020036_L.MP4,15665,48.2176,KAD_CAT_Transect 5,0.4232,251.249,16.433,2.266,3367.796,20.526,70.033,3.876,-1145.316,-287.471,-3153.991,KAD_CAT_1,Peter,Scaridae,Chlorurus,spilurus,temp_code_002,1,AD,Passing,,,
GX020036_L.MP4,15676,48.2237,KAD_CAT_Transect 5,0.4293,243.897,21.64,9.992,3976.081,14.218,54.37,19.467,-966.679,-138.649,-3854.287,KAD_CAT_1,Peter,Scaridae,Chlorurus,spilurus,temp_code_002,1,AD,Passing,,,
GX020036_L.MP4,15701,48.2376,KAD_CAT_Transect 5,0.4432,284.349,20.855,3.256,5014.006,27.957,30.996,10.407,-2313.029,418.493,-4428.884,KAD_CAT_1,Peter,Scaridae,Scarus,oviceps,37386022,1,AD,Passing,,,
GX020036_L.MP4,15720,48.2482,KAD_CAT_Transect 5,0.4538,306.116,12.776,13.673,3173.62,26.988,81.653,8.366,-1440.181,-3.637,-2828.025,KAD_CAT_1,Peter,Scaridae,Chlorurus,spilurus,temp_code_002,1,AD,Passing,,,
GX020036_L.MP4,15732,48.2549,KAD_CAT_Transect 5,0.4605,,13.177,0.095,5209.752,28.446,,,-2404.172,612.227,-4581.119,KAD_CAT_1,Peter,Scaridae,Scarus,oviceps,37386022,1,AD,Passing,,,
GX020036_L.MP4,15742,48.2604,KAD_CAT_Transect 5,0.466,,18.114,3.544,5855.422,21.623,,,-2071.316,601.186,-5443.729,KAD_CAT_1,Peter,Scaridae,Scarus,oviceps,37386022,1,AD,Passing,,,
GX020036_L.MP4,15797,48.291,KAD_CAT_Transect 5,0.4966,265.562,17.351,2.475,4260.196,24.796,38.315,11.008,-1692.837,571.319,-3867.45,KAD_CAT_1,Peter,Scaridae,Chlorurus,spilurus,temp_code_002,1,AD,Passing,,,
GX020036_L.MP4,15797,48.291,KAD_CAT_Transect 5,0.4966,226.34,12.471,19.672,3192.086,29.185,85.163,3.368,-1464.904,526.299,-2786.841,KAD_CAT_1,Peter,Scaridae,Chlorurus,spilurus,temp_code_002,1,AD,Passing,,,
GX020036_L.MP4,15853,48.3222,KAD_CAT_Transect 5,0.5277,,12.247,4.878,4590.432,14.023,,,-979.195,-530.266,-4453.32,KAD_CAT_1,Peter,Scaridae,Chlorurus,spilurus,temp_code_002,1,AD,Passing,,,
GX020036_L.MP4,15862,48.3272,KAD_CAT_Transect 5,0.5328,,34.692,8.255,7602.168,19.908,,,1326.407,-2227.195,-7146.551,KAD_CAT_1,Peter,Acanthuridae,Acanthurus,nigrofuscus,37437014,1,AD,Passing,,,
GX020036_L.MP4,15919,48.3589,KAD_CAT_Transect 5,0.5645,,28.507,11.557,7098.197,14.647,,,-1596.534,-824.195,-6867.036,KAD_CAT_1,Peter,Scaridae,Chlorurus,spilurus,temp_code_002,1,AD,Passing,,,
GX020036_L.MP4,15919,48.3589,KAD_CAT_Transect 5,0.5645,,20.815,1.497,5952.577,11.974,,,-567.641,-1100.219,-5822.412,KAD_CAT_1,Peter,Scaridae,Chlorurus,spilurus,temp_code_002,1,AD,Passing,,,
GX020036_L.MP4,15973,48.3889,KAD_CAT_Transect 5,0.5945,187.782,6.141,10.957,3976.704,23.356,3.18,19.076,-682.798,-1420.992,-3650.855,KAD_CAT_1,Peter,Acanthuridae,Acanthurus,nigrofuscus,37437014,1,AD,Passing,,,
GX020036_L.MP4,15973,48.3889,KAD_CAT_Transect 5,0.5945,,12.76,10.386,4730.412,25.137,,,-1224.374,-1595.831,-4281.476,KAD_CAT_1,Peter,Acanthuridae,Acanthurus,nigrofuscus,37437014,1,AD,Passing,,,
GX020036_L.MP4,16038,48.425,KAD_CAT_Transect 5,0.6306,214.915,20.125,19.149,4135.844,30.413,88.695,4.317,-1893.568,-893.326,-3566.731,KAD_CAT_1,Peter,Labridae,Halichoeres,hortulanus,37384112,1,AD,Passing,,,
GX020036_L.MP4,16038,48.425,KAD_CAT_Transect 5,0.6306,,10.479,8.894,4405.223,22.525,,,-1578.375,-599.526,-4068.82,KAD_CAT_1,Peter,Pomacentridae,Stegastes,lacrymatus,temp_code_006,1,AD,Passing,,,
GX020036_L.MP4,16078,48.4473,KAD_CAT_Transect 5,0.6529,185.054,13.296,19.576,4564.966,23.5,19.741,12.244,-1095.511,-1453.741,-4186.336,KAD_CAT_1,Peter,Acanthuridae,Acanthurus,lineatus,37437010,1,AD,Passing,,,
GX020036_L.MP4,16078,48.4473,KAD_CAT_Transect 5,0.6529,180.284,12.281,12.053,4270.009,21.701,22.13,16.217,-773.782,-1376.258,-3967.386,KAD_CAT_1,Peter,Lethrinidae,Monotaxis,grandoculis,37351026,1,AD,Passing,,,
GX020036_L.MP4,16092,48.4551,KAD_CAT_Transect 5,0.6607,,10.707,2.425,4579.099,24.688,,,-1872.821,385.585,-4160.771,KAD_CAT_1,Peter,Acanthuridae,Acanthurus,nigrofuscus,37437014,1,AD,Passing,,,
GX020036_L.MP4,16092,48.4551,KAD_CAT_Transect 5,0.6607,181.181,17.85,11.031,3915.959,28.687,82.491,15.899,-1845.983,354.638,-3435.304,KAD_CAT_1,Peter,Scaridae,Chlorurus,spilurus,temp_code_002,1,AD,Passing,,,
GX020036_L.MP4,16108,48.464,KAD_CAT_Transect 5,0.6696,218.506,15.296,9.056,4688.869,17.943,22.698,29.887,-1444.489,5.311,-4460.82,KAD_CAT_1,Peter,Scaridae,Chlorurus,spilurus,temp_code_002,1,AD,Passing,,,
GX020036_L.MP4,16108,48.464,KAD_CAT_Transect 5,0.6696,,14.86,4.745,5089.329,11.658,,,-954.26,-386.348,-4984.114,KAD_CAT_1,Peter,Scaridae,Chlorurus,spilurus,temp_code_002,1,AD,Passing,,,
GX020036_L.MP4,16113,48.4668,KAD_CAT_Transect 5,0.6723,,9.189,2.325,4377.814,29.895,,,-2132.803,458.324,-3795.569,KAD_CAT_1,Peter,Scaridae,Scarus,oviceps,37386022,1,AD,Passing,,,
GX020036_L.MP4,16118,48.4695,KAD_CAT_Transect 5,0.6751,,12.983,11.223,4970.186,21.102,,,-1772.788,240.496,-4637.039,KAD_CAT_1,Peter,Scaridae,Chlorurus,spilurus,temp_code_002,1,AD,Passing,,,
GX020036_L.MP4,16118,48.4695,KAD_CAT_Transect 5,0.6751,,8.684,1.228,4267.877,29.818,,,-2093.241,347.105,-3703.058,KAD_CAT_1,Peter,Scaridae,Chlorurus,spilurus,temp_code_002,1,AD,Passing,,,
GX020036_L.MP4,16118,48.4695,KAD_CAT_Transect 5,0.6751,,10.375,0.447,4554.813,26.587,,,-1986.507,455.086,-4073.452,KAD_CAT_1,Peter,Scaridae,Chlorurus,spilurus,temp_code_002,1,AD,Passing,,,
GX020036_L.MP4,16118,48.4695,KAD_CAT_Transect 5,0.6751,,16.204,0.683,5694.39,25.149,,,-2366.925,501.02,-5154.874,KAD_CAT_1,Peter,Scaridae,Chlorurus,spilurus,temp_code_002,1,AD,Passing,,,
GX020036_L.MP4,16128,48.4751,KAD_CAT_Transect 5,0.6807,222.281,13.419,7.681,4997.619,17.583,4.989,5.008,-1465.799,-361.658,-4764.119,KAD_CAT_1,Peter,Scaridae,Scarus,oviceps,37386022,1,AD,Passing,,,
GX020036_L.MP4,16149,48.4868,KAD_CAT_Transect 5,0.6924,254.564,24.4,11.68,4387.7,26.096,73.906,6.409,-1832.872,604.769,-3940.399,KAD_CAT_1,Peter,Scaridae,Chlorurus,spilurus,temp_code_002,1,AD,Passing,,,
GX020036_L.MP4,16149,48.4868,KAD_CAT_Transect 5,0.6924,,20.852,1.154,6314.299,23.926,,,-2380.226,941.211,-5772.263,KAD_CAT_1,Peter,Scaridae,Chlorurus,spilurus,temp_code_002,1,AD,Passing,,,
GX020036_L.MP4,16219,48.5257,KAD_CAT_Transect 5,0.7313,323.459,20.293,8.709,4030.022,26.473,75.628,9.251,-1783.493,215.654,-3607.454,KAD_CAT_1,Peter,Scaridae,Chlorurus,spilurus,temp_code_002,1,AD,Passing,,,
GX020036_L.MP4,16219,48.5257,KAD_CAT_Transect 5,0.7313,269.486,21.366,2.748,4182.592,27.663,75.423,1.663,-1913.942,327.949,-3704.504,KAD_CAT_1,Peter,Scaridae,Scarus,frenatus,37386016,1,AD,Passing,,,
GX020036_L.MP4,16219,48.5257,KAD_CAT_Transect 5,0.7313,,9.427,3.827,4271.247,23.532,,,-1691.084,217.933,-3916.158,KAD_CAT_1,Peter,Scaridae,Scarus,oviceps,37386022,1,AD,Passing,,,
GX020036_L.MP4,16219,48.5257,KAD_CAT_Transect 5,0.7313,,10.418,1.218,4520.348,24.598,,,-1851.063,335.083,-4110.333,KAD_CAT_1,Peter,Scaridae,Scarus,oviceps,37386022,1,AD,Passing,,,
GX020036_L.MP4,16219,48.5257,KAD_CAT_Transect 5,0.7313,,11.853,1.559,4758.014,21.569,,,-1737.15,201.98,-4424.954,KAD_CAT_1,Peter,Scaridae,Scarus,oviceps,37386022,1,AD,Passing,,,
GX020036_L.MP4,16219,48.5257,KAD_CAT_Transect 5,0.7313,,17.564,9.482,5778.082,20.221,,,-1972.607,309.112,-5422.13,KAD_CAT_1,Peter,Scaridae,Scarus,oviceps,37386022,1,AD,Passing,,,
GX020036_L.MP4,16219,48.5257,KAD_CAT_Transect 5,0.7313,,10.557,11.752,4408.131,18.638,,,-1408.752,-11.146,-4176.95,KAD_CAT_1,Peter,Scaridae,Scarus,oviceps,37386022,1,AD,Passing,,,
GX020036_L.MP4,16266,48.5518,KAD_CAT_Transect 5,0.7574,,25.297,7.587,6729.177,14.898,,,-1621.118,-607.924,-6502.633,KAD_CAT_1,Peter,Scaridae,Chlorurus,spilurus,temp_code_002,1,AD,Passing,,,
GX020036_L.MP4,16266,48.5518,KAD_CAT_Transect 5,0.7574,,18.778,0.759,5830.222,18.069,,,-1693.809,-636.376,-5542.339,KAD_CAT_1,Peter,Scaridae,Chlorurus,spilurus,temp_code_002,1,AD,Passing,,,
GX020036_L.MP4,16342,48.5941,KAD_CAT_Transect 5,0.7997,,34.626,1.455,7956.08,14.097,,,-1893.71,406.638,-7716.717,KAD_CAT_1,Peter,Acanthuridae,Acanthurus,lineatus,37437010,1,AD,Passing,,,
GX020036_L.MP4,16342,48.5941,KAD_CAT_Transect 5,0.7997,,18.731,0.629,6006.178,20.101,,,-2064.158,9.254,-5640.331,KAD_CAT_1,Peter,Scaridae,Chlorurus,spilurus,temp_code_002,1,AD,Passing,,,
GX020036_L.MP4,16342,48.5941,KAD_CAT_Transect 5,0.7997,,18.063,4.526,5820.956,17.98,,,-1796.357,36.438,-5536.723,KAD_CAT_1,Peter,Scaridae,Chlorurus,spilurus,temp_code_002,1,AD,Passing,,,
GX020036_L.MP4,16342,48.5941,KAD_CAT_Transect 5,0.7997,,23.168,8.428,6592.961,17.177,,,-1944.334,99.221,-6298.957,KAD_CAT_1,Peter,Scaridae,Chlorurus,spilurus,temp_code_002,1,AD,Passing,,,
GX020036_L.MP4,16342,48.5941,KAD_CAT_Transect 5,0.7997,,18.511,16.497,5796.899,14.076,,,-1409.741,-21.003,-5622.831,KAD_CAT_1,Peter,Scaridae,Chlorurus,spilurus,temp_code_002,1,AD,Passing,,,
GX020036_L.MP4,16342,48.5941,KAD_CAT_Transect 5,0.7997,,29.818,6.172,7399.265,13.214,,,-1689.224,80.275,-7203.416,KAD_CAT_1,Peter,Scaridae,Chlorurus,spilurus,temp_code_002,1,AD,Passing,,,
GX020036_L.MP4,16342,48.5941,KAD_CAT_Transect 5,0.7997,,29.274,5.838,7311.428,5.844,,,-740.929,68.631,-7273.465,KAD_CAT_1,Peter,Scaridae,Chlorurus,spilurus,temp_code_002,1,AD,Passing,,,
GX020036_L.MP4,16342,48.5941,KAD_CAT_Transect 5,0.7997,,30.959,8.695,7597.828,1.647,,,-53.164,-216.238,-7594.565,KAD_CAT_1,Peter,Scaridae,Chlorurus,spilurus,temp_code_002,1,AD,Passing,,,
GX020036_L.MP4,16342,48.5941,KAD_CAT_Transect 5,0.7997,,24.793,11.809,6745.601,22.635,,,2489.034,-741.658,-6225.575,KAD_CAT_1,Peter,Scaridae,Chlorurus,spilurus,temp_code_002,1,AD,Passing,,,
GX020036_L.MP4,16342,48.5941,KAD_CAT_Transect 5,0.7997,,17.355,3.84,5585.09,25.468,,,2095.696,-1176.007,-5041.656,KAD_CAT_1,Peter,Scaridae,Chlorurus,spilurus,temp_code_002,1,AD,Passing,,,
GX020036_L.MP4,16342,48.5941,KAD_CAT_Transect 5,0.7997,,22.121,3.559,6307.729,10.109,,,-1106.79,26.084,-6209.813,KAD_CAT_1,Peter,Scaridae,Scarus,oviceps,37386022,1,AD,Passing,,,
GX020036_L.MP4,16342,48.5941,KAD_CAT_Transect 5,0.7997,,18.712,3.485,5803.326,3.085,,,-28.114,-314.429,-5794.734,KAD_CAT_1,Peter,Scaridae,Scarus,frenatus,37386016,1,AD,Passing,,,
GX020036_L.MP4,16342,48.5941,KAD_CAT_Transect 5,0.7997,,25.977,4.453,6771.602,6.543,,,677.164,-373.838,-6727.28,KAD_CAT_1,Peter,Scaridae,Scarus,frenatus,37386016,1,AD,Passing,,,
GX020036_L.MP4,16342,48.5941,KAD_CAT_Transect 5,0.7997,,20.954,4.931,5982.577,16.997,,,1564.197,-785.57,-5720.786,KAD_CAT_1,Peter,Scaridae,Scarus,frenatus,37386016,1,AD,Passing,,,
GX020036_L.MP4,16362,48.6052,KAD_CAT_Transect 5,0.8108,,13.199,0.228,5292.499,28.092,,,-2486.146,170.973,-4669.088,KAD_CAT_1,Peter,Scaridae,Chlorurus,spilurus,temp_code_002,1,AD,Passing,,,
GX020036_L.MP4,16362,48.6052,KAD_CAT_Transect 5,0.8108,,12.363,2.863,5067.441,26.636,,,-2271.833,-16.627,-4529.62,KAD_CAT_1,Peter,Scaridae,Chlorurus,spilurus,temp_code_002,1,AD,Passing,,,
GX020036_L.MP4,16450,48.6542,KAD_CAT_Transect 5,0.8597,,21.185,4.959,6027.669,12.323,,,1200.365,-466.043,-5888.524,KAD_CAT_1,Peter,Scaridae,Chlorurus,spilurus,temp_code_002,1,AD,Passing,,,
GX020036_L.MP4,16450,48.6542,KAD_CAT_Transect 5,0.8597,,19.167,8.74,5902.986,23.878,,,2222.1,-881.748,-5397.225,KAD_CAT_1,Peter,Scaridae,Chlorurus,spilurus,temp_code_002,1,AD,Passing,,,
GX020036_L.MP4,16455,48.6569,KAD_CAT_Transect 5,0.8625,,28.223,12.422,7140.877,4.592,,,538.286,-196.585,-7117.845,KAD_CAT_1,Peter,Acanthuridae,Acanthurus,lineatus,37437010,1,AD,Passing,,,
GX020036_L.MP4,16455,48.6569,KAD_CAT_Transect 5,0.8625,,26.72,10.452,6995.83,18.576,,,2228.566,-8.637,-6631.369,KAD_CAT_1,Peter,Acanthuridae,Acanthurus,lineatus,37437010,1,AD,Passing,,,
GX020036_L.MP4,16455,48.6569,KAD_CAT_Transect 5,0.8625,,15.726,1.594,5231.027,6.474,,,20.367,-592.528,-5197.32,KAD_CAT_1,Peter,Scaridae,Chlorurus,spilurus,temp_code_002,1,AD,Passing,,,
GX020036_L.MP4,16455,48.6569,KAD_CAT_Transect 5,0.8625,,15.294,1.629,5106.054,8.002,,,343.705,-625.131,-5055.973,KAD_CAT_1,Peter,Scaridae,Chlorurus,spilurus,temp_code_002,1,AD,Passing,,,
GX020036_L.MP4,16455,48.6569,KAD_CAT_Transect 5,0.8625,,19.706,6.535,5813.294,8.19,,,516.509,-650.734,-5753.62,KAD_CAT_1,Peter,Scaridae,Chlorurus,spilurus,temp_code_002,1,AD,Passing,,,
GX020036_L.MP4,16455,48.6569,KAD_CAT_Transect 5,0.8625,,18.29,10.095,5612.449,9.601,,,887.83,-299.876,-5533.662,KAD_CAT_1,Peter,Scaridae,Chlorurus,spilurus,temp_code_002,1,AD,Passing,,,
GX020036_L.MP4,16455,48.6569,KAD_CAT_Transect 5,0.8625,,19.888,5.806,5817.163,15.196,,,1375.24,-661.793,-5613.388,KAD_CAT_1,Peter,Scaridae,Chlorurus,spilurus,temp_code_002,1,AD,Passing,,,
GX020036_L.MP4,16474,48.6675,KAD_CAT_Transect 5,0.8731,,12.344,8.86,4806.044,20.107,,,-1632.319,252.829,-4513.277,KAD_CAT_1,Peter,Scaridae,Chlorurus,spilurus,temp_code_002,1,AD,Passing,,,
GX020036_L.MP4,16474,48.6675,KAD_CAT_Transect 5,0.8731,,12.64,0.412,4758.559,15.919,,,-1281.258,245.922,-4576.22,KAD_CAT_1,Peter,Scaridae,Chlorurus,spilurus,temp_code_002,1,AD,Passing,,,
GX020036_L.MP4,16474,48.6675,KAD_CAT_Transect 5,0.8731,,13.477,4.003,4904.068,14.274,,,-1198.81,154.899,-4752.762,KAD_CAT_1,Peter,Scaridae,Chlorurus,spilurus,temp_code_002,1,AD,Passing,,,
GX020036_L.MP4,16474,48.6675,KAD_CAT_Transect 5,0.8731,,12.358,6.974,4648.689,11.69,,,-922.706,186.425,-4552.38,KAD_CAT_1,Peter,Scaridae,Chlorurus,spilurus,temp_code_002,1,AD,Passing,,,
GX020036_L.MP4,16474,48.6675,KAD_CAT_Transect 5,0.8731,,20.175,6.244,5895.319,11.263,,,1098.259,-349.343,-5781.571,KAD_CAT_1,Peter,Scaridae,Chlorurus,spilurus,temp_code_002,1,AD,Passing,,,
GX020036_L.MP4,16474,48.6675,KAD_CAT_Transect 5,0.8731,,15.487,0.168,5125.827,15.89,,,1278.429,-581.837,-4929.624,KAD_CAT_1,Peter,Scaridae,Chlorurus,spilurus,temp_code_002,1,AD,Passing,,,
GX020036_L.MP4,16474,48.6675,KAD_CAT_Transect 5,0.8731,,16.623,17.78,5389.657,18.72,,,1642.684,-545.036,-5104.207,KAD_CAT_1,Peter,Scaridae,Chlorurus,spilurus,temp_code_002,1,AD,Passing,,,
GX020036_L.MP4,16474,48.6675,KAD_CAT_Transect 5,0.8731,,17.648,4.273,5632.734,20.588,,,1921.56,-483.761,-5272.691,KAD_CAT_1,Peter,Scaridae,Chlorurus,spilurus,temp_code_002,1,AD,Passing,,,
GX020036_L.MP4,16519,48.6925,KAD_CAT_Transect 5,0.8981,,5.546,0.218,2991.157,10.461,,,534.675,-96.875,-2941.387,KAD_CAT_1,Peter,Labridae,Cheilinus,chlorourus,37384064,1,AD,Passing,,,
GX020036_L.MP4,16526,48.6964,KAD_CAT_Transect 5,0.902,,11.352,2.283,4427.411,14.788,,,-1022.318,479.036,-4281.047,KAD_CAT_1,Peter,Acanthuridae,Acanthurus,lineatus,37437010,1,AD,Passing,,,
GX020036_L.MP4,16526,48.6964,KAD_CAT_Transect 5,0.902,,15.009,3.12,4995.673,12.538,,,386.301,1010.536,-4877.124,KAD_CAT_1,Peter,Acanthuridae,Acanthurus,nigrofuscus,37437014,1,AD,Passing,,,
GX020036_L.MP4,16526,48.6964,KAD_CAT_Transect 5,0.902,125.087,6.226,9.74,4233.541,11.122,0.109,0.893,-638.402,509.266,-4154.03,KAD_CAT_1,Peter,Scaridae,Chlorurus,spilurus,temp_code_002,1,AD,Passing,,,
GX020036_L.MP4,16526,48.6964,KAD_CAT_Transect 5,0.902,216.119,17.739,14.463,3700.106,27.468,79.774,7.846,1655.806,413.692,-3282.979,KAD_CAT_1,Peter,Scaridae,Chlorurus,spilurus,temp_code_002,1,AD,Passing,,,
GX020036_L.MP4,16526,48.6964,KAD_CAT_Transect 5,0.902,,14.414,0.609,5130.065,18.574,,,-1575.69,430.111,-4863.103,KAD_CAT_1,Peter,Scaridae,Chlorurus,spilurus,temp_code_002,1,AD,Passing,,,
GX020036_L.MP4,16526,48.6964,KAD_CAT_Transect 5,0.902,,13.103,1.618,4790.231,14.436,,,-1122.517,404.799,-4639.225,KAD_CAT_1,Peter,Scaridae,Chlorurus,spilurus,temp_code_002,1,AD,Passing,,,
GX020036_L.MP4,16526,48.6964,KAD_CAT_Transect 5,0.902,,10.197,4.13,4117.873,11.243,,,-292.832,745.215,-4039.28,KAD_CAT_1,Peter,Scaridae,Chlorurus,spilurus,temp_code_002,1,AD,Passing,,,
GX020036_L.MP4,16526,48.6964,KAD_CAT_Transect 5,0.902,,11.039,5.221,4304.087,10.071,,,-125.674,739.628,-4238.198,KAD_CAT_1,Peter,Scaridae,Chlorurus,spilurus,temp_code_002,1,AD,Passing,,,
GX020036_L.MP4,16526,48.6964,KAD_CAT_Transect 5,0.902,,9.313,4.603,4006.137,21.731,,,1341.496,630.684,-3721.795,KAD_CAT_1,Peter,Scaridae,Chlorurus,spilurus,temp_code_002,1,AD,Passing,,,
GX020036_L.MP4,16526,48.6964,KAD_CAT_Transect 5,0.902,,7.813,5.773,3768.835,24.854,,,1524.045,430.023,-3420.012,KAD_CAT_1,Peter,Scaridae,Chlorurus,spilurus,temp_code_002,1,AD,Passing,,,
GX020036_L.MP4,16526,48.6964,KAD_CAT_Transect 5,0.902,90.884,2.615,8.124,3199.761,5.277,0.487,4.823,0.137,294.294,-3186.199,KAD_CAT_1,Peter,Labridae,Thalassoma,hardwicke,37384165,1,AD,Passing,,,
GX020036_L.MP4,16541,48.7048,KAD_CAT_Transect 5,0.9104,76.382,4.583,3.509,2347.294,24.243,19.638,10.276,952.705,-145.99,-2140.287,KAD_CAT_1,Peter,Acanthuridae,Acanthurus,nigrofuscus,37437014,1,AD,Passing,,,
GX020036_L.MP4,16724,48.8065,KAD_CAT_Transect 5,1.0121,165.941,7.723,9.776,3115.999,14.025,21.161,13.973,752.93,58.078,-3023.107,KAD_CAT_1,Peter,Acanthuridae,Acanthurus,nigrofuscus,37437014,1,AD,Passing,,,
GX020036_L.MP4,16724,48.8065,KAD_CAT_Transect 5,1.0121,104.638,8.281,5.751,2711.249,16.33,37.985,2.307,-747.805,-148.068,-2601.872,KAD_CAT_1,Peter,Scaridae,Chlorurus,spilurus,temp_code_002,1,AD,Passing,,,
GX020036_L.MP4,16751,48.8216,KAD_CAT_Transect 5,1.0271,140.269,10.688,12.412,3515.497,8.144,27.101,25.084,430.054,-251.098,-3480.046,KAD_CAT_1,Peter,Chaetodontidae,Heniochus,varius,37365078,1,AD,Passing,,,
GX020036_L.MP4,16827,48.8638,KAD_CAT_Transect 5,1.0694,149.776,11.487,11.461,4202.559,16.778,15.029,20.524,1193.266,-218.464,-4023.667,KAD_CAT_1,Peter,Scaridae,Chlorurus,spilurus,temp_code_002,1,AD,Passing,,,
GX020036_L.MP4,16827,48.8638,KAD_CAT_Transect 5,1.0694,,6.217,3.367,3215.668,17.937,,,945.148,-297.545,-3059.196,KAD_CAT_1,Peter,Scaridae,Chlorurus,spilurus,temp_code_002,1,AD,Passing,,,
GX020036_L.MP4,16833,48.8672,KAD_CAT_Transect 5,1.0727,146.084,13.495,5.341,2943.181,14.094,56.949,3.953,444.358,-562.345,-2854.581,KAD_CAT_1,Peter,Scaridae,Chlorurus,spilurus,temp_code_002,1,AD,Passing,,,
GX020036_L.MP4,16836,48.8688,KAD_CAT_Transect 5,1.0744,,25.766,4.751,6812.033,4.885,,,580.072,-7.712,-6787.285,KAD_CAT_1,Peter,Acanthuridae,Ctenochaetus,striatus,37437022,1,AD,Passing,,,
GX020036_L.MP4,16852,48.8777,KAD_CAT_Transect 5,1.0833,197.315,14.189,5.451,4676.491,2.017,17.948,7.846,133.894,-95.702,-4673.594,KAD_CAT_1,Peter,Labridae,Hemigymnus,fasciatus,37384124,1,AD,Passing,,,
GX020036_L.MP4,16893,48.9005,KAD_CAT_Transect 5,1.1061,254.503,9.823,6.156,3422.463,6.991,26.437,24.908,-282.684,-305.944,-3397.019,KAD_CAT_1,Peter,Acanthuridae,Acanthurus,lineatus,37437010,1,AD,Passing,,,
GX020036_L.MP4,16893,48.9005,KAD_CAT_Transect 5,1.1061,99.874,6.409,4.329,2973.283,2.926,19.54,1.067,-119.096,-94.058,-2969.407,KAD_CAT_1,Peter,Scaridae,Chlorurus,spilurus,temp_code_002,1,AD,Passing,,,
GX020036_L.MP4,16893,48.9005,KAD_CAT_Transect 5,1.1061,126.121,6.478,5.895,2909.02,4.126,22.671,22.825,-206.037,-36.742,-2901.481,KAD_CAT_1,Peter,Scaridae,Chlorurus,spilurus,temp_code_002,1,AD,Passing,,,
GX020036_L.MP4,16893,48.9005,KAD_CAT_Transect 5,1.1061,201.195,11.961,9.541,3525.588,7.251,30.598,21.885,-247.62,-369.735,-3497.392,KAD_CAT_1,Peter,Scaridae,Scarus,oviceps,37386022,1,AD,Passing,,,
GX020036_L.MP4,16924,48.9178,KAD_CAT_Transect 5,1.1233,107.213,1.603,2.795,1211.787,21.029,39.665,3.838,61.748,-430.438,-1131.078,KAD_CAT_1,Peter,Labridae,Thalassoma,hardwicke,37384165,1,AD,Passing,,,
GX020036_L.MP4,16982,48.95,KAD_CAT_Transect 5,1.1556,,2.323,5.087,1907.819,24.376,,,640.858,-458.511,-1737.481,KAD_CAT_1,Peter,Pomacentridae,Stegastes,nigricans,37372135,1,AD,Passing,,,
GX020036_L.MP4,16982,48.95,KAD_CAT_Transect 5,1.1556,108.361,2.483,7.081,1995.202,16.526,10.772,6.167,392.422,-409.985,-1912.785,KAD_CAT_1,Peter,Acanthuridae,Zebrasoma,scopas,37437036,1,AD,Passing,,,
GX020036_L.MP4,17138,49.0368,KAD_CAT_Transect 5,1.2424,101.805,8.27,5.821,3548.235,27.546,10.466,20.297,-1633.16,-159.619,-3145.995,KAD_CAT_1,Peter,Scaridae,Chlorurus,spilurus,temp_code_002,1,AD,Passing,,,
GX020036_L.MP4,17139,49.0373,KAD_CAT_Transect 5,1.2429,91.672,5.43,5.019,2883.656,23.155,2.247,7.39,-1122.441,-160.782,-2651.367,KAD_CAT_1,Peter,Scaridae,Chlorurus,spilurus,temp_code_002,1,AD,Passing,,,
GX020036_L.MP4,17155,49.0462,KAD_CAT_Transect 5,1.2518,,9.973,2.686,4517.479,26.505,,,-2013.917,-95.31,-4042.607,KAD_CAT_1,Peter,Scaridae,Chlorurus,spilurus,temp_code_002,1,AD,Passing,,,
GX020036_L.MP4,17155,49.0462,KAD_CAT_Transect 5,1.2518,,9.232,5.181,4261.568,24.373,,,-1753.089,-141.648,-3881.697,KAD_CAT_1,Peter,Scaridae,Chlorurus,spilurus,temp_code_002,1,AD,Passing,,,
GX020036_L.MP4,17155,49.0462,KAD_CAT_Transect 5,1.2518,,10.725,3.951,4541.655,22.405,,,-1720.285,-195.15,-4198.71,KAD_CAT_1,Peter,Scaridae,Chlorurus,spilurus,temp_code_002,1,AD,Passing,,,
GX020036_L.MP4,17155,49.0462,KAD_CAT_Transect 5,1.2518,,11.238,3.447,4613.597,20.901,,,-1640.25,-139.055,-4309.933,KAD_CAT_1,Peter,Scaridae,Chlorurus,spilurus,temp_code_002,1,AD,Passing,,,
GX020036_L.MP4,17155,49.0462,KAD_CAT_Transect 5,1.2518,261.509,19.836,3.634,3914.719,25.116,72.441,0.56,-1649.353,-201.399,-3544.587,KAD_CAT_1,Peter,Scaridae,Scarus,oviceps,37386022,1,AD,Passing,,,
GX020036_L.MP4,17163,49.0507,KAD_CAT_Transect 5,1.2563,150.088,1.578,12.344,1158.085,19.422,48.322,32.913,-262.834,-281.458,-1092.182,KAD_CAT_1,Peter,Cirrhitidae,Paracirrhites,forsteri,37374010,1,AD,Passing,,,
GX020036_L.MP4,17320,49.138,KAD_CAT_Transect 5,1.3436,54.596,2.624,7.297,1612.961,21.089,38.134,26.525,-275.443,-510.834,-1504.933,KAD_CAT_1,Peter,Pomacentridae,Chromis,margaritifer,37372047,1,AD,Passing,,,
GX020036_L.MP4,17454,49.2125,KAD_CAT_Transect 5,1.4181,,10.555,8.794,4271.387,4.059,,,-70.825,291.438,-4260.844,KAD_CAT_1,Peter,Scaridae,Chlorurus,spilurus,temp_code_002,1,AD,Passing,,,
GX020036_L.MP4,17454,49.2125,KAD_CAT_Transect 5,1.4181,,9.171,7.991,3937.584,5.485,,,313.752,205.605,-3919.675,KAD_CAT_1,Peter,Scaridae,Chlorurus,spilurus,temp_code_002,1,AD,Passing,,,
GX020036_L.MP4,17454,49.2125,KAD_CAT_Transect 5,1.4181,,9.407,4.151,3986.314,5.736,,,274.497,286.412,-3966.525,KAD_CAT_1,Peter,Scaridae,Chlorurus,spilurus,temp_code_002,1,AD,Passing,,,
GX020036_L.MP4,17454,49.2125,KAD_CAT_Transect 5,1.4181,,9.418,6.23,3961.191,8.108,,,444.362,336.325,-3921.793,KAD_CAT_1,Peter,Scaridae,Chlorurus,spilurus,temp_code_002,1,AD,Passing,,,
GX020036_L.MP4,17454,49.2125,KAD_CAT_Transect 5,1.4181,,12.609,8.66,4617.498,10.74,,,812.956,279.44,-4536.772,KAD_CAT_1,Peter,Scaridae,Chlorurus,spilurus,temp_code_002,1,AD,Passing,,,
GX020036_L.MP4,17478,49.2258,KAD_CAT_Transect 5,1.4314,,7.903,3.313,3672.465,19.436,,,1162.849,373.71,-3463.398,KAD_CAT_1,Peter,Acanthuridae,Acanthurus,nigrofuscus,37437014,1,AD,Passing,,,
GX020036_L.MP4,17504,49.2403,KAD_CAT_Transect 5,1.4459,69.716,1.332,6.186,1059.317,16.924,45.113,24.225,26.597,-307.217,-1013.441,KAD_CAT_1,Peter,Labridae,Stethojulis,bandanensis,37384154,1,AD,Passing,,,
GX020036_L.MP4,17634,49.3126,KAD_CAT_Transect 5,1.5182,79.852,2.372,3.203,1323.666,12.06,60.958,35.106,-150.877,-231.791,-1294.45,KAD_CAT_1,Peter,Pomacentridae,Stegastes,nigricans,37372135,1,AD,Passing,,,
GX020036_L.MP4,17635,49.3132,KAD_CAT_Transect 5,1.5187,53.439,1.077,1.964,1032.987,13.628,27.049,2.359,131.019,-205.109,-1003.906,KAD_CAT_1,Peter,Labridae,Labroides,dimidiatus,37384028,1,AD,Passing,,,
GX020036_L.MP4,17704,49.3515,KAD_CAT_Transect 5,1.5571,116.267,6.56,8.071,3080.91,26.314,5.217,4.222,1290.055,-448.301,-2761.665,KAD_CAT_1,Peter,Scaridae,Chlorurus,spilurus,temp_code_002,1,AD,Passing,,,
GX020036_L.MP4,17734,49.3682,KAD_CAT_Transect 5,1.5738,,8.264,12.57,3930.961,23.528,,,-1493.61,-483.278,-3603.891,KAD_CAT_1,Peter,Scaridae,Chlorurus,spilurus,temp_code_002,1,AD,Passing,,,
GX020036_L.MP4,17783,49.3955,KAD_CAT_Transect 5,1.601,97.892,2.32,11.328,1420.186,21.038,40.31,11.688,-414.123,-297.363,-1325.521,KAD_CAT_1,Peter,Cirrhitidae,Paracirrhites,forsteri,37374010,1,AD,Passing,,,
GX020036_L.MP4,17812,49.4116,KAD_CAT_Transect 5,1.6172,146.642,5.781,4.345,2203.206,24.274,47.956,3.623,905.436,-23.374,-2008.422,KAD_CAT_1,Peter,Scaridae,Chlorurus,spilurus,temp_code_002,1,AD,Passing,,,
GX020036_L.MP4,17812,49.4116,KAD_CAT_Transect 5,1.6172,58.183,5.759,1.751,1960.541,18.894,61.649,7.826,218.903,-595.919,-1854.908,KAD_CAT_1,Peter,Pomacentridae,Chromis,margaritifer,37372047,1,AD,Passing,,,
GX020036_L.MP4,17866,49.4416,KAD_CAT_Transect 5,1.6472,46.203,3.388,3.003,2175.598,23.225,21.337,13.751,414.566,-751.104,-1999.301,KAD_CAT_1,Peter,Pomacentridae,Chromis,margaritifer,37372047,1,AD,Passing,,,
GX020036_L.MP4,17866,49.4416,KAD_CAT_Transect 5,1.6472,51.087,4.942,7.5,2658.523,20.229,21.993,0.15,260.461,-881.574,-2494.54,KAD_CAT_1,Peter,Pomacentridae,Chromis,margaritifer,37372047,1,AD,Passing,,,
GX020036_L.MP4,17866,49.4416,KAD_CAT_Transect 5,1.6472,,3.956,1.046,2507.224,20.101,,,150.062,-849.899,-2354.002,KAD_CAT_1,Peter,Pomacentridae,Chromis,margaritifer,37372047,1,AD,Passing,,,
GX020036_L.MP4,18135,49.5912,KAD_CAT_Transect 5,1.7968,,6.168,1.019,3236.979,16.405,,,-857.174,-319.623,-3105.017,KAD_CAT_1,Peter,Acanthuridae,Acanthurus,nigrofuscus,37437014,1,AD,Passing,,,
GX020036_L.MP4,18164,49.6073,KAD_CAT_Transect 5,1.8129,104.482,3.216,10.34,1587.611,26.108,60.512,14.933,563.029,-413.641,-1425.625,KAD_CAT_1,Peter,Labridae,Thalassoma,quinquevittatum,37384170,1,AD,Passing,,,
GX020036_L.MP4,18228,49.6429,KAD_CAT_Transect 5,1.8485,125.127,5.232,7.031,2814.461,10.011,16.64,17.17,-488.938,17.6,-2771.61,KAD_CAT_1,Peter,Labridae,Hologymnosus,doliatus,37384127,1,AD,Passing,,,
GX020036_L.MP4,18575,49.8359,KAD_CAT_Transect 5,2.0415,82.98,2.322,3.006,1668.123,18.602,19.89,4.582,-429.969,-313.497,-1580.974,KAD_CAT_1,Peter,Pomacentridae,Stegastes,nigricans,37372135,1,AD,Passing,,,
GX020036_L.MP4,18679,49.8937,KAD_CAT_Transect 5,2.0993,67.236,2.673,2.302,1442.455,16.134,45.773,9.975,171.632,-362.241,-1385.641,KAD_CAT_1,Peter,Pomacentridae,Chrysiptera,brownriggi,37372064,1,AD,Passing,,,
GX020036_L.MP4,18889,50.0105,KAD_CAT_Transect 5,2.2161,85.612,2.071,2.176,1580.605,15.694,23.587,12.526,132.955,-406.345,-1521.683,KAD_CAT_1,Peter,Pomacentridae,Stegastes,nigricans,37372135,1,AD,Passing,,,
GX020036_L.MP4,18908,50.0211,KAD_CAT_Transect 5,2.2267,71.348,4.624,8.079,1880.205,17.508,48.181,3.589,-464.661,-322.551,-1793.104,KAD_CAT_1,Peter,Pomacentridae,Plectroglyphidodon,dickii,37372098,1,AD,Passing,,,
GX020036_L.MP4,18913,50.0239,KAD_CAT_Transect 5,2.2294,61.608,2.837,9.643,2047.14,23.698,21.349,42.352,-759.565,-316.302,-1874.512,KAD_CAT_1,Peter,Pomacentridae,Stegastes,nigricans,37372135,1,AD,Passing,,,
GX020036_L.MP4,18958,50.0489,KAD_CAT_Transect 5,2.2545,107.411,2.138,2.226,1565.363,17.134,27.404,24.4,128.99,-442.769,-1495.887,KAD_CAT_1,Peter,Cirrhitidae,Paracirrhites,forsteri,37374010,1,AD,Passing,,,
GX020036_L.MP4,19141,50.1507,KAD_CAT_Transect 5,2.3562,99.968,7.009,4.348,2192.34,15.681,54.836,11.03,502.537,-313.947,-2110.745,KAD_CAT_1,Peter,Pomacentridae,Stegastes,nigricans,37372135,1,AD,Passing,,,
GX020036_L.MP4,19176,50.1701,KAD_CAT_Transect 5,2.3757,116.76,3.785,3.622,2174.039,6.488,20.792,9.015,244.855,20.025,-2160.113,KAD_CAT_1,Peter,Labridae,Thalassoma,quinquevittatum,37384170,1,AD,Passing,,,
GX020036_L.MP4,19221,50.1951,KAD_CAT_Transect 5,2.4007,,1.307,4.297,1372.835,24.034,,,447.923,-335.368,-1253.622,KAD_CAT_1,Peter,Pomacentridae,Stegastes,nigricans,37372135,1,AD,Passing,,,
GX020036_L.MP4,19255,50.2141,KAD_CAT_Transect 5,2.4196,76.288,0.904,2.793,1121.303,12.343,4.954,5.294,147.938,-188.603,-1095.383,KAD_CAT_1,Peter,Pomacentridae,Stegastes,nigricans,37372135,1,AD,Passing,,,
GX020036_L.MP4,19356,50.2702,KAD_CAT_Transect 5,2.4758,90.9,6.907,7.223,2258.639,11.528,46,7.461,-447.618,58.218,-2213.074,KAD_CAT_1,Peter,Chaetodontidae,Chaetodon,lunulatus,37365059,1,AD,Passing,,,
GX020036_L.MP4,19356,50.2702,KAD_CAT_Transect 5,2.4758,96.524,7.767,8.022,2119.037,9.645,67.464,6.489,-354.237,-23.477,-2089.086,KAD_CAT_1,Peter,Chaetodontidae,Chaetodon,lunulatus,37365059,1,AD,Passing,,,
GX020036_L.MP4,19381,50.2841,KAD_CAT_Transect 5,2.4897,115.661,4.797,1.719,2055.605,5.973,33.936,7.585,-206.37,-56.251,-2044.446,KAD_CAT_1,Peter,Labridae,Gomphosus,varius,37384106,1,AD,Passing,,,
GX020036_L.MP4,19584,50.397,KAD_CAT_Transect 5,2.6026,58.524,2.54,4.951,1820.033,23.671,11.831,10.946,-674.906,-280.089,-1666.905,KAD_CAT_1,Peter,Pomacentridae,Stegastes,nigricans,37372135,1,AD,Passing,,,
GX020036_L.MP4,19641,50.4287,KAD_CAT_Transect 5,2.6343,72.825,6.189,1.382,2009.109,19.32,70.514,11.078,661.207,-68.214,-1895.962,KAD_CAT_1,Peter,Pomacentridae,Stegastes,nigricans,37372135,1,AD,Passing,,,
GX020036_L.MP4,19713,50.4688,KAD_CAT_Transect 5,2.6743,68.072,4.262,2.419,1776.266,11.817,45.744,9.584,127.571,-340.662,-1738.619,KAD_CAT_1,Peter,Pomacentridae,Chrysiptera,brownriggi,37372064,1,AD,Passing,,,
GX020036_L.MP4,19720,50.4726,KAD_CAT_Transect 5,2.6782,70.725,6.695,3.959,2161.203,16.003,61.644,25.242,511.562,-305.481,-2077.447,KAD_CAT_1,Peter,Pomacentridae,Stegastes,nigricans,37372135,1,AD,Passing,,,
GX020036_L.MP4,19720,50.4726,KAD_CAT_Transect 5,2.6782,53.012,2.202,2.432,1684.663,15.645,20.186,26.513,314.221,-328.134,-1622.246,KAD_CAT_1,Peter,Labridae,Thalassoma,quinquevittatum,37384170,1,AD,Passing,,,
GX020036_L.MP4,19848,50.5438,KAD_CAT_Transect 5,2.7494,40.217,0.958,0.49,1205.481,16.655,10.196,11.413,74.764,-337.315,-1154.908,KAD_CAT_1,Peter,Labridae,Stethojulis,bandanensis,37384154,1,AD,Passing,,,
GX020036_L.MP4,19876,50.5594,KAD_CAT_Transect 5,2.765,92.912,1.77,5.485,1552.393,15.921,16.975,9.766,219.67,-364.799,-1492.847,KAD_CAT_1,Peter,Labridae,Thalassoma,quinquevittatum,37384170,1,AD,Passing,,,
GX020036_L.MP4,20148,50.7107,KAD_CAT_Transect 5,2.9162,,0.747,1.068,974.314,10.375,,,-129.963,-118.451,-958.315,KAD_CAT_1,Peter,Pomacentridae,Plectroglyphidodon,fasciolatus,temp_code_011,1,AD,Passing,,,
GX020036_L.MP4,20224,50.7529,KAD_CAT_Transect 5,2.9585,129.439,4.432,12.63,2022.18,22.731,40.403,5.249,-613.939,-483.354,-1865.117,KAD_CAT_1,Peter,Labridae,Halichoeres,hortulanus,37384112,1,AD,Passing,,,
GX020036_L.MP4,20397,50.8491,KAD_CAT_Transect 5,3.0547,70.903,1.024,17.099,1140.159,23.154,8.334,16.946,-280.525,-349.714,-1048.317,KAD_CAT_1,Peter,Pomacentridae,Plectroglyphidodon,dickii,37372098,1,AD,Passing,,,
GX020036_L.MP4,20464,50.8864,KAD_CAT_Transect 5,3.092,92.21,1.15,7.155,1001.676,13.65,44.495,38.523,-144.559,-187.03,-973.384,KAD_CAT_1,Peter,Labridae,Stethojulis,bandanensis,37384154,1,AD,Passing,,,
GX020036_L.MP4,20480,50.8953,KAD_CAT_Transect 5,3.1009,107.886,2.946,5.209,1384.991,19.814,79.247,19.979,315.326,-347.796,-1302.999,KAD_CAT_1,Peter,Pomacentridae,Stegastes,nigricans,37372135,1,AD,Passing,,,
