Location,Permission,Facilitated.by,Dive_Site,Fishing.Grounds,Transect,lat,lon,slope_mean_2020_bio_oracle_3,terrain_ruggedness_index_2020_bio_oracle_3,topographic_position_index_2020_bio_oracle_3,DESIG,ADOPT_2024,NO_TAKE,NO_TK_AREA,Geomorphology,OBJECTI,grav_NC,pop_cnt,nm_prts,reef_vl,sedimnt,nutrint,cml_scr,tp_thrt,Region,is_bcu,grv_NC_,pp_cnt_,nm_prt_,rf_vl_r,sdmnt_r,ntrnt_r,score,scoreth,scorpfc,scoretr,scorecn,scorecy,biomass_kg,biomass_kg_ha,abundance_ind_250m2,FRic,FEve,FDiv,FDis,RaoQ,Sizec,closest_ID,closest_Lat,closest_Lon,Grav_tot,cryptoBRout,crypto5BRout,crypto15BRout,pareBRout,pare5BRout,pare15BRout,residBRout,resid15BRout,resid35BRout,transiBRout,transi15BRout,transi35BRout,cryptoBROF,crypto5BROF,crypto15BROF,pareBROF,pare5BROF,pare15BROF,residBROF,resid15BROF,resid35BROF,transiBROF,transi15BROF,transi35BROF,cryptoBRbtw,crypto5BRbtw,crypto15BRbtw,pareBRbtw,pare5BRbtw,pare15BRbtw,residBRbtw,resid15BRbtw,resid35BRbtw,transiBRbtw,transi15BRbtw,transi35BRbtw,cryptoBRin,crypto5BRin,crypto15BRin,pareBRin,pare5BRin,pare15BRin,residBRin,resid15BRin,resid35BRin,transiBRin,transi15BRin,transi35BRin,cryptoBRIF,crypto5BRIF,crypto15BRIF,pareBRIF,pare5BRIF,pare15BRIF,residBRIF,resid15BRIF,resid35BRIF,transiBRIF,transi15BRIF,transi35BRIF,cryptoLR,crypto5LR,crypto15LR,pare5LR,pare15LR,pareLR,transiLR,transi15LR,transi35LR,residLR,resid15LR,resid35LR
Kadavu,Ono,FLMMA/Kokomo,Birdland,Kadavu 1,KAD_BIRD_Transect 1,-18.84763115,178.5021932,1.3203984,99.25547,89.51445,Locally Managed Marine Area,2005-2009,Part,19.22,Back Reef Slope,49542,0.571425896,0.535405524,0,0,0.599143004,0.545648849,0.375270546,Sediments,Melanesia,non-refugia,1.160336377,293.8462265,0,0,4.663125992,0.000226514,-0.05091,-0.68252,0.13163,-0.09355,-0.01837,-0.11807,1.451507947,58.06031789,66,1.07E-13,0.706946641,0.912313601,0.309339317,0.108091629,19.59914105,V9899,-18.82,178.6,7,11,61,12,10,43,49,10,70,14,0,11,0,110,1943,533,272,1854,993,180,582,29,0,327,0,466.6647753,8223.666704,2819.25,2362.177247,798.2307055,308.5110462,3265.276875,1710.998474,15598.87571,0,4196.587701,0,67,50,6,52,30,35,52,102,52,24,54,34,705,1003,290,1414,1024,249,935,548,93,540,1011,560,0,0,0,0,0,0,0,0,0,0,0,0
Kadavu,Ono,FLMMA/Kokomo,Birdland,Kadavu 1,KAD_BIRD_Transect 2,-18.84763115,178.5021932,1.3203984,99.25547,89.51445,Locally Managed Marine Area,2005-2009,Part,19.22,Back Reef Slope,49542,0.571425896,0.535405524,0,0,0.599143004,0.545648849,0.375270546,Sediments,Melanesia,non-refugia,1.160336377,293.8462265,0,0,4.663125992,0.000226514,-0.05091,-0.68252,0.13163,-0.09355,-0.01837,-0.11807,1.424900381,56.99601525,74,1.67E-13,0.741524196,0.884320568,0.259787188,0.077414478,15.35810811,V9899,-18.82,178.6,7,11,61,12,10,43,49,10,70,14,0,11,0,110,1943,533,272,1854,993,180,582,29,0,327,0,466.6647753,8223.666704,2819.25,2362.177247,798.2307055,308.5110462,3265.276875,1710.998474,15598.87571,0,4196.587701,0,67,50,6,52,30,35,52,102,52,24,54,34,705,1003,290,1414,1024,249,935,548,93,540,1011,560,0,0,0,0,0,0,0,0,0,0,0,0
Kadavu,Ono,FLMMA/Kokomo,Birdland,Kadavu 1,KAD_BIRD_Transect 3,-18.84763115,178.5021932,1.3203984,99.25547,89.51445,Locally Managed Marine Area,2005-2009,Part,19.22,Back Reef Slope,49542,0.571425896,0.535405524,0,0,0.599143004,0.545648849,0.375270546,Sediments,Melanesia,non-refugia,1.160336377,293.8462265,0,0,4.663125992,0.000226514,-0.05091,-0.68252,0.13163,-0.09355,-0.01837,-0.11807,3.12222548,124.8890192,71,5.29E-13,0.772315328,0.929077977,0.294982525,0.091621249,25.6099282,V9899,-18.82,178.6,7,11,61,12,10,43,49,10,70,14,0,11,0,110,1943,533,272,1854,993,180,582,29,0,327,0,466.6647753,8223.666704,2819.25,2362.177247,798.2307055,308.5110462,3265.276875,1710.998474,15598.87571,0,4196.587701,0,67,50,6,52,30,35,52,102,52,24,54,34,705,1003,290,1414,1024,249,935,548,93,540,1011,560,0,0,0,0,0,0,0,0,0,0,0,0
Kadavu,Ono,FLMMA/Kokomo,Birdland,Kadavu 1,KAD_BIRD_Transect 4,-18.84763115,178.5021932,1.3203984,99.25547,89.51445,Locally Managed Marine Area,2005-2009,Part,19.22,Back Reef Slope,49542,0.571425896,0.535405524,0,0,0.599143004,0.545648849,0.375270546,Sediments,Melanesia,non-refugia,1.160336377,293.8462265,0,0,4.663125992,0.000226514,-0.05091,-0.68252,0.13163,-0.09355,-0.01837,-0.11807,3.301631175,132.065247,146,8.00E-11,0.678991889,0.922635444,0.297714333,0.098072526,16.77521793,V9899,-18.82,178.6,7,11,61,12,10,43,49,10,70,14,0,11,0,110,1943,533,272,1854,993,180,582,29,0,327,0,466.6647753,8223.666704,2819.25,2362.177247,798.2307055,308.5110462,3265.276875,1710.998474,15598.87571,0,4196.587701,0,67,50,6,52,30,35,52,102,52,24,54,34,705,1003,290,1414,1024,249,935,548,93,540,1011,560,0,0,0,0,0,0,0,0,0,0,0,0
Kadavu,Dravuni,FLMMA/Kokomo,Catherine,Kadavu 1,KAD_CAT_Transect 1,-18.7013889,178.5322222,1.8246502,256.33005,231.32104,Locally Managed Marine Area,2000-2004,Part,19.22,Sheltered Reef Slope,49455,0.634133094,0.457011503,0,0,0.411780933,0.48458718,0.331252118,Fishing,Melanesia,non-refugia,1.749591113,90.88370705,0,0,0.00050645,3.27E-06,-0.0587,-0.63161,0.13694,-0.06705,-0.38448,-0.11242,23.36219802,934.4879208,180,3.51E-10,0.730717986,0.876272163,0.364848927,0.136555518,25.72282328,V9869,-18.74,178.52,10,87,51,24,75,47,95,75,125,92,9,26,15,1055,2545,1226,2138,2572,1923,1595,1220,244,180,486,224,1130.537932,1431.841776,3078.666667,20629.73236,4859.052848,31.0231445,22739.43404,194.5863487,18686.68545,0,6.99596118,100.1990338,22,28,20,18,24,28,18,35,23,0,11,1,625,3158,1252,588,4942,2496,570,1350,125,0,417,16,20,285,45,462,84,32,0,0,0,30,32,4
Kadavu,Dravuni,FLMMA/Kokomo,Catherine,Kadavu 1,KAD_CAT_Transect 2,-18.7013889,178.5322222,1.8246502,256.33005,231.32104,Locally Managed Marine Area,2000-2004,Part,19.22,Sheltered Reef Slope,49455,0.634133094,0.457011503,0,0,0.411780933,0.48458718,0.331252118,Fishing,Melanesia,non-refugia,1.749591113,90.88370705,0,0,0.00050645,3.27E-06,-0.0587,-0.63161,0.13694,-0.06705,-0.38448,-0.11242,68.69886225,2747.95449,280,2.16E-09,0.678000197,0.80302667,0.307783384,0.111925848,33.86882121,V9869,-18.74,178.52,10,87,51,24,75,47,95,75,125,92,9,26,15,1055,2545,1226,2138,2572,1923,1595,1220,244,180,486,224,1130.537932,1431.841776,3078.666667,20629.73236,4859.052848,31.0231445,22739.43404,194.5863487,18686.68545,0,6.99596118,100.1990338,22,28,20,18,24,28,18,35,23,0,11,1,625,3158,1252,588,4942,2496,570,1350,125,0,417,16,20,285,45,462,84,32,0,0,0,30,32,4
Kadavu,Dravuni,FLMMA/Kokomo,Catherine,Kadavu 1,KAD_CAT_Transect 3,-18.7013889,178.5322222,1.8246502,256.33005,231.32104,Locally Managed Marine Area,2000-2004,Part,19.22,Sheltered Reef Slope,49455,0.634133094,0.457011503,0,0,0.411780933,0.48458718,0.331252118,Fishing,Melanesia,non-refugia,1.749591113,90.88370705,0,0,0.00050645,3.27E-06,-0.0587,-0.63161,0.13694,-0.06705,-0.38448,-0.11242,6.663883823,266.5553529,74,5.96E-12,0.765113053,0.823346608,0.252999239,0.088950722,37.59823021,V9869,-18.74,178.52,10,87,51,24,75,47,95,75,125,92,9,26,15,1055,2545,1226,2138,2572,1923,1595,1220,244,180,486,224,1130.537932,1431.841776,3078.666667,20629.73236,4859.052848,31.0231445,22739.43404,194.5863487,18686.68545,0,6.99596118,100.1990338,22,28,20,18,24,28,18,35,23,0,11,1,625,3158,1252,588,4942,2496,570,1350,125,0,417,16,20,285,45,462,84,32,0,0,0,30,32,4
Kadavu,Dravuni,FLMMA/Kokomo,Catherine,Kadavu 1,KAD_CAT_Transect 4,-18.7013889,178.5322222,1.8246502,256.33005,231.32104,Locally Managed Marine Area,2000-2004,Part,19.22,Sheltered Reef Slope,49455,0.634133094,0.457011503,0,0,0.411780933,0.48458718,0.331252118,Fishing,Melanesia,non-refugia,1.749591113,90.88370705,0,0,0.00050645,3.27E-06,-0.0587,-0.63161,0.13694,-0.06705,-0.38448,-0.11242,54.67675774,2187.07031,278,9.67E-12,0.661026339,0.766812473,0.245147293,0.075003899,38.62232109,V9869,-18.74,178.52,10,87,51,24,75,47,95,75,125,92,9,26,15,1055,2545,1226,2138,2572,1923,1595,1220,244,180,486,224,1130.537932,1431.841776,3078.666667,20629.73236,4859.052848,31.0231445,22739.43404,194.5863487,18686.68545,0,6.99596118,100.1990338,22,28,20,18,24,28,18,35,23,0,11,1,625,3158,1252,588,4942,2496,570,1350,125,0,417,16,20,285,45,462,84,32,0,0,0,30,32,4
Kadavu,Dravuni,FLMMA/Kokomo,Catherine,Kadavu 1,KAD_CAT_Transect 5,-18.7013889,178.5322222,1.8246502,256.33005,231.32104,Locally Managed Marine Area,2000-2004,Part,19.22,Sheltered Reef Slope,49455,0.634133094,0.457011503,0,0,0.411780933,0.48458718,0.331252118,Fishing,Melanesia,non-refugia,1.749591113,90.88370705,0,0,0.00050645,3.27E-06,-0.0587,-0.63161,0.13694,-0.06705,-0.38448,-0.11242,28.79252441,1151.700976,179,3.31E-12,0.676206496,0.92043658,0.2509696,0.075033709,36.15678607,V9869,-18.74,178.52,10,87,51,24,75,47,95,75,125,92,9,26,15,1055,2545,1226,2138,2572,1923,1595,1220,244,180,486,224,1130.537932,1431.841776,3078.666667,20629.73236,4859.052848,31.0231445,22739.43404,194.5863487,18686.68545,0,6.99596118,100.1990338,22,28,20,18,24,28,18,35,23,0,11,1,625,3158,1252,588,4942,2496,570,1350,125,0,417,16,20,285,45,462,84,32,0,0,0,30,32,4
Kadavu,Nukuvou,FLMMA/Matava,NukuvouCOW,Kadavu 2,KAD_COW_Transect 1,-19.01829737,178.4898473,3.9523728,288.60309,155.06244,Locally Managed Marine Area,2000-2004,Part,10.87,Back Reef Slope,49740,0.496694199,0.612993626,0,0.89839915,0.721292482,0.55745951,0.547806495,Tourism,Melanesia,non-refugia,0.692938407,719.7486448,0,638,32.64180756,0.000358743,-0.06755,-0.5708,0.12037,-0.10968,-0.59643,-0.2335,4.477802731,179.1121092,53,5.57E-13,0.774144949,0.889066311,0.278306969,0.091765335,32.70451834,V9871,-19.06,178.52,5,69,98,19,60,74,86,60,152,74,9,77,18,830,3007,1018,1672,2374,1146,1180,1275,196,135,1182,304,1090.674742,4087.721367,3968.333333,3559.202134,3238.796019,1444.602142,3708.478889,1774.414125,1312.505088,3793.120878,1240.462885,3937.645937,34,62,12,40,39,48,40,64,45,5,21,10,440,1887,601,1170,1698,825,925,525,118,135,246,168,0,64,0,106,60,0,0,3,0,0,22,0
Kadavu,Nukuvou,FLMMA/Matava,NukuvouCOW,Kadavu 2,KAD_COW_Transect 2,-19.01829737,178.4898473,3.9523728,288.60309,155.06244,Locally Managed Marine Area,2000-2004,Part,10.87,Back Reef Slope,49740,0.496694199,0.612993626,0,0.89839915,0.721292482,0.55745951,0.547806495,Tourism,Melanesia,non-refugia,0.692938407,719.7486448,0,638,32.64180756,0.000358743,-0.06755,-0.5708,0.12037,-0.10968,-0.59643,-0.2335,3.230690601,129.227624,53,5.64E-13,0.80760597,0.967906431,0.273357346,0.086420597,20.30544234,V9871,-19.06,178.52,5,69,98,19,60,74,86,60,152,74,9,77,18,830,3007,1018,1672,2374,1146,1180,1275,196,135,1182,304,1090.674742,4087.721367,3968.333333,3559.202134,3238.796019,1444.602142,3708.478889,1774.414125,1312.505088,3793.120878,1240.462885,3937.645937,34,62,12,40,39,48,40,64,45,5,21,10,440,1887,601,1170,1698,825,925,525,118,135,246,168,0,64,0,106,60,0,0,3,0,0,22,0
Kadavu,Nukuvou,FLMMA/Matava,NukuvouCOW,Kadavu 2,KAD_COW_Transect 3,-19.01829737,178.4898473,3.9523728,288.60309,155.06244,Locally Managed Marine Area,2000-2004,Part,10.87,Back Reef Slope,49740,0.496694199,0.612993626,0,0.89839915,0.721292482,0.55745951,0.547806495,Tourism,Melanesia,non-refugia,0.692938407,719.7486448,0,638,32.64180756,0.000358743,-0.06755,-0.5708,0.12037,-0.10968,-0.59643,-0.2335,6.567899419,262.7159768,63,1.98E-12,0.735927563,0.901936733,0.300022013,0.10000317,31.35518207,V9871,-19.06,178.52,5,69,98,19,60,74,86,60,152,74,9,77,18,830,3007,1018,1672,2374,1146,1180,1275,196,135,1182,304,1090.674742,4087.721367,3968.333333,3559.202134,3238.796019,1444.602142,3708.478889,1774.414125,1312.505088,3793.120878,1240.462885,3937.645937,34,62,12,40,39,48,40,64,45,5,21,10,440,1887,601,1170,1698,825,925,525,118,135,246,168,0,64,0,106,60,0,0,3,0,0,22,0
Kadavu,Nukuvou,FLMMA/Matava,NukuvouCOW,Kadavu 2,KAD_COW_Transect 4,-19.01829737,178.4898473,3.9523728,288.60309,155.06244,Locally Managed Marine Area,2000-2004,Part,10.87,Back Reef Slope,49740,0.496694199,0.612993626,0,0.89839915,0.721292482,0.55745951,0.547806495,Tourism,Melanesia,non-refugia,0.692938407,719.7486448,0,638,32.64180756,0.000358743,-0.06755,-0.5708,0.12037,-0.10968,-0.59643,-0.2335,12.51662483,500.664993,137,5.58E-10,0.699453056,0.906206248,0.319274784,0.111947333,30.91455185,V9871,-19.06,178.52,5,69,98,19,60,74,86,60,152,74,9,77,18,830,3007,1018,1672,2374,1146,1180,1275,196,135,1182,304,1090.674742,4087.721367,3968.333333,3559.202134,3238.796019,1444.602142,3708.478889,1774.414125,1312.505088,3793.120878,1240.462885,3937.645937,34,62,12,40,39,48,40,64,45,5,21,10,440,1887,601,1170,1698,825,925,525,118,135,246,168,0,64,0,106,60,0,0,3,0,0,22,0
Kadavu,Dravuni,FLMMA/Kokomo,FijiGold,Kadavu 1,KAD_FIGO_Transect 1,-18.7133333,178.5438889,1.8246502,256.33005,231.32104,Locally Managed Marine Area,2000-2004,Part,19.22,Sheltered Reef Slope,49455,0.634133094,0.457011503,0,0,0.411780933,0.48458718,0.331252118,Fishing,Melanesia,non-refugia,1.749591113,90.88370705,0,0,0.00050645,3.27E-06,-0.0587,-0.63161,0.13694,-0.06705,-0.38448,-0.11242,19.6418764,785.6750559,229,1.49E-10,0.678357492,0.945477598,0.296774385,0.104665963,19.76821692,V9869,-18.74,178.52,10,87,51,24,75,47,95,75,125,92,9,26,15,1055,2545,1226,2138,2572,1923,1595,1220,244,180,486,224,1130.537932,1431.841776,3078.666667,20629.73236,4859.052848,31.0231445,22739.43404,194.5863487,18686.68545,0,6.99596118,100.1990338,22,28,20,18,24,28,18,35,23,0,11,1,625,3158,1252,588,4942,2496,570,1350,125,0,417,16,20,285,45,462,84,32,0,0,0,30,32,4
Kadavu,Dravuni,FLMMA/Kokomo,FijiGold,Kadavu 1,KAD_FIGO_Transect 2,-18.7133333,178.5438889,1.8246502,256.33005,231.32104,Locally Managed Marine Area,2000-2004,Part,19.22,Sheltered Reef Slope,49455,0.634133094,0.457011503,0,0,0.411780933,0.48458718,0.331252118,Fishing,Melanesia,non-refugia,1.749591113,90.88370705,0,0,0.00050645,3.27E-06,-0.0587,-0.63161,0.13694,-0.06705,-0.38448,-0.11242,27.66931647,1106.772659,411,3.87E-10,0.578313254,0.954477535,0.223230923,0.073212168,15.7578758,V9869,-18.74,178.52,10,87,51,24,75,47,95,75,125,92,9,26,15,1055,2545,1226,2138,2572,1923,1595,1220,244,180,486,224,1130.537932,1431.841776,3078.666667,20629.73236,4859.052848,31.0231445,22739.43404,194.5863487,18686.68545,0,6.99596118,100.1990338,22,28,20,18,24,28,18,35,23,0,11,1,625,3158,1252,588,4942,2496,570,1350,125,0,417,16,20,285,45,462,84,32,0,0,0,30,32,4
Kadavu,Dravuni,FLMMA/Kokomo,FijiGold,Kadavu 1,KAD_FIGO_Transect 3,-18.7133333,178.5438889,1.8246502,256.33005,231.32104,Locally Managed Marine Area,2000-2004,Part,19.22,Sheltered Reef Slope,49455,0.634133094,0.457011503,0,0,0.411780933,0.48458718,0.331252118,Fishing,Melanesia,non-refugia,1.749591113,90.88370705,0,0,0.00050645,3.27E-06,-0.0587,-0.63161,0.13694,-0.06705,-0.38448,-0.11242,6.10504946,244.2019784,250,2.78E-10,0.659716852,0.956720999,0.22879117,0.075762213,14.13147391,V9869,-18.74,178.52,10,87,51,24,75,47,95,75,125,92,9,26,15,1055,2545,1226,2138,2572,1923,1595,1220,244,180,486,224,1130.537932,1431.841776,3078.666667,20629.73236,4859.052848,31.0231445,22739.43404,194.5863487,18686.68545,0,6.99596118,100.1990338,22,28,20,18,24,28,18,35,23,0,11,1,625,3158,1252,588,4942,2496,570,1350,125,0,417,16,20,285,45,462,84,32,0,0,0,30,32,4
Kadavu,Dravuni,FLMMA/Kokomo,FijiGold,Kadavu 1,KAD_FIGO_Transect 4,-18.7133333,178.5438889,1.8246502,256.33005,231.32104,Locally Managed Marine Area,2000-2004,Part,19.22,Sheltered Reef Slope,49455,0.634133094,0.457011503,0,0,0.411780933,0.48458718,0.331252118,Fishing,Melanesia,non-refugia,1.749591113,90.88370705,0,0,0.00050645,3.27E-06,-0.0587,-0.63161,0.13694,-0.06705,-0.38448,-0.11242,11.3233357,452.9334279,375,4.42E-10,0.708293093,0.982130674,0.206274687,0.071199212,14.4952662,V9869,-18.74,178.52,10,87,51,24,75,47,95,75,125,92,9,26,15,1055,2545,1226,2138,2572,1923,1595,1220,244,180,486,224,1130.537932,1431.841776,3078.666667,20629.73236,4859.052848,31.0231445,22739.43404,194.5863487,18686.68545,0,6.99596118,100.1990338,22,28,20,18,24,28,18,35,23,0,11,1,625,3158,1252,588,4942,2496,570,1350,125,0,417,16,20,285,45,462,84,32,0,0,0,30,32,4
Kadavu,Dravuni,FLMMA/Kokomo,FijiGold,Kadavu 1,KAD_FIGO_Transect 5,-18.7133333,178.5438889,1.8246502,256.33005,231.32104,Locally Managed Marine Area,2000-2004,Part,19.22,Sheltered Reef Slope,49455,0.634133094,0.457011503,0,0,0.411780933,0.48458718,0.331252118,Fishing,Melanesia,non-refugia,1.749591113,90.88370705,0,0,0.00050645,3.27E-06,-0.0587,-0.63161,0.13694,-0.06705,-0.38448,-0.11242,13.44233476,537.6933905,349,2.57E-10,0.687906254,0.9774978,0.210912989,0.070170226,15.00001037,V9869,-18.74,178.52,10,87,51,24,75,47,95,75,125,92,9,26,15,1055,2545,1226,2138,2572,1923,1595,1220,244,180,486,224,1130.537932,1431.841776,3078.666667,20629.73236,4859.052848,31.0231445,22739.43404,194.5863487,18686.68545,0,6.99596118,100.1990338,22,28,20,18,24,28,18,35,23,0,11,1,625,3158,1252,588,4942,2496,570,1350,125,0,417,16,20,285,45,462,84,32,0,0,0,30,32,4
Kadavu,Dravuni,FLMMA/Kokomo,FijiGold,Kadavu 1,KAD_FIGO_Transect 6,-18.7133333,178.5438889,1.8246502,256.33005,231.32104,Locally Managed Marine Area,2000-2004,Part,19.22,Sheltered Reef Slope,49455,0.634133094,0.457011503,0,0,0.411780933,0.48458718,0.331252118,Fishing,Melanesia,non-refugia,1.749591113,90.88370705,0,0,0.00050645,3.27E-06,-0.0587,-0.63161,0.13694,-0.06705,-0.38448,-0.11242,9.411321205,376.4528482,196,1.03E-09,0.728594204,0.936534397,0.290571464,0.098558185,16.32363018,V9869,-18.74,178.52,10,87,51,24,75,47,95,75,125,92,9,26,15,1055,2545,1226,2138,2572,1923,1595,1220,244,180,486,224,1130.537932,1431.841776,3078.666667,20629.73236,4859.052848,31.0231445,22739.43404,194.5863487,18686.68545,0,6.99596118,100.1990338,22,28,20,18,24,28,18,35,23,0,11,1,625,3158,1252,588,4942,2496,570,1350,125,0,417,16,20,285,45,462,84,32,0,0,0,30,32,4
Kadavu,Nukuvou,FLMMA/Matava,Lupes,Kadavu 2,KAD_LUPE_Transect 1,-19.02048259,178.4895541,7.4294782,543.73291,157.43689,Locally Managed Marine Area,2000-2004,Part,10.87,Back Reef Slope,49740,0.496694199,0.612993626,0,0.89839915,0.721292482,0.55745951,0.547806495,Tourism,Melanesia,non-refugia,0.692938407,719.7486448,0,638,32.64180756,0.000358743,-0.06755,-0.5708,0.12037,-0.10968,-0.59643,-0.2335,13.34418073,533.7672291,739,6.49E-12,0.758976721,0.744282893,0.041082972,0.011263158,41.68413512,V9871,-19.06,178.52,5,69,98,19,60,74,86,60,152,74,9,77,18,830,3007,1018,1672,2374,1146,1180,1275,196,135,1182,304,1090.674742,4087.721367,3968.333333,3559.202134,3238.796019,1444.602142,3708.478889,1774.414125,1312.505088,3793.120878,1240.462885,3937.645937,34,62,12,40,39,48,40,64,45,5,21,10,440,1887,601,1170,1698,825,925,525,118,135,246,168,0,64,0,106,60,0,0,3,0,0,22,0
Kadavu,Nukuvou,FLMMA/Matava,Lupes,Kadavu 2,KAD_LUPE_Transect 2,-19.02048259,178.4895541,7.4294782,543.73291,157.43689,Locally Managed Marine Area,2000-2004,Part,10.87,Back Reef Slope,49740,0.496694199,0.612993626,0,0.89839915,0.721292482,0.55745951,0.547806495,Tourism,Melanesia,non-refugia,0.692938407,719.7486448,0,638,32.64180756,0.000358743,-0.06755,-0.5708,0.12037,-0.10968,-0.59643,-0.2335,7.996179275,319.847171,210,4.21E-10,0.695256358,0.859825967,0.247259583,0.080270038,34.50661458,V9871,-19.06,178.52,5,69,98,19,60,74,86,60,152,74,9,77,18,830,3007,1018,1672,2374,1146,1180,1275,196,135,1182,304,1090.674742,4087.721367,3968.333333,3559.202134,3238.796019,1444.602142,3708.478889,1774.414125,1312.505088,3793.120878,1240.462885,3937.645937,34,62,12,40,39,48,40,64,45,5,21,10,440,1887,601,1170,1698,825,925,525,118,135,246,168,0,64,0,106,60,0,0,3,0,0,22,0
Kadavu,Nukuvou,FLMMA/Matava,Lupes,Kadavu 2,KAD_LUPE_Transect 3,-19.02048259,178.4895541,7.4294782,543.73291,157.43689,Locally Managed Marine Area,2000-2004,Part,10.87,Back Reef Slope,49740,0.496694199,0.612993626,0,0.89839915,0.721292482,0.55745951,0.547806495,Tourism,Melanesia,non-refugia,0.692938407,719.7486448,0,638,32.64180756,0.000358743,-0.06755,-0.5708,0.12037,-0.10968,-0.59643,-0.2335,5.226710936,209.0684374,198,5.89E-12,0.680479006,0.946151683,0.291365666,0.100108555,30.59941378,V9871,-19.06,178.52,5,69,98,19,60,74,86,60,152,74,9,77,18,830,3007,1018,1672,2374,1146,1180,1275,196,135,1182,304,1090.674742,4087.721367,3968.333333,3559.202134,3238.796019,1444.602142,3708.478889,1774.414125,1312.505088,3793.120878,1240.462885,3937.645937,34,62,12,40,39,48,40,64,45,5,21,10,440,1887,601,1170,1698,825,925,525,118,135,246,168,0,64,0,106,60,0,0,3,0,0,22,0
Kadavu,Nukuvou,FLMMA/Matava,Lupes,Kadavu 2,KAD_LUPE_Transect 4,-19.02048259,178.4895541,7.4294782,543.73291,157.43689,Locally Managed Marine Area,2000-2004,Part,10.87,Back Reef Slope,49740,0.496694199,0.612993626,0,0.89839915,0.721292482,0.55745951,0.547806495,Tourism,Melanesia,non-refugia,0.692938407,719.7486448,0,638,32.64180756,0.000358743,-0.06755,-0.5708,0.12037,-0.10968,-0.59643,-0.2335,10.70393321,428.1573285,385,2.62E-10,0.753407856,0.852297754,0.12449913,0.038835045,38.8425235,V9871,-19.06,178.52,5,69,98,19,60,74,86,60,152,74,9,77,18,830,3007,1018,1672,2374,1146,1180,1275,196,135,1182,304,1090.674742,4087.721367,3968.333333,3559.202134,3238.796019,1444.602142,3708.478889,1774.414125,1312.505088,3793.120878,1240.462885,3937.645937,34,62,12,40,39,48,40,64,45,5,21,10,440,1887,601,1170,1698,825,925,525,118,135,246,168,0,64,0,106,60,0,0,3,0,0,22,0
Kadavu,Nukuvou,FLMMA/Matava,Lupes,Kadavu 2,KAD_LUPE_Transect 5,-19.02048259,178.4895541,7.4294782,543.73291,157.43689,Locally Managed Marine Area,2000-2004,Part,10.87,Back Reef Slope,49740,0.496694199,0.612993626,0,0.89839915,0.721292482,0.55745951,0.547806495,Tourism,Melanesia,non-refugia,0.692938407,719.7486448,0,638,32.64180756,0.000358743,-0.06755,-0.5708,0.12037,-0.10968,-0.59643,-0.2335,6.006230444,240.2492177,169,1.95E-10,0.724935557,0.928902279,0.315526317,0.110142792,29.0762815,V9871,-19.06,178.52,5,69,98,19,60,74,86,60,152,74,9,77,18,830,3007,1018,1672,2374,1146,1180,1275,196,135,1182,304,1090.674742,4087.721367,3968.333333,3559.202134,3238.796019,1444.602142,3708.478889,1774.414125,1312.505088,3793.120878,1240.462885,3937.645937,34,62,12,40,39,48,40,64,45,5,21,10,440,1887,601,1170,1698,825,925,525,118,135,246,168,0,64,0,106,60,0,0,3,0,0,22,0
Kadavu,Ono,FLMMA/Kokomo,Maidive,Kadavu 1,KAD_MaiDive_Transect 2,-18.9059233,178.52366,1.8360801,136.29086,98.372093,Locally Managed Marine Area,2005-2009,Part,19.22,Back Reef Slope,49638,0.535989212,0.587497253,0,0,0.716915551,0.575590072,0.402665348,Sediments,Melanesia,non-refugia,0.919120934,542.0655398,0,0,30.78005219,0.000664594,-0.05061,-0.65222,0.12631,-0.11568,-0.01837,-0.1571,5.81558214,232.6232856,72,7.52E-14,0.712140711,0.846819678,0.288077705,0.089903288,26.91638928,V9848,-18.98,178.44,0,86,93,27,80,62,109,80,162,98,33,76,27,1340,3057,1518,2316,2210,1350,1790,1752,304,1170,1830,856,1913.859851,8643.099576,389,466.51872,5921.125399,905.341898,521.7194439,7439.157003,37792.17725,15.08333333,569.7405981,1288.636515,12,46,9,14,29,35,14,47,33,1,13,5,85,1511,509,384,1312,576,260,538,164,15,459,136,0,27,90,22,15,28,0,27,8,20,29,2
Kadavu,Ono,FLMMA/Kokomo,Maidive,Kadavu 1,KAD_MaiDive_Transect 3,-18.9059233,178.52366,1.8360801,136.29086,98.372093,Locally Managed Marine Area,2005-2009,Part,19.22,Back Reef Slope,49638,0.535989212,0.587497253,0,0,0.716915551,0.575590072,0.402665348,Sediments,Melanesia,non-refugia,0.919120934,542.0655398,0,0,30.78005219,0.000664594,-0.05061,-0.65222,0.12631,-0.11568,-0.01837,-0.1571,15.65314248,626.1256993,150,4.23E-13,0.657685151,0.878211225,0.279880557,0.087739686,26.77042599,V9848,-18.98,178.44,0,86,93,27,80,62,109,80,162,98,33,76,27,1340,3057,1518,2316,2210,1350,1790,1752,304,1170,1830,856,1913.859851,8643.099576,389,466.51872,5921.125399,905.341898,521.7194439,7439.157003,37792.17725,15.08333333,569.7405981,1288.636515,12,46,9,14,29,35,14,47,33,1,13,5,85,1511,509,384,1312,576,260,538,164,15,459,136,0,27,90,22,15,28,0,27,8,20,29,2
Kadavu,Ono,FLMMA/Kokomo,Maidive,Kadavu 1,KAD_MaiDive_Transect 4,-18.9059233,178.52366,1.8360801,136.29086,98.372093,Locally Managed Marine Area,2005-2009,Part,19.22,Back Reef Slope,49638,0.535989212,0.587497253,0,0,0.716915551,0.575590072,0.402665348,Sediments,Melanesia,non-refugia,0.919120934,542.0655398,0,0,30.78005219,0.000664594,-0.05061,-0.65222,0.12631,-0.11568,-0.01837,-0.1571,15.10800862,604.3203449,142,1.86E-12,0.719574471,0.875965655,0.240925655,0.070585547,21.34145509,V9848,-18.98,178.44,0,86,93,27,80,62,109,80,162,98,33,76,27,1340,3057,1518,2316,2210,1350,1790,1752,304,1170,1830,856,1913.859851,8643.099576,389,466.51872,5921.125399,905.341898,521.7194439,7439.157003,37792.17725,15.08333333,569.7405981,1288.636515,12,46,9,14,29,35,14,47,33,1,13,5,85,1511,509,384,1312,576,260,538,164,15,459,136,0,27,90,22,15,28,0,27,8,20,29,2
Kadavu,Ono,FLMMA/Kokomo,Maidive,Kadavu 1,KAD_MaiDive_Transect 5,-18.9059233,178.52366,1.8360801,136.29086,98.372093,Locally Managed Marine Area,2005-2009,Part,19.22,Back Reef Slope,49638,0.535989212,0.587497253,0,0,0.716915551,0.575590072,0.402665348,Sediments,Melanesia,non-refugia,0.919120934,542.0655398,0,0,30.78005219,0.000664594,-0.05061,-0.65222,0.12631,-0.11568,-0.01837,-0.1571,5.035650028,201.4260011,55,7.92E-15,0.678773631,0.914284985,0.273757461,0.09016149,23.77062539,V9848,-18.98,178.44,0,86,93,27,80,62,109,80,162,98,33,76,27,1340,3057,1518,2316,2210,1350,1790,1752,304,1170,1830,856,1913.859851,8643.099576,389,466.51872,5921.125399,905.341898,521.7194439,7439.157003,37792.17725,15.08333333,569.7405981,1288.636515,12,46,9,14,29,35,14,47,33,1,13,5,85,1511,509,384,1312,576,260,538,164,15,459,136,0,27,90,22,15,28,0,27,8,20,29,2
Kadavu,Ono,FLMMA/Kokomo,Maidive,Kadavu 1,KAD_MaiDive_Transect 6,-18.9059233,178.52366,1.8360801,136.29086,98.372093,Locally Managed Marine Area,2005-2009,Part,19.22,Back Reef Slope,49638,0.535989212,0.587497253,0,0,0.716915551,0.575590072,0.402665348,Sediments,Melanesia,non-refugia,0.919120934,542.0655398,0,0,30.78005219,0.000664594,-0.05061,-0.65222,0.12631,-0.11568,-0.01837,-0.1571,9.613782171,384.5512868,115,1.29E-13,0.622474921,0.894505152,0.290539305,0.089326217,23.59653304,V9848,-18.98,178.44,0,86,93,27,80,62,109,80,162,98,33,76,27,1340,3057,1518,2316,2210,1350,1790,1752,304,1170,1830,856,1913.859851,8643.099576,389,466.51872,5921.125399,905.341898,521.7194439,7439.157003,37792.17725,15.08333333,569.7405981,1288.636515,12,46,9,14,29,35,14,47,33,1,13,5,85,1511,509,384,1312,576,260,538,164,15,459,136,0,27,90,22,15,28,0,27,8,20,29,2
Kadavu,Ono,FLMMA/Kokomo,Narikoso,Kadavu 1,KAD_OnoBack_Transect 1,-18.9158333,178.5330556,1.8360801,136.29086,98.372093,Locally Managed Marine Area,2005-2009,Part,19.22,Inner Reef Flat,49638,0.535989212,0.587497253,0,0,0.716915551,0.575590072,0.402665348,Sediments,Melanesia,non-refugia,0.919120934,542.0655398,0,0,30.78005219,0.000664594,-0.05061,-0.65222,0.12631,-0.11568,-0.01837,-0.1571,4.003732314,160.1492925,81,3.72E-16,0.731502163,0.956319547,0.319009782,0.106295368,28.96955597,V9848,-18.98,178.44,0,86,93,27,80,62,109,80,162,98,33,76,27,1340,3057,1518,2316,2210,1350,1790,1752,304,1170,1830,856,1913.859851,8643.099576,389,466.51872,5921.125399,905.341898,521.7194439,7439.157003,37792.17725,15.08333333,569.7405981,1288.636515,12,46,9,14,29,35,14,47,33,1,13,5,85,1511,509,384,1312,576,260,538,164,15,459,136,0,27,90,22,15,28,0,27,8,20,29,2
Kadavu,Ono,FLMMA/Kokomo,Narikoso,Kadavu 1,KAD_OnoBack_Transect 2,-18.9158333,178.5330556,1.8360801,136.29086,98.372093,Locally Managed Marine Area,2005-2009,Part,19.22,Inner Reef Flat,49638,0.535989212,0.587497253,0,0,0.716915551,0.575590072,0.402665348,Sediments,Melanesia,non-refugia,0.919120934,542.0655398,0,0,30.78005219,0.000664594,-0.05061,-0.65222,0.12631,-0.11568,-0.01837,-0.1571,4.665088164,186.6035265,87,6.92E-13,0.708761435,0.925251011,0.31978119,0.109689832,22.63613899,V9848,-18.98,178.44,0,86,93,27,80,62,109,80,162,98,33,76,27,1340,3057,1518,2316,2210,1350,1790,1752,304,1170,1830,856,1913.859851,8643.099576,389,466.51872,5921.125399,905.341898,521.7194439,7439.157003,37792.17725,15.08333333,569.7405981,1288.636515,12,46,9,14,29,35,14,47,33,1,13,5,85,1511,509,384,1312,576,260,538,164,15,459,136,0,27,90,22,15,28,0,27,8,20,29,2
Kadavu,Ono,FLMMA/Kokomo,Narikoso,Kadavu 1,KAD_OnoBack_Transect 3,-18.9158333,178.5330556,1.8360801,136.29086,98.372093,Locally Managed Marine Area,2005-2009,Part,19.22,Inner Reef Flat,49638,0.535989212,0.587497253,0,0,0.716915551,0.575590072,0.402665348,Sediments,Melanesia,non-refugia,0.919120934,542.0655398,0,0,30.78005219,0.000664594,-0.05061,-0.65222,0.12631,-0.11568,-0.01837,-0.1571,4.288524655,171.5409862,96,2.79E-12,0.683165802,0.893014914,0.308541699,0.105354109,24.25259957,V9848,-18.98,178.44,0,86,93,27,80,62,109,80,162,98,33,76,27,1340,3057,1518,2316,2210,1350,1790,1752,304,1170,1830,856,1913.859851,8643.099576,389,466.51872,5921.125399,905.341898,521.7194439,7439.157003,37792.17725,15.08333333,569.7405981,1288.636515,12,46,9,14,29,35,14,47,33,1,13,5,85,1511,509,384,1312,576,260,538,164,15,459,136,0,27,90,22,15,28,0,27,8,20,29,2
Kadavu,Ono,FLMMA/Kokomo,Narikoso,Kadavu 1,KAD_OnoBack_Transect 4,-18.9158333,178.5330556,1.8360801,136.29086,98.372093,Locally Managed Marine Area,2005-2009,Part,19.22,Inner Reef Flat,49638,0.535989212,0.587497253,0,0,0.716915551,0.575590072,0.402665348,Sediments,Melanesia,non-refugia,0.919120934,542.0655398,0,0,30.78005219,0.000664594,-0.05061,-0.65222,0.12631,-0.11568,-0.01837,-0.1571,1.707255515,68.2902206,63,9.04E-15,0.704110266,0.949970413,0.342129431,0.123079433,23.10033662,V9848,-18.98,178.44,0,86,93,27,80,62,109,80,162,98,33,76,27,1340,3057,1518,2316,2210,1350,1790,1752,304,1170,1830,856,1913.859851,8643.099576,389,466.51872,5921.125399,905.341898,521.7194439,7439.157003,37792.17725,15.08333333,569.7405981,1288.636515,12,46,9,14,29,35,14,47,33,1,13,5,85,1511,509,384,1312,576,260,538,164,15,459,136,0,27,90,22,15,28,0,27,8,20,29,2
Kadavu,Ono,FLMMA/Kokomo,Narikoso,Kadavu 1,KAD_OnoBack_Transect 5,-18.9158333,178.5330556,1.8360801,136.29086,98.372093,Locally Managed Marine Area,2005-2009,Part,19.22,Inner Reef Flat,49638,0.535989212,0.587497253,0,0,0.716915551,0.575590072,0.402665348,Sediments,Melanesia,non-refugia,0.919120934,542.0655398,0,0,30.78005219,0.000664594,-0.05061,-0.65222,0.12631,-0.11568,-0.01837,-0.1571,4.466886415,178.6754566,86,2.91E-13,0.629800614,0.912304222,0.324711542,0.113459353,24.55456155,V9848,-18.98,178.44,0,86,93,27,80,62,109,80,162,98,33,76,27,1340,3057,1518,2316,2210,1350,1790,1752,304,1170,1830,856,1913.859851,8643.099576,389,466.51872,5921.125399,905.341898,521.7194439,7439.157003,37792.17725,15.08333333,569.7405981,1288.636515,12,46,9,14,29,35,14,47,33,1,13,5,85,1511,509,384,1312,576,260,538,164,15,459,136,0,27,90,22,15,28,0,27,8,20,29,2
Kadavu,Nukuvou,FLMMA/Matava,RobertsReef,Kadavu 2,KAD_ROB_Transect 1,-19.02253742,178.4892083,7.4294782,543.73291,157.43689,Locally Managed Marine Area,2000-2004,Part,10.87,Back Reef Slope,49740,0.496694199,0.612993626,0,0.89839915,0.721292482,0.55745951,0.547806495,Tourism,Melanesia,non-refugia,0.692938407,719.7486448,0,638,32.64180756,0.000358743,-0.06755,-0.5708,0.12037,-0.10968,-0.59643,-0.2335,5.503267895,220.1307158,180,6.68E-11,0.593348431,0.87898255,0.27060565,0.089376659,31.88805152,V9871,-19.06,178.52,5,69,98,19,60,74,86,60,152,74,9,77,18,830,3007,1018,1672,2374,1146,1180,1275,196,135,1182,304,1090.674742,4087.721367,3968.333333,3559.202134,3238.796019,1444.602142,3708.478889,1774.414125,1312.505088,3793.120878,1240.462885,3937.645937,34,62,12,40,39,48,40,64,45,5,21,10,440,1887,601,1170,1698,825,925,525,118,135,246,168,0,64,0,106,60,0,0,3,0,0,22,0
Kadavu,Nukuvou,FLMMA/Matava,RobertsReef,Kadavu 2,KAD_ROB_Transect 2,-19.02253742,178.4892083,7.4294782,543.73291,157.43689,Locally Managed Marine Area,2000-2004,Part,10.87,Back Reef Slope,49740,0.496694199,0.612993626,0,0.89839915,0.721292482,0.55745951,0.547806495,Tourism,Melanesia,non-refugia,0.692938407,719.7486448,0,638,32.64180756,0.000358743,-0.06755,-0.5708,0.12037,-0.10968,-0.59643,-0.2335,6.323436178,252.9374471,196,6.08E-10,0.745696927,0.895626609,0.257586279,0.086393867,32.9576287,V9871,-19.06,178.52,5,69,98,19,60,74,86,60,152,74,9,77,18,830,3007,1018,1672,2374,1146,1180,1275,196,135,1182,304,1090.674742,4087.721367,3968.333333,3559.202134,3238.796019,1444.602142,3708.478889,1774.414125,1312.505088,3793.120878,1240.462885,3937.645937,34,62,12,40,39,48,40,64,45,5,21,10,440,1887,601,1170,1698,825,925,525,118,135,246,168,0,64,0,106,60,0,0,3,0,0,22,0
Kadavu,Nukuvou,FLMMA/Matava,RobertsReef,Kadavu 2,KAD_ROB_Transect 3,-19.02253742,178.4892083,7.4294782,543.73291,157.43689,Locally Managed Marine Area,2000-2004,Part,10.87,Back Reef Slope,49740,0.496694199,0.612993626,0,0.89839915,0.721292482,0.55745951,0.547806495,Tourism,Melanesia,non-refugia,0.692938407,719.7486448,0,638,32.64180756,0.000358743,-0.06755,-0.5708,0.12037,-0.10968,-0.59643,-0.2335,4.753424626,190.136985,113,1.40E-10,0.716496726,0.943384381,0.337594009,0.125295845,19.47162563,V9871,-19.06,178.52,5,69,98,19,60,74,86,60,152,74,9,77,18,830,3007,1018,1672,2374,1146,1180,1275,196,135,1182,304,1090.674742,4087.721367,3968.333333,3559.202134,3238.796019,1444.602142,3708.478889,1774.414125,1312.505088,3793.120878,1240.462885,3937.645937,34,62,12,40,39,48,40,64,45,5,21,10,440,1887,601,1170,1698,825,925,525,118,135,246,168,0,64,0,106,60,0,0,3,0,0,22,0
Kadavu,Nukuvou,FLMMA/Matava,RobertsReef,Kadavu 2,KAD_ROB_Transect 4,-19.02253742,178.4892083,7.4294782,543.73291,157.43689,Locally Managed Marine Area,2000-2004,Part,10.87,Back Reef Slope,49740,0.496694199,0.612993626,0,0.89839915,0.721292482,0.55745951,0.547806495,Tourism,Melanesia,non-refugia,0.692938407,719.7486448,0,638,32.64180756,0.000358743,-0.06755,-0.5708,0.12037,-0.10968,-0.59643,-0.2335,4.327020976,173.0808391,89,4.67E-10,0.753483464,0.902244282,0.316623579,0.112400231,19.23454844,V9871,-19.06,178.52,5,69,98,19,60,74,86,60,152,74,9,77,18,830,3007,1018,1672,2374,1146,1180,1275,196,135,1182,304,1090.674742,4087.721367,3968.333333,3559.202134,3238.796019,1444.602142,3708.478889,1774.414125,1312.505088,3793.120878,1240.462885,3937.645937,34,62,12,40,39,48,40,64,45,5,21,10,440,1887,601,1170,1698,825,925,525,118,135,246,168,0,64,0,106,60,0,0,3,0,0,22,0
Kadavu,Nukuvou,FLMMA/Matava,RobertsReef,Kadavu 2,KAD_ROB_Transect 5,-19.02253742,178.4892083,7.4294782,543.73291,157.43689,Locally Managed Marine Area,2000-2004,Part,10.87,Back Reef Slope,49740,0.496694199,0.612993626,0,0.89839915,0.721292482,0.55745951,0.547806495,Tourism,Melanesia,non-refugia,0.692938407,719.7486448,0,638,32.64180756,0.000358743,-0.06755,-0.5708,0.12037,-0.10968,-0.59643,-0.2335,17.60703188,704.2812751,104,6.24E-10,0.693943554,0.908766774,0.378134963,0.153469908,25.08067864,V9871,-19.06,178.52,5,69,98,19,60,74,86,60,152,74,9,77,18,830,3007,1018,1672,2374,1146,1180,1275,196,135,1182,304,1090.674742,4087.721367,3968.333333,3559.202134,3238.796019,1444.602142,3708.478889,1774.414125,1312.505088,3793.120878,1240.462885,3937.645937,34,62,12,40,39,48,40,64,45,5,21,10,440,1887,601,1170,1698,825,925,525,118,135,246,168,0,64,0,106,60,0,0,3,0,0,22,0
Kadavu,Soso,FLMMA/Matava,Soso1,Kadavu 3,KAD_SO1_Transect 1,-19.050175,178.2953433,5.6637535,426.80042,103.3162,Locally Managed Marine Area,2005-2009,Part,4.56,Inner Reef Flat,49807,0.446554663,0.571159059,0,0,0.731278505,0.546459566,0.382575299,Sediments,Melanesia,non-refugia,0.511425537,450.3673286,0,0,36.69154358,0.000232939,-0.06438,-0.5281,0.11545,-0.13044,-0.54189,-0.27593,8.687954824,347.518193,143,3.69E-11,0.622745739,0.899022264,0.30713651,0.104220445,31.22114795,V9864,-19.06,178.28,4,52,106,18,43,76,91,43,145,55,5,62,8,665,2848,918,1268,2448,1323,1020,1114,175,150,936,152,2931.43164,4732.486918,3630.166667,1413.472836,4267.567656,1676.272556,1709.402061,5652.93437,3439.946774,36.27628205,1476.326521,81.16877281,49,57,8,28,30,38,28,66,37,11,39,9,640,1580,399,792,662,519,580,449,95,315,465,88,0,16,0,0,21,0,0,24,8,0,15,0
Kadavu,Soso,FLMMA/Matava,Soso1,Kadavu 3,KAD_SO1_Transect 2,-19.050175,178.2953433,5.6637535,426.80042,103.3162,Locally Managed Marine Area,2005-2009,Part,4.56,Inner Reef Flat,49807,0.446554663,0.571159059,0,0,0.731278505,0.546459566,0.382575299,Sediments,Melanesia,non-refugia,0.511425537,450.3673286,0,0,36.69154358,0.000232939,-0.06438,-0.5281,0.11545,-0.13044,-0.54189,-0.27593,6.902819488,276.1127795,90,2.54E-11,0.750866189,0.869473229,0.291962407,0.094444037,28.97088819,V9864,-19.06,178.28,4,52,106,18,43,76,91,43,145,55,5,62,8,665,2848,918,1268,2448,1323,1020,1114,175,150,936,152,2931.43164,4732.486918,3630.166667,1413.472836,4267.567656,1676.272556,1709.402061,5652.93437,3439.946774,36.27628205,1476.326521,81.16877281,49,57,8,28,30,38,28,66,37,11,39,9,640,1580,399,792,662,519,580,449,95,315,465,88,0,16,0,0,21,0,0,24,8,0,15,0
Kadavu,Soso,FLMMA/Matava,Soso1,Kadavu 3,KAD_SO1_Transect 3,-19.050175,178.2953433,5.6637535,426.80042,103.3162,Locally Managed Marine Area,2005-2009,Part,4.56,Inner Reef Flat,49807,0.446554663,0.571159059,0,0,0.731278505,0.546459566,0.382575299,Sediments,Melanesia,non-refugia,0.511425537,450.3673286,0,0,36.69154358,0.000232939,-0.06438,-0.5281,0.11545,-0.13044,-0.54189,-0.27593,3.573927032,142.9570813,92,1.39E-12,0.736541527,0.931489305,0.356882688,0.133155634,21.82453215,V9864,-19.06,178.28,4,52,106,18,43,76,91,43,145,55,5,62,8,665,2848,918,1268,2448,1323,1020,1114,175,150,936,152,2931.43164,4732.486918,3630.166667,1413.472836,4267.567656,1676.272556,1709.402061,5652.93437,3439.946774,36.27628205,1476.326521,81.16877281,49,57,8,28,30,38,28,66,37,11,39,9,640,1580,399,792,662,519,580,449,95,315,465,88,0,16,0,0,21,0,0,24,8,0,15,0
Kadavu,Soso,FLMMA/Matava,Soso1,Kadavu 3,KAD_SO1_Transect 4,-19.050175,178.2953433,5.6637535,426.80042,103.3162,Locally Managed Marine Area,2005-2009,Part,4.56,Inner Reef Flat,49807,0.446554663,0.571159059,0,0,0.731278505,0.546459566,0.382575299,Sediments,Melanesia,non-refugia,0.511425537,450.3673286,0,0,36.69154358,0.000232939,-0.06438,-0.5281,0.11545,-0.13044,-0.54189,-0.27593,5.924927057,236.9970823,130,5.24E-14,0.67613971,0.947076567,0.362365305,0.135178183,24.1389414,V9864,-19.06,178.28,4,52,106,18,43,76,91,43,145,55,5,62,8,665,2848,918,1268,2448,1323,1020,1114,175,150,936,152,2931.43164,4732.486918,3630.166667,1413.472836,4267.567656,1676.272556,1709.402061,5652.93437,3439.946774,36.27628205,1476.326521,81.16877281,49,57,8,28,30,38,28,66,37,11,39,9,640,1580,399,792,662,519,580,449,95,315,465,88,0,16,0,0,21,0,0,24,8,0,15,0
Kadavu,Soso,FLMMA/Matava,Soso2,Kadavu 3,KAD_SO2_Transect 1,-19.05842,178.30866,5.6637535,426.80042,103.3162,Locally Managed Marine Area,2005-2009,Part,1.39,Inner Reef Flat,49808,0.457511566,0.607919994,0,0.759029966,0.715922466,0.522838244,0.510537039,Tourism,Melanesia,non-refugia,0.546164877,684.8199158,0,34,30.43134689,7.06E-05,-0.03975,-0.53409,0.11601,-0.10105,0.15401,-0.27593,2.49735704,99.89428159,92,7.56E-15,0.569492329,0.961721837,0.225102516,0.071709162,13.4214623,V9864,-19.06,178.28,4,52,106,18,43,76,91,43,145,55,5,62,8,665,2848,918,1268,2448,1323,1020,1114,175,150,936,152,2931.43164,4732.486918,3630.166667,1413.472836,4267.567656,1676.272556,1709.402061,5652.93437,3439.946774,36.27628205,1476.326521,81.16877281,49,57,8,28,30,38,28,66,37,11,39,9,640,1580,399,792,662,519,580,449,95,315,465,88,0,16,0,0,21,0,0,24,8,0,15,0
Kadavu,Soso,FLMMA/Matava,Soso2,Kadavu 3,KAD_SO2_Transect 2,-19.05842,178.30866,5.6637535,426.80042,103.3162,Locally Managed Marine Area,2005-2009,Part,1.39,Inner Reef Flat,49808,0.457511566,0.607919994,0,0.759029966,0.715922466,0.522838244,0.510537039,Tourism,Melanesia,non-refugia,0.546164877,684.8199158,0,34,30.43134689,7.06E-05,-0.03975,-0.53409,0.11601,-0.10105,0.15401,-0.27593,0.9294593,37.17837201,87,4.70E-16,0.65984958,0.955297562,0.205594494,0.062744195,12.5931291,V9864,-19.06,178.28,4,52,106,18,43,76,91,43,145,55,5,62,8,665,2848,918,1268,2448,1323,1020,1114,175,150,936,152,2931.43164,4732.486918,3630.166667,1413.472836,4267.567656,1676.272556,1709.402061,5652.93437,3439.946774,36.27628205,1476.326521,81.16877281,49,57,8,28,30,38,28,66,37,11,39,9,640,1580,399,792,662,519,580,449,95,315,465,88,0,16,0,0,21,0,0,24,8,0,15,0
Kadavu,Soso,FLMMA/Matava,Soso2,Kadavu 3,KAD_SO2_Transect 3,-19.05842,178.30866,5.6637535,426.80042,103.3162,Locally Managed Marine Area,2005-2009,Part,1.39,Inner Reef Flat,49808,0.457511566,0.607919994,0,0.759029966,0.715922466,0.522838244,0.510537039,Tourism,Melanesia,non-refugia,0.546164877,684.8199158,0,34,30.43134689,7.06E-05,-0.03975,-0.53409,0.11601,-0.10105,0.15401,-0.27593,3.071803443,122.8721377,93,3.60E-15,0.701562213,0.944505205,0.246508921,0.076618615,17.78443296,V9864,-19.06,178.28,4,52,106,18,43,76,91,43,145,55,5,62,8,665,2848,918,1268,2448,1323,1020,1114,175,150,936,152,2931.43164,4732.486918,3630.166667,1413.472836,4267.567656,1676.272556,1709.402061,5652.93437,3439.946774,36.27628205,1476.326521,81.16877281,49,57,8,28,30,38,28,66,37,11,39,9,640,1580,399,792,662,519,580,449,95,315,465,88,0,16,0,0,21,0,0,24,8,0,15,0
Kadavu,Soso,FLMMA/Matava,Soso2,Kadavu 3,KAD_SO2_Transect 4,-19.05842,178.30866,5.6637535,426.80042,103.3162,Locally Managed Marine Area,2005-2009,Part,1.39,Inner Reef Flat,49808,0.457511566,0.607919994,0,0.759029966,0.715922466,0.522838244,0.510537039,Tourism,Melanesia,non-refugia,0.546164877,684.8199158,0,34,30.43134689,7.06E-05,-0.03975,-0.53409,0.11601,-0.10105,0.15401,-0.27593,2.140094448,85.60377791,96,1.65E-14,0.625648859,0.904608676,0.240762299,0.077897054,14.60739785,V9864,-19.06,178.28,4,52,106,18,43,76,91,43,145,55,5,62,8,665,2848,918,1268,2448,1323,1020,1114,175,150,936,152,2931.43164,4732.486918,3630.166667,1413.472836,4267.567656,1676.272556,1709.402061,5652.93437,3439.946774,36.27628205,1476.326521,81.16877281,49,57,8,28,30,38,28,66,37,11,39,9,640,1580,399,792,662,519,580,449,95,315,465,88,0,16,0,0,21,0,0,24,8,0,15,0
Kadavu,Ono,FLMMA/Kokomo,Vurro,Kadavu 1,KAD_VURRO_Transect 1,-18.86538489,178.5245489,1.0907691,88.83326,73.211754,Locally Managed Marine Area,2005-2009,Part,19.22,Back Reef Slope,49587,0.551385065,0.592534252,0,0,0.69282404,0.574392423,0.401855963,Sediments,Melanesia,non-refugia,1.01353283,573.2444122,0,0,22.55356407,0.000634106,-0.05104,-0.67409,0.12897,-0.11091,-0.01837,-0.12752,4.461593654,178.4637461,133,1.97E-09,0.704517707,0.930880229,0.306709555,0.110497975,16.33148089,V9899,-18.82,178.6,7,11,61,12,10,43,49,10,70,14,0,11,0,110,1943,533,272,1854,993,180,582,29,0,327,0,466.6647753,8223.666704,2819.25,2362.177247,798.2307055,308.5110462,3265.276875,1710.998474,15598.87571,0,4196.587701,0,67,50,6,52,30,35,52,102,52,24,54,34,705,1003,290,1414,1024,249,935,548,93,540,1011,560,0,0,0,0,0,0,0,0,0,0,0,0
Kadavu,Ono,FLMMA/Kokomo,Vurro,Kadavu 1,KAD_VURRO_Transect 2,-18.86538489,178.5245489,1.0907691,88.83326,73.211754,Locally Managed Marine Area,2005-2009,Part,19.22,Back Reef Slope,49587,0.551385065,0.592534252,0,0,0.69282404,0.574392423,0.401855963,Sediments,Melanesia,non-refugia,1.01353283,573.2444122,0,0,22.55356407,0.000634106,-0.05104,-0.67409,0.12897,-0.11091,-0.01837,-0.12752,9.730166087,389.2066435,127,1.10E-09,0.730142075,0.930742225,0.386493555,0.152494362,25.6273878,V9899,-18.82,178.6,7,11,61,12,10,43,49,10,70,14,0,11,0,110,1943,533,272,1854,993,180,582,29,0,327,0,466.6647753,8223.666704,2819.25,2362.177247,798.2307055,308.5110462,3265.276875,1710.998474,15598.87571,0,4196.587701,0,67,50,6,52,30,35,52,102,52,24,54,34,705,1003,290,1414,1024,249,935,548,93,540,1011,560,0,0,0,0,0,0,0,0,0,0,0,0
Kadavu,Ono,FLMMA/Kokomo,Vurro,Kadavu 1,KAD_VURRO_Transect 3,-18.86538489,178.5245489,1.0907691,88.83326,73.211754,Locally Managed Marine Area,2005-2009,Part,19.22,Back Reef Slope,49587,0.551385065,0.592534252,0,0,0.69282404,0.574392423,0.401855963,Sediments,Melanesia,non-refugia,1.01353283,573.2444122,0,0,22.55356407,0.000634106,-0.05104,-0.67409,0.12897,-0.11091,-0.01837,-0.12752,8.90542422,356.2169688,286,1.64E-09,0.617986629,0.91576362,0.325482993,0.115230519,18.0310319,V9899,-18.82,178.6,7,11,61,12,10,43,49,10,70,14,0,11,0,110,1943,533,272,1854,993,180,582,29,0,327,0,466.6647753,8223.666704,2819.25,2362.177247,798.2307055,308.5110462,3265.276875,1710.998474,15598.87571,0,4196.587701,0,67,50,6,52,30,35,52,102,52,24,54,34,705,1003,290,1414,1024,249,935,548,93,540,1011,560,0,0,0,0,0,0,0,0,0,0,0,0
Kadavu,Ono,FLMMA/Kokomo,Vurro,Kadavu 1,KAD_VURRO_Transect 4,-18.86538489,178.5245489,1.0907691,88.83326,73.211754,Locally Managed Marine Area,2005-2009,Part,19.22,Back Reef Slope,49587,0.551385065,0.592534252,0,0,0.69282404,0.574392423,0.401855963,Sediments,Melanesia,non-refugia,1.01353283,573.2444122,0,0,22.55356407,0.000634106,-0.05104,-0.67409,0.12897,-0.11091,-0.01837,-0.12752,4.213938942,168.5575577,82,8.50E-14,0.695215882,0.901471877,0.349470292,0.128225633,20.92951472,V9899,-18.82,178.6,7,11,61,12,10,43,49,10,70,14,0,11,0,110,1943,533,272,1854,993,180,582,29,0,327,0,466.6647753,8223.666704,2819.25,2362.177247,798.2307055,308.5110462,3265.276875,1710.998474,15598.87571,0,4196.587701,0,67,50,6,52,30,35,52,102,52,24,54,34,705,1003,290,1414,1024,249,935,548,93,540,1011,560,0,0,0,0,0,0,0,0,0,0,0,0
Kadavu,Ono,FLMMA/Kokomo,Vurro,Kadavu 1,KAD_VURRO_Transect 5,-18.86538489,178.5245489,1.0907691,88.83326,73.211754,Locally Managed Marine Area,2005-2009,Part,19.22,Back Reef Slope,49587,0.551385065,0.592534252,0,0,0.69282404,0.574392423,0.401855963,Sediments,Melanesia,non-refugia,1.01353283,573.2444122,0,0,22.55356407,0.000634106,-0.05104,-0.67409,0.12897,-0.11091,-0.01837,-0.12752,10.55970489,422.3881955,145,8.70E-11,0.721237355,0.911277021,0.345483767,0.12504992,25.9611849,V9899,-18.82,178.6,7,11,61,12,10,43,49,10,70,14,0,11,0,110,1943,533,272,1854,993,180,582,29,0,327,0,466.6647753,8223.666704,2819.25,2362.177247,798.2307055,308.5110462,3265.276875,1710.998474,15598.87571,0,4196.587701,0,67,50,6,52,30,35,52,102,52,24,54,34,705,1003,290,1414,1024,249,935,548,93,540,1011,560,0,0,0,0,0,0,0,0,0,0,0,0
Kadavu,Ono,FLMMA/Kokomo,Vurro,Kadavu 1,KAD_VURRO_Transect 6,-18.86538489,178.5245489,1.0907691,88.83326,73.211754,Locally Managed Marine Area,2005-2009,Part,19.22,Back Reef Slope,49587,0.551385065,0.592534252,0,0,0.69282404,0.574392423,0.401855963,Sediments,Melanesia,non-refugia,1.01353283,573.2444122,0,0,22.55356407,0.000634106,-0.05104,-0.67409,0.12897,-0.11091,-0.01837,-0.12752,5.827875272,233.1150109,165,4.00E-10,0.702073352,0.933074376,0.326677937,0.118314682,16.33673097,V9899,-18.82,178.6,7,11,61,12,10,43,49,10,70,14,0,11,0,110,1943,533,272,1854,993,180,582,29,0,327,0,466.6647753,8223.666704,2819.25,2362.177247,798.2307055,308.5110462,3265.276875,1710.998474,15598.87571,0,4196.587701,0,67,50,6,52,30,35,52,102,52,24,54,34,705,1003,290,1414,1024,249,935,548,93,540,1011,560,0,0,0,0,0,0,0,0,0,0,0,0
Yasawa,Kuata,Barefoot Manta,KuataBack,Namara,KUA_Back_Transect 1,-17.36312074,177.1327823,0.22318776,21.863625,4.6390557,qoliqoli,Non-Adopter,None,0,Sheltered Reef Slope,48009,0.50113315,0.64664078,0,0.856198256,0.723241871,0.667772189,0.565831041,Tourism,Melanesia,non-refugia,0.719159072,1001.772951,0,253,33.34032822,0.007387417,-0.04951,-0.4121,0.1828,-0.49671,-0.54904,-0.10966,6.054761759,242.1904704,167,1.04E-09,0.662671524,0.85232839,0.292360538,0.103576966,14.67909802,V9981,-17.38,177.08,15,21,33,4,13,15,17,13,38,12,0,4,1,190,498,155,364,212,156,260,152,32,0,63,8,5023.158095,3086.041893,136773.1381,606407.34,7227.178042,5416.180072,612119.7692,375954.6337,1275.185145,0,0,1255.398346,138,73,24,101,53,77,101,114,159,14,35,21,1845,3668,1756,2884,2390,1791,2160,1713,420,300,1422,472,0,43,0,64,6,0,0,0,0,0,5,0
Yasawa,Kuata,Barefoot Manta,KuataBack,Namara,KUA_Back_Transect 2,-17.36312074,177.1327823,0.22318776,21.863625,4.6390557,qoliqoli,Non-Adopter,None,0,Sheltered Reef Slope,48009,0.50113315,0.64664078,0,0.856198256,0.723241871,0.667772189,0.565831041,Tourism,Melanesia,non-refugia,0.719159072,1001.772951,0,253,33.34032822,0.007387417,-0.04951,-0.4121,0.1828,-0.49671,-0.54904,-0.10966,15.70664709,628.2658834,173,7.87E-10,0.646950316,0.891945524,0.37040271,0.150064461,19.69853672,V9981,-17.38,177.08,15,21,33,4,13,15,17,13,38,12,0,4,1,190,498,155,364,212,156,260,152,32,0,63,8,5023.158095,3086.041893,136773.1381,606407.34,7227.178042,5416.180072,612119.7692,375954.6337,1275.185145,0,0,1255.398346,138,73,24,101,53,77,101,114,159,14,35,21,1845,3668,1756,2884,2390,1791,2160,1713,420,300,1422,472,0,43,0,64,6,0,0,0,0,0,5,0
Yasawa,Kuata,Barefoot Manta,KuataBack,Namara,KUA_Back_Transect 3,-17.36312074,177.1327823,0.22318776,21.863625,4.6390557,qoliqoli,Non-Adopter,None,0,Sheltered Reef Slope,48009,0.50113315,0.64664078,0,0.856198256,0.723241871,0.667772189,0.565831041,Tourism,Melanesia,non-refugia,0.719159072,1001.772951,0,253,33.34032822,0.007387417,-0.04951,-0.4121,0.1828,-0.49671,-0.54904,-0.10966,4.90819847,196.3279388,146,4.17E-13,0.638522128,0.944781639,0.320271049,0.107625421,15.60225046,V9981,-17.38,177.08,15,21,33,4,13,15,17,13,38,12,0,4,1,190,498,155,364,212,156,260,152,32,0,63,8,5023.158095,3086.041893,136773.1381,606407.34,7227.178042,5416.180072,612119.7692,375954.6337,1275.185145,0,0,1255.398346,138,73,24,101,53,77,101,114,159,14,35,21,1845,3668,1756,2884,2390,1791,2160,1713,420,300,1422,472,0,43,0,64,6,0,0,0,0,0,5,0
Yasawa,Kuata,Barefoot Manta,KuataBack,Namara,KUA_Back_Transect 4,-17.36312074,177.1327823,0.22318776,21.863625,4.6390557,qoliqoli,Non-Adopter,None,0,Sheltered Reef Slope,48009,0.50113315,0.64664078,0,0.856198256,0.723241871,0.667772189,0.565831041,Tourism,Melanesia,non-refugia,0.719159072,1001.772951,0,253,33.34032822,0.007387417,-0.04951,-0.4121,0.1828,-0.49671,-0.54904,-0.10966,7.471324994,298.8529998,124,1.76E-11,0.674888226,0.865866611,0.281031326,0.09153603,21.12065558,V9981,-17.38,177.08,15,21,33,4,13,15,17,13,38,12,0,4,1,190,498,155,364,212,156,260,152,32,0,63,8,5023.158095,3086.041893,136773.1381,606407.34,7227.178042,5416.180072,612119.7692,375954.6337,1275.185145,0,0,1255.398346,138,73,24,101,53,77,101,114,159,14,35,21,1845,3668,1756,2884,2390,1791,2160,1713,420,300,1422,472,0,43,0,64,6,0,0,0,0,0,5,0
Yasawa,Kuata,Barefoot Manta,KuataGoat,Namara,KUA_GOAT_Transect 1,-17.33537481,177.1509809,0.16416138,16.897337,-2.3884435,qoliqoli,Non-Adopter,None,0,Deep Lagoon,47926,0.497143713,0.647062056,0,0.757802769,0.854733706,0.695336539,0.575346464,Sediments,Melanesia,non-refugia,0.697049597,1005.858948,0,33,178.8015289,0.014073923,-0.01278,-0.3972,0.18457,-0.55469,0.47781,-0.1116,10.32615019,413.0460077,482,1.13E-09,0.570583381,0.878294211,0.255877983,0.081386093,12.3463774,V9942,-17.3,177.16,11,38,68,16,26,35,58,26,83,36,0,13,0,505,3073,861,808,2438,1581,720,1004,129,0,324,0,128439.2215,1022.51302,5358.466667,6728.134268,4350.923264,2869.418449,1227.375846,25343.28577,23552.07202,0,45.41280889,0,72,91,31,50,74,109,50,142,86,24,77,38,855,3182,1721,1368,2640,2268,920,1887,230,615,1767,488,0,15,50,34,60,0,0,0,0,0,23,0
Yasawa,Kuata,Barefoot Manta,KuataGoat,Namara,KUA_GOAT_Transect 2,-17.33537481,177.1509809,0.16416138,16.897337,-2.3884435,qoliqoli,Non-Adopter,None,0,Deep Lagoon,47926,0.497143713,0.647062056,0,0.757802769,0.854733706,0.695336539,0.575346464,Sediments,Melanesia,non-refugia,0.697049597,1005.858948,0,33,178.8015289,0.014073923,-0.01278,-0.3972,0.18457,-0.55469,0.47781,-0.1116,4.916714197,196.6685679,347,7.95E-11,0.571289982,0.912683366,0.279006803,0.088709111,11.25452011,V9942,-17.3,177.16,11,38,68,16,26,35,58,26,83,36,0,13,0,505,3073,861,808,2438,1581,720,1004,129,0,324,0,128439.2215,1022.51302,5358.466667,6728.134268,4350.923264,2869.418449,1227.375846,25343.28577,23552.07202,0,45.41280889,0,72,91,31,50,74,109,50,142,86,24,77,38,855,3182,1721,1368,2640,2268,920,1887,230,615,1767,488,0,15,50,34,60,0,0,0,0,0,23,0
Yasawa,Kuata,Barefoot Manta,KuataGoat,Namara,KUA_GOAT_Transect 3,-17.33537481,177.1509809,0.16416138,16.897337,-2.3884435,qoliqoli,Non-Adopter,None,0,Deep Lagoon,47926,0.497143713,0.647062056,0,0.757802769,0.854733706,0.695336539,0.575346464,Sediments,Melanesia,non-refugia,0.697049597,1005.858948,0,33,178.8015289,0.014073923,-0.01278,-0.3972,0.18457,-0.55469,0.47781,-0.1116,4.859528947,194.3811579,331,6.79E-10,0.698515609,0.928094252,0.325406273,0.121731308,12.559067,V9942,-17.3,177.16,11,38,68,16,26,35,58,26,83,36,0,13,0,505,3073,861,808,2438,1581,720,1004,129,0,324,0,128439.2215,1022.51302,5358.466667,6728.134268,4350.923264,2869.418449,1227.375846,25343.28577,23552.07202,0,45.41280889,0,72,91,31,50,74,109,50,142,86,24,77,38,855,3182,1721,1368,2640,2268,920,1887,230,615,1767,488,0,15,50,34,60,0,0,0,0,0,23,0
Yasawa,Kuata,Barefoot Manta,KuataGoat,Namara,KUA_GOAT_Transect 4,-17.33537481,177.1509809,0.16416138,16.897337,-2.3884435,qoliqoli,Non-Adopter,None,0,Deep Lagoon,47926,0.497143713,0.647062056,0,0.757802769,0.854733706,0.695336539,0.575346464,Sediments,Melanesia,non-refugia,0.697049597,1005.858948,0,33,178.8015289,0.014073923,-0.01278,-0.3972,0.18457,-0.55469,0.47781,-0.1116,7.780960981,311.2384392,416,2.27E-10,0.683142802,0.967572198,0.272427609,0.09157282,11.70618112,V9942,-17.3,177.16,11,38,68,16,26,35,58,26,83,36,0,13,0,505,3073,861,808,2438,1581,720,1004,129,0,324,0,128439.2215,1022.51302,5358.466667,6728.134268,4350.923264,2869.418449,1227.375846,25343.28577,23552.07202,0,45.41280889,0,72,91,31,50,74,109,50,142,86,24,77,38,855,3182,1721,1368,2640,2268,920,1887,230,615,1767,488,0,15,50,34,60,0,0,0,0,0,23,0
Yasawa,Kuata,Barefoot Manta,KuataMPA,Namara,KUA_MPA_Transect 1,-17.36183827,177.1359799,0.22318776,21.863625,4.6390557,qoliqoli,Non-Adopter,None,0,Terrestrial Reef Flat,48009,0.50113315,0.64664078,0,0.856198256,0.723241871,0.667772189,0.565831041,Tourism,Melanesia,non-refugia,0.719159072,1001.772951,0,253,33.34032822,0.007387417,-0.04951,-0.4121,0.1828,-0.49671,-0.54904,-0.10966,4.876677379,195.0670952,129,4.40E-12,0.657061638,0.977578089,0.275595062,0.099955992,15.84996762,V9981,-17.38,177.08,15,21,33,4,13,15,17,13,38,12,0,4,1,190,498,155,364,212,156,260,152,32,0,63,8,5023.158095,3086.041893,136773.1381,606407.34,7227.178042,5416.180072,612119.7692,375954.6337,1275.185145,0,0,1255.398346,138,73,24,101,53,77,101,114,159,14,35,21,1845,3668,1756,2884,2390,1791,2160,1713,420,300,1422,472,0,43,0,64,6,0,0,0,0,0,5,0
Yasawa,Kuata,Barefoot Manta,KuataMPA,Namara,KUA_MPA_Transect 2,-17.36183827,177.1359799,0.22318776,21.863625,4.6390557,qoliqoli,Non-Adopter,None,0,Terrestrial Reef Flat,48009,0.50113315,0.64664078,0,0.856198256,0.723241871,0.667772189,0.565831041,Tourism,Melanesia,non-refugia,0.719159072,1001.772951,0,253,33.34032822,0.007387417,-0.04951,-0.4121,0.1828,-0.49671,-0.54904,-0.10966,4.674106154,186.9642462,67,6.70E-14,0.67556213,0.850836651,0.260240856,0.081993155,20.37778276,V9981,-17.38,177.08,15,21,33,4,13,15,17,13,38,12,0,4,1,190,498,155,364,212,156,260,152,32,0,63,8,5023.158095,3086.041893,136773.1381,606407.34,7227.178042,5416.180072,612119.7692,375954.6337,1275.185145,0,0,1255.398346,138,73,24,101,53,77,101,114,159,14,35,21,1845,3668,1756,2884,2390,1791,2160,1713,420,300,1422,472,0,43,0,64,6,0,0,0,0,0,5,0
Yasawa,Kuata,Barefoot Manta,KuataMPA,Namara,KUA_MPA_Transect 3,-17.36183827,177.1359799,0.22318776,21.863625,4.6390557,qoliqoli,Non-Adopter,None,0,Terrestrial Reef Flat,48009,0.50113315,0.64664078,0,0.856198256,0.723241871,0.667772189,0.565831041,Tourism,Melanesia,non-refugia,0.719159072,1001.772951,0,253,33.34032822,0.007387417,-0.04951,-0.4121,0.1828,-0.49671,-0.54904,-0.10966,7.576776533,303.0710613,135,6.17E-12,0.757991721,0.927682677,0.329583817,0.115716067,17.43476496,V9981,-17.38,177.08,15,21,33,4,13,15,17,13,38,12,0,4,1,190,498,155,364,212,156,260,152,32,0,63,8,5023.158095,3086.041893,136773.1381,606407.34,7227.178042,5416.180072,612119.7692,375954.6337,1275.185145,0,0,1255.398346,138,73,24,101,53,77,101,114,159,14,35,21,1845,3668,1756,2884,2390,1791,2160,1713,420,300,1422,472,0,43,0,64,6,0,0,0,0,0,5,0
Yasawa,Kuata,Barefoot Manta,KuataMPA,Namara,KUA_MPA_Transect 4,-17.36183827,177.1359799,0.22318776,21.863625,4.6390557,qoliqoli,Non-Adopter,None,0,Terrestrial Reef Flat,48009,0.50113315,0.64664078,0,0.856198256,0.723241871,0.667772189,0.565831041,Tourism,Melanesia,non-refugia,0.719159072,1001.772951,0,253,33.34032822,0.007387417,-0.04951,-0.4121,0.1828,-0.49671,-0.54904,-0.10966,7.38720621,295.4882484,101,5.11E-13,0.762336691,0.933848926,0.356174514,0.130206602,20.45325396,V9981,-17.38,177.08,15,21,33,4,13,15,17,13,38,12,0,4,1,190,498,155,364,212,156,260,152,32,0,63,8,5023.158095,3086.041893,136773.1381,606407.34,7227.178042,5416.180072,612119.7692,375954.6337,1275.185145,0,0,1255.398346,138,73,24,101,53,77,101,114,159,14,35,21,1845,3668,1756,2884,2390,1791,2160,1713,420,300,1422,472,0,43,0,64,6,0,0,0,0,0,5,0
Yasawa,Kuata,Barefoot Manta,KuataMPA,Namara,KUA_MPA_Transect 5,-17.36183827,177.1359799,0.22318776,21.863625,4.6390557,qoliqoli,Non-Adopter,None,0,Terrestrial Reef Flat,48009,0.50113315,0.64664078,0,0.856198256,0.723241871,0.667772189,0.565831041,Tourism,Melanesia,non-refugia,0.719159072,1001.772951,0,253,33.34032822,0.007387417,-0.04951,-0.4121,0.1828,-0.49671,-0.54904,-0.10966,4.63184197,185.2736788,161,2.87E-10,0.753241957,0.9466594,0.349488405,0.128191063,17.64103298,V9981,-17.38,177.08,15,21,33,4,13,15,17,13,38,12,0,4,1,190,498,155,364,212,156,260,152,32,0,63,8,5023.158095,3086.041893,136773.1381,606407.34,7227.178042,5416.180072,612119.7692,375954.6337,1275.185145,0,0,1255.398346,138,73,24,101,53,77,101,114,159,14,35,21,1845,3668,1756,2884,2390,1791,2160,1713,420,300,1422,472,0,43,0,64,6,0,0,0,0,0,5,0
Yasawa,Kuata,Barefoot Manta,KuataNonMPA,Namara,KUA_noMPA_Transect 1,-17.3660347,177.1399643,0.16416138,16.897337,-2.3884435,qoliqoli,Non-Adopter,None,0,Terrestrial Reef Flat,48009,0.50113315,0.64664078,0,0.856198256,0.723241871,0.667772189,0.565831041,Tourism,Melanesia,non-refugia,0.719159072,1001.772951,0,253,33.34032822,0.007387417,-0.04951,-0.4121,0.1828,-0.49671,-0.54904,-0.10966,1.691622626,67.66490503,57,2.86E-12,0.773362802,0.930210781,0.325454362,0.114455759,15.57361945,V9981,-17.38,177.08,15,21,33,4,13,15,17,13,38,12,0,4,1,190,498,155,364,212,156,260,152,32,0,63,8,5023.158095,3086.041893,136773.1381,606407.34,7227.178042,5416.180072,612119.7692,375954.6337,1275.185145,0,0,1255.398346,138,73,24,101,53,77,101,114,159,14,35,21,1845,3668,1756,2884,2390,1791,2160,1713,420,300,1422,472,0,43,0,64,6,0,0,0,0,0,5,0
Yasawa,Kuata,Barefoot Manta,KuataNonMPA,Namara,KUA_noMPA_Transect 2,-17.3660347,177.1399643,0.16416138,16.897337,-2.3884435,qoliqoli,Non-Adopter,None,0,Terrestrial Reef Flat,48009,0.50113315,0.64664078,0,0.856198256,0.723241871,0.667772189,0.565831041,Tourism,Melanesia,non-refugia,0.719159072,1001.772951,0,253,33.34032822,0.007387417,-0.04951,-0.4121,0.1828,-0.49671,-0.54904,-0.10966,1.271896398,50.87585594,62,6.19E-14,0.722413133,0.88676745,0.27798509,0.091365195,15.13962968,V9981,-17.38,177.08,15,21,33,4,13,15,17,13,38,12,0,4,1,190,498,155,364,212,156,260,152,32,0,63,8,5023.158095,3086.041893,136773.1381,606407.34,7227.178042,5416.180072,612119.7692,375954.6337,1275.185145,0,0,1255.398346,138,73,24,101,53,77,101,114,159,14,35,21,1845,3668,1756,2884,2390,1791,2160,1713,420,300,1422,472,0,43,0,64,6,0,0,0,0,0,5,0
Yasawa,Kuata,Barefoot Manta,KuataNonMPA,Namara,KUA_noMPA_Transect 3,-17.3660347,177.1399643,0.16416138,16.897337,-2.3884435,qoliqoli,Non-Adopter,None,0,Terrestrial Reef Flat,48009,0.50113315,0.64664078,0,0.856198256,0.723241871,0.667772189,0.565831041,Tourism,Melanesia,non-refugia,0.719159072,1001.772951,0,253,33.34032822,0.007387417,-0.04951,-0.4121,0.1828,-0.49671,-0.54904,-0.10966,3.403598155,136.1439262,63,5.95E-14,0.742117788,0.859736127,0.224545366,0.068926825,18.76815814,V9981,-17.38,177.08,15,21,33,4,13,15,17,13,38,12,0,4,1,190,498,155,364,212,156,260,152,32,0,63,8,5023.158095,3086.041893,136773.1381,606407.34,7227.178042,5416.180072,612119.7692,375954.6337,1275.185145,0,0,1255.398346,138,73,24,101,53,77,101,114,159,14,35,21,1845,3668,1756,2884,2390,1791,2160,1713,420,300,1422,472,0,43,0,64,6,0,0,0,0,0,5,0
Yasawa,Kuata,Barefoot Manta,KuataNonMPA,Namara,KUA_noMPA_Transect 4,-17.3660347,177.1399643,0.16416138,16.897337,-2.3884435,qoliqoli,Non-Adopter,None,0,Terrestrial Reef Flat,48009,0.50113315,0.64664078,0,0.856198256,0.723241871,0.667772189,0.565831041,Tourism,Melanesia,non-refugia,0.719159072,1001.772951,0,253,33.34032822,0.007387417,-0.04951,-0.4121,0.1828,-0.49671,-0.54904,-0.10966,1.720363404,68.81453616,47,4.23E-12,0.658783758,0.825932429,0.262513787,0.088422865,14.04590719,V9981,-17.38,177.08,15,21,33,4,13,15,17,13,38,12,0,4,1,190,498,155,364,212,156,260,152,32,0,63,8,5023.158095,3086.041893,136773.1381,606407.34,7227.178042,5416.180072,612119.7692,375954.6337,1275.185145,0,0,1255.398346,138,73,24,101,53,77,101,114,159,14,35,21,1845,3668,1756,2884,2390,1791,2160,1713,420,300,1422,472,0,43,0,64,6,0,0,0,0,0,5,0
Yasawa,Kuata,Barefoot Manta,KuataNonMPA,Namara,KUA_noMPA_Transect 5,-17.3660347,177.1399643,0.16416138,16.897337,-2.3884435,qoliqoli,Non-Adopter,None,0,Terrestrial Reef Flat,48009,0.50113315,0.64664078,0,0.856198256,0.723241871,0.667772189,0.565831041,Tourism,Melanesia,non-refugia,0.719159072,1001.772951,0,253,33.34032822,0.007387417,-0.04951,-0.4121,0.1828,-0.49671,-0.54904,-0.10966,0.632091874,25.28367497,54,5.55E-13,0.819054567,0.903304952,0.310731984,0.108791562,15.07786031,V9981,-17.38,177.08,15,21,33,4,13,15,17,13,38,12,0,4,1,190,498,155,364,212,156,260,152,32,0,63,8,5023.158095,3086.041893,136773.1381,606407.34,7227.178042,5416.180072,612119.7692,375954.6337,1275.185145,0,0,1255.398346,138,73,24,101,53,77,101,114,159,14,35,21,1845,3668,1756,2884,2390,1791,2160,1713,420,300,1422,472,0,43,0,64,6,0,0,0,0,0,5,0
Lau,Totoya,Fijian LMMA/Captain Cook Cruises,CoralGarden,Totoya,Lau_Totoya_BT_Transect 1,-19.00218046,-179.8781898,10.61112,863.71924,-192.91789,qoliqoli,2010-2014,None,0,Outer Reef Flat,49692,0.06399955,0.492362078,0,0,0.732915257,0.629447423,0.319787385,Sediments,Melanesia,non-refugia,0.009458145,163.7047529,0,0,37.5112648,0.002929408,-0.07671,-0.89297,0.15016,-0.55246,-0.42444,0.19743,8.8319061,353.276244,193,1.52E-15,0.73335474,0.922403318,0.236104297,0.062405485,19.45461749,V9797,-19.14,179.8,4,80,82,27,91,48,56,91,122,94,35,82,40,1730,2959,1704,2656,2042,1356,2090,1812,339,1155,2325,1320,569.443935,28363.80575,15788.2,716.9896048,75901.45898,13276.2758,885.1393749,990.5060371,3137.821466,2736.855321,7654.647965,7058.606476,73,94,9,43,68,73,43,88,84,1,6,2,885,1182,410,1166,1526,984,765,509,210,15,36,16,15,47,0,106,0,32,0,0,0,30,0,2
Lau,Totoya,Fijian LMMA/Captain Cook Cruises,CoralGarden,Totoya,Lau_Totoya_BT_Transect 2,-19.00218046,-179.8781898,10.61112,863.71924,-192.91789,qoliqoli,2010-2014,None,0,Outer Reef Flat,49692,0.06399955,0.492362078,0,0,0.732915257,0.629447423,0.319787385,Sediments,Melanesia,non-refugia,0.009458145,163.7047529,0,0,37.5112648,0.002929408,-0.07671,-0.89297,0.15016,-0.55246,-0.42444,0.19743,4.285752089,171.4300836,98,1.97E-13,0.610313019,0.897307937,0.265255372,0.080700612,20.58828531,V9797,-19.14,179.8,4,80,82,27,91,48,56,91,122,94,35,82,40,1730,2959,1704,2656,2042,1356,2090,1812,339,1155,2325,1320,569.443935,28363.80575,15788.2,716.9896048,75901.45898,13276.2758,885.1393749,990.5060371,3137.821466,2736.855321,7654.647965,7058.606476,73,94,9,43,68,73,43,88,84,1,6,2,885,1182,410,1166,1526,984,765,509,210,15,36,16,15,47,0,106,0,32,0,0,0,30,0,2
Lau,Totoya,Fijian LMMA/Captain Cook Cruises,CoralGarden,Totoya,Lau_Totoya_BT_Transect 3,-19.00218046,-179.8781898,10.61112,863.71924,-192.91789,qoliqoli,2010-2014,None,0,Outer Reef Flat,49692,0.06399955,0.492362078,0,0,0.732915257,0.629447423,0.319787385,Sediments,Melanesia,non-refugia,0.009458145,163.7047529,0,0,37.5112648,0.002929408,-0.07671,-0.89297,0.15016,-0.55246,-0.42444,0.19743,17.40211683,696.084673,262,9.18E-13,0.613745313,0.925203433,0.330669678,0.114333526,19.94854064,V9797,-19.14,179.8,4,80,82,27,91,48,56,91,122,94,35,82,40,1730,2959,1704,2656,2042,1356,2090,1812,339,1155,2325,1320,569.443935,28363.80575,15788.2,716.9896048,75901.45898,13276.2758,885.1393749,990.5060371,3137.821466,2736.855321,7654.647965,7058.606476,73,94,9,43,68,73,43,88,84,1,6,2,885,1182,410,1166,1526,984,765,509,210,15,36,16,15,47,0,106,0,32,0,0,0,30,0,2
Lau,Totoya,Fijian LMMA/Captain Cook Cruises,CoralGarden,Totoya,Lau_Totoya_BT_Transect 4,-19.00218046,-179.8781898,10.61112,863.71924,-192.91789,qoliqoli,2010-2014,None,0,Outer Reef Flat,49692,0.06399955,0.492362078,0,0,0.732915257,0.629447423,0.319787385,Sediments,Melanesia,non-refugia,0.009458145,163.7047529,0,0,37.5112648,0.002929408,-0.07671,-0.89297,0.15016,-0.55246,-0.42444,0.19743,4.814227134,192.5690854,134,5.55E-15,0.704097947,0.928582872,0.211500206,0.054499387,17.56456687,V9797,-19.14,179.8,4,80,82,27,91,48,56,91,122,94,35,82,40,1730,2959,1704,2656,2042,1356,2090,1812,339,1155,2325,1320,569.443935,28363.80575,15788.2,716.9896048,75901.45898,13276.2758,885.1393749,990.5060371,3137.821466,2736.855321,7654.647965,7058.606476,73,94,9,43,68,73,43,88,84,1,6,2,885,1182,410,1166,1526,984,765,509,210,15,36,16,15,47,0,106,0,32,0,0,0,30,0,2
Lau,Totoya,Fijian LMMA/Captain Cook Cruises,ReefCorner,Totoya,Lau_Totoya_Joe_Transect 1,-18.99945678,-179.8721369,10.61112,863.71924,-192.91789,qoliqoli,2010-2014,None,0,Back Reef Slope,49640,0.063699875,0.571268957,0,0,0,0,0.105828139,Coastal pop,Melanesia,non-refugia,0.009359818,450.8471918,0,0,0,0,-0.07258,-0.84888,0.15274,-0.49148,-0.42444,0.18083,7.402435139,296.0974055,184,2.45E-10,0.645314923,0.920527792,0.298246586,0.106194922,19.80851898,V9797,-19.14,179.8,4,80,82,27,91,48,56,91,122,94,35,82,40,1730,2959,1704,2656,2042,1356,2090,1812,339,1155,2325,1320,569.443935,28363.80575,15788.2,716.9896048,75901.45898,13276.2758,885.1393749,990.5060371,3137.821466,2736.855321,7654.647965,7058.606476,73,94,9,43,68,73,43,88,84,1,6,2,885,1182,410,1166,1526,984,765,509,210,15,36,16,15,47,0,106,0,32,0,0,0,30,0,2
Lau,Totoya,Fijian LMMA/Captain Cook Cruises,ReefCorner,Totoya,Lau_Totoya_Joe_Transect 2,-18.99945678,-179.8721369,10.61112,863.71924,-192.91789,qoliqoli,2010-2014,None,0,Back Reef Slope,49640,0.063699875,0.571268957,0,0,0,0,0.105828139,Coastal pop,Melanesia,non-refugia,0.009359818,450.8471918,0,0,0,0,-0.07258,-0.84888,0.15274,-0.49148,-0.42444,0.18083,2.713647074,108.5458829,150,3.73E-10,0.603226722,0.869250244,0.211041859,0.065639242,12.51233926,V9797,-19.14,179.8,4,80,82,27,91,48,56,91,122,94,35,82,40,1730,2959,1704,2656,2042,1356,2090,1812,339,1155,2325,1320,569.443935,28363.80575,15788.2,716.9896048,75901.45898,13276.2758,885.1393749,990.5060371,3137.821466,2736.855321,7654.647965,7058.606476,73,94,9,43,68,73,43,88,84,1,6,2,885,1182,410,1166,1526,984,765,509,210,15,36,16,15,47,0,106,0,32,0,0,0,30,0,2
Lau,Totoya,Fijian LMMA/Captain Cook Cruises,ReefCorner,Totoya,Lau_Totoya_Joe_Transect 3,-18.99945678,-179.8721369,10.61112,863.71924,-192.91789,qoliqoli,2010-2014,None,0,Back Reef Slope,49640,0.063699875,0.571268957,0,0,0,0,0.105828139,Coastal pop,Melanesia,non-refugia,0.009359818,450.8471918,0,0,0,0,-0.07258,-0.84888,0.15274,-0.49148,-0.42444,0.18083,5.561681131,222.4672452,127,4.19E-10,0.710757851,0.935057876,0.350436972,0.129246488,20.48406262,V9797,-19.14,179.8,4,80,82,27,91,48,56,91,122,94,35,82,40,1730,2959,1704,2656,2042,1356,2090,1812,339,1155,2325,1320,569.443935,28363.80575,15788.2,716.9896048,75901.45898,13276.2758,885.1393749,990.5060371,3137.821466,2736.855321,7654.647965,7058.606476,73,94,9,43,68,73,43,88,84,1,6,2,885,1182,410,1166,1526,984,765,509,210,15,36,16,15,47,0,106,0,32,0,0,0,30,0,2
Lau,Totoya,Fijian LMMA/Captain Cook Cruises,ReefCorner,Totoya,Lau_Totoya_Joe_Transect 4,-18.99945678,-179.8721369,10.61112,863.71924,-192.91789,qoliqoli,2010-2014,None,0,Back Reef Slope,49640,0.063699875,0.571268957,0,0,0,0,0.105828139,Coastal pop,Melanesia,non-refugia,0.009359818,450.8471918,0,0,0,0,-0.07258,-0.84888,0.15274,-0.49148,-0.42444,0.18083,4.491618995,179.6647598,112,1.19E-10,0.721808752,0.914598429,0.34119592,0.121751038,22.42250282,V9797,-19.14,179.8,4,80,82,27,91,48,56,91,122,94,35,82,40,1730,2959,1704,2656,2042,1356,2090,1812,339,1155,2325,1320,569.443935,28363.80575,15788.2,716.9896048,75901.45898,13276.2758,885.1393749,990.5060371,3137.821466,2736.855321,7654.647965,7058.606476,73,94,9,43,68,73,43,88,84,1,6,2,885,1182,410,1166,1526,984,765,509,210,15,36,16,15,47,0,106,0,32,0,0,0,30,0,2
Lau,Totoya,Fijian LMMA/Captain Cook Cruises,ReefCorner,Totoya,Lau_Totoya_Joe_Transect 5,-18.99945678,-179.8721369,10.61112,863.71924,-192.91789,qoliqoli,2010-2014,None,0,Back Reef Slope,49640,0.063699875,0.571268957,0,0,0,0,0.105828139,Coastal pop,Melanesia,non-refugia,0.009359818,450.8471918,0,0,0,0,-0.07258,-0.84888,0.15274,-0.49148,-0.42444,0.18083,4.952696907,198.1078763,163,3.79E-10,0.662141276,0.901668859,0.306932919,0.103086193,25.73459886,V9797,-19.14,179.8,4,80,82,27,91,48,56,91,122,94,35,82,40,1730,2959,1704,2656,2042,1356,2090,1812,339,1155,2325,1320,569.443935,28363.80575,15788.2,716.9896048,75901.45898,13276.2758,885.1393749,990.5060371,3137.821466,2736.855321,7654.647965,7058.606476,73,94,9,43,68,73,43,88,84,1,6,2,885,1182,410,1166,1526,984,765,509,210,15,36,16,15,47,0,106,0,32,0,0,0,30,0,2
Lau,Vanua Balavu,Fijian LMMA/Captain Cook Cruises,VBBay,Daliconi,Lau_VanuaBalavu_Transect 1,-17.20382191,-178.9734533,0.4948923,42.277264,12.657234,Locally Managed Marine Area,Non-Adopter,Part,4.66,Back Reef Slope,47764,0.013279392,0.663968056,0,0.759029966,0.704097396,0.562544912,0.45048662,Tourism,Melanesia,refugia,0.000403359,1178.724392,0,34,26.18201828,0.000429278,0.0396,-0.12626,0.23237,0.09724,0.7605,0.07336,1.951703151,78.06812604,91,4.12E-11,0.722366779,0.895540381,0.269230881,0.083223414,18.17869183,V9720,-17.14,-178.84,2,28,70,12,27,46,37,27,78,45,5,50,15,400,1906,523,754,1134,561,535,662,114,90,924,160,9687.693002,3405.185794,11156.16667,39741.35591,48529.31804,25210.43976,22685.17666,6199.740257,2167.82088,236.6476011,691.3406574,375.6553002,40,82,9,32,36,17,32,82,46,7,48,15,395,1273,368,878,1260,165,595,343,90,120,513,216,0,28,0,38,0,0,0,0,0,0,8,0
Lau,Vanua Balavu,Fijian LMMA/Captain Cook Cruises,VBBay,Daliconi,Lau_VanuaBalavu_Transect 2,-17.20382191,-178.9734533,0.4948923,42.277264,12.657234,Locally Managed Marine Area,Non-Adopter,Part,4.66,Back Reef Slope,47764,0.013279392,0.663968056,0,0.759029966,0.704097396,0.562544912,0.45048662,Tourism,Melanesia,refugia,0.000403359,1178.724392,0,34,26.18201828,0.000429278,0.0396,-0.12626,0.23237,0.09724,0.7605,0.07336,1.886342077,75.45368308,107,7.66E-11,0.737397089,0.861328448,0.22277492,0.068590051,13.53130671,V9720,-17.14,-178.84,2,28,70,12,27,46,37,27,78,45,5,50,15,400,1906,523,754,1134,561,535,662,114,90,924,160,9687.693002,3405.185794,11156.16667,39741.35591,48529.31804,25210.43976,22685.17666,6199.740257,2167.82088,236.6476011,691.3406574,375.6553002,40,82,9,32,36,17,32,82,46,7,48,15,395,1273,368,878,1260,165,595,343,90,120,513,216,0,28,0,38,0,0,0,0,0,0,8,0
VanuaLevu,Savusavu,Bua Provincial Councial/KorosunDive,GoldenNuggets,Savusavu,SAV_GNU_Transect 4,-16.82430488,179.2706002,3.6456804,289.92941,140.46001,Locally Managed Marine Area,2005-2009,Part,20.6,Deep Lagoon,47273,0.382892248,0.858634332,0.998223313,0.865429702,0.794854348,0.642768964,0.757133818,Industrial dev,Melanesia,refugia,0.353583294,7645.003204,2,306,79.11255646,0.004097039,0.02434,-0.10809,0.22032,0.16556,0.38748,-0.02834,4.122328944,164.8931578,214,1.27E-09,0.594747161,0.832421016,0.231218763,0.079121418,13.17879927,V9994,-16.82,179.16,10,15,44,4,14,36,25,14,37,13,1,1,1,135,675,161,372,1118,597,230,243,31,15,3,8,29905.73043,18080.48411,327,16263.98534,162.3865676,99.06378495,17088.71717,460.2365627,214.1349248,256965.9912,275158.8505,129466.6713,78,91,25,49,59,84,49,145,70,15,84,42,840,3316,1264,1338,2510,1248,895,1402,124,435,1767,776,0,24,0,4,0,0,0,0,0,0,0,0
VanuaLevu,Savusavu,Bua Provincial Councial/KorosunDive,GoldenNuggets,Savusavu,SAV_GNU_Transect 5,-16.82430488,179.2706002,3.6456804,289.92941,140.46001,Locally Managed Marine Area,2005-2009,Part,20.6,Deep Lagoon,47273,0.382892248,0.858634332,0.998223313,0.865429702,0.794854348,0.642768964,0.757133818,Industrial dev,Melanesia,refugia,0.353583294,7645.003204,2,306,79.11255646,0.004097039,0.02434,-0.10809,0.22032,0.16556,0.38748,-0.02834,12.87821711,515.1286844,321,8.35E-09,0.64154998,0.878128584,0.369969312,0.145906552,18.41898873,V9994,-16.82,179.16,10,15,44,4,14,36,25,14,37,13,1,1,1,135,675,161,372,1118,597,230,243,31,15,3,8,29905.73043,18080.48411,327,16263.98534,162.3865676,99.06378495,17088.71717,460.2365627,214.1349248,256965.9912,275158.8505,129466.6713,78,91,25,49,59,84,49,145,70,15,84,42,840,3316,1264,1338,2510,1248,895,1402,124,435,1767,776,0,24,0,4,0,0,0,0,0,0,0,0
VanuaLevu,Savusavu,Bua Provincial Councial/KorosunDive,GoldenNuggets,Savusavu,SAV_GNU_Transect 6,-16.82430488,179.2706002,3.6456804,289.92941,140.46001,Locally Managed Marine Area,2005-2009,Part,20.6,Deep Lagoon,47273,0.382892248,0.858634332,0.998223313,0.865429702,0.794854348,0.642768964,0.757133818,Industrial dev,Melanesia,refugia,0.353583294,7645.003204,2,306,79.11255646,0.004097039,0.02434,-0.10809,0.22032,0.16556,0.38748,-0.02834,2.626506023,105.0602409,180,7.30E-11,0.610376442,0.886506054,0.262321901,0.087110985,13.06145327,V9994,-16.82,179.16,10,15,44,4,14,36,25,14,37,13,1,1,1,135,675,161,372,1118,597,230,243,31,15,3,8,29905.73043,18080.48411,327,16263.98534,162.3865676,99.06378495,17088.71717,460.2365627,214.1349248,256965.9912,275158.8505,129466.6713,78,91,25,49,59,84,49,145,70,15,84,42,840,3316,1264,1338,2510,1248,895,1402,124,435,1767,776,0,24,0,4,0,0,0,0,0,0,0,0
VanuaLevu,Savusavu,Bua Provincial Councial/KorosunDive,GoldenNuggets,Savusavu,SAV_GNU_Transect 7,-16.82430488,179.2706002,3.6456804,289.92941,140.46001,Locally Managed Marine Area,2005-2009,Part,20.6,Deep Lagoon,47273,0.382892248,0.858634332,0.998223313,0.865429702,0.794854348,0.642768964,0.757133818,Industrial dev,Melanesia,refugia,0.353583294,7645.003204,2,306,79.11255646,0.004097039,0.02434,-0.10809,0.22032,0.16556,0.38748,-0.02834,7.7948713,311.794852,303,1.78E-10,0.652587916,0.896201199,0.252092014,0.087467658,13.96441839,V9994,-16.82,179.16,10,15,44,4,14,36,25,14,37,13,1,1,1,135,675,161,372,1118,597,230,243,31,15,3,8,29905.73043,18080.48411,327,16263.98534,162.3865676,99.06378495,17088.71717,460.2365627,214.1349248,256965.9912,275158.8505,129466.6713,78,91,25,49,59,84,49,145,70,15,84,42,840,3316,1264,1338,2510,1248,895,1402,124,435,1767,776,0,24,0,4,0,0,0,0,0,0,0,0
VanuaLevu,Savusavu,Bua Provincial Councial/KorosunDive,GoldenNuggets,Savusavu,SAV_GNU_Transect 8,-16.82430488,179.2706002,3.6456804,289.92941,140.46001,Locally Managed Marine Area,2005-2009,Part,20.6,Deep Lagoon,47273,0.382892248,0.858634332,0.998223313,0.865429702,0.794854348,0.642768964,0.757133818,Industrial dev,Melanesia,refugia,0.353583294,7645.003204,2,306,79.11255646,0.004097039,0.02434,-0.10809,0.22032,0.16556,0.38748,-0.02834,8.347657112,333.9062845,237,4.87E-09,0.667828419,0.910619817,0.300357852,0.112977517,18.52078192,V9994,-16.82,179.16,10,15,44,4,14,36,25,14,37,13,1,1,1,135,675,161,372,1118,597,230,243,31,15,3,8,29905.73043,18080.48411,327,16263.98534,162.3865676,99.06378495,17088.71717,460.2365627,214.1349248,256965.9912,275158.8505,129466.6713,78,91,25,49,59,84,49,145,70,15,84,42,840,3316,1264,1338,2510,1248,895,1402,124,435,1767,776,0,24,0,4,0,0,0,0,0,0,0,0
VanuaLevu,Savusavu,Bua Provincial Councial/KorosunDive,SplitRock,Savusavu,SAV_SLR_Transect 1,-16.80662252,179.2922599,3.6456804,289.92941,140.46001,Locally Managed Marine Area,2005-2009,Part,20.6,Sheltered Reef Slope,47273,0.382892248,0.858634332,0.998223313,0.865429702,0.794854348,0.642768964,0.757133818,Industrial dev,Melanesia,refugia,0.353583294,7645.003204,2,306,79.11255646,0.004097039,0.02434,-0.10809,0.22032,0.16556,0.38748,-0.02834,7.31509018,292.6036072,128,7.00E-11,0.674861401,0.958145816,0.255281056,0.090105811,22.28437279,V9994,-16.82,179.16,10,15,44,4,14,36,25,14,37,13,1,1,1,135,675,161,372,1118,597,230,243,31,15,3,8,29905.73043,18080.48411,327,16263.98534,162.3865676,99.06378495,17088.71717,460.2365627,214.1349248,256965.9912,275158.8505,129466.6713,78,91,25,49,59,84,49,145,70,15,84,42,840,3316,1264,1338,2510,1248,895,1402,124,435,1767,776,0,24,0,4,0,0,0,0,0,0,0,0
VanuaLevu,Savusavu,Bua Provincial Councial/KorosunDive,SplitRock,Savusavu,SAV_SLR_Transect 2,-16.80662252,179.2922599,3.6456804,289.92941,140.46001,Locally Managed Marine Area,2005-2009,Part,20.6,Sheltered Reef Slope,47273,0.382892248,0.858634332,0.998223313,0.865429702,0.794854348,0.642768964,0.757133818,Industrial dev,Melanesia,refugia,0.353583294,7645.003204,2,306,79.11255646,0.004097039,0.02434,-0.10809,0.22032,0.16556,0.38748,-0.02834,3.636284323,145.4513729,154,3.13E-15,0.541909662,0.965143882,0.343546092,0.130666977,23.49424915,V9994,-16.82,179.16,10,15,44,4,14,36,25,14,37,13,1,1,1,135,675,161,372,1118,597,230,243,31,15,3,8,29905.73043,18080.48411,327,16263.98534,162.3865676,99.06378495,17088.71717,460.2365627,214.1349248,256965.9912,275158.8505,129466.6713,78,91,25,49,59,84,49,145,70,15,84,42,840,3316,1264,1338,2510,1248,895,1402,124,435,1767,776,0,24,0,4,0,0,0,0,0,0,0,0
VanuaLevu,Savusavu,Bua Provincial Councial/KorosunDive,SplitRock,Savusavu,SAV_SLR_Transect 3,-16.80662252,179.2922599,3.6456804,289.92941,140.46001,Locally Managed Marine Area,2005-2009,Part,20.6,Sheltered Reef Slope,47273,0.382892248,0.858634332,0.998223313,0.865429702,0.794854348,0.642768964,0.757133818,Industrial dev,Melanesia,refugia,0.353583294,7645.003204,2,306,79.11255646,0.004097039,0.02434,-0.10809,0.22032,0.16556,0.38748,-0.02834,1.670039179,66.80156717,59,6.85E-13,0.734215178,0.931867637,0.309959168,0.108764087,16.87957001,V9994,-16.82,179.16,10,15,44,4,14,36,25,14,37,13,1,1,1,135,675,161,372,1118,597,230,243,31,15,3,8,29905.73043,18080.48411,327,16263.98534,162.3865676,99.06378495,17088.71717,460.2365627,214.1349248,256965.9912,275158.8505,129466.6713,78,91,25,49,59,84,49,145,70,15,84,42,840,3316,1264,1338,2510,1248,895,1402,124,435,1767,776,0,24,0,4,0,0,0,0,0,0,0,0
VanuaLevu,Savusavu,Bua Provincial Councial/KorosunDive,SplitRock,Savusavu,SAV_SLR_Transect 4,-16.80662252,179.2922599,3.6456804,289.92941,140.46001,Locally Managed Marine Area,2005-2009,Part,20.6,Sheltered Reef Slope,47273,0.382892248,0.858634332,0.998223313,0.865429702,0.794854348,0.642768964,0.757133818,Industrial dev,Melanesia,refugia,0.353583294,7645.003204,2,306,79.11255646,0.004097039,0.02434,-0.10809,0.22032,0.16556,0.38748,-0.02834,7.735085067,309.4034027,132,1.27E-09,0.700112459,0.873519951,0.252182128,0.088952134,18.70881457,V9994,-16.82,179.16,10,15,44,4,14,36,25,14,37,13,1,1,1,135,675,161,372,1118,597,230,243,31,15,3,8,29905.73043,18080.48411,327,16263.98534,162.3865676,99.06378495,17088.71717,460.2365627,214.1349248,256965.9912,275158.8505,129466.6713,78,91,25,49,59,84,49,145,70,15,84,42,840,3316,1264,1338,2510,1248,895,1402,124,435,1767,776,0,24,0,4,0,0,0,0,0,0,0,0
VanuaLevu,Savusavu,Bua Provincial Councial/KorosunDive,SplitRock,Savusavu,SAV_SLR_Transect 5,-16.80662252,179.2922599,3.6456804,289.92941,140.46001,Locally Managed Marine Area,2005-2009,Part,20.6,Sheltered Reef Slope,47273,0.382892248,0.858634332,0.998223313,0.865429702,0.794854348,0.642768964,0.757133818,Industrial dev,Melanesia,refugia,0.353583294,7645.003204,2,306,79.11255646,0.004097039,0.02434,-0.10809,0.22032,0.16556,0.38748,-0.02834,9.038151819,361.5260727,162,1.38E-09,0.741520271,0.946014949,0.348462611,0.128941262,20.45902166,V9994,-16.82,179.16,10,15,44,4,14,36,25,14,37,13,1,1,1,135,675,161,372,1118,597,230,243,31,15,3,8,29905.73043,18080.48411,327,16263.98534,162.3865676,99.06378495,17088.71717,460.2365627,214.1349248,256965.9912,275158.8505,129466.6713,78,91,25,49,59,84,49,145,70,15,84,42,840,3316,1264,1338,2510,1248,895,1402,124,435,1767,776,0,24,0,4,0,0,0,0,0,0,0,0
VanuaLevu,Savusavu,Bua Provincial Councial/CousteuDive,AliceWonderland,Wailevu,WAI_ALI_Transect 1,-16.82817665,179.1878434,2.4705825,181.01839,84.630943,qoliqoli,2010-2014,None,0,Outer Reef Flat,47272,0.40875803,0.389497399,0,0.666660561,0.761641165,0.591399038,0.469659366,Sediments,Melanesia,refugia,0.41026912,20.42838669,0,1,52.88097382,0.001066607,0.03692,-0.06416,0.21814,-0.10596,0.76408,-0.02734,5.40166645,216.066658,165,4.47E-12,0.642639789,0.870443526,0.195923488,0.048908679,16.85586453,V9994,-16.82,179.16,10,15,44,4,14,36,25,14,37,13,1,1,1,135,675,161,372,1118,597,230,243,31,15,3,8,29905.73043,18080.48411,327,16263.98534,162.3865676,99.06378495,17088.71717,460.2365627,214.1349248,256965.9912,275158.8505,129466.6713,78,91,25,49,59,84,49,145,70,15,84,42,840,3316,1264,1338,2510,1248,895,1402,124,435,1767,776,0,24,0,4,0,0,0,0,0,0,0,0
VanuaLevu,Savusavu,Bua Provincial Councial/CousteuDive,AliceWonderland,Wailevu,WAI_ALI_Transect 2,-16.82817665,179.1878434,2.4705825,181.01839,84.630943,qoliqoli,2010-2014,None,0,Outer Reef Flat,47272,0.40875803,0.389497399,0,0.666660561,0.761641165,0.591399038,0.469659366,Sediments,Melanesia,refugia,0.41026912,20.42838669,0,1,52.88097382,0.001066607,0.03692,-0.06416,0.21814,-0.10596,0.76408,-0.02734,6.459806133,258.3922453,102,9.20E-14,0.63848734,0.901278072,0.227688633,0.06603132,18.53241061,V9994,-16.82,179.16,10,15,44,4,14,36,25,14,37,13,1,1,1,135,675,161,372,1118,597,230,243,31,15,3,8,29905.73043,18080.48411,327,16263.98534,162.3865676,99.06378495,17088.71717,460.2365627,214.1349248,256965.9912,275158.8505,129466.6713,78,91,25,49,59,84,49,145,70,15,84,42,840,3316,1264,1338,2510,1248,895,1402,124,435,1767,776,0,24,0,4,0,0,0,0,0,0,0,0
VanuaLevu,Savusavu,Bua Provincial Councial/CousteuDive,AliceWonderland,Wailevu,WAI_ALI_Transect 3,-16.82817665,179.1878434,2.4705825,181.01839,84.630943,qoliqoli,2010-2014,None,0,Outer Reef Flat,47272,0.40875803,0.389497399,0,0.666660561,0.761641165,0.591399038,0.469659366,Sediments,Melanesia,refugia,0.41026912,20.42838669,0,1,52.88097382,0.001066607,0.03692,-0.06416,0.21814,-0.10596,0.76408,-0.02734,8.803881974,352.155279,154,1.58E-11,0.652827162,0.935472309,0.328225852,0.113858509,22.6624453,V9994,-16.82,179.16,10,15,44,4,14,36,25,14,37,13,1,1,1,135,675,161,372,1118,597,230,243,31,15,3,8,29905.73043,18080.48411,327,16263.98534,162.3865676,99.06378495,17088.71717,460.2365627,214.1349248,256965.9912,275158.8505,129466.6713,78,91,25,49,59,84,49,145,70,15,84,42,840,3316,1264,1338,2510,1248,895,1402,124,435,1767,776,0,24,0,4,0,0,0,0,0,0,0,0
VanuaLevu,Savusavu,Bua Provincial Councial/CousteuDive,AliceWonderland,Wailevu,WAI_ALI_Transect 4,-16.82817665,179.1878434,2.4705825,181.01839,84.630943,qoliqoli,2010-2014,None,0,Outer Reef Flat,47272,0.40875803,0.389497399,0,0.666660561,0.761641165,0.591399038,0.469659366,Sediments,Melanesia,refugia,0.41026912,20.42838669,0,1,52.88097382,0.001066607,0.03692,-0.06416,0.21814,-0.10596,0.76408,-0.02734,8.593009315,343.7203726,177,1.99E-12,0.655762997,0.928144535,0.306496376,0.103825862,21.48836823,V9994,-16.82,179.16,10,15,44,4,14,36,25,14,37,13,1,1,1,135,675,161,372,1118,597,230,243,31,15,3,8,29905.73043,18080.48411,327,16263.98534,162.3865676,99.06378495,17088.71717,460.2365627,214.1349248,256965.9912,275158.8505,129466.6713,78,91,25,49,59,84,49,145,70,15,84,42,840,3316,1264,1338,2510,1248,895,1402,124,435,1767,776,0,24,0,4,0,0,0,0,0,0,0,0
VanuaLevu,Savusavu,Bua Provincial Councial/CousteuDive,AliceWonderland,Wailevu,WAI_ALI_Transect 5,-16.82817665,179.1878434,2.4705825,181.01839,84.630943,qoliqoli,2010-2014,None,0,Outer Reef Flat,47272,0.40875803,0.389497399,0,0.666660561,0.761641165,0.591399038,0.469659366,Sediments,Melanesia,refugia,0.41026912,20.42838669,0,1,52.88097382,0.001066607,0.03692,-0.06416,0.21814,-0.10596,0.76408,-0.02734,5.364711673,214.5884669,156,2.12E-11,0.680176082,0.929870005,0.22310429,0.069143693,15.12055053,V9994,-16.82,179.16,10,15,44,4,14,36,25,14,37,13,1,1,1,135,675,161,372,1118,597,230,243,31,15,3,8,29905.73043,18080.48411,327,16263.98534,162.3865676,99.06378495,17088.71717,460.2365627,214.1349248,256965.9912,275158.8505,129466.6713,78,91,25,49,59,84,49,145,70,15,84,42,840,3316,1264,1338,2510,1248,895,1402,124,435,1767,776,0,24,0,4,0,0,0,0,0,0,0,0
VanuaLevu,Savusavu,Bua Provincial Councial/CousteuDive,MysteryReef,Wailevu,WAI_MYS_Transect 1,-16.82181319,179.1888587,2.4705825,181.01839,84.630943,qoliqoli,2010-2014,None,0,Outer Reef Flat,47272,0.40875803,0.389497399,0,0.666660561,0.761641165,0.591399038,0.469659366,Sediments,Melanesia,refugia,0.41026912,20.42838669,0,1,52.88097382,0.001066607,0.03692,-0.06416,0.21814,-0.10596,0.76408,-0.02734,8.88293629,355.3174516,101,5.43E-14,0.569886173,0.91608706,0.31284922,0.103041385,20.43383092,V9994,-16.82,179.16,10,15,44,4,14,36,25,14,37,13,1,1,1,135,675,161,372,1118,597,230,243,31,15,3,8,29905.73043,18080.48411,327,16263.98534,162.3865676,99.06378495,17088.71717,460.2365627,214.1349248,256965.9912,275158.8505,129466.6713,78,91,25,49,59,84,49,145,70,15,84,42,840,3316,1264,1338,2510,1248,895,1402,124,435,1767,776,0,24,0,4,0,0,0,0,0,0,0,0
VanuaLevu,Savusavu,Bua Provincial Councial/CousteuDive,MysteryReef,Wailevu,WAI_MYS_Transect 2,-16.82181319,179.1888587,2.4705825,181.01839,84.630943,qoliqoli,2010-2014,None,0,Outer Reef Flat,47272,0.40875803,0.389497399,0,0.666660561,0.761641165,0.591399038,0.469659366,Sediments,Melanesia,refugia,0.41026912,20.42838669,0,1,52.88097382,0.001066607,0.03692,-0.06416,0.21814,-0.10596,0.76408,-0.02734,9.709628286,388.3851315,201,1.38E-10,0.641690133,0.91945464,0.295559295,0.09879469,16.87687241,V9994,-16.82,179.16,10,15,44,4,14,36,25,14,37,13,1,1,1,135,675,161,372,1118,597,230,243,31,15,3,8,29905.73043,18080.48411,327,16263.98534,162.3865676,99.06378495,17088.71717,460.2365627,214.1349248,256965.9912,275158.8505,129466.6713,78,91,25,49,59,84,49,145,70,15,84,42,840,3316,1264,1338,2510,1248,895,1402,124,435,1767,776,0,24,0,4,0,0,0,0,0,0,0,0
VanuaLevu,Savusavu,Bua Provincial Councial/CousteuDive,MysteryReef,Wailevu,WAI_MYS_Transect 3,-16.82181319,179.1888587,2.4705825,181.01839,84.630943,qoliqoli,2010-2014,None,0,Outer Reef Flat,47272,0.40875803,0.389497399,0,0.666660561,0.761641165,0.591399038,0.469659366,Sediments,Melanesia,refugia,0.41026912,20.42838669,0,1,52.88097382,0.001066607,0.03692,-0.06416,0.21814,-0.10596,0.76408,-0.02734,8.0431684,321.726736,186,1.91E-09,0.677697781,0.884606389,0.279631562,0.090505568,16.85886449,V9994,-16.82,179.16,10,15,44,4,14,36,25,14,37,13,1,1,1,135,675,161,372,1118,597,230,243,31,15,3,8,29905.73043,18080.48411,327,16263.98534,162.3865676,99.06378495,17088.71717,460.2365627,214.1349248,256965.9912,275158.8505,129466.6713,78,91,25,49,59,84,49,145,70,15,84,42,840,3316,1264,1338,2510,1248,895,1402,124,435,1767,776,0,24,0,4,0,0,0,0,0,0,0,0
VanuaLevu,Savusavu,Bua Provincial Councial/CousteuDive,MysteryReef,Wailevu,WAI_MYS_transect 4,-16.82181319,179.1888587,2.4705825,181.01839,84.630943,qoliqoli,2010-2014,None,0,Outer Reef Flat,47272,0.40875803,0.389497399,0,0.666660561,0.761641165,0.591399038,0.469659366,Sediments,Melanesia,refugia,0.41026912,20.42838669,0,1,52.88097382,0.001066607,0.03692,-0.06416,0.21814,-0.10596,0.76408,-0.02734,11.30531675,452.2126702,525,1.63E-09,0.586476168,0.965455143,0.16602383,0.050780012,12.309602,V9994,-16.82,179.16,10,15,44,4,14,36,25,14,37,13,1,1,1,135,675,161,372,1118,597,230,243,31,15,3,8,29905.73043,18080.48411,327,16263.98534,162.3865676,99.06378495,17088.71717,460.2365627,214.1349248,256965.9912,275158.8505,129466.6713,78,91,25,49,59,84,49,145,70,15,84,42,840,3316,1264,1338,2510,1248,895,1402,124,435,1767,776,0,24,0,4,0,0,0,0,0,0,0,0
VanuaLevu,Savusavu,Bua Provincial Councial/CousteuDive,MysteryReef,Wailevu,WAI_MYS_Transect 5,-16.82181319,179.1888587,2.4705825,181.01839,84.630943,qoliqoli,2010-2014,None,0,Outer Reef Flat,47272,0.40875803,0.389497399,0,0.666660561,0.761641165,0.591399038,0.469659366,Sediments,Melanesia,refugia,0.41026912,20.42838669,0,1,52.88097382,0.001066607,0.03692,-0.06416,0.21814,-0.10596,0.76408,-0.02734,19.50492164,780.1968656,259,5.00E-09,0.646912474,0.92434334,0.29333655,0.096966876,17.85733816,V9994,-16.82,179.16,10,15,44,4,14,36,25,14,37,13,1,1,1,135,675,161,372,1118,597,230,243,31,15,3,8,29905.73043,18080.48411,327,16263.98534,162.3865676,99.06378495,17088.71717,460.2365627,214.1349248,256965.9912,275158.8505,129466.6713,78,91,25,49,59,84,49,145,70,15,84,42,840,3316,1264,1338,2510,1248,895,1402,124,435,1767,776,0,24,0,4,0,0,0,0,0,0,0,0
Yasawa,Muaira,Barefoot Manta,YaCOW,Muaira,YA_COW_Transect 1,-17.16472821,177.1946053,0.063202888,8.5026398,-0.33094046,qoliqoli,Non-Adopter,None,0,Outer Reef Flat,47746,0.470154146,0.587112609,0,0.92371236,0.580678976,0.561052457,0.520451758,Tourism,Melanesia,non-refugia,0.585998662,540.2162622,0,1217,3.152070761,0.000401614,-0.00432,-0.26223,0.18872,-0.287,0.28977,-0.11919,12.71996214,508.7984855,552,7.90E-09,0.702970091,0.981442387,0.172134129,0.056893254,13.56431781,V9945,-17.14,177.16,8,40,68,8,18,53,68,18,83,36,0,6,0,335,1350,316,478,1514,756,295,385,72,0,114,0,8973.979236,2871.195948,894.5,213.4468008,7958.406082,1614.429001,245.8434926,664.5255368,396.3117262,0,34.83598908,0,14,70,6,32,32,37,32,83,31,20,44,5,135,1116,293,878,924,327,595,333,46,795,399,40,0,80,0,54,6,0,0,0,0,0,2,0
Yasawa,Muaira,Barefoot Manta,YaCOW,Muaira,YA_COW_Transect 2,-17.16472821,177.1946053,0.063202888,8.5026398,-0.33094046,qoliqoli,Non-Adopter,None,0,Outer Reef Flat,47746,0.470154146,0.587112609,0,0.92371236,0.580678976,0.561052457,0.520451758,Tourism,Melanesia,non-refugia,0.585998662,540.2162622,0,1217,3.152070761,0.000401614,-0.00432,-0.26223,0.18872,-0.287,0.28977,-0.11919,10.45000306,418.0001222,572,1.46E-08,0.617863366,0.956924711,0.287513868,0.096598387,15.82748212,V9945,-17.14,177.16,8,40,68,8,18,53,68,18,83,36,0,6,0,335,1350,316,478,1514,756,295,385,72,0,114,0,8973.979236,2871.195948,894.5,213.4468008,7958.406082,1614.429001,245.8434926,664.5255368,396.3117262,0,34.83598908,0,14,70,6,32,32,37,32,83,31,20,44,5,135,1116,293,878,924,327,595,333,46,795,399,40,0,80,0,54,6,0,0,0,0,0,2,0
Yasawa,Muaira,Barefoot Manta,YaCOW,Muaira,YA_COW_Transect 3,-17.16472821,177.1946053,0.063202888,8.5026398,-0.33094046,qoliqoli,Non-Adopter,None,0,Outer Reef Flat,47746,0.470154146,0.587112609,0,0.92371236,0.580678976,0.561052457,0.520451758,Tourism,Melanesia,non-refugia,0.585998662,540.2162622,0,1217,3.152070761,0.000401614,-0.00432,-0.26223,0.18872,-0.287,0.28977,-0.11919,14.50746841,580.2987364,838,3.84E-09,0.65787784,0.978332409,0.156408675,0.050771219,11.01266155,V9945,-17.14,177.16,8,40,68,8,18,53,68,18,83,36,0,6,0,335,1350,316,478,1514,756,295,385,72,0,114,0,8973.979236,2871.195948,894.5,213.4468008,7958.406082,1614.429001,245.8434926,664.5255368,396.3117262,0,34.83598908,0,14,70,6,32,32,37,32,83,31,20,44,5,135,1116,293,878,924,327,595,333,46,795,399,40,0,80,0,54,6,0,0,0,0,0,2,0
Yasawa,Muaira,Barefoot Manta,YaCOW,Muaira,YA_COW_Transect 4,-17.16472821,177.1946053,0.063202888,8.5026398,-0.33094046,qoliqoli,Non-Adopter,None,0,Outer Reef Flat,47746,0.470154146,0.587112609,0,0.92371236,0.580678976,0.561052457,0.520451758,Tourism,Melanesia,non-refugia,0.585998662,540.2162622,0,1217,3.152070761,0.000401614,-0.00432,-0.26223,0.18872,-0.287,0.28977,-0.11919,58.31175675,2332.47027,646,2.04E-08,0.571539831,0.965493239,0.207253379,0.076352506,15.99965955,V9945,-17.14,177.16,8,40,68,8,18,53,68,18,83,36,0,6,0,335,1350,316,478,1514,756,295,385,72,0,114,0,8973.979236,2871.195948,894.5,213.4468008,7958.406082,1614.429001,245.8434926,664.5255368,396.3117262,0,34.83598908,0,14,70,6,32,32,37,32,83,31,20,44,5,135,1116,293,878,924,327,595,333,46,795,399,40,0,80,0,54,6,0,0,0,0,0,2,0
Yasawa,Muaira,Barefoot Manta,YaCOW,Muaira,YA_COW_Transect 5,-17.16472821,177.1946053,0.063202888,8.5026398,-0.33094046,qoliqoli,Non-Adopter,None,0,Outer Reef Flat,47746,0.470154146,0.587112609,0,0.92371236,0.580678976,0.561052457,0.520451758,Tourism,Melanesia,non-refugia,0.585998662,540.2162622,0,1217,3.152070761,0.000401614,-0.00432,-0.26223,0.18872,-0.287,0.28977,-0.11919,18.53466702,741.3866808,876,2.67E-08,0.705719631,0.957398413,0.096485408,0.032145669,10.70739513,V9945,-17.14,177.16,8,40,68,8,18,53,68,18,83,36,0,6,0,335,1350,316,478,1514,756,295,385,72,0,114,0,8973.979236,2871.195948,894.5,213.4468008,7958.406082,1614.429001,245.8434926,664.5255368,396.3117262,0,34.83598908,0,14,70,6,32,32,37,32,83,31,20,44,5,135,1116,293,878,924,327,595,333,46,795,399,40,0,80,0,54,6,0,0,0,0,0,2,0
Yasawa,Muaira,Barefoot Manta,LittleWonders,Muaira,YA_LIW_Transect 1,-17.15925308,177.1671203,0.070601173,7.5770392,4.7067151,qoliqoli,Non-Adopter,None,0,Sheltered Reef Slope,47746,0.470154146,0.587112609,0,0.92371236,0.580678976,0.561052457,0.520451758,Tourism,Melanesia,non-refugia,0.585998662,540.2162622,0,1217,3.152070761,0.000401614,-0.00432,-0.26223,0.18872,-0.287,0.28977,-0.11919,2.446017863,97.8407145,88,2.83E-14,0.644670711,0.915936511,0.297947134,0.097412941,20.8141792,V9945,-17.14,177.16,8,40,68,8,18,53,68,18,83,36,0,6,0,335,1350,316,478,1514,756,295,385,72,0,114,0,8973.979236,2871.195948,894.5,213.4468008,7958.406082,1614.429001,245.8434926,664.5255368,396.3117262,0,34.83598908,0,14,70,6,32,32,37,32,83,31,20,44,5,135,1116,293,878,924,327,595,333,46,795,399,40,0,80,0,54,6,0,0,0,0,0,2,0
Yasawa,Muaira,Barefoot Manta,LittleWonders,Muaira,YA_LIW_Transect 2,-17.15925308,177.1671203,0.070601173,7.5770392,4.7067151,qoliqoli,Non-Adopter,None,0,Sheltered Reef Slope,47746,0.470154146,0.587112609,0,0.92371236,0.580678976,0.561052457,0.520451758,Tourism,Melanesia,non-refugia,0.585998662,540.2162622,0,1217,3.152070761,0.000401614,-0.00432,-0.26223,0.18872,-0.287,0.28977,-0.11919,2.383086935,95.32347738,80,1.42E-14,0.694815302,0.947978955,0.2531807,0.071651443,16.24359907,V9945,-17.14,177.16,8,40,68,8,18,53,68,18,83,36,0,6,0,335,1350,316,478,1514,756,295,385,72,0,114,0,8973.979236,2871.195948,894.5,213.4468008,7958.406082,1614.429001,245.8434926,664.5255368,396.3117262,0,34.83598908,0,14,70,6,32,32,37,32,83,31,20,44,5,135,1116,293,878,924,327,595,333,46,795,399,40,0,80,0,54,6,0,0,0,0,0,2,0
Yasawa,Muaira,Barefoot Manta,LittleWonders,Muaira,YA_LIW_Transect 3,-17.15925308,177.1671203,0.070601173,7.5770392,4.7067151,qoliqoli,Non-Adopter,None,0,Sheltered Reef Slope,47746,0.470154146,0.587112609,0,0.92371236,0.580678976,0.561052457,0.520451758,Tourism,Melanesia,non-refugia,0.585998662,540.2162622,0,1217,3.152070761,0.000401614,-0.00432,-0.26223,0.18872,-0.287,0.28977,-0.11919,2.111239344,84.44957376,86,2.29E-12,0.758955971,0.953068388,0.258662833,0.079711434,17.74794081,V9945,-17.14,177.16,8,40,68,8,18,53,68,18,83,36,0,6,0,335,1350,316,478,1514,756,295,385,72,0,114,0,8973.979236,2871.195948,894.5,213.4468008,7958.406082,1614.429001,245.8434926,664.5255368,396.3117262,0,34.83598908,0,14,70,6,32,32,37,32,83,31,20,44,5,135,1116,293,878,924,327,595,333,46,795,399,40,0,80,0,54,6,0,0,0,0,0,2,0
Yasawa,Muaira,Barefoot Manta,LittleWonders,Muaira,YA_LIW_Transect 4,-17.15925308,177.1671203,0.070601173,7.5770392,4.7067151,qoliqoli,Non-Adopter,None,0,Sheltered Reef Slope,47746,0.470154146,0.587112609,0,0.92371236,0.580678976,0.561052457,0.520451758,Tourism,Melanesia,non-refugia,0.585998662,540.2162622,0,1217,3.152070761,0.000401614,-0.00432,-0.26223,0.18872,-0.287,0.28977,-0.11919,6.772522983,270.9009193,142,1.61E-10,0.706947795,0.943293989,0.320179936,0.111692076,23.74540387,V9945,-17.14,177.16,8,40,68,8,18,53,68,18,83,36,0,6,0,335,1350,316,478,1514,756,295,385,72,0,114,0,8973.979236,2871.195948,894.5,213.4468008,7958.406082,1614.429001,245.8434926,664.5255368,396.3117262,0,34.83598908,0,14,70,6,32,32,37,32,83,31,20,44,5,135,1116,293,878,924,327,595,333,46,795,399,40,0,80,0,54,6,0,0,0,0,0,2,0
Yasawa,Muaira,Barefoot Manta,LittleWonders,Muaira,YA_LIW_Transect 5,-17.15925308,177.1671203,0.070601173,7.5770392,4.7067151,qoliqoli,Non-Adopter,None,0,Sheltered Reef Slope,47746,0.470154146,0.587112609,0,0.92371236,0.580678976,0.561052457,0.520451758,Tourism,Melanesia,non-refugia,0.585998662,540.2162622,0,1217,3.152070761,0.000401614,-0.00432,-0.26223,0.18872,-0.287,0.28977,-0.11919,0.866406559,34.65626236,90,1.06E-13,0.625074393,0.838344881,0.145422825,0.042555224,11.5357686,V9945,-17.14,177.16,8,40,68,8,18,53,68,18,83,36,0,6,0,335,1350,316,478,1514,756,295,385,72,0,114,0,8973.979236,2871.195948,894.5,213.4468008,7958.406082,1614.429001,245.8434926,664.5255368,396.3117262,0,34.83598908,0,14,70,6,32,32,37,32,83,31,20,44,5,135,1116,293,878,924,327,595,333,46,795,399,40,0,80,0,54,6,0,0,0,0,0,2,0
Yasawa,Muaira,Barefoot Manta,MantaChannel,Muaira,YA_MAC_Transect 1,-17.1716061,177.1884218,0.063202888,8.5026398,-0.33094046,qoliqoli,Non-Adopter,None,0,Sheltered Reef Slope,47746,0.470154146,0.587112609,0,0.92371236,0.580678976,0.561052457,0.520451758,Tourism,Melanesia,non-refugia,0.585998662,540.2162622,0,1217,3.152070761,0.000401614,-0.00432,-0.26223,0.18872,-0.287,0.28977,-0.11919,14.85526462,594.2105847,491,1.79E-10,0.556632442,0.904381255,0.201637215,0.062171651,12.12794779,V9945,-17.14,177.16,8,40,68,8,18,53,68,18,83,36,0,6,0,335,1350,316,478,1514,756,295,385,72,0,114,0,8973.979236,2871.195948,894.5,213.4468008,7958.406082,1614.429001,245.8434926,664.5255368,396.3117262,0,34.83598908,0,14,70,6,32,32,37,32,83,31,20,44,5,135,1116,293,878,924,327,595,333,46,795,399,40,0,80,0,54,6,0,0,0,0,0,2,0
Yasawa,Muaira,Barefoot Manta,MantaChannel,Muaira,YA_MAC_Transect 2,-17.1716061,177.1884218,0.063202888,8.5026398,-0.33094046,qoliqoli,Non-Adopter,None,0,Sheltered Reef Slope,47746,0.470154146,0.587112609,0,0.92371236,0.580678976,0.561052457,0.520451758,Tourism,Melanesia,non-refugia,0.585998662,540.2162622,0,1217,3.152070761,0.000401614,-0.00432,-0.26223,0.18872,-0.287,0.28977,-0.11919,32.4609576,1298.438304,249,1.67E-10,0.563898944,0.85375667,0.260489632,0.102360083,23.01932096,V9945,-17.14,177.16,8,40,68,8,18,53,68,18,83,36,0,6,0,335,1350,316,478,1514,756,295,385,72,0,114,0,8973.979236,2871.195948,894.5,213.4468008,7958.406082,1614.429001,245.8434926,664.5255368,396.3117262,0,34.83598908,0,14,70,6,32,32,37,32,83,31,20,44,5,135,1116,293,878,924,327,595,333,46,795,399,40,0,80,0,54,6,0,0,0,0,0,2,0
Yasawa,Muaira,Barefoot Manta,MantaChannel,Muaira,YA_MAC_Transect 3,-17.1716061,177.1884218,0.063202888,8.5026398,-0.33094046,qoliqoli,Non-Adopter,None,0,Sheltered Reef Slope,47746,0.470154146,0.587112609,0,0.92371236,0.580678976,0.561052457,0.520451758,Tourism,Melanesia,non-refugia,0.585998662,540.2162622,0,1217,3.152070761,0.000401614,-0.00432,-0.26223,0.18872,-0.287,0.28977,-0.11919,4.605525676,184.221027,302,1.73E-10,0.600646356,0.874988722,0.190662144,0.050706247,10.71022276,V9945,-17.14,177.16,8,40,68,8,18,53,68,18,83,36,0,6,0,335,1350,316,478,1514,756,295,385,72,0,114,0,8973.979236,2871.195948,894.5,213.4468008,7958.406082,1614.429001,245.8434926,664.5255368,396.3117262,0,34.83598908,0,14,70,6,32,32,37,32,83,31,20,44,5,135,1116,293,878,924,327,595,333,46,795,399,40,0,80,0,54,6,0,0,0,0,0,2,0
Yasawa,Muaira,Barefoot Manta,MantaChannel,Muaira,YA_MAC_Transect 4,-17.1716061,177.1884218,0.063202888,8.5026398,-0.33094046,qoliqoli,Non-Adopter,None,0,Sheltered Reef Slope,47746,0.470154146,0.587112609,0,0.92371236,0.580678976,0.561052457,0.520451758,Tourism,Melanesia,non-refugia,0.585998662,540.2162622,0,1217,3.152070761,0.000401614,-0.00432,-0.26223,0.18872,-0.287,0.28977,-0.11919,13.89638914,555.8555656,207,3.86E-12,0.556846643,0.788561076,0.186905018,0.059791545,14.29578651,V9945,-17.14,177.16,8,40,68,8,18,53,68,18,83,36,0,6,0,335,1350,316,478,1514,756,295,385,72,0,114,0,8973.979236,2871.195948,894.5,213.4468008,7958.406082,1614.429001,245.8434926,664.5255368,396.3117262,0,34.83598908,0,14,70,6,32,32,37,32,83,31,20,44,5,135,1116,293,878,924,327,595,333,46,795,399,40,0,80,0,54,6,0,0,0,0,0,2,0
Yasawa,Muaira,Barefoot Manta,MantaChannel,Muaira,YA_MAC_Transect 5,-17.1716061,177.1884218,0.063202888,8.5026398,-0.33094046,qoliqoli,Non-Adopter,None,0,Sheltered Reef Slope,47746,0.470154146,0.587112609,0,0.92371236,0.580678976,0.561052457,0.520451758,Tourism,Melanesia,non-refugia,0.585998662,540.2162622,0,1217,3.152070761,0.000401614,-0.00432,-0.26223,0.18872,-0.287,0.28977,-0.11919,8.670929086,346.8371634,332,1.70E-09,0.625134575,0.948764474,0.19188202,0.059356478,11.79961578,V9945,-17.14,177.16,8,40,68,8,18,53,68,18,83,36,0,6,0,335,1350,316,478,1514,756,295,385,72,0,114,0,8973.979236,2871.195948,894.5,213.4468008,7958.406082,1614.429001,245.8434926,664.5255368,396.3117262,0,34.83598908,0,14,70,6,32,32,37,32,83,31,20,44,5,135,1116,293,878,924,327,595,333,46,795,399,40,0,80,0,54,6,0,0,0,0,0,2,0
Yasawa,Muaira,Barefoot Manta,ValiBeach,Muaira,YA_VAL_Transect 1,-17.16406392,177.1918663,0.063202888,8.5026398,-0.33094046,qoliqoli,Non-Adopter,None,0,Sheltered Reef Slope,47746,0.470154146,0.587112609,0,0.92371236,0.580678976,0.561052457,0.520451758,Tourism,Melanesia,non-refugia,0.585998662,540.2162622,0,1217,3.152070761,0.000401614,-0.00432,-0.26223,0.18872,-0.287,0.28977,-0.11919,6.894540415,275.7816166,209,4.52E-09,0.701782581,0.940944452,0.297911026,0.106660769,14.68639004,V9945,-17.14,177.16,8,40,68,8,18,53,68,18,83,36,0,6,0,335,1350,316,478,1514,756,295,385,72,0,114,0,8973.979236,2871.195948,894.5,213.4468008,7958.406082,1614.429001,245.8434926,664.5255368,396.3117262,0,34.83598908,0,14,70,6,32,32,37,32,83,31,20,44,5,135,1116,293,878,924,327,595,333,46,795,399,40,0,80,0,54,6,0,0,0,0,0,2,0
Yasawa,Muaira,Barefoot Manta,ValiBeach,Muaira,YA_VAL_Transect 2,-17.16406392,177.1918663,0.063202888,8.5026398,-0.33094046,qoliqoli,Non-Adopter,None,0,Sheltered Reef Slope,47746,0.470154146,0.587112609,0,0.92371236,0.580678976,0.561052457,0.520451758,Tourism,Melanesia,non-refugia,0.585998662,540.2162622,0,1217,3.152070761,0.000401614,-0.00432,-0.26223,0.18872,-0.287,0.28977,-0.11919,10.94454432,437.7817727,280,3.94E-09,0.619088311,0.950205999,0.323869646,0.128096379,19.01295466,V9945,-17.14,177.16,8,40,68,8,18,53,68,18,83,36,0,6,0,335,1350,316,478,1514,756,295,385,72,0,114,0,8973.979236,2871.195948,894.5,213.4468008,7958.406082,1614.429001,245.8434926,664.5255368,396.3117262,0,34.83598908,0,14,70,6,32,32,37,32,83,31,20,44,5,135,1116,293,878,924,327,595,333,46,795,399,40,0,80,0,54,6,0,0,0,0,0,2,0
Yasawa,Muaira,Barefoot Manta,ValiBeach,Muaira,YA_VAL_Transect 3,-17.16406392,177.1918663,0.063202888,8.5026398,-0.33094046,qoliqoli,Non-Adopter,None,0,Sheltered Reef Slope,47746,0.470154146,0.587112609,0,0.92371236,0.580678976,0.561052457,0.520451758,Tourism,Melanesia,non-refugia,0.585998662,540.2162622,0,1217,3.152070761,0.000401614,-0.00432,-0.26223,0.18872,-0.287,0.28977,-0.11919,6.115967849,244.6387139,151,2.65E-10,0.694025887,0.955919995,0.279884691,0.095468014,14.73286396,V9945,-17.14,177.16,8,40,68,8,18,53,68,18,83,36,0,6,0,335,1350,316,478,1514,756,295,385,72,0,114,0,8973.979236,2871.195948,894.5,213.4468008,7958.406082,1614.429001,245.8434926,664.5255368,396.3117262,0,34.83598908,0,14,70,6,32,32,37,32,83,31,20,44,5,135,1116,293,878,924,327,595,333,46,795,399,40,0,80,0,54,6,0,0,0,0,0,2,0
Yasawa,Muaira,Barefoot Manta,ValiBeach,Muaira,YA_VAL_Transect 4,-17.16406392,177.1918663,0.063202888,8.5026398,-0.33094046,qoliqoli,Non-Adopter,None,0,Sheltered Reef Slope,47746,0.470154146,0.587112609,0,0.92371236,0.580678976,0.561052457,0.520451758,Tourism,Melanesia,non-refugia,0.585998662,540.2162622,0,1217,3.152070761,0.000401614,-0.00432,-0.26223,0.18872,-0.287,0.28977,-0.11919,6.936473133,277.4589253,385,6.99E-10,0.708053063,0.977153758,0.215544075,0.067826153,11.51087877,V9945,-17.14,177.16,8,40,68,8,18,53,68,18,83,36,0,6,0,335,1350,316,478,1514,756,295,385,72,0,114,0,8973.979236,2871.195948,894.5,213.4468008,7958.406082,1614.429001,245.8434926,664.5255368,396.3117262,0,34.83598908,0,14,70,6,32,32,37,32,83,31,20,44,5,135,1116,293,878,924,327,595,333,46,795,399,40,0,80,0,54,6,0,0,0,0,0,2,0
Yasawa,Muaira,Barefoot Manta,ValiBeach,Muaira,YA_VAL_Transect 5,-17.16406392,177.1918663,0.063202888,8.5026398,-0.33094046,qoliqoli,Non-Adopter,None,0,Sheltered Reef Slope,47746,0.470154146,0.587112609,0,0.92371236,0.580678976,0.561052457,0.520451758,Tourism,Melanesia,non-refugia,0.585998662,540.2162622,0,1217,3.152070761,0.000401614,-0.00432,-0.26223,0.18872,-0.287,0.28977,-0.11919,4.846512379,193.8604952,338,2.50E-10,0.674420899,0.982310905,0.195363833,0.061361206,9.878233351,V9945,-17.14,177.16,8,40,68,8,18,53,68,18,83,36,0,6,0,335,1350,316,478,1514,756,295,385,72,0,114,0,8973.979236,2871.195948,894.5,213.4468008,7958.406082,1614.429001,245.8434926,664.5255368,396.3117262,0,34.83598908,0,14,70,6,32,32,37,32,83,31,20,44,5,135,1116,293,878,924,327,595,333,46,795,399,40,0,80,0,54,6,0,0,0,0,0,2,0
Yasawa,Muaira,Barefoot Manta,Vuvui,Muaira,YA_VUI_Transect 1,-17.19002182,177.1993791,0.072848953,10.474944,-5.7781749,qoliqoli,Non-Adopter,None,0,Terrestrial Reef Flat,47746,0.470154146,0.587112609,0,0.92371236,0.580678976,0.561052457,0.520451758,Tourism,Melanesia,non-refugia,0.585998662,540.2162622,0,1217,3.152070761,0.000401614,-0.00432,-0.26223,0.18872,-0.287,0.28977,-0.11919,3.577594186,143.1037675,92,3.75E-13,0.693573659,0.917143297,0.286407433,0.093386344,18.48815767,V9946,-17.22,177.16,26,35,67,9,36,56,65,36,80,39,0,5,0,290,1082,396,974,1336,750,635,396,67,0,57,0,16629.12144,3927.255031,635,10335.48565,2240.725338,12670.71891,10970.3301,10674.77704,2642.652716,0,6382.667154,0,22,91,7,37,53,62,37,119,23,12,48,12,215,1942,344,1030,1578,489,725,666,36,255,564,128,0,50,0,64,3,0,0,0,0,0,2,1
Yasawa,Muaira,Barefoot Manta,Vuvui,Muaira,YA_VUI_Transect 2,-17.19002182,177.1993791,0.072848953,10.474944,-5.7781749,qoliqoli,Non-Adopter,None,0,Terrestrial Reef Flat,47746,0.470154146,0.587112609,0,0.92371236,0.580678976,0.561052457,0.520451758,Tourism,Melanesia,non-refugia,0.585998662,540.2162622,0,1217,3.152070761,0.000401614,-0.00432,-0.26223,0.18872,-0.287,0.28977,-0.11919,5.834502968,233.3801187,129,4.46E-12,0.665567227,0.878285015,0.293165657,0.10013518,28.59613386,V9946,-17.22,177.16,26,35,67,9,36,56,65,36,80,39,0,5,0,290,1082,396,974,1336,750,635,396,67,0,57,0,16629.12144,3927.255031,635,10335.48565,2240.725338,12670.71891,10970.3301,10674.77704,2642.652716,0,6382.667154,0,22,91,7,37,53,62,37,119,23,12,48,12,215,1942,344,1030,1578,489,725,666,36,255,564,128,0,50,0,64,3,0,0,0,0,0,2,1
Yasawa,Muaira,Barefoot Manta,Vuvui,Muaira,YA_VUI_Transect 3,-17.19002182,177.1993791,0.072848953,10.474944,-5.7781749,qoliqoli,Non-Adopter,None,0,Terrestrial Reef Flat,47746,0.470154146,0.587112609,0,0.92371236,0.580678976,0.561052457,0.520451758,Tourism,Melanesia,non-refugia,0.585998662,540.2162622,0,1217,3.152070761,0.000401614,-0.00432,-0.26223,0.18872,-0.287,0.28977,-0.11919,4.85796656,194.3186624,219,7.30E-12,0.67660319,0.932586021,0.305468986,0.099848046,12.95153065,V9946,-17.22,177.16,26,35,67,9,36,56,65,36,80,39,0,5,0,290,1082,396,974,1336,750,635,396,67,0,57,0,16629.12144,3927.255031,635,10335.48565,2240.725338,12670.71891,10970.3301,10674.77704,2642.652716,0,6382.667154,0,22,91,7,37,53,62,37,119,23,12,48,12,215,1942,344,1030,1578,489,725,666,36,255,564,128,0,50,0,64,3,0,0,0,0,0,2,1
Yasawa,Muaira,Barefoot Manta,Vuvui,Muaira,YA_VUI_Transect 4,-17.19002182,177.1993791,0.072848953,10.474944,-5.7781749,qoliqoli,Non-Adopter,None,0,Terrestrial Reef Flat,47746,0.470154146,0.587112609,0,0.92371236,0.580678976,0.561052457,0.520451758,Tourism,Melanesia,non-refugia,0.585998662,540.2162622,0,1217,3.152070761,0.000401614,-0.00432,-0.26223,0.18872,-0.287,0.28977,-0.11919,4.64647842,185.8591368,85,7.34E-13,0.666707459,0.902305081,0.297133695,0.095598506,17.82704957,V9946,-17.22,177.16,26,35,67,9,36,56,65,36,80,39,0,5,0,290,1082,396,974,1336,750,635,396,67,0,57,0,16629.12144,3927.255031,635,10335.48565,2240.725338,12670.71891,10970.3301,10674.77704,2642.652716,0,6382.667154,0,22,91,7,37,53,62,37,119,23,12,48,12,215,1942,344,1030,1578,489,725,666,36,255,564,128,0,50,0,64,3,0,0,0,0,0,2,1
Yasawa,Muaira,Barefoot Manta,Vuvui,Muaira,YA_VUI_Transect 5,-17.19002182,177.1993791,0.072848953,10.474944,-5.7781749,qoliqoli,Non-Adopter,None,0,Terrestrial Reef Flat,47746,0.470154146,0.587112609,0,0.92371236,0.580678976,0.561052457,0.520451758,Tourism,Melanesia,non-refugia,0.585998662,540.2162622,0,1217,3.152070761,0.000401614,-0.00432,-0.26223,0.18872,-0.287,0.28977,-0.11919,7.993483831,319.7393532,274,3.24E-12,0.719630513,0.971417635,0.294676653,0.103062927,15.21406489,V9946,-17.22,177.16,26,35,67,9,36,56,65,36,80,39,0,5,0,290,1082,396,974,1336,750,635,396,67,0,57,0,16629.12144,3927.255031,635,10335.48565,2240.725338,12670.71891,10970.3301,10674.77704,2642.652716,0,6382.667154,0,22,91,7,37,53,62,37,119,23,12,48,12,215,1942,344,1030,1578,489,725,666,36,255,564,128,0,50,0,64,3,0,0,0,0,0,2,1
